# This file is brought to you by Roblox Corporation
# Generated by Roblox Studio

mtllib 10.mtl

g Cube0161

v -0.150467 3.57086 -0.761156 
v -0.150467 3.68402 -0.480697 
v -0.150467 3.57086 -0.480697 
v -0.150467 3.68402 -0.761156 
v -0.121784 3.70712 -0.22873 
v -0.121784 3.56388 -0.491952 
v -0.121784 3.70712 -0.491952 
v -0.121784 3.8424 -0.22873 
v -0.121784 3.8424 -0.491952 
v -0.121784 3.56388 -0.22873 
v -0.15374 6.09867 0.230533 
v -0.379093 5.39256 0.729528 
v -0.377426 5.33139 0.605261 
v -0.121784 3.70712 0.209068 
v -0.121784 3.56388 0.209068 
v -0.379093 5.39256 -0.72953 
v -0.15374 6.09867 -0.230535 
v -0.377426 5.33139 -0.605263 
v -0.975609 5.37695 -0.0870991 
v -0.960665 5.43153 -0.450071 
v -0.573229 6.21255 -0.311914 
v -0.588174 6.15798 0.0510572 
v -0.155407 6.15985 -0.354802 
v 0.246744 6.20482 -0.354828 
v 0.246744 5.35211 -0.621774 
v 0.246744 5.41349 -0.745953 
v -0.55917 6.2088 0.311408 
v -0.961113 5.36735 0.0812684 
v -0.579677 6.14798 -0.0746798 
v -0.940607 5.42817 0.467356 
v -0.155407 6.15985 0.3548 
v 0.246744 6.20482 0.354827 
v 0.246744 5.35211 0.621772 
v 0.246744 6.14345 0.230648 
v 0.246744 5.41349 0.745951 
v 0.246744 6.14345 -0.230649 
v 0.581478 3.68402 -0.761156 
v 0.581478 3.57086 -0.480697 
v 0.581478 3.57086 -0.761156 
v 0.581478 3.68402 -0.480697 
v 0.610168 3.70712 -0.491952 
v 0.610168 3.56388 -0.22873 
v 0.610168 3.56388 -0.491952 
v 0.610168 3.8424 -0.491952 
v 0.610168 3.70712 -0.22873 
v 0.610168 3.56388 0.209068 
v 0.610168 3.8424 -0.22873 
v 0.610168 3.70712 0.209068 
v 0.631084 6.20834 0.170142 
v 0.856436 5.50223 0.669137 
v 0.854769 5.44105 0.54487 
v 0.631084 6.20834 -0.170144 
v 0.854769 5.44105 -0.544872 
v 0.856436 5.50223 -0.669139 
v 0.632751 6.26951 -0.294411 
v 0.640968 7.55018 0.304501 
v 0.640968 6.27022 -0.304503 
v 0.640968 7.55018 -0.304502 
v 1.09973 5.43844 -0.0865976 
v 0.697354 6.27403 -0.311413 
v 0.712298 6.21946 0.0515587 
v 1.08479 5.49301 -0.449569 
v 0.640968 6.27022 0.304501 
v 0.632751 6.26951 0.294409 
v 0.683844 6.26908 0.308211 
v 1.08579 5.42763 0.0780721 
v 0.70435 6.20826 -0.0778762 
v 1.06528 5.48845 0.46416 
v -0.610168 3.8424 -0.22873 
v -0.121784 3.8424 -0.491952 
v -0.610168 3.8424 -0.491952 
v -0.121784 3.8424 -0.22873 
v -0.246744 6.14345 -0.230649 
v 0.246744 6.20482 -0.354828 
v -0.246744 6.20482 -0.354828 
v -0.155407 6.15985 -0.354802 
v -0.632751 6.26952 -0.294411 
v -0.15374 6.09867 -0.230535 
v -0.631084 6.20834 -0.170144 
v -0.632751 6.26952 0.294409 
v -0.155407 6.15985 0.3548 
v -0.15374 6.09867 0.230533 
v 0.246744 6.20482 0.354827 
v -0.246744 6.14345 0.230648 
v -0.246744 6.20482 0.354827 
v -0.631084 6.20834 0.170142 
v -0.588174 6.15798 0.0510572 
v -0.697354 6.27403 -0.311413 
v -0.712298 6.21946 0.0515587 
v -0.573229 6.21255 -0.311914 
v -0.510951 7.91308 -0.304502 
v -0.401333 7.91308 0.304501 
v -0.401333 7.91308 -0.304502 
v -0.683844 6.26908 0.308211 
v -0.579677 6.14798 -0.0746798 
v -0.70435 6.20826 -0.0778762 
v -0.55917 6.2088 0.311408 
v -0.510951 7.91308 0.304501 
v 0.246744 6.14345 -0.230649 
v 0.121784 3.8424 -0.22873 
v 0.610168 3.8424 -0.22873 
v 0.121784 3.8424 -0.491952 
v 0.15374 6.09867 -0.230535 
v 0.632751 6.26951 -0.294411 
v 0.155407 6.15985 -0.354802 
v 0.610168 3.8424 -0.491952 
v 0.631084 6.20834 -0.170144 
v 0.246744 6.14345 0.230648 
v 0.632751 6.26951 0.294409 
v 0.15374 6.09867 0.230533 
v 0.155407 6.15985 0.3548 
v 0.631084 6.20834 0.170142 
v 0.510951 7.91308 0.304501 
v 0.510951 7.91308 -0.304502 
v 0.401333 7.91308 -0.304502 
v 0.588174 6.15798 0.0510572 
v 0.697354 6.27403 -0.311413 
v 0.573229 6.21255 -0.311914 
v 0.712298 6.21946 0.0515587 
v 0.579677 6.14798 -0.0746798 
v 0.683844 6.26908 0.308211 
v 0.70435 6.20826 -0.0778762 
v 0.401333 7.91308 0.304501 
v 0.55917 6.2088 0.311408 
v -0.150467 3.57086 -0.480697 
v -0.581478 3.68402 -0.480697 
v -0.581478 3.57086 -0.480697 
v -0.150467 3.68402 -0.480697 
v -0.581478 3.79717 -0.480697 
v -0.377426 5.33139 -0.605263 
v -0.631084 6.20834 -0.170144 
v -0.854769 5.44105 -0.544872 
v -0.150467 3.79717 -0.480697 
v 0.246744 5.35211 -0.621774 
v -0.246744 6.14345 -0.230649 
v -0.246744 5.35211 -0.621774 
v -0.15374 6.09867 -0.230535 
v -0.975609 5.37695 -0.0870991 
v -0.712298 6.21946 0.0515587 
v -1.09973 5.43844 -0.0865976 
v -0.940607 5.42817 0.467356 
v -0.683844 6.26908 0.308211 
v -1.06528 5.48845 0.46416 
v -0.588174 6.15798 0.0510572 
v -0.379093 5.39256 0.729528 
v -0.632751 6.26952 0.294409 
v -0.856436 5.50223 0.669137 
v -0.121784 3.56388 0.209068 
v -0.610168 3.70712 0.209068 
v -0.610168 3.56388 0.209068 
v -0.121784 3.70712 0.209068 
v -0.155407 6.15985 0.3548 
v -0.510951 6.27022 0.304501 
v -0.640968 7.55018 0.304501 
v -0.640968 6.27022 0.304501 
v -0.510951 7.55018 0.304501 
v -0.401333 6.27022 0.304501 
v -0.123757 9.28681 -1.79397 
v -0.236355 9.53431 -1.79397 
v -0.236355 9.28681 -1.79397 
v -0.123757 9.53431 -1.79397 
v 0.123749 9.28681 -1.79397 
v -0.123757 9.22592 -1.79397 
v -0.401333 7.55018 0.304501 
v 0.401333 6.27022 0.304501 
v -0.55917 6.2088 0.311408 
v -0.510951 7.91308 0.304501 
v -0.401333 7.55018 0.304501 
v 0.246744 6.20482 0.354827 
v -0.246744 6.20482 0.354827 
v -0.246744 5.41349 0.745951 
v -0.401333 7.91308 0.304501 
v 0.123749 9.53431 -1.79397 
v 0.581478 3.68402 -0.480697 
v 0.150467 3.68402 -0.480697 
v 0.150467 3.57086 -0.480697 
v 0.581478 3.79717 -0.480697 
v 0.150467 3.79717 -0.480697 
v 0.246744 6.14345 -0.230649 
v 0.581478 3.57086 -0.480697 
v 0.631084 6.20834 -0.170144 
v 0.377426 5.33139 -0.605263 
v 0.854769 5.44105 -0.544872 
v 0.15374 6.09867 -0.230535 
v 0.610168 3.70712 0.209068 
v 0.121784 3.56388 0.209068 
v 0.610168 3.56388 0.209068 
v 0.121784 3.70712 0.209068 
v 0.246744 5.41349 0.745951 
v 0.379093 5.39256 0.729528 
v 0.856436 5.50223 0.669137 
v 0.632751 6.26951 0.294409 
v 0.712298 6.21946 0.0515587 
v 0.975609 5.37695 -0.0870991 
v 1.09973 5.43844 -0.0865976 
v 0.683844 6.26908 0.308211 
v 0.940607 5.42817 0.467356 
v 1.06528 5.48845 0.46416 
v 0.588174 6.15798 0.0510572 
v 0.401333 7.55018 0.304501 
v 0.123749 9.22592 -1.79397 
v 0.23635 9.28681 -1.79397 
v 0.23635 9.53431 -1.79397 
v 0.510951 6.27022 0.304501 
v 0.640968 6.27022 0.304501 
v 0.510951 7.55018 0.304501 
v 0.640968 7.55018 0.304501 
v 0.155407 6.15985 0.3548 
v 0.401333 7.91308 0.304501 
v 0.401333 7.55018 0.304501 
v 0.55917 6.2088 0.311408 
v 0.510951 7.91308 0.304501 
v -0.581478 3.57086 -0.480697 
v -0.581478 3.68402 -0.761156 
v -0.581478 3.57086 -0.761156 
v -0.610168 3.56388 -0.22873 
v -0.610168 3.70712 -0.491952 
v -0.610168 3.56388 -0.491952 
v -0.581478 3.68402 -0.480697 
v -0.246744 5.35211 -0.621774 
v -0.246744 6.20482 -0.354828 
v -0.246744 5.41349 -0.745953 
v -0.610168 3.70712 -0.22873 
v -0.610168 3.8424 -0.491952 
v -0.610168 3.8424 -0.22873 
v -0.610168 3.56388 0.209068 
v -0.610168 3.70712 0.209068 
v -0.631084 6.20834 0.170142 
v -0.854769 5.44105 0.54487 
v -0.856436 5.50223 0.669137 
v -1.09973 5.43844 -0.0865976 
v -0.697354 6.27403 -0.311413 
v -1.08479 5.49301 -0.449569 
v -0.712298 6.21946 0.0515587 
v -0.631084 6.20834 -0.170144 
v -0.856436 5.50223 -0.669139 
v -0.854769 5.44105 -0.544872 
v -0.632751 6.26952 -0.294411 
v -0.640968 6.27022 0.304501 
v -0.640968 7.55018 -0.304502 
v -0.640968 6.27022 -0.304503 
v -1.08579 5.42763 0.0780721 
v -1.06528 5.48845 0.46416 
v -0.683844 6.26908 0.308211 
v -0.70435 6.20826 -0.0778762 
v -0.632751 6.26952 0.294409 
v -0.640968 7.55018 0.304501 
v -0.246744 6.14345 -0.230649 
v 0.121784 3.70712 -0.22873 
v 0.121784 3.70712 -0.491952 
v 0.121784 3.56388 -0.491952 
v 0.121784 3.8424 -0.22873 
v 0.121784 3.8424 -0.491952 
v 0.150467 3.68402 -0.480697 
v 0.150467 3.68402 -0.761156 
v 0.150467 3.57086 -0.761156 
v 0.150467 3.57086 -0.480697 
v 0.121784 3.56388 -0.22873 
v 0.121784 3.70712 0.209068 
v 0.121784 3.56388 0.209068 
v 0.379093 5.39256 0.729528 
v 0.15374 6.09867 0.230533 
v 0.377426 5.33139 0.605261 
v 0.15374 6.09867 -0.230535 
v 0.379093 5.39256 -0.72953 
v 0.377426 5.33139 -0.605263 
v 0.155407 6.15985 -0.354802 
v 0.961113 5.36735 0.0812684 
v 0.55917 6.2088 0.311408 
v 0.579677 6.14798 -0.0746798 
v 0.573229 6.21255 -0.311914 
v 0.975609 5.37695 -0.0870991 
v 0.588174 6.15798 0.0510572 
v 0.960665 5.43153 -0.450071 
v 0.940607 5.42817 0.467356 
v -0.246744 6.14345 0.230648 
v -0.246744 5.35211 0.621772 
v -0.246744 6.20482 0.354827 
v -0.246744 5.41349 0.745951 
v 0.155407 6.15985 0.3548 
v -0.581478 3.57086 -0.761156 
v -0.150467 3.57086 -0.480697 
v -0.581478 3.57086 -0.480697 
v -0.150467 3.57086 -0.761156 
v -0.610168 3.56388 -0.491952 
v -0.121784 3.56388 -0.491952 
v -0.121784 3.56388 -0.22873 
v -0.246744 5.41349 -0.745953 
v 0.246744 5.35211 -0.621774 
v -0.246744 5.35211 -0.621774 
v -0.610168 3.56388 -0.22873 
v -0.121784 3.56388 0.209068 
v -0.610168 3.56388 0.209068 
v -0.246744 5.35211 0.621772 
v 0.246744 5.35211 0.621772 
v -0.246744 5.41349 0.745951 
v -0.856436 5.50223 0.669137 
v -0.377426 5.33139 0.605261 
v -0.379093 5.39256 0.729528 
v -0.960665 5.43153 -0.450071 
v -0.975609 5.37695 -0.0870991 
v -1.08479 5.49301 -0.449569 
v -0.856436 5.50223 -0.669139 
v -0.377426 5.33139 -0.605263 
v -0.854769 5.44105 -0.544872 
v -0.379093 5.39256 -0.72953 
v -1.09973 5.43844 -0.0865976 
v -0.961113 5.36735 0.0812684 
v -1.06528 5.48845 0.46416 
v -1.08579 5.42763 0.0780721 
v -0.940607 5.42817 0.467356 
v -0.854769 5.44105 0.54487 
v 0.246744 5.41349 0.745951 
v 0.246744 5.41349 -0.745953 
v 0.581478 3.57086 -0.761156 
v 0.150467 3.57086 -0.480697 
v 0.150467 3.57086 -0.761156 
v 0.581478 3.57086 -0.480697 
v 0.610168 3.56388 -0.491952 
v 0.121784 3.56388 -0.22873 
v 0.121784 3.56388 -0.491952 
v 0.610168 3.56388 -0.22873 
v 0.121784 3.56388 0.209068 
v 0.610168 3.56388 0.209068 
v 0.377426 5.33139 0.605261 
v 0.856436 5.50223 0.669137 
v 0.379093 5.39256 0.729528 
v 0.856436 5.50223 -0.669139 
v 0.377426 5.33139 -0.605263 
v 0.379093 5.39256 -0.72953 
v 0.854769 5.44105 -0.544872 
v 1.08479 5.49301 -0.449569 
v 0.975609 5.37695 -0.0870991 
v 0.960665 5.43153 -0.450071 
v 1.09973 5.43844 -0.0865976 
v 0.854769 5.44105 0.54487 
v 0.961113 5.36735 0.0812684 
v 1.06528 5.48845 0.46416 
v 0.940607 5.42817 0.467356 
v 1.08579 5.42763 0.0780721 
v -0.121784 3.70712 -0.491952 
v -0.610168 3.56388 -0.491952 
v -0.610168 3.70712 -0.491952 
v -0.379093 5.39256 -0.72953 
v -0.856436 5.50223 -0.669139 
v -0.632751 6.26952 -0.294411 
v -0.150467 3.68402 -0.761156 
v -0.581478 3.57086 -0.761156 
v -0.581478 3.68402 -0.761156 
v -0.150467 3.57086 -0.761156 
v -0.121784 3.56388 -0.491952 
v -0.121784 3.8424 -0.491952 
v -1.08579 5.42763 0.0780721 
v -0.70435 6.20826 -0.0778762 
v -0.961113 5.36735 0.0812684 
v -1.08479 5.49301 -0.449569 
v -0.697354 6.27403 -0.311413 
v -0.960665 5.43153 -0.450071 
v -0.631084 6.20834 0.170142 
v -0.377426 5.33139 0.605261 
v -0.854769 5.44105 0.54487 
v -0.610168 3.8424 -0.491952 
v -0.246744 6.14345 0.230648 
v 0.246744 5.35211 0.621772 
v -0.246744 5.35211 0.621772 
v -0.15374 6.09867 0.230533 
v -0.573229 6.21255 -0.311914 
v -0.640968 6.27022 -0.304503 
v -0.510951 7.55018 -0.304502 
v -0.510951 6.27022 -0.304503 
v -0.401333 7.55018 -0.304502 
v -0.401333 6.27022 -0.304503 
v -0.155407 6.15985 -0.354802 
v 0.246744 6.20482 -0.354828 
v -0.246744 5.41349 -0.745953 
v -0.246744 6.20482 -0.354828 
v -0.640968 7.55018 -0.304502 
v -0.579677 6.14798 -0.0746798 
v -0.401333 7.91308 -0.304502 
v -0.510951 7.55018 -0.304502 
v -0.510951 7.91308 -0.304502 
v 0.401333 7.55018 -0.304502 
v 0.246744 5.41349 -0.745953 
v 0.150467 3.68402 -0.761156 
v 0.581478 3.57086 -0.761156 
v 0.150467 3.57086 -0.761156 
v 0.121784 3.70712 -0.491952 
v 0.610168 3.56388 -0.491952 
v 0.121784 3.56388 -0.491952 
v 0.581478 3.68402 -0.761156 
v 0.610168 3.70712 -0.491952 
v 0.379093 5.39256 -0.72953 
v 0.632751 6.26951 -0.294411 
v 0.856436 5.50223 -0.669139 
v 0.121784 3.8424 -0.491952 
v 0.610168 3.8424 -0.491952 
v 0.631084 6.20834 0.170142 
v 0.377426 5.33139 0.605261 
v 0.15374 6.09867 0.230533 
v 0.854769 5.44105 0.54487 
v 0.961113 5.36735 0.0812684 
v 0.70435 6.20826 -0.0778762 
v 1.08579 5.42763 0.0780721 
v 0.960665 5.43153 -0.450071 
v 0.697354 6.27403 -0.311413 
v 1.08479 5.49301 -0.449569 
v 0.246744 6.14345 0.230648 
v 0.155407 6.15985 -0.354802 
v 0.401333 6.27022 -0.304503 
v 0.510951 7.55018 -0.304502 
v 0.510951 6.27022 -0.304503 
v 0.573229 6.21255 -0.311914 
v 0.640968 7.55018 -0.304502 
v 0.640968 6.27022 -0.304503 
v 0.401333 7.55018 -0.304502 
v 0.401333 7.91308 -0.304502 
v 0.510951 7.91308 -0.304502 
v 0.579677 6.14798 -0.0746798 

vn 1 0 0 
vn 1 0 0 
vn 1 0 0 
vn 1 0 0 
vn 1 0 0 
vn 1 0 0 
vn 1 0 0 
vn 1 0 0 
vn 1 0 0 
vn 1 0 0 
vn 0.968504 -0.220472 0.125984 
vn 0.968504 -0.220472 0.125984 
vn 0.968504 -0.220472 0.125984 
vn 1 0 0 
vn 1 0 0 
vn 0.968504 -0.220472 -0.125984 
vn 0.968504 -0.220472 -0.125984 
vn 0.968504 -0.220472 -0.125984 
vn 0.897638 -0.440945 -0.0314961 
vn 0.897638 -0.440945 -0.0314961 
vn 0.897638 -0.440945 -0.0314961 
vn 0.897638 -0.440945 -0.0314961 
vn 0.968504 -0.220472 -0.125984 
vn 1 0 0 
vn 1 0 0 
vn 1 0 0 
vn 0.897638 -0.433071 0.023622 
vn 0.897638 -0.433071 0.023622 
vn 0.897638 -0.433071 0.023622 
vn 0.897638 -0.433071 0.023622 
vn 0.968504 -0.220472 0.125984 
vn 1 0 0 
vn 1 0 0 
vn 1 0 0 
vn 1 0 0 
vn 1 0 0 
vn 1 0 0 
vn 1 0 0 
vn 1 0 0 
vn 1 0 0 
vn 1 0 0 
vn 1 0 0 
vn 1 0 0 
vn 1 0 0 
vn 1 0 0 
vn 1 0 0 
vn 1 0 0 
vn 1 0 0 
vn 0.968504 0.220472 -0.125984 
vn 0.968504 0.220472 -0.125984 
vn 0.968504 0.220472 -0.125984 
vn 0.968504 0.220472 0.125984 
vn 0.968504 0.220472 0.125984 
vn 0.968504 0.220472 0.125984 
vn 0.968504 0.220472 0.125984 
vn 1 0 0 
vn 1 0 0 
vn 1 0 0 
vn 0.897638 0.440945 0.0314961 
vn 0.897638 0.440945 0.0314961 
vn 0.897638 0.440945 0.0314961 
vn 0.897638 0.440945 0.0314961 
vn 1 0 0 
vn 0.968504 0.220472 -0.125984 
vn 0.897638 0.433071 -0.023622 
vn 0.897638 0.433071 -0.023622 
vn 0.897638 0.433071 -0.023622 
vn 0.897638 0.433071 -0.023622 
vn 0 1 0 
vn 0 1 0 
vn 0 1 0 
vn 0 1 0 
vn 0 0.897638 0.440945 
vn 0 0.897638 0.440945 
vn 0 0.897638 0.440945 
vn 0.251969 0.866142 0.425197 
vn 0.251969 0.866142 0.425197 
vn 0.251969 0.866142 0.425197 
vn 0.251969 0.866142 0.425197 
vn 0.251969 0.866142 -0.425197 
vn 0.251969 0.866142 -0.425197 
vn 0.251969 0.866142 -0.425197 
vn 0 0.897638 -0.440945 
vn 0 0.897638 -0.440945 
vn 0 0.897638 -0.440945 
vn 0.251969 0.866142 -0.425197 
vn 0.440945 0.88189 0.149606 
vn 0.440945 0.88189 0.149606 
vn 0.440945 0.88189 0.149606 
vn 0.440945 0.88189 0.149606 
vn 0 1 0 
vn 0 1 0 
vn 0 1 0 
vn 0.433071 0.889764 -0.165354 
vn 0.433071 0.889764 -0.165354 
vn 0.433071 0.889764 -0.165354 
vn 0.433071 0.889764 -0.165354 
vn 0 1 0 
vn 0 0.897638 0.440945 
vn 0 1 0 
vn 0 1 0 
vn 0 1 0 
vn -0.251969 0.866142 0.425197 
vn -0.251969 0.866142 0.425197 
vn -0.251969 0.866142 0.425197 
vn 0 1 0 
vn -0.251969 0.866142 0.425197 
vn 0 0.897638 -0.440945 
vn -0.251969 0.866142 -0.425197 
vn -0.251969 0.866142 -0.425197 
vn -0.251969 0.866142 -0.425197 
vn -0.251969 0.866142 -0.425197 
vn 0 1 0 
vn 0 1 0 
vn 0 1 0 
vn -0.440945 0.88189 0.149606 
vn -0.440945 0.88189 0.149606 
vn -0.440945 0.88189 0.149606 
vn -0.440945 0.88189 0.149606 
vn -0.433071 0.889764 -0.165354 
vn -0.433071 0.889764 -0.165354 
vn -0.433071 0.889764 -0.165354 
vn 0 1 0 
vn -0.433071 0.889764 -0.165354 
vn 0 0 1 
vn 0 0 1 
vn 0 0 1 
vn 0 0 1 
vn 0 0 1 
vn 0.015748 -0.440945 0.897638 
vn 0.015748 -0.440945 0.897638 
vn 0.015748 -0.440945 0.897638 
vn 0 0 1 
vn 0 -0.440945 0.897638 
vn 0 -0.440945 0.897638 
vn 0 -0.440945 0.897638 
vn 0.015748 -0.440945 0.897638 
vn -0.0629921 -0.141732 0.984252 
vn -0.0629921 -0.141732 0.984252 
vn -0.0629921 -0.141732 0.984252 
vn 0.0551181 0.165354 0.984252 
vn 0.0551181 0.165354 0.984252 
vn 0.0551181 0.165354 0.984252 
vn -0.0629921 -0.141732 0.984252 
vn -0.015748 0.440945 0.897638 
vn -0.015748 0.440945 0.897638 
vn -0.015748 0.440945 0.897638 
vn 0 0 1 
vn 0 0 1 
vn 0 0 1 
vn 0 0 1 
vn -0.015748 0.440945 0.897638 
vn 0 0 1 
vn 0 0 1 
vn 0 0 1 
vn 0 0 1 
vn 0 0 1 
vn 0 0 1 
vn 0 0 1 
vn 0 0 1 
vn 0 0 1 
vn 0 0 1 
vn 0 0 1 
vn 0 0 1 
vn 0 0 1 
vn 0.0551181 0.165354 0.984252 
vn 0 0 1 
vn 0 0 1 
vn 0 0.440945 0.897638 
vn 0 0.440945 0.897638 
vn 0 0.440945 0.897638 
vn 0 0 1 
vn 0 0 1 
vn 0 0 1 
vn 0 0 1 
vn 0 0 1 
vn 0 0 1 
vn 0 0 1 
vn 0 -0.440945 0.897638 
vn 0 0 1 
vn -0.015748 -0.440945 0.897638 
vn -0.015748 -0.440945 0.897638 
vn -0.015748 -0.440945 0.897638 
vn -0.015748 -0.440945 0.897638 
vn 0 0 1 
vn 0 0 1 
vn 0 0 1 
vn 0 0 1 
vn 0 0.440945 0.897638 
vn 0.015748 0.440945 0.897638 
vn 0.015748 0.440945 0.897638 
vn 0.015748 0.440945 0.897638 
vn 0.0629921 -0.141732 0.984252 
vn 0.0629921 -0.141732 0.984252 
vn 0.0629921 -0.141732 0.984252 
vn -0.0551181 0.165354 0.984252 
vn -0.0551181 0.165354 0.984252 
vn -0.0551181 0.165354 0.984252 
vn 0.0629921 -0.141732 0.984252 
vn 0 0 1 
vn 0 0 1 
vn 0 0 1 
vn 0 0 1 
vn 0 0 1 
vn 0 0 1 
vn 0 0 1 
vn 0 0 1 
vn 0.015748 0.440945 0.897638 
vn 0 0 1 
vn 0 0 1 
vn -0.0551181 0.165354 0.984252 
vn 0 0 1 
vn -1 0 0 
vn -1 0 0 
vn -1 0 0 
vn -1 0 0 
vn -1 0 0 
vn -1 0 0 
vn -1 0 0 
vn -1 0 0 
vn -1 0 0 
vn -1 0 0 
vn -1 0 0 
vn -1 0 0 
vn -1 0 0 
vn -1 0 0 
vn -1 0 0 
vn -0.968504 0.220472 -0.125984 
vn -0.968504 0.220472 -0.125984 
vn -0.968504 0.220472 -0.125984 
vn -0.897638 0.440945 0.0314961 
vn -0.897638 0.440945 0.0314961 
vn -0.897638 0.440945 0.0314961 
vn -0.897638 0.440945 0.0314961 
vn -0.968504 0.220472 0.125984 
vn -0.968504 0.220472 0.125984 
vn -0.968504 0.220472 0.125984 
vn -0.968504 0.220472 0.125984 
vn -1 0 0 
vn -1 0 0 
vn -1 0 0 
vn -0.897638 0.433071 -0.023622 
vn -0.897638 0.433071 -0.023622 
vn -0.897638 0.433071 -0.023622 
vn -0.897638 0.433071 -0.023622 
vn -0.968504 0.220472 -0.125984 
vn -1 0 0 
vn -1 0 0 
vn -1 0 0 
vn -1 0 0 
vn -1 0 0 
vn -1 0 0 
vn -1 0 0 
vn -1 0 0 
vn -1 0 0 
vn -1 0 0 
vn -1 0 0 
vn -1 0 0 
vn -1 0 0 
vn -1 0 0 
vn -0.968504 -0.220472 0.125984 
vn -0.968504 -0.220472 0.125984 
vn -0.968504 -0.220472 0.125984 
vn -0.968504 -0.220472 -0.125984 
vn -0.968504 -0.220472 -0.125984 
vn -0.968504 -0.220472 -0.125984 
vn -0.968504 -0.220472 -0.125984 
vn -0.897638 -0.433071 0.023622 
vn -0.897638 -0.433071 0.023622 
vn -0.897638 -0.433071 0.023622 
vn -0.897638 -0.440945 -0.0314961 
vn -0.897638 -0.440945 -0.0314961 
vn -0.897638 -0.440945 -0.0314961 
vn -0.897638 -0.440945 -0.0314961 
vn -0.897638 -0.433071 0.023622 
vn -1 0 0 
vn -1 0 0 
vn -1 0 0 
vn -1 0 0 
vn -0.968504 -0.220472 0.125984 
vn 0 -1 0 
vn 0 -1 0 
vn 0 -1 0 
vn 0 -1 0 
vn 0 -1 0 
vn 0 -1 0 
vn 0 -1 0 
vn 0 -0.897638 -0.440945 
vn 0 -0.897638 -0.440945 
vn 0 -0.897638 -0.440945 
vn 0 -1 0 
vn 0 -1 0 
vn 0 -1 0 
vn 0 -0.897638 0.440945 
vn 0 -0.897638 0.440945 
vn 0 -0.897638 0.440945 
vn -0.251969 -0.866142 0.425197 
vn -0.251969 -0.866142 0.425197 
vn -0.251969 -0.866142 0.425197 
vn -0.440945 -0.88189 -0.149606 
vn -0.440945 -0.88189 -0.149606 
vn -0.440945 -0.88189 -0.149606 
vn -0.251969 -0.866142 -0.425197 
vn -0.251969 -0.866142 -0.425197 
vn -0.251969 -0.866142 -0.425197 
vn -0.251969 -0.866142 -0.425197 
vn -0.440945 -0.88189 -0.149606 
vn -0.433071 -0.889764 0.165354 
vn -0.433071 -0.889764 0.165354 
vn -0.433071 -0.889764 0.165354 
vn -0.433071 -0.889764 0.165354 
vn -0.251969 -0.866142 0.425197 
vn 0 -0.897638 0.440945 
vn 0 -0.897638 -0.440945 
vn 0 -1 0 
vn 0 -1 0 
vn 0 -1 0 
vn 0 -1 0 
vn 0 -1 0 
vn 0 -1 0 
vn 0 -1 0 
vn 0 -1 0 
vn 0 -1 0 
vn 0 -1 0 
vn 0.251969 -0.866142 0.425197 
vn 0.251969 -0.866142 0.425197 
vn 0.251969 -0.866142 0.425197 
vn 0.251969 -0.866142 -0.425197 
vn 0.251969 -0.866142 -0.425197 
vn 0.251969 -0.866142 -0.425197 
vn 0.251969 -0.866142 -0.425197 
vn 0.440945 -0.88189 -0.149606 
vn 0.440945 -0.88189 -0.149606 
vn 0.440945 -0.88189 -0.149606 
vn 0.440945 -0.88189 -0.149606 
vn 0.251969 -0.866142 0.425197 
vn 0.433071 -0.889764 0.165354 
vn 0.433071 -0.889764 0.165354 
vn 0.433071 -0.889764 0.165354 
vn 0.433071 -0.889764 0.165354 
vn 0 0 -1 
vn 0 0 -1 
vn 0 0 -1 
vn -0.015748 0.440945 -0.897638 
vn -0.015748 0.440945 -0.897638 
vn -0.015748 0.440945 -0.897638 
vn 0 0 -1 
vn 0 0 -1 
vn 0 0 -1 
vn 0 0 -1 
vn 0 0 -1 
vn 0 0 -1 
vn -0.0551181 -0.165354 -0.984252 
vn -0.0551181 -0.165354 -0.984252 
vn -0.0551181 -0.165354 -0.984252 
vn 0.0629921 0.141732 -0.984252 
vn 0.0629921 0.141732 -0.984252 
vn 0.0629921 0.141732 -0.984252 
vn 0.015748 -0.440945 -0.897638 
vn 0.015748 -0.440945 -0.897638 
vn 0.015748 -0.440945 -0.897638 
vn 0 0 -1 
vn 0 -0.440945 -0.897638 
vn 0 -0.440945 -0.897638 
vn 0 -0.440945 -0.897638 
vn 0.015748 -0.440945 -0.897638 
vn 0.0629921 0.141732 -0.984252 
vn 0 0 -1 
vn 0 0 -1 
vn 0 0 -1 
vn 0 0 -1 
vn 0 0 -1 
vn -0.015748 0.440945 -0.897638 
vn 0 0.440945 -0.897638 
vn 0 0.440945 -0.897638 
vn 0 0.440945 -0.897638 
vn 0 0 -1 
vn -0.0551181 -0.165354 -0.984252 
vn 0 0 -1 
vn 0 0 -1 
vn 0 0 -1 
vn 0 0 -1 
vn 0 0.440945 -0.897638 
vn 0 0 -1 
vn 0 0 -1 
vn 0 0 -1 
vn 0 0 -1 
vn 0 0 -1 
vn 0 0 -1 
vn 0 0 -1 
vn 0 0 -1 
vn 0.015748 0.440945 -0.897638 
vn 0.015748 0.440945 -0.897638 
vn 0.015748 0.440945 -0.897638 
vn 0 0 -1 
vn 0 0 -1 
vn -0.015748 -0.440945 -0.897638 
vn -0.015748 -0.440945 -0.897638 
vn -0.015748 -0.440945 -0.897638 
vn -0.015748 -0.440945 -0.897638 
vn 0.0551181 -0.165354 -0.984252 
vn 0.0551181 -0.165354 -0.984252 
vn 0.0551181 -0.165354 -0.984252 
vn -0.0629921 0.141732 -0.984252 
vn -0.0629921 0.141732 -0.984252 
vn -0.0629921 0.141732 -0.984252 
vn 0 -0.440945 -0.897638 
vn 0.015748 0.440945 -0.897638 
vn 0 0 -1 
vn 0 0 -1 
vn 0 0 -1 
vn -0.0629921 0.141732 -0.984252 
vn 0 0 -1 
vn 0 0 -1 
vn 0 0 -1 
vn 0 0 -1 
vn 0 0 -1 
vn 0.0551181 -0.165354 -0.984252 

vt 62.0296 -57.3723 
vt 61.9946 -57.3581 
vt 61.9946 -57.3723 
vt 62.0296 -57.3581 
vt 61.9631 -57.3552 
vt 61.996 -57.3732 
vt 61.996 -57.3552 
vt 61.9631 -57.3383 
vt 61.996 -57.3383 
vt 61.9631 -57.3732 
vt 61.9057 -57.0563 
vt 61.8433 -57.1446 
vt 61.8588 -57.1522 
vt 61.9084 -57.3552 
vt 61.9084 -57.3732 
vt 62.0257 -57.1446 
vt 61.9633 -57.0563 
vt 62.0102 -57.1522 
vt 61.9454 -57.1465 
vt 61.9908 -57.1397 
vt 61.9735 -57.0421 
vt 61.9281 -57.0489 
vt 61.9788 -57.0487 
vt 61.9789 -57.043 
vt 62.0122 -57.1496 
vt 62.0277 -57.1419 
vt 61.8956 -57.0425 
vt 61.9243 -57.1477 
vt 61.9438 -57.0501 
vt 61.8761 -57.1401 
vt 61.8901 -57.0487 
vt 61.8901 -57.043 
vt 61.8568 -57.1496 
vt 61.9057 -57.0507 
vt 61.8413 -57.1419 
vt 61.9633 -57.0507 
vt 62.0296 -57.3581 
vt 61.9946 -57.3723 
vt 62.0296 -57.3723 
vt 61.9946 -57.3581 
vt 61.996 -57.3552 
vt 61.9631 -57.3732 
vt 61.996 -57.3732 
vt 61.996 -57.3383 
vt 61.9631 -57.3552 
vt 61.9084 -57.3732 
vt 61.9631 -57.3383 
vt 61.9084 -57.3552 
vt 61.9132 -57.0426 
vt 61.8509 -57.1309 
vt 61.8664 -57.1385 
vt 61.9558 -57.0426 
vt 62.0026 -57.1385 
vt 62.0181 -57.1309 
vt 61.9713 -57.0349 
vt 61.8964 -56.8749 
vt 61.9726 -57.0349 
vt 61.9726 -56.8749 
vt 61.9453 -57.1388 
vt 61.9734 -57.0344 
vt 61.9281 -57.0412 
vt 61.9907 -57.132 
vt 61.8964 -57.0349 
vt 61.8977 -57.0349 
vt 61.896 -57.035 
vt 61.9247 -57.1402 
vt 61.9442 -57.0426 
vt 61.8765 -57.1326 
vt 62.0763 -56.9631 
vt 62.0152 -56.996 
vt 62.0763 -56.996 
vt 62.0152 -56.9631 
vt 62.0308 -56.9633 
vt 61.9692 -56.9789 
vt 62.0308 -56.9789 
vt 62.0194 -56.9788 
vt 62.0791 -56.9713 
vt 62.0192 -56.9633 
vt 62.0789 -56.9558 
vt 62.0791 -56.8977 
vt 62.0194 -56.8901 
vt 62.0192 -56.9057 
vt 61.9692 -56.8901 
vt 62.0308 -56.9057 
vt 62.0308 -56.8901 
vt 62.0789 -56.9132 
vt 62.0735 -56.9281 
vt 62.0872 -56.9734 
vt 62.089 -56.9281 
vt 62.0717 -56.9735 
vt 62.0639 -56.9726 
vt 62.0502 -56.8964 
vt 62.0502 -56.9726 
vt 62.0855 -56.896 
vt 62.0725 -56.9438 
vt 62.088 -56.9442 
vt 62.0699 -56.8956 
vt 62.0639 -56.8964 
vt 61.9692 -56.9633 
vt 61.9848 -56.9631 
vt 61.9237 -56.9631 
vt 61.9848 -56.996 
vt 61.9808 -56.9633 
vt 61.9209 -56.9713 
vt 61.9806 -56.9788 
vt 61.9237 -56.996 
vt 61.9211 -56.9558 
vt 61.9692 -56.9057 
vt 61.9209 -56.8977 
vt 61.9808 -56.9057 
vt 61.9806 -56.8901 
vt 61.9211 -56.9132 
vt 61.9361 -56.8964 
vt 61.9361 -56.9726 
vt 61.9498 -56.9726 
vt 61.9265 -56.9281 
vt 61.9128 -56.9734 
vt 61.9283 -56.9735 
vt 61.911 -56.9281 
vt 61.9275 -56.9438 
vt 61.9145 -56.896 
vt 61.912 -56.9442 
vt 61.9498 -56.8964 
vt 61.9301 -56.8956 
vt 61.9812 -57.3723 
vt 61.9273 -57.3581 
vt 61.9273 -57.3723 
vt 61.9812 -57.3581 
vt 61.9273 -57.344 
vt 61.9528 -57.1522 
vt 61.9211 -57.0426 
vt 61.8932 -57.1385 
vt 61.9812 -57.344 
vt 62.0308 -57.1496 
vt 61.9692 -57.0507 
vt 61.9692 -57.1496 
vt 61.9808 -57.0563 
vt 61.878 -57.1465 
vt 61.911 -57.0412 
vt 61.8625 -57.1388 
vt 61.8824 -57.1401 
vt 61.9145 -57.035 
vt 61.8668 -57.1326 
vt 61.9265 -57.0489 
vt 61.9526 -57.1446 
vt 61.9209 -57.0349 
vt 61.8929 -57.1309 
vt 61.9848 -57.3732 
vt 61.9237 -57.3552 
vt 61.9237 -57.3732 
vt 61.9848 -57.3552 
vt 61.9806 -57.0487 
vt 61.9361 -57.0349 
vt 61.9199 -56.8749 
vt 61.9199 -57.0349 
vt 61.9361 -56.8749 
vt 61.9498 -57.0349 
vt 61.9845 -56.6578 
vt 61.9705 -56.6268 
vt 61.9705 -56.6578 
vt 61.9845 -56.6268 
vt 62.0155 -56.6578 
vt 61.9845 -56.6654 
vt 61.9498 -56.8749 
vt 62.0502 -57.0349 
vt 61.9301 -57.0425 
vt 61.9361 -56.8295 
vt 61.9498 -56.8749 
vt 62.0308 -57.043 
vt 61.9692 -57.043 
vt 61.9692 -57.1419 
vt 61.9498 -56.8295 
vt 62.0155 -56.6268 
vt 62.0727 -57.3581 
vt 62.0188 -57.3581 
vt 62.0188 -57.3723 
vt 62.0727 -57.344 
vt 62.0188 -57.344 
vt 62.0308 -57.0507 
vt 62.0727 -57.3723 
vt 62.0789 -57.0426 
vt 62.0472 -57.1522 
vt 62.1068 -57.1385 
vt 62.0192 -57.0563 
vt 62.0763 -57.3552 
vt 62.0152 -57.3732 
vt 62.0763 -57.3732 
vt 62.0152 -57.3552 
vt 62.0308 -57.1419 
vt 62.0474 -57.1446 
vt 62.1071 -57.1309 
vt 62.0791 -57.0349 
vt 62.089 -57.0412 
vt 62.122 -57.1465 
vt 62.1375 -57.1388 
vt 62.0855 -57.035 
vt 62.1176 -57.1401 
vt 62.1332 -57.1326 
vt 62.0735 -57.0489 
vt 62.0502 -56.8749 
vt 62.0155 -56.6654 
vt 62.0295 -56.6578 
vt 62.0295 -56.6268 
vt 62.0639 -57.0349 
vt 62.0801 -57.0349 
vt 62.0639 -56.8749 
vt 62.0801 -56.8749 
vt 62.0194 -57.0487 
vt 62.0502 -56.8295 
vt 62.0502 -56.8749 
vt 62.0699 -57.0425 
vt 62.0639 -56.8295 
vt 62.0054 -57.3723 
vt 61.9704 -57.3581 
vt 61.9704 -57.3723 
vt 62.0369 -57.3732 
vt 62.004 -57.3552 
vt 62.004 -57.3732 
vt 62.0054 -57.3581 
vt 61.9878 -57.1496 
vt 62.0211 -57.043 
vt 61.9723 -57.1419 
vt 62.0369 -57.3552 
vt 62.004 -57.3383 
vt 62.0369 -57.3383 
vt 62.0916 -57.3732 
vt 62.0916 -57.3552 
vt 62.0868 -57.0426 
vt 62.1336 -57.1385 
vt 62.1491 -57.1309 
vt 62.0547 -57.1388 
vt 62.0266 -57.0344 
vt 62.0093 -57.132 
vt 62.0719 -57.0412 
vt 62.0442 -57.0426 
vt 61.9819 -57.1309 
vt 61.9974 -57.1385 
vt 62.0287 -57.0349 
vt 62.1036 -57.0349 
vt 62.0274 -56.8749 
vt 62.0274 -57.0349 
vt 62.0753 -57.1402 
vt 62.1235 -57.1326 
vt 62.104 -57.035 
vt 62.0558 -57.0426 
vt 62.1023 -57.0349 
vt 62.1036 -56.8749 
vt 62.0367 -57.0507 
vt 62.0369 -57.3552 
vt 62.004 -57.3552 
vt 62.004 -57.3732 
vt 62.0369 -57.3383 
vt 62.004 -57.3383 
vt 62.0054 -57.3581 
vt 61.9704 -57.3581 
vt 61.9704 -57.3723 
vt 62.0054 -57.3723 
vt 62.0369 -57.3732 
vt 62.0916 -57.3552 
vt 62.0916 -57.3732 
vt 62.1567 -57.1446 
vt 62.0943 -57.0563 
vt 62.1412 -57.1522 
vt 62.0367 -57.0563 
vt 61.9743 -57.1446 
vt 61.9898 -57.1522 
vt 62.0212 -57.0487 
vt 62.0757 -57.1477 
vt 62.1044 -57.0425 
vt 62.0562 -57.0501 
vt 62.0265 -57.0421 
vt 62.0546 -57.1465 
vt 62.0719 -57.0489 
vt 62.0092 -57.1397 
vt 62.1239 -57.1401 
vt 62.0943 -57.0507 
vt 62.1432 -57.1496 
vt 62.1099 -57.043 
vt 62.1587 -57.1419 
vt 62.1099 -57.0487 
vt 61.9273 -57.0296 
vt 61.9812 -56.9946 
vt 61.9273 -56.9946 
vt 61.9812 -57.0296 
vt 61.9237 -56.996 
vt 61.9848 -56.996 
vt 61.9848 -56.9631 
vt 61.9692 -57.0277 
vt 62.0308 -57.0122 
vt 61.9692 -57.0122 
vt 61.9237 -56.9631 
vt 61.9848 -56.9084 
vt 61.9237 -56.9084 
vt 61.9692 -56.8568 
vt 62.0308 -56.8568 
vt 61.9692 -56.8413 
vt 61.8929 -56.8509 
vt 61.9528 -56.8588 
vt 61.9526 -56.8433 
vt 61.8799 -56.9908 
vt 61.878 -56.9454 
vt 61.8644 -56.9907 
vt 61.8929 -57.0181 
vt 61.9528 -57.0102 
vt 61.8932 -57.0026 
vt 61.9526 -57.0257 
vt 61.8625 -56.9453 
vt 61.8799 -56.9243 
vt 61.8668 -56.8765 
vt 61.8643 -56.9247 
vt 61.8824 -56.8761 
vt 61.8932 -56.8664 
vt 62.0308 -56.8413 
vt 62.0308 -57.0277 
vt 62.0727 -57.0296 
vt 62.0188 -56.9946 
vt 62.0188 -57.0296 
vt 62.0727 -56.9946 
vt 62.0763 -56.996 
vt 62.0152 -56.9631 
vt 62.0152 -56.996 
vt 62.0763 -56.9631 
vt 62.0152 -56.9084 
vt 62.0763 -56.9084 
vt 62.0472 -56.8588 
vt 62.1071 -56.8509 
vt 62.0474 -56.8433 
vt 62.1071 -57.0181 
vt 62.0472 -57.0102 
vt 62.0474 -57.0257 
vt 62.1068 -57.0026 
vt 62.1356 -56.9907 
vt 62.122 -56.9454 
vt 62.1201 -56.9908 
vt 62.1375 -56.9453 
vt 62.1068 -56.8664 
vt 62.1201 -56.9243 
vt 62.1332 -56.8765 
vt 62.1176 -56.8761 
vt 62.1357 -56.9247 
vt 62.0152 -57.3552 
vt 62.0763 -57.3732 
vt 62.0763 -57.3552 
vt 62.0474 -57.1446 
vt 62.1071 -57.1309 
vt 62.0791 -57.0349 
vt 62.0188 -57.3581 
vt 62.0727 -57.3723 
vt 62.0727 -57.3581 
vt 62.0188 -57.3723 
vt 62.0152 -57.3732 
vt 62.0152 -57.3383 
vt 62.1357 -57.1402 
vt 62.088 -57.0426 
vt 62.1201 -57.1477 
vt 62.1356 -57.132 
vt 62.0872 -57.0344 
vt 62.1201 -57.1397 
vt 62.0789 -57.0426 
vt 62.0472 -57.1522 
vt 62.1068 -57.1385 
vt 62.0763 -57.3383 
vt 62.0308 -57.0507 
vt 61.9692 -57.1496 
vt 62.0308 -57.1496 
vt 62.0192 -57.0563 
vt 62.0717 -57.0421 
vt 62.0801 -57.0349 
vt 62.0639 -56.8749 
vt 62.0639 -57.0349 
vt 62.0502 -56.8749 
vt 62.0502 -57.0349 
vt 62.0194 -57.0487 
vt 61.9692 -57.043 
vt 62.0308 -57.1419 
vt 62.0308 -57.043 
vt 62.0801 -56.8749 
vt 62.0725 -57.0501 
vt 62.0502 -56.8295 
vt 62.0639 -56.8749 
vt 62.0639 -56.8295 
vt 61.9498 -56.8749 
vt 61.9692 -57.1419 
vt 61.9812 -57.3581 
vt 61.9273 -57.3723 
vt 61.9812 -57.3723 
vt 61.9848 -57.3552 
vt 61.9237 -57.3732 
vt 61.9848 -57.3732 
vt 61.9273 -57.3581 
vt 61.9237 -57.3552 
vt 61.9526 -57.1446 
vt 61.9209 -57.0349 
vt 61.8929 -57.1309 
vt 61.9848 -57.3383 
vt 61.9237 -57.3383 
vt 61.9211 -57.0426 
vt 61.9528 -57.1522 
vt 61.9808 -57.0563 
vt 61.8932 -57.1385 
vt 61.8799 -57.1477 
vt 61.912 -57.0426 
vt 61.8643 -57.1402 
vt 61.8799 -57.1397 
vt 61.9128 -57.0344 
vt 61.8644 -57.132 
vt 61.9692 -57.0507 
vt 61.9806 -57.0487 
vt 61.9498 -57.0349 
vt 61.9361 -56.8749 
vt 61.9361 -57.0349 
vt 61.9283 -57.0421 
vt 61.9199 -56.8749 
vt 61.9199 -57.0349 
vt 61.9498 -56.8749 
vt 61.9498 -56.8295 
vt 61.9361 -56.8295 
vt 61.9275 -57.0501 

usemtl Cube0161Mtl

f 59/59/59 60/60/60 61/61/61 
f 60/60/60 59/59/59 62/62/62 
f 65/65/65 66/66/66 67/67/67 
f 66/66/66 65/65/65 68/68/68 
f 52/52/52 53/53/53 54/54/54 
f 52/52/52 54/54/54 55/55/55 
f 49/49/49 50/50/50 51/51/51 
f 50/50/50 49/49/49 64/64/64 
f 56/56/56 57/57/57 58/58/58 
f 57/57/57 56/56/56 63/63/63 
f 41/41/41 42/42/42 43/43/43 
f 41/41/41 45/45/45 42/42/42 
f 45/45/45 46/46/46 42/42/42 
f 45/45/45 48/48/48 46/46/46 
f 44/44/44 45/45/45 41/41/41 
f 44/44/44 47/47/47 45/45/45 
f 37/37/37 38/38/38 39/39/39 
f 37/37/37 40/40/40 38/38/38 
f 24/24/24 25/25/25 26/26/26 
f 25/25/25 24/24/24 36/36/36 
f 32/32/32 33/33/33 34/34/34 
f 33/33/33 32/32/32 35/35/35 
f 5/5/5 6/6/6 7/7/7 
f 6/6/6 5/5/5 10/10/10 
f 7/7/7 8/8/8 5/5/5 
f 8/8/8 7/7/7 9/9/9 
f 14/14/14 10/10/10 5/5/5 
f 10/10/10 14/14/14 15/15/15 
f 1/1/1 2/2/2 3/3/3 
f 2/2/2 1/1/1 4/4/4 
f 11/11/11 12/12/12 13/13/13 
f 12/12/12 11/11/11 31/31/31 
f 16/16/16 17/17/17 18/18/18 
f 17/17/17 16/16/16 23/23/23 
f 27/27/27 28/28/28 29/29/29 
f 28/28/28 27/27/27 30/30/30 
f 19/19/19 20/20/20 21/21/21 
f 22/22/22 19/19/19 21/21/21 
f 91/91/91 92/92/92 93/93/93 
f 92/92/92 91/91/91 98/98/98 
f 113/113/113 114/114/114 115/115/115 
f 115/115/115 123/123/123 113/113/113 
f 73/73/73 74/74/74 75/75/75 
f 73/73/73 99/99/99 74/74/74 
f 83/83/83 84/84/84 85/85/85 
f 84/84/84 83/83/83 108/108/108 
f 76/76/76 77/77/77 78/78/78 
f 79/79/79 78/78/78 77/77/77 
f 103/103/103 104/104/104 105/105/105 
f 103/103/103 107/107/107 104/104/104 
f 80/80/80 81/81/81 82/82/82 
f 80/80/80 82/82/82 86/86/86 
f 109/109/109 110/110/110 111/111/111 
f 110/110/110 109/109/109 112/112/112 
f 87/87/87 88/88/88 89/89/89 
f 88/88/88 87/87/87 90/90/90 
f 116/116/116 117/117/117 118/118/118 
f 117/117/117 116/116/116 119/119/119 
f 94/94/94 95/95/95 96/96/96 
f 97/97/97 95/95/95 94/94/94 
f 120/120/120 121/121/121 122/122/122 
f 121/121/121 120/120/120 124/124/124 
f 69/69/69 70/70/70 71/71/71 
f 69/69/69 72/72/72 70/70/70 
f 100/100/100 101/101/101 102/102/102 
f 106/106/106 102/102/102 101/101/101 
f 153/153/153 154/154/154 155/155/155 
f 154/154/154 153/153/153 156/156/156 
f 156/156/156 153/153/153 157/157/157 
f 157/157/157 164/164/164 156/156/156 
f 164/164/164 157/157/157 165/165/165 
f 200/200/200 164/164/164 165/165/165 
f 204/204/204 200/200/200 165/165/165 
f 200/200/200 204/204/204 206/206/206 
f 205/205/205 206/206/206 204/204/204 
f 206/206/206 205/205/205 207/207/207 
f 167/167/167 156/156/156 168/168/168 
f 168/168/168 172/172/172 167/167/167 
f 209/209/209 206/206/206 212/212/212 
f 206/206/206 209/209/209 210/210/210 
f 169/169/169 170/170/170 171/171/171 
f 169/169/169 171/171/171 189/189/189 
f 145/145/145 146/146/146 147/147/147 
f 146/146/146 145/145/145 152/152/152 
f 190/190/190 191/191/191 192/192/192 
f 208/208/208 190/190/190 192/192/192 
f 141/141/141 142/142/142 143/143/143 
f 142/142/142 141/141/141 166/166/166 
f 196/196/196 197/197/197 198/198/198 
f 197/197/197 196/196/196 211/211/211 
f 148/148/148 149/149/149 150/150/150 
f 149/149/149 148/148/148 151/151/151 
f 185/185/185 186/186/186 187/187/187 
f 185/185/185 188/188/188 186/186/186 
f 138/138/138 139/139/139 140/140/140 
f 139/139/139 138/138/138 144/144/144 
f 193/193/193 194/194/194 195/195/195 
f 194/194/194 193/193/193 199/199/199 
f 130/130/130 131/131/131 132/132/132 
f 131/131/131 130/130/130 137/137/137 
f 181/181/181 182/182/182 183/183/183 
f 182/182/182 181/181/181 184/184/184 
f 134/134/134 135/135/135 136/136/136 
f 135/135/135 134/134/134 179/179/179 
f 125/125/125 126/126/126 127/127/127 
f 126/126/126 125/125/125 128/128/128 
f 128/128/128 129/129/129 126/126/126 
f 129/129/129 128/128/128 133/133/133 
f 174/174/174 175/175/175 176/176/176 
f 174/174/174 176/176/176 180/180/180 
f 177/177/177 175/175/175 174/174/174 
f 177/177/177 178/178/178 175/175/175 
f 158/158/158 159/159/159 160/160/160 
f 159/159/159 158/158/158 161/161/161 
f 162/162/162 161/161/161 158/158/158 
f 162/162/162 158/158/158 163/163/163 
f 162/162/162 163/163/163 201/201/201 
f 161/161/161 162/162/162 173/173/173 
f 173/173/173 162/162/162 202/202/202 
f 202/202/202 203/203/203 173/173/173 
f 231/231/231 232/232/232 233/233/233 
f 232/232/232 231/231/231 234/234/234 
f 242/242/242 243/243/243 244/244/244 
f 245/245/245 242/242/242 244/244/244 
f 235/235/235 236/236/236 237/237/237 
f 236/236/236 235/235/235 238/238/238 
f 228/228/228 229/229/229 230/230/230 
f 228/228/228 230/230/230 246/246/246 
f 239/239/239 240/240/240 241/241/241 
f 240/240/240 239/239/239 247/247/247 
f 216/216/216 217/217/217 218/218/218 
f 217/217/217 216/216/216 223/223/223 
f 226/226/226 223/223/223 216/216/216 
f 223/223/223 226/226/226 227/227/227 
f 223/223/223 224/224/224 217/217/217 
f 224/224/224 223/223/223 225/225/225 
f 213/213/213 214/214/214 215/215/215 
f 214/214/214 213/213/213 219/219/219 
f 220/220/220 221/221/221 222/222/222 
f 221/221/221 220/220/220 248/248/248 
f 276/276/276 277/277/277 278/278/278 
f 279/279/279 278/278/278 277/277/277 
f 249/249/249 250/250/250 251/251/251 
f 249/249/249 251/251/251 258/258/258 
f 252/252/252 250/250/250 249/249/249 
f 252/252/252 253/253/253 250/250/250 
f 259/259/259 249/249/249 258/258/258 
f 259/259/259 258/258/258 260/260/260 
f 254/254/254 255/255/255 256/256/256 
f 254/254/254 256/256/256 257/257/257 
f 261/261/261 262/262/262 263/263/263 
f 262/262/262 261/261/261 280/280/280 
f 264/264/264 265/265/265 266/266/266 
f 265/265/265 264/264/264 267/267/267 
f 268/268/268 269/269/269 270/270/270 
f 269/269/269 268/268/268 275/275/275 
f 271/271/271 272/272/272 273/273/273 
f 272/272/272 271/271/271 274/274/274 
f 285/285/285 286/286/286 287/287/287 
f 285/285/285 287/287/287 291/291/291 
f 291/291/291 287/287/287 292/292/292 
f 291/291/291 292/292/292 293/293/293 
f 319/319/319 320/320/320 321/321/321 
f 320/320/320 319/319/319 322/322/322 
f 322/322/322 323/323/323 320/320/320 
f 323/323/323 322/322/322 324/324/324 
f 281/281/281 282/282/282 283/283/283 
f 281/281/281 284/284/284 282/282/282 
f 315/315/315 316/316/316 317/317/317 
f 316/316/316 315/315/315 318/318/318 
f 308/308/308 309/309/309 310/310/310 
f 309/309/309 308/308/308 311/311/311 
f 337/337/337 338/338/338 339/339/339 
f 338/338/338 337/337/337 340/340/340 
f 297/297/297 298/298/298 299/299/299 
f 298/298/298 297/297/297 312/312/312 
f 325/325/325 326/326/326 327/327/327 
f 326/326/326 325/325/325 336/336/336 
f 300/300/300 301/301/301 302/302/302 
f 302/302/302 301/301/301 307/307/307 
f 332/332/332 333/333/333 334/334/334 
f 333/333/333 332/332/332 335/335/335 
f 303/303/303 304/304/304 305/305/305 
f 304/304/304 303/303/303 306/306/306 
f 328/328/328 329/329/329 330/330/330 
f 329/329/329 328/328/328 331/331/331 
f 294/294/294 295/295/295 296/296/296 
f 313/313/313 296/296/296 295/295/295 
f 288/288/288 289/289/289 290/290/290 
f 288/288/288 314/314/314 289/289/289 
f 347/347/347 348/348/348 349/349/349 
f 348/348/348 347/347/347 350/350/350 
f 384/384/384 385/385/385 386/386/386 
f 384/384/384 390/390/390 385/385/385 
f 374/374/374 375/375/375 376/376/376 
f 375/375/375 374/374/374 383/383/383 
f 344/344/344 345/345/345 346/346/346 
f 373/373/373 344/344/344 346/346/346 
f 392/392/392 393/393/393 394/394/394 
f 393/393/393 392/392/392 408/408/408 
f 341/341/341 342/342/342 343/343/343 
f 342/342/342 341/341/341 351/351/351 
f 343/343/343 352/352/352 341/341/341 
f 352/352/352 343/343/343 362/362/362 
f 387/387/387 388/388/388 389/389/389 
f 387/387/387 391/391/391 388/388/388 
f 395/395/395 391/391/391 387/387/387 
f 395/395/395 396/396/396 391/391/391 
f 356/356/356 357/357/357 358/358/358 
f 367/367/367 358/358/358 357/357/357 
f 404/404/404 405/405/405 406/406/406 
f 405/405/405 404/404/404 412/412/412 
f 368/368/368 369/369/369 370/370/370 
f 369/369/369 368/368/368 377/377/377 
f 371/371/371 370/370/370 369/369/369 
f 370/370/370 371/371/371 372/372/372 
f 371/371/371 382/382/382 372/372/372 
f 382/382/382 409/409/409 372/372/372 
f 409/409/409 382/382/382 410/410/410 
f 410/410/410 411/411/411 409/409/409 
f 413/413/413 411/411/411 410/410/410 
f 411/411/411 413/413/413 414/414/414 
f 417/417/417 410/410/410 415/415/415 
f 415/415/415 416/416/416 417/417/417 
f 380/380/380 379/379/379 371/371/371 
f 379/379/379 380/380/380 381/381/381 
f 353/353/353 354/354/354 355/355/355 
f 378/378/378 355/355/355 354/354/354 
f 401/401/401 402/402/402 403/403/403 
f 402/402/402 401/401/401 418/418/418 
f 359/359/359 360/360/360 361/361/361 
f 360/360/360 359/359/359 366/366/366 
f 397/397/397 398/398/398 399/399/399 
f 398/398/398 397/397/397 400/400/400 
f 363/363/363 364/364/364 365/365/365 
f 363/363/363 407/407/407 364/364/364 

g Cube0011

v -0.71468 8.93893 -1.93907 
v -0.71468 9.10588 -1.93907 
v -0.537136 8.93893 -1.93907 
v -0.53313 9.11754 -1.93907 
v -0.878977 9.10588 -1.93907 
v -0.878977 9.23321 -1.93907 
v -0.531837 9.23433 -1.93907 
v -0.236355 9.28681 -1.79397 
v -0.236355 9.53431 -2.04147 
v -0.236355 9.28681 -2.04147 
v -0.123757 9.28681 -2.04147 
v -0.236355 9.28681 -2.04147 
v -0.236355 9.53431 -2.04147 
v -0.123757 9.28681 -1.79397 
v -0.123757 9.28681 -2.04147 
v -0.123757 9.22592 -2.04147 
v 0.537136 8.79583 -1.93907 
v -0.537136 8.79583 -1.93907 
v 0.53313 9.11754 -1.93907 
v 0.123748 9.28681 -2.04147 
v -0.123757 9.22592 -2.04147 
v -0.236355 9.28681 -1.79397 
v -0.236355 9.28681 -2.04147 
v -0.123757 9.28681 -2.04147 
v -1.3475 9.97684 -1.93907 
v -0.350115 10.1586 -1.93907 
v -0.223015 9.97551 -1.93907 
v -0.500881 10.3475 -1.93907 
v -1.3475 10.2509 -1.93907 
v -1.53834 10.2504 -1.93907 
v -1.44697 10.346 -1.93907 
v -0.350115 10.3475 -1.93907 
v -1.53834 10.346 -1.93907 
v -1.44697 10.5641 -1.93907 
v -0.224186 10.1586 -1.93907 
v -0.123757 9.22592 -2.04147 
v 0.123748 9.22592 -1.79397 
v -0.123757 9.22592 -1.79397 
v -0.123757 9.22592 -1.79397 
v -0.123757 9.28681 -1.79397 
v -0.236355 9.53431 -1.79397 
v -0.236355 9.53431 -1.79397 
v 0.23635 9.53431 -1.79397 
v -0.236355 9.53431 -2.04147 
v -1.6269 10.5175 -1.93907 
v -1.53834 10.346 -1.93907 
v -1.6269 10.346 -1.93907 
v -1.53723 10.5175 -1.93907 
v -1.44697 10.6382 -1.93907 
v -1.52535 10.5641 -1.93907 
v -1.52535 10.6382 -1.93907 
v -1.44697 10.713 -1.93907 
v -1.34827 10.7137 -1.93907 
v -1.61321 10.639 -1.93907 
v -1.52731 10.7942 -1.93907 
v -1.52535 10.6382 -1.93907 
v -1.61321 10.7942 -1.93907 
v -1.34707 10.9195 -1.93907 
v -1.41926 10.7877 -1.93907 
v -1.41926 10.9205 -1.93907 
v -1.26698 10.7139 -1.93907 
v -0.934108 10.7144 -1.93907 
v -0.50073 10.7152 -1.93907 
v -1.348 10.7877 -1.93907 
v -1.26698 10.7877 -1.93907 
v -1.49059 11.1191 -1.93907 
v -0.439827 10.9637 -1.93907 
v -1.49053 10.9637 -1.93907 
v -0.438385 11.1191 -1.93907 
v -1.10102 10.7142 -1.93907 
v -1.17426 10.714 -1.93907 
v -1.01513 10.7143 -1.93907 
v -1.348 10.7877 -1.93907 
v -1.10104 10.8599 -1.93907 
v -1.17523 10.8599 -1.93907 
v -0.934107 10.7945 -1.93907 
v -1.01513 10.7955 -1.93907 
v -1.67185 11.3002 1.67186 
v 1.67185 11.3002 1.67186 
v -1.67185 11.3002 -1.67186 
v 0.123748 9.22592 -2.04147 
v 0.123748 9.22592 -2.04147 
v 0.123748 9.28681 -2.04147 
v 0.123748 9.22592 -1.79397 
v 0.123748 9.22592 -2.04147 
v 0.537136 8.93893 -1.93907 
v 0.23635 9.28681 -2.04147 
v 0.123748 9.28681 -1.79397 
v 0.123748 9.28681 -2.04147 
v 0.23635 9.53431 -2.04147 
v 0.23635 9.53431 -2.04147 
v 0.71468 9.10588 -1.93907 
v 0.71468 8.93893 -1.93907 
v 0.531837 9.23433 -1.93907 
v 0.878977 9.23321 -1.93907 
v 0.23635 9.28681 -2.04147 
v 0.23635 9.53431 -1.79397 
v 0.23635 9.28681 -2.04147 
v 0.23635 9.53431 -2.04147 
v 0.878977 9.10588 -1.93907 
v 0.123748 9.28681 -1.79397 
v 0.23635 9.28681 -1.79397 
v 0.23635 9.28681 -1.79397 
v 0.350115 10.1586 -1.93907 
v 1.3475 9.97684 -1.93907 
v 0.223015 9.97551 -1.93907 
v 0.224186 10.1586 -1.93907 
v 0.350115 10.3475 -1.93907 
v 0.500881 10.3475 -1.93907 
v 1.3475 10.2509 -1.93907 
v 1.53834 10.2504 -1.93907 
v 1.44697 10.346 -1.93907 
v 1.53834 10.346 -1.93907 
v 1.44697 10.5641 -1.93907 
v 1.53834 10.346 -1.93907 
v 1.6269 10.5175 -1.93907 
v 1.6269 10.346 -1.93907 
v 0.934108 10.7144 -1.93907 
v 1.17426 10.714 -1.93907 
v 1.10102 10.7142 -1.93907 
v 1.01513 10.7143 -1.93907 
v 0.50073 10.7152 -1.93907 
v 1.26698 10.7139 -1.93907 
v 1.34827 10.7137 -1.93907 
v 1.53723 10.5175 -1.93907 
v 1.52535 10.5641 -1.93907 
v 1.44697 10.6382 -1.93907 
v 1.52535 10.6382 -1.93907 
v 1.44697 10.713 -1.93907 
v 1.52731 10.7942 -1.93907 
v 1.61321 10.639 -1.93907 
v 1.52535 10.6382 -1.93907 
v 0.934107 10.7945 -1.93907 
v 1.10104 10.8599 -1.93907 
v 1.01513 10.7955 -1.93907 
v 0.439827 10.9637 -1.93907 
v 1.49059 11.1191 -1.93907 
v 1.49053 10.9637 -1.93907 
v 0.438385 11.1191 -1.93907 
v 1.67185 11.3002 -1.67186 
v 1.17523 10.8599 -1.93907 
v 1.348 10.7877 -1.93907 
v 1.61321 10.7942 -1.93907 
v 1.26698 10.7877 -1.93907 
v 1.34707 10.9195 -1.93907 
v 1.41926 10.7877 -1.93907 
v 1.348 10.7877 -1.93907 
v 1.41926 10.9205 -1.93907 

vn 0 0 -1 
vn 0 0 -1 
vn 0 0 -1 
vn 0 0 -1 
vn 0 0 -1 
vn 0 0 -1 
vn 0 0 -1 
vn -1 0 0 
vn -1 0 0 
vn -1 0 0 
vn 0 0 -1 
vn 0 0 -1 
vn 0 0 -1 
vn -1 0 0 
vn -1 0 0 
vn -1 0 0 
vn 0 0 -1 
vn 0 0 -1 
vn 0 0 -1 
vn 0 0 -1 
vn 0 0 -1 
vn 0 -1 0 
vn 0 -1 0 
vn 0 -1 0 
vn 0 0 -1 
vn 0 0 -1 
vn 0 0 -1 
vn 0 0 -1 
vn 0 0 -1 
vn 0 0 -1 
vn 0 0 -1 
vn 0 0 -1 
vn 0 0 -1 
vn 0 0 -1 
vn 0 0 -1 
vn 0 -1 0 
vn 0 -1 0 
vn 0 -1 0 
vn -1 0 0 
vn 0 -1 0 
vn -1 0 0 
vn 0 1 0 
vn 0 1 0 
vn 0 1 0 
vn 0 0 -1 
vn 0 0 -1 
vn 0 0 -1 
vn 0 0 -1 
vn 0 0 -1 
vn 0 0 -1 
vn 0 0 -1 
vn 0 0 -1 
vn 0 0 -1 
vn 0 0 -1 
vn 0 0 -1 
vn 0 0 -1 
vn 0 0 -1 
vn 0 0 -1 
vn 0 0 -1 
vn 0 0 -1 
vn 0 0 -1 
vn 0 0 -1 
vn 0 0 -1 
vn 0 0 -1 
vn 0 0 -1 
vn 0 0 -1 
vn 0 0 -1 
vn 0 0 -1 
vn 0 0 -1 
vn 0 0 -1 
vn 0 0 -1 
vn 0 0 -1 
vn 0 0 -1 
vn 0 0 -1 
vn 0 0 -1 
vn 0 0 -1 
vn 0 0 -1 
vn 0 1 0 
vn 0 1 0 
vn 0 1 0 
vn 0 -1 0 
vn 0 0 -1 
vn 1 0 0 
vn 1 0 0 
vn 1 0 0 
vn 0 0 -1 
vn 0 -1 0 
vn 0 -1 0 
vn 0 -1 0 
vn 0 0 -1 
vn 0 1 0 
vn 0 0 -1 
vn 0 0 -1 
vn 0 0 -1 
vn 0 0 -1 
vn 0 0 -1 
vn 1 0 0 
vn 1 0 0 
vn 1 0 0 
vn 0 0 -1 
vn 1 0 0 
vn 0 -1 0 
vn 1 0 0 
vn 0 0 -1 
vn 0 0 -1 
vn 0 0 -1 
vn 0 0 -1 
vn 0 0 -1 
vn 0 0 -1 
vn 0 0 -1 
vn 0 0 -1 
vn 0 0 -1 
vn 0 0 -1 
vn 0 0 -1 
vn 0 0 -1 
vn 0 0 -1 
vn 0 0 -1 
vn 0 0 -1 
vn 0 0 -1 
vn 0 0 -1 
vn 0 0 -1 
vn 0 0 -1 
vn 0 0 -1 
vn 0 0 -1 
vn 0 0 -1 
vn 0 0 -1 
vn 0 0 -1 
vn 0 0 -1 
vn 0 0 -1 
vn 0 0 -1 
vn 0 0 -1 
vn 0 0 -1 
vn 0 0 -1 
vn 0 0 -1 
vn 0 0 -1 
vn 0 0 -1 
vn 0 0 -1 
vn 0 0 -1 
vn 0 0 -1 
vn 0 1 0 
vn 0 0 -1 
vn 0 0 -1 
vn 0 0 -1 
vn 0 0 -1 
vn 0 0 -1 
vn 0 0 -1 
vn 0 0 -1 
vn 0 0 -1 

vt 0.824977 0.0415268 
vt 0.864035 0.0415268 
vt 0.824977 0.0830643 
vt 0.866763 0.0840014 
vt 0.864035 0.00308853 
vt 0.893825 0.00308853 
vt 0.894088 0.0843039 
vt 0.240655 0.834589 
vt 0.182749 0.892494 
vt 0.182749 0.834589 
vt 0.288686 0.849562 
vt 0.262343 0.849562 
vt 0.262343 0.791657 
vt 0.378779 0.833625 
vt 0.436685 0.833624 
vt 0.436685 0.84787 
vt 0.791499 0.334397 
vt 0.791499 0.0830643 
vt 0.866763 0.33346 
vt 0.346591 0.849562 
vt 0.288686 0.863807 
vt 0.819182 0.400029 
vt 0.819182 0.342123 
vt 0.792839 0.342123 
vt 0.997371 0.619942 
vt 0.954837 0.386598 
vt 0.997681 0.356862 
vt 0.910646 0.42187 
vt 0.933255 0.619942 
vt 0.933364 0.66459 
vt 0.911001 0.643214 
vt 0.910646 0.386598 
vt 0.911001 0.66459 
vt 0.859989 0.643214 
vt 0.954837 0.357136 
vt 0.791558 0.667246 
vt 0.849463 0.725152 
vt 0.849463 0.667246 
vt 0.378779 0.84787 
vt 0.792839 0.400029 
vt 0.240655 0.892494 
vt 0.00256357 0.832995 
vt 0.113156 0.832995 
vt 0.00256358 0.890901 
vt 0.677339 0.831932 
vt 0.65662 0.791809 
vt 0.677339 0.791809 
vt 0.656361 0.831932 
vt 0.842631 0.643214 
vt 0.859989 0.661551 
vt 0.842631 0.661551 
vt 0.825133 0.643214 
vt 0.824973 0.620122 
vt 0.443402 0.83369 
vt 0.479716 0.853787 
vt 0.443218 0.854245 
vt 0.479716 0.83369 
vt 0.395247 0.794724 
vt 0.378358 0.825557 
vt 0.378358 0.794496 
vt 0.82494 0.601103 
vt 0.824804 0.523226 
vt 0.824627 0.421835 
vt 0.807666 0.620058 
vt 0.807666 0.601103 
vt 0.00882893 0.790786 
vt 0.254661 0.827151 
vt 0.0088434 0.827151 
vt 0.254998 0.790786 
vt 0.824872 0.562277 
vt 0.824902 0.579411 
vt 0.824837 0.542181 
vt 0.395031 0.825557 
vt 0.790766 0.56228 
vt 0.790766 0.579639 
vt 0.806068 0.523226 
vt 0.805839 0.542183 
vt 0.785714 0.785714 
vt 0.00343345 0.785714 
vt 0.785714 0.00343132 
vt 0.791558 0.725152 
vt 0.346591 0.863807 
vt 0.806432 0.465372 
vt 0.792187 0.407467 
vt 0.792187 0.465372 
vt 0.824977 0.334397 
vt 0.792839 0.00265682 
vt 0.819182 0.0605621 
vt 0.819182 0.00265682 
vt 0.372935 0.791657 
vt 0.113156 0.890901 
vt 0.864035 0.375934 
vt 0.824977 0.375934 
vt 0.894088 0.333157 
vt 0.893825 0.414372 
vt 0.372935 0.849562 
vt 0.176905 0.890901 
vt 0.119 0.832995 
vt 0.119 0.890901 
vt 0.864035 0.414372 
vt 0.806432 0.407467 
vt 0.792839 0.0605621 
vt 0.176905 0.832995 
vt 0.65594 0.922962 
vt 0.889284 0.965496 
vt 0.626204 0.965806 
vt 0.626478 0.922962 
vt 0.65594 0.878771 
vt 0.691212 0.878771 
vt 0.889284 0.90138 
vt 0.933932 0.90149 
vt 0.912556 0.879126 
vt 0.933932 0.879126 
vt 0.912556 0.828114 
vt 0.812548 0.473061 
vt 0.791829 0.513184 
vt 0.791829 0.473061 
vt 0.792568 0.792929 
vt 0.848753 0.793027 
vt 0.83162 0.792997 
vt 0.811523 0.792962 
vt 0.691177 0.792752 
vt 0.870445 0.793065 
vt 0.889464 0.793098 
vt 0.812807 0.513184 
vt 0.930893 0.828114 
vt 0.912556 0.810757 
vt 0.930893 0.810757 
vt 0.912556 0.793258 
vt 0.815537 0.766589 
vt 0.79544 0.730275 
vt 0.815995 0.730092 
vt 0.792568 0.774193 
vt 0.831622 0.758891 
vt 0.811525 0.773965 
vt 0.40282 0.827151 
vt 0.648652 0.790786 
vt 0.648638 0.827151 
vt 0.402483 0.790786 
vt 0.00343345 0.00343132 
vt 0.848981 0.758891 
vt 0.8894 0.775792 
vt 0.795441 0.766589 
vt 0.870446 0.775792 
vt 0.80962 0.657986 
vt 0.792731 0.627153 
vt 0.809403 0.627154 
vt 0.792731 0.658215 

usemtl Cube0011Mtl

f 496/496/496 497/497/497 498/498/498 
f 497/497/497 558/558/558 498/498/498 
f 454/454/454 455/455/455 456/456/456 
f 454/454/454 499/499/499 455/455/455 
f 440/440/440 441/441/441 442/442/442 
f 442/442/442 458/458/458 440/440/440 
f 505/505/505 506/506/506 507/507/507 
f 506/506/506 505/505/505 520/520/520 
f 515/515/515 516/516/516 517/517/517 
f 516/516/516 515/515/515 521/521/521 
f 426/426/426 427/427/427 428/428/428 
f 427/427/427 426/426/426 459/459/459 
f 429/429/429 430/430/430 431/431/431 
f 431/431/431 438/438/438 429/429/429 
f 438/438/438 439/439/439 429/429/429 
f 439/439/439 438/438/438 500/500/500 
f 431/431/431 508/508/508 438/438/438 
f 514/514/514 438/438/438 508/508/508 
f 432/432/432 433/433/433 434/434/434 
f 432/432/432 434/434/434 457/457/457 
f 501/501/501 502/502/502 503/503/503 
f 502/502/502 501/501/501 519/519/519 
f 419/419/419 420/420/420 421/421/421 
f 420/420/420 423/423/423 424/424/424 
f 425/425/425 420/420/420 424/424/424 
f 422/422/422 420/420/420 425/425/425 
f 420/420/420 422/422/422 421/421/421 
f 437/437/437 421/421/421 422/422/422 
f 421/421/421 435/435/435 436/436/436 
f 421/421/421 504/504/504 435/435/435 
f 504/504/504 421/421/421 437/437/437 
f 510/510/510 504/504/504 437/437/437 
f 504/504/504 510/510/510 511/511/511 
f 512/512/512 510/510/510 437/437/437 
f 510/510/510 512/512/512 513/513/513 
f 510/510/510 513/513/513 518/518/518 
f 443/443/443 444/444/444 445/445/445 
f 453/453/453 445/445/445 444/444/444 
f 443/443/443 446/446/446 444/444/444 
f 446/446/446 450/450/450 444/444/444 
f 447/447/447 446/446/446 443/443/443 
f 480/480/480 481/481/481 446/446/446 
f 446/446/446 447/447/447 480/480/480 
f 480/480/480 447/447/447 490/490/490 
f 490/490/490 494/494/494 480/480/480 
f 494/494/494 490/490/490 495/495/495 
f 490/490/490 447/447/447 488/488/488 
f 488/488/488 447/447/447 489/489/489 
f 492/492/492 488/488/488 489/489/489 
f 492/492/492 489/489/489 493/493/493 
f 452/452/452 489/489/489 447/447/447 
f 489/489/489 452/452/452 479/479/479 
f 452/452/452 447/447/447 449/449/449 
f 448/448/448 449/449/449 447/447/447 
f 449/449/449 448/448/448 451/451/451 
f 479/479/479 482/482/482 483/483/483 
f 482/482/482 479/479/479 471/471/471 
f 479/479/479 452/452/452 471/471/471 
f 471/471/471 452/452/452 467/467/467 
f 470/470/470 471/471/471 467/467/467 
f 468/468/468 467/467/467 452/452/452 
f 467/467/467 468/468/468 469/469/469 
f 463/463/463 464/464/464 465/465/465 
f 466/466/466 464/464/464 463/463/463 
f 472/472/472 473/473/473 474/474/474 
f 473/473/473 472/472/472 475/475/475 
f 476/476/476 477/477/477 478/478/478 
f 477/477/477 476/476/476 491/491/491 
f 484/484/484 485/485/485 486/486/486 
f 485/485/485 484/484/484 487/487/487 
f 522/522/522 523/523/523 524/524/524 
f 524/524/524 525/525/525 522/522/522 
f 523/523/523 522/522/522 527/527/527 
f 522/522/522 526/526/526 527/527/527 
f 527/527/527 528/528/528 523/523/523 
f 527/527/527 540/540/540 536/536/536 
f 528/528/528 527/527/527 536/536/536 
f 528/528/528 536/536/536 539/539/539 
f 539/539/539 536/536/536 551/551/551 
f 553/553/553 539/539/539 551/551/551 
f 538/538/538 528/528/528 539/539/539 
f 537/537/537 528/528/528 538/538/538 
f 552/552/552 537/537/537 538/538/538 
f 537/537/537 552/552/552 559/559/559 
f 532/532/532 528/528/528 537/537/537 
f 532/532/532 537/537/537 541/541/541 
f 528/528/528 532/532/532 530/530/530 
f 529/529/529 528/528/528 530/530/530 
f 529/529/529 530/530/530 531/531/531 
f 560/560/560 541/541/541 562/562/562 
f 541/541/541 560/560/560 542/542/542 
f 542/542/542 532/532/532 541/541/541 
f 532/532/532 542/542/542 545/545/545 
f 542/542/542 547/547/547 545/545/545 
f 544/544/544 532/532/532 545/545/545 
f 545/545/545 546/546/546 544/544/544 
f 533/533/533 534/534/534 535/535/535 
f 534/534/534 533/533/533 543/543/543 
f 548/548/548 549/549/549 550/550/550 
f 549/549/549 548/548/548 561/561/561 
f 554/554/554 555/555/555 556/556/556 
f 555/555/555 554/554/554 557/557/557 
f 563/563/563 564/564/564 565/565/565 
f 566/566/566 564/564/564 563/563/563 
f 460/460/460 461/461/461 462/462/462 
f 509/509/509 462/462/462 461/461/461 

g Cube0021

v -3.57065 7.52706 -0.276117 
v -3.57065 7.6888 -0.156599 
v -3.57065 7.52706 -0.156599 
v -3.5627 7.52706 -0.12772 
v -3.5627 7.6888 -0.0082024 
v -3.5627 7.52706 -0.00820242 
v -3.09407 7.51183 -0.43475 
v -3.09407 7.70402 -0.292732 
v -3.09407 7.51183 -0.292732 
v -1.92487 7.44184 -0.170574 
v -1.92487 7.78299 0.170574 
v -1.92487 7.44184 0.170574 
v -0.593782 7.41203 -0.200385 
v -0.593782 7.8128 0.200385 
v -0.593782 7.41203 0.200385 
v -3.56655 7.52706 0.157448 
v -3.56655 7.6888 0.276966 
v -3.56655 7.52706 0.276966 
v -3.56655 7.6888 0.157448 
v -3.55884 7.52706 0.0148639 
v -3.55884 7.6888 0.134382 
v -3.55884 7.52706 0.134382 
v -3.03832 7.49018 -0.302638 
v -3.03832 7.72568 0.29616 
v -3.03832 7.49018 0.29616 
v -3.55884 7.6888 0.0148639 
v -3.57065 7.6888 -0.276117 
v -3.5627 7.6888 -0.12772 
v -3.09407 7.70402 -0.43475 
v -3.03832 7.72568 -0.302638 
v 0.273741 8.21662 0.253157 
v 0.273741 7.88668 -0.253158 
v 0.273741 8.21662 -0.253158 
v -1.92487 7.78299 -0.170574 
v -0.593782 7.8128 -0.200385 
v 0.273741 7.88668 0.253157 
v 0.640968 7.55018 -0.304502 
v 0.640968 7.91308 0.304501 
v 0.640968 7.55018 0.304501 
v 3.5878 7.72568 -0.302638 
v 3.5878 7.49018 0.29616 
v 3.5878 7.49018 -0.302638 
v 3.54249 7.70402 -0.43475 
v 3.54249 7.51183 -0.292732 
v 3.54249 7.51183 -0.43475 
v 3.94007 7.6888 -0.12772 
v 3.94007 7.52706 -0.00820242 
v 3.94007 7.52706 -0.12772 
v 3.94802 7.6888 -0.276117 
v 3.94802 7.52706 -0.156599 
v 3.94802 7.52706 -0.276117 
v 2.00031 7.8128 -0.200385 
v 2.00031 7.41203 0.200385 
v 2.00031 7.41203 -0.200385 
v 3.12215 7.78299 -0.170574 
v 3.12215 7.44184 0.170574 
v 3.12215 7.44184 -0.170574 
v 3.93622 7.6888 0.0148639 
v 3.93622 7.52706 0.134382 
v 3.93622 7.52706 0.0148639 
v 3.94393 7.6888 0.157448 
v 3.94393 7.52706 0.276966 
v 3.94393 7.52706 0.157448 
v 3.93622 7.6888 0.134382 
v 3.54249 7.70402 -0.292732 
v 0.640968 7.91308 -0.304502 
v 3.94007 7.6888 -0.0082024 
v 3.94802 7.6888 -0.156599 
v 3.12215 7.78299 0.170574 
v 2.00031 7.8128 0.200385 
v 3.5878 7.72568 0.29616 
v 3.94393 7.6888 0.276966 
v -3.94802 7.6888 -0.156599 
v -3.57065 7.6888 -0.276117 
v -3.94802 7.6888 -0.276117 
v -3.94007 7.6888 -0.0082024 
v -3.5627 7.6888 -0.12772 
v -3.94007 7.6888 -0.12772 
v -3.57065 7.6888 -0.156599 
v -3.54249 7.70402 -0.292732 
v -3.09407 7.70402 -0.43475 
v -3.54249 7.70402 -0.43475 
v -3.09407 7.70402 -0.292732 
v -3.5627 7.6888 -0.0082024 
v -3.94393 7.6888 0.276966 
v -3.56655 7.6888 0.157448 
v -3.94393 7.6888 0.157448 
v -3.93622 7.6888 0.134382 
v -3.55884 7.6888 0.0148639 
v -3.93622 7.6888 0.0148639 
v -3.56655 7.6888 0.276966 
v -3.55884 7.6888 0.134382 
v -3.03832 7.72568 0.29616 
v -3.03832 7.72568 -0.302638 
v -3.5878 7.72568 0.29616 
v -3.5878 7.72568 -0.302638 
v -2.00031 7.8128 0.200385 
v -0.593782 7.8128 -0.200385 
v -2.00031 7.8128 -0.200385 
v -0.640968 7.91308 0.304501 
v -0.510951 7.91308 -0.304502 
v -0.640968 7.91308 -0.304502 
v -0.273735 8.21662 0.253157 
v 0.273741 8.21662 -0.253158 
v -0.273735 8.21662 -0.253158 
v -3.12215 7.78299 0.170574 
v -1.92487 7.78299 -0.170574 
v -3.12215 7.78299 -0.170574 
v -1.92487 7.78299 0.170574 
v -0.593782 7.8128 0.200385 
v -0.510951 7.91308 0.304501 
v -0.401333 7.91308 0.304501 
v 0.401333 7.91308 0.304501 
v -0.401333 7.91308 -0.304502 
v 0.273741 8.21662 0.253157 
v 3.57065 7.6888 -0.156599 
v 3.94802 7.6888 -0.156599 
v 3.57065 7.6888 -0.276117 
v 3.09407 7.70402 -0.292732 
v 3.54249 7.70402 -0.292732 
v 3.09407 7.70402 -0.43475 
v 3.94007 7.6888 -0.12772 
v 3.5627 7.6888 -0.12772 
v 3.94007 7.6888 -0.0082024 
v 3.94802 7.6888 -0.276117 
v 3.5627 7.6888 -0.0082024 
v 3.55884 7.6888 0.134382 
v 3.93622 7.6888 0.134382 
v 3.55884 7.6888 0.0148639 
v 3.56655 7.6888 0.276966 
v 3.94393 7.6888 0.276966 
v 3.56655 7.6888 0.157448 
v 3.93622 7.6888 0.0148639 
v 3.94393 7.6888 0.157448 
v 3.54249 7.70402 -0.43475 
v 0.401333 7.91308 -0.304502 
v 0.510951 7.91308 0.304501 
v 0.640968 7.91308 -0.304502 
v 0.510951 7.91308 -0.304502 
v 2.00031 7.8128 -0.200385 
v 0.593782 7.8128 -0.200385 
v 2.00031 7.8128 0.200385 
v 3.5878 7.72568 0.29616 
v 3.5878 7.72568 -0.302638 
v 3.03832 7.72568 -0.302638 
v 3.12215 7.78299 -0.170574 
v 1.92487 7.78299 -0.170574 
v 3.12215 7.78299 0.170574 
v 0.593782 7.8128 0.200385 
v 0.640968 7.91308 0.304501 
v 1.92487 7.78299 0.170574 
v 3.03832 7.72568 0.29616 
v -3.57065 7.52706 -0.156599 
v -3.94802 7.6888 -0.156599 
v -3.94802 7.52706 -0.156599 
v -3.5627 7.52706 -0.00820242 
v -3.94007 7.6888 -0.0082024 
v -3.94007 7.52706 -0.00820242 
v -3.55884 7.52706 0.134382 
v -3.93622 7.6888 0.134382 
v -3.93622 7.52706 0.134382 
v -3.09407 7.51183 -0.292732 
v -3.54249 7.70402 -0.292732 
v -3.54249 7.51183 -0.292732 
v -3.55884 7.6888 0.134382 
v -1.92487 7.44184 0.170574 
v -3.12215 7.78299 0.170574 
v -3.12215 7.44184 0.170574 
v -3.56655 7.52706 0.276966 
v -3.94393 7.6888 0.276966 
v -3.94393 7.52706 0.276966 
v -3.56655 7.6888 0.276966 
v -3.03832 7.49018 0.29616 
v -3.5878 7.72568 0.29616 
v -3.5878 7.49018 0.29616 
v -0.593782 7.41203 0.200385 
v -2.00031 7.8128 0.200385 
v -2.00031 7.41203 0.200385 
v -3.57065 7.6888 -0.156599 
v -3.5627 7.6888 -0.0082024 
v -3.09407 7.70402 -0.292732 
v -1.92487 7.78299 0.170574 
v -0.593782 7.8128 0.200385 
v 0.273741 7.88668 0.253157 
v -0.273735 8.21662 0.253157 
v -0.273735 7.88668 0.253157 
v -3.03832 7.72568 0.29616 
v -0.510951 7.55018 0.304501 
v -0.640968 7.91308 0.304501 
v -0.640968 7.55018 0.304501 
v -0.510951 7.91308 0.304501 
v -0.401333 7.55018 0.304501 
v 0.401333 7.55018 0.304501 
v -0.401333 7.91308 0.304501 
v 0.273741 8.21662 0.253157 
v 3.54249 7.70402 -0.292732 
v 3.09407 7.51183 -0.292732 
v 3.54249 7.51183 -0.292732 
v 3.93622 7.6888 0.134382 
v 3.55884 7.52706 0.134382 
v 3.93622 7.52706 0.134382 
v 3.94007 7.6888 -0.0082024 
v 3.5627 7.52706 -0.00820242 
v 3.94007 7.52706 -0.00820242 
v 3.94802 7.6888 -0.156599 
v 3.57065 7.52706 -0.156599 
v 3.94802 7.52706 -0.156599 
v 3.55884 7.6888 0.134382 
v 2.00031 7.8128 0.200385 
v 0.593782 7.41203 0.200385 
v 2.00031 7.41203 0.200385 
v 3.12215 7.78299 0.170574 
v 1.92487 7.44184 0.170574 
v 3.12215 7.44184 0.170574 
v 3.5878 7.72568 0.29616 
v 3.03832 7.49018 0.29616 
v 3.5878 7.49018 0.29616 
v 3.94393 7.6888 0.276966 
v 3.56655 7.52706 0.276966 
v 3.94393 7.52706 0.276966 
v 3.56655 7.6888 0.276966 
v 3.09407 7.70402 -0.292732 
v 1.92487 7.78299 0.170574 
v 3.5627 7.6888 -0.0082024 
v 3.57065 7.6888 -0.156599 
v 0.593782 7.8128 0.200385 
v 0.640968 7.55018 0.304501 
v 0.510951 7.91308 0.304501 
v 0.510951 7.55018 0.304501 
v 0.401333 7.91308 0.304501 
v 0.640968 7.91308 0.304501 
v 3.03832 7.72568 0.29616 
v -3.94802 7.52706 -0.156599 
v -3.94802 7.6888 -0.276117 
v -3.94802 7.52706 -0.276117 
v -3.94007 7.52706 -0.00820242 
v -3.94007 7.6888 -0.12772 
v -3.94007 7.52706 -0.12772 
v -3.5878 7.49018 0.29616 
v -3.5878 7.72568 -0.302638 
v -3.5878 7.49018 -0.302638 
v -3.54249 7.51183 -0.292732 
v -3.54249 7.70402 -0.43475 
v -3.54249 7.51183 -0.43475 
v -2.00031 7.41203 0.200385 
v -2.00031 7.8128 -0.200385 
v -2.00031 7.41203 -0.200385 
v -3.94393 7.52706 0.276966 
v -3.94393 7.6888 0.157448 
v -3.94393 7.52706 0.157448 
v -3.94393 7.6888 0.276966 
v -3.93622 7.52706 0.134382 
v -3.93622 7.6888 0.0148639 
v -3.93622 7.52706 0.0148639 
v -3.12215 7.44184 0.170574 
v -3.12215 7.78299 -0.170574 
v -3.12215 7.44184 -0.170574 
v -3.93622 7.6888 0.134382 
v -3.94802 7.6888 -0.156599 
v -3.94007 7.6888 -0.0082024 
v -3.54249 7.70402 -0.292732 
v -0.640968 7.55018 0.304501 
v -0.640968 7.91308 -0.304502 
v -0.640968 7.55018 -0.304502 
v -3.12215 7.78299 0.170574 
v -3.5878 7.72568 0.29616 
v -2.00031 7.8128 0.200385 
v -0.640968 7.91308 0.304501 
v -0.273735 7.88668 0.253157 
v -0.273735 8.21662 -0.253158 
v -0.273735 7.88668 -0.253158 
v 1.92487 7.78299 0.170574 
v 1.92487 7.44184 -0.170574 
v 1.92487 7.44184 0.170574 
v 3.09407 7.70402 -0.292732 
v 3.09407 7.51183 -0.43475 
v 3.09407 7.51183 -0.292732 
v 3.5627 7.6888 -0.0082024 
v 3.5627 7.52706 -0.12772 
v 3.5627 7.52706 -0.00820242 
v 3.57065 7.6888 -0.156599 
v 3.57065 7.52706 -0.276117 
v 3.57065 7.52706 -0.156599 
v 0.593782 7.8128 0.200385 
v 0.593782 7.41203 -0.200385 
v 0.593782 7.41203 0.200385 
v 3.03832 7.72568 0.29616 
v 3.03832 7.49018 -0.302638 
v 3.03832 7.49018 0.29616 
v 3.55884 7.6888 0.134382 
v 3.55884 7.52706 0.0148639 
v 3.55884 7.52706 0.134382 
v 3.56655 7.6888 0.276966 
v 3.56655 7.52706 0.157448 
v 3.56655 7.52706 0.276966 
v 3.55884 7.6888 0.0148639 
v 3.09407 7.70402 -0.43475 
v 3.03832 7.72568 -0.302638 
v 3.5627 7.6888 -0.12772 
v 3.57065 7.6888 -0.276117 
v 0.593782 7.8128 -0.200385 
v -0.273735 8.21662 0.253157 
v 1.92487 7.78299 -0.170574 
v 3.56655 7.6888 0.157448 
v -3.54249 7.51183 -0.43475 
v -3.09407 7.51183 -0.292732 
v -3.54249 7.51183 -0.292732 
v -3.09407 7.51183 -0.43475 
v -3.5878 7.49018 -0.302638 
v -3.03832 7.49018 -0.302638 
v -3.03832 7.49018 0.29616 
v -2.00031 7.41203 -0.200385 
v -0.593782 7.41203 -0.200385 
v -0.593782 7.41203 0.200385 
v -3.12215 7.44184 -0.170574 
v -1.92487 7.44184 -0.170574 
v -1.92487 7.44184 0.170574 
v -3.5878 7.49018 0.29616 
v -3.12215 7.44184 0.170574 
v -2.00031 7.41203 0.200385 
v -3.94802 7.52706 -0.276117 
v -3.57065 7.52706 -0.276117 
v -3.57065 7.52706 -0.156599 
v -3.94802 7.52706 -0.156599 
v -3.94007 7.52706 -0.12772 
v -3.5627 7.52706 -0.00820242 
v -3.94007 7.52706 -0.00820242 
v -3.5627 7.52706 -0.12772 
v -3.93622 7.52706 0.0148639 
v -3.55884 7.52706 0.0148639 
v -3.55884 7.52706 0.134382 
v -0.273735 7.88668 -0.253158 
v 0.273741 7.88668 0.253157 
v -0.273735 7.88668 0.253157 
v -3.94393 7.52706 0.157448 
v -3.56655 7.52706 0.276966 
v -3.94393 7.52706 0.276966 
v -3.93622 7.52706 0.134382 
v -3.56655 7.52706 0.157448 
v 0.273741 7.88668 -0.253158 
v 2.00031 7.41203 -0.200385 
v 0.593782 7.41203 0.200385 
v 0.593782 7.41203 -0.200385 
v 3.5878 7.49018 -0.302638 
v 3.03832 7.49018 0.29616 
v 3.03832 7.49018 -0.302638 
v 3.54249 7.51183 -0.43475 
v 3.09407 7.51183 -0.292732 
v 3.09407 7.51183 -0.43475 
v 3.54249 7.51183 -0.292732 
v 3.12215 7.44184 -0.170574 
v 1.92487 7.44184 0.170574 
v 1.92487 7.44184 -0.170574 
v 2.00031 7.41203 0.200385 
v 3.12215 7.44184 0.170574 
v 3.5878 7.49018 0.29616 
v 3.93622 7.52706 0.0148639 
v 3.55884 7.52706 0.134382 
v 3.55884 7.52706 0.0148639 
v 3.94007 7.52706 -0.12772 
v 3.5627 7.52706 -0.00820242 
v 3.5627 7.52706 -0.12772 
v 3.94802 7.52706 -0.276117 
v 3.57065 7.52706 -0.156599 
v 3.57065 7.52706 -0.276117 
v 3.94802 7.52706 -0.156599 
v 3.94007 7.52706 -0.00820242 
v 3.94393 7.52706 0.157448 
v 3.56655 7.52706 0.276966 
v 3.56655 7.52706 0.157448 
v 3.93622 7.52706 0.134382 
v 3.94393 7.52706 0.276966 
v -3.54249 7.51183 -0.43475 
v -3.09407 7.70402 -0.43475 
v -3.09407 7.51183 -0.43475 
v -3.94802 7.52706 -0.276117 
v -3.57065 7.6888 -0.276117 
v -3.57065 7.52706 -0.276117 
v -3.5878 7.49018 -0.302638 
v -3.03832 7.72568 -0.302638 
v -3.03832 7.49018 -0.302638 
v -2.00031 7.41203 -0.200385 
v -0.593782 7.8128 -0.200385 
v -0.593782 7.41203 -0.200385 
v -3.12215 7.44184 -0.170574 
v -1.92487 7.78299 -0.170574 
v -1.92487 7.44184 -0.170574 
v -3.94007 7.52706 -0.12772 
v -3.5627 7.6888 -0.12772 
v -3.5627 7.52706 -0.12772 
v -3.56655 7.6888 0.157448 
v -3.94393 7.52706 0.157448 
v -3.94393 7.6888 0.157448 
v -3.55884 7.6888 0.0148639 
v -3.93622 7.52706 0.0148639 
v -3.93622 7.6888 0.0148639 
v -3.56655 7.52706 0.157448 
v -3.55884 7.52706 0.0148639 
v -3.94802 7.6888 -0.276117 
v -3.54249 7.70402 -0.43475 
v -0.510951 7.91308 -0.304502 
v -0.640968 7.55018 -0.304502 
v -0.640968 7.91308 -0.304502 
v -0.510951 7.55018 -0.304502 
v -0.401333 7.91308 -0.304502 
v 0.401333 7.91308 -0.304502 
v -0.401333 7.55018 -0.304502 
v -3.5878 7.72568 -0.302638 
v -3.94007 7.6888 -0.12772 
v -3.12215 7.78299 -0.170574 
v -2.00031 7.8128 -0.200385 
v 0.273741 8.21662 -0.253158 
v -0.273735 7.88668 -0.253158 
v -0.273735 8.21662 -0.253158 
v 0.273741 7.88668 -0.253158 
v 0.593782 7.8128 -0.200385 
v 2.00031 7.41203 -0.200385 
v 0.593782 7.41203 -0.200385 
v 3.03832 7.72568 -0.302638 
v 3.5878 7.49018 -0.302638 
v 3.03832 7.49018 -0.302638 
v 3.09407 7.70402 -0.43475 
v 3.54249 7.51183 -0.43475 
v 3.09407 7.51183 -0.43475 
v 3.57065 7.6888 -0.276117 
v 3.94802 7.52706 -0.276117 
v 3.57065 7.52706 -0.276117 
v 1.92487 7.78299 -0.170574 
v 3.12215 7.44184 -0.170574 
v 1.92487 7.44184 -0.170574 
v 3.55884 7.6888 0.0148639 
v 3.93622 7.52706 0.0148639 
v 3.55884 7.52706 0.0148639 
v 3.5627 7.6888 -0.12772 
v 3.94007 7.52706 -0.12772 
v 3.5627 7.52706 -0.12772 
v 3.56655 7.6888 0.157448 
v 3.94393 7.52706 0.157448 
v 3.56655 7.52706 0.157448 
v 3.93622 7.6888 0.0148639 
v 3.94393 7.6888 0.157448 
v 0.401333 7.55018 -0.304502 
v 0.640968 7.91308 -0.304502 
v 0.510951 7.55018 -0.304502 
v 0.510951 7.91308 -0.304502 
v 0.640968 7.55018 -0.304502 
v 3.54249 7.70402 -0.43475 
v 3.5878 7.72568 -0.302638 
v 3.12215 7.78299 -0.170574 
v 2.00031 7.8128 -0.200385 
v 3.94007 7.6888 -0.12772 
v 3.94802 7.6888 -0.276117 

vn 1 0 0 
vn 1 0 0 
vn 1 0 0 
vn 1 0 0 
vn 1 0 0 
vn 1 0 0 
vn 1 0 0 
vn 1 0 0 
vn 1 0 0 
vn 1 0 0 
vn 1 0 0 
vn 1 0 0 
vn 1 0 0 
vn 1 0 0 
vn 1 0 0 
vn 1 0 0 
vn 1 0 0 
vn 1 0 0 
vn 1 0 0 
vn 1 0 0 
vn 1 0 0 
vn 1 0 0 
vn 1 0 0 
vn 1 0 0 
vn 1 0 0 
vn 1 0 0 
vn 1 0 0 
vn 1 0 0 
vn 1 0 0 
vn 1 0 0 
vn 1 0 0 
vn 1 0 0 
vn 1 0 0 
vn 1 0 0 
vn 1 0 0 
vn 1 0 0 
vn 1 0 0 
vn 1 0 0 
vn 1 0 0 
vn 1 0 0 
vn 1 0 0 
vn 1 0 0 
vn 1 0 0 
vn 1 0 0 
vn 1 0 0 
vn 1 0 0 
vn 1 0 0 
vn 1 0 0 
vn 1 0 0 
vn 1 0 0 
vn 1 0 0 
vn 1 0 0 
vn 1 0 0 
vn 1 0 0 
vn 1 0 0 
vn 1 0 0 
vn 1 0 0 
vn 1 0 0 
vn 1 0 0 
vn 1 0 0 
vn 1 0 0 
vn 1 0 0 
vn 1 0 0 
vn 1 0 0 
vn 1 0 0 
vn 1 0 0 
vn 1 0 0 
vn 1 0 0 
vn 1 0 0 
vn 1 0 0 
vn 1 0 0 
vn 1 0 0 
vn 0 1 0 
vn 0 1 0 
vn 0 1 0 
vn 0 1 0 
vn 0 1 0 
vn 0 1 0 
vn 0 1 0 
vn 0 1 0 
vn 0 1 0 
vn 0 1 0 
vn 0 1 0 
vn 0 1 0 
vn 0 1 0 
vn 0 1 0 
vn 0 1 0 
vn 0 1 0 
vn 0 1 0 
vn 0 1 0 
vn 0 1 0 
vn 0 1 0 
vn 0 1 0 
vn 0 1 0 
vn 0 1 0 
vn 0 1 0 
vn 0 1 0 
vn 0 1 0 
vn 0 1 0 
vn 0 1 0 
vn 0 1 0 
vn 0 1 0 
vn 0 1 0 
vn 0 1 0 
vn 0 1 0 
vn 0 1 0 
vn 0 1 0 
vn 0 1 0 
vn 0 1 0 
vn 0 1 0 
vn 0 1 0 
vn 0 1 0 
vn 0 1 0 
vn 0 1 0 
vn 0 1 0 
vn 0 1 0 
vn 0 1 0 
vn 0 1 0 
vn 0 1 0 
vn 0 1 0 
vn 0 1 0 
vn 0 1 0 
vn 0 1 0 
vn 0 1 0 
vn 0 1 0 
vn 0 1 0 
vn 0 1 0 
vn 0 1 0 
vn 0 1 0 
vn 0 1 0 
vn 0 1 0 
vn 0 1 0 
vn 0 1 0 
vn 0 1 0 
vn 0 1 0 
vn 0 1 0 
vn 0 1 0 
vn 0 1 0 
vn 0 1 0 
vn 0 1 0 
vn 0 1 0 
vn 0 1 0 
vn 0 1 0 
vn 0 1 0 
vn 0 1 0 
vn 0 1 0 
vn 0 1 0 
vn 0 1 0 
vn 0 1 0 
vn 0 1 0 
vn 0 1 0 
vn 0 1 0 
vn 0 0 1 
vn 0 0 1 
vn 0 0 1 
vn 0 0 1 
vn 0 0 1 
vn 0 0 1 
vn 0 0 1 
vn 0 0 1 
vn 0 0 1 
vn 0 0 1 
vn 0 0 1 
vn 0 0 1 
vn 0 0 1 
vn 0 0 1 
vn 0 0 1 
vn 0 0 1 
vn 0 0 1 
vn 0 0 1 
vn 0 0 1 
vn 0 0 1 
vn 0 0 1 
vn 0 0 1 
vn 0 0 1 
vn 0 0 1 
vn 0 0 1 
vn 0 0 1 
vn 0 0 1 
vn 0 0 1 
vn 0 0 1 
vn 0 0 1 
vn 0 0 1 
vn 0 0 1 
vn 0 0 1 
vn 0 0 1 
vn 0 0 1 
vn 0 0 1 
vn 0 0 1 
vn 0 0 1 
vn 0 0 1 
vn 0 0 1 
vn 0 0 1 
vn 0 0 1 
vn 0 0 1 
vn 0 0 1 
vn 0 0 1 
vn 0 0 1 
vn 0 0 1 
vn 0 0 1 
vn 0 0 1 
vn 0 0 1 
vn 0 0 1 
vn 0 0 1 
vn 0 0 1 
vn 0 0 1 
vn 0 0 1 
vn 0 0 1 
vn 0 0 1 
vn 0 0 1 
vn 0 0 1 
vn 0 0 1 
vn 0 0 1 
vn 0 0 1 
vn 0 0 1 
vn 0 0 1 
vn 0 0 1 
vn 0 0 1 
vn 0 0 1 
vn 0 0 1 
vn 0 0 1 
vn 0 0 1 
vn 0 0 1 
vn 0 0 1 
vn 0 0 1 
vn 0 0 1 
vn 0 0 1 
vn 0 0 1 
vn 0 0 1 
vn 0 0 1 
vn 0 0 1 
vn 0 0 1 
vn -1 0 0 
vn -1 0 0 
vn -1 0 0 
vn -1 0 0 
vn -1 0 0 
vn -1 0 0 
vn -1 0 0 
vn -1 0 0 
vn -1 0 0 
vn -1 0 0 
vn -1 0 0 
vn -1 0 0 
vn -1 0 0 
vn -1 0 0 
vn -1 0 0 
vn -1 0 0 
vn -1 0 0 
vn -1 0 0 
vn -1 0 0 
vn -1 0 0 
vn -1 0 0 
vn -1 0 0 
vn -1 0 0 
vn -1 0 0 
vn -1 0 0 
vn -1 0 0 
vn -1 0 0 
vn -1 0 0 
vn -1 0 0 
vn -1 0 0 
vn -1 0 0 
vn -1 0 0 
vn -1 0 0 
vn -1 0 0 
vn -1 0 0 
vn -1 0 0 
vn -1 0 0 
vn -1 0 0 
vn -1 0 0 
vn -1 0 0 
vn -1 0 0 
vn -1 0 0 
vn -1 0 0 
vn -1 0 0 
vn -1 0 0 
vn -1 0 0 
vn -1 0 0 
vn -1 0 0 
vn -1 0 0 
vn -1 0 0 
vn -1 0 0 
vn -1 0 0 
vn -1 0 0 
vn -1 0 0 
vn -1 0 0 
vn -1 0 0 
vn -1 0 0 
vn -1 0 0 
vn -1 0 0 
vn -1 0 0 
vn -1 0 0 
vn -1 0 0 
vn -1 0 0 
vn -1 0 0 
vn -1 0 0 
vn -1 0 0 
vn -1 0 0 
vn -1 0 0 
vn -1 0 0 
vn -1 0 0 
vn -1 0 0 
vn -1 0 0 
vn 0 -1 0 
vn 0 -1 0 
vn 0 -1 0 
vn 0 -1 0 
vn 0 -1 0 
vn 0 -1 0 
vn 0 -1 0 
vn 0 -1 0 
vn 0 -1 0 
vn 0 -1 0 
vn 0 -1 0 
vn 0 -1 0 
vn 0 -1 0 
vn 0 -1 0 
vn 0 -1 0 
vn 0 -1 0 
vn 0 -1 0 
vn 0 -1 0 
vn 0 -1 0 
vn 0 -1 0 
vn 0 -1 0 
vn 0 -1 0 
vn 0 -1 0 
vn 0 -1 0 
vn 0 -1 0 
vn 0 -1 0 
vn 0 -1 0 
vn 0 -1 0 
vn 0 -1 0 
vn 0 -1 0 
vn 0 -1 0 
vn 0 -1 0 
vn 0 -1 0 
vn 0 -1 0 
vn 0 -1 0 
vn 0 -1 0 
vn 0 -1 0 
vn 0 -1 0 
vn 0 -1 0 
vn 0 -1 0 
vn 0 -1 0 
vn 0 -1 0 
vn 0 -1 0 
vn 0 -1 0 
vn 0 -1 0 
vn 0 -1 0 
vn 0 -1 0 
vn 0 -1 0 
vn 0 -1 0 
vn 0 -1 0 
vn 0 -1 0 
vn 0 -1 0 
vn 0 -1 0 
vn 0 -1 0 
vn 0 -1 0 
vn 0 -1 0 
vn 0 -1 0 
vn 0 -1 0 
vn 0 -1 0 
vn 0 -1 0 
vn 0 -1 0 
vn 0 -1 0 
vn 0 -1 0 
vn 0 -1 0 
vn 0 -1 0 
vn 0 -1 0 
vn 0 -1 0 
vn 0 -1 0 
vn 0 0 -1 
vn 0 0 -1 
vn 0 0 -1 
vn 0 0 -1 
vn 0 0 -1 
vn 0 0 -1 
vn 0 0 -1 
vn 0 0 -1 
vn 0 0 -1 
vn 0 0 -1 
vn 0 0 -1 
vn 0 0 -1 
vn 0 0 -1 
vn 0 0 -1 
vn 0 0 -1 
vn 0 0 -1 
vn 0 0 -1 
vn 0 0 -1 
vn 0 0 -1 
vn 0 0 -1 
vn 0 0 -1 
vn 0 0 -1 
vn 0 0 -1 
vn 0 0 -1 
vn 0 0 -1 
vn 0 0 -1 
vn 0 0 -1 
vn 0 0 -1 
vn 0 0 -1 
vn 0 0 -1 
vn 0 0 -1 
vn 0 0 -1 
vn 0 0 -1 
vn 0 0 -1 
vn 0 0 -1 
vn 0 0 -1 
vn 0 0 -1 
vn 0 0 -1 
vn 0 0 -1 
vn 0 0 -1 
vn 0 0 -1 
vn 0 0 -1 
vn 0 0 -1 
vn 0 0 -1 
vn 0 0 -1 
vn 0 0 -1 
vn 0 0 -1 
vn 0 0 -1 
vn 0 0 -1 
vn 0 0 -1 
vn 0 0 -1 
vn 0 0 -1 
vn 0 0 -1 
vn 0 0 -1 
vn 0 0 -1 
vn 0 0 -1 
vn 0 0 -1 
vn 0 0 -1 
vn 0 0 -1 
vn 0 0 -1 
vn 0 0 -1 
vn 0 0 -1 
vn 0 0 -1 
vn 0 0 -1 
vn 0 0 -1 
vn 0 0 -1 
vn 0 0 -1 
vn 0 0 -1 
vn 0 0 -1 
vn 0 0 -1 
vn 0 0 -1 
vn 0 0 -1 
vn 0 0 -1 
vn 0 0 -1 
vn 0 0 -1 
vn 0 0 -1 
vn 0 0 -1 
vn 0 0 -1 
vn 0 0 -1 
vn 0 0 -1 

vt 54.0264 -27.0359 
vt 54.0114 -27.0157 
vt 54.0114 -27.0359 
vt 54.0078 -27.0359 
vt 53.9929 -27.0157 
vt 53.9929 -27.0359 
vt 54.0462 -27.0378 
vt 54.0285 -27.0138 
vt 54.0285 -27.0378 
vt 54.0132 -27.0466 
vt 53.9705 -27.0039 
vt 53.9705 -27.0466 
vt 54.0169 -27.0503 
vt 53.9668 -27.0002 
vt 53.9668 -27.0503 
vt 53.9722 -27.0359 
vt 53.9572 -27.0157 
vt 53.9572 -27.0359 
vt 53.9722 -27.0157 
vt 53.99 -27.0359 
vt 53.9751 -27.0157 
vt 53.9751 -27.0359 
vt 54.0297 -27.0405 
vt 53.9548 -27.0111 
vt 53.9548 -27.0405 
vt 53.99 -27.0157 
vt 54.0264 -27.0157 
vt 54.0078 -27.0157 
vt 54.0462 -27.0138 
vt 54.0297 -27.0111 
vt 53.9602 -26.9497 
vt 54.0235 -26.991 
vt 54.0235 -26.9497 
vt 54.0132 -27.0039 
vt 54.0169 -27.0002 
vt 53.9602 -26.991 
vt 54.0299 -27.033 
vt 53.9538 -26.9877 
vt 53.9538 -27.033 
vt 54.0297 -27.0111 
vt 53.9548 -27.0405 
vt 54.0297 -27.0405 
vt 54.0462 -27.0138 
vt 54.0285 -27.0378 
vt 54.0462 -27.0378 
vt 54.0078 -27.0157 
vt 53.9929 -27.0359 
vt 54.0078 -27.0359 
vt 54.0264 -27.0157 
vt 54.0114 -27.0359 
vt 54.0264 -27.0359 
vt 54.0169 -27.0002 
vt 53.9668 -27.0503 
vt 54.0169 -27.0503 
vt 54.0132 -27.0039 
vt 53.9705 -27.0466 
vt 54.0132 -27.0466 
vt 53.99 -27.0157 
vt 53.9751 -27.0359 
vt 53.99 -27.0359 
vt 53.9722 -27.0157 
vt 53.9572 -27.0359 
vt 53.9722 -27.0359 
vt 53.9751 -27.0157 
vt 54.0285 -27.0138 
vt 54.0299 -26.9877 
vt 53.9929 -27.0157 
vt 54.0114 -27.0157 
vt 53.9705 -27.0039 
vt 53.9668 -27.0002 
vt 53.9548 -27.0111 
vt 53.9572 -27.0157 
vt 54.4935 -27.0114 
vt 54.4463 -27.0264 
vt 54.4935 -27.0264 
vt 54.4925 -26.9929 
vt 54.4453 -27.0078 
vt 54.4925 -27.0078 
vt 54.4463 -27.0114 
vt 54.4428 -27.0285 
vt 54.3868 -27.0462 
vt 54.4428 -27.0462 
vt 54.3868 -27.0285 
vt 54.4453 -26.9929 
vt 54.493 -26.9572 
vt 54.4458 -26.9722 
vt 54.493 -26.9722 
vt 54.492 -26.9751 
vt 54.4449 -26.99 
vt 54.492 -26.99 
vt 54.4458 -26.9572 
vt 54.4449 -26.9751 
vt 54.3798 -26.9548 
vt 54.3798 -27.0297 
vt 54.4485 -26.9548 
vt 54.4485 -27.0297 
vt 54.25 -26.9668 
vt 54.0742 -27.0169 
vt 54.25 -27.0169 
vt 54.0801 -26.9538 
vt 54.0639 -27.0299 
vt 54.0801 -27.0299 
vt 54.0342 -26.9602 
vt 53.9658 -27.0235 
vt 54.0342 -27.0235 
vt 54.3903 -26.9705 
vt 54.2406 -27.0132 
vt 54.3903 -27.0132 
vt 54.2406 -26.9705 
vt 54.0742 -26.9668 
vt 54.0639 -26.9538 
vt 54.0502 -26.9538 
vt 53.9498 -26.9538 
vt 54.0502 -27.0299 
vt 53.9658 -26.9602 
vt 53.5537 -27.0114 
vt 53.5065 -27.0114 
vt 53.5537 -27.0264 
vt 53.6132 -27.0285 
vt 53.5572 -27.0285 
vt 53.6132 -27.0462 
vt 53.5075 -27.0078 
vt 53.5547 -27.0078 
vt 53.5075 -26.9929 
vt 53.5065 -27.0264 
vt 53.5547 -26.9929 
vt 53.5551 -26.9751 
vt 53.508 -26.9751 
vt 53.5551 -26.99 
vt 53.5542 -26.9572 
vt 53.507 -26.9572 
vt 53.5542 -26.9722 
vt 53.508 -26.99 
vt 53.507 -26.9722 
vt 53.5572 -27.0462 
vt 53.9498 -27.0299 
vt 53.9361 -26.9538 
vt 53.9199 -27.0299 
vt 53.9361 -27.0299 
vt 53.75 -27.0169 
vt 53.9258 -27.0169 
vt 53.75 -26.9668 
vt 53.5515 -26.9548 
vt 53.5515 -27.0297 
vt 53.6202 -27.0297 
vt 53.6097 -27.0132 
vt 53.7594 -27.0132 
vt 53.6097 -26.9705 
vt 53.9258 -26.9668 
vt 53.9199 -26.9538 
vt 53.7594 -26.9705 
vt 53.6202 -26.9548 
vt 53.5537 -27.0359 
vt 53.5065 -27.0157 
vt 53.5065 -27.0359 
vt 53.5547 -27.0359 
vt 53.5075 -27.0157 
vt 53.5075 -27.0359 
vt 53.5551 -27.0359 
vt 53.508 -27.0157 
vt 53.508 -27.0359 
vt 53.6132 -27.0378 
vt 53.5572 -27.0138 
vt 53.5572 -27.0378 
vt 53.5551 -27.0157 
vt 53.7594 -27.0466 
vt 53.6097 -27.0039 
vt 53.6097 -27.0466 
vt 53.5542 -27.0359 
vt 53.507 -27.0157 
vt 53.507 -27.0359 
vt 53.5542 -27.0157 
vt 53.6202 -27.0405 
vt 53.5515 -27.0111 
vt 53.5515 -27.0405 
vt 53.9258 -27.0503 
vt 53.75 -27.0002 
vt 53.75 -27.0503 
vt 53.5537 -27.0157 
vt 53.5547 -27.0157 
vt 53.6132 -27.0138 
vt 53.7594 -27.0039 
vt 53.9258 -27.0002 
vt 54.0342 -26.991 
vt 53.9658 -26.9497 
vt 53.9658 -26.991 
vt 53.6202 -27.0111 
vt 53.9361 -27.033 
vt 53.9199 -26.9877 
vt 53.9199 -27.033 
vt 53.9361 -26.9877 
vt 53.9498 -27.033 
vt 54.0502 -27.033 
vt 53.9498 -26.9877 
vt 54.0342 -26.9497 
vt 54.4428 -27.0138 
vt 54.3868 -27.0378 
vt 54.4428 -27.0378 
vt 54.492 -27.0157 
vt 54.4449 -27.0359 
vt 54.492 -27.0359 
vt 54.4925 -27.0157 
vt 54.4453 -27.0359 
vt 54.4925 -27.0359 
vt 54.4935 -27.0157 
vt 54.4463 -27.0359 
vt 54.4935 -27.0359 
vt 54.4449 -27.0157 
vt 54.25 -27.0002 
vt 54.0742 -27.0503 
vt 54.25 -27.0503 
vt 54.3903 -27.0039 
vt 54.2406 -27.0466 
vt 54.3903 -27.0466 
vt 54.4485 -27.0111 
vt 54.3798 -27.0405 
vt 54.4485 -27.0405 
vt 54.493 -27.0157 
vt 54.4458 -27.0359 
vt 54.493 -27.0359 
vt 54.4458 -27.0157 
vt 54.3868 -27.0138 
vt 54.2406 -27.0039 
vt 54.4453 -27.0157 
vt 54.4463 -27.0157 
vt 54.0742 -27.0002 
vt 54.0801 -27.033 
vt 54.0639 -26.9877 
vt 54.0639 -27.033 
vt 54.0502 -26.9877 
vt 54.0801 -26.9877 
vt 54.3798 -27.0111 
vt 53.9886 -27.0359 
vt 53.9736 -27.0157 
vt 53.9736 -27.0359 
vt 54.0071 -27.0359 
vt 53.9922 -27.0157 
vt 53.9922 -27.0359 
vt 54.0452 -27.0405 
vt 53.9703 -27.0111 
vt 53.9703 -27.0405 
vt 53.9715 -27.0378 
vt 53.9538 -27.0138 
vt 53.9538 -27.0378 
vt 54.0332 -27.0503 
vt 53.9831 -27.0002 
vt 53.9831 -27.0503 
vt 54.0428 -27.0359 
vt 54.0278 -27.0157 
vt 54.0278 -27.0359 
vt 54.0428 -27.0157 
vt 54.0249 -27.0359 
vt 54.01 -27.0157 
vt 54.01 -27.0359 
vt 54.0295 -27.0466 
vt 53.9868 -27.0039 
vt 53.9868 -27.0466 
vt 54.0249 -27.0157 
vt 53.9886 -27.0157 
vt 54.0071 -27.0157 
vt 53.9715 -27.0138 
vt 54.0462 -27.033 
vt 53.9701 -26.9877 
vt 53.9701 -27.033 
vt 54.0295 -27.0039 
vt 54.0452 -27.0111 
vt 54.0332 -27.0002 
vt 54.0462 -26.9877 
vt 54.0398 -26.991 
vt 53.9765 -26.9497 
vt 53.9765 -26.991 
vt 54.0295 -27.0039 
vt 53.9868 -27.0466 
vt 54.0295 -27.0466 
vt 53.9715 -27.0138 
vt 53.9538 -27.0378 
vt 53.9715 -27.0378 
vt 54.0071 -27.0157 
vt 53.9922 -27.0359 
vt 54.0071 -27.0359 
vt 53.9886 -27.0157 
vt 53.9736 -27.0359 
vt 53.9886 -27.0359 
vt 54.0332 -27.0002 
vt 53.9831 -27.0503 
vt 54.0332 -27.0503 
vt 54.0452 -27.0111 
vt 53.9703 -27.0405 
vt 54.0452 -27.0405 
vt 54.0249 -27.0157 
vt 54.01 -27.0359 
vt 54.0249 -27.0359 
vt 54.0428 -27.0157 
vt 54.0278 -27.0359 
vt 54.0428 -27.0359 
vt 54.01 -27.0157 
vt 53.9538 -27.0138 
vt 53.9703 -27.0111 
vt 53.9922 -27.0157 
vt 53.9736 -27.0157 
vt 53.9831 -27.0002 
vt 54.0398 -26.9497 
vt 53.9868 -27.0039 
vt 54.0278 -27.0157 
vt 53.5572 -27.0462 
vt 53.6132 -27.0285 
vt 53.5572 -27.0285 
vt 53.6132 -27.0462 
vt 53.5515 -27.0297 
vt 53.6202 -27.0297 
vt 53.6202 -26.9548 
vt 53.75 -27.0169 
vt 53.9258 -27.0169 
vt 53.9258 -26.9668 
vt 53.6097 -27.0132 
vt 53.7594 -27.0132 
vt 53.7594 -26.9705 
vt 53.5515 -26.9548 
vt 53.6097 -26.9705 
vt 53.75 -26.9668 
vt 53.5065 -27.0264 
vt 53.5537 -27.0264 
vt 53.5537 -27.0114 
vt 53.5065 -27.0114 
vt 53.5075 -27.0078 
vt 53.5547 -26.9929 
vt 53.5075 -26.9929 
vt 53.5547 -27.0078 
vt 53.508 -26.99 
vt 53.5551 -26.99 
vt 53.5551 -26.9751 
vt 53.9658 -27.0235 
vt 54.0342 -26.9602 
vt 53.9658 -26.9602 
vt 53.507 -26.9722 
vt 53.5542 -26.9572 
vt 53.507 -26.9572 
vt 53.508 -26.9751 
vt 53.5542 -26.9722 
vt 54.0342 -27.0235 
vt 54.25 -27.0169 
vt 54.0742 -26.9668 
vt 54.0742 -27.0169 
vt 54.4485 -27.0297 
vt 54.3798 -26.9548 
vt 54.3798 -27.0297 
vt 54.4428 -27.0462 
vt 54.3868 -27.0285 
vt 54.3868 -27.0462 
vt 54.4428 -27.0285 
vt 54.3903 -27.0132 
vt 54.2406 -26.9705 
vt 54.2406 -27.0132 
vt 54.25 -26.9668 
vt 54.3903 -26.9705 
vt 54.4485 -26.9548 
vt 54.492 -26.99 
vt 54.4449 -26.9751 
vt 54.4449 -26.99 
vt 54.4925 -27.0078 
vt 54.4453 -26.9929 
vt 54.4453 -27.0078 
vt 54.4935 -27.0264 
vt 54.4463 -27.0114 
vt 54.4463 -27.0264 
vt 54.4935 -27.0114 
vt 54.4925 -26.9929 
vt 54.493 -26.9722 
vt 54.4458 -26.9572 
vt 54.4458 -26.9722 
vt 54.492 -26.9751 
vt 54.493 -26.9572 
vt 54.4428 -27.0378 
vt 54.3868 -27.0138 
vt 54.3868 -27.0378 
vt 54.4935 -27.0359 
vt 54.4463 -27.0157 
vt 54.4463 -27.0359 
vt 54.4485 -27.0405 
vt 54.3798 -27.0111 
vt 54.3798 -27.0405 
vt 54.25 -27.0503 
vt 54.0742 -27.0002 
vt 54.0742 -27.0503 
vt 54.3903 -27.0466 
vt 54.2406 -27.0039 
vt 54.2406 -27.0466 
vt 54.4925 -27.0359 
vt 54.4453 -27.0157 
vt 54.4453 -27.0359 
vt 54.4458 -27.0157 
vt 54.493 -27.0359 
vt 54.493 -27.0157 
vt 54.4449 -27.0157 
vt 54.492 -27.0359 
vt 54.492 -27.0157 
vt 54.4458 -27.0359 
vt 54.4449 -27.0359 
vt 54.4935 -27.0157 
vt 54.4428 -27.0138 
vt 54.0639 -26.9877 
vt 54.0801 -27.033 
vt 54.0801 -26.9877 
vt 54.0639 -27.033 
vt 54.0502 -26.9877 
vt 53.9498 -26.9877 
vt 54.0502 -27.033 
vt 54.4485 -27.0111 
vt 54.4925 -27.0157 
vt 54.3903 -27.0039 
vt 54.25 -27.0002 
vt 53.9658 -26.9497 
vt 54.0342 -26.991 
vt 54.0342 -26.9497 
vt 53.9658 -26.991 
vt 53.9258 -27.0002 
vt 53.75 -27.0503 
vt 53.9258 -27.0503 
vt 53.6202 -27.0111 
vt 53.5515 -27.0405 
vt 53.6202 -27.0405 
vt 53.6132 -27.0138 
vt 53.5572 -27.0378 
vt 53.6132 -27.0378 
vt 53.5537 -27.0157 
vt 53.5065 -27.0359 
vt 53.5537 -27.0359 
vt 53.7594 -27.0039 
vt 53.6097 -27.0466 
vt 53.7594 -27.0466 
vt 53.5551 -27.0157 
vt 53.508 -27.0359 
vt 53.5551 -27.0359 
vt 53.5547 -27.0157 
vt 53.5075 -27.0359 
vt 53.5547 -27.0359 
vt 53.5542 -27.0157 
vt 53.507 -27.0359 
vt 53.5542 -27.0359 
vt 53.508 -27.0157 
vt 53.507 -27.0157 
vt 53.9498 -27.033 
vt 53.9199 -26.9877 
vt 53.9361 -27.033 
vt 53.9361 -26.9877 
vt 53.9199 -27.033 
vt 53.5572 -27.0138 
vt 53.5515 -27.0111 
vt 53.6097 -27.0039 
vt 53.75 -27.0002 
vt 53.5075 -27.0157 
vt 53.5065 -27.0157 

usemtl Cube0021Mtl

f 615/615/615 616/616/616 617/617/617 
f 615/615/615 634/634/634 616/616/616 
f 627/627/627 628/628/628 629/629/629 
f 627/627/627 638/638/638 628/628/628 
f 612/612/612 613/613/613 614/614/614 
f 612/612/612 633/633/633 613/613/613 
f 624/624/624 625/625/625 626/626/626 
f 624/624/624 630/630/630 625/625/625 
f 606/606/606 607/607/607 608/608/608 
f 606/606/606 637/637/637 607/607/607 
f 609/609/609 610/610/610 611/611/611 
f 609/609/609 631/631/631 610/610/610 
f 621/621/621 622/622/622 623/623/623 
f 621/621/621 635/635/635 622/622/622 
f 618/618/618 619/619/619 620/620/620 
f 618/618/618 636/636/636 619/619/619 
f 603/603/603 604/604/604 605/605/605 
f 604/604/604 603/603/603 632/632/632 
f 597/597/597 598/598/598 599/599/599 
f 598/598/598 597/597/597 602/602/602 
f 579/579/579 580/580/580 581/581/581 
f 580/580/580 579/579/579 601/601/601 
f 576/576/576 577/577/577 578/578/578 
f 577/577/577 576/576/576 600/600/600 
f 589/589/589 590/590/590 591/591/591 
f 590/590/590 589/589/589 596/596/596 
f 573/573/573 574/574/574 575/575/575 
f 574/574/574 573/573/573 595/595/595 
f 586/586/586 587/587/587 588/588/588 
f 587/587/587 586/586/586 592/592/592 
f 570/570/570 571/571/571 572/572/572 
f 571/571/571 570/570/570 594/594/594 
f 582/582/582 583/583/583 584/584/584 
f 583/583/583 582/582/582 585/585/585 
f 567/567/567 568/568/568 569/569/569 
f 568/568/568 567/567/567 593/593/593 
f 669/669/669 670/670/670 671/671/671 
f 681/681/681 670/670/670 669/669/669 
f 666/666/666 667/667/667 668/668/668 
f 677/677/677 667/667/667 666/666/666 
f 678/678/678 679/679/679 680/680/680 
f 679/679/679 702/702/702 680/680/680 
f 703/703/703 704/704/704 705/705/705 
f 716/716/716 704/704/704 703/703/703 
f 663/663/663 664/664/664 665/665/665 
f 664/664/664 663/663/663 676/676/676 
f 706/706/706 707/707/707 708/708/708 
f 715/715/715 708/708/708 707/707/707 
f 672/672/672 673/673/673 674/674/674 
f 672/672/672 675/675/675 673/673/673 
f 712/712/712 713/713/713 714/714/714 
f 717/717/717 714/714/714 713/713/713 
f 659/659/659 660/660/660 661/661/661 
f 661/661/661 660/660/660 662/662/662 
f 709/709/709 710/710/710 711/711/711 
f 718/718/718 709/709/709 711/711/711 
f 646/646/646 647/647/647 648/648/648 
f 646/646/646 649/649/649 647/647/647 
f 685/685/685 686/686/686 687/687/687 
f 701/701/701 687/687/687 686/686/686 
f 639/639/639 640/640/640 641/641/641 
f 639/639/639 645/645/645 640/640/640 
f 642/642/642 643/643/643 644/644/644 
f 642/642/642 650/650/650 643/643/643 
f 651/651/651 652/652/652 653/653/653 
f 651/651/651 657/657/657 652/652/652 
f 654/654/654 655/655/655 656/656/656 
f 654/654/654 658/658/658 655/655/655 
f 682/682/682 683/683/683 684/684/684 
f 691/691/691 684/684/684 683/683/683 
f 688/688/688 689/689/689 690/690/690 
f 692/692/692 690/690/690 689/689/689 
f 693/693/693 694/694/694 695/695/695 
f 699/699/699 695/695/695 694/694/694 
f 696/696/696 697/697/697 698/698/698 
f 700/700/700 698/698/698 697/697/697 
f 754/754/754 755/755/755 756/756/756 
f 755/755/755 754/754/754 757/757/757 
f 758/758/758 759/759/759 760/760/760 
f 796/796/796 760/760/760 759/759/759 
f 793/793/793 794/794/794 795/795/795 
f 794/794/794 793/793/793 797/797/797 
f 739/739/739 740/740/740 741/741/741 
f 740/740/740 739/739/739 753/753/753 
f 781/781/781 782/782/782 783/783/783 
f 781/781/781 798/798/798 782/782/782 
f 735/735/735 736/736/736 737/737/737 
f 736/736/736 735/735/735 738/738/738 
f 784/784/784 785/785/785 786/786/786 
f 784/784/784 787/787/787 785/785/785 
f 750/750/750 751/751/751 752/752/752 
f 751/751/751 750/750/750 761/761/761 
f 742/742/742 743/743/743 744/744/744 
f 743/743/743 742/742/742 749/749/749 
f 775/775/775 776/776/776 777/777/777 
f 775/775/775 792/792/792 776/776/776 
f 732/732/732 733/733/733 734/734/734 
f 733/733/733 732/732/732 748/748/748 
f 778/778/778 779/779/779 780/780/780 
f 778/778/778 789/789/789 779/779/779 
f 725/725/725 726/726/726 727/727/727 
f 726/726/726 725/725/725 731/731/731 
f 765/765/765 766/766/766 767/767/767 
f 765/765/765 774/774/774 766/766/766 
f 722/722/722 723/723/723 724/724/724 
f 723/723/723 722/722/722 746/746/746 
f 768/768/768 769/769/769 770/770/770 
f 768/768/768 790/790/790 769/769/769 
f 719/719/719 720/720/720 721/721/721 
f 720/720/720 719/719/719 745/745/745 
f 771/771/771 772/772/772 773/773/773 
f 771/771/771 791/791/791 772/772/772 
f 728/728/728 729/729/729 730/730/730 
f 729/729/729 728/728/728 747/747/747 
f 762/762/762 763/763/763 764/764/764 
f 762/762/762 788/788/788 763/763/763 
f 799/799/799 800/800/800 801/801/801 
f 800/800/800 799/799/799 825/825/825 
f 814/814/814 815/815/815 816/816/816 
f 815/815/815 814/814/814 817/817/817 
f 802/802/802 803/803/803 804/804/804 
f 803/803/803 802/802/802 826/826/826 
f 818/818/818 819/819/819 820/820/820 
f 819/819/819 818/818/818 824/824/824 
f 805/805/805 806/806/806 807/807/807 
f 806/806/806 805/805/805 832/832/832 
f 808/808/808 809/809/809 810/810/810 
f 809/809/809 808/808/808 827/827/827 
f 821/821/821 822/822/822 823/823/823 
f 822/822/822 821/821/821 831/831/831 
f 811/811/811 812/812/812 813/813/813 
f 812/812/812 811/811/811 833/833/833 
f 828/828/828 829/829/829 830/830/830 
f 829/829/829 828/828/828 834/834/834 
f 835/835/835 836/836/836 837/837/837 
f 836/836/836 835/835/835 868/868/868 
f 850/850/850 851/851/851 852/852/852 
f 850/850/850 867/867/867 851/851/851 
f 838/838/838 839/839/839 840/840/840 
f 838/838/838 869/869/869 839/839/839 
f 853/853/853 854/854/854 855/855/855 
f 853/853/853 864/864/864 854/854/854 
f 841/841/841 842/842/842 843/843/843 
f 841/841/841 863/863/863 842/842/842 
f 856/856/856 857/857/857 858/858/858 
f 856/856/856 862/862/862 857/857/857 
f 844/844/844 845/845/845 846/846/846 
f 844/844/844 865/865/865 845/845/845 
f 859/859/859 860/860/860 861/861/861 
f 859/859/859 870/870/870 860/860/860 
f 847/847/847 848/848/848 849/849/849 
f 847/847/847 866/866/866 848/848/848 
f 878/878/878 879/879/879 880/880/880 
f 878/878/878 880/880/880 886/886/886 
f 907/907/907 908/908/908 909/909/909 
f 908/908/908 907/907/907 920/920/920 
f 881/881/881 882/882/882 883/883/883 
f 881/881/881 883/883/883 885/885/885 
f 917/917/917 918/918/918 919/919/919 
f 918/918/918 917/917/917 921/921/921 
f 875/875/875 876/876/876 877/877/877 
f 875/875/875 877/877/877 884/884/884 
f 910/910/910 911/911/911 912/912/912 
f 911/911/911 910/910/910 922/922/922 
f 871/871/871 872/872/872 873/873/873 
f 871/871/871 874/874/874 872/872/872 
f 913/913/913 914/914/914 915/915/915 
f 914/914/914 913/913/913 916/916/916 
f 887/887/887 888/888/888 889/889/889 
f 887/887/887 889/889/889 890/890/890 
f 891/891/891 892/892/892 893/893/893 
f 891/891/891 894/894/894 892/892/892 
f 895/895/895 896/896/896 897/897/897 
f 895/895/895 897/897/897 904/904/904 
f 901/901/901 902/902/902 903/903/903 
f 901/901/901 905/905/905 902/902/902 
f 923/923/923 924/924/924 925/925/925 
f 924/924/924 923/923/923 937/937/937 
f 926/926/926 927/927/927 928/928/928 
f 927/927/927 926/926/926 933/933/933 
f 929/929/929 930/930/930 931/931/931 
f 930/930/930 929/929/929 932/932/932 
f 934/934/934 935/935/935 936/936/936 
f 935/935/935 934/934/934 938/938/938 
f 898/898/898 899/899/899 900/900/900 
f 898/898/898 906/906/906 899/899/899 
f 939/939/939 940/940/940 941/941/941 
f 940/940/940 939/939/939 966/966/966 
f 988/988/988 989/989/989 990/990/990 
f 988/988/988 1013/1013/1013 989/989/989 
f 967/967/967 968/968/968 969/969/969 
f 968/968/968 967/967/967 970/970/970 
f 971/971/971 972/972/972 973/973/973 
f 1008/1008/1008 973/973/973 972/972/972 
f 1009/1009/1009 1010/1010/1010 1011/1011/1011 
f 1010/1010/1010 1009/1009/1009 1012/1012/1012 
f 945/945/945 946/946/946 947/947/947 
f 946/946/946 945/945/945 974/974/974 
f 985/985/985 986/986/986 987/987/987 
f 985/985/985 1014/1014/1014 986/986/986 
f 942/942/942 943/943/943 944/944/944 
f 943/943/943 942/942/942 965/965/965 
f 991/991/991 992/992/992 993/993/993 
f 991/991/991 1018/1018/1018 992/992/992 
f 978/978/978 979/979/979 980/980/980 
f 979/979/979 978/978/978 981/981/981 
f 948/948/948 949/949/949 950/950/950 
f 949/949/949 948/948/948 977/977/977 
f 982/982/982 983/983/983 984/984/984 
f 982/982/982 1016/1016/1016 983/983/983 
f 951/951/951 952/952/952 953/953/953 
f 952/952/952 951/951/951 976/976/976 
f 994/994/994 995/995/995 996/996/996 
f 994/994/994 1015/1015/1015 995/995/995 
f 954/954/954 955/955/955 956/956/956 
f 955/955/955 954/954/954 975/975/975 
f 1000/1000/1000 1001/1001/1001 1002/1002/1002 
f 1000/1000/1000 1017/1017/1017 1001/1001/1001 
f 960/960/960 961/961/961 962/962/962 
f 961/961/961 960/960/960 964/964/964 
f 997/997/997 998/998/998 999/999/999 
f 997/997/997 1006/1006/1006 998/998/998 
f 957/957/957 958/958/958 959/959/959 
f 958/958/958 957/957/957 963/963/963 
f 1003/1003/1003 1004/1004/1004 1005/1005/1005 
f 1003/1003/1003 1007/1007/1007 1004/1004/1004 

g Cube0031

v 0.72607 6.27022 -0.344931 
v 0.72607 6.12712 0.34493 
v 0.72607 6.12712 -0.344931 
v 0.72607 6.27022 0.34493 
v -0.72607 6.27022 -0.344931 
v -0.640968 6.27022 0.304501 
v -0.640968 6.27022 -0.304503 
v -0.57879 6.27022 -0.344931 
v -0.510951 6.27022 -0.304503 
v -0.72607 6.27022 0.34493 
v -0.57879 6.27022 0.34493 
v -0.510951 6.27022 0.304501 
v -0.454618 6.27022 0.34493 
v -0.454618 6.27022 -0.344931 
v 0.454618 6.27022 -0.344931 
v -0.401333 6.27022 -0.304503 
v -0.401333 6.27022 0.304501 
v 0.401333 6.27022 0.304501 
v 0.454618 6.27022 0.34493 
v 0.401333 6.27022 -0.304503 
v 0.510951 6.27022 -0.304503 
v 0.57879 6.27022 -0.344931 
v 0.510951 6.27022 0.304501 
v 0.57879 6.27022 0.34493 
v 0.640968 6.27022 0.304501 
v 0.640968 6.27022 -0.304503 
v 0.72607 6.27022 -0.344931 
v 0.72607 6.27022 0.34493 
v 0.72607 6.27022 -0.344931 
v 0.640968 6.27022 -0.304503 
v -0.57879 6.27022 0.34493 
v -0.72607 6.12712 0.34493 
v -0.57879 6.12712 0.34493 
v -0.454618 6.27022 0.34493 
v -0.454618 6.12712 0.34493 
v -0.72607 6.27022 0.34493 
v 0.454618 6.27022 0.34493 
v 0.454618 6.12712 0.34493 
v 0.57879 6.27022 0.34493 
v 0.57879 6.12712 0.34493 
v 0.72607 6.27022 0.34493 
v 0.72607 6.12712 0.34493 
v -0.72607 6.27022 0.34493 
v -0.72607 6.12712 -0.344931 
v -0.72607 6.12712 0.34493 
v -0.72607 6.27022 -0.344931 
v -0.57879 6.12712 -0.344931 
v -0.57879 6.12712 0.34493 
v -0.72607 6.12712 -0.344931 
v -0.72607 6.12712 0.34493 
v -0.454618 6.12712 -0.344931 
v 0.454618 6.12712 -0.344931 
v -0.454618 6.12712 0.34493 
v 0.454618 6.12712 0.34493 
v 0.57879 6.12712 -0.344931 
v 0.57879 6.12712 0.34493 
v 0.72607 6.12712 0.34493 
v 0.72607 6.12712 -0.344931 
v -0.72607 6.27022 -0.344931 
v -0.57879 6.12712 -0.344931 
v -0.72607 6.12712 -0.344931 
v -0.57879 6.27022 -0.344931 
v -0.454618 6.12712 -0.344931 
v -0.454618 6.27022 -0.344931 
v 0.454618 6.12712 -0.344931 
v 0.454618 6.27022 -0.344931 
v 0.57879 6.12712 -0.344931 
v 0.57879 6.27022 -0.344931 
v 0.72607 6.12712 -0.344931 
v 0.72607 6.27022 -0.344931 

vn 1 0 0 
vn 1 0 0 
vn 1 0 0 
vn 1 0 0 
vn 0 1 0 
vn 0 1 0 
vn 0 1 0 
vn 0 1 0 
vn 0 1 0 
vn 0 1 0 
vn 0 1 0 
vn 0 1 0 
vn 0 1 0 
vn 0 1 0 
vn 0 1 0 
vn 0 1 0 
vn 0 1 0 
vn 0 1 0 
vn 0 1 0 
vn 0 1 0 
vn 0 1 0 
vn 0 1 0 
vn 0 1 0 
vn 0 1 0 
vn 0 1 0 
vn 0 1 0 
vn 0 1 0 
vn 0 1 0 
vn 0 1 0 
vn 0 1 0 
vn 0 0 1 
vn 0 0 1 
vn 0 0 1 
vn 0 0 1 
vn 0 0 1 
vn 0 0 1 
vn 0 0 1 
vn 0 0 1 
vn 0 0 1 
vn 0 0 1 
vn 0 0 1 
vn 0 0 1 
vn -1 0 0 
vn -1 0 0 
vn -1 0 0 
vn -1 0 0 
vn 0 -1 0 
vn 0 -1 0 
vn 0 -1 0 
vn 0 -1 0 
vn 0 -1 0 
vn 0 -1 0 
vn 0 -1 0 
vn 0 -1 0 
vn 0 -1 0 
vn 0 -1 0 
vn 0 -1 0 
vn 0 -1 0 
vn 0 0 -1 
vn 0 0 -1 
vn 0 0 -1 
vn 0 0 -1 
vn 0 0 -1 
vn 0 0 -1 
vn 0 0 -1 
vn 0 0 -1 
vn 0 0 -1 
vn 0 0 -1 
vn 0 0 -1 
vn 0 0 -1 

vt 28.0431 -44.9911 
vt 27.9569 -45.0089 
vt 28.0431 -45.0089 
vt 27.9569 -44.9911 
vt 28.0908 -45.0431 
vt 28.0801 -44.9619 
vt 28.0801 -45.0381 
vt 28.0723 -45.0431 
vt 28.0639 -45.0381 
vt 28.0908 -44.9569 
vt 28.0723 -44.9569 
vt 28.0639 -44.9619 
vt 28.0568 -44.9569 
vt 28.0568 -45.0431 
vt 27.9432 -45.0431 
vt 28.0502 -45.0381 
vt 28.0502 -44.9619 
vt 27.9498 -44.9619 
vt 27.9432 -44.9569 
vt 27.9498 -45.0381 
vt 27.9361 -45.0381 
vt 27.9277 -45.0431 
vt 27.9361 -44.9619 
vt 27.9277 -44.9569 
vt 27.9199 -44.9619 
vt 27.9199 -45.0381 
vt 27.9092 -45.0431 
vt 27.9092 -44.9569 
vt 27.9092 -45.0431 
vt 27.9199 -45.0381 
vt 27.9277 -44.9911 
vt 27.9092 -45.0089 
vt 27.9277 -45.0089 
vt 27.9432 -44.9911 
vt 27.9432 -45.0089 
vt 27.9092 -44.9911 
vt 28.0568 -44.9911 
vt 28.0568 -45.0089 
vt 28.0723 -44.9911 
vt 28.0723 -45.0089 
vt 28.0908 -44.9911 
vt 28.0908 -45.0089 
vt 28.0431 -44.9911 
vt 27.9569 -45.0089 
vt 28.0431 -45.0089 
vt 27.9569 -44.9911 
vt 27.9277 -45.0431 
vt 27.9277 -44.9569 
vt 27.9092 -45.0431 
vt 27.9092 -44.9569 
vt 27.9432 -45.0431 
vt 28.0568 -45.0431 
vt 27.9432 -44.9569 
vt 28.0568 -44.9569 
vt 28.0723 -45.0431 
vt 28.0723 -44.9569 
vt 28.0908 -44.9569 
vt 28.0908 -45.0431 
vt 28.0908 -44.9911 
vt 28.0723 -45.0089 
vt 28.0908 -45.0089 
vt 28.0723 -44.9911 
vt 28.0568 -45.0089 
vt 28.0568 -44.9911 
vt 27.9432 -45.0089 
vt 27.9432 -44.9911 
vt 27.9277 -45.0089 
vt 27.9277 -44.9911 
vt 27.9092 -45.0089 
vt 27.9092 -44.9911 

usemtl Cube0031Mtl

f 1019/1019/1019 1020/1020/1020 1021/1021/1021 
f 1019/1019/1019 1022/1022/1022 1020/1020/1020 
f 1023/1023/1023 1024/1024/1024 1025/1025/1025 
f 1023/1023/1023 1028/1028/1028 1024/1024/1024 
f 1026/1026/1026 1023/1023/1023 1025/1025/1025 
f 1028/1028/1028 1029/1029/1029 1024/1024/1024 
f 1027/1027/1027 1026/1026/1026 1025/1025/1025 
f 1030/1030/1030 1024/1024/1024 1029/1029/1029 
f 1032/1032/1032 1026/1026/1026 1027/1027/1027 
f 1031/1031/1031 1030/1030/1030 1029/1029/1029 
f 1034/1034/1034 1032/1032/1032 1027/1027/1027 
f 1030/1030/1030 1031/1031/1031 1035/1035/1035 
f 1033/1033/1033 1032/1032/1032 1034/1034/1034 
f 1031/1031/1031 1036/1036/1036 1035/1035/1035 
f 1033/1033/1033 1034/1034/1034 1038/1038/1038 
f 1031/1031/1031 1037/1037/1037 1036/1036/1036 
f 1039/1039/1039 1033/1033/1033 1038/1038/1038 
f 1041/1041/1041 1036/1036/1036 1037/1037/1037 
f 1033/1033/1033 1039/1039/1039 1040/1040/1040 
f 1044/1044/1044 1040/1040/1040 1039/1039/1039 
f 1040/1040/1040 1044/1044/1044 1045/1045/1045 
f 1037/1037/1037 1042/1042/1042 1041/1041/1041 
f 1043/1043/1043 1041/1041/1041 1042/1042/1042 
f 1042/1042/1042 1046/1046/1046 1043/1043/1043 
f 1046/1046/1046 1048/1048/1048 1043/1043/1043 
f 1046/1046/1046 1047/1047/1047 1048/1048/1048 
f 1049/1049/1049 1050/1050/1050 1051/1051/1051 
f 1054/1054/1054 1050/1050/1050 1049/1049/1049 
f 1051/1051/1051 1052/1052/1052 1049/1049/1049 
f 1052/1052/1052 1051/1051/1051 1053/1053/1053 
f 1055/1055/1055 1052/1052/1052 1053/1053/1053 
f 1055/1055/1055 1053/1053/1053 1056/1056/1056 
f 1055/1055/1055 1056/1056/1056 1057/1057/1057 
f 1057/1057/1057 1056/1056/1056 1058/1058/1058 
f 1057/1057/1057 1058/1058/1058 1059/1059/1059 
f 1059/1059/1059 1058/1058/1058 1060/1060/1060 
f 1061/1061/1061 1062/1062/1062 1063/1063/1063 
f 1061/1061/1061 1064/1064/1064 1062/1062/1062 
f 1065/1065/1065 1066/1066/1066 1067/1067/1067 
f 1067/1067/1067 1066/1066/1066 1068/1068/1068 
f 1069/1069/1069 1066/1066/1066 1065/1065/1065 
f 1066/1066/1066 1069/1069/1069 1071/1071/1071 
f 1070/1070/1070 1071/1071/1071 1069/1069/1069 
f 1071/1071/1071 1070/1070/1070 1072/1072/1072 
f 1072/1072/1072 1070/1070/1070 1073/1073/1073 
f 1073/1073/1073 1074/1074/1074 1072/1072/1072 
f 1073/1073/1073 1075/1075/1075 1074/1074/1074 
f 1076/1076/1076 1075/1075/1075 1073/1073/1073 
f 1077/1077/1077 1078/1078/1078 1079/1079/1079 
f 1080/1080/1080 1078/1078/1078 1077/1077/1077 
f 1080/1080/1080 1081/1081/1081 1078/1078/1078 
f 1082/1082/1082 1081/1081/1081 1080/1080/1080 
f 1082/1082/1082 1083/1083/1083 1081/1081/1081 
f 1082/1082/1082 1084/1084/1084 1083/1083/1083 
f 1084/1084/1084 1085/1085/1085 1083/1083/1083 
f 1085/1085/1085 1084/1084/1084 1086/1086/1086 
f 1086/1086/1086 1087/1087/1087 1085/1085/1085 
f 1088/1088/1088 1087/1087/1087 1086/1086/1086 

g Cube0041

v 1.44981 8.42696 -1.44982 
v 1.44981 8.17656 1.44982 
v 1.44981 8.17657 -1.44982 
v 1.68675 8.68473 -1.68675 
v 1.68675 8.42696 1.68675 
v 1.68675 8.42696 -1.68675 
v 1.44981 8.42696 1.44982 
v 1.68675 8.68473 1.68675 
v 1.93907 8.68473 -1.93907 
v 1.93907 11.445 1.93907 
v 1.93907 8.68473 1.93907 
v 2.21887 10.1596 -0.217104 
v 2.21887 10.4725 0.217104 
v 2.21887 10.1596 0.217104 
v -1.67185 11.445 -1.67186 
v -1.67185 11.445 1.67186 
v -1.67185 11.3002 -1.67186 
v 1.93907 11.445 -1.93907 
v 2.21887 10.4725 -0.217104 
v -1.67185 11.3002 1.67186 
v 2.49977 10.7726 -0.217104 
v 2.49977 10.4725 0.217104 
v 2.49977 10.4725 -0.217104 
v 2.49977 10.7726 0.217104 
v 3.44821 9.37317 -0.217104 
v 3.44821 9.0819 0.217104 
v 3.44821 9.0819 -0.217104 
v 3.74955 9.65375 -0.217104 
v 3.74955 9.37317 0.217104 
v 3.74955 9.37317 -0.217104 
v 3.74955 10.4742 -0.217104 
v 3.74955 9.65375 0.217104 
v 3.44821 9.37317 0.217104 
v 3.74955 10.4742 0.217104 
v 3.44821 11.0758 -0.217104 
v 3.44821 10.7726 0.217104 
v 3.44821 10.7726 -0.217104 
v 3.74955 10.7726 -0.217104 
v 3.74955 10.7726 0.217104 
v 3.44821 11.0758 0.217104 
v -1.67185 11.445 -1.67186 
v -1.93907 11.445 1.93907 
v -1.67185 11.445 1.67186 
v 0 11.445 1.67186 
v -1.67185 11.445 1.67186 
v 0 11.445 1.93907 
v 1.93907 11.445 1.93907 
v 1.67185 11.445 -1.67186 
v 1.67185 11.445 1.67186 
v -1.93907 11.445 1.93907 
v -1.93907 11.445 -1.93907 
v -1.67185 11.445 -1.67186 
v 0 11.445 -1.93907 
v -1.93907 11.445 -1.93907 
v 0 11.445 -1.67186 
v 1.67185 11.445 -1.67186 
v 1.93907 11.445 -1.93907 
v 0.00828552 11.445 -1.67186 
v 1.93907 11.445 -1.93907 
v 1.906 11.0758 0.217104 
v 2.21887 11.0758 -0.217104 
v 1.906 11.0758 -0.217104 
v 3.14626 9.37317 -0.217104 
v 1.87643 9.37317 -0.217104 
v 3.14626 9.37317 0.217104 
v 3.44821 9.65375 0.217104 
v 3.44821 9.65375 -0.217104 
v 3.14626 9.65375 -0.217104 
v 3.44821 10.7726 -0.217104 
v 3.74955 10.7726 0.217104 
v 3.74955 10.7726 -0.217104 
v 1.87643 9.37317 0.217104 
v 3.14626 9.65375 0.217104 
v 3.44821 10.7726 0.217104 
v 2.21887 11.0758 0.217104 
v 2.49977 11.0758 0.217104 
v 2.49977 11.0758 -0.217104 
v 3.14091 11.0758 0.217104 
v 3.14091 11.0758 -0.217104 
v 3.44821 11.0758 0.217104 
v 3.44821 11.0758 -0.217104 
v -1.44981 8.17656 1.44982 
v 0 8.17656 1.44982 
v -1.44981 8.42696 1.44982 
v 0 8.42696 1.44982 
v 1.44981 8.42696 1.44982 
v 1.44981 8.17656 1.44982 
v 2.21887 10.1596 0.217104 
v 1.906 10.4725 0.217104 
v 1.906 10.1596 0.217104 
v -1.68675 8.42696 1.68675 
v 0 8.42696 1.68675 
v -1.68675 8.68473 1.68675 
v 0 8.68473 1.68675 
v 0 11.445 1.93907 
v -1.93907 8.68473 1.93907 
v 0 8.68473 1.93907 
v 1.68675 8.68473 1.68675 
v 1.68675 8.42696 1.68675 
v 1.93907 8.68473 1.93907 
v 0 11.445 1.93907 
v 0 8.68473 1.93907 
v 2.21887 10.4725 0.217104 
v -1.67185 11.3002 -1.67186 
v 0 11.3002 -1.67186 
v -1.67185 11.445 -1.67186 
v 0 11.445 -1.67186 
v 0.00828552 11.445 -1.67186 
v 1.67185 11.3002 -1.67186 
v 1.67185 11.445 -1.67186 
v 2.21887 10.7726 0.217104 
v -1.93907 11.445 1.93907 
v 1.93907 11.445 1.93907 
v 1.906 10.7726 0.217104 
v 2.21887 11.0758 0.217104 
v 1.906 11.0758 0.217104 
v 3.14626 9.0819 0.217104 
v 1.87643 9.37317 0.217104 
v 1.87643 9.0819 0.217104 
v 3.14626 9.37317 0.217104 
v 3.44821 9.37317 0.217104 
v 3.44821 9.0819 0.217104 
v 3.14626 9.65375 0.217104 
v 3.74955 9.65375 0.217104 
v 3.74955 9.37317 0.217104 
v 3.44821 9.65375 0.217104 
v 2.49977 10.4725 0.217104 
v 3.74955 10.4742 0.217104 
v 3.44821 10.4742 0.217104 
v 3.44821 10.7726 0.217104 
v 3.14091 10.4742 0.217104 
v 2.49977 10.7726 0.217104 
v 3.14091 10.7726 0.217104 
v 3.74955 10.7726 0.217104 
v 2.49977 11.0758 0.217104 
v 3.14091 11.0758 0.217104 
v 3.44821 11.0758 0.217104 
v -1.68675 8.42696 -1.68675 
v -1.68675 8.42696 1.68675 
v -1.68675 8.68473 -1.68675 
v -1.44981 8.17657 -1.44982 
v -1.44981 8.17656 1.44982 
v -1.44981 8.42696 -1.44982 
v 1.87643 9.37317 0.217104 
v 1.87643 9.0819 -0.217104 
v 1.87643 9.0819 0.217104 
v -1.68675 8.68473 1.68675 
v -1.44981 8.42696 1.44982 
v 1.87643 9.37317 -0.217104 
v -1.93907 11.445 1.93907 
v -1.93907 11.445 -1.93907 
v -1.93907 8.68473 -1.93907 
v 1.67185 11.445 1.67186 
v 1.67185 11.445 -1.67186 
v 1.67185 11.3002 -1.67186 
v 1.906 10.1596 0.217104 
v 1.906 10.4725 -0.217104 
v 1.906 10.1596 -0.217104 
v -1.93907 8.68473 1.93907 
v 1.67185 11.3002 1.67186 
v 1.906 10.4725 0.217104 
v 3.14626 9.65375 -0.217104 
v 3.14626 9.37317 -0.217104 
v 3.14626 9.65375 0.217104 
v 3.44821 10.4742 -0.217104 
v 3.44821 9.65375 -0.217104 
v 3.44821 10.4742 0.217104 
v 3.14626 9.37317 0.217104 
v 1.906 10.7726 0.217104 
v 3.44821 9.65375 0.217104 
v 3.14091 10.7726 0.217104 
v 3.14091 10.4742 -0.217104 
v 3.14091 10.4742 0.217104 
v 1.906 10.7726 -0.217104 
v 3.14091 10.7726 -0.217104 
v 1.906 11.0758 0.217104 
v 1.906 11.0758 -0.217104 
v -1.44981 8.42696 1.44982 
v -1.68675 8.42696 -1.68675 
v -1.44981 8.42696 -1.44982 
v -1.68675 8.42696 -1.68675 
v 0 8.42696 -1.68675 
v -1.44981 8.42696 -1.44982 
v 0 8.17657 -1.44982 
v -1.44981 8.17656 1.44982 
v -1.44981 8.17657 -1.44982 
v 0 8.17656 1.44982 
v 1.44981 8.17657 -1.44982 
v 1.44981 8.17656 1.44982 
v 0 8.17657 -1.44982 
v 0 8.17656 1.44982 
v -1.44981 8.42696 1.44982 
v 0 8.42696 1.68675 
v -1.68675 8.42696 1.68675 
v -1.68675 8.42696 1.68675 
v 0 8.42696 1.44982 
v 1.44981 8.42696 1.44982 
v 0 8.42696 -1.44982 
v -1.93907 8.68473 -1.93907 
v 0 8.68473 -1.93907 
v -1.68675 8.68473 -1.68675 
v 0 8.68473 -1.68675 
v 1.44981 8.42696 -1.44982 
v 1.68675 8.42696 -1.68675 
v 1.68675 8.68473 -1.68675 
v -1.68675 8.68473 1.68675 
v -1.93907 8.68473 -1.93907 
v -1.68675 8.68473 -1.68675 
v -1.68675 8.68473 1.68675 
v 0 8.68473 1.93907 
v -1.93907 8.68473 1.93907 
v -1.93907 8.68473 1.93907 
v 0 8.68473 1.68675 
v 1.68675 8.68473 1.68675 
v 1.68675 8.42696 1.68675 
v 1.68675 8.42696 -1.68675 
v 1.44981 8.42696 -1.44982 
v 1.93907 8.68473 -1.93907 
v 1.93907 8.68473 -1.93907 
v 1.68675 8.68473 1.68675 
v 1.68675 8.68473 -1.68675 
v 1.87643 9.0819 -0.217104 
v 3.14626 9.0819 -0.217104 
v 1.87643 9.0819 0.217104 
v 3.44821 9.0819 -0.217104 
v 3.14626 9.0819 0.217104 
v 1.93907 8.68473 1.93907 
v 1.93907 8.68473 1.93907 
v 3.44821 9.0819 0.217104 
v 3.44821 9.37317 0.217104 
v 3.74955 9.37317 -0.217104 
v 3.74955 9.37317 0.217104 
v 1.906 10.1596 -0.217104 
v 2.21887 10.1596 -0.217104 
v 2.21887 10.1596 0.217104 
v 2.49977 10.4725 -0.217104 
v 2.21887 10.4725 0.217104 
v 2.21887 10.4725 -0.217104 
v 3.44821 10.4742 -0.217104 
v 3.14091 10.4742 0.217104 
v 3.14091 10.4742 -0.217104 
v 3.44821 9.37317 -0.217104 
v 3.14091 10.7726 -0.217104 
v 2.49977 10.7726 0.217104 
v 2.49977 10.7726 -0.217104 
v 1.906 10.1596 0.217104 
v 2.49977 10.4725 0.217104 
v 3.14091 10.7726 0.217104 
v 3.44821 10.4742 0.217104 
v -0.71468 8.93893 -1.93907 
v -0.537136 8.79583 -1.93907 
v -1.93907 8.68473 -1.93907 
v 0 8.68473 -1.93907 
v -0.878977 9.10588 -1.93907 
v -0.878977 9.23321 -1.93907 
v -0.71468 9.10588 -1.93907 
v -1.3475 9.97684 -1.93907 
v -1.53834 10.2504 -1.93907 
v -1.93907 8.68473 -1.93907 
v -1.6269 10.346 -1.93907 
v -1.3475 9.97684 -1.93907 
v -0.500881 9.97684 -1.93907 
v -1.93907 11.445 -1.93907 
v -1.61321 10.639 -1.93907 
v -1.52535 10.5641 -1.93907 
v -1.6269 10.5175 -1.93907 
v -0.537136 8.93893 -1.93907 
v -0.043066 8.79583 -1.93907 
v 0 8.68473 -1.93907 
v -0.043066 8.79583 -1.93907 
v 0 8.79583 -1.93907 
v 0.043066 8.79583 -1.93907 
v 0.043066 8.79583 -1.93907 
v 0.537136 8.79583 -1.93907 
v 0 8.68473 -1.93907 
v 0.53313 9.11754 -1.93907 
v 0.167774 9.11754 -1.93907 
v 0.531837 9.23433 -1.93907 
v -0.167774 9.11754 -1.93907 
v -0.223015 9.97551 -1.93907 
v 0 9.11754 -1.93907 
v -0.531837 9.23433 -1.93907 
v -0.167774 9.11754 -1.93907 
v 0 9.11754 -1.93907 
v 0.223015 9.97551 -1.93907 
v 0.167774 9.11754 -1.93907 
v -0.224187 10.1586 -1.93907 
v 0.224186 10.1586 -1.93907 
v 0.500881 10.3475 -1.93907 
v 0.350115 10.3475 -1.93907 
v 0.500881 10.6309 -1.93907 
v -1.44697 10.2509 -1.93907 
v -0.878977 9.23321 -1.93907 
v -0.500881 9.97684 -1.93907 
v -0.531837 9.23433 -1.93907 
v -1.3475 10.2509 -1.93907 
v -1.68675 8.68473 -1.68675 
v 0 8.68473 -1.68675 
v -1.68675 8.42696 -1.68675 
v -1.44981 8.42696 -1.44982 
v 0 8.42696 -1.44982 
v -1.44981 8.17657 -1.44982 
v -1.53834 10.346 -1.93907 
v -1.53723 10.5175 -1.93907 
v -1.44697 10.346 -1.93907 
v -1.53834 10.346 -1.93907 
v -1.44697 10.5641 -1.93907 
v 0 8.42696 -1.68675 
v -0.533131 9.11754 -1.93907 
v 0.531837 9.23433 -1.93907 
v 0.167774 9.11754 -1.93907 
v 0.500881 9.97684 -1.93907 
v -0.500881 9.97684 -1.93907 
v 0 8.17657 -1.44982 
v 0.500881 9.97684 -1.93907 
v -0.350115 10.3475 -1.93907 
v -0.350115 10.1586 -1.93907 
v -0.500881 10.6309 -1.93907 
v -0.500881 10.3475 -1.93907 
v 0.350115 10.1586 -1.93907 
v 0 11.445 -1.93907 
v 0 11.445 -1.93907 
v -1.52535 10.6382 -1.93907 
v -1.44697 10.713 -1.93907 
v -1.52535 10.6382 -1.93907 
v -1.52731 10.7942 -1.93907 
v -1.44697 10.6382 -1.93907 
v -1.39667 10.7134 -1.93907 
v -1.37353 10.7877 -1.93907 
v -1.36124 10.7136 -1.93907 
v -1.39667 10.7134 -1.93907 
v -1.36124 10.7136 -1.93907 
v -1.348 10.7877 -1.93907 
v -1.34827 10.7137 -1.93907 
v -1.41926 10.7877 -1.93907 
v -1.348 10.7877 -1.93907 
v -1.36124 10.7136 -1.93907 
v -1.37353 10.7877 -1.93907 
v -1.348 10.7877 -1.93907 
v -1.34707 10.9195 -1.93907 
v -1.26698 10.7877 -1.93907 
v -1.49053 10.9637 -1.93907 
v -1.41926 10.9205 -1.93907 
v -1.39551 10.9201 -1.93907 
v -1.39551 10.9201 -1.93907 
v -1.49053 10.9637 -1.93907 
v -1.34707 10.9195 -1.93907 
v -1.26698 10.7877 -1.93907 
v -1.17426 10.714 -1.93907 
v -1.26698 10.7139 -1.93907 
v -1.10102 10.7142 -1.93907 
v -1.01513 10.7955 -1.93907 
v -1.01513 10.7143 -1.93907 
v -0.934107 10.7945 -1.93907 
v -0.50073 10.7152 -1.93907 
v -0.934108 10.7144 -1.93907 
v -0.439827 10.9637 -1.93907 
v -0.500881 10.6309 -1.93907 
v -1.17523 10.8599 -1.93907 
v -1.01513 10.7955 -1.93907 
v -1.10102 10.7142 -1.93907 
v -1.10104 10.8599 -1.93907 
v -0.934107 10.7945 -1.93907 
v -0.439827 10.9637 -1.93907 
v -0.50073 10.7152 -1.93907 
v -1.17523 10.8599 -1.93907 
v -1.10104 10.8599 -1.93907 
v -1.6269 10.346 -1.93907 
v -1.93907 11.445 -1.93907 
v -1.6269 10.5175 -1.93907 
v -1.61321 10.639 -1.93907 
v -1.61321 10.7942 -1.93907 
v -1.93907 11.445 -1.93907 
v -1.49059 11.1191 -1.93907 
v -1.93907 11.445 -1.93907 
v 0 11.445 -1.93907 
v -1.49059 11.1191 -1.93907 
v -1.67185 11.445 1.67186 
v 0 11.445 1.67186 
v -1.67185 11.3002 1.67186 
v 0 11.445 -1.93907 
v -0.500881 10.6309 -1.93907 
v -0.439827 10.9637 -1.93907 
v 0.500881 10.6309 -1.93907 
v 0 11.445 -1.93907 
v 0.439827 10.9637 -1.93907 
v -0.438385 11.1191 -1.93907 
v 0.438385 11.1191 -1.93907 
v -0.438385 11.1191 -1.93907 
v 0 11.3002 1.67186 
v 0.500881 10.6309 -1.93907 
v 0.439827 10.9637 -1.93907 
v 0.50073 10.7152 -1.93907 
v 1.93907 8.68473 -1.93907 
v 0.71468 8.93893 -1.93907 
v 0.537136 8.93893 -1.93907 
v 0.71468 8.93893 -1.93907 
v 0.878977 9.10588 -1.93907 
v 1.93907 8.68473 -1.93907 
v 0.878977 9.23321 -1.93907 
v 0.878977 9.10588 -1.93907 
v 0.71468 9.10588 -1.93907 
v 1.3475 9.97684 -1.93907 
v 1.3475 9.97684 -1.93907 
v 1.3475 10.2509 -1.93907 
v 1.44697 10.2509 -1.93907 
v 1.53834 10.2504 -1.93907 
v 1.44697 10.713 -1.93907 
v 1.52535 10.6382 -1.93907 
v 1.44697 10.6382 -1.93907 
v 1.93907 8.68473 -1.93907 
v 1.6269 10.346 -1.93907 
v 1.93907 11.445 -1.93907 
v 1.53723 10.5175 -1.93907 
v 1.53834 10.346 -1.93907 
v 1.44697 10.346 -1.93907 
v 1.53834 10.346 -1.93907 
v 1.44697 10.5641 -1.93907 
v 1.52535 10.5641 -1.93907 
v 1.6269 10.5175 -1.93907 
v 1.61321 10.639 -1.93907 
v 1.52535 10.6382 -1.93907 
v 1.68675 8.42696 -1.68675 
v 1.44981 8.17657 -1.44982 
v 1.68675 8.68473 -1.68675 
v 1.44981 8.42696 -1.44982 
v 1.906 10.1596 -0.217104 
v 2.21887 10.4725 -0.217104 
v 2.21887 10.1596 -0.217104 
v 1.87643 9.37317 -0.217104 
v 3.14626 9.37317 -0.217104 
v 1.87643 9.0819 -0.217104 
v 1.906 10.4725 -0.217104 
v 1.906 10.7726 -0.217104 
v 2.49977 10.7726 -0.217104 
v 2.49977 10.4725 -0.217104 
v 2.21887 10.7726 -0.217104 
v 3.14626 9.0819 -0.217104 
v 3.44821 9.0819 -0.217104 
v 3.44821 9.37317 -0.217104 
v 3.44821 9.65375 -0.217104 
v 3.14626 9.65375 -0.217104 
v 3.74955 9.37317 -0.217104 
v 3.74955 9.65375 -0.217104 
v 3.44821 10.4742 -0.217104 
v 3.74955 10.4742 -0.217104 
v 3.14091 10.7726 -0.217104 
v 3.14091 10.4742 -0.217104 
v 3.74955 10.7726 -0.217104 
v 3.44821 10.7726 -0.217104 
v 0.50073 10.7152 -1.93907 
v 0.934107 10.7945 -1.93907 
v 0.934108 10.7144 -1.93907 
v 1.01513 10.7143 -1.93907 
v 1.01513 10.7955 -1.93907 
v 1.10102 10.7142 -1.93907 
v 1.17426 10.714 -1.93907 
v 1.17523 10.8599 -1.93907 
v 1.26698 10.7877 -1.93907 
v 0.934107 10.7945 -1.93907 
v 1.10104 10.8599 -1.93907 
v 1.01513 10.7955 -1.93907 
v 1.10102 10.7142 -1.93907 
v 0.439827 10.9637 -1.93907 
v 1.10104 10.8599 -1.93907 
v 1.34707 10.9195 -1.93907 
v 1.17523 10.8599 -1.93907 
v 1.34707 10.9195 -1.93907 
v 1.49053 10.9637 -1.93907 
v 1.26698 10.7877 -1.93907 
v 1.26698 10.7139 -1.93907 
v 1.17426 10.714 -1.93907 
v 1.37353 10.7877 -1.93907 
v 1.39667 10.7134 -1.93907 
v 1.36124 10.7136 -1.93907 
v 1.52731 10.7942 -1.93907 
v 1.348 10.7877 -1.93907 
v 1.36124 10.7136 -1.93907 
v 1.34827 10.7137 -1.93907 
v 1.41926 10.7877 -1.93907 
v 1.39667 10.7134 -1.93907 
v 1.37353 10.7877 -1.93907 
v 1.348 10.7877 -1.93907 
v 1.39551 10.9201 -1.93907 
v 1.39551 10.9201 -1.93907 
v 1.49053 10.9637 -1.93907 
v 1.41926 10.9205 -1.93907 
v 1.93907 11.445 -1.93907 
v 1.93907 11.445 -1.93907 
v 1.61321 10.639 -1.93907 
v 1.61321 10.7942 -1.93907 
v 1.49059 11.1191 -1.93907 
v 0 11.445 -1.93907 
v 1.49059 11.1191 -1.93907 
v 0.438385 11.1191 -1.93907 
v 1.93907 11.445 -1.93907 
v 1.67185 11.3002 1.67186 
v 1.67185 11.445 1.67186 
v 1.6269 10.5175 -1.93907 
v 1.6269 10.346 -1.93907 
v 1.906 11.0758 -0.217104 
v 2.49977 11.0758 -0.217104 
v 3.14091 11.0758 -0.217104 
v 3.44821 11.0758 -0.217104 
v 2.21887 11.0758 -0.217104 

vn 1 0 0 
vn 1 0 0 
vn 1 0 0 
vn 1 0 0 
vn 1 0 0 
vn 1 0 0 
vn 1 0 0 
vn 1 0 0 
vn 1 0 0 
vn 1 0 0 
vn 1 0 0 
vn 1 0 0 
vn 1 0 0 
vn 1 0 0 
vn 1 0 0 
vn 1 0 0 
vn 1 0 0 
vn 1 0 0 
vn 1 0 0 
vn 1 0 0 
vn 1 0 0 
vn 1 0 0 
vn 1 0 0 
vn 1 0 0 
vn 1 0 0 
vn 1 0 0 
vn 1 0 0 
vn 1 0 0 
vn 1 0 0 
vn 1 0 0 
vn 1 0 0 
vn 1 0 0 
vn 1 0 0 
vn 1 0 0 
vn 1 0 0 
vn 1 0 0 
vn 1 0 0 
vn 1 0 0 
vn 1 0 0 
vn 1 0 0 
vn 0 1 0 
vn 0 1 0 
vn 0 1 0 
vn 0 1 0 
vn 0 1 0 
vn 0 1 0 
vn 0 1 0 
vn 0 1 0 
vn 0 1 0 
vn 0 1 0 
vn 0 1 0 
vn 0 1 0 
vn 0 1 0 
vn 0 1 0 
vn 0 1 0 
vn 0 1 0 
vn 0 1 0 
vn 0 1 0 
vn 0 1 0 
vn 0 1 0 
vn 0 1 0 
vn 0 1 0 
vn 0 1 0 
vn 0 1 0 
vn 0 1 0 
vn 0 1 0 
vn 0 1 0 
vn 0 1 0 
vn 0 1 0 
vn 0 1 0 
vn 0 1 0 
vn 0 1 0 
vn 0 1 0 
vn 0 1 0 
vn 0 1 0 
vn 0 1 0 
vn 0 1 0 
vn 0 1 0 
vn 0 1 0 
vn 0 1 0 
vn 0 1 0 
vn 0 0 1 
vn 0 0 1 
vn 0 0 1 
vn 0 0 1 
vn 0 0 1 
vn 0 0 1 
vn 0 0 1 
vn 0 0 1 
vn 0 0 1 
vn 0 0 1 
vn 0 0 1 
vn 0 0 1 
vn 0 0 1 
vn 0 0 1 
vn 0 0 1 
vn 0 0 1 
vn 0 0 1 
vn 0 0 1 
vn 0 0 1 
vn 0 0 1 
vn 0 0 1 
vn 0 0 1 
vn 0 0 1 
vn 0 0 1 
vn 0 0 1 
vn 0 0 1 
vn 0 0 1 
vn 0 0 1 
vn 0 0 1 
vn 0 0 1 
vn 0 0 1 
vn 0 0 1 
vn 0 0 1 
vn 0 0 1 
vn 0 0 1 
vn 0 0 1 
vn 0 0 1 
vn 0 0 1 
vn 0 0 1 
vn 0 0 1 
vn 0 0 1 
vn 0 0 1 
vn 0 0 1 
vn 0 0 1 
vn 0 0 1 
vn 0 0 1 
vn 0 0 1 
vn 0 0 1 
vn 0 0 1 
vn 0 0 1 
vn 0 0 1 
vn 0 0 1 
vn 0 0 1 
vn 0 0 1 
vn 0 0 1 
vn 0 0 1 
vn -1 0 0 
vn -1 0 0 
vn -1 0 0 
vn -1 0 0 
vn -1 0 0 
vn -1 0 0 
vn -1 0 0 
vn -1 0 0 
vn -1 0 0 
vn -1 0 0 
vn -1 0 0 
vn -1 0 0 
vn -1 0 0 
vn -1 0 0 
vn -1 0 0 
vn -1 0 0 
vn -1 0 0 
vn -1 0 0 
vn -1 0 0 
vn -1 0 0 
vn -1 0 0 
vn -1 0 0 
vn -1 0 0 
vn -1 0 0 
vn -1 0 0 
vn -1 0 0 
vn -1 0 0 
vn -1 0 0 
vn -1 0 0 
vn -1 0 0 
vn -1 0 0 
vn -1 0 0 
vn -1 0 0 
vn -1 0 0 
vn -1 0 0 
vn -1 0 0 
vn -1 0 0 
vn -1 0 0 
vn -1 0 0 
vn -1 0 0 
vn 0 -1 0 
vn 0 -1 0 
vn 0 -1 0 
vn 0 -1 0 
vn 0 -1 0 
vn 0 -1 0 
vn 0 -1 0 
vn 0 -1 0 
vn 0 -1 0 
vn 0 -1 0 
vn 0 -1 0 
vn 0 -1 0 
vn 0 -1 0 
vn 0 -1 0 
vn 0 -1 0 
vn 0 -1 0 
vn 0 -1 0 
vn 0 -1 0 
vn 0 -1 0 
vn 0 -1 0 
vn 0 -1 0 
vn 0 -1 0 
vn 0 -1 0 
vn 0 -1 0 
vn 0 -1 0 
vn 0 -1 0 
vn 0 -1 0 
vn 0 -1 0 
vn 0 -1 0 
vn 0 -1 0 
vn 0 -1 0 
vn 0 -1 0 
vn 0 -1 0 
vn 0 -1 0 
vn 0 -1 0 
vn 0 -1 0 
vn 0 -1 0 
vn 0 -1 0 
vn 0 -1 0 
vn 0 -1 0 
vn 0 -1 0 
vn 0 -1 0 
vn 0 -1 0 
vn 0 -1 0 
vn 0 -1 0 
vn 0 -1 0 
vn 0 -1 0 
vn 0 -1 0 
vn 0 -1 0 
vn 0 -1 0 
vn 0 -1 0 
vn 0 -1 0 
vn 0 -1 0 
vn 0 -1 0 
vn 0 -1 0 
vn 0 -1 0 
vn 0 -1 0 
vn 0 -1 0 
vn 0 -1 0 
vn 0 -1 0 
vn 0 -1 0 
vn 0 -1 0 
vn 0 -1 0 
vn 0 -1 0 
vn 0 -1 0 
vn 0 -1 0 
vn 0 -1 0 
vn 0 -1 0 
vn 0 -1 0 
vn 0 -1 0 
vn 0 -1 0 
vn 0 -1 0 
vn 0 0 -1 
vn 0 0 -1 
vn 0 0 -1 
vn 0 0 -1 
vn 0 0 -1 
vn 0 0 -1 
vn 0 0 -1 
vn 0 0 -1 
vn 0 0 -1 
vn 0 0 -1 
vn 0 0 -1 
vn 0 0 -1 
vn 0 0 -1 
vn 0 0 -1 
vn 0 0 -1 
vn 0 0 -1 
vn 0 0 -1 
vn 0 0 -1 
vn 0 0 -1 
vn 0 0 -1 
vn 0 0 -1 
vn 0 0 -1 
vn 0 0 -1 
vn 0 0 -1 
vn 0 0 -1 
vn 0 0 -1 
vn 0 0 -1 
vn 0 0 -1 
vn 0 0 -1 
vn 0 0 -1 
vn 0 0 -1 
vn 0 0 -1 
vn 0 0 -1 
vn 0 0 -1 
vn 0 0 -1 
vn 0 0 -1 
vn 0 0 -1 
vn 0 0 -1 
vn 0 0 -1 
vn 0 0 -1 
vn 0 0 -1 
vn 0 0 -1 
vn 0 0 -1 
vn 0 0 -1 
vn 0 0 -1 
vn 0 0 -1 
vn 0 0 -1 
vn 0 0 -1 
vn 0 0 -1 
vn 0 0 -1 
vn 0 0 -1 
vn 0 0 -1 
vn 0 0 -1 
vn 0 0 -1 
vn 0 0 -1 
vn 0 0 -1 
vn 0 0 -1 
vn 0 0 -1 
vn 0 0 -1 
vn 0 0 -1 
vn 0 0 -1 
vn 0 0 -1 
vn 0 0 -1 
vn 0 0 -1 
vn 0 0 -1 
vn 0 0 -1 
vn 0 0 -1 
vn 0 0 -1 
vn 0 0 -1 
vn 0 0 -1 
vn 0 0 -1 
vn 0 0 -1 
vn 0 0 -1 
vn 0 0 -1 
vn 0 0 -1 
vn 0 0 -1 
vn 0 0 -1 
vn 0 0 -1 
vn 0 0 -1 
vn 0 0 -1 
vn 0 0 -1 
vn 0 0 -1 
vn 0 0 -1 
vn 0 0 -1 
vn 0 0 -1 
vn 0 0 -1 
vn 0 0 -1 
vn 0 0 -1 
vn 0 0 -1 
vn 0 0 -1 
vn 0 0 -1 
vn 0 0 -1 
vn 0 0 -1 
vn 0 0 -1 
vn 0 0 -1 
vn 0 0 -1 
vn 0 0 -1 
vn 0 0 -1 
vn 0 0 -1 
vn 0 0 -1 
vn 0 0 -1 
vn 0 0 -1 
vn 0 0 -1 
vn 0 0 -1 
vn 0 0 -1 
vn 0 0 -1 
vn 0 0 -1 
vn 0 0 -1 
vn 0 0 -1 
vn 0 0 -1 
vn 0 0 -1 
vn 0 0 -1 
vn 0 0 -1 
vn 0 0 -1 
vn 0 0 -1 
vn 0 0 -1 
vn 0 0 -1 
vn 0 0 -1 
vn 0 0 -1 
vn 0 0 -1 
vn 0 0 -1 
vn 0 0 -1 
vn 0 0 -1 
vn 0 0 -1 
vn 0 0 -1 
vn 0 0 -1 
vn 0 0 -1 
vn 0 0 -1 
vn 0 0 -1 
vn 0 0 -1 
vn 0 0 -1 
vn 0 0 -1 
vn 0 0 -1 
vn 0 0 -1 
vn 0 0 -1 
vn 0 0 -1 
vn 0 0 -1 
vn 0 0 -1 
vn 0 0 -1 
vn 0 0 -1 
vn 0 0 -1 
vn 0 0 -1 
vn 0 0 -1 
vn 0 0 -1 
vn 0 0 -1 
vn 0 0 -1 
vn 0 0 -1 
vn 0 0 -1 
vn 0 0 -1 
vn 0 0 -1 
vn 0 0 -1 
vn 0 0 -1 
vn 0 0 -1 
vn 0 0 -1 
vn 0 0 -1 
vn 0 0 -1 
vn 0 0 -1 
vn 0 0 -1 
vn 0 0 -1 
vn 0 0 -1 
vn 0 0 -1 
vn 0 0 -1 
vn 0 0 -1 
vn 0 0 -1 
vn 0 0 -1 
vn 0 0 -1 
vn 0 0 -1 
vn 0 0 -1 
vn 0 0 -1 
vn 0 0 -1 
vn 0 0 -1 
vn 0 0 -1 
vn 0 0 -1 
vn 0 0 -1 
vn 0 0 -1 
vn 0 0 -1 
vn 0 0 -1 
vn 0 0 -1 
vn 0 0 -1 
vn 0 0 -1 
vn 0 0 -1 
vn 0 0 -1 
vn 0 0 -1 
vn 0 0 -1 
vn 0 0 -1 
vn 0 0 -1 
vn 0 0 -1 
vn 0 0 -1 
vn 0 0 -1 
vn 0 0 -1 
vn 0 0 -1 
vn 0 0 -1 
vn 0 0 -1 
vn 0 0 -1 
vn 0 0 -1 
vn 0 0 -1 
vn 0 0 -1 
vn 0 0 -1 
vn 0 0 -1 
vn 0 0 -1 
vn 0 0 -1 
vn 0 0 -1 
vn 0 0 -1 
vn 0 0 -1 
vn 0 0 -1 
vn 0 0 -1 
vn 0 0 -1 
vn 0 0 -1 
vn 0 0 -1 
vn 0 0 -1 
vn 0 0 -1 
vn 0 0 -1 
vn 0 0 -1 
vn 0 0 -1 
vn 0 0 -1 
vn 0 0 -1 
vn 0 0 -1 
vn 0 0 -1 
vn 0 0 -1 
vn 0 0 -1 
vn 0 0 -1 
vn 0 0 -1 
vn 0 0 -1 
vn 0 0 -1 
vn 0 0 -1 
vn 0 0 -1 
vn 0 0 -1 
vn 0 0 -1 
vn 0 0 -1 
vn 0 0 -1 
vn 0 0 -1 
vn 0 0 -1 
vn 0 0 -1 
vn 0 0 -1 
vn 0 0 -1 
vn 0 0 -1 
vn 0 0 -1 
vn 0 0 -1 
vn 0 0 -1 
vn 0 0 -1 
vn 0 0 -1 
vn 0 0 -1 
vn 0 0 -1 
vn 0 0 -1 
vn 0 0 -1 
vn 0 0 -1 
vn 0 0 -1 
vn 0 0 -1 
vn 0 0 -1 
vn 0 0 -1 
vn 0 0 -1 
vn 0 0 -1 
vn 0 0 -1 
vn 0 0 -1 
vn 0 0 -1 
vn 0 0 -1 

vt 12.1812 -55.173 
vt 11.8188 -55.2043 
vt 12.1812 -55.2043 
vt 12.2108 -55.1408 
vt 11.7892 -55.173 
vt 12.2108 -55.173 
vt 11.8188 -55.173 
vt 11.7892 -55.1408 
vt 12.2424 -55.1408 
vt 11.7576 -54.7957 
vt 11.7576 -55.1408 
vt 12.0271 -54.9564 
vt 11.9729 -54.9173 
vt 11.9729 -54.9564 
vt 12.209 -54.7957 
vt 11.791 -54.7957 
vt 12.209 -54.8138 
vt 12.2424 -54.7957 
vt 12.0271 -54.9173 
vt 11.791 -54.8138 
vt 12.0271 -54.8798 
vt 11.9729 -54.9173 
vt 12.0271 -54.9173 
vt 11.9729 -54.8798 
vt 12.0271 -55.0547 
vt 11.9729 -55.0911 
vt 12.0271 -55.0911 
vt 12.0271 -55.0196 
vt 11.9729 -55.0547 
vt 12.0271 -55.0547 
vt 12.0271 -54.9171 
vt 11.9729 -55.0196 
vt 11.9729 -55.0547 
vt 11.9729 -54.9171 
vt 12.0271 -54.8419 
vt 11.9729 -54.8798 
vt 12.0271 -54.8798 
vt 12.0271 -54.8798 
vt 11.9729 -54.8798 
vt 11.9729 -54.8419 
vt 12.3221 -55.209 
vt 12.3555 -54.7576 
vt 12.3221 -54.791 
vt 12.1132 -54.791 
vt 12.3221 -54.791 
vt 12.1132 -54.7576 
vt 11.8708 -54.7576 
vt 11.9042 -55.209 
vt 11.9042 -54.791 
vt 12.3555 -54.7576 
vt 12.3555 -55.2424 
vt 12.3221 -55.209 
vt 12.1132 -55.2424 
vt 12.3555 -55.2424 
vt 12.1132 -55.209 
vt 11.9042 -55.209 
vt 11.8708 -55.2424 
vt 12.1121 -55.209 
vt 11.8708 -55.2424 
vt 11.8749 -54.9729 
vt 11.8358 -55.0271 
vt 11.8749 -55.0271 
vt 11.7199 -55.0271 
vt 11.8786 -55.0271 
vt 11.7199 -54.9729 
vt 11.6821 -54.9729 
vt 11.6821 -55.0271 
vt 11.7199 -55.0271 
vt 11.6821 -55.0271 
vt 11.6445 -54.9729 
vt 11.6445 -55.0271 
vt 11.8786 -54.9729 
vt 11.7199 -54.9729 
vt 11.6821 -54.9729 
vt 11.8358 -54.9729 
vt 11.8007 -54.9729 
vt 11.8007 -55.0271 
vt 11.7205 -54.9729 
vt 11.7205 -55.0271 
vt 11.6821 -54.9729 
vt 11.6821 -55.0271 
vt 11.7056 -55.2043 
vt 11.8868 -55.2043 
vt 11.7056 -55.173 
vt 11.8868 -55.173 
vt 12.0681 -55.173 
vt 12.0681 -55.2043 
vt 12.1642 -54.9564 
vt 12.1251 -54.9173 
vt 12.1251 -54.9564 
vt 11.676 -55.173 
vt 11.8868 -55.173 
vt 11.676 -55.1408 
vt 11.8868 -55.1408 
vt 11.8868 -54.7957 
vt 11.6445 -55.1408 
vt 11.8868 -55.1408 
vt 12.0977 -55.1408 
vt 12.0977 -55.173 
vt 12.1292 -55.1408 
vt 11.8868 -54.7957 
vt 11.8868 -55.1408 
vt 12.1642 -54.9173 
vt 11.6779 -54.8138 
vt 11.8868 -54.8138 
vt 11.6779 -54.7957 
vt 11.8868 -54.7957 
vt 11.8879 -54.7957 
vt 12.0958 -54.8138 
vt 12.0958 -54.7957 
vt 12.1642 -54.8798 
vt 11.6445 -54.7957 
vt 12.1292 -54.7957 
vt 12.1251 -54.8798 
vt 12.1642 -54.8419 
vt 12.1251 -54.8419 
vt 12.2801 -55.0911 
vt 12.1214 -55.0547 
vt 12.1214 -55.0911 
vt 12.2801 -55.0547 
vt 12.3179 -55.0547 
vt 12.3179 -55.0911 
vt 12.2801 -55.0196 
vt 12.3555 -55.0196 
vt 12.3555 -55.0547 
vt 12.3179 -55.0196 
vt 12.1993 -54.9173 
vt 12.3555 -54.9171 
vt 12.3179 -54.9171 
vt 12.3179 -54.8798 
vt 12.2795 -54.9171 
vt 12.1993 -54.8798 
vt 12.2795 -54.8798 
vt 12.3555 -54.8798 
vt 12.1993 -54.8419 
vt 12.2795 -54.8419 
vt 12.3179 -54.8419 
vt 11.7892 -55.173 
vt 12.2108 -55.173 
vt 11.7892 -55.1408 
vt 11.8188 -55.2043 
vt 12.1812 -55.2043 
vt 11.8188 -55.173 
vt 12.0271 -55.0547 
vt 11.9729 -55.0911 
vt 12.0271 -55.0911 
vt 12.2108 -55.1408 
vt 12.1812 -55.173 
vt 11.9729 -55.0547 
vt 12.2424 -54.7957 
vt 11.7576 -54.7957 
vt 11.7576 -55.1408 
vt 12.209 -54.7957 
vt 11.791 -54.7957 
vt 11.791 -54.8138 
vt 12.0271 -54.9564 
vt 11.9729 -54.9173 
vt 11.9729 -54.9564 
vt 12.2424 -55.1408 
vt 12.209 -54.8138 
vt 12.0271 -54.9173 
vt 11.9729 -55.0196 
vt 11.9729 -55.0547 
vt 12.0271 -55.0196 
vt 11.9729 -54.9171 
vt 11.9729 -55.0196 
vt 12.0271 -54.9171 
vt 12.0271 -55.0547 
vt 12.0271 -54.8798 
vt 12.0271 -55.0196 
vt 12.0271 -54.8798 
vt 11.9729 -54.9171 
vt 12.0271 -54.9171 
vt 11.9729 -54.8798 
vt 11.9729 -54.8798 
vt 12.0271 -54.8419 
vt 11.9729 -54.8419 
vt 11.7056 -54.8188 
vt 11.676 -55.2108 
vt 11.7056 -55.1812 
vt 11.676 -55.2108 
vt 11.8868 -55.2108 
vt 11.7056 -55.1812 
vt 11.8868 -55.1812 
vt 11.7056 -54.8188 
vt 11.7056 -55.1812 
vt 11.8868 -54.8188 
vt 12.0681 -55.1812 
vt 12.0681 -54.8188 
vt 11.8868 -55.1812 
vt 11.8868 -54.8188 
vt 11.7056 -54.8188 
vt 11.8868 -54.7892 
vt 11.676 -54.7892 
vt 11.676 -54.7892 
vt 11.8868 -54.8188 
vt 12.0681 -54.8188 
vt 11.8868 -55.1812 
vt 11.6445 -55.2424 
vt 11.8868 -55.2424 
vt 11.676 -55.2108 
vt 11.8868 -55.2108 
vt 12.0681 -55.1812 
vt 12.0977 -55.2108 
vt 12.0977 -55.2108 
vt 11.676 -54.7892 
vt 11.6445 -55.2424 
vt 11.676 -55.2108 
vt 11.676 -54.7892 
vt 11.8868 -54.7576 
vt 11.6445 -54.7576 
vt 11.6445 -54.7576 
vt 11.8868 -54.7892 
vt 12.0977 -54.7892 
vt 12.0977 -54.7892 
vt 12.0977 -55.2108 
vt 12.0681 -55.1812 
vt 12.1292 -55.2424 
vt 12.1292 -55.2424 
vt 12.0977 -54.7892 
vt 12.0977 -55.2108 
vt 12.1214 -55.0271 
vt 12.2801 -55.0271 
vt 12.1214 -54.9729 
vt 12.3179 -55.0271 
vt 12.2801 -54.9729 
vt 12.1292 -54.7576 
vt 12.1292 -54.7576 
vt 12.3179 -54.9729 
vt 12.3179 -54.9729 
vt 12.3555 -55.0271 
vt 12.3555 -54.9729 
vt 12.1251 -55.0271 
vt 12.1642 -55.0271 
vt 12.1642 -54.9729 
vt 12.1993 -55.0271 
vt 12.1642 -54.9729 
vt 12.1642 -55.0271 
vt 12.3179 -55.0271 
vt 12.2795 -54.9729 
vt 12.2795 -55.0271 
vt 12.3179 -55.0271 
vt 12.2795 -55.0271 
vt 12.1993 -54.9729 
vt 12.1993 -55.0271 
vt 12.1251 -54.9729 
vt 12.1993 -54.9729 
vt 12.2795 -54.9729 
vt 12.3179 -54.9729 
vt 12.2025 -55.109 
vt 12.1803 -55.1269 
vt 12.3555 -55.1408 
vt 12.1132 -55.1408 
vt 12.223 -55.0881 
vt 12.223 -55.0722 
vt 12.2025 -55.0881 
vt 12.2816 -54.9792 
vt 12.3054 -54.945 
vt 12.3555 -55.1408 
vt 12.3165 -54.9331 
vt 12.2816 -54.9792 
vt 12.1758 -54.9792 
vt 12.3555 -54.7957 
vt 12.3148 -54.8965 
vt 12.3038 -54.9058 
vt 12.3165 -54.9117 
vt 12.1803 -55.109 
vt 12.1185 -55.1269 
vt 12.1132 -55.1408 
vt 12.1185 -55.1269 
vt 12.1132 -55.1269 
vt 12.1078 -55.1269 
vt 12.1078 -55.1269 
vt 12.046 -55.1269 
vt 12.1132 -55.1408 
vt 12.0465 -55.0867 
vt 12.0922 -55.0867 
vt 12.0467 -55.0721 
vt 12.1341 -55.0867 
vt 12.141 -54.9794 
vt 12.1132 -55.0867 
vt 12.1796 -55.0721 
vt 12.1341 -55.0867 
vt 12.1132 -55.0867 
vt 12.0853 -54.9794 
vt 12.0922 -55.0867 
vt 12.1412 -54.9565 
vt 12.0851 -54.9565 
vt 12.0505 -54.9329 
vt 12.0694 -54.9329 
vt 12.0505 -54.8975 
vt 12.294 -54.945 
vt 12.223 -55.0722 
vt 12.1758 -54.9792 
vt 12.1796 -55.0721 
vt 12.2816 -54.945 
vt 12.324 -55.1408 
vt 12.1132 -55.1408 
vt 12.324 -55.173 
vt 12.2944 -55.173 
vt 12.1132 -55.173 
vt 12.2944 -55.2043 
vt 12.3054 -54.9331 
vt 12.3053 -54.9117 
vt 12.294 -54.9331 
vt 12.3054 -54.9331 
vt 12.294 -54.9058 
vt 12.1132 -55.173 
vt 12.1798 -55.0867 
vt 12.0467 -55.0721 
vt 12.0922 -55.0867 
vt 12.0505 -54.9792 
vt 12.1758 -54.9792 
vt 12.1132 -55.2043 
vt 12.0505 -54.9792 
vt 12.1569 -54.9329 
vt 12.1569 -54.9565 
vt 12.1758 -54.8975 
vt 12.1758 -54.9329 
vt 12.0694 -54.9565 
vt 12.1132 -54.7957 
vt 12.1132 -54.7957 
vt 12.3038 -54.8966 
vt 12.294 -54.8872 
vt 12.3038 -54.8966 
vt 12.3041 -54.8771 
vt 12.294 -54.8966 
vt 12.2877 -54.8872 
vt 12.2848 -54.8779 
vt 12.2833 -54.8871 
vt 12.2877 -54.8872 
vt 12.2833 -54.8871 
vt 12.2817 -54.8779 
vt 12.2817 -54.8871 
vt 12.2906 -54.8779 
vt 12.2817 -54.8779 
vt 12.2833 -54.8871 
vt 12.2848 -54.8779 
vt 12.2817 -54.8779 
vt 12.2815 -54.8614 
vt 12.2715 -54.8779 
vt 12.2995 -54.8559 
vt 12.2906 -54.8613 
vt 12.2876 -54.8613 
vt 12.2876 -54.8613 
vt 12.2995 -54.8559 
vt 12.2815 -54.8614 
vt 12.2715 -54.8779 
vt 12.2599 -54.8871 
vt 12.2715 -54.8871 
vt 12.2508 -54.8871 
vt 12.24 -54.8769 
vt 12.24 -54.8871 
vt 12.2299 -54.877 
vt 12.1757 -54.887 
vt 12.2299 -54.887 
vt 12.1681 -54.8559 
vt 12.1758 -54.8975 
vt 12.2601 -54.8689 
vt 12.24 -54.8769 
vt 12.2508 -54.8871 
vt 12.2508 -54.8689 
vt 12.2299 -54.877 
vt 12.1681 -54.8559 
vt 12.1757 -54.887 
vt 12.2601 -54.8689 
vt 12.2508 -54.8689 
vt 12.3165 -54.9331 
vt 12.3555 -54.7957 
vt 12.3165 -54.9117 
vt 12.3148 -54.8965 
vt 12.3148 -54.8771 
vt 12.3555 -54.7957 
vt 12.2995 -54.8365 
vt 12.3555 -54.7957 
vt 12.1132 -54.7957 
vt 12.2995 -54.8365 
vt 12.3221 -54.7957 
vt 12.1132 -54.7957 
vt 12.3221 -54.8138 
vt 12.1132 -54.7957 
vt 12.1758 -54.8975 
vt 12.1681 -54.8559 
vt 12.0505 -54.8975 
vt 12.1132 -54.7957 
vt 12.0582 -54.8559 
vt 12.168 -54.8365 
vt 12.0584 -54.8365 
vt 12.168 -54.8365 
vt 12.1132 -54.8138 
vt 12.0505 -54.8975 
vt 12.0582 -54.8559 
vt 12.0506 -54.887 
vt 11.8708 -55.1408 
vt 12.0238 -55.109 
vt 12.046 -55.109 
vt 12.0238 -55.109 
vt 12.0033 -55.0881 
vt 11.8708 -55.1408 
vt 12.0033 -55.0722 
vt 12.0033 -55.0881 
vt 12.0238 -55.0881 
vt 11.9447 -54.9792 
vt 11.9447 -54.9792 
vt 11.9447 -54.945 
vt 11.9323 -54.945 
vt 11.9209 -54.945 
vt 11.9323 -54.8872 
vt 11.9225 -54.8966 
vt 11.9323 -54.8966 
vt 11.8708 -55.1408 
vt 11.9098 -54.9331 
vt 11.8708 -54.7957 
vt 11.921 -54.9117 
vt 11.9209 -54.9331 
vt 11.9323 -54.9331 
vt 11.9209 -54.9331 
vt 11.9323 -54.9058 
vt 11.9225 -54.9058 
vt 11.9098 -54.9117 
vt 11.9115 -54.8965 
vt 11.9225 -54.8966 
vt 11.9023 -55.173 
vt 11.9319 -55.2043 
vt 11.9023 -55.1408 
vt 11.9319 -55.173 
vt 11.8749 -54.9564 
vt 11.8358 -54.9173 
vt 11.8358 -54.9564 
vt 11.8786 -55.0547 
vt 11.7199 -55.0547 
vt 11.8786 -55.0911 
vt 11.8749 -54.9173 
vt 11.8749 -54.8798 
vt 11.8007 -54.8798 
vt 11.8007 -54.9173 
vt 11.8358 -54.8798 
vt 11.7199 -55.0911 
vt 11.6821 -55.0911 
vt 11.6821 -55.0547 
vt 11.6821 -55.0196 
vt 11.7199 -55.0196 
vt 11.6445 -55.0547 
vt 11.6445 -55.0196 
vt 11.6821 -54.9171 
vt 11.6445 -54.9171 
vt 11.7205 -54.8798 
vt 11.7205 -54.9171 
vt 11.6445 -54.8798 
vt 11.6821 -54.8798 
vt 12.0506 -54.887 
vt 11.9964 -54.877 
vt 11.9964 -54.887 
vt 11.9863 -54.8871 
vt 11.9863 -54.8769 
vt 11.9755 -54.8871 
vt 11.9664 -54.8871 
vt 11.9663 -54.8689 
vt 11.9548 -54.8779 
vt 11.9964 -54.877 
vt 11.9755 -54.8689 
vt 11.9863 -54.8769 
vt 11.9755 -54.8871 
vt 12.0582 -54.8559 
vt 11.9755 -54.8689 
vt 11.9448 -54.8614 
vt 11.9663 -54.8689 
vt 11.9448 -54.8614 
vt 11.9268 -54.8559 
vt 11.9548 -54.8779 
vt 11.9548 -54.8871 
vt 11.9664 -54.8871 
vt 11.9415 -54.8779 
vt 11.9386 -54.8872 
vt 11.943 -54.8871 
vt 11.9222 -54.8771 
vt 11.9447 -54.8779 
vt 11.943 -54.8871 
vt 11.9446 -54.8871 
vt 11.9357 -54.8779 
vt 11.9386 -54.8872 
vt 11.9415 -54.8779 
vt 11.9447 -54.8779 
vt 11.9387 -54.8613 
vt 11.9387 -54.8613 
vt 11.9268 -54.8559 
vt 11.9357 -54.8613 
vt 11.8708 -54.7957 
vt 11.8708 -54.7957 
vt 11.9115 -54.8965 
vt 11.9115 -54.8771 
vt 11.9268 -54.8365 
vt 12.1132 -54.7957 
vt 11.9268 -54.8365 
vt 12.0584 -54.8365 
vt 11.8708 -54.7957 
vt 11.9042 -54.8138 
vt 11.9042 -54.7957 
vt 11.9098 -54.9117 
vt 11.9098 -54.9331 
vt 11.8749 -54.8419 
vt 11.8007 -54.8419 
vt 11.7205 -54.8419 
vt 11.6821 -54.8419 
vt 11.8358 -54.8419 

usemtl Cube0041Mtl

f 1116/1116/1116 1117/1117/1117 1118/1118/1118 
f 1120/1120/1120 1117/1117/1117 1116/1116/1116 
f 1119/1119/1119 1120/1120/1120 1116/1116/1116 
f 1122/1122/1122 1120/1120/1120 1119/1119/1119 
f 1126/1126/1126 1122/1122/1122 1119/1119/1119 
f 1122/1122/1122 1126/1126/1126 1127/1127/1127 
f 1113/1113/1113 1114/1114/1114 1115/1115/1115 
f 1121/1121/1121 1114/1114/1114 1113/1113/1113 
f 1123/1123/1123 1124/1124/1124 1125/1125/1125 
f 1123/1123/1123 1128/1128/1128 1124/1124/1124 
f 1109/1109/1109 1110/1110/1110 1111/1111/1111 
f 1109/1109/1109 1112/1112/1112 1110/1110/1110 
f 1100/1100/1100 1101/1101/1101 1102/1102/1102 
f 1101/1101/1101 1100/1100/1100 1107/1107/1107 
f 1097/1097/1097 1098/1098/1098 1099/1099/1099 
f 1098/1098/1098 1097/1097/1097 1106/1106/1106 
f 1092/1092/1092 1093/1093/1093 1094/1094/1094 
f 1092/1092/1092 1096/1096/1096 1093/1093/1093 
f 1089/1089/1089 1090/1090/1090 1091/1091/1091 
f 1089/1089/1089 1095/1095/1095 1090/1090/1090 
f 1103/1103/1103 1104/1104/1104 1105/1105/1105 
f 1108/1108/1108 1105/1105/1105 1104/1104/1104 
f 1129/1129/1129 1130/1130/1130 1131/1131/1131 
f 1139/1139/1139 1130/1130/1130 1129/1129/1129 
f 1132/1132/1132 1133/1133/1133 1134/1134/1134 
f 1138/1138/1138 1134/1134/1134 1133/1133/1133 
f 1134/1134/1134 1137/1137/1137 1132/1132/1132 
f 1134/1134/1134 1135/1135/1135 1137/1137/1137 
f 1135/1135/1135 1136/1136/1136 1137/1137/1137 
f 1135/1135/1135 1147/1147/1147 1136/1136/1136 
f 1140/1140/1140 1141/1141/1141 1142/1142/1142 
f 1141/1141/1141 1140/1140/1140 1143/1143/1143 
f 1146/1146/1146 1141/1141/1141 1143/1143/1143 
f 1144/1144/1144 1141/1141/1141 1146/1146/1146 
f 1141/1141/1141 1144/1144/1144 1145/1145/1145 
f 1148/1148/1148 1149/1149/1149 1150/1150/1150 
f 1163/1163/1163 1149/1149/1149 1148/1148/1148 
f 1164/1164/1164 1149/1149/1149 1163/1163/1163 
f 1149/1149/1149 1164/1164/1164 1165/1165/1165 
f 1166/1166/1166 1165/1165/1165 1164/1164/1164 
f 1165/1165/1165 1166/1166/1166 1167/1167/1167 
f 1168/1168/1168 1167/1167/1167 1166/1166/1166 
f 1167/1167/1167 1168/1168/1168 1169/1169/1169 
f 1157/1157/1157 1158/1158/1158 1159/1159/1159 
f 1158/1158/1158 1157/1157/1157 1162/1162/1162 
f 1154/1154/1154 1155/1155/1155 1156/1156/1156 
f 1161/1161/1161 1154/1154/1154 1156/1156/1156 
f 1151/1151/1151 1152/1152/1152 1153/1153/1153 
f 1160/1160/1160 1153/1153/1153 1152/1152/1152 
f 1183/1183/1183 1184/1184/1184 1185/1185/1185 
f 1183/1183/1183 1200/1200/1200 1184/1184/1184 
f 1188/1188/1188 1189/1189/1189 1190/1190/1190 
f 1189/1189/1189 1188/1188/1188 1201/1201/1201 
f 1179/1179/1179 1180/1180/1180 1181/1181/1181 
f 1182/1182/1182 1181/1181/1181 1180/1180/1180 
f 1180/1180/1180 1186/1186/1186 1182/1182/1182 
f 1186/1186/1186 1180/1180/1180 1187/1187/1187 
f 1170/1170/1170 1171/1171/1171 1172/1172/1172 
f 1173/1173/1173 1172/1172/1172 1171/1171/1171 
f 1174/1174/1174 1173/1173/1173 1171/1171/1171 
f 1174/1174/1174 1171/1171/1171 1175/1175/1175 
f 1176/1176/1176 1177/1177/1177 1178/1178/1178 
f 1177/1177/1177 1176/1176/1176 1191/1191/1191 
f 1199/1199/1199 1177/1177/1177 1191/1191/1191 
f 1199/1199/1199 1191/1191/1191 1215/1215/1215 
f 1199/1199/1199 1202/1202/1202 1177/1177/1177 
f 1220/1220/1220 1199/1199/1199 1215/1215/1215 
f 1203/1203/1203 1202/1202/1202 1199/1199/1199 
f 1203/1203/1203 1199/1199/1199 1220/1220/1220 
f 1203/1203/1203 1204/1204/1204 1202/1202/1202 
f 1223/1223/1223 1203/1203/1203 1220/1220/1220 
f 1220/1220/1220 1221/1221/1221 1223/1223/1223 
f 1224/1224/1224 1223/1223/1223 1221/1221/1221 
f 1224/1224/1224 1221/1221/1221 1218/1218/1218 
f 1225/1225/1225 1224/1224/1224 1218/1218/1218 
f 1221/1221/1221 1219/1219/1219 1218/1218/1218 
f 1218/1218/1218 1219/1219/1219 1217/1217/1217 
f 1218/1218/1218 1217/1217/1217 1216/1216/1216 
f 1222/1222/1222 1218/1218/1218 1216/1216/1216 
f 1217/1217/1217 1214/1214/1214 1216/1216/1216 
f 1216/1216/1216 1214/1214/1214 1212/1212/1212 
f 1214/1214/1214 1209/1209/1209 1212/1212/1212 
f 1212/1212/1212 1209/1209/1209 1213/1213/1213 
f 1211/1211/1211 1209/1209/1209 1214/1214/1214 
f 1209/1209/1209 1211/1211/1211 1208/1208/1208 
f 1208/1208/1208 1205/1205/1205 1209/1209/1209 
f 1209/1209/1209 1205/1205/1205 1210/1210/1210 
f 1206/1206/1206 1205/1205/1205 1208/1208/1208 
f 1205/1205/1205 1206/1206/1206 1207/1207/1207 
f 1192/1192/1192 1193/1193/1193 1194/1194/1194 
f 1195/1195/1195 1194/1194/1194 1193/1193/1193 
f 1193/1193/1193 1196/1196/1196 1195/1195/1195 
f 1197/1197/1197 1196/1196/1196 1193/1193/1193 
f 1196/1196/1196 1197/1197/1197 1198/1198/1198 
f 1238/1238/1238 1239/1239/1239 1240/1240/1240 
f 1238/1238/1238 1240/1240/1240 1247/1247/1247 
f 1226/1226/1226 1227/1227/1227 1228/1228/1228 
f 1235/1235/1235 1228/1228/1228 1227/1227/1227 
f 1229/1229/1229 1230/1230/1230 1231/1231/1231 
f 1236/1236/1236 1231/1231/1231 1230/1230/1230 
f 1241/1241/1241 1242/1242/1242 1243/1243/1243 
f 1241/1241/1241 1243/1243/1243 1248/1248/1248 
f 1232/1232/1232 1233/1233/1233 1234/1234/1234 
f 1237/1237/1237 1233/1233/1233 1232/1232/1232 
f 1244/1244/1244 1245/1245/1245 1246/1246/1246 
f 1245/1245/1245 1244/1244/1244 1249/1249/1249 
f 1257/1257/1257 1245/1245/1245 1249/1249/1249 
f 1257/1257/1257 1262/1262/1262 1245/1245/1245 
f 1264/1264/1264 1262/1262/1262 1257/1257/1257 
f 1264/1264/1264 1265/1265/1265 1262/1262/1262 
f 1259/1259/1259 1260/1260/1260 1261/1261/1261 
f 1260/1260/1260 1259/1259/1259 1263/1263/1263 
f 1250/1250/1250 1251/1251/1251 1252/1252/1252 
f 1252/1252/1252 1251/1251/1251 1256/1256/1256 
f 1253/1253/1253 1254/1254/1254 1255/1255/1255 
f 1255/1255/1255 1254/1254/1254 1258/1258/1258 
f 1272/1272/1272 1273/1273/1273 1274/1274/1274 
f 1273/1273/1273 1272/1272/1272 1275/1275/1275 
f 1276/1276/1276 1277/1277/1277 1278/1278/1278 
f 1278/1278/1278 1277/1277/1277 1279/1279/1279 
f 1266/1266/1266 1267/1267/1267 1268/1268/1268 
f 1283/1283/1283 1267/1267/1267 1266/1266/1266 
f 1269/1269/1269 1270/1270/1270 1271/1271/1271 
f 1286/1286/1286 1271/1271/1271 1270/1270/1270 
f 1270/1270/1270 1291/1291/1291 1286/1286/1286 
f 1291/1291/1291 1270/1270/1270 1292/1292/1292 
f 1280/1280/1280 1281/1281/1281 1282/1282/1282 
f 1281/1281/1281 1280/1280/1280 1284/1284/1284 
f 1285/1285/1285 1281/1281/1281 1284/1284/1284 
f 1281/1281/1281 1285/1285/1285 1303/1303/1303 
f 1304/1304/1304 1303/1303/1303 1285/1285/1285 
f 1304/1304/1304 1285/1285/1285 1305/1305/1305 
f 1287/1287/1287 1288/1288/1288 1289/1289/1289 
f 1290/1290/1290 1289/1289/1289 1288/1288/1288 
f 1288/1288/1288 1293/1293/1293 1290/1290/1290 
f 1288/1288/1288 1306/1306/1306 1293/1293/1293 
f 1294/1294/1294 1295/1295/1295 1296/1296/1296 
f 1300/1300/1300 1295/1295/1295 1294/1294/1294 
f 1297/1297/1297 1298/1298/1298 1299/1299/1299 
f 1298/1298/1298 1297/1297/1297 1301/1301/1301 
f 1302/1302/1302 1298/1298/1298 1301/1301/1301 
f 1298/1298/1298 1302/1302/1302 1315/1315/1315 
f 1307/1307/1307 1308/1308/1308 1309/1309/1309 
f 1307/1307/1307 1316/1316/1316 1308/1308/1308 
f 1310/1310/1310 1311/1311/1311 1312/1312/1312 
f 1314/1314/1314 1312/1312/1312 1311/1311/1311 
f 1311/1311/1311 1313/1313/1313 1314/1314/1314 
f 1313/1313/1313 1317/1317/1317 1314/1314/1314 
f 1318/1318/1318 1319/1319/1319 1320/1320/1320 
f 1319/1319/1319 1318/1318/1318 1330/1330/1330 
f 1321/1321/1321 1322/1322/1322 1323/1323/1323 
f 1321/1321/1321 1323/1323/1323 1334/1334/1334 
f 1324/1324/1324 1325/1325/1325 1326/1326/1326 
f 1325/1325/1325 1324/1324/1324 1335/1335/1335 
f 1327/1327/1327 1328/1328/1328 1329/1329/1329 
f 1328/1328/1328 1327/1327/1327 1337/1337/1337 
f 1331/1331/1331 1332/1332/1332 1333/1333/1333 
f 1332/1332/1332 1331/1331/1331 1336/1336/1336 
f 1338/1338/1338 1339/1339/1339 1340/1340/1340 
f 1339/1339/1339 1338/1338/1338 1355/1355/1355 
f 1341/1341/1341 1340/1340/1340 1339/1339/1339 
f 1339/1339/1339 1356/1356/1356 1341/1341/1341 
f 1340/1340/1340 1342/1342/1342 1338/1338/1338 
f 1344/1344/1344 1338/1338/1338 1342/1342/1342 
f 1340/1340/1340 1343/1343/1343 1342/1342/1342 
f 1340/1340/1340 1345/1345/1345 1343/1343/1343 
f 1350/1350/1350 1343/1343/1343 1345/1345/1345 
f 1370/1370/1370 1350/1350/1350 1371/1371/1371 
f 1370/1370/1370 1371/1371/1371 1397/1397/1397 
f 1346/1346/1346 1347/1347/1347 1348/1348/1348 
f 1347/1347/1347 1351/1351/1351 1348/1348/1348 
f 1348/1348/1348 1391/1391/1391 1346/1346/1346 
f 1346/1346/1346 1349/1349/1349 1347/1347/1347 
f 1349/1349/1349 1346/1346/1346 1380/1380/1380 
f 1349/1349/1349 1380/1380/1380 1384/1384/1384 
f 1352/1352/1352 1353/1353/1353 1354/1354/1354 
f 1353/1353/1353 1352/1352/1352 1411/1411/1411 
f 1354/1354/1354 1353/1353/1353 1392/1392/1392 
f 1395/1395/1395 1392/1392/1392 1353/1353/1353 
f 1395/1395/1395 1393/1393/1393 1392/1392/1392 
f 1392/1392/1392 1393/1393/1393 1394/1394/1394 
f 1357/1357/1357 1358/1358/1358 1359/1359/1359 
f 1357/1357/1357 1359/1359/1359 1360/1360/1360 
f 1361/1361/1361 1362/1362/1362 1363/1363/1363 
f 1482/1482/1482 1363/1363/1363 1362/1362/1362 
f 1483/1483/1483 1482/1482/1482 1362/1362/1362 
f 1483/1483/1483 1362/1362/1362 1484/1484/1484 
f 1489/1489/1489 1483/1483/1483 1490/1490/1490 
f 1488/1488/1488 1482/1482/1482 1489/1489/1489 
f 1488/1488/1488 1491/1491/1491 1482/1482/1482 
f 1491/1491/1491 1488/1488/1488 1400/1400/1400 
f 1400/1400/1400 1488/1488/1488 1398/1398/1398 
f 1398/1398/1398 1399/1399/1399 1400/1400/1400 
f 1364/1364/1364 1365/1365/1365 1366/1366/1366 
f 1367/1367/1367 1368/1368/1368 1369/1369/1369 
f 1401/1401/1401 1368/1368/1368 1367/1367/1367 
f 1375/1375/1375 1369/1369/1369 1368/1368/1368 
f 1409/1409/1409 1369/1369/1369 1375/1375/1375 
f 1404/1404/1404 1409/1409/1409 1375/1375/1375 
f 1404/1404/1404 1375/1375/1375 1405/1405/1405 
f 1409/1409/1409 1404/1404/1404 1406/1406/1406 
f 1406/1406/1406 1404/1404/1404 1407/1407/1407 
f 1372/1372/1372 1373/1373/1373 1374/1374/1374 
f 1373/1373/1373 1403/1403/1403 1374/1374/1374 
f 1373/1373/1373 1372/1372/1372 1376/1376/1376 
f 1372/1372/1372 1410/1410/1410 1376/1376/1376 
f 1410/1410/1410 1378/1378/1378 1376/1376/1376 
f 1408/1408/1408 1376/1376/1376 1378/1378/1378 
f 1378/1378/1378 1410/1410/1410 1379/1379/1379 
f 1377/1377/1377 1378/1378/1378 1379/1379/1379 
f 1381/1381/1381 1382/1382/1382 1383/1383/1383 
f 1412/1412/1412 1413/1413/1413 1414/1414/1414 
f 1413/1413/1413 1412/1412/1412 1415/1415/1415 
f 1414/1414/1414 1419/1419/1419 1412/1412/1412 
f 1457/1457/1457 1419/1419/1419 1414/1414/1414 
f 1414/1414/1414 1460/1460/1460 1457/1457/1457 
f 1459/1459/1459 1457/1457/1457 1460/1460/1460 
f 1458/1458/1458 1457/1457/1457 1459/1459/1459 
f 1456/1456/1456 1457/1457/1457 1458/1458/1458 
f 1416/1416/1416 1417/1417/1417 1418/1418/1418 
f 1417/1417/1417 1416/1416/1416 1423/1423/1423 
f 1461/1461/1461 1423/1423/1423 1416/1416/1416 
f 1423/1423/1423 1461/1461/1461 1430/1430/1430 
f 1461/1461/1461 1462/1462/1462 1430/1430/1430 
f 1423/1423/1423 1430/1430/1430 1431/1431/1431 
f 1430/1430/1430 1432/1432/1432 1431/1431/1431 
f 1420/1420/1420 1421/1421/1421 1422/1422/1422 
f 1424/1424/1424 1425/1425/1425 1426/1426/1426 
f 1427/1427/1427 1428/1428/1428 1429/1429/1429 
f 1454/1454/1454 1428/1428/1428 1455/1455/1455 
f 1428/1428/1428 1445/1445/1445 1455/1455/1455 
f 1445/1445/1445 1446/1446/1446 1443/1443/1443 
f 1442/1442/1442 1443/1443/1443 1444/1444/1444 
f 1433/1433/1433 1434/1434/1434 1435/1435/1435 
f 1452/1452/1452 1435/1435/1435 1434/1434/1434 
f 1436/1436/1436 1435/1435/1435 1447/1447/1447 
f 1437/1437/1437 1436/1436/1436 1447/1447/1447 
f 1436/1436/1436 1437/1437/1437 1438/1438/1438 
f 1453/1453/1453 1451/1451/1451 1452/1452/1452 
f 1450/1450/1450 1452/1452/1452 1451/1451/1451 
f 1450/1450/1450 1451/1451/1451 1448/1448/1448 
f 1448/1448/1448 1449/1449/1449 1450/1450/1450 
f 1439/1439/1439 1440/1440/1440 1441/1441/1441 
f 1463/1463/1463 1464/1464/1464 1465/1465/1465 
f 1465/1465/1465 1464/1464/1464 1477/1477/1477 
f 1469/1469/1469 1470/1470/1470 1471/1471/1471 
f 1469/1469/1469 1471/1471/1471 1475/1475/1475 
f 1472/1472/1472 1473/1473/1473 1474/1474/1474 
f 1473/1473/1473 1476/1476/1476 1474/1474/1474 
f 1479/1479/1479 1480/1480/1480 1481/1481/1481 
f 1556/1556/1556 1480/1480/1480 1557/1557/1557 
f 1556/1556/1556 1557/1557/1557 1572/1572/1572 
f 1485/1485/1485 1486/1486/1486 1487/1487/1487 
f 1492/1492/1492 1493/1493/1493 1494/1494/1494 
f 1492/1492/1492 1494/1494/1494 1495/1495/1495 
f 1495/1495/1495 1499/1499/1499 1492/1492/1492 
f 1499/1499/1499 1495/1495/1495 1500/1500/1500 
f 1495/1495/1495 1505/1505/1505 1500/1500/1500 
f 1501/1501/1501 1499/1499/1499 1500/1500/1500 
f 1496/1496/1496 1497/1497/1497 1498/1498/1498 
f 1497/1497/1497 1496/1496/1496 1564/1564/1564 
f 1569/1569/1569 1564/1564/1564 1496/1496/1496 
f 1569/1569/1569 1577/1577/1577 1564/1564/1564 
f 1564/1564/1564 1577/1577/1577 1579/1579/1579 
f 1577/1577/1577 1578/1578/1578 1579/1579/1579 
f 1577/1577/1577 1587/1587/1587 1578/1578/1578 
f 1577/1577/1577 1588/1588/1588 1587/1587/1587 
f 1502/1502/1502 1503/1503/1503 1504/1504/1504 
f 1506/1506/1506 1502/1502/1502 1504/1504/1504 
f 1502/1502/1502 1506/1506/1506 1507/1507/1507 
f 1507/1507/1507 1508/1508/1508 1502/1502/1502 
f 1508/1508/1508 1507/1507/1507 1509/1509/1509 
f 1509/1509/1509 1507/1507/1507 1510/1510/1510 
f 1539/1539/1539 1540/1540/1540 1541/1541/1541 
f 1540/1540/1540 1539/1539/1539 1552/1552/1552 
f 1553/1553/1553 1540/1540/1540 1552/1552/1552 
f 1552/1552/1552 1554/1554/1554 1553/1553/1553 
f 1553/1553/1553 1554/1554/1554 1555/1555/1555 
f 1558/1558/1558 1555/1555/1555 1554/1554/1554 
f 1554/1554/1554 1571/1571/1571 1558/1558/1558 
f 1558/1558/1558 1559/1559/1559 1560/1560/1560 
f 1542/1542/1542 1543/1543/1543 1544/1544/1544 
f 1545/1545/1545 1546/1546/1546 1547/1547/1547 
f 1548/1548/1548 1549/1549/1549 1550/1550/1550 
f 1549/1549/1549 1551/1551/1551 1550/1550/1550 
f 1561/1561/1561 1562/1562/1562 1563/1563/1563 
f 1561/1561/1561 1568/1568/1568 1562/1562/1562 
f 1568/1568/1568 1576/1576/1576 1562/1562/1562 
f 1576/1576/1576 1568/1568/1568 1574/1574/1574 
f 1574/1574/1574 1580/1580/1580 1576/1576/1576 
f 1568/1568/1568 1575/1575/1575 1574/1574/1574 
f 1573/1573/1573 1574/1574/1574 1575/1575/1575 
f 1565/1565/1565 1566/1566/1566 1567/1567/1567 
f 1570/1570/1570 1566/1566/1566 1565/1565/1565 
f 1581/1581/1581 1582/1582/1582 1583/1583/1583 
f 1581/1581/1581 1584/1584/1584 1582/1582/1582 
f 1385/1385/1385 1386/1386/1386 1387/1387/1387 
f 1396/1396/1396 1387/1387/1387 1386/1386/1386 
f 1386/1386/1386 1511/1511/1511 1396/1396/1396 
f 1386/1386/1386 1513/1513/1513 1511/1511/1511 
f 1388/1388/1388 1389/1389/1389 1390/1390/1390 
f 1402/1402/1402 1390/1390/1390 1389/1389/1389 
f 1389/1389/1389 1512/1512/1512 1402/1402/1402 
f 1512/1512/1512 1389/1389/1389 1514/1514/1514 
f 1515/1515/1515 1516/1516/1516 1517/1517/1517 
f 1516/1516/1516 1515/1515/1515 1521/1521/1521 
f 1522/1522/1522 1516/1516/1516 1521/1521/1521 
f 1522/1522/1522 1525/1525/1525 1516/1516/1516 
f 1589/1589/1589 1525/1525/1525 1522/1522/1522 
f 1589/1589/1589 1593/1593/1593 1525/1525/1525 
f 1590/1590/1590 1525/1525/1525 1593/1593/1593 
f 1523/1523/1523 1516/1516/1516 1525/1525/1525 
f 1525/1525/1525 1590/1590/1590 1523/1523/1523 
f 1516/1516/1516 1523/1523/1523 1524/1524/1524 
f 1591/1591/1591 1523/1523/1523 1590/1590/1590 
f 1523/1523/1523 1591/1591/1591 1535/1535/1535 
f 1592/1592/1592 1535/1535/1535 1591/1591/1591 
f 1535/1535/1535 1592/1592/1592 1538/1538/1538 
f 1538/1538/1538 1533/1533/1533 1535/1535/1535 
f 1535/1535/1535 1533/1533/1533 1536/1536/1536 
f 1537/1537/1537 1533/1533/1533 1538/1538/1538 
f 1533/1533/1533 1537/1537/1537 1534/1534/1534 
f 1532/1532/1532 1533/1533/1533 1534/1534/1534 
f 1533/1533/1533 1532/1532/1532 1529/1529/1529 
f 1532/1532/1532 1531/1531/1531 1529/1529/1529 
f 1529/1529/1529 1531/1531/1531 1528/1528/1528 
f 1529/1529/1529 1528/1528/1528 1519/1519/1519 
f 1530/1530/1530 1529/1529/1529 1519/1519/1519 
f 1528/1528/1528 1527/1527/1527 1519/1519/1519 
f 1519/1519/1519 1527/1527/1527 1526/1526/1526 
f 1526/1526/1526 1520/1520/1520 1519/1519/1519 
f 1518/1518/1518 1519/1519/1519 1520/1520/1520 
f 1466/1466/1466 1467/1467/1467 1468/1468/1468 
f 1478/1478/1478 1468/1468/1468 1467/1467/1467 
f 1467/1467/1467 1585/1585/1585 1478/1478/1478 
f 1467/1467/1467 1586/1586/1586 1585/1585/1585 

g Cube0051

v -0.150467 3.79717 -0.480697 
v -0.150467 3.68402 -0.761156 
v -0.150467 3.79717 -0.761156 
v -0.150467 3.68402 -0.480697 
v -0.121784 3.8424 0.209068 
v -0.121784 3.70712 -0.22873 
v -0.121784 3.8424 -0.22873 
v -0.193121 3.76934 -0.172854 
v -0.193121 4.51584 0.172853 
v -0.193121 3.76934 0.172853 
v -0.121784 3.70712 0.209068 
v -0.193121 4.51584 -0.172854 
v -0.193121 4.86341 0.172854 
v -0.193121 4.86341 -0.172854 
v -0.151267 6.16694 0.214707 
v -0.151267 4.80796 -0.214707 
v -0.151267 6.16694 -0.214707 
v -0.151267 4.80796 0.214707 
v 0.538828 4.51584 -0.172854 
v 0.538828 3.76934 0.172853 
v 0.538828 3.76934 -0.172854 
v 0.581478 3.79717 -0.761156 
v 0.581478 3.68402 -0.480697 
v 0.581478 3.68402 -0.761156 
v 0.581478 3.79717 -0.480697 
v 0.610168 3.8424 -0.22873 
v 0.610168 3.70712 0.209068 
v 0.610168 3.70712 -0.22873 
v 0.610168 3.8424 0.209068 
v 0.538828 4.51584 0.172853 
v 0.538828 4.86341 -0.172854 
v 0.580681 6.16694 -0.214707 
v 0.580681 4.80796 0.214707 
v 0.580681 4.80796 -0.214707 
v 0.538828 4.86341 0.172854 
v 0.580681 6.16694 0.214707 
v -0.581478 3.79717 -0.480697 
v -0.150467 3.79717 -0.761156 
v -0.581478 3.79717 -0.761156 
v -0.150467 3.79717 -0.480697 
v -0.610168 3.8424 0.209068 
v -0.121784 3.8424 -0.22873 
v -0.610168 3.8424 -0.22873 
v -0.121784 3.8424 0.209068 
v -0.538828 4.86341 0.172854 
v -0.193121 4.86341 -0.172854 
v -0.538828 4.86341 -0.172854 
v -0.580681 6.16694 0.214707 
v -0.151267 6.16694 -0.214707 
v -0.580681 6.16694 -0.214707 
v -0.193121 4.86341 0.172854 
v -0.151267 6.16694 0.214707 
v 0.121784 3.8424 0.209068 
v 0.610168 3.8424 0.209068 
v 0.121784 3.8424 -0.22873 
v 0.581478 3.79717 -0.480697 
v 0.581478 3.79717 -0.761156 
v 0.150467 3.79717 -0.761156 
v 0.150467 3.79717 -0.480697 
v 0.610168 3.8424 -0.22873 
v 0.193121 4.86341 0.172854 
v 0.538828 4.86341 0.172854 
v 0.193121 4.86341 -0.172854 
v 0.580681 6.16694 0.214707 
v 0.580681 6.16694 -0.214707 
v 0.151267 6.16694 -0.214707 
v 0.538828 4.86341 -0.172854 
v 0.151267 6.16694 0.214707 
v -0.193121 3.76934 0.172853 
v -0.538828 4.51584 0.172853 
v -0.538828 3.76934 0.172853 
v -0.193121 4.51584 0.172853 
v -0.121784 3.70712 0.209068 
v -0.610168 3.8424 0.209068 
v -0.610168 3.70712 0.209068 
v -0.121784 3.8424 0.209068 
v -0.538828 4.86341 0.172854 
v -0.193121 4.86341 0.172854 
v -0.151267 4.80796 0.214707 
v -0.580681 6.16694 0.214707 
v -0.580681 4.80796 0.214707 
v -0.151267 6.16694 0.214707 
v 0.610168 3.8424 0.209068 
v 0.121784 3.8424 0.209068 
v 0.121784 3.70712 0.209068 
v 0.538828 4.51584 0.172853 
v 0.193121 3.76934 0.172853 
v 0.538828 3.76934 0.172853 
v 0.193121 4.51584 0.172853 
v 0.610168 3.70712 0.209068 
v 0.538828 4.86341 0.172854 
v 0.193121 4.86341 0.172854 
v 0.580681 6.16694 0.214707 
v 0.151267 4.80796 0.214707 
v 0.580681 4.80796 0.214707 
v 0.151267 6.16694 0.214707 
v -0.581478 3.68402 -0.480697 
v -0.581478 3.79717 -0.761156 
v -0.581478 3.68402 -0.761156 
v -0.581478 3.79717 -0.480697 
v -0.610168 3.70712 0.209068 
v -0.610168 3.8424 -0.22873 
v -0.610168 3.70712 -0.22873 
v -0.610168 3.8424 0.209068 
v -0.538828 3.76934 0.172853 
v -0.538828 4.51584 -0.172854 
v -0.538828 3.76934 -0.172854 
v -0.538828 4.51584 0.172853 
v -0.580681 4.80796 0.214707 
v -0.580681 6.16694 -0.214707 
v -0.580681 4.80796 -0.214707 
v -0.538828 4.86341 -0.172854 
v -0.538828 4.86341 0.172854 
v -0.580681 6.16694 0.214707 
v 0.121784 3.8424 0.209068 
v 0.121784 3.8424 -0.22873 
v 0.121784 3.70712 -0.22873 
v 0.150467 3.79717 -0.480697 
v 0.150467 3.79717 -0.761156 
v 0.150467 3.68402 -0.761156 
v 0.150467 3.68402 -0.480697 
v 0.193121 4.51584 0.172853 
v 0.193121 3.76934 -0.172854 
v 0.193121 3.76934 0.172853 
v 0.121784 3.70712 0.209068 
v 0.193121 4.51584 -0.172854 
v 0.151267 6.16694 -0.214707 
v 0.151267 4.80796 -0.214707 
v 0.151267 6.16694 0.214707 
v 0.193121 4.86341 0.172854 
v 0.193121 4.86341 -0.172854 
v 0.151267 4.80796 0.214707 
v -0.538828 3.76934 -0.172854 
v -0.193121 3.76934 -0.172854 
v -0.193121 3.76934 0.172853 
v -0.538828 3.76934 0.172853 
v -0.580681 4.80796 -0.214707 
v -0.151267 4.80796 0.214707 
v -0.580681 4.80796 0.214707 
v -0.151267 4.80796 -0.214707 
v 0.580681 4.80796 -0.214707 
v 0.151267 4.80796 0.214707 
v 0.151267 4.80796 -0.214707 
v 0.538828 3.76934 -0.172854 
v 0.193121 3.76934 0.172853 
v 0.193121 3.76934 -0.172854 
v 0.538828 3.76934 0.172853 
v 0.580681 4.80796 0.214707 
v -0.150467 3.79717 -0.761156 
v -0.581478 3.68402 -0.761156 
v -0.581478 3.79717 -0.761156 
v -0.150467 3.68402 -0.761156 
v -0.538828 3.76934 -0.172854 
v -0.193121 4.51584 -0.172854 
v -0.193121 3.76934 -0.172854 
v -0.538828 4.51584 -0.172854 
v -0.193121 4.86341 -0.172854 
v -0.580681 4.80796 -0.214707 
v -0.151267 6.16694 -0.214707 
v -0.151267 4.80796 -0.214707 
v -0.580681 6.16694 -0.214707 
v -0.538828 4.86341 -0.172854 
v 0.150467 3.79717 -0.761156 
v 0.581478 3.68402 -0.761156 
v 0.150467 3.68402 -0.761156 
v 0.581478 3.79717 -0.761156 
v 0.193121 4.51584 -0.172854 
v 0.538828 3.76934 -0.172854 
v 0.193121 3.76934 -0.172854 
v 0.538828 4.51584 -0.172854 
v 0.193121 4.86341 -0.172854 
v 0.151267 6.16694 -0.214707 
v 0.580681 4.80796 -0.214707 
v 0.151267 4.80796 -0.214707 
v 0.580681 6.16694 -0.214707 
v 0.538828 4.86341 -0.172854 

vn 1 0 0 
vn 1 0 0 
vn 1 0 0 
vn 1 0 0 
vn 1 0 0 
vn 1 0 0 
vn 1 0 0 
vn 1 0 0 
vn 1 0 0 
vn 1 0 0 
vn 1 0 0 
vn 1 0 0 
vn 1 0 0 
vn 1 0 0 
vn 1 0 0 
vn 1 0 0 
vn 1 0 0 
vn 1 0 0 
vn 1 0 0 
vn 1 0 0 
vn 1 0 0 
vn 1 0 0 
vn 1 0 0 
vn 1 0 0 
vn 1 0 0 
vn 1 0 0 
vn 1 0 0 
vn 1 0 0 
vn 1 0 0 
vn 1 0 0 
vn 1 0 0 
vn 1 0 0 
vn 1 0 0 
vn 1 0 0 
vn 1 0 0 
vn 1 0 0 
vn 0 1 0 
vn 0 1 0 
vn 0 1 0 
vn 0 1 0 
vn 0 1 0 
vn 0 1 0 
vn 0 1 0 
vn 0 1 0 
vn 0 1 0 
vn 0 1 0 
vn 0 1 0 
vn 0 1 0 
vn 0 1 0 
vn 0 1 0 
vn 0 1 0 
vn 0 1 0 
vn 0 1 0 
vn 0 1 0 
vn 0 1 0 
vn 0 1 0 
vn 0 1 0 
vn 0 1 0 
vn 0 1 0 
vn 0 1 0 
vn 0 1 0 
vn 0 1 0 
vn 0 1 0 
vn 0 1 0 
vn 0 1 0 
vn 0 1 0 
vn 0 1 0 
vn 0 1 0 
vn 0 0 1 
vn 0 0 1 
vn 0 0 1 
vn 0 0 1 
vn 0 0 1 
vn 0 0 1 
vn 0 0 1 
vn 0 0 1 
vn 0 0 1 
vn 0 0 1 
vn 0 0 1 
vn 0 0 1 
vn 0 0 1 
vn 0 0 1 
vn 0 0 1 
vn 0 0 1 
vn 0 0 1 
vn 0 0 1 
vn 0 0 1 
vn 0 0 1 
vn 0 0 1 
vn 0 0 1 
vn 0 0 1 
vn 0 0 1 
vn 0 0 1 
vn 0 0 1 
vn 0 0 1 
vn 0 0 1 
vn -1 0 0 
vn -1 0 0 
vn -1 0 0 
vn -1 0 0 
vn -1 0 0 
vn -1 0 0 
vn -1 0 0 
vn -1 0 0 
vn -1 0 0 
vn -1 0 0 
vn -1 0 0 
vn -1 0 0 
vn -1 0 0 
vn -1 0 0 
vn -1 0 0 
vn -1 0 0 
vn -1 0 0 
vn -1 0 0 
vn -1 0 0 
vn -1 0 0 
vn -1 0 0 
vn -1 0 0 
vn -1 0 0 
vn -1 0 0 
vn -1 0 0 
vn -1 0 0 
vn -1 0 0 
vn -1 0 0 
vn -1 0 0 
vn -1 0 0 
vn -1 0 0 
vn -1 0 0 
vn -1 0 0 
vn -1 0 0 
vn -1 0 0 
vn -1 0 0 
vn 0 -1 0 
vn 0 -1 0 
vn 0 -1 0 
vn 0 -1 0 
vn 0 -1 0 
vn 0 -1 0 
vn 0 -1 0 
vn 0 -1 0 
vn 0 -1 0 
vn 0 -1 0 
vn 0 -1 0 
vn 0 -1 0 
vn 0 -1 0 
vn 0 -1 0 
vn 0 -1 0 
vn 0 -1 0 
vn 0 0 -1 
vn 0 0 -1 
vn 0 0 -1 
vn 0 0 -1 
vn 0 0 -1 
vn 0 0 -1 
vn 0 0 -1 
vn 0 0 -1 
vn 0 0 -1 
vn 0 0 -1 
vn 0 0 -1 
vn 0 0 -1 
vn 0 0 -1 
vn 0 0 -1 
vn 0 0 -1 
vn 0 0 -1 
vn 0 0 -1 
vn 0 0 -1 
vn 0 0 -1 
vn 0 0 -1 
vn 0 0 -1 
vn 0 0 -1 
vn 0 0 -1 
vn 0 0 -1 
vn 0 0 -1 
vn 0 0 -1 
vn 0 0 -1 
vn 0 0 -1 

vt 36.0259 -21.141 
vt 36.061 -21.1552 
vt 36.061 -21.141 
vt 36.0259 -21.1552 
vt 35.9397 -21.1354 
vt 35.9944 -21.1523 
vt 35.9944 -21.1354 
vt 35.9875 -21.1445 
vt 35.9442 -21.0512 
vt 35.9442 -21.1445 
vt 35.9397 -21.1523 
vt 35.9875 -21.0512 
vt 35.9442 -21.0078 
vt 35.9875 -21.0078 
vt 35.939 -20.8448 
vt 35.9927 -21.0147 
vt 35.9927 -20.8448 
vt 35.939 -21.0147 
vt 35.9875 -21.0512 
vt 35.9442 -21.1445 
vt 35.9875 -21.1445 
vt 36.061 -21.141 
vt 36.0259 -21.1552 
vt 36.061 -21.1552 
vt 36.0259 -21.141 
vt 35.9944 -21.1354 
vt 35.9397 -21.1523 
vt 35.9944 -21.1523 
vt 35.9397 -21.1354 
vt 35.9442 -21.0512 
vt 35.9875 -21.0078 
vt 35.9927 -20.8448 
vt 35.939 -21.0147 
vt 35.9927 -21.0147 
vt 35.9442 -21.0078 
vt 35.939 -20.8448 
vt 36.0727 -21.0259 
vt 36.0188 -21.061 
vt 36.0727 -21.061 
vt 36.0188 -21.0259 
vt 36.0763 -20.9397 
vt 36.0152 -20.9944 
vt 36.0763 -20.9944 
vt 36.0152 -20.9397 
vt 36.0674 -20.9442 
vt 36.0241 -20.9875 
vt 36.0674 -20.9875 
vt 36.0726 -20.939 
vt 36.0189 -20.9927 
vt 36.0726 -20.9927 
vt 36.0241 -20.9442 
vt 36.0189 -20.939 
vt 35.9848 -20.9397 
vt 35.9237 -20.9397 
vt 35.9848 -20.9944 
vt 35.9273 -21.0259 
vt 35.9273 -21.061 
vt 35.9812 -21.061 
vt 35.9812 -21.0259 
vt 35.9237 -20.9944 
vt 35.9759 -20.9442 
vt 35.9326 -20.9442 
vt 35.9759 -20.9875 
vt 35.9274 -20.939 
vt 35.9274 -20.9927 
vt 35.9811 -20.9927 
vt 35.9326 -20.9875 
vt 35.9811 -20.939 
vt 35.9759 -21.1445 
vt 35.9326 -21.0512 
vt 35.9326 -21.1445 
vt 35.9759 -21.0512 
vt 35.9848 -21.1523 
vt 35.9237 -21.1354 
vt 35.9237 -21.1523 
vt 35.9848 -21.1354 
vt 35.9326 -21.0078 
vt 35.9759 -21.0078 
vt 35.9811 -21.0147 
vt 35.9274 -20.8448 
vt 35.9274 -21.0147 
vt 35.9811 -20.8448 
vt 36.0763 -21.1354 
vt 36.0152 -21.1354 
vt 36.0152 -21.1523 
vt 36.0674 -21.0512 
vt 36.0241 -21.1445 
vt 36.0674 -21.1445 
vt 36.0241 -21.0512 
vt 36.0763 -21.1523 
vt 36.0674 -21.0078 
vt 36.0241 -21.0078 
vt 36.0726 -20.8448 
vt 36.0189 -21.0147 
vt 36.0726 -21.0147 
vt 36.0189 -20.8448 
vt 35.9741 -21.1552 
vt 35.939 -21.141 
vt 35.939 -21.1552 
vt 35.9741 -21.141 
vt 36.0603 -21.1523 
vt 36.0056 -21.1354 
vt 36.0056 -21.1523 
vt 36.0603 -21.1354 
vt 36.0558 -21.1445 
vt 36.0125 -21.0512 
vt 36.0125 -21.1445 
vt 36.0558 -21.0512 
vt 36.061 -21.0147 
vt 36.0073 -20.8448 
vt 36.0073 -21.0147 
vt 36.0125 -21.0078 
vt 36.0558 -21.0078 
vt 36.061 -20.8448 
vt 36.0603 -21.1354 
vt 36.0056 -21.1354 
vt 36.0056 -21.1523 
vt 35.9741 -21.141 
vt 35.939 -21.141 
vt 35.939 -21.1552 
vt 35.9741 -21.1552 
vt 36.0558 -21.0512 
vt 36.0125 -21.1445 
vt 36.0558 -21.1445 
vt 36.0603 -21.1523 
vt 36.0125 -21.0512 
vt 36.0073 -20.8448 
vt 36.0073 -21.0147 
vt 36.061 -20.8448 
vt 36.0558 -21.0078 
vt 36.0125 -21.0078 
vt 36.061 -21.0147 
vt 35.9326 -20.9875 
vt 35.9759 -20.9875 
vt 35.9759 -20.9442 
vt 35.9326 -20.9442 
vt 35.9274 -20.9927 
vt 35.9811 -20.939 
vt 35.9274 -20.939 
vt 35.9811 -20.9927 
vt 36.0726 -20.9927 
vt 36.0189 -20.939 
vt 36.0189 -20.9927 
vt 36.0674 -20.9875 
vt 36.0241 -20.9442 
vt 36.0241 -20.9875 
vt 36.0674 -20.9442 
vt 36.0726 -20.939 
vt 36.0188 -21.141 
vt 36.0727 -21.1552 
vt 36.0727 -21.141 
vt 36.0188 -21.1552 
vt 36.0674 -21.1445 
vt 36.0241 -21.0512 
vt 36.0241 -21.1445 
vt 36.0674 -21.0512 
vt 36.0241 -21.0078 
vt 36.0726 -21.0147 
vt 36.0189 -20.8448 
vt 36.0189 -21.0147 
vt 36.0726 -20.8448 
vt 36.0674 -21.0078 
vt 35.9812 -21.141 
vt 35.9273 -21.1552 
vt 35.9812 -21.1552 
vt 35.9273 -21.141 
vt 35.9759 -21.0512 
vt 35.9326 -21.1445 
vt 35.9759 -21.1445 
vt 35.9326 -21.0512 
vt 35.9759 -21.0078 
vt 35.9811 -20.8448 
vt 35.9274 -21.0147 
vt 35.9811 -21.0147 
vt 35.9274 -20.8448 
vt 35.9326 -21.0078 

usemtl Cube0051Mtl

f 1619/1619/1619 1620/1620/1620 1621/1621/1621 
f 1619/1619/1619 1622/1622/1622 1620/1620/1620 
f 1615/1615/1615 1616/1616/1616 1617/1617/1617 
f 1615/1615/1615 1618/1618/1618 1616/1616/1616 
f 1625/1625/1625 1626/1626/1626 1627/1627/1627 
f 1629/1629/1629 1626/1626/1626 1625/1625/1625 
f 1612/1612/1612 1613/1613/1613 1614/1614/1614 
f 1623/1623/1623 1613/1613/1613 1612/1612/1612 
f 1624/1624/1624 1623/1623/1623 1612/1612/1612 
f 1624/1624/1624 1628/1628/1628 1623/1623/1623 
f 1598/1598/1598 1599/1599/1599 1600/1600/1600 
f 1599/1599/1599 1598/1598/1598 1604/1604/1604 
f 1594/1594/1594 1595/1595/1595 1596/1596/1596 
f 1595/1595/1595 1594/1594/1594 1597/1597/1597 
f 1608/1608/1608 1609/1609/1609 1610/1610/1610 
f 1609/1609/1609 1608/1608/1608 1611/1611/1611 
f 1601/1601/1601 1602/1602/1602 1603/1603/1603 
f 1602/1602/1602 1601/1601/1601 1605/1605/1605 
f 1605/1605/1605 1606/1606/1606 1602/1602/1602 
f 1606/1606/1606 1605/1605/1605 1607/1607/1607 
f 1641/1641/1641 1642/1642/1642 1643/1643/1643 
f 1645/1645/1645 1642/1642/1642 1641/1641/1641 
f 1657/1657/1657 1658/1658/1658 1659/1659/1659 
f 1661/1661/1661 1657/1657/1657 1659/1659/1659 
f 1638/1638/1638 1639/1639/1639 1640/1640/1640 
f 1639/1639/1639 1638/1638/1638 1644/1644/1644 
f 1654/1654/1654 1655/1655/1655 1656/1656/1656 
f 1655/1655/1655 1660/1660/1660 1656/1656/1656 
f 1634/1634/1634 1635/1635/1635 1636/1636/1636 
f 1637/1637/1637 1635/1635/1635 1634/1634/1634 
f 1646/1646/1646 1647/1647/1647 1648/1648/1648 
f 1647/1647/1647 1653/1653/1653 1648/1648/1648 
f 1630/1630/1630 1631/1631/1631 1632/1632/1632 
f 1633/1633/1633 1631/1631/1631 1630/1630/1630 
f 1649/1649/1649 1650/1650/1650 1651/1651/1651 
f 1652/1652/1652 1649/1649/1649 1651/1651/1651 
f 1672/1672/1672 1673/1673/1673 1674/1674/1674 
f 1673/1673/1673 1672/1672/1672 1675/1675/1675 
f 1686/1686/1686 1687/1687/1687 1688/1688/1688 
f 1689/1689/1689 1687/1687/1687 1686/1686/1686 
f 1666/1666/1666 1667/1667/1667 1668/1668/1668 
f 1667/1667/1667 1666/1666/1666 1669/1669/1669 
f 1676/1676/1676 1677/1677/1677 1678/1678/1678 
f 1676/1676/1676 1678/1678/1678 1683/1683/1683 
f 1662/1662/1662 1663/1663/1663 1664/1664/1664 
f 1663/1663/1663 1662/1662/1662 1665/1665/1665 
f 1665/1665/1665 1670/1670/1670 1663/1663/1663 
f 1670/1670/1670 1665/1665/1665 1671/1671/1671 
f 1679/1679/1679 1680/1680/1680 1681/1681/1681 
f 1682/1682/1682 1680/1680/1680 1679/1679/1679 
f 1684/1684/1684 1682/1682/1682 1679/1679/1679 
f 1684/1684/1684 1685/1685/1685 1682/1682/1682 
f 1694/1694/1694 1695/1695/1695 1696/1696/1696 
f 1695/1695/1695 1694/1694/1694 1697/1697/1697 
f 1690/1690/1690 1691/1691/1691 1692/1692/1692 
f 1691/1691/1691 1690/1690/1690 1693/1693/1693 
f 1702/1702/1702 1703/1703/1703 1704/1704/1704 
f 1703/1703/1703 1702/1702/1702 1707/1707/1707 
f 1698/1698/1698 1699/1699/1699 1700/1700/1700 
f 1699/1699/1699 1698/1698/1698 1701/1701/1701 
f 1701/1701/1701 1705/1705/1705 1699/1699/1699 
f 1705/1705/1705 1701/1701/1701 1706/1706/1706 
f 1708/1708/1708 1709/1709/1709 1710/1710/1710 
f 1708/1708/1708 1710/1710/1710 1718/1718/1718 
f 1711/1711/1711 1712/1712/1712 1713/1713/1713 
f 1711/1711/1711 1713/1713/1713 1714/1714/1714 
f 1720/1720/1720 1721/1721/1721 1722/1722/1722 
f 1722/1722/1722 1721/1721/1721 1725/1725/1725 
f 1715/1715/1715 1716/1716/1716 1717/1717/1717 
f 1719/1719/1719 1716/1716/1716 1715/1715/1715 
f 1723/1723/1723 1719/1719/1719 1715/1715/1715 
f 1723/1723/1723 1724/1724/1724 1719/1719/1719 
f 1726/1726/1726 1727/1727/1727 1728/1728/1728 
f 1726/1726/1726 1728/1728/1728 1729/1729/1729 
f 1737/1737/1737 1738/1738/1738 1739/1739/1739 
f 1738/1738/1738 1737/1737/1737 1740/1740/1740 
f 1730/1730/1730 1731/1731/1731 1732/1732/1732 
f 1730/1730/1730 1733/1733/1733 1731/1731/1731 
f 1734/1734/1734 1735/1735/1735 1736/1736/1736 
f 1735/1735/1735 1734/1734/1734 1741/1741/1741 
f 1742/1742/1742 1743/1743/1743 1744/1744/1744 
f 1743/1743/1743 1742/1742/1742 1745/1745/1745 
f 1756/1756/1756 1757/1757/1757 1758/1758/1758 
f 1756/1756/1756 1759/1759/1759 1757/1757/1757 
f 1751/1751/1751 1752/1752/1752 1753/1753/1753 
f 1752/1752/1752 1751/1751/1751 1754/1754/1754 
f 1765/1765/1765 1766/1766/1766 1767/1767/1767 
f 1768/1768/1768 1766/1766/1766 1765/1765/1765 
f 1746/1746/1746 1747/1747/1747 1748/1748/1748 
f 1747/1747/1747 1746/1746/1746 1749/1749/1749 
f 1749/1749/1749 1750/1750/1750 1747/1747/1747 
f 1750/1750/1750 1749/1749/1749 1755/1755/1755 
f 1760/1760/1760 1761/1761/1761 1762/1762/1762 
f 1763/1763/1763 1761/1761/1761 1760/1760/1760 
f 1764/1764/1764 1763/1763/1763 1760/1760/1760 
f 1764/1764/1764 1769/1769/1769 1763/1763/1763 

g Cube0061

v -3.81784 7.67544 -0.263235 
v -3.81784 7.71531 -0.169482 
v -3.81784 7.67544 -0.169482 
v -3.4336 7.67544 -0.411631 
v -3.4336 7.71531 -0.317878 
v -3.4336 7.67544 -0.317878 
v -3.81048 7.67544 -0.114175 
v -3.81048 7.71531 -0.0204224 
v -3.81048 7.67544 -0.0204224 
v -3.81232 7.67544 0.172902 
v -3.81232 7.71531 0.266655 
v -3.81232 7.67544 0.266655 
v -3.80864 7.67544 0.0293631 
v -3.80864 7.71531 0.123116 
v -3.80864 7.67544 0.123116 
v -3.81232 7.71531 0.172902 
v -3.81784 7.71531 -0.263235 
v -3.4336 7.71531 -0.411631 
v -3.81048 7.71531 -0.114175 
v -3.80864 7.71531 0.0293631 
v 3.63628 7.71531 -0.411631 
v 3.63628 7.67544 -0.317878 
v 3.63628 7.67544 -0.411631 
v 4.01316 7.71531 -0.114175 
v 4.01316 7.67544 -0.0204224 
v 4.01316 7.67544 -0.114175 
v 4.02052 7.71531 -0.263235 
v 4.02052 7.67544 -0.169482 
v 4.02052 7.67544 -0.263235 
v 4.01132 7.71531 0.0293631 
v 4.01132 7.67544 0.123116 
v 4.01132 7.67544 0.0293631 
v 4.015 7.71531 0.172902 
v 4.015 7.67544 0.266655 
v 4.015 7.67544 0.172902 
v 4.01132 7.71531 0.123116 
v 3.63628 7.71531 -0.317878 
v 4.02052 7.71531 -0.169482 
v 4.01316 7.71531 -0.0204224 
v 4.015 7.71531 0.266655 
v -4.02052 7.71531 -0.169482 
v -3.81784 7.71531 -0.263235 
v -4.02052 7.71531 -0.263235 
v -4.01132 7.71531 0.123116 
v -3.80864 7.71531 0.0293631 
v -4.01132 7.71531 0.0293631 
v -3.80864 7.71531 0.123116 
v -4.015 7.71531 0.266655 
v -3.81232 7.71531 0.172902 
v -4.015 7.71531 0.172902 
v -3.81232 7.71531 0.266655 
v -4.01316 7.71531 -0.0204224 
v -3.81048 7.71531 -0.114175 
v -4.01316 7.71531 -0.114175 
v -3.63628 7.71531 -0.317878 
v -3.4336 7.71531 -0.411631 
v -3.63628 7.71531 -0.411631 
v -3.4336 7.71531 -0.317878 
v -3.81784 7.71531 -0.169482 
v -3.81048 7.71531 -0.0204224 
v 3.4336 7.71531 -0.317878 
v 3.63628 7.71531 -0.317878 
v 3.4336 7.71531 -0.411631 
v 3.80864 7.71531 0.123116 
v 4.01132 7.71531 0.123116 
v 3.80864 7.71531 0.0293631 
v 4.01132 7.71531 0.0293631 
v 4.015 7.71531 0.172902 
v 3.81232 7.71531 0.172902 
v 4.015 7.71531 0.266655 
v 3.81232 7.71531 0.266655 
v 3.63628 7.71531 -0.411631 
v 3.81784 7.71531 -0.169482 
v 4.02052 7.71531 -0.169482 
v 3.81784 7.71531 -0.263235 
v 4.02052 7.71531 -0.263235 
v 4.01316 7.71531 -0.114175 
v 3.81048 7.71531 -0.114175 
v 4.01316 7.71531 -0.0204224 
v 3.81048 7.71531 -0.0204224 
v -3.81784 7.67544 -0.169482 
v -4.02052 7.71531 -0.169482 
v -4.02052 7.67544 -0.169482 
v -3.4336 7.67544 -0.317878 
v -3.63628 7.71531 -0.317878 
v -3.63628 7.67544 -0.317878 
v -3.81048 7.67544 -0.0204224 
v -4.01316 7.71531 -0.0204224 
v -4.01316 7.67544 -0.0204224 
v -3.81232 7.67544 0.266655 
v -4.015 7.71531 0.266655 
v -4.015 7.67544 0.266655 
v -3.80864 7.67544 0.123116 
v -4.01132 7.71531 0.123116 
v -4.01132 7.67544 0.123116 
v -3.81232 7.71531 0.266655 
v -3.81784 7.71531 -0.169482 
v -3.4336 7.71531 -0.317878 
v -3.81048 7.71531 -0.0204224 
v -3.80864 7.71531 0.123116 
v 3.63628 7.71531 -0.317878 
v 3.4336 7.71531 -0.317878 
v 3.4336 7.67544 -0.317878 
v 3.63628 7.67544 -0.317878 
v 4.01316 7.71531 -0.0204224 
v 3.81048 7.67544 -0.0204224 
v 4.01316 7.67544 -0.0204224 
v 4.01132 7.71531 0.123116 
v 3.80864 7.67544 0.123116 
v 4.01132 7.67544 0.123116 
v 4.015 7.71531 0.266655 
v 3.81232 7.67544 0.266655 
v 4.015 7.67544 0.266655 
v 4.02052 7.71531 -0.169482 
v 3.81784 7.67544 -0.169482 
v 4.02052 7.67544 -0.169482 
v 3.81048 7.71531 -0.0204224 
v 3.81784 7.71531 -0.169482 
v 3.80864 7.71531 0.123116 
v 3.81232 7.71531 0.266655 
v -4.02052 7.67544 -0.169482 
v -4.02052 7.71531 -0.263235 
v -4.02052 7.67544 -0.263235 
v -3.63628 7.67544 -0.317878 
v -3.63628 7.71531 -0.411631 
v -3.63628 7.67544 -0.411631 
v -4.01316 7.67544 -0.0204224 
v -4.01316 7.71531 -0.114175 
v -4.01316 7.67544 -0.114175 
v -4.015 7.67544 0.266655 
v -4.015 7.71531 0.172902 
v -4.015 7.67544 0.172902 
v -4.01132 7.67544 0.123116 
v -4.01132 7.71531 0.0293631 
v -4.01132 7.67544 0.0293631 
v -4.015 7.71531 0.266655 
v -4.02052 7.71531 -0.169482 
v -3.63628 7.71531 -0.317878 
v -4.01316 7.71531 -0.0204224 
v -4.01132 7.71531 0.123116 
v 3.4336 7.71531 -0.317878 
v 3.4336 7.67544 -0.411631 
v 3.4336 7.67544 -0.317878 
v 3.81048 7.71531 -0.0204224 
v 3.81048 7.67544 -0.114175 
v 3.81048 7.67544 -0.0204224 
v 3.81784 7.71531 -0.169482 
v 3.81784 7.67544 -0.263235 
v 3.81784 7.67544 -0.169482 
v 3.80864 7.71531 0.123116 
v 3.80864 7.67544 0.0293631 
v 3.80864 7.67544 0.123116 
v 3.81232 7.71531 0.266655 
v 3.81232 7.67544 0.172902 
v 3.81232 7.67544 0.266655 
v 3.80864 7.71531 0.0293631 
v 3.4336 7.71531 -0.411631 
v 3.81784 7.71531 -0.263235 
v 3.81048 7.71531 -0.114175 
v 3.81232 7.71531 0.172902 
v -4.02052 7.67544 -0.263235 
v -3.81784 7.67544 -0.169482 
v -4.02052 7.67544 -0.169482 
v -4.01132 7.67544 0.0293631 
v -3.80864 7.67544 0.0293631 
v -3.80864 7.67544 0.123116 
v -4.01132 7.67544 0.123116 
v -4.015 7.67544 0.172902 
v -3.81232 7.67544 0.266655 
v -4.015 7.67544 0.266655 
v -3.81232 7.67544 0.172902 
v -4.01316 7.67544 -0.114175 
v -3.81048 7.67544 -0.0204224 
v -4.01316 7.67544 -0.0204224 
v -3.63628 7.67544 -0.411631 
v -3.4336 7.67544 -0.317878 
v -3.63628 7.67544 -0.317878 
v -3.4336 7.67544 -0.411631 
v -3.81784 7.67544 -0.263235 
v -3.81048 7.67544 -0.114175 
v 3.63628 7.67544 -0.411631 
v 3.4336 7.67544 -0.317878 
v 3.4336 7.67544 -0.411631 
v 4.01132 7.67544 0.0293631 
v 3.80864 7.67544 0.123116 
v 3.80864 7.67544 0.0293631 
v 4.01132 7.67544 0.123116 
v 4.015 7.67544 0.172902 
v 3.81232 7.67544 0.266655 
v 3.81232 7.67544 0.172902 
v 4.015 7.67544 0.266655 
v 3.63628 7.67544 -0.317878 
v 4.02052 7.67544 -0.263235 
v 3.81784 7.67544 -0.169482 
v 3.81784 7.67544 -0.263235 
v 4.02052 7.67544 -0.169482 
v 4.01316 7.67544 -0.114175 
v 3.81048 7.67544 -0.0204224 
v 3.81048 7.67544 -0.114175 
v 4.01316 7.67544 -0.0204224 
v -4.02052 7.67544 -0.263235 
v -3.81784 7.71531 -0.263235 
v -3.81784 7.67544 -0.263235 
v -3.63628 7.67544 -0.411631 
v -3.4336 7.71531 -0.411631 
v -3.4336 7.67544 -0.411631 
v -4.01316 7.67544 -0.114175 
v -3.81048 7.71531 -0.114175 
v -3.81048 7.67544 -0.114175 
v -4.015 7.67544 0.172902 
v -3.81232 7.71531 0.172902 
v -3.81232 7.67544 0.172902 
v -4.01132 7.67544 0.0293631 
v -3.80864 7.71531 0.0293631 
v -3.80864 7.67544 0.0293631 
v -4.015 7.71531 0.172902 
v -4.02052 7.71531 -0.263235 
v -3.63628 7.71531 -0.411631 
v -4.01316 7.71531 -0.114175 
v -4.01132 7.71531 0.0293631 
v 3.4336 7.71531 -0.411631 
v 3.63628 7.67544 -0.411631 
v 3.4336 7.67544 -0.411631 
v 3.81048 7.71531 -0.114175 
v 4.01316 7.67544 -0.114175 
v 3.81048 7.67544 -0.114175 
v 3.81784 7.71531 -0.263235 
v 4.02052 7.67544 -0.263235 
v 3.81784 7.67544 -0.263235 
v 3.80864 7.71531 0.0293631 
v 4.01132 7.67544 0.0293631 
v 3.80864 7.67544 0.0293631 
v 3.81232 7.71531 0.172902 
v 4.015 7.67544 0.172902 
v 3.81232 7.67544 0.172902 
v 4.01132 7.71531 0.0293631 
v 3.63628 7.71531 -0.411631 
v 4.02052 7.71531 -0.263235 
v 4.01316 7.71531 -0.114175 
v 4.015 7.71531 0.172902 

vn 1 0 0 
vn 1 0 0 
vn 1 0 0 
vn 1 0 0 
vn 1 0 0 
vn 1 0 0 
vn 1 0 0 
vn 1 0 0 
vn 1 0 0 
vn 1 0 0 
vn 1 0 0 
vn 1 0 0 
vn 1 0 0 
vn 1 0 0 
vn 1 0 0 
vn 1 0 0 
vn 1 0 0 
vn 1 0 0 
vn 1 0 0 
vn 1 0 0 
vn 1 0 0 
vn 1 0 0 
vn 1 0 0 
vn 1 0 0 
vn 1 0 0 
vn 1 0 0 
vn 1 0 0 
vn 1 0 0 
vn 1 0 0 
vn 1 0 0 
vn 1 0 0 
vn 1 0 0 
vn 1 0 0 
vn 1 0 0 
vn 1 0 0 
vn 1 0 0 
vn 1 0 0 
vn 1 0 0 
vn 1 0 0 
vn 1 0 0 
vn 0 1 0 
vn 0 1 0 
vn 0 1 0 
vn 0 1 0 
vn 0 1 0 
vn 0 1 0 
vn 0 1 0 
vn 0 1 0 
vn 0 1 0 
vn 0 1 0 
vn 0 1 0 
vn 0 1 0 
vn 0 1 0 
vn 0 1 0 
vn 0 1 0 
vn 0 1 0 
vn 0 1 0 
vn 0 1 0 
vn 0 1 0 
vn 0 1 0 
vn 0 1 0 
vn 0 1 0 
vn 0 1 0 
vn 0 1 0 
vn 0 1 0 
vn 0 1 0 
vn 0 1 0 
vn 0 1 0 
vn 0 1 0 
vn 0 1 0 
vn 0 1 0 
vn 0 1 0 
vn 0 1 0 
vn 0 1 0 
vn 0 1 0 
vn 0 1 0 
vn 0 1 0 
vn 0 1 0 
vn 0 1 0 
vn 0 1 0 
vn 0 0 1 
vn 0 0 1 
vn 0 0 1 
vn 0 0 1 
vn 0 0 1 
vn 0 0 1 
vn 0 0 1 
vn 0 0 1 
vn 0 0 1 
vn 0 0 1 
vn 0 0 1 
vn 0 0 1 
vn 0 0 1 
vn 0 0 1 
vn 0 0 1 
vn 0 0 1 
vn 0 0 1 
vn 0 0 1 
vn 0 0 1 
vn 0 0 1 
vn 0 0 1 
vn 0 0 1 
vn 0 0 1 
vn 0 0 1 
vn 0 0 1 
vn 0 0 1 
vn 0 0 1 
vn 0 0 1 
vn 0 0 1 
vn 0 0 1 
vn 0 0 1 
vn 0 0 1 
vn 0 0 1 
vn 0 0 1 
vn 0 0 1 
vn 0 0 1 
vn 0 0 1 
vn 0 0 1 
vn 0 0 1 
vn 0 0 1 
vn -1 0 0 
vn -1 0 0 
vn -1 0 0 
vn -1 0 0 
vn -1 0 0 
vn -1 0 0 
vn -1 0 0 
vn -1 0 0 
vn -1 0 0 
vn -1 0 0 
vn -1 0 0 
vn -1 0 0 
vn -1 0 0 
vn -1 0 0 
vn -1 0 0 
vn -1 0 0 
vn -1 0 0 
vn -1 0 0 
vn -1 0 0 
vn -1 0 0 
vn -1 0 0 
vn -1 0 0 
vn -1 0 0 
vn -1 0 0 
vn -1 0 0 
vn -1 0 0 
vn -1 0 0 
vn -1 0 0 
vn -1 0 0 
vn -1 0 0 
vn -1 0 0 
vn -1 0 0 
vn -1 0 0 
vn -1 0 0 
vn -1 0 0 
vn -1 0 0 
vn -1 0 0 
vn -1 0 0 
vn -1 0 0 
vn -1 0 0 
vn 0 -1 0 
vn 0 -1 0 
vn 0 -1 0 
vn 0 -1 0 
vn 0 -1 0 
vn 0 -1 0 
vn 0 -1 0 
vn 0 -1 0 
vn 0 -1 0 
vn 0 -1 0 
vn 0 -1 0 
vn 0 -1 0 
vn 0 -1 0 
vn 0 -1 0 
vn 0 -1 0 
vn 0 -1 0 
vn 0 -1 0 
vn 0 -1 0 
vn 0 -1 0 
vn 0 -1 0 
vn 0 -1 0 
vn 0 -1 0 
vn 0 -1 0 
vn 0 -1 0 
vn 0 -1 0 
vn 0 -1 0 
vn 0 -1 0 
vn 0 -1 0 
vn 0 -1 0 
vn 0 -1 0 
vn 0 -1 0 
vn 0 -1 0 
vn 0 -1 0 
vn 0 -1 0 
vn 0 -1 0 
vn 0 -1 0 
vn 0 -1 0 
vn 0 -1 0 
vn 0 -1 0 
vn 0 -1 0 
vn 0 0 -1 
vn 0 0 -1 
vn 0 0 -1 
vn 0 0 -1 
vn 0 0 -1 
vn 0 0 -1 
vn 0 0 -1 
vn 0 0 -1 
vn 0 0 -1 
vn 0 0 -1 
vn 0 0 -1 
vn 0 0 -1 
vn 0 0 -1 
vn 0 0 -1 
vn 0 0 -1 
vn 0 0 -1 
vn 0 0 -1 
vn 0 0 -1 
vn 0 0 -1 
vn 0 0 -1 
vn 0 0 -1 
vn 0 0 -1 
vn 0 0 -1 
vn 0 0 -1 
vn 0 0 -1 
vn 0 0 -1 
vn 0 0 -1 
vn 0 0 -1 
vn 0 0 -1 
vn 0 0 -1 
vn 0 0 -1 
vn 0 0 -1 
vn 0 0 -1 
vn 0 0 -1 
vn 0 0 -1 
vn 0 0 -1 
vn 0 0 -1 
vn 0 0 -1 
vn 0 0 -1 
vn 0 0 -1 

vt 8.02384 -13.0025 
vt 8.01212 -12.9975 
vt 8.01212 -13.0025 
vt 8.04239 -13.0025 
vt 8.03067 -12.9975 
vt 8.03067 -13.0025 
vt 8.00521 -13.0025 
vt 7.99349 -12.9975 
vt 7.99349 -13.0025 
vt 7.96933 -13.0025 
vt 7.95761 -12.9975 
vt 7.95761 -13.0025 
vt 7.98727 -13.0025 
vt 7.97555 -12.9975 
vt 7.97555 -13.0025 
vt 7.96933 -12.9975 
vt 8.02384 -12.9975 
vt 8.04239 -12.9975 
vt 8.00521 -12.9975 
vt 7.98727 -12.9975 
vt 8.04239 -12.9975 
vt 8.03067 -13.0025 
vt 8.04239 -13.0025 
vt 8.00521 -12.9975 
vt 7.99349 -13.0025 
vt 8.00521 -13.0025 
vt 8.02384 -12.9975 
vt 8.01212 -13.0025 
vt 8.02384 -13.0025 
vt 7.98727 -12.9975 
vt 7.97555 -13.0025 
vt 7.98727 -13.0025 
vt 7.96933 -12.9975 
vt 7.95761 -13.0025 
vt 7.96933 -13.0025 
vt 7.97555 -12.9975 
vt 8.03067 -12.9975 
vt 8.01212 -12.9975 
vt 7.99349 -12.9975 
vt 7.95761 -12.9975 
vt 8.50257 -13.0121 
vt 8.47723 -13.0238 
vt 8.50257 -13.0238 
vt 8.50142 -12.9755 
vt 8.47608 -12.9873 
vt 8.50142 -12.9873 
vt 8.47608 -12.9755 
vt 8.50187 -12.9576 
vt 8.47654 -12.9693 
vt 8.50187 -12.9693 
vt 8.47654 -12.9576 
vt 8.50165 -12.9935 
vt 8.47631 -13.0052 
vt 8.50165 -13.0052 
vt 8.45453 -13.0307 
vt 8.4292 -13.0424 
vt 8.45453 -13.0424 
vt 8.4292 -13.0307 
vt 8.47723 -13.0121 
vt 8.47631 -12.9935 
vt 7.5708 -13.0307 
vt 7.54546 -13.0307 
vt 7.5708 -13.0424 
vt 7.52392 -12.9755 
vt 7.49859 -12.9755 
vt 7.52392 -12.9873 
vt 7.49859 -12.9873 
vt 7.49813 -12.9693 
vt 7.52346 -12.9693 
vt 7.49813 -12.9576 
vt 7.52346 -12.9576 
vt 7.54546 -13.0424 
vt 7.52277 -13.0121 
vt 7.49744 -13.0121 
vt 7.52277 -13.0238 
vt 7.49744 -13.0238 
vt 7.49835 -13.0052 
vt 7.52369 -13.0052 
vt 7.49835 -12.9935 
vt 7.52369 -12.9935 
vt 7.52277 -13.0025 
vt 7.49744 -12.9975 
vt 7.49744 -13.0025 
vt 7.5708 -13.0025 
vt 7.54546 -12.9975 
vt 7.54546 -13.0025 
vt 7.52369 -13.0025 
vt 7.49835 -12.9975 
vt 7.49835 -13.0025 
vt 7.52346 -13.0025 
vt 7.49813 -12.9975 
vt 7.49813 -13.0025 
vt 7.52392 -13.0025 
vt 7.49859 -12.9975 
vt 7.49859 -13.0025 
vt 7.52346 -12.9975 
vt 7.52277 -12.9975 
vt 7.5708 -12.9975 
vt 7.52369 -12.9975 
vt 7.52392 -12.9975 
vt 8.45453 -12.9975 
vt 8.4292 -12.9975 
vt 8.4292 -13.0025 
vt 8.45453 -13.0025 
vt 8.50165 -12.9975 
vt 8.47631 -13.0025 
vt 8.50165 -13.0025 
vt 8.50142 -12.9975 
vt 8.47608 -13.0025 
vt 8.50142 -13.0025 
vt 8.50187 -12.9975 
vt 8.47654 -13.0025 
vt 8.50187 -13.0025 
vt 8.50257 -12.9975 
vt 8.47723 -13.0025 
vt 8.50257 -13.0025 
vt 8.47631 -12.9975 
vt 8.47723 -12.9975 
vt 8.47608 -12.9975 
vt 8.47654 -12.9975 
vt 7.98788 -13.0025 
vt 7.97616 -12.9975 
vt 7.97616 -13.0025 
vt 7.96933 -13.0025 
vt 7.95761 -12.9975 
vt 7.95761 -13.0025 
vt 8.00651 -13.0025 
vt 7.99479 -12.9975 
vt 7.99479 -13.0025 
vt 8.04239 -13.0025 
vt 8.03067 -12.9975 
vt 8.03067 -13.0025 
vt 8.02445 -13.0025 
vt 8.01273 -12.9975 
vt 8.01273 -13.0025 
vt 8.04239 -12.9975 
vt 7.98788 -12.9975 
vt 7.96933 -12.9975 
vt 8.00651 -12.9975 
vt 8.02445 -12.9975 
vt 7.96933 -12.9975 
vt 7.95761 -13.0025 
vt 7.96933 -13.0025 
vt 8.00651 -12.9975 
vt 7.99479 -13.0025 
vt 8.00651 -13.0025 
vt 7.98788 -12.9975 
vt 7.97616 -13.0025 
vt 7.98788 -13.0025 
vt 8.02445 -12.9975 
vt 8.01273 -13.0025 
vt 8.02445 -13.0025 
vt 8.04239 -12.9975 
vt 8.03067 -13.0025 
vt 8.04239 -13.0025 
vt 8.01273 -12.9975 
vt 7.95761 -12.9975 
vt 7.97616 -12.9975 
vt 7.99479 -12.9975 
vt 8.03067 -12.9975 
vt 7.49744 -13.0238 
vt 7.52277 -13.0121 
vt 7.49744 -13.0121 
vt 7.49859 -12.9873 
vt 7.52392 -12.9873 
vt 7.52392 -12.9755 
vt 7.49859 -12.9755 
vt 7.49813 -12.9693 
vt 7.52346 -12.9576 
vt 7.49813 -12.9576 
vt 7.52346 -12.9693 
vt 7.49835 -13.0052 
vt 7.52369 -12.9935 
vt 7.49835 -12.9935 
vt 7.54546 -13.0424 
vt 7.5708 -13.0307 
vt 7.54546 -13.0307 
vt 7.5708 -13.0424 
vt 7.52277 -13.0238 
vt 7.52369 -13.0052 
vt 8.45453 -13.0424 
vt 8.4292 -13.0307 
vt 8.4292 -13.0424 
vt 8.50142 -12.9873 
vt 8.47608 -12.9755 
vt 8.47608 -12.9873 
vt 8.50142 -12.9755 
vt 8.50187 -12.9693 
vt 8.47654 -12.9576 
vt 8.47654 -12.9693 
vt 8.50187 -12.9576 
vt 8.45453 -13.0307 
vt 8.50257 -13.0238 
vt 8.47723 -13.0121 
vt 8.47723 -13.0238 
vt 8.50257 -13.0121 
vt 8.50165 -13.0052 
vt 8.47631 -12.9935 
vt 8.47631 -13.0052 
vt 8.50165 -12.9935 
vt 8.50257 -13.0025 
vt 8.47723 -12.9975 
vt 8.47723 -13.0025 
vt 8.45453 -13.0025 
vt 8.4292 -12.9975 
vt 8.4292 -13.0025 
vt 8.50165 -13.0025 
vt 8.47631 -12.9975 
vt 8.47631 -13.0025 
vt 8.50187 -13.0025 
vt 8.47654 -12.9975 
vt 8.47654 -13.0025 
vt 8.50142 -13.0025 
vt 8.47608 -12.9975 
vt 8.47608 -13.0025 
vt 8.50187 -12.9975 
vt 8.50257 -12.9975 
vt 8.45453 -12.9975 
vt 8.50165 -12.9975 
vt 8.50142 -12.9975 
vt 7.5708 -12.9975 
vt 7.54546 -13.0025 
vt 7.5708 -13.0025 
vt 7.52369 -12.9975 
vt 7.49835 -13.0025 
vt 7.52369 -13.0025 
vt 7.52277 -12.9975 
vt 7.49744 -13.0025 
vt 7.52277 -13.0025 
vt 7.52392 -12.9975 
vt 7.49859 -13.0025 
vt 7.52392 -13.0025 
vt 7.52346 -12.9975 
vt 7.49813 -13.0025 
vt 7.52346 -13.0025 
vt 7.49859 -12.9975 
vt 7.54546 -12.9975 
vt 7.49744 -12.9975 
vt 7.49835 -12.9975 
vt 7.49813 -12.9975 

usemtl Cube0031Mtl

f 1796/1796/1796 1797/1797/1797 1798/1798/1798 
f 1796/1796/1796 1807/1807/1807 1797/1797/1797 
f 1802/1802/1802 1803/1803/1803 1804/1804/1804 
f 1802/1802/1802 1809/1809/1809 1803/1803/1803 
f 1793/1793/1793 1794/1794/1794 1795/1795/1795 
f 1793/1793/1793 1808/1808/1808 1794/1794/1794 
f 1799/1799/1799 1800/1800/1800 1801/1801/1801 
f 1799/1799/1799 1805/1805/1805 1800/1800/1800 
f 1790/1790/1790 1791/1791/1791 1792/1792/1792 
f 1790/1790/1790 1806/1806/1806 1791/1791/1791 
f 1773/1773/1773 1774/1774/1774 1775/1775/1775 
f 1774/1774/1774 1773/1773/1773 1787/1787/1787 
f 1776/1776/1776 1777/1777/1777 1778/1778/1778 
f 1777/1777/1777 1776/1776/1776 1788/1788/1788 
f 1782/1782/1782 1783/1783/1783 1784/1784/1784 
f 1783/1783/1783 1782/1782/1782 1789/1789/1789 
f 1779/1779/1779 1780/1780/1780 1781/1781/1781 
f 1780/1780/1780 1779/1779/1779 1785/1785/1785 
f 1770/1770/1770 1771/1771/1771 1772/1772/1772 
f 1771/1771/1771 1770/1770/1770 1786/1786/1786 
f 1810/1810/1810 1811/1811/1811 1812/1812/1812 
f 1810/1810/1810 1828/1828/1828 1811/1811/1811 
f 1821/1821/1821 1822/1822/1822 1823/1823/1823 
f 1821/1821/1821 1829/1829/1829 1822/1822/1822 
f 1824/1824/1824 1825/1825/1825 1826/1826/1826 
f 1825/1825/1825 1824/1824/1824 1827/1827/1827 
f 1830/1830/1830 1831/1831/1831 1832/1832/1832 
f 1841/1841/1841 1832/1832/1832 1831/1831/1831 
f 1842/1842/1842 1843/1843/1843 1844/1844/1844 
f 1845/1845/1845 1844/1844/1844 1843/1843/1843 
f 1846/1846/1846 1847/1847/1847 1848/1848/1848 
f 1849/1849/1849 1848/1848/1848 1847/1847/1847 
f 1813/1813/1813 1814/1814/1814 1815/1815/1815 
f 1813/1813/1813 1816/1816/1816 1814/1814/1814 
f 1817/1817/1817 1818/1818/1818 1819/1819/1819 
f 1817/1817/1817 1820/1820/1820 1818/1818/1818 
f 1833/1833/1833 1834/1834/1834 1835/1835/1835 
f 1836/1836/1836 1835/1835/1835 1834/1834/1834 
f 1837/1837/1837 1838/1838/1838 1839/1839/1839 
f 1840/1840/1840 1839/1839/1839 1838/1838/1838 
f 1859/1859/1859 1860/1860/1860 1861/1861/1861 
f 1860/1860/1860 1859/1859/1859 1865/1865/1865 
f 1880/1880/1880 1881/1881/1881 1882/1882/1882 
f 1880/1880/1880 1889/1889/1889 1881/1881/1881 
f 1862/1862/1862 1863/1863/1863 1864/1864/1864 
f 1863/1863/1863 1862/1862/1862 1869/1869/1869 
f 1877/1877/1877 1878/1878/1878 1879/1879/1879 
f 1877/1877/1877 1888/1888/1888 1878/1878/1878 
f 1856/1856/1856 1857/1857/1857 1858/1858/1858 
f 1857/1857/1857 1856/1856/1856 1868/1868/1868 
f 1874/1874/1874 1875/1875/1875 1876/1876/1876 
f 1874/1874/1874 1886/1886/1886 1875/1875/1875 
f 1850/1850/1850 1851/1851/1851 1852/1852/1852 
f 1851/1851/1851 1850/1850/1850 1866/1866/1866 
f 1883/1883/1883 1884/1884/1884 1885/1885/1885 
f 1883/1883/1883 1887/1887/1887 1884/1884/1884 
f 1853/1853/1853 1854/1854/1854 1855/1855/1855 
f 1854/1854/1854 1853/1853/1853 1867/1867/1867 
f 1870/1870/1870 1871/1871/1871 1872/1872/1872 
f 1870/1870/1870 1872/1872/1872 1873/1873/1873 
f 1890/1890/1890 1891/1891/1891 1892/1892/1892 
f 1891/1891/1891 1890/1890/1890 1906/1906/1906 
f 1899/1899/1899 1900/1900/1900 1901/1901/1901 
f 1900/1900/1900 1899/1899/1899 1905/1905/1905 
f 1896/1896/1896 1897/1897/1897 1898/1898/1898 
f 1897/1897/1897 1896/1896/1896 1908/1908/1908 
f 1902/1902/1902 1903/1903/1903 1904/1904/1904 
f 1903/1903/1903 1902/1902/1902 1909/1909/1909 
f 1893/1893/1893 1894/1894/1894 1895/1895/1895 
f 1894/1894/1894 1893/1893/1893 1907/1907/1907 
f 1910/1910/1910 1911/1911/1911 1912/1912/1912 
f 1910/1910/1910 1926/1926/1926 1911/1911/1911 
f 1913/1913/1913 1914/1914/1914 1915/1915/1915 
f 1913/1913/1913 1928/1928/1928 1914/1914/1914 
f 1919/1919/1919 1920/1920/1920 1921/1921/1921 
f 1919/1919/1919 1925/1925/1925 1920/1920/1920 
f 1922/1922/1922 1923/1923/1923 1924/1924/1924 
f 1922/1922/1922 1929/1929/1929 1923/1923/1923 
f 1916/1916/1916 1917/1917/1917 1918/1918/1918 
f 1916/1916/1916 1927/1927/1927 1917/1917/1917 
f 1933/1933/1933 1934/1934/1934 1935/1935/1935 
f 1933/1933/1933 1935/1935/1935 1936/1936/1936 
f 1937/1937/1937 1938/1938/1938 1939/1939/1939 
f 1937/1937/1937 1940/1940/1940 1938/1938/1938 
f 1953/1953/1953 1954/1954/1954 1955/1955/1955 
f 1954/1954/1954 1953/1953/1953 1956/1956/1956 
f 1957/1957/1957 1958/1958/1958 1959/1959/1959 
f 1958/1958/1958 1957/1957/1957 1960/1960/1960 
f 1930/1930/1930 1931/1931/1931 1932/1932/1932 
f 1930/1930/1930 1948/1948/1948 1931/1931/1931 
f 1941/1941/1941 1942/1942/1942 1943/1943/1943 
f 1941/1941/1941 1949/1949/1949 1942/1942/1942 
f 1944/1944/1944 1945/1945/1945 1946/1946/1946 
f 1944/1944/1944 1947/1947/1947 1945/1945/1945 
f 1950/1950/1950 1951/1951/1951 1952/1952/1952 
f 1951/1951/1951 1950/1950/1950 1961/1961/1961 
f 1962/1962/1962 1963/1963/1963 1964/1964/1964 
f 1963/1963/1963 1962/1962/1962 1965/1965/1965 
f 1966/1966/1966 1967/1967/1967 1968/1968/1968 
f 1967/1967/1967 1966/1966/1966 1969/1969/1969 
f 1973/1973/1973 1974/1974/1974 1975/1975/1975 
f 1974/1974/1974 1973/1973/1973 1987/1987/1987 
f 1990/1990/1990 1991/1991/1991 1992/1992/1992 
f 1990/1990/1990 2006/2006/2006 1991/1991/1991 
f 1970/1970/1970 1971/1971/1971 1972/1972/1972 
f 1971/1971/1971 1970/1970/1970 1986/1986/1986 
f 1996/1996/1996 1997/1997/1997 1998/1998/1998 
f 1996/1996/1996 2007/2007/2007 1997/1997/1997 
f 1976/1976/1976 1977/1977/1977 1978/1978/1978 
f 1977/1977/1977 1976/1976/1976 1988/1988/1988 
f 1993/1993/1993 1994/1994/1994 1995/1995/1995 
f 1993/1993/1993 2008/2008/2008 1994/1994/1994 
f 1982/1982/1982 1983/1983/1983 1984/1984/1984 
f 1983/1983/1983 1982/1982/1982 1989/1989/1989 
f 1999/1999/1999 2000/2000/2000 2001/2001/2001 
f 1999/1999/1999 2005/2005/2005 2000/2000/2000 
f 1979/1979/1979 1980/1980/1980 1981/1981/1981 
f 1980/1980/1980 1979/1979/1979 1985/1985/1985 
f 2002/2002/2002 2003/2003/2003 2004/2004/2004 
f 2002/2002/2002 2009/2009/2009 2003/2003/2003 

