# This file is brought to you by Roblox Corporation
# Generated by Roblox Studio

mtllib 3.mtl

g Sphere1

v 0.429123 2.87079 0.299625 
v 0.429123 2.64257 -0.156817 
v 0.429123 2.87079 -0.156817 
v 0.429123 2.64257 0.299625 
v 0.885565 2.87079 0.299625 
v 0.885565 3.09902 0.527846 
v 0.885565 2.87079 0.527846 
v 0.657344 2.87079 0.527846 
v 0.657344 3.09902 0.756068 
v 0.657344 2.87079 0.756067 
v 0.200902 3.09902 0.984288 
v 0.200902 2.87079 0.756067 
v 0.200902 3.09902 0.756068 
v 0.200902 2.87079 0.984288 
v 0.657344 3.09902 0.527846 
v 0.885565 3.09902 0.299625 
v 0.885565 3.32724 0.984288 
v 0.885565 3.09902 0.756068 
v 0.885565 3.32724 0.756068 
v 0.657344 3.32724 1.21251 
v 0.657344 3.09902 0.984288 
v 0.657344 3.32724 0.984288 
v 0.657344 3.09902 1.21251 
v 0.657344 3.55546 1.44073 
v 0.657344 3.55546 1.21251 
v 0.885565 3.09902 0.984288 
v 1.11379 3.09902 0.299625 
v 1.11379 2.87079 -0.156817 
v 1.11379 3.09902 -0.156817 
v 1.11379 2.87079 0.299625 
v 1.11379 3.32724 0.756068 
v 1.11379 3.09902 0.527846 
v 1.11379 3.32724 0.527846 
v 1.11379 3.09902 0.756068 
v 1.11379 3.32724 0.984288 
v 1.11379 3.55546 1.21251 
v 1.11379 3.32724 1.21251 
v 1.11379 3.55546 0.984288 
v 0.885565 3.78368 1.44073 
v 0.885565 3.55546 1.21251 
v 0.885565 3.78368 1.21251 
v 1.11379 4.0119 1.44073 
v 1.11379 3.78368 1.21251 
v 1.11379 4.0119 1.21251 
v 1.11379 5.15301 1.44073 
v 1.11379 4.92478 1.21251 
v 1.11379 5.15301 1.21251 
v 0.885565 5.83767 1.44073 
v 0.885565 5.15301 1.21251 
v 0.885565 5.83767 1.21251 
v 1.11379 6.06589 1.44073 
v 1.11379 5.83767 1.21251 
v 1.11379 6.06589 1.21251 
v 0.657344 3.32724 1.44073 
v 0.429123 3.78368 1.66895 
v 0.429123 3.55546 1.44073 
v 0.429123 3.78368 1.44073 
v 0.885565 3.55546 1.44073 
v 0.429123 3.55546 1.66895 
v 0.429123 4.46834 1.89717 
v 0.429123 4.24012 1.66895 
v 0.429123 4.46834 1.66895 
v 0.429123 4.24012 1.89717 
v 0.657344 4.46834 1.66895 
v 0.657344 4.69656 1.89717 
v 0.657344 4.46834 1.89717 
v 0.429123 5.83767 1.66895 
v 0.429123 5.15301 1.44073 
v 0.429123 5.83767 1.44073 
v 0.429123 5.15301 1.66895 
v 0.657344 4.69656 1.66895 
v 0.429123 4.92478 1.89717 
v 0.429123 4.69656 1.66895 
v 0.429123 4.92478 1.66895 
v 0.429123 4.69656 1.89717 
v 0.885565 5.15301 1.44073 
v 0.885565 4.24012 1.66895 
v 0.885565 4.24012 1.44073 
v 1.11379 3.78368 1.44073 
v 1.11379 4.92478 1.66895 
v 1.11379 4.24012 1.44073 
v 1.11379 4.92478 1.44073 
v 0.885565 3.78368 1.66895 
v 1.11379 4.24012 1.66895 
v 0.885565 4.92478 1.44073 
v 0.885565 5.15301 1.66895 
v 0.885565 4.92478 1.66895 
v 1.11379 5.83767 1.44073 
v 0.885565 6.06589 1.66895 
v 0.885565 6.06589 1.44073 
v 0.885565 5.83767 1.66895 
v 0.429123 6.06589 1.66895 
v 0.429123 6.29411 1.89717 
v 0.429123 6.06589 1.89717 
v -0.059288 8.35858 -0.457046 
v -0.112624 7.64818 0.357403 
v -0.112624 7.64818 -0.457046 
v 0.454732 8.44328 0.416412 
v 0.24585 7.4074 -0.516055 
v 0.454732 8.44328 -0.516055 
v -0.905235 8.25515 -0.422792 
v -1.00307 7.90503 0.323149 
v -1.00307 7.90503 -0.422793 
v 0.200902 8.11988 0.984289 
v 0.200902 7.89166 0.756068 
v 0.200902 8.11988 0.756068 
v 0.24585 7.4074 0.416412 
v -0.059288 8.35858 0.357403 
v -1.72483 8.79591 0.282878 
v -1.3686 8.32455 -0.382522 
v -1.72483 8.79591 -0.382522 
v 0.429123 8.3481 0.299626 
v 0.429123 8.11988 -0.156816 
v 0.429123 8.3481 -0.156816 
v -1.3686 8.32455 0.282879 
v -0.905235 8.25515 0.323149 
v 0.429123 8.11988 0.299626 
v 0.657344 7.89166 0.527847 
v 0.657344 8.11988 0.756068 
v 0.657344 7.89166 0.756068 
v 1.11379 7.66344 0.527847 
v 1.11379 7.89166 0.756068 
v 1.11379 7.66344 0.756068 
v 1.34201 7.66344 0.527847 
v 1.34201 7.43522 0.984289 
v 1.34201 7.43522 0.527847 
v 1.34201 7.66344 0.984289 
v 0.885565 7.89166 0.984289 
v 0.885565 7.66344 0.756068 
v 0.885565 7.89166 0.756068 
v 0.885565 7.66344 0.984289 
v 1.11379 7.89166 0.527847 
v 1.11379 8.11988 0.299626 
v 1.11379 7.89166 -0.156816 
v 1.11379 8.11988 -0.156816 
v 1.11379 7.89166 0.299626 
v 0.885565 8.11988 0.527847 
v 0.885565 7.89166 0.299626 
v 0.885565 8.11988 0.299626 
v 0.657344 8.11988 0.527847 
v 0.885565 7.89166 0.527847 
v 0.200902 7.89166 0.984289 
v 0.429123 6.29411 1.66895 
v 0.657344 6.52233 1.89717 
v 0.657344 6.29411 1.66895 
v 0.657344 6.52233 1.66895 
v 0.429123 6.75055 1.89717 
v 0.429123 6.52233 1.66895 
v 0.429123 6.75055 1.66895 
v 0.429123 6.52233 1.89717 
v 0.657344 6.29411 1.89717 
v 0.429123 7.207 1.44073 
v 0.429123 7.43522 1.66895 
v 0.429123 7.207 1.66895 
v 0.657344 7.89166 1.21251 
v 0.657344 7.66344 0.984289 
v 0.657344 7.89166 0.984289 
v 0.657344 7.66344 1.21251 
v 0.657344 7.66344 1.44073 
v 0.657344 7.43522 1.21251 
v 0.429123 7.43522 1.44073 
v 0.657344 7.43522 1.44073 
v 0.885565 7.43522 1.44073 
v 0.885565 7.207 1.21251 
v 0.885565 7.43522 1.21251 
v 1.11379 6.97877 1.21251 
v 1.11379 7.207 1.44073 
v 1.11379 6.97877 1.44073 
v 1.11379 6.75055 1.66895 
v 1.11379 6.75055 1.44073 
v 0.885565 7.207 1.66895 
v 0.885565 6.75055 1.44073 
v 0.885565 7.207 1.44073 
v 0.885565 6.75055 1.66895 
v 1.11379 6.06589 1.66895 
v 1.34201 6.97877 1.21251 
v 1.34201 6.97877 0.984289 
v 1.11379 7.66344 1.21251 
v 1.11379 7.43522 0.984289 
v 1.11379 7.66344 0.984289 
v 1.34201 7.43522 1.21251 
v 1.11379 7.43522 1.21251 
v 1.11379 7.207 1.21251 
v 1.34201 7.66344 -0.156816 
v 1.34201 7.89166 0.527847 
v 1.34201 3.32724 -0.156817 
v 1.34201 3.32724 0.527846 
v 1.34201 3.09902 -0.156817 
v 1.57023 3.55546 0.527846 
v 1.57023 3.32724 -0.156817 
v 1.57023 3.55546 -0.156817 
v 1.34201 3.09902 0.527846 
v 1.57023 3.32724 0.527846 
v 1.57023 3.78368 0.756068 
v 1.57023 3.78368 0.527846 
v 1.79845 4.0119 0.299625 
v 1.79845 3.55546 -0.156817 
v 1.79845 4.0119 -0.156817 
v 1.79845 4.92478 0.527847 
v 1.79845 4.92478 -0.156817 
v 1.79845 5.15301 0.527847 
v 1.79845 5.83767 0.527847 
v 1.79845 4.24012 0.527847 
v 1.79845 4.24012 0.299625 
v 1.79845 3.78368 0.527846 
v 1.79845 4.0119 0.756068 
v 1.79845 4.46834 0.756068 
v 1.79845 4.46834 0.527847 
v 2.02667 4.24012 0.299625 
v 2.02667 4.0119 -0.156817 
v 2.02667 4.92478 -0.156817 
v 2.02667 4.0119 0.299625 
v 1.79845 3.55546 0.527846 
v 2.02667 4.46834 0.527847 
v 2.02667 4.24012 0.527847 
v 2.02667 4.69656 0.527847 
v 2.02667 4.92478 0.527847 
v 2.02667 4.69656 0.756068 
v 1.79845 4.92478 0.756068 
v 1.79845 4.69656 0.527847 
v 1.34201 3.55546 0.527846 
v 1.34201 3.32724 0.984288 
v 1.34201 3.55546 0.984288 
v 1.57023 3.55546 0.984288 
v 1.57023 4.0119 0.984289 
v 1.57023 4.0119 0.756068 
v 1.34201 4.0119 1.21251 
v 1.34201 4.0119 0.984289 
v 1.34201 3.55546 1.21251 
v 1.34201 4.92478 1.44073 
v 1.34201 4.0119 1.44073 
v 1.57023 5.15301 0.527847 
v 1.57023 5.83767 0.756068 
v 1.57023 5.15301 0.756068 
v 1.57023 4.92478 0.756068 
v 1.57023 4.92478 0.984289 
v 1.34201 4.92478 0.984289 
v 1.34201 6.06589 1.21251 
v 1.34201 4.92478 1.21251 
v 1.79845 3.78368 0.756068 
v 1.79845 4.0119 0.984289 
v 1.57023 4.92478 1.21251 
v 1.57023 4.0119 1.21251 
v 1.79845 4.92478 0.984289 
v 2.02667 4.46834 0.756068 
v 1.79845 4.69656 0.756068 
v 1.79845 5.15301 0.756068 
v 1.57023 6.06589 0.984289 
v 1.79845 7.43522 -0.156816 
v 1.79845 6.97877 0.299626 
v 1.79845 6.97878 -0.156816 
v 1.79845 6.06589 -0.156816 
v 1.79845 6.06589 0.527847 
v 1.57023 5.83767 0.527847 
v 1.79845 6.75055 0.527847 
v 1.79845 6.75055 0.299626 
v 1.79845 7.207 0.527847 
v 1.79845 7.43522 0.527847 
v 1.49592 8.32273 0.357403 
v 1.54925 7.91232 -0.457046 
v 1.49592 8.32273 -0.457046 
v 1.57023 7.66344 -0.156816 
v 1.57023 7.43522 0.527847 
v 1.57023 7.43522 -0.156816 
v 1.34201 7.89166 -0.156816 
v 1.54925 7.91232 0.357403 
v 1.57023 7.66344 0.527847 
v 2.02667 6.75055 0.299626 
v 2.02667 6.06589 -0.156816 
v 2.02667 6.97878 -0.156816 
v 2.02667 6.29411 0.527847 
v 2.02667 6.06589 0.527847 
v 2.02667 6.52233 0.527847 
v 2.02667 6.75055 0.527847 
v 2.02667 6.97877 0.299626 
v 1.7818 8.48238 0.323149 
v 1.87964 8.13226 -0.422792 
v 1.7818 8.48238 -0.422792 
v 2.12312 8.61146 -0.382522 
v 2.12312 8.61146 0.282878 
v 1.76689 8.14009 -0.382522 
v 1.76689 8.14009 0.282878 
v 1.87964 8.13226 0.323149 
v 1.79845 6.06589 0.756068 
v 1.57023 6.06589 0.756068 
v 1.79845 6.29411 0.527847 
v 1.34201 6.06589 0.984289 
v 1.34201 6.97877 1.44073 
v 1.34201 6.06589 1.44073 
v 1.57023 6.97877 1.21251 
v 1.57023 6.06589 1.21251 
v 1.57023 7.207 0.756068 
v 1.57023 7.207 0.527847 
v 1.57023 7.43522 0.984289 
v 1.57023 6.97877 0.984289 
v 1.57023 6.97877 0.756068 
v 1.79845 6.52233 0.756068 
v 1.79845 6.52233 0.527847 
v 1.79845 5.83767 0.756068 
v 2.02667 6.29411 0.756068 
v 1.79845 6.29411 0.756068 
v 1.79845 6.06589 0.984289 
v 2.02667 6.52233 0.756068 
v 1.79845 6.97877 0.756068 
v 1.79845 7.207 0.756068 
v 1.79845 6.97877 0.984289 
v -1.62487 4.92478 0.527847 
v -1.85309 4.92478 -0.156817 
v -1.85309 4.92478 0.527847 
v -1.62487 4.92478 -0.156817 
v -1.85309 4.69656 0.527847 
v -1.62487 4.69656 0.756068 
v -1.62487 4.69656 0.527847 
v -1.85309 4.69656 0.756068 
v -1.62487 6.52233 0.756068 
v -1.85309 6.52233 0.527847 
v -1.85309 6.52233 0.756068 
v -1.39665 5.15301 0.756068 
v -1.62487 5.15301 0.527847 
v -1.62487 5.15301 0.756068 
v -1.62487 6.52233 0.527847 
v -1.62487 6.97877 0.299626 
v -1.85309 6.97878 -0.156816 
v -1.85309 6.97877 0.299626 
v -1.62487 6.97878 -0.156816 
v -1.85309 6.75055 0.299626 
v -1.62487 6.75055 0.527847 
v -1.62487 6.75055 0.299626 
v -1.85309 6.75055 0.527847 
v -1.39665 7.207 0.756068 
v -1.62487 7.207 0.527847 
v -1.62487 7.207 0.756068 
v -1.39665 4.92478 0.984289 
v -1.62487 4.92478 0.756068 
v -1.62487 4.92478 0.984289 
v -1.39665 5.15301 0.527847 
v -1.39665 4.92478 0.756068 
v -1.16842 4.92478 1.21251 
v -1.16842 4.92478 0.984289 
v -1.39665 4.92478 1.21251 
v -0.940204 4.92478 1.44073 
v -0.940204 4.92478 1.21251 
v -1.39665 6.97877 0.984289 
v -1.62487 6.97877 0.756068 
v -1.62487 6.97877 0.984289 
v -1.39665 7.207 0.527847 
v -1.39665 6.97877 0.756068 
v -1.16842 7.43522 0.984289 
v -1.39665 7.43522 0.527847 
v -1.39665 7.43522 0.984289 
v -1.16842 6.97877 1.21251 
v -1.39665 6.97877 1.21251 
v -1.16842 6.97877 0.984289 
v -0.940204 5.15301 1.21251 
v -0.711982 5.15301 1.44073 
v -0.711982 5.15301 1.21251 
v -1.16842 4.92478 1.44073 
v -0.940204 5.15301 1.44073 
v -0.711982 4.92478 1.66895 
v -0.711982 4.92478 1.44073 
v -0.940204 4.92478 1.66895 
v -0.711982 6.75055 1.66895 
v -0.940204 6.75055 1.44073 
v -0.940204 6.75055 1.66895 
v -0.711982 6.75055 1.44073 
v -0.940204 6.97877 1.44073 
v -0.940204 6.97877 1.21251 
v -0.940204 7.207 1.21251 
v -0.711982 7.207 1.44073 
v -0.711982 7.207 1.21251 
v -1.16842 6.97877 1.44073 
v -0.940204 7.207 1.44073 
v -0.483762 7.43522 1.44073 
v -0.711982 7.43522 1.21251 
v -0.711982 7.43522 1.44073 
v -0.483762 7.43522 1.21251 
v -0.711982 5.15301 1.66895 
v -0.25554 5.15301 1.66895 
v -0.25554 5.15301 1.44073 
v -0.483762 4.69656 1.66895 
v -0.25554 4.69656 1.89717 
v -0.25554 4.69656 1.66895 
v -0.483762 4.69656 1.89717 
v -0.25554 4.92478 1.89717 
v 0.429123 4.92478 1.66895 
v -0.25554 4.92478 1.66895 
v -0.25554 6.52233 1.89717 
v -0.483762 6.52233 1.66895 
v -0.483762 6.52233 1.89717 
v -0.25554 7.207 1.44073 
v -0.25554 7.207 1.66895 
v -0.25554 7.43522 1.66895 
v 0.429123 7.43522 1.44073 
v -0.25554 7.43522 1.44073 
v -0.711982 7.207 1.66895 
v -0.25554 6.52233 1.66895 
v -0.25554 6.75055 1.89717 
v 0.429123 6.75055 1.89717 
v -0.25554 6.75055 1.66895 
v -1.16842 7.43522 0.527847 
v -1.62487 7.43522 -0.156816 
v -1.39665 7.43522 -0.156816 
v -1.39665 7.66344 0.527847 
v -1.16842 7.66344 -0.156816 
v -1.39665 7.66344 -0.156816 
v -1.16842 7.89166 -0.156816 
v -1.16842 7.89166 0.527847 
v -0.940204 7.89166 0.299626 
v -1.62487 7.43522 0.527847 
v -1.16842 7.66344 0.527847 
v -0.940204 7.89166 0.527847 
v -1.94954 8.61146 0.282878 
v -1.72483 8.79591 -0.382522 
v -1.94954 8.61146 -0.382522 
v -0.905235 8.25515 0.323149 
v -0.905235 8.25515 -0.422792 
v -1.60822 8.48238 -0.422792 
v -0.940204 7.89166 -0.156816 
v -1.72483 8.79591 0.282878 
v -1.60822 8.48238 0.323149 
v -1.32233 8.32273 0.357403 
v -0.059288 8.35858 0.357403 
v -1.32233 8.32273 -0.457046 
v -0.711982 8.11988 0.299626 
v -0.940204 8.11988 -0.156816 
v -0.940204 8.11988 0.299626 
v -0.711982 7.89166 0.299626 
v -0.711982 7.89166 0.527847 
v -0.483762 8.11988 0.527847 
v -0.25554 8.11988 0.299626 
v -0.711982 8.11988 0.527847 
v -0.25554 8.11988 -0.156816 
v -0.059288 8.35858 -0.457046 
v -0.281148 8.44328 0.416412 
v 0.454732 8.44328 -0.516055 
v -0.281148 8.44328 -0.516055 
v -0.0273192 8.11988 0.756068 
v 0.429123 8.3481 0.299626 
v -0.25554 8.3481 -0.156816 
v -0.25554 8.3481 0.299626 
v -0.940204 7.66344 0.756068 
v -0.940204 7.66344 0.527847 
v -1.16842 7.66344 0.984289 
v -0.940204 7.66344 0.984289 
v -0.711982 7.66344 0.756068 
v -0.940204 7.43522 1.21251 
v -1.16842 7.43522 1.21251 
v -0.940204 7.43522 0.984289 
v -0.940204 7.66344 1.21251 
v -0.711982 7.66344 0.984289 
v -0.711982 7.89166 0.756068 
v -0.483762 7.89166 0.527847 
v -0.940204 7.89166 0.756068 
v -0.483762 7.66344 1.21251 
v -0.711982 7.89166 0.984289 
v -0.483762 7.89166 0.984289 
v -0.483762 7.89166 0.756068 
v -0.483762 7.66344 0.984289 
v -0.483762 7.89166 1.21251 
v -0.0273192 7.89166 0.984289 
v -0.483762 7.66344 1.44073 
v 0.657344 7.66344 1.44073 
v -0.483762 8.11988 0.756068 
v 0.200902 8.11988 0.756068 
v -0.0273192 7.89166 0.756068 
v 0.200902 7.89166 0.984289 
v -0.0273192 8.11988 0.984289 
v 0.429123 8.11988 0.299626 
v 1.79845 5.15301 0.756068 
v 1.57023 5.15301 0.527847 
v 1.57023 5.15301 0.756068 
v 1.79845 5.15301 0.527847 
v 1.79845 4.92478 0.984289 
v 1.57023 4.92478 0.756068 
v 1.57023 4.92478 0.984289 
v 1.57023 4.92478 1.21251 
v 1.34201 4.92478 0.984289 
v 1.34201 4.92478 1.21251 
v 1.57023 6.97877 1.21251 
v 1.34201 6.97877 0.984289 
v 1.34201 6.97877 1.21251 
v 1.34201 7.43522 0.527847 
v 1.57023 7.43522 0.984289 
v 1.57023 7.43522 0.527847 
v 1.57023 7.207 0.527847 
v 1.79845 7.207 0.756068 
v 1.79845 7.207 0.527847 
v 1.57023 7.207 0.756068 
v 1.57023 6.97877 0.984289 
v 1.79845 6.97877 0.984289 
v 1.57023 6.97877 0.756068 
v 1.79845 4.92478 0.756068 
v 1.79845 4.92478 0.527847 
v 2.02667 4.92478 -0.156817 
v 1.79845 4.92478 -0.156817 
v 2.02667 4.92478 0.527847 
v 1.79845 4.69656 0.527847 
v 2.02667 4.69656 0.756068 
v 2.02667 4.69656 0.527847 
v 1.79845 4.69656 0.756068 
v 2.02667 6.52233 0.756068 
v 1.79845 6.52233 0.527847 
v 1.79845 6.52233 0.756068 
v 2.02667 6.52233 0.527847 
v 2.02667 6.97877 0.299626 
v 1.79845 6.97878 -0.156816 
v 1.79845 6.97877 0.299626 
v 2.02667 6.97878 -0.156816 
v 1.79845 6.75055 0.299626 
v 2.02667 6.75055 0.527847 
v 2.02667 6.75055 0.299626 
v 1.79845 6.97877 0.756068 
v 1.79845 6.75055 0.527847 
v 1.11379 4.92478 1.21251 
v 1.34201 4.92478 1.44073 
v 0.885565 5.15301 1.66895 
v 0.429123 5.15301 1.44073 
v 0.429123 5.15301 1.66895 
v 0.885565 5.15301 1.44073 
v 0.429123 4.69656 1.66895 
v 0.657344 4.69656 1.89717 
v 0.657344 4.69656 1.66895 
v 0.429123 4.92478 1.89717 
v 0.429123 4.69656 1.89717 
v 0.657344 6.52233 1.89717 
v 0.429123 6.52233 1.66895 
v 0.429123 6.52233 1.89717 
v 0.885565 7.207 1.66895 
v 0.429123 7.207 1.44073 
v 0.429123 7.207 1.66895 
v 0.885565 7.207 1.44073 
v 0.429123 7.43522 1.66895 
v 0.429123 6.75055 1.66895 
v 0.657344 6.52233 1.66895 
v 0.657344 7.43522 1.21251 
v 0.885565 7.43522 1.44073 
v 0.885565 7.43522 1.21251 
v 0.885565 5.15301 1.21251 
v 1.11379 5.15301 1.44073 
v 1.11379 5.15301 1.21251 
v 1.11379 4.92478 1.44073 
v 1.11379 4.92478 1.66895 
v 0.885565 4.92478 1.44073 
v 0.885565 4.92478 1.66895 
v 1.11379 6.75055 1.66895 
v 0.885565 6.75055 1.44073 
v 0.885565 6.75055 1.66895 
v 0.885565 7.207 1.21251 
v 1.11379 7.207 1.44073 
v 1.11379 7.207 1.21251 
v 1.11379 6.97877 1.21251 
v 1.34201 6.97877 1.44073 
v 1.11379 6.97877 1.44073 
v 1.11379 6.75055 1.44073 
v 0.657344 7.43522 1.44073 
v 0.885565 8.11988 0.299626 
v 0.429123 8.11988 -0.156816 
v 0.885565 7.89166 0.299626 
v 1.11379 7.89166 0.527847 
v 1.11379 7.89166 0.299626 
v 0.657344 8.11988 0.527847 
v 0.885565 7.89166 0.527847 
v 0.885565 8.11988 0.527847 
v 0.232872 8.35858 0.357403 
v 1.49592 8.32273 -0.457046 
v 0.232872 8.35858 -0.457046 
v 1.11379 8.11988 -0.156816 
v 0.429123 8.3481 -0.156816 
v 0.454732 8.44328 0.416412 
v 1.11379 8.11988 0.299626 
v 1.49592 8.32273 0.357403 
v 1.34201 7.66344 -0.156816 
v 1.57023 7.66344 0.527847 
v 1.57023 7.66344 -0.156816 
v 1.57023 7.43522 -0.156816 
v 1.79845 7.43522 0.527847 
v 1.79845 7.43522 -0.156816 
v 1.34201 7.89166 0.527847 
v 1.34201 7.66344 0.527847 
v 1.34201 7.89166 -0.156816 
v 1.07882 8.25515 0.323149 
v 1.7818 8.48238 -0.422792 
v 1.07882 8.25515 -0.422792 
v 1.89841 8.79591 -0.382522 
v 2.12312 8.61146 0.282878 
v 2.12312 8.61146 -0.382522 
v 1.11379 7.89166 -0.156816 
v 1.7818 8.48238 0.323149 
v 1.89841 8.79591 0.282878 
v 1.11379 7.66344 0.756068 
v 1.11379 7.66344 0.527847 
v 0.657344 7.89166 0.984289 
v 0.200902 7.89166 0.756068 
v 0.657344 7.89166 0.756068 
v 0.657344 7.66344 1.21251 
v 0.885565 7.66344 0.984289 
v 0.657344 7.66344 0.984289 
v 0.657344 7.89166 1.21251 
v 0.657344 7.89166 0.527847 
v 0.885565 7.89166 0.756068 
v 0.657344 8.11988 0.756068 
v 0.200902 8.11988 0.984289 
v 0.885565 7.89166 0.984289 
v 1.11379 7.66344 0.984289 
v 0.885565 7.66344 0.756068 
v 1.34201 7.43522 0.984289 
v 1.11379 7.43522 0.984289 
v 1.34201 7.43522 1.21251 
v 1.11379 7.66344 1.21251 
v 1.11379 7.43522 1.21251 
v 1.11379 7.89166 0.756068 
v 1.34201 7.66344 0.984289 
v -1.62487 4.24012 0.299625 
v -1.85309 4.0119 0.299625 
v -1.62487 4.0119 0.299625 
v -1.85309 4.24012 0.299625 
v -1.39665 3.78368 0.527846 
v -1.62487 3.55546 0.527846 
v -1.39665 3.55546 0.527846 
v -1.16842 3.55546 0.527846 
v -1.39665 3.32724 0.527846 
v -1.16842 3.32724 0.527846 
v -1.62487 3.78368 0.527846 
v -1.62487 4.0119 0.756068 
v -1.62487 3.78368 0.756068 
v -1.39665 4.0119 0.756068 
v -1.62487 4.46834 0.527847 
v -1.85309 4.24012 0.527847 
v -1.62487 4.24012 0.527847 
v -1.62487 4.92478 0.984289 
v -1.62487 4.0119 0.984289 
v -1.39665 4.0119 0.984289 
v -1.39665 3.55546 0.984288 
v -1.16842 3.55546 0.984288 
v -1.39665 3.78368 0.756068 
v -1.85309 4.46834 0.527847 
v -1.62487 4.92478 0.527847 
v -1.85309 4.69656 0.527847 
v -1.62487 4.69656 0.527847 
v -1.85309 4.92478 0.527847 
v -1.62487 4.69656 0.756068 
v -1.85309 4.46834 0.756068 
v -1.62487 4.46834 0.756068 
v -1.39665 5.83767 0.527847 
v -1.62487 5.15301 0.527847 
v -1.39665 5.15301 0.527847 
v -1.62487 5.83767 0.527847 
v -1.85309 4.69656 0.756068 
v -1.39665 5.15301 0.756068 
v -1.62487 4.92478 0.756068 
v -1.39665 4.92478 0.756068 
v -1.62487 5.15301 0.756068 
v -1.39665 4.92478 0.984289 
v -1.39665 6.06589 0.984289 
v -1.16842 6.06589 0.984289 
v -1.16842 4.92478 0.984289 
v -0.711982 3.09902 0.299625 
v -0.940204 2.87079 0.299625 
v -0.711982 2.87079 0.299625 
v -0.940204 3.09902 0.299625 
v -0.711982 3.09902 0.527846 
v -0.711982 2.87079 0.527846 
v -0.483762 3.09902 0.527846 
v 0.429123 2.87079 0.299625 
v -0.25554 2.87079 0.299625 
v -0.25554 2.64257 0.299625 
v -0.483762 2.87079 0.527846 
v -0.940204 3.32724 0.527846 
v -1.16842 3.09902 0.527846 
v -0.940204 3.09902 0.527846 
v -0.483762 3.32724 0.984288 
v -0.711982 3.09902 0.984288 
v -0.483762 3.09902 0.984288 
v -0.711982 3.32724 0.756068 
v -0.940204 3.09902 0.756068 
v -0.711982 3.09902 0.756068 
v -0.483762 2.87079 0.756067 
v -0.0273192 2.87079 0.756067 
v -0.483762 3.09902 0.756068 
v -0.0273192 3.09902 0.756068 
v -0.483762 3.09902 1.21251 
v 0.657344 3.09902 1.21251 
v -0.483762 3.32724 1.21251 
v -1.16842 3.32724 0.984288 
v -0.940204 3.55546 0.984288 
v -1.16842 4.0119 0.984289 
v -0.940204 3.32724 0.984288 
v -0.940204 3.32724 0.756068 
v -0.711982 3.32724 0.984288 
v -0.711982 3.55546 1.21251 
v -0.940204 3.32724 1.21251 
v -0.483762 3.32724 1.21251 
v -0.940204 3.55546 1.21251 
v -0.940204 3.78368 1.21251 
v -1.16842 3.55546 1.21251 
v -0.711982 3.78368 1.21251 
v -0.483762 3.55546 1.21251 
v -1.16842 4.0119 1.21251 
v -1.39665 4.92478 1.21251 
v -1.39665 4.0119 1.21251 
v -1.16842 4.0119 1.21251 
v -0.940204 4.0119 1.21251 
v -0.940204 4.0119 1.44073 
v -0.940204 3.78368 1.44073 
v -0.711982 3.78368 1.44073 
v -0.711982 4.24012 1.44073 
v -0.940204 4.24012 1.44073 
v -1.16842 4.0119 1.44073 
v -1.16842 4.92478 1.44073 
v -0.940204 4.92478 1.66895 
v -0.940204 4.24012 1.66895 
v -0.483762 4.46834 1.66895 
v -0.483762 3.78368 1.66895 
v -0.711982 4.24012 1.66895 
v -0.711982 3.78368 1.66895 
v -1.16842 4.92478 1.21251 
v -1.16842 4.92478 1.21251 
v -0.940204 4.92478 1.21251 
v -0.940204 5.15301 1.21251 
v -1.16842 6.06589 1.21251 
v -0.940204 5.83767 1.21251 
v -0.711982 5.15301 1.21251 
v -0.711982 5.83767 1.21251 
v -0.940204 4.92478 1.44073 
v -0.711982 5.15301 1.44073 
v -0.940204 4.92478 1.44073 
v -0.711982 4.92478 1.44073 
v -0.940204 5.15301 1.44073 
v -0.483762 4.69656 1.66895 
v -0.711982 4.92478 1.66895 
v -0.483762 3.55546 1.44073 
v -0.711982 3.78368 1.44073 
v -0.711982 3.55546 1.44073 
v -0.483762 3.32724 1.44073 
v -0.25554 3.55546 1.44073 
v -0.25554 3.78368 1.44073 
v 0.429123 3.55546 1.44073 
v -0.25554 3.55546 1.66895 
v 0.429123 3.78368 1.66895 
v -0.25554 3.78368 1.66895 
v -0.25554 4.24012 1.66895 
v -0.483762 3.78368 1.66895 
v -0.483762 4.46834 1.66895 
v -0.25554 4.46834 1.66895 
v 0.429123 4.24012 1.66895 
v 0.429123 4.24012 1.89717 
v -0.25554 4.46834 1.89717 
v -0.25554 4.24012 1.89717 
v -0.25554 4.69656 1.89717 
v -0.483762 4.46834 1.89717 
v -0.25554 4.92478 1.66895 
v -0.711982 5.83767 1.44073 
v -0.25554 5.15301 1.44073 
v -0.25554 5.83767 1.44073 
v -0.25554 4.69656 1.66895 
v -0.25554 5.15301 1.66895 
v -0.711982 5.15301 1.66895 
v -0.483762 4.69656 1.89717 
v 0.429123 5.15301 1.66895 
v 0.429123 4.69656 1.89717 
v -0.25554 4.92478 1.89717 
v -1.39665 6.06589 0.756068 
v -1.62487 5.83767 0.756068 
v -1.39665 5.83767 0.756068 
v -1.85309 6.06589 0.527847 
v -1.62487 6.29411 0.527847 
v -1.85309 6.29411 0.527847 
v -1.85309 6.52233 0.527847 
v -1.62487 6.75055 0.527847 
v -1.85309 6.75055 0.527847 
v -1.62487 6.97877 0.299626 
v -1.85309 6.75055 0.299626 
v -1.62487 6.75055 0.299626 
v -1.62487 6.06589 0.527847 
v -1.62487 6.52233 0.527847 
v -1.62487 6.06589 0.756068 
v -1.62487 6.52233 0.756068 
v -1.85309 6.29411 0.756068 
v -1.62487 6.29411 0.756068 
v -1.85309 6.52233 0.756068 
v -1.62487 6.97877 0.984289 
v -1.62487 6.06589 0.984289 
v -1.39665 6.97877 0.984289 
v -1.39665 6.97877 1.21251 
v -1.39665 6.06589 1.21251 
v -1.16842 6.97877 1.21251 
v -1.85309 6.97877 0.299626 
v -1.3686 8.32455 0.282879 
v -1.94954 8.61146 0.282878 
v -1.59331 8.14009 0.282878 
v -1.72483 8.79591 0.282878 
v -1.62487 7.43522 0.527847 
v -1.62487 7.207 0.527847 
v -1.39665 7.43522 0.527847 
v -1.39665 7.207 0.527847 
v -1.70605 8.13226 0.323149 
v -0.905235 8.25515 0.323149 
v -1.60822 8.48238 0.323149 
v -1.39665 7.66344 0.527847 
v -1.16842 7.66344 0.527847 
v -1.39665 7.207 0.756068 
v -1.62487 6.97877 0.756068 
v -1.39665 6.97877 0.756068 
v -1.62487 7.207 0.756068 
v -1.16842 7.43522 0.984289 
v -1.39665 7.43522 0.984289 
v -1.16842 6.97877 0.984289 
v -1.16842 7.43522 0.527847 
v -0.940204 7.89166 0.527847 
v -0.940204 7.66344 0.527847 
v -1.16842 7.89166 0.527847 
v -0.940204 7.89166 0.756068 
v -0.940204 7.66344 0.756068 
v -0.711982 7.89166 0.756068 
v -0.711982 7.66344 0.756068 
v 0.24585 7.4074 0.416412 
v -0.281148 8.44328 0.416412 
v -0.0722657 7.4074 0.416412 
v -0.940204 7.66344 0.984289 
v -0.940204 7.43522 0.984289 
v -1.16842 6.06589 1.21251 
v -1.16842 7.66344 0.984289 
v -0.940204 6.06589 1.21251 
v -0.940204 6.97877 1.21251 
v -0.940204 7.207 1.21251 
v -0.483762 7.89166 0.984289 
v -0.711982 7.66344 0.984289 
v -0.483762 7.66344 0.984289 
v -0.711982 7.89166 0.984289 
v -0.112624 7.64818 0.357403 
v -1.32233 8.32273 0.357403 
v -1.37567 7.91232 0.357403 
v -1.00307 7.90503 0.323149 
v -0.940204 8.11988 0.299626 
v -0.940204 7.89166 0.299626 
v -0.711982 8.11988 0.299626 
v -0.711982 7.89166 0.299626 
v 0.429123 8.3481 0.299626 
v -0.25554 8.3481 0.299626 
v -0.25554 8.11988 0.299626 
v -0.059288 8.35858 0.357403 
v -0.483762 8.11988 0.527847 
v -0.711982 7.89166 0.527847 
v -0.483762 7.89166 0.527847 
v -0.711982 8.11988 0.527847 
v -0.483762 7.89166 0.756068 
v -0.0273192 7.89166 0.756068 
v -0.483762 8.11988 0.756068 
v -0.0273192 8.11988 0.756068 
v -1.16842 7.43522 1.21251 
v -0.940204 6.75055 1.44073 
v -1.16842 6.06589 1.44073 
v -0.940204 6.06589 1.44073 
v -1.16842 6.97877 1.44073 
v -0.940204 5.83767 1.44073 
v -0.711982 6.06589 1.44073 
v -0.711982 6.06589 1.66895 
v -0.711982 5.83767 1.66895 
v -0.483762 5.83767 1.66895 
v -0.940204 6.06589 1.66895 
v -0.940204 6.29411 1.66895 
v -0.711982 6.52233 1.66895 
v -0.711982 6.52233 1.66895 
v -0.940204 6.75055 1.66895 
v -0.940204 6.29411 1.66895 
v -0.711982 6.75055 1.66895 
v -0.483762 6.29411 1.66895 
v -0.483762 6.52233 1.66895 
v -0.711982 6.75055 1.44073 
v -0.940204 6.97877 1.44073 
v -0.940204 7.43522 1.21251 
v -0.711982 7.43522 1.21251 
v -0.940204 7.66344 1.21251 
v -0.711982 7.207 1.21251 
v -0.483762 7.66344 1.21251 
v -0.483762 7.43522 1.21251 
v -0.711982 7.207 1.44073 
v -0.940204 7.207 1.44073 
v -0.711982 7.207 1.44073 
v -0.483762 7.43522 1.44073 
v -0.711982 7.43522 1.44073 
v -0.483762 6.52233 1.66895 
v -0.483762 6.29411 1.66895 
v -0.483762 5.83767 1.66895 
v -0.25554 6.06589 1.66895 
v -0.25554 5.83767 1.66895 
v 0.429123 5.83767 1.66895 
v -0.25554 6.29411 1.66895 
v -0.25554 6.75055 1.66895 
v -0.25554 6.52233 1.66895 
v -0.25554 6.52233 1.89717 
v -0.483762 6.29411 1.89717 
v -0.25554 6.29411 1.89717 
v -0.483762 6.52233 1.89717 
v 0.429123 6.29411 1.89717 
v -0.25554 6.06589 1.89717 
v 0.429123 6.52233 1.89717 
v -0.25554 6.75055 1.89717 
v -0.25554 7.207 1.44073 
v -0.25554 7.43522 1.44073 
v -0.483762 7.66344 1.44073 
v 0.429123 7.43522 1.44073 
v 0.657344 7.66344 1.21251 
v -0.483762 7.89166 1.21251 
v -0.25554 7.207 1.66895 
v -0.711982 7.207 1.66895 
v 0.429123 7.207 1.66895 
v -0.25554 7.43522 1.66895 
v 0.429123 2.64257 0.299625 
v 0.657344 3.09902 0.527846 
v 0.657344 2.87079 0.527846 
v 0.885565 3.09902 0.527846 
v 0.885565 2.87079 0.527846 
v 1.11379 3.09902 0.299625 
v 0.885565 2.87079 0.299625 
v 1.11379 2.87079 0.299625 
v 0.885565 3.09902 0.299625 
v 0.657344 3.09902 0.756068 
v 0.200902 2.87079 0.756067 
v 0.657344 2.87079 0.756067 
v 0.200902 3.09902 0.984288 
v -0.0273192 2.87079 0.984288 
v 0.200902 2.87079 0.984288 
v -0.0273192 3.09902 0.984288 
v 0.200902 3.09902 0.756068 
v 0.885565 3.32724 0.984288 
v 0.657344 3.09902 0.984288 
v 0.885565 3.09902 0.984288 
v 1.11379 3.32724 0.756068 
v 0.885565 3.09902 0.756068 
v 1.11379 3.09902 0.756068 
v 1.34201 3.32724 0.527846 
v 1.11379 3.09902 0.527846 
v 1.34201 3.09902 0.527846 
v 0.657344 3.32724 0.984288 
v 0.885565 3.32724 0.756068 
v 1.11379 3.32724 0.527846 
v 1.34201 3.55546 0.984288 
v 1.11379 3.32724 0.984288 
v 1.34201 3.32724 0.984288 
v 1.11379 3.55546 0.984288 
v 0.657344 3.32724 1.21251 
v 1.11379 3.32724 1.21251 
v 0.885565 3.55546 1.21251 
v 0.657344 3.55546 1.21251 
v 1.11379 3.55546 1.21251 
v 1.11379 3.78368 1.21251 
v 1.34201 3.55546 0.527846 
v 1.57023 3.55546 0.527846 
v 1.57023 3.32724 0.527846 
v 1.57023 3.78368 0.527846 
v 1.79845 3.78368 0.527846 
v 1.79845 3.55546 0.527846 
v 2.02667 4.24012 0.299625 
v 1.79845 4.0119 0.299625 
v 2.02667 4.0119 0.299625 
v 1.79845 4.24012 0.299625 
v 2.02667 4.46834 0.527847 
v 1.79845 4.24012 0.527847 
v 2.02667 4.24012 0.527847 
v 1.57023 4.0119 0.984289 
v 1.57023 3.55546 0.984288 
v 1.34201 4.0119 0.984289 
v 1.57023 4.0119 0.756068 
v 1.57023 3.78368 0.756068 
v 1.79845 4.0119 0.756068 
v 1.79845 3.78368 0.756068 
v 1.79845 4.92478 0.984289 
v 1.79845 4.0119 0.984289 
v 1.79845 4.46834 0.527847 
v 1.79845 5.83767 0.527847 
v 1.57023 5.15301 0.527847 
v 1.79845 5.15301 0.527847 
v 1.57023 5.83767 0.527847 
v 1.79845 4.92478 0.527847 
v 1.79845 4.69656 0.527847 
v 2.02667 4.92478 0.527847 
v 2.02667 4.69656 0.756068 
v 1.79845 4.46834 0.756068 
v 2.02667 4.46834 0.756068 
v 2.02667 4.69656 0.527847 
v 1.79845 4.69656 0.756068 
v 1.57023 5.15301 0.756068 
v 1.57023 4.92478 0.756068 
v 1.79845 5.15301 0.756068 
v 1.57023 6.06589 0.984289 
v 1.34201 4.92478 0.984289 
v 1.57023 4.92478 0.984289 
v 1.79845 4.92478 0.756068 
v 1.34201 3.55546 1.21251 
v 0.657344 3.32724 1.44073 
v 0.429123 3.55546 1.66895 
v 0.657344 3.55546 1.44073 
v 0.429123 3.78368 1.44073 
v 0.885565 3.78368 1.44073 
v 0.429123 4.46834 1.89717 
v 0.657344 4.46834 1.66895 
v 0.429123 4.46834 1.66895 
v 0.429123 4.24012 1.66895 
v 0.885565 3.78368 1.66895 
v 0.429123 3.78368 1.66895 
v 0.885565 4.24012 1.66895 
v 0.657344 4.69656 1.66895 
v 0.429123 4.92478 1.66895 
v 0.429123 4.69656 1.66895 
v 0.429123 5.83767 1.44073 
v 0.429123 5.15301 1.44073 
v 0.885565 5.15301 1.44073 
v 0.885565 4.92478 1.66895 
v 0.885565 5.15301 1.66895 
v 0.429123 4.92478 1.89717 
v 0.657344 4.46834 1.89717 
v 0.657344 4.69656 1.89717 
v 0.885565 3.55546 1.44073 
v 0.885565 3.78368 1.21251 
v 1.34201 4.0119 1.21251 
v 1.11379 4.0119 1.21251 
v 1.57023 4.92478 1.21251 
v 1.57023 4.0119 1.21251 
v 1.11379 4.0119 1.44073 
v 0.885565 3.78368 1.44073 
v 1.11379 3.78368 1.44073 
v 0.885565 4.24012 1.44073 
v 1.11379 4.24012 1.66895 
v 1.11379 4.24012 1.44073 
v 1.34201 4.0119 1.44073 
v 1.34201 4.92478 1.44073 
v 1.11379 5.83767 1.21251 
v 0.885565 5.15301 1.21251 
v 1.11379 5.15301 1.21251 
v 0.885565 5.83767 1.21251 
v 1.11379 4.92478 1.21251 
v 1.34201 4.92478 1.21251 
v 1.34201 6.06589 1.21251 
v 1.11379 4.92478 1.44073 
v 0.885565 4.92478 1.44073 
v 1.11379 5.15301 1.44073 
v 0.885565 5.83767 1.44073 
v 1.11379 4.92478 1.66895 
v 1.11379 7.89166 0.756068 
v 0.885565 7.66344 0.756068 
v 1.11379 7.66344 0.756068 
v 0.885565 7.89166 0.756068 
v 1.49592 8.32273 0.357403 
v 0.286208 7.64818 0.357403 
v 1.54925 7.91232 0.357403 
v 1.34201 7.89166 0.527847 
v 1.11379 7.66344 0.527847 
v 1.34201 7.66344 0.527847 
v 1.11379 7.89166 0.527847 
v 1.34201 6.06589 0.984289 
v 0.657344 7.89166 0.984289 
v 0.657344 7.66344 0.984289 
v 0.885565 7.89166 0.984289 
v 0.200902 8.11988 0.984289 
v -0.0273192 7.89166 0.984289 
v 0.200902 7.89166 0.984289 
v 0.885565 7.66344 0.984289 
v 1.34201 7.66344 0.984289 
v 1.11379 7.43522 0.984289 
v 1.34201 7.43522 0.984289 
v 1.11379 7.66344 0.984289 
v 0.657344 8.11988 0.756068 
v 0.200902 7.89166 0.756068 
v 0.657344 7.89166 0.756068 
v 0.232872 8.35858 0.357403 
v 0.429123 8.11988 0.299626 
v 0.885565 7.89166 0.299626 
v 1.11379 8.11988 0.299626 
v 0.885565 8.11988 0.299626 
v 1.11379 7.89166 0.299626 
v 1.87964 8.13226 0.323149 
v 1.07882 8.25515 0.323149 
v 1.17665 7.90503 0.323149 
v 0.454732 8.44328 0.416412 
v -0.0273192 8.11988 0.984289 
v 0.200902 8.11988 0.756068 
v 0.657344 8.11988 0.527847 
v 0.657344 7.89166 0.527847 
v 0.885565 8.11988 0.527847 
v 0.885565 7.89166 0.527847 
v 1.34201 7.43522 0.527847 
v 1.57023 7.66344 0.527847 
v 1.79845 6.29411 0.527847 
v 1.79845 6.06589 0.527847 
v 2.02667 6.29411 0.527847 
v 1.79845 6.75055 0.527847 
v 1.79845 6.52233 0.527847 
v 2.02667 6.75055 0.527847 
v 2.02667 6.97877 0.299626 
v 1.79845 6.75055 0.299626 
v 2.02667 6.75055 0.299626 
v 2.02667 6.06589 0.527847 
v 2.02667 6.52233 0.527847 
v 1.79845 6.06589 0.756068 
v 1.57023 5.83767 0.756068 
v 1.79845 5.83767 0.756068 
v 1.57023 6.06589 0.756068 
v 1.57023 6.97877 0.984289 
v 1.79845 6.06589 0.984289 
v 1.79845 6.97877 0.984289 
v 2.02667 6.52233 0.756068 
v 1.79845 6.29411 0.756068 
v 2.02667 6.29411 0.756068 
v 1.79845 6.52233 0.756068 
v 1.79845 6.97877 0.299626 
v 1.57023 7.43522 0.527847 
v 1.57023 7.207 0.527847 
v 1.79845 7.43522 0.527847 
v 1.7818 8.48238 0.323149 
v 1.79845 7.207 0.527847 
v 1.76689 8.14009 0.282878 
v 2.12312 8.61146 0.282878 
v 1.54218 8.32455 0.282879 
v 1.89841 8.79591 0.282878 
v 1.57023 7.43522 0.984289 
v 1.34201 6.97877 0.984289 
v 1.57023 6.97877 0.756068 
v 1.79845 7.207 0.756068 
v 1.57023 7.207 0.756068 
v 1.79845 6.97877 0.756068 
v 1.11379 6.06589 1.21251 
v 0.429123 6.06589 1.66895 
v 0.657344 6.29411 1.66895 
v 0.429123 6.29411 1.66895 
v 0.885565 6.06589 1.66895 
v 0.885565 5.83767 1.66895 
v 0.885565 6.75055 1.66895 
v 0.657344 6.52233 1.66895 
v 0.429123 6.06589 1.89717 
v 0.429123 6.75055 1.66895 
v 0.429123 6.52233 1.66895 
v 0.657344 6.29411 1.89717 
v 0.657344 6.52233 1.89717 
v 0.429123 6.75055 1.89717 
v 0.429123 7.207 1.44073 
v 0.657344 7.43522 1.44073 
v 0.657344 7.89166 1.21251 
v 0.657344 7.66344 1.44073 
v 0.885565 7.207 1.44073 
v 0.885565 7.43522 1.21251 
v 0.657344 7.43522 1.21251 
v 0.429123 7.43522 1.66895 
v 0.885565 7.207 1.66895 
v 1.11379 6.06589 1.44073 
v 1.11379 5.83767 1.44073 
v 0.885565 6.06589 1.44073 
v 1.34201 6.06589 1.44073 
v 1.11379 6.75055 1.44073 
v 1.57023 6.97877 1.21251 
v 1.57023 6.06589 1.21251 
v 1.34201 6.97877 1.21251 
v 1.34201 6.97877 1.44073 
v 1.11379 6.75055 1.66895 
v 1.11379 6.97877 1.44073 
v 0.885565 6.75055 1.44073 
v 1.11379 6.06589 1.66895 
v 1.11379 7.207 1.21251 
v 1.11379 7.43522 1.21251 
v 0.885565 7.207 1.21251 
v 1.11379 6.97877 1.21251 
v 1.34201 7.43522 1.21251 
v 1.11379 7.66344 1.21251 
v 0.885565 7.43522 1.44073 
v 0.885565 7.207 1.44073 
v 1.11379 7.207 1.44073 
v -1.85309 4.92478 -0.156817 
v -1.85309 4.0119 -0.156817 
v -1.85309 4.24012 0.299625 
v -1.85309 4.0119 0.299625 
v -1.62487 4.24012 0.527847 
v -1.62487 4.24012 0.299625 
v -1.62487 4.0119 0.299625 
v -1.62487 3.78368 0.527846 
v -1.85309 4.24012 0.527847 
v -1.85309 4.46834 0.527847 
v -1.85309 4.69656 0.527847 
v -1.85309 4.92478 0.527847 
v -1.62487 6.06589 -0.156816 
v -1.62487 4.92478 -0.156817 
v -1.62487 5.15301 0.527847 
v -1.62487 4.92478 0.527847 
v -1.85309 4.69656 0.756068 
v -1.62487 5.15301 0.756068 
v -1.62487 4.69656 0.756068 
v -1.62487 4.69656 0.527847 
v -1.62487 3.55546 0.527846 
v -1.62487 3.55546 -0.156817 
v -1.39665 3.32724 0.527846 
v -1.39665 3.55546 -0.156817 
v -1.39665 3.32724 -0.156817 
v -1.39665 3.55546 0.527846 
v -1.39665 3.78368 0.756068 
v -1.39665 3.78368 0.527846 
v -1.16842 3.32724 0.984288 
v -1.16842 3.55546 0.527846 
v -1.16842 3.32724 0.527846 
v -1.62487 4.0119 -0.156817 
v -1.62487 4.0119 0.756068 
v -1.62487 4.46834 0.756068 
v -1.62487 4.46834 0.527847 
v -1.62487 3.78368 0.756068 
v -1.39665 5.83767 0.756068 
v -1.39665 5.83767 0.527847 
v -1.39665 5.15301 0.527847 
v -1.85309 4.46834 0.756068 
v -1.39665 3.55546 0.984288 
v -1.39665 4.0119 0.984289 
v -1.39665 4.0119 0.756068 
v -1.62487 4.0119 0.984289 
v -1.62487 4.92478 0.984289 
v -1.62487 4.92478 0.756068 
v -1.39665 5.15301 0.756068 
v -1.39665 4.92478 0.756068 
v -1.39665 4.92478 0.984289 
v -1.16842 3.55546 0.984288 
v -1.16842 3.55546 1.21251 
v -1.16842 4.0119 0.984289 
v -1.39665 4.0119 1.21251 
v -1.39665 4.92478 0.984289 
v -1.16842 4.0119 1.21251 
v -1.16842 4.0119 1.44073 
v -1.16842 4.92478 1.21251 
v -1.39665 6.06589 0.984289 
v -1.16842 6.06589 0.984289 
v -1.16842 4.92478 0.984289 
v -1.39665 4.92478 1.21251 
v -1.16842 6.06589 1.21251 
v -1.16842 4.92478 1.44073 
v -1.62487 5.83767 0.527847 
v -1.85309 6.75055 0.299626 
v -1.85309 6.97878 -0.156816 
v -1.85309 6.06589 -0.156816 
v -1.85309 6.29411 0.527847 
v -1.85309 6.06589 0.527847 
v -1.85309 6.52233 0.527847 
v -1.85309 6.29411 0.756068 
v -1.85309 6.75055 0.527847 
v -1.94954 8.61146 -0.382522 
v -1.59331 8.14009 -0.382522 
v -1.94954 8.61146 0.282878 
v -1.60822 8.48238 0.323149 
v -1.60822 8.48238 -0.422792 
v -1.70605 8.13226 -0.422792 
v -1.59331 8.14009 0.282878 
v -1.85309 6.97877 0.299626 
v -1.70605 8.13226 0.323149 
v -1.62487 6.75055 0.527847 
v -1.62487 6.97877 0.299626 
v -1.62487 6.75055 0.299626 
v -1.62487 7.43522 -0.156816 
v -1.62487 6.97878 -0.156816 
v -1.62487 6.06589 0.527847 
v -1.62487 7.207 0.527847 
v -1.62487 5.83767 0.756068 
v -1.62487 6.29411 0.756068 
v -1.62487 6.29411 0.527847 
v -1.39665 7.43522 -0.156816 
v -1.39665 7.43522 0.527847 
v -1.39665 7.66344 -0.156816 
v -1.32233 8.32273 0.357403 
v -1.32233 8.32273 -0.457046 
v -1.37567 7.91232 -0.457046 
v -1.37567 7.91232 0.357403 
v -1.62487 7.43522 0.527847 
v -1.39665 7.66344 0.527847 
v -1.62487 6.52233 0.756068 
v -1.62487 6.52233 0.527847 
v -1.62487 6.06589 0.756068 
v -1.85309 6.52233 0.756068 
v -1.62487 6.06589 0.984289 
v -1.62487 6.97877 0.984289 
v -1.62487 6.97877 0.756068 
v -1.39665 7.207 0.756068 
v -1.39665 7.207 0.527847 
v -1.62487 7.207 0.756068 
v -1.39665 7.43522 0.984289 
v -1.39665 6.06589 0.756068 
v -1.39665 6.06589 1.21251 
v -1.39665 6.97877 0.984289 
v -1.39665 6.06589 0.984289 
v -1.39665 6.97877 1.21251 
v -1.16842 6.06589 1.44073 
v -1.16842 6.97877 1.21251 
v -1.16842 6.97877 1.44073 
v -1.39665 6.97877 0.756068 
v -1.16842 7.43522 0.984289 
v -1.16842 7.66344 0.527847 
v -1.16842 7.43522 0.527847 
v -1.16842 7.66344 0.984289 
v -1.16842 6.97877 0.984289 
v -1.16842 7.43522 1.21251 
v -1.16842 7.89166 -0.156816 
v -1.16842 7.66344 -0.156816 
v -1.16842 3.09902 -0.156817 
v -1.16842 3.09902 0.527846 
v -1.16842 3.32724 -0.156817 
v -0.940204 2.87079 -0.156817 
v -0.940204 2.87079 0.299625 
v -0.940204 3.09902 -0.156817 
v -0.940204 3.09902 0.299625 
v -0.711982 2.87079 0.527846 
v -0.711982 3.09902 0.299625 
v -0.711982 2.87079 0.299625 
v -0.940204 3.09902 0.756068 
v -0.940204 3.32724 0.527846 
v -0.940204 3.09902 0.527846 
v -0.711982 3.09902 0.527846 
v -0.940204 3.32724 0.756068 
v -0.940204 3.32724 1.21251 
v -0.940204 3.55546 0.984288 
v -0.940204 3.32724 0.984288 
v -0.940204 3.55546 1.21251 
v -0.940204 3.78368 1.44073 
v -0.940204 4.0119 1.21251 
v -0.940204 3.78368 1.21251 
v -0.940204 4.92478 1.44073 
v -0.940204 5.15301 1.21251 
v -0.940204 4.92478 1.21251 
v -0.711982 3.09902 0.984288 
v -0.711982 3.32724 0.756068 
v -0.711982 3.09902 0.756068 
v -0.25554 2.64257 -0.156817 
v -0.25554 2.64257 0.299625 
v -0.25554 2.87079 -0.156817 
v -0.25554 2.87079 0.299625 
v -0.483762 2.87079 0.756067 
v -0.483762 3.09902 0.527846 
v -0.483762 2.87079 0.527846 
v -0.483762 3.09902 0.756068 
v -0.0273192 2.87079 0.984288 
v -0.0273192 3.09902 0.756068 
v -0.0273192 2.87079 0.756067 
v -0.0273192 3.09902 0.984288 
v -0.711982 3.32724 0.984288 
v -0.483762 3.09902 1.21251 
v -0.483762 3.32724 0.984288 
v -0.483762 3.09902 0.984288 
v -0.483762 3.32724 1.21251 
v -0.711982 3.55546 1.44073 
v -0.711982 3.78368 1.21251 
v -0.711982 3.55546 1.21251 
v -0.483762 3.32724 1.44073 
v -0.483762 3.55546 1.21251 
v -0.711982 5.15301 1.44073 
v -0.711982 5.83767 1.21251 
v -0.711982 5.15301 1.21251 
v -0.940204 4.0119 1.44073 
v -0.711982 3.78368 1.44073 
v -0.711982 3.78368 1.66895 
v -0.711982 4.24012 1.44073 
v -0.940204 4.92478 1.66895 
v -0.940204 4.24012 1.44073 
v -0.940204 4.24012 1.66895 
v -0.711982 4.24012 1.66895 
v -0.940204 5.83767 1.44073 
v -0.940204 6.06589 1.21251 
v -0.940204 5.83767 1.21251 
v -0.940204 5.15301 1.44073 
v -0.711982 5.83767 1.44073 
v -0.711982 4.92478 1.66895 
v -0.711982 4.92478 1.44073 
v -0.711982 5.83767 1.66895 
v -0.711982 6.06589 1.44073 
v -0.711982 5.15301 1.66895 
v -0.483762 3.55546 1.44073 
v -0.25554 3.55546 1.66895 
v -0.25554 3.78368 1.44073 
v -0.25554 3.55546 1.44073 
v -0.25554 3.78368 1.66895 
v -0.25554 4.24012 1.89717 
v -0.25554 4.46834 1.66895 
v -0.25554 4.24012 1.66895 
v -0.25554 4.46834 1.89717 
v -0.483762 4.46834 1.89717 
v -0.483762 4.69656 1.66895 
v -0.483762 4.46834 1.66895 
v -0.25554 5.15301 1.66895 
v -0.25554 5.83767 1.44073 
v -0.25554 5.15301 1.44073 
v -0.25554 5.83767 1.66895 
v -0.25554 4.69656 1.89717 
v -0.25554 4.92478 1.66895 
v -0.25554 4.69656 1.66895 
v -0.483762 4.69656 1.89717 
v -0.25554 4.92478 1.89717 
v -0.711982 6.06589 1.66895 
v -1.16842 7.89166 0.527847 
v -0.940204 7.66344 0.756068 
v -0.940204 7.89166 0.527847 
v -0.940204 7.66344 0.527847 
v -0.940204 7.89166 0.756068 
v -0.711982 7.66344 0.984289 
v -0.711982 7.89166 0.756068 
v -0.711982 7.66344 0.756068 
v -0.711982 7.89166 0.984289 
v -0.711982 7.89166 0.527847 
v -0.711982 8.11988 0.299626 
v -0.711982 7.89166 0.299626 
v -0.940204 7.89166 -0.156816 
v -0.940204 7.89166 0.299626 
v -0.940204 8.11988 -0.156816 
v -0.940204 8.11988 0.299626 
v -0.711982 8.11988 0.527847 
v -0.483762 7.89166 0.756068 
v -0.483762 8.11988 0.527847 
v -0.483762 7.89166 0.527847 
v -0.483762 8.11988 0.756068 
v -0.25554 8.3481 0.299626 
v -0.25554 8.3481 -0.156816 
v -0.25554 8.11988 -0.156816 
v -0.0722657 7.4074 0.416412 
v -0.281148 8.44328 -0.516055 
v -0.0722657 7.4074 -0.516055 
v 0.286208 7.64818 0.357403 
v 0.232872 8.35858 -0.457046 
v 0.286208 7.64818 -0.457046 
v 1.17665 7.90503 0.323149 
v 1.07882 8.25515 -0.422792 
v 1.17665 7.90503 -0.422793 
v -0.0273192 7.89166 0.984289 
v -0.0273192 8.11988 0.756068 
v -0.0273192 7.89166 0.756068 
v -0.0273192 8.11988 0.984289 
v -0.281148 8.44328 0.416412 
v 1.89841 8.79591 0.282878 
v 1.54218 8.32455 -0.382522 
v 1.54218 8.32455 0.282879 
v 1.89841 8.79591 -0.382522 
v 1.07882 8.25515 0.323149 
v -0.25554 8.11988 0.299626 
v 0.232872 8.35858 0.357403 
v -0.940204 7.43522 1.21251 
v -0.940204 7.66344 0.984289 
v -0.940204 7.43522 0.984289 
v -0.940204 6.06589 1.44073 
v -0.940204 6.75055 1.44073 
v -0.940204 6.29411 1.66895 
v -0.711982 6.75055 1.66895 
v -0.711982 7.207 1.44073 
v -0.711982 6.75055 1.44073 
v -0.940204 6.06589 1.66895 
v -0.940204 6.75055 1.66895 
v -0.940204 6.97877 1.44073 
v -0.940204 7.207 1.21251 
v -0.940204 6.97877 1.21251 
v -0.940204 7.66344 1.21251 
v -0.711982 7.43522 1.21251 
v -0.711982 7.207 1.21251 
v -0.940204 7.207 1.44073 
v -0.711982 7.43522 1.44073 
v -0.711982 7.207 1.66895 
v -0.483762 7.66344 1.21251 
v -0.483762 7.89166 0.984289 
v -0.483762 7.66344 0.984289 
v -0.483762 6.29411 1.89717 
v -0.483762 6.52233 1.66895 
v -0.483762 6.29411 1.66895 
v -0.25554 6.06589 1.89717 
v -0.25554 6.29411 1.66895 
v -0.25554 6.06589 1.66895 
v -0.25554 6.52233 1.89717 
v -0.25554 6.75055 1.66895 
v -0.25554 6.52233 1.66895 
v -0.483762 6.52233 1.89717 
v -0.25554 6.29411 1.89717 
v -0.25554 6.75055 1.89717 
v -0.483762 7.89166 1.21251 
v -0.483762 7.43522 1.44073 
v -0.483762 7.43522 1.21251 
v -0.483762 7.66344 1.44073 
v -0.25554 7.207 1.66895 
v -0.25554 7.43522 1.44073 
v -0.25554 7.207 1.44073 
v -0.25554 7.43522 1.66895 
v -1.16842 3.09902 -0.156817 
v -0.940204 3.09902 0.299625 
v -1.16842 3.09902 0.527846 
v -0.940204 3.09902 -0.156817 
v -0.711982 2.87079 0.299625 
v -0.940204 2.87079 0.299625 
v -0.940204 2.87079 -0.156817 
v -0.940204 3.09902 0.527846 
v -0.711982 3.09902 0.527846 
v -0.940204 3.09902 0.756068 
v -1.16842 3.32724 -0.156817 
v -1.16842 3.32724 0.527846 
v -1.39665 3.32724 0.527846 
v -1.62487 3.55546 0.527846 
v -1.62487 3.55546 -0.156817 
v -1.39665 3.55546 -0.156817 
v -1.39665 3.32724 -0.156817 
v -1.39665 3.55546 0.527846 
v -1.39665 3.55546 0.984288 
v -1.16842 3.55546 0.527846 
v -1.16842 3.32724 0.527846 
v -0.940204 3.32724 0.527846 
v -0.940204 3.32724 0.756068 
v -0.711982 3.09902 0.299625 
v -0.25554 2.87079 -0.156817 
v -0.25554 2.64257 -0.156817 
v 0.429123 2.64257 -0.156817 
v -0.25554 2.64257 0.299625 
v -0.25554 2.87079 0.299625 
v -0.483762 2.87079 0.527846 
v -0.711982 2.87079 0.527846 
v -0.0273192 2.87079 0.756067 
v -0.483762 2.87079 0.756067 
v 0.200902 2.87079 0.756067 
v -0.483762 3.09902 0.527846 
v -0.483762 3.09902 0.756068 
v -0.711982 3.09902 0.756068 
v -1.16842 3.32724 0.984288 
v -0.711982 3.32724 0.756068 
v -0.940204 3.32724 0.984288 
v -0.711982 3.09902 0.984288 
v -0.711982 3.32724 0.984288 
v -0.940204 3.32724 1.21251 
v -0.483762 3.32724 1.21251 
v -1.16842 3.55546 0.984288 
v -0.940204 3.55546 0.984288 
v -1.16842 3.55546 1.21251 
v -0.940204 3.55546 1.21251 
v -0.940204 3.78368 1.21251 
v -0.711982 3.78368 1.21251 
v -0.940204 3.78368 1.44073 
v -0.711982 3.78368 1.44073 
v -0.711982 3.55546 1.21251 
v -0.483762 3.55546 1.21251 
v -0.711982 3.55546 1.44073 
v -0.0273192 3.09902 0.756068 
v -0.483762 3.09902 0.984288 
v -0.0273192 2.87079 0.984288 
v -0.0273192 3.09902 0.984288 
v -0.483762 3.09902 1.21251 
v -0.483762 3.32724 0.984288 
v -0.483762 3.55546 1.44073 
v 0.657344 3.32724 1.21251 
v -0.483762 3.32724 1.44073 
v -0.483762 3.32724 1.21251 
v -0.483762 3.78368 1.66895 
v -0.25554 3.78368 1.44073 
v -0.25554 3.78368 1.66895 
v -0.25554 3.55546 1.44073 
v 0.429123 3.55546 1.66895 
v -0.25554 3.55546 1.66895 
v -0.711982 3.78368 1.66895 
v -1.85309 4.0119 0.299625 
v -1.85309 4.0119 -0.156817 
v -1.62487 4.0119 -0.156817 
v -1.85309 4.24012 0.299625 
v -1.62487 4.24012 0.299625 
v -1.85309 4.24012 0.527847 
v -1.62487 4.0119 0.299625 
v -1.62487 4.24012 0.527847 
v -1.62487 4.46834 0.527847 
v -1.62487 4.46834 0.756068 
v -1.85309 4.46834 0.756068 
v -1.62487 3.78368 0.527846 
v -1.39665 3.78368 0.527846 
v -1.62487 3.78368 0.756068 
v -1.85309 4.46834 0.527847 
v -1.85309 6.06589 -0.156816 
v -1.62487 6.06589 0.527847 
v -1.85309 6.06589 0.527847 
v -1.62487 6.06589 -0.156816 
v -1.62487 5.83767 0.527847 
v -1.39665 5.83767 0.527847 
v -1.62487 5.83767 0.756068 
v -1.85309 6.29411 0.527847 
v -1.62487 6.29411 0.527847 
v -1.85309 6.29411 0.756068 
v -1.62487 6.29411 0.756068 
v -1.62487 4.0119 0.756068 
v -1.39665 4.0119 0.756068 
v -1.62487 4.0119 0.984289 
v -1.39665 3.78368 0.756068 
v -0.0722657 7.4074 -0.516055 
v 0.24585 7.4074 0.416412 
v -0.0722657 7.4074 0.416412 
v -1.39665 5.83767 0.756068 
v -1.62487 6.06589 0.756068 
v -1.39665 6.06589 0.756068 
v -1.62487 6.06589 0.984289 
v -1.39665 4.0119 0.984289 
v -1.37567 7.91232 0.357403 
v -0.112624 7.64818 -0.457046 
v -0.112624 7.64818 0.357403 
v -1.00307 7.90503 -0.422793 
v -1.70605 8.13226 0.323149 
v -1.70605 8.13226 -0.422792 
v -1.37567 7.91232 -0.457046 
v -1.3686 8.32455 -0.382522 
v -1.59331 8.14009 0.282878 
v -1.59331 8.14009 -0.382522 
v -1.3686 8.32455 0.282879 
v -1.00307 7.90503 0.323149 
v -1.39665 6.06589 0.984289 
v -1.16842 4.0119 0.984289 
v -1.39665 4.0119 1.21251 
v -1.16842 4.0119 1.21251 
v -0.940204 4.0119 1.21251 
v -1.16842 4.0119 1.44073 
v -0.940204 4.0119 1.44073 
v -0.940204 4.24012 1.44073 
v -0.711982 4.24012 1.44073 
v -0.940204 4.24012 1.66895 
v -0.940204 5.83767 1.21251 
v -0.711982 5.83767 1.21251 
v -0.940204 5.83767 1.44073 
v -1.16842 6.06589 0.984289 
v -1.39665 6.06589 1.21251 
v -1.16842 6.06589 1.21251 
v -0.940204 6.06589 1.21251 
v -1.16842 6.06589 1.44073 
v -0.940204 6.06589 1.44073 
v -0.711982 6.06589 1.44073 
v -0.940204 6.06589 1.66895 
v -0.711982 5.83767 1.44073 
v -0.711982 4.24012 1.66895 
v -0.483762 5.83767 1.66895 
v -0.711982 5.83767 1.66895 
v -0.483762 4.46834 1.66895 
v -0.25554 4.46834 1.66895 
v -0.483762 4.46834 1.89717 
v -0.25554 4.46834 1.89717 
v -0.25554 4.24012 1.66895 
v 0.429123 4.24012 1.89717 
v -0.25554 4.24012 1.89717 
v -0.25554 5.83767 1.44073 
v -0.711982 6.06589 1.66895 
v -0.25554 5.83767 1.66895 
v -0.483762 6.29411 1.66895 
v -0.25554 6.29411 1.66895 
v -0.483762 6.29411 1.89717 
v -0.25554 6.29411 1.89717 
v -0.25554 6.06589 1.66895 
v 0.429123 6.06589 1.89717 
v -0.25554 6.06589 1.89717 
v 0.657344 3.09902 1.21251 
v 0.429123 2.64257 0.299625 
v 0.429123 2.87079 -0.156817 
v 0.885565 2.87079 0.299625 
v 0.429123 2.87079 0.299625 
v 0.657344 2.87079 0.527846 
v 0.657344 2.87079 0.756067 
v 1.11379 2.87079 -0.156817 
v 0.885565 2.87079 0.527846 
v 0.885565 3.09902 0.299625 
v 1.11379 3.09902 0.299625 
v 0.885565 3.09902 0.527846 
v 0.885565 3.09902 0.756068 
v 0.657344 3.09902 0.527846 
v 0.657344 3.09902 0.756068 
v 1.11379 3.09902 0.527846 
v 1.11379 2.87079 0.299625 
v 1.34201 3.09902 -0.156817 
v 1.11379 3.09902 -0.156817 
v 1.34201 3.09902 0.527846 
v 1.11379 3.09902 0.756068 
v 1.34201 3.32724 0.527846 
v 1.11379 3.32724 0.756068 
v 1.11379 3.32724 0.527846 
v 1.34201 3.32724 -0.156817 
v 1.57023 3.32724 -0.156817 
v 1.79845 3.55546 -0.156817 
v 1.79845 3.55546 0.527846 
v 1.57023 3.55546 -0.156817 
v 1.57023 3.32724 0.527846 
v 1.57023 3.55546 0.527846 
v 1.57023 3.55546 0.984288 
v 1.34201 3.55546 0.527846 
v 1.34201 3.32724 0.984288 
v 0.200902 2.87079 0.984288 
v 0.200902 3.09902 0.984288 
v 0.657344 3.09902 0.984288 
v 0.885565 3.09902 0.984288 
v 0.200902 3.09902 0.756068 
v 0.885565 3.32724 0.984288 
v 0.657344 3.32724 0.984288 
v 0.657344 3.55546 1.21251 
v 0.885565 3.55546 1.21251 
v 0.657344 3.55546 1.44073 
v 0.657344 3.32724 1.44073 
v 0.429123 3.55546 1.44073 
v 0.429123 3.78368 1.44073 
v 0.885565 3.78368 1.66895 
v 0.429123 3.78368 1.66895 
v 0.885565 3.32724 0.756068 
v 1.11379 3.32724 0.984288 
v 1.11379 3.32724 1.21251 
v 0.885565 3.55546 1.44073 
v 1.11379 3.55546 0.984288 
v 1.34201 3.55546 0.984288 
v 1.11379 3.55546 1.21251 
v 1.34201 3.55546 1.21251 
v 0.885565 3.78368 1.21251 
v 1.11379 3.78368 1.21251 
v 0.885565 3.78368 1.44073 
v 1.11379 3.78368 1.44073 
v 0.24585 7.4074 -0.516055 
v 1.57023 3.78368 0.527846 
v 1.79845 3.78368 0.527846 
v 1.57023 3.78368 0.756068 
v 1.57023 5.83767 0.527847 
v 1.79845 5.83767 0.527847 
v 1.57023 5.83767 0.756068 
v 1.57023 4.0119 0.756068 
v 1.79845 4.0119 0.756068 
v 1.57023 4.0119 0.984289 
v 1.57023 6.06589 0.756068 
v 1.79845 6.06589 0.756068 
v 1.57023 6.06589 0.984289 
v 0.286208 7.64818 -0.457046 
v 1.54925 7.91232 0.357403 
v 0.286208 7.64818 0.357403 
v 1.54925 7.91232 -0.457046 
v 1.17665 7.90503 -0.422793 
v 1.87964 8.13226 -0.422792 
v 1.87964 8.13226 0.323149 
v 1.76689 8.14009 -0.382522 
v 1.76689 8.14009 0.282878 
v 1.54218 8.32455 -0.382522 
v 1.17665 7.90503 0.323149 
v 1.54218 8.32455 0.282879 
v 1.79845 3.78368 0.756068 
v 1.79845 4.0119 0.299625 
v 1.79845 4.0119 -0.156817 
v 2.02667 4.0119 -0.156817 
v 2.02667 4.0119 0.299625 
v 1.79845 4.24012 0.299625 
v 2.02667 4.24012 0.299625 
v 1.79845 4.24012 0.527847 
v 2.02667 4.24012 0.527847 
v 2.02667 4.46834 0.527847 
v 2.02667 4.46834 0.756068 
v 1.79845 4.46834 0.756068 
v 1.79845 4.46834 0.527847 
v 1.79845 6.06589 0.527847 
v 1.79845 6.06589 -0.156816 
v 2.02667 6.06589 -0.156816 
v 2.02667 6.06589 0.527847 
v 1.79845 6.29411 0.527847 
v 2.02667 6.29411 0.527847 
v 1.79845 6.29411 0.756068 
v 1.79845 5.83767 0.756068 
v 2.02667 6.29411 0.756068 
v 1.79845 4.0119 0.984289 
v 0.429123 5.83767 1.44073 
v 0.885565 5.83767 1.66895 
v 0.429123 5.83767 1.66895 
v 0.885565 4.24012 1.44073 
v 1.11379 4.24012 1.44073 
v 0.885565 4.24012 1.66895 
v 0.429123 4.24012 1.66895 
v 0.429123 4.46834 1.66895 
v 0.657344 4.46834 1.66895 
v 0.429123 4.46834 1.89717 
v 0.657344 4.46834 1.89717 
v 0.885565 5.83767 1.44073 
v 0.885565 5.83767 1.21251 
v 1.11379 5.83767 1.21251 
v 0.885565 6.06589 1.44073 
v 1.11379 6.06589 1.44073 
v 0.885565 6.06589 1.66895 
v 0.429123 6.06589 1.66895 
v 0.429123 6.29411 1.66895 
v 0.657344 6.29411 1.66895 
v 0.429123 6.29411 1.89717 
v 0.657344 6.29411 1.89717 
v 1.11379 5.83767 1.44073 
v 1.34201 4.0119 0.984289 
v 1.34201 4.0119 1.21251 
v 1.57023 4.0119 1.21251 
v 1.11379 4.0119 1.21251 
v 1.11379 4.0119 1.44073 
v 1.11379 4.24012 1.66895 
v 1.34201 4.0119 1.44073 
v 1.11379 6.06589 1.66895 
v 1.34201 6.06589 0.984289 
v 1.34201 6.06589 1.21251 
v 1.79845 6.06589 0.984289 
v 1.57023 6.06589 1.21251 
v 1.11379 6.06589 1.21251 
v 1.34201 6.06589 1.44073 
v 0.454732 8.44328 -0.516055 
v -0.0722657 7.4074 -0.516055 
v -0.281148 8.44328 -0.516055 
v -1.32233 8.32273 -0.457046 
v -0.112624 7.64818 -0.457046 
v -1.37567 7.91232 -0.457046 
v -1.70605 8.13226 -0.422792 
v -0.905235 8.25515 -0.422792 
v -1.00307 7.90503 -0.422793 
v -0.059288 8.35858 -0.457046 
v -1.60822 8.48238 -0.422792 
v -1.94954 8.61146 -0.382522 
v -1.3686 8.32455 -0.382522 
v -1.59331 8.14009 -0.382522 
v -1.72483 8.79591 -0.382522 
v 0.24585 7.4074 -0.516055 
v 0.286208 7.64818 -0.457046 
v 1.49592 8.32273 -0.457046 
v 1.54925 7.91232 -0.457046 
v 0.232872 8.35858 -0.457046 
v 1.07882 8.25515 -0.422792 
v 1.87964 8.13226 -0.422792 
v 1.17665 7.90503 -0.422793 
v 1.7818 8.48238 -0.422792 
v 1.54218 8.32455 -0.382522 
v 2.12312 8.61146 -0.382522 
v 1.76689 8.14009 -0.382522 
v 1.89841 8.79591 -0.382522 

vn 1 0 0 
vn 1 0 0 
vn 1 0 0 
vn 1 0 0 
vn 1 0 0 
vn 1 0 0 
vn 1 0 0 
vn 1 0 0 
vn 1 0 0 
vn 1 0 0 
vn 1 0 0 
vn 1 0 0 
vn 1 0 0 
vn 1 0 0 
vn 1 0 0 
vn 1 0 0 
vn 1 0 0 
vn 1 0 0 
vn 1 0 0 
vn 1 0 0 
vn 1 0 0 
vn 1 0 0 
vn 1 0 0 
vn 1 0 0 
vn 1 0 0 
vn 1 0 0 
vn 1 0 0 
vn 1 0 0 
vn 1 0 0 
vn 1 0 0 
vn 1 0 0 
vn 1 0 0 
vn 1 0 0 
vn 1 0 0 
vn 1 0 0 
vn 1 0 0 
vn 1 0 0 
vn 1 0 0 
vn 1 0 0 
vn 1 0 0 
vn 1 0 0 
vn 1 0 0 
vn 1 0 0 
vn 1 0 0 
vn 1 0 0 
vn 1 0 0 
vn 1 0 0 
vn 1 0 0 
vn 1 0 0 
vn 1 0 0 
vn 1 0 0 
vn 1 0 0 
vn 1 0 0 
vn 1 0 0 
vn 1 0 0 
vn 1 0 0 
vn 1 0 0 
vn 1 0 0 
vn 1 0 0 
vn 1 0 0 
vn 1 0 0 
vn 1 0 0 
vn 1 0 0 
vn 1 0 0 
vn 1 0 0 
vn 1 0 0 
vn 1 0 0 
vn 1 0 0 
vn 1 0 0 
vn 1 0 0 
vn 1 0 0 
vn 1 0 0 
vn 1 0 0 
vn 1 0 0 
vn 1 0 0 
vn 1 0 0 
vn 1 0 0 
vn 1 0 0 
vn 1 0 0 
vn 1 0 0 
vn 1 0 0 
vn 1 0 0 
vn 1 0 0 
vn 1 0 0 
vn 1 0 0 
vn 1 0 0 
vn 1 0 0 
vn 1 0 0 
vn 1 0 0 
vn 1 0 0 
vn 1 0 0 
vn 1 0 0 
vn 1 0 0 
vn 1 0 0 
vn 1 -0.0708661 0 
vn 1 -0.0708661 0 
vn 1 -0.0708661 0 
vn 0.976378 -0.19685 0 
vn 0.976378 -0.19685 0 
vn 0.976378 -0.19685 0 
vn 0.96063 -0.267717 0 
vn 0.96063 -0.267717 0 
vn 0.96063 -0.267717 0 
vn 1 0 0 
vn 1 0 0 
vn 1 0 0 
vn 0.976378 -0.19685 0 
vn 1 -0.0708661 0 
vn 0.795276 0.606299 0 
vn 0.795276 0.606299 0 
vn 0.795276 0.606299 0 
vn 1 0 0 
vn 1 0 0 
vn 1 0 0 
vn 0.795276 0.606299 0 
vn 0.96063 -0.267717 0 
vn 1 0 0 
vn 1 0 0 
vn 1 0 0 
vn 1 0 0 
vn 1 0 0 
vn 1 0 0 
vn 1 0 0 
vn 1 0 0 
vn 1 0 0 
vn 1 0 0 
vn 1 0 0 
vn 1 0 0 
vn 1 0 0 
vn 1 0 0 
vn 1 0 0 
vn 1 0 0 
vn 1 0 0 
vn 1 0 0 
vn 1 0 0 
vn 1 0 0 
vn 1 0 0 
vn 1 0 0 
vn 1 0 0 
vn 1 0 0 
vn 1 0 0 
vn 1 0 0 
vn 1 0 0 
vn 1 0 0 
vn 1 0 0 
vn 1 0 0 
vn 1 0 0 
vn 1 0 0 
vn 1 0 0 
vn 1 0 0 
vn 1 0 0 
vn 1 0 0 
vn 1 0 0 
vn 1 0 0 
vn 1 0 0 
vn 1 0 0 
vn 1 0 0 
vn 1 0 0 
vn 1 0 0 
vn 1 0 0 
vn 1 0 0 
vn 1 0 0 
vn 1 0 0 
vn 1 0 0 
vn 1 0 0 
vn 1 0 0 
vn 1 0 0 
vn 1 0 0 
vn 1 0 0 
vn 1 0 0 
vn 1 0 0 
vn 1 0 0 
vn 1 0 0 
vn 1 0 0 
vn 1 0 0 
vn 1 0 0 
vn 1 0 0 
vn 1 0 0 
vn 1 0 0 
vn 1 0 0 
vn 1 0 0 
vn 1 0 0 
vn 1 0 0 
vn 1 0 0 
vn 1 0 0 
vn 1 0 0 
vn 1 0 0 
vn 1 0 0 
vn 1 0 0 
vn 1 0 0 
vn 1 0 0 
vn 1 0 0 
vn 1 0 0 
vn 1 0 0 
vn 1 0 0 
vn 1 0 0 
vn 1 0 0 
vn 1 0 0 
vn 1 0 0 
vn 1 0 0 
vn 1 0 0 
vn 1 0 0 
vn 1 0 0 
vn 1 0 0 
vn 1 0 0 
vn 1 0 0 
vn 1 0 0 
vn 1 0 0 
vn 1 0 0 
vn 1 0 0 
vn 1 0 0 
vn 1 0 0 
vn 1 0 0 
vn 1 0 0 
vn 1 0 0 
vn 1 0 0 
vn 1 0 0 
vn 1 0 0 
vn 1 0 0 
vn 1 0 0 
vn 1 0 0 
vn 1 0 0 
vn 1 0 0 
vn 1 0 0 
vn 1 0 0 
vn 1 0 0 
vn 1 0 0 
vn 1 0 0 
vn 1 0 0 
vn 1 0 0 
vn 1 0 0 
vn 1 0 0 
vn 1 0 0 
vn 1 0 0 
vn 1 0 0 
vn 1 0 0 
vn 1 0 0 
vn 1 0 0 
vn 1 0 0 
vn 1 0 0 
vn 1 0 0 
vn 1 0 0 
vn 1 0 0 
vn 1 0 0 
vn 1 0 0 
vn 1 0 0 
vn 1 0 0 
vn 1 0 0 
vn 1 0 0 
vn 1 0 0 
vn 1 0 0 
vn 1 0 0 
vn 1 0 0 
vn 1 0 0 
vn 1 0 0 
vn 1 0 0 
vn 1 0 0 
vn 1 0 0 
vn 0.992126 0.125984 0 
vn 0.992126 0.125984 0 
vn 0.992126 0.125984 0 
vn 1 0 0 
vn 1 0 0 
vn 1 0 0 
vn 1 0 0 
vn 0.992126 0.125984 0 
vn 1 0 0 
vn 1 0 0 
vn 1 0 0 
vn 1 0 0 
vn 1 0 0 
vn 1 0 0 
vn 1 0 0 
vn 1 0 0 
vn 1 0 0 
vn 0.96063 0.267717 0 
vn 0.96063 0.267717 0 
vn 0.96063 0.267717 0 
vn 0.795276 -0.606299 0 
vn 0.795276 -0.606299 0 
vn 0.795276 -0.606299 0 
vn 0.795276 -0.606299 0 
vn 0.96063 0.267717 0 
vn 1 0 0 
vn 1 0 0 
vn 1 0 0 
vn 1 0 0 
vn 1 0 0 
vn 1 0 0 
vn 1 0 0 
vn 1 0 0 
vn 1 0 0 
vn 1 0 0 
vn 1 0 0 
vn 1 0 0 
vn 1 0 0 
vn 1 0 0 
vn 1 0 0 
vn 1 0 0 
vn 1 0 0 
vn 1 0 0 
vn 1 0 0 
vn 1 0 0 
vn 1 0 0 
vn 1 0 0 
vn 1 0 0 
vn 0 1 0 
vn 0 1 0 
vn 0 1 0 
vn 0 1 0 
vn 0 1 0 
vn 0 1 0 
vn 0 1 0 
vn 0 1 0 
vn 0 1 0 
vn 0 1 0 
vn 0 1 0 
vn 0 1 0 
vn 0 1 0 
vn 0 1 0 
vn 0 1 0 
vn 0 1 0 
vn 0 1 0 
vn 0 1 0 
vn 0 1 0 
vn 0 1 0 
vn 0 1 0 
vn 0 1 0 
vn 0 1 0 
vn 0 1 0 
vn 0 1 0 
vn 0 1 0 
vn 0 1 0 
vn 0 1 0 
vn 0 1 0 
vn 0 1 0 
vn 0 1 0 
vn 0 1 0 
vn 0 1 0 
vn 0 1 0 
vn 0 1 0 
vn 0 1 0 
vn 0 1 0 
vn 0 1 0 
vn 0 1 0 
vn 0 1 0 
vn 0 1 0 
vn 0 1 0 
vn 0 1 0 
vn 0 1 0 
vn 0 1 0 
vn 0 1 0 
vn 0 1 0 
vn 0 1 0 
vn 0 1 0 
vn 0 1 0 
vn 0 1 0 
vn 0 1 0 
vn 0 1 0 
vn 0 1 0 
vn 0 1 0 
vn 0 1 0 
vn 0 1 0 
vn 0 1 0 
vn 0 1 0 
vn 0 1 0 
vn 0 1 0 
vn 0 1 0 
vn 0 1 0 
vn 0 1 0 
vn 0 1 0 
vn 0 1 0 
vn 0 1 0 
vn 0 1 0 
vn 0 1 0 
vn 0 1 0 
vn 0 1 0 
vn 0 1 0 
vn 0 1 0 
vn 0 1 0 
vn 0 1 0 
vn 0 1 0 
vn 0 1 0 
vn 0 1 0 
vn 0 1 0 
vn 0 1 0 
vn 0 1 0 
vn 0 1 0 
vn 0 1 0 
vn 0 1 0 
vn 0 1 0 
vn 0 1 0 
vn 0 1 0 
vn 0 1 0 
vn 0 1 0 
vn 0 1 0 
vn 0 1 0 
vn 0 1 0 
vn 0 1 0 
vn 0 1 0 
vn 0 1 0 
vn 0 1 0 
vn 0 1 0 
vn 0 1 0 
vn 0 1 0 
vn 0 1 0 
vn 0 1 0 
vn 0 1 0 
vn 0 1 0 
vn 0 1 0 
vn 0 1 0 
vn -0.637795 0.771654 0 
vn -0.637795 0.771654 0 
vn -0.637795 0.771654 0 
vn 0.307087 0.952756 0 
vn 0.307087 0.952756 0 
vn 0.307087 0.952756 0 
vn 0 1 0 
vn -0.637795 0.771654 0 
vn 0.307087 0.952756 0 
vn -0.0314961 1 0 
vn -0.0314961 1 0 
vn -0.0314961 1 0 
vn 0 1 0 
vn 0 1 0 
vn 0 1 0 
vn 0 1 0 
vn 0 1 0 
vn 0 1 0 
vn 0 1 0 
vn 0 1 0 
vn 0 1 0 
vn -0.0314961 1 0 
vn 0 1 0 
vn 0 1 0 
vn 0 1 0 
vn 0 1 0 
vn 0 1 0 
vn 0 1 0 
vn 0 1 0 
vn 0 1 0 
vn 0 1 0 
vn 0 1 0 
vn 0 1 0 
vn 0 1 0 
vn 0 1 0 
vn 0 1 0 
vn 0 1 0 
vn 0 1 0 
vn 0 1 0 
vn 0 1 0 
vn 0 1 0 
vn 0 1 0 
vn 0 1 0 
vn 0 1 0 
vn 0 1 0 
vn 0 1 0 
vn 0 1 0 
vn 0 1 0 
vn 0 1 0 
vn 0 1 0 
vn 0 1 0 
vn 0 1 0 
vn 0 1 0 
vn 0 1 0 
vn 0 1 0 
vn 0 1 0 
vn 0 1 0 
vn 0 1 0 
vn 0 1 0 
vn 0 1 0 
vn 0 1 0 
vn 0 1 0 
vn 0 1 0 
vn 0 1 0 
vn 0 1 0 
vn 0 1 0 
vn 0 1 0 
vn 0 1 0 
vn 0 1 0 
vn 0 1 0 
vn 0 1 0 
vn 0 1 0 
vn 0 1 0 
vn 0 1 0 
vn 0 1 0 
vn 0 1 0 
vn 0 1 0 
vn 0 1 0 
vn 0 1 0 
vn 0 1 0 
vn 0 1 0 
vn 0 1 0 
vn 0 1 0 
vn 0 1 0 
vn 0 1 0 
vn 0 1 0 
vn 0 1 0 
vn 0 1 0 
vn 0 1 0 
vn 0 1 0 
vn 0 1 0 
vn 0 1 0 
vn 0 1 0 
vn 0 1 0 
vn 0 1 0 
vn 0 1 0 
vn 0 1 0 
vn 0 1 0 
vn 0 1 0 
vn 0 1 0 
vn 0 1 0 
vn 0 1 0 
vn 0 1 0 
vn 0 1 0 
vn 0 1 0 
vn 0 1 0 
vn 0 1 0 
vn 0 1 0 
vn 0 1 0 
vn 0 1 0 
vn 0 1 0 
vn 0 1 0 
vn 0 1 0 
vn 0 1 0 
vn 0 1 0 
vn 0 1 0 
vn 0 1 0 
vn 0 1 0 
vn 0 1 0 
vn 0 1 0 
vn 0 1 0 
vn 0 1 0 
vn 0 1 0 
vn 0 1 0 
vn 0 1 0 
vn 0 1 0 
vn 0 1 0 
vn 0 1 0 
vn 0 1 0 
vn 0 1 0 
vn 0 1 0 
vn 0 1 0 
vn 0 1 0 
vn 0 1 0 
vn 0 1 0 
vn 0 1 0 
vn 0 1 0 
vn 0 1 0 
vn 0 1 0 
vn 0 1 0 
vn 0 1 0 
vn 0 1 0 
vn 0 1 0 
vn 0 1 0 
vn 0 1 0 
vn 0 1 0 
vn 0 1 0 
vn 0 1 0 
vn 0 1 0 
vn 0 1 0 
vn 0 1 0 
vn 0 1 0 
vn 0.0314961 1 0 
vn 0.0314961 1 0 
vn 0.0314961 1 0 
vn 0 1 0 
vn 0 1 0 
vn 0 1 0 
vn 0 1 0 
vn 0.0314961 1 0 
vn 0 1 0 
vn 0 1 0 
vn 0 1 0 
vn 0 1 0 
vn 0 1 0 
vn 0 1 0 
vn 0 1 0 
vn 0 1 0 
vn 0 1 0 
vn -0.307087 0.952756 0 
vn -0.307087 0.952756 0 
vn -0.307087 0.952756 0 
vn 0.637795 0.771654 0 
vn 0.637795 0.771654 0 
vn 0.637795 0.771654 0 
vn 0 1 0 
vn -0.307087 0.952756 0 
vn 0.637795 0.771654 0 
vn 0 1 0 
vn 0 1 0 
vn 0 1 0 
vn 0 1 0 
vn 0 1 0 
vn 0 1 0 
vn 0 1 0 
vn 0 1 0 
vn 0 1 0 
vn 0 1 0 
vn 0 1 0 
vn 0 1 0 
vn 0 1 0 
vn 0 1 0 
vn 0 1 0 
vn 0 1 0 
vn 0 1 0 
vn 0 1 0 
vn 0 1 0 
vn 0 1 0 
vn 0 1 0 
vn 0 1 0 
vn 0 1 0 
vn 0 0 1 
vn 0 0 1 
vn 0 0 1 
vn 0 0 1 
vn 0 0 1 
vn 0 0 1 
vn 0 0 1 
vn 0 0 1 
vn 0 0 1 
vn 0 0 1 
vn 0 0 1 
vn 0 0 1 
vn 0 0 1 
vn 0 0 1 
vn 0 0 1 
vn 0 0 1 
vn 0 0 1 
vn 0 0 1 
vn 0 0 1 
vn 0 0 1 
vn 0 0 1 
vn 0 0 1 
vn 0 0 1 
vn 0 0 1 
vn 0 0 1 
vn 0 0 1 
vn 0 0 1 
vn 0 0 1 
vn 0 0 1 
vn 0 0 1 
vn 0 0 1 
vn 0 0 1 
vn 0 0 1 
vn 0 0 1 
vn 0 0 1 
vn 0 0 1 
vn 0 0 1 
vn 0 0 1 
vn 0 0 1 
vn 0 0 1 
vn 0 0 1 
vn 0 0 1 
vn 0 0 1 
vn 0 0 1 
vn 0 0 1 
vn 0 0 1 
vn 0 0 1 
vn 0 0 1 
vn 0 0 1 
vn 0 0 1 
vn 0 0 1 
vn 0 0 1 
vn 0 0 1 
vn 0 0 1 
vn 0 0 1 
vn 0 0 1 
vn 0 0 1 
vn 0 0 1 
vn 0 0 1 
vn 0 0 1 
vn 0 0 1 
vn 0 0 1 
vn 0 0 1 
vn 0 0 1 
vn 0 0 1 
vn 0 0 1 
vn 0 0 1 
vn 0 0 1 
vn 0 0 1 
vn 0 0 1 
vn 0 0 1 
vn 0 0 1 
vn 0 0 1 
vn 0 0 1 
vn 0 0 1 
vn 0 0 1 
vn 0 0 1 
vn 0 0 1 
vn 0 0 1 
vn 0 0 1 
vn 0 0 1 
vn 0 0 1 
vn 0 0 1 
vn 0 0 1 
vn 0 0 1 
vn 0 0 1 
vn 0 0 1 
vn 0 0 1 
vn 0 0 1 
vn 0 0 1 
vn 0 0 1 
vn 0 0 1 
vn 0 0 1 
vn 0 0 1 
vn 0 0 1 
vn 0 0 1 
vn 0 0 1 
vn 0 0 1 
vn 0 0 1 
vn 0 0 1 
vn 0 0 1 
vn 0 0 1 
vn 0 0 1 
vn 0 0 1 
vn 0 0 1 
vn 0 0 1 
vn 0 0 1 
vn 0 0 1 
vn 0 0 1 
vn 0 0 1 
vn 0 0 1 
vn 0 0 1 
vn 0 0 1 
vn 0 0 1 
vn 0 0 1 
vn 0 0 1 
vn 0 0 1 
vn 0 0 1 
vn 0 0 1 
vn 0 0 1 
vn 0 0 1 
vn 0 0 1 
vn 0 0 1 
vn 0 0 1 
vn 0 0 1 
vn 0 0 1 
vn 0 0 1 
vn 0 0 1 
vn 0 0 1 
vn 0 0 1 
vn 0 0 1 
vn 0 0 1 
vn 0 0 1 
vn 0 0 1 
vn 0 0 1 
vn 0 0 1 
vn 0 0 1 
vn 0 0 1 
vn 0 0 1 
vn 0 0 1 
vn 0 0 1 
vn 0 0 1 
vn 0 0 1 
vn 0 0 1 
vn 0 0 1 
vn 0 0 1 
vn 0 0 1 
vn 0 0 1 
vn 0 0 1 
vn 0 0 1 
vn 0 0 1 
vn 0 0 1 
vn 0 0 1 
vn 0 0 1 
vn 0 0 1 
vn 0 0 1 
vn 0 0 1 
vn 0 0 1 
vn 0 0 1 
vn 0 0 1 
vn 0 0 1 
vn 0 0 1 
vn 0 0 1 
vn 0 0 1 
vn 0 0 1 
vn 0 0 1 
vn 0 0 1 
vn 0 0 1 
vn 0 0 1 
vn 0 0 1 
vn 0 0 1 
vn 0 0 1 
vn 0 0 1 
vn 0 0 1 
vn 0 0 1 
vn 0 0 1 
vn 0 0 1 
vn 0 0 1 
vn 0 0 1 
vn 0 0 1 
vn 0 0 1 
vn 0 0 1 
vn 0 0 1 
vn 0 0 1 
vn 0 0 1 
vn 0 0 1 
vn 0 0 1 
vn 0 0 1 
vn 0 0 1 
vn 0 0 1 
vn 0 0 1 
vn 0 0 1 
vn 0 0 1 
vn 0 0 1 
vn 0 0 1 
vn 0 0 1 
vn 0 0 1 
vn 0 0 1 
vn 0 0 1 
vn 0 0 1 
vn 0 0 1 
vn 0 0 1 
vn 0 0 1 
vn 0 0 1 
vn 0 0 1 
vn 0 0 1 
vn 0 0 1 
vn 0 0 1 
vn 0 0 1 
vn 0 0 1 
vn 0 0 1 
vn 0 0 1 
vn 0 0 1 
vn 0 0 1 
vn 0 0 1 
vn 0 0 1 
vn 0 0 1 
vn 0 0 1 
vn 0 0 1 
vn 0 0 1 
vn 0 0 1 
vn 0 0 1 
vn 0 0 1 
vn 0 0 1 
vn 0 0 1 
vn 0 0 1 
vn 0 0 1 
vn 0 0 1 
vn 0 0 1 
vn 0 0 1 
vn 0 0 1 
vn 0 0 1 
vn 0 0 1 
vn 0 0 1 
vn 0 0 1 
vn 0 0 1 
vn 0 0 1 
vn 0 0 1 
vn 0 0 1 
vn 0 0 1 
vn 0 0 1 
vn 0 0 1 
vn 0 0 1 
vn 0 0 1 
vn 0 0 1 
vn 0 0 1 
vn 0 0 1 
vn 0 0 1 
vn 0 0 1 
vn 0 0 1 
vn 0 0 1 
vn 0 0 1 
vn 0 0 1 
vn 0 0 1 
vn 0 0 1 
vn 0 0 1 
vn 0 0 1 
vn 0 0 1 
vn 0 0 1 
vn 0 0 1 
vn 0 0 1 
vn 0 0 1 
vn 0 0 1 
vn 0 0 1 
vn 0 0 1 
vn 0 0 1 
vn 0 0 1 
vn 0 0 1 
vn 0 0 1 
vn 0 0 1 
vn 0 0 1 
vn 0 0 1 
vn 0 0 1 
vn 0 0 1 
vn 0 0 1 
vn 0 0 1 
vn 0 0 1 
vn 0 0 1 
vn 0 0 1 
vn 0 0 1 
vn 0 0 1 
vn 0 0 1 
vn 0 0 1 
vn 0 0 1 
vn 0 0 1 
vn 0 0 1 
vn 0 0 1 
vn 0 0 1 
vn 0 0 1 
vn 0 0 1 
vn 0 0 1 
vn 0 0 1 
vn 0 0 1 
vn 0 0 1 
vn 0 0 1 
vn 0 0 1 
vn 0 0 1 
vn 0 0 1 
vn 0 0 1 
vn 0 0 1 
vn 0 0 1 
vn 0 0 1 
vn 0 0 1 
vn 0 0 1 
vn 0 0 1 
vn 0 0 1 
vn 0 0 1 
vn 0 0 1 
vn 0 0 1 
vn 0 0 1 
vn 0 0 1 
vn 0 0 1 
vn 0 0 1 
vn 0 0 1 
vn 0 0 1 
vn 0 0 1 
vn 0 0 1 
vn 0 0 1 
vn 0 0 1 
vn 0 0 1 
vn 0 0 1 
vn 0 0 1 
vn 0 0 1 
vn 0 0 1 
vn 0 0 1 
vn 0 0 1 
vn 0 0 1 
vn 0 0 1 
vn 0 0 1 
vn 0 0 1 
vn 0 0 1 
vn 0 0 1 
vn 0 0 1 
vn 0 0 1 
vn 0 0 1 
vn 0 0 1 
vn 0 0 1 
vn 0 0 1 
vn 0 0 1 
vn 0 0 1 
vn 0 0 1 
vn 0 0 1 
vn 0 0 1 
vn 0 0 1 
vn 0 0 1 
vn 0 0 1 
vn 0 0 1 
vn 0 0 1 
vn 0 0 1 
vn 0 0 1 
vn 0 0 1 
vn 0 0 1 
vn 0 0 1 
vn 0 0 1 
vn 0 0 1 
vn 0 0 1 
vn 0 0 1 
vn 0 0 1 
vn 0 0 1 
vn 0 0 1 
vn 0 0 1 
vn 0 0 1 
vn 0 0 1 
vn 0 0 1 
vn 0 0 1 
vn 0 0 1 
vn 0 0 1 
vn 0 0 1 
vn 0 0 1 
vn 0 0 1 
vn 0 0 1 
vn 0 0 1 
vn 0 0 1 
vn 0 0 1 
vn 0 0 1 
vn 0 0 1 
vn 0 0 1 
vn 0 0 1 
vn 0 0 1 
vn 0 0 1 
vn 0 0 1 
vn 0 0 1 
vn 0 0 1 
vn 0 0 1 
vn 0 0 1 
vn 0 0 1 
vn 0 0 1 
vn 0 0 1 
vn 0 0 1 
vn 0 0 1 
vn 0 0 1 
vn 0 0 1 
vn 0 0 1 
vn 0 0 1 
vn 0 0 1 
vn 0 0 1 
vn 0 0 1 
vn 0 0 1 
vn 0 0 1 
vn 0 0 1 
vn 0 0 1 
vn 0 0 1 
vn 0 0 1 
vn 0 0 1 
vn 0 0 1 
vn 0 0 1 
vn 0 0 1 
vn 0 0 1 
vn 0 0 1 
vn 0 0 1 
vn 0 0 1 
vn 0 0 1 
vn 0 0 1 
vn 0 0 1 
vn 0 0 1 
vn 0 0 1 
vn 0 0 1 
vn 0 0 1 
vn 0 0 1 
vn 0 0 1 
vn 0 0 1 
vn 0 0 1 
vn 0 0 1 
vn 0 0 1 
vn 0 0 1 
vn 0 0 1 
vn 0 0 1 
vn 0 0 1 
vn 0 0 1 
vn 0 0 1 
vn 0 0 1 
vn 0 0 1 
vn 0 0 1 
vn 0 0 1 
vn 0 0 1 
vn 0 0 1 
vn 0 0 1 
vn 0 0 1 
vn 0 0 1 
vn 0 0 1 
vn 0 0 1 
vn 0 0 1 
vn 0 0 1 
vn 0 0 1 
vn 0 0 1 
vn 0 0 1 
vn 0 0 1 
vn 0 0 1 
vn 0 0 1 
vn 0 0 1 
vn 0 0 1 
vn 0 0 1 
vn 0 0 1 
vn 0 0 1 
vn 0 0 1 
vn 0 0 1 
vn 0 0 1 
vn 0 0 1 
vn 0 0 1 
vn 0 0 1 
vn 0 0 1 
vn 0 0 1 
vn 0 0 1 
vn 0 0 1 
vn 0 0 1 
vn 0 0 1 
vn 0 0 1 
vn 0 0 1 
vn 0 0 1 
vn 0 0 1 
vn 0 0 1 
vn 0 0 1 
vn 0 0 1 
vn 0 0 1 
vn 0 0 1 
vn 0 0 1 
vn 0 0 1 
vn 0 0 1 
vn 0 0 1 
vn 0 0 1 
vn 0 0 1 
vn 0 0 1 
vn 0 0 1 
vn 0 0 1 
vn 0 0 1 
vn 0 0 1 
vn 0 0 1 
vn 0 0 1 
vn 0 0 1 
vn 0 0 1 
vn 0 0 1 
vn 0 0 1 
vn 0 0 1 
vn 0 0 1 
vn 0 0 1 
vn 0 0 1 
vn 0 0 1 
vn 0 0 1 
vn 0 0 1 
vn 0 0 1 
vn 0 0 1 
vn 0 0 1 
vn 0 0 1 
vn 0 0 1 
vn 0 0 1 
vn 0 0 1 
vn 0 0 1 
vn 0 0 1 
vn 0 0 1 
vn 0 0 1 
vn 0 0 1 
vn 0 0 1 
vn 0 0 1 
vn 0 0 1 
vn 0 0 1 
vn 0 0 1 
vn 0 0 1 
vn 0 0 1 
vn 0 0 1 
vn 0 0 1 
vn 0 0 1 
vn 0 0 1 
vn 0 0 1 
vn 0 0 1 
vn 0 0 1 
vn 0 0 1 
vn 0 0 1 
vn 0 0 1 
vn 0 0 1 
vn 0 0 1 
vn 0 0 1 
vn 0 0 1 
vn 0 0 1 
vn 0 0 1 
vn 0 0 1 
vn 0 0 1 
vn 0 0 1 
vn 0 0 1 
vn 0 0 1 
vn 0 0 1 
vn 0 0 1 
vn 0 0 1 
vn 0 0 1 
vn 0 0 1 
vn 0 0 1 
vn 0 0 1 
vn 0 0 1 
vn 0 0 1 
vn 0 0 1 
vn 0 0 1 
vn 0 0 1 
vn 0 0 1 
vn 0 0 1 
vn 0 0 1 
vn -1 0 0 
vn -1 0 0 
vn -1 0 0 
vn -1 0 0 
vn -1 0 0 
vn -1 0 0 
vn -1 0 0 
vn -1 0 0 
vn -1 0 0 
vn -1 0 0 
vn -1 0 0 
vn -1 0 0 
vn -1 0 0 
vn -1 0 0 
vn -1 0 0 
vn -1 0 0 
vn -1 0 0 
vn -1 0 0 
vn -1 0 0 
vn -1 0 0 
vn -1 0 0 
vn -1 0 0 
vn -1 0 0 
vn -1 0 0 
vn -1 0 0 
vn -1 0 0 
vn -1 0 0 
vn -1 0 0 
vn -1 0 0 
vn -1 0 0 
vn -1 0 0 
vn -1 0 0 
vn -1 0 0 
vn -1 0 0 
vn -1 0 0 
vn -1 0 0 
vn -1 0 0 
vn -1 0 0 
vn -1 0 0 
vn -1 0 0 
vn -1 0 0 
vn -1 0 0 
vn -1 0 0 
vn -1 0 0 
vn -1 0 0 
vn -1 0 0 
vn -1 0 0 
vn -1 0 0 
vn -1 0 0 
vn -1 0 0 
vn -1 0 0 
vn -1 0 0 
vn -1 0 0 
vn -1 0 0 
vn -1 0 0 
vn -1 0 0 
vn -1 0 0 
vn -1 0 0 
vn -1 0 0 
vn -1 0 0 
vn -1 0 0 
vn -1 0 0 
vn -1 0 0 
vn -1 0 0 
vn -1 0 0 
vn -1 0 0 
vn -1 0 0 
vn -1 0 0 
vn -1 0 0 
vn -1 0 0 
vn -1 0 0 
vn -1 0 0 
vn -0.795276 -0.606299 0 
vn -0.795276 -0.606299 0 
vn -0.795276 -0.606299 0 
vn -0.96063 0.267717 0 
vn -0.96063 0.267717 0 
vn -0.96063 0.267717 0 
vn -0.795276 -0.606299 0 
vn -1 0 0 
vn -0.96063 0.267717 0 
vn -1 0 0 
vn -1 0 0 
vn -1 0 0 
vn -1 0 0 
vn -1 0 0 
vn -1 0 0 
vn -1 0 0 
vn -1 0 0 
vn -1 0 0 
vn -1 0 0 
vn -1 0 0 
vn -1 0 0 
vn -1 0 0 
vn -0.992126 0.125984 0 
vn -0.992126 0.125984 0 
vn -0.992126 0.125984 0 
vn -0.992126 0.125984 0 
vn -1 0 0 
vn -1 0 0 
vn -1 0 0 
vn -1 0 0 
vn -1 0 0 
vn -1 0 0 
vn -1 0 0 
vn -1 0 0 
vn -1 0 0 
vn -1 0 0 
vn -1 0 0 
vn -1 0 0 
vn -1 0 0 
vn -1 0 0 
vn -1 0 0 
vn -1 0 0 
vn -1 0 0 
vn -1 0 0 
vn -1 0 0 
vn -1 0 0 
vn -1 0 0 
vn -1 0 0 
vn -1 0 0 
vn -1 0 0 
vn -1 0 0 
vn -1 0 0 
vn -1 0 0 
vn -1 0 0 
vn -1 0 0 
vn -1 0 0 
vn -1 0 0 
vn -1 0 0 
vn -1 0 0 
vn -1 0 0 
vn -1 0 0 
vn -1 0 0 
vn -1 0 0 
vn -1 0 0 
vn -1 0 0 
vn -1 0 0 
vn -1 0 0 
vn -1 0 0 
vn -1 0 0 
vn -1 0 0 
vn -1 0 0 
vn -1 0 0 
vn -1 0 0 
vn -1 0 0 
vn -1 0 0 
vn -1 0 0 
vn -1 0 0 
vn -1 0 0 
vn -1 0 0 
vn -1 0 0 
vn -1 0 0 
vn -1 0 0 
vn -1 0 0 
vn -1 0 0 
vn -1 0 0 
vn -1 0 0 
vn -1 0 0 
vn -1 0 0 
vn -1 0 0 
vn -1 0 0 
vn -1 0 0 
vn -1 0 0 
vn -1 0 0 
vn -1 0 0 
vn -1 0 0 
vn -1 0 0 
vn -1 0 0 
vn -1 0 0 
vn -1 0 0 
vn -1 0 0 
vn -1 0 0 
vn -1 0 0 
vn -1 0 0 
vn -1 0 0 
vn -1 0 0 
vn -1 0 0 
vn -1 0 0 
vn -1 0 0 
vn -1 0 0 
vn -1 0 0 
vn -1 0 0 
vn -1 0 0 
vn -1 0 0 
vn -1 0 0 
vn -1 0 0 
vn -1 0 0 
vn -1 0 0 
vn -1 0 0 
vn -1 0 0 
vn -1 0 0 
vn -1 0 0 
vn -1 0 0 
vn -1 0 0 
vn -1 0 0 
vn -1 0 0 
vn -1 0 0 
vn -1 0 0 
vn -1 0 0 
vn -1 0 0 
vn -1 0 0 
vn -1 0 0 
vn -1 0 0 
vn -1 0 0 
vn -1 0 0 
vn -1 0 0 
vn -1 0 0 
vn -1 0 0 
vn -1 0 0 
vn -1 0 0 
vn -1 0 0 
vn -1 0 0 
vn -1 0 0 
vn -1 0 0 
vn -1 0 0 
vn -1 0 0 
vn -1 0 0 
vn -1 0 0 
vn -1 0 0 
vn -1 0 0 
vn -1 0 0 
vn -1 0 0 
vn -1 0 0 
vn -1 0 0 
vn -1 0 0 
vn -1 0 0 
vn -1 0 0 
vn -1 0 0 
vn -1 0 0 
vn -1 0 0 
vn -1 0 0 
vn -1 0 0 
vn -1 0 0 
vn -1 0 0 
vn -1 0 0 
vn -1 0 0 
vn -1 0 0 
vn -1 0 0 
vn -1 0 0 
vn -1 0 0 
vn -1 0 0 
vn -1 0 0 
vn -1 0 0 
vn -1 0 0 
vn -0.976378 -0.19685 0 
vn -0.976378 -0.19685 0 
vn -0.976378 -0.19685 0 
vn -1 -0.0708661 0 
vn -1 -0.0708661 0 
vn -1 -0.0708661 0 
vn -0.96063 -0.267717 0 
vn -0.96063 -0.267717 0 
vn -0.96063 -0.267717 0 
vn -1 0 0 
vn -1 0 0 
vn -1 0 0 
vn -1 0 0 
vn -0.976378 -0.19685 0 
vn -0.795276 0.606299 0 
vn -0.795276 0.606299 0 
vn -0.795276 0.606299 0 
vn -0.795276 0.606299 0 
vn -0.96063 -0.267717 0 
vn -1 0 0 
vn -1 -0.0708661 0 
vn -1 0 0 
vn -1 0 0 
vn -1 0 0 
vn -1 0 0 
vn -1 0 0 
vn -1 0 0 
vn -1 0 0 
vn -1 0 0 
vn -1 0 0 
vn -1 0 0 
vn -1 0 0 
vn -1 0 0 
vn -1 0 0 
vn -1 0 0 
vn -1 0 0 
vn -1 0 0 
vn -1 0 0 
vn -1 0 0 
vn -1 0 0 
vn -1 0 0 
vn -1 0 0 
vn -1 0 0 
vn -1 0 0 
vn -1 0 0 
vn -1 0 0 
vn -1 0 0 
vn -1 0 0 
vn -1 0 0 
vn -1 0 0 
vn -1 0 0 
vn -1 0 0 
vn -1 0 0 
vn -1 0 0 
vn -1 0 0 
vn -1 0 0 
vn -1 0 0 
vn -1 0 0 
vn -1 0 0 
vn -1 0 0 
vn -1 0 0 
vn -1 0 0 
vn -1 0 0 
vn -1 0 0 
vn 0 -1 0 
vn 0 -1 0 
vn 0 -1 0 
vn 0 -1 0 
vn 0 -1 0 
vn 0 -1 0 
vn 0 -1 0 
vn 0 -1 0 
vn 0 -1 0 
vn 0 -1 0 
vn 0 -1 0 
vn 0 -1 0 
vn 0 -1 0 
vn 0 -1 0 
vn 0 -1 0 
vn 0 -1 0 
vn 0 -1 0 
vn 0 -1 0 
vn 0 -1 0 
vn 0 -1 0 
vn 0 -1 0 
vn 0 -1 0 
vn 0 -1 0 
vn 0 -1 0 
vn 0 -1 0 
vn 0 -1 0 
vn 0 -1 0 
vn 0 -1 0 
vn 0 -1 0 
vn 0 -1 0 
vn 0 -1 0 
vn 0 -1 0 
vn 0 -1 0 
vn 0 -1 0 
vn 0 -1 0 
vn 0 -1 0 
vn 0 -1 0 
vn 0 -1 0 
vn 0 -1 0 
vn 0 -1 0 
vn 0 -1 0 
vn 0 -1 0 
vn 0 -1 0 
vn 0 -1 0 
vn 0 -1 0 
vn 0 -1 0 
vn 0 -1 0 
vn 0 -1 0 
vn 0 -1 0 
vn 0 -1 0 
vn 0 -1 0 
vn 0 -1 0 
vn 0 -1 0 
vn 0 -1 0 
vn 0 -1 0 
vn 0 -1 0 
vn 0 -1 0 
vn 0 -1 0 
vn 0 -1 0 
vn 0 -1 0 
vn 0 -1 0 
vn 0 -1 0 
vn 0 -1 0 
vn 0 -1 0 
vn 0 -1 0 
vn 0 -1 0 
vn 0 -1 0 
vn 0 -1 0 
vn 0 -1 0 
vn 0 -1 0 
vn 0 -1 0 
vn 0 -1 0 
vn 0 -1 0 
vn 0 -1 0 
vn 0 -1 0 
vn 0 -1 0 
vn 0 -1 0 
vn 0 -1 0 
vn 0 -1 0 
vn 0 -1 0 
vn 0 -1 0 
vn 0 -1 0 
vn 0 -1 0 
vn 0 -1 0 
vn 0 -1 0 
vn 0 -1 0 
vn 0 -1 0 
vn 0 -1 0 
vn 0 -1 0 
vn 0 -1 0 
vn 0 -1 0 
vn 0 -1 0 
vn 0 -1 0 
vn 0 -1 0 
vn 0 -1 0 
vn 0 -1 0 
vn 0 -1 0 
vn 0 -1 0 
vn 0 -1 0 
vn 0 -1 0 
vn 0 -1 0 
vn 0 -1 0 
vn 0 -1 0 
vn 0 -1 0 
vn 0 -1 0 
vn 0 -1 0 
vn 0 -1 0 
vn 0 -1 0 
vn 0 -1 0 
vn 0 -1 0 
vn -0.204724 -0.976378 0 
vn -0.204724 -0.976378 0 
vn -0.204724 -0.976378 0 
vn -0.307087 -0.952756 0 
vn -0.307087 -0.952756 0 
vn -0.307087 -0.952756 0 
vn -0.204724 -0.976378 0 
vn 0.637795 -0.771654 0 
vn 0.637795 -0.771654 0 
vn 0.637795 -0.771654 0 
vn 0.637795 -0.771654 0 
vn -0.307087 -0.952756 0 
vn 0 -1 0 
vn 0 -1 0 
vn 0 -1 0 
vn 0 -1 0 
vn 0 -1 0 
vn 0 -1 0 
vn 0 -1 0 
vn 0 -1 0 
vn 0 -1 0 
vn 0 -1 0 
vn 0 -1 0 
vn 0 -1 0 
vn 0 -1 0 
vn 0 -1 0 
vn 0 -1 0 
vn 0 -1 0 
vn 0 -1 0 
vn 0 -1 0 
vn 0 -1 0 
vn 0 -1 0 
vn 0 -1 0 
vn 0 -1 0 
vn 0 -1 0 
vn 0 -1 0 
vn 0 -1 0 
vn 0 -1 0 
vn 0 -1 0 
vn 0 -1 0 
vn 0 -1 0 
vn 0 -1 0 
vn 0 -1 0 
vn 0 -1 0 
vn 0 -1 0 
vn 0 -1 0 
vn 0 -1 0 
vn 0 -1 0 
vn 0 -1 0 
vn 0 -1 0 
vn 0 -1 0 
vn 0 -1 0 
vn 0 -1 0 
vn 0 -1 0 
vn 0 -1 0 
vn 0 -1 0 
vn 0 -1 0 
vn 0 -1 0 
vn 0 -1 0 
vn 0 -1 0 
vn 0 -1 0 
vn 0 -1 0 
vn 0 -1 0 
vn 0 -1 0 
vn 0 -1 0 
vn 0 -1 0 
vn 0 -1 0 
vn 0 -1 0 
vn 0 -1 0 
vn 0 -1 0 
vn 0 -1 0 
vn 0 -1 0 
vn 0 -1 0 
vn 0 -1 0 
vn 0 -1 0 
vn 0 -1 0 
vn 0 -1 0 
vn 0 -1 0 
vn 0 -1 0 
vn 0 -1 0 
vn 0 -1 0 
vn 0 -1 0 
vn 0 -1 0 
vn 0 -1 0 
vn 0 -1 0 
vn 0 -1 0 
vn 0 -1 0 
vn 0 -1 0 
vn 0 -1 0 
vn 0 -1 0 
vn 0 -1 0 
vn 0 -1 0 
vn 0 -1 0 
vn 0 -1 0 
vn 0 -1 0 
vn 0 -1 0 
vn 0 -1 0 
vn 0 -1 0 
vn 0 -1 0 
vn 0 -1 0 
vn 0 -1 0 
vn 0 -1 0 
vn 0 -1 0 
vn 0 -1 0 
vn 0 -1 0 
vn 0 -1 0 
vn 0 -1 0 
vn 0 -1 0 
vn 0 -1 0 
vn 0 -1 0 
vn 0 -1 0 
vn 0 -1 0 
vn 0 -1 0 
vn 0 -1 0 
vn 0 -1 0 
vn 0 -1 0 
vn 0 -1 0 
vn 0 -1 0 
vn 0 -1 0 
vn 0 -1 0 
vn 0 -1 0 
vn 0 -1 0 
vn 0 -1 0 
vn 0 -1 0 
vn 0 -1 0 
vn 0 -1 0 
vn 0 -1 0 
vn 0 -1 0 
vn 0.204724 -0.976378 0 
vn 0.204724 -0.976378 0 
vn 0.204724 -0.976378 0 
vn 0.204724 -0.976378 0 
vn 0.307087 -0.952756 0 
vn 0.307087 -0.952756 0 
vn 0.307087 -0.952756 0 
vn -0.637795 -0.771654 0 
vn -0.637795 -0.771654 0 
vn -0.637795 -0.771654 0 
vn 0.307087 -0.952756 0 
vn -0.637795 -0.771654 0 
vn 0 -1 0 
vn 0 -1 0 
vn 0 -1 0 
vn 0 -1 0 
vn 0 -1 0 
vn 0 -1 0 
vn 0 -1 0 
vn 0 -1 0 
vn 0 -1 0 
vn 0 -1 0 
vn 0 -1 0 
vn 0 -1 0 
vn 0 -1 0 
vn 0 -1 0 
vn 0 -1 0 
vn 0 -1 0 
vn 0 -1 0 
vn 0 -1 0 
vn 0 -1 0 
vn 0 -1 0 
vn 0 -1 0 
vn 0 -1 0 
vn 0 -1 0 
vn 0 -1 0 
vn 0 -1 0 
vn 0 -1 0 
vn 0 -1 0 
vn 0 -1 0 
vn 0 -1 0 
vn 0 -1 0 
vn 0 -1 0 
vn 0 -1 0 
vn 0 -1 0 
vn 0 -1 0 
vn 0 -1 0 
vn 0 -1 0 
vn 0 -1 0 
vn 0 -1 0 
vn 0 -1 0 
vn 0 -1 0 
vn 0 -1 0 
vn 0 -1 0 
vn 0 -1 0 
vn 0 -1 0 
vn 0 -1 0 
vn 0 -1 0 
vn 0 -1 0 
vn 0 -1 0 
vn 0 -1 0 
vn 0 -1 0 
vn 0 -1 0 
vn 0 -1 0 
vn 0 -1 0 
vn 0 -1 0 
vn 0 -1 0 
vn 0 -1 0 
vn 0 -1 0 
vn 0 -1 0 
vn 0 -1 0 
vn 0 -1 0 
vn 0 0 -1 
vn 0 0 -1 
vn 0 0 -1 
vn 0 0 -1 
vn 0 0 -1 
vn 0 0 -1 
vn 0 0 -1 
vn 0 0 -1 
vn 0 0 -1 
vn 0 0 -1 
vn 0 0 -1 
vn 0 0 -1 
vn 0 0 -1 
vn 0 0 -1 
vn 0 0 -1 
vn 0 0 -1 
vn 0 0 -1 
vn 0 0 -1 
vn 0 0 -1 
vn 0 0 -1 
vn 0 0 -1 
vn 0 0 -1 
vn 0 0 -1 
vn 0 0 -1 
vn 0 0 -1 
vn 0 0 -1 
vn 0 0 -1 
vn 0 0 -1 

vt 16.0489 -41.3561 
vt 16.1059 -41.3846 
vt 16.1059 -41.3561 
vt 16.0489 -41.3846 
vt 16.0489 -41.3561 
vt 16.0203 -41.3275 
vt 16.0203 -41.3561 
vt 16.0203 -41.3561 
vt 15.9918 -41.3275 
vt 15.9918 -41.3561 
vt 15.9633 -41.3275 
vt 15.9918 -41.3561 
vt 15.9918 -41.3275 
vt 15.9633 -41.3561 
vt 16.0203 -41.3275 
vt 16.0489 -41.3275 
vt 15.9633 -41.299 
vt 15.9918 -41.3275 
vt 15.9918 -41.299 
vt 15.9348 -41.299 
vt 15.9633 -41.3275 
vt 15.9633 -41.299 
vt 15.9348 -41.3275 
vt 15.9062 -41.2705 
vt 15.9348 -41.2705 
vt 15.9633 -41.3275 
vt 16.0489 -41.3275 
vt 16.1059 -41.3561 
vt 16.1059 -41.3275 
vt 16.0489 -41.3561 
vt 15.9918 -41.299 
vt 16.0203 -41.3275 
vt 16.0203 -41.299 
vt 15.9918 -41.3275 
vt 15.9633 -41.299 
vt 15.9348 -41.2705 
vt 15.9348 -41.299 
vt 15.9633 -41.2705 
vt 15.9062 -41.2419 
vt 15.9348 -41.2705 
vt 15.9348 -41.2419 
vt 15.9062 -41.2134 
vt 15.9348 -41.2419 
vt 15.9348 -41.2134 
vt 15.9062 -41.0708 
vt 15.9348 -41.0993 
vt 15.9348 -41.0708 
vt 15.9062 -40.9852 
vt 15.9348 -41.0708 
vt 15.9348 -40.9852 
vt 15.9062 -40.9567 
vt 15.9348 -40.9852 
vt 15.9348 -40.9567 
vt 15.9062 -41.299 
vt 15.8777 -41.2419 
vt 15.9062 -41.2705 
vt 15.9062 -41.2419 
vt 15.9062 -41.2705 
vt 15.8777 -41.2705 
vt 15.8492 -41.1564 
vt 15.8777 -41.1849 
vt 15.8777 -41.1564 
vt 15.8492 -41.1849 
vt 15.8777 -41.1564 
vt 15.8492 -41.1278 
vt 15.8492 -41.1564 
vt 15.8777 -40.9852 
vt 15.9062 -41.0708 
vt 15.9062 -40.9852 
vt 15.8777 -41.0708 
vt 15.8777 -41.1278 
vt 15.8492 -41.0993 
vt 15.8777 -41.1278 
vt 15.8777 -41.0993 
vt 15.8492 -41.1278 
vt 15.9062 -41.0708 
vt 15.8777 -41.1849 
vt 15.9062 -41.1849 
vt 15.9062 -41.2419 
vt 15.8777 -41.0993 
vt 15.9062 -41.1849 
vt 15.9062 -41.0993 
vt 15.8777 -41.2419 
vt 15.8777 -41.1849 
vt 15.9062 -41.0993 
vt 15.8777 -41.0708 
vt 15.8777 -41.0993 
vt 15.9062 -40.9852 
vt 15.8777 -40.9567 
vt 15.9062 -40.9567 
vt 15.8777 -40.9852 
vt 15.8777 -40.9567 
vt 15.8492 -40.9281 
vt 15.8492 -40.9567 
vt 16.1434 -40.6701 
vt 16.0416 -40.7589 
vt 16.1434 -40.7589 
vt 16.0343 -40.6595 
vt 16.1508 -40.789 
vt 16.1508 -40.6595 
vt 16.1392 -40.683 
vt 16.0459 -40.7268 
vt 16.1392 -40.7268 
vt 15.9633 -40.6999 
vt 15.9918 -40.7284 
vt 15.9918 -40.6999 
vt 16.0343 -40.789 
vt 16.0416 -40.6701 
vt 16.051 -40.6154 
vt 16.1341 -40.6743 
vt 16.1341 -40.6154 
vt 16.0489 -40.6714 
vt 16.1059 -40.6999 
vt 16.1059 -40.6714 
vt 16.051 -40.6743 
vt 16.0459 -40.683 
vt 16.0489 -40.6999 
vt 16.0203 -40.7284 
vt 15.9918 -40.6999 
vt 15.9918 -40.7284 
vt 16.0203 -40.757 
vt 15.9918 -40.7284 
vt 15.9918 -40.757 
vt 16.0203 -40.757 
vt 15.9633 -40.7855 
vt 16.0203 -40.7855 
vt 15.9633 -40.757 
vt 15.9633 -40.7284 
vt 15.9918 -40.757 
vt 15.9918 -40.7284 
vt 15.9633 -40.757 
vt 16.0203 -40.7284 
vt 16.0489 -40.6999 
vt 16.1059 -40.7284 
vt 16.1059 -40.6999 
vt 16.0489 -40.7284 
vt 16.0203 -40.6999 
vt 16.0489 -40.7284 
vt 16.0489 -40.6999 
vt 16.0203 -40.6999 
vt 16.0203 -40.7284 
vt 15.9633 -40.7284 
vt 15.8777 -40.9281 
vt 15.8492 -40.8996 
vt 15.8777 -40.9281 
vt 15.8777 -40.8996 
vt 15.8492 -40.8711 
vt 15.8777 -40.8996 
vt 15.8777 -40.8711 
vt 15.8492 -40.8996 
vt 15.8492 -40.9281 
vt 15.9062 -40.814 
vt 15.8777 -40.7855 
vt 15.8777 -40.814 
vt 15.9348 -40.7284 
vt 15.9633 -40.757 
vt 15.9633 -40.7284 
vt 15.9348 -40.757 
vt 15.9062 -40.757 
vt 15.9348 -40.7855 
vt 15.9062 -40.7855 
vt 15.9062 -40.7855 
vt 15.9062 -40.7855 
vt 15.9348 -40.814 
vt 15.9348 -40.7855 
vt 15.9348 -40.8426 
vt 15.9062 -40.814 
vt 15.9062 -40.8426 
vt 15.8777 -40.8711 
vt 15.9062 -40.8711 
vt 15.8777 -40.814 
vt 15.9062 -40.8711 
vt 15.9062 -40.814 
vt 15.8777 -40.8711 
vt 15.8777 -40.9567 
vt 15.9348 -40.8426 
vt 15.9633 -40.8426 
vt 15.9348 -40.757 
vt 15.9633 -40.7855 
vt 15.9633 -40.757 
vt 15.9348 -40.7855 
vt 15.9348 -40.7855 
vt 15.9348 -40.814 
vt 16.1059 -40.757 
vt 16.0203 -40.7284 
vt 16.1059 -41.299 
vt 16.0203 -41.299 
vt 16.1059 -41.3275 
vt 16.0203 -41.2705 
vt 16.1059 -41.299 
vt 16.1059 -41.2705 
vt 16.0203 -41.3275 
vt 16.0203 -41.299 
vt 15.9918 -41.2419 
vt 16.0203 -41.2419 
vt 16.0489 -41.2134 
vt 16.1059 -41.2705 
vt 16.1059 -41.2134 
vt 16.0203 -41.0993 
vt 16.1059 -41.0993 
vt 16.0203 -41.0708 
vt 16.0203 -40.9852 
vt 16.0203 -41.1849 
vt 16.0489 -41.1849 
vt 16.0203 -41.2419 
vt 15.9918 -41.2134 
vt 15.9918 -41.1564 
vt 16.0203 -41.1564 
vt 16.0489 -41.1849 
vt 16.1059 -41.2134 
vt 16.1059 -41.0993 
vt 16.0489 -41.2134 
vt 16.0203 -41.2705 
vt 16.0203 -41.1564 
vt 16.0203 -41.1849 
vt 16.0203 -41.1278 
vt 16.0203 -41.0993 
vt 15.9918 -41.1278 
vt 15.9918 -41.0993 
vt 16.0203 -41.1278 
vt 16.0203 -41.2705 
vt 15.9633 -41.299 
vt 15.9633 -41.2705 
vt 15.9633 -41.2705 
vt 15.9633 -41.2134 
vt 15.9918 -41.2134 
vt 15.9348 -41.2134 
vt 15.9633 -41.2134 
vt 15.9348 -41.2705 
vt 15.9062 -41.0993 
vt 15.9062 -41.2134 
vt 16.0203 -41.0708 
vt 15.9918 -40.9852 
vt 15.9918 -41.0708 
vt 15.9918 -41.0993 
vt 15.9633 -41.0993 
vt 15.9633 -41.0993 
vt 15.9348 -40.9567 
vt 15.9348 -41.0993 
vt 15.9918 -41.2419 
vt 15.9633 -41.2134 
vt 15.9348 -41.0993 
vt 15.9348 -41.2134 
vt 15.9633 -41.0993 
vt 15.9918 -41.1564 
vt 15.9918 -41.1278 
vt 15.9918 -41.0708 
vt 15.9633 -40.9567 
vt 16.1059 -40.7855 
vt 16.0489 -40.8426 
vt 16.1059 -40.8426 
vt 16.1059 -40.9567 
vt 16.0203 -40.9567 
vt 16.0203 -40.9852 
vt 16.0203 -40.8711 
vt 16.0489 -40.8711 
vt 16.0203 -40.814 
vt 16.0203 -40.7855 
vt 16.0416 -40.6746 
vt 16.1434 -40.7259 
vt 16.1434 -40.6746 
vt 16.1059 -40.757 
vt 16.0203 -40.7855 
vt 16.1059 -40.7855 
vt 16.1059 -40.7284 
vt 16.0416 -40.7259 
vt 16.0203 -40.757 
vt 16.0489 -40.8711 
vt 16.1059 -40.9567 
vt 16.1059 -40.8426 
vt 16.0203 -40.9281 
vt 16.0203 -40.9567 
vt 16.0203 -40.8996 
vt 16.0203 -40.8711 
vt 16.0489 -40.8426 
vt 16.0459 -40.6546 
vt 16.1392 -40.6984 
vt 16.1392 -40.6546 
vt 16.1341 -40.6385 
vt 16.051 -40.6385 
vt 16.1341 -40.6974 
vt 16.051 -40.6974 
vt 16.0459 -40.6984 
vt 15.9918 -40.9567 
vt 15.9918 -40.9567 
vt 16.0203 -40.9281 
vt 15.9633 -40.9567 
vt 15.9062 -40.8426 
vt 15.9062 -40.9567 
vt 15.9348 -40.8426 
vt 15.9348 -40.9567 
vt 15.9918 -40.814 
vt 16.0203 -40.814 
vt 15.9633 -40.7855 
vt 15.9633 -40.8426 
vt 15.9918 -40.8426 
vt 15.9918 -40.8996 
vt 16.0203 -40.8996 
vt 15.9918 -40.9852 
vt 15.9918 -40.9281 
vt 15.9918 -40.9281 
vt 15.9633 -40.9567 
vt 15.9918 -40.8996 
vt 15.9918 -40.8426 
vt 15.9918 -40.814 
vt 15.9633 -40.8426 
vt 16.214 -41.0203 
vt 16.2425 -41.1059 
vt 16.2425 -41.0203 
vt 16.214 -41.1059 
vt 16.2425 -41.0203 
vt 16.214 -40.9918 
vt 16.214 -41.0203 
vt 16.2425 -40.9918 
vt 16.214 -40.9918 
vt 16.2425 -41.0203 
vt 16.2425 -40.9918 
vt 16.1854 -40.9918 
vt 16.214 -41.0203 
vt 16.214 -40.9918 
vt 16.214 -41.0203 
vt 16.214 -41.0489 
vt 16.2425 -41.1059 
vt 16.2425 -41.0489 
vt 16.214 -41.1059 
vt 16.2425 -41.0489 
vt 16.214 -41.0203 
vt 16.214 -41.0489 
vt 16.2425 -41.0203 
vt 16.1854 -40.9918 
vt 16.214 -41.0203 
vt 16.214 -40.9918 
vt 16.1854 -40.9633 
vt 16.214 -40.9918 
vt 16.214 -40.9633 
vt 16.1854 -41.0203 
vt 16.1854 -40.9918 
vt 16.1569 -40.9348 
vt 16.1569 -40.9633 
vt 16.1854 -40.9348 
vt 16.1284 -40.9062 
vt 16.1284 -40.9348 
vt 16.1854 -40.9633 
vt 16.214 -40.9918 
vt 16.214 -40.9633 
vt 16.1854 -41.0203 
vt 16.1854 -40.9918 
vt 16.1569 -40.9633 
vt 16.1854 -41.0203 
vt 16.1854 -40.9633 
vt 16.1569 -40.9348 
vt 16.1854 -40.9348 
vt 16.1569 -40.9633 
vt 16.1284 -40.9348 
vt 16.0998 -40.9062 
vt 16.0998 -40.9348 
vt 16.1569 -40.9062 
vt 16.1284 -40.9062 
vt 16.0998 -40.8777 
vt 16.0998 -40.9062 
vt 16.1284 -40.8777 
vt 16.0998 -40.8777 
vt 16.1284 -40.9062 
vt 16.1284 -40.8777 
vt 16.0998 -40.9062 
vt 16.1284 -40.9062 
vt 16.1284 -40.9348 
vt 16.1284 -40.9348 
vt 16.0998 -40.9062 
vt 16.0998 -40.9348 
vt 16.1569 -40.9062 
vt 16.1284 -40.9062 
vt 16.0713 -40.9062 
vt 16.0998 -40.9348 
vt 16.0998 -40.9062 
vt 16.0713 -40.9348 
vt 16.0998 -40.8777 
vt 16.0428 -40.8777 
vt 16.0428 -40.9062 
vt 16.0713 -40.8777 
vt 16.0428 -40.8492 
vt 16.0428 -40.8777 
vt 16.0713 -40.8492 
vt 16.0428 -40.8492 
vt 15.9572 -40.8777 
vt 16.0428 -40.8777 
vt 16.0428 -40.8492 
vt 16.0713 -40.8777 
vt 16.0713 -40.8492 
vt 16.0428 -40.9062 
vt 16.0428 -40.8777 
vt 16.0428 -40.8777 
vt 15.9572 -40.9062 
vt 16.0428 -40.9062 
vt 16.0998 -40.8777 
vt 16.0428 -40.8777 
vt 16.0428 -40.8492 
vt 15.9572 -40.8492 
vt 16.0428 -40.8777 
vt 16.1569 -41.0203 
vt 16.214 -41.1059 
vt 16.1854 -41.1059 
vt 16.1854 -41.0203 
vt 16.1569 -41.1059 
vt 16.1854 -41.1059 
vt 16.1569 -41.1059 
vt 16.1569 -41.0203 
vt 16.1284 -41.0489 
vt 16.214 -41.0203 
vt 16.1569 -41.0203 
vt 16.1284 -41.0203 
vt 16.2545 -41.051 
vt 16.2265 -41.1341 
vt 16.2545 -41.1341 
vt 16.124 -41.0459 
vt 16.124 -41.1392 
vt 16.2119 -41.1392 
vt 16.1284 -41.1059 
vt 16.2265 -41.051 
vt 16.2119 -41.0459 
vt 16.1761 -41.0416 
vt 16.0183 -41.0416 
vt 16.1761 -41.1435 
vt 16.0998 -41.0489 
vt 16.1284 -41.1059 
vt 16.1284 -41.0489 
vt 16.0998 -41.0489 
vt 16.0998 -41.0203 
vt 16.0713 -41.0203 
vt 16.0428 -41.0489 
vt 16.0998 -41.0203 
vt 16.0428 -41.1059 
vt 16.0183 -41.1435 
vt 16.046 -41.0343 
vt 15.954 -41.1508 
vt 16.046 -41.1508 
vt 16.0143 -40.9918 
vt 15.9572 -41.0489 
vt 16.0428 -41.1059 
vt 16.0428 -41.0489 
vt 16.1284 -40.9918 
vt 16.1284 -41.0203 
vt 16.1569 -40.9633 
vt 16.1284 -40.9633 
vt 16.0998 -40.9918 
vt 16.1284 -40.9348 
vt 16.1569 -40.9348 
vt 16.1284 -40.9633 
vt 16.1284 -40.9348 
vt 16.0998 -40.9633 
vt 16.0998 -40.9918 
vt 16.0713 -41.0203 
vt 16.1284 -40.9918 
vt 16.0713 -40.9348 
vt 16.0998 -40.9633 
vt 16.0713 -40.9633 
vt 16.0713 -40.9918 
vt 16.0713 -40.9633 
vt 16.0713 -40.9348 
vt 16.0143 -40.9633 
vt 16.0713 -40.9062 
vt 15.9287 -40.9062 
vt 16.0713 -40.9918 
vt 15.9857 -40.9918 
vt 16.0143 -40.9918 
vt 15.9857 -40.9633 
vt 16.0143 -40.9633 
vt 15.9572 -41.0489 
vt 15.786 -40.9918 
vt 15.8146 -41.0203 
vt 15.8146 -40.9918 
vt 15.786 -41.0203 
vt 15.786 -40.9633 
vt 15.8146 -40.9918 
vt 15.8146 -40.9633 
vt 15.8146 -40.9348 
vt 15.8431 -40.9633 
vt 15.8431 -40.9348 
vt 15.8146 -40.9348 
vt 15.8431 -40.9633 
vt 15.8431 -40.9348 
vt 15.8431 -41.0203 
vt 15.8146 -40.9633 
vt 15.8146 -41.0203 
vt 15.8146 -41.0203 
vt 15.786 -40.9918 
vt 15.786 -41.0203 
vt 15.8146 -40.9918 
vt 15.8146 -40.9633 
vt 15.786 -40.9633 
vt 15.8146 -40.9918 
vt 15.786 -40.9918 
vt 15.786 -41.0203 
vt 15.7575 -41.1059 
vt 15.786 -41.1059 
vt 15.7575 -41.0203 
vt 15.786 -41.0203 
vt 15.7575 -40.9918 
vt 15.7575 -41.0203 
vt 15.786 -40.9918 
vt 15.7575 -40.9918 
vt 15.786 -41.0203 
vt 15.786 -40.9918 
vt 15.7575 -41.0203 
vt 15.7575 -41.0489 
vt 15.786 -41.1059 
vt 15.786 -41.0489 
vt 15.7575 -41.1059 
vt 15.786 -41.0489 
vt 15.7575 -41.0203 
vt 15.7575 -41.0489 
vt 15.786 -40.9918 
vt 15.786 -41.0203 
vt 15.8716 -40.9348 
vt 15.8431 -40.9062 
vt 15.9002 -40.8777 
vt 15.9572 -40.9062 
vt 15.9572 -40.8777 
vt 15.9002 -40.9062 
vt 15.9572 -40.8777 
vt 15.9287 -40.8492 
vt 15.9287 -40.8777 
vt 15.9572 -40.8492 
vt 15.9572 -40.8492 
vt 15.9287 -40.8492 
vt 15.9572 -40.8777 
vt 15.9572 -40.8492 
vt 15.9002 -40.8777 
vt 15.9572 -40.9062 
vt 15.9572 -40.8777 
vt 15.9002 -40.9062 
vt 15.9572 -40.8777 
vt 15.9572 -40.8777 
vt 15.9287 -40.8777 
vt 15.9287 -40.9348 
vt 15.9002 -40.9062 
vt 15.9002 -40.9348 
vt 15.9002 -40.9348 
vt 15.8716 -40.9062 
vt 15.8716 -40.9348 
vt 15.8716 -40.9062 
vt 15.8716 -40.8777 
vt 15.9002 -40.9062 
vt 15.9002 -40.8777 
vt 15.8716 -40.8777 
vt 15.9002 -40.9062 
vt 15.9002 -40.8777 
vt 15.9002 -40.9348 
vt 15.8716 -40.9062 
vt 15.8716 -40.9348 
vt 15.8716 -40.9348 
vt 15.8431 -40.9062 
vt 15.8716 -40.9062 
vt 15.8716 -40.9062 
vt 15.9287 -40.9062 
vt 15.9002 -41.0489 
vt 15.9572 -41.1059 
vt 15.9002 -41.0489 
vt 15.8716 -41.0203 
vt 15.8716 -41.0489 
vt 15.9287 -41.0203 
vt 15.9002 -41.0203 
vt 15.9002 -41.0203 
vt 15.9817 -41.0416 
vt 15.8239 -41.1435 
vt 15.9817 -41.1435 
vt 15.8716 -41.1059 
vt 15.9572 -41.1059 
vt 15.954 -41.0343 
vt 15.8716 -41.0489 
vt 15.8239 -41.0416 
vt 15.8431 -41.1059 
vt 15.8146 -41.0203 
vt 15.8146 -41.1059 
vt 15.8146 -41.1059 
vt 15.786 -41.0203 
vt 15.786 -41.1059 
vt 15.8431 -41.0203 
vt 15.8431 -41.0203 
vt 15.8431 -41.1059 
vt 15.876 -41.0459 
vt 15.7881 -41.1392 
vt 15.876 -41.1392 
vt 15.7735 -41.1341 
vt 15.7455 -41.051 
vt 15.7455 -41.1341 
vt 15.8716 -41.1059 
vt 15.7881 -41.0459 
vt 15.7735 -41.051 
vt 15.8716 -40.9918 
vt 15.8716 -41.0203 
vt 15.9287 -40.9633 
vt 15.9857 -40.9918 
vt 15.9287 -40.9918 
vt 15.9287 -40.9348 
vt 15.9002 -40.9633 
vt 15.9287 -40.9633 
vt 15.9287 -40.9348 
vt 15.9287 -41.0203 
vt 15.9002 -40.9918 
vt 15.9287 -40.9918 
vt 15.9857 -40.9633 
vt 15.9002 -40.9633 
vt 15.8716 -40.9633 
vt 15.9002 -40.9918 
vt 15.8431 -40.9633 
vt 15.8716 -40.9633 
vt 15.8431 -40.9348 
vt 15.8716 -40.9348 
vt 15.8716 -40.9348 
vt 15.8716 -40.9918 
vt 15.8431 -40.9633 
vt 15.786 -41.1849 
vt 15.7575 -41.2134 
vt 15.786 -41.2134 
vt 15.7575 -41.1849 
vt 15.8146 -41.2419 
vt 15.786 -41.2705 
vt 15.8146 -41.2705 
vt 15.8431 -41.2705 
vt 15.8146 -41.299 
vt 15.8431 -41.299 
vt 15.786 -41.2419 
vt 15.786 -41.2134 
vt 15.786 -41.2419 
vt 15.8146 -41.2134 
vt 15.786 -41.1564 
vt 15.7575 -41.1849 
vt 15.786 -41.1849 
vt 15.786 -41.0993 
vt 15.786 -41.2134 
vt 15.8146 -41.2134 
vt 15.8146 -41.2705 
vt 15.8431 -41.2705 
vt 15.8146 -41.2419 
vt 15.7575 -41.1564 
vt 15.786 -41.0993 
vt 15.7575 -41.1278 
vt 15.786 -41.1278 
vt 15.7575 -41.0993 
vt 15.786 -41.1278 
vt 15.7575 -41.1564 
vt 15.786 -41.1564 
vt 15.8146 -40.9852 
vt 15.786 -41.0708 
vt 15.8146 -41.0708 
vt 15.786 -40.9852 
vt 15.7575 -41.1278 
vt 15.8146 -41.0708 
vt 15.786 -41.0993 
vt 15.8146 -41.0993 
vt 15.786 -41.0708 
vt 15.8146 -41.0993 
vt 15.8146 -40.9567 
vt 15.8431 -40.9567 
vt 15.8431 -41.0993 
vt 15.9002 -41.3275 
vt 15.8716 -41.3561 
vt 15.9002 -41.3561 
vt 15.8716 -41.3275 
vt 15.9002 -41.3275 
vt 15.9002 -41.3561 
vt 15.9287 -41.3275 
vt 16.0428 -41.3561 
vt 15.9572 -41.3561 
vt 15.9572 -41.3846 
vt 15.9287 -41.3561 
vt 15.8716 -41.299 
vt 15.8431 -41.3275 
vt 15.8716 -41.3275 
vt 15.9287 -41.299 
vt 15.9002 -41.3275 
vt 15.9287 -41.3275 
vt 15.9002 -41.299 
vt 15.8716 -41.3275 
vt 15.9002 -41.3275 
vt 15.9287 -41.3561 
vt 15.9857 -41.3561 
vt 15.9287 -41.3275 
vt 15.9857 -41.3275 
vt 15.9287 -41.3275 
vt 16.0713 -41.3275 
vt 15.9287 -41.299 
vt 15.8431 -41.299 
vt 15.8716 -41.2705 
vt 15.8431 -41.2134 
vt 15.8716 -41.299 
vt 15.8716 -41.299 
vt 15.9002 -41.299 
vt 15.9002 -41.2705 
vt 15.8716 -41.299 
vt 15.9287 -41.299 
vt 15.8716 -41.2705 
vt 15.8716 -41.2419 
vt 15.8431 -41.2705 
vt 15.9002 -41.2419 
vt 15.9287 -41.2705 
vt 15.8431 -41.2134 
vt 15.8146 -41.0993 
vt 15.8146 -41.2134 
vt 15.8431 -41.2134 
vt 15.8716 -41.2134 
vt 15.8716 -41.2134 
vt 15.8716 -41.2419 
vt 15.9002 -41.2419 
vt 15.9002 -41.1849 
vt 15.8716 -41.1849 
vt 15.8431 -41.2134 
vt 15.8431 -41.0993 
vt 15.8716 -41.0993 
vt 15.8716 -41.1849 
vt 15.9287 -41.1564 
vt 15.9287 -41.2419 
vt 15.9002 -41.1849 
vt 15.9002 -41.2419 
vt 15.8431 -41.0993 
vt 15.8431 -41.0993 
vt 15.8716 -41.0993 
vt 15.8716 -41.0708 
vt 15.8431 -40.9567 
vt 15.8716 -40.9852 
vt 15.9002 -41.0708 
vt 15.9002 -40.9852 
vt 15.8716 -41.0993 
vt 15.9002 -41.0708 
vt 15.8716 -41.0993 
vt 15.9002 -41.0993 
vt 15.8716 -41.0708 
vt 15.9287 -41.1278 
vt 15.9002 -41.0993 
vt 15.9287 -41.2705 
vt 15.9002 -41.2419 
vt 15.9002 -41.2705 
vt 15.9287 -41.299 
vt 15.9572 -41.2705 
vt 15.9572 -41.2419 
vt 16.0428 -41.2705 
vt 15.9572 -41.2705 
vt 16.0428 -41.2419 
vt 15.9572 -41.2419 
vt 15.9572 -41.1849 
vt 15.9287 -41.2419 
vt 15.9287 -41.1564 
vt 15.9572 -41.1564 
vt 16.0428 -41.1849 
vt 16.0428 -41.1849 
vt 15.9572 -41.1564 
vt 15.9572 -41.1849 
vt 15.9572 -41.1278 
vt 15.9287 -41.1564 
vt 15.9572 -41.0993 
vt 15.9002 -40.9852 
vt 15.9572 -41.0708 
vt 15.9572 -40.9852 
vt 15.9572 -41.1278 
vt 15.9572 -41.0708 
vt 15.9002 -41.0708 
vt 15.9287 -41.1278 
vt 16.0428 -41.0708 
vt 16.0428 -41.1278 
vt 15.9572 -41.0993 
vt 15.8146 -40.9567 
vt 15.786 -40.9852 
vt 15.8146 -40.9852 
vt 15.7575 -40.9567 
vt 15.786 -40.9281 
vt 15.7575 -40.9281 
vt 15.7575 -40.8996 
vt 15.786 -40.8711 
vt 15.7575 -40.8711 
vt 15.786 -40.8426 
vt 15.7575 -40.8711 
vt 15.786 -40.8711 
vt 15.786 -40.9567 
vt 15.786 -40.8996 
vt 15.786 -40.9567 
vt 15.786 -40.8996 
vt 15.7575 -40.9281 
vt 15.786 -40.9281 
vt 15.7575 -40.8996 
vt 15.786 -40.8426 
vt 15.786 -40.9567 
vt 15.8146 -40.8426 
vt 15.8146 -40.8426 
vt 15.8146 -40.9567 
vt 15.8431 -40.8426 
vt 15.7575 -40.8426 
vt 15.8181 -40.6743 
vt 15.7455 -40.6385 
vt 15.79 -40.6974 
vt 15.7735 -40.6154 
vt 15.786 -40.7855 
vt 15.786 -40.814 
vt 15.8146 -40.7855 
vt 15.8146 -40.814 
vt 15.7759 -40.6984 
vt 15.876 -40.683 
vt 15.7881 -40.6546 
vt 15.8146 -40.757 
vt 15.8431 -40.757 
vt 15.8146 -40.814 
vt 15.786 -40.8426 
vt 15.8146 -40.8426 
vt 15.786 -40.814 
vt 15.8431 -40.7855 
vt 15.8146 -40.7855 
vt 15.8431 -40.8426 
vt 15.8431 -40.7855 
vt 15.8716 -40.7284 
vt 15.8716 -40.757 
vt 15.8431 -40.7284 
vt 15.8716 -40.7284 
vt 15.8716 -40.757 
vt 15.9002 -40.7284 
vt 15.9002 -40.757 
vt 16.0199 -40.789 
vt 15.954 -40.6595 
vt 15.9801 -40.789 
vt 15.8716 -40.757 
vt 15.8716 -40.7855 
vt 15.8431 -40.9567 
vt 15.8431 -40.757 
vt 15.8716 -40.9567 
vt 15.8716 -40.8426 
vt 15.8716 -40.814 
vt 15.9287 -40.7284 
vt 15.9002 -40.757 
vt 15.9287 -40.757 
vt 15.9002 -40.7284 
vt 15.9751 -40.7589 
vt 15.8239 -40.6746 
vt 15.8172 -40.7259 
vt 15.8638 -40.7268 
vt 15.8716 -40.6999 
vt 15.8716 -40.7284 
vt 15.9002 -40.6999 
vt 15.9002 -40.7284 
vt 16.0428 -40.6714 
vt 15.9572 -40.6714 
vt 15.9572 -40.6999 
vt 15.9817 -40.6701 
vt 15.9287 -40.6999 
vt 15.9002 -40.7284 
vt 15.9287 -40.7284 
vt 15.9002 -40.6999 
vt 15.9287 -40.7284 
vt 15.9857 -40.7284 
vt 15.9287 -40.6999 
vt 15.9857 -40.6999 
vt 15.8431 -40.7855 
vt 15.8716 -40.8711 
vt 15.8431 -40.9567 
vt 15.8716 -40.9567 
vt 15.8431 -40.8426 
vt 15.8716 -40.9852 
vt 15.9002 -40.9567 
vt 15.9002 -40.9567 
vt 15.9002 -40.9852 
vt 15.9287 -40.9852 
vt 15.8716 -40.9567 
vt 15.8716 -40.9281 
vt 15.9002 -40.8996 
vt 15.9002 -40.8996 
vt 15.8716 -40.8711 
vt 15.8716 -40.9281 
vt 15.9002 -40.8711 
vt 15.9287 -40.9281 
vt 15.9287 -40.8996 
vt 15.9002 -40.8711 
vt 15.8716 -40.8426 
vt 15.8716 -40.7855 
vt 15.9002 -40.7855 
vt 15.8716 -40.757 
vt 15.9002 -40.814 
vt 15.9287 -40.757 
vt 15.9287 -40.7855 
vt 15.9002 -40.814 
vt 15.8716 -40.814 
vt 15.9002 -40.814 
vt 15.9287 -40.7855 
vt 15.9002 -40.7855 
vt 15.9287 -40.8996 
vt 15.9287 -40.9281 
vt 15.9287 -40.9852 
vt 15.9572 -40.9567 
vt 15.9572 -40.9852 
vt 16.0428 -40.9852 
vt 15.9572 -40.9281 
vt 15.9572 -40.8711 
vt 15.9572 -40.8996 
vt 15.9572 -40.8996 
vt 15.9287 -40.9281 
vt 15.9572 -40.9281 
vt 15.9287 -40.8996 
vt 16.0428 -40.9281 
vt 15.9572 -40.9567 
vt 16.0428 -40.8996 
vt 15.9572 -40.8711 
vt 15.9572 -40.814 
vt 15.9572 -40.7855 
vt 15.9287 -40.757 
vt 16.0428 -40.7855 
vt 16.0713 -40.757 
vt 15.9287 -40.7284 
vt 15.9572 -40.814 
vt 15.9002 -40.814 
vt 16.0428 -40.814 
vt 15.9572 -40.7855 
vt 16.0428 -41.3846 
vt 16.0713 -41.3275 
vt 16.0713 -41.3561 
vt 16.0998 -41.3275 
vt 16.0998 -41.3561 
vt 16.1284 -41.3275 
vt 16.0998 -41.3561 
vt 16.1284 -41.3561 
vt 16.0998 -41.3275 
vt 16.0713 -41.3275 
vt 16.0143 -41.3561 
vt 16.0713 -41.3561 
vt 16.0143 -41.3275 
vt 15.9857 -41.3561 
vt 16.0143 -41.3561 
vt 15.9857 -41.3275 
vt 16.0143 -41.3275 
vt 16.0998 -41.299 
vt 16.0713 -41.3275 
vt 16.0998 -41.3275 
vt 16.1284 -41.299 
vt 16.0998 -41.3275 
vt 16.1284 -41.3275 
vt 16.1569 -41.299 
vt 16.1284 -41.3275 
vt 16.1569 -41.3275 
vt 16.0713 -41.299 
vt 16.0998 -41.299 
vt 16.1284 -41.299 
vt 16.1569 -41.2705 
vt 16.1284 -41.299 
vt 16.1569 -41.299 
vt 16.1284 -41.2705 
vt 16.0713 -41.299 
vt 16.1284 -41.299 
vt 16.0998 -41.2705 
vt 16.0713 -41.2705 
vt 16.1284 -41.2705 
vt 16.1284 -41.2419 
vt 16.1569 -41.2705 
vt 16.1854 -41.2705 
vt 16.1854 -41.299 
vt 16.1854 -41.2419 
vt 16.214 -41.2419 
vt 16.214 -41.2705 
vt 16.2425 -41.1849 
vt 16.214 -41.2134 
vt 16.2425 -41.2134 
vt 16.214 -41.1849 
vt 16.2425 -41.1564 
vt 16.214 -41.1849 
vt 16.2425 -41.1849 
vt 16.1854 -41.2134 
vt 16.1854 -41.2705 
vt 16.1569 -41.2134 
vt 16.1854 -41.2134 
vt 16.1854 -41.2419 
vt 16.214 -41.2134 
vt 16.214 -41.2419 
vt 16.214 -41.0993 
vt 16.214 -41.2134 
vt 16.214 -41.1564 
vt 16.214 -40.9852 
vt 16.1854 -41.0708 
vt 16.214 -41.0708 
vt 16.1854 -40.9852 
vt 16.214 -41.0993 
vt 16.214 -41.1278 
vt 16.2425 -41.0993 
vt 16.2425 -41.1278 
vt 16.214 -41.1564 
vt 16.2425 -41.1564 
vt 16.2425 -41.1278 
vt 16.214 -41.1278 
vt 16.1854 -41.0708 
vt 16.1854 -41.0993 
vt 16.214 -41.0708 
vt 16.1854 -40.9567 
vt 16.1569 -41.0993 
vt 16.1854 -41.0993 
vt 16.214 -41.0993 
vt 16.1569 -41.2705 
vt 16.0713 -41.299 
vt 16.0428 -41.2705 
vt 16.0713 -41.2705 
vt 16.0428 -41.2419 
vt 16.0998 -41.2419 
vt 16.0428 -41.1564 
vt 16.0713 -41.1564 
vt 16.0428 -41.1564 
vt 16.0428 -41.1849 
vt 16.0998 -41.2419 
vt 16.0428 -41.2419 
vt 16.0998 -41.1849 
vt 16.0713 -41.1278 
vt 16.0428 -41.0993 
vt 16.0428 -41.1278 
vt 16.0428 -40.9852 
vt 16.0428 -41.0708 
vt 16.0998 -41.0708 
vt 16.0998 -41.0993 
vt 16.0998 -41.0708 
vt 16.0428 -41.0993 
vt 16.0713 -41.1564 
vt 16.0713 -41.1278 
vt 16.0998 -41.2705 
vt 16.0998 -41.2419 
vt 16.1569 -41.2134 
vt 16.1284 -41.2134 
vt 16.1854 -41.0993 
vt 16.1854 -41.2134 
vt 16.1284 -41.2134 
vt 16.0998 -41.2419 
vt 16.1284 -41.2419 
vt 16.0998 -41.1849 
vt 16.1284 -41.1849 
vt 16.1284 -41.1849 
vt 16.1569 -41.2134 
vt 16.1569 -41.0993 
vt 16.1284 -40.9852 
vt 16.0998 -41.0708 
vt 16.1284 -41.0708 
vt 16.0998 -40.9852 
vt 16.1284 -41.0993 
vt 16.1569 -41.0993 
vt 16.1569 -40.9567 
vt 16.1284 -41.0993 
vt 16.0998 -41.0993 
vt 16.1284 -41.0708 
vt 16.0998 -40.9852 
vt 16.1284 -41.0993 
vt 16.1284 -40.7284 
vt 16.0998 -40.757 
vt 16.1284 -40.757 
vt 16.0998 -40.7284 
vt 16.1761 -40.6746 
vt 16.0249 -40.7589 
vt 16.1828 -40.7259 
vt 16.1569 -40.7284 
vt 16.1284 -40.757 
vt 16.1569 -40.757 
vt 16.1284 -40.7284 
vt 16.1569 -40.9567 
vt 16.0713 -40.7284 
vt 16.0713 -40.757 
vt 16.0998 -40.7284 
vt 16.0143 -40.6999 
vt 15.9857 -40.7284 
vt 16.0143 -40.7284 
vt 16.0998 -40.757 
vt 16.1569 -40.757 
vt 16.1284 -40.7855 
vt 16.1569 -40.7855 
vt 16.1284 -40.757 
vt 16.0713 -40.6999 
vt 16.0143 -40.7284 
vt 16.0713 -40.7284 
vt 16.0183 -40.6701 
vt 16.0428 -40.6999 
vt 16.0998 -40.7284 
vt 16.1284 -40.6999 
vt 16.0998 -40.6999 
vt 16.1284 -40.7284 
vt 16.2241 -40.6984 
vt 16.124 -40.683 
vt 16.1362 -40.7268 
vt 16.046 -40.6595 
vt 15.9857 -40.6999 
vt 16.0143 -40.6999 
vt 16.0713 -40.6999 
vt 16.0713 -40.7284 
vt 16.0998 -40.6999 
vt 16.0998 -40.7284 
vt 16.1569 -40.7855 
vt 16.1854 -40.757 
vt 16.214 -40.9281 
vt 16.214 -40.9567 
vt 16.2425 -40.9281 
vt 16.214 -40.8711 
vt 16.214 -40.8996 
vt 16.2425 -40.8711 
vt 16.2425 -40.8426 
vt 16.214 -40.8711 
vt 16.2425 -40.8711 
vt 16.2425 -40.9567 
vt 16.2425 -40.8996 
vt 16.214 -40.9567 
vt 16.1854 -40.9852 
vt 16.214 -40.9852 
vt 16.1854 -40.9567 
vt 16.1854 -40.8426 
vt 16.214 -40.9567 
vt 16.214 -40.8426 
vt 16.2425 -40.8996 
vt 16.214 -40.9281 
vt 16.2425 -40.9281 
vt 16.214 -40.8996 
vt 16.214 -40.8426 
vt 16.1854 -40.7855 
vt 16.1854 -40.814 
vt 16.214 -40.7855 
vt 16.2119 -40.6546 
vt 16.214 -40.814 
vt 16.21 -40.6974 
vt 16.2545 -40.6385 
vt 16.1819 -40.6743 
vt 16.2265 -40.6154 
vt 16.1854 -40.7855 
vt 16.1569 -40.8426 
vt 16.1854 -40.8426 
vt 16.214 -40.814 
vt 16.1854 -40.814 
vt 16.214 -40.8426 
vt 16.1284 -40.9567 
vt 16.0428 -40.9567 
vt 16.0713 -40.9281 
vt 16.0428 -40.9281 
vt 16.0998 -40.9567 
vt 16.0998 -40.9852 
vt 16.0998 -40.8711 
vt 16.0713 -40.8996 
vt 16.0428 -40.9567 
vt 16.0428 -40.8711 
vt 16.0428 -40.8996 
vt 16.0713 -40.9281 
vt 16.0713 -40.8996 
vt 16.0428 -40.8711 
vt 16.0428 -40.814 
vt 16.0713 -40.7855 
vt 16.0713 -40.7284 
vt 16.0713 -40.757 
vt 16.0998 -40.814 
vt 16.0998 -40.7855 
vt 16.0713 -40.7855 
vt 16.0428 -40.7855 
vt 16.0998 -40.814 
vt 16.1284 -40.9567 
vt 16.1284 -40.9852 
vt 16.0998 -40.9567 
vt 16.1569 -40.9567 
vt 16.1284 -40.8711 
vt 16.1854 -40.8426 
vt 16.1854 -40.9567 
vt 16.1569 -40.8426 
vt 16.1569 -40.8426 
vt 16.1284 -40.8711 
vt 16.1284 -40.8426 
vt 16.0998 -40.8711 
vt 16.1284 -40.9567 
vt 16.1284 -40.814 
vt 16.1284 -40.7855 
vt 16.0998 -40.814 
vt 16.1284 -40.8426 
vt 16.1569 -40.7855 
vt 16.1284 -40.757 
vt 16.0998 -40.7855 
vt 16.0998 -40.814 
vt 16.1284 -40.814 
vt 15.8941 -41.0993 
vt 15.8941 -41.2134 
vt 15.9511 -41.1849 
vt 15.9511 -41.2134 
vt 15.9797 -41.1849 
vt 15.9511 -41.1849 
vt 15.9511 -41.2134 
vt 15.9797 -41.2419 
vt 15.9797 -41.1849 
vt 15.9797 -41.1564 
vt 15.9797 -41.1278 
vt 15.9797 -41.0993 
vt 15.8941 -40.9567 
vt 15.8941 -41.0993 
vt 15.9797 -41.0708 
vt 15.9797 -41.0993 
vt 16.0082 -41.1278 
vt 16.0082 -41.0708 
vt 16.0082 -41.1278 
vt 15.9797 -41.1278 
vt 15.9797 -41.2705 
vt 15.8941 -41.2705 
vt 15.9797 -41.299 
vt 15.8941 -41.2705 
vt 15.8941 -41.299 
vt 15.9797 -41.2705 
vt 16.0082 -41.2419 
vt 15.9797 -41.2419 
vt 16.0367 -41.299 
vt 15.9797 -41.2705 
vt 15.9797 -41.299 
vt 15.8941 -41.2134 
vt 16.0082 -41.2134 
vt 16.0082 -41.1564 
vt 15.9797 -41.1564 
vt 16.0082 -41.2419 
vt 16.0082 -40.9852 
vt 15.9797 -40.9852 
vt 15.9797 -41.0708 
vt 16.0082 -41.1564 
vt 16.0367 -41.2705 
vt 16.0367 -41.2134 
vt 16.0082 -41.2134 
vt 16.0367 -41.2134 
vt 16.0367 -41.0993 
vt 16.0082 -41.0993 
vt 16.0082 -41.0708 
vt 16.0082 -41.0993 
vt 16.0367 -41.0993 
vt 16.0367 -41.2705 
vt 16.0652 -41.2705 
vt 16.0367 -41.2134 
vt 16.0652 -41.2134 
vt 16.0367 -41.0993 
vt 16.0652 -41.2134 
vt 16.0938 -41.2134 
vt 16.0652 -41.0993 
vt 16.0367 -40.9567 
vt 16.0367 -40.9567 
vt 16.0367 -41.0993 
vt 16.0652 -41.0993 
vt 16.0652 -40.9567 
vt 16.0938 -41.0993 
vt 15.9797 -40.9852 
vt 15.9511 -40.8711 
vt 15.8941 -40.8426 
vt 15.8941 -40.9567 
vt 15.9797 -40.9281 
vt 15.9797 -40.9567 
vt 15.9797 -40.8996 
vt 16.0082 -40.9281 
vt 15.9797 -40.8711 
vt 15.8659 -40.6385 
vt 15.8659 -40.6974 
vt 15.949 -40.6385 
vt 15.9541 -40.6546 
vt 15.8608 -40.6546 
vt 15.8608 -40.6984 
vt 15.949 -40.6974 
vt 15.9511 -40.8426 
vt 15.9541 -40.6984 
vt 15.9797 -40.8711 
vt 15.9511 -40.8426 
vt 15.9511 -40.8711 
vt 15.8941 -40.7855 
vt 15.8941 -40.8426 
vt 15.9797 -40.9567 
vt 15.9797 -40.814 
vt 16.0082 -40.9852 
vt 16.0082 -40.9281 
vt 15.9797 -40.9281 
vt 15.8941 -40.7855 
vt 15.9797 -40.7855 
vt 15.8941 -40.757 
vt 15.9584 -40.6746 
vt 15.8565 -40.6746 
vt 15.8565 -40.7259 
vt 15.9584 -40.7259 
vt 15.9797 -40.7855 
vt 15.9797 -40.757 
vt 16.0082 -40.8996 
vt 15.9797 -40.8996 
vt 16.0082 -40.9567 
vt 16.0082 -40.8996 
vt 16.0367 -40.9567 
vt 16.0367 -40.8426 
vt 16.0082 -40.8426 
vt 16.0082 -40.814 
vt 15.9797 -40.814 
vt 16.0082 -40.814 
vt 16.0367 -40.7855 
vt 16.0082 -40.9567 
vt 16.0652 -40.9567 
vt 16.0367 -40.8426 
vt 16.0367 -40.9567 
vt 16.0652 -40.8426 
vt 16.0938 -40.9567 
vt 16.0652 -40.8426 
vt 16.0938 -40.8426 
vt 16.0082 -40.8426 
vt 16.0367 -40.7855 
vt 15.9797 -40.757 
vt 15.9797 -40.7855 
vt 16.0367 -40.757 
vt 16.0367 -40.8426 
vt 16.0652 -40.7855 
vt 15.8941 -40.7284 
vt 15.8941 -40.757 
vt 15.8941 -41.3275 
vt 15.9797 -41.3275 
vt 15.8941 -41.299 
vt 15.8941 -41.3561 
vt 15.9511 -41.3561 
vt 15.8941 -41.3275 
vt 15.9511 -41.3275 
vt 15.9797 -41.3561 
vt 15.9511 -41.3275 
vt 15.9511 -41.3561 
vt 16.0082 -41.3275 
vt 15.9797 -41.299 
vt 15.9797 -41.3275 
vt 15.9797 -41.3275 
vt 16.0082 -41.299 
vt 16.0652 -41.299 
vt 16.0367 -41.2705 
vt 16.0367 -41.299 
vt 16.0652 -41.2705 
vt 16.0938 -41.2419 
vt 16.0652 -41.2134 
vt 16.0652 -41.2419 
vt 16.0938 -41.0993 
vt 16.0652 -41.0708 
vt 16.0652 -41.0993 
vt 16.0367 -41.3275 
vt 16.0082 -41.299 
vt 16.0082 -41.3275 
vt 15.8941 -41.3846 
vt 15.9511 -41.3846 
vt 15.8941 -41.3561 
vt 15.9511 -41.3561 
vt 16.0082 -41.3561 
vt 15.9797 -41.3275 
vt 15.9797 -41.3561 
vt 16.0082 -41.3275 
vt 16.0367 -41.3561 
vt 16.0082 -41.3275 
vt 16.0082 -41.3561 
vt 16.0367 -41.3275 
vt 16.0367 -41.299 
vt 16.0652 -41.3275 
vt 16.0367 -41.299 
vt 16.0367 -41.3275 
vt 16.0652 -41.299 
vt 16.0938 -41.2705 
vt 16.0652 -41.2419 
vt 16.0652 -41.2705 
vt 16.0938 -41.299 
vt 16.0652 -41.2705 
vt 16.0938 -41.0708 
vt 16.0652 -40.9852 
vt 16.0652 -41.0708 
vt 16.0938 -41.2134 
vt 16.0938 -41.2419 
vt 16.1223 -41.2419 
vt 16.0938 -41.1849 
vt 16.1223 -41.0993 
vt 16.0938 -41.1849 
vt 16.1223 -41.1849 
vt 16.1223 -41.1849 
vt 16.0938 -40.9852 
vt 16.0652 -40.9567 
vt 16.0652 -40.9852 
vt 16.0938 -41.0708 
vt 16.0938 -40.9852 
vt 16.1223 -41.0993 
vt 16.0938 -41.0993 
vt 16.1223 -40.9852 
vt 16.0938 -40.9567 
vt 16.1223 -41.0708 
vt 16.0938 -41.2705 
vt 16.1223 -41.2705 
vt 16.0938 -41.2419 
vt 16.0938 -41.2705 
vt 16.1223 -41.2419 
vt 16.1508 -41.1849 
vt 16.1223 -41.1564 
vt 16.1223 -41.1849 
vt 16.1508 -41.1564 
vt 16.1508 -41.1564 
vt 16.1223 -41.1278 
vt 16.1223 -41.1564 
vt 16.1223 -41.0708 
vt 16.0938 -40.9852 
vt 16.0938 -41.0708 
vt 16.1223 -40.9852 
vt 16.1508 -41.1278 
vt 16.1223 -41.0993 
vt 16.1223 -41.1278 
vt 16.1508 -41.1278 
vt 16.1508 -41.0993 
vt 16.1223 -40.9567 
vt 15.9797 -40.7284 
vt 16.0082 -40.757 
vt 15.9797 -40.7284 
vt 15.9797 -40.757 
vt 16.0082 -40.7284 
vt 16.0367 -40.757 
vt 16.0082 -40.7284 
vt 16.0082 -40.757 
vt 16.0367 -40.7284 
vt 15.9797 -40.7284 
vt 15.9511 -40.6999 
vt 15.9511 -40.7284 
vt 15.8941 -40.7284 
vt 15.9511 -40.7284 
vt 15.8941 -40.6999 
vt 15.9511 -40.6999 
vt 15.9797 -40.6999 
vt 16.0082 -40.7284 
vt 15.9797 -40.6999 
vt 15.9797 -40.7284 
vt 16.0082 -40.6999 
vt 15.9511 -40.6714 
vt 15.8941 -40.6714 
vt 15.8941 -40.6999 
vt 15.9657 -40.789 
vt 15.8492 -40.6595 
vt 15.8492 -40.789 
vt 15.9584 -40.7589 
vt 15.8565 -40.6701 
vt 15.8565 -40.7589 
vt 15.9541 -40.7268 
vt 15.8608 -40.683 
vt 15.8608 -40.7268 
vt 16.0367 -40.7284 
vt 16.0082 -40.6999 
vt 16.0082 -40.7284 
vt 16.0367 -40.6999 
vt 15.9657 -40.6595 
vt 15.949 -40.6154 
vt 15.8659 -40.6743 
vt 15.949 -40.6743 
vt 15.8659 -40.6154 
vt 15.9541 -40.683 
vt 15.9511 -40.6999 
vt 15.9584 -40.6701 
vt 16.0652 -40.7855 
vt 16.0367 -40.757 
vt 16.0367 -40.7855 
vt 16.0938 -40.9567 
vt 16.0938 -40.8711 
vt 16.1223 -40.9281 
vt 16.1223 -40.8711 
vt 16.0938 -40.814 
vt 16.0938 -40.8711 
vt 16.1223 -40.9567 
vt 16.1223 -40.8711 
vt 16.0938 -40.8426 
vt 16.0652 -40.814 
vt 16.0652 -40.8426 
vt 16.0652 -40.757 
vt 16.0652 -40.7855 
vt 16.0652 -40.814 
vt 16.0938 -40.814 
vt 16.0938 -40.7855 
vt 16.1223 -40.814 
vt 16.0652 -40.757 
vt 16.0367 -40.7284 
vt 16.0367 -40.757 
vt 16.1508 -40.9281 
vt 16.1223 -40.8996 
vt 16.1223 -40.9281 
vt 16.1508 -40.9567 
vt 16.1223 -40.9281 
vt 16.1223 -40.9567 
vt 16.1508 -40.8996 
vt 16.1223 -40.8711 
vt 16.1223 -40.8996 
vt 16.1508 -40.8996 
vt 16.1508 -40.9281 
vt 16.1508 -40.8711 
vt 16.0652 -40.7284 
vt 16.0938 -40.7855 
vt 16.0652 -40.7855 
vt 16.0938 -40.757 
vt 16.1223 -40.814 
vt 16.0938 -40.7855 
vt 16.0938 -40.814 
vt 16.1223 -40.7855 
vt 15.8431 -41.1059 
vt 15.8716 -41.0489 
vt 15.8431 -41.0203 
vt 15.8716 -41.1059 
vt 15.9002 -41.0489 
vt 15.8716 -41.0489 
vt 15.8716 -41.1059 
vt 15.8716 -41.0203 
vt 15.9002 -41.0203 
vt 15.8716 -40.9918 
vt 15.8431 -41.1059 
vt 15.8431 -41.0203 
vt 15.8146 -41.0203 
vt 15.786 -41.0203 
vt 15.786 -41.1059 
vt 15.8146 -41.1059 
vt 15.8146 -41.1059 
vt 15.8146 -41.0203 
vt 15.8146 -40.9633 
vt 15.8431 -41.0203 
vt 15.8431 -41.0203 
vt 15.8716 -41.0203 
vt 15.8716 -40.9918 
vt 15.9002 -41.0489 
vt 15.9572 -41.1059 
vt 15.9572 -41.1059 
vt 16.0428 -41.1059 
vt 15.9572 -41.0489 
vt 15.9572 -41.0489 
vt 15.9287 -41.0203 
vt 15.9002 -41.0203 
vt 15.9857 -40.9918 
vt 15.9287 -40.9918 
vt 16.0143 -40.9918 
vt 15.9287 -41.0203 
vt 15.9287 -40.9918 
vt 15.9002 -40.9918 
vt 15.8431 -40.9633 
vt 15.9002 -40.9918 
vt 15.8716 -40.9633 
vt 15.9002 -40.9633 
vt 15.9002 -40.9633 
vt 15.8716 -40.9348 
vt 15.9287 -40.9348 
vt 15.8431 -40.9633 
vt 15.8716 -40.9633 
vt 15.8431 -40.9348 
vt 15.8716 -40.9348 
vt 15.8716 -40.9348 
vt 15.9002 -40.9348 
vt 15.8716 -40.9062 
vt 15.9002 -40.9062 
vt 15.9002 -40.9348 
vt 15.9287 -40.9348 
vt 15.9002 -40.9062 
vt 15.9857 -40.9918 
vt 15.9287 -40.9633 
vt 15.9857 -40.9633 
vt 15.9857 -40.9633 
vt 15.9287 -40.9348 
vt 15.9287 -40.9633 
vt 15.9287 -40.9062 
vt 16.0713 -40.9348 
vt 15.9287 -40.9062 
vt 15.9287 -40.9348 
vt 15.9287 -40.8777 
vt 15.9572 -40.9062 
vt 15.9572 -40.8777 
vt 15.9572 -40.9062 
vt 16.0428 -40.8777 
vt 15.9572 -40.8777 
vt 15.9002 -40.8777 
vt 15.7575 -41.0489 
vt 15.7575 -41.1059 
vt 15.786 -41.1059 
vt 15.7575 -41.0489 
vt 15.786 -41.0489 
vt 15.7575 -41.0203 
vt 15.786 -41.0489 
vt 15.786 -41.0203 
vt 15.786 -41.0203 
vt 15.786 -40.9918 
vt 15.7575 -40.9918 
vt 15.786 -41.0203 
vt 15.8146 -41.0203 
vt 15.786 -40.9918 
vt 15.7575 -41.0203 
vt 15.7575 -41.1059 
vt 15.786 -41.0203 
vt 15.7575 -41.0203 
vt 15.786 -41.1059 
vt 15.786 -41.0203 
vt 15.8146 -41.0203 
vt 15.786 -40.9918 
vt 15.7575 -41.0203 
vt 15.786 -41.0203 
vt 15.7575 -40.9918 
vt 15.786 -40.9918 
vt 15.786 -40.9918 
vt 15.8146 -40.9918 
vt 15.786 -40.9633 
vt 15.8146 -40.9918 
vt 15.9801 -41.1508 
vt 16.0199 -41.0343 
vt 15.9801 -41.0343 
vt 15.8146 -40.9918 
vt 15.786 -40.9918 
vt 15.8146 -40.9918 
vt 15.786 -40.9633 
vt 15.8146 -40.9633 
vt 15.8172 -41.0416 
vt 15.9751 -41.1435 
vt 15.9751 -41.0416 
vt 15.8638 -41.1392 
vt 15.7759 -41.0459 
vt 15.7759 -41.1392 
vt 15.8172 -41.1435 
vt 15.8181 -41.1341 
vt 15.79 -41.051 
vt 15.79 -41.1341 
vt 15.8181 -41.051 
vt 15.8638 -41.0459 
vt 15.8146 -40.9633 
vt 15.8431 -40.9633 
vt 15.8146 -40.9348 
vt 15.8431 -40.9348 
vt 15.8716 -40.9348 
vt 15.8431 -40.9062 
vt 15.8716 -40.9062 
vt 15.8716 -40.9062 
vt 15.9002 -40.9062 
vt 15.8716 -40.8777 
vt 15.8716 -40.9348 
vt 15.9002 -40.9348 
vt 15.8716 -40.9062 
vt 15.8431 -40.9633 
vt 15.8146 -40.9348 
vt 15.8431 -40.9348 
vt 15.8716 -40.9348 
vt 15.8431 -40.9062 
vt 15.8716 -40.9062 
vt 15.9002 -40.9062 
vt 15.8716 -40.8777 
vt 15.9002 -40.9062 
vt 15.9002 -40.8777 
vt 15.9287 -40.8777 
vt 15.9002 -40.8777 
vt 15.9287 -40.8777 
vt 15.9572 -40.8777 
vt 15.9287 -40.8492 
vt 15.9572 -40.8492 
vt 15.9572 -40.8777 
vt 16.0428 -40.8492 
vt 15.9572 -40.8492 
vt 15.9572 -40.9062 
vt 15.9002 -40.8777 
vt 15.9572 -40.8777 
vt 15.9287 -40.8777 
vt 15.9572 -40.8777 
vt 15.9287 -40.8492 
vt 15.9572 -40.8492 
vt 15.9572 -40.8777 
vt 16.0428 -40.8492 
vt 15.9572 -40.8492 
vt 16.0713 -40.9348 
vt 16.0428 -41.0489 
vt 16.0428 -41.1059 
vt 16.0998 -41.0489 
vt 16.0428 -41.0489 
vt 16.0713 -41.0203 
vt 16.0713 -40.9918 
vt 16.1284 -41.1059 
vt 16.0998 -41.0203 
vt 16.0998 -41.0489 
vt 16.1284 -41.0489 
vt 16.0998 -41.0203 
vt 16.0998 -40.9918 
vt 16.0713 -41.0203 
vt 16.0713 -40.9918 
vt 16.1284 -41.0203 
vt 16.1284 -41.0489 
vt 16.1569 -41.1059 
vt 16.1284 -41.1059 
vt 16.1569 -41.0203 
vt 16.1284 -40.9918 
vt 16.1569 -41.0203 
vt 16.1284 -40.9918 
vt 16.1284 -41.0203 
vt 16.1569 -41.1059 
vt 16.1854 -41.1059 
vt 16.214 -41.1059 
vt 16.214 -41.0203 
vt 16.1854 -41.1059 
vt 16.1854 -41.0203 
vt 16.1854 -41.0203 
vt 16.1854 -40.9633 
vt 16.1569 -41.0203 
vt 16.1569 -40.9633 
vt 16.0143 -40.9633 
vt 16.0143 -40.9633 
vt 16.0713 -40.9633 
vt 16.0998 -40.9633 
vt 16.0143 -40.9918 
vt 16.0998 -40.9633 
vt 16.0713 -40.9633 
vt 16.0713 -40.9348 
vt 16.0998 -40.9348 
vt 16.0713 -40.9062 
vt 16.0713 -40.9062 
vt 16.0428 -40.9062 
vt 16.0428 -40.9062 
vt 16.0998 -40.8777 
vt 16.0428 -40.8777 
vt 16.0998 -40.9918 
vt 16.1284 -40.9633 
vt 16.1284 -40.9348 
vt 16.0998 -40.9062 
vt 16.1284 -40.9633 
vt 16.1569 -40.9633 
vt 16.1284 -40.9348 
vt 16.1569 -40.9348 
vt 16.0998 -40.9348 
vt 16.1284 -40.9348 
vt 16.0998 -40.9062 
vt 16.1284 -40.9062 
vt 16.0199 -41.1508 
vt 16.1854 -41.0203 
vt 16.214 -41.0203 
vt 16.1854 -40.9918 
vt 16.1854 -41.0203 
vt 16.214 -41.0203 
vt 16.1854 -40.9918 
vt 16.1854 -40.9918 
vt 16.214 -40.9918 
vt 16.1854 -40.9633 
vt 16.1854 -40.9918 
vt 16.214 -40.9918 
vt 16.1854 -40.9633 
vt 16.0249 -41.1435 
vt 16.1828 -41.0416 
vt 16.0249 -41.0416 
vt 16.1828 -41.1435 
vt 16.1362 -41.1392 
vt 16.2241 -41.1392 
vt 16.2241 -41.0459 
vt 16.21 -41.1341 
vt 16.21 -41.051 
vt 16.1819 -41.1341 
vt 16.1362 -41.0459 
vt 16.1819 -41.051 
vt 16.214 -40.9918 
vt 16.214 -41.0489 
vt 16.214 -41.1059 
vt 16.2425 -41.1059 
vt 16.2425 -41.0489 
vt 16.214 -41.0489 
vt 16.2425 -41.0489 
vt 16.214 -41.0203 
vt 16.2425 -41.0203 
vt 16.2425 -41.0203 
vt 16.2425 -40.9918 
vt 16.214 -40.9918 
vt 16.214 -41.0203 
vt 16.214 -41.0203 
vt 16.214 -41.1059 
vt 16.2425 -41.1059 
vt 16.2425 -41.0203 
vt 16.214 -41.0203 
vt 16.2425 -41.0203 
vt 16.214 -40.9918 
vt 16.214 -40.9918 
vt 16.2425 -40.9918 
vt 16.214 -40.9633 
vt 16.0428 -40.9062 
vt 16.0998 -40.8777 
vt 16.0428 -40.8777 
vt 16.0998 -40.9062 
vt 16.1284 -40.9062 
vt 16.0998 -40.8777 
vt 16.0428 -40.8777 
vt 16.0428 -40.8777 
vt 16.0713 -40.8777 
vt 16.0428 -40.8492 
vt 16.0713 -40.8492 
vt 16.0998 -40.9062 
vt 16.0998 -40.9348 
vt 16.1284 -40.9348 
vt 16.0998 -40.9062 
vt 16.1284 -40.9062 
vt 16.0998 -40.8777 
vt 16.0428 -40.8777 
vt 16.0428 -40.8777 
vt 16.0713 -40.8777 
vt 16.0428 -40.8492 
vt 16.0713 -40.8492 
vt 16.1284 -40.9062 
vt 16.1569 -40.9633 
vt 16.1569 -40.9348 
vt 16.1854 -40.9348 
vt 16.1284 -40.9348 
vt 16.1284 -40.9062 
vt 16.1284 -40.8777 
vt 16.1569 -40.9062 
vt 16.1284 -40.8777 
vt 16.1569 -40.9633 
vt 16.1569 -40.9348 
vt 16.214 -40.9633 
vt 16.1854 -40.9348 
vt 16.1284 -40.9348 
vt 16.1569 -40.9062 
vt 15.954 -40.6595 
vt 16.0199 -40.789 
vt 16.046 -40.6595 
vt 16.1761 -40.6746 
vt 16.0249 -40.7589 
vt 16.1828 -40.7259 
vt 16.2241 -40.6984 
vt 16.124 -40.683 
vt 16.1362 -40.7268 
vt 16.0183 -40.6701 
vt 16.2119 -40.6546 
vt 16.2545 -40.6385 
vt 16.1819 -40.6743 
vt 16.21 -40.6974 
vt 16.2265 -40.6154 
vt 15.9801 -40.789 
vt 15.9751 -40.7589 
vt 15.8239 -40.6746 
vt 15.8172 -40.7259 
vt 15.9817 -40.6701 
vt 15.876 -40.683 
vt 15.7759 -40.6984 
vt 15.8638 -40.7268 
vt 15.7881 -40.6546 
vt 15.8181 -40.6743 
vt 15.7455 -40.6385 
vt 15.79 -40.6974 
vt 15.7735 -40.6154 

usemtl Sphere1Mtl

f 276/276/276 277/277/277 278/278/278 
f 277/277/277 276/276/276 283/283/283 
f 209/209/209 210/210/210 211/211/211 
f 210/210/210 209/209/209 212/212/212 
f 216/216/216 209/209/209 211/211/211 
f 211/211/211 217/217/217 216/216/216 
f 209/209/209 216/216/216 214/214/214 
f 209/209/209 214/214/214 215/215/215 
f 218/218/218 214/214/214 216/216/216 
f 214/214/214 218/218/218 245/245/245 
f 268/268/268 269/269/269 270/270/270 
f 270/270/270 275/275/275 268/268/268 
f 268/268/268 271/271/271 269/269/269 
f 271/271/271 272/272/272 269/269/269 
f 271/271/271 268/268/268 273/273/273 
f 268/268/268 274/274/274 273/273/273 
f 273/273/273 300/300/300 271/271/271 
f 300/300/300 273/273/273 303/303/303 
f 259/259/259 260/260/260 261/261/261 
f 260/260/260 259/259/259 266/266/266 
f 196/196/196 197/197/197 198/198/198 
f 196/196/196 213/213/213 197/197/197 
f 213/213/213 196/196/196 205/205/205 
f 203/203/203 205/205/205 196/196/196 
f 203/203/203 196/196/196 204/204/204 
f 205/205/205 203/203/203 206/206/206 
f 206/206/206 240/240/240 205/205/205 
f 207/207/207 206/206/206 203/203/203 
f 207/207/207 203/203/203 208/208/208 
f 206/206/206 207/207/207 241/241/241 
f 244/244/244 241/241/241 207/207/207 
f 244/244/244 207/207/207 246/246/246 
f 219/219/219 244/244/244 246/246/246 
f 246/246/246 220/220/220 219/219/219 
f 219/219/219 220/220/220 199/199/199 
f 201/201/201 219/219/219 199/199/199 
f 219/219/219 201/201/201 247/247/247 
f 199/199/199 200/200/200 201/201/201 
f 201/201/201 200/200/200 202/202/202 
f 202/202/202 200/200/200 252/252/252 
f 202/202/202 252/252/252 253/253/253 
f 284/284/284 202/202/202 253/253/253 
f 284/284/284 299/299/299 202/202/202 
f 286/286/286 284/284/284 253/253/253 
f 284/284/284 286/286/286 301/301/301 
f 301/301/301 302/302/302 284/284/284 
f 302/302/302 301/301/301 297/297/297 
f 297/297/297 306/306/306 302/302/302 
f 306/306/306 297/297/297 304/304/304 
f 297/297/297 255/255/255 304/304/304 
f 255/255/255 297/297/297 298/298/298 
f 257/257/257 304/304/304 255/255/255 
f 257/257/257 305/305/305 304/304/304 
f 255/255/255 250/250/250 257/257/257 
f 250/250/250 255/255/255 256/256/256 
f 250/250/250 249/249/249 257/257/257 
f 257/257/257 249/249/249 258/258/258 
f 249/249/249 250/250/250 251/251/251 
f 189/189/189 190/190/190 191/191/191 
f 190/190/190 189/189/189 193/193/193 
f 194/194/194 189/189/189 195/195/195 
f 189/189/189 194/194/194 224/224/224 
f 225/225/225 224/224/224 194/194/194 
f 225/225/225 194/194/194 226/226/226 
f 225/225/225 242/242/242 243/243/243 
f 242/242/242 225/225/225 236/236/236 
f 235/235/235 234/234/234 236/236/236 
f 233/233/233 236/236/236 234/234/234 
f 232/232/232 233/233/233 234/234/234 
f 233/233/233 232/232/232 254/254/254 
f 248/248/248 236/236/236 233/233/233 
f 248/248/248 233/233/233 285/285/285 
f 248/248/248 290/290/290 291/291/291 
f 290/290/290 248/248/248 295/295/295 
f 292/292/292 295/295/295 296/296/296 
f 295/295/295 292/292/292 294/294/294 
f 292/292/292 263/263/263 294/294/294 
f 263/263/263 292/292/292 293/293/293 
f 262/262/262 263/263/263 264/264/264 
f 262/262/262 267/267/267 263/263/263 
f 124/124/124 125/125/125 126/126/126 
f 124/124/124 127/127/127 125/125/125 
f 124/124/124 184/184/184 185/185/185 
f 265/265/265 185/185/185 184/184/184 
f 181/181/181 176/176/176 125/125/125 
f 125/125/125 176/176/176 177/177/177 
f 288/288/288 238/238/238 176/176/176 
f 238/238/238 288/288/288 289/289/289 
f 238/238/238 237/237/237 287/287/287 
f 237/237/237 238/238/238 239/239/239 
f 230/230/230 227/227/227 239/239/239 
f 227/227/227 230/230/230 231/231/231 
f 227/227/227 223/223/223 228/228/228 
f 223/223/223 227/227/227 229/229/229 
f 222/222/222 221/221/221 223/223/223 
f 221/221/221 222/222/222 187/187/187 
f 186/186/186 187/187/187 188/188/188 
f 192/192/192 188/188/188 187/187/187 
f 27/27/27 28/28/28 29/29/29 
f 28/28/28 27/27/27 30/30/30 
f 31/31/31 32/32/32 33/33/33 
f 32/32/32 31/31/31 34/34/34 
f 35/35/35 36/36/36 37/37/37 
f 36/36/36 35/35/35 38/38/38 
f 42/42/42 43/43/43 44/44/44 
f 43/43/43 42/42/42 79/79/79 
f 45/45/45 46/46/46 47/47/47 
f 46/46/46 45/45/45 82/82/82 
f 80/80/80 81/81/81 82/82/82 
f 81/81/81 80/80/80 84/84/84 
f 51/51/51 52/52/52 53/53/53 
f 52/52/52 51/51/51 88/88/88 
f 51/51/51 169/169/169 175/175/175 
f 169/169/169 51/51/51 170/170/170 
f 121/121/121 122/122/122 123/123/123 
f 122/122/122 121/121/121 132/132/132 
f 133/133/133 134/134/134 135/135/135 
f 134/134/134 133/133/133 136/136/136 
f 166/166/166 167/167/167 168/168/168 
f 167/167/167 166/166/166 183/183/183 
f 178/178/178 179/179/179 180/180/180 
f 179/179/179 178/178/178 182/182/182 
f 5/5/5 6/6/6 7/7/7 
f 6/6/6 5/5/5 16/16/16 
f 17/17/17 18/18/18 19/19/19 
f 18/18/18 17/17/17 26/26/26 
f 39/39/39 40/40/40 41/41/41 
f 40/40/40 39/39/39 58/58/58 
f 39/39/39 77/77/77 83/83/83 
f 77/77/77 39/39/39 78/78/78 
f 48/48/48 49/49/49 50/50/50 
f 49/49/49 48/48/48 76/76/76 
f 48/48/48 89/89/89 91/91/91 
f 89/89/89 48/48/48 90/90/90 
f 86/86/86 85/85/85 76/76/76 
f 85/85/85 86/86/86 87/87/87 
f 128/128/128 129/129/129 130/130/130 
f 129/129/129 128/128/128 131/131/131 
f 137/137/137 138/138/138 139/139/139 
f 138/138/138 137/137/137 141/141/141 
f 163/163/163 164/164/164 165/165/165 
f 164/164/164 163/163/163 173/173/173 
f 171/171/171 172/172/172 173/173/173 
f 172/172/172 171/171/171 174/174/174 
f 109/109/109 110/110/110 111/111/111 
f 110/110/110 109/109/109 115/115/115 
f 8/8/8 9/9/9 10/10/10 
f 9/9/9 8/8/8 15/15/15 
f 20/20/20 21/21/21 22/22/22 
f 21/21/21 20/20/20 23/23/23 
f 20/20/20 24/24/24 54/54/54 
f 24/24/24 20/20/20 25/25/25 
f 64/64/64 65/65/65 66/66/66 
f 65/65/65 64/64/64 71/71/71 
f 118/118/118 119/119/119 120/120/120 
f 119/119/119 118/118/118 140/140/140 
f 144/144/144 145/145/145 146/146/146 
f 145/145/145 144/144/144 151/151/151 
f 155/155/155 156/156/156 157/157/157 
f 156/156/156 155/155/155 158/158/158 
f 159/159/159 160/160/160 158/158/158 
f 160/160/160 159/159/159 162/162/162 
f 1/1/1 2/2/2 3/3/3 
f 2/2/2 1/1/1 4/4/4 
f 55/55/55 56/56/56 57/57/57 
f 56/56/56 55/55/55 59/59/59 
f 60/60/60 61/61/61 62/62/62 
f 61/61/61 60/60/60 63/63/63 
f 67/67/67 68/68/68 69/69/69 
f 68/68/68 67/67/67 70/70/70 
f 72/72/72 73/73/73 74/74/74 
f 73/73/73 72/72/72 75/75/75 
f 92/92/92 93/93/93 94/94/94 
f 93/93/93 92/92/92 143/143/143 
f 112/112/112 113/113/113 114/114/114 
f 113/113/113 112/112/112 117/117/117 
f 147/147/147 148/148/148 149/149/149 
f 148/148/148 147/147/147 150/150/150 
f 152/152/152 153/153/153 154/154/154 
f 153/153/153 152/152/152 161/161/161 
f 11/11/11 12/12/12 13/13/13 
f 12/12/12 11/11/11 14/14/14 
f 104/104/104 105/105/105 106/106/106 
f 105/105/105 104/104/104 142/142/142 
f 279/279/279 280/280/280 281/281/281 
f 280/280/280 282/282/282 281/281/281 
f 98/98/98 99/99/99 100/100/100 
f 99/99/99 98/98/98 107/107/107 
f 95/95/95 96/96/96 97/97/97 
f 95/95/95 108/108/108 96/96/96 
f 101/101/101 102/102/102 103/103/103 
f 101/101/101 116/116/116 102/102/102 
f 584/584/584 585/585/585 586/586/586 
f 585/585/585 584/584/584 589/589/589 
f 412/412/412 413/413/413 414/414/414 
f 413/413/413 412/412/412 419/419/419 
f 434/434/434 435/435/435 436/436/436 
f 569/569/569 435/435/435 434/434/434 
f 421/421/421 422/422/422 423/423/423 
f 422/422/422 433/433/433 423/423/423 
f 564/564/564 565/565/565 566/566/566 
f 571/571/571 565/565/565 564/564/564 
f 438/438/438 439/439/439 440/440/440 
f 439/439/439 438/438/438 568/568/568 
f 424/424/424 425/425/425 426/426/426 
f 424/424/424 432/432/432 425/425/425 
f 432/432/432 424/424/424 430/430/430 
f 429/429/429 430/430/430 424/424/424 
f 424/424/424 431/431/431 429/429/429 
f 437/437/437 430/430/430 429/429/429 
f 429/429/429 463/463/463 437/437/437 
f 430/430/430 437/437/437 464/464/464 
f 467/467/467 464/464/464 437/437/437 
f 602/602/602 464/464/464 467/467/467 
f 430/430/430 464/464/464 468/468/468 
f 464/464/464 561/561/561 468/468/468 
f 464/464/464 601/601/601 561/561/561 
f 556/556/556 468/468/468 561/561/561 
f 563/563/563 556/556/556 561/561/561 
f 468/468/468 556/556/556 557/557/557 
f 557/557/557 556/556/556 567/567/567 
f 567/567/567 556/556/556 570/570/570 
f 406/406/406 407/407/407 408/408/408 
f 408/408/408 418/418/418 406/406/406 
f 411/411/411 408/408/408 407/407/407 
f 408/408/408 411/411/411 428/428/428 
f 427/427/427 408/408/408 428/428/428 
f 451/451/451 428/428/428 411/411/411 
f 411/411/411 453/453/453 451/451/451 
f 451/451/451 452/452/452 428/428/428 
f 452/452/452 451/451/451 457/457/457 
f 457/457/457 451/451/451 456/456/456 
f 455/455/455 456/456/456 451/451/451 
f 460/460/460 457/457/457 456/456/456 
f 457/457/457 460/460/460 465/465/465 
f 456/456/456 459/459/459 460/460/460 
f 459/459/459 466/466/466 460/460/460 
f 459/459/459 598/598/598 466/466/466 
f 592/592/592 466/466/466 598/598/598 
f 466/466/466 592/592/592 593/593/593 
f 593/593/593 592/592/592 594/594/594 
f 592/592/592 600/600/600 594/594/594 
f 592/592/592 603/603/603 600/600/600 
f 562/562/562 594/594/594 600/600/600 
f 562/562/562 599/599/599 594/594/594 
f 600/600/600 559/559/559 562/562/562 
f 600/600/600 611/611/611 559/559/559 
f 559/559/559 558/558/558 562/562/562 
f 558/558/558 559/559/559 560/560/560 
f 559/559/559 578/578/578 560/560/560 
f 580/580/580 560/560/560 578/578/578 
f 560/560/560 580/580/580 587/587/587 
f 415/415/415 416/416/416 417/417/417 
f 420/420/420 415/415/415 417/417/417 
f 581/581/581 582/582/582 583/583/583 
f 588/588/588 582/582/582 581/581/581 
f 403/403/403 404/404/404 405/405/405 
f 410/410/410 404/404/404 403/403/403 
f 441/441/441 442/442/442 410/410/410 
f 443/443/443 441/441/441 410/410/410 
f 441/441/441 443/443/443 444/444/444 
f 444/444/444 445/445/445 441/441/441 
f 450/450/450 445/445/445 444/444/444 
f 449/449/449 450/450/450 444/444/444 
f 450/450/450 449/449/449 454/454/454 
f 454/454/454 458/458/458 450/450/450 
f 461/461/461 462/462/462 454/454/454 
f 595/595/595 454/454/454 462/462/462 
f 595/595/595 596/596/596 597/597/597 
f 609/609/609 596/596/596 595/595/595 
f 596/596/596 609/609/609 604/604/604 
f 596/596/596 604/604/604 605/605/605 
f 605/605/605 604/604/604 590/590/590 
f 612/612/612 590/590/590 604/604/604 
f 590/590/590 612/612/612 579/579/579 
f 590/590/590 579/579/579 591/591/591 
f 573/573/573 572/572/572 579/579/579 
f 572/572/572 573/573/573 574/574/574 
f 348/348/348 349/349/349 350/350/350 
f 349/349/349 348/348/348 400/400/400 
f 348/348/348 446/446/446 448/448/448 
f 446/446/446 348/348/348 447/447/447 
f 349/349/349 401/401/401 409/409/409 
f 401/401/401 349/349/349 402/402/402 
f 373/373/373 374/374/374 375/375/375 
f 374/374/374 373/373/373 376/376/376 
f 392/392/392 393/393/393 394/394/394 
f 393/393/393 392/392/392 532/532/532 
f 482/482/482 483/483/483 484/484/484 
f 483/483/483 482/482/482 606/606/606 
f 576/576/576 575/575/575 484/484/484 
f 575/575/575 576/576/576 577/577/577 
f 607/607/607 608/608/608 606/606/606 
f 608/608/608 607/607/607 610/610/610 
f 535/535/535 536/536/536 537/537/537 
f 536/536/536 535/535/535 555/555/555 
f 330/330/330 331/331/331 332/332/332 
f 331/331/331 330/330/330 346/346/346 
f 368/368/368 369/369/369 370/370/370 
f 369/369/369 368/368/368 372/372/372 
f 395/395/395 391/391/391 369/369/369 
f 390/390/390 369/369/369 391/391/391 
f 485/485/485 486/486/486 487/487/487 
f 486/486/486 485/485/485 488/488/488 
f 528/528/528 529/529/529 530/530/530 
f 529/529/529 528/528/528 531/531/531 
f 549/549/549 548/548/548 531/531/531 
f 548/548/548 549/549/549 550/550/550 
f 322/322/322 323/323/323 324/324/324 
f 323/323/323 322/322/322 325/325/325 
f 343/343/343 344/344/344 345/345/345 
f 344/344/344 343/343/343 347/347/347 
f 343/343/343 351/351/351 353/353/353 
f 351/351/351 343/343/343 352/352/352 
f 351/351/351 366/366/366 367/367/367 
f 366/366/366 351/351/351 371/371/371 
f 479/479/479 480/480/480 481/481/481 
f 480/480/480 479/479/479 489/489/489 
f 551/551/551 552/552/552 481/481/481 
f 552/552/552 551/551/551 553/553/553 
f 490/490/490 491/491/491 489/489/489 
f 491/491/491 490/490/490 512/512/512 
f 505/505/505 506/506/506 507/507/507 
f 506/506/506 505/505/505 508/508/508 
f 326/326/326 327/327/327 328/328/328 
f 327/327/327 326/326/326 329/329/329 
f 362/362/362 363/363/363 364/364/364 
f 363/363/363 362/362/362 365/365/365 
f 397/397/397 398/398/398 399/399/399 
f 533/533/533 399/399/399 398/398/398 
f 509/509/509 510/510/510 511/511/511 
f 510/510/510 509/509/509 513/513/513 
f 545/545/545 546/546/546 547/547/547 
f 546/546/546 545/545/545 554/554/554 
f 315/315/315 316/316/316 317/317/317 
f 316/316/316 315/315/315 321/321/321 
f 387/387/387 388/388/388 389/389/389 
f 388/388/388 387/387/387 396/396/396 
f 501/501/501 502/502/502 503/503/503 
f 502/502/502 501/501/501 504/504/504 
f 525/525/525 526/526/526 527/527/527 
f 526/526/526 525/525/525 534/534/534 
f 318/318/318 319/319/319 320/320/320 
f 319/319/319 318/318/318 336/336/336 
f 354/354/354 355/355/355 356/356/356 
f 355/355/355 354/354/354 358/358/358 
f 379/379/379 355/355/355 378/378/378 
f 377/377/377 378/378/378 355/355/355 
f 469/469/469 470/470/470 471/471/471 
f 470/470/470 469/469/469 472/472/472 
f 516/516/516 517/517/517 518/518/518 
f 517/517/517 516/516/516 519/519/519 
f 539/539/539 538/538/538 519/519/519 
f 538/538/538 539/539/539 540/540/540 
f 307/307/307 308/308/308 309/309/309 
f 308/308/308 307/307/307 310/310/310 
f 333/333/333 334/334/334 335/335/335 
f 334/334/334 333/333/333 337/337/337 
f 338/338/338 333/333/333 340/340/340 
f 333/333/333 338/338/338 339/339/339 
f 338/338/338 341/341/341 342/342/342 
f 341/341/341 338/338/338 357/357/357 
f 359/359/359 341/341/341 361/361/361 
f 341/341/341 359/359/359 360/360/360 
f 384/384/384 385/385/385 386/386/386 
f 384/384/384 523/523/523 385/385/385 
f 473/473/473 474/474/474 475/475/475 
f 474/474/474 473/473/473 492/492/492 
f 477/477/477 476/476/476 475/475/475 
f 476/476/476 477/477/477 478/478/478 
f 514/514/514 515/515/515 478/478/478 
f 515/515/515 514/514/514 541/541/541 
f 543/543/543 542/542/542 541/541/541 
f 542/542/542 543/543/543 544/544/544 
f 493/493/493 494/494/494 495/495/495 
f 494/494/494 493/493/493 496/496/496 
f 311/311/311 312/312/312 313/313/313 
f 312/312/312 311/311/311 314/314/314 
f 380/380/380 381/381/381 382/382/382 
f 381/381/381 380/380/380 383/383/383 
f 497/497/497 498/498/498 499/499/499 
f 498/498/498 497/497/497 500/500/500 
f 520/520/520 521/521/521 522/522/522 
f 521/521/521 520/520/520 524/524/524 
f 746/746/746 747/747/747 748/748/748 
f 747/747/747 746/746/746 996/996/996 
f 760/760/760 747/747/747 996/996/996 
f 760/760/760 996/996/996 1012/1012/1012 
f 1013/1013/1013 760/760/760 1012/1012/1012 
f 747/747/747 760/760/760 749/749/749 
f 749/749/749 750/750/750 747/747/747 
f 750/750/750 749/749/749 758/758/758 
f 760/760/760 761/761/761 749/749/749 
f 1011/1011/1011 761/761/761 760/760/760 
f 891/891/891 892/892/892 893/893/893 
f 891/891/891 894/894/894 892/892/892 
f 893/893/893 895/895/895 891/891/891 
f 895/895/895 893/893/893 896/896/896 
f 895/895/895 896/896/896 1130/1130/1130 
f 891/891/891 895/895/895 897/897/897 
f 897/897/897 895/895/895 1133/1133/1133 
f 1134/1134/1134 897/897/897 1133/1133/1133 
f 897/897/897 898/898/898 891/891/891 
f 898/898/898 897/897/897 1135/1135/1135 
f 710/710/710 711/711/711 712/712/712 
f 712/712/712 711/711/711 714/714/714 
f 714/714/714 713/713/713 712/712/712 
f 713/713/713 714/714/714 715/715/715 
f 729/729/729 710/710/710 712/712/712 
f 710/710/710 729/729/729 730/730/730 
f 729/729/729 751/751/751 730/730/730 
f 751/751/751 729/729/729 755/755/755 
f 756/756/756 730/730/730 751/751/751 
f 756/756/756 757/757/757 730/730/730 
f 751/751/751 759/759/759 756/756/756 
f 759/759/759 886/886/886 756/756/756 
f 751/751/751 1004/1004/1004 759/759/759 
f 1010/1010/1010 759/759/759 1004/1004/1004 
f 886/886/886 759/759/759 887/887/887 
f 1010/1010/1010 1004/1004/1004 1009/1009/1009 
f 1003/1003/1003 1004/1004/1004 1005/1005/1005 
f 1004/1004/1004 1003/1003/1003 1009/1009/1009 
f 1009/1009/1009 1003/1003/1003 997/997/997 
f 1039/1039/1039 1009/1009/1009 1024/1024/1024 
f 1009/1009/1009 1002/1002/1002 1024/1024/1024 
f 1009/1009/1009 997/997/997 1002/1002/1002 
f 999/999/999 1002/1002/1002 997/997/997 
f 997/997/997 998/998/998 999/999/999 
f 1002/1002/1002 999/999/999 1000/1000/1000 
f 1000/1000/1000 999/999/999 1001/1001/1001 
f 887/887/887 885/885/885 886/886/886 
f 885/885/885 884/884/884 886/886/886 
f 883/883/883 884/884/884 885/885/885 
f 888/888/888 883/883/883 885/885/885 
f 1123/1123/1123 885/885/885 887/887/887 
f 1126/1126/1126 1123/1123/1123 887/887/887 
f 1126/1126/1126 887/887/887 1127/1127/1127 
f 1123/1123/1123 1126/1126/1126 1124/1124/1124 
f 1123/1123/1123 1124/1124/1124 1125/1125/1125 
f 1154/1154/1154 1126/1126/1126 1157/1157/1157 
f 1128/1128/1128 1126/1126/1126 1154/1154/1154 
f 1126/1126/1126 1128/1128/1128 1124/1124/1124 
f 1124/1124/1124 1128/1128/1128 1129/1129/1129 
f 1131/1131/1131 1129/1129/1129 1128/1128/1128 
f 1129/1129/1129 1131/1131/1131 1132/1132/1132 
f 1131/1131/1131 1128/1128/1128 907/907/907 
f 1128/1128/1128 1144/1144/1144 907/907/907 
f 907/907/907 889/889/889 1131/1131/1131 
f 908/908/908 907/907/907 1143/1143/1143 
f 907/907/907 908/908/908 905/905/905 
f 889/889/889 907/907/907 905/905/905 
f 905/905/905 866/866/866 889/889/889 
f 905/905/905 906/906/906 866/866/866 
f 868/868/868 889/889/889 866/866/866 
f 889/889/889 868/868/868 890/890/890 
f 866/866/866 863/863/863 868/868/868 
f 864/864/864 863/863/863 866/866/866 
f 863/863/863 864/864/864 865/865/865 
f 738/738/738 739/739/739 740/740/740 
f 739/739/739 738/738/738 992/992/992 
f 745/745/745 740/740/740 739/739/739 
f 740/740/740 745/745/745 741/741/741 
f 741/741/741 742/742/742 740/740/740 
f 742/742/742 741/741/741 743/743/743 
f 741/741/741 744/744/744 743/743/743 
f 857/857/857 858/858/858 859/859/859 
f 867/867/867 857/857/857 859/859/859 
f 857/857/857 867/867/867 862/862/862 
f 882/882/882 862/862/862 867/867/867 
f 857/857/857 862/862/862 861/861/861 
f 860/860/860 857/857/857 861/861/861 
f 703/703/703 704/704/704 705/705/705 
f 706/706/706 703/703/703 705/705/705 
f 703/703/703 706/706/706 707/707/707 
f 707/707/707 708/708/708 703/703/703 
f 707/707/707 709/709/709 708/708/708 
f 709/709/709 707/707/707 724/724/724 
f 725/725/725 726/726/726 727/727/727 
f 728/728/728 726/726/726 725/725/725 
f 752/752/752 725/725/725 753/753/753 
f 754/754/754 752/752/752 753/753/753 
f 856/856/856 855/855/855 752/752/752 
f 853/853/853 855/855/855 856/856/856 
f 851/851/851 852/852/852 853/853/853 
f 852/852/852 851/851/851 854/854/854 
f 854/854/854 851/851/851 870/870/870 
f 869/869/869 870/870/870 851/851/851 
f 870/870/870 869/869/869 877/877/877 
f 870/870/870 877/877/877 878/878/878 
f 731/731/731 732/732/732 733/733/733 
f 732/732/732 731/731/731 736/736/736 
f 736/736/736 731/731/731 735/735/735 
f 731/731/731 734/734/734 735/735/735 
f 737/737/737 735/735/735 734/734/734 
f 737/737/737 734/734/734 991/991/991 
f 737/737/737 991/991/991 993/993/993 
f 993/993/993 994/994/994 737/737/737 
f 993/993/993 995/995/995 994/994/994 
f 995/995/995 993/993/993 1014/1014/1014 
f 879/879/879 880/880/880 881/881/881 
f 880/880/880 879/879/879 899/899/899 
f 900/900/900 880/880/880 899/899/899 
f 880/880/880 900/900/900 901/901/901 
f 902/902/902 901/901/901 900/900/900 
f 901/901/901 902/902/902 1139/1139/1139 
f 1137/1137/1137 1139/1139/1139 902/902/902 
f 1136/1136/1136 1137/1137/1137 902/902/902 
f 1137/1137/1137 1136/1136/1136 1140/1140/1140 
f 1140/1140/1140 1164/1164/1164 1137/1137/1137 
f 1006/1006/1006 1007/1007/1007 1008/1008/1008 
f 1038/1038/1038 1006/1006/1006 1008/1008/1008 
f 1008/1008/1008 1036/1036/1036 1037/1037/1037 
f 1037/1037/1037 1036/1036/1036 1035/1035/1035 
f 1147/1147/1147 1038/1038/1038 1145/1145/1145 
f 1145/1145/1145 1038/1038/1038 1146/1146/1146 
f 1035/1035/1035 1025/1025/1025 1027/1027/1027 
f 1027/1027/1027 1025/1025/1025 1026/1026/1026 
f 1026/1026/1026 1025/1025/1025 1020/1020/1020 
f 1023/1023/1023 1020/1020/1020 1025/1025/1025 
f 1020/1020/1020 1023/1023/1023 1021/1021/1021 
f 1020/1020/1020 1021/1021/1021 1022/1022/1022 
f 1148/1148/1148 1149/1149/1149 1145/1145/1145 
f 1149/1149/1149 1148/1148/1148 1153/1153/1153 
f 1149/1149/1149 1153/1153/1153 1155/1155/1155 
f 1155/1155/1155 1156/1156/1156 1149/1149/1149 
f 1156/1156/1156 1155/1155/1155 1165/1165/1165 
f 1155/1155/1155 1166/1166/1166 1165/1165/1165 
f 681/681/681 682/682/682 683/683/683 
f 942/942/942 683/683/683 682/682/682 
f 945/945/945 942/942/942 944/944/944 
f 943/943/943 944/944/944 942/942/942 
f 944/944/944 943/943/943 946/946/946 
f 947/947/947 944/944/944 946/946/946 
f 1015/1015/1015 944/944/944 947/947/947 
f 990/990/990 947/947/947 946/946/946 
f 947/947/947 990/990/990 1016/1016/1016 
f 1016/1016/1016 1017/1017/1017 947/947/947 
f 1018/1018/1018 1016/1016/1016 1019/1019/1019 
f 1033/1033/1033 1016/1016/1016 1018/1018/1018 
f 1030/1030/1030 1032/1032/1032 1033/1033/1033 
f 1034/1034/1034 1030/1030/1030 1033/1033/1033 
f 1030/1030/1030 1034/1034/1034 1028/1028/1028 
f 1028/1028/1028 1029/1029/1029 1030/1030/1030 
f 1028/1028/1028 1031/1031/1031 1029/1029/1029 
f 1034/1034/1034 1122/1122/1122 1028/1028/1028 
f 1150/1150/1150 1034/1034/1034 1151/1151/1151 
f 1034/1034/1034 1150/1150/1150 1152/1152/1152 
f 1152/1152/1152 1158/1158/1158 1161/1161/1161 
f 1158/1158/1158 1152/1152/1152 1162/1162/1162 
f 1159/1159/1159 1158/1158/1158 1162/1162/1162 
f 1158/1158/1158 1159/1159/1159 1160/1160/1160 
f 1160/1160/1160 1159/1159/1159 1141/1141/1141 
f 1163/1163/1163 1141/1141/1141 1159/1159/1159 
f 1163/1163/1163 903/903/903 1141/1141/1141 
f 1141/1141/1141 903/903/903 1142/1142/1142 
f 1138/1138/1138 904/904/904 903/903/903 
f 875/875/875 903/903/903 904/904/904 
f 875/875/875 872/872/872 876/876/876 
f 872/872/872 875/875/875 873/873/873 
f 872/872/872 873/873/873 871/871/871 
f 825/825/825 872/872/872 871/871/871 
f 872/872/872 825/825/825 874/874/874 
f 850/850/850 825/825/825 871/871/871 
f 850/850/850 786/786/786 825/825/825 
f 824/824/824 825/825/825 786/786/786 
f 784/784/784 785/785/785 786/786/786 
f 786/786/786 785/785/785 821/821/821 
f 690/690/690 691/691/691 692/692/692 
f 697/697/697 690/690/690 692/692/692 
f 693/693/693 691/691/691 690/690/690 
f 696/696/696 693/693/693 690/690/690 
f 694/694/694 693/693/693 696/696/696 
f 693/693/693 694/694/694 695/695/695 
f 694/694/694 698/698/698 695/695/695 
f 698/698/698 694/694/694 702/702/702 
f 699/699/699 700/700/700 701/701/701 
f 701/701/701 716/716/716 699/699/699 
f 717/717/717 718/718/718 719/719/719 
f 721/721/721 717/717/717 719/719/719 
f 720/720/720 717/717/717 721/721/721 
f 720/720/720 721/721/721 823/823/823 
f 721/721/721 719/719/719 722/722/722 
f 722/722/722 723/723/723 721/721/721 
f 630/630/630 631/631/631 632/632/632 
f 632/632/632 653/653/653 630/630/630 
f 655/655/655 653/653/653 656/656/656 
f 654/654/654 653/653/653 655/655/655 
f 781/781/781 782/782/782 654/654/654 
f 654/654/654 783/783/783 781/781/781 
f 634/634/634 686/686/686 632/632/632 
f 632/632/632 633/633/633 634/634/634 
f 634/634/634 684/684/684 685/685/685 
f 685/685/685 684/684/684 687/687/687 
f 805/805/805 783/783/783 807/807/807 
f 783/783/783 805/805/805 806/806/806 
f 819/819/819 805/805/805 820/820/820 
f 822/822/822 805/805/805 819/819/819 
f 671/671/671 672/672/672 673/673/673 
f 672/672/672 671/671/671 689/689/689 
f 826/826/826 827/827/827 828/828/828 
f 827/827/827 826/826/826 829/829/829 
f 921/921/921 922/922/922 923/923/923 
f 924/924/924 922/922/922 921/921/921 
f 926/926/926 927/927/927 928/928/928 
f 927/927/927 926/926/926 935/935/935 
f 938/938/938 939/939/939 940/940/940 
f 941/941/941 939/939/939 938/938/938 
f 963/963/963 938/938/938 961/961/961 
f 961/961/961 938/938/938 962/962/962 
f 968/968/968 961/961/961 969/969/969 
f 988/988/988 961/961/961 968/968/968 
f 986/986/986 987/987/987 988/988/988 
f 1051/1051/1051 987/987/987 986/986/986 
f 1099/1099/1099 986/986/986 1100/1100/1100 
f 1100/1100/1100 1101/1101/1101 1099/1099/1099 
f 1116/1116/1116 1117/1117/1117 1099/1099/1099 
f 1061/1061/1061 1117/1117/1117 1116/1116/1116 
f 1059/1059/1059 1060/1060/1060 1061/1061/1061 
f 1062/1062/1062 1060/1060/1060 1059/1059/1059 
f 1052/1052/1052 1053/1053/1053 1054/1054/1054 
f 1054/1054/1054 1053/1053/1053 1058/1058/1058 
f 1055/1055/1055 1056/1056/1056 1057/1057/1057 
f 1056/1056/1056 1055/1055/1055 1076/1076/1076 
f 624/624/624 625/625/625 626/626/626 
f 626/626/626 625/625/625 635/635/635 
f 641/641/641 642/642/642 643/643/643 
f 642/642/642 641/641/641 648/648/648 
f 649/649/649 650/650/650 651/651/651 
f 652/652/652 650/650/650 649/649/649 
f 674/674/674 675/675/675 676/676/676 
f 688/688/688 675/675/675 674/674/674 
f 677/677/677 678/678/678 679/679/679 
f 680/680/680 679/679/679 678/678/678 
f 762/762/762 763/763/763 764/764/764 
f 776/776/776 763/763/763 762/762/762 
f 777/777/777 778/778/778 779/779/779 
f 780/780/780 778/778/778 777/777/777 
f 801/801/801 802/802/802 803/803/803 
f 802/802/802 801/801/801 804/804/804 
f 812/812/812 813/813/813 814/814/814 
f 814/814/814 813/813/813 815/815/815 
f 846/846/846 847/847/847 848/848/848 
f 849/849/849 848/848/848 847/847/847 
f 918/918/918 919/919/919 920/920/920 
f 918/918/918 925/925/925 919/919/919 
f 929/929/929 930/930/930 931/931/931 
f 936/936/936 930/930/930 929/929/929 
f 964/964/964 965/965/965 966/966/966 
f 966/966/966 965/965/965 967/967/967 
f 978/978/978 979/979/979 980/980/980 
f 982/982/982 979/979/979 978/978/978 
f 983/983/983 984/984/984 985/985/985 
f 985/985/985 984/984/984 989/989/989 
f 1040/1040/1040 1041/1041/1041 1042/1042/1042 
f 1041/1041/1041 1040/1040/1040 1043/1043/1043 
f 1063/1063/1063 1064/1064/1064 1065/1065/1065 
f 1063/1063/1063 1077/1077/1077 1064/1064/1064 
f 1095/1095/1095 1096/1096/1096 1097/1097/1097 
f 1098/1098/1098 1096/1096/1096 1095/1095/1095 
f 1102/1102/1102 1103/1103/1103 1104/1104/1104 
f 1105/1105/1105 1103/1103/1103 1102/1102/1102 
f 1118/1118/1118 1119/1119/1119 1120/1120/1120 
f 1119/1119/1119 1118/1118/1118 1121/1121/1121 
f 617/617/617 618/618/618 619/619/619 
f 623/623/623 618/618/618 617/617/617 
f 619/619/619 621/621/621 620/620/620 
f 620/620/620 621/621/621 622/622/622 
f 669/669/669 668/668/668 622/622/622 
f 668/668/668 669/669/669 670/670/670 
f 627/627/627 628/628/628 629/629/629 
f 628/628/628 627/627/627 636/636/636 
f 637/637/637 638/638/638 639/639/639 
f 638/638/638 637/637/637 640/640/640 
f 644/644/644 645/645/645 646/646/646 
f 647/647/647 645/645/645 644/644/644 
f 661/661/661 662/662/662 663/663/663 
f 663/663/663 662/662/662 667/667/667 
f 765/765/765 766/766/766 767/767/767 
f 766/766/766 765/765/765 774/774/774 
f 768/768/768 769/769/769 770/770/770 
f 769/769/769 768/768/768 775/775/775 
f 792/792/792 793/793/793 794/794/794 
f 794/794/794 793/793/793 795/795/795 
f 800/800/800 794/794/794 808/808/808 
f 799/799/799 794/794/794 800/800/800 
f 809/809/809 800/800/800 810/810/810 
f 800/800/800 809/809/809 811/811/811 
f 842/842/842 843/843/843 844/844/844 
f 843/843/843 842/842/842 845/845/845 
f 910/910/910 911/911/911 912/912/912 
f 912/912/912 911/911/911 913/913/913 
f 932/932/932 933/933/933 934/934/934 
f 933/933/933 932/932/932 937/937/937 
f 949/949/949 932/932/932 950/950/950 
f 948/948/948 932/932/932 949/949/949 
f 951/951/951 949/949/949 952/952/952 
f 952/952/952 949/949/949 953/953/953 
f 958/958/958 959/959/959 960/960/960 
f 970/970/970 959/959/959 958/958/958 
f 971/971/971 972/972/972 973/973/973 
f 974/974/974 972/972/972 971/971/971 
f 975/975/975 976/976/976 977/977/977 
f 977/977/977 976/976/976 981/981/981 
f 1047/1047/1047 1048/1048/1048 1049/1049/1049 
f 1050/1050/1050 1048/1048/1048 1047/1047/1047 
f 1049/1049/1049 1082/1082/1082 1083/1083/1083 
f 1083/1083/1083 1082/1082/1082 1107/1107/1107 
f 1107/1107/1107 1108/1108/1108 1109/1109/1109 
f 1109/1109/1109 1108/1108/1108 1111/1111/1111 
f 1078/1078/1078 1079/1079/1079 1080/1080/1080 
f 1080/1080/1080 1079/1079/1079 1081/1081/1081 
f 1084/1084/1084 1085/1085/1085 1086/1086/1086 
f 1086/1086/1086 1085/1085/1085 1093/1093/1093 
f 1087/1087/1087 1088/1088/1088 1089/1089/1089 
f 1089/1089/1089 1088/1088/1088 1094/1094/1094 
f 816/816/816 817/817/817 818/818/818 
f 817/817/817 816/816/816 1075/1075/1075 
f 830/830/830 831/831/831 832/832/832 
f 831/831/831 830/830/830 841/841/841 
f 1044/1044/1044 1045/1045/1045 1046/1046/1046 
f 1045/1045/1045 1044/1044/1044 1066/1066/1066 
f 796/796/796 797/797/797 798/798/798 
f 797/797/797 796/796/796 833/833/833 
f 1072/1072/1072 1073/1073/1073 1074/1074/1074 
f 1073/1073/1073 1072/1072/1072 1110/1110/1110 
f 613/613/613 614/614/614 615/615/615 
f 614/614/614 613/613/613 616/616/616 
f 657/657/657 658/658/658 659/659/659 
f 658/658/658 657/657/657 660/660/660 
f 664/664/664 665/665/665 666/666/666 
f 664/664/664 666/666/666 909/909/909 
f 771/771/771 772/772/772 773/773/773 
f 772/772/772 771/771/771 787/787/787 
f 834/834/834 835/835/835 836/836/836 
f 836/836/836 835/835/835 837/837/837 
f 838/838/838 839/839/839 840/840/840 
f 838/838/838 840/840/840 1067/1067/1067 
f 914/914/914 915/915/915 916/916/916 
f 917/917/917 915/915/915 914/914/914 
f 954/954/954 955/955/955 956/956/956 
f 957/957/957 955/955/955 954/954/954 
f 1068/1068/1068 1069/1069/1069 1070/1070/1070 
f 1069/1069/1069 1068/1068/1068 1071/1071/1071 
f 1090/1090/1090 1091/1091/1091 1092/1092/1092 
f 1106/1106/1106 1091/1091/1091 1090/1090/1090 
f 788/788/788 789/789/789 790/790/790 
f 789/789/789 788/788/788 791/791/791 
f 1112/1112/1112 1113/1113/1113 1114/1114/1114 
f 1113/1113/1113 1115/1115/1115 1114/1114/1114 
f 1242/1242/1242 1243/1243/1243 1244/1244/1244 
f 1242/1242/1242 1244/1244/1244 1247/1247/1247 
f 1167/1167/1167 1168/1168/1168 1169/1169/1169 
f 1170/1170/1170 1169/1169/1169 1168/1168/1168 
f 1169/1169/1169 1177/1177/1177 1167/1167/1167 
f 1178/1178/1178 1167/1167/1167 1177/1177/1177 
f 1177/1177/1177 1169/1169/1169 1176/1176/1176 
f 1169/1169/1169 1175/1175/1175 1176/1176/1176 
f 1183/1183/1183 1177/1177/1177 1176/1176/1176 
f 1183/1183/1183 1176/1176/1176 1206/1206/1206 
f 1231/1231/1231 1232/1232/1232 1233/1233/1233 
f 1232/1232/1232 1231/1231/1231 1246/1246/1246 
f 1234/1234/1234 1231/1231/1231 1233/1233/1233 
f 1233/1233/1233 1235/1235/1235 1234/1234/1234 
f 1231/1231/1231 1234/1234/1234 1236/1236/1236 
f 1231/1231/1231 1236/1236/1236 1238/1238/1238 
f 1236/1236/1236 1234/1234/1234 1237/1237/1237 
f 1270/1270/1270 1236/1236/1236 1237/1237/1237 
f 1261/1261/1261 1262/1262/1262 1263/1263/1263 
f 1261/1261/1261 1263/1263/1263 1264/1264/1264 
f 1171/1171/1171 1172/1172/1172 1173/1173/1173 
f 1188/1188/1188 1173/1173/1173 1198/1198/1198 
f 1187/1187/1187 1173/1173/1173 1188/1188/1188 
f 1173/1173/1173 1187/1187/1187 1174/1174/1174 
f 1174/1174/1174 1171/1171/1171 1173/1173/1173 
f 1174/1174/1174 1199/1199/1199 1171/1171/1171 
f 1199/1199/1199 1174/1174/1174 1202/1202/1202 
f 1200/1200/1200 1171/1171/1171 1199/1199/1199 
f 1171/1171/1171 1200/1200/1200 1201/1201/1201 
f 1200/1200/1200 1199/1199/1199 1210/1210/1210 
f 1211/1211/1211 1200/1200/1200 1210/1210/1210 
f 1200/1200/1200 1211/1211/1211 1185/1185/1185 
f 1185/1185/1185 1211/1211/1211 1212/1212/1212 
f 1182/1182/1182 1185/1185/1185 1212/1212/1212 
f 1185/1185/1185 1182/1182/1182 1186/1186/1186 
f 1212/1212/1212 1184/1184/1184 1182/1182/1182 
f 1181/1181/1181 1182/1182/1182 1184/1184/1184 
f 1182/1182/1182 1181/1181/1181 1180/1180/1180 
f 1179/1179/1179 1180/1180/1180 1181/1181/1181 
f 1230/1230/1230 1179/1179/1179 1181/1181/1181 
f 1179/1179/1179 1230/1230/1230 1253/1253/1253 
f 1255/1255/1255 1253/1253/1253 1230/1230/1230 
f 1253/1253/1253 1255/1255/1255 1269/1269/1269 
f 1256/1256/1256 1253/1253/1253 1269/1269/1269 
f 1253/1253/1253 1256/1256/1256 1257/1257/1257 
f 1271/1271/1271 1256/1256/1256 1269/1269/1269 
f 1256/1256/1256 1271/1271/1271 1267/1267/1267 
f 1271/1271/1271 1272/1272/1272 1267/1267/1267 
f 1273/1273/1273 1267/1267/1267 1272/1272/1272 
f 1248/1248/1248 1267/1267/1267 1273/1273/1273 
f 1267/1267/1267 1248/1248/1248 1268/1268/1268 
f 1273/1273/1273 1254/1254/1254 1248/1248/1248 
f 1276/1276/1276 1254/1254/1254 1273/1273/1273 
f 1248/1248/1248 1254/1254/1254 1249/1249/1249 
f 1248/1248/1248 1249/1249/1249 1250/1250/1250 
f 1251/1251/1251 1249/1249/1249 1254/1254/1254 
f 1249/1249/1249 1251/1251/1251 1252/1252/1252 
f 1251/1251/1251 1254/1254/1254 1265/1265/1265 
f 1189/1189/1189 1190/1190/1190 1191/1191/1191 
f 1190/1190/1190 1189/1189/1189 1192/1192/1192 
f 1193/1193/1193 1194/1194/1194 1192/1192/1192 
f 1192/1192/1192 1207/1207/1207 1193/1193/1193 
f 1208/1208/1208 1193/1193/1193 1207/1207/1207 
f 1193/1193/1193 1208/1208/1208 1209/1209/1209 
f 1219/1219/1219 1220/1220/1220 1208/1208/1208 
f 1220/1220/1220 1219/1219/1219 1227/1227/1227 
f 1203/1203/1203 1204/1204/1204 1205/1205/1205 
f 1203/1203/1203 1205/1205/1205 1213/1213/1213 
f 1215/1215/1215 1203/1203/1203 1213/1213/1213 
f 1213/1213/1213 1214/1214/1214 1215/1215/1215 
f 1203/1203/1203 1215/1215/1215 1224/1224/1224 
f 1224/1224/1224 1278/1278/1278 1203/1203/1203 
f 1258/1258/1258 1259/1259/1259 1260/1260/1260 
f 1266/1266/1266 1260/1260/1260 1259/1259/1259 
f 1274/1274/1274 1259/1259/1259 1275/1275/1275 
f 1259/1259/1259 1274/1274/1274 1277/1277/1277 
f 1274/1274/1274 1280/1280/1280 1277/1277/1277 
f 1280/1280/1280 1274/1274/1274 1286/1286/1286 
f 1279/1279/1279 1280/1280/1280 1281/1281/1281 
f 1280/1280/1280 1279/1279/1279 1282/1282/1282 
f 1195/1195/1195 1196/1196/1196 1197/1197/1197 
f 1196/1196/1196 1195/1195/1195 1216/1216/1216 
f 1197/1197/1197 1297/1297/1297 1296/1296/1296 
f 1295/1295/1295 1296/1296/1296 1297/1297/1297 
f 1217/1217/1217 1218/1218/1218 1216/1216/1216 
f 1218/1218/1218 1217/1217/1217 1221/1221/1221 
f 1222/1222/1222 1223/1223/1223 1221/1221/1221 
f 1223/1223/1223 1222/1222/1222 1229/1229/1229 
f 1223/1223/1223 1225/1225/1225 1226/1226/1226 
f 1225/1225/1225 1223/1223/1223 1228/1228/1228 
f 1283/1283/1283 1284/1284/1284 1228/1228/1228 
f 1284/1284/1284 1283/1283/1283 1285/1285/1285 
f 1287/1287/1287 1284/1284/1284 1292/1292/1292 
f 1284/1284/1284 1287/1287/1287 1291/1291/1291 
f 1287/1287/1287 1288/1288/1288 1289/1289/1289 
f 1288/1288/1288 1287/1287/1287 1290/1290/1290 
f 1293/1293/1293 1288/1288/1288 1388/1388/1388 
f 1288/1288/1288 1293/1293/1293 1294/1294/1294 
f 1298/1298/1298 1299/1299/1299 1300/1300/1300 
f 1301/1301/1301 1300/1300/1300 1299/1299/1299 
f 1305/1305/1305 1306/1306/1306 1307/1307/1307 
f 1306/1306/1306 1305/1305/1305 1309/1309/1309 
f 1310/1310/1310 1311/1311/1311 1312/1312/1312 
f 1311/1311/1311 1310/1310/1310 1313/1313/1313 
f 1314/1314/1314 1315/1315/1315 1316/1316/1316 
f 1315/1315/1315 1314/1314/1314 1348/1348/1348 
f 1317/1317/1317 1318/1318/1318 1319/1319/1319 
f 1318/1318/1318 1317/1317/1317 1359/1359/1359 
f 1317/1317/1317 1353/1353/1353 1352/1352/1352 
f 1352/1352/1352 1353/1353/1353 1354/1354/1354 
f 1356/1356/1356 1357/1357/1357 1358/1358/1358 
f 1357/1357/1357 1356/1356/1356 1436/1436/1436 
f 1438/1438/1438 1436/1436/1436 1442/1442/1442 
f 1437/1437/1437 1436/1436/1436 1438/1438/1438 
f 1437/1437/1437 1438/1438/1438 1443/1443/1443 
f 1389/1389/1389 1390/1390/1390 1391/1391/1391 
f 1390/1390/1390 1389/1389/1389 1392/1392/1392 
f 1400/1400/1400 1401/1401/1401 1402/1402/1402 
f 1403/1403/1403 1402/1402/1402 1401/1401/1401 
f 1433/1433/1433 1434/1434/1434 1435/1435/1435 
f 1434/1434/1434 1433/1433/1433 1447/1447/1447 
f 1444/1444/1444 1445/1445/1445 1446/1446/1446 
f 1445/1445/1445 1444/1444/1444 1450/1450/1450 
f 1302/1302/1302 1303/1303/1303 1304/1304/1304 
f 1303/1303/1303 1302/1302/1302 1308/1308/1308 
f 1320/1320/1320 1321/1321/1321 1322/1322/1322 
f 1321/1321/1321 1320/1320/1320 1335/1335/1335 
f 1340/1340/1340 1341/1341/1341 1342/1342/1342 
f 1341/1341/1341 1340/1340/1340 1349/1349/1349 
f 1350/1350/1350 1351/1351/1351 1349/1349/1349 
f 1351/1351/1351 1350/1350/1350 1355/1355/1355 
f 1345/1345/1345 1346/1346/1346 1347/1347/1347 
f 1346/1346/1346 1345/1345/1345 1360/1360/1360 
f 1345/1345/1345 1361/1361/1361 1365/1365/1365 
f 1361/1361/1361 1345/1345/1345 1362/1362/1362 
f 1363/1363/1363 1364/1364/1364 1360/1360/1360 
f 1364/1364/1364 1363/1363/1363 1387/1387/1387 
f 1393/1393/1393 1394/1394/1394 1395/1395/1395 
f 1394/1394/1394 1393/1393/1393 1396/1396/1396 
f 1397/1397/1397 1398/1398/1398 1399/1399/1399 
f 1398/1398/1398 1397/1397/1397 1404/1404/1404 
f 1439/1439/1439 1440/1440/1440 1441/1441/1441 
f 1440/1440/1440 1439/1439/1439 1452/1452/1452 
f 1448/1448/1448 1440/1440/1440 1451/1451/1451 
f 1440/1440/1440 1448/1448/1448 1449/1449/1449 
f 1426/1426/1426 1427/1427/1427 1428/1428/1428 
f 1427/1427/1427 1426/1426/1426 1429/1429/1429 
f 1327/1327/1327 1328/1328/1328 1329/1329/1329 
f 1328/1328/1328 1327/1327/1327 1330/1330/1330 
f 1336/1336/1336 1337/1337/1337 1338/1338/1338 
f 1337/1337/1337 1336/1336/1336 1339/1339/1339 
f 1343/1343/1343 1344/1344/1344 1339/1339/1339 
f 1344/1344/1344 1343/1343/1343 1366/1366/1366 
f 1375/1375/1375 1376/1376/1376 1377/1377/1377 
f 1376/1376/1376 1375/1375/1375 1385/1385/1385 
f 1405/1405/1405 1406/1406/1406 1407/1407/1407 
f 1406/1406/1406 1405/1405/1405 1408/1408/1408 
f 1453/1453/1453 1454/1454/1454 1455/1455/1455 
f 1454/1454/1454 1453/1453/1453 1468/1468/1468 
f 1453/1453/1453 1469/1469/1469 1471/1471/1471 
f 1469/1469/1469 1453/1453/1453 1470/1470/1470 
f 1456/1456/1456 1457/1457/1457 1458/1458/1458 
f 1457/1457/1457 1456/1456/1456 1465/1465/1465 
f 1323/1323/1323 1324/1324/1324 1325/1325/1325 
f 1326/1326/1326 1325/1325/1325 1324/1324/1324 
f 1367/1367/1367 1368/1368/1368 1369/1369/1369 
f 1368/1368/1368 1367/1367/1367 1370/1370/1370 
f 1371/1371/1371 1372/1372/1372 1373/1373/1373 
f 1372/1372/1372 1371/1371/1371 1374/1374/1374 
f 1378/1378/1378 1379/1379/1379 1380/1380/1380 
f 1379/1379/1379 1378/1378/1378 1381/1381/1381 
f 1382/1382/1382 1383/1383/1383 1384/1384/1384 
f 1383/1383/1383 1382/1382/1382 1386/1386/1386 
f 1409/1409/1409 1410/1410/1410 1411/1411/1411 
f 1409/1409/1409 1411/1411/1411 1431/1431/1431 
f 1459/1459/1459 1460/1460/1460 1461/1461/1461 
f 1460/1460/1460 1459/1459/1459 1466/1466/1466 
f 1462/1462/1462 1463/1463/1463 1464/1464/1464 
f 1463/1463/1463 1462/1462/1462 1467/1467/1467 
f 1472/1472/1472 1473/1473/1473 1474/1474/1474 
f 1473/1473/1473 1472/1472/1472 1475/1475/1475 
f 1331/1331/1331 1332/1332/1332 1333/1333/1333 
f 1332/1332/1332 1331/1331/1331 1334/1334/1334 
f 1421/1421/1421 1422/1422/1422 1423/1423/1423 
f 1422/1422/1422 1421/1421/1421 1424/1424/1424 
f 1239/1239/1239 1240/1240/1240 1241/1241/1241 
f 1241/1241/1241 1240/1240/1240 1245/1245/1245 
f 1412/1412/1412 1413/1413/1413 1414/1414/1414 
f 1413/1413/1413 1412/1412/1412 1425/1425/1425 
f 1415/1415/1415 1416/1416/1416 1417/1417/1417 
f 1416/1416/1416 1415/1415/1415 1432/1432/1432 
f 1418/1418/1418 1419/1419/1419 1420/1420/1420 
f 1419/1419/1419 1418/1418/1418 1430/1430/1430 
f 1501/1501/1501 1502/1502/1502 1503/1503/1503 
f 1502/1502/1502 1641/1641/1641 1503/1503/1503 
f 1480/1480/1480 1481/1481/1481 1482/1482/1482 
f 1480/1480/1480 1482/1482/1482 1500/1500/1500 
f 1504/1504/1504 1480/1480/1480 1500/1500/1500 
f 1480/1480/1480 1504/1504/1504 1505/1505/1505 
f 1505/1505/1505 1506/1506/1506 1480/1480/1480 
f 1504/1504/1504 1507/1507/1507 1505/1505/1505 
f 1507/1507/1507 1508/1508/1508 1505/1505/1505 
f 1507/1507/1507 1504/1504/1504 1509/1509/1509 
f 1509/1509/1509 1533/1533/1533 1507/1507/1507 
f 1533/1533/1533 1509/1509/1509 1674/1674/1674 
f 1644/1644/1644 1509/1509/1509 1504/1504/1504 
f 1645/1645/1645 1509/1509/1509 1644/1644/1644 
f 1509/1509/1509 1645/1645/1645 1646/1646/1646 
f 1643/1643/1643 1645/1645/1645 1644/1644/1644 
f 1645/1645/1645 1643/1643/1643 1648/1648/1648 
f 1642/1642/1642 1643/1643/1643 1644/1644/1644 
f 1643/1643/1643 1642/1642/1642 1647/1647/1647 
f 1643/1643/1643 1647/1647/1647 1656/1656/1656 
f 1476/1476/1476 1477/1477/1477 1478/1478/1478 
f 1477/1477/1477 1476/1476/1476 1479/1479/1479 
f 1477/1477/1477 1483/1483/1483 1478/1478/1478 
f 1483/1483/1483 1477/1477/1477 1484/1484/1484 
f 1484/1484/1484 1477/1477/1477 1499/1499/1499 
f 1484/1484/1484 1485/1485/1485 1483/1483/1483 
f 1485/1485/1485 1484/1484/1484 1512/1512/1512 
f 1511/1511/1511 1512/1512/1512 1484/1484/1484 
f 1484/1484/1484 1510/1510/1510 1511/1511/1511 
f 1512/1512/1512 1511/1511/1511 1516/1516/1516 
f 1516/1516/1516 1511/1511/1511 1532/1532/1532 
f 1531/1531/1531 1532/1532/1532 1511/1511/1511 
f 1531/1531/1531 1534/1534/1534 1532/1532/1532 
f 1534/1534/1534 1535/1535/1535 1532/1532/1532 
f 1535/1535/1535 1534/1534/1534 1640/1640/1640 
f 1640/1640/1640 1534/1534/1534 1675/1675/1675 
f 1676/1676/1676 1640/1640/1640 1675/1675/1675 
f 1675/1675/1675 1654/1654/1654 1676/1676/1676 
f 1654/1654/1654 1675/1675/1675 1678/1678/1678 
f 1654/1654/1654 1677/1677/1677 1676/1676/1676 
f 1677/1677/1677 1654/1654/1654 1652/1652/1652 
f 1653/1653/1653 1652/1652/1652 1654/1654/1654 
f 1652/1652/1652 1653/1653/1653 1651/1651/1651 
f 1652/1652/1652 1651/1651/1651 1655/1655/1655 
f 1655/1655/1655 1660/1660/1660 1652/1652/1652 
f 1650/1650/1650 1655/1655/1655 1651/1651/1651 
f 1649/1649/1649 1650/1650/1650 1651/1651/1651 
f 1655/1655/1655 1650/1650/1650 1659/1659/1659 
f 1657/1657/1657 1659/1659/1659 1650/1650/1650 
f 1657/1657/1657 1650/1650/1650 1658/1658/1658 
f 1486/1486/1486 1487/1487/1487 1488/1488/1488 
f 1488/1488/1488 1492/1492/1492 1486/1486/1486 
f 1496/1496/1496 1497/1497/1497 1498/1498/1498 
f 1498/1498/1498 1513/1513/1513 1496/1496/1496 
f 1513/1513/1513 1498/1498/1498 1515/1515/1515 
f 1498/1498/1498 1514/1514/1514 1515/1515/1515 
f 1515/1515/1515 1514/1514/1514 1517/1517/1517 
f 1517/1517/1517 1518/1518/1518 1515/1515/1515 
f 1518/1518/1518 1517/1517/1517 1519/1519/1519 
f 1536/1536/1536 1519/1519/1519 1517/1517/1517 
f 1538/1538/1538 1539/1539/1539 1540/1540/1540 
f 1539/1539/1539 1538/1538/1538 1684/1684/1684 
f 1679/1679/1679 1538/1538/1538 1680/1680/1680 
f 1679/1679/1679 1691/1691/1691 1538/1538/1538 
f 1691/1691/1691 1679/1679/1679 1690/1690/1690 
f 1689/1689/1689 1690/1690/1690 1679/1679/1679 
f 1689/1689/1689 1662/1662/1662 1690/1690/1690 
f 1662/1662/1662 1673/1673/1673 1690/1690/1690 
f 1673/1673/1673 1662/1662/1662 1661/1661/1661 
f 1661/1661/1661 1662/1662/1662 1663/1663/1663 
f 1665/1665/1665 1669/1669/1669 1661/1661/1661 
f 1661/1661/1661 1664/1664/1664 1665/1665/1665 
f 1489/1489/1489 1490/1490/1490 1491/1491/1491 
f 1491/1491/1491 1493/1493/1493 1489/1489/1489 
f 1494/1494/1494 1493/1493/1493 1495/1495/1495 
f 1495/1495/1495 1520/1520/1520 1494/1494/1494 
f 1520/1520/1520 1521/1521/1521 1522/1522/1522 
f 1521/1521/1521 1523/1523/1523 1522/1522/1522 
f 1528/1528/1528 1529/1529/1529 1530/1530/1530 
f 1529/1529/1529 1537/1537/1537 1530/1530/1530 
f 1544/1544/1544 1545/1545/1545 1546/1546/1546 
f 1544/1544/1544 1685/1685/1685 1545/1545/1545 
f 1666/1666/1666 1667/1667/1667 1668/1668/1668 
f 1668/1668/1668 1667/1667/1667 1670/1670/1670 
f 1670/1670/1670 1671/1671/1671 1672/1672/1672 
f 1672/1672/1672 1671/1671/1671 1694/1694/1694 
f 1693/1693/1693 1694/1694/1694 1695/1695/1695 
f 1694/1694/1694 1696/1696/1696 1695/1695/1695 
f 1681/1681/1681 1682/1682/1682 1683/1683/1683 
f 1682/1682/1682 1692/1692/1692 1683/1683/1683 
f 1524/1524/1524 1525/1525/1525 1526/1526/1526 
f 1525/1525/1525 1527/1527/1527 1526/1526/1526 
f 1527/1527/1527 1541/1541/1541 1547/1547/1547 
f 1541/1541/1541 1527/1527/1527 1542/1542/1542 
f 1542/1542/1542 1543/1543/1543 1541/1541/1541 
f 1559/1559/1559 1560/1560/1560 1561/1561/1561 
f 1560/1560/1560 1577/1577/1577 1561/1561/1561 
f 1686/1686/1686 1687/1687/1687 1688/1688/1688 
f 1686/1686/1686 1699/1699/1699 1687/1687/1687 
f 1697/1697/1697 1698/1698/1698 1699/1699/1699 
f 1698/1698/1698 1700/1700/1700 1699/1699/1699 
f 1702/1702/1702 1703/1703/1703 1704/1704/1704 
f 1703/1703/1703 1726/1726/1726 1704/1704/1704 
f 1548/1548/1548 1549/1549/1549 1550/1550/1550 
f 1550/1550/1550 1554/1554/1554 1548/1548/1548 
f 1574/1574/1574 1575/1575/1575 1576/1576/1576 
f 1575/1575/1575 1585/1585/1585 1576/1576/1576 
f 1585/1585/1585 1599/1599/1599 1600/1600/1600 
f 1599/1599/1599 1601/1601/1601 1600/1600/1600 
f 1601/1601/1601 1602/1602/1602 1603/1603/1603 
f 1602/1602/1602 1604/1604/1604 1603/1603/1603 
f 1708/1708/1708 1709/1709/1709 1710/1710/1710 
f 1709/1709/1709 1748/1748/1748 1710/1710/1710 
f 1710/1710/1710 1774/1774/1774 1773/1773/1773 
f 1772/1772/1772 1710/1710/1710 1773/1773/1773 
f 1775/1775/1775 1773/1773/1773 1776/1776/1776 
f 1773/1773/1773 1778/1778/1778 1776/1776/1776 
f 1727/1727/1727 1728/1728/1728 1729/1729/1729 
f 1729/1729/1729 1730/1730/1730 1727/1727/1727 
f 1551/1551/1551 1552/1552/1552 1553/1553/1553 
f 1552/1552/1552 1555/1555/1555 1553/1553/1553 
f 1605/1605/1605 1606/1606/1606 1607/1607/1607 
f 1606/1606/1606 1620/1620/1620 1607/1607/1607 
f 1627/1627/1627 1628/1628/1628 1629/1629/1629 
f 1627/1627/1627 1755/1755/1755 1628/1628/1628 
f 1731/1731/1731 1732/1732/1732 1733/1733/1733 
f 1732/1732/1732 1734/1734/1734 1733/1733/1733 
f 1752/1752/1752 1753/1753/1753 1754/1754/1754 
f 1753/1753/1753 1777/1777/1777 1754/1754/1754 
f 1556/1556/1556 1557/1557/1557 1558/1558/1558 
f 1562/1562/1562 1556/1556/1556 1558/1558/1558 
f 1623/1623/1623 1624/1624/1624 1625/1625/1625 
f 1624/1624/1624 1626/1626/1626 1625/1625/1625 
f 1735/1735/1735 1736/1736/1736 1737/1737/1737 
f 1738/1738/1738 1735/1735/1735 1737/1737/1737 
f 1756/1756/1756 1757/1757/1757 1758/1758/1758 
f 1757/1757/1757 1759/1759/1759 1758/1758/1758 
f 1567/1567/1567 1568/1568/1568 1569/1569/1569 
f 1568/1568/1568 1581/1581/1581 1569/1569/1569 
f 1608/1608/1608 1609/1609/1609 1610/1610/1610 
f 1609/1609/1609 1619/1619/1619 1610/1610/1610 
f 1619/1619/1619 1621/1621/1621 1622/1622/1622 
f 1621/1621/1621 1619/1619/1619 1630/1630/1630 
f 1630/1630/1630 1632/1632/1632 1621/1621/1621 
f 1705/1705/1705 1706/1706/1706 1707/1707/1707 
f 1706/1706/1706 1746/1746/1746 1707/1707/1707 
f 1749/1749/1749 1750/1750/1750 1751/1751/1751 
f 1749/1749/1749 1760/1760/1760 1750/1750/1750 
f 1762/1762/1762 1771/1771/1771 1760/1760/1760 
f 1761/1761/1761 1762/1762/1762 1760/1760/1760 
f 1563/1563/1563 1564/1564/1564 1565/1565/1565 
f 1566/1566/1566 1564/1564/1564 1563/1563/1563 
f 1582/1582/1582 1583/1583/1583 1584/1584/1584 
f 1583/1583/1583 1598/1598/1598 1584/1584/1584 
f 1598/1598/1598 1611/1611/1611 1612/1612/1612 
f 1611/1611/1611 1613/1613/1613 1612/1612/1612 
f 1613/1613/1613 1614/1614/1614 1615/1615/1615 
f 1614/1614/1614 1616/1616/1616 1615/1615/1615 
f 1616/1616/1616 1617/1617/1617 1618/1618/1618 
f 1617/1617/1617 1631/1631/1631 1618/1618/1618 
f 1637/1637/1637 1638/1638/1638 1639/1639/1639 
f 1637/1637/1637 1766/1766/1766 1638/1638/1638 
f 1711/1711/1711 1712/1712/1712 1713/1713/1713 
f 1712/1712/1712 1782/1782/1782 1713/1713/1713 
f 1713/1713/1713 1783/1783/1783 1781/1781/1781 
f 1780/1780/1780 1713/1713/1713 1781/1781/1781 
f 1784/1784/1784 1781/1781/1781 1764/1764/1764 
f 1781/1781/1781 1785/1785/1785 1764/1764/1764 
f 1763/1763/1763 1764/1764/1764 1765/1765/1765 
f 1764/1764/1764 1779/1779/1779 1765/1765/1765 
f 1739/1739/1739 1740/1740/1740 1741/1741/1741 
f 1741/1741/1741 1742/1742/1742 1739/1739/1739 
f 1570/1570/1570 1571/1571/1571 1572/1572/1572 
f 1571/1571/1571 1573/1573/1573 1572/1572/1572 
f 1633/1633/1633 1634/1634/1634 1635/1635/1635 
f 1634/1634/1634 1636/1636/1636 1635/1635/1635 
f 1743/1743/1743 1744/1744/1744 1745/1745/1745 
f 1744/1744/1744 1747/1747/1747 1745/1745/1745 
f 1767/1767/1767 1768/1768/1768 1769/1769/1769 
f 1768/1768/1768 1770/1770/1770 1769/1769/1769 
f 1718/1718/1718 1719/1719/1719 1720/1720/1720 
f 1718/1718/1718 1720/1720/1720 1724/1724/1724 
f 1589/1589/1589 1590/1590/1590 1591/1591/1591 
f 1590/1590/1590 1589/1589/1589 1597/1597/1597 
f 1578/1578/1578 1579/1579/1579 1580/1580/1580 
f 1701/1701/1701 1579/1579/1579 1578/1578/1578 
f 1714/1714/1714 1715/1715/1715 1716/1716/1716 
f 1714/1714/1714 1717/1717/1717 1715/1715/1715 
f 1586/1586/1586 1587/1587/1587 1588/1588/1588 
f 1587/1587/1587 1586/1586/1586 1592/1592/1592 
f 1593/1593/1593 1594/1594/1594 1595/1595/1595 
f 1594/1594/1594 1593/1593/1593 1596/1596/1596 
f 1721/1721/1721 1722/1722/1722 1723/1723/1723 
f 1723/1723/1723 1722/1722/1722 1725/1725/1725 
f 1786/1786/1786 1787/1787/1787 1788/1788/1788 
f 1787/1787/1787 1786/1786/1786 1801/1801/1801 
f 1789/1789/1789 1790/1790/1790 1791/1791/1791 
f 1789/1789/1789 1795/1795/1795 1790/1790/1790 
f 1802/1802/1802 1803/1803/1803 1804/1804/1804 
f 1803/1803/1803 1802/1802/1802 1805/1805/1805 
f 1792/1792/1792 1793/1793/1793 1794/1794/1794 
f 1793/1793/1793 1792/1792/1792 1796/1796/1796 
f 1806/1806/1806 1807/1807/1807 1808/1808/1808 
f 1807/1807/1807 1806/1806/1806 1809/1809/1809 
f 1797/1797/1797 1798/1798/1798 1799/1799/1799 
f 1798/1798/1798 1797/1797/1797 1800/1800/1800 
f 1810/1810/1810 1811/1811/1811 1812/1812/1812 
f 1811/1811/1811 1810/1810/1810 1813/1813/1813 

g Cylinder0011

v -1.00207 6.36328 -0.345825 
v -0.893279 6.47207 -0.345825 
v -0.784488 6.36328 -0.345825 
v -1.00207 6.47207 -0.345825 
v -1.00207 6.36328 -0.345825 
v -1.00166 6.47166 -0.287034 
v -1.00207 6.47207 -0.345825 
v -1.00207 6.68965 -0.345824 
v -1.00207 6.58086 -0.345824 
v -1.21965 6.58086 -0.345824 
v -1.00166 6.47166 -0.287034 
v -0.893279 6.47207 -0.345825 
v -1.00207 6.47207 -0.345825 
v -0.784488 6.58086 -0.345824 
v -0.893279 6.58086 -0.345824 
v -0.566908 6.47207 -0.345825 
v -0.458117 6.25448 -0.345825 
v -0.784488 6.25448 -0.345825 
v -0.566908 6.68965 -0.345824 
v -0.893279 6.47207 -0.345825 
v -0.892873 6.58045 -0.287034 
v -0.893279 6.58086 -0.345824 
v -1.00207 6.58086 -0.345824 
v -1.21924 6.58045 -0.287034 
v -1.21965 6.58086 -0.345824 
v -1.00166 6.58045 -0.287034 
v -1.00166 6.68924 -0.287034 
v -1.00166 6.58045 -0.287034 
v -1.00207 6.58086 -0.345824 
v -1.21924 6.58045 -0.287034 
v -1.21965 6.68965 -0.345824 
v -1.21965 6.58086 -0.345824 
v -1.00207 6.68965 -0.345824 
v -0.892873 6.47166 -0.287034 
v -0.892873 6.47166 -0.287034 
v -0.892873 6.58045 -0.287034 
v -0.784083 6.58045 -0.287034 
v -0.784488 6.58086 -0.345824 
v -0.893279 6.58086 -0.345824 
v -0.784488 6.58086 -0.345824 
v -0.784083 6.68924 -0.287034 
v -0.784488 6.68965 -0.345824 
v -0.784083 6.58045 -0.287034 
v -1.21965 6.68965 -0.345824 
v -1.32844 6.79844 -0.345824 
v -1.32844 6.68965 -0.345824 
v -1.21965 6.79844 -0.345824 
v -1.00207 6.79844 -0.345824 
v -1.00207 6.90723 -0.345824 
v -1.21965 6.90723 -0.345824 
v -0.784488 6.68965 -0.345824 
v -0.893279 6.68965 -0.345824 
v -1.00166 6.68924 -0.287034 
v -1.00207 6.68965 -0.345824 
v -0.784083 6.68924 -0.287034 
v -0.566908 6.68965 -0.345824 
v -0.784488 6.68965 -0.345824 
v -0.893279 6.79844 -0.345824 
v -0.893279 6.68965 -0.345824 
v -0.893279 6.79844 -0.345824 
v -0.892873 6.68924 -0.287034 
v -0.893279 6.68965 -0.345824 
v -1.32844 6.79844 -0.345824 
v -1.32844 6.68965 -0.345824 
v -1.32803 6.79803 -0.287034 
v -1.32803 6.79803 -0.287034 
v -1.21924 6.79803 -0.287034 
v -1.21965 6.79844 -0.345824 
v -1.32844 6.79844 -0.345824 
v -1.21965 6.79844 -0.345824 
v -1.21924 6.90682 -0.287034 
v -1.21965 6.90723 -0.345824 
v -1.21924 6.79803 -0.287034 
v -1.21924 6.90682 -0.287034 
v -1.00166 6.90682 -0.287034 
v -1.00207 6.90723 -0.345824 
v -0.892873 6.68924 -0.287034 
v -0.566502 6.68924 -0.287034 
v -1.00166 6.79803 -0.178243 
v -0.893279 6.79844 -0.345824 
v -1.00207 6.79844 -0.345824 
v -1.00166 6.90682 -0.287034 
v -1.00207 6.79844 -0.345824 
v -1.00207 6.90723 -0.345824 
v -0.566908 6.47207 -0.345825 
v -0.566908 6.68965 -0.345824 
v -0.566502 6.68924 -0.287034 
v -0.240536 6.36328 -0.345825 
v -0.348921 6.36287 -0.287034 
v -0.349327 6.36328 -0.345825 
v -0.458117 6.47207 -0.345825 
v -0.457712 6.36287 -0.287034 
v -0.458117 6.25448 -0.345825 
v -0.458117 6.47207 -0.345825 
v -0.240536 6.47207 -0.345825 
v -0.349327 6.36328 -0.345825 
v -0.349327 6.58086 -0.345824 
v -0.566502 6.47166 -0.287034 
v -0.458117 6.47207 -0.345825 
v -0.566908 6.47207 -0.345825 
v -0.240536 6.36328 -0.345825 
v 0.243809 6.51358 -0.4046 
v -0.070291 6.28215 -0.403791 
v -0.070291 6.51358 -0.4046 
v 0.21023 6.28505 -0.347458 
v -0.0367124 6.10376 -0.331968 
v -0.0367124 6.28505 -0.347458 
v -0.13134 6.47166 -0.287034 
v -0.240536 6.47207 -0.345825 
v -0.131746 6.47207 -0.345825 
v -0.131746 6.68965 -0.345824 
v -0.131746 6.47207 -0.345825 
v -0.240536 6.68965 -0.345824 
v -0.349327 6.36328 -0.345825 
v -0.348921 6.58045 -0.287034 
v -0.349327 6.58086 -0.345824 
v -0.457712 6.47166 -0.287034 
v -0.457712 6.47166 -0.287034 
v -0.566502 6.47166 -0.287034 
v -0.349327 6.58086 -0.345824 
v -0.457712 6.58045 -0.287034 
v -0.458117 6.58086 -0.345824 
v -0.457712 6.68924 -0.287034 
v -0.458117 6.58086 -0.345824 
v -0.457712 6.58045 -0.287034 
v -0.457712 6.47166 -0.287034 
v -0.348921 6.36287 -0.287034 
v -0.457712 6.36287 -0.287034 
v -0.348921 6.36287 -0.287034 
v -0.070291 6.28215 -0.403791 
v -0.070291 6.50475 -0.0906244 
v -0.070291 6.51358 -0.4046 
v -0.348921 6.58045 -0.287034 
v -0.13134 6.68924 -0.287034 
v -0.13134 6.47166 -0.287034 
v -0.131746 6.47207 -0.345825 
v -0.348921 6.58045 -0.287034 
v -0.131746 6.68965 -0.345824 
v -0.458117 6.68965 -0.345824 
v -0.458117 6.58086 -0.345824 
v -0.458117 6.68965 -0.345824 
v -0.349327 6.68965 -0.345824 
v -0.457712 6.68924 -0.287034 
v -0.349327 6.68965 -0.345824 
v -0.458117 6.68965 -0.345824 
v -0.240536 6.79844 -0.345824 
v -0.349327 6.79844 -0.345824 
v 0.26917 6.76434 -0.397826 
v -0.0956525 6.4979 -0.433404 
v -0.0956525 6.76434 -0.397826 
v -0.240131 6.68924 -0.287034 
v -0.131746 6.68965 -0.345824 
v -0.240536 6.68965 -0.345824 
v 0.304452 6.90723 -0.345824 
v -0.131746 6.79844 -0.345824 
v -0.131746 6.90723 -0.345824 
v -0.240536 6.68965 -0.345824 
v -0.240536 6.79844 -0.345824 
v -0.240131 6.79803 -0.287034 
v -0.13134 6.68924 -0.287034 
v -0.240131 6.68924 -0.287034 
v -0.349327 6.68965 -0.345824 
v -0.348921 6.79803 -0.178243 
v -0.349327 6.79844 -0.345824 
v -0.349327 6.79844 -0.345824 
v -0.240131 6.79803 -0.287034 
v -0.240536 6.79844 -0.345824 
v -0.131746 6.90723 -0.345824 
v -0.240131 6.90682 -0.287034 
v -0.240536 6.90723 -0.345824 
v -0.13134 6.90682 -0.287034 
v 0.304452 6.79844 -0.345824 
v -0.13134 6.79803 -0.287034 
v -0.131746 6.79844 -0.345824 
v -0.0956525 6.4979 -0.433404 
v -0.0956525 6.70465 -0.0379203 
v -0.0956525 6.76434 -0.397826 
v -0.13134 6.90682 -0.287034 
v -0.131746 6.79844 -0.345824 
v -0.13134 6.79803 -0.287034 
v -0.131746 6.90723 -0.345824 
v -1.21924 6.58045 -0.287034 
v -1.00166 6.47166 -0.287034 
v -1.21924 6.47166 -0.287034 
v -1.00166 6.36287 0.0393374 
v -1.21924 6.47166 -0.287034 
v -1.00166 6.47166 -0.287034 
v -1.00166 6.47166 0.0393374 
v -1.21924 6.47166 0.0393374 
v -1.21924 6.47166 -0.287034 
v -1.00166 6.58045 -0.287034 
v -0.892873 6.47166 -0.287034 
v -0.784488 6.36328 -0.345825 
v -1.00166 6.36287 0.0393374 
v -1.00207 6.36328 -0.345825 
v -0.458117 6.25448 -0.345825 
v -0.784083 6.25408 0.0393374 
v -0.784488 6.25448 -0.345825 
v -0.784083 6.36287 0.0393374 
v -0.784488 6.36328 -0.345825 
v -0.784488 6.25448 -0.345825 
v -0.892873 6.58045 -0.287034 
v -0.566502 6.68924 -0.287034 
v -0.457712 6.58045 -0.287034 
v -0.566502 6.47166 -0.287034 
v -0.892873 6.68924 -0.287034 
v -0.784083 6.58045 -0.287034 
v -0.784083 6.36287 0.0393374 
v -1.00166 6.47166 0.0393374 
v -1.00166 6.47166 0.0393374 
v -1.00166 6.36287 0.0393374 
v -0.784083 6.36287 0.0393374 
v -1.21924 6.47166 0.0393374 
v -1.21924 6.68924 0.0393375 
v -1.21924 6.47166 0.0393374 
v -1.21924 6.68924 0.0393375 
v -0.784083 6.25408 0.0393374 
v -0.457712 6.25408 0.0393374 
v -0.457712 6.25408 0.0393374 
v -0.784083 6.25408 0.0393374 
v -0.457712 6.36287 0.0393374 
v -0.240131 6.47166 0.0393374 
v -1.32803 6.90682 -0.287034 
v -1.21924 6.79803 -0.287034 
v -1.32803 6.79803 -0.287034 
v -1.32803 6.68924 0.0393375 
v -1.32844 6.68965 -0.345824 
v -1.21965 6.68965 -0.345824 
v -1.00166 6.79803 -0.178243 
v -1.21924 6.90682 -0.287034 
v -1.00166 7.01561 -0.287034 
v -1.00166 6.68924 -0.287034 
v -0.784083 6.68924 -0.287034 
v -0.892873 6.68924 -0.178243 
v -0.892873 6.68924 -0.287034 
v -0.892873 6.79803 -0.178243 
v -0.892873 6.79803 -0.178243 
v -0.348921 6.68924 -0.178243 
v -1.32803 6.68924 0.0393375 
v -1.32803 6.90682 0.0393375 
v -1.32803 6.90682 -0.287034 
v -1.32803 6.90682 -0.287034 
v -1.32803 6.90682 0.0393375 
v -1.43683 6.90682 -0.287034 
v -1.43683 6.90682 0.0393375 
v -1.32803 6.90682 0.0393375 
v -1.32803 6.68924 0.0393375 
v -1.21924 6.68924 0.0393375 
v -0.892873 6.68924 -0.178243 
v -0.348921 6.79803 -0.178243 
v -0.892873 6.68924 -0.178243 
v -0.892873 6.79803 -0.178243 
v -0.348921 6.68924 -0.178243 
v -0.457712 6.25408 0.0393374 
v -0.457712 6.36287 0.0393374 
v -0.457712 6.36287 -0.287034 
v -0.240131 6.36287 0.0393374 
v -0.240131 6.47166 0.0393374 
v -0.240536 6.36328 -0.345825 
v -0.240536 6.47207 -0.345825 
v -0.240131 6.47166 0.0393374 
v -0.0367124 6.10376 -0.331968 
v -0.0367124 6.29828 -0.100871 
v -0.0367124 6.28505 -0.347458 
v -0.070291 6.28215 -0.403791 
v 0.243809 6.27332 -0.089816 
v -0.070291 6.27332 -0.089816 
v -0.070291 6.27332 -0.089816 
v -0.0956525 6.4979 -0.433404 
v 0.26917 6.4382 -0.0734978 
v -0.0956525 6.4382 -0.0734978 
v -0.0225499 6.47166 0.0393374 
v -0.0225499 6.47166 -0.287034 
v -0.0225499 6.68924 -0.287034 
v -0.0225499 6.47166 0.0393374 
v -0.0225499 6.47166 -0.287034 
v -0.457712 6.36287 0.0393374 
v -0.240131 6.36287 0.0393374 
v -0.240131 6.36287 0.0393374 
v -0.0367124 6.11699 -0.0853801 
v -0.0367124 6.10376 -0.331968 
v 0.21023 6.11699 -0.0853801 
v -0.0367124 6.11699 -0.0853801 
v 0.21023 6.11699 -0.0853801 
v -0.0367124 6.29828 -0.100871 
v -0.0367124 6.11699 -0.0853801 
v 0.243809 6.27332 -0.089816 
v -0.070291 6.50475 -0.0906244 
v -0.070291 6.27332 -0.089816 
v 0.26917 6.4382 -0.0734978 
v -0.0956525 6.70465 -0.0379203 
v -0.0956525 6.4382 -0.0734978 
v -0.0225499 6.68924 0.0393375 
v -0.457712 6.68924 -0.287034 
v -0.13134 6.68924 -0.287034 
v -0.240131 6.68924 -0.287034 
v -0.240131 6.79803 -0.287034 
v -0.13134 6.79803 -0.287034 
v -0.13134 6.90682 -0.287034 
v -0.240131 6.90682 -0.287034 
v -0.13134 6.47166 -0.287034 
v -0.0225499 6.68924 -0.287034 
v -0.0225499 6.47166 -0.287034 
v 0.304858 6.79803 -0.287034 
v -0.0956525 6.70465 -0.0379203 
v 0.26917 6.76434 -0.397826 
v -0.0956525 6.76434 -0.397826 
v -0.348921 6.68924 -0.178243 
v -0.348921 6.79803 -0.178243 
v -0.240131 6.79803 -0.178243 
v -0.240131 6.90682 -0.287034 
v -0.240131 6.79803 -0.287034 
v -0.240131 6.79803 -0.178243 
v -0.240131 7.01561 -0.287034 
v -0.0956525 6.4382 -0.0734978 
v -0.0225499 6.47166 0.0393374 
v -0.0225499 6.68924 0.0393375 
v -0.0225499 6.68924 -0.287034 
v 0.196067 6.68924 0.0393375 
v -0.0225499 6.68924 0.0393375 
v -1.21965 6.90723 -0.345824 
v -1.00207 7.01602 -0.345824 
v -1.43683 7.01561 -0.287034 
v -1.43723 7.01602 -0.345824 
v -1.43683 7.01561 -0.287034 
v -1.43723 7.2336 -0.345824 
v -1.43723 7.01602 -0.345824 
v -1.00207 7.2336 -0.345824 
v -1.43723 7.01602 -0.345824 
v -1.43723 7.2336 -0.345824 
v -1.21965 7.45118 -0.345824 
v -1.32844 7.34239 -0.345824 
v -1.32844 7.45118 -0.345824 
v -1.32803 7.34198 -0.287034 
v -1.32844 7.45118 -0.345824 
v -1.32844 7.34239 -0.345824 
v -1.32803 7.23319 -0.287034 
v -1.00207 7.2336 -0.345824 
v -1.43723 7.2336 -0.345824 
v -1.00207 7.01602 -0.345824 
v -1.00166 7.01561 -0.287034 
v -1.00207 7.2336 -0.345824 
v -1.00166 7.23319 -0.287034 
v -1.00207 7.01602 -0.345824 
v -1.00207 7.34239 -0.345824 
v -1.00207 7.34239 -0.345824 
v -1.32803 7.34198 -0.287034 
v -1.32844 7.34239 -0.345824 
v -1.43683 7.01561 -0.287034 
v -1.43683 6.90682 -0.287034 
v -1.00166 7.01561 -0.287034 
v -1.00166 7.23319 -0.287034 
v -1.32803 7.34198 -0.287034 
v -1.00166 7.23319 -0.287034 
v -1.32803 7.23319 -0.287034 
v -1.00166 7.34198 -0.287034 
v -1.00166 6.90682 -0.287034 
v -1.00166 7.34198 -0.287034 
v -1.00166 7.34198 -0.287034 
v -0.892873 7.45077 -0.287034 
v -0.892873 7.34198 -0.287034 
v -0.675292 7.45077 -0.287034 
v -0.892873 7.45077 -0.287034 
v -0.675698 7.45118 -0.345824 
v -1.00207 7.34239 -0.345824 
v -1.00166 7.66835 -0.287034 
v -1.00166 7.34198 -0.287034 
v -0.893279 7.45118 -0.345824 
v -1.00207 7.66876 -0.345824 
v -1.00207 7.66876 -0.345824 
v -1.21965 7.66876 -0.345824 
v -0.784488 7.77755 -0.345824 
v -0.893279 7.45118 -0.345824 
v -0.893279 7.77755 -0.345824 
v -0.893279 7.45118 -0.345824 
v -0.892873 7.77715 -0.287034 
v -0.893279 7.77755 -0.345824 
v -0.675698 7.45118 -0.345824 
v -0.675698 7.77755 -0.345824 
v -0.566908 7.45118 -0.345824 
v -0.566502 7.66835 -0.287034 
v -0.566908 7.66876 -0.345824 
v -0.784488 7.88634 -0.345824 
v -0.566908 7.88634 -0.345824 
v -0.566908 7.77755 -0.345824 
v -0.675698 7.45118 -0.345824 
v -0.675698 7.77755 -0.345824 
v -0.675292 7.77715 -0.287034 
v -0.675292 7.45077 -0.287034 
v -0.892873 7.45077 -0.287034 
v -1.00207 7.66876 -0.345824 
v -1.21965 7.66876 -0.345824 
v -1.00166 7.66835 -0.287034 
v -0.892873 7.77715 -0.287034 
v -0.784488 7.77755 -0.345824 
v -0.893279 7.77755 -0.345824 
v -0.566908 7.77755 -0.345824 
v -0.675292 7.77715 -0.287034 
v -0.675698 7.77755 -0.345824 
v -0.566502 7.88594 -0.287034 
v -0.566908 7.88634 -0.345824 
v -0.784488 7.88634 -0.345824 
v -0.566502 7.45077 -0.287034 
v -0.566502 7.77715 -0.287034 
v -0.566502 7.88594 -0.287034 
v -0.566502 7.77715 -0.287034 
v -0.566908 7.77755 -0.345824 
v -0.566908 7.88634 -0.345824 
v -0.458117 7.66876 -0.345824 
v -0.566908 7.45118 -0.345824 
v -0.566908 7.66876 -0.345824 
v -0.240536 7.01602 -0.345824 
v -0.240536 6.90723 -0.345824 
v -0.240536 6.90723 -0.345824 
v -0.240536 7.01602 -0.345824 
v -0.240536 7.34239 -0.345824 
v -0.240536 7.12481 -0.345824 
v -0.240131 7.34198 -0.287034 
v -0.0229554 7.34239 -0.345824 
v -0.240536 7.12481 -0.345824 
v -0.240536 7.34239 -0.345824 
v -0.240131 7.34198 -0.287034 
v -0.0229554 7.34239 -0.345824 
v -0.240536 7.34239 -0.345824 
v -0.0229554 7.34239 -0.345824 
v -0.0225499 7.45077 -0.287034 
v -0.0229554 7.45118 -0.345824 
v 0.413243 7.01602 -0.345824 
v -0.240131 7.01561 -0.287034 
v 0.413243 7.01602 -0.345824 
v -0.240536 7.01602 -0.345824 
v 0.413243 7.12481 -0.345824 
v -0.240131 7.1244 -0.287034 
v -0.240536 7.12481 -0.345824 
v 0.413243 7.12481 -0.345824 
v -0.0229554 7.45118 -0.345824 
v 0.195662 7.34239 -0.345824 
v -0.240131 7.1244 -0.287034 
v -0.240131 7.45077 -0.287034 
v -0.240131 7.34198 -0.287034 
v -0.348921 7.34198 -0.287034 
v -0.348921 7.45077 -0.287034 
v -0.566502 7.45077 -0.287034 
v -0.566908 7.45118 -0.345824 
v -0.348921 7.45077 -0.287034 
v -0.240536 7.45118 -0.345824 
v -0.240131 7.45077 -0.287034 
v -0.0225499 7.34198 -0.287034 
v -0.0225499 7.34198 -0.287034 
v -0.240131 7.1244 -0.287034 
v 0.413648 7.1244 -0.287034 
v -0.240131 7.01561 -0.287034 
v -0.0225499 7.34198 -0.287034 
v -0.0225499 7.45077 -0.287034 
v -0.0225499 7.45077 -0.287034 
v 0.195662 7.45118 -0.345824 
v -0.0229554 7.45118 -0.345824 
v -0.240536 7.45118 -0.345824 
v -0.240536 7.55997 -0.345824 
v -0.240536 7.66876 -0.345824 
v -0.458117 7.77755 -0.345824 
v -0.240536 7.77755 -0.345824 
v -0.240536 7.45118 -0.345824 
v -0.240536 7.55997 -0.345824 
v -0.240131 7.55956 -0.287034 
v -0.131746 7.55997 -0.345824 
v -0.240131 7.55956 -0.287034 
v -0.240536 7.55997 -0.345824 
v -0.131746 7.55997 -0.345824 
v -0.131746 7.66876 -0.345824 
v -0.131746 7.55997 -0.345824 
v -0.131746 7.66876 -0.345824 
v -0.13134 7.66835 -0.287034 
v -0.566502 7.66835 -0.287034 
v -0.458117 7.66876 -0.345824 
v -0.566908 7.66876 -0.345824 
v -0.240131 7.45077 -0.287034 
v -0.457712 7.66835 -0.287034 
v -0.457712 7.77715 -0.287034 
v -0.458117 7.66876 -0.345824 
v -0.457712 7.66835 -0.287034 
v -0.458117 7.77755 -0.345824 
v -0.457712 7.77715 -0.287034 
v -0.240536 7.77755 -0.345824 
v -0.458117 7.77755 -0.345824 
v -0.13134 7.55956 -0.287034 
v -0.240131 7.55956 -0.287034 
v -0.13134 7.55956 -0.287034 
v -0.13134 7.55956 -0.287034 
v -0.13134 7.66835 -0.287034 
v -0.131746 7.66876 -0.345824 
v -0.240536 7.66876 -0.345824 
v -1.00166 7.66835 -0.287034 
v -1.43683 7.23319 0.0393375 
v -1.43683 6.90682 0.0393375 
v -1.43683 6.90682 -0.287034 
v -1.00166 7.34198 -0.178243 
v -1.00166 7.34198 -0.287034 
v -1.43683 7.23319 0.0393375 
v -1.00166 6.79803 -0.178243 
v -0.892873 7.34198 -0.178243 
v -1.00166 7.34198 -0.287034 
v -0.892873 7.34198 -0.178243 
v -1.00166 7.34198 -0.178243 
v -0.892873 7.34198 -0.287034 
v -0.892873 7.45077 -0.287034 
v -0.892873 7.34198 -0.178243 
v -0.892873 7.34198 -0.287034 
v -1.32803 7.23319 0.0393375 
v -1.32803 7.23319 -0.287034 
v -1.43683 7.23319 0.0393375 
v -1.43683 6.90682 0.0393375 
v -1.32803 7.23319 0.0393375 
v -1.32803 7.23319 0.0393375 
v -1.32803 7.45077 0.0393376 
v -1.21924 7.45077 0.0393376 
v -1.00166 7.66835 0.0393376 
v -1.00166 7.34198 -0.178243 
v -1.32803 7.45077 0.0393376 
v -0.892873 7.45077 -0.178243 
v -1.32803 7.45077 0.0393376 
v -1.21965 7.45118 -0.345824 
v -1.32844 7.45118 -0.345824 
v -1.21965 7.45118 -0.345824 
v -1.21924 7.66835 0.0393376 
v -1.21965 7.66876 -0.345824 
v -0.892873 7.77715 -0.287034 
v -1.00166 7.77715 -0.287034 
v -1.21924 7.66835 0.0393376 
v -0.892873 7.45077 -0.178243 
v -0.784083 7.77715 0.0393376 
v -0.784083 7.88594 0.0393377 
v -0.784488 7.88634 -0.345824 
v -0.784488 7.77755 -0.345824 
v -0.784083 7.88594 0.0393377 
v -1.00166 7.77715 0.0393376 
v -1.00166 7.77715 -0.287034 
v -1.00166 7.66835 -0.287034 
v -1.21924 7.45077 0.0393376 
v -1.21924 7.45077 0.0393376 
v -1.21924 7.66835 0.0393376 
v -1.00166 7.66835 0.0393376 
v -1.00166 7.66835 0.0393376 
v -1.00166 7.77715 0.0393376 
v -1.00166 7.77715 -0.287034 
v -0.784083 7.77715 0.0393376 
v -1.00166 7.77715 0.0393376 
v -0.457712 7.77715 0.0393376 
v -0.784083 7.77715 0.0393376 
v -0.348921 7.45077 -0.178243 
v -0.892873 7.45077 -0.178243 
v -0.348921 7.45077 -0.178243 
v -0.348921 7.45077 -0.287034 
v -0.348921 7.34198 -0.287034 
v -0.348921 7.34198 -0.178243 
v -0.348921 7.45077 -0.178243 
v -0.566502 7.66835 -0.287034 
v -0.566502 7.45077 -0.287034 
v -0.675292 7.45077 -0.287034 
v -0.348921 7.34198 -0.287034 
v -0.240131 7.34198 -0.178243 
v -0.348921 7.34198 -0.178243 
v -0.240131 7.34198 -0.178243 
v -0.0225499 7.66835 -0.287034 
v -0.240131 7.34198 -0.287034 
v -0.348921 7.34198 -0.178243 
v -0.240131 6.79803 -0.178243 
v -0.0225499 7.45077 0.0393376 
v -0.240131 7.66835 0.0393376 
v -0.240131 7.34198 -0.178243 
v 0.196067 7.45077 0.0393376 
v -0.0225499 7.45077 0.0393376 
v 0.196067 7.45077 0.0393376 
v -0.0225499 7.66835 -0.287034 
v -0.0225499 7.45077 0.0393376 
v -0.0225499 7.45077 -0.287034 
v -0.0225499 7.66835 0.0393376 
v -0.0225499 7.66835 0.0393376 
v -0.675292 7.77715 -0.287034 
v -0.457712 7.77715 -0.287034 
v -0.457712 7.66835 -0.287034 
v -0.566502 7.77715 -0.287034 
v -0.457712 7.88594 -0.287034 
v -0.566502 7.88594 -0.287034 
v -0.13134 7.66835 -0.287034 
v -0.0225499 7.66835 0.0393376 
v -0.0225499 7.66835 -0.287034 
v -0.240131 7.66835 0.0393376 
v -0.240131 7.77715 0.0393376 
v -0.240536 7.66876 -0.345824 
v -0.240536 7.77755 -0.345824 
v -0.240131 7.77715 0.0393376 
v -0.457712 7.88594 -0.287034 
v -0.457712 7.77715 0.0393376 
v -0.457712 7.77715 -0.287034 
v -0.784083 7.88594 0.0393377 
v -0.457712 7.88594 0.0393377 
v -0.457712 7.88594 0.0393377 
v -0.457712 7.88594 -0.287034 
v -0.457712 7.88594 0.0393377 
v -0.240131 7.66835 0.0393376 
v -0.240131 7.77715 0.0393376 
v -0.457712 7.77715 0.0393376 
v 0.195662 7.45118 -0.345824 
v 0.243809 6.28215 -0.403791 
v 0.21023 6.10376 -0.331968 
v 0.304858 6.47166 -0.287034 
v 0.304452 6.47207 -0.345825 
v 0.413243 6.47207 -0.345825 
v 0.26917 6.4979 -0.433404 
v 0.413243 6.68965 -0.345824 
v 0.413243 6.47207 -0.345825 
v 0.304452 6.47207 -0.345825 
v 0.522033 6.36328 -0.345825 
v 0.413243 6.36328 -0.345825 
v 0.522439 6.36287 -0.287034 
v 0.413243 6.36328 -0.345825 
v 0.522033 6.36328 -0.345825 
v 0.630824 6.47207 -0.345825 
v 0.630824 6.25448 -0.345825 
v 0.631229 6.36287 -0.287034 
v 0.630824 6.47207 -0.345825 
v 0.739614 6.47207 -0.345825 
v 0.630824 6.25448 -0.345825 
v 0.522033 6.58086 -0.345824 
v 0.631229 6.47166 -0.287034 
v 0.739614 6.47207 -0.345825 
v 0.630824 6.47207 -0.345825 
v 0.243809 6.50475 -0.0906244 
v 0.243809 6.28215 -0.403791 
v 0.243809 6.51358 -0.4046 
v 0.243809 6.28215 -0.403791 
v 0.26917 6.4979 -0.433404 
v 0.522033 6.36328 -0.345825 
v 0.522033 6.58086 -0.345824 
v 0.522439 6.58045 -0.287034 
v 0.304858 6.68924 -0.287034 
v 0.304452 6.47207 -0.345825 
v 0.304858 6.47166 -0.287034 
v 0.522439 6.36287 -0.287034 
v 0.631229 6.47166 -0.287034 
v 0.631229 6.47166 -0.287034 
v 0.631229 6.36287 -0.287034 
v 0.522439 6.36287 -0.287034 
v 0.522439 6.58045 -0.287034 
v 0.630824 6.58086 -0.345824 
v 0.522439 6.58045 -0.287034 
v 0.522033 6.58086 -0.345824 
v 0.631229 6.58045 -0.287034 
v 0.631229 6.68924 -0.287034 
v 0.631229 6.58045 -0.287034 
v 0.630824 6.58086 -0.345824 
v 0.304452 6.68965 -0.345824 
v 0.304452 6.68965 -0.345824 
v 0.304858 6.68924 -0.287034 
v 0.413243 6.68965 -0.345824 
v 0.304452 6.68965 -0.345824 
v 0.522033 6.79844 -0.345824 
v 0.413243 6.79844 -0.345824 
v 0.304452 6.79844 -0.345824 
v 0.522033 6.68965 -0.345824 
v 0.630824 6.58086 -0.345824 
v 0.630824 6.68965 -0.345824 
v 0.630824 6.68965 -0.345824 
v 0.522033 6.68965 -0.345824 
v 0.631229 6.68924 -0.287034 
v 0.630824 6.68965 -0.345824 
v 0.413243 6.68965 -0.345824 
v 0.413648 6.79803 -0.287034 
v 0.413243 6.79844 -0.345824 
v 0.304858 6.79803 -0.287034 
v 0.26917 6.70465 -0.0379203 
v 0.26917 6.4979 -0.433404 
v 0.26917 6.76434 -0.397826 
v 0.304858 6.90682 -0.287034 
v 0.304858 6.79803 -0.287034 
v 0.304452 6.79844 -0.345824 
v 0.304452 6.90723 -0.345824 
v 0.413243 6.90723 -0.345824 
v 0.304858 6.90682 -0.287034 
v 0.304452 6.90723 -0.345824 
v 0.413648 6.68924 -0.287034 
v 0.413648 6.68924 -0.287034 
v 0.522439 6.79803 -0.178243 
v 0.522033 6.68965 -0.345824 
v 0.522033 6.79844 -0.345824 
v 0.413648 6.79803 -0.287034 
v 0.522033 6.79844 -0.345824 
v 0.413243 6.79844 -0.345824 
v 0.413648 6.90682 -0.287034 
v 0.74002 6.47166 -0.287034 
v 0.957195 6.25448 -0.345825 
v 0.957195 6.36328 -0.345825 
v 0.957195 6.58086 -0.345824 
v 0.739614 6.68965 -0.345824 
v 0.957195 6.68965 -0.345824 
v 1.06599 6.36328 -0.345825 
v 1.06639 6.36287 -0.287034 
v 0.957195 6.36328 -0.345825 
v 1.06599 6.36328 -0.345825 
v 1.06599 6.36328 -0.345825 
v 1.06599 6.58086 -0.345824 
v 1.06639 6.58045 -0.287034 
v 1.06599 6.58086 -0.345824 
v 1.17478 6.58086 -0.345824 
v 1.39236 6.68965 -0.345824 
v 1.39236 6.58086 -0.345824 
v 1.39236 6.58086 -0.345824 
v 1.17518 6.58045 -0.287034 
v 1.17478 6.58086 -0.345824 
v 0.9576 6.58045 -0.287034 
v 1.06599 6.58086 -0.345824 
v 0.957195 6.58086 -0.345824 
v 0.74002 6.68924 -0.287034 
v 0.739614 6.47207 -0.345825 
v 0.74002 6.47166 -0.287034 
v 1.06639 6.58045 -0.287034 
v 0.9576 6.68924 -0.287034 
v 0.9576 6.58045 -0.287034 
v 0.957195 6.58086 -0.345824 
v 0.739614 6.68965 -0.345824 
v 0.957195 6.68965 -0.345824 
v 1.06639 6.36287 -0.287034 
v 1.39276 6.58045 -0.287034 
v 1.17518 6.47166 -0.287034 
v 1.17518 6.36287 -0.287034 
v 1.06639 6.36287 -0.287034 
v 1.17518 6.68924 -0.287034 
v 1.17478 6.58086 -0.345824 
v 1.17518 6.58045 -0.287034 
v 1.39236 6.68965 -0.345824 
v 1.39276 6.58045 -0.287034 
v 1.39236 6.58086 -0.345824 
v 1.17478 6.68965 -0.345824 
v 1.17478 6.68965 -0.345824 
v 0.74002 6.68924 -0.287034 
v 0.957195 6.68965 -0.345824 
v 0.739614 6.68965 -0.345824 
v 1.17478 6.68965 -0.345824 
v 1.06639 6.68924 -0.287034 
v 1.06599 6.68965 -0.345824 
v 1.06639 6.68924 -0.287034 
v 1.06599 6.79844 -0.345824 
v 1.06599 6.68965 -0.345824 
v 1.06599 6.68965 -0.345824 
v 1.17478 6.79844 -0.345824 
v 1.06599 6.79844 -0.345824 
v 1.39236 6.79844 -0.345824 
v 1.50115 6.68965 -0.345824 
v 1.50115 6.79844 -0.345824 
v 1.39236 6.90723 -0.345824 
v 1.17478 6.90723 -0.345824 
v 1.50155 6.79803 -0.287034 
v 1.50115 6.68965 -0.345824 
v 1.50115 6.79844 -0.345824 
v 0.9576 6.68924 -0.287034 
v 1.17518 6.68924 -0.287034 
v 1.06639 6.79803 -0.178243 
v 1.17478 6.79844 -0.345824 
v 1.06599 6.79844 -0.345824 
v 1.17478 6.79844 -0.345824 
v 1.17518 6.90682 -0.287034 
v 1.17478 6.90723 -0.345824 
v 1.17518 6.90682 -0.287034 
v 1.39236 6.90723 -0.345824 
v 1.17478 6.90723 -0.345824 
v 1.39276 6.90682 -0.287034 
v 1.39276 6.79803 -0.287034 
v 1.50115 6.79844 -0.345824 
v 1.39236 6.79844 -0.345824 
v 1.50155 6.79803 -0.287034 
v 1.39276 6.90682 -0.287034 
v 1.39276 6.79803 -0.287034 
v 1.39236 6.79844 -0.345824 
v 1.39236 6.90723 -0.345824 
v 1.06639 6.58045 -0.287034 
v 0.21023 6.29828 -0.100871 
v 0.21023 6.10376 -0.331968 
v 0.21023 6.28505 -0.347458 
v 0.21023 6.10376 -0.331968 
v 0.243809 6.27332 -0.089816 
v 0.304858 6.68924 -0.287034 
v 0.304858 6.47166 -0.287034 
v 0.196067 6.47166 -0.287034 
v 0.413648 6.47166 0.0393374 
v 0.413648 6.47166 0.0393374 
v 0.413243 6.47207 -0.345825 
v 0.413243 6.36328 -0.345825 
v 0.957195 6.25448 -0.345825 
v 0.631229 6.25408 0.0393374 
v 0.630824 6.25448 -0.345825 
v 0.631229 6.25408 0.0393374 
v 0.413648 6.36287 0.0393374 
v 0.631229 6.58045 -0.287034 
v 0.74002 6.47166 -0.287034 
v 0.631229 6.36287 0.0393374 
v 0.631229 6.36287 -0.287034 
v 0.21023 6.11699 -0.0853801 
v 0.21023 6.29828 -0.100871 
v 0.243809 6.50475 -0.0906244 
v 0.196067 6.47166 0.0393374 
v 0.196067 6.47166 -0.287034 
v 0.196067 6.68924 0.0393375 
v 0.196067 6.47166 -0.287034 
v 0.196067 6.47166 0.0393374 
v 0.196067 6.68924 0.0393375 
v 0.196067 6.47166 0.0393374 
v 0.413648 6.47166 0.0393374 
v 0.631229 6.36287 0.0393374 
v 0.631229 6.36287 0.0393374 
v 0.413648 6.36287 0.0393374 
v 0.413648 6.36287 0.0393374 
v 1.17518 6.47166 0.0393374 
v 0.196067 6.68924 -0.287034 
v 0.413648 6.68924 -0.287034 
v 0.413648 6.90682 -0.287034 
v 0.304858 6.90682 -0.287034 
v 0.413648 6.79803 -0.287034 
v 0.74002 6.68924 -0.287034 
v 0.631229 6.68924 -0.287034 
v 0.522439 6.68924 -0.178243 
v 0.522439 6.79803 -0.178243 
v 0.26917 6.4382 -0.0734978 
v 0.26917 6.70465 -0.0379203 
v 0.196067 6.68924 -0.287034 
v 0.196067 6.68924 -0.287034 
v 0.26917 6.70465 -0.0379203 
v 0.413648 6.79803 -0.178243 
v 0.413648 6.79803 -0.287034 
v 0.413648 6.90682 -0.287034 
v 0.522439 6.68924 -0.178243 
v 1.06639 6.79803 -0.178243 
v 0.522439 6.68924 -0.178243 
v 0.522439 6.79803 -0.178243 
v 0.413648 6.79803 -0.178243 
v 0.413648 7.01561 -0.287034 
v 0.631229 6.25408 0.0393374 
v 0.9576 6.25408 0.0393374 
v 0.9576 6.36287 0.0393374 
v 0.957195 6.25448 -0.345825 
v 0.957195 6.36328 -0.345825 
v 0.9576 6.25408 0.0393374 
v 0.9576 6.36287 0.0393374 
v 1.17518 6.58045 -0.287034 
v 0.9576 6.68924 -0.287034 
v 0.9576 6.58045 -0.287034 
v 1.17518 6.36287 0.0393374 
v 1.17518 6.36287 -0.287034 
v 1.17518 6.47166 -0.287034 
v 1.17518 6.36287 0.0393374 
v 1.17518 6.36287 -0.287034 
v 1.39276 6.47166 -0.287034 
v 1.17518 6.47166 0.0393374 
v 1.17518 6.47166 -0.287034 
v 1.39276 6.47166 -0.287034 
v 1.39276 6.58045 -0.287034 
v 1.39276 6.47166 0.0393374 
v 1.39276 6.47166 -0.287034 
v 0.9576 6.25408 0.0393374 
v 0.9576 6.36287 0.0393374 
v 1.39276 6.68924 0.0393375 
v 1.17518 6.36287 0.0393374 
v 1.17518 6.47166 0.0393374 
v 1.39276 6.47166 0.0393374 
v 1.39276 6.47166 0.0393374 
v 1.39276 6.68924 0.0393375 
v 1.06639 6.68924 -0.287034 
v 1.06639 6.68924 -0.178243 
v 1.06639 6.68924 -0.287034 
v 1.06639 6.79803 -0.178243 
v 1.17518 6.79803 -0.178243 
v 1.17518 6.68924 -0.287034 
v 1.39276 6.90682 -0.287034 
v 1.50155 6.79803 -0.287034 
v 1.39276 6.79803 -0.287034 
v 1.39276 6.68924 0.0393375 
v 1.39236 6.68965 -0.345824 
v 1.50115 6.68965 -0.345824 
v 1.17518 6.79803 -0.178243 
v 1.50155 6.90682 -0.287034 
v 1.17518 7.01561 -0.287034 
v 1.50155 6.68924 0.0393375 
v 1.06639 6.68924 -0.178243 
v 1.06639 6.68924 -0.178243 
v 1.50155 6.68924 0.0393375 
v 1.50155 6.90682 0.0393375 
v 1.50155 6.68924 0.0393375 
v 1.50155 6.90682 0.0393375 
v 1.50155 6.90682 -0.287034 
v 1.61034 6.90682 -0.287034 
v 1.61034 6.90682 0.0393375 
v 1.50155 6.90682 0.0393375 
v 1.50155 6.90682 -0.287034 
v 0.413648 7.01561 -0.287034 
v 0.196067 7.34198 -0.287034 
v 0.413243 7.34239 -0.345824 
v 0.195662 7.34239 -0.345824 
v 0.195662 7.34239 -0.345824 
v 0.195662 7.45118 -0.345824 
v 0.196067 7.45077 -0.287034 
v 0.413243 7.34239 -0.345824 
v 0.413243 6.90723 -0.345824 
v 0.413243 6.90723 -0.345824 
v 0.413243 7.01602 -0.345824 
v 0.413648 7.34198 -0.287034 
v 0.413243 7.12481 -0.345824 
v 0.413243 7.34239 -0.345824 
v 0.304452 7.45118 -0.345824 
v 0.739614 7.45118 -0.345824 
v 0.522439 7.45077 -0.287034 
v 0.413648 7.1244 -0.287034 
v 0.413648 7.01561 -0.287034 
v 0.196067 7.34198 -0.287034 
v 0.304858 7.45077 -0.287034 
v 0.413648 7.34198 -0.287034 
v 0.196067 7.34198 -0.287034 
v 0.196067 7.45077 -0.287034 
v 0.196067 7.45077 -0.287034 
v 0.413648 7.34198 -0.287034 
v 0.413648 7.1244 -0.287034 
v 0.522439 7.45077 -0.287034 
v 0.522439 7.34198 -0.287034 
v 0.74002 7.45077 -0.287034 
v 0.304858 7.45077 -0.287034 
v 0.304858 7.55956 -0.287034 
v 0.304452 7.45118 -0.345824 
v 0.304858 7.45077 -0.287034 
v 0.304452 7.55997 -0.345824 
v 0.304452 7.55997 -0.345824 
v 0.196067 7.55956 -0.287034 
v 0.195662 7.55997 -0.345824 
v 0.304452 7.55997 -0.345824 
v 0.413243 7.66876 -0.345824 
v 0.304452 7.45118 -0.345824 
v 0.195662 7.66876 -0.345824 
v 0.195662 7.55997 -0.345824 
v 0.304452 7.66876 -0.345824 
v 0.630824 7.66876 -0.345824 
v 0.739614 7.45118 -0.345824 
v 0.739614 7.66876 -0.345824 
v 0.630824 7.77755 -0.345824 
v 0.413243 7.77755 -0.345824 
v 0.74002 7.66835 -0.287034 
v 0.739614 7.45118 -0.345824 
v 0.739614 7.66876 -0.345824 
v 0.304858 7.55956 -0.287034 
v 0.196067 7.66835 -0.287034 
v 0.195662 7.55997 -0.345824 
v 0.196067 7.55956 -0.287034 
v 0.195662 7.66876 -0.345824 
v 0.196067 7.66835 -0.287034 
v 0.304452 7.66876 -0.345824 
v 0.195662 7.66876 -0.345824 
v 0.304858 7.66835 -0.287034 
v 0.630824 7.77755 -0.345824 
v 0.413243 7.77755 -0.345824 
v 0.631229 7.77715 -0.287034 
v 0.631229 7.66835 -0.287034 
v 0.739614 7.66876 -0.345824 
v 0.630824 7.66876 -0.345824 
v 0.74002 7.66835 -0.287034 
v 0.631229 7.77715 -0.287034 
v 0.631229 7.66835 -0.287034 
v 0.630824 7.66876 -0.345824 
v 0.630824 7.77755 -0.345824 
v 0.739614 7.77755 -0.345824 
v 0.74002 7.88594 -0.287034 
v 0.739614 7.88634 -0.345824 
v 1.17478 7.2336 -0.345824 
v 1.60994 7.01602 -0.345824 
v 1.17478 7.01602 -0.345824 
v 1.60994 7.01602 -0.345824 
v 1.17518 7.01561 -0.287034 
v 1.17478 7.01602 -0.345824 
v 1.17518 7.23319 -0.287034 
v 1.17478 7.2336 -0.345824 
v 1.17478 7.01602 -0.345824 
v 1.39236 7.45118 -0.345824 
v 1.50115 7.34239 -0.345824 
v 1.17478 7.34239 -0.345824 
v 1.50115 7.34239 -0.345824 
v 1.17518 7.34198 -0.287034 
v 1.17478 7.34239 -0.345824 
v 1.17478 7.2336 -0.345824 
v 1.50155 7.23319 -0.287034 
v 1.60994 7.2336 -0.345824 
v 1.60994 7.2336 -0.345824 
v 1.61034 7.01561 -0.287034 
v 1.60994 7.01602 -0.345824 
v 1.61034 7.01561 -0.287034 
v 1.60994 7.2336 -0.345824 
v 1.50115 7.45118 -0.345824 
v 1.50155 7.34198 -0.287034 
v 1.50115 7.34239 -0.345824 
v 1.50115 7.45118 -0.345824 
v 1.17518 7.23319 -0.287034 
v 1.17518 7.01561 -0.287034 
v 1.17518 6.90682 -0.287034 
v 1.17518 7.34198 -0.287034 
v 1.50155 7.23319 -0.287034 
v 1.17518 7.23319 -0.287034 
v 1.17518 7.66835 -0.287034 
v 1.17478 7.34239 -0.345824 
v 1.17518 7.34198 -0.287034 
v 1.06639 7.45077 -0.287034 
v 1.17518 7.34198 -0.287034 
v 1.06639 7.34198 -0.287034 
v 1.50155 7.34198 -0.287034 
v 1.61034 7.01561 -0.287034 
v 1.61034 6.90682 -0.287034 
v 1.50155 7.34198 -0.287034 
v 0.84881 7.45077 -0.287034 
v 1.06599 7.45118 -0.345824 
v 1.06639 7.45077 -0.287034 
v 0.848405 7.45118 -0.345824 
v 0.848405 7.77755 -0.345824 
v 0.957195 7.77755 -0.345824 
v 0.848405 7.45118 -0.345824 
v 0.84881 7.77715 -0.287034 
v 0.848405 7.77755 -0.345824 
v 0.739614 7.88634 -0.345824 
v 0.739614 7.77755 -0.345824 
v 0.957195 7.88634 -0.345824 
v 0.848405 7.45118 -0.345824 
v 1.17478 7.66876 -0.345824 
v 1.17478 7.66876 -0.345824 
v 1.06599 7.45118 -0.345824 
v 1.39236 7.66876 -0.345824 
v 1.06599 7.77755 -0.345824 
v 1.06599 7.45118 -0.345824 
v 1.06599 7.77755 -0.345824 
v 1.06639 7.77715 -0.287034 
v 0.74002 7.45077 -0.287034 
v 0.74002 7.77715 -0.287034 
v 0.848405 7.77755 -0.345824 
v 0.84881 7.77715 -0.287034 
v 0.739614 7.77755 -0.345824 
v 0.74002 7.88594 -0.287034 
v 0.957195 7.88634 -0.345824 
v 0.739614 7.88634 -0.345824 
v 0.74002 7.77715 -0.287034 
v 0.84881 7.45077 -0.287034 
v 1.06639 7.45077 -0.287034 
v 1.17518 7.66835 -0.287034 
v 1.17518 7.66835 -0.287034 
v 1.39236 7.66876 -0.345824 
v 1.17478 7.66876 -0.345824 
v 1.06639 7.77715 -0.287034 
v 1.06599 7.77755 -0.345824 
v 0.957195 7.77755 -0.345824 
v 0.304858 7.55956 -0.287034 
v 0.413648 7.34198 -0.178243 
v 0.196067 7.55956 -0.287034 
v 0.413648 7.34198 -0.287034 
v 0.522439 7.34198 -0.287034 
v 0.413648 7.34198 -0.178243 
v 0.522439 7.34198 -0.178243 
v 0.522439 7.45077 -0.178243 
v 0.522439 7.34198 -0.287034 
v 0.522439 7.45077 -0.287034 
v 0.522439 7.34198 -0.178243 
v 0.522439 7.45077 -0.178243 
v 0.74002 7.45077 -0.287034 
v 0.74002 7.66835 -0.287034 
v 0.84881 7.45077 -0.287034 
v 0.84881 7.77715 -0.287034 
v 1.06639 7.45077 -0.178243 
v 0.196067 7.45077 0.0393376 
v 0.196067 7.45077 -0.287034 
v 0.196067 7.66835 0.0393376 
v 0.413648 7.66835 0.0393376 
v 0.196067 7.66835 0.0393376 
v 0.413648 6.79803 -0.178243 
v 0.413648 7.34198 -0.178243 
v 0.522439 7.34198 -0.178243 
v 1.17518 7.66835 0.0393376 
v 0.522439 7.45077 -0.178243 
v 1.06639 7.45077 -0.178243 
v 0.304858 7.66835 -0.178243 
v 0.196067 7.66835 0.0393376 
v 0.413648 7.66835 0.0393376 
v 0.304858 7.66835 -0.287034 
v 0.304858 7.66835 -0.178243 
v 0.304452 7.66876 -0.345824 
v 0.304858 7.66835 -0.287034 
v 0.196067 7.66835 -0.287034 
v 0.413648 7.77715 0.0393376 
v 0.413243 7.77755 -0.345824 
v 0.413243 7.66876 -0.345824 
v 0.413648 7.77715 0.0393376 
v 0.631229 7.88594 0.0393377 
v 0.631229 7.88594 -0.287034 
v 0.631229 7.77715 -0.287034 
v 0.631229 7.77715 -0.287034 
v 0.631229 7.66835 -0.287034 
v 0.74002 7.77715 -0.287034 
v 0.74002 7.88594 -0.287034 
v 0.631229 7.88594 -0.287034 
v 0.9576 7.88594 0.0393377 
v 0.631229 7.88594 0.0393377 
v 0.631229 7.88594 -0.287034 
v 0.413243 7.66876 -0.345824 
v 0.413648 7.66835 0.0393376 
v 0.631229 7.77715 0.0393376 
v 0.631229 7.77715 0.0393376 
v 0.413648 7.77715 0.0393376 
v 0.631229 7.77715 0.0393376 
v 0.9576 7.77715 0.0393376 
v 0.631229 7.88594 0.0393377 
v 0.9576 7.88594 0.0393377 
v 1.06639 7.34198 -0.178243 
v 1.17518 6.79803 -0.178243 
v 1.17518 7.34198 -0.178243 
v 1.06639 7.34198 -0.287034 
v 1.17518 7.34198 -0.287034 
v 1.06639 7.34198 -0.178243 
v 1.17518 7.34198 -0.178243 
v 1.17518 7.34198 -0.287034 
v 1.61034 6.90682 -0.287034 
v 1.61034 6.90682 0.0393375 
v 1.61034 7.23319 0.0393375 
v 1.61034 7.23319 0.0393375 
v 1.50155 7.23319 0.0393375 
v 1.50155 7.23319 -0.287034 
v 1.17518 7.34198 -0.178243 
v 1.39276 7.45077 0.0393376 
v 1.50155 7.23319 0.0393375 
v 1.50155 7.45077 0.0393376 
v 1.50155 7.45077 0.0393376 
v 1.61034 6.90682 0.0393375 
v 1.61034 7.23319 0.0393375 
v 1.50155 7.23319 0.0393375 
v 1.06639 7.34198 -0.178243 
v 1.06639 7.45077 -0.287034 
v 1.06639 7.34198 -0.287034 
v 1.06639 7.45077 -0.178243 
v 0.9576 7.88594 0.0393377 
v 0.957195 7.77755 -0.345824 
v 0.957195 7.88634 -0.345824 
v 0.9576 7.77715 0.0393376 
v 1.06639 7.77715 -0.287034 
v 1.39276 7.45077 0.0393376 
v 1.50115 7.45118 -0.345824 
v 1.39236 7.45118 -0.345824 
v 1.39276 7.66835 0.0393376 
v 1.39236 7.45118 -0.345824 
v 1.39236 7.66876 -0.345824 
v 1.17518 7.77715 -0.287034 
v 1.39276 7.66835 0.0393376 
v 1.17518 7.77715 -0.287034 
v 1.17518 7.66835 0.0393376 
v 1.17518 7.66835 -0.287034 
v 1.17518 7.77715 0.0393376 
v 1.17518 7.77715 0.0393376 
v 1.17518 7.77715 -0.287034 
v 0.9576 7.77715 0.0393376 
v 1.17518 7.77715 0.0393376 
v 1.50155 7.45077 0.0393376 
v 1.39276 7.45077 0.0393376 
v 1.39276 7.66835 0.0393376 
v 1.17518 7.66835 0.0393376 

vn 0 0 -1 
vn 0 0 -1 
vn 0 0 -1 
vn -1 0 0 
vn -1 0 0 
vn -1 0 0 
vn 0 0 -1 
vn 0 0 -1 
vn 0 0 -1 
vn 0 0 -1 
vn 0 1 0.00787402 
vn 0 1 0.00787402 
vn 0 1 0.00787402 
vn 0 0 -1 
vn 0 0 -1 
vn 0 0 -1 
vn 0 0 -1 
vn 0 0 -1 
vn 0 0 -1 
vn -1 0 0.00787402 
vn -1 0 0.00787402 
vn -1 0 0.00787402 
vn 0 -1 -0.00787402 
vn 0 -1 -0.00787402 
vn 0 -1 -0.00787402 
vn 0 -1 -0.00787402 
vn 1 0 -0.00787402 
vn 1 0 -0.00787402 
vn 1 0 -0.00787402 
vn -1 0 0 
vn -1 0 0 
vn -1 0 0 
vn 1 0 -0.00787402 
vn 0 1 0.00787402 
vn -1 0 0.00787402 
vn 0 1 0.00787402 
vn 0 1 0.00787402 
vn 0 1 0.00787402 
vn 0 1 0.00787402 
vn -1 0 0.00787402 
vn -1 0 0.00787402 
vn -1 0 0.00787402 
vn -1 0 0.00787402 
vn 0 0 -1 
vn 0 0 -1 
vn 0 0 -1 
vn 0 0 -1 
vn 0 0 -1 
vn 0 0 -1 
vn 0 0 -1 
vn 0 0 -1 
vn 0 -1 -0.00787402 
vn 0 -1 -0.00787402 
vn 0 -1 -0.00787402 
vn 0 1 0 
vn 0 1 0 
vn 0 1 0 
vn 0 0 -1 
vn 0 0 -1 
vn 1 0 0 
vn 1 0 0 
vn 1 0 0 
vn -1 0 0 
vn -1 0 0 
vn -1 0 0 
vn 0 1 0.00787402 
vn 0 1 0.00787402 
vn 0 1 0.00787402 
vn 0 1 0.00787402 
vn -1 0 0.00787402 
vn -1 0 0.00787402 
vn -1 0 0.00787402 
vn -1 0 0.00787402 
vn 0 1 0.00787402 
vn 0 1 0.00787402 
vn 0 1 0.00787402 
vn 0 -1 -0.00787402 
vn 0 1 0 
vn 0 1 0 
vn 0 1 0 
vn 0 1 0 
vn 1 0 0 
vn 1 0 0 
vn 1 0 0 
vn 1 0 -0.00787402 
vn 1 0 -0.00787402 
vn 1 0 -0.00787402 
vn 0 -1 0 
vn 0 -1 0 
vn 0 -1 0 
vn 1 0 0 
vn 1 0 0 
vn 1 0 0 
vn 0 0 -1 
vn 0 0 -1 
vn 0 0 -1 
vn 0 0 -1 
vn 0 1 0.00787402 
vn 0 1 0.00787402 
vn 0 1 0.00787402 
vn 0 0 -1 
vn 0 0 -1 
vn 0 0 -1 
vn 0 0 -1 
vn 0 -0.0866142 -1 
vn 0 -0.0866142 -1 
vn 0 -0.0866142 -1 
vn 0 -1 0 
vn 0 -1 0 
vn 0 -1 0 
vn 0 0 -1 
vn 0 0 -1 
vn 0 0 -1 
vn -1 0 0.00787402 
vn -1 0 0.00787402 
vn -1 0 0.00787402 
vn 1 0 0 
vn 0 1 0.00787402 
vn 1 0 -0.00787402 
vn 0 -1 -0.00787402 
vn 0 -1 -0.00787402 
vn 0 -1 -0.00787402 
vn -1 0 0.00787402 
vn -1 0 0.00787402 
vn -1 0 0.00787402 
vn 0 0 -1 
vn 0 0 -1 
vn 0 0 -1 
vn -1 0 0.00787402 
vn -1 0 0 
vn -1 0 0 
vn -1 0 0 
vn 0 0 -1 
vn 1 0 -0.00787402 
vn 1 0 -0.00787402 
vn 1 0 -0.00787402 
vn 0 -1 -0.00787402 
vn 1 0 -0.00787402 
vn 0 0 -1 
vn 0 0 -1 
vn -1 0 0.00787402 
vn 0 0 -1 
vn 0 1 0 
vn 0 1 0 
vn 0 1 0 
vn 0 0 -1 
vn 0 0 -1 
vn 0 0.133858 -0.992126 
vn 0 0.133858 -0.992126 
vn 0 0.133858 -0.992126 
vn 0 1 0.00787402 
vn 0 1 0.00787402 
vn 0 1 0.00787402 
vn 0 0 -1 
vn 0 0 -1 
vn 0 0 -1 
vn 1 0 -0.00787402 
vn 1 0 -0.00787402 
vn 1 0 -0.00787402 
vn 0 1 0.00787402 
vn 1 0 -0.00787402 
vn -1 0 0 
vn -1 0 0 
vn -1 0 0 
vn 0 1 0 
vn 0 1 0 
vn 0 1 0 
vn 0 -1 -0.00787402 
vn 0 -1 -0.00787402 
vn 0 -1 -0.00787402 
vn 0 -1 -0.00787402 
vn 0 -1 -0.00787402 
vn 0 -1 -0.00787402 
vn 0 -1 -0.00787402 
vn -1 0 0 
vn -1 0 0 
vn -1 0 0 
vn -1 0 0.00787402 
vn -1 0 0.00787402 
vn -1 0 0.00787402 
vn -1 0 0.00787402 
vn 0 0 -1 
vn 0 0 -1 
vn 0 0 -1 
vn -1 0 0 
vn 0 -1 0 
vn 0 -1 0 
vn 0 -1 0 
vn -1 0 0 
vn -1 0 0 
vn 0 0 -1 
vn 0 0 -1 
vn 0 -1 0 
vn 0 -1 0 
vn 0 -1 0 
vn 0 -1 0 
vn 0 -1 0 
vn 0 -1 0 
vn -1 0 0 
vn -1 0 0 
vn -1 0 0 
vn 0 0 -1 
vn 0 0 -1 
vn 0 0 -1 
vn 0 0 -1 
vn 0 0 -1 
vn 0 0 -1 
vn 0 -1 0 
vn -1 0 0 
vn 0 0 1 
vn 0 0 1 
vn 0 0 1 
vn 0 -1 0 
vn -1 0 0 
vn 0 0 1 
vn 0 0 1 
vn -1 0 0 
vn 0 -1 0 
vn 0 0 1 
vn 0 0 1 
vn 0 0 1 
vn 0 0 1 
vn 0 0 -1 
vn 0 0 -1 
vn 0 0 -1 
vn 0 -1 0 
vn 0 -1 0 
vn 0 -1 0 
vn 1 0 0 
vn 0 0 -1 
vn 1 0 0 
vn 0 0 -1 
vn 0 0 -1 
vn 0 1 0 
vn 0 1 0 
vn 1 0 0 
vn 0 1 0 
vn 0 1 0 
vn -1 0 0 
vn -1 0 0 
vn -1 0 0 
vn 0 -1 0 
vn 0 -1 0 
vn 0 -1 0 
vn 0 -1 0 
vn 0 0 1 
vn 0 0 1 
vn 0 -1 0 
vn 1 0 0 
vn 0 0 -1 
vn 0 0 -1 
vn 0 0 -1 
vn 0 0 -1 
vn 1 0 0 
vn 0 -1 0 
vn 0 -1 0 
vn 0 -1 0 
vn 1 0 0 
vn 1 0 0 
vn 1 0 0 
vn 0 -1 0 
vn -1 0 0 
vn -1 0 0 
vn -1 0 0 
vn 0 -1 -0.0314961 
vn 0 -1 -0.0314961 
vn 0 -1 -0.0314961 
vn -1 0 0 
vn 0 -0.984252 -0.165354 
vn 0 -0.984252 -0.165354 
vn 0 -0.984252 -0.165354 
vn 0 -1 0 
vn 0 -1 0 
vn 1 0 0 
vn 1 0 0 
vn 1 0 0 
vn 1 0 0 
vn 0 0 1 
vn 1 0 0 
vn -1 0 0 
vn 0 -1 0.0551181 
vn 0 -1 0.0551181 
vn 0 -1 0.0551181 
vn 0 0.0866142 1 
vn 0 0.0866142 1 
vn 0 0.0866142 1 
vn 0 0 1 
vn 0 0 1 
vn 0 0 1 
vn 0 -0.133858 0.992126 
vn 0 -0.133858 0.992126 
vn 0 -0.133858 0.992126 
vn 0 0 1 
vn 0 0 -1 
vn 0 0 -1 
vn 0 0 -1 
vn 0 0 -1 
vn 0 0 -1 
vn 0 0 -1 
vn 0 0 -1 
vn 0 0 -1 
vn 0 0 -1 
vn 0 0 -1 
vn 0 0 -1 
vn 0 0.984252 0.165354 
vn 0 0.984252 0.165354 
vn 0 0.984252 0.165354 
vn -1 0 0 
vn 0 1 0 
vn 0 1 0 
vn -1 0 0 
vn -1 0 0 
vn -1 0 0 
vn -1 0 0 
vn -1 0 0 
vn 0 0 1 
vn 1 0 0 
vn 0 -1 0 
vn 0 -1 0 
vn 0 -1 0 
vn 0 1 0.00787402 
vn 0 -1 -0.00787402 
vn 0 -1 -0.00787402 
vn 0 -1 -0.00787402 
vn -1 0 0 
vn -1 0 0 
vn -1 0 0 
vn 0 0 -1 
vn 0 0 -1 
vn 0 0 -1 
vn 0 0 -1 
vn 0 0 -1 
vn 0 0 -1 
vn -1 0 0 
vn -1 0 0 
vn -1 0 0 
vn 0 1 0 
vn 0 1 0 
vn 0 1 0 
vn 0 0 -1 
vn 0 -1 -0.00787402 
vn 1 0 0 
vn 1 0 0 
vn 1 0 0 
vn 0 0 -1 
vn 0 -1 -0.00787402 
vn 0 -1 -0.00787402 
vn 0 -1 -0.00787402 
vn 0 0 -1 
vn 0 0 -1 
vn 0 0 -1 
vn 0 1 0 
vn 0 0 -1 
vn 0 0 -1 
vn 0 0 -1 
vn 0 -1 -0.00787402 
vn 0 0 -1 
vn 0 0 -1 
vn 0 0 -1 
vn 0 0 -1 
vn 0 0 -1 
vn 0 -1 0 
vn 0 -1 0 
vn 0 -1 0 
vn 1 0 -0.00787402 
vn 1 0 -0.00787402 
vn 1 0 -0.00787402 
vn 0 -1 0 
vn 0 0 -1 
vn 1 0 -0.00787402 
vn 0 0 -1 
vn 0 0 -1 
vn 0 0 -1 
vn 0 0 -1 
vn -1 0 0.00787402 
vn -1 0 0.00787402 
vn -1 0 0.00787402 
vn 0 0 -1 
vn 0 0 -1 
vn -1 0 0.00787402 
vn -1 0 0.00787402 
vn -1 0 0.00787402 
vn 0 0 -1 
vn 0 0 -1 
vn 0 0 -1 
vn 1 0 -0.00787402 
vn 1 0 -0.00787402 
vn 1 0 -0.00787402 
vn 1 0 -0.00787402 
vn -1 0 0.00787402 
vn 0 1 0 
vn 0 1 0 
vn 0 1 0 
vn 0 1 0 
vn 0 1 0 
vn 0 1 0 
vn 0 -1 -0.00787402 
vn 0 -1 -0.00787402 
vn 0 -1 -0.00787402 
vn 0 1 0 
vn 0 1 0 
vn 0 1 0 
vn -1 0 0.00787402 
vn 0 -1 -0.00787402 
vn 1 0 -0.00787402 
vn 1 0 -0.00787402 
vn 1 0 -0.00787402 
vn 1 0 -0.00787402 
vn 0 0 -1 
vn 0 0 -1 
vn 0 0 -1 
vn 0 0 -1 
vn 0 0 -1 
vn -1 0 0 
vn -1 0 0 
vn -1 0 0 
vn -1 0 0 
vn -1 0 0 
vn 0 0 -1 
vn 0 0 -1 
vn 0 0 -1 
vn 0 1 0.00787402 
vn 0 1 0.00787402 
vn 0 1 0.00787402 
vn -1 0 0.00787402 
vn -1 0 0.00787402 
vn -1 0 0.00787402 
vn 0 0 -1 
vn 0 1 0.00787402 
vn 0 1 0.00787402 
vn 0 1 0.00787402 
vn 0 -1 -0.00787402 
vn 0 -1 -0.00787402 
vn 0 -1 -0.00787402 
vn 0 0 -1 
vn 0 0 -1 
vn 0 0 -1 
vn -1 0 0 
vn 0 0 -1 
vn 0 0 -1 
vn 0 0 -1 
vn 0 0 -1 
vn 0 -1 0 
vn 0 -1 0 
vn 0 -1 0 
vn 0 -1 0 
vn 0 -1 0 
vn 0 0 -1 
vn 0 1 0.00787402 
vn 0 0 -1 
vn 0 0 -1 
vn 0 0 -1 
vn -1 0 0.00787402 
vn 0 0 -1 
vn 0 1 0 
vn 0 1 0 
vn 0 1 0 
vn 0 0 -1 
vn 0 0 -1 
vn 0 0 -1 
vn 0 0 -1 
vn 0 0 -1 
vn 1 0 -0.00787402 
vn 1 0 -0.00787402 
vn 1 0 -0.00787402 
vn 0 -1 -0.00787402 
vn 0 -1 -0.00787402 
vn 0 -1 -0.00787402 
vn 0 0 -1 
vn 0 0 -1 
vn 1 0 -0.00787402 
vn 1 0 -0.00787402 
vn 1 0 -0.00787402 
vn 0 1 0.00787402 
vn 0 1 0.00787402 
vn 0 1 0.00787402 
vn 1 0 -0.00787402 
vn 0 1 0.00787402 
vn -1 0 0.00787402 
vn -1 0 0.00787402 
vn -1 0 0.00787402 
vn -1 0 0.00787402 
vn 0 1 0 
vn 0 1 0 
vn 0 1 0 
vn 0 0 -1 
vn 0 0 -1 
vn 0 -1 -0.00787402 
vn 1 0 -0.00787402 
vn 0 1 0 
vn 0 1 0 
vn 0 1 0 
vn 0 0 -1 
vn -1 0 0 
vn -1 0 0 
vn -1 0 0 
vn 1 0 0 
vn 1 0 0 
vn 0 1 0 
vn 0 0 -1 
vn 0 0 -1 
vn 0 -1 0 
vn 0 -1 0 
vn 0 -1 0 
vn 0 -1 0 
vn 1 0 0 
vn 1 0 0 
vn 1 0 0 
vn -1 0 0 
vn -1 0 0 
vn 0 0 1 
vn 0 0 1 
vn 0 0 1 
vn 0 1 0 
vn -1 0 0 
vn 0 0 1 
vn 0 0 1 
vn 0 0 -1 
vn 0 0 1 
vn 1 0 0 
vn 0 1 0 
vn 0 1 0 
vn 0 1 0 
vn -1 0 0 
vn -1 0 0 
vn -1 0 0 
vn 0 0 -1 
vn 0 0 -1 
vn 0 1 0 
vn 0 -1 0 
vn 0 1 0 
vn -1 0 0 
vn -1 0 0 
vn -1 0 0 
vn 0 1 0 
vn -1 0 0 
vn -1 0 0 
vn -1 0 0 
vn 0 1 0 
vn -1 0 0 
vn 0 0 1 
vn 0 1 0 
vn -1 0 0 
vn 0 1 0 
vn 0 1 0 
vn 0 0 1 
vn 0 0 1 
vn 0 0 1 
vn -1 0 0 
vn 0 0 -1 
vn 0 0 -1 
vn -1 0 0 
vn -1 0 0 
vn -1 0 0 
vn -1 0 0 
vn 0 -1 0 
vn 0 0 -1 
vn 0 0 -1 
vn 0 0 -1 
vn 0 -1 0 
vn 0 -1 0 
vn 0 -1 0 
vn -1 0 0 
vn 0 0 -1 
vn 0 -1 0 
vn 0 0 -1 
vn 0 0 -1 
vn 0 0 1 
vn 0 0 1 
vn 0 0 -1 
vn 0 1 0 
vn 0 1 0 
vn 0 0 1 
vn 1 0 0 
vn 1 0 0 
vn 1 0 0 
vn 0 0 1 
vn 1 0 0 
vn 0 0 -1 
vn 0 0 -1 
vn 0 0 -1 
vn 0 0 -1 
vn 0 0 -1 
vn 0 0 -1 
vn 0 0 -1 
vn 0 1 0 
vn 0 1 0 
vn 0 1 0 
vn 1 0 0 
vn 1 0 0 
vn 1 0 0 
vn 0 1 0 
vn 1 0 0 
vn 1 0 0 
vn 1 0 0 
vn 0 0 1 
vn 0 0 1 
vn 0 1 0 
vn 0 1 0 
vn 1 0 0 
vn 1 0 0 
vn 0 0 1 
vn 0 1 0 
vn 0 0 -1 
vn 0 0 -1 
vn 0 -0.0866142 -1 
vn 0 -1 0 
vn 0 -1 0 
vn 0 -1 0 
vn 0 0.133858 -0.992126 
vn 0 0 -1 
vn 0 0 -1 
vn 0 0 -1 
vn 0 0 -1 
vn 0 0 -1 
vn 0 -1 0 
vn 0 -1 0 
vn 0 -1 0 
vn -1 0 0 
vn -1 0 0 
vn -1 0 0 
vn 0 0 -1 
vn 0 0 -1 
vn 0 0 -1 
vn 0 0 -1 
vn 0 1 0.00787402 
vn 0 1 0.00787402 
vn 0 1 0.00787402 
vn 1 0 0 
vn 1 0 0 
vn 1 0 0 
vn 0 -1 -0.0314961 
vn 0 -0.984252 -0.165354 
vn 1 0 -0.00787402 
vn 1 0 -0.00787402 
vn 1 0 -0.00787402 
vn -1 0 0.00787402 
vn -1 0 0.00787402 
vn -1 0 0.00787402 
vn 1 0 -0.00787402 
vn -1 0 0 
vn 0 0 -1 
vn 0 0 -1 
vn 0 0 -1 
vn 0 0 -1 
vn 0 -1 -0.00787402 
vn 0 -1 -0.00787402 
vn 0 -1 -0.00787402 
vn 0 -1 -0.00787402 
vn 1 0 -0.00787402 
vn 1 0 -0.00787402 
vn 1 0 -0.00787402 
vn 0 0 -1 
vn -1 0 0.00787402 
vn 0 1 0.00787402 
vn 0 1 0.00787402 
vn 0 1 0.00787402 
vn 0 0 -1 
vn 0 0 -1 
vn 0 0 -1 
vn 0 0 -1 
vn 0 0 -1 
vn 1 0 -0.00787402 
vn 0 0 -1 
vn 0 1 0 
vn 0 1 0 
vn 0 1 0 
vn -1 0 0.00787402 
vn -1 0 0.00787402 
vn -1 0 0.00787402 
vn 0 -1 -0.00787402 
vn 1 0 0 
vn 1 0 0 
vn 1 0 0 
vn 1 0 -0.00787402 
vn 1 0 -0.00787402 
vn 1 0 -0.00787402 
vn 1 0 -0.00787402 
vn 0 -1 -0.00787402 
vn 0 -1 -0.00787402 
vn 0 -1 -0.00787402 
vn 0 1 0.00787402 
vn -1 0 0.00787402 
vn 1 0 0 
vn 1 0 0 
vn 1 0 0 
vn 0 1 0 
vn 0 1 0 
vn 0 1 0 
vn 0 -1 -0.00787402 
vn 0 1 0.00787402 
vn 0 0 -1 
vn 0 0 -1 
vn 0 0 -1 
vn 0 0 -1 
vn 0 0 -1 
vn 0 0 -1 
vn 0 -1 0 
vn 0 -1 0 
vn 0 -1 0 
vn 1 0 -0.00787402 
vn 1 0 -0.00787402 
vn 1 0 -0.00787402 
vn 0 0 -1 
vn 0 0 -1 
vn 0 0 -1 
vn 0 0 -1 
vn 0 -1 -0.00787402 
vn 0 -1 -0.00787402 
vn 0 -1 -0.00787402 
vn 0 1 0.00787402 
vn 0 1 0.00787402 
vn 0 1 0.00787402 
vn -1 0 0.00787402 
vn -1 0 0.00787402 
vn -1 0 0.00787402 
vn 0 1 0.00787402 
vn 1 0 -0.00787402 
vn 1 0 -0.00787402 
vn 1 0 -0.00787402 
vn -1 0 0.00787402 
vn 1 0 -0.00787402 
vn 1 0 -0.00787402 
vn 0 -1 -0.00787402 
vn 0 0 -1 
vn 0 0 -1 
vn 0 0 -1 
vn -1 0 0.00787402 
vn -1 0 0.00787402 
vn -1 0 0.00787402 
vn 1 0 0 
vn 1 0 0 
vn 1 0 0 
vn -1 0 0.00787402 
vn 0 0 -1 
vn 0 1 0 
vn 0 1 0 
vn 0 1 0 
vn 0 -1 -0.00787402 
vn 0 -1 -0.00787402 
vn 0 -1 -0.00787402 
vn -1 0 0 
vn -1 0 0 
vn -1 0 0 
vn 0 0 -1 
vn 0 0 -1 
vn 0 0 -1 
vn 0 0 -1 
vn 0 0 -1 
vn 0 0 -1 
vn 0 0 -1 
vn 0 0 -1 
vn 1 0 0 
vn 1 0 0 
vn 1 0 0 
vn 0 1 0 
vn 0 -1 -0.00787402 
vn 0 1 0 
vn 0 1 0 
vn 0 1 0 
vn -1 0 0 
vn -1 0 0 
vn -1 0 0 
vn 0 1 0.00787402 
vn 0 1 0.00787402 
vn 0 1 0.00787402 
vn 0 1 0.00787402 
vn 0 1 0.00787402 
vn 0 1 0.00787402 
vn 0 1 0.00787402 
vn 0 1 0.00787402 
vn 1 0 -0.00787402 
vn 1 0 -0.00787402 
vn 1 0 -0.00787402 
vn 1 0 -0.00787402 
vn 0 0 -1 
vn 1 0 0 
vn 1 0 0 
vn 1 0 0 
vn 0 -1 0.0551181 
vn 1 0 0 
vn 0 0 -1 
vn 0 0 -1 
vn 0 0 -1 
vn 0 -1 0 
vn -1 0 0 
vn -1 0 0 
vn -1 0 0 
vn 0 -1 0 
vn 0 -1 0 
vn 0 -1 0 
vn -1 0 0 
vn 0 -1 0 
vn 0 0 -1 
vn 0 0 -1 
vn 0 -1 0 
vn 0 -1 0 
vn 1 0 0 
vn 0 0.0866142 1 
vn 0 0 1 
vn 0 -1 0 
vn 0 -1 0 
vn -1 0 0 
vn -1 0 0 
vn -1 0 0 
vn 0 0 1 
vn 0 0 1 
vn 0 0 1 
vn -1 0 0 
vn 0 0 1 
vn 0 0 1 
vn -1 0 0 
vn 0 0 1 
vn 0 0 -1 
vn 0 0 -1 
vn 0 0 -1 
vn 0 0 -1 
vn 0 0 -1 
vn 0 0 -1 
vn 0 0 -1 
vn 0 1 0 
vn 0 1 0 
vn 1 0 0 
vn 0 -0.133858 0.992126 
vn -1 0 0 
vn 0 -1 0 
vn 0 0.984252 0.165354 
vn 1 0 0 
vn 1 0 0 
vn 1 0 0 
vn 1 0 0 
vn 0 0 -1 
vn 0 0 -1 
vn 0 0 -1 
vn 0 1 0 
vn 1 0 0 
vn 0 0 1 
vn 0 0 1 
vn 1 0 0 
vn 1 0 0 
vn 1 0 0 
vn 0 -1 0 
vn 0 -1 0 
vn 0 0 -1 
vn 0 0 -1 
vn 0 0 -1 
vn 0 -1 0 
vn 0 -1 0 
vn 1 0 0 
vn 1 0 0 
vn 1 0 0 
vn 0 -1 0 
vn 0 -1 0 
vn 0 -1 0 
vn 0 0 -1 
vn 0 0 -1 
vn 1 0 0 
vn 1 0 0 
vn 1 0 0 
vn 0 0 1 
vn 0 0 1 
vn 0 0 1 
vn 1 0 0 
vn 0 -1 0 
vn 0 0 1 
vn 1 0 0 
vn 0 0 -1 
vn 0 1 0 
vn 0 1 0 
vn -1 0 0 
vn 0 1 0 
vn 0 0 -1 
vn 0 0 -1 
vn 0 0 -1 
vn 0 0 -1 
vn 0 -1 0 
vn 0 -1 0 
vn 0 -1 0 
vn -1 0 0 
vn 0 0 -1 
vn -1 0 0 
vn 0 -1 0 
vn 0 0 -1 
vn -1 0 0 
vn 0 0 1 
vn 0 0 1 
vn 1 0 0 
vn 1 0 0 
vn 1 0 0 
vn 0 -1 0 
vn 0 -1 0 
vn 0 -1 0 
vn 0 -1 0 
vn 0 1 0.00787402 
vn 0 1 0.00787402 
vn 0 1 0.00787402 
vn 0 1 0.00787402 
vn 1 0 -0.00787402 
vn 1 0 -0.00787402 
vn 1 0 -0.00787402 
vn 0 0 -1 
vn 0 0 -1 
vn 1 0 0 
vn 1 0 0 
vn 1 0 0 
vn 1 0 0 
vn 1 0 0 
vn 0 -1 0 
vn 0 -1 0 
vn 0 -1 0 
vn 0 -1 -0.00787402 
vn 0 0 -1 
vn 0 0 -1 
vn 0 0 -1 
vn 0 0 -1 
vn 1 0 -0.00787402 
vn 0 1 0 
vn 0 0 -1 
vn 0 1 0.00787402 
vn 1 0 0 
vn 0 0 -1 
vn 0 0 -1 
vn 0 -1 0 
vn 0 -1 0 
vn -1 0 0.00787402 
vn -1 0 0.00787402 
vn -1 0 0.00787402 
vn -1 0 0.00787402 
vn 0 -1 -0.00787402 
vn 0 -1 -0.00787402 
vn 0 -1 -0.00787402 
vn 0 0 -1 
vn 0 0 -1 
vn 0 0 -1 
vn 0 0 -1 
vn 0 0 -1 
vn 0 0 -1 
vn 0 0 -1 
vn 0 0 -1 
vn 0 0 -1 
vn 0 0 -1 
vn 0 0 -1 
vn 1 0 -0.00787402 
vn 1 0 -0.00787402 
vn 1 0 -0.00787402 
vn 0 -1 -0.00787402 
vn -1 0 0 
vn -1 0 0 
vn -1 0 0 
vn -1 0 0 
vn 0 1 0.00787402 
vn 0 1 0.00787402 
vn 0 1 0.00787402 
vn 0 1 0.00787402 
vn 0 1 0 
vn 0 1 0 
vn 0 1 0 
vn 0 1 0.00787402 
vn 0 1 0.00787402 
vn 0 1 0.00787402 
vn 0 1 0.00787402 
vn 1 0 -0.00787402 
vn 1 0 -0.00787402 
vn 1 0 -0.00787402 
vn 1 0 -0.00787402 
vn -1 0 0.00787402 
vn -1 0 0.00787402 
vn -1 0 0.00787402 
vn 0 0 -1 
vn 0 0 -1 
vn 0 0 -1 
vn 0 -1 -0.00787402 
vn 0 -1 -0.00787402 
vn 0 -1 -0.00787402 
vn -1 0 0 
vn -1 0 0 
vn -1 0 0 
vn 0 0 -1 
vn 0 0 -1 
vn 0 0 -1 
vn 0 -1 -0.00787402 
vn 0 -1 -0.00787402 
vn 0 -1 -0.00787402 
vn 0 1 0 
vn 0 1 0 
vn 0 1 0 
vn 1 0 0 
vn 1 0 0 
vn 1 0 0 
vn 0 -1 -0.00787402 
vn 0 0 -1 
vn 0 0 -1 
vn 1 0 0 
vn 1 0 0 
vn 1 0 0 
vn 0 1 0 
vn 0 0 -1 
vn 0 0 -1 
vn 0 0 -1 
vn 0 0 -1 
vn 0 0 -1 
vn -1 0 0.00787402 
vn -1 0 0.00787402 
vn -1 0 0.00787402 
vn 0 0 -1 
vn 0 0 -1 
vn 0 0 -1 
vn 0 -1 -0.00787402 
vn 0 0 -1 
vn 0 0 -1 
vn 0 0 -1 
vn 0 -1 0 
vn 0 -1 0 
vn 0 -1 0 
vn 0 0 -1 
vn 0 0 -1 
vn 0 0 -1 
vn -1 0 0.00787402 
vn -1 0 0.00787402 
vn -1 0 0.00787402 
vn 0 0 -1 
vn 0 0 -1 
vn 0 0 -1 
vn 0 -1 0 
vn 0 0 -1 
vn -1 0 0.00787402 
vn 0 0 -1 
vn 0 0 -1 
vn 0 0 -1 
vn 1 0 -0.00787402 
vn 1 0 -0.00787402 
vn 1 0 -0.00787402 
vn 1 0 -0.00787402 
vn 0 -1 -0.00787402 
vn 0 -1 -0.00787402 
vn 0 -1 -0.00787402 
vn 0 -1 -0.00787402 
vn 0 1 0 
vn 0 1 0 
vn 0 1 0 
vn -1 0 0.00787402 
vn -1 0 0.00787402 
vn 1 0 -0.00787402 
vn 0 0 -1 
vn 0 1 0 
vn 0 1 0 
vn 0 1 0 
vn 0 1 0 
vn 0 1 0 
vn 0 1 0 
vn 0 0 -1 
vn 1 0 0 
vn 0 0 -1 
vn 0 -1 0 
vn 0 -1 0 
vn 0 -1 0 
vn 0 -1 0 
vn 1 0 0 
vn 1 0 0 
vn 1 0 0 
vn 1 0 0 
vn 0 -1 0 
vn 0 0 -1 
vn 0 0 -1 
vn 0 0 -1 
vn 0 0 -1 
vn 0 -1 0 
vn -1 0 0 
vn -1 0 0 
vn -1 0 0 
vn 0 0 1 
vn 0 0 1 
vn 0 0 -1 
vn 0 0 -1 
vn 0 0 -1 
vn 0 0 1 
vn 0 0 -1 
vn 0 0 -1 
vn 0 1 0 
vn 0 1 0 
vn 0 1 0 
vn -0.708661 -0.708661 0 
vn -0.708661 -0.708661 0 
vn -0.708661 -0.708661 0 
vn 0 1 0 
vn 0 1 0 
vn -1 0 0 
vn -1 0 0 
vn -1 0 0 
vn 0 1 0 
vn -1 0 0 
vn -1 0 0 
vn -1 0 0 
vn 0 0 -1 
vn 0 0 -1 
vn 0 0 -1 
vn 0 0 -1 
vn 0 0 -1 
vn 0 1 0 
vn 0 1 0 
vn 0 1 0 
vn 0 1 0 
vn -1 0 0 
vn 0 1 0 
vn 0 0 1 
vn 0 0 1 
vn -1 0 0 
vn 0 0 1 
vn 0 0 1 
vn 0 0 1 
vn 0 0 -1 
vn 0 0 -1 
vn -1 0 0 
vn 0 -1 0 
vn 0 -1 0 
vn 0 -1 0 
vn 0 -1 0 
vn -1 0 0 
vn 1 0 0 
vn 1 0 0 
vn 1 0 0 
vn 0 1 0 
vn 1 0 0 
vn 1 0 0 
vn 0 0 -1 
vn 0 0 1 
vn 0 0 1 
vn 0 0 1 
vn 1 0 0 
vn 0 0 1 
vn 0 0 1 
vn 0 1 0 
vn -1 0 0 
vn -1 0 0 
vn -1 0 0 
vn -1 0 0 
vn 1 0 0 
vn 1 0 0 
vn 1 0 0 
vn 0 1 0 
vn 0 0 -1 
vn 0 1 0 
vn 0 1 0 
vn 0 1 0 
vn 1 0 0 
vn 1 0 0 
vn 1 0 0 
vn 0 0 -1 
vn 0 1 0 
vn 1 0 0 
vn 1 0 0 
vn 1 0 0 
vn 0 0 1 
vn 0 1 0 
vn 0 1 0 
vn 1 0 0 
vn 1 0 0 
vn 0 1 0 
vn 1 0 0 
vn 0 0 1 
vn 0 1 0 

vt 0.382391 0.447013 
vt 0.401818 0.46644 
vt 0.382391 0.485867 
vt 0.867101 0.295941 
vt 0.847674 0.295941 
vt 0.867029 0.285442 
vt 0.401818 0.447013 
vt 0.113188 0.627397 
vt 0.0937616 0.627397 
vt 0.0937616 0.588543 
vt 0.578842 0.970347 
vt 0.568344 0.989702 
vt 0.568344 0.970275 
vt 0.421245 0.485867 
vt 0.421245 0.46644 
vt 0.401818 0.52472 
vt 0.362964 0.544147 
vt 0.362964 0.485867 
vt 0.440671 0.52472 
vt 0.978046 0.597175 
vt 0.988545 0.61653 
vt 0.978046 0.616602 
vt 0.578842 0.294371 
vt 0.589341 0.25559 
vt 0.578842 0.255517 
vt 0.589341 0.294444 
vt 0.975643 0.407975 
vt 0.975643 0.388548 
vt 0.965145 0.38862 
vt 0.0277544 0.807266 
vt 0.0472535 0.817764 
vt 0.0278267 0.817764 
vt 0.965145 0.408047 
vt 0.578842 0.989774 
vt 0.988545 0.597103 
vt 0.988875 0.655383 
vt 0.988875 0.67481 
vt 0.978376 0.674738 
vt 0.978376 0.655311 
vt 0.425143 0.956582 
vt 0.435641 0.975936 
vt 0.425143 0.976009 
vt 0.435641 0.956509 
vt 0.113188 0.588543 
vt 0.132615 0.569117 
vt 0.113188 0.569117 
vt 0.132615 0.588543 
vt 0.132615 0.627397 
vt 0.152042 0.627397 
vt 0.152042 0.588543 
vt 0.440671 0.485867 
vt 0.975347 0.19731 
vt 0.985845 0.177955 
vt 0.975347 0.177883 
vt 0.581614 0.0277544 
vt 0.571115 0.0665356 
vt 0.571115 0.0276819 
vt 0.132615 0.646824 
vt 0.113188 0.646824 
vt 0.828248 0.428971 
vt 0.808749 0.418473 
vt 0.808821 0.428971 
vt 0.82322 0.0771062 
vt 0.803793 0.0771062 
vt 0.823148 0.0666079 
vt 0.96019 0.102762 
vt 0.96019 0.122189 
vt 0.949691 0.122117 
vt 0.949691 0.10269 
vt 0.551689 0.275275 
vt 0.562187 0.29463 
vt 0.551689 0.294702 
vt 0.562187 0.275203 
vt 0.921336 0.38862 
vt 0.921336 0.427474 
vt 0.910838 0.427402 
vt 0.985845 0.197382 
vt 0.581614 0.066608 
vt 0.755867 0.428971 
vt 0.736512 0.399046 
vt 0.755939 0.399046 
vt 0.58934 0.161155 
vt 0.578842 0.141801 
vt 0.578842 0.161228 
vt 0.937991 0.38862 
vt 0.937991 0.427474 
vt 0.94849 0.427402 
vt 0.803794 0.560949 
vt 0.823148 0.571447 
vt 0.82322 0.560949 
vt 0.775366 0.295941 
vt 0.755867 0.285443 
vt 0.736512 0.295941 
vt 0.401818 0.544147 
vt 0.625423 0.333039 
vt 0.644849 0.313612 
vt 0.644849 0.352466 
vt 0.985773 0.483314 
vt 0.975275 0.502668 
vt 0.975275 0.483241 
vt 0.625423 0.313612 
vt 0.498653 0.966058 
vt 0.457327 0.909969 
vt 0.498653 0.909969 
vt 0.0407595 0.960686 
vt 0.00832758 0.916509 
vt 0.0407595 0.916509 
vt 0.811448 0.152227 
vt 0.830947 0.141728 
vt 0.81152 0.141728 
vt 0.605996 0.371893 
vt 0.605996 0.333039 
vt 0.625423 0.371893 
vt 0.0937616 0.916664 
vt 0.10426 0.955446 
vt 0.0937616 0.955518 
vt 0.775293 0.285443 
vt 0.985773 0.502741 
vt 0.94849 0.388548 
vt 0.975347 0.236091 
vt 0.985846 0.216736 
vt 0.975347 0.216664 
vt 0.973302 0.95581 
vt 0.962804 0.936456 
vt 0.973302 0.936383 
vt 0.903111 0.333039 
vt 0.883684 0.313612 
vt 0.903111 0.313612 
vt 0.10426 0.916592 
vt 0.904842 0.956318 
vt 0.946149 0.901535 
vt 0.946149 0.957624 
vt 0.883684 0.352466 
vt 0.264509 0.955291 
vt 0.264509 0.916437 
vt 0.254011 0.916509 
vt 0.985846 0.236163 
vt 0.254011 0.955363 
vt 0.664276 0.371893 
vt 0.664276 0.352466 
vt 0.962804 0.955883 
vt 0.644849 0.371893 
vt 0.581614 0.0860348 
vt 0.571115 0.105389 
vt 0.571115 0.0859624 
vt 0.625423 0.391319 
vt 0.644849 0.391319 
vt 0.0561168 0.899854 
vt 0.00832758 0.834419 
vt 0.0561168 0.834419 
vt 0.985846 0.252891 
vt 0.975347 0.272245 
vt 0.975347 0.252818 
vt 0.488453 0.105646 
vt 0.469026 0.0277543 
vt 0.488453 0.0277543 
vt 0.978046 0.561021 
vt 0.978046 0.580448 
vt 0.988545 0.580375 
vt 0.985846 0.272318 
vt 0.988545 0.560949 
vt 0.844975 0.428971 
vt 0.86433 0.399046 
vt 0.864402 0.428971 
vt 0.792093 0.399046 
vt 0.772594 0.409544 
vt 0.772667 0.399046 
vt 0.254011 0.991445 
vt 0.264509 0.97209 
vt 0.254011 0.972018 
vt 0.264509 0.991517 
vt 0.428971 0.655237 
vt 0.418473 0.733057 
vt 0.428971 0.73313 
vt 0.84021 0.891325 
vt 0.888187 0.827695 
vt 0.888187 0.892842 
vt 0.903111 0.541449 
vt 0.892612 0.522095 
vt 0.903111 0.522022 
vt 0.892612 0.541522 
vt 0.644849 0.141728 
vt 0.625422 0.180582 
vt 0.625422 0.141728 
vt 0.847602 0.227162 
vt 0.934237 0.00832754 
vt 0.895384 0.00832754 
vt 0.895384 0.0666078 
vt 0.00832758 0.748985 
vt 0.00832758 0.807266 
vt 0.644849 0.180582 
vt 0.625422 0.200009 
vt 0.736512 0.313612 
vt 0.775293 0.382391 
vt 0.775366 0.313612 
vt 0.617768 0.655311 
vt 0.675976 0.724089 
vt 0.676049 0.655311 
vt 0.673277 0.826178 
vt 0.673349 0.894957 
vt 0.653923 0.894957 
vt 0.644849 0.200009 
vt 0.922538 0.371893 
vt 0.903111 0.352466 
vt 0.922538 0.333039 
vt 0.664276 0.200008 
vt 0.644849 0.219435 
vt 0.73644 0.382391 
vt 0.867029 0.227162 
vt 0.0471811 0.0860346 
vt 0.0277544 0.0860346 
vt 0.0277544 0.124888 
vt 0.934237 0.0666078 
vt 0.0471811 0.748985 
vt 0.0471811 0.0471811 
vt 0.0860346 0.0471811 
vt 0.65385 0.826178 
vt 0.617696 0.724089 
vt 0.00832758 0.183168 
vt 0.00832758 0.124888 
vt 0.0277544 0.183168 
vt 0.0471811 0.222022 
vt 0.700358 0.161155 
vt 0.680931 0.180582 
vt 0.680931 0.161155 
vt 0.866956 0.382391 
vt 0.867029 0.313612 
vt 0.847602 0.313612 
vt 0.608767 0.141728 
vt 0.700358 0.180582 
vt 0.58934 0.180582 
vt 0.664276 0.180582 
vt 0.664276 0.219435 
vt 0.60104 0.00832754 
vt 0.581614 0.00832754 
vt 0.828175 0.399046 
vt 0.73644 0.428971 
vt 0.60104 0.105462 
vt 0.803721 0.00832754 
vt 0.842574 0.00832754 
vt 0.842574 0.0666079 
vt 0.939193 0.313612 
vt 0.939193 0.371893 
vt 0.958619 0.313612 
vt 0.958619 0.371893 
vt 0.124888 0.0277544 
vt 0.0860346 0.0277544 
vt 0.84753 0.382391 
vt 0.808749 0.399046 
vt 0.335811 0.180397 
vt 0.432945 0.16097 
vt 0.432945 0.180397 
vt 0.335811 0.16097 
vt 0.73644 0.227162 
vt 0.842575 0.629727 
vt 0.842575 0.571447 
vt 0.803721 0.629727 
vt 0.878656 0.0083276 
vt 0.859302 0.0771062 
vt 0.878729 0.0771062 
vt 0.830875 0.210507 
vt 0.650171 0.912639 
vt 0.617696 0.955709 
vt 0.617696 0.911612 
vt 0.728858 0.909497 
vt 0.784936 0.965597 
vt 0.784936 0.909497 
vt 0.904842 0.900229 
vt 0.532262 0.826251 
vt 0.596968 0.891841 
vt 0.596968 0.826251 
vt 0.792021 0.210507 
vt 0.792021 0.152227 
vt 0.931466 0.505367 
vt 0.892613 0.447087 
vt 0.892613 0.505367 
vt 0.755867 0.227162 
vt 0.0277544 0.222022 
vt 0.85923 0.0083276 
vt 0.650171 0.956736 
vt 0.666826 0.911612 
vt 0.710891 0.95574 
vt 0.710891 0.911612 
vt 0.204924 0.960613 
vt 0.237356 0.916437 
vt 0.204924 0.916437 
vt 0.84021 0.965586 
vt 0.881537 0.909497 
vt 0.84021 0.909497 
vt 0.204924 0.899781 
vt 0.252713 0.834346 
vt 0.204924 0.834346 
vt 0.0860346 0.260875 
vt 0.903111 0.371893 
vt 0.401818 0.410931 
vt 0.401818 0.430358 
vt 0.382391 0.430358 
vt 0.382391 0.410931 
vt 0.362964 0.410931 
vt 0.362964 0.430358 
vt 0.440671 0.410931 
vt 0.401818 0.391504 
vt 0.440671 0.391504 
vt 0.382391 0.333039 
vt 0.158468 0.834346 
vt 0.0937616 0.899936 
vt 0.0937616 0.834346 
vt 0.844903 0.399046 
vt 0.792021 0.428971 
vt 0.772594 0.428971 
vt 0.535033 0.0277544 
vt 0.535033 0.0083276 
vt 0.55446 0.0083276 
vt 0.535033 0.0471812 
vt 0.84021 0.826178 
vt 0.0471811 0.260875 
vt 0.931466 0.447087 
vt 0.326955 0.845419 
vt 0.287916 0.903699 
vt 0.326955 0.903699 
vt 0.910838 0.388548 
vt 0.48448 0.732872 
vt 0.494978 0.655237 
vt 0.48448 0.655164 
vt 0.113188 0.721759 
vt 0.152114 0.732257 
vt 0.113261 0.732258 
vt 0.692631 0.524794 
vt 0.653778 0.447087 
vt 0.692631 0.447087 
vt 0.476753 0.85446 
vt 0.457327 0.835033 
vt 0.476753 0.835033 
vt 0.113188 0.807193 
vt 0.132687 0.817691 
vt 0.113261 0.817691 
vt 0.54276 0.580448 
vt 0.532262 0.638656 
vt 0.532262 0.560949 
vt 0.653778 0.524794 
vt 0.494978 0.732944 
vt 0.578842 0.219508 
vt 0.58934 0.219436 
vt 0.578842 0.180654 
vt 0.457327 0.893314 
vt 0.260505 0.807194 
vt 0.271003 0.748985 
vt 0.260505 0.748913 
vt 0.719785 0.141728 
vt 0.700358 0.141728 
vt 0.719785 0.219435 
vt 0.54276 0.638728 
vt 0.719784 0.23609 
vt 0.700358 0.294371 
vt 0.700358 0.23609 
vt 0.271003 0.807266 
vt 0.700358 0.219435 
vt 0.719784 0.294371 
vt 0.263059 0.569117 
vt 0.243632 0.588543 
vt 0.243632 0.569117 
vt 0.479525 0.180654 
vt 0.479525 0.141801 
vt 0.469026 0.180582 
vt 0.948121 0.447159 
vt 0.95862 0.505368 
vt 0.95862 0.447087 
vt 0.469026 0.141728 
vt 0.515607 0.893314 
vt 0.948121 0.50544 
vt 0.515607 0.85446 
vt 0.617696 0.505367 
vt 0.637122 0.447087 
vt 0.637122 0.505367 
vt 0.587843 0.74089 
vt 0.598341 0.799098 
vt 0.587843 0.799171 
vt 0.598269 0.447087 
vt 0.598269 0.505367 
vt 0.883684 0.38862 
vt 0.894182 0.427402 
vt 0.883684 0.427474 
vt 0.617696 0.524794 
vt 0.578842 0.524794 
vt 0.578842 0.505367 
vt 0.16877 0.663551 
vt 0.16877 0.721832 
vt 0.179268 0.72176 
vt 0.179268 0.663479 
vt 0.598341 0.740817 
vt 0.692776 0.740744 
vt 0.73163 0.740744 
vt 0.692704 0.751243 
vt 0.811448 0.324111 
vt 0.792093 0.313612 
vt 0.81152 0.313612 
vt 0.148069 0.9916 
vt 0.158567 0.972245 
vt 0.148069 0.972173 
vt 0.224133 0.673977 
vt 0.224206 0.663479 
vt 0.263059 0.663479 
vt 0.894182 0.388548 
vt 0.158567 0.991672 
vt 0.985845 0.161155 
vt 0.985845 0.141728 
vt 0.975347 0.141801 
vt 0.975347 0.161228 
vt 0.207551 0.588543 
vt 0.168697 0.569117 
vt 0.207551 0.569117 
vt 0.50788 0.0083276 
vt 0.488453 0.0083276 
vt 0.524535 0.0278268 
vt 0.524535 0.0472537 
vt 0.524535 0.105534 
vt 0.524535 0.0666804 
vt 0.535033 0.105462 
vt 0.49618 0.352466 
vt 0.457327 0.313612 
vt 0.49618 0.313612 
vt 0.158567 0.916664 
vt 0.148069 0.955446 
vt 0.148069 0.916592 
vt 0.962804 0.826251 
vt 0.973302 0.845605 
vt 0.962804 0.845678 
vt 0.50788 0.125073 
vt 0.54276 0.313685 
vt 0.532262 0.430359 
vt 0.532262 0.313612 
vt 0.551689 0.258475 
vt 0.562187 0.141801 
vt 0.551689 0.141728 
vt 0.457327 0.430358 
vt 0.515607 0.352466 
vt 0.49618 0.391504 
vt 0.535033 0.066608 
vt 0.644849 0.255517 
vt 0.625422 0.255517 
vt 0.625422 0.23609 
vt 0.644849 0.23609 
vt 0.479525 0.200081 
vt 0.469026 0.200009 
vt 0.479525 0.238935 
vt 0.469026 0.258289 
vt 0.479525 0.258362 
vt 0.625422 0.294371 
vt 0.158567 0.955518 
vt 0.535033 0.141728 
vt 0.535033 0.258474 
vt 0.515607 0.141728 
vt 0.973302 0.826178 
vt 0.644849 0.294371 
vt 0.731743 0.665809 
vt 0.692776 0.655311 
vt 0.731815 0.655311 
vt 0.168697 0.627397 
vt 0.188124 0.627397 
vt 0.207551 0.627397 
vt 0.226977 0.588543 
vt 0.226977 0.627397 
vt 0.951223 0.691538 
vt 0.951223 0.710965 
vt 0.961721 0.710892 
vt 0.0937616 0.9916 
vt 0.10426 0.972245 
vt 0.0937616 0.972173 
vt 0.188124 0.646824 
vt 0.207551 0.646824 
vt 0.975274 0.349839 
vt 0.975274 0.369266 
vt 0.985773 0.369194 
vt 0.985773 0.447159 
vt 0.975275 0.466514 
vt 0.975275 0.447087 
vt 0.961721 0.691465 
vt 0.985773 0.466586 
vt 0.408488 0.939782 
vt 0.39799 0.920427 
vt 0.408488 0.920355 
vt 0.39799 0.939854 
vt 0.786994 0.571447 
vt 0.748212 0.560948 
vt 0.787066 0.560948 
vt 0.664276 0.274944 
vt 0.664276 0.255517 
vt 0.10426 0.991672 
vt 0.985773 0.349767 
vt 0.811448 0.23766 
vt 0.81152 0.227162 
vt 0.830947 0.227162 
vt 0.263059 0.627397 
vt 0.152042 0.663479 
vt 0.0937616 0.663479 
vt 0.0937616 0.721759 
vt 0.608767 0.238862 
vt 0.58934 0.238862 
vt 0.601041 0.561021 
vt 0.452371 0.180397 
vt 0.432945 0.277531 
vt 0.488453 0.275017 
vt 0.469026 0.294444 
vt 0.488453 0.294444 
vt 0.469026 0.275017 
vt 0.67816 0.427401 
vt 0.697586 0.407974 
vt 0.67816 0.407974 
vt 0.0937616 0.748913 
vt 0.0937616 0.807193 
vt 0.183168 0.00832754 
vt 0.124888 0.0083276 
vt 0.183168 0.0277543 
vt 0.601041 0.580448 
vt 0.132615 0.748913 
vt 0.222022 0.0471811 
vt 0.260875 0.0860346 
vt 0.452371 0.277531 
vt 0.222022 0.0277543 
vt 0.697586 0.427401 
vt 0.859637 0.809523 
vt 0.840282 0.740744 
vt 0.859709 0.740744 
vt 0.748212 0.0771062 
vt 0.786993 0.00832754 
vt 0.787066 0.0771062 
vt 0.243632 0.646824 
vt 0.263059 0.646824 
vt 0.731557 0.809523 
vt 0.498952 0.141801 
vt 0.792021 0.382391 
vt 0.867029 0.141728 
vt 0.867101 0.210507 
vt 0.847675 0.210507 
vt 0.262987 0.732258 
vt 0.958692 0.216664 
vt 0.958692 0.274944 
vt 0.939265 0.274944 
vt 0.84021 0.809523 
vt 0.74814 0.00832754 
vt 0.260875 0.0471811 
vt 0.692704 0.809523 
vt 0.939265 0.216664 
vt 0.830874 0.382391 
vt 0.830874 0.324111 
vt 0.280302 0.124888 
vt 0.280302 0.0860346 
vt 0.280302 0.183168 
vt 0.847602 0.141728 
vt 0.335811 0.296957 
vt 0.432945 0.296957 
vt 0.709286 0.122116 
vt 0.689859 0.122116 
vt 0.689859 0.10269 
vt 0.709286 0.10269 
vt 0.498952 0.238935 
vt 0.712058 0.0471811 
vt 0.712058 0.0083276 
vt 0.731485 0.0083276 
vt 0.605996 0.407974 
vt 0.625422 0.427401 
vt 0.625422 0.407974 
vt 0.55446 0.105462 
vt 0.683703 0.294371 
vt 0.605996 0.427401 
vt 0.335811 0.277531 
vt 0.316384 0.180397 
vt 0.222022 0.260875 
vt 0.260875 0.222022 
vt 0.316384 0.277531 
vt 0.692704 0.724089 
vt 0.731743 0.724089 
vt 0.222022 0.299914 
vt 0.915218 0.799025 
vt 0.876364 0.740744 
vt 0.876364 0.799025 
vt 0.260875 0.260875 
vt 0.915218 0.740744 
vt 0.731485 0.0666078 
vt 0.692631 0.0666078 
vt 0.692631 0.0471811 
vt 0.712058 0.0666078 
vt 0.692631 0.0860346 
vt 0.712058 0.0860346 
vt 0.683703 0.274944 
vt 0.792021 0.295941 
vt 0.792021 0.23766 
vt 0.830875 0.295941 
vt 0.712131 0.826178 
vt 0.692776 0.894957 
vt 0.712203 0.894957 
vt 0.74814 0.629727 
vt 0.9513 0.799025 
vt 0.931873 0.740744 
vt 0.931873 0.799025 
vt 0.299729 0.124888 
vt 0.299729 0.183168 
vt 0.204706 0.732258 
vt 0.204706 0.673977 
vt 0.9513 0.740744 
vt 0.692704 0.826178 
vt 0.280302 0.222022 
vt 0.786994 0.629727 
vt 0.515607 0.391504 
vt 0.457327 0.966058 
vt 0.00832758 0.960686 
vt 0.823478 0.665809 
vt 0.82355 0.655311 
vt 0.804124 0.655311 
vt 0.00832758 0.899854 
vt 0.326882 0.63847 
vt 0.326882 0.599616 
vt 0.346309 0.599616 
vt 0.307456 0.580189 
vt 0.326882 0.580189 
vt 0.476753 0.760098 
vt 0.496252 0.7496 
vt 0.476826 0.7496 
vt 0.775366 0.210507 
vt 0.736512 0.210507 
vt 0.755867 0.200009 
vt 0.440671 0.599656 
vt 0.421245 0.599656 
vt 0.440671 0.560802 
vt 0.307456 0.619043 
vt 0.978453 0.740817 
vt 0.967955 0.760171 
vt 0.967955 0.740744 
vt 0.946148 0.827485 
vt 0.904842 0.882267 
vt 0.946148 0.883574 
vt 0.728858 0.965597 
vt 0.532262 0.891841 
vt 0.120915 0.916664 
vt 0.120915 0.955518 
vt 0.131414 0.955446 
vt 0.188269 0.948209 
vt 0.17777 0.909427 
vt 0.188269 0.909355 
vt 0.131414 0.916592 
vt 0.775293 0.200009 
vt 0.903183 0.161155 
vt 0.903183 0.141728 
vt 0.92261 0.141728 
vt 0.92261 0.180582 
vt 0.962804 0.88176 
vt 0.973302 0.862405 
vt 0.962804 0.862333 
vt 0.973302 0.881832 
vt 0.381334 0.975936 
vt 0.381334 0.956509 
vt 0.370836 0.956582 
vt 0.346309 0.63847 
vt 0.17777 0.948281 
vt 0.188269 0.965009 
vt 0.17777 0.984363 
vt 0.17777 0.964936 
vt 0.307456 0.657896 
vt 0.326882 0.657896 
vt 0.469026 0.105646 
vt 0.307456 0.63847 
vt 0.288029 0.619043 
vt 0.370836 0.976009 
vt 0.288029 0.63847 
vt 0.316384 0.466328 
vt 0.326882 0.485827 
vt 0.316384 0.485755 
vt 0.0574147 0.972163 
vt 0.0679131 0.991518 
vt 0.0574147 0.99159 
vt 0.418473 0.655164 
vt 0.776835 0.827695 
vt 0.728858 0.891325 
vt 0.776835 0.892842 
vt 0.930264 0.541449 
vt 0.930264 0.522022 
vt 0.919766 0.522095 
vt 0.919766 0.541522 
vt 0.975275 0.333039 
vt 0.985773 0.313685 
vt 0.975275 0.313612 
vt 0.188269 0.984436 
vt 0.0679131 0.972091 
vt 0.839875 0.0937613 
vt 0.820521 0.123686 
vt 0.839948 0.123686 
vt 0.803721 0.10426 
vt 0.784366 0.0937614 
vt 0.803793 0.0937614 
vt 0.985773 0.333112 
vt 0.978453 0.760244 
vt 0.382391 0.560802 
vt 0.382391 0.580229 
vt 0.382391 0.619082 
vt 0.421245 0.638509 
vt 0.382391 0.638509 
vt 0.362964 0.580229 
vt 0.224351 0.759411 
vt 0.24385 0.748913 
vt 0.224423 0.748913 
vt 0.0574147 0.916582 
vt 0.0574147 0.955436 
vt 0.0679131 0.955363 
vt 0.362964 0.619082 
vt 0.617696 0.0277543 
vt 0.637122 0.0666078 
vt 0.617696 0.0666078 
vt 0.343682 0.959209 
vt 0.354181 0.920427 
vt 0.343682 0.920355 
vt 0.978046 0.0277545 
vt 0.988545 0.00839996 
vt 0.988545 0.027827 
vt 0.933036 0.122117 
vt 0.922537 0.0833353 
vt 0.933036 0.083263 
vt 0.978046 0.0083276 
vt 0.973302 0.919656 
vt 0.973302 0.900229 
vt 0.962804 0.900301 
vt 0.922537 0.122189 
vt 0.962804 0.919728 
vt 0.0679131 0.916509 
vt 0.354181 0.959281 
vt 0.656549 0.599802 
vt 0.675976 0.599802 
vt 0.675976 0.619229 
vt 0.408488 0.975936 
vt 0.39799 0.956582 
vt 0.408488 0.956509 
vt 0.428971 0.818563 
vt 0.409472 0.808065 
vt 0.409545 0.818563 
vt 0.39799 0.976009 
vt 0.637122 0.0277543 
vt 0.326882 0.505254 
vt 0.316384 0.544035 
vt 0.316384 0.505181 
vt 0.976845 0.122117 
vt 0.987343 0.102762 
vt 0.976845 0.10269 
vt 0.856603 0.113188 
vt 0.876102 0.123687 
vt 0.856675 0.123687 
vt 0.637122 0.0083276 
vt 0.656549 0.0277543 
vt 0.656549 0.0083276 
vt 0.656549 0.0666078 
vt 0.637122 0.0860345 
vt 0.656549 0.0860345 
vt 0.675976 0.0666078 
vt 0.675976 0.0277543 
vt 0.820376 0.505367 
vt 0.801022 0.515866 
vt 0.820449 0.515866 
vt 0.326882 0.544107 
vt 0.987343 0.122189 
vt 0.767567 0.123687 
vt 0.748212 0.0937614 
vt 0.767639 0.0937614 
vt 0.559416 0.313685 
vt 0.569914 0.333039 
vt 0.559416 0.333112 
vt 0.325568 0.920427 
vt 0.31507 0.959208 
vt 0.31507 0.920354 
vt 0.325568 0.959281 
vt 0.988545 0.0445545 
vt 0.978046 0.0639091 
vt 0.978046 0.0444821 
vt 0.988545 0.0639815 
vt 0.381334 0.939782 
vt 0.381334 0.920355 
vt 0.370836 0.920427 
vt 0.370836 0.939854 
vt 0.637123 0.619229 
vt 0.568344 0.952593 
vt 0.600819 0.909523 
vt 0.568344 0.908496 
vt 0.666826 0.95574 
vt 0.904842 0.826178 
vt 0.401818 0.333039 
vt 0.440671 0.333039 
vt 0.440671 0.352466 
vt 0.804051 0.724089 
vt 0.875885 0.447087 
vt 0.875957 0.515866 
vt 0.856531 0.515866 
vt 0.532334 0.655384 
vt 0.590542 0.724162 
vt 0.590615 0.655384 
vt 0.73644 0.141728 
vt 0.49618 0.818378 
vt 0.903183 0.180582 
vt 0.883756 0.161155 
vt 0.457327 0.818378 
vt 0.457327 0.760098 
vt 0.600819 0.95362 
vt 0.237356 0.960613 
vt 0.881537 0.965586 
vt 0.842905 0.724089 
vt 0.842905 0.665809 
vt 0.92261 0.227162 
vt 0.883756 0.285442 
vt 0.883756 0.227162 
vt 0.0860346 0.299914 
vt 0.0471811 0.299914 
vt 0.0471811 0.338767 
vt 0.755867 0.141728 
vt 0.0277544 0.377621 
vt 0.0277544 0.338767 
vt 0.856458 0.447087 
vt 0.0471811 0.474755 
vt 0.401818 0.352466 
vt 0.401818 0.313612 
vt 0.362964 0.313612 
vt 0.362964 0.333039 
vt 0.382391 0.313612 
vt 0.883756 0.200009 
vt 0.903183 0.200009 
vt 0.346309 0.4664 
vt 0.784294 0.123686 
vt 0.728858 0.826178 
vt 0.252713 0.899781 
vt 0.92261 0.285442 
vt 0.287916 0.845419 
vt 0.158468 0.899936 
vt 0.562187 0.447087 
vt 0.54276 0.447087 
vt 0.54276 0.466514 
vt 0.820448 0.0937613 
vt 0.335811 0.124888 
vt 0.316384 0.0277543 
vt 0.335811 0.0277543 
vt 0.803721 0.123686 
vt 0.54276 0.485941 
vt 0.00832759 0.377621 
vt 0.00832759 0.435901 
vt 0.637123 0.826178 
vt 0.617768 0.894957 
vt 0.637195 0.894957 
vt 0.532262 0.724162 
vt 0.243777 0.817691 
vt 0.637123 0.599802 
vt 0.617696 0.638655 
vt 0.637123 0.638655 
vt 0.204924 0.817691 
vt 0.204924 0.759411 
vt 0.363109 0.903699 
vt 0.343682 0.845419 
vt 0.343682 0.903699 
vt 0.895384 0.560949 
vt 0.934238 0.619229 
vt 0.934238 0.560949 
vt 0.656549 0.560949 
vt 0.637123 0.560949 
vt 0.390045 0.749785 
vt 0.390045 0.808065 
vt 0.617696 0.826178 
vt 0.0277544 0.435901 
vt 0.0860346 0.513608 
vt 0.0277544 0.474755 
vt 0.363109 0.845419 
vt 0.895384 0.619229 
vt 0.0471811 0.513608 
vt 0.428899 0.749785 
vt 0.617696 0.619229 
vt 0.346309 0.563534 
vt 0.326882 0.563534 
vt 0.87603 0.0937614 
vt 0.74814 0.123687 
vt 0.617696 0.599802 
vt 0.712058 0.599802 
vt 0.692631 0.619229 
vt 0.692631 0.599802 
vt 0.878657 0.629727 
vt 0.878729 0.560948 
vt 0.859302 0.560948 
vt 0.589341 0.313612 
vt 0.712058 0.619229 
vt 0.569914 0.352466 
vt 0.85923 0.629727 
vt 0.316384 0.124888 
vt 0.856603 0.0937614 
vt 0.0860346 0.533035 
vt 0.124888 0.533035 
vt 0.800949 0.447087 
vt 0.839803 0.447087 
vt 0.839803 0.505367 
vt 0.804051 0.901129 
vt 0.804051 0.959409 
vt 0.823478 0.959409 
vt 0.823478 0.901129 
vt 0.54276 0.430432 
vt 0.298415 0.920427 
vt 0.287916 0.959208 
vt 0.287916 0.920354 
vt 0.948121 0.522168 
vt 0.948121 0.541595 
vt 0.95862 0.541522 
vt 0.49618 0.430358 
vt 0.488453 0.125073 
vt 0.532262 0.466586 
vt 0.532262 0.486013 
vt 0.54276 0.544221 
vt 0.532262 0.50544 
vt 0.532262 0.544293 
vt 0.316384 0.313612 
vt 0.316384 0.39132 
vt 0.326882 0.352538 
vt 0.562187 0.258548 
vt 0.515607 0.258474 
vt 0.895714 0.655311 
vt 0.915141 0.674737 
vt 0.895714 0.694164 
vt 0.95862 0.522095 
vt 0.692704 0.665809 
vt 0.915141 0.655311 
vt 0.298415 0.959281 
vt 0.54276 0.505367 
vt 0.915141 0.713591 
vt 0.895714 0.713591 
vt 0.326882 0.391392 
vt 0.326882 0.313685 
vt 0.961721 0.674738 
vt 0.951223 0.655383 
vt 0.961721 0.655311 
vt 0.951223 0.67481 
vt 0.978377 0.710892 
vt 0.988875 0.691538 
vt 0.978377 0.691465 
vt 0.476753 0.46644 
vt 0.49618 0.485867 
vt 0.457327 0.46644 
vt 0.49618 0.447013 
vt 0.476753 0.447013 
vt 0.49618 0.46644 
vt 0.49618 0.52472 
vt 0.457327 0.544147 
vt 0.49618 0.544147 
vt 0.515607 0.52472 
vt 0.515607 0.485867 
vt 0.905882 0.122117 
vt 0.895384 0.0833354 
vt 0.895384 0.122189 
vt 0.988875 0.710965 
vt 0.188196 0.807193 
vt 0.168842 0.817691 
vt 0.168769 0.807193 
vt 0.188269 0.817691 
vt 0.656549 0.751243 
vt 0.637195 0.740744 
vt 0.656622 0.740744 
vt 0.637123 0.751243 
vt 0.748542 0.740744 
vt 0.787396 0.740744 
vt 0.74847 0.751243 
vt 0.978453 0.776971 
vt 0.967955 0.796326 
vt 0.967955 0.776899 
vt 0.978453 0.796398 
vt 0.435641 0.939782 
vt 0.435641 0.920355 
vt 0.425143 0.920427 
vt 0.425143 0.939854 
vt 0.975275 0.522168 
vt 0.985773 0.541522 
vt 0.975275 0.541595 
vt 0.401818 0.655164 
vt 0.362964 0.732871 
vt 0.362964 0.655164 
vt 0.467825 0.655237 
vt 0.457327 0.732872 
vt 0.467825 0.732944 
vt 0.569914 0.39132 
vt 0.559416 0.391392 
vt 0.559416 0.352538 
vt 0.399191 0.864846 
vt 0.379764 0.845419 
vt 0.438045 0.845419 
vt 0.950893 0.619229 
vt 0.961391 0.561021 
vt 0.950893 0.560949 
vt 0.00832756 0.569117 
vt 0.0188259 0.62747 
vt 0.00832757 0.646824 
vt 0.0666803 0.73233 
vt 0.0277543 0.721832 
vt 0.0278267 0.73233 
vt 0.457327 0.655164 
vt 0.401818 0.732871 
vt 0.379764 0.864846 
vt 0.551689 0.799098 
vt 0.551761 0.809596 
vt 0.571188 0.809596 
vt 0.0188259 0.569189 
vt 0.731485 0.560949 
vt 0.712058 0.560949 
vt 0.958692 0.141728 
vt 0.939265 0.200009 
vt 0.939265 0.141728 
vt 0.961391 0.0666085 
vt 0.950893 0.00840002 
vt 0.961391 0.0083276 
vt 0.728713 0.466514 
vt 0.709286 0.447087 
vt 0.728713 0.447087 
vt 0.961391 0.619302 
vt 0.731485 0.638656 
vt 0.712058 0.638656 
vt 0.958692 0.200009 
vt 0.326882 0.410819 
vt 0.316384 0.4496 
vt 0.326882 0.449673 
vt 0.49618 0.560802 
vt 0.49618 0.619082 
vt 0.476753 0.619082 
vt 0.0639087 0.749058 
vt 0.0744071 0.807266 
vt 0.0639087 0.807339 
vt 0.515607 0.638509 
vt 0.515607 0.619082 
vt 0.476753 0.638509 
vt 0.316384 0.410747 
vt 0.438045 0.903699 
vt 0.950893 0.066681 
vt 0.457327 0.560802 
vt 0.399191 0.903699 
vt 0.457327 0.619082 
vt 0.17777 0.834419 
vt 0.17777 0.8927 
vt 0.188269 0.892627 
vt 0.905882 0.0832629 
vt 0.131414 0.972245 
vt 0.120915 0.9916 
vt 0.131414 0.991672 
vt 0.120915 0.972173 
vt 0.326882 0.68505 
vt 0.288101 0.674552 
vt 0.326955 0.674552 
vt 0.985773 0.522095 
vt 0.0744071 0.748985 
vt 0.188269 0.834346 
vt 0.709286 0.505367 
vt 0.787324 0.665809 
vt 0.748542 0.655311 
vt 0.787396 0.655311 
vt 0.307456 0.770484 
vt 0.307528 0.759985 
vt 0.326955 0.759985 
vt 0.934568 0.674737 
vt 0.562187 0.544221 
vt 0.934568 0.655311 
vt 0.653777 0.10269 
vt 0.653777 0.122116 
vt 0.673204 0.10269 
vt 0.673204 0.122116 
vt 0.661504 0.427401 
vt 0.642078 0.407974 
vt 0.642078 0.427401 
vt 0.661504 0.407974 
vt 0.346309 0.352538 
vt 0.700358 0.313612 
vt 0.700358 0.352466 
vt 0.680931 0.313612 
vt 0.680931 0.371893 
vt 0.346309 0.449673 
vt 0.149343 0.748913 
vt 0.149343 0.807193 
vt 0.188196 0.748913 
vt 0.260875 0.338767 
vt 0.260875 0.299914 
vt 0.335811 0.0083276 
vt 0.432945 0.00832754 
vt 0.432945 0.0277543 
vt 0.260875 0.474755 
vt 0.452371 0.0277543 
vt 0.452371 0.124888 
vt 0.637123 0.77067 
vt 0.656549 0.809523 
vt 0.617696 0.809523 
vt 0.605996 0.278618 
vt 0.605996 0.255517 
vt 0.606082 0.291102 
vt 0.637123 0.751243 
vt 0.656549 0.751243 
vt 0.823482 0.740744 
vt 0.823555 0.809538 
vt 0.804124 0.809538 
vt 0.787324 0.809523 
vt 0.823478 0.826193 
vt 0.823478 0.884473 
vt 0.804051 0.884473 
vt 0.719785 0.371893 
vt 0.719785 0.352466 
vt 0.700358 0.371893 
vt 0.700358 0.391319 
vt 0.719785 0.391319 
vt 0.288029 0.74333 
vt 0.346309 0.74333 
vt 0.346309 0.68505 
vt 0.617768 0.740744 
vt 0.804051 0.740744 
vt 0.74847 0.809523 
vt 0.280302 0.377621 
vt 0.280302 0.338767 
vt 0.804051 0.826193 
vt 0.280302 0.435901 
vt 0.299729 0.377621 
vt 0.299729 0.435901 
vt 0.432945 0.124888 
vt 0.335811 0.144315 
vt 0.589341 0.410746 
vt 0.515607 0.275129 
vt 0.515607 0.294556 
vt 0.535033 0.275129 
vt 0.535033 0.294556 
vt 0.569914 0.410746 
vt 0.00832756 0.721832 
vt 0.00832756 0.663552 
vt 0.0666079 0.663552 
vt 0.0771064 0.646896 
vt 0.532262 0.740817 
vt 0.532262 0.799098 
vt 0.432945 0.144315 
vt 0.222022 0.513608 
vt 0.183168 0.533035 
vt 0.222022 0.533035 
vt 0.571115 0.740817 
vt 0.124888 0.552462 
vt 0.183168 0.552462 
vt 0.0771064 0.62747 
vt 0.637122 0.10269 
vt 0.617696 0.122116 
vt 0.617696 0.10269 
vt 0.637122 0.122116 
vt 0.363037 0.759985 
vt 0.343682 0.828764 
vt 0.363109 0.828764 
vt 0.326882 0.828764 
vt 0.728713 0.524794 
vt 0.878987 0.724089 
vt 0.859632 0.655311 
vt 0.879059 0.655311 
vt 0.784222 0.447087 
vt 0.745441 0.515866 
vt 0.784294 0.515866 
vt 0.709286 0.524794 
vt 0.74847 0.724089 
vt 0.551689 0.966776 
vt 0.532262 0.908496 
vt 0.532262 0.966776 
vt 0.280302 0.474755 
vt 0.288029 0.828764 
vt 0.288029 0.770484 
vt 0.34361 0.759985 
vt 0.551689 0.908496 
vt 0.85956 0.724089 
vt 0.745368 0.447087 
vt 0.260875 0.513608 
vt 0.787324 0.724089 

usemtl Cylinder0011Mtl

f 2800/2800/2800 2801/2801/2801 2802/2802/2802 
f 2801/2801/2801 2800/2800/2800 2934/2934/2934 
f 2934/2934/2934 2933/2933/2933 2801/2801/2801 
f 2932/2932/2932 2801/2801/2801 2933/2933/2933 
f 2138/2138/2138 2139/2139/2139 2140/2140/2140 
f 2139/2139/2139 2138/2138/2138 2307/2307/2307 
f 2138/2138/2138 2308/2308/2308 2307/2307/2307 
f 2308/2308/2308 2138/2138/2138 2309/2309/2309 
f 2566/2566/2566 2567/2567/2567 2568/2568/2568 
f 2567/2567/2567 2566/2566/2566 2700/2700/2700 
f 2566/2566/2566 2701/2701/2701 2700/2700/2700 
f 2701/2701/2701 2566/2566/2566 2702/2702/2702 
f 2806/2806/2806 2807/2807/2807 2808/2808/2808 
f 2808/2808/2808 2942/2942/2942 2806/2806/2806 
f 2936/2936/2936 2806/2806/2806 2942/2942/2942 
f 2806/2806/2806 2936/2936/2936 2937/2937/2937 
f 1876/1876/1876 1877/1877/1877 1878/1878/1878 
f 2052/2052/2052 1878/1878/1878 1877/1877/1877 
f 2053/2053/2053 1878/1878/1878 2052/2052/2052 
f 1878/1878/1878 2053/2053/2053 2054/2054/2054 
f 2147/2147/2147 2148/2148/2148 2149/2149/2149 
f 2148/2148/2148 2147/2147/2147 2328/2328/2328 
f 2147/2147/2147 2322/2322/2322 2328/2328/2328 
f 2322/2322/2322 2147/2147/2147 2323/2323/2323 
f 2585/2585/2585 2586/2586/2586 2587/2587/2587 
f 2587/2587/2587 2588/2588/2588 2585/2585/2585 
f 2544/2544/2544 2545/2545/2545 2546/2546/2546 
f 2545/2545/2545 2544/2544/2544 2679/2679/2679 
f 2670/2670/2670 2545/2545/2545 2679/2679/2679 
f 2545/2545/2545 2670/2670/2670 2671/2671/2671 
f 2958/2958/2958 2959/2959/2959 2960/2960/2960 
f 2959/2959/2959 2958/2958/2958 2972/2972/2972 
f 1843/1843/1843 1844/1844/1844 1845/1845/1845 
f 1844/1844/1844 1843/1843/1843 2027/2027/2027 
f 1843/1843/1843 2002/2002/2002 2027/2027/2027 
f 2002/2002/2002 1843/1843/1843 2003/2003/2003 
f 1883/1883/1883 1884/1884/1884 1885/1885/1885 
f 1884/1884/1884 1883/1883/1883 1886/1886/1886 
f 2337/2337/2337 2338/2338/2338 2339/2339/2339 
f 2338/2338/2338 2337/2337/2337 2353/2353/2353 
f 2662/2662/2662 2663/2663/2663 2664/2664/2664 
f 2662/2662/2662 2676/2676/2676 2663/2663/2663 
f 2963/2963/2963 2964/2964/2964 2965/2965/2965 
f 2963/2963/2963 2970/2970/2970 2964/2964/2964 
f 1817/1817/1817 1818/1818/1818 1819/1819/1819 
f 1998/1998/1998 1819/1819/1819 1818/1818/1818 
f 1819/1819/1819 1998/1998/1998 2022/2022/2022 
f 2349/2349/2349 2350/2350/2350 2351/2351/2351 
f 2349/2349/2349 2351/2351/2351 2356/2356/2356 
f 2514/2514/2514 2515/2515/2515 2516/2516/2516 
f 2516/2516/2516 2536/2536/2536 2514/2514/2514 
f 2843/2843/2843 2844/2844/2844 2845/2845/2845 
f 2845/2845/2845 2856/2856/2856 2843/2843/2843 
f 1833/1833/1833 1834/1834/1834 1835/1835/1835 
f 1834/1834/1834 1833/1833/1833 1848/1848/1848 
f 2188/2188/2188 2189/2189/2189 2190/2190/2190 
f 2189/2189/2189 2188/2188/2188 2203/2203/2203 
f 2094/2094/2094 2095/2095/2095 2096/2096/2096 
f 2094/2094/2094 2593/2593/2593 2095/2095/2095 
f 2531/2531/2531 2532/2532/2532 2533/2533/2533 
f 2533/2533/2533 2535/2535/2535 2531/2531/2531 
f 2652/2652/2652 2653/2653/2653 2654/2654/2654 
f 2653/2653/2653 2652/2652/2652 2672/2672/2672 
f 2950/2950/2950 2951/2951/2951 2952/2952/2952 
f 2951/2951/2951 2950/2950/2950 2969/2969/2969 
f 1853/1853/1853 1854/1854/1854 1855/1855/1855 
f 1854/1854/1854 1853/1853/1853 1856/1856/1856 
f 2012/2012/2012 2013/2013/2013 2014/2014/2014 
f 2012/2012/2012 2014/2014/2014 2030/2030/2030 
f 2345/2345/2345 2346/2346/2346 2347/2347/2347 
f 2345/2345/2345 2347/2347/2347 2362/2362/2362 
f 2213/2213/2213 2214/2214/2214 2215/2215/2215 
f 2215/2215/2215 2348/2348/2348 2213/2213/2213 
f 2411/2411/2411 2213/2213/2213 2348/2348/2348 
f 2213/2213/2213 2411/2411/2411 2412/2412/2412 
f 2851/2851/2851 2852/2852/2852 2853/2853/2853 
f 2852/2852/2852 2851/2851/2851 2912/2912/2912 
f 2913/2913/2913 2912/2912/2912 2851/2851/2851 
f 2913/2913/2913 2851/2851/2851 2914/2914/2914 
f 2009/2009/2009 2010/2010/2010 2011/2011/2011 
f 2010/2010/2010 2009/2009/2009 2031/2031/2031 
f 2602/2602/2602 2603/2603/2603 2604/2604/2604 
f 2603/2603/2603 2602/2602/2602 2655/2655/2655 
f 2207/2207/2207 2208/2208/2208 2209/2209/2209 
f 2208/2208/2208 2207/2207/2207 2344/2344/2344 
f 2357/2357/2357 2344/2344/2344 2207/2207/2207 
f 2357/2357/2357 2207/2207/2207 2358/2358/2358 
f 2296/2296/2296 2297/2297/2297 2298/2298/2298 
f 2296/2296/2296 2405/2405/2405 2297/2297/2297 
f 2405/2405/2405 2296/2296/2296 2416/2416/2416 
f 2768/2768/2768 2769/2769/2769 2770/2770/2770 
f 2903/2903/2903 2770/2770/2770 2769/2769/2769 
f 2903/2903/2903 2917/2917/2917 2770/2770/2770 
f 2861/2861/2861 2862/2862/2862 2863/2863/2863 
f 2863/2863/2863 2953/2953/2953 2861/2861/2861 
f 2967/2967/2967 2861/2861/2861 2953/2953/2953 
f 2861/2861/2861 2967/2967/2967 2968/2968/2968 
f 2078/2078/2078 2079/2079/2079 2080/2080/2080 
f 2078/2078/2078 2445/2445/2445 2079/2079/2079 
f 1901/1901/1901 1902/1902/1902 1903/1903/1903 
f 1902/1902/1902 1901/1901/1901 2070/2070/2070 
f 2068/2068/2068 1902/1902/1902 2070/2070/2070 
f 1902/1902/1902 2068/2068/2068 2069/2069/2069 
f 2006/2006/2006 2007/2007/2007 2008/2008/2008 
f 2007/2007/2007 2006/2006/2006 2021/2021/2021 
f 2429/2429/2429 2430/2430/2430 2431/2431/2431 
f 2430/2430/2430 2429/2429/2429 2606/2606/2606 
f 2429/2429/2429 2609/2609/2609 2606/2606/2606 
f 2609/2609/2609 2429/2429/2429 2610/2610/2610 
f 2511/2511/2511 2512/2512/2512 2513/2513/2513 
f 2512/2512/2512 2511/2511/2511 2656/2656/2656 
f 2511/2511/2511 2660/2660/2660 2656/2656/2656 
f 2660/2660/2660 2511/2511/2511 2661/2661/2661 
f 2756/2756/2756 2757/2757/2757 2758/2758/2758 
f 2757/2757/2757 2756/2756/2756 2846/2846/2846 
f 2193/2193/2193 2194/2194/2194 2195/2195/2195 
f 2194/2194/2194 2193/2193/2193 2216/2216/2216 
f 2204/2204/2204 2205/2205/2205 2206/2206/2206 
f 2342/2342/2342 2206/2206/2206 2205/2205/2205 
f 2342/2342/2342 2355/2355/2355 2206/2206/2206 
f 2287/2287/2287 2288/2288/2288 2289/2289/2289 
f 2287/2287/2287 2291/2291/2291 2288/2288/2288 
f 2303/2303/2303 2304/2304/2304 2305/2305/2305 
f 2305/2305/2305 2401/2401/2401 2303/2303/2303 
f 2399/2399/2399 2303/2303/2303 2401/2401/2401 
f 2303/2303/2303 2399/2399/2399 2400/2400/2400 
f 2764/2764/2764 2765/2765/2765 2766/2766/2766 
f 2764/2764/2764 2767/2767/2767 2765/2765/2765 
f 2771/2771/2771 2772/2772/2772 2773/2773/2773 
f 2771/2771/2771 2774/2774/2774 2772/2772/2772 
f 2858/2858/2858 2859/2859/2859 2860/2860/2860 
f 2858/2858/2858 2962/2962/2962 2859/2859/2859 
f 2962/2962/2962 2858/2858/2858 2974/2974/2974 
f 2892/2892/2892 2893/2893/2893 2894/2894/2894 
f 2915/2915/2915 2892/2892/2892 2894/2894/2894 
f 2893/2893/2893 2892/2892/2892 2899/2899/2899 
f 2898/2898/2898 2899/2899/2899 2892/2892/2892 
f 1921/1921/1921 1922/1922/1922 1923/1923/1923 
f 1922/1922/1922 1921/1921/1921 2074/2074/2074 
f 1921/1921/1921 2085/2085/2085 2074/2074/2074 
f 2085/2085/2085 1921/1921/1921 2086/2086/2086 
f 1999/1999/1999 2000/2000/2000 2001/2001/2001 
f 1999/1999/1999 2001/2001/2001 2026/2026/2026 
f 2420/2420/2420 2421/2421/2421 2422/2422/2422 
f 2422/2422/2422 2598/2598/2598 2420/2420/2420 
f 2614/2614/2614 2420/2420/2420 2598/2598/2598 
f 2420/2420/2420 2614/2614/2614 2615/2615/2615 
f 2665/2665/2665 2666/2666/2666 2667/2667/2667 
f 2666/2666/2666 2665/2665/2665 2677/2677/2677 
f 2082/2082/2082 2083/2083/2083 2084/2084/2084 
f 2082/2082/2082 2446/2446/2446 2083/2083/2083 
f 2463/2463/2463 2464/2464/2464 2465/2465/2465 
f 2465/2465/2465 2476/2476/2476 2463/2463/2463 
f 2775/2775/2775 2776/2776/2776 2777/2777/2777 
f 2777/2777/2777 2778/2778/2778 2775/2775/2775 
f 1936/1936/1936 1937/1937/1937 1938/1938/1938 
f 1937/1937/1937 1936/1936/1936 1954/1954/1954 
f 2292/2292/2292 2293/2293/2293 2294/2294/2294 
f 2293/2293/2293 2292/2292/2292 2295/2295/2295 
f 1836/1836/1836 1837/1837/1837 1838/1838/1838 
f 1837/1837/1837 1836/1836/1836 1839/1839/1839 
f 1933/1933/1933 1934/1934/1934 1935/1935/1935 
f 1934/1934/1934 1933/1933/1933 1950/1950/1950 
f 2459/2459/2459 2460/2460/2460 2461/2461/2461 
f 2460/2460/2460 2459/2459/2459 2462/2462/2462 
f 2521/2521/2521 2522/2522/2522 2523/2523/2523 
f 2522/2522/2522 2521/2521/2521 2537/2537/2537 
f 2447/2447/2447 2448/2448/2448 2449/2449/2449 
f 2449/2449/2449 2453/2453/2453 2447/2447/2447 
f 2497/2497/2497 2498/2498/2498 2499/2499/2499 
f 2498/2498/2498 2497/2497/2497 2644/2644/2644 
f 2871/2871/2871 2872/2872/2872 2873/2873/2873 
f 2872/2872/2872 2871/2871/2871 2874/2874/2874 
f 1927/1927/1927 1928/1928/1928 1929/1929/1929 
f 1928/1928/1928 1927/1927/1927 1942/1942/1942 
f 1975/1975/1975 1976/1976/1976 1977/1977/1977 
f 1976/1976/1976 1975/1975/1975 2121/2121/2121 
f 2365/2365/2365 2366/2366/2366 2367/2367/2367 
f 2365/2365/2365 2367/2367/2367 2368/2368/2368 
f 2268/2268/2268 2269/2269/2269 2270/2270/2270 
f 2268/2268/2268 2730/2730/2730 2269/2269/2269 
f 2268/2268/2268 2384/2384/2384 2730/2730/2730 
f 2384/2384/2384 2268/2268/2268 2385/2385/2385 
f 2334/2334/2334 2335/2335/2335 2336/2336/2336 
f 2352/2352/2352 2335/2335/2335 2334/2334/2334 
f 2955/2955/2955 2956/2956/2956 2957/2957/2957 
f 2956/2956/2956 2955/2955/2955 2971/2971/2971 
f 1865/1865/1865 1866/1866/1866 1867/1867/1867 
f 1866/1866/1866 1865/1865/1865 1890/1890/1890 
f 2552/2552/2552 2553/2553/2553 2554/2554/2554 
f 2553/2553/2553 2552/2552/2552 2570/2570/2570 
f 2039/2039/2039 2040/2040/2040 2041/2041/2041 
f 2041/2041/2041 2061/2061/2061 2039/2039/2039 
f 2131/2131/2131 2132/2132/2132 2133/2133/2133 
f 2131/2131/2131 2639/2639/2639 2132/2132/2132 
f 2689/2689/2689 2690/2690/2690 2691/2691/2691 
f 2691/2691/2691 2695/2695/2695 2689/2689/2689 
f 2641/2641/2641 2642/2642/2642 2643/2643/2643 
f 2649/2649/2649 2641/2641/2641 2643/2643/2643 
f 2716/2716/2716 2649/2649/2649 2643/2643/2643 
f 2649/2649/2649 2716/2716/2716 2717/2717/2717 
f 2641/2641/2641 2649/2649/2649 2733/2733/2733 
f 2865/2865/2865 2641/2641/2641 2733/2733/2733 
f 2865/2865/2865 2733/2733/2733 2718/2718/2718 
f 2719/2719/2719 2718/2718/2718 2733/2733/2733 
f 2718/2718/2718 2719/2719/2719 2720/2720/2720 
f 2124/2124/2124 2125/2125/2125 2126/2126/2126 
f 2124/2124/2124 2126/2126/2126 2127/2127/2127 
f 2127/2127/2127 2227/2227/2227 2124/2124/2124 
f 2227/2227/2227 2127/2127/2127 2228/2228/2228 
f 2126/2126/2126 2251/2251/2251 2127/2127/2127 
f 2251/2251/2251 2126/2126/2126 2376/2376/2376 
f 2231/2231/2231 2251/2251/2251 2376/2376/2376 
f 2251/2251/2251 2231/2231/2231 2230/2230/2230 
f 2229/2229/2229 2230/2230/2230 2231/2231/2231 
f 2235/2235/2235 2236/2236/2236 2237/2237/2237 
f 2235/2235/2235 2262/2262/2262 2236/2236/2236 
f 2708/2708/2708 2709/2709/2709 2710/2710/2710 
f 2708/2708/2708 2732/2732/2732 2709/2709/2709 
f 2023/2023/2023 2024/2024/2024 2025/2025/2025 
f 2032/2032/2032 2025/2025/2025 2033/2033/2033 
f 2025/2025/2025 2032/2032/2032 2034/2034/2034 
f 2034/2034/2034 2023/2023/2023 2025/2025/2025 
f 2034/2034/2034 2091/2091/2091 2035/2035/2035 
f 2035/2035/2035 2023/2023/2023 2034/2034/2034 
f 2106/2106/2106 2023/2023/2023 2035/2035/2035 
f 2035/2035/2035 2129/2129/2129 2106/2106/2106 
f 2106/2106/2106 2330/2330/2330 2023/2023/2023 
f 2028/2028/2028 2023/2023/2023 2029/2029/2029 
f 2023/2023/2023 2330/2330/2330 2029/2029/2029 
f 2330/2330/2330 2106/2106/2106 2381/2381/2381 
f 2106/2106/2106 2386/2386/2386 2381/2381/2381 
f 2386/2386/2386 2106/2106/2106 2619/2619/2619 
f 2381/2381/2381 2390/2390/2390 2382/2382/2382 
f 2330/2330/2330 2381/2381/2381 2382/2382/2382 
f 2884/2884/2884 2885/2885/2885 2386/2386/2386 
f 2386/2386/2386 2889/2889/2889 2884/2884/2884 
f 2619/2619/2619 2889/2889/2889 2386/2386/2386 
f 2918/2918/2918 2919/2919/2919 2884/2884/2884 
f 2884/2884/2884 2889/2889/2889 2918/2918/2918 
f 2918/2918/2918 2889/2889/2889 2921/2921/2921 
f 2921/2921/2921 2922/2922/2922 2918/2918/2918 
f 2922/2922/2922 2921/2921/2921 2923/2923/2923 
f 2889/2889/2889 2966/2966/2966 2921/2921/2921 
f 2619/2619/2619 2620/2620/2620 2621/2621/2621 
f 2889/2889/2889 2619/2619/2619 2674/2674/2674 
f 2621/2621/2621 2626/2626/2626 2619/2619/2619 
f 2674/2674/2674 2619/2619/2619 2626/2626/2626 
f 2626/2626/2626 2678/2678/2678 2674/2674/2674 
f 2623/2623/2623 2626/2626/2626 2621/2621/2621 
f 2623/2623/2623 2621/2621/2621 2624/2624/2624 
f 2626/2626/2626 2623/2623/2623 2673/2673/2673 
f 2673/2673/2673 2675/2675/2675 2626/2626/2626 
f 2651/2651/2651 2673/2673/2673 2623/2623/2623 
f 2623/2623/2623 2650/2650/2650 2651/2651/2651 
f 2889/2889/2889 2674/2674/2674 2939/2939/2939 
f 2973/2973/2973 2889/2889/2889 2939/2939/2939 
f 2699/2699/2699 2939/2939/2939 2674/2674/2674 
f 2674/2674/2674 2698/2698/2698 2699/2699/2699 
f 2939/2939/2939 2699/2699/2699 2940/2940/2940 
f 2940/2940/2940 2941/2941/2941 2939/2939/2939 
f 2940/2940/2940 2699/2699/2699 2943/2943/2943 
f 2943/2943/2943 2944/2944/2944 2940/2940/2940 
f 2059/2059/2059 2060/2060/2060 2029/2029/2029 
f 2059/2059/2059 2324/2324/2324 2325/2325/2325 
f 2324/2324/2324 2059/2059/2059 2326/2326/2326 
f 2029/2029/2029 2329/2329/2329 2059/2059/2059 
f 2059/2059/2059 2329/2329/2329 2326/2326/2326 
f 2329/2329/2329 2332/2332/2332 2326/2326/2326 
f 2029/2029/2029 2330/2330/2330 2329/2329/2329 
f 2330/2330/2330 2354/2354/2354 2329/2329/2329 
f 2359/2359/2359 2360/2360/2360 2330/2330/2330 
f 2330/2330/2330 2361/2361/2361 2359/2359/2359 
f 2361/2361/2361 2409/2409/2409 2359/2359/2359 
f 2361/2361/2361 2410/2410/2410 2409/2409/2409 
f 2361/2361/2361 2330/2330/2330 2382/2382/2382 
f 2382/2382/2382 2415/2415/2415 2361/2361/2361 
f 2103/2103/2103 2104/2104/2104 2105/2105/2105 
f 2104/2104/2104 2103/2103/2103 2637/2637/2637 
f 1985/1985/1985 1986/1986/1986 1987/1987/1987 
f 1986/1986/1986 1985/1985/1985 2484/2484/2484 
f 2488/2488/2488 2489/2489/2489 2490/2490/2490 
f 2490/2490/2490 2491/2491/2491 2488/2488/2488 
f 1991/1991/1991 1992/1992/1992 1993/1993/1993 
f 1992/1992/1992 1991/1991/1991 1994/1994/1994 
f 2150/2150/2150 2151/2151/2151 2152/2152/2152 
f 2150/2150/2150 2165/2165/2165 2151/2151/2151 
f 2312/2312/2312 2150/2150/2150 2152/2152/2152 
f 2150/2150/2150 2312/2312/2312 2327/2327/2327 
f 2797/2797/2797 2798/2798/2798 2799/2799/2799 
f 2798/2798/2798 2797/2797/2797 2809/2809/2809 
f 2935/2935/2935 2799/2799/2799 2798/2798/2798 
f 2798/2798/2798 2945/2945/2945 2935/2935/2935 
f 2485/2485/2485 2486/2486/2486 2487/2487/2487 
f 2486/2486/2486 2485/2485/2485 2636/2636/2636 
f 1988/1988/1988 1989/1989/1989 1990/1990/1990 
f 1989/1989/1989 1988/1988/1988 2128/2128/2128 
f 1918/1918/1918 1919/1919/1919 1920/1920/1920 
f 1919/1919/1919 1918/1918/1918 2419/2419/2419 
f 1915/1915/1915 1916/1916/1916 1917/1917/1917 
f 1916/1916/1916 1915/1915/1915 2418/2418/2418 
f 2442/2442/2442 2443/2443/2443 2444/2444/2444 
f 2443/2443/2443 2442/2442/2442 2594/2594/2594 
f 1943/1943/1943 1944/1944/1944 1945/1945/1945 
f 1944/1944/1944 1943/1943/1943 2081/2081/2081 
f 2100/2100/2100 2101/2101/2101 2102/2102/2102 
f 2101/2101/2101 2100/2100/2100 2613/2613/2613 
f 2590/2590/2590 2591/2591/2591 2592/2592/2592 
f 2591/2591/2591 2590/2590/2590 2611/2611/2611 
f 1981/1981/1981 1982/1982/1982 1983/1983/1983 
f 1982/1982/1982 1981/1981/1981 1984/1984/1984 
f 2055/2055/2055 2056/2056/2056 2057/2057/2057 
f 2057/2057/2057 2056/2056/2056 2058/2058/2058 
f 2492/2492/2492 2493/2493/2493 2494/2494/2494 
f 2493/2493/2493 2492/2492/2492 2503/2503/2503 
f 2703/2703/2703 2704/2704/2704 2705/2705/2705 
f 2705/2705/2705 2706/2706/2706 2703/2703/2703 
f 1961/1961/1961 1962/1962/1962 1963/1963/1963 
f 1962/1962/1962 1961/1961/1961 2423/2423/2423 
f 2075/2075/2075 2076/2076/2076 2077/2077/2077 
f 2076/2076/2076 2075/2075/2075 2093/2093/2093 
f 2711/2711/2711 2712/2712/2712 2713/2713/2713 
f 2713/2713/2713 2729/2729/2729 2711/2711/2711 
f 1814/1814/1814 1815/1815/1815 1816/1816/1816 
f 1815/1815/1815 1814/1814/1814 1820/1820/1820 
f 1815/1815/1815 1827/1827/1827 1816/1816/1816 
f 1827/1827/1827 1815/1815/1815 1828/1828/1828 
f 1816/1816/1816 1827/1827/1827 1829/1829/1829 
f 1829/1829/1829 1831/1831/1831 1816/1816/1816 
f 1829/1829/1829 1830/1830/1830 1831/1831/1831 
f 1830/1830/1830 1829/1829/1829 1907/1907/1907 
f 1832/1832/1832 1829/1829/1829 1827/1827/1827 
f 1832/1832/1832 1827/1827/1827 1864/1864/1864 
f 1821/1821/1821 1822/1822/1822 1823/1823/1823 
f 1821/1821/1821 1823/1823/1823 1857/1857/1857 
f 1858/1858/1858 1857/1857/1857 1859/1859/1859 
f 1858/1858/1858 1860/1860/1860 1857/1857/1857 
f 1821/1821/1821 1857/1857/1857 1860/1860/1860 
f 1862/1862/1862 1860/1860/1860 1863/1863/1863 
f 1860/1860/1860 1862/1862/1862 1861/1861/1861 
f 1821/1821/1821 1860/1860/1860 1861/1861/1861 
f 1871/1871/1871 1821/1821/1821 1861/1861/1861 
f 1821/1821/1821 1871/1871/1871 1872/1872/1872 
f 1908/1908/1908 1909/1909/1909 1910/1910/1910 
f 1908/1908/1908 1914/1914/1914 1909/1909/1909 
f 1952/1952/1952 1910/1910/1910 1953/1953/1953 
f 1952/1952/1952 1955/1955/1955 1910/1910/1910 
f 1910/1910/1910 1926/1926/1926 1908/1908/1908 
f 1926/1926/1926 1910/1910/1910 1955/1955/1955 
f 1924/1924/1924 1908/1908/1908 1926/1926/1926 
f 1908/1908/1908 1924/1924/1924 1925/1925/1925 
f 1955/1955/1955 1959/1959/1959 1926/1926/1926 
f 1959/1959/1959 1955/1955/1955 1960/1960/1960 
f 1967/1967/1967 1968/1968/1968 1969/1969/1969 
f 1968/1968/1968 1967/1967/1967 2473/2473/2473 
f 1969/1969/1969 2241/2241/2241 1967/1967/1967 
f 1967/1967/1967 2241/2241/2241 2715/2715/2715 
f 2241/2241/2241 1969/1969/1969 2225/2225/2225 
f 2225/2225/2225 1969/1969/1969 2226/2226/2226 
f 2141/2141/2141 2142/2142/2142 2143/2143/2143 
f 2142/2142/2142 2141/2141/2141 2153/2153/2153 
f 2144/2144/2144 2145/2145/2145 2146/2146/2146 
f 2145/2145/2145 2144/2144/2144 2158/2158/2158 
f 2182/2182/2182 2158/2158/2158 2144/2144/2144 
f 2144/2144/2144 2184/2184/2184 2182/2182/2182 
f 2185/2185/2185 2186/2186/2186 2187/2187/2187 
f 2185/2185/2185 2191/2191/2191 2186/2186/2186 
f 2191/2191/2191 2185/2185/2185 2192/2192/2192 
f 2196/2196/2196 2192/2192/2192 2185/2185/2185 
f 2197/2197/2197 2192/2192/2192 2196/2196/2196 
f 2192/2192/2192 2197/2197/2197 2198/2198/2198 
f 2222/2222/2222 2223/2223/2223 2224/2224/2224 
f 2222/2222/2222 2271/2271/2271 2223/2223/2223 
f 2271/2271/2271 2222/2222/2222 2272/2272/2272 
f 2272/2272/2272 2222/2222/2222 2273/2273/2273 
f 2274/2274/2274 2273/2273/2273 2222/2222/2222 
f 2274/2274/2274 2275/2275/2275 2273/2273/2273 
f 2273/2273/2273 2282/2282/2282 2272/2272/2272 
f 2282/2282/2282 2273/2273/2273 2283/2283/2283 
f 2232/2232/2232 2233/2233/2233 2234/2234/2234 
f 2232/2232/2232 2248/2248/2248 2233/2233/2233 
f 2248/2248/2248 2232/2232/2232 2250/2250/2250 
f 2248/2248/2248 2250/2250/2250 2714/2714/2714 
f 2249/2249/2249 2250/2250/2250 2232/2232/2232 
f 2249/2249/2249 2417/2417/2417 2250/2250/2250 
f 2238/2238/2238 2239/2239/2239 2240/2240/2240 
f 2239/2239/2239 2238/2238/2238 2266/2266/2266 
f 2424/2424/2424 2425/2425/2425 2426/2426/2426 
f 2466/2466/2466 2424/2424/2424 2426/2426/2426 
f 2425/2425/2425 2427/2427/2427 2428/2428/2428 
f 2427/2427/2427 2425/2425/2425 2438/2438/2438 
f 2425/2425/2425 2424/2424/2424 2438/2438/2438 
f 2438/2438/2438 2424/2424/2424 2474/2474/2474 
f 2474/2474/2474 2475/2475/2475 2438/2438/2438 
f 2474/2474/2474 2477/2477/2477 2475/2475/2475 
f 2424/2424/2424 2471/2471/2471 2474/2474/2474 
f 2471/2471/2471 2424/2424/2424 2472/2472/2472 
f 2435/2435/2435 2436/2436/2436 2437/2437/2437 
f 2436/2436/2436 2505/2505/2505 2437/2437/2437 
f 2505/2505/2505 2436/2436/2436 2506/2506/2506 
f 2507/2507/2507 2506/2506/2506 2436/2436/2436 
f 2506/2506/2506 2507/2507/2507 2510/2510/2510 
f 2507/2507/2507 2517/2517/2517 2510/2510/2510 
f 2508/2508/2508 2507/2507/2507 2436/2436/2436 
f 2507/2507/2507 2508/2508/2508 2509/2509/2509 
f 2518/2518/2518 2519/2519/2519 2520/2520/2520 
f 2519/2519/2519 2518/2518/2518 2548/2548/2548 
f 2559/2559/2559 2519/2519/2519 2548/2548/2548 
f 2548/2548/2548 2558/2558/2558 2559/2559/2559 
f 2560/2560/2560 2559/2559/2559 2558/2558/2558 
f 2561/2561/2561 2519/2519/2519 2559/2559/2559 
f 2519/2519/2519 2561/2561/2561 2562/2562/2562 
f 2561/2561/2561 2563/2563/2563 2562/2562/2562 
f 2559/2559/2559 2564/2564/2564 2561/2561/2561 
f 2564/2564/2564 2559/2559/2559 2565/2565/2565 
f 2745/2745/2745 2746/2746/2746 2747/2747/2747 
f 2750/2750/2750 2746/2746/2746 2745/2745/2745 
f 2745/2745/2745 2748/2748/2748 2750/2750/2750 
f 2748/2748/2748 2745/2745/2745 2749/2749/2749 
f 2746/2746/2746 2751/2751/2751 2747/2747/2747 
f 2751/2751/2751 2752/2752/2752 2747/2747/2747 
f 2752/2752/2752 2751/2751/2751 2753/2753/2753 
f 2751/2751/2751 2746/2746/2746 2754/2754/2754 
f 2754/2754/2754 2746/2746/2746 2755/2755/2755 
f 2782/2782/2782 2783/2783/2783 2784/2784/2784 
f 2782/2782/2782 2804/2804/2804 2783/2783/2783 
f 2791/2791/2791 2792/2792/2792 2793/2793/2793 
f 2792/2792/2792 2791/2791/2791 2805/2805/2805 
f 2838/2838/2838 2791/2791/2791 2793/2793/2793 
f 2791/2791/2791 2838/2838/2838 2841/2841/2841 
f 2828/2828/2828 2829/2829/2829 2830/2830/2830 
f 2830/2830/2830 2840/2840/2840 2828/2828/2828 
f 2840/2840/2840 2830/2830/2830 2842/2842/2842 
f 2829/2829/2829 2836/2836/2836 2830/2830/2830 
f 2836/2836/2836 2829/2829/2829 2834/2834/2834 
f 2834/2834/2834 2829/2829/2829 2835/2835/2835 
f 2097/2097/2097 2098/2098/2098 2099/2099/2099 
f 2098/2098/2098 2097/2097/2097 2612/2612/2612 
f 1939/1939/1939 1940/1940/1940 1941/1941/1941 
f 1939/1939/1939 1946/1946/1946 1940/1940/1940 
f 1946/1946/1946 1939/1939/1939 2017/2017/2017 
f 2018/2018/2018 2017/2017/2017 1939/1939/1939 
f 2016/2016/2016 2017/2017/2017 2018/2018/2018 
f 2017/2017/2017 2016/2016/2016 2107/2107/2107 
f 1995/1995/1995 1996/1996/1996 1997/1997/1997 
f 2004/2004/2004 1996/1996/1996 1995/1995/1995 
f 1996/1996/1996 2004/2004/2004 2005/2005/2005 
f 2015/2015/2015 2005/2005/2005 2004/2004/2004 
f 2019/2019/2019 2015/2015/2015 2004/2004/2004 
f 2019/2019/2019 2004/2004/2004 2045/2045/2045 
f 2015/2015/2015 2019/2019/2019 2020/2020/2020 
f 2019/2019/2019 2046/2046/2046 2020/2020/2020 
f 2036/2036/2036 2037/2037/2037 2038/2038/2038 
f 2037/2037/2037 2036/2036/2036 2043/2043/2043 
f 2162/2162/2162 2043/2043/2043 2036/2036/2036 
f 2162/2162/2162 2036/2036/2036 2163/2163/2163 
f 2043/2043/2043 2162/2162/2162 2164/2164/2164 
f 2043/2043/2043 2164/2164/2164 2170/2170/2170 
f 2108/2108/2108 2109/2109/2109 2110/2110/2110 
f 2112/2112/2112 2110/2110/2110 2113/2113/2113 
f 2110/2110/2110 2112/2112/2112 2111/2111/2111 
f 2111/2111/2111 2108/2108/2108 2110/2110/2110 
f 2108/2108/2108 2111/2111/2111 2115/2115/2115 
f 2115/2115/2115 2114/2114/2114 2108/2108/2108 
f 2114/2114/2114 2115/2115/2115 2116/2116/2116 
f 2117/2117/2117 2115/2115/2115 2111/2111/2111 
f 2115/2115/2115 2117/2117/2117 2627/2627/2627 
f 2627/2627/2627 2117/2117/2117 2595/2595/2595 
f 2595/2595/2595 2597/2597/2597 2627/2627/2627 
f 2595/2595/2595 2596/2596/2596 2597/2597/2597 
f 2117/2117/2117 2628/2628/2628 2595/2595/2595 
f 2628/2628/2628 2117/2117/2117 2631/2631/2631 
f 2631/2631/2631 2117/2117/2117 2629/2629/2629 
f 2629/2629/2629 2117/2117/2117 2630/2630/2630 
f 2166/2166/2166 2167/2167/2167 2168/2168/2168 
f 2166/2166/2166 2171/2171/2171 2167/2167/2167 
f 2172/2172/2172 2173/2173/2173 2174/2174/2174 
f 2173/2173/2173 2172/2172/2172 2306/2306/2306 
f 2306/2306/2306 2340/2340/2340 2173/2173/2173 
f 2340/2340/2340 2306/2306/2306 2341/2341/2341 
f 2252/2252/2252 2253/2253/2253 2254/2254/2254 
f 2255/2255/2255 2252/2252/2252 2254/2254/2254 
f 2252/2252/2252 2261/2261/2261 2253/2253/2253 
f 2267/2267/2267 2261/2261/2261 2252/2252/2252 
f 2252/2252/2252 2299/2299/2299 2267/2267/2267 
f 2299/2299/2299 2252/2252/2252 2300/2300/2300 
f 2299/2299/2299 2377/2377/2377 2267/2267/2267 
f 2377/2377/2377 2299/2299/2299 2398/2398/2398 
f 2263/2263/2263 2264/2264/2264 2265/2265/2265 
f 2725/2725/2725 2265/2265/2265 2264/2264/2264 
f 2370/2370/2370 2371/2371/2371 2372/2372/2372 
f 2392/2392/2392 2370/2370/2370 2372/2372/2372 
f 2370/2370/2370 2392/2392/2392 2395/2395/2395 
f 2395/2395/2395 2393/2393/2393 2370/2370/2370 
f 2370/2370/2370 2393/2393/2393 2394/2394/2394 
f 2393/2393/2393 2395/2395/2395 2396/2396/2396 
f 2396/2396/2396 2395/2395/2395 2397/2397/2397 
f 2455/2455/2455 2456/2456/2456 2457/2457/2457 
f 2458/2458/2458 2455/2455/2455 2457/2457/2457 
f 2455/2455/2455 2458/2458/2458 2607/2607/2607 
f 2607/2607/2607 2608/2608/2608 2455/2455/2455 
f 2608/2608/2608 2607/2607/2607 2632/2632/2632 
f 2632/2632/2632 2607/2607/2607 2633/2633/2633 
f 2538/2538/2538 2539/2539/2539 2540/2540/2540 
f 2589/2589/2589 2538/2538/2538 2540/2540/2540 
f 2658/2658/2658 2589/2589/2589 2659/2659/2659 
f 2680/2680/2680 2589/2589/2589 2658/2658/2658 
f 2538/2538/2538 2589/2589/2589 2657/2657/2657 
f 2589/2589/2589 2680/2680/2680 2657/2657/2657 
f 2680/2680/2680 2685/2685/2685 2657/2657/2657 
f 2657/2657/2657 2668/2668/2668 2538/2538/2538 
f 2668/2668/2668 2657/2657/2657 2669/2669/2669 
f 2686/2686/2686 2687/2687/2687 2688/2688/2688 
f 2687/2687/2687 2686/2686/2686 2693/2693/2693 
f 2822/2822/2822 2693/2693/2693 2686/2686/2686 
f 2693/2693/2693 2822/2822/2822 2823/2823/2823 
f 2810/2810/2810 2822/2822/2822 2686/2686/2686 
f 2810/2810/2810 2686/2686/2686 2811/2811/2811 
f 2726/2726/2726 2727/2727/2727 2728/2728/2728 
f 2727/2727/2727 2726/2726/2726 2731/2731/2731 
f 2734/2734/2734 2728/2728/2728 2727/2727/2727 
f 2728/2728/2728 2734/2734/2734 2735/2735/2735 
f 2731/2731/2731 2864/2864/2864 2727/2727/2727 
f 2864/2864/2864 2731/2731/2731 2866/2866/2866 
f 2812/2812/2812 2813/2813/2813 2814/2814/2814 
f 2812/2812/2812 2824/2824/2824 2813/2813/2813 
f 2818/2818/2818 2819/2819/2819 2820/2820/2820 
f 2819/2819/2819 2818/2818/2818 2857/2857/2857 
f 2954/2954/2954 2857/2857/2857 2818/2818/2818 
f 2857/2857/2857 2954/2954/2954 2961/2961/2961 
f 2876/2876/2876 2877/2877/2877 2878/2878/2878 
f 2877/2877/2877 2879/2879/2879 2878/2878/2878 
f 2879/2879/2879 2877/2877/2877 2909/2909/2909 
f 2877/2877/2877 2907/2907/2907 2909/2909/2909 
f 2907/2907/2907 2877/2877/2877 2908/2908/2908 
f 2907/2907/2907 2910/2910/2910 2909/2909/2909 
f 2910/2910/2910 2907/2907/2907 2911/2911/2911 
f 2135/2135/2135 2136/2136/2136 2137/2137/2137 
f 2136/2136/2136 2135/2135/2135 2154/2154/2154 
f 2785/2785/2785 2786/2786/2786 2787/2787/2787 
f 2786/2786/2786 2785/2785/2785 2803/2803/2803 
f 2242/2242/2242 2243/2243/2243 2244/2244/2244 
f 2242/2242/2242 2707/2707/2707 2243/2243/2243 
f 2063/2063/2063 2064/2064/2064 2065/2065/2065 
f 2064/2064/2064 2063/2063/2063 2066/2066/2066 
f 2314/2314/2314 2063/2063/2063 2065/2065/2065 
f 2065/2065/2065 2313/2313/2313 2314/2314/2314 
f 2313/2313/2313 2331/2331/2331 2314/2314/2314 
f 2063/2063/2063 2314/2314/2314 2379/2379/2379 
f 2379/2379/2379 2380/2380/2380 2063/2063/2063 
f 2383/2383/2383 2380/2380/2380 2379/2379/2379 
f 2314/2314/2314 2363/2363/2363 2379/2379/2379 
f 2363/2363/2363 2314/2314/2314 2364/2364/2364 
f 2645/2645/2645 2646/2646/2646 2647/2647/2647 
f 2646/2646/2646 2645/2645/2645 2696/2696/2696 
f 2888/2888/2888 2645/2645/2645 2647/2647/2647 
f 2888/2888/2888 2647/2647/2647 2886/2886/2886 
f 2886/2886/2886 2887/2887/2887 2888/2888/2888 
f 2645/2645/2645 2888/2888/2888 2924/2924/2924 
f 2924/2924/2924 2925/2925/2925 2645/2645/2645 
f 2925/2925/2925 2924/2924/2924 2938/2938/2938 
f 2888/2888/2888 2891/2891/2891 2924/2924/2924 
f 2890/2890/2890 2891/2891/2891 2888/2888/2888 
f 2245/2245/2245 2246/2246/2246 2247/2247/2247 
f 2246/2246/2246 2245/2245/2245 2724/2724/2724 
f 2087/2087/2087 2088/2088/2088 2089/2089/2089 
f 2088/2088/2088 2087/2087/2087 2130/2130/2130 
f 2387/2387/2387 2388/2388/2388 2389/2389/2389 
f 2387/2387/2387 2391/2391/2391 2388/2388/2388 
f 2616/2616/2616 2617/2617/2617 2618/2618/2618 
f 2617/2617/2617 2616/2616/2616 2638/2638/2638 
f 2760/2760/2760 2761/2761/2761 2762/2762/2762 
f 2761/2761/2761 2760/2760/2760 2763/2763/2763 
f 2762/2762/2762 2883/2883/2883 2760/2760/2760 
f 2883/2883/2883 2762/2762/2762 2881/2881/2881 
f 2881/2881/2881 2762/2762/2762 2882/2882/2882 
f 1887/1887/1887 1888/1888/1888 1889/1889/1889 
f 1887/1887/1887 1889/1889/1889 2134/2134/2134 
f 2577/2577/2577 2578/2578/2578 2579/2579/2579 
f 2577/2577/2577 2580/2580/2580 2578/2578/2578 
f 1947/1947/1947 1948/1948/1948 1949/1949/1949 
f 1949/1949/1949 1951/1951/1951 1947/1947/1947 
f 2284/2284/2284 2285/2285/2285 2286/2286/2286 
f 2286/2286/2286 2302/2302/2302 2284/2284/2284 
f 2450/2450/2450 2451/2451/2451 2452/2452/2452 
f 2451/2451/2451 2450/2450/2450 2467/2467/2467 
f 2738/2738/2738 2739/2739/2739 2740/2740/2740 
f 2739/2739/2739 2738/2738/2738 2741/2741/2741 
f 1892/1892/1892 1893/1893/1893 1894/1894/1894 
f 2050/2050/2050 1893/1893/1893 1892/1892/1892 
f 2571/2571/2571 2572/2572/2572 2573/2573/2573 
f 2572/2572/2572 2571/2571/2571 2684/2684/2684 
f 1879/1879/1879 1880/1880/1880 1881/1881/1881 
f 1879/1879/1879 1881/1881/1881 1882/1882/1882 
f 1978/1978/1978 1979/1979/1979 1980/1980/1980 
f 2122/2122/2122 1979/1979/1979 1978/1978/1978 
f 1979/1979/1979 2122/2122/2122 2123/2123/2123 
f 2500/2500/2500 2501/2501/2501 2502/2502/2502 
f 2501/2501/2501 2500/2500/2500 2635/2635/2635 
f 2648/2648/2648 2635/2635/2635 2500/2500/2500 
f 2581/2581/2581 2582/2582/2582 2583/2583/2583 
f 2581/2581/2581 2584/2584/2584 2582/2582/2582 
f 2118/2118/2118 2119/2119/2119 2120/2120/2120 
f 2640/2640/2640 2119/2119/2119 2118/2118/2118 
f 2159/2159/2159 2160/2160/2160 2161/2161/2161 
f 2160/2160/2160 2159/2159/2159 2169/2169/2169 
f 2315/2315/2315 2316/2316/2316 2317/2317/2317 
f 2316/2316/2316 2315/2315/2315 2318/2318/2318 
f 2373/2373/2373 2374/2374/2374 2375/2375/2375 
f 2374/2374/2374 2373/2373/2373 2378/2378/2378 
f 2794/2794/2794 2795/2795/2795 2796/2796/2796 
f 2795/2795/2795 2794/2794/2794 2821/2821/2821 
f 2867/2867/2867 2868/2868/2868 2869/2869/2869 
f 2868/2868/2868 2870/2870/2870 2869/2869/2869 
f 2927/2927/2927 2928/2928/2928 2929/2929/2929 
f 2928/2928/2928 2930/2930/2930 2929/2929/2929 
f 1970/1970/1970 1971/1971/1971 1972/1972/1972 
f 1972/1972/1972 1974/1974/1974 1970/1970/1970 
f 2276/2276/2276 2277/2277/2277 2278/2278/2278 
f 2278/2278/2278 2290/2290/2290 2276/2276/2276 
f 2071/2071/2071 2072/2072/2072 2073/2073/2073 
f 2072/2072/2072 2071/2071/2071 2092/2092/2092 
f 2402/2402/2402 2403/2403/2403 2404/2404/2404 
f 2403/2403/2403 2402/2402/2402 2414/2414/2414 
f 2599/2599/2599 2600/2600/2600 2601/2601/2601 
f 2599/2599/2599 2601/2601/2601 2625/2625/2625 
f 2900/2900/2900 2901/2901/2901 2902/2902/2902 
f 2900/2900/2900 2902/2902/2902 2916/2916/2916 
f 2481/2481/2481 2482/2482/2482 2483/2483/2483 
f 2482/2482/2482 2481/2481/2481 2496/2496/2496 
f 1868/1868/1868 1869/1869/1869 1870/1870/1870 
f 1869/1869/1869 1868/1868/1868 1891/1891/1891 
f 2047/2047/2047 1891/1891/1891 1868/1868/1868 
f 2047/2047/2047 1868/1868/1868 2048/2048/2048 
f 2047/2047/2047 2051/2051/2051 1891/1891/1891 
f 1891/1891/1891 2051/2051/2051 1956/1956/1956 
f 1956/1956/1956 2051/2051/2051 1957/1957/1957 
f 1956/1956/1956 1957/1957/1957 1958/1958/1958 
f 2478/2478/2478 2479/2479/2479 2480/2480/2480 
f 2479/2479/2479 2478/2478/2478 2634/2634/2634 
f 2549/2549/2549 2479/2479/2479 2634/2634/2634 
f 2681/2681/2681 2549/2549/2549 2634/2634/2634 
f 2549/2549/2549 2681/2681/2681 2569/2569/2569 
f 2681/2681/2681 2682/2682/2682 2569/2569/2569 
f 2550/2550/2550 2549/2549/2549 2569/2569/2569 
f 2549/2549/2549 2550/2550/2550 2551/2551/2551 
f 1964/1964/1964 1965/1965/1965 1966/1966/1966 
f 1964/1964/1964 1973/1973/1973 1965/1965/1965 
f 2468/2468/2468 2469/2469/2469 2470/2470/2470 
f 2468/2468/2468 2495/2495/2495 2469/2469/2469 
f 2175/2175/2175 2176/2176/2176 2177/2177/2177 
f 2181/2181/2181 2177/2177/2177 2176/2176/2176 
f 2176/2176/2176 2175/2175/2175 2343/2343/2343 
f 2256/2256/2256 2343/2343/2343 2175/2175/2175 
f 2343/2343/2343 2256/2256/2256 2369/2369/2369 
f 2256/2256/2256 2258/2258/2258 2369/2369/2369 
f 2256/2256/2256 2257/2257/2257 2258/2258/2258 
f 2257/2257/2257 2259/2259/2259 2258/2258/2258 
f 2258/2258/2258 2259/2259/2259 2260/2260/2260 
f 2721/2721/2721 2722/2722/2722 2723/2723/2723 
f 2721/2721/2721 2723/2723/2723 2737/2737/2737 
f 2736/2736/2736 2723/2723/2723 2722/2722/2722 
f 2723/2723/2723 2736/2736/2736 2875/2875/2875 
f 2880/2880/2880 2875/2875/2875 2736/2736/2736 
f 2880/2880/2880 2736/2736/2736 2825/2825/2825 
f 2827/2827/2827 2880/2880/2880 2825/2825/2825 
f 2825/2825/2825 2826/2826/2826 2827/2827/2827 
f 2826/2826/2826 2825/2825/2825 2837/2837/2837 
f 1849/1849/1849 1850/1850/1850 1851/1851/1851 
f 1849/1849/1849 1851/1851/1851 1852/1852/1852 
f 2524/2524/2524 2525/2525/2525 2526/2526/2526 
f 2524/2524/2524 2530/2530/2530 2525/2525/2525 
f 2279/2279/2279 2280/2280/2280 2281/2281/2281 
f 2280/2280/2280 2279/2279/2279 2301/2301/2301 
f 2742/2742/2742 2743/2743/2743 2744/2744/2744 
f 2743/2743/2743 2742/2742/2742 2759/2759/2759 
f 1904/1904/1904 1905/1905/1905 1906/1906/1906 
f 1905/1905/1905 1904/1904/1904 1930/1930/1930 
f 1905/1905/1905 2067/2067/2067 1906/1906/1906 
f 2067/2067/2067 1905/1905/1905 2090/2090/2090 
f 2406/2406/2406 2407/2407/2407 2408/2408/2408 
f 2406/2406/2406 2413/2413/2413 2407/2407/2407 
f 2904/2904/2904 2905/2905/2905 2906/2906/2906 
f 2904/2904/2904 2906/2906/2906 2920/2920/2920 
f 2432/2432/2432 2433/2433/2433 2434/2434/2434 
f 2432/2432/2432 2434/2434/2434 2454/2454/2454 
f 2605/2605/2605 2434/2434/2434 2433/2433/2433 
f 2434/2434/2434 2605/2605/2605 2622/2622/2622 
f 1824/1824/1824 1825/1825/1825 1826/1826/1826 
f 1824/1824/1824 1847/1847/1847 1825/1825/1825 
f 1911/1911/1911 1912/1912/1912 1913/1913/1913 
f 1911/1911/1911 1931/1931/1931 1912/1912/1912 
f 2439/2439/2439 2440/2440/2440 2441/2441/2441 
f 2439/2439/2439 2504/2504/2504 2440/2440/2440 
f 2895/2895/2895 2896/2896/2896 2897/2897/2897 
f 1898/1898/1898 1899/1899/1899 1900/1900/1900 
f 1900/1900/1900 1932/1932/1932 1898/1898/1898 
f 2218/2218/2218 2219/2219/2219 2220/2220/2220 
f 2220/2220/2220 2221/2221/2221 2218/2218/2218 
f 2527/2527/2527 2528/2528/2528 2529/2529/2529 
f 2528/2528/2528 2527/2527/2527 2534/2534/2534 
f 2779/2779/2779 2780/2780/2780 2781/2781/2781 
f 2780/2780/2780 2779/2779/2779 2854/2854/2854 
f 2210/2210/2210 2211/2211/2211 2212/2212/2212 
f 2211/2211/2211 2210/2210/2210 2217/2217/2217 
f 2847/2847/2847 2848/2848/2848 2849/2849/2849 
f 2848/2848/2848 2847/2847/2847 2850/2850/2850 
f 2199/2199/2199 2200/2200/2200 2201/2201/2201 
f 2201/2201/2201 2202/2202/2202 2199/2199/2199 
f 2831/2831/2831 2832/2832/2832 2833/2833/2833 
f 2832/2832/2832 2831/2831/2831 2855/2855/2855 
f 1873/1873/1873 1874/1874/1874 1875/1875/1875 
f 1873/1873/1873 2049/2049/2049 1874/1874/1874 
f 1874/1874/1874 2049/2049/2049 2062/2062/2062 
f 2319/2319/2319 2320/2320/2320 2321/2321/2321 
f 2319/2319/2319 2333/2333/2333 2320/2320/2320 
f 2555/2555/2555 2556/2556/2556 2557/2557/2557 
f 2556/2556/2556 2555/2555/2555 2683/2683/2683 
f 2683/2683/2683 2555/2555/2555 2697/2697/2697 
f 2946/2946/2946 2947/2947/2947 2948/2948/2948 
f 2947/2947/2947 2946/2946/2946 2949/2949/2949 
f 1840/1840/1840 1841/1841/1841 1842/1842/1842 
f 1842/1842/1842 1846/1846/1846 1840/1840/1840 
f 2178/2178/2178 2179/2179/2179 2180/2180/2180 
f 2179/2179/2179 2178/2178/2178 2183/2183/2183 
f 1895/1895/1895 1896/1896/1896 1897/1897/1897 
f 1896/1896/1896 1895/1895/1895 2042/2042/2042 
f 2044/2044/2044 2042/2042/2042 1895/1895/1895 
f 2042/2042/2042 2044/2044/2044 2310/2310/2310 
f 2156/2156/2156 2310/2310/2310 2044/2044/2044 
f 2310/2310/2310 2156/2156/2156 2311/2311/2311 
f 2044/2044/2044 2157/2157/2157 2156/2156/2156 
f 2155/2155/2155 2156/2156/2156 2157/2157/2157 
f 2541/2541/2541 2542/2542/2542 2543/2543/2543 
f 2542/2542/2542 2541/2541/2541 2547/2547/2547 
f 2574/2574/2574 2575/2575/2575 2576/2576/2576 
f 2575/2575/2575 2574/2574/2574 2692/2692/2692 
f 2694/2694/2694 2575/2575/2575 2692/2692/2692 
f 2926/2926/2926 2694/2694/2694 2692/2692/2692 
f 2694/2694/2694 2926/2926/2926 2788/2788/2788 
f 2926/2926/2926 2931/2931/2931 2788/2788/2788 
f 2788/2788/2788 2790/2790/2790 2694/2694/2694 
f 2788/2788/2788 2789/2789/2789 2790/2790/2790 
f 2815/2815/2815 2816/2816/2816 2817/2817/2817 
f 2816/2816/2816 2815/2815/2815 2839/2839/2839 

g Cube0061

v -1.04902 2.60073 -0.471101 
v -0.719025 2.32122 -0.0459475 
v -1.04902 2.32122 -0.471101 
v -0.567809 2.59574 -0.542487 
v -0.518578 2.32621 -0.0258595 
v -0.567809 2.32621 -0.542487 
v -0.50526 2.57615 0.0463984 
v -0.21358 2.3458 -0.317574 
v -0.21358 2.57615 -0.317574 
v -0.883462 2.3458 -0.00904197 
v -0.937406 2.57615 0.214903 
v -0.937406 2.3458 0.214903 
v -0.50526 2.3458 0.0463984 
v -0.883462 2.57615 -0.00904193 
v -0.719025 2.60073 -0.0459475 
v -0.518578 2.59574 -0.0258595 
v -0.458043 3.33421 -0.0726821 
v -0.458043 2.34644 0.441936 
v -0.458043 2.34644 -0.0726823 
v -0.458043 3.33421 0.441936 
v 0.566916 2.57615 -0.461624 
v 0.858597 2.3458 -0.0976518 
v 0.566916 2.3458 -0.461624 
v 1.0097 2.32621 -0.516919 
v 0.960469 2.59574 -0.000291526 
v 0.960469 2.32621 -0.000291482 
v 1.4434 2.60073 -0.299723 
v 1.11341 2.32122 0.125431 
v 1.4434 2.32122 -0.299723 
v 1.5105 2.57615 -0.118269 
v 1.56445 2.3458 0.105676 
v 1.5105 2.3458 -0.118269 
v 1.56445 2.57615 0.105676 
v 0.858597 2.57615 -0.0976519 
v 1.0097 2.59574 -0.516919 
v 1.11341 2.60073 0.125431 
v 1.14625 3.33421 0.441936 
v 1.14625 2.34644 -0.0726823 
v 1.14625 3.33421 -0.0726821 
v 1.14625 2.34644 0.441936 
v -0.518578 2.59574 -0.0258595 
v -0.567809 2.59574 -0.542487 
v -0.786885 2.59574 -0.000291526 
v -0.685013 2.57615 -0.0976519 
v -0.21358 2.57615 -0.317574 
v -0.393332 2.57615 -0.461624 
v -0.50526 2.57615 0.0463984 
v -0.937406 2.57615 0.214903 
v -1.33692 2.57615 -0.118269 
v -1.39086 2.57615 0.105676 
v -0.883462 2.57615 -0.00904193 
v -0.836116 2.59574 -0.516919 
v -1.26982 2.60073 -0.299723 
v -0.939826 2.60073 0.125431 
v -1.04902 2.60073 -0.471101 
v -0.719025 2.60073 -0.0459475 
v -0.458043 3.33421 0.441936 
v -0.458043 3.33421 -0.0726821 
v -0.972662 3.33421 -0.0726821 
v -0.972662 3.33421 0.441936 
v 0.858597 2.57615 -0.0976519 
v 0.566916 2.57615 -0.461624 
v 0.387164 2.57615 -0.317574 
v 0.678844 2.57615 0.0463984 
v 0.960469 2.59574 -0.000291526 
v 0.741393 2.59574 -0.542487 
v 0.692162 2.59574 -0.0258595 
v 1.5105 2.57615 -0.118269 
v 1.05705 2.57615 -0.00904193 
v 1.11099 2.57615 0.214903 
v 1.56445 2.57615 0.105676 
v 1.0097 2.59574 -0.516919 
v 1.2226 2.60073 -0.471101 
v 0.892609 2.60073 -0.0459475 
v 1.11341 2.60073 0.125431 
v 1.4434 2.60073 -0.299723 
v 0.631627 3.33421 0.441936 
v 1.14625 3.33421 -0.0726821 
v 0.631627 3.33421 -0.0726821 
v 1.14625 3.33421 0.441936 
v -0.518578 2.32621 -0.0258595 
v -0.786885 2.59574 -0.000291526 
v -0.786885 2.32621 -0.000291482 
v -0.50526 2.3458 0.0463984 
v -0.685013 2.57615 -0.0976519 
v -0.685013 2.3458 -0.0976518 
v -0.719025 2.60073 -0.0459475 
v -0.939826 2.32122 0.125431 
v -0.719025 2.32122 -0.0459475 
v -1.39086 2.3458 0.105676 
v -0.937406 2.3458 0.214903 
v -1.39086 2.57615 0.105676 
v -0.937406 2.57615 0.214903 
v -0.50526 2.57615 0.0463984 
v -0.939826 2.60073 0.125431 
v -0.518578 2.59574 -0.0258595 
v -0.458043 3.33421 0.441936 
v -0.972662 2.34644 0.441936 
v -0.458043 2.34644 0.441936 
v -0.972662 3.33421 0.441936 
v 0.858597 2.57615 -0.0976519 
v 0.678844 2.57615 0.0463984 
v 0.678844 2.3458 0.0463984 
v 0.858597 2.3458 -0.0976518 
v 0.960469 2.59574 -0.000291526 
v 0.692162 2.32621 -0.0258595 
v 0.960469 2.32621 -0.000291482 
v 1.11341 2.32122 0.125431 
v 0.892609 2.60073 -0.0459475 
v 0.892609 2.32122 -0.0459475 
v 1.56445 2.57615 0.105676 
v 1.11099 2.3458 0.214903 
v 1.56445 2.3458 0.105676 
v 1.11099 2.57615 0.214903 
v 0.692162 2.59574 -0.0258595 
v 1.11341 2.60073 0.125431 
v 1.14625 2.34644 0.441936 
v 0.631627 3.33421 0.441936 
v 0.631627 2.34644 0.441936 
v 1.14625 3.33421 0.441936 
v -0.786885 2.59574 -0.000291526 
v -0.836116 2.32621 -0.516919 
v -0.786885 2.32621 -0.000291482 
v -0.393332 2.57615 -0.461624 
v -0.393332 2.3458 -0.461624 
v -0.685013 2.3458 -0.0976518 
v -1.26982 2.60073 -0.299723 
v -1.26982 2.32122 -0.299723 
v -0.939826 2.32122 0.125431 
v -1.33692 2.57615 -0.118269 
v -1.39086 2.3458 0.105676 
v -1.39086 2.57615 0.105676 
v -1.33692 2.3458 -0.118269 
v -0.685013 2.57615 -0.0976519 
v -0.939826 2.60073 0.125431 
v -0.836116 2.59574 -0.516919 
v -0.972662 3.33421 -0.0726821 
v -0.972662 2.34644 -0.0726823 
v -0.972662 3.33421 0.441936 
v -0.972662 2.34644 0.441936 
v 0.678844 2.57615 0.0463984 
v 0.387164 2.57615 -0.317574 
v 0.387164 2.3458 -0.317574 
v 0.692162 2.32621 -0.0258595 
v 0.741393 2.59574 -0.542487 
v 0.741393 2.32621 -0.542487 
v 0.892609 2.32122 -0.0459475 
v 1.2226 2.60073 -0.471101 
v 1.2226 2.32122 -0.471101 
v 0.678844 2.3458 0.0463984 
v 1.11099 2.57615 0.214903 
v 1.05705 2.3458 -0.00904197 
v 1.11099 2.3458 0.214903 
v 1.05705 2.57615 -0.00904193 
v 0.692162 2.59574 -0.0258595 
v 0.892609 2.60073 -0.0459475 
v 0.631627 2.34644 0.441936 
v 0.631627 3.33421 -0.0726821 
v 0.631627 2.34644 -0.0726823 
v 0.631627 3.33421 0.441936 
v -1.04902 2.32122 -0.471101 
v -0.939826 2.32122 0.125431 
v -1.26982 2.32122 -0.299723 
v -0.567809 2.32621 -0.542487 
v -0.518578 2.32621 -0.0258595 
v -0.836116 2.32621 -0.516919 
v -0.786885 2.32621 -0.000291482 
v -1.33692 2.3458 -0.118269 
v -0.937406 2.3458 0.214903 
v -1.39086 2.3458 0.105676 
v -0.719025 2.32122 -0.0459475 
v -0.21358 2.3458 -0.317574 
v -0.685013 2.3458 -0.0976518 
v -0.393332 2.3458 -0.461624 
v -0.883462 2.3458 -0.00904197 
v -0.50526 2.3458 0.0463984 
v -0.458043 2.34644 -0.0726823 
v -0.972662 2.34644 0.441936 
v -0.972662 2.34644 -0.0726823 
v -0.458043 2.34644 0.441936 
v 0.858597 2.3458 -0.0976518 
v 0.387164 2.3458 -0.317574 
v 0.566916 2.3458 -0.461624 
v 0.741393 2.32621 -0.542487 
v 1.0097 2.32621 -0.516919 
v 0.692162 2.32621 -0.0258595 
v 1.11341 2.32122 0.125431 
v 1.2226 2.32122 -0.471101 
v 1.4434 2.32122 -0.299723 
v 0.960469 2.32621 -0.000291482 
v 0.892609 2.32122 -0.0459475 
v 1.11099 2.3458 0.214903 
v 1.5105 2.3458 -0.118269 
v 1.56445 2.3458 0.105676 
v 0.678844 2.3458 0.0463984 
v 1.05705 2.3458 -0.00904197 
v 0.631627 2.34644 -0.0726823 
v 1.14625 2.34644 -0.0726823 
v 1.14625 2.34644 0.441936 
v 0.631627 2.34644 0.441936 
v -1.26982 2.32122 -0.299723 
v -1.04902 2.60073 -0.471101 
v -1.04902 2.32122 -0.471101 
v -0.836116 2.32621 -0.516919 
v -0.567809 2.59574 -0.542487 
v -0.567809 2.32621 -0.542487 
v -0.21358 2.57615 -0.317574 
v -0.393332 2.3458 -0.461624 
v -0.393332 2.57615 -0.461624 
v -1.33692 2.57615 -0.118269 
v -0.883462 2.3458 -0.00904197 
v -1.33692 2.3458 -0.118269 
v -0.21358 2.3458 -0.317574 
v -0.883462 2.57615 -0.00904193 
v -1.26982 2.60073 -0.299723 
v -0.836116 2.59574 -0.516919 
v -0.972662 3.33421 -0.0726821 
v -0.458043 2.34644 -0.0726823 
v -0.972662 2.34644 -0.0726823 
v -0.458043 3.33421 -0.0726821 
v 0.387164 2.57615 -0.317574 
v 0.566916 2.3458 -0.461624 
v 0.387164 2.3458 -0.317574 
v 0.741393 2.59574 -0.542487 
v 1.0097 2.32621 -0.516919 
v 0.741393 2.32621 -0.542487 
v 1.2226 2.60073 -0.471101 
v 1.4434 2.32122 -0.299723 
v 1.2226 2.32122 -0.471101 
v 0.566916 2.57615 -0.461624 
v 1.05705 2.3458 -0.00904197 
v 1.5105 2.57615 -0.118269 
v 1.5105 2.3458 -0.118269 
v 1.05705 2.57615 -0.00904193 
v 1.0097 2.59574 -0.516919 
v 1.4434 2.60073 -0.299723 
v 0.631627 2.34644 -0.0726823 
v 1.14625 3.33421 -0.0726821 
v 1.14625 2.34644 -0.0726823 
v 0.631627 3.33421 -0.0726821 

vn 0.787402 0 -0.614173 
vn 0.787402 0 -0.614173 
vn 0.787402 0 -0.614173 
vn 0.992126 0 -0.0944882 
vn 0.992126 0 -0.0944882 
vn 0.992126 0 -0.0944882 
vn 0.779528 0 0.622047 
vn 0.779528 0 0.622047 
vn 0.779528 0 0.622047 
vn 0.968504 0 0.23622 
vn 0.968504 0 0.23622 
vn 0.968504 0 0.23622 
vn 0.779528 0 0.622047 
vn 0.968504 0 0.23622 
vn 0.787402 0 -0.614173 
vn 0.992126 0 -0.0944882 
vn 1 0 0 
vn 1 0 0 
vn 1 0 0 
vn 1 0 0 
vn 0.779528 0 -0.622047 
vn 0.779528 0 -0.622047 
vn 0.779528 0 -0.622047 
vn 0.992126 0 0.0944882 
vn 0.992126 0 0.0944882 
vn 0.992126 0 0.0944882 
vn 0.787402 0 0.614173 
vn 0.787402 0 0.614173 
vn 0.787402 0 0.614173 
vn 0.968504 0 -0.23622 
vn 0.968504 0 -0.23622 
vn 0.968504 0 -0.23622 
vn 0.968504 0 -0.23622 
vn 0.779528 0 -0.622047 
vn 0.992126 0 0.0944882 
vn 0.787402 0 0.614173 
vn 1 0 0 
vn 1 0 0 
vn 1 0 0 
vn 1 0 0 
vn 0 1 0 
vn 0 1 0 
vn 0 1 0 
vn 0 1 0 
vn 0 1 0 
vn 0 1 0 
vn 0 1 0 
vn 0 1 0 
vn 0 1 0 
vn 0 1 0 
vn 0 1 0 
vn 0 1 0 
vn 0 1 0 
vn 0 1 0 
vn 0 1 0 
vn 0 1 0 
vn 0 1 0 
vn 0 1 0 
vn 0 1 0 
vn 0 1 0 
vn 0 1 0 
vn 0 1 0 
vn 0 1 0 
vn 0 1 0 
vn 0 1 0 
vn 0 1 0 
vn 0 1 0 
vn 0 1 0 
vn 0 1 0 
vn 0 1 0 
vn 0 1 0 
vn 0 1 0 
vn 0 1 0 
vn 0 1 0 
vn 0 1 0 
vn 0 1 0 
vn 0 1 0 
vn 0 1 0 
vn 0 1 0 
vn 0 1 0 
vn 0.0944882 0 0.992126 
vn 0.0944882 0 0.992126 
vn 0.0944882 0 0.992126 
vn -0.622047 0 0.779528 
vn -0.622047 0 0.779528 
vn -0.622047 0 0.779528 
vn 0.614173 0 0.787402 
vn 0.614173 0 0.787402 
vn 0.614173 0 0.787402 
vn -0.23622 0 0.968504 
vn -0.23622 0 0.968504 
vn -0.23622 0 0.968504 
vn -0.23622 0 0.968504 
vn -0.622047 0 0.779528 
vn 0.614173 0 0.787402 
vn 0.0944882 0 0.992126 
vn 0 0 1 
vn 0 0 1 
vn 0 0 1 
vn 0 0 1 
vn 0.622047 0 0.779528 
vn 0.622047 0 0.779528 
vn 0.622047 0 0.779528 
vn 0.622047 0 0.779528 
vn -0.0944882 0 0.992126 
vn -0.0944882 0 0.992126 
vn -0.0944882 0 0.992126 
vn -0.614173 0 0.787402 
vn -0.614173 0 0.787402 
vn -0.614173 0 0.787402 
vn 0.23622 0 0.968504 
vn 0.23622 0 0.968504 
vn 0.23622 0 0.968504 
vn 0.23622 0 0.968504 
vn -0.0944882 0 0.992126 
vn -0.614173 0 0.787402 
vn 0 0 1 
vn 0 0 1 
vn 0 0 1 
vn 0 0 1 
vn -0.992126 0 0.0944882 
vn -0.992126 0 0.0944882 
vn -0.992126 0 0.0944882 
vn -0.779528 0 -0.622047 
vn -0.779528 0 -0.622047 
vn -0.779528 0 -0.622047 
vn -0.787402 0 0.614173 
vn -0.787402 0 0.614173 
vn -0.787402 0 0.614173 
vn -0.968504 0 -0.23622 
vn -0.968504 0 -0.23622 
vn -0.968504 0 -0.23622 
vn -0.968504 0 -0.23622 
vn -0.779528 0 -0.622047 
vn -0.787402 0 0.614173 
vn -0.992126 0 0.0944882 
vn -1 0 0 
vn -1 0 0 
vn -1 0 0 
vn -1 0 0 
vn -0.779528 0 0.622047 
vn -0.779528 0 0.622047 
vn -0.779528 0 0.622047 
vn -0.992126 0 -0.0944882 
vn -0.992126 0 -0.0944882 
vn -0.992126 0 -0.0944882 
vn -0.787402 0 -0.614173 
vn -0.787402 0 -0.614173 
vn -0.787402 0 -0.614173 
vn -0.779528 0 0.622047 
vn -0.968504 0 0.23622 
vn -0.968504 0 0.23622 
vn -0.968504 0 0.23622 
vn -0.968504 0 0.23622 
vn -0.992126 0 -0.0944882 
vn -0.787402 0 -0.614173 
vn -1 0 0 
vn -1 0 0 
vn -1 0 0 
vn -1 0 0 
vn 0 -1 0 
vn 0 -1 0 
vn 0 -1 0 
vn 0 -1 0 
vn 0 -1 0 
vn 0 -1 0 
vn 0 -1 0 
vn 0 -1 0 
vn 0 -1 0 
vn 0 -1 0 
vn 0 -1 0 
vn 0 -1 0 
vn 0 -1 0 
vn 0 -1 0 
vn 0 -1 0 
vn 0 -1 0 
vn 0 -1 0 
vn 0 -1 0 
vn 0 -1 0 
vn 0 -1 0 
vn 0 -1 0 
vn 0 -1 0 
vn 0 -1 0 
vn 0 -1 0 
vn 0 -1 0 
vn 0 -1 0 
vn 0 -1 0 
vn 0 -1 0 
vn 0 -1 0 
vn 0 -1 0 
vn 0 -1 0 
vn 0 -1 0 
vn 0 -1 0 
vn 0 -1 0 
vn 0 -1 0 
vn 0 -1 0 
vn 0 -1 0 
vn 0 -1 0 
vn 0 -1 0 
vn 0 -1 0 
vn -0.614173 0 -0.787402 
vn -0.614173 0 -0.787402 
vn -0.614173 0 -0.787402 
vn -0.0944882 0 -0.992126 
vn -0.0944882 0 -0.992126 
vn -0.0944882 0 -0.992126 
vn 0.622047 0 -0.779528 
vn 0.622047 0 -0.779528 
vn 0.622047 0 -0.779528 
vn 0.23622 0 -0.968504 
vn 0.23622 0 -0.968504 
vn 0.23622 0 -0.968504 
vn 0.622047 0 -0.779528 
vn 0.23622 0 -0.968504 
vn -0.614173 0 -0.787402 
vn -0.0944882 0 -0.992126 
vn 0 0 -1 
vn 0 0 -1 
vn 0 0 -1 
vn 0 0 -1 
vn -0.622047 0 -0.779528 
vn -0.622047 0 -0.779528 
vn -0.622047 0 -0.779528 
vn 0.0944882 0 -0.992126 
vn 0.0944882 0 -0.992126 
vn 0.0944882 0 -0.992126 
vn 0.614173 0 -0.787402 
vn 0.614173 0 -0.787402 
vn 0.614173 0 -0.787402 
vn -0.622047 0 -0.779528 
vn -0.23622 0 -0.968504 
vn -0.23622 0 -0.968504 
vn -0.23622 0 -0.968504 
vn -0.23622 0 -0.968504 
vn 0.0944882 0 -0.992126 
vn 0.614173 0 -0.787402 
vn 0 0 -1 
vn 0 0 -1 
vn 0 0 -1 
vn 0 0 -1 

vt 4.0526 -47.0284 
vt 3.99946 -47.0633 
vt 4.0526 -47.0633 
vt 4.06153 -47.029 
vt 3.99695 -47.0627 
vt 4.06153 -47.0627 
vt 3.98792 -47.0314 
vt 4.03341 -47.0602 
vt 4.03341 -47.0314 
vt 3.99485 -47.0602 
vt 3.96685 -47.0314 
vt 3.96685 -47.0602 
vt 3.98792 -47.0602 
vt 3.99485 -47.0314 
vt 3.99946 -47.0284 
vt 3.99695 -47.029 
vt 4.0028 -46.9367 
vt 3.93847 -47.0602 
vt 4.0028 -47.0602 
vt 3.93847 -46.9367 
vt 4.05142 -47.0314 
vt 4.00592 -47.0602 
vt 4.05142 -47.0602 
vt 4.05833 -47.0627 
vt 3.99375 -47.029 
vt 3.99375 -47.0627 
vt 4.03118 -47.0284 
vt 3.97804 -47.0633 
vt 4.03118 -47.0633 
vt 4.0085 -47.0314 
vt 3.98051 -47.0602 
vt 4.0085 -47.0602 
vt 3.98051 -47.0314 
vt 4.00592 -47.0314 
vt 4.05833 -47.029 
vt 3.97804 -47.0284 
vt 3.93847 -46.9367 
vt 4.0028 -47.0602 
vt 4.0028 -46.9367 
vt 3.93847 -47.0602 
vt 4.07567 -46.9969 
vt 4.08183 -47.0615 
vt 4.10921 -46.9938 
vt 4.09648 -47.0059 
vt 4.03755 -47.0334 
vt 4.06002 -47.0514 
vt 4.07401 -46.9879 
vt 4.12802 -46.9669 
vt 4.17796 -47.0085 
vt 4.18471 -46.9805 
vt 4.12128 -46.9948 
vt 4.11536 -47.0583 
vt 4.16958 -47.0312 
vt 4.12833 -46.978 
vt 4.14198 -47.0526 
vt 4.10073 -46.9995 
vt 4.0681 -46.9385 
vt 4.0681 -47.0028 
vt 4.13243 -47.0028 
vt 4.13243 -46.9385 
vt 3.90352 -47.0059 
vt 3.93998 -47.0514 
vt 3.96245 -47.0334 
vt 3.92599 -46.9879 
vt 3.89079 -46.9938 
vt 3.91817 -47.0615 
vt 3.92433 -46.9969 
vt 3.82204 -47.0085 
vt 3.87872 -46.9948 
vt 3.87198 -46.9669 
vt 3.81529 -46.9805 
vt 3.88464 -47.0583 
vt 3.85802 -47.0526 
vt 3.89927 -46.9995 
vt 3.87167 -46.978 
vt 3.83042 -47.0312 
vt 3.9319 -46.9385 
vt 3.86757 -47.0028 
vt 3.9319 -47.0028 
vt 3.86757 -46.9385 
vt 3.92433 -47.0627 
vt 3.89079 -47.029 
vt 3.89079 -47.0627 
vt 3.92599 -47.0602 
vt 3.90352 -47.0314 
vt 3.90352 -47.0602 
vt 3.89927 -47.0284 
vt 3.87167 -47.0633 
vt 3.89927 -47.0633 
vt 3.81529 -47.0602 
vt 3.87198 -47.0602 
vt 3.81529 -47.0314 
vt 3.87198 -47.0314 
vt 3.92599 -47.0314 
vt 3.87167 -47.0284 
vt 3.92433 -47.029 
vt 3.9319 -46.9367 
vt 3.86757 -47.0602 
vt 3.9319 -47.0602 
vt 3.86757 -46.9367 
vt 4.09648 -47.0314 
vt 4.07401 -47.0314 
vt 4.07401 -47.0602 
vt 4.09648 -47.0602 
vt 4.10921 -47.029 
vt 4.07567 -47.0627 
vt 4.10921 -47.0627 
vt 4.12833 -47.0633 
vt 4.10073 -47.0284 
vt 4.10073 -47.0633 
vt 4.18471 -47.0314 
vt 4.12802 -47.0602 
vt 4.18471 -47.0602 
vt 4.12802 -47.0314 
vt 4.07567 -47.029 
vt 4.12833 -47.0284 
vt 4.13243 -47.0602 
vt 4.0681 -46.9367 
vt 4.0681 -47.0602 
vt 4.13243 -46.9367 
vt 4.00625 -47.029 
vt 3.94167 -47.0627 
vt 4.00625 -47.0627 
vt 3.94858 -47.0314 
vt 3.94858 -47.0602 
vt 3.99408 -47.0602 
vt 3.96882 -47.0284 
vt 3.96882 -47.0633 
vt 4.02196 -47.0633 
vt 3.9915 -47.0314 
vt 4.01949 -47.0602 
vt 4.01949 -47.0314 
vt 3.9915 -47.0602 
vt 3.99408 -47.0314 
vt 4.02196 -47.0284 
vt 3.94167 -47.029 
vt 3.9972 -46.9367 
vt 3.9972 -47.0602 
vt 4.06153 -46.9367 
vt 4.06153 -47.0602 
vt 4.01208 -47.0314 
vt 3.96659 -47.0314 
vt 3.96659 -47.0602 
vt 4.00305 -47.0627 
vt 3.93847 -47.029 
vt 3.93847 -47.0627 
vt 4.00054 -47.0633 
vt 3.9474 -47.0284 
vt 3.9474 -47.0633 
vt 4.01208 -47.0602 
vt 4.03315 -47.0314 
vt 4.00515 -47.0602 
vt 4.03315 -47.0602 
vt 4.00515 -47.0314 
vt 4.00305 -47.029 
vt 4.00054 -47.0284 
vt 4.06153 -47.0602 
vt 3.9972 -46.9367 
vt 3.9972 -47.0602 
vt 4.06153 -46.9367 
vt 3.85802 -47.0526 
vt 3.87167 -46.978 
vt 3.83042 -47.0312 
vt 3.91817 -47.0615 
vt 3.92433 -46.9969 
vt 3.88464 -47.0583 
vt 3.89079 -46.9938 
vt 3.82204 -47.0085 
vt 3.87198 -46.9669 
vt 3.81529 -46.9805 
vt 3.89927 -46.9995 
vt 3.96245 -47.0334 
vt 3.90352 -47.0059 
vt 3.93998 -47.0514 
vt 3.87872 -46.9948 
vt 3.92599 -46.9879 
vt 3.9319 -47.0028 
vt 3.86757 -46.9385 
vt 3.86757 -47.0028 
vt 3.9319 -46.9385 
vt 4.09648 -47.0059 
vt 4.03755 -47.0334 
vt 4.06002 -47.0514 
vt 4.08183 -47.0615 
vt 4.11536 -47.0583 
vt 4.07567 -46.9969 
vt 4.12833 -46.978 
vt 4.14198 -47.0526 
vt 4.16958 -47.0312 
vt 4.10921 -46.9938 
vt 4.10073 -46.9995 
vt 4.12802 -46.9669 
vt 4.17796 -47.0085 
vt 4.18471 -46.9805 
vt 4.07401 -46.9879 
vt 4.12128 -46.9948 
vt 4.0681 -47.0028 
vt 4.13243 -47.0028 
vt 4.13243 -46.9385 
vt 4.0681 -46.9385 
vt 4.16958 -47.0633 
vt 4.14198 -47.0284 
vt 4.14198 -47.0633 
vt 4.11536 -47.0627 
vt 4.08183 -47.029 
vt 4.08183 -47.0627 
vt 4.03755 -47.0314 
vt 4.06002 -47.0602 
vt 4.06002 -47.0314 
vt 4.17796 -47.0314 
vt 4.12128 -47.0602 
vt 4.17796 -47.0602 
vt 4.03755 -47.0602 
vt 4.12128 -47.0314 
vt 4.16958 -47.0284 
vt 4.11536 -47.029 
vt 4.13243 -46.9367 
vt 4.0681 -47.0602 
vt 4.13243 -47.0602 
vt 4.0681 -46.9367 
vt 3.96245 -47.0314 
vt 3.93998 -47.0602 
vt 3.96245 -47.0602 
vt 3.91817 -47.029 
vt 3.88464 -47.0627 
vt 3.91817 -47.0627 
vt 3.85802 -47.0284 
vt 3.83042 -47.0633 
vt 3.85802 -47.0633 
vt 3.93998 -47.0314 
vt 3.87872 -47.0602 
vt 3.82204 -47.0314 
vt 3.82204 -47.0602 
vt 3.87872 -47.0314 
vt 3.88464 -47.029 
vt 3.83042 -47.0284 
vt 3.9319 -47.0602 
vt 3.86757 -46.9367 
vt 3.86757 -47.0602 
vt 3.9319 -46.9367 

usemtl Cube0061Mtl

f 3004/3004/3004 3005/3005/3005 3006/3006/3006 
f 3004/3004/3004 3007/3007/3007 3005/3005/3005 
f 3011/3011/3011 3012/3012/3012 3013/3013/3013 
f 3012/3012/3012 3011/3011/3011 3014/3014/3014 
f 3001/3001/3001 3002/3002/3002 3003/3003/3003 
f 3002/3002/3002 3001/3001/3001 3010/3010/3010 
f 2998/2998/2998 2999/2999/2999 3000/3000/3000 
f 2999/2999/2999 2998/2998/2998 3009/3009/3009 
f 2995/2995/2995 2996/2996/2996 2997/2997/2997 
f 2996/2996/2996 2995/2995/2995 3008/3008/3008 
f 2981/2981/2981 2982/2982/2982 2983/2983/2983 
f 2982/2982/2982 2981/2981/2981 2987/2987/2987 
f 2991/2991/2991 2992/2992/2992 2993/2993/2993 
f 2994/2994/2994 2992/2992/2992 2991/2991/2991 
f 2978/2978/2978 2979/2979/2979 2980/2980/2980 
f 2979/2979/2979 2978/2978/2978 2990/2990/2990 
f 2975/2975/2975 2976/2976/2976 2977/2977/2977 
f 2976/2976/2976 2975/2975/2975 2989/2989/2989 
f 2984/2984/2984 2985/2985/2985 2986/2986/2986 
f 2985/2985/2985 2984/2984/2984 2988/2988/2988 
f 3031/3031/3031 3032/3032/3032 3033/3033/3033 
f 3034/3034/3034 3031/3031/3031 3033/3033/3033 
f 3051/3051/3051 3052/3052/3052 3053/3053/3053 
f 3052/3052/3052 3051/3051/3051 3054/3054/3054 
f 3027/3027/3027 3028/3028/3028 3029/3029/3029 
f 3030/3030/3030 3029/3029/3029 3028/3028/3028 
f 3047/3047/3047 3048/3048/3048 3049/3049/3049 
f 3047/3047/3047 3049/3049/3049 3050/3050/3050 
f 3015/3015/3015 3016/3016/3016 3017/3017/3017 
f 3017/3017/3017 3016/3016/3016 3026/3026/3026 
f 3039/3039/3039 3040/3040/3040 3041/3041/3041 
f 3040/3040/3040 3039/3039/3039 3046/3046/3046 
f 3018/3018/3018 3019/3019/3019 3020/3020/3020 
f 3019/3019/3019 3018/3018/3018 3021/3021/3021 
f 3022/3022/3022 3023/3023/3023 3024/3024/3024 
f 3023/3023/3023 3022/3022/3022 3025/3025/3025 
f 3035/3035/3035 3036/3036/3036 3037/3037/3037 
f 3035/3035/3035 3037/3037/3037 3038/3038/3038 
f 3042/3042/3042 3043/3043/3043 3044/3044/3044 
f 3044/3044/3044 3045/3045/3045 3042/3042/3042 
f 3064/3064/3064 3065/3065/3065 3066/3066/3066 
f 3067/3067/3067 3066/3066/3066 3065/3065/3065 
f 3085/3085/3085 3086/3086/3086 3087/3087/3087 
f 3086/3086/3086 3085/3085/3085 3088/3088/3088 
f 3071/3071/3071 3072/3072/3072 3073/3073/3073 
f 3074/3074/3074 3072/3072/3072 3071/3071/3071 
f 3091/3091/3091 3092/3092/3092 3093/3093/3093 
f 3092/3092/3092 3091/3091/3091 3094/3094/3094 
f 3058/3058/3058 3059/3059/3059 3060/3060/3060 
f 3059/3059/3059 3058/3058/3058 3068/3068/3068 
f 3075/3075/3075 3076/3076/3076 3077/3077/3077 
f 3075/3075/3075 3077/3077/3077 3078/3078/3078 
f 3055/3055/3055 3056/3056/3056 3057/3057/3057 
f 3056/3056/3056 3055/3055/3055 3070/3070/3070 
f 3079/3079/3079 3080/3080/3080 3081/3081/3081 
f 3079/3079/3079 3089/3089/3089 3080/3080/3080 
f 3061/3061/3061 3062/3062/3062 3063/3063/3063 
f 3062/3062/3062 3061/3061/3061 3069/3069/3069 
f 3082/3082/3082 3083/3083/3083 3084/3084/3084 
f 3083/3083/3083 3082/3082/3082 3090/3090/3090 
f 3104/3104/3104 3105/3105/3105 3106/3106/3106 
f 3105/3105/3105 3104/3104/3104 3107/3107/3107 
f 3111/3111/3111 3112/3112/3112 3113/3113/3113 
f 3113/3113/3113 3112/3112/3112 3114/3114/3114 
f 3101/3101/3101 3102/3102/3102 3103/3103/3103 
f 3109/3109/3109 3101/3101/3101 3103/3103/3103 
f 3095/3095/3095 3096/3096/3096 3097/3097/3097 
f 3096/3096/3096 3095/3095/3095 3110/3110/3110 
f 3098/3098/3098 3099/3099/3099 3100/3100/3100 
f 3108/3108/3108 3098/3098/3098 3100/3100/3100 
f 3115/3115/3115 3116/3116/3116 3117/3117/3117 
f 3115/3115/3115 3117/3117/3117 3124/3124/3124 
f 3131/3131/3131 3132/3132/3132 3133/3133/3133 
f 3132/3132/3132 3131/3131/3131 3134/3134/3134 
f 3118/3118/3118 3119/3119/3119 3120/3120/3120 
f 3119/3119/3119 3118/3118/3118 3129/3129/3129 
f 3121/3121/3121 3122/3122/3122 3123/3123/3123 
f 3122/3122/3122 3121/3121/3121 3130/3130/3130 
f 3125/3125/3125 3126/3126/3126 3127/3127/3127 
f 3125/3125/3125 3128/3128/3128 3126/3126/3126 
f 3135/3135/3135 3136/3136/3136 3137/3137/3137 
f 3136/3136/3136 3135/3135/3135 3145/3145/3145 
f 3161/3161/3161 3162/3162/3162 3163/3163/3163 
f 3162/3162/3162 3161/3161/3161 3165/3165/3165 
f 3138/3138/3138 3139/3139/3139 3140/3140/3140 
f 3140/3140/3140 3139/3139/3139 3141/3141/3141 
f 3158/3158/3158 3159/3159/3159 3160/3160/3160 
f 3159/3159/3159 3164/3164/3164 3160/3160/3160 
f 3142/3142/3142 3143/3143/3143 3144/3144/3144 
f 3143/3143/3143 3142/3142/3142 3149/3149/3149 
f 3146/3146/3146 3147/3147/3147 3148/3148/3148 
f 3147/3147/3147 3146/3146/3146 3150/3150/3150 
f 3155/3155/3155 3156/3156/3156 3157/3157/3157 
f 3156/3156/3156 3155/3155/3155 3169/3169/3169 
f 3166/3166/3166 3167/3167/3167 3168/3168/3168 
f 3167/3167/3167 3166/3166/3166 3170/3170/3170 
f 3151/3151/3151 3152/3152/3152 3153/3153/3153 
f 3152/3152/3152 3151/3151/3151 3154/3154/3154 
f 3171/3171/3171 3172/3172/3172 3173/3173/3173 
f 3171/3171/3171 3173/3173/3173 3174/3174/3174 
f 3175/3175/3175 3176/3176/3176 3177/3177/3177 
f 3176/3176/3176 3175/3175/3175 3189/3189/3189 
f 3201/3201/3201 3202/3202/3202 3203/3203/3203 
f 3201/3201/3201 3210/3210/3210 3202/3202/3202 
f 3178/3178/3178 3179/3179/3179 3180/3180/3180 
f 3179/3179/3179 3178/3178/3178 3190/3190/3190 
f 3198/3198/3198 3199/3199/3199 3200/3200/3200 
f 3198/3198/3198 3209/3209/3209 3199/3199/3199 
f 3181/3181/3181 3182/3182/3182 3183/3183/3183 
f 3182/3182/3182 3181/3181/3181 3187/3187/3187 
f 3195/3195/3195 3196/3196/3196 3197/3197/3197 
f 3195/3195/3195 3204/3204/3204 3196/3196/3196 
f 3191/3191/3191 3192/3192/3192 3193/3193/3193 
f 3194/3194/3194 3192/3192/3192 3191/3191/3191 
f 3211/3211/3211 3212/3212/3212 3213/3213/3213 
f 3212/3212/3212 3211/3211/3211 3214/3214/3214 
f 3184/3184/3184 3185/3185/3185 3186/3186/3186 
f 3185/3185/3185 3184/3184/3184 3188/3188/3188 
f 3205/3205/3205 3206/3206/3206 3207/3207/3207 
f 3206/3206/3206 3205/3205/3205 3208/3208/3208 

g Cube0071

v -2.68025 4.13273 0.189838 
v -2.30245 3.3738 -0.403906 
v -2.45077 4.15417 -0.499326 
v -2.63323 4.66528 -0.237097 
v -2.77663 3.88319 0.480043 
v -2.77663 3.88319 -0.237097 
v -2.52657 3.42011 0.285258 
v -2.3306 4.72588 -0.561197 
v -2.71333 3.9132 -0.114241 
v -2.41836 4.0531 -0.752764 
v -2.61257 4.66942 0.0773269 
v -2.31287 5.22109 -0.292016 
v -2.73278 4.50777 0.535715 
v -2.73278 4.50777 -0.292016 
v -2.19075 3.14991 -0.0636427 
v -2.51687 3.40144 0.0671803 
v -2.3636 3.15456 0.176649 
v -2.46489 4.15369 -0.405065 
v -2.12006 3.25577 -0.559921 
v -2.02392 4.30661 -0.974038 
v -2.385 3.39272 -0.177877 
v -2.52808 3.42745 -0.00302421 
v -2.22152 3.02447 0.406776 
v -2.22152 3.02447 -0.00302431 
v -2.43132 4.70571 -0.353295 
v -2.44295 4.04144 -0.662654 
v -1.9666 4.26736 -1.14881 
v -1.7747 4.74457 -1.12973 
v -1.91028 5.25947 -0.666095 
v -2.65228 4.51545 -0.150214 
v -2.27718 4.55121 -0.887204 
v -2.63323 4.66528 0.480043 
v -2.52808 3.42745 0.406776 
v -2.70946 4.14267 0.121302 
v -2.30269 3.37388 0.682764 
v -2.56105 3.43184 0.00658736 
v -2.51687 3.40144 0.333086 
v -2.19075 3.14991 0.463909 
v -2.3636 3.15456 0.223617 
v -2.44574 4.15246 0.797478 
v -2.3306 4.72588 0.798043 
v -2.71333 3.9132 0.351088 
v -2.61257 4.66942 0.15952 
v -2.41836 4.0531 0.989611 
v -2.46457 4.15358 0.704049 
v -2.1071 3.25136 0.819954 
v -2.39646 3.39662 0.461511 
v -1.99568 4.297 1.24834 
v -2.43132 4.70571 0.590142 
v -1.96661 4.26736 1.38566 
v -2.44295 4.04144 0.8995 
v -1.7747 4.74457 1.36658 
v -2.65228 4.51545 0.386873 
v -1.91028 5.25947 0.902754 
v -2.27718 4.55121 1.12386 
v -2.30844 4.54823 1.01986 
v -1.43851 5.30444 1.22392 
v -1.70269 4.60598 1.58099 
v -1.43851 5.30444 -0.987263 
v -2.30844 4.54823 -0.783198 
v -1.70269 4.60598 -1.34433 
v -2.04427 5.24669 -0.426132 
v -1.73929 5.63755 -0.449622 
v -2.3191 4.93936 0.193455 
v -2.07133 4.9321 -0.552971 
v -2.28538 5.22371 0.0708953 
v -1.98706 5.64481 0.296804 
v -2.08609 4.93614 -0.450878 
v -1.51756 5.71631 -0.6186 
v -1.83102 5.63826 -0.204812 
v -1.64991 5.94617 0.406875 
v -2.00574 5.49896 -0.164629 
v -1.64991 5.94617 -0.164629 
v -1.59895 4.97514 -1.06713 
v -1.90369 4.78358 -1.54304 
v -1.43851 5.30444 -0.987263 
v -1.70269 4.60598 -1.34433 
v -1.63952 5.48205 -1.18597 
v -1.51756 5.71631 -0.6186 
v -1.82573 5.1172 -1.23741 
v -1.69611 5.82815 -0.752663 
v -1.45785 5.94715 -0.249168 
v -1.94997 5.49644 -0.0667226 
v -1.69007 5.48474 -0.575576 
v -1.63086 5.94531 0.0859419 
v -2.00574 5.49896 0.406875 
v -2.31287 5.22109 0.535715 
v -2.28538 5.22371 0.165764 
v -2.04427 5.24669 0.662791 
v -2.35236 4.93619 0.119225 
v -1.73957 5.63752 0.727338 
v -2.0656 4.93264 0.851583 
v -2.02632 5.64107 -0.0050212 
v -1.5028 5.71771 0.875926 
v -2.08572 4.93617 0.750391 
v -1.84406 5.63702 0.487701 
v -1.56678 4.9782 1.33991 
v -1.90369 4.78358 1.7797 
v -1.43851 5.30444 1.22392 
v -1.63952 5.48205 1.42263 
v -1.70269 4.60598 1.58099 
v -1.7843 5.12115 1.52119 
v -1.5028 5.71771 0.875926 
v -1.67405 5.83026 1.01865 
v -1.45785 5.94715 0.486553 
v -1.94997 5.49644 0.304108 
v -1.63086 5.94531 0.151444 
v -1.69007 5.48474 0.812961 
v -1.59895 4.97514 -1.06713 
v 2.85059 4.20233 -0.562284 
v 2.47789 3.19337 -0.6837 
v 2.40881 4.39203 -1.13126 
v 2.68695 3.38906 -0.358615 
v 2.84177 3.38288 0.00626053 
v 2.4845 3.05419 -0.10502 
v 2.65735 3.05884 0.115729 
v 2.35636 4.35266 -1.32097 
v 2.82469 4.76785 -0.525454 
v 2.8327 4.12675 -0.834813 
v 2.16806 4.80671 -1.35406 
v 2.21785 5.24669 -0.426132 
v 2.48202 4.54823 -0.783198 
v 2.68303 4.72583 -0.981906 
v 2.7926 3.31346 -0.335096 
v 3.11408 4.21702 0.105949 
v 2.74814 3.30534 -0.487795 
v 2.87248 4.21724 -0.583215 
v 2.97226 3.35164 0.201369 
v 2.90573 3.39783 0.412953 
v 2.56891 2.91277 0.00315319 
v 2.90573 3.39783 0.00315331 
v 2.76694 4.77941 -0.667805 
v 3.14804 3.97719 -0.220849 
v 2.85307 4.11709 -0.859372 
v 3.04891 4.72295 -0.0292813 
v 3.09174 4.71437 -0.237097 
v 3.09174 4.71437 0.480043 
v 3.23453 3.93617 -0.237097 
v 3.23453 3.93617 0.480043 
v 2.4845 3.05419 0.505286 
v 2.65735 3.05884 0.284537 
v 2.84177 3.38288 0.394005 
v 2.68695 3.38906 0.758881 
v 2.37484 4.37407 1.41571 
v 2.45852 3.18678 0.951728 
v 2.84268 4.19815 0.871422 
v 2.82469 4.76785 0.762301 
v 2.35636 4.35266 1.55782 
v 2.8327 4.12675 1.07166 
v 2.48202 4.54823 1.01986 
v 2.21785 5.24669 0.662791 
v 2.68303 4.72583 1.21856 
v 2.16806 4.80671 1.59091 
v 2.56891 2.91277 0.412953 
v 3.15506 4.23583 0.224458 
v 2.76178 3.3105 0.78592 
v 3.02013 3.36845 0.109743 
v 2.79592 3.31459 0.628885 
v 2.88148 4.21915 0.900634 
v 3.14804 3.97719 0.457696 
v 3.04891 4.72295 0.266129 
v 2.76694 4.77941 0.904652 
v 2.85307 4.11709 1.09622 
v 2.77412 5.39043 0.535715 
v 3.19403 4.67712 0.535715 
v 3.19403 4.67712 -0.292016 
v 1.8131 5.48205 -1.18597 
v 2.68303 4.72583 -0.981906 
v 2.07727 4.78358 -1.54304 
v 2.41885 5.4243 -0.624841 
v 1.8697 5.82815 -0.752663 
v 2.48646 5.0782 -0.621159 
v 1.99931 5.1172 -1.23741 
v 2.23139 5.78033 -0.375094 
v 1.79135 6.08973 -0.306872 
v 2.28347 5.63903 -0.151681 
v 2.02357 5.62732 -0.660534 
v 1.96436 6.08789 0.000983372 
v 2.41885 5.4243 -0.624841 
v 2.34203 5.43162 -0.789143 
v 3.08404 4.6876 -0.273262 
v 2.70893 4.72336 -1.01025 
v 2.77412 5.39043 -0.292016 
v 2.71714 5.39586 -0.052153 
v 2.18249 5.77776 -0.540481 
v 2.7623 5.07958 0.102596 
v 2.51453 5.07231 -0.64383 
v 2.43026 5.78503 0.205945 
v 2.00384 6.08967 -0.164629 
v 2.00384 6.08967 0.406875 
v 2.35968 5.64246 -0.164629 
v 1.84764 5.83026 1.01865 
v 1.95788 5.12115 1.52119 
v 2.47682 5.07912 0.931671 
v -1.56678 4.9782 1.33991 
v 1.8131 5.48205 1.42263 
v 2.07727 4.78358 1.7797 
v 2.68303 4.72583 1.21856 
v 1.79135 6.08973 0.544257 
v 2.02357 5.62732 0.897919 
v 2.28347 5.63903 0.389066 
v 2.35968 5.64246 0.406875 
v 1.96436 6.08789 0.236402 
v 2.41885 5.4243 0.8615 
v 2.41885 5.4243 0.8615 
v 2.34203 5.43162 1.0258 
v 2.70893 4.72336 1.24691 
v 3.08404 4.6876 0.509921 
v 2.71714 5.39586 0.288812 
v 2.47692 5.7821 0.106195 
v 2.19016 5.77855 0.838554 
v 2.80296 5.07722 0.230441 
v 2.5162 5.07367 0.9628 
v -2.69889 4.21724 -0.583215 
v -2.68025 4.13273 0.189838 
v -2.45077 4.15417 -0.499326 
v -2.51337 3.38906 -0.358615 
v -2.66819 3.38288 0.00626053 
v -2.51687 3.40144 0.0671803 
v -2.73215 3.39783 0.00315331 
v -2.52808 3.42745 0.406776 
v -2.52808 3.42745 -0.00302421 
v -2.9405 4.21702 0.105949 
v -2.61257 4.66942 0.0773269 
v -2.59336 4.77941 -0.667805 
v -2.87532 4.72295 -0.0292813 
v -2.63323 4.66528 0.480043 
v -2.63323 4.66528 -0.237097 
v -2.91816 4.71437 -0.237097 
v -2.3306 4.72588 -0.561197 
v -2.34412 3.39971 -0.297695 
v -2.51687 3.40144 0.0671803 
v -2.19075 3.14991 -0.0636427 
v -2.34412 3.39971 -0.297695 
v -2.23522 4.39203 -1.13126 
v -2.677 4.20233 -0.562284 
v -2.46489 4.15369 -0.405065 
v -2.02392 4.30661 -0.974038 
v -1.7747 4.74457 -1.12973 
v -2.6511 4.76785 -0.525454 
v -2.43132 4.70571 -0.353295 
v -2.91816 4.71437 0.480043 
v -2.73215 3.39783 0.412953 
v -2.51687 3.40144 0.333086 
v -2.66819 3.38288 0.394005 
v -2.51337 3.38906 0.758881 
v -2.44574 4.15246 0.797478 
v -2.70946 4.14267 0.121302 
v -2.7079 4.21915 0.900634 
v -2.98147 4.23583 0.224458 
v -2.59336 4.77941 0.904652 
v -2.61257 4.66942 0.15952 
v -2.87532 4.72295 0.266129 
v -2.3306 4.72588 0.798043 
v -2.34412 3.39971 0.697961 
v -2.19075 3.14991 0.463909 
v -2.51687 3.40144 0.333086 
v -2.34412 3.39971 0.697961 
v -2.6691 4.19815 0.871422 
v -2.20125 4.37407 1.41571 
v -2.46457 4.15358 0.704049 
v -1.99568 4.297 1.24834 
v -2.6511 4.76785 0.762301 
v -1.7747 4.74457 1.36658 
v -2.43132 4.70571 0.590142 
v -1.99447 4.80671 1.59091 
v -1.99447 4.80671 -1.35406 
v -2.16845 5.43162 -0.789143 
v -2.28538 5.22371 0.0708953 
v -1.91028 5.25947 -0.666095 
v -2.54355 5.39586 -0.052153 
v -2.31287 5.22109 0.535715 
v -2.31287 5.22109 -0.292016 
v -2.60054 5.39043 -0.292016 
v -2.04427 5.24669 -0.426132 
v -1.63952 5.48205 -1.18597 
v -2.24527 5.4243 -0.624841 
v -2.25667 5.78503 0.205945 
v -1.73929 5.63755 -0.449622 
v -2.00891 5.77776 -0.540481 
v -1.98706 5.64481 0.296804 
v -1.83102 5.63826 -0.204812 
v -1.69611 5.82815 -0.752663 
v -2.0578 5.78033 -0.375094 
v -1.43851 5.30444 -0.987263 
v -1.51756 5.71631 -0.6186 
v -1.64991 5.94617 0.406875 
v -1.64991 5.94617 -0.164629 
v -1.83026 6.08967 -0.164629 
v -1.61776 6.08973 -0.306872 
v -1.63086 5.94531 0.0859419 
v -1.45785 5.94715 -0.249168 
v -1.79078 6.08789 0.000983372 
v -1.83026 6.08967 0.406875 
v -2.60054 5.39043 0.535715 
v -2.28538 5.22371 0.165764 
v -2.16845 5.43162 1.0258 
v -1.91028 5.25947 0.902754 
v -2.54355 5.39586 0.288812 
v -1.73957 5.63752 0.727338 
v -2.02632 5.64107 -0.0050212 
v -2.30334 5.7821 0.106195 
v -2.01658 5.77855 0.838554 
v -1.63952 5.48205 1.42263 
v -2.04427 5.24669 0.662791 
v -2.24527 5.4243 0.8615 
v -1.84406 5.63702 0.487701 
v -1.67405 5.83026 1.01865 
v -1.5028 5.71771 0.875926 
v -1.43851 5.30444 1.22392 
v -2.06158 5.77997 0.668982 
v -1.61776 6.08973 0.544257 
v -1.63086 5.94531 0.151444 
v -1.79078 6.08789 0.236402 
v -1.45785 5.94715 0.486553 
v 1.80445 5.94531 0.0859419 
v 1.79135 6.08973 -0.306872 
v 1.63143 5.94715 -0.249168 
v 2.40881 4.39203 -1.13126 
v 2.63848 4.15369 -0.405065 
v 2.85059 4.20233 -0.562284 
v 2.69045 3.40144 0.0671803 
v 2.68695 3.38906 -0.358615 
v 2.5177 3.39971 -0.297695 
v 2.36434 3.14991 -0.0636427 
v 2.69045 3.40144 0.0671803 
v 2.5177 3.39971 -0.297695 
v 2.1975 4.30661 -0.974038 
v 2.82469 4.76785 -0.525454 
v 1.94828 4.74457 -1.12973 
v 2.60491 4.70571 -0.353295 
v 2.78615 4.66942 0.0773269 
v 2.76694 4.77941 -0.667805 
v 2.50419 4.72588 -0.561197 
v 2.84177 3.38288 0.00626053 
v 2.85384 4.13273 0.189838 
v 2.87248 4.21724 -0.583215 
v 2.62436 4.15417 -0.499326 
v 2.70167 3.42745 0.406776 
v 2.90573 3.39783 0.00315331 
v 2.70167 3.42745 -0.00302421 
v 3.11408 4.21702 0.105949 
v 3.04891 4.72295 -0.0292813 
v 2.80682 4.66528 0.480043 
v 3.09174 4.71437 -0.237097 
v 2.80682 4.66528 -0.237097 
v 3.09174 4.71437 0.480043 
v 2.69045 3.40144 0.333086 
v 2.36434 3.14991 0.463909 
v 2.5177 3.39971 0.697961 
v 2.68695 3.38906 0.758881 
v 2.69045 3.40144 0.333086 
v 2.5177 3.39971 0.697961 
v 2.63815 4.15358 0.704049 
v 2.37484 4.37407 1.41571 
v 2.84268 4.19815 0.871422 
v 2.60491 4.70571 0.590142 
v 1.94828 4.74457 1.36658 
v 2.82469 4.76785 0.762301 
v 2.16926 4.297 1.24834 
v 2.76694 4.77941 0.904652 
v 2.78615 4.66942 0.15952 
v 2.50419 4.72588 0.798043 
v 2.90573 3.39783 0.412953 
v 2.84177 3.38288 0.394005 
v 2.88148 4.21915 0.900634 
v 2.88304 4.14267 0.121302 
v 2.61933 4.15246 0.797478 
v 3.15506 4.23583 0.224458 
v 3.04891 4.72295 0.266129 
v 2.16806 4.80671 1.59091 
v 2.21785 5.24669 -0.426132 
v 1.8131 5.48205 -1.18597 
v 1.6121 5.30444 -0.987263 
v 2.41885 5.4243 -0.624841 
v 2.0046 5.63826 -0.204812 
v 1.8697 5.82815 -0.752663 
v 1.69115 5.71631 -0.6186 
v 2.23139 5.78033 -0.375094 
v 1.96436 6.08789 0.000983372 
v 1.82349 5.94617 0.406875 
v 2.00384 6.08967 -0.164629 
v 1.82349 5.94617 -0.164629 
v 2.43026 5.78503 0.205945 
v 1.91288 5.63755 -0.449622 
v 2.16064 5.64481 0.296804 
v 2.16806 4.80671 -1.35406 
v 2.48645 5.22109 0.535715 
v 2.77412 5.39043 -0.292016 
v 2.48645 5.22109 -0.292016 
v 2.45897 5.22371 0.0708953 
v 2.34203 5.43162 -0.789143 
v 2.08386 5.25947 -0.666095 
v 2.18249 5.77776 -0.540481 
v 2.71714 5.39586 -0.052153 
v 2.00384 6.08967 0.406875 
v 1.84764 5.83026 1.01865 
v 2.01765 5.63702 0.487701 
v 1.67639 5.71771 0.875926 
v 1.8131 5.48205 1.42263 
v 2.21785 5.24669 0.662791 
v 1.6121 5.30444 1.22392 
v 2.23516 5.77997 0.668982 
v 1.80445 5.94531 0.151444 
v 1.79135 6.08973 0.544257 
v 1.96436 6.08789 0.236402 
v 1.63143 5.94715 0.486553 
v 2.41885 5.4243 0.8615 
v 2.77412 5.39043 0.535715 
v 2.34203 5.43162 1.0258 
v 2.45897 5.22371 0.165764 
v 2.08386 5.25947 0.902754 
v 2.71714 5.39586 0.288812 
v 2.1999 5.64107 -0.0050212 
v 1.91315 5.63752 0.727338 
v 2.47692 5.7821 0.106195 
v 2.19016 5.77855 0.838554 
v -2.61902 3.31346 -0.335096 
v -2.46489 4.15369 -0.405065 
v -2.677 4.20233 -0.562284 
v -2.68025 4.13273 0.189838 
v -2.79867 3.35164 0.201369 
v -2.52657 3.42011 0.285258 
v -2.9405 4.21702 0.105949 
v -2.61257 4.66942 0.0773269 
v -2.97446 3.97719 -0.220849 
v -2.71333 3.9132 -0.114241 
v -2.87532 4.72295 -0.0292813 
v -2.48377 3.05884 0.115729 
v -2.51687 3.40144 0.0671803 
v -2.66819 3.38288 0.00626053 
v -2.3636 3.15456 0.176649 
v -2.52808 3.42745 0.406776 
v -2.39532 2.91277 0.412953 
v -2.22152 3.02447 0.406776 
v -2.385 3.39272 -0.177877 
v -2.44295 4.04144 -0.662654 
v -2.43132 4.70571 -0.353295 
v -2.65911 4.12675 -0.834813 
v -2.73215 3.39783 0.412953 
v -2.44574 4.15246 0.797478 
v -2.58819 3.3105 0.78592 
v -2.30269 3.37388 0.682764 
v -2.7079 4.21915 0.900634 
v -2.77663 3.88319 0.480043 
v -2.91816 4.71437 0.480043 
v -3.06095 3.93617 0.480043 
v -2.63323 4.66528 0.480043 
v -2.3306 4.72588 0.798043 
v -2.67949 4.11709 1.09622 
v -2.41836 4.0531 0.989611 
v -2.51337 3.38906 0.758881 
v -2.31092 3.05419 0.505286 
v -2.34412 3.39971 0.697961 
v -2.19075 3.14991 0.463909 
v -2.1071 3.25136 0.819954 
v -2.20125 4.37407 1.41571 
v -2.28493 3.18678 0.951728 
v -1.99568 4.297 1.24834 
v -1.96661 4.26736 1.38566 
v -1.99447 4.80671 1.59091 
v -2.18277 4.35266 1.55782 
v -2.6511 4.76785 -0.525454 
v -2.65228 4.51545 -0.150214 
v -2.28538 5.22371 0.0708953 
v -2.91045 4.6876 -0.273262 
v -2.54355 5.39586 -0.052153 
v -2.08609 4.93614 -0.450878 
v -1.83102 5.63826 -0.204812 
v -2.31287 5.0782 -0.621159 
v -2.3191 4.93936 0.193455 
v -1.98706 5.64481 0.296804 
v -2.58871 5.07958 0.102596 
v -2.25667 5.78503 0.205945 
v -2.0578 5.78033 -0.375094 
v -1.94997 5.49644 -0.0667226 
v -1.63086 5.94531 0.0859419 
v -2.10989 5.63903 -0.151681 
v -1.64991 5.94617 0.406875 
v -2.1861 5.64246 0.406875 
v -2.00574 5.49896 0.406875 
v -1.79078 6.08789 0.000983372 
v -1.83026 6.08967 0.406875 
v -2.73278 4.50777 0.535715 
v -2.31287 5.22109 0.535715 
v -2.60054 5.39043 0.535715 
v -2.59336 4.77941 0.904652 
v -1.91028 5.25947 0.902754 
v -2.53535 4.72336 1.24691 
v -2.27718 4.55121 1.12386 
v -3.02044 4.67712 0.535715 
v -1.73957 5.63752 0.727338 
v -2.34262 5.07367 0.9628 
v -2.0656 4.93264 0.851583 
v -2.16845 5.43162 1.0258 
v -2.01658 5.77855 0.838554 
v -2.30323 5.07912 0.931671 
v -1.67405 5.83026 1.01865 
v -2.06158 5.77997 0.668982 
v -1.7747 4.74457 1.36658 
v -1.45785 5.94715 0.486553 
v -1.84999 5.62732 0.897919 
v -1.69007 5.48474 0.812961 
v -1.61776 6.08973 0.544257 
v 1.63143 5.94715 0.486553 
v 2.02357 5.62732 0.897919 
v 1.79135 6.08973 0.544257 
v 2.65735 3.05884 0.115729 
v 2.69045 3.40144 0.0671803 
v 2.53719 3.15456 0.176649 
v 2.56891 2.91277 0.412953 
v 2.70167 3.42745 0.406776 
v 2.3951 3.02447 0.406776 
v 2.84177 3.38288 0.00626053 
v 2.60491 4.70571 -0.353295 
v 2.61653 4.04144 -0.662654 
v 2.8327 4.12675 -0.834813 
v 2.7926 3.31346 -0.335096 
v 2.63848 4.15369 -0.405065 
v 2.55859 3.39272 -0.177877 
v 2.85059 4.20233 -0.562284 
v 2.85384 4.13273 0.189838 
v 2.97226 3.35164 0.201369 
v 3.11408 4.21702 0.105949 
v 2.70016 3.42011 0.285258 
v 2.78615 4.66942 0.0773269 
v 2.88692 3.9132 -0.114241 
v 3.14804 3.97719 -0.220849 
v 3.04891 4.72295 -0.0292813 
v 2.90573 3.39783 0.412953 
v 2.4845 3.05419 0.505286 
v 2.5177 3.39971 0.697961 
v 2.36434 3.14991 0.463909 
v 2.68695 3.38906 0.758881 
v 2.37484 4.37407 1.41571 
v 2.28068 3.25136 0.819954 
v 2.45852 3.18678 0.951728 
v 2.16926 4.297 1.24834 
v 2.14019 4.26736 1.38566 
v 2.35636 4.35266 1.55782 
v 2.16806 4.80671 1.59091 
v 2.61933 4.15246 0.797478 
v 2.47627 3.37388 0.682764 
v 2.76178 3.3105 0.78592 
v 2.95021 3.88319 0.480043 
v 3.23453 3.93617 0.480043 
v 3.09174 4.71437 0.480043 
v 2.88148 4.21915 0.900634 
v 2.85307 4.11709 1.09622 
v 2.50419 4.72588 0.798043 
v 2.59195 4.0531 0.989611 
v 2.80682 4.66528 0.480043 
v 2.82469 4.76785 -0.525454 
v 2.0046 5.63826 -0.204812 
v 2.48646 5.0782 -0.621159 
v 2.23139 5.78033 -0.375094 
v 2.28347 5.63903 -0.151681 
v 1.80445 5.94531 0.0859419 
v 2.12356 5.49644 -0.0667226 
v 2.35968 5.64246 0.406875 
v 1.82349 5.94617 0.406875 
v 2.17933 5.49896 0.406875 
v 1.96436 6.08789 0.000983372 
v 2.00384 6.08967 0.406875 
v 2.25968 4.93614 -0.450878 
v 2.45897 5.22371 0.0708953 
v 2.82587 4.51545 -0.150214 
v 3.08404 4.6876 -0.273262 
v 2.71714 5.39586 -0.052153 
v 2.16064 5.64481 0.296804 
v 2.49268 4.93936 0.193455 
v 2.7623 5.07958 0.102596 
v 2.43026 5.78503 0.205945 
v 2.48645 5.22109 0.535715 
v 2.90636 4.50777 0.535715 
v 2.77412 5.39043 0.535715 
v 1.91315 5.63752 0.727338 
v 2.5162 5.07367 0.9628 
v 2.19016 5.77855 0.838554 
v 1.94828 4.74457 1.36658 
v 2.47682 5.07912 0.931671 
v 2.23516 5.77997 0.668982 
v 1.84764 5.83026 1.01865 
v 1.86366 5.48474 0.812961 
v 2.23919 4.93264 0.851583 
v 2.76694 4.77941 0.904652 
v 2.70893 4.72336 1.24691 
v 2.08386 5.25947 0.902754 
v 2.45076 4.55121 1.12386 
v 3.19403 4.67712 0.535715 
v 2.34203 5.43162 1.0258 
v -2.9405 4.21702 0.105949 
v -2.69889 4.21724 -0.583215 
v -2.57455 3.30534 -0.487795 
v -2.79867 3.35164 0.201369 
v -2.39532 2.91277 0.00315319 
v -2.73215 3.39783 0.412953 
v -2.73215 3.39783 0.00315331 
v -2.59336 4.77941 -0.667805 
v -2.67949 4.11709 -0.859372 
v -2.97446 3.97719 -0.220849 
v -2.87532 4.72295 -0.0292813 
v -2.91816 4.71437 -0.237097 
v -3.06095 3.93617 -0.237097 
v -2.91816 4.71437 0.480043 
v -2.3043 3.19337 -0.6837 
v -2.61902 3.31346 -0.335096 
v -2.677 4.20233 -0.562284 
v -2.23522 4.39203 -1.13126 
v -2.51337 3.38906 -0.358615 
v -2.31092 3.05419 -0.10502 
v -2.66819 3.38288 0.00626053 
v -2.48377 3.05884 0.115729 
v -2.6511 4.76785 -0.525454 
v -2.18277 4.35266 -1.32097 
v -2.65911 4.12675 -0.834813 
v -1.99447 4.80671 -1.35406 
v -2.30844 4.54823 -0.783198 
v -2.04427 5.24669 -0.426132 
v -2.50944 4.72583 -0.981906 
v -3.06095 3.93617 0.480043 
v -2.39532 2.91277 0.412953 
v -2.58819 3.3105 0.78592 
v -2.98147 4.23583 0.224458 
v -2.84655 3.36845 0.109743 
v -2.28493 3.18678 0.951728 
v -2.6691 4.19815 0.871422 
v -2.62233 3.31459 0.628885 
v -2.7079 4.21915 0.900634 
v -2.97446 3.97719 0.457696 
v -2.59336 4.77941 0.904652 
v -2.87532 4.72295 0.266129 
v -2.67949 4.11709 1.09622 
v -2.18277 4.35266 1.55782 
v -2.6511 4.76785 0.762301 
v -2.65911 4.12675 1.07166 
v -2.31092 3.05419 0.505286 
v -2.66819 3.38288 0.394005 
v -2.48377 3.05884 0.284537 
v -2.51337 3.38906 0.758881 
v -2.20125 4.37407 1.41571 
v -2.04427 5.24669 0.662791 
v -2.30844 4.54823 1.01986 
v -2.50944 4.72583 1.21856 
v -1.99447 4.80671 1.59091 
v -2.60054 5.39043 0.535715 
v -3.02044 4.67712 -0.292016 
v -3.02044 4.67712 0.535715 
v -2.16845 5.43162 -0.789143 
v -2.53535 4.72336 -1.01025 
v -2.91045 4.6876 -0.273262 
v -2.24527 5.4243 -0.624841 
v -2.60054 5.39043 -0.292016 
v -2.54355 5.39586 -0.052153 
v -2.00891 5.77776 -0.540481 
v -2.34095 5.07231 -0.64383 
v -2.58871 5.07958 0.102596 
v -2.25667 5.78503 0.205945 
v -2.50944 4.72583 -0.981906 
v -2.24527 5.4243 -0.624841 
v -1.63952 5.48205 -1.18597 
v -1.90369 4.78358 -1.54304 
v -1.69611 5.82815 -0.752663 
v -1.82573 5.1172 -1.23741 
v -2.31287 5.0782 -0.621159 
v -2.0578 5.78033 -0.375094 
v -1.61776 6.08973 -0.306872 
v -1.84999 5.62732 -0.660534 
v -2.10989 5.63903 -0.151681 
v -1.79078 6.08789 0.000983372 
v -1.83026 6.08967 -0.164629 
v -2.1861 5.64246 -0.164629 
v -1.83026 6.08967 0.406875 
v -2.54355 5.39586 0.288812 
v -2.91045 4.6876 0.509921 
v -2.16845 5.43162 1.0258 
v -2.24527 5.4243 0.8615 
v -2.53535 4.72336 1.24691 
v -2.50944 4.72583 1.21856 
v -1.63952 5.48205 1.42263 
v -2.24527 5.4243 0.8615 
v -2.30334 5.7821 0.106195 
v -2.62938 5.07722 0.230441 
v -2.01658 5.77855 0.838554 
v -2.34262 5.07367 0.9628 
v -2.1861 5.64246 0.406875 
v 1.95788 5.12115 1.52119 
v 1.67639 5.71771 0.875926 
v 1.74037 4.9782 1.33991 
v -1.90369 4.78358 1.7797 
v -1.67405 5.83026 1.01865 
v -2.30323 5.07912 0.931671 
v -1.7843 5.12115 1.52119 
v -1.79078 6.08789 0.236402 
v -2.10989 5.63903 0.389066 
v -1.61776 6.08973 0.544257 
v -1.84999 5.62732 0.897919 
v 1.69115 5.71631 -0.6186 
v 1.99931 5.1172 -1.23741 
v 1.77253 4.97514 -1.06713 
v 2.29364 3.25577 -0.559921 
v 2.63848 4.15369 -0.405065 
v 2.1975 4.30661 -0.974038 
v 2.55859 3.39272 -0.177877 
v 2.3951 3.02447 0.406776 
v 2.70167 3.42745 -0.00302421 
v 2.3951 3.02447 -0.00302431 
v 2.60491 4.70571 -0.353295 
v 2.14019 4.26736 -1.14881 
v 2.61653 4.04144 -0.662654 
v 1.94828 4.74457 -1.12973 
v 2.82587 4.51545 -0.150214 
v 2.08386 5.25947 -0.666095 
v 2.45076 4.55121 -0.887204 
v 2.69045 3.40144 0.0671803 
v 2.36434 3.14991 -0.0636427 
v 2.53719 3.15456 0.176649 
v 2.47604 3.3738 -0.403906 
v 2.85384 4.13273 0.189838 
v 2.62436 4.15417 -0.499326 
v 2.95021 3.88319 0.480043 
v 2.80682 4.66528 -0.237097 
v 2.95021 3.88319 -0.237097 
v 2.70016 3.42011 0.285258 
v 2.88692 3.9132 -0.114241 
v 2.50419 4.72588 -0.561197 
v 2.59195 4.0531 -0.752764 
v 2.78615 4.66942 0.0773269 
v 2.90636 4.50777 0.535715 
v 2.48645 5.22109 -0.292016 
v 2.90636 4.50777 -0.292016 
v 2.80682 4.66528 0.480043 
v 2.28068 3.25136 0.819954 
v 2.63815 4.15358 0.704049 
v 2.57004 3.39662 0.461511 
v 2.16926 4.297 1.24834 
v 2.60491 4.70571 0.590142 
v 2.61653 4.04144 0.8995 
v 2.14019 4.26736 1.38566 
v 1.94828 4.74457 1.36658 
v 2.08386 5.25947 0.902754 
v 2.82587 4.51545 0.386873 
v 2.45076 4.55121 1.12386 
v 1.6121 5.30444 1.22392 
v 2.48202 4.54823 1.01986 
v 1.87627 4.60598 1.58099 
v 2.36434 3.14991 0.463909 
v 2.69045 3.40144 0.333086 
v 2.53719 3.15456 0.223617 
v 2.70167 3.42745 0.406776 
v 2.47627 3.37388 0.682764 
v 2.88304 4.14267 0.121302 
v 2.73463 3.43184 0.00658736 
v 2.61933 4.15246 0.797478 
v 2.88692 3.9132 0.351088 
v 2.50419 4.72588 0.798043 
v 2.78615 4.66942 0.15952 
v 2.59195 4.0531 0.989611 
v 2.48202 4.54823 -0.783198 
v 1.6121 5.30444 -0.987263 
v 1.87627 4.60598 -1.34433 
v 1.6121 5.30444 -0.987263 
v 2.07727 4.78358 -1.54304 
v 1.87627 4.60598 -1.34433 
v 1.8131 5.48205 -1.18597 
v 2.25968 4.93614 -0.450878 
v 1.69115 5.71631 -0.6186 
v 1.77253 4.97514 -1.06713 
v 1.8697 5.82815 -0.752663 
v 2.12356 5.49644 -0.0667226 
v 1.63143 5.94715 -0.249168 
v 1.86366 5.48474 -0.575576 
v 1.80445 5.94531 0.0859419 
v 2.17933 5.49896 -0.164629 
v 1.82349 5.94617 0.406875 
v 1.82349 5.94617 -0.164629 
v 2.21785 5.24669 -0.426132 
v 2.45897 5.22371 0.0708953 
v 2.49268 4.93936 0.193455 
v 1.91288 5.63755 -0.449622 
v 2.24492 4.9321 -0.552971 
v 2.0046 5.63826 -0.204812 
v 2.16064 5.64481 0.296804 
v 2.17933 5.49896 0.406875 
v 1.67639 5.71771 0.875926 
v 2.25931 4.93617 0.750391 
v 1.74037 4.9782 1.33991 
v 1.6121 5.30444 1.22392 
v 2.07727 4.78358 1.7797 
v 1.8131 5.48205 1.42263 
v 1.87627 4.60598 1.58099 
v 1.84764 5.83026 1.01865 
v 2.12356 5.49644 0.304108 
v 1.63143 5.94715 0.486553 
v 1.80445 5.94531 0.151444 
v 1.86366 5.48474 0.812961 
v 2.01765 5.63702 0.487701 
v 2.48645 5.22109 0.535715 
v 2.45897 5.22371 0.165764 
v 2.21785 5.24669 0.662791 
v 2.52594 4.93619 0.119225 
v 1.91315 5.63752 0.727338 
v 2.1999 5.64107 -0.0050212 
v 2.23919 4.93264 0.851583 
v -2.3043 3.19337 -0.6837 
v -2.385 3.39272 -0.177877 
v -2.61902 3.31346 -0.335096 
v -2.52657 3.42011 0.285258 
v -2.57455 3.30534 -0.487795 
v -2.30245 3.3738 -0.403906 
v -2.79867 3.35164 0.201369 
v -3.06095 3.93617 0.480043 
v -3.06095 3.93617 -0.237097 
v -2.77663 3.88319 -0.237097 
v -2.41836 4.0531 -0.752764 
v -2.71333 3.9132 -0.114241 
v -2.67949 4.11709 -0.859372 
v -2.97446 3.97719 -0.220849 
v -2.65911 4.12675 -0.834813 
v -2.18277 4.35266 -1.32097 
v -2.44295 4.04144 -0.662654 
v -2.31092 3.05419 -0.10502 
v -2.3636 3.15456 0.176649 
v -2.48377 3.05884 0.115729 
v -2.22152 3.02447 -0.00302431 
v -2.22152 3.02447 0.406776 
v -2.39532 2.91277 0.00315319 
v -2.19075 3.14991 -0.0636427 
v -1.9666 4.26736 -1.14881 
v -2.12006 3.25577 -0.559921 
v -2.77663 3.88319 0.480043 
v -2.56105 3.43184 0.00658736 
v -2.58819 3.3105 0.78592 
v -2.84655 3.36845 0.109743 
v -2.39646 3.39662 0.461511 
v -2.28493 3.18678 0.951728 
v -2.62233 3.31459 0.628885 
v -2.30269 3.37388 0.682764 
v -2.67949 4.11709 1.09622 
v -2.97446 3.97719 0.457696 
v -2.71333 3.9132 0.351088 
v -2.41836 4.0531 0.989611 
v -2.18277 4.35266 1.55782 
v -2.65911 4.12675 1.07166 
v -2.44295 4.04144 0.8995 
v -2.39532 2.91277 0.412953 
v -2.3636 3.15456 0.223617 
v -2.31092 3.05419 0.505286 
v -2.48377 3.05884 0.284537 
v -2.19075 3.14991 0.463909 
v -2.1071 3.25136 0.819954 
v -1.96661 4.26736 1.38566 
v -2.73278 4.50777 -0.292016 
v -2.73278 4.50777 0.535715 
v -3.02044 4.67712 0.535715 
v -2.27718 4.55121 -0.887204 
v -2.65228 4.51545 -0.150214 
v -2.53535 4.72336 -1.01025 
v -3.02044 4.67712 -0.292016 
v -2.91045 4.6876 -0.273262 
v -2.07133 4.9321 -0.552971 
v -2.58871 5.07958 0.102596 
v -2.34095 5.07231 -0.64383 
v -2.3191 4.93936 0.193455 
v -2.50944 4.72583 -0.981906 
v -1.90369 4.78358 -1.54304 
v -2.30844 4.54823 -0.783198 
v -1.70269 4.60598 -1.34433 
v -1.59895 4.97514 -1.06713 
v -2.08609 4.93614 -0.450878 
v -1.82573 5.1172 -1.23741 
v -2.31287 5.0782 -0.621159 
v -1.69007 5.48474 -0.575576 
v -2.10989 5.63903 -0.151681 
v -1.84999 5.62732 -0.660534 
v -1.94997 5.49644 -0.0667226 
v -2.1861 5.64246 0.406875 
v -2.1861 5.64246 -0.164629 
v -2.00574 5.49896 -0.164629 
v -2.53535 4.72336 1.24691 
v -2.91045 4.6876 0.509921 
v -2.65228 4.51545 0.386873 
v -2.27718 4.55121 1.12386 
v -2.30844 4.54823 1.01986 
v -1.90369 4.78358 1.7797 
v -2.50944 4.72583 1.21856 
v -2.0656 4.93264 0.851583 
v -2.62938 5.07722 0.230441 
v -2.35236 4.93619 0.119225 
v -2.34262 5.07367 0.9628 
v -2.00574 5.49896 0.406875 
v -1.7843 5.12115 1.52119 
v -2.08572 4.93617 0.750391 
v -1.56678 4.9782 1.33991 
v -1.70269 4.60598 1.58099 
v -2.30323 5.07912 0.931671 
v -1.69007 5.48474 0.812961 
v -2.10989 5.63903 0.389066 
v -1.94997 5.49644 0.304108 
v -1.84999 5.62732 0.897919 
v 2.25931 4.93617 0.750391 
v 1.95788 5.12115 1.52119 
v 1.74037 4.9782 1.33991 
v 2.53719 3.15456 0.176649 
v 2.4845 3.05419 -0.10502 
v 2.65735 3.05884 0.115729 
v 2.56891 2.91277 0.00315319 
v 2.3951 3.02447 0.406776 
v 2.3951 3.02447 -0.00302431 
v 2.36434 3.14991 -0.0636427 
v 2.61653 4.04144 -0.662654 
v 2.35636 4.35266 -1.32097 
v 2.8327 4.12675 -0.834813 
v 2.47789 3.19337 -0.6837 
v 2.55859 3.39272 -0.177877 
v 2.29364 3.25577 -0.559921 
v 2.7926 3.31346 -0.335096 
v 2.74814 3.30534 -0.487795 
v 2.70016 3.42011 0.285258 
v 2.47604 3.3738 -0.403906 
v 2.97226 3.35164 0.201369 
v 3.23453 3.93617 0.480043 
v 2.95021 3.88319 -0.237097 
v 3.23453 3.93617 -0.237097 
v 2.85307 4.11709 -0.859372 
v 2.88692 3.9132 -0.114241 
v 2.59195 4.0531 -0.752764 
v 3.14804 3.97719 -0.220849 
v 2.95021 3.88319 0.480043 
v 2.56891 2.91277 0.412953 
v 2.4845 3.05419 0.505286 
v 2.53719 3.15456 0.223617 
v 2.65735 3.05884 0.284537 
v 2.36434 3.14991 0.463909 
v 2.57004 3.39662 0.461511 
v 2.45852 3.18678 0.951728 
v 2.28068 3.25136 0.819954 
v 2.61653 4.04144 0.8995 
v 2.35636 4.35266 1.55782 
v 2.14019 4.26736 1.38566 
v 2.8327 4.12675 1.07166 
v 2.76178 3.3105 0.78592 
v 2.73463 3.43184 0.00658736 
v 3.02013 3.36845 0.109743 
v 2.79592 3.31459 0.628885 
v 2.47627 3.37388 0.682764 
v 2.85307 4.11709 1.09622 
v 2.88692 3.9132 0.351088 
v 3.14804 3.97719 0.457696 
v 2.59195 4.0531 0.989611 
v 2.14019 4.26736 -1.14881 
v 2.48202 4.54823 -0.783198 
v 1.87627 4.60598 -1.34433 
v 2.07727 4.78358 -1.54304 
v 2.25968 4.93614 -0.450878 
v 1.77253 4.97514 -1.06713 
v 1.99931 5.1172 -1.23741 
v 2.48646 5.0782 -0.621159 
v 2.28347 5.63903 -0.151681 
v 1.86366 5.48474 -0.575576 
v 2.02357 5.62732 -0.660534 
v 2.12356 5.49644 -0.0667226 
v 2.68303 4.72583 -0.981906 
v 2.70893 4.72336 -1.01025 
v 2.82587 4.51545 -0.150214 
v 2.45076 4.55121 -0.887204 
v 3.19403 4.67712 0.535715 
v 2.90636 4.50777 -0.292016 
v 3.19403 4.67712 -0.292016 
v 3.08404 4.6876 -0.273262 
v 2.7623 5.07958 0.102596 
v 2.24492 4.9321 -0.552971 
v 2.51453 5.07231 -0.64383 
v 2.49268 4.93936 0.193455 
v 2.35968 5.64246 -0.164629 
v 2.35968 5.64246 0.406875 
v 2.17933 5.49896 -0.164629 
v 2.47682 5.07912 0.931671 
v 2.48202 4.54823 1.01986 
v 2.07727 4.78358 1.7797 
v 1.87627 4.60598 1.58099 
v 2.28347 5.63903 0.389066 
v 1.86366 5.48474 0.812961 
v 2.12356 5.49644 0.304108 
v 2.17933 5.49896 0.406875 
v 2.02357 5.62732 0.897919 
v 2.68303 4.72583 1.21856 
v 2.90636 4.50777 0.535715 
v 2.82587 4.51545 0.386873 
v 2.70893 4.72336 1.24691 
v 2.45076 4.55121 1.12386 
v 3.08404 4.6876 0.509921 
v 2.80296 5.07722 0.230441 
v 2.23919 4.93264 0.851583 
v 2.52594 4.93619 0.119225 
v 2.5162 5.07367 0.9628 
v -2.57455 3.30534 -0.487795 
v -2.69889 4.21724 -0.583215 
v -2.45077 4.15417 -0.499326 
v -2.30245 3.3738 -0.403906 
v -2.91816 4.71437 -0.237097 
v -2.77663 3.88319 -0.237097 
v -3.06095 3.93617 -0.237097 
v -2.67949 4.11709 -0.859372 
v -2.3306 4.72588 -0.561197 
v -2.41836 4.0531 -0.752764 
v -2.63323 4.66528 -0.237097 
v -2.31092 3.05419 -0.10502 
v -2.51337 3.38906 -0.358615 
v -2.34412 3.39971 -0.297695 
v -2.23522 4.39203 -1.13126 
v -2.12006 3.25577 -0.559921 
v -2.3043 3.19337 -0.6837 
v -2.19075 3.14991 -0.0636427 
v -2.02392 4.30661 -0.974038 
v -1.9666 4.26736 -1.14881 
v -2.18277 4.35266 -1.32097 
v -1.99447 4.80671 -1.35406 
v -2.39532 2.91277 0.00315319 
v -2.52808 3.42745 -0.00302421 
v -2.22152 3.02447 -0.00302431 
v -2.84655 3.36845 0.109743 
v -2.70946 4.14267 0.121302 
v -2.56105 3.43184 0.00658736 
v -2.46457 4.15358 0.704049 
v -2.62233 3.31459 0.628885 
v -2.6691 4.19815 0.871422 
v -2.98147 4.23583 0.224458 
v -2.97446 3.97719 0.457696 
v -2.87532 4.72295 0.266129 
v -2.61257 4.66942 0.15952 
v -2.71333 3.9132 0.351088 
v -2.51687 3.40144 0.333086 
v -2.48377 3.05884 0.284537 
v -2.66819 3.38288 0.394005 
v -2.73215 3.39783 0.00315331 
v -2.3636 3.15456 0.223617 
v -2.39646 3.39662 0.461511 
v -2.43132 4.70571 0.590142 
v -2.44295 4.04144 0.8995 
v -2.65911 4.12675 1.07166 
v -2.6511 4.76785 0.762301 
v -2.59336 4.77941 -0.667805 
v -3.02044 4.67712 -0.292016 
v -2.31287 5.22109 -0.292016 
v -2.73278 4.50777 -0.292016 
v -2.53535 4.72336 -1.01025 
v -1.91028 5.25947 -0.666095 
v -2.27718 4.55121 -0.887204 
v -2.16845 5.43162 -0.789143 
v -2.60054 5.39043 -0.292016 
v -2.34095 5.07231 -0.64383 
v -1.73929 5.63755 -0.449622 
v -2.07133 4.9321 -0.552971 
v -1.7747 4.74457 -1.12973 
v -2.00891 5.77776 -0.540481 
v -1.84999 5.62732 -0.660534 
v -1.45785 5.94715 -0.249168 
v -1.69007 5.48474 -0.575576 
v -1.61776 6.08973 -0.306872 
v -2.1861 5.64246 -0.164629 
v -1.64991 5.94617 -0.164629 
v -2.00574 5.49896 -0.164629 
v -2.28538 5.22371 0.165764 
v -2.91045 4.6876 0.509921 
v -2.54355 5.39586 0.288812 
v -2.65228 4.51545 0.386873 
v -2.02632 5.64107 -0.0050212 
v -2.35236 4.93619 0.119225 
v -2.62938 5.07722 0.230441 
v -2.30334 5.7821 0.106195 
v -1.84406 5.63702 0.487701 
v -2.08572 4.93617 0.750391 
v -2.30323 5.07912 0.931671 
v -2.10989 5.63903 0.389066 
v -1.63086 5.94531 0.151444 
v -1.94997 5.49644 0.304108 
v -2.06158 5.77997 0.668982 
v -1.79078 6.08789 0.236402 
v -1.83026 6.08967 -0.164629 
v 2.02357 5.62732 -0.660534 
v 1.63143 5.94715 -0.249168 
v 1.79135 6.08973 -0.306872 
v 2.5177 3.39971 -0.297695 
v 2.4845 3.05419 -0.10502 
v 2.36434 3.14991 -0.0636427 
v 2.70167 3.42745 -0.00302421 
v 2.56891 2.91277 0.00315319 
v 2.3951 3.02447 -0.00302431 
v 2.68695 3.38906 -0.358615 
v 2.40881 4.39203 -1.13126 
v 2.29364 3.25577 -0.559921 
v 2.1975 4.30661 -0.974038 
v 2.47789 3.19337 -0.6837 
v 2.62436 4.15417 -0.499326 
v 2.74814 3.30534 -0.487795 
v 2.47604 3.3738 -0.403906 
v 2.87248 4.21724 -0.583215 
v 2.95021 3.88319 -0.237097 
v 3.09174 4.71437 -0.237097 
v 3.23453 3.93617 -0.237097 
v 2.50419 4.72588 -0.561197 
v 2.85307 4.11709 -0.859372 
v 2.59195 4.0531 -0.752764 
v 2.80682 4.66528 -0.237097 
v 2.90573 3.39783 0.00315331 
v 2.69045 3.40144 0.333086 
v 2.65735 3.05884 0.284537 
v 2.53719 3.15456 0.223617 
v 2.84177 3.38288 0.394005 
v 2.63815 4.15358 0.704049 
v 2.79592 3.31459 0.628885 
v 2.57004 3.39662 0.461511 
v 2.61653 4.04144 0.8995 
v 2.60491 4.70571 0.590142 
v 2.8327 4.12675 1.07166 
v 2.84268 4.19815 0.871422 
v 2.88304 4.14267 0.121302 
v 3.02013 3.36845 0.109743 
v 2.73463 3.43184 0.00658736 
v 3.15506 4.23583 0.224458 
v 2.78615 4.66942 0.15952 
v 3.14804 3.97719 0.457696 
v 2.88692 3.9132 0.351088 
v 3.04891 4.72295 0.266129 
v 2.14019 4.26736 -1.14881 
v 2.16806 4.80671 -1.35406 
v 2.35636 4.35266 -1.32097 
v 1.94828 4.74457 -1.12973 
v 1.91288 5.63755 -0.449622 
v 2.51453 5.07231 -0.64383 
v 2.24492 4.9321 -0.552971 
v 2.18249 5.77776 -0.540481 
v 1.86366 5.48474 -0.575576 
v 2.17933 5.49896 -0.164629 
v 1.82349 5.94617 -0.164629 
v 2.35968 5.64246 -0.164629 
v 2.70893 4.72336 -1.01025 
v 2.08386 5.25947 -0.666095 
v 2.34203 5.43162 -0.789143 
v 2.76694 4.77941 -0.667805 
v 2.90636 4.50777 -0.292016 
v 2.48645 5.22109 -0.292016 
v 3.19403 4.67712 -0.292016 
v 2.45076 4.55121 -0.887204 
v 2.77412 5.39043 -0.292016 
v 2.00384 6.08967 -0.164629 
v 2.23516 5.77997 0.668982 
v 2.47682 5.07912 0.931671 
v 2.01765 5.63702 0.487701 
v 2.25931 4.93617 0.750391 
v 2.12356 5.49644 0.304108 
v 1.80445 5.94531 0.151444 
v 2.28347 5.63903 0.389066 
v 1.96436 6.08789 0.236402 
v 2.47692 5.7821 0.106195 
v 2.80296 5.07722 0.230441 
v 2.1999 5.64107 -0.0050212 
v 2.82587 4.51545 0.386873 
v 2.45897 5.22371 0.165764 
v 3.08404 4.6876 0.509921 
v 2.82469 4.76785 0.762301 
v 2.71714 5.39586 0.288812 
v 2.52594 4.93619 0.119225 

vn 0.929134 0.228346 0.299213 
vn 0.929134 0.228346 0.299213 
vn 0.929134 0.228346 0.299213 
vn 0.984252 -0.181102 0 
vn 0.984252 -0.181102 0 
vn 0.984252 -0.181102 0 
vn 0.929134 0.228346 0.299213 
vn 0.897638 -0.220472 0.370079 
vn 0.897638 -0.220472 0.370079 
vn 0.897638 -0.220472 0.370079 
vn 0.897638 -0.220472 0.370079 
vn 0.858268 -0.503937 0 
vn 0.858268 -0.503937 0 
vn 0.858268 -0.503937 0 
vn 0.653543 0.661417 0.370079 
vn 0.653543 0.661417 0.370079 
vn 0.653543 0.661417 0.370079 
vn 0.787402 0.19685 0.582677 
vn 0.787402 0.19685 0.582677 
vn 0.787402 0.19685 0.582677 
vn 0.787402 0.19685 0.582677 
vn 0.795276 0.606299 0 
vn 0.795276 0.606299 0 
vn 0.795276 0.606299 0 
vn 0.740157 -0.307087 0.598425 
vn 0.740157 -0.307087 0.598425 
vn 0.740157 -0.307087 0.598425 
vn 0.740157 -0.307087 0.598425 
vn 0.771654 -0.519685 0.370079 
vn 0.771654 -0.519685 0.370079 
vn 0.771654 -0.519685 0.370079 
vn 0.984252 -0.181102 0 
vn 0.795276 0.606299 0 
vn 0.913386 0.228346 -0.346457 
vn 0.913386 0.228346 -0.346457 
vn 0.913386 0.228346 -0.346457 
vn 0.653543 0.661417 -0.370079 
vn 0.653543 0.661417 -0.370079 
vn 0.653543 0.661417 -0.370079 
vn 0.913386 0.228346 -0.346457 
vn 0.897638 -0.220472 -0.370079 
vn 0.897638 -0.220472 -0.370079 
vn 0.897638 -0.220472 -0.370079 
vn 0.897638 -0.220472 -0.370079 
vn 0.748031 0.212598 -0.629921 
vn 0.748031 0.212598 -0.629921 
vn 0.748031 0.212598 -0.629921 
vn 0.748031 0.212598 -0.629921 
vn 0.740157 -0.307087 -0.598425 
vn 0.740157 -0.307087 -0.598425 
vn 0.740157 -0.307087 -0.598425 
vn 0.740157 -0.307087 -0.598425 
vn 0.771654 -0.519685 -0.370079 
vn 0.771654 -0.519685 -0.370079 
vn 0.771654 -0.519685 -0.370079 
vn 0.598425 -0.535433 -0.598425 
vn 0.598425 -0.535433 -0.598425 
vn 0.598425 -0.535433 -0.598425 
vn 0.598425 -0.535433 0.598425 
vn 0.598425 -0.535433 0.598425 
vn 0.598425 -0.535433 0.598425 
vn 0.598425 -0.535433 0.598425 
vn 0.850394 -0.440945 0.283465 
vn 0.850394 -0.440945 0.283465 
vn 0.850394 -0.440945 0.283465 
vn 0.771654 -0.519685 0.370079 
vn 0.850394 -0.440945 0.283465 
vn 0.740157 -0.425197 0.527559 
vn 0.740157 -0.425197 0.527559 
vn 0.740157 -0.425197 0.527559 
vn 0.779528 -0.622047 0 
vn 0.779528 -0.622047 0 
vn 0.779528 -0.622047 0 
vn 0.740157 -0.425197 0.527559 
vn 0.732283 0.0708661 -0.677165 
vn 0.732283 0.0708661 -0.677165 
vn 0.732283 0.0708661 -0.677165 
vn 0.732283 0.0708661 -0.677165 
vn 0.692913 0.314961 -0.653543 
vn 0.692913 0.314961 -0.653543 
vn 0.692913 0.314961 -0.653543 
vn 0.700787 -0.614173 0.362205 
vn 0.700787 -0.614173 0.362205 
vn 0.700787 -0.614173 0.362205 
vn 0.700787 -0.614173 0.362205 
vn 0.779528 -0.622047 0 
vn 0.858268 -0.503937 0 
vn 0.771654 -0.519685 -0.370079 
vn 0.598425 -0.535433 -0.598425 
vn 0.834646 -0.440945 -0.330709 
vn 0.834646 -0.440945 -0.330709 
vn 0.834646 -0.440945 -0.330709 
vn 0.834646 -0.440945 -0.330709 
vn 0.700787 -0.433071 -0.566929 
vn 0.700787 -0.433071 -0.566929 
vn 0.700787 -0.433071 -0.566929 
vn 0.700787 -0.433071 -0.566929 
vn 0.732283 0.0708661 0.677165 
vn 0.732283 0.0708661 0.677165 
vn 0.732283 0.0708661 0.677165 
vn 0.732283 0.0708661 0.677165 
vn 0.724409 0.322835 0.614173 
vn 0.724409 0.322835 0.614173 
vn 0.724409 0.322835 0.614173 
vn 0.700787 -0.614173 -0.362205 
vn 0.700787 -0.614173 -0.362205 
vn 0.700787 -0.614173 -0.362205 
vn 0.700787 -0.614173 -0.362205 
vn 0.692913 0.314961 -0.653543 
vn 0.748031 -0.19685 -0.629921 
vn 0.748031 -0.19685 -0.629921 
vn 0.748031 -0.19685 -0.629921 
vn 0.685039 -0.614173 -0.385827 
vn 0.685039 -0.614173 -0.385827 
vn 0.685039 -0.614173 -0.385827 
vn 0.685039 -0.614173 -0.385827 
vn 0.755906 0.283465 -0.590551 
vn 0.755906 0.283465 -0.590551 
vn 0.755906 0.283465 -0.590551 
vn 0.755906 0.283465 -0.590551 
vn 0.732283 -0.0708661 0.677165 
vn 0.732283 -0.0708661 0.677165 
vn 0.732283 -0.0708661 0.677165 
vn 0.748031 -0.19685 -0.629921 
vn 0.937008 -0.173228 -0.307087 
vn 0.937008 -0.173228 -0.307087 
vn 0.937008 -0.173228 -0.307087 
vn 0.937008 -0.173228 -0.307087 
vn 0.818898 -0.566929 0 
vn 0.818898 -0.566929 0 
vn 0.818898 -0.566929 0 
vn 0.897638 0.220472 -0.370079 
vn 0.897638 0.220472 -0.370079 
vn 0.897638 0.220472 -0.370079 
vn 0.897638 0.220472 -0.370079 
vn 0.984252 0.181102 0 
vn 0.984252 0.181102 0 
vn 0.984252 0.181102 0 
vn 0.984252 0.181102 0 
vn 0.685039 -0.614173 0.385827 
vn 0.685039 -0.614173 0.385827 
vn 0.685039 -0.614173 0.385827 
vn 0.685039 -0.614173 0.385827 
vn 0.708661 -0.212598 0.669291 
vn 0.708661 -0.212598 0.669291 
vn 0.708661 -0.212598 0.669291 
vn 0.755906 0.283465 0.590551 
vn 0.755906 0.283465 0.590551 
vn 0.755906 0.283465 0.590551 
vn 0.732283 -0.0708661 -0.677165 
vn 0.732283 -0.0708661 -0.677165 
vn 0.732283 -0.0708661 -0.677165 
vn 0.755906 0.283465 0.590551 
vn 0.818898 -0.566929 0 
vn 0.92126 -0.173228 0.354331 
vn 0.92126 -0.173228 0.354331 
vn 0.92126 -0.173228 0.354331 
vn 0.708661 -0.212598 0.669291 
vn 0.92126 -0.173228 0.354331 
vn 0.897638 0.220472 0.370079 
vn 0.897638 0.220472 0.370079 
vn 0.897638 0.220472 0.370079 
vn 0.897638 0.220472 0.370079 
vn 0.858268 0.503937 0 
vn 0.858268 0.503937 0 
vn 0.858268 0.503937 0 
vn 0.598425 0.535433 -0.598425 
vn 0.598425 0.535433 -0.598425 
vn 0.598425 0.535433 -0.598425 
vn 0.598425 0.535433 -0.598425 
vn 0.692913 0.472441 -0.551181 
vn 0.692913 0.472441 -0.551181 
vn 0.692913 0.472441 -0.551181 
vn 0.692913 0.472441 -0.551181 
vn 0.685039 0.622047 -0.370079 
vn 0.685039 0.622047 -0.370079 
vn 0.685039 0.622047 -0.370079 
vn 0.685039 0.622047 -0.370079 
vn 0.732283 -0.0708661 0.677165 
vn 0.771654 0.519685 -0.370079 
vn 0.771654 0.519685 -0.370079 
vn 0.771654 0.519685 -0.370079 
vn 0.858268 0.503937 0 
vn 0.771654 0.519685 -0.370079 
vn 0.850394 0.440945 -0.283465 
vn 0.850394 0.440945 -0.283465 
vn 0.850394 0.440945 -0.283465 
vn 0.850394 0.440945 -0.283465 
vn 0.779528 0.622047 0 
vn 0.779528 0.622047 0 
vn 0.779528 0.622047 0 
vn 0.653543 0.480315 0.582677 
vn 0.653543 0.480315 0.582677 
vn 0.653543 0.480315 0.582677 
vn 0.724409 0.322835 0.614173 
vn 0.598425 0.535433 0.598425 
vn 0.598425 0.535433 0.598425 
vn 0.598425 0.535433 0.598425 
vn 0.685039 0.622047 0.370079 
vn 0.685039 0.622047 0.370079 
vn 0.685039 0.622047 0.370079 
vn 0.779528 0.622047 0 
vn 0.685039 0.622047 0.370079 
vn 0.598425 0.535433 0.598425 
vn 0.732283 -0.0708661 -0.677165 
vn 0.771654 0.519685 0.370079 
vn 0.771654 0.519685 0.370079 
vn 0.771654 0.519685 0.370079 
vn 0.771654 0.519685 0.370079 
vn 0.834646 0.440945 0.330709 
vn 0.834646 0.440945 0.330709 
vn 0.834646 0.440945 0.330709 
vn 0.834646 0.440945 0.330709 
vn 0.244094 0.96063 0.102362 
vn 0.244094 0.96063 0.102362 
vn 0.244094 0.96063 0.102362 
vn -0.0787402 1 -0.0314961 
vn -0.0787402 1 -0.0314961 
vn -0.0787402 1 -0.0314961 
vn -0.141732 0.992126 0 
vn -0.141732 0.992126 0 
vn -0.141732 0.992126 0 
vn 0.244094 0.96063 0.102362 
vn 0.141732 0.976378 0.149606 
vn 0.141732 0.976378 0.149606 
vn 0.141732 0.976378 0.149606 
vn 0.173228 0.984252 0 
vn 0.173228 0.984252 0 
vn 0.173228 0.984252 0 
vn 0.141732 0.976378 0.149606 
vn -0.0787402 1 -0.0314961 
vn 0.653543 0.661417 0.370079 
vn 0.653543 0.661417 0.370079 
vn 0.653543 0.661417 0.370079 
vn 0.0551181 0.944882 0.322835 
vn 0.0551181 0.944882 0.322835 
vn 0.0551181 0.944882 0.322835 
vn 0.0551181 0.944882 0.322835 
vn 0.133858 0.976378 0.15748 
vn 0.133858 0.976378 0.15748 
vn 0.133858 0.976378 0.15748 
vn 0.173228 0.984252 0 
vn -0.141732 0.992126 0 
vn -0.0787402 1 0.0314961 
vn -0.0787402 1 0.0314961 
vn -0.0787402 1 0.0314961 
vn 0.251969 0.96063 -0.0944882 
vn 0.251969 0.96063 -0.0944882 
vn 0.251969 0.96063 -0.0944882 
vn 0.251969 0.96063 -0.0944882 
vn 0.141732 0.976378 -0.149606 
vn 0.141732 0.976378 -0.149606 
vn 0.141732 0.976378 -0.149606 
vn 0.141732 0.976378 -0.149606 
vn -0.0787402 1 0.0314961 
vn 0.653543 0.661417 -0.370079 
vn 0.653543 0.661417 -0.370079 
vn 0.653543 0.661417 -0.370079 
vn 0.0314961 0.952756 -0.307087 
vn 0.0314961 0.952756 -0.307087 
vn 0.0314961 0.952756 -0.307087 
vn 0.0314961 0.952756 -0.307087 
vn 0.133858 0.976378 -0.15748 
vn 0.133858 0.976378 -0.15748 
vn 0.133858 0.976378 -0.15748 
vn 0.133858 0.976378 -0.15748 
vn 0.133858 0.976378 0.15748 
vn 0.440945 0.858268 0.267717 
vn 0.440945 0.858268 0.267717 
vn 0.440945 0.858268 0.267717 
vn 0.440945 0.858268 0.267717 
vn 0.503937 0.858268 0 
vn 0.503937 0.858268 0 
vn 0.503937 0.858268 0 
vn 0.314961 0.84252 0.433071 
vn 0.314961 0.84252 0.433071 
vn 0.314961 0.84252 0.433071 
vn 0.425197 0.897638 0.133858 
vn 0.425197 0.897638 0.133858 
vn 0.425197 0.897638 0.133858 
vn 0.425197 0.897638 0.133858 
vn 0.275591 0.889764 0.377953 
vn 0.275591 0.889764 0.377953 
vn 0.275591 0.889764 0.377953 
vn 0.314961 0.84252 0.433071 
vn 0.275591 0.889764 0.377953 
vn 0.622047 0.779528 0 
vn 0.622047 0.779528 0 
vn 0.622047 0.779528 0 
vn 0.559055 0.771654 0.307087 
vn 0.559055 0.771654 0.307087 
vn 0.559055 0.771654 0.307087 
vn 0.559055 0.771654 0.307087 
vn 0.622047 0.779528 0 
vn 0.503937 0.858268 0 
vn 0.440945 0.858268 -0.267717 
vn 0.440945 0.858268 -0.267717 
vn 0.440945 0.858268 -0.267717 
vn 0.440945 0.858268 -0.267717 
vn 0.401575 0.905512 -0.149606 
vn 0.401575 0.905512 -0.149606 
vn 0.401575 0.905512 -0.149606 
vn 0.401575 0.905512 -0.149606 
vn 0.314961 0.84252 -0.433071 
vn 0.314961 0.84252 -0.433071 
vn 0.314961 0.84252 -0.433071 
vn 0.244094 0.88189 -0.401575 
vn 0.244094 0.88189 -0.401575 
vn 0.244094 0.88189 -0.401575 
vn 0.314961 0.84252 -0.433071 
vn 0.244094 0.88189 -0.401575 
vn 0.559055 0.771654 -0.307087 
vn 0.559055 0.771654 -0.307087 
vn 0.559055 0.771654 -0.307087 
vn 0.559055 0.771654 -0.307087 
vn -0.559055 0.771654 0.307087 
vn -0.559055 0.771654 0.307087 
vn -0.559055 0.771654 0.307087 
vn -0.0551181 0.944882 0.322835 
vn -0.0551181 0.944882 0.322835 
vn -0.0551181 0.944882 0.322835 
vn 0.0787402 1 -0.0314961 
vn 0.0787402 1 -0.0314961 
vn 0.0787402 1 -0.0314961 
vn -0.653543 0.661417 0.370079 
vn -0.653543 0.661417 0.370079 
vn -0.653543 0.661417 0.370079 
vn -0.0551181 0.944882 0.322835 
vn -0.133858 0.976378 0.15748 
vn -0.133858 0.976378 0.15748 
vn -0.133858 0.976378 0.15748 
vn -0.141732 0.976378 0.149606 
vn -0.141732 0.976378 0.149606 
vn -0.141732 0.976378 0.149606 
vn 0.0787402 1 -0.0314961 
vn -0.244094 0.96063 0.102362 
vn -0.244094 0.96063 0.102362 
vn -0.244094 0.96063 0.102362 
vn 0.141732 0.992126 0 
vn 0.141732 0.992126 0 
vn 0.141732 0.992126 0 
vn -0.244094 0.96063 0.102362 
vn -0.141732 0.976378 0.149606 
vn -0.173228 0.984252 0 
vn -0.173228 0.984252 0 
vn -0.173228 0.984252 0 
vn -0.173228 0.984252 0 
vn -0.653543 0.661417 -0.370079 
vn -0.653543 0.661417 -0.370079 
vn -0.653543 0.661417 -0.370079 
vn 0.0787402 1 0.0314961 
vn 0.0787402 1 0.0314961 
vn 0.0787402 1 0.0314961 
vn -0.0314961 0.952756 -0.307087 
vn -0.0314961 0.952756 -0.307087 
vn -0.0314961 0.952756 -0.307087 
vn -0.133858 0.976378 -0.15748 
vn -0.133858 0.976378 -0.15748 
vn -0.133858 0.976378 -0.15748 
vn -0.0314961 0.952756 -0.307087 
vn -0.141732 0.976378 -0.149606 
vn -0.141732 0.976378 -0.149606 
vn -0.141732 0.976378 -0.149606 
vn 0.141732 0.992126 0 
vn 0.0787402 1 0.0314961 
vn -0.251969 0.96063 -0.0944882 
vn -0.251969 0.96063 -0.0944882 
vn -0.251969 0.96063 -0.0944882 
vn -0.251969 0.96063 -0.0944882 
vn -0.141732 0.976378 -0.149606 
vn -0.133858 0.976378 -0.15748 
vn -0.322835 0.84252 0.433071 
vn -0.322835 0.84252 0.433071 
vn -0.322835 0.84252 0.433071 
vn -0.322835 0.84252 0.433071 
vn -0.275591 0.889764 0.377953 
vn -0.275591 0.889764 0.377953 
vn -0.275591 0.889764 0.377953 
vn -0.275591 0.889764 0.377953 
vn -0.559055 0.771654 0.307087 
vn -0.622047 0.779528 0 
vn -0.622047 0.779528 0 
vn -0.622047 0.779528 0 
vn -0.425197 0.897638 0.133858 
vn -0.425197 0.897638 0.133858 
vn -0.425197 0.897638 0.133858 
vn -0.133858 0.976378 0.15748 
vn -0.503937 0.858268 0 
vn -0.503937 0.858268 0 
vn -0.503937 0.858268 0 
vn -0.440945 0.858268 0.267717 
vn -0.440945 0.858268 0.267717 
vn -0.440945 0.858268 0.267717 
vn -0.425197 0.897638 0.133858 
vn -0.440945 0.858268 0.267717 
vn -0.622047 0.779528 0 
vn -0.244094 0.88189 -0.401575 
vn -0.244094 0.88189 -0.401575 
vn -0.244094 0.88189 -0.401575 
vn -0.322835 0.84252 -0.433071 
vn -0.322835 0.84252 -0.433071 
vn -0.322835 0.84252 -0.433071 
vn -0.244094 0.88189 -0.401575 
vn -0.559055 0.771654 -0.307087 
vn -0.559055 0.771654 -0.307087 
vn -0.559055 0.771654 -0.307087 
vn -0.559055 0.771654 -0.307087 
vn -0.322835 0.84252 -0.433071 
vn -0.503937 0.858268 0 
vn -0.440945 0.858268 -0.267717 
vn -0.440945 0.858268 -0.267717 
vn -0.440945 0.858268 -0.267717 
vn -0.440945 0.858268 -0.267717 
vn -0.401575 0.905512 -0.149606 
vn -0.401575 0.905512 -0.149606 
vn -0.401575 0.905512 -0.149606 
vn -0.401575 0.905512 -0.149606 
vn -0.574803 0.173228 0.80315 
vn -0.574803 0.173228 0.80315 
vn -0.574803 0.173228 0.80315 
vn -0.299213 0.0629921 0.952756 
vn -0.299213 0.0629921 0.952756 
vn -0.299213 0.0629921 0.952756 
vn -0.299213 0.0629921 0.952756 
vn -0.401575 -0.173228 0.897638 
vn -0.401575 -0.173228 0.897638 
vn -0.401575 -0.173228 0.897638 
vn -0.401575 -0.173228 0.897638 
vn -0.440945 0.0866142 0.897638 
vn -0.440945 0.0866142 0.897638 
vn -0.440945 0.0866142 0.897638 
vn -0.440945 0.0866142 0.897638 
vn 0.023622 0.015748 1 
vn 0.023622 0.015748 1 
vn 0.023622 0.015748 1 
vn -0.574803 0.173228 0.80315 
vn -0.653543 -0.314961 0.692913 
vn -0.653543 -0.314961 0.692913 
vn -0.653543 -0.314961 0.692913 
vn 0.023622 0.015748 1 
vn 0.354331 -0.0708661 0.937008 
vn 0.354331 -0.0708661 0.937008 
vn 0.354331 -0.0708661 0.937008 
vn 0.354331 -0.0708661 0.937008 
vn 0 0 1 
vn 0 0 1 
vn 0 0 1 
vn 0 0 1 
vn 0.409449 0.204724 0.889764 
vn 0.409449 0.204724 0.889764 
vn 0.409449 0.204724 0.889764 
vn 0.433071 -0.409449 0.80315 
vn 0.433071 -0.409449 0.80315 
vn 0.433071 -0.409449 0.80315 
vn 0.433071 -0.409449 0.80315 
vn 0.566929 -0.346457 0.748031 
vn 0.566929 -0.346457 0.748031 
vn 0.566929 -0.346457 0.748031 
vn 0.566929 -0.346457 0.748031 
vn 0.598425 -0.259843 0.755906 
vn 0.598425 -0.259843 0.755906 
vn 0.598425 -0.259843 0.755906 
vn -0.653543 -0.314961 0.692913 
vn -0.456693 -0.0393701 0.889764 
vn -0.456693 -0.0393701 0.889764 
vn -0.456693 -0.0393701 0.889764 
vn -0.456693 -0.0393701 0.889764 
vn -0.622047 -0.0472441 0.779528 
vn -0.622047 -0.0472441 0.779528 
vn -0.622047 -0.0472441 0.779528 
vn -0.314961 0.00787402 0.952756 
vn -0.314961 0.00787402 0.952756 
vn -0.314961 0.00787402 0.952756 
vn -0.314961 0.00787402 0.952756 
vn -0.622047 -0.0472441 0.779528 
vn -0.456693 0.023622 0.889764 
vn -0.456693 0.023622 0.889764 
vn -0.456693 0.023622 0.889764 
vn 0 0 1 
vn 0 0 1 
vn 0 0 1 
vn -0.456693 0.023622 0.889764 
vn 0 0 1 
vn 0 0 1 
vn 0 0 1 
vn 0 0 1 
vn 0.409449 0.204724 0.889764 
vn 0.456693 0.0393701 0.889764 
vn 0.456693 0.0393701 0.889764 
vn 0.456693 0.0393701 0.889764 
vn 0 0 1 
vn 0.370079 -0.00787402 0.929134 
vn 0.370079 -0.00787402 0.929134 
vn 0.370079 -0.00787402 0.929134 
vn 0.456693 0.0393701 0.889764 
vn 0.370079 -0.00787402 0.929134 
vn -0.653543 0.480315 0.582677 
vn -0.653543 0.480315 0.582677 
vn -0.653543 0.480315 0.582677 
vn 0.598425 -0.259843 0.755906 
vn 0.582677 0.267717 0.76378 
vn 0.582677 0.267717 0.76378 
vn 0.582677 0.267717 0.76378 
vn 0.582677 0.267717 0.76378 
vn -0.582677 0.267717 0.76378 
vn -0.582677 0.267717 0.76378 
vn -0.582677 0.267717 0.76378 
vn 0.440945 0.0866142 0.897638 
vn 0.440945 0.0866142 0.897638 
vn 0.440945 0.0866142 0.897638 
vn -0.023622 0.015748 1 
vn -0.023622 0.015748 1 
vn -0.023622 0.015748 1 
vn 0.440945 0.0866142 0.897638 
vn 0.653543 -0.314961 0.692913 
vn 0.653543 -0.314961 0.692913 
vn 0.653543 -0.314961 0.692913 
vn 0.574803 0.173228 0.80315 
vn 0.574803 0.173228 0.80315 
vn 0.574803 0.173228 0.80315 
vn 0.574803 0.173228 0.80315 
vn 0.299213 0.0629921 0.952756 
vn 0.299213 0.0629921 0.952756 
vn 0.299213 0.0629921 0.952756 
vn 0.299213 0.0629921 0.952756 
vn 0.401575 -0.173228 0.897638 
vn 0.401575 -0.173228 0.897638 
vn 0.401575 -0.173228 0.897638 
vn 0.401575 -0.173228 0.897638 
vn -0.023622 0.015748 1 
vn -0.433071 -0.409449 0.80315 
vn -0.433071 -0.409449 0.80315 
vn -0.433071 -0.409449 0.80315 
vn -0.433071 -0.409449 0.80315 
vn -0.566929 -0.346457 0.748031 
vn -0.566929 -0.346457 0.748031 
vn -0.566929 -0.346457 0.748031 
vn -0.566929 -0.346457 0.748031 
vn -0.598425 -0.259843 0.755906 
vn -0.598425 -0.259843 0.755906 
vn -0.598425 -0.259843 0.755906 
vn -0.354331 -0.0708661 0.937008 
vn -0.354331 -0.0708661 0.937008 
vn -0.354331 -0.0708661 0.937008 
vn 0 0 1 
vn 0 0 1 
vn 0 0 1 
vn -0.354331 -0.0708661 0.937008 
vn -0.409449 0.204724 0.889764 
vn -0.409449 0.204724 0.889764 
vn -0.409449 0.204724 0.889764 
vn 0 0 1 
vn 0.653543 -0.314961 0.692913 
vn 0.622047 -0.0472441 0.779528 
vn 0.622047 -0.0472441 0.779528 
vn 0.622047 -0.0472441 0.779528 
vn 0.456693 0.023622 0.889764 
vn 0.456693 0.023622 0.889764 
vn 0.456693 0.023622 0.889764 
vn 0 0 1 
vn 0 0 1 
vn 0 0 1 
vn 0.456693 0.023622 0.889764 
vn 0 0 1 
vn 0.622047 -0.0472441 0.779528 
vn 0.456693 -0.0393701 0.889764 
vn 0.456693 -0.0393701 0.889764 
vn 0.456693 -0.0393701 0.889764 
vn 0.456693 -0.0393701 0.889764 
vn 0.314961 0.00787402 0.952756 
vn 0.314961 0.00787402 0.952756 
vn 0.314961 0.00787402 0.952756 
vn 0.314961 0.00787402 0.952756 
vn 0 0 1 
vn 0 0 1 
vn 0 0 1 
vn -0.370079 -0.00787402 0.929134 
vn -0.370079 -0.00787402 0.929134 
vn -0.370079 -0.00787402 0.929134 
vn -0.598425 -0.259843 0.755906 
vn 0.653543 0.480315 0.582677 
vn 0.653543 0.480315 0.582677 
vn 0.653543 0.480315 0.582677 
vn -0.582677 0.267717 0.76378 
vn -0.370079 -0.00787402 0.929134 
vn -0.409449 0.204724 0.889764 
vn -0.456693 0.0393701 0.889764 
vn -0.456693 0.0393701 0.889764 
vn -0.456693 0.0393701 0.889764 
vn 0 0 1 
vn -0.456693 0.0393701 0.889764 
vn -0.937008 -0.173228 -0.307087 
vn -0.937008 -0.173228 -0.307087 
vn -0.937008 -0.173228 -0.307087 
vn -0.937008 -0.173228 -0.307087 
vn -0.818898 -0.566929 0 
vn -0.818898 -0.566929 0 
vn -0.818898 -0.566929 0 
vn -0.897638 0.220472 -0.370079 
vn -0.897638 0.220472 -0.370079 
vn -0.897638 0.220472 -0.370079 
vn -0.897638 0.220472 -0.370079 
vn -0.984252 0.181102 0 
vn -0.984252 0.181102 0 
vn -0.984252 0.181102 0 
vn -0.748031 -0.19685 -0.629921 
vn -0.748031 -0.19685 -0.629921 
vn -0.748031 -0.19685 -0.629921 
vn -0.748031 -0.19685 -0.629921 
vn -0.685039 -0.614173 -0.385827 
vn -0.685039 -0.614173 -0.385827 
vn -0.685039 -0.614173 -0.385827 
vn -0.685039 -0.614173 -0.385827 
vn -0.755906 0.283465 -0.590551 
vn -0.755906 0.283465 -0.590551 
vn -0.755906 0.283465 -0.590551 
vn -0.755906 0.283465 -0.590551 
vn -0.732283 -0.0708661 0.677165 
vn -0.732283 -0.0708661 0.677165 
vn -0.732283 -0.0708661 0.677165 
vn -0.984252 0.181102 0 
vn -0.818898 -0.566929 0 
vn -0.92126 -0.173228 0.354331 
vn -0.92126 -0.173228 0.354331 
vn -0.92126 -0.173228 0.354331 
vn -0.708661 -0.212598 0.669291 
vn -0.708661 -0.212598 0.669291 
vn -0.708661 -0.212598 0.669291 
vn -0.92126 -0.173228 0.354331 
vn -0.897638 0.220472 0.370079 
vn -0.897638 0.220472 0.370079 
vn -0.897638 0.220472 0.370079 
vn -0.897638 0.220472 0.370079 
vn -0.755906 0.283465 0.590551 
vn -0.755906 0.283465 0.590551 
vn -0.755906 0.283465 0.590551 
vn -0.685039 -0.614173 0.385827 
vn -0.685039 -0.614173 0.385827 
vn -0.685039 -0.614173 0.385827 
vn -0.685039 -0.614173 0.385827 
vn -0.708661 -0.212598 0.669291 
vn -0.732283 -0.0708661 -0.677165 
vn -0.732283 -0.0708661 -0.677165 
vn -0.732283 -0.0708661 -0.677165 
vn -0.755906 0.283465 0.590551 
vn -0.858268 0.503937 0 
vn -0.858268 0.503937 0 
vn -0.858268 0.503937 0 
vn -0.771654 0.511811 -0.370079 
vn -0.771654 0.511811 -0.370079 
vn -0.771654 0.511811 -0.370079 
vn -0.732283 -0.0708661 0.677165 
vn -0.858268 0.503937 0 
vn -0.771654 0.511811 -0.370079 
vn -0.850394 0.440945 -0.283465 
vn -0.850394 0.440945 -0.283465 
vn -0.850394 0.440945 -0.283465 
vn -0.850394 0.440945 -0.283465 
vn -0.598425 0.535433 -0.598425 
vn -0.598425 0.535433 -0.598425 
vn -0.598425 0.535433 -0.598425 
vn -0.598425 0.535433 -0.598425 
vn -0.692913 0.472441 -0.551181 
vn -0.692913 0.472441 -0.551181 
vn -0.692913 0.472441 -0.551181 
vn -0.692913 0.472441 -0.551181 
vn -0.685039 0.622047 -0.370079 
vn -0.685039 0.622047 -0.370079 
vn -0.685039 0.622047 -0.370079 
vn -0.685039 0.622047 -0.370079 
vn -0.779528 0.622047 0 
vn -0.779528 0.622047 0 
vn -0.779528 0.622047 0 
vn -0.771654 0.511811 0.370079 
vn -0.771654 0.511811 0.370079 
vn -0.771654 0.511811 0.370079 
vn -0.732283 -0.0708661 -0.677165 
vn -0.771654 0.511811 0.370079 
vn -0.598425 0.535433 0.598425 
vn -0.598425 0.535433 0.598425 
vn -0.598425 0.535433 0.598425 
vn -0.834646 0.440945 0.330709 
vn -0.834646 0.440945 0.330709 
vn -0.834646 0.440945 0.330709 
vn -0.834646 0.440945 0.330709 
vn -0.779528 0.622047 0 
vn -0.724409 0.322835 0.614173 
vn -0.724409 0.322835 0.614173 
vn -0.724409 0.322835 0.614173 
vn -0.598425 0.535433 0.598425 
vn -0.653543 0.480315 0.582677 
vn -0.653543 0.480315 0.582677 
vn -0.653543 0.480315 0.582677 
vn -0.685039 0.622047 0.370079 
vn -0.685039 0.622047 0.370079 
vn -0.685039 0.622047 0.370079 
vn -0.685039 0.622047 0.370079 
vn -0.685039 0.314961 -0.653543 
vn -0.685039 0.314961 -0.653543 
vn -0.685039 0.314961 -0.653543 
vn -0.787402 0.19685 0.582677 
vn -0.787402 0.19685 0.582677 
vn -0.787402 0.19685 0.582677 
vn -0.787402 0.19685 0.582677 
vn -0.795276 0.606299 0 
vn -0.795276 0.606299 0 
vn -0.795276 0.606299 0 
vn -0.740157 -0.307087 0.598425 
vn -0.740157 -0.307087 0.598425 
vn -0.740157 -0.307087 0.598425 
vn -0.740157 -0.307087 0.598425 
vn -0.771654 -0.519685 0.370079 
vn -0.771654 -0.519685 0.370079 
vn -0.771654 -0.519685 0.370079 
vn -0.653543 0.661417 0.370079 
vn -0.653543 0.661417 0.370079 
vn -0.653543 0.661417 0.370079 
vn -0.929134 0.228346 0.299213 
vn -0.929134 0.228346 0.299213 
vn -0.929134 0.228346 0.299213 
vn -0.984252 -0.181102 0 
vn -0.984252 -0.181102 0 
vn -0.984252 -0.181102 0 
vn -0.929134 0.228346 0.299213 
vn -0.897638 -0.220472 0.370079 
vn -0.897638 -0.220472 0.370079 
vn -0.897638 -0.220472 0.370079 
vn -0.897638 -0.220472 0.370079 
vn -0.858268 -0.503937 0 
vn -0.858268 -0.503937 0 
vn -0.858268 -0.503937 0 
vn -0.984252 -0.181102 0 
vn -0.748031 0.212598 -0.629921 
vn -0.748031 0.212598 -0.629921 
vn -0.748031 0.212598 -0.629921 
vn -0.748031 0.212598 -0.629921 
vn -0.740157 -0.307087 -0.598425 
vn -0.740157 -0.307087 -0.598425 
vn -0.740157 -0.307087 -0.598425 
vn -0.740157 -0.307087 -0.598425 
vn -0.771654 -0.519685 -0.370079 
vn -0.771654 -0.519685 -0.370079 
vn -0.771654 -0.519685 -0.370079 
vn -0.606299 -0.535433 -0.598425 
vn -0.606299 -0.535433 -0.598425 
vn -0.606299 -0.535433 -0.598425 
vn -0.653543 0.661417 -0.370079 
vn -0.653543 0.661417 -0.370079 
vn -0.653543 0.661417 -0.370079 
vn -0.795276 0.606299 0 
vn -0.913386 0.228346 -0.346457 
vn -0.913386 0.228346 -0.346457 
vn -0.913386 0.228346 -0.346457 
vn -0.913386 0.228346 -0.346457 
vn -0.897638 -0.220472 -0.370079 
vn -0.897638 -0.220472 -0.370079 
vn -0.897638 -0.220472 -0.370079 
vn -0.897638 -0.220472 -0.370079 
vn -0.606299 -0.535433 0.598425 
vn -0.606299 -0.535433 0.598425 
vn -0.606299 -0.535433 0.598425 
vn -0.732283 0.0708661 -0.677165 
vn -0.732283 0.0708661 -0.677165 
vn -0.732283 0.0708661 -0.677165 
vn -0.732283 0.0708661 -0.677165 
vn -0.740157 -0.425197 0.527559 
vn -0.740157 -0.425197 0.527559 
vn -0.740157 -0.425197 0.527559 
vn -0.685039 0.314961 -0.653543 
vn -0.700787 -0.614173 0.362205 
vn -0.700787 -0.614173 0.362205 
vn -0.700787 -0.614173 0.362205 
vn -0.700787 -0.614173 0.362205 
vn -0.779528 -0.622047 0 
vn -0.779528 -0.622047 0 
vn -0.779528 -0.622047 0 
vn -0.606299 -0.535433 0.598425 
vn -0.771654 -0.519685 0.370079 
vn -0.850394 -0.440945 0.283465 
vn -0.850394 -0.440945 0.283465 
vn -0.850394 -0.440945 0.283465 
vn -0.740157 -0.425197 0.527559 
vn -0.850394 -0.440945 0.283465 
vn -0.779528 -0.622047 0 
vn -0.700787 -0.433071 -0.566929 
vn -0.700787 -0.433071 -0.566929 
vn -0.700787 -0.433071 -0.566929 
vn -0.732283 0.0708661 0.677165 
vn -0.732283 0.0708661 0.677165 
vn -0.732283 0.0708661 0.677165 
vn -0.732283 0.0708661 0.677165 
vn -0.724409 0.322835 0.614173 
vn -0.700787 -0.614173 -0.362205 
vn -0.700787 -0.614173 -0.362205 
vn -0.700787 -0.614173 -0.362205 
vn -0.700787 -0.614173 -0.362205 
vn -0.700787 -0.433071 -0.566929 
vn -0.858268 -0.503937 0 
vn -0.771654 -0.519685 -0.370079 
vn -0.606299 -0.535433 -0.598425 
vn -0.834646 -0.440945 -0.330709 
vn -0.834646 -0.440945 -0.330709 
vn -0.834646 -0.440945 -0.330709 
vn -0.834646 -0.440945 -0.330709 
vn 0.0629921 -0.92126 0.377953 
vn 0.0629921 -0.92126 0.377953 
vn 0.0629921 -0.92126 0.377953 
vn 0.204724 -0.968504 0.133858 
vn 0.204724 -0.968504 0.133858 
vn 0.204724 -0.968504 0.133858 
vn 0.204724 -0.968504 0.133858 
vn -0.181102 -0.984252 0 
vn -0.181102 -0.984252 0 
vn -0.181102 -0.984252 0 
vn -0.125984 -0.952756 -0.267717 
vn -0.125984 -0.952756 -0.267717 
vn -0.125984 -0.952756 -0.267717 
vn -0.125984 -0.952756 -0.267717 
vn -0.015748 -0.905512 -0.433071 
vn -0.015748 -0.905512 -0.433071 
vn -0.015748 -0.905512 -0.433071 
vn 0.472441 -0.795276 0.370079 
vn 0.472441 -0.795276 0.370079 
vn 0.472441 -0.795276 0.370079 
vn 0.543307 -0.84252 0 
vn 0.543307 -0.84252 0 
vn 0.543307 -0.84252 0 
vn 0.472441 -0.795276 0.370079 
vn -0.015748 -0.905512 -0.433071 
vn 0.0629921 -0.92126 0.377953 
vn -0.181102 -0.984252 0 
vn 0.165354 -0.976378 -0.149606 
vn 0.165354 -0.976378 -0.149606 
vn 0.165354 -0.976378 -0.149606 
vn 0.0393701 -0.913386 -0.401575 
vn 0.0393701 -0.913386 -0.401575 
vn 0.0393701 -0.913386 -0.401575 
vn 0.165354 -0.976378 -0.149606 
vn -0.125984 -0.952756 0.267717 
vn -0.125984 -0.952756 0.267717 
vn -0.125984 -0.952756 0.267717 
vn -0.125984 -0.952756 0.267717 
vn -0.015748 -0.905512 0.433071 
vn -0.015748 -0.905512 0.433071 
vn -0.015748 -0.905512 0.433071 
vn 0.543307 -0.84252 0 
vn 0.472441 -0.795276 -0.370079 
vn 0.472441 -0.795276 -0.370079 
vn 0.472441 -0.795276 -0.370079 
vn 0.472441 -0.795276 -0.370079 
vn 0.0393701 -0.913386 -0.401575 
vn -0.015748 -0.905512 0.433071 
vn -0.503937 -0.858268 0 
vn -0.503937 -0.858268 0 
vn -0.503937 -0.858268 0 
vn -0.440945 -0.858268 -0.267717 
vn -0.440945 -0.858268 -0.267717 
vn -0.440945 -0.858268 -0.267717 
vn -0.503937 -0.858268 0 
vn -0.440945 -0.858268 -0.267717 
vn -0.425197 -0.897638 -0.133858 
vn -0.425197 -0.897638 -0.133858 
vn -0.425197 -0.897638 -0.133858 
vn -0.425197 -0.897638 -0.133858 
vn -0.322835 -0.84252 -0.433071 
vn -0.322835 -0.84252 -0.433071 
vn -0.322835 -0.84252 -0.433071 
vn -0.322835 -0.84252 -0.433071 
vn -0.322835 -0.889764 -0.314961 
vn -0.322835 -0.889764 -0.314961 
vn -0.322835 -0.889764 -0.314961 
vn -0.322835 -0.889764 -0.314961 
vn -0.559055 -0.787402 -0.267717 
vn -0.559055 -0.787402 -0.267717 
vn -0.559055 -0.787402 -0.267717 
vn -0.559055 -0.787402 -0.267717 
vn -0.622047 -0.779528 0 
vn -0.622047 -0.779528 0 
vn -0.622047 -0.779528 0 
vn -0.440945 -0.858268 0.267717 
vn -0.440945 -0.858268 0.267717 
vn -0.440945 -0.858268 0.267717 
vn -0.440945 -0.858268 0.267717 
vn -0.322835 -0.84252 0.433071 
vn -0.322835 -0.84252 0.433071 
vn -0.322835 -0.84252 0.433071 
vn -0.401575 -0.905512 0.149606 
vn -0.401575 -0.905512 0.149606 
vn -0.401575 -0.905512 0.149606 
vn -0.401575 -0.905512 0.149606 
vn -0.622047 -0.779528 0 
vn -0.307087 -0.889764 0.330709 
vn -0.307087 -0.889764 0.330709 
vn -0.307087 -0.889764 0.330709 
vn -0.322835 -0.84252 0.433071 
vn -0.307087 -0.889764 0.330709 
vn -0.559055 -0.787402 0.267717 
vn -0.559055 -0.787402 0.267717 
vn -0.559055 -0.787402 0.267717 
vn -0.559055 -0.787402 0.267717 
vn 0.307087 -0.889764 0.330709 
vn 0.307087 -0.889764 0.330709 
vn 0.307087 -0.889764 0.330709 
vn -0.472441 -0.795276 0.370079 
vn -0.472441 -0.795276 0.370079 
vn -0.472441 -0.795276 0.370079 
vn -0.543307 -0.84252 0 
vn -0.543307 -0.84252 0 
vn -0.543307 -0.84252 0 
vn -0.472441 -0.795276 0.370079 
vn 0.015748 -0.905512 -0.433071 
vn 0.015748 -0.905512 -0.433071 
vn 0.015748 -0.905512 -0.433071 
vn -0.0629921 -0.92126 0.377953 
vn -0.0629921 -0.92126 0.377953 
vn -0.0629921 -0.92126 0.377953 
vn -0.0629921 -0.92126 0.377953 
vn -0.204724 -0.968504 0.133858 
vn -0.204724 -0.968504 0.133858 
vn -0.204724 -0.968504 0.133858 
vn -0.204724 -0.968504 0.133858 
vn 0.181102 -0.984252 0 
vn 0.181102 -0.984252 0 
vn 0.181102 -0.984252 0 
vn 0.125984 -0.952756 -0.267717 
vn 0.125984 -0.952756 -0.267717 
vn 0.125984 -0.952756 -0.267717 
vn 0.125984 -0.952756 -0.267717 
vn 0.181102 -0.984252 0 
vn -0.543307 -0.84252 0 
vn -0.472441 -0.795276 -0.370079 
vn -0.472441 -0.795276 -0.370079 
vn -0.472441 -0.795276 -0.370079 
vn -0.472441 -0.795276 -0.370079 
vn -0.0393701 -0.913386 -0.401575 
vn -0.0393701 -0.913386 -0.401575 
vn -0.0393701 -0.913386 -0.401575 
vn 0.015748 -0.905512 0.433071 
vn 0.015748 -0.905512 0.433071 
vn 0.015748 -0.905512 0.433071 
vn 0.015748 -0.905512 0.433071 
vn -0.165354 -0.976378 -0.149606 
vn -0.165354 -0.976378 -0.149606 
vn -0.165354 -0.976378 -0.149606 
vn -0.0393701 -0.913386 -0.401575 
vn -0.165354 -0.976378 -0.149606 
vn 0.125984 -0.952756 0.267717 
vn 0.125984 -0.952756 0.267717 
vn 0.125984 -0.952756 0.267717 
vn 0.125984 -0.952756 0.267717 
vn 0.015748 -0.905512 -0.433071 
vn 0.322835 -0.84252 -0.433071 
vn 0.322835 -0.84252 -0.433071 
vn 0.322835 -0.84252 -0.433071 
vn 0.322835 -0.889764 -0.314961 
vn 0.322835 -0.889764 -0.314961 
vn 0.322835 -0.889764 -0.314961 
vn 0.322835 -0.889764 -0.314961 
vn 0.559055 -0.787402 -0.267717 
vn 0.559055 -0.787402 -0.267717 
vn 0.559055 -0.787402 -0.267717 
vn 0.559055 -0.787402 -0.267717 
vn 0.322835 -0.84252 -0.433071 
vn 0.440945 -0.858268 -0.267717 
vn 0.440945 -0.858268 -0.267717 
vn 0.440945 -0.858268 -0.267717 
vn 0.503937 -0.858268 0 
vn 0.503937 -0.858268 0 
vn 0.503937 -0.858268 0 
vn 0.440945 -0.858268 -0.267717 
vn 0.425197 -0.897638 -0.133858 
vn 0.425197 -0.897638 -0.133858 
vn 0.425197 -0.897638 -0.133858 
vn 0.425197 -0.897638 -0.133858 
vn 0.622047 -0.779528 0 
vn 0.622047 -0.779528 0 
vn 0.622047 -0.779528 0 
vn 0.307087 -0.889764 0.330709 
vn 0.322835 -0.84252 0.433071 
vn 0.322835 -0.84252 0.433071 
vn 0.322835 -0.84252 0.433071 
vn 0.559055 -0.787402 0.267717 
vn 0.559055 -0.787402 0.267717 
vn 0.559055 -0.787402 0.267717 
vn 0.622047 -0.779528 0 
vn 0.559055 -0.787402 0.267717 
vn 0.322835 -0.84252 0.433071 
vn 0.503937 -0.858268 0 
vn 0.440945 -0.858268 0.267717 
vn 0.440945 -0.858268 0.267717 
vn 0.440945 -0.858268 0.267717 
vn 0.440945 -0.858268 0.267717 
vn 0.401575 -0.905512 0.149606 
vn 0.401575 -0.905512 0.149606 
vn 0.401575 -0.905512 0.149606 
vn 0.401575 -0.905512 0.149606 
vn 0.307087 -0.0551181 -0.952756 
vn 0.307087 -0.0551181 -0.952756 
vn 0.307087 -0.0551181 -0.952756 
vn 0.307087 -0.0551181 -0.952756 
vn 0 0 -1 
vn 0 0 -1 
vn 0 0 -1 
vn 0.409449 0.204724 -0.889764 
vn 0.409449 0.204724 -0.889764 
vn 0.409449 0.204724 -0.889764 
vn 0 0 -1 
vn 0.433071 -0.409449 -0.80315 
vn 0.433071 -0.409449 -0.80315 
vn 0.433071 -0.409449 -0.80315 
vn 0.535433 -0.338583 -0.779528 
vn 0.535433 -0.338583 -0.779528 
vn 0.535433 -0.338583 -0.779528 
vn 0.433071 -0.409449 -0.80315 
vn 0.535433 -0.338583 -0.779528 
vn 0.598425 -0.259843 -0.755906 
vn 0.598425 -0.259843 -0.755906 
vn 0.598425 -0.259843 -0.755906 
vn -0.023622 -0.015748 -1 
vn -0.023622 -0.015748 -1 
vn -0.023622 -0.015748 -1 
vn -0.346457 0.0787402 -0.937008 
vn -0.346457 0.0787402 -0.937008 
vn -0.346457 0.0787402 -0.937008 
vn -0.614173 0.181102 -0.771654 
vn -0.614173 0.181102 -0.771654 
vn -0.614173 0.181102 -0.771654 
vn -0.346457 0.0787402 -0.937008 
vn -0.401575 -0.173228 -0.897638 
vn -0.401575 -0.173228 -0.897638 
vn -0.401575 -0.173228 -0.897638 
vn -0.401575 -0.173228 -0.897638 
vn -0.440945 0.0866142 -0.897638 
vn -0.440945 0.0866142 -0.897638 
vn -0.440945 0.0866142 -0.897638 
vn -0.023622 -0.015748 -1 
vn -0.440945 0.0866142 -0.897638 
vn -0.614173 0.181102 -0.771654 
vn -0.653543 -0.314961 -0.692913 
vn -0.653543 -0.314961 -0.692913 
vn -0.653543 -0.314961 -0.692913 
vn -0.653543 -0.314961 -0.692913 
vn 0.409449 0.204724 -0.889764 
vn 0 0 -1 
vn 0 0 -1 
vn 0 0 -1 
vn 0.456693 0.0393701 -0.889764 
vn 0.456693 0.0393701 -0.889764 
vn 0.456693 0.0393701 -0.889764 
vn 0.456693 0.0393701 -0.889764 
vn 0 0 -1 
vn 0.314961 -0.00787402 -0.952756 
vn 0.314961 -0.00787402 -0.952756 
vn 0.314961 -0.00787402 -0.952756 
vn 0.598425 -0.259843 -0.755906 
vn 0.314961 -0.00787402 -0.952756 
vn 0.582677 0.267717 -0.76378 
vn 0.582677 0.267717 -0.76378 
vn 0.582677 0.267717 -0.76378 
vn 0.582677 0.267717 -0.76378 
vn 0 0 -1 
vn 0 0 -1 
vn 0 0 -1 
vn -0.456693 -0.0393701 -0.889764 
vn -0.456693 -0.0393701 -0.889764 
vn -0.456693 -0.0393701 -0.889764 
vn -0.456693 -0.0393701 -0.889764 
vn -0.370079 0.00787402 -0.929134 
vn -0.370079 0.00787402 -0.929134 
vn -0.370079 0.00787402 -0.929134 
vn -0.370079 0.00787402 -0.929134 
vn -0.661417 -0.0551181 -0.748031 
vn -0.661417 -0.0551181 -0.748031 
vn -0.661417 -0.0551181 -0.748031 
vn -0.456693 0.023622 -0.889764 
vn -0.456693 0.023622 -0.889764 
vn -0.456693 0.023622 -0.889764 
vn -0.661417 -0.0551181 -0.748031 
vn -0.456693 0.023622 -0.889764 
vn 0 0 -1 
vn -0.582677 0.267717 -0.76378 
vn -0.582677 0.267717 -0.76378 
vn -0.582677 0.267717 -0.76378 
vn -0.433071 -0.409449 -0.80315 
vn -0.433071 -0.409449 -0.80315 
vn -0.433071 -0.409449 -0.80315 
vn 0.023622 -0.015748 -1 
vn 0.023622 -0.015748 -1 
vn 0.023622 -0.015748 -1 
vn -0.433071 -0.409449 -0.80315 
vn -0.535433 -0.338583 -0.779528 
vn -0.535433 -0.338583 -0.779528 
vn -0.535433 -0.338583 -0.779528 
vn -0.535433 -0.338583 -0.779528 
vn -0.307087 -0.0551181 -0.952756 
vn -0.307087 -0.0551181 -0.952756 
vn -0.307087 -0.0551181 -0.952756 
vn -0.307087 -0.0551181 -0.952756 
vn 0 0 -1 
vn 0 0 -1 
vn 0 0 -1 
vn -0.409449 0.204724 -0.889764 
vn -0.409449 0.204724 -0.889764 
vn -0.409449 0.204724 -0.889764 
vn 0 0 -1 
vn 0.023622 -0.015748 -1 
vn 0.440945 0.0866142 -0.897638 
vn 0.440945 0.0866142 -0.897638 
vn 0.440945 0.0866142 -0.897638 
vn 0.440945 0.0866142 -0.897638 
vn 0.614173 0.181102 -0.771654 
vn 0.614173 0.181102 -0.771654 
vn 0.614173 0.181102 -0.771654 
vn 0.653543 -0.314961 -0.692913 
vn 0.653543 -0.314961 -0.692913 
vn 0.653543 -0.314961 -0.692913 
vn 0.614173 0.181102 -0.771654 
vn 0.338583 0.0787402 -0.937008 
vn 0.338583 0.0787402 -0.937008 
vn 0.338583 0.0787402 -0.937008 
vn 0.338583 0.0787402 -0.937008 
vn 0.401575 -0.173228 -0.897638 
vn 0.401575 -0.173228 -0.897638 
vn 0.401575 -0.173228 -0.897638 
vn 0.401575 -0.173228 -0.897638 
vn -0.598425 -0.259843 -0.755906 
vn -0.598425 -0.259843 -0.755906 
vn -0.598425 -0.259843 -0.755906 
vn -0.598425 -0.259843 -0.755906 
vn -0.314961 -0.00787402 -0.952756 
vn -0.314961 -0.00787402 -0.952756 
vn -0.314961 -0.00787402 -0.952756 
vn -0.314961 -0.00787402 -0.952756 
vn -0.582677 0.267717 -0.76378 
vn 0 0 -1 
vn 0 0 -1 
vn 0 0 -1 
vn -0.456693 0.0393701 -0.889764 
vn -0.456693 0.0393701 -0.889764 
vn -0.456693 0.0393701 -0.889764 
vn -0.409449 0.204724 -0.889764 
vn 0 0 -1 
vn 0 0 -1 
vn 0 0 -1 
vn -0.456693 0.0393701 -0.889764 
vn 0 0 -1 
vn 0 0 -1 
vn 0.661417 -0.0551181 -0.748031 
vn 0.661417 -0.0551181 -0.748031 
vn 0.661417 -0.0551181 -0.748031 
vn 0.661417 -0.0551181 -0.748031 
vn 0.456693 0.023622 -0.889764 
vn 0.456693 0.023622 -0.889764 
vn 0.456693 0.023622 -0.889764 
vn 0.456693 0.023622 -0.889764 
vn 0.370079 0.00787402 -0.929134 
vn 0.370079 0.00787402 -0.929134 
vn 0.370079 0.00787402 -0.929134 
vn 0.456693 -0.0393701 -0.889764 
vn 0.456693 -0.0393701 -0.889764 
vn 0.456693 -0.0393701 -0.889764 
vn 0.653543 -0.314961 -0.692913 
vn 0.456693 -0.0393701 -0.889764 
vn 0.370079 0.00787402 -0.929134 

vt 5.99106 -15.0461 
vt 6.06528 -15.1409 
vt 6.07721 -15.0434 
vt 6.04443 -14.9795 
vt 5.95479 -15.0773 
vt 6.04443 -15.0773 
vt 5.97913 -15.1351 
vt 6.08494 -14.9719 
vt 6.02907 -15.0735 
vt 6.10889 -15.056 
vt 6.00513 -14.979 
vt 6.05129 -14.91 
vt 5.94783 -14.9992 
vt 6.05129 -14.9992 
vt 6.02275 -15.1689 
vt 6.00639 -15.1375 
vt 5.99271 -15.1683 
vt 6.06542 -15.0434 
vt 6.08478 -15.1557 
vt 6.13655 -15.0243 
vt 6.03703 -15.1386 
vt 6.01517 -15.1342 
vt 5.96394 -15.1846 
vt 6.01517 -15.1846 
vt 6.05895 -14.9744 
vt 6.09762 -15.0575 
vt 6.15839 -15.0292 
vt 6.15601 -14.9696 
vt 6.09805 -14.9052 
vt 6.03357 -14.9982 
vt 6.12569 -14.9938 
vt 5.95479 -14.9795 
vt 5.96394 -15.1342 
vt 5.99963 -15.0448 
vt 5.92945 -15.1409 
vt 6.01397 -15.1337 
vt 5.97316 -15.1375 
vt 5.9568 -15.1689 
vt 5.98684 -15.1683 
vt 5.91511 -15.0436 
vt 5.91504 -14.9719 
vt 5.97091 -15.0735 
vt 5.99485 -14.979 
vt 5.89109 -15.056 
vt 5.92678 -15.0435 
vt 5.9123 -15.1562 
vt 5.9571 -15.1381 
vt 5.85875 -15.0255 
vt 5.94102 -14.9744 
vt 5.84158 -15.0292 
vt 5.90235 -15.0575 
vt 5.84397 -14.9696 
vt 5.96643 -14.9982 
vt 5.90195 -14.9052 
vt 5.87431 -14.9938 
vt 5.88731 -14.9941 
vt 5.8618 -14.8996 
vt 5.81717 -14.9869 
vt 6.1382 -14.8996 
vt 6.11269 -14.9941 
vt 6.18283 -14.9869 
vt 6.06806 -14.9068 
vt 6.07099 -14.858 
vt 5.99061 -14.9452 
vt 6.08391 -14.9461 
vt 6.00593 -14.9097 
vt 5.97769 -14.8571 
vt 6.07115 -14.9456 
vt 6.09212 -14.8481 
vt 6.04039 -14.8579 
vt 5.96393 -14.8194 
vt 6.03537 -14.8753 
vt 6.03537 -14.8194 
vt 6.14818 -14.9408 
vt 6.20767 -14.9647 
vt 6.1382 -14.8996 
vt 6.18283 -14.9869 
vt 6.16304 -14.8774 
vt 6.09212 -14.8481 
vt 6.16947 -14.923 
vt 6.10887 -14.8341 
vt 6.04594 -14.8193 
vt 6.02313 -14.8756 
vt 6.08674 -14.8771 
vt 6.00405 -14.8195 
vt 5.96393 -14.8753 
vt 5.94783 -14.91 
vt 5.99407 -14.9097 
vt 5.93194 -14.9068 
vt 5.99989 -14.9456 
vt 5.92387 -14.858 
vt 5.90834 -14.9461 
vt 6.01542 -14.8575 
vt 5.9053 -14.8479 
vt 5.92099 -14.9456 
vt 5.95383 -14.858 
vt 5.8473 -14.9404 
vt 5.79233 -14.9647 
vt 5.8618 -14.8996 
vt 5.83696 -14.8774 
vt 5.81717 -14.9869 
vt 5.82464 -14.9225 
vt 5.9053 -14.8479 
vt 5.88746 -14.8339 
vt 5.95397 -14.8193 
vt 5.97678 -14.8756 
vt 5.99586 -14.8195 
vt 5.91317 -14.8771 
vt 6.14818 -14.9408 
vt 6.08508 -15.0374 
vt 6.10025 -15.1635 
vt 6.1562 -15.0137 
vt 6.05962 -15.139 
vt 6.01401 -15.1398 
vt 6.02792 -15.1809 
vt 6.00033 -15.1803 
vt 6.17991 -15.0186 
vt 6.08047 -14.9667 
vt 6.11914 -15.0468 
vt 6.18405 -14.9618 
vt 6.06806 -14.9068 
vt 6.11269 -14.9941 
vt 6.13753 -14.9719 
vt 6.05668 -15.1485 
vt 6.00155 -15.0355 
vt 6.07577 -15.1495 
vt 6.08769 -15.0355 
vt 5.98962 -15.1437 
vt 5.96317 -15.1379 
vt 6.0144 -15.1986 
vt 6.0144 -15.1379 
vt 6.09827 -14.9652 
vt 6.0424 -15.0655 
vt 6.12221 -15.048 
vt 6.01845 -14.9723 
vt 6.04443 -14.9734 
vt 5.95479 -14.9734 
vt 6.04443 -15.0706 
vt 5.95479 -15.0706 
vt 5.95163 -15.1809 
vt 5.97922 -15.1803 
vt 5.96554 -15.1398 
vt 5.91993 -15.139 
vt 5.83783 -15.0159 
vt 5.89583 -15.1643 
vt 5.90586 -15.0379 
vt 5.9195 -14.9667 
vt 5.82006 -15.0186 
vt 5.88083 -15.0468 
vt 5.88731 -14.9941 
vt 5.93194 -14.9068 
vt 5.86247 -14.9719 
vt 5.81593 -14.9618 
vt 5.96317 -15.1986 
vt 5.98673 -15.0332 
vt 5.91655 -15.1488 
vt 6.00107 -15.1416 
vt 5.93618 -15.1483 
vt 5.90221 -15.0353 
vt 5.95758 -15.0655 
vt 5.98152 -14.9723 
vt 5.90171 -14.9652 
vt 5.87776 -15.048 
vt 5.94783 -14.8889 
vt 5.94783 -14.978 
vt 6.05129 -14.978 
vt 6.16304 -14.8774 
vt 6.13753 -14.9719 
vt 6.20767 -14.9647 
vt 6.0929 -14.8846 
vt 6.10887 -14.8341 
vt 6.09244 -14.9279 
vt 6.16947 -14.923 
vt 6.06168 -14.8401 
vt 6.05315 -14.8014 
vt 6.03375 -14.8578 
vt 6.09736 -14.8592 
vt 6.01467 -14.8017 
vt 6.0929 -14.8846 
vt 6.11343 -14.8837 
vt 6.04895 -14.9767 
vt 6.14107 -14.9722 
vt 6.05129 -14.8889 
vt 6.02131 -14.8882 
vt 6.08235 -14.8404 
vt 6.00197 -14.9277 
vt 6.09527 -14.9286 
vt 5.98905 -14.8395 
vt 6.03537 -14.8014 
vt 5.96393 -14.8014 
vt 6.03537 -14.8573 
vt 5.88746 -14.8339 
vt 5.82464 -14.9225 
vt 5.89833 -14.9278 
vt 5.8473 -14.9404 
vt 5.83696 -14.8774 
vt 5.79233 -14.9647 
vt 5.86247 -14.9719 
vt 5.94676 -14.8014 
vt 5.90255 -14.8592 
vt 5.96616 -14.8578 
vt 5.96393 -14.8573 
vt 5.98524 -14.8017 
vt 5.9071 -14.8846 
vt 5.9071 -14.8846 
vt 5.88657 -14.8837 
vt 5.85893 -14.9722 
vt 5.95105 -14.9767 
vt 5.97869 -14.8882 
vt 6.00152 -14.8399 
vt 5.90997 -14.8403 
vt 5.98599 -14.928 
vt 5.89444 -14.9284 
vt 6.34821 -15.0877 
vt 6.34588 -14.9911 
vt 6.3172 -15.0772 
vt 6.32502 -15.0596 
vt 6.34437 -15.014 
vt 6.32546 -15.0064 
vt 6.35237 -15.0144 
vt 6.32686 -14.9639 
vt 6.32686 -15.0152 
vt 6.37841 -15.0015 
vt 6.33742 -15.0051 
vt 6.33502 -15.0983 
vt 6.37026 -15.0185 
vt 6.34 -14.9548 
vt 6.34 -15.0444 
vt 6.37562 -15.0444 
vt 6.30217 -15.0849 
vt 6.30386 -15.052 
vt 6.32546 -15.0064 
vt 6.28469 -15.0227 
vt 6.30386 -15.052 
vt 6.29025 -15.1562 
vt 6.34547 -15.0851 
vt 6.31896 -15.0654 
vt 6.26384 -15.1365 
vt 6.23269 -15.156 
vt 6.34224 -15.0805 
vt 6.31476 -15.059 
vt 6.37562 -14.9548 
vt 6.35237 -14.9632 
vt 6.32546 -14.9732 
vt 6.34437 -14.9655 
vt 6.32502 -14.9199 
vt 6.31657 -14.9151 
vt 6.34953 -14.9996 
vt 6.34934 -14.9022 
vt 6.38353 -14.9867 
vt 6.33502 -14.9017 
vt 6.33742 -14.9949 
vt 6.37026 -14.9815 
vt 6.30217 -14.915 
vt 6.30386 -14.9275 
vt 6.28469 -14.9568 
vt 6.32546 -14.9732 
vt 6.30386 -14.9275 
vt 6.34449 -14.9059 
vt 6.28601 -14.8378 
vt 6.31892 -14.9268 
vt 6.26031 -14.8587 
vt 6.34224 -14.9195 
vt 6.23269 -14.844 
vt 6.31476 -14.941 
vt 6.26016 -14.8159 
vt 6.26016 -15.184 
vt 6.2819 -15.1134 
vt 6.29652 -15.0059 
vt 6.24963 -15.0981 
vt 6.32879 -15.0213 
vt 6.29996 -14.9478 
vt 6.29996 -15.0513 
vt 6.33592 -15.0513 
vt 6.26638 -15.0681 
vt 6.21579 -15.163 
vt 6.29151 -15.0929 
vt 6.29293 -14.989 
vt 6.22826 -15.071 
vt 6.26196 -15.0824 
vt 6.25923 -14.9777 
vt 6.23973 -15.0404 
vt 6.22286 -15.1089 
vt 6.26807 -15.0617 
vt 6.19066 -15.1382 
vt 6.20054 -15.0921 
vt 6.21709 -14.9639 
vt 6.21709 -15.0354 
vt 6.23963 -15.0354 
vt 6.21307 -15.0532 
vt 6.21471 -15.004 
vt 6.19308 -15.0459 
vt 6.2347 -15.0147 
vt 6.23963 -14.9639 
vt 6.33592 -14.9478 
vt 6.29652 -14.9941 
vt 6.2819 -14.8866 
vt 6.24963 -14.9019 
vt 6.32879 -14.9787 
vt 6.22829 -14.9239 
vt 6.26414 -15.0154 
vt 6.29877 -15.0015 
vt 6.26292 -14.91 
vt 6.21579 -14.837 
vt 6.26638 -14.9319 
vt 6.29151 -14.9071 
vt 6.24136 -14.9538 
vt 6.22011 -14.8875 
vt 6.1987 -14.9053 
vt 6.19066 -14.8618 
vt 6.26855 -14.9312 
vt 6.21307 -14.9468 
vt 6.21471 -14.9959 
vt 6.2347 -14.9852 
vt 6.19308 -14.954 
vt 5.78529 -15.004 
vt 5.78693 -15.0532 
vt 5.80692 -15.0459 
vt 5.70975 -15.1562 
vt 5.68104 -15.0654 
vt 5.65453 -15.0851 
vt 5.67454 -15.0064 
vt 5.67498 -15.0596 
vt 5.69614 -15.052 
vt 5.71531 -15.0227 
vt 5.67454 -15.0064 
vt 5.69614 -15.052 
vt 5.73616 -15.1365 
vt 5.65776 -15.0805 
vt 5.76731 -15.156 
vt 5.68524 -15.059 
vt 5.66258 -15.0051 
vt 5.66498 -15.0983 
vt 5.69783 -15.0849 
vt 5.65563 -15.014 
vt 5.65412 -14.9911 
vt 5.65179 -15.0877 
vt 5.6828 -15.0772 
vt 5.67314 -14.9639 
vt 5.64763 -15.0144 
vt 5.67314 -15.0152 
vt 5.62159 -15.0015 
vt 5.62974 -15.0185 
vt 5.66 -14.9548 
vt 5.62438 -15.0444 
vt 5.66 -15.0444 
vt 5.62438 -14.9548 
vt 5.67454 -14.9732 
vt 5.71531 -14.9568 
vt 5.69614 -14.9275 
vt 5.67498 -14.9199 
vt 5.67454 -14.9732 
vt 5.69614 -14.9275 
vt 5.68108 -14.9268 
vt 5.71399 -14.8378 
vt 5.65551 -14.9059 
vt 5.68524 -14.941 
vt 5.76731 -14.844 
vt 5.65776 -14.9195 
vt 5.73969 -14.8587 
vt 5.66498 -14.9017 
vt 5.66258 -14.9949 
vt 5.69783 -14.915 
vt 5.64763 -14.9632 
vt 5.65563 -14.9655 
vt 5.65066 -14.9022 
vt 5.65047 -14.9996 
vt 5.68343 -14.9151 
vt 5.61647 -14.9867 
vt 5.62974 -14.9815 
vt 5.73984 -14.8159 
vt 5.73362 -15.0681 
vt 5.78421 -15.163 
vt 5.80934 -15.1382 
vt 5.70849 -15.0929 
vt 5.76027 -15.0404 
vt 5.77714 -15.1089 
vt 5.79946 -15.0921 
vt 5.73193 -15.0617 
vt 5.7653 -15.0147 
vt 5.78291 -14.9639 
vt 5.76037 -15.0354 
vt 5.78291 -15.0354 
vt 5.70707 -14.989 
vt 5.77174 -15.071 
vt 5.74077 -14.9777 
vt 5.73984 -15.184 
vt 5.70004 -14.9478 
vt 5.66408 -15.0513 
vt 5.70004 -15.0513 
vt 5.70348 -15.0059 
vt 5.7181 -15.1134 
vt 5.75037 -15.0981 
vt 5.73804 -15.0824 
vt 5.67121 -15.0213 
vt 5.76037 -14.9639 
vt 5.77989 -14.8875 
vt 5.75864 -14.9538 
vt 5.8013 -14.9053 
vt 5.78421 -14.837 
vt 5.73362 -14.9319 
vt 5.80934 -14.8618 
vt 5.73145 -14.9312 
vt 5.78529 -14.9959 
vt 5.78693 -14.9468 
vt 5.7653 -14.9852 
vt 5.80692 -14.954 
vt 5.70849 -14.9071 
vt 5.66408 -14.9478 
vt 5.7181 -14.8866 
vt 5.70348 -14.9941 
vt 5.75037 -14.9019 
vt 5.67121 -14.9787 
vt 5.73586 -15.0154 
vt 5.77171 -14.9239 
vt 5.70123 -15.0015 
vt 5.73708 -14.91 
vt 5.66177 -15.1485 
vt 5.68104 -15.0434 
vt 5.65453 -15.0374 
vt 5.65412 -15.0461 
vt 5.63932 -15.1437 
vt 5.67333 -15.1351 
vt 5.62159 -15.0355 
vt 5.66258 -14.979 
vt 5.61734 -15.0655 
vt 5.64998 -15.0735 
vt 5.62974 -14.9723 
vt 5.67868 -15.1803 
vt 5.67454 -15.1375 
vt 5.65563 -15.1398 
vt 5.6937 -15.1683 
vt 5.67314 -15.1342 
vt 5.68974 -15.1986 
vt 5.71146 -15.1846 
vt 5.69103 -15.1386 
vt 5.68378 -15.0575 
vt 5.68524 -14.9744 
vt 5.65676 -15.0468 
vt 5.64763 -15.1379 
vt 5.68343 -15.0436 
vt 5.66563 -15.1488 
vt 5.70131 -15.1409 
vt 5.65066 -15.0353 
vt 5.64207 -15.0773 
vt 5.62438 -14.9734 
vt 5.60653 -15.0706 
vt 5.66 -14.9795 
vt 5.69783 -14.9719 
vt 5.65422 -15.048 
vt 5.68686 -15.056 
vt 5.67498 -15.139 
vt 5.70029 -15.1809 
vt 5.69614 -15.1377 
vt 5.71531 -15.1689 
vt 5.72576 -15.1562 
vt 5.71399 -15.0159 
vt 5.70353 -15.1643 
vt 5.73969 -15.0255 
vt 5.74333 -15.0292 
vt 5.73984 -14.9618 
vt 5.7163 -15.0186 
vt 5.65776 -14.9667 
vt 5.65762 -14.9982 
vt 5.70348 -14.9097 
vt 5.62534 -14.9767 
vt 5.67121 -14.8882 
vt 5.72839 -14.9456 
vt 5.76027 -14.8579 
vt 5.70004 -14.9279 
vt 5.69926 -14.9452 
vt 5.74077 -14.8571 
vt 5.66556 -14.9277 
vt 5.70707 -14.8395 
vt 5.73193 -14.8401 
vt 5.7454 -14.8756 
vt 5.78529 -14.8195 
vt 5.72541 -14.8578 
vt 5.78291 -14.8194 
vt 5.71589 -14.8573 
vt 5.73843 -14.8753 
vt 5.7653 -14.8017 
vt 5.76037 -14.8014 
vt 5.64755 -14.9992 
vt 5.70004 -14.91 
vt 5.66408 -14.8889 
vt 5.66498 -14.9652 
vt 5.75037 -14.9052 
vt 5.67223 -14.9722 
vt 5.7045 -14.9938 
vt 5.6116 -14.978 
vt 5.77171 -14.858 
vt 5.69632 -14.9284 
vt 5.73095 -14.9461 
vt 5.7181 -14.8837 
vt 5.73708 -14.8403 
vt 5.70125 -14.9278 
vt 5.77989 -14.8339 
vt 5.73145 -14.8402 
vt 5.76731 -14.9696 
vt 5.80692 -14.8193 
vt 5.7579 -14.8592 
vt 5.77789 -14.8771 
vt 5.78693 -14.8014 
vt 6.19308 -14.8193 
vt 6.2421 -14.8592 
vt 6.21307 -14.8014 
vt 6.32132 -15.1803 
vt 6.32546 -15.1375 
vt 6.3063 -15.1683 
vt 6.31026 -15.1986 
vt 6.32686 -15.1342 
vt 6.28854 -15.1846 
vt 6.34437 -15.1398 
vt 6.31476 -14.9744 
vt 6.31622 -15.0575 
vt 6.34324 -15.0468 
vt 6.33823 -15.1485 
vt 6.31896 -15.0434 
vt 6.30897 -15.1386 
vt 6.34547 -15.0374 
vt 6.34588 -15.0461 
vt 6.36068 -15.1437 
vt 6.37841 -15.0355 
vt 6.32667 -15.1351 
vt 6.33742 -14.979 
vt 6.35002 -15.0735 
vt 6.38266 -15.0655 
vt 6.37026 -14.9723 
vt 6.35237 -15.1379 
vt 6.29971 -15.1809 
vt 6.30386 -15.1377 
vt 6.28469 -15.1689 
vt 6.32502 -15.139 
vt 6.28601 -15.0159 
vt 6.27424 -15.1562 
vt 6.29647 -15.1643 
vt 6.26031 -15.0255 
vt 6.25667 -15.0292 
vt 6.2837 -15.0186 
vt 6.26016 -14.9618 
vt 6.31657 -15.0436 
vt 6.29869 -15.1409 
vt 6.33437 -15.1488 
vt 6.35793 -15.0773 
vt 6.39347 -15.0706 
vt 6.37562 -14.9734 
vt 6.34934 -15.0353 
vt 6.34578 -15.048 
vt 6.30217 -14.9719 
vt 6.31314 -15.056 
vt 6.34 -14.9795 
vt 6.34224 -14.9667 
vt 6.23973 -14.8579 
vt 6.29996 -14.9279 
vt 6.26807 -14.8401 
vt 6.27459 -14.8578 
vt 6.21471 -14.8195 
vt 6.2546 -14.8756 
vt 6.28411 -14.8573 
vt 6.21709 -14.8194 
vt 6.26157 -14.8753 
vt 6.2347 -14.8017 
vt 6.23963 -14.8014 
vt 6.27161 -14.9456 
vt 6.29652 -14.9097 
vt 6.34238 -14.9982 
vt 6.37466 -14.9767 
vt 6.32879 -14.8882 
vt 6.25923 -14.8571 
vt 6.30074 -14.9452 
vt 6.33444 -14.9277 
vt 6.29293 -14.8395 
vt 6.29996 -14.91 
vt 6.35245 -14.9992 
vt 6.33592 -14.8889 
vt 6.22829 -14.858 
vt 6.30368 -14.9284 
vt 6.26292 -14.8403 
vt 6.23269 -14.9696 
vt 6.29875 -14.9278 
vt 6.26855 -14.8402 
vt 6.22011 -14.8339 
vt 6.22211 -14.8771 
vt 6.26905 -14.9461 
vt 6.33502 -14.9652 
vt 6.32777 -14.9722 
vt 6.24963 -14.9052 
vt 6.2955 -14.9938 
vt 6.3884 -14.978 
vt 6.2819 -14.8837 
vt 5.99845 -15.0355 
vt 5.91231 -15.0355 
vt 5.92423 -15.1495 
vt 6.01038 -15.1437 
vt 5.9856 -15.1986 
vt 6.03683 -15.1379 
vt 5.9856 -15.1379 
vt 5.90173 -14.9652 
vt 5.87779 -15.048 
vt 5.9576 -15.0655 
vt 5.98155 -14.9723 
vt 5.95557 -14.9734 
vt 5.95557 -15.0706 
vt 6.04521 -14.9734 
vt 5.89975 -15.1635 
vt 5.94332 -15.1485 
vt 5.91492 -15.0374 
vt 5.8438 -15.0137 
vt 5.94038 -15.139 
vt 5.97208 -15.1809 
vt 5.98599 -15.1398 
vt 5.99967 -15.1803 
vt 5.91953 -14.9667 
vt 5.82009 -15.0186 
vt 5.88086 -15.0468 
vt 5.81595 -14.9618 
vt 5.88731 -14.9941 
vt 5.93194 -14.9068 
vt 5.86247 -14.9719 
vt 6.04521 -15.0706 
vt 6.03683 -15.1986 
vt 6.08345 -15.1488 
vt 6.01327 -15.0332 
vt 5.99893 -15.1416 
vt 6.10417 -15.1643 
vt 6.09414 -15.0379 
vt 6.06382 -15.1483 
vt 6.09779 -15.0353 
vt 6.04242 -15.0655 
vt 6.09829 -14.9652 
vt 6.01848 -14.9723 
vt 6.12224 -15.048 
vt 6.17994 -15.0186 
vt 6.0805 -14.9667 
vt 6.11917 -15.0468 
vt 6.04837 -15.1809 
vt 6.03446 -15.1398 
vt 6.02078 -15.1803 
vt 6.08007 -15.139 
vt 6.16217 -15.0159 
vt 6.06806 -14.9068 
vt 6.11269 -14.9941 
vt 6.13753 -14.9719 
vt 6.18407 -14.9618 
vt 6.05217 -14.8889 
vt 5.94871 -14.978 
vt 6.05217 -14.978 
vt 5.88657 -14.8837 
vt 5.85893 -14.9722 
vt 5.95105 -14.9767 
vt 5.9071 -14.8846 
vt 5.94871 -14.8889 
vt 5.97869 -14.8882 
vt 5.91765 -14.8404 
vt 5.90473 -14.9286 
vt 5.99803 -14.9277 
vt 6.01095 -14.8395 
vt 5.86247 -14.9719 
vt 5.9071 -14.8846 
vt 5.83696 -14.8774 
vt 5.79233 -14.9647 
vt 5.89113 -14.8341 
vt 5.83053 -14.923 
vt 5.90756 -14.9279 
vt 5.93832 -14.8401 
vt 5.94685 -14.8014 
vt 5.90264 -14.8592 
vt 5.96625 -14.8578 
vt 5.98533 -14.8017 
vt 5.96463 -14.8014 
vt 5.96463 -14.8573 
vt 6.03607 -14.8014 
vt 6.02131 -14.8882 
vt 6.04895 -14.9767 
vt 6.11343 -14.8837 
vt 6.0929 -14.8846 
vt 6.14107 -14.9722 
vt 6.13753 -14.9719 
vt 6.16304 -14.8774 
vt 6.0929 -14.8846 
vt 5.99848 -14.8399 
vt 6.01401 -14.928 
vt 6.09003 -14.8403 
vt 6.10556 -14.9284 
vt 6.03607 -14.8573 
vt 6.17536 -14.9225 
vt 6.0947 -14.8479 
vt 6.1527 -14.9404 
vt 6.20767 -14.9647 
vt 6.11254 -14.8339 
vt 6.10167 -14.9278 
vt 6.17536 -14.9225 
vt 6.01476 -14.8017 
vt 6.03384 -14.8578 
vt 6.05324 -14.8014 
vt 6.09745 -14.8592 
vt 5.90788 -14.8481 
vt 5.83053 -14.923 
vt 5.85182 -14.9408 
vt 5.91522 -15.1557 
vt 5.93458 -15.0434 
vt 5.86345 -15.0243 
vt 5.96297 -15.1386 
vt 6.03606 -15.1846 
vt 5.98483 -15.1342 
vt 5.98483 -15.1846 
vt 5.94105 -14.9744 
vt 5.84161 -15.0292 
vt 5.90238 -15.0575 
vt 5.84399 -14.9696 
vt 5.96643 -14.9982 
vt 5.90195 -14.9052 
vt 5.87431 -14.9938 
vt 5.99361 -15.1375 
vt 5.97725 -15.1689 
vt 6.00729 -15.1683 
vt 5.93472 -15.1409 
vt 6.00894 -15.0461 
vt 5.92279 -15.0434 
vt 6.04521 -15.0773 
vt 5.95557 -14.9795 
vt 5.95557 -15.0773 
vt 6.02087 -15.1351 
vt 5.97093 -15.0735 
vt 5.91506 -14.9719 
vt 5.89111 -15.056 
vt 5.99487 -14.979 
vt 6.05217 -14.9992 
vt 5.94871 -14.91 
vt 5.94871 -14.9992 
vt 6.04521 -14.9795 
vt 6.0877 -15.1562 
vt 6.07322 -15.0435 
vt 6.0429 -15.1381 
vt 6.14125 -15.0255 
vt 6.05898 -14.9744 
vt 6.09765 -15.0575 
vt 6.15842 -15.0292 
vt 6.15603 -14.9696 
vt 6.09805 -14.9052 
vt 6.03357 -14.9982 
vt 6.12569 -14.9938 
vt 6.1382 -14.8996 
vt 6.11269 -14.9941 
vt 6.18283 -14.9869 
vt 6.0432 -15.1689 
vt 6.02684 -15.1375 
vt 6.01316 -15.1683 
vt 6.03606 -15.1342 
vt 6.07055 -15.1409 
vt 6.00037 -15.0448 
vt 5.98603 -15.1337 
vt 6.08489 -15.0436 
vt 6.02909 -15.0735 
vt 6.08496 -14.9719 
vt 6.00515 -14.979 
vt 6.10891 -15.056 
vt 5.88731 -14.9941 
vt 5.8618 -14.8996 
vt 5.81717 -14.9869 
vt 5.8618 -14.8996 
vt 5.79233 -14.9647 
vt 5.81717 -14.9869 
vt 5.83696 -14.8774 
vt 5.92885 -14.9456 
vt 5.90788 -14.8481 
vt 5.85182 -14.9408 
vt 5.89113 -14.8341 
vt 5.97687 -14.8756 
vt 5.95406 -14.8193 
vt 5.91326 -14.8771 
vt 5.99595 -14.8195 
vt 5.96463 -14.8753 
vt 6.03607 -14.8194 
vt 5.96463 -14.8194 
vt 5.93194 -14.9068 
vt 5.99407 -14.9097 
vt 6.00939 -14.9452 
vt 5.92901 -14.858 
vt 5.91609 -14.9461 
vt 5.95961 -14.8579 
vt 6.02231 -14.8571 
vt 6.03607 -14.8753 
vt 6.0947 -14.8479 
vt 6.07901 -14.9456 
vt 6.1527 -14.9404 
vt 6.1382 -14.8996 
vt 6.20767 -14.9647 
vt 6.16304 -14.8774 
vt 6.18283 -14.9869 
vt 6.11254 -14.8339 
vt 6.02322 -14.8756 
vt 6.04603 -14.8193 
vt 6.00414 -14.8195 
vt 6.08683 -14.8771 
vt 6.04617 -14.858 
vt 6.05217 -14.91 
vt 6.00593 -14.9097 
vt 6.06806 -14.9068 
vt 6.00011 -14.9456 
vt 6.07613 -14.858 
vt 5.98458 -14.8575 
vt 6.09166 -14.9461 
vt 5.70111 -15.1003 
vt 5.69103 -15.037 
vt 5.66177 -15.0567 
vt 5.67333 -14.9791 
vt 5.66733 -15.0758 
vt 5.70134 -15.0653 
vt 5.63932 -14.9896 
vt 5.60653 -14.9548 
vt 5.60653 -15.0444 
vt 5.64207 -15.0444 
vt 5.68686 -15.1089 
vt 5.64998 -15.0291 
vt 5.65422 -15.1222 
vt 5.61734 -15.0424 
vt 5.65676 -15.1191 
vt 5.7163 -15.1799 
vt 5.68378 -15.0976 
vt 5.70029 -15.0279 
vt 5.6937 -14.9927 
vt 5.67868 -15.0003 
vt 5.71146 -15.0152 
vt 5.71146 -14.9639 
vt 5.68974 -15.0144 
vt 5.71531 -15.0227 
vt 5.74333 -15.1584 
vt 5.72414 -15.0848 
vt 5.64207 -14.9548 
vt 5.66902 -15.014 
vt 5.66563 -14.9166 
vt 5.63333 -15.0011 
vt 5.68959 -14.9571 
vt 5.70353 -14.8958 
vt 5.66136 -14.9362 
vt 5.70131 -14.9294 
vt 5.65422 -14.8778 
vt 5.61734 -14.9576 
vt 5.64998 -14.9709 
vt 5.68686 -14.8911 
vt 5.7163 -14.8201 
vt 5.65676 -14.8808 
vt 5.68378 -14.9024 
vt 5.68974 -14.9632 
vt 5.6937 -14.9868 
vt 5.70029 -14.9516 
vt 5.67868 -14.9792 
vt 5.71531 -14.9568 
vt 5.72576 -14.9123 
vt 5.74333 -14.8416 
vt 5.64755 -15.0513 
vt 5.64755 -14.9478 
vt 5.6116 -14.9478 
vt 5.7045 -15.1257 
vt 5.65762 -15.0336 
vt 5.67223 -15.1411 
vt 5.6116 -15.0513 
vt 5.62534 -15.0489 
vt 5.73023 -15.0839 
vt 5.66556 -15.002 
vt 5.69653 -15.0953 
vt 5.69926 -14.9906 
vt 5.67547 -15.1375 
vt 5.75119 -15.2077 
vt 5.7006 -15.1127 
vt 5.77632 -15.1828 
vt 5.78928 -15.1482 
vt 5.72839 -15.0712 
vt 5.76093 -15.1695 
vt 5.70004 -15.0924 
vt 5.77789 -15.0867 
vt 5.72541 -15.0338 
vt 5.7579 -15.0974 
vt 5.7454 -15.0231 
vt 5.71589 -14.9639 
vt 5.71589 -15.0354 
vt 5.73843 -15.0354 
vt 5.67223 -14.8589 
vt 5.62534 -14.9511 
vt 5.65762 -14.9664 
vt 5.7045 -14.8743 
vt 5.7006 -14.8873 
vt 5.75119 -14.7923 
vt 5.67547 -14.8625 
vt 5.73095 -14.9083 
vt 5.66048 -14.986 
vt 5.69511 -14.9999 
vt 5.69632 -14.8944 
vt 5.73843 -14.9639 
vt 5.76611 -14.8246 
vt 5.72844 -14.921 
vt 5.7933 -14.8473 
vt 5.77632 -14.8172 
vt 5.70125 -14.8983 
vt 5.77789 -14.9132 
vt 5.72541 -14.9662 
vt 5.7454 -14.9768 
vt 5.7579 -14.9026 
vt 6.27156 -14.921 
vt 6.23389 -14.8246 
vt 6.2067 -14.8473 
vt 6.3063 -14.9927 
vt 6.29971 -15.0279 
vt 6.32132 -15.0003 
vt 6.31026 -15.0144 
vt 6.28854 -14.9639 
vt 6.28854 -15.0152 
vt 6.28469 -15.0227 
vt 6.31622 -15.0976 
vt 6.2837 -15.1799 
vt 6.34324 -15.1191 
vt 6.29889 -15.1003 
vt 6.30897 -15.037 
vt 6.27586 -15.0848 
vt 6.33823 -15.0567 
vt 6.33267 -15.0758 
vt 6.32667 -14.9791 
vt 6.29866 -15.0653 
vt 6.36068 -14.9896 
vt 6.39347 -14.9548 
vt 6.35793 -15.0444 
vt 6.39347 -15.0444 
vt 6.34578 -15.1222 
vt 6.35002 -15.0291 
vt 6.31314 -15.1089 
vt 6.38266 -15.0424 
vt 6.35793 -14.9548 
vt 6.31026 -14.9632 
vt 6.29971 -14.9516 
vt 6.3063 -14.9868 
vt 6.32132 -14.9792 
vt 6.28469 -14.9568 
vt 6.31041 -14.9571 
vt 6.29647 -14.8958 
vt 6.27424 -14.9123 
vt 6.31622 -14.9024 
vt 6.2837 -14.8201 
vt 6.25667 -14.8416 
vt 6.34324 -14.8808 
vt 6.33437 -14.9166 
vt 6.33098 -15.014 
vt 6.36667 -15.0011 
vt 6.33864 -14.9362 
vt 6.29869 -14.9294 
vt 6.34578 -14.8778 
vt 6.35002 -14.9709 
vt 6.38266 -14.9576 
vt 6.31314 -14.8911 
vt 6.25667 -15.1584 
vt 6.2994 -15.1127 
vt 6.22368 -15.1828 
vt 6.24881 -15.2077 
vt 6.27161 -15.0712 
vt 6.21072 -15.1482 
vt 6.23907 -15.1695 
vt 6.29996 -15.0924 
vt 6.27459 -15.0338 
vt 6.22211 -15.0867 
vt 6.2421 -15.0974 
vt 6.2546 -15.0231 
vt 6.32453 -15.1375 
vt 6.32777 -15.1411 
vt 6.34238 -15.0336 
vt 6.2955 -15.1257 
vt 6.3884 -14.9478 
vt 6.35245 -15.0513 
vt 6.3884 -15.0513 
vt 6.37466 -15.0489 
vt 6.33444 -15.002 
vt 6.26977 -15.0839 
vt 6.30347 -15.0953 
vt 6.30074 -14.9906 
vt 6.28411 -15.0354 
vt 6.28411 -14.9639 
vt 6.26157 -15.0354 
vt 6.29875 -14.8983 
vt 6.2994 -14.8873 
vt 6.24881 -14.7923 
vt 6.22368 -14.8172 
vt 6.27459 -14.9662 
vt 6.22211 -14.9132 
vt 6.2546 -14.9768 
vt 6.26157 -14.9639 
vt 6.2421 -14.9026 
vt 6.32453 -14.8625 
vt 6.35245 -14.9478 
vt 6.34238 -14.9664 
vt 6.32777 -14.8589 
vt 6.2955 -14.8743 
vt 6.37466 -14.9511 
vt 6.33952 -14.986 
vt 6.26905 -14.9083 
vt 6.30489 -14.9999 
vt 6.30368 -14.8944 
vt 6.33267 -15.1495 
vt 6.34821 -15.0355 
vt 6.3172 -15.0434 
vt 6.29866 -15.1409 
vt 6.37562 -14.9734 
vt 6.35793 -15.0773 
vt 6.39347 -15.0706 
vt 6.34578 -15.048 
vt 6.30217 -14.9719 
vt 6.31314 -15.056 
vt 6.34 -14.9795 
vt 6.29971 -15.1809 
vt 6.32502 -15.139 
vt 6.30386 -15.1377 
vt 6.29025 -15.0137 
vt 6.27586 -15.1557 
vt 6.29889 -15.1635 
vt 6.28469 -15.1689 
vt 6.26384 -15.0243 
vt 6.25667 -15.0292 
vt 6.2837 -15.0186 
vt 6.26016 -14.9618 
vt 6.31026 -15.1986 
vt 6.32686 -15.1342 
vt 6.28854 -15.1846 
vt 6.36667 -15.1416 
vt 6.34953 -15.0448 
vt 6.33098 -15.1337 
vt 6.31892 -15.0435 
vt 6.33864 -15.1483 
vt 6.34449 -15.0379 
vt 6.38353 -15.0332 
vt 6.38266 -15.0655 
vt 6.37026 -14.9723 
vt 6.33742 -14.979 
vt 6.35002 -15.0735 
vt 6.32546 -15.1375 
vt 6.32132 -15.1803 
vt 6.34437 -15.1398 
vt 6.35237 -15.1379 
vt 6.3063 -15.1683 
vt 6.31041 -15.1381 
vt 6.31476 -14.9744 
vt 6.31622 -15.0575 
vt 6.34324 -15.0468 
vt 6.34224 -14.9667 
vt 6.33502 -14.9652 
vt 6.3884 -14.978 
vt 6.29996 -14.91 
vt 6.35245 -14.9992 
vt 6.32777 -14.9722 
vt 6.24963 -14.9052 
vt 6.2955 -14.9938 
vt 6.2819 -14.8837 
vt 6.33592 -14.8889 
vt 6.30347 -14.9286 
vt 6.22826 -14.858 
vt 6.26977 -14.9461 
vt 6.23269 -14.9696 
vt 6.26196 -14.8404 
vt 6.2421 -14.8592 
vt 6.19308 -14.8193 
vt 6.22211 -14.8771 
vt 6.21307 -14.8014 
vt 6.28411 -14.8573 
vt 6.21709 -14.8194 
vt 6.26157 -14.8753 
vt 6.29652 -14.9097 
vt 6.37466 -14.9767 
vt 6.32879 -14.8882 
vt 6.34238 -14.9982 
vt 6.26414 -14.8575 
vt 6.30489 -14.9456 
vt 6.33952 -14.928 
vt 6.29877 -14.8399 
vt 6.24136 -14.858 
vt 6.27156 -14.9456 
vt 6.29875 -14.9278 
vt 6.27459 -14.8578 
vt 6.21471 -14.8195 
vt 6.2546 -14.8756 
vt 6.26855 -14.8402 
vt 6.2347 -14.8017 
vt 6.23963 -14.8014 
vt 5.7579 -14.8592 
vt 5.80692 -14.8193 
vt 5.78693 -14.8014 
vt 5.69614 -15.1377 
vt 5.70029 -15.1809 
vt 5.71531 -15.1689 
vt 5.67314 -15.1342 
vt 5.68974 -15.1986 
vt 5.71146 -15.1846 
vt 5.67498 -15.139 
vt 5.70975 -15.0137 
vt 5.72414 -15.1557 
vt 5.73616 -15.0243 
vt 5.70111 -15.1635 
vt 5.6828 -15.0434 
vt 5.66733 -15.1495 
vt 5.70134 -15.1409 
vt 5.65179 -15.0355 
vt 5.64207 -15.0773 
vt 5.62438 -14.9734 
vt 5.60653 -15.0706 
vt 5.69783 -14.9719 
vt 5.65422 -15.048 
vt 5.68686 -15.056 
vt 5.66 -14.9795 
vt 5.64763 -15.1379 
vt 5.67454 -15.1375 
vt 5.67868 -15.1803 
vt 5.6937 -15.1683 
vt 5.65563 -15.1398 
vt 5.68108 -15.0435 
vt 5.66136 -15.1483 
vt 5.68959 -15.1381 
vt 5.68378 -15.0575 
vt 5.68524 -14.9744 
vt 5.65676 -15.0468 
vt 5.65551 -15.0379 
vt 5.65047 -15.0448 
vt 5.63333 -15.1416 
vt 5.66902 -15.1337 
vt 5.61647 -15.0332 
vt 5.66258 -14.979 
vt 5.61734 -15.0655 
vt 5.64998 -15.0735 
vt 5.62974 -14.9723 
vt 5.74333 -15.0292 
vt 5.73984 -14.9618 
vt 5.7163 -15.0186 
vt 5.76731 -14.9696 
vt 5.77174 -14.858 
vt 5.69653 -14.9286 
vt 5.73023 -14.9461 
vt 5.73804 -14.8404 
vt 5.77789 -14.8771 
vt 5.73843 -14.8753 
vt 5.78291 -14.8194 
vt 5.71589 -14.8573 
vt 5.67223 -14.9722 
vt 5.75037 -14.9052 
vt 5.7181 -14.8837 
vt 5.66498 -14.9652 
vt 5.64755 -14.9992 
vt 5.70004 -14.91 
vt 5.6116 -14.978 
vt 5.7045 -14.9938 
vt 5.66408 -14.8889 
vt 5.76037 -14.8014 
vt 5.73145 -14.8402 
vt 5.70125 -14.9278 
vt 5.75864 -14.858 
vt 5.72844 -14.9456 
vt 5.7454 -14.8756 
vt 5.78529 -14.8195 
vt 5.72541 -14.8578 
vt 5.7653 -14.8017 
vt 5.70123 -14.8399 
vt 5.66048 -14.928 
vt 5.73586 -14.8575 
vt 5.65762 -14.9982 
vt 5.70348 -14.9097 
vt 5.62534 -14.9767 
vt 5.65776 -14.9667 
vt 5.67121 -14.8882 
vt 5.69511 -14.9456 

usemtl Cube0071Mtl

f 3343/3343/3343 3344/3344/3344 3345/3345/3345 
f 3344/3344/3344 3343/3343/3343 3368/3368/3368 
f 3350/3350/3350 3351/3351/3351 3352/3352/3352 
f 3351/3351/3351 3353/3353/3353 3352/3352/3352 
f 3369/3369/3369 3370/3370/3370 3371/3371/3371 
f 3369/3369/3369 3373/3373/3373 3370/3370/3370 
f 3339/3339/3339 3340/3340/3340 3341/3341/3341 
f 3340/3340/3340 3339/3339/3339 3342/3342/3342 
f 3354/3354/3354 3355/3355/3355 3356/3356/3356 
f 3357/3357/3357 3354/3354/3354 3356/3356/3356 
f 3327/3327/3327 3328/3328/3328 3329/3329/3329 
f 3329/3329/3329 3328/3328/3328 3330/3330/3330 
f 3346/3346/3346 3347/3347/3347 3348/3348/3348 
f 3347/3347/3347 3346/3346/3346 3349/3349/3349 
f 3374/3374/3374 3375/3375/3375 3376/3376/3376 
f 3376/3376/3376 3377/3377/3377 3374/3374/3374 
f 3378/3378/3378 3379/3379/3379 3380/3380/3380 
f 3397/3397/3397 3378/3378/3378 3380/3380/3380 
f 3324/3324/3324 3325/3325/3325 3326/3326/3326 
f 3325/3325/3325 3324/3324/3324 3338/3338/3338 
f 3358/3358/3358 3359/3359/3359 3360/3360/3360 
f 3359/3359/3359 3372/3372/3372 3360/3360/3360 
f 3331/3331/3331 3332/3332/3332 3333/3333/3333 
f 3332/3332/3332 3331/3331/3331 3334/3334/3334 
f 3361/3361/3361 3362/3362/3362 3363/3363/3363 
f 3362/3362/3362 3361/3361/3361 3367/3367/3367 
f 3394/3394/3394 3395/3395/3395 3396/3396/3396 
f 3398/3398/3398 3395/3395/3395 3394/3394/3394 
f 3424/3424/3424 3425/3425/3425 3426/3426/3426 
f 3425/3425/3425 3427/3427/3427 3426/3426/3426 
f 3420/3420/3420 3421/3421/3421 3422/3422/3422 
f 3423/3423/3423 3420/3420/3420 3422/3422/3422 
f 3399/3399/3399 3400/3400/3400 3401/3401/3401 
f 3402/3402/3402 3400/3400/3400 3399/3399/3399 
f 3403/3403/3403 3404/3404/3404 3405/3405/3405 
f 3404/3404/3404 3416/3416/3416 3405/3405/3405 
f 3385/3385/3385 3386/3386/3386 3387/3387/3387 
f 3386/3386/3386 3385/3385/3385 3388/3388/3388 
f 3381/3381/3381 3382/3382/3382 3383/3383/3383 
f 3382/3382/3382 3381/3381/3381 3384/3384/3384 
f 3406/3406/3406 3407/3407/3407 3408/3408/3408 
f 3410/3410/3410 3411/3411/3411 3412/3412/3412 
f 3412/3412/3412 3418/3418/3418 3410/3410/3410 
f 3389/3389/3389 3390/3390/3390 3391/3391/3391 
f 3392/3392/3392 3390/3390/3390 3389/3389/3389 
f 3413/3413/3413 3414/3414/3414 3415/3415/3415 
f 3415/3415/3415 3417/3417/3417 3413/3413/3413 
f 3364/3364/3364 3365/3365/3365 3366/3366/3366 
f 3419/3419/3419 3366/3366/3366 3365/3365/3365 
f 3335/3335/3335 3336/3336/3336 3337/3337/3337 
f 3335/3335/3335 3337/3337/3337 3393/3393/3393 
f 3293/3293/3293 3294/3294/3294 3295/3295/3295 
f 3294/3294/3294 3293/3293/3293 3323/3323/3323 
f 3289/3289/3289 3290/3290/3290 3291/3291/3291 
f 3290/3290/3290 3289/3289/3289 3292/3292/3292 
f 3312/3312/3312 3313/3313/3313 3314/3314/3314 
f 3313/3313/3313 3312/3312/3312 3315/3315/3315 
f 3316/3316/3316 3317/3317/3317 3318/3318/3318 
f 3317/3317/3317 3316/3316/3316 3409/3409/3409 
f 3270/3270/3270 3271/3271/3271 3272/3272/3272 
f 3271/3271/3271 3270/3270/3270 3303/3303/3303 
f 3273/3273/3273 3274/3274/3274 3275/3275/3275 
f 3274/3274/3274 3273/3273/3273 3276/3276/3276 
f 3308/3308/3308 3309/3309/3309 3310/3310/3310 
f 3309/3309/3309 3308/3308/3308 3311/3311/3311 
f 3319/3319/3319 3320/3320/3320 3321/3321/3321 
f 3320/3320/3320 3319/3319/3319 3322/3322/3322 
f 3296/3296/3296 3297/3297/3297 3298/3298/3298 
f 3297/3297/3297 3296/3296/3296 3299/3299/3299 
f 3282/3282/3282 3283/3283/3283 3284/3284/3284 
f 3283/3283/3283 3282/3282/3282 3288/3288/3288 
f 3267/3267/3267 3268/3268/3268 3269/3269/3269 
f 3268/3268/3268 3267/3267/3267 3302/3302/3302 
f 3243/3243/3243 3244/3244/3244 3245/3245/3245 
f 3244/3244/3244 3243/3243/3243 3280/3280/3280 
f 3263/3263/3263 3264/3264/3264 3265/3265/3265 
f 3263/3263/3263 3266/3266/3266 3264/3264/3264 
f 3277/3277/3277 3278/3278/3278 3279/3279/3279 
f 3278/3278/3278 3277/3277/3277 3281/3281/3281 
f 3285/3285/3285 3286/3286/3286 3287/3287/3287 
f 3286/3286/3286 3285/3285/3285 3300/3300/3300 
f 3304/3304/3304 3305/3305/3305 3306/3306/3306 
f 3305/3305/3305 3304/3304/3304 3307/3307/3307 
f 3239/3239/3239 3240/3240/3240 3241/3241/3241 
f 3239/3239/3239 3241/3241/3241 3242/3242/3242 
f 3226/3226/3226 3227/3227/3227 3228/3228/3228 
f 3226/3226/3226 3301/3301/3301 3227/3227/3227 
f 3259/3259/3259 3260/3260/3260 3261/3261/3261 
f 3260/3260/3260 3259/3259/3259 3262/3262/3262 
f 3232/3232/3232 3233/3233/3233 3234/3234/3234 
f 3233/3233/3233 3232/3232/3232 3235/3235/3235 
f 3255/3255/3255 3256/3256/3256 3257/3257/3257 
f 3256/3256/3256 3255/3255/3255 3258/3258/3258 
f 3222/3222/3222 3223/3223/3223 3224/3224/3224 
f 3223/3223/3223 3222/3222/3222 3225/3225/3225 
f 3229/3229/3229 3230/3230/3230 3231/3231/3231 
f 3251/3251/3251 3252/3252/3252 3253/3253/3253 
f 3248/3248/3248 3249/3249/3249 3250/3250/3250 
f 3249/3249/3249 3248/3248/3248 3254/3254/3254 
f 3215/3215/3215 3216/3216/3216 3217/3217/3217 
f 3216/3216/3216 3215/3215/3215 3221/3221/3221 
f 3218/3218/3218 3219/3219/3219 3220/3220/3220 
f 3218/3218/3218 3246/3246/3246 3219/3219/3219 
f 3236/3236/3236 3237/3237/3237 3238/3238/3238 
f 3237/3237/3237 3236/3236/3236 3247/3247/3247 
f 3521/3521/3521 3522/3522/3522 3523/3523/3523 
f 3522/3522/3522 3521/3521/3521 3525/3525/3525 
f 3611/3611/3611 3612/3612/3612 3613/3613/3613 
f 3612/3612/3612 3611/3611/3611 3617/3617/3617 
f 3496/3496/3496 3497/3497/3497 3498/3498/3498 
f 3497/3497/3497 3496/3496/3496 3500/3500/3500 
f 3590/3590/3590 3591/3591/3591 3592/3592/3592 
f 3591/3591/3591 3590/3590/3590 3593/3593/3593 
f 3514/3514/3514 3515/3515/3515 3516/3516/3516 
f 3514/3514/3514 3516/3516/3516 3517/3517/3517 
f 3526/3526/3526 3527/3527/3527 3528/3528/3528 
f 3527/3527/3527 3526/3526/3526 3529/3529/3529 
f 3618/3618/3618 3619/3619/3619 3620/3620/3620 
f 3619/3619/3619 3618/3618/3618 3621/3621/3621 
f 3628/3628/3628 3629/3629/3629 3630/3630/3630 
f 3631/3631/3631 3630/3630/3630 3629/3629/3629 
f 3504/3504/3504 3505/3505/3505 3506/3506/3506 
f 3505/3505/3505 3504/3504/3504 3507/3507/3507 
f 3530/3530/3530 3531/3531/3531 3532/3532/3532 
f 3531/3531/3531 3530/3530/3530 3594/3594/3594 
f 3492/3492/3492 3493/3493/3493 3494/3494/3494 
f 3493/3493/3493 3492/3492/3492 3495/3495/3495 
f 3598/3598/3598 3599/3599/3599 3600/3600/3600 
f 3598/3598/3598 3608/3608/3608 3599/3599/3599 
f 3501/3501/3501 3502/3502/3502 3503/3503/3503 
f 3503/3503/3503 3508/3508/3508 3501/3501/3501 
f 3595/3595/3595 3596/3596/3596 3597/3597/3597 
f 3610/3610/3610 3596/3596/3596 3595/3595/3595 
f 3477/3477/3477 3478/3478/3478 3479/3479/3479 
f 3478/3478/3478 3477/3477/3477 3480/3480/3480 
f 3571/3571/3571 3572/3572/3572 3573/3573/3573 
f 3585/3585/3585 3573/3573/3573 3572/3572/3572 
f 3453/3453/3453 3454/3454/3454 3455/3455/3455 
f 3454/3454/3454 3453/3453/3453 3481/3481/3481 
f 3465/3465/3465 3466/3466/3466 3467/3467/3467 
f 3466/3466/3466 3465/3465/3465 3468/3468/3468 
f 3543/3543/3543 3544/3544/3544 3545/3545/3545 
f 3543/3543/3543 3601/3601/3601 3544/3544/3544 
f 3575/3575/3575 3576/3576/3576 3577/3577/3577 
f 3576/3576/3576 3575/3575/3575 3584/3584/3584 
f 3438/3438/3438 3439/3439/3439 3440/3440/3440 
f 3439/3439/3439 3438/3438/3438 3444/3444/3444 
f 3546/3546/3546 3547/3547/3547 3548/3548/3548 
f 3547/3547/3547 3546/3546/3546 3557/3557/3557 
f 3518/3518/3518 3519/3519/3519 3520/3520/3520 
f 3519/3519/3519 3518/3518/3518 3524/3524/3524 
f 3614/3614/3614 3615/3615/3615 3616/3616/3616 
f 3615/3615/3615 3614/3614/3614 3622/3622/3622 
f 3489/3489/3489 3490/3490/3490 3491/3491/3491 
f 3490/3490/3490 3489/3489/3489 3499/3499/3499 
f 3586/3586/3586 3587/3587/3587 3588/3588/3588 
f 3587/3587/3587 3586/3586/3586 3589/3589/3589 
f 3441/3441/3441 3442/3442/3442 3443/3443/3443 
f 3443/3443/3443 3456/3456/3456 3441/3441/3441 
f 3558/3558/3558 3559/3559/3559 3560/3560/3560 
f 3561/3561/3561 3559/3559/3559 3558/3558/3558 
f 3510/3510/3510 3511/3511/3511 3512/3512/3512 
f 3511/3511/3511 3510/3510/3510 3513/3513/3513 
f 3624/3624/3624 3625/3625/3625 3626/3626/3626 
f 3625/3625/3625 3624/3624/3624 3627/3627/3627 
f 3482/3482/3482 3483/3483/3483 3484/3484/3484 
f 3483/3483/3483 3482/3482/3482 3485/3485/3485 
f 3605/3605/3605 3606/3606/3606 3607/3607/3607 
f 3606/3606/3606 3605/3605/3605 3609/3609/3609 
f 3486/3486/3486 3487/3487/3487 3488/3488/3488 
f 3488/3488/3488 3509/3509/3509 3486/3486/3486 
f 3602/3602/3602 3603/3603/3603 3604/3604/3604 
f 3623/3623/3623 3603/3603/3603 3602/3602/3602 
f 3473/3473/3473 3474/3474/3474 3475/3475/3475 
f 3476/3476/3476 3475/3475/3475 3474/3474/3474 
f 3568/3568/3568 3569/3569/3569 3570/3570/3570 
f 3568/3568/3568 3574/3574/3574 3569/3569/3569 
f 3449/3449/3449 3450/3450/3450 3451/3451/3451 
f 3449/3449/3449 3451/3451/3451 3452/3452/3452 
f 3533/3533/3533 3534/3534/3534 3535/3535/3535 
f 3534/3534/3534 3533/3533/3533 3542/3542/3542 
f 3434/3434/3434 3435/3435/3435 3436/3436/3436 
f 3435/3435/3435 3434/3434/3434 3457/3457/3457 
f 3553/3553/3553 3554/3554/3554 3555/3555/3555 
f 3554/3554/3554 3553/3553/3553 3578/3578/3578 
f 3458/3458/3458 3459/3459/3459 3460/3460/3460 
f 3469/3469/3469 3458/3458/3458 3460/3460/3460 
f 3565/3565/3565 3566/3566/3566 3567/3567/3567 
f 3566/3566/3566 3565/3565/3565 3579/3579/3579 
f 3431/3431/3431 3432/3432/3432 3433/3433/3433 
f 3431/3431/3431 3433/3433/3433 3445/3445/3445 
f 3536/3536/3536 3537/3537/3537 3538/3538/3538 
f 3537/3537/3537 3536/3536/3536 3549/3549/3549 
f 3428/3428/3428 3429/3429/3429 3430/3430/3430 
f 3428/3428/3428 3437/3437/3437 3429/3429/3429 
f 3550/3550/3550 3551/3551/3551 3552/3552/3552 
f 3551/3551/3551 3550/3550/3550 3556/3556/3556 
f 3461/3461/3461 3462/3462/3462 3463/3463/3463 
f 3464/3464/3464 3463/3463/3463 3462/3462/3462 
f 3580/3580/3580 3581/3581/3581 3582/3582/3582 
f 3581/3581/3581 3580/3580/3580 3583/3583/3583 
f 3446/3446/3446 3447/3447/3447 3448/3448/3448 
f 3539/3539/3539 3540/3540/3540 3541/3541/3541 
f 3470/3470/3470 3471/3471/3471 3472/3472/3472 
f 3562/3562/3562 3563/3563/3563 3564/3564/3564 
f 3711/3711/3711 3712/3712/3712 3713/3713/3713 
f 3795/3795/3795 3796/3796/3796 3797/3797/3797 
f 3651/3651/3651 3652/3652/3652 3653/3653/3653 
f 3677/3677/3677 3653/3653/3653 3652/3652/3652 
f 3729/3729/3729 3730/3730/3730 3731/3731/3731 
f 3731/3731/3731 3767/3767/3767 3729/3729/3729 
f 3639/3639/3639 3640/3640/3640 3641/3641/3641 
f 3642/3642/3642 3640/3640/3640 3639/3639/3639 
f 3740/3740/3740 3741/3741/3741 3742/3742/3742 
f 3742/3742/3742 3743/3743/3743 3740/3740/3740 
f 3632/3632/3632 3633/3633/3633 3634/3634/3634 
f 3633/3633/3633 3632/3632/3632 3650/3650/3650 
f 3732/3732/3732 3733/3733/3733 3734/3734/3734 
f 3733/3733/3733 3732/3732/3732 3735/3735/3735 
f 3678/3678/3678 3679/3679/3679 3680/3680/3680 
f 3681/3681/3681 3680/3680/3680 3679/3679/3679 
f 3780/3780/3780 3781/3781/3781 3782/3782/3782 
f 3780/3780/3780 3782/3782/3782 3783/3783/3783 
f 3643/3643/3643 3644/3644/3644 3645/3645/3645 
f 3644/3644/3644 3643/3643/3643 3646/3646/3646 
f 3722/3722/3722 3723/3723/3723 3724/3724/3724 
f 3723/3723/3723 3722/3722/3722 3728/3728/3728 
f 3682/3682/3682 3683/3683/3683 3684/3684/3684 
f 3689/3689/3689 3684/3684/3684 3683/3683/3683 
f 3768/3768/3768 3769/3769/3769 3770/3770/3770 
f 3768/3768/3768 3779/3779/3779 3769/3769/3769 
f 3635/3635/3635 3636/3636/3636 3637/3637/3637 
f 3636/3636/3636 3635/3635/3635 3638/3638/3638 
f 3736/3736/3736 3737/3737/3737 3738/3738/3738 
f 3737/3737/3737 3736/3736/3736 3739/3739/3739 
f 3685/3685/3685 3686/3686/3686 3687/3687/3687 
f 3688/3688/3688 3687/3687/3687 3686/3686/3686 
f 3784/3784/3784 3785/3785/3785 3786/3786/3786 
f 3784/3784/3784 3786/3786/3786 3787/3787/3787 
f 3690/3690/3690 3691/3691/3691 3692/3692/3692 
f 3696/3696/3696 3692/3692/3692 3691/3691/3691 
f 3771/3771/3771 3772/3772/3772 3773/3773/3773 
f 3772/3772/3772 3771/3771/3771 3777/3777/3777 
f 3698/3698/3698 3699/3699/3699 3700/3700/3700 
f 3698/3698/3698 3700/3700/3700 3705/3705/3705 
f 3788/3788/3788 3789/3789/3789 3790/3790/3790 
f 3804/3804/3804 3790/3790/3790 3789/3789/3789 
f 3659/3659/3659 3660/3660/3660 3661/3661/3661 
f 3660/3660/3660 3659/3659/3659 3662/3662/3662 
f 3759/3759/3759 3760/3760/3760 3761/3761/3761 
f 3766/3766/3766 3759/3759/3759 3761/3761/3761 
f 3693/3693/3693 3694/3694/3694 3695/3695/3695 
f 3694/3694/3694 3693/3693/3693 3697/3697/3697 
f 3774/3774/3774 3775/3775/3775 3776/3776/3776 
f 3775/3775/3775 3774/3774/3774 3778/3778/3778 
f 3647/3647/3647 3648/3648/3648 3649/3649/3649 
f 3648/3648/3648 3647/3647/3647 3654/3654/3654 
f 3725/3725/3725 3726/3726/3726 3727/3727/3727 
f 3725/3725/3725 3744/3744/3744 3726/3726/3726 
f 3666/3666/3666 3667/3667/3667 3668/3668/3668 
f 3668/3668/3668 3667/3667/3667 3669/3669/3669 
f 3745/3745/3745 3746/3746/3746 3747/3747/3747 
f 3745/3745/3745 3748/3748/3748 3746/3746/3746 
f 3706/3706/3706 3707/3707/3707 3708/3708/3708 
f 3707/3707/3707 3706/3706/3706 3710/3710/3710 
f 3791/3791/3791 3792/3792/3792 3793/3793/3793 
f 3792/3792/3792 3791/3791/3791 3799/3799/3799 
f 3674/3674/3674 3675/3675/3675 3676/3676/3676 
f 3675/3675/3675 3674/3674/3674 3714/3714/3714 
f 3753/3753/3753 3754/3754/3754 3755/3755/3755 
f 3794/3794/3794 3753/3753/3753 3755/3755/3755 
f 3702/3702/3702 3703/3703/3703 3704/3704/3704 
f 3703/3703/3703 3702/3702/3702 3709/3709/3709 
f 3801/3801/3801 3802/3802/3802 3803/3803/3803 
f 3802/3802/3802 3801/3801/3801 3805/3805/3805 
f 3715/3715/3715 3716/3716/3716 3717/3717/3717 
f 3716/3716/3716 3715/3715/3715 3718/3718/3718 
f 3719/3719/3719 3720/3720/3720 3721/3721/3721 
f 3720/3720/3720 3719/3719/3719 3798/3798/3798 
f 3670/3670/3670 3671/3671/3671 3672/3672/3672 
f 3671/3671/3671 3670/3670/3670 3673/3673/3673 
f 3749/3749/3749 3750/3750/3750 3751/3751/3751 
f 3750/3750/3750 3749/3749/3749 3752/3752/3752 
f 3655/3655/3655 3656/3656/3656 3657/3657/3657 
f 3658/3658/3658 3656/3656/3656 3655/3655/3655 
f 3756/3756/3756 3757/3757/3757 3758/3758/3758 
f 3758/3758/3758 3762/3762/3762 3756/3756/3756 
f 3663/3663/3663 3664/3664/3664 3665/3665/3665 
f 3664/3664/3664 3663/3663/3663 3701/3701/3701 
f 3763/3763/3763 3764/3764/3764 3765/3765/3765 
f 3764/3764/3764 3763/3763/3763 3800/3800/3800 
f 3810/3810/3810 3811/3811/3811 3812/3812/3812 
f 3811/3811/3811 3810/3810/3810 3836/3836/3836 
f 3817/3817/3817 3818/3818/3818 3819/3819/3819 
f 3819/3819/3819 3818/3818/3818 3835/3835/3835 
f 3837/3837/3837 3838/3838/3838 3839/3839/3839 
f 3838/3838/3838 3837/3837/3837 3843/3843/3843 
f 3806/3806/3806 3807/3807/3807 3808/3808/3808 
f 3806/3806/3806 3808/3808/3808 3809/3809/3809 
f 3851/3851/3851 3852/3852/3852 3853/3853/3853 
f 3854/3854/3854 3852/3852/3852 3851/3851/3851 
f 3824/3824/3824 3825/3825/3825 3826/3826/3826 
f 3825/3825/3825 3827/3827/3827 3826/3826/3826 
f 3813/3813/3813 3814/3814/3814 3815/3815/3815 
f 3815/3815/3815 3816/3816/3816 3813/3813/3813 
f 3844/3844/3844 3845/3845/3845 3846/3846/3846 
f 3845/3845/3845 3844/3844/3844 3847/3847/3847 
f 3860/3860/3860 3861/3861/3861 3862/3862/3862 
f 3867/3867/3867 3861/3861/3861 3860/3860/3860 
f 3820/3820/3820 3821/3821/3821 3822/3822/3822 
f 3823/3823/3823 3820/3820/3820 3822/3822/3822 
f 3840/3840/3840 3841/3841/3841 3842/3842/3842 
f 3841/3841/3841 3840/3840/3840 3855/3855/3855 
f 3828/3828/3828 3829/3829/3829 3830/3830/3830 
f 3829/3829/3829 3828/3828/3828 3831/3831/3831 
f 3848/3848/3848 3849/3849/3849 3850/3850/3850 
f 3849/3849/3849 3848/3848/3848 3859/3859/3859 
f 3863/3863/3863 3864/3864/3864 3865/3865/3865 
f 3868/3868/3868 3863/3863/3863 3865/3865/3865 
f 3896/3896/3896 3897/3897/3897 3898/3898/3898 
f 3898/3898/3898 3897/3897/3897 3899/3899/3899 
f 3888/3888/3888 3889/3889/3889 3890/3890/3890 
f 3890/3890/3890 3889/3889/3889 3892/3892/3892 
f 3869/3869/3869 3870/3870/3870 3871/3871/3871 
f 3872/3872/3872 3869/3869/3869 3871/3871/3871 
f 3885/3885/3885 3886/3886/3886 3887/3887/3887 
f 3887/3887/3887 3886/3886/3886 3900/3900/3900 
f 3877/3877/3877 3878/3878/3878 3879/3879/3879 
f 3879/3879/3879 3880/3880/3880 3877/3877/3877 
f 3873/3873/3873 3874/3874/3874 3875/3875/3875 
f 3875/3875/3875 3876/3876/3876 3873/3873/3873 
f 3893/3893/3893 3894/3894/3894 3895/3895/3895 
f 3894/3894/3894 3893/3893/3893 3904/3904/3904 
f 3905/3905/3905 3906/3906/3906 3907/3907/3907 
f 3881/3881/3881 3882/3882/3882 3883/3883/3883 
f 3883/3883/3883 3884/3884/3884 3881/3881/3881 
f 3908/3908/3908 3909/3909/3909 3910/3910/3910 
f 3910/3910/3910 3909/3909/3909 3911/3911/3911 
f 3856/3856/3856 3857/3857/3857 3858/3858/3858 
f 3856/3856/3856 3858/3858/3858 3891/3891/3891 
f 3832/3832/3832 3833/3833/3833 3834/3834/3834 
f 3866/3866/3866 3834/3834/3834 3833/3833/3833 
f 3912/3912/3912 3913/3913/3913 3914/3914/3914 
f 3913/3913/3913 3912/3912/3912 3983/3983/3983 
f 3976/3976/3976 3977/3977/3977 3978/3978/3978 
f 3977/3977/3977 3976/3976/3976 3979/3979/3979 
f 4002/4002/4002 4003/4003/4003 4004/4004/4004 
f 4003/4003/4003 4002/4002/4002 4005/4005/4005 
f 3901/3901/3901 3902/3902/3902 3903/3903/3903 
f 3902/3902/3902 3901/3901/3901 4006/4006/4006 
f 3958/3958/3958 3959/3959/3959 3960/3960/3960 
f 3959/3959/3959 3958/3958/3958 4014/4014/4014 
f 3973/3973/3973 3974/3974/3974 3975/3975/3975 
f 3974/3974/3974 3973/3973/3973 3991/3991/3991 
f 3999/3999/3999 4000/4000/4000 4001/4001/4001 
f 4000/4000/4000 3999/3999/3999 4011/4011/4011 
f 4007/4007/4007 4008/4008/4008 4009/4009/4009 
f 4008/4008/4008 4007/4007/4007 4010/4010/4010 
f 3984/3984/3984 3985/3985/3985 3986/3986/3986 
f 3985/3985/3985 3984/3984/3984 3987/3987/3987 
f 3980/3980/3980 3981/3981/3981 3982/3982/3982 
f 3981/3981/3981 3980/3980/3980 3996/3996/3996 
f 3955/3955/3955 3956/3956/3956 3957/3957/3957 
f 3956/3956/3956 3955/3955/3955 4013/4013/4013 
f 3926/3926/3926 3927/3927/3927 3928/3928/3928 
f 3927/3927/3927 3926/3926/3926 3992/3992/3992 
f 3951/3951/3951 3952/3952/3952 3953/3953/3953 
f 3951/3951/3951 3953/3953/3953 3954/3954/3954 
f 3988/3988/3988 3989/3989/3989 3990/3990/3990 
f 3989/3989/3989 3988/3988/3988 3998/3998/3998 
f 3993/3993/3993 3994/3994/3994 3995/3995/3995 
f 3994/3994/3994 3993/3993/3993 3997/3997/3997 
f 4015/4015/4015 4016/4016/4016 4017/4017/4017 
f 4016/4016/4016 4015/4015/4015 4018/4018/4018 
f 3922/3922/3922 3923/3923/3923 3924/3924/3924 
f 3922/3922/3922 3925/3925/3925 3923/3923/3923 
f 3943/3943/3943 3944/3944/3944 3945/3945/3945 
f 3944/3944/3944 3943/3943/3943 4012/4012/4012 
f 3947/3947/3947 3948/3948/3948 3949/3949/3949 
f 3948/3948/3948 3947/3947/3947 3950/3950/3950 
f 3915/3915/3915 3916/3916/3916 3917/3917/3917 
f 3916/3916/3916 3915/3915/3915 3918/3918/3918 
f 3969/3969/3969 3970/3970/3970 3971/3971/3971 
f 3970/3970/3970 3969/3969/3969 3972/3972/3972 
f 3939/3939/3939 3940/3940/3940 3941/3941/3941 
f 3940/3940/3940 3939/3939/3939 3942/3942/3942 
f 3929/3929/3929 3930/3930/3930 3931/3931/3931 
f 3961/3961/3961 3962/3962/3962 3963/3963/3963 
f 3965/3965/3965 3966/3966/3966 3967/3967/3967 
f 3966/3966/3966 3965/3965/3965 3968/3968/3968 
f 3932/3932/3932 3933/3933/3933 3934/3934/3934 
f 3933/3933/3933 3932/3932/3932 3938/3938/3938 
f 3935/3935/3935 3936/3936/3936 3937/3937/3937 
f 3936/3936/3936 3935/3935/3935 3946/3946/3946 
f 3919/3919/3919 3920/3920/3920 3921/3921/3921 
f 3920/3920/3920 3919/3919/3919 3964/3964/3964 
f 4067/4067/4067 4068/4068/4068 4069/4069/4069 
f 4069/4069/4069 4073/4073/4073 4067/4067/4067 
f 4181/4181/4181 4182/4182/4182 4183/4183/4183 
f 4182/4182/4182 4181/4181/4181 4202/4202/4202 
f 4070/4070/4070 4071/4071/4071 4072/4072/4072 
f 4074/4074/4074 4072/4072/4072 4071/4071/4071 
f 4178/4178/4178 4179/4179/4179 4180/4180/4180 
f 4179/4179/4179 4178/4178/4178 4184/4184/4184 
f 4094/4094/4094 4095/4095/4095 4096/4096/4096 
f 4094/4094/4094 4096/4096/4096 4097/4097/4097 
f 4203/4203/4203 4204/4204/4204 4205/4205/4205 
f 4204/4204/4204 4203/4203/4203 4206/4206/4206 
f 4079/4079/4079 4080/4080/4080 4081/4081/4081 
f 4081/4081/4081 4080/4080/4080 4082/4082/4082 
f 4166/4166/4166 4167/4167/4167 4168/4168/4168 
f 4166/4166/4166 4168/4168/4168 4177/4177/4177 
f 4098/4098/4098 4099/4099/4099 4100/4100/4100 
f 4099/4099/4099 4098/4098/4098 4109/4109/4109 
f 4193/4193/4193 4194/4194/4194 4195/4195/4195 
f 4194/4194/4194 4193/4193/4193 4201/4201/4201 
f 4026/4026/4026 4027/4027/4027 4028/4028/4028 
f 4028/4028/4028 4045/4045/4045 4026/4026/4026 
f 4136/4136/4136 4137/4137/4137 4138/4138/4138 
f 4137/4137/4137 4136/4136/4136 4143/4143/4143 
f 4029/4029/4029 4030/4030/4030 4031/4031/4031 
f 4032/4032/4032 4031/4031/4031 4030/4030/4030 
f 4139/4139/4139 4140/4140/4140 4141/4141/4141 
f 4140/4140/4140 4139/4139/4139 4142/4142/4142 
f 4053/4053/4053 4054/4054/4054 4055/4055/4055 
f 4053/4053/4053 4055/4055/4055 4056/4056/4056 
f 4161/4161/4161 4162/4162/4162 4163/4163/4163 
f 4162/4162/4162 4161/4161/4161 4164/4164/4164 
f 4033/4033/4033 4034/4034/4034 4035/4035/4035 
f 4043/4043/4043 4035/4035/4035 4034/4034/4034 
f 4125/4125/4125 4126/4126/4126 4127/4127/4127 
f 4125/4125/4125 4165/4165/4165 4126/4126/4126 
f 4049/4049/4049 4050/4050/4050 4051/4051/4051 
f 4050/4050/4050 4049/4049/4049 4065/4065/4065 
f 4149/4149/4149 4150/4150/4150 4151/4151/4151 
f 4150/4150/4150 4149/4149/4149 4159/4159/4159 
f 4057/4057/4057 4058/4058/4058 4059/4059/4059 
f 4057/4057/4057 4059/4059/4059 4066/4066/4066 
f 4152/4152/4152 4153/4153/4153 4154/4154/4154 
f 4153/4153/4153 4152/4152/4152 4155/4155/4155 
f 4019/4019/4019 4020/4020/4020 4021/4021/4021 
f 4020/4020/4020 4019/4019/4019 4044/4044/4044 
f 4128/4128/4128 4129/4129/4129 4130/4130/4130 
f 4129/4129/4129 4128/4128/4128 4131/4131/4131 
f 4075/4075/4075 4076/4076/4076 4077/4077/4077 
f 4076/4076/4076 4075/4075/4075 4078/4078/4078 
f 4185/4185/4185 4186/4186/4186 4187/4187/4187 
f 4186/4186/4186 4185/4185/4185 4188/4188/4188 
f 4046/4046/4046 4047/4047/4047 4048/4048/4048 
f 4047/4047/4047 4046/4046/4046 4052/4052/4052 
f 4156/4156/4156 4157/4157/4157 4158/4158/4158 
f 4157/4157/4157 4156/4156/4156 4160/4160/4160 
f 4101/4101/4101 4102/4102/4102 4103/4103/4103 
f 4102/4102/4102 4101/4101/4101 4104/4104/4104 
f 4207/4207/4207 4208/4208/4208 4209/4209/4209 
f 4208/4208/4208 4207/4207/4207 4210/4210/4210 
f 4091/4091/4091 4092/4092/4092 4093/4093/4093 
f 4093/4093/4093 4105/4105/4105 4091/4091/4091 
f 4189/4189/4189 4190/4190/4190 4191/4191/4191 
f 4191/4191/4191 4190/4190/4190 4199/4199/4199 
f 4022/4022/4022 4023/4023/4023 4024/4024/4024 
f 4023/4023/4023 4022/4022/4022 4025/4025/4025 
f 4132/4132/4132 4133/4133/4133 4134/4134/4134 
f 4133/4133/4133 4132/4132/4132 4135/4135/4135 
f 4083/4083/4083 4084/4084/4084 4085/4085/4085 
f 4086/4086/4086 4085/4085/4085 4084/4084/4084 
f 4169/4169/4169 4170/4170/4170 4171/4171/4171 
f 4169/4169/4169 4171/4171/4171 4172/4172/4172 
f 4106/4106/4106 4107/4107/4107 4108/4108/4108 
f 4106/4106/4106 4110/4110/4110 4107/4107/4107 
f 4115/4115/4115 4116/4116/4116 4117/4117/4117 
f 4116/4116/4116 4115/4115/4115 4192/4192/4192 
f 4087/4087/4087 4088/4088/4088 4089/4089/4089 
f 4088/4088/4088 4087/4087/4087 4090/4090/4090 
f 4173/4173/4173 4174/4174/4174 4175/4175/4175 
f 4174/4174/4174 4173/4173/4173 4176/4176/4176 
f 4111/4111/4111 4112/4112/4112 4113/4113/4113 
f 4112/4112/4112 4111/4111/4111 4114/4114/4114 
f 4196/4196/4196 4197/4197/4197 4198/4198/4198 
f 4197/4197/4197 4196/4196/4196 4200/4200/4200 
f 4039/4039/4039 4040/4040/4040 4041/4041/4041 
f 4041/4041/4041 4040/4040/4040 4060/4060/4060 
f 4121/4121/4121 4122/4122/4122 4123/4123/4123 
f 4122/4122/4122 4121/4121/4121 4144/4144/4144 
f 4036/4036/4036 4037/4037/4037 4038/4038/4038 
f 4037/4037/4037 4036/4036/4036 4042/4042/4042 
f 4118/4118/4118 4119/4119/4119 4120/4120/4120 
f 4119/4119/4119 4118/4118/4118 4124/4124/4124 
f 4061/4061/4061 4062/4062/4062 4063/4063/4063 
f 4062/4062/4062 4061/4061/4061 4064/4064/4064 
f 4145/4145/4145 4146/4146/4146 4147/4147/4147 
f 4146/4146/4146 4145/4145/4145 4148/4148/4148 
f 4253/4253/4253 4254/4254/4254 4255/4255/4255 
f 4255/4255/4255 4256/4256/4256 4253/4253/4253 
f 4328/4328/4328 4329/4329/4329 4330/4330/4330 
f 4376/4376/4376 4330/4330/4330 4329/4329/4329 
f 4239/4239/4239 4240/4240/4240 4241/4241/4241 
f 4240/4240/4240 4239/4239/4239 4252/4252/4252 
f 4325/4325/4325 4326/4326/4326 4327/4327/4327 
f 4326/4326/4326 4325/4325/4325 4331/4331/4331 
f 4243/4243/4243 4244/4244/4244 4245/4245/4245 
f 4245/4245/4245 4246/4246/4246 4243/4243/4243 
f 4336/4336/4336 4337/4337/4337 4338/4338/4338 
f 4339/4339/4339 4337/4337/4337 4336/4336/4336 
f 4278/4278/4278 4279/4279/4279 4280/4280/4280 
f 4278/4278/4278 4281/4281/4281 4279/4279/4279 
f 4373/4373/4373 4374/4374/4374 4375/4375/4375 
f 4377/4377/4377 4375/4375/4375 4374/4374/4374 
f 4286/4286/4286 4287/4287/4287 4288/4288/4288 
f 4286/4286/4286 4288/4288/4288 4292/4292/4292 
f 4362/4362/4362 4363/4363/4363 4364/4364/4364 
f 4365/4365/4365 4364/4364/4364 4363/4363/4363 
f 4236/4236/4236 4237/4237/4237 4238/4238/4238 
f 4237/4237/4237 4236/4236/4236 4242/4242/4242 
f 4332/4332/4332 4333/4333/4333 4334/4334/4334 
f 4333/4333/4333 4332/4332/4332 4335/4335/4335 
f 4282/4282/4282 4283/4283/4283 4284/4284/4284 
f 4282/4282/4282 4284/4284/4284 4285/4285/4285 
f 4370/4370/4370 4371/4371/4371 4372/4372/4372 
f 4378/4378/4378 4372/4372/4372 4371/4371/4371 
f 4247/4247/4247 4248/4248/4248 4249/4249/4249 
f 4248/4248/4248 4247/4247/4247 4251/4251/4251 
f 4321/4321/4321 4322/4322/4322 4323/4323/4323 
f 4322/4322/4322 4321/4321/4321 4324/4324/4324 
f 4289/4289/4289 4290/4290/4290 4291/4291/4291 
f 4290/4290/4290 4289/4289/4289 4293/4293/4293 
f 4366/4366/4366 4367/4367/4367 4368/4368/4368 
f 4369/4369/4369 4368/4368/4368 4367/4367/4367 
f 4258/4258/4258 4259/4259/4259 4260/4260/4260 
f 4259/4259/4259 4258/4258/4258 4265/4265/4265 
f 4356/4356/4356 4357/4357/4357 4358/4358/4358 
f 4360/4360/4360 4358/4358/4358 4357/4357/4357 
f 4215/4215/4215 4216/4216/4216 4217/4217/4217 
f 4216/4216/4216 4215/4215/4215 4221/4221/4221 
f 4313/4313/4313 4314/4314/4314 4315/4315/4315 
f 4314/4314/4314 4313/4313/4313 4319/4319/4319 
f 4275/4275/4275 4276/4276/4276 4277/4277/4277 
f 4276/4276/4276 4275/4275/4275 4294/4294/4294 
f 4349/4349/4349 4350/4350/4350 4351/4351/4351 
f 4350/4350/4350 4361/4361/4361 4351/4351/4351 
f 4233/4233/4233 4234/4234/4234 4235/4235/4235 
f 4234/4234/4234 4233/4233/4233 4250/4250/4250 
f 4301/4301/4301 4302/4302/4302 4303/4303/4303 
f 4302/4302/4302 4301/4301/4301 4320/4320/4320 
f 4266/4266/4266 4267/4267/4267 4268/4268/4268 
f 4267/4267/4267 4266/4266/4266 4270/4270/4270 
f 4344/4344/4344 4345/4345/4345 4346/4346/4346 
f 4345/4345/4345 4344/4344/4344 4347/4347/4347 
f 4261/4261/4261 4262/4262/4262 4263/4263/4263 
f 4262/4262/4262 4261/4261/4261 4264/4264/4264 
f 4352/4352/4352 4353/4353/4353 4354/4354/4354 
f 4353/4353/4353 4352/4352/4352 4359/4359/4359 
f 4211/4211/4211 4212/4212/4212 4213/4213/4213 
f 4213/4213/4213 4214/4214/4214 4211/4211/4211 
f 4230/4230/4230 4231/4231/4231 4232/4232/4232 
f 4269/4269/4269 4230/4230/4230 4232/4232/4232 
f 4309/4309/4309 4310/4310/4310 4311/4311/4311 
f 4312/4312/4312 4310/4310/4310 4309/4309/4309 
f 4340/4340/4340 4341/4341/4341 4342/4342/4342 
f 4341/4341/4341 4340/4340/4340 4343/4343/4343 
f 4225/4225/4225 4226/4226/4226 4227/4227/4227 
f 4226/4226/4226 4225/4225/4225 4229/4229/4229 
f 4305/4305/4305 4306/4306/4306 4307/4307/4307 
f 4306/4306/4306 4305/4305/4305 4308/4308/4308 
f 4271/4271/4271 4272/4272/4272 4273/4273/4273 
f 4272/4272/4272 4271/4271/4271 4274/4274/4274 
f 4295/4295/4295 4296/4296/4296 4297/4297/4297 
f 4296/4296/4296 4295/4295/4295 4348/4348/4348 
f 4222/4222/4222 4223/4223/4223 4224/4224/4224 
f 4222/4222/4222 4224/4224/4224 4228/4228/4228 
f 4298/4298/4298 4299/4299/4299 4300/4300/4300 
f 4304/4304/4304 4299/4299/4299 4298/4298/4298 
f 4218/4218/4218 4219/4219/4219 4220/4220/4220 
f 4219/4219/4219 4218/4218/4218 4257/4257/4257 
f 4316/4316/4316 4317/4317/4317 4318/4318/4318 
f 4317/4317/4317 4316/4316/4316 4355/4355/4355 

g Sphere0011

v 0.200902 4.24012 -0.877738 
v 0.200902 4.24012 -0.622778 
v 0.200902 4.0119 -0.877738 
v 0.200902 4.0119 -0.622778 
v 0.429123 4.0119 -0.622778 
v 0.429123 4.0119 -0.37661 
v 0.429123 3.78368 -0.622778 
v 0.657344 4.24012 -0.622778 
v 0.657344 4.24012 -0.37661 
v 0.657344 4.0119 -0.622778 
v 0.429123 3.78368 -0.37661 
v 0.657344 4.0119 -0.37661 
v 0.657344 3.78368 -0.37661 
v 0.657344 3.78368 -0.156817 
v 0.657344 3.55546 -0.37661 
v 0.429123 4.46834 -0.622778 
v 0.429123 4.24012 -0.622778 
v 0.429123 4.24012 -0.877738 
v 0.200902 5.15301 -0.877738 
v 0.200902 5.15301 -0.622778 
v 0.200902 4.92478 -0.877738 
v 0.429123 4.46834 -0.877738 
v 0.429123 4.92478 -0.877738 
v 0.429123 4.92478 -0.622778 
v 0.429123 4.69656 -0.877738 
v 0.429123 4.69656 -0.622778 
v 0.200902 4.92478 -0.622778 
v 0.429123 5.38123 -0.622778 
v 0.429123 5.38123 -0.37661 
v 0.429123 5.15301 -0.622778 
v 0.429123 5.15301 -0.37661 
v 0.657344 3.55546 -0.156817 
v 0.657344 4.69656 -0.877738 
v 0.657344 4.69656 -0.622778 
v 0.657344 4.46834 -0.877738 
v 0.657344 4.46834 -0.622778 
v 0.885565 4.24012 -0.622778 
v 0.885565 4.92478 -0.622778 
v 0.885565 4.92478 -0.37661 
v 0.885565 4.24012 -0.37661 
v 0.885565 4.0119 -0.37661 
v 0.885565 4.0119 -0.156817 
v 0.885565 3.78368 -0.37661 
v 0.885565 3.78368 -0.156817 
v 1.11379 5.15301 -0.156817 
v 1.11379 4.0119 -0.156817 
v 1.11379 4.0119 -0.37661 
v 1.11379 5.15301 -0.37661 
v 0.657344 5.15301 -0.622778 
v 0.657344 5.15301 -0.37661 
v 0.657344 4.92478 -0.622778 
v 0.657344 4.92478 -0.37661 
v 0.885565 5.38123 -0.37661 
v 0.885565 5.38123 -0.156817 
v 0.885565 5.15301 -0.37661 
v 0.657344 5.60945 -0.37661 
v 0.657344 5.60945 -0.156817 
v 0.657344 5.38123 -0.37661 
v 0.657344 5.38123 -0.156817 
v 0.885565 5.15301 -0.156817 
v -0.483762 4.69656 -0.622778 
v -0.25554 4.69656 -0.877738 
v -0.483762 4.69656 -0.877738 
v -0.25554 4.69656 -0.622778 
v -0.25554 4.92478 -0.622778 
v -0.0273192 4.92478 -0.877738 
v -0.25554 4.92478 -0.877738 
v -0.0273192 4.92478 -0.622778 
v -0.940204 5.15301 -0.156817 
v -0.711982 5.15301 -0.37661 
v -0.940204 5.15301 -0.37661 
v -0.711982 4.92478 -0.37661 
v -0.483762 4.92478 -0.622778 
v -0.711982 4.92478 -0.622778 
v -0.483762 4.92478 -0.37661 
v -0.711982 5.15301 -0.156817 
v -0.483762 5.15301 -0.37661 
v -0.25554 5.15301 -0.622778 
v -0.483762 5.15301 -0.622778 
v -0.25554 5.15301 -0.37661 
v -0.0273192 5.15301 -0.622778 
v 0.200902 5.15301 -0.877738 
v -0.0273192 5.15301 -0.877738 
v -0.25554 5.38123 -0.37661 
v 0.429123 5.38123 -0.37661 
v -0.25554 5.38123 -0.622778 
v -0.711982 5.38123 -0.156817 
v -0.483762 5.38123 -0.37661 
v -0.711982 5.38123 -0.37661 
v -0.483762 5.38123 -0.156817 
v -0.483762 5.60945 -0.156817 
v 0.657344 5.60945 -0.37661 
v -0.483762 5.60945 -0.37661 
v 0.200902 5.15301 -0.622778 
v 0.200902 4.92478 -0.622778 
v 0.429123 4.92478 -0.877738 
v 0.200902 4.92478 -0.877738 
v 0.429123 4.69656 -0.622778 
v 0.657344 4.69656 -0.877738 
v 0.429123 4.69656 -0.877738 
v 0.657344 4.69656 -0.622778 
v 0.429123 4.92478 -0.622778 
v 0.429123 5.15301 -0.37661 
v 0.657344 5.15301 -0.622778 
v 0.429123 5.15301 -0.622778 
v 0.657344 4.92478 -0.37661 
v 0.885565 4.92478 -0.622778 
v 0.657344 4.92478 -0.622778 
v 0.885565 4.92478 -0.37661 
v 0.657344 5.15301 -0.37661 
v 0.429123 5.38123 -0.622778 
v 0.657344 5.38123 -0.156817 
v 0.885565 5.38123 -0.37661 
v 0.657344 5.38123 -0.37661 
v 0.885565 5.15301 -0.156817 
v 1.11379 5.15301 -0.37661 
v 0.885565 5.15301 -0.37661 
v 1.11379 5.15301 -0.156817 
v 0.657344 5.60945 -0.156817 
v 0.885565 5.38123 -0.156817 
v -0.483762 4.0119 -0.37661 
v -0.483762 4.24012 -0.622778 
v -0.483762 4.0119 -0.622778 
v -0.483762 4.24012 -0.37661 
v -0.483762 3.55546 -0.156817 
v -0.483762 3.78368 -0.37661 
v -0.483762 3.55546 -0.37661 
v -0.711982 3.78368 -0.156817 
v -0.711982 4.0119 -0.37661 
v -0.711982 3.78368 -0.37661 
v -0.940204 4.0119 -0.156817 
v -0.940204 5.15301 -0.37661 
v -0.940204 4.0119 -0.37661 
v -0.711982 4.0119 -0.156817 
v -0.483762 3.78368 -0.156817 
v -0.711982 4.24012 -0.37661 
v -0.711982 4.92478 -0.622778 
v -0.711982 4.24012 -0.622778 
v -0.483762 4.46834 -0.622778 
v -0.483762 4.69656 -0.877738 
v -0.483762 4.46834 -0.877738 
v -0.483762 4.69656 -0.622778 
v -0.483762 4.92478 -0.37661 
v -0.483762 5.15301 -0.622778 
v -0.483762 4.92478 -0.622778 
v -0.711982 4.92478 -0.37661 
v -0.940204 5.15301 -0.156817 
v -0.711982 5.15301 -0.156817 
v -0.711982 5.38123 -0.37661 
v -0.711982 5.15301 -0.37661 
v -0.711982 5.38123 -0.156817 
v -0.483762 5.15301 -0.37661 
v -0.25554 4.24012 -0.622778 
v -0.25554 4.46834 -0.877738 
v -0.25554 4.24012 -0.877738 
v -0.25554 4.69656 -0.622778 
v -0.25554 4.92478 -0.877738 
v -0.25554 4.69656 -0.877738 
v -0.0273192 4.0119 -0.622778 
v -0.0273192 4.24012 -0.877738 
v -0.0273192 4.0119 -0.877738 
v -0.0273192 4.24012 -0.622778 
v -0.25554 4.46834 -0.622778 
v -0.25554 3.78368 -0.37661 
v -0.25554 4.0119 -0.622778 
v -0.25554 3.78368 -0.622778 
v -0.25554 4.0119 -0.37661 
v -0.25554 4.92478 -0.622778 
v -0.25554 5.15301 -0.37661 
v -0.25554 5.38123 -0.622778 
v -0.25554 5.15301 -0.622778 
v -0.0273192 4.92478 -0.622778 
v -0.0273192 5.15301 -0.877738 
v -0.0273192 4.92478 -0.877738 
v -0.0273192 5.15301 -0.622778 
v -0.25554 5.38123 -0.37661 
v -0.483762 5.38123 -0.156817 
v -0.483762 5.60945 -0.37661 
v -0.483762 5.38123 -0.37661 
v -0.483762 5.60945 -0.156817 
v -0.711982 3.78368 -0.37661 
v -0.483762 3.78368 -0.37661 
v -0.483762 3.78368 -0.156817 
v -0.483762 4.0119 -0.622778 
v -0.25554 4.0119 -0.37661 
v -0.483762 4.0119 -0.37661 
v 0.200902 3.55546 -0.37661 
v -0.483762 3.55546 -0.156817 
v -0.483762 3.55546 -0.37661 
v -0.25554 3.78368 -0.622778 
v 0.200902 3.78368 -0.37661 
v -0.25554 3.78368 -0.37661 
v -0.940204 4.0119 -0.37661 
v -0.711982 4.0119 -0.37661 
v -0.711982 4.0119 -0.156817 
v -0.940204 4.0119 -0.156817 
v -0.711982 3.78368 -0.156817 
v 0.657344 3.55546 -0.156817 
v -0.25554 4.0119 -0.622778 
v -0.483762 4.46834 -0.877738 
v -0.25554 4.46834 -0.877738 
v -0.25554 4.46834 -0.622778 
v -0.25554 4.24012 -0.877738 
v -0.0273192 4.24012 -0.877738 
v -0.0273192 4.24012 -0.622778 
v -0.0273192 4.0119 -0.877738 
v 0.200902 4.0119 -0.622778 
v -0.0273192 4.0119 -0.622778 
v -0.25554 4.24012 -0.622778 
v -0.711982 4.24012 -0.622778 
v -0.483762 4.24012 -0.37661 
v -0.711982 4.24012 -0.37661 
v -0.483762 4.24012 -0.622778 
v -0.483762 4.46834 -0.622778 
v 0.429123 3.78368 -0.622778 
v 0.429123 3.78368 -0.37661 
v 0.429123 4.0119 -0.622778 
v 0.657344 4.0119 -0.37661 
v 0.429123 4.0119 -0.37661 
v 0.657344 3.55546 -0.37661 
v 0.657344 3.78368 -0.37661 
v 0.885565 3.78368 -0.37661 
v 0.885565 3.78368 -0.156817 
v 0.657344 3.78368 -0.156817 
v 0.885565 4.0119 -0.37661 
v 1.11379 4.0119 -0.156817 
v 0.885565 4.0119 -0.156817 
v 1.11379 4.0119 -0.37661 
v 0.657344 4.0119 -0.622778 
v 0.200902 4.0119 -0.877738 
v 0.200902 4.24012 -0.877738 
v 0.429123 4.24012 -0.877738 
v 0.429123 4.24012 -0.622778 
v 0.429123 4.46834 -0.877738 
v 0.657344 4.46834 -0.877738 
v 0.657344 4.46834 -0.622778 
v 0.200902 4.24012 -0.622778 
v 0.429123 4.46834 -0.622778 
v 0.657344 4.24012 -0.622778 
v 0.885565 4.24012 -0.37661 
v 0.657344 4.24012 -0.37661 
v 0.885565 4.24012 -0.622778 
v -0.483762 4.24012 -0.622778 
v -0.25554 4.0119 -0.622778 
v -0.483762 4.0119 -0.622778 
v -0.25554 4.24012 -0.622778 
v -0.711982 4.24012 -0.622778 
v -0.483762 4.46834 -0.622778 
v -0.25554 4.46834 -0.622778 
v -0.0273192 4.24012 -0.877738 
v -0.25554 4.24012 -0.877738 
v -0.25554 4.46834 -0.877738 
v -0.483762 4.69656 -0.877738 
v -0.483762 4.46834 -0.877738 
v -0.0273192 4.0119 -0.622778 
v -0.25554 3.78368 -0.622778 
v 0.429123 3.78368 -0.622778 
v -0.0273192 4.24012 -0.622778 
v 0.200902 4.24012 -0.877738 
v -0.0273192 4.0119 -0.877738 
v -0.711982 3.78368 -0.37661 
v -0.483762 4.0119 -0.37661 
v -0.483762 3.78368 -0.37661 
v -0.711982 4.0119 -0.37661 
v -0.940204 4.0119 -0.37661 
v -0.711982 4.24012 -0.37661 
v -0.483762 4.69656 -0.622778 
v -0.711982 4.92478 -0.37661 
v -0.483762 4.24012 -0.37661 
v 0.200902 3.55546 -0.37661 
v -0.483762 3.55546 -0.37661 
v -0.25554 3.78368 -0.37661 
v 0.200902 3.78368 -0.37661 
v -0.25554 4.0119 -0.37661 
v -0.711982 4.92478 -0.622778 
v -0.25554 4.69656 -0.877738 
v -0.483762 4.92478 -0.622778 
v -0.25554 4.69656 -0.622778 
v -0.25554 4.92478 -0.622778 
v -0.25554 5.15301 -0.622778 
v -0.483762 5.15301 -0.622778 
v -0.0273192 4.92478 -0.877738 
v 0.429123 4.69656 -0.877738 
v -0.25554 4.92478 -0.877738 
v -0.0273192 4.92478 -0.622778 
v 0.200902 5.15301 -0.877738 
v -0.0273192 5.15301 -0.877738 
v -0.0273192 5.15301 -0.622778 
v -0.25554 5.38123 -0.622778 
v -0.940204 5.15301 -0.37661 
v -0.711982 5.15301 -0.37661 
v -0.483762 4.92478 -0.37661 
v -0.483762 5.15301 -0.37661 
v -0.711982 5.38123 -0.37661 
v -0.483762 5.38123 -0.37661 
v 0.200902 5.15301 -0.622778 
v -0.483762 5.15301 -0.37661 
v -0.25554 5.38123 -0.37661 
v -0.25554 5.15301 -0.37661 
v -0.483762 5.38123 -0.37661 
v -0.483762 5.60945 -0.37661 
v 0.429123 5.38123 -0.37661 
v 0.200902 4.0119 -0.877738 
v 0.200902 4.0119 -0.622778 
v 0.429123 4.0119 -0.622778 
v 0.429123 4.24012 -0.622778 
v 0.200902 4.24012 -0.622778 
v 0.429123 4.46834 -0.877738 
v 0.429123 4.24012 -0.877738 
v 0.657344 4.24012 -0.622778 
v 0.657344 4.0119 -0.622778 
v 0.429123 4.46834 -0.622778 
v 0.657344 4.46834 -0.622778 
v 0.885565 4.24012 -0.622778 
v 0.885565 4.92478 -0.622778 
v 0.429123 3.78368 -0.37661 
v 0.657344 3.55546 -0.37661 
v 0.200902 3.55546 -0.37661 
v 0.200902 3.78368 -0.37661 
v 0.657344 3.78368 -0.37661 
v 0.429123 4.0119 -0.37661 
v 0.657344 4.0119 -0.37661 
v 0.885565 4.0119 -0.37661 
v 0.885565 3.78368 -0.37661 
v 0.657344 4.24012 -0.37661 
v 0.885565 4.24012 -0.37661 
v 1.11379 4.0119 -0.37661 
v 0.885565 4.92478 -0.37661 
v 0.657344 4.46834 -0.877738 
v 0.200902 4.92478 -0.877738 
v 0.429123 4.92478 -0.877738 
v 0.657344 4.92478 -0.622778 
v 0.429123 4.69656 -0.622778 
v 0.429123 4.92478 -0.622778 
v 0.429123 5.15301 -0.622778 
v 0.200902 4.92478 -0.622778 
v 0.657344 4.69656 -0.877738 
v 0.657344 4.69656 -0.622778 
v 0.657344 5.15301 -0.622778 
v 0.429123 5.38123 -0.622778 
v 0.657344 5.15301 -0.37661 
v 0.429123 5.15301 -0.37661 
v 0.657344 5.38123 -0.37661 
v 0.657344 5.60945 -0.37661 
v 0.657344 4.92478 -0.37661 
v 1.11379 5.15301 -0.37661 
v 0.885565 5.15301 -0.37661 
v 0.885565 5.38123 -0.37661 

vn 1 0 0 
vn 1 0 0 
vn 1 0 0 
vn 1 0 0 
vn 1 0 0 
vn 1 0 0 
vn 1 0 0 
vn 1 0 0 
vn 1 0 0 
vn 1 0 0 
vn 1 0 0 
vn 1 0 0 
vn 1 0 0 
vn 1 0 0 
vn 1 0 0 
vn 1 0 0 
vn 1 0 0 
vn 1 0 0 
vn 1 0 0 
vn 1 0 0 
vn 1 0 0 
vn 1 0 0 
vn 1 0 0 
vn 1 0 0 
vn 1 0 0 
vn 1 0 0 
vn 1 0 0 
vn 1 0 0 
vn 1 0 0 
vn 1 0 0 
vn 1 0 0 
vn 1 0 0 
vn 1 0 0 
vn 1 0 0 
vn 1 0 0 
vn 1 0 0 
vn 1 0 0 
vn 1 0 0 
vn 1 0 0 
vn 1 0 0 
vn 1 0 0 
vn 1 0 0 
vn 1 0 0 
vn 1 0 0 
vn 1 0 0 
vn 1 0 0 
vn 1 0 0 
vn 1 0 0 
vn 1 0 0 
vn 1 0 0 
vn 1 0 0 
vn 1 0 0 
vn 1 0 0 
vn 1 0 0 
vn 1 0 0 
vn 1 0 0 
vn 1 0 0 
vn 1 0 0 
vn 1 0 0 
vn 1 0 0 
vn 0 1 0 
vn 0 1 0 
vn 0 1 0 
vn 0 1 0 
vn 0 1 0 
vn 0 1 0 
vn 0 1 0 
vn 0 1 0 
vn 0 1 0 
vn 0 1 0 
vn 0 1 0 
vn 0 1 0 
vn 0 1 0 
vn 0 1 0 
vn 0 1 0 
vn 0 1 0 
vn 0 1 0 
vn 0 1 0 
vn 0 1 0 
vn 0 1 0 
vn 0 1 0 
vn 0 1 0 
vn 0 1 0 
vn 0 1 0 
vn 0 1 0 
vn 0 1 0 
vn 0 1 0 
vn 0 1 0 
vn 0 1 0 
vn 0 1 0 
vn 0 1 0 
vn 0 1 0 
vn 0 1 0 
vn 0 1 0 
vn 0 1 0 
vn 0 1 0 
vn 0 1 0 
vn 0 1 0 
vn 0 1 0 
vn 0 1 0 
vn 0 1 0 
vn 0 1 0 
vn 0 1 0 
vn 0 1 0 
vn 0 1 0 
vn 0 1 0 
vn 0 1 0 
vn 0 1 0 
vn 0 1 0 
vn 0 1 0 
vn 0 1 0 
vn 0 1 0 
vn 0 1 0 
vn 0 1 0 
vn 0 1 0 
vn 0 1 0 
vn 0 1 0 
vn 0 1 0 
vn 0 1 0 
vn 0 1 0 
vn -1 0 0 
vn -1 0 0 
vn -1 0 0 
vn -1 0 0 
vn -1 0 0 
vn -1 0 0 
vn -1 0 0 
vn -1 0 0 
vn -1 0 0 
vn -1 0 0 
vn -1 0 0 
vn -1 0 0 
vn -1 0 0 
vn -1 0 0 
vn -1 0 0 
vn -1 0 0 
vn -1 0 0 
vn -1 0 0 
vn -1 0 0 
vn -1 0 0 
vn -1 0 0 
vn -1 0 0 
vn -1 0 0 
vn -1 0 0 
vn -1 0 0 
vn -1 0 0 
vn -1 0 0 
vn -1 0 0 
vn -1 0 0 
vn -1 0 0 
vn -1 0 0 
vn -1 0 0 
vn -1 0 0 
vn -1 0 0 
vn -1 0 0 
vn -1 0 0 
vn -1 0 0 
vn -1 0 0 
vn -1 0 0 
vn -1 0 0 
vn -1 0 0 
vn -1 0 0 
vn -1 0 0 
vn -1 0 0 
vn -1 0 0 
vn -1 0 0 
vn -1 0 0 
vn -1 0 0 
vn -1 0 0 
vn -1 0 0 
vn -1 0 0 
vn -1 0 0 
vn -1 0 0 
vn -1 0 0 
vn -1 0 0 
vn -1 0 0 
vn -1 0 0 
vn -1 0 0 
vn -1 0 0 
vn -1 0 0 
vn 0 -1 0 
vn 0 -1 0 
vn 0 -1 0 
vn 0 -1 0 
vn 0 -1 0 
vn 0 -1 0 
vn 0 -1 0 
vn 0 -1 0 
vn 0 -1 0 
vn 0 -1 0 
vn 0 -1 0 
vn 0 -1 0 
vn 0 -1 0 
vn 0 -1 0 
vn 0 -1 0 
vn 0 -1 0 
vn 0 -1 0 
vn 0 -1 0 
vn 0 -1 0 
vn 0 -1 0 
vn 0 -1 0 
vn 0 -1 0 
vn 0 -1 0 
vn 0 -1 0 
vn 0 -1 0 
vn 0 -1 0 
vn 0 -1 0 
vn 0 -1 0 
vn 0 -1 0 
vn 0 -1 0 
vn 0 -1 0 
vn 0 -1 0 
vn 0 -1 0 
vn 0 -1 0 
vn 0 -1 0 
vn 0 -1 0 
vn 0 -1 0 
vn 0 -1 0 
vn 0 -1 0 
vn 0 -1 0 
vn 0 -1 0 
vn 0 -1 0 
vn 0 -1 0 
vn 0 -1 0 
vn 0 -1 0 
vn 0 -1 0 
vn 0 -1 0 
vn 0 -1 0 
vn 0 -1 0 
vn 0 -1 0 
vn 0 -1 0 
vn 0 -1 0 
vn 0 -1 0 
vn 0 -1 0 
vn 0 -1 0 
vn 0 -1 0 
vn 0 -1 0 
vn 0 -1 0 
vn 0 -1 0 
vn 0 -1 0 
vn 0 -1 0 
vn 0 -1 0 
vn 0 0 -1 
vn 0 0 -1 
vn 0 0 -1 
vn 0 0 -1 
vn 0 0 -1 
vn 0 0 -1 
vn 0 0 -1 
vn 0 0 -1 
vn 0 0 -1 
vn 0 0 -1 
vn 0 0 -1 
vn 0 0 -1 
vn 0 0 -1 
vn 0 0 -1 
vn 0 0 -1 
vn 0 0 -1 
vn 0 0 -1 
vn 0 0 -1 
vn 0 0 -1 
vn 0 0 -1 
vn 0 0 -1 
vn 0 0 -1 
vn 0 0 -1 
vn 0 0 -1 
vn 0 0 -1 
vn 0 0 -1 
vn 0 0 -1 
vn 0 0 -1 
vn 0 0 -1 
vn 0 0 -1 
vn 0 0 -1 
vn 0 0 -1 
vn 0 0 -1 
vn 0 0 -1 
vn 0 0 -1 
vn 0 0 -1 
vn 0 0 -1 
vn 0 0 -1 
vn 0 0 -1 
vn 0 0 -1 
vn 0 0 -1 
vn 0 0 -1 
vn 0 0 -1 
vn 0 0 -1 
vn 0 0 -1 
vn 0 0 -1 
vn 0 0 -1 
vn 0 0 -1 
vn 0 0 -1 
vn 0 0 -1 
vn 0 0 -1 
vn 0 0 -1 
vn 0 0 -1 
vn 0 0 -1 
vn 0 0 -1 
vn 0 0 -1 
vn 0 0 -1 
vn 0 0 -1 
vn 0 0 -1 
vn 0 0 -1 
vn 0 0 -1 
vn 0 0 -1 
vn 0 0 -1 
vn 0 0 -1 
vn 0 0 -1 
vn 0 0 -1 
vn 0 0 -1 
vn 0 0 -1 
vn 0 0 -1 
vn 0 0 -1 
vn 0 0 -1 
vn 0 0 -1 
vn 0 0 -1 
vn 0 0 -1 
vn 0 0 -1 
vn 0 0 -1 
vn 0 0 -1 
vn 0 0 -1 
vn 0 0 -1 
vn 0 0 -1 
vn 0 0 -1 
vn 0 0 -1 
vn 0 0 -1 
vn 0 0 -1 
vn 0 0 -1 
vn 0 0 -1 
vn 0 0 -1 
vn 0 0 -1 
vn 0 0 -1 
vn 0 0 -1 
vn 0 0 -1 
vn 0 0 -1 
vn 0 0 -1 
vn 0 0 -1 
vn 0 0 -1 
vn 0 0 -1 
vn 0 0 -1 
vn 0 0 -1 
vn 0 0 -1 
vn 0 0 -1 
vn 0 0 -1 
vn 0 0 -1 
vn 0 0 -1 
vn 0 0 -1 
vn 0 0 -1 
vn 0 0 -1 

vt 34.0451 -51.0428 
vt 34.0132 -51.0428 
vt 34.0451 -51.0713 
vt 34.0132 -51.0713 
vt 34.0132 -51.0713 
vt 33.9824 -51.0713 
vt 34.0132 -51.0998 
vt 34.0132 -51.0428 
vt 33.9824 -51.0428 
vt 34.0132 -51.0713 
vt 33.9824 -51.0998 
vt 33.9824 -51.0713 
vt 33.9824 -51.0998 
vt 33.9549 -51.0998 
vt 33.9824 -51.1284 
vt 34.0132 -51.0143 
vt 34.0132 -51.0428 
vt 34.0451 -51.0428 
vt 34.0451 -50.9287 
vt 34.0132 -50.9287 
vt 34.0451 -50.9572 
vt 34.0451 -51.0143 
vt 34.0451 -50.9572 
vt 34.0132 -50.9572 
vt 34.0451 -50.9857 
vt 34.0132 -50.9857 
vt 34.0132 -50.9572 
vt 34.0132 -50.9002 
vt 33.9824 -50.9002 
vt 34.0132 -50.9287 
vt 33.9824 -50.9287 
vt 33.9549 -51.1284 
vt 34.0451 -50.9857 
vt 34.0132 -50.9857 
vt 34.0451 -51.0143 
vt 34.0132 -51.0143 
vt 34.0132 -51.0428 
vt 34.0132 -50.9572 
vt 33.9824 -50.9572 
vt 33.9824 -51.0428 
vt 33.9824 -51.0713 
vt 33.9549 -51.0713 
vt 33.9824 -51.0998 
vt 33.9549 -51.0998 
vt 33.9549 -50.9287 
vt 33.9549 -51.0713 
vt 33.9824 -51.0713 
vt 33.9824 -50.9287 
vt 34.0132 -50.9287 
vt 33.9824 -50.9287 
vt 34.0132 -50.9572 
vt 33.9824 -50.9572 
vt 33.9824 -50.9002 
vt 33.9549 -50.9002 
vt 33.9824 -50.9287 
vt 33.9824 -50.8716 
vt 33.9549 -50.8716 
vt 33.9824 -50.9002 
vt 33.9549 -50.9002 
vt 33.9549 -50.9287 
vt 34.0713 -51.0132 
vt 34.0428 -51.0451 
vt 34.0713 -51.0451 
vt 34.0428 -51.0132 
vt 34.0428 -51.0132 
vt 34.0143 -51.0451 
vt 34.0428 -51.0451 
vt 34.0143 -51.0132 
vt 34.1284 -50.9549 
vt 34.0998 -50.9824 
vt 34.1284 -50.9824 
vt 34.0998 -50.9824 
vt 34.0713 -51.0132 
vt 34.0998 -51.0132 
vt 34.0713 -50.9824 
vt 34.0998 -50.9549 
vt 34.0713 -50.9824 
vt 34.0428 -51.0132 
vt 34.0713 -51.0132 
vt 34.0428 -50.9824 
vt 34.0143 -51.0132 
vt 33.9857 -51.0451 
vt 34.0143 -51.0451 
vt 34.0428 -50.9824 
vt 33.9572 -50.9824 
vt 34.0428 -51.0132 
vt 34.0998 -50.9549 
vt 34.0713 -50.9824 
vt 34.0998 -50.9824 
vt 34.0713 -50.9549 
vt 34.0713 -50.9549 
vt 33.9287 -50.9824 
vt 34.0713 -50.9824 
vt 33.9857 -51.0132 
vt 33.9857 -51.0132 
vt 33.9572 -51.0451 
vt 33.9857 -51.0451 
vt 33.9572 -51.0132 
vt 33.9287 -51.0451 
vt 33.9572 -51.0451 
vt 33.9287 -51.0132 
vt 33.9572 -51.0132 
vt 33.9572 -50.9824 
vt 33.9287 -51.0132 
vt 33.9572 -51.0132 
vt 33.9287 -50.9824 
vt 33.9002 -51.0132 
vt 33.9287 -51.0132 
vt 33.9002 -50.9824 
vt 33.9287 -50.9824 
vt 33.9572 -51.0132 
vt 33.9287 -50.9549 
vt 33.9002 -50.9824 
vt 33.9287 -50.9824 
vt 33.9002 -50.9549 
vt 33.8716 -50.9824 
vt 33.9002 -50.9824 
vt 33.8716 -50.9549 
vt 33.9287 -50.9549 
vt 33.9002 -50.9549 
vt 34.0176 -51.0713 
vt 33.9868 -51.0428 
vt 33.9868 -51.0713 
vt 34.0176 -51.0428 
vt 34.0451 -51.1284 
vt 34.0176 -51.0998 
vt 34.0176 -51.1284 
vt 34.0451 -51.0998 
vt 34.0176 -51.0713 
vt 34.0176 -51.0998 
vt 34.0451 -51.0713 
vt 34.0176 -50.9287 
vt 34.0176 -51.0713 
vt 34.0451 -51.0713 
vt 34.0451 -51.0998 
vt 34.0176 -51.0428 
vt 33.9868 -50.9572 
vt 33.9868 -51.0428 
vt 33.9868 -51.0143 
vt 33.9549 -50.9857 
vt 33.9549 -51.0143 
vt 33.9868 -50.9857 
vt 34.0176 -50.9572 
vt 33.9868 -50.9287 
vt 33.9868 -50.9572 
vt 34.0176 -50.9572 
vt 34.0451 -50.9287 
vt 34.0451 -50.9287 
vt 34.0176 -50.9002 
vt 34.0176 -50.9287 
vt 34.0451 -50.9002 
vt 34.0176 -50.9287 
vt 33.9868 -51.0428 
vt 33.9549 -51.0143 
vt 33.9549 -51.0428 
vt 33.9868 -50.9857 
vt 33.9549 -50.9572 
vt 33.9549 -50.9857 
vt 33.9868 -51.0713 
vt 33.9549 -51.0428 
vt 33.9549 -51.0713 
vt 33.9868 -51.0428 
vt 33.9868 -51.0143 
vt 34.0176 -51.0998 
vt 33.9868 -51.0713 
vt 33.9868 -51.0998 
vt 34.0176 -51.0713 
vt 33.9868 -50.9572 
vt 34.0176 -50.9287 
vt 33.9868 -50.9002 
vt 33.9868 -50.9287 
vt 33.9868 -50.9572 
vt 33.9549 -50.9287 
vt 33.9549 -50.9572 
vt 33.9868 -50.9287 
vt 34.0176 -50.9002 
vt 34.0451 -50.9002 
vt 34.0176 -50.8716 
vt 34.0176 -50.9002 
vt 34.0451 -50.8716 
vt 33.9002 -50.9824 
vt 33.9287 -50.9824 
vt 33.9287 -50.9549 
vt 33.9287 -51.0132 
vt 33.9572 -50.9824 
vt 33.9287 -50.9824 
vt 34.0143 -50.9824 
vt 33.9287 -50.9549 
vt 33.9287 -50.9824 
vt 33.9572 -51.0132 
vt 34.0143 -50.9824 
vt 33.9572 -50.9824 
vt 33.8716 -50.9824 
vt 33.9002 -50.9824 
vt 33.9002 -50.9549 
vt 33.8716 -50.9549 
vt 33.9002 -50.9549 
vt 34.0713 -50.9549 
vt 33.9572 -51.0132 
vt 33.9287 -51.0451 
vt 33.9572 -51.0451 
vt 33.9572 -51.0132 
vt 33.9572 -51.0451 
vt 33.9857 -51.0451 
vt 33.9857 -51.0132 
vt 33.9857 -51.0451 
vt 34.0143 -51.0132 
vt 33.9857 -51.0132 
vt 33.9572 -51.0132 
vt 33.9002 -51.0132 
vt 33.9287 -50.9824 
vt 33.9002 -50.9824 
vt 33.9287 -51.0132 
vt 33.9287 -51.0132 
vt 34.0428 -51.0132 
vt 34.0428 -50.9824 
vt 34.0428 -51.0132 
vt 34.0713 -50.9824 
vt 34.0428 -50.9824 
vt 34.0713 -50.9824 
vt 34.0713 -50.9824 
vt 34.0998 -50.9824 
vt 34.0998 -50.9549 
vt 34.0713 -50.9549 
vt 34.0998 -50.9824 
vt 34.1284 -50.9549 
vt 34.0998 -50.9549 
vt 34.1284 -50.9824 
vt 34.0713 -51.0132 
vt 34.0143 -51.0451 
vt 34.0143 -51.0451 
vt 34.0428 -51.0451 
vt 34.0428 -51.0132 
vt 34.0428 -51.0451 
vt 34.0713 -51.0451 
vt 34.0713 -51.0132 
vt 34.0143 -51.0132 
vt 34.0428 -51.0132 
vt 34.0713 -51.0132 
vt 34.0998 -50.9824 
vt 34.0713 -50.9824 
vt 34.0998 -51.0132 
vt 34.0713 -51.0428 
vt 34.0428 -51.0713 
vt 34.0713 -51.0713 
vt 34.0428 -51.0428 
vt 34.0998 -51.0428 
vt 34.0713 -51.0143 
vt 34.0428 -51.0143 
vt 34.0143 -51.0428 
vt 34.0428 -51.0428 
vt 34.0428 -51.0143 
vt 34.0713 -50.9857 
vt 34.0713 -51.0143 
vt 34.0143 -51.0713 
vt 34.0428 -51.0998 
vt 33.9572 -51.0998 
vt 34.0143 -51.0428 
vt 33.9857 -51.0428 
vt 34.0143 -51.0713 
vt 34.0998 -51.0998 
vt 34.0713 -51.0713 
vt 34.0713 -51.0998 
vt 34.0998 -51.0713 
vt 34.1284 -51.0713 
vt 34.0998 -51.0428 
vt 34.0713 -50.9857 
vt 34.0998 -50.9572 
vt 34.0713 -51.0428 
vt 33.9857 -51.1284 
vt 34.0713 -51.1284 
vt 34.0428 -51.0998 
vt 33.9857 -51.0998 
vt 34.0428 -51.0713 
vt 34.0998 -50.9572 
vt 34.0428 -50.9857 
vt 34.0713 -50.9572 
vt 34.0428 -50.9857 
vt 34.0428 -50.9572 
vt 34.0428 -50.9287 
vt 34.0713 -50.9287 
vt 34.0143 -50.9572 
vt 33.9572 -50.9857 
vt 34.0428 -50.9572 
vt 34.0143 -50.9572 
vt 33.9857 -50.9287 
vt 34.0143 -50.9287 
vt 34.0143 -50.9287 
vt 34.0428 -50.9002 
vt 34.1284 -50.9287 
vt 34.0998 -50.9287 
vt 34.0713 -50.9572 
vt 34.0713 -50.9287 
vt 34.0998 -50.9002 
vt 34.0713 -50.9002 
vt 33.9857 -50.9287 
vt 34.0713 -50.9287 
vt 34.0428 -50.9002 
vt 34.0428 -50.9287 
vt 34.0713 -50.9002 
vt 34.0713 -50.8716 
vt 33.9572 -50.9002 
vt 33.9857 -51.0713 
vt 33.9857 -51.0713 
vt 33.9572 -51.0713 
vt 33.9572 -51.0428 
vt 33.9857 -51.0428 
vt 33.9572 -51.0143 
vt 33.9572 -51.0428 
vt 33.9287 -51.0428 
vt 33.9287 -51.0713 
vt 33.9572 -51.0143 
vt 33.9287 -51.0143 
vt 33.9002 -51.0428 
vt 33.9002 -50.9572 
vt 33.9572 -51.0998 
vt 33.9287 -51.1284 
vt 33.9857 -51.1284 
vt 33.9857 -51.0998 
vt 33.9287 -51.0998 
vt 33.9572 -51.0713 
vt 33.9287 -51.0713 
vt 33.9002 -51.0713 
vt 33.9002 -51.0998 
vt 33.9287 -51.0428 
vt 33.9002 -51.0428 
vt 33.8716 -51.0713 
vt 33.9002 -50.9572 
vt 33.9287 -51.0143 
vt 33.9857 -50.9572 
vt 33.9572 -50.9572 
vt 33.9287 -50.9572 
vt 33.9572 -50.9857 
vt 33.9572 -50.9572 
vt 33.9572 -50.9287 
vt 33.9857 -50.9572 
vt 33.9287 -50.9857 
vt 33.9287 -50.9857 
vt 33.9287 -50.9287 
vt 33.9572 -50.9002 
vt 33.9287 -50.9287 
vt 33.9572 -50.9287 
vt 33.9287 -50.9002 
vt 33.9287 -50.8716 
vt 33.9287 -50.9572 
vt 33.8716 -50.9287 
vt 33.9002 -50.9287 
vt 33.9002 -50.9002 

usemtl Sphere0011Mtl

f 4423/4423/4423 4424/4424/4424 4425/4425/4425 
f 4425/4425/4425 4426/4426/4426 4423/4423/4423 
f 4415/4415/4415 4416/4416/4416 4417/4417/4417 
f 4417/4417/4417 4418/4418/4418 4415/4415/4415 
f 4419/4419/4419 4420/4420/4420 4421/4421/4421 
f 4420/4420/4420 4422/4422/4422 4421/4421/4421 
f 4431/4431/4431 4432/4432/4432 4433/4433/4433 
f 4432/4432/4432 4438/4438/4438 4433/4433/4433 
f 4386/4386/4386 4387/4387/4387 4388/4388/4388 
f 4387/4387/4387 4390/4390/4390 4388/4388/4388 
f 4391/4391/4391 4392/4392/4392 4393/4393/4393 
f 4392/4392/4392 4410/4410/4410 4393/4393/4393 
f 4411/4411/4411 4412/4412/4412 4413/4413/4413 
f 4412/4412/4412 4414/4414/4414 4413/4413/4413 
f 4427/4427/4427 4428/4428/4428 4429/4429/4429 
f 4428/4428/4428 4430/4430/4430 4429/4429/4429 
f 4434/4434/4434 4435/4435/4435 4436/4436/4436 
f 4435/4435/4435 4437/4437/4437 4436/4436/4436 
f 4383/4383/4383 4384/4384/4384 4385/4385/4385 
f 4384/4384/4384 4389/4389/4389 4385/4385/4385 
f 4394/4394/4394 4395/4395/4395 4396/4396/4396 
f 4400/4400/4400 4394/4394/4394 4396/4396/4396 
f 4401/4401/4401 4402/4402/4402 4403/4403/4403 
f 4402/4402/4402 4404/4404/4404 4403/4403/4403 
f 4406/4406/4406 4407/4407/4407 4408/4408/4408 
f 4407/4407/4407 4409/4409/4409 4408/4408/4408 
f 4379/4379/4379 4380/4380/4380 4381/4381/4381 
f 4380/4380/4380 4382/4382/4382 4381/4381/4381 
f 4397/4397/4397 4398/4398/4398 4399/4399/4399 
f 4398/4398/4398 4405/4405/4405 4399/4399/4399 
f 4469/4469/4469 4470/4470/4470 4471/4471/4471 
f 4470/4470/4470 4469/4469/4469 4497/4497/4497 
f 4462/4462/4462 4463/4463/4463 4464/4464/4464 
f 4489/4489/4489 4464/4464/4464 4463/4463/4463 
f 4465/4465/4465 4466/4466/4466 4467/4467/4467 
f 4468/4468/4468 4466/4466/4466 4465/4465/4465 
f 4490/4490/4490 4491/4491/4491 4492/4492/4492 
f 4498/4498/4498 4491/4491/4491 4490/4490/4490 
f 4447/4447/4447 4448/4448/4448 4449/4449/4449 
f 4448/4448/4448 4447/4447/4447 4454/4454/4454 
f 4455/4455/4455 4456/4456/4456 4457/4457/4457 
f 4456/4456/4456 4455/4455/4455 4458/4458/4458 
f 4459/4459/4459 4460/4460/4460 4461/4461/4461 
f 4472/4472/4472 4460/4460/4460 4459/4459/4459 
f 4481/4481/4481 4482/4482/4482 4483/4483/4483 
f 4488/4488/4488 4482/4482/4482 4481/4481/4481 
f 4493/4493/4493 4494/4494/4494 4495/4495/4495 
f 4496/4496/4496 4494/4494/4494 4493/4493/4493 
f 4443/4443/4443 4444/4444/4444 4445/4445/4445 
f 4446/4446/4446 4444/4444/4444 4443/4443/4443 
f 4450/4450/4450 4451/4451/4451 4452/4452/4452 
f 4453/4453/4453 4451/4451/4451 4450/4450/4450 
f 4473/4473/4473 4474/4474/4474 4475/4475/4475 
f 4480/4480/4480 4474/4474/4474 4473/4473/4473 
f 4484/4484/4484 4485/4485/4485 4486/4486/4486 
f 4487/4487/4487 4485/4485/4485 4484/4484/4484 
f 4439/4439/4439 4440/4440/4440 4441/4441/4441 
f 4442/4442/4442 4440/4440/4440 4439/4439/4439 
f 4476/4476/4476 4477/4477/4477 4478/4478/4478 
f 4479/4479/4479 4477/4477/4477 4476/4476/4476 
f 4509/4509/4509 4510/4510/4510 4511/4511/4511 
f 4510/4510/4510 4509/4509/4509 4525/4525/4525 
f 4506/4506/4506 4507/4507/4507 4508/4508/4508 
f 4507/4507/4507 4506/4506/4506 4512/4512/4512 
f 4514/4514/4514 4515/4515/4515 4516/4516/4516 
f 4515/4515/4515 4514/4514/4514 4524/4524/4524 
f 4526/4526/4526 4527/4527/4527 4528/4528/4528 
f 4527/4527/4527 4526/4526/4526 4529/4529/4529 
f 4499/4499/4499 4500/4500/4500 4501/4501/4501 
f 4500/4500/4500 4499/4499/4499 4502/4502/4502 
f 4503/4503/4503 4504/4504/4504 4505/4505/4505 
f 4504/4504/4504 4503/4503/4503 4513/4513/4513 
f 4517/4517/4517 4518/4518/4518 4519/4519/4519 
f 4518/4518/4518 4517/4517/4517 4520/4520/4520 
f 4521/4521/4521 4522/4522/4522 4523/4523/4523 
f 4522/4522/4522 4521/4521/4521 4530/4530/4530 
f 4555/4555/4555 4556/4556/4556 4557/4557/4557 
f 4556/4556/4556 4555/4555/4555 4558/4558/4558 
f 4531/4531/4531 4532/4532/4532 4533/4533/4533 
f 4532/4532/4532 4531/4531/4531 4541/4541/4541 
f 4534/4534/4534 4535/4535/4535 4536/4536/4536 
f 4535/4535/4535 4534/4534/4534 4546/4546/4546 
f 4542/4542/4542 4543/4543/4543 4544/4544/4544 
f 4543/4543/4543 4542/4542/4542 4545/4545/4545 
f 4547/4547/4547 4548/4548/4548 4549/4549/4549 
f 4548/4548/4548 4547/4547/4547 4554/4554/4554 
f 4537/4537/4537 4538/4538/4538 4539/4539/4539 
f 4538/4538/4538 4537/4537/4537 4540/4540/4540 
f 4550/4550/4550 4551/4551/4551 4552/4552/4552 
f 4551/4551/4551 4550/4550/4550 4553/4553/4553 
f 4565/4565/4565 4566/4566/4566 4567/4567/4567 
f 4566/4566/4566 4565/4565/4565 4576/4576/4576 
f 4565/4565/4565 4598/4598/4598 4576/4576/4576 
f 4559/4559/4559 4560/4560/4560 4561/4561/4561 
f 4559/4559/4559 4561/4561/4561 4575/4575/4575 
f 4568/4568/4568 4569/4569/4569 4570/4570/4570 
f 4568/4568/4568 4593/4593/4593 4569/4569/4569 
f 4569/4569/4569 4593/4593/4593 4594/4594/4594 
f 4599/4599/4599 4600/4600/4600 4601/4601/4601 
f 4599/4599/4599 4601/4601/4601 4602/4602/4602 
f 4562/4562/4562 4563/4563/4563 4564/4564/4564 
f 4562/4562/4562 4577/4577/4577 4563/4563/4563 
f 4571/4571/4571 4572/4572/4572 4573/4573/4573 
f 4571/4571/4571 4573/4573/4573 4574/4574/4574 
f 4584/4584/4584 4585/4585/4585 4586/4586/4586 
f 4584/4584/4584 4608/4608/4608 4585/4585/4585 
f 4595/4595/4595 4596/4596/4596 4597/4597/4597 
f 4595/4595/4595 4607/4607/4607 4596/4596/4596 
f 4603/4603/4603 4604/4604/4604 4605/4605/4605 
f 4603/4603/4603 4606/4606/4606 4604/4604/4604 
f 4581/4581/4581 4582/4582/4582 4583/4583/4583 
f 4581/4581/4581 4583/4583/4583 4587/4587/4587 
f 4588/4588/4588 4589/4589/4589 4590/4590/4590 
f 4588/4588/4588 4591/4591/4591 4589/4589/4589 
f 4609/4609/4609 4610/4610/4610 4611/4611/4611 
f 4609/4609/4609 4611/4611/4611 4615/4615/4615 
f 4617/4617/4617 4618/4618/4618 4619/4619/4619 
f 4617/4617/4617 4620/4620/4620 4618/4618/4618 
f 4578/4578/4578 4579/4579/4579 4580/4580/4580 
f 4578/4578/4578 4580/4580/4580 4592/4592/4592 
f 4612/4612/4612 4613/4613/4613 4614/4614/4614 
f 4612/4612/4612 4614/4614/4614 4616/4616/4616 
f 4628/4628/4628 4629/4629/4629 4630/4630/4630 
f 4631/4631/4631 4630/4630/4630 4632/4632/4632 
f 4630/4630/4630 4631/4631/4631 4654/4654/4654 
f 4630/4630/4630 4637/4637/4637 4628/4628/4628 
f 4637/4637/4637 4638/4638/4638 4628/4628/4628 
f 4638/4638/4638 4637/4637/4637 4681/4681/4681 
f 4660/4660/4660 4630/4630/4630 4654/4654/4654 
f 4654/4654/4654 4662/4662/4662 4660/4660/4660 
f 4661/4661/4661 4637/4637/4637 4630/4630/4630 
f 4661/4661/4661 4630/4630/4630 4660/4660/4660 
f 4686/4686/4686 4687/4687/4687 4637/4637/4637 
f 4637/4637/4637 4661/4661/4661 4686/4686/4686 
f 4661/4661/4661 4707/4707/4707 4686/4686/4686 
f 4707/4707/4707 4661/4661/4661 4715/4715/4715 
f 4661/4661/4661 4660/4660/4660 4708/4708/4708 
f 4708/4708/4708 4709/4709/4709 4661/4661/4661 
f 4660/4660/4660 4664/4664/4664 4708/4708/4708 
f 4664/4664/4664 4660/4660/4660 4665/4665/4665 
f 4621/4621/4621 4622/4622/4622 4623/4623/4623 
f 4624/4624/4624 4622/4622/4622 4621/4621/4621 
f 4622/4622/4622 4624/4624/4624 4636/4636/4636 
f 4621/4621/4621 4627/4627/4627 4624/4624/4624 
f 4622/4622/4622 4636/4636/4636 4633/4633/4633 
f 4627/4627/4627 4621/4621/4621 4626/4626/4626 
f 4633/4633/4633 4634/4634/4634 4622/4622/4622 
f 4625/4625/4625 4626/4626/4626 4621/4621/4621 
f 4634/4634/4634 4633/4633/4633 4635/4635/4635 
f 4626/4626/4626 4625/4625/4625 4645/4645/4645 
f 4635/4635/4635 4633/4633/4633 4682/4682/4682 
f 4645/4645/4645 4625/4625/4625 4653/4653/4653 
f 4635/4635/4635 4682/4682/4682 4683/4683/4683 
f 4655/4655/4655 4645/4645/4645 4653/4653/4653 
f 4645/4645/4645 4655/4655/4655 4656/4656/4656 
f 4655/4655/4655 4657/4657/4657 4656/4656/4656 
f 4682/4682/4682 4684/4684/4684 4683/4683/4683 
f 4684/4684/4684 4682/4682/4682 4685/4685/4685 
f 4684/4684/4684 4688/4688/4688 4683/4683/4683 
f 4683/4683/4683 4688/4688/4688 4689/4689/4689 
f 4688/4688/4688 4684/4684/4684 4690/4690/4690 
f 4688/4688/4688 4690/4690/4690 4691/4691/4691 
f 4691/4691/4691 4692/4692/4692 4688/4688/4688 
f 4691/4691/4691 4693/4693/4693 4692/4692/4692 
f 4693/4693/4693 4691/4691/4691 4716/4716/4716 
f 4710/4710/4710 4693/4693/4693 4716/4716/4716 
f 4711/4711/4711 4710/4710/4710 4716/4716/4716 
f 4710/4710/4710 4711/4711/4711 4712/4712/4712 
f 4712/4712/4712 4713/4713/4713 4710/4710/4710 
f 4710/4710/4710 4713/4713/4713 4717/4717/4717 
f 4713/4713/4713 4712/4712/4712 4714/4714/4714 
f 4713/4713/4713 4714/4714/4714 4674/4674/4674 
f 4674/4674/4674 4718/4718/4718 4713/4713/4713 
f 4674/4674/4674 4667/4667/4667 4718/4718/4718 
f 4667/4667/4667 4674/4674/4674 4666/4666/4666 
f 4658/4658/4658 4667/4667/4667 4666/4666/4666 
f 4663/4663/4663 4658/4658/4658 4666/4666/4666 
f 4658/4658/4658 4663/4663/4663 4657/4657/4657 
f 4657/4657/4657 4655/4655/4655 4658/4658/4658 
f 4658/4658/4658 4655/4655/4655 4659/4659/4659 
f 4639/4639/4639 4640/4640/4640 4641/4641/4641 
f 4640/4640/4640 4639/4639/4639 4642/4642/4642 
f 4652/4652/4652 4641/4641/4641 4640/4640/4640 
f 4650/4650/4650 4641/4641/4641 4652/4652/4652 
f 4641/4641/4641 4650/4650/4650 4649/4649/4649 
f 4648/4648/4648 4649/4649/4649 4650/4650/4650 
f 4650/4650/4650 4651/4651/4651 4648/4648/4648 
f 4644/4644/4644 4640/4640/4640 4642/4642/4642 
f 4640/4640/4640 4644/4644/4644 4647/4647/4647 
f 4642/4642/4642 4643/4643/4643 4644/4644/4644 
f 4643/4643/4643 4646/4646/4646 4644/4644/4644 
f 4643/4643/4643 4668/4668/4668 4646/4646/4646 
f 4669/4669/4669 4646/4646/4646 4668/4668/4668 
f 4646/4646/4646 4669/4669/4669 4670/4670/4670 
f 4670/4670/4670 4669/4669/4669 4671/4671/4671 
f 4672/4672/4672 4671/4671/4671 4669/4669/4669 
f 4671/4671/4671 4672/4672/4672 4673/4673/4673 
f 4675/4675/4675 4676/4676/4676 4677/4677/4677 
f 4678/4678/4678 4676/4676/4676 4675/4675/4675 
f 4679/4679/4679 4676/4676/4676 4678/4678/4678 
f 4679/4679/4679 4680/4680/4680 4676/4676/4676 
f 4679/4679/4679 4722/4722/4722 4680/4680/4680 
f 4721/4721/4721 4680/4680/4680 4722/4722/4722 
f 4680/4680/4680 4721/4721/4721 4719/4719/4719 
f 4680/4680/4680 4719/4719/4719 4720/4720/4720 
f 4726/4726/4726 4719/4719/4719 4721/4721/4721 
f 4719/4719/4719 4726/4726/4726 4725/4725/4725 
f 4706/4706/4706 4719/4719/4719 4725/4725/4725 
f 4723/4723/4723 4719/4719/4719 4706/4706/4706 
f 4724/4724/4724 4706/4706/4706 4725/4725/4725 
f 4705/4705/4705 4706/4706/4706 4724/4724/4724 
f 4706/4706/4706 4705/4705/4705 4704/4704/4704 
f 4701/4701/4701 4704/4704/4704 4705/4705/4705 
f 4704/4704/4704 4701/4701/4701 4703/4703/4703 
f 4703/4703/4703 4701/4701/4701 4700/4700/4700 
f 4698/4698/4698 4700/4700/4700 4701/4701/4701 
f 4701/4701/4701 4702/4702/4702 4698/4698/4698 
f 4700/4700/4700 4698/4698/4698 4699/4699/4699 
f 4699/4699/4699 4698/4698/4698 4694/4694/4694 
f 4698/4698/4698 4695/4695/4695 4694/4694/4694 
f 4694/4694/4694 4695/4695/4695 4696/4696/4696 
f 4694/4694/4694 4696/4696/4696 4697/4697/4697 

g Sphere0021

v -0.940204 6.29411 -0.156816 
v -0.750539 6.24606 -0.0502563 
v -0.97876 6.24606 -0.0502563 
v -0.711982 6.29411 -0.156816 
v -1.16842 3.32724 -0.156817 
v -0.940204 3.09902 -0.156817 
v -1.16842 3.09902 -0.156817 
v -0.483762 3.55546 -0.156817 
v -1.39665 3.55546 -0.156817 
v -1.39665 3.32724 -0.156817 
v -0.940204 4.0119 -0.156817 
v -0.711982 3.78368 -0.156817 
v -0.25554 2.87079 -0.156817 
v 0.429123 2.64257 -0.156817 
v -0.25554 2.64257 -0.156817 
v -0.940204 2.87079 -0.156817 
v 0.657344 3.55546 -0.156817 
v -1.62487 3.55546 -0.156817 
v -1.62487 4.0119 -0.156817 
v -1.85309 4.24012 -0.156817 
v -1.85309 4.0119 -0.156817 
v -1.16842 5.15301 -0.156817 
v -1.85309 4.92478 -0.156817 
v -1.62487 4.92478 -0.156817 
v -1.85309 4.24012 -0.156817 
v -1.16842 5.15301 -0.156817 
v -0.483762 3.78368 -0.156817 
v -0.711982 4.0119 -0.156817 
v -0.940204 5.15301 -0.156817 
v -1.62487 6.06589 -0.156816 
v -0.711982 5.38123 -0.156817 
v -1.62487 6.97877 -0.156816 
v -0.483762 5.60945 -0.156817 
v -1.85309 6.97877 -0.156816 
v -1.85309 6.06589 -0.156816 
v -0.940204 5.15301 -0.156817 
v -0.711982 5.15301 -0.156817 
v -0.483762 5.38123 -0.156817 
v -1.16842 7.66344 -0.156816 
v 0.657344 6.06589 -0.156816 
v -1.39665 7.43522 -0.156816 
v -1.62487 7.43522 -0.156816 
v -1.39665 7.66344 -0.156816 
v -1.16842 7.89166 -0.156816 
v -0.940204 7.89166 -0.156816 
v -0.25554 8.11988 -0.156816 
v -0.940204 8.11988 -0.156816 
v 0.429123 8.3481 -0.156816 
v -0.25554 8.3481 -0.156816 
v 0.429123 2.87079 -0.156817 
v 1.11379 2.87079 -0.156817 
v 1.11379 3.09902 -0.156817 
v 1.34201 3.32724 -0.156817 
v 0.885565 3.78368 -0.156817 
v 1.34201 3.09902 -0.156817 
v 1.57023 3.32724 -0.156817 
v 1.57023 3.55546 -0.156817 
v 1.79845 4.0119 -0.156817 
v 1.79845 3.55546 -0.156817 
v 0.657344 3.78368 -0.156817 
v 1.11379 4.0119 -0.156817 
v 0.885565 4.0119 -0.156817 
v 1.11379 5.15301 -0.156817 
v 0.885565 5.15301 -0.156817 
v 0.885565 5.38123 -0.156817 
v 1.79845 4.92478 -0.156817 
v 2.02667 4.92478 -0.156817 
v 2.02667 4.0119 -0.156817 
v 1.79845 6.06589 -0.156816 
v 0.657344 5.60945 -0.156817 
v 0.657344 5.38123 -0.156817 
v 0.657344 6.06589 -0.156816 
v 0.657344 5.60945 -0.156817 
v 1.79845 6.97877 -0.156816 
v 1.79845 6.06589 -0.156816 
v 2.02667 6.06589 -0.156816 
v 2.02667 6.97877 -0.156816 
v 1.57023 7.43522 -0.156816 
v 1.34201 7.66344 -0.156816 
v 0.429123 8.11988 -0.156816 
v 1.11379 7.89166 -0.156816 
v 1.11379 8.11988 -0.156816 
v 1.79845 7.43522 -0.156816 
v 1.57023 7.66344 -0.156816 
v 1.34201 7.89166 -0.156816 

vn 0 -0.913386 -0.409449 
vn 0 -0.913386 -0.409449 
vn 0 -0.913386 -0.409449 
vn 0 -0.913386 -0.409449 
vn 0 0 -1 
vn 0 0 -1 
vn 0 0 -1 
vn 0 0 -1 
vn 0 0 -1 
vn 0 0 -1 
vn 0 0 -1 
vn 0 0 -1 
vn 0 0 -1 
vn 0 0 -1 
vn 0 0 -1 
vn 0 0 -1 
vn 0 0 -1 
vn 0 0 -1 
vn 0 0 -1 
vn 0 0 -1 
vn 0 0 -1 
vn 0 0 -1 
vn 0 0 -1 
vn 0 0 -1 
vn 0 0 -1 
vn 0 0 -1 
vn 0 0 -1 
vn 0 0 -1 
vn 0 0 -1 
vn 0 0 -1 
vn 0 0 -1 
vn 0 0 -1 
vn 0 0 -1 
vn 0 0 -1 
vn 0 0 -1 
vn 0 0 -1 
vn 0 0 -1 
vn 0 0 -1 
vn 0 0 -1 
vn 0 0 -1 
vn 0 0 -1 
vn 0 0 -1 
vn 0 0 -1 
vn 0 0 -1 
vn 0 0 -1 
vn 0 0 -1 
vn 0 0 -1 
vn 0 0 -1 
vn 0 0 -1 
vn 0 0 -1 
vn 0 0 -1 
vn 0 0 -1 
vn 0 0 -1 
vn 0 0 -1 
vn 0 0 -1 
vn 0 0 -1 
vn 0 0 -1 
vn 0 0 -1 
vn 0 0 -1 
vn 0 0 -1 
vn 0 0 -1 
vn 0 0 -1 
vn 0 0 -1 
vn 0 0 -1 
vn 0 0 -1 
vn 0 0 -1 
vn 0 0 -1 
vn 0 0 -1 
vn 0 0 -1 
vn 0 0 -1 
vn 0 0 -1 
vn 0 0 -1 
vn 0 0 -1 
vn 0 0 -1 
vn 0 0 -1 
vn 0 0 -1 
vn 0 0 -1 
vn 0 0 -1 
vn 0 0 -1 
vn 0 0 -1 
vn 0 0 -1 
vn 0 0 -1 
vn 0 0 -1 
vn 0 0 -1 
vn 0 0 -1 

vt 47.8716 -47.0067 
vt 47.8953 -46.9933 
vt 47.8668 -46.9933 
vt 47.9002 -47.0067 
vt 48.1569 -47.271 
vt 48.1284 -47.2995 
vt 48.1569 -47.2995 
vt 48.0713 -47.2425 
vt 48.1854 -47.2425 
vt 48.1854 -47.271 
vt 48.1284 -47.1854 
vt 48.0998 -47.214 
vt 48.0428 -47.3281 
vt 47.9572 -47.3566 
vt 48.0428 -47.3566 
vt 48.1284 -47.3281 
vt 47.9287 -47.2425 
vt 48.214 -47.2425 
vt 48.214 -47.1854 
vt 48.2425 -47.1569 
vt 48.2425 -47.1854 
vt 48.1569 -47.0428 
vt 48.2425 -47.0713 
vt 48.214 -47.0713 
vt 48.2425 -47.1569 
vt 48.1569 -47.0428 
vt 48.0713 -47.214 
vt 48.0998 -47.1854 
vt 48.1284 -47.0428 
vt 48.214 -46.9287 
vt 48.0998 -47.0143 
vt 48.214 -46.8146 
vt 48.0713 -46.9857 
vt 48.2425 -46.8146 
vt 48.2425 -46.9287 
vt 48.1284 -47.0428 
vt 48.0998 -47.0428 
vt 48.0713 -47.0143 
vt 48.1569 -46.729 
vt 47.9287 -46.9287 
vt 48.1854 -46.7575 
vt 48.214 -46.7575 
vt 48.1854 -46.729 
vt 48.1569 -46.7005 
vt 48.1284 -46.7005 
vt 48.0428 -46.6719 
vt 48.1284 -46.6719 
vt 47.9572 -46.6434 
vt 48.0428 -46.6434 
vt 47.9572 -47.3281 
vt 47.8716 -47.3281 
vt 47.8716 -47.2995 
vt 47.8431 -47.271 
vt 47.9002 -47.214 
vt 47.8431 -47.2995 
vt 47.8146 -47.271 
vt 47.8146 -47.2425 
vt 47.786 -47.1854 
vt 47.786 -47.2425 
vt 47.9287 -47.214 
vt 47.8716 -47.1854 
vt 47.9002 -47.1854 
vt 47.8716 -47.0428 
vt 47.9002 -47.0428 
vt 47.9002 -47.0143 
vt 47.786 -47.0713 
vt 47.7575 -47.0713 
vt 47.7575 -47.1854 
vt 47.786 -46.9287 
vt 47.9287 -46.9857 
vt 47.9287 -47.0143 
vt 47.9287 -46.9287 
vt 47.9287 -46.9857 
vt 47.786 -46.8146 
vt 47.786 -46.9287 
vt 47.7575 -46.9287 
vt 47.7575 -46.8146 
vt 47.8146 -46.7575 
vt 47.8431 -46.729 
vt 47.9572 -46.6719 
vt 47.8716 -46.7005 
vt 47.8716 -46.6719 
vt 47.786 -46.7575 
vt 47.8146 -46.729 
vt 47.8431 -46.7005 

usemtl Sphere0021Mtl

f 4727/4727/4727 4728/4728/4728 4729/4729/4729 
f 4727/4727/4727 4730/4730/4730 4728/4728/4728 
f 4731/4731/4731 4732/4732/4732 4733/4733/4733 
f 4742/4742/4742 4732/4732/4732 4739/4739/4739 
f 4731/4731/4731 4734/4734/4734 4732/4732/4732 
f 4739/4739/4739 4732/4732/4732 4734/4734/4734 
f 4734/4734/4734 4731/4731/4731 4738/4738/4738 
f 4734/4734/4734 4738/4738/4738 4753/4753/4753 
f 4734/4734/4734 4743/4743/4743 4739/4739/4739 
f 4737/4737/4737 4738/4738/4738 4731/4731/4731 
f 4738/4738/4738 4737/4737/4737 4754/4754/4754 
f 4731/4731/4731 4735/4735/4735 4737/4737/4737 
f 4735/4735/4735 4731/4731/4731 4736/4736/4736 
f 4739/4739/4739 4740/4740/4740 4741/4741/4741 
f 4740/4740/4740 4739/4739/4739 4776/4776/4776 
f 4739/4739/4739 4743/4743/4743 4776/4776/4776 
f 4778/4778/4778 4776/4776/4776 4743/4743/4743 
f 4777/4777/4777 4776/4776/4776 4778/4778/4778 
f 4779/4779/4779 4778/4778/4778 4743/4743/4743 
f 4778/4778/4778 4779/4779/4779 4781/4781/4781 
f 4779/4779/4779 4743/4743/4743 4780/4780/4780 
f 4780/4780/4780 4743/4743/4743 4786/4786/4786 
f 4780/4780/4780 4783/4783/4783 4779/4779/4779 
f 4782/4782/4782 4779/4779/4779 4783/4783/4783 
f 4787/4787/4787 4783/4783/4783 4780/4780/4780 
f 4780/4780/4780 4788/4788/4788 4787/4787/4787 
f 4784/4784/4784 4783/4783/4783 4787/4787/4787 
f 4783/4783/4783 4784/4784/4784 4785/4785/4785 
f 4787/4787/4787 4792/4792/4792 4784/4784/4784 
f 4793/4793/4793 4784/4784/4784 4792/4792/4792 
f 4784/4784/4784 4793/4793/4793 4794/4794/4794 
f 4792/4792/4792 4787/4787/4787 4789/4789/4789 
f 4789/4789/4789 4795/4795/4795 4792/4792/4792 
f 4791/4791/4791 4795/4795/4795 4789/4789/4789 
f 4789/4789/4789 4790/4790/4790 4791/4791/4791 
f 4795/4795/4795 4791/4791/4791 4798/4798/4798 
f 4791/4791/4791 4796/4796/4796 4798/4798/4798 
f 4796/4796/4796 4791/4791/4791 4797/4797/4797 
f 4735/4735/4735 4744/4744/4744 4745/4745/4745 
f 4745/4745/4745 4737/4737/4737 4735/4735/4735 
f 4745/4745/4745 4748/4748/4748 4737/4737/4737 
f 4737/4737/4737 4748/4748/4748 4755/4755/4755 
f 4748/4748/4748 4745/4745/4745 4746/4746/4746 
f 4746/4746/4746 4745/4745/4745 4747/4747/4747 
f 4749/4749/4749 4750/4750/4750 4751/4751/4751 
f 4752/4752/4752 4751/4751/4751 4750/4750/4750 
f 4750/4750/4750 4756/4756/4756 4752/4752/4752 
f 4760/4760/4760 4756/4756/4756 4761/4761/4761 
f 4756/4756/4756 4760/4760/4760 4758/4758/4758 
f 4756/4756/4756 4757/4757/4757 4752/4752/4752 
f 4757/4757/4757 4762/4762/4762 4752/4752/4752 
f 4757/4757/4757 4763/4763/4763 4762/4762/4762 
f 4756/4756/4756 4759/4759/4759 4757/4757/4757 
f 4758/4758/4758 4759/4759/4759 4756/4756/4756 
f 4764/4764/4764 4757/4757/4757 4759/4759/4759 
f 4767/4767/4767 4759/4759/4759 4758/4758/4758 
f 4758/4758/4758 4768/4768/4768 4767/4767/4767 
f 4765/4765/4765 4759/4759/4759 4767/4767/4767 
f 4767/4767/4767 4769/4769/4769 4765/4765/4765 
f 4765/4765/4765 4766/4766/4766 4759/4759/4759 
f 4799/4799/4799 4759/4759/4759 4766/4766/4766 
f 4765/4765/4765 4770/4770/4770 4771/4771/4771 
f 4772/4772/4772 4765/4765/4765 4771/4771/4771 
f 4765/4765/4765 4772/4772/4772 4766/4766/4766 
f 4773/4773/4773 4772/4772/4772 4771/4771/4771 
f 4774/4774/4774 4772/4772/4772 4775/4775/4775 
f 4772/4772/4772 4774/4774/4774 4806/4806/4806 
f 4806/4806/4806 4766/4766/4766 4772/4772/4772 
f 4806/4806/4806 4808/4808/4808 4807/4807/4807 
f 4766/4766/4766 4806/4806/4806 4807/4807/4807 
f 4766/4766/4766 4807/4807/4807 4805/4805/4805 
f 4811/4811/4811 4805/4805/4805 4807/4807/4807 
f 4766/4766/4766 4805/4805/4805 4804/4804/4804 
f 4810/4810/4810 4804/4804/4804 4805/4805/4805 
f 4804/4804/4804 4800/4800/4800 4766/4766/4766 
f 4800/4800/4800 4804/4804/4804 4809/4809/4809 
f 4766/4766/4766 4800/4800/4800 4801/4801/4801 
f 4800/4800/4800 4802/4802/4802 4801/4801/4801 
f 4802/4802/4802 4800/4800/4800 4803/4803/4803 

g Cube0011

v -1.16194 2.63914 -0.480094 
v -1.03882 2.36281 -0.33676 
v -1.16194 2.36281 -0.480094 
v -0.65034 2.62821 -0.615939 
v -0.634054 2.37374 -0.435948 
v -0.65034 2.37374 -0.61594 
v -0.233001 2.58532 -0.419786 
v -0.33312 2.41663 -0.296899 
v -0.233001 2.41663 -0.419786 
v -1.26178 2.41663 -0.0273061 
v -1.27982 2.58532 0.0475959 
v -1.27982 2.41663 0.0475959 
v -1.26178 2.58532 -0.0273061 
v -0.634054 2.62821 -0.435948 
v -1.03882 2.63914 -0.33676 
v -0.33312 2.58532 -0.296899 
v 0.466706 2.58532 -0.467966 
v 0.566825 2.41663 -0.345079 
v 0.466706 2.41663 -0.467966 
v 0.939616 2.62821 -0.604915 
v 0.92333 2.37374 -0.424923 
v 0.939616 2.37374 -0.604915 
v 1.43522 2.63914 -0.402715 
v 1.31209 2.36281 -0.259381 
v 1.43522 2.36281 -0.402715 
v 1.59256 2.58532 -0.0662817 
v 1.6106 2.41663 0.00862044 
v 1.59256 2.41663 -0.0662817 
v 1.6106 2.58532 0.0086205 
v 0.92333 2.62821 -0.424923 
v 0.566825 2.58532 -0.345079 
v 1.31209 2.63914 -0.259381 
v -0.33312 2.58532 -0.296899 
v -0.293122 2.58532 -0.467966 
v -0.393241 2.58532 -0.345079 
v -0.233001 2.58532 -0.419786 
v -1.43702 2.58532 0.0086205 
v -1.26178 2.58532 -0.0273061 
v -1.41898 2.58532 -0.0662817 
v -1.27982 2.58532 0.0475959 
v -0.634054 2.62821 -0.435948 
v -0.766032 2.62821 -0.604915 
v -0.749746 2.62821 -0.424923 
v -0.65034 2.62821 -0.615939 
v -1.26163 2.63914 -0.402715 
v -1.13851 2.63914 -0.259381 
v -1.16194 2.63914 -0.480094 
v -1.03882 2.63914 -0.33676 
v 0.506704 2.58532 -0.296899 
v 0.466706 2.58532 -0.467966 
v 0.406585 2.58532 -0.419786 
v 0.566825 2.58532 -0.345079 
v 1.43536 2.58532 -0.0273061 
v 1.6106 2.58532 0.0086205 
v 1.59256 2.58532 -0.0662817 
v 1.45341 2.58532 0.0475959 
v 0.939616 2.62821 -0.604915 
v 0.807638 2.62821 -0.435948 
v 0.92333 2.62821 -0.424923 
v 0.823924 2.62821 -0.615939 
v 1.33552 2.63914 -0.480094 
v 1.31209 2.63914 -0.259381 
v 1.43522 2.63914 -0.402715 
v 1.2124 2.63914 -0.33676 
v -0.634054 2.37374 -0.435948 
v -0.749746 2.62821 -0.424923 
v -0.749746 2.37374 -0.424923 
v -0.33312 2.41663 -0.296899 
v -0.393241 2.58532 -0.345079 
v -0.393241 2.41663 -0.345079 
v -1.03882 2.36281 -0.33676 
v -1.13851 2.63914 -0.259381 
v -1.13851 2.36281 -0.259381 
v -1.43702 2.58532 0.0086205 
v -1.43702 2.41663 0.00862044 
v -1.27982 2.41663 0.0475959 
v -1.27982 2.58532 0.0475959 
v -0.634054 2.62821 -0.435948 
v -0.33312 2.58532 -0.296899 
v -1.03882 2.63914 -0.33676 
v 0.506704 2.58532 -0.296899 
v 0.506704 2.41663 -0.296899 
v 0.566825 2.58532 -0.345079 
v 0.92333 2.62821 -0.424923 
v 0.807638 2.37374 -0.435948 
v 0.92333 2.37374 -0.424923 
v 1.31209 2.63914 -0.259381 
v 1.2124 2.36281 -0.33676 
v 1.31209 2.36281 -0.259381 
v 1.6106 2.58532 0.0086205 
v 1.45341 2.41663 0.0475959 
v 1.6106 2.41663 0.00862044 
v 0.566825 2.41663 -0.345079 
v 0.807638 2.62821 -0.435948 
v 1.2124 2.63914 -0.33676 
v 1.45341 2.58532 0.0475959 
v -0.766032 2.62821 -0.604915 
v -0.766032 2.37374 -0.604915 
v -0.749746 2.37374 -0.424923 
v -0.293122 2.58532 -0.467966 
v -0.293122 2.41663 -0.467966 
v -0.393241 2.41663 -0.345079 
v -1.26163 2.63914 -0.402715 
v -1.26163 2.36281 -0.402715 
v -1.13851 2.36281 -0.259381 
v -1.43702 2.41663 0.00862044 
v -1.41898 2.58532 -0.0662817 
v -1.41898 2.41663 -0.0662817 
v -1.43702 2.58532 0.0086205 
v -0.749746 2.62821 -0.424923 
v -0.393241 2.58532 -0.345079 
v -1.13851 2.63914 -0.259381 
v 0.506704 2.41663 -0.296899 
v 0.406585 2.58532 -0.419786 
v 0.406585 2.41663 -0.419786 
v 0.807638 2.37374 -0.435948 
v 0.823924 2.62821 -0.615939 
v 0.823924 2.37374 -0.61594 
v 1.2124 2.36281 -0.33676 
v 1.33552 2.63914 -0.480094 
v 1.33552 2.36281 -0.480094 
v 1.45341 2.58532 0.0475959 
v 1.43536 2.41663 -0.0273061 
v 1.45341 2.41663 0.0475959 
v 1.43536 2.58532 -0.0273061 
v 0.807638 2.62821 -0.435948 
v 1.2124 2.63914 -0.33676 
v 0.506704 2.58532 -0.296899 
v -0.766032 2.37374 -0.604915 
v -0.634054 2.37374 -0.435948 
v -0.749746 2.37374 -0.424923 
v -0.65034 2.37374 -0.61594 
v -1.16194 2.36281 -0.480094 
v -1.13851 2.36281 -0.259381 
v -1.26163 2.36281 -0.402715 
v -1.03882 2.36281 -0.33676 
v -1.26178 2.41663 -0.0273061 
v -1.43702 2.41663 0.00862044 
v -1.41898 2.41663 -0.0662817 
v -0.33312 2.41663 -0.296899 
v -0.293122 2.41663 -0.467966 
v -0.233001 2.41663 -0.419786 
v -0.393241 2.41663 -0.345079 
v -1.27982 2.41663 0.0475959 
v 0.506704 2.41663 -0.296899 
v 0.406585 2.41663 -0.419786 
v 0.466706 2.41663 -0.467966 
v 0.823924 2.37374 -0.61594 
v 0.939616 2.37374 -0.604915 
v 0.807638 2.37374 -0.435948 
v 1.31209 2.36281 -0.259381 
v 1.33552 2.36281 -0.480094 
v 1.43522 2.36281 -0.402715 
v 1.2124 2.36281 -0.33676 
v 0.92333 2.37374 -0.424923 
v 0.566825 2.41663 -0.345079 
v 1.6106 2.41663 0.00862044 
v 1.43536 2.41663 -0.0273061 
v 1.59256 2.41663 -0.0662817 
v 1.45341 2.41663 0.0475959 
v -1.26163 2.36281 -0.402715 
v -1.16194 2.63914 -0.480094 
v -1.16194 2.36281 -0.480094 
v -0.766032 2.37374 -0.604915 
v -0.65034 2.62821 -0.615939 
v -0.65034 2.37374 -0.61594 
v -0.293122 2.41663 -0.467966 
v -0.233001 2.58532 -0.419786 
v -0.233001 2.41663 -0.419786 
v -1.41898 2.58532 -0.0662817 
v -1.26178 2.41663 -0.0273061 
v -1.41898 2.41663 -0.0662817 
v -0.293122 2.58532 -0.467966 
v -0.766032 2.62821 -0.604915 
v -1.26163 2.63914 -0.402715 
v -1.26178 2.58532 -0.0273061 
v 0.406585 2.58532 -0.419786 
v 0.466706 2.41663 -0.467966 
v 0.406585 2.41663 -0.419786 
v 0.823924 2.62821 -0.615939 
v 0.939616 2.37374 -0.604915 
v 0.823924 2.37374 -0.61594 
v 1.33552 2.63914 -0.480094 
v 1.43522 2.36281 -0.402715 
v 1.33552 2.36281 -0.480094 
v 1.43536 2.41663 -0.0273061 
v 1.59256 2.58532 -0.0662817 
v 1.59256 2.41663 -0.0662817 
v 0.466706 2.58532 -0.467966 
v 0.939616 2.62821 -0.604915 
v 1.43522 2.63914 -0.402715 
v 1.43536 2.58532 -0.0273061 

vn 0.755906 0 -0.653543 
vn 0.755906 0 -0.653543 
vn 0.755906 0 -0.653543 
vn 0.992126 0 -0.0866142 
vn 0.992126 0 -0.0866142 
vn 0.992126 0 -0.0866142 
vn 0.771654 0 0.629921 
vn 0.771654 0 0.629921 
vn 0.771654 0 0.629921 
vn 0.968504 0 0.23622 
vn 0.968504 0 0.23622 
vn 0.968504 0 0.23622 
vn 0.968504 0 0.23622 
vn 0.992126 0 -0.0866142 
vn 0.755906 0 -0.653543 
vn 0.771654 0 0.629921 
vn 0.771654 0 -0.629921 
vn 0.771654 0 -0.629921 
vn 0.771654 0 -0.629921 
vn 0.992126 0 0.0866142 
vn 0.992126 0 0.0866142 
vn 0.992126 0 0.0866142 
vn 0.755906 0 0.653543 
vn 0.755906 0 0.653543 
vn 0.755906 0 0.653543 
vn 0.968504 0 -0.23622 
vn 0.968504 0 -0.23622 
vn 0.968504 0 -0.23622 
vn 0.968504 0 -0.23622 
vn 0.992126 0 0.0866142 
vn 0.771654 0 -0.629921 
vn 0.755906 0 0.653543 
vn 0 1 0 
vn 0 1 0 
vn 0 1 0 
vn 0 1 0 
vn 0 1 0 
vn 0 1 0 
vn 0 1 0 
vn 0 1 0 
vn 0 1 0 
vn 0 1 0 
vn 0 1 0 
vn 0 1 0 
vn 0 1 0 
vn 0 1 0 
vn 0 1 0 
vn 0 1 0 
vn 0 1 0 
vn 0 1 0 
vn 0 1 0 
vn 0 1 0 
vn 0 1 0 
vn 0 1 0 
vn 0 1 0 
vn 0 1 0 
vn 0 1 0 
vn 0 1 0 
vn 0 1 0 
vn 0 1 0 
vn 0 1 0 
vn 0 1 0 
vn 0 1 0 
vn 0 1 0 
vn 0.0944882 0 0.992126 
vn 0.0944882 0 0.992126 
vn 0.0944882 0 0.992126 
vn -0.622047 0 0.779528 
vn -0.622047 0 0.779528 
vn -0.622047 0 0.779528 
vn 0.614173 0 0.787402 
vn 0.614173 0 0.787402 
vn 0.614173 0 0.787402 
vn -0.244094 0 0.968504 
vn -0.244094 0 0.968504 
vn -0.244094 0 0.968504 
vn -0.244094 0 0.968504 
vn 0.0944882 0 0.992126 
vn -0.622047 0 0.779528 
vn 0.614173 0 0.787402 
vn 0.622047 0 0.779528 
vn 0.622047 0 0.779528 
vn 0.622047 0 0.779528 
vn -0.0944882 0 0.992126 
vn -0.0944882 0 0.992126 
vn -0.0944882 0 0.992126 
vn -0.614173 0 0.787402 
vn -0.614173 0 0.787402 
vn -0.614173 0 0.787402 
vn 0.244094 0 0.968504 
vn 0.244094 0 0.968504 
vn 0.244094 0 0.968504 
vn 0.622047 0 0.779528 
vn -0.0944882 0 0.992126 
vn -0.614173 0 0.787402 
vn 0.244094 0 0.968504 
vn -0.992126 0 0.0866142 
vn -0.992126 0 0.0866142 
vn -0.992126 0 0.0866142 
vn -0.771654 0 -0.629921 
vn -0.771654 0 -0.629921 
vn -0.771654 0 -0.629921 
vn -0.755906 0 0.653543 
vn -0.755906 0 0.653543 
vn -0.755906 0 0.653543 
vn -0.968504 0 -0.23622 
vn -0.968504 0 -0.23622 
vn -0.968504 0 -0.23622 
vn -0.968504 0 -0.23622 
vn -0.992126 0 0.0866142 
vn -0.771654 0 -0.629921 
vn -0.755906 0 0.653543 
vn -0.771654 0 0.629921 
vn -0.771654 0 0.629921 
vn -0.771654 0 0.629921 
vn -0.992126 0 -0.0866142 
vn -0.992126 0 -0.0866142 
vn -0.992126 0 -0.0866142 
vn -0.755906 0 -0.653543 
vn -0.755906 0 -0.653543 
vn -0.755906 0 -0.653543 
vn -0.968504 0 0.23622 
vn -0.968504 0 0.23622 
vn -0.968504 0 0.23622 
vn -0.968504 0 0.23622 
vn -0.992126 0 -0.0866142 
vn -0.755906 0 -0.653543 
vn -0.771654 0 0.629921 
vn 0 -1 0 
vn 0 -1 0 
vn 0 -1 0 
vn 0 -1 0 
vn 0 -1 0 
vn 0 -1 0 
vn 0 -1 0 
vn 0 -1 0 
vn 0 -1 0 
vn 0 -1 0 
vn 0 -1 0 
vn 0 -1 0 
vn 0 -1 0 
vn 0 -1 0 
vn 0 -1 0 
vn 0 -1 0 
vn 0 -1 0 
vn 0 -1 0 
vn 0 -1 0 
vn 0 -1 0 
vn 0 -1 0 
vn 0 -1 0 
vn 0 -1 0 
vn 0 -1 0 
vn 0 -1 0 
vn 0 -1 0 
vn 0 -1 0 
vn 0 -1 0 
vn 0 -1 0 
vn 0 -1 0 
vn 0 -1 0 
vn 0 -1 0 
vn -0.614173 0 -0.787402 
vn -0.614173 0 -0.787402 
vn -0.614173 0 -0.787402 
vn -0.0944882 0 -0.992126 
vn -0.0944882 0 -0.992126 
vn -0.0944882 0 -0.992126 
vn 0.622047 0 -0.779528 
vn 0.622047 0 -0.779528 
vn 0.622047 0 -0.779528 
vn 0.244094 0 -0.968504 
vn 0.244094 0 -0.968504 
vn 0.244094 0 -0.968504 
vn 0.622047 0 -0.779528 
vn -0.0944882 0 -0.992126 
vn -0.614173 0 -0.787402 
vn 0.244094 0 -0.968504 
vn -0.622047 0 -0.779528 
vn -0.622047 0 -0.779528 
vn -0.622047 0 -0.779528 
vn 0.0944882 0 -0.992126 
vn 0.0944882 0 -0.992126 
vn 0.0944882 0 -0.992126 
vn 0.614173 0 -0.787402 
vn 0.614173 0 -0.787402 
vn 0.614173 0 -0.787402 
vn -0.244094 0 -0.968504 
vn -0.244094 0 -0.968504 
vn -0.244094 0 -0.968504 
vn -0.622047 0 -0.779528 
vn 0.0944882 0 -0.992126 
vn 0.614173 0 -0.787402 
vn -0.244094 0 -0.968504 

vt 2.02449 -52.9827 
vt 2.00657 -53.0173 
vt 2.02449 -53.0173 
vt 2.04147 -52.9841 
vt 2.01897 -53.0159 
vt 2.04147 -53.0159 
vt 2.01695 -52.9895 
vt 2.00159 -53.0105 
vt 2.01695 -53.0105 
vt 1.96789 -53.0105 
vt 1.95853 -52.9895 
vt 1.95853 -53.0105 
vt 1.96789 -52.9895 
vt 2.01897 -52.9841 
vt 2.00657 -52.9827 
vt 2.00159 -52.9895 
vt 2.02297 -52.9895 
vt 2.00761 -53.0105 
vt 2.02297 -53.0105 
vt 2.04009 -52.9841 
vt 2.01759 -53.0159 
vt 2.04009 -53.0159 
vt 2.01482 -52.9827 
vt 1.9969 -53.0173 
vt 2.01482 -53.0173 
vt 1.97276 -52.9895 
vt 1.9634 -53.0105 
vt 1.97276 -53.0105 
vt 1.9634 -52.9895 
vt 2.01759 -52.9841 
vt 2.00761 -52.9895 
vt 1.9969 -52.9827 
vt 2.05249 -53.0016 
vt 2.04749 -53.023 
vt 2.06 -53.0076 
vt 2.03997 -53.017 
vt 2.19048 -52.9634 
vt 2.16857 -52.9679 
vt 2.18822 -52.9728 
vt 2.17083 -52.9585 
vt 2.09011 -53.019 
vt 2.1066 -53.0401 
vt 2.10457 -53.0176 
vt 2.09214 -53.0415 
vt 2.16855 -53.0148 
vt 2.15316 -52.9969 
vt 2.15609 -53.0245 
vt 2.1407 -53.0066 
vt 1.94751 -53.0016 
vt 1.95251 -53.023 
vt 1.96003 -53.017 
vt 1.94 -53.0076 
vt 1.83143 -52.9679 
vt 1.80952 -52.9634 
vt 1.81178 -52.9728 
vt 1.82917 -52.9585 
vt 1.8934 -53.0401 
vt 1.90989 -53.019 
vt 1.89543 -53.0176 
vt 1.90786 -53.0415 
vt 1.84391 -53.0245 
vt 1.84684 -52.9969 
vt 1.83145 -53.0148 
vt 1.8593 -53.0066 
vt 1.90989 -53.0159 
vt 1.89543 -52.9841 
vt 1.89543 -53.0159 
vt 1.94751 -53.0105 
vt 1.94 -52.9895 
vt 1.94 -53.0105 
vt 1.8593 -53.0173 
vt 1.84684 -52.9827 
vt 1.84684 -53.0173 
vt 1.80952 -52.9895 
vt 1.80952 -53.0105 
vt 1.82917 -53.0105 
vt 1.82917 -52.9895 
vt 1.90989 -52.9841 
vt 1.94751 -52.9895 
vt 1.8593 -52.9827 
vt 2.05249 -52.9895 
vt 2.05249 -53.0105 
vt 2.06 -52.9895 
vt 2.10457 -52.9841 
vt 2.09011 -53.0159 
vt 2.10457 -53.0159 
vt 2.15316 -52.9827 
vt 2.1407 -53.0173 
vt 2.15316 -53.0173 
vt 2.19048 -52.9895 
vt 2.17083 -53.0105 
vt 2.19048 -53.0105 
vt 2.06 -53.0105 
vt 2.09011 -52.9841 
vt 2.1407 -52.9827 
vt 2.17083 -52.9895 
vt 1.95991 -52.9841 
vt 1.95991 -53.0159 
vt 1.98241 -53.0159 
vt 1.97703 -52.9895 
vt 1.97703 -53.0105 
vt 1.99239 -53.0105 
vt 1.98518 -52.9827 
vt 1.98518 -53.0173 
vt 2.0031 -53.0173 
vt 2.0366 -53.0105 
vt 2.02724 -52.9895 
vt 2.02724 -53.0105 
vt 2.0366 -52.9895 
vt 1.98241 -52.9841 
vt 1.99239 -52.9895 
vt 2.0031 -52.9827 
vt 1.99841 -53.0105 
vt 1.98305 -52.9895 
vt 1.98305 -53.0105 
vt 1.98103 -53.0159 
vt 1.95853 -52.9841 
vt 1.95853 -53.0159 
vt 1.99343 -53.0173 
vt 1.97551 -52.9827 
vt 1.97551 -53.0173 
vt 2.04147 -52.9895 
vt 2.03211 -53.0105 
vt 2.04147 -53.0105 
vt 2.03211 -52.9895 
vt 1.98103 -52.9841 
vt 1.99343 -52.9827 
vt 1.99841 -52.9895 
vt 1.8934 -53.0401 
vt 1.90989 -53.019 
vt 1.89543 -53.0176 
vt 1.90786 -53.0415 
vt 1.84391 -53.0245 
vt 1.84684 -52.9969 
vt 1.83145 -53.0148 
vt 1.8593 -53.0066 
vt 1.83143 -52.9679 
vt 1.80952 -52.9634 
vt 1.81178 -52.9728 
vt 1.94751 -53.0016 
vt 1.95251 -53.023 
vt 1.96003 -53.017 
vt 1.94 -53.0076 
vt 1.82917 -52.9585 
vt 2.05249 -53.0016 
vt 2.03997 -53.017 
vt 2.04749 -53.023 
vt 2.09214 -53.0415 
vt 2.1066 -53.0401 
vt 2.09011 -53.019 
vt 2.15316 -52.9969 
vt 2.15609 -53.0245 
vt 2.16855 -53.0148 
vt 2.1407 -53.0066 
vt 2.10457 -53.0176 
vt 2.06 -53.0076 
vt 2.19048 -52.9634 
vt 2.16857 -52.9679 
vt 2.18822 -52.9728 
vt 2.17083 -52.9585 
vt 2.16855 -53.0173 
vt 2.15609 -52.9827 
vt 2.15609 -53.0173 
vt 2.1066 -53.0159 
vt 2.09214 -52.9841 
vt 2.09214 -53.0159 
vt 2.04749 -53.0105 
vt 2.03997 -52.9895 
vt 2.03997 -53.0105 
vt 2.18822 -52.9895 
vt 2.16857 -53.0105 
vt 2.18822 -53.0105 
vt 2.04749 -52.9895 
vt 2.1066 -52.9841 
vt 2.16855 -52.9827 
vt 2.16857 -52.9895 
vt 1.96003 -52.9895 
vt 1.95251 -53.0105 
vt 1.96003 -53.0105 
vt 1.90786 -52.9841 
vt 1.8934 -53.0159 
vt 1.90786 -53.0159 
vt 1.84391 -52.9827 
vt 1.83145 -53.0173 
vt 1.84391 -53.0173 
vt 1.83143 -53.0105 
vt 1.81178 -52.9895 
vt 1.81178 -53.0105 
vt 1.95251 -52.9895 
vt 1.8934 -52.9841 
vt 1.83145 -52.9827 
vt 1.83143 -52.9895 

usemtl Cube0011Mtl

f 4837/4837/4837 4838/4838/4838 4839/4839/4839 
f 4840/4840/4840 4838/4838/4838 4837/4837/4837 
f 4834/4834/4834 4835/4835/4835 4836/4836/4836 
f 4835/4835/4835 4834/4834/4834 4843/4843/4843 
f 4831/4831/4831 4832/4832/4832 4833/4833/4833 
f 4832/4832/4832 4831/4831/4831 4841/4841/4841 
f 4828/4828/4828 4829/4829/4829 4830/4830/4830 
f 4842/4842/4842 4829/4829/4829 4828/4828/4828 
f 4818/4818/4818 4819/4819/4819 4820/4820/4820 
f 4819/4819/4819 4818/4818/4818 4827/4827/4827 
f 4815/4815/4815 4816/4816/4816 4817/4817/4817 
f 4816/4816/4816 4815/4815/4815 4825/4825/4825 
f 4812/4812/4812 4813/4813/4813 4814/4814/4814 
f 4813/4813/4813 4812/4812/4812 4826/4826/4826 
f 4821/4821/4821 4822/4822/4822 4823/4823/4823 
f 4822/4822/4822 4821/4821/4821 4824/4824/4824 
f 4856/4856/4856 4857/4857/4857 4858/4858/4858 
f 4859/4859/4859 4858/4858/4858 4857/4857/4857 
f 4872/4872/4872 4873/4873/4873 4874/4874/4874 
f 4872/4872/4872 4875/4875/4875 4873/4873/4873 
f 4852/4852/4852 4853/4853/4853 4854/4854/4854 
f 4853/4853/4853 4852/4852/4852 4855/4855/4855 
f 4868/4868/4868 4869/4869/4869 4870/4870/4870 
f 4869/4869/4869 4868/4868/4868 4871/4871/4871 
f 4844/4844/4844 4845/4845/4845 4846/4846/4846 
f 4845/4845/4845 4844/4844/4844 4847/4847/4847 
f 4848/4848/4848 4849/4849/4849 4850/4850/4850 
f 4849/4849/4849 4848/4848/4848 4851/4851/4851 
f 4860/4860/4860 4861/4861/4861 4862/4862/4862 
f 4861/4861/4861 4860/4860/4860 4863/4863/4863 
f 4864/4864/4864 4865/4865/4865 4866/4866/4866 
f 4865/4865/4865 4864/4864/4864 4867/4867/4867 
f 4885/4885/4885 4886/4886/4886 4887/4887/4887 
f 4888/4888/4888 4885/4885/4885 4887/4887/4887 
f 4901/4901/4901 4902/4902/4902 4903/4903/4903 
f 4907/4907/4907 4902/4902/4902 4901/4901/4901 
f 4879/4879/4879 4880/4880/4880 4881/4881/4881 
f 4880/4880/4880 4879/4879/4879 4890/4890/4890 
f 4892/4892/4892 4893/4893/4893 4894/4894/4894 
f 4894/4894/4894 4893/4893/4893 4904/4904/4904 
f 4876/4876/4876 4877/4877/4877 4878/4878/4878 
f 4877/4877/4877 4876/4876/4876 4889/4889/4889 
f 4895/4895/4895 4896/4896/4896 4897/4897/4897 
f 4905/4905/4905 4896/4896/4896 4895/4895/4895 
f 4882/4882/4882 4883/4883/4883 4884/4884/4884 
f 4883/4883/4883 4882/4882/4882 4891/4891/4891 
f 4898/4898/4898 4899/4899/4899 4900/4900/4900 
f 4906/4906/4906 4899/4899/4899 4898/4898/4898 
f 4917/4917/4917 4918/4918/4918 4919/4919/4919 
f 4918/4918/4918 4917/4917/4917 4920/4920/4920 
f 4914/4914/4914 4915/4915/4915 4916/4916/4916 
f 4916/4916/4916 4923/4923/4923 4914/4914/4914 
f 4908/4908/4908 4909/4909/4909 4910/4910/4910 
f 4921/4921/4921 4908/4908/4908 4910/4910/4910 
f 4911/4911/4911 4912/4912/4912 4913/4913/4913 
f 4922/4922/4922 4911/4911/4911 4913/4913/4913 
f 4924/4924/4924 4925/4925/4925 4926/4926/4926 
f 4925/4925/4925 4924/4924/4924 4939/4939/4939 
f 4927/4927/4927 4928/4928/4928 4929/4929/4929 
f 4928/4928/4928 4927/4927/4927 4937/4937/4937 
f 4930/4930/4930 4931/4931/4931 4932/4932/4932 
f 4931/4931/4931 4930/4930/4930 4938/4938/4938 
f 4933/4933/4933 4934/4934/4934 4935/4935/4935 
f 4936/4936/4936 4934/4934/4934 4933/4933/4933 
f 4944/4944/4944 4945/4945/4945 4946/4946/4946 
f 4945/4945/4945 4944/4944/4944 4947/4947/4947 
f 4962/4962/4962 4963/4963/4963 4964/4964/4964 
f 4963/4963/4963 4962/4962/4962 4965/4965/4965 
f 4940/4940/4940 4941/4941/4941 4942/4942/4942 
f 4943/4943/4943 4941/4941/4941 4940/4940/4940 
f 4959/4959/4959 4960/4960/4960 4961/4961/4961 
f 4960/4960/4960 4966/4966/4966 4961/4961/4961 
f 4948/4948/4948 4949/4949/4949 4950/4950/4950 
f 4949/4949/4949 4948/4948/4948 4955/4955/4955 
f 4951/4951/4951 4952/4952/4952 4953/4953/4953 
f 4952/4952/4952 4951/4951/4951 4954/4954/4954 
f 4956/4956/4956 4957/4957/4957 4958/4958/4958 
f 4956/4956/4956 4958/4958/4958 4967/4967/4967 
f 4968/4968/4968 4969/4969/4969 4970/4970/4970 
f 4969/4969/4969 4968/4968/4968 4971/4971/4971 
f 4972/4972/4972 4973/4973/4973 4974/4974/4974 
f 4973/4973/4973 4972/4972/4972 4986/4986/4986 
f 4994/4994/4994 4995/4995/4995 4996/4996/4996 
f 5002/5002/5002 4995/4995/4995 4994/4994/4994 
f 4975/4975/4975 4976/4976/4976 4977/4977/4977 
f 4976/4976/4976 4975/4975/4975 4985/4985/4985 
f 4991/4991/4991 4992/4992/4992 4993/4993/4993 
f 5001/5001/5001 4992/4992/4992 4991/4991/4991 
f 4978/4978/4978 4979/4979/4979 4980/4980/4980 
f 4979/4979/4979 4978/4978/4978 4984/4984/4984 
f 4988/4988/4988 4989/4989/4989 4990/4990/4990 
f 5000/5000/5000 4989/4989/4989 4988/4988/4988 
f 4981/4981/4981 4982/4982/4982 4983/4983/4983 
f 4982/4982/4982 4981/4981/4981 4987/4987/4987 
f 4997/4997/4997 4998/4998/4998 4999/4999/4999 
f 4998/4998/4998 4997/4997/4997 5003/5003/5003 

