# This file is brought to you by Roblox Corporation
# Generated by Roblox Studio

mtllib 7.mtl

g Cube1

v -0.536302 1.75164 -1.42266 
v -0.536302 0.843511 -1.12289 
v -0.536302 0.843511 -1.42266 
v -0.504827 2.13772 -1.08951 
v -0.504827 1.79064 -1.44576 
v -0.504827 2.13772 -1.44576 
v -0.536302 1.75164 -1.12289 
v -0.504827 1.79064 -1.08951 
v -0.431973 2.13772 -1.51861 
v -0.431973 2.40999 -0.850652 
v -0.431973 2.13772 -0.850652 
v -0.431973 2.40999 -1.51861 
v -0.431973 2.40999 -1.62802 
v -0.431973 3.18486 -1.62802 
v -0.431973 3.18486 -0.741238 
v 0.358756 2.71616 -1.71997 
v 0.358756 2.61903 0.448384 
v 0.358756 2.61903 -1.71997 
v 0.579349 2.8693 -1.71997 
v 0.579349 2.71616 0.448384 
v 0.579349 2.71616 -1.71997 
v -0.431973 2.40999 -0.741238 
v 0.358756 2.71616 0.448384 
v 0.579349 2.8693 0.448384 
v 0.860029 2.8693 -1.71997 
v 0.860029 3.05922 -1.71997 
v 0.860029 3.05922 -0.585894 
v 0.860029 2.8693 1.49946 
v 0.860029 3.31522 0.341938 
v -0.431973 2.40999 0.805391 
v -0.431973 2.40999 0.695978 
v -0.431973 3.35086 0.695978 
v -0.534714 1.70051 0.92431 
v -0.534714 1.89848 0.92431 
v -0.534714 1.89848 1.0087 
v -0.534714 1.70051 1.0087 
v -0.536302 1.75164 1.06734 
v -0.536302 0.84351 1.36711 
v -0.536302 0.84351 1.06734 
v -0.536302 1.75164 1.36711 
v -0.504827 1.79064 1.04424 
v -0.504827 2.13772 1.40049 
v -0.504827 1.79064 1.40049 
v -0.431973 2.40999 1.47335 
v -0.504827 2.13772 1.04424 
v -0.431973 3.35086 1.66576 
v -0.431973 2.40999 1.66576 
v -0.431973 2.13772 0.805391 
v -0.431973 2.13772 1.47335 
v 0.358756 2.8693 0.448384 
v 0.358756 2.71616 1.49946 
v 0.358756 2.8693 1.49946 
v 0.579349 2.8693 1.7069 
v 0.579349 2.8693 1.49946 
v 0.579349 3.2512 1.7069 
v 0.358756 3.2512 1.88335 
v 0.358756 3.08295 1.7069 
v 0.358756 3.2512 1.7069 
v 0.358756 3.08295 1.88335 
v 0.860029 3.31522 -0.585894 
v -0.835947 6.11998 -1.20561 
v -0.898266 6.07211 -1.28268 
v -0.867228 6.11998 -1.2937 
v -0.777711 6.00751 -1.22629 
v -0.902104 5.86392 -1.28131 
v -0.808992 6.00751 -1.31438 
v -0.870823 5.86392 -1.19323 
v -0.866985 6.07211 -1.19459 
v 0.579349 6.09993 -1.71997 
v 0.579349 6.24097 -1.57871 
v 0.579349 6.09993 -1.57871 
v 0.579349 6.24097 -1.71997 
v -0.940217 6.26665 -1.16858 
v -1.00254 6.21879 -1.24565 
v -0.971498 6.26665 -1.25667 
v -0.971254 6.21879 -1.15756 
v 0.579349 6.03353 -0.585893 
v 0.579349 6.03418 -0.72715 
v 0.579351 6.24162 -0.725246 
v 0.860029 5.20767 -1.71997 
v 0.860029 4.83758 -0.585894 
v 0.860029 4.83758 -1.71997 
v 0.860029 5.20767 -0.585893 
v 0.860029 6.03353 -0.585893 
v 0.860029 5.85379 -0.585893 
v 0.860029 5.85379 -0.72715 
v 0.860029 5.85379 -1.71997 
v 0.860029 6.09993 -1.57871 
v 0.860029 5.85379 -1.57871 
v 0.860029 6.09993 -1.71997 
v 0.860029 6.03353 -0.72715 
v 0.579349 6.03353 -0.585893 
v 0.579351 6.24162 -0.725246 
v 0.579349 6.24097 -0.378453 
v 0.579349 4.83758 -0.585894 
v 0.579349 6.03353 -0.585893 
v 0.579349 4.96202 -0.378453 
v 0.579349 4.96202 0.0970929 
v 0.579349 4.83758 0.448384 
v 0.418193 3.42774 1.88335 
v 0.418193 4.56019 1.88335 
v 0.418193 4.56019 2.07453 
v 0.418193 3.42774 2.07453 
v 0.579349 4.96202 0.655825 
v 0.579349 6.24097 -0.378453 
v 0.579349 5.11467 -0.378453 
v 0.579349 5.11467 0.097093 
v 0.579349 4.5293 0.448384 
v 0.579349 4.73674 0.655825 
v 0.579349 2.8693 1.49946 
v 0.579349 4.5293 1.49946 
v 0.579349 3.2512 1.7069 
v 0.579349 4.5293 1.49946 
v 0.579349 3.2512 1.88335 
v 0.579349 3.2512 1.7069 
v 0.579349 4.73674 1.88335 
v 0.579349 3.2512 1.88335 
v 0.579349 4.5293 1.49946 
v 0.860029 4.42285 0.341938 
v 0.860029 4.42285 -0.585894 
v 0.579349 4.5293 1.49946 
v 0.579349 4.73674 1.88335 
v 0.860029 4.5293 1.49946 
v 0.878163 0.843511 -1.42266 
v 0.878163 1.75164 -1.42266 
v 0.878163 1.75164 -1.12289 
v 0.896828 2.13772 -1.44576 
v 0.896828 1.79064 -1.08951 
v 0.896828 1.79064 -1.44576 
v 0.878163 0.843511 -1.12289 
v 0.896828 2.13772 -1.08951 
v 0.969682 2.13772 -1.51861 
v 0.969682 2.40999 -1.51861 
v 0.969682 2.22204 -1.4343 
v 0.969682 2.40999 -1.62802 
v 0.969682 3.18486 -1.62802 
v 0.969682 2.4943 -1.54371 
v 0.969682 2.40999 -1.51861 
v 0.969682 2.4943 -0.825549 
v 0.969682 3.10055 -0.825549 
v 0.969682 2.40999 -0.741238 
v 0.969682 2.4943 -0.934963 
v 0.969682 2.4943 -0.825549 
v 0.969682 2.40999 -0.850651 
v 0.969682 2.22204 -0.934963 
v 0.969682 2.13772 -0.850651 
v 0.969682 2.22204 -0.934963 
v 0.969682 2.4943 -0.934963 
v 0.969682 2.40999 -0.850651 
v 0.969682 2.40999 -0.850651 
v 0.969682 2.4943 -1.4343 
v 0.969682 2.4943 -1.4343 
v 0.969682 2.40999 -0.741238 
v 0.969682 3.26655 0.78029 
v 0.969682 2.4943 0.780289 
v 0.969682 2.40999 0.695978 
v 0.969682 2.40999 0.805391 
v 0.969682 2.40999 0.695978 
v 0.969682 2.4943 0.780289 
v 0.861592 1.89848 0.92431 
v 0.861592 1.70051 1.0087 
v 0.861592 1.70051 0.92431 
v 0.861592 1.89848 1.0087 
v 0.878163 0.84351 1.06734 
v 0.878163 1.75164 1.06734 
v 0.878163 1.75164 1.36711 
v 0.878163 0.84351 1.36711 
v 0.896828 2.13772 1.04424 
v 0.896828 1.79064 1.40049 
v 0.896828 1.79064 1.04424 
v 0.969682 2.4943 0.889703 
v 0.969682 2.22204 0.889703 
v 0.969682 2.13772 0.805391 
v 0.969682 2.40999 0.805391 
v 0.896828 2.13772 1.40049 
v 0.969682 2.4943 0.889703 
v 0.969682 2.13772 1.47335 
v 0.969682 2.22204 1.38904 
v 0.969682 2.40999 1.47335 
v 0.969682 2.13772 1.47335 
v 0.969682 2.22204 1.38904 
v 0.969682 2.40999 1.47335 
v 0.969682 2.4943 1.38904 
v 0.969682 2.40999 1.47335 
v 0.969682 2.4943 1.38904 
v 0.969682 2.4943 1.58145 
v 0.969682 2.40999 1.66576 
v 0.969682 2.40999 1.66576 
v 0.969682 2.4943 1.58145 
v 0.969682 3.26655 1.58145 
v 0.969682 3.10055 -0.825549 
v 0.969682 3.18486 -0.741238 
v 0.969682 2.40999 -0.741238 
v 0.969682 3.10055 -1.54371 
v 1.03097 3.20877 -0.585894 
v 1.03097 3.05922 -1.71997 
v 1.03097 3.20877 -1.71997 
v 0.969682 3.10055 -0.825549 
v 0.969682 3.18486 -0.741238 
v 1.03097 4.83758 -1.71997 
v 1.03097 4.5293 -0.585894 
v 1.03097 4.5293 -1.71997 
v 0.959194 5.20767 -1.71997 
v 0.959194 5.85379 -1.71997 
v 0.959194 5.34893 -1.57871 
v 0.959194 5.85379 -1.57871 
v 0.959194 5.34893 -0.727151 
v 1.24639 4.42285 -1.61352 
v 1.24639 3.31522 -1.61352 
v 1.24639 3.20877 -1.71997 
v 1.24639 4.5293 -1.71997 
v 1.24639 4.42285 -1.61352 
v 1.24639 3.20877 -1.71997 
v 1.24639 3.20877 -0.585894 
v 1.24639 3.31522 -1.61352 
v 1.24639 4.5293 -0.585894 
v 1.43506 6.29745 -1.01419 
v 1.49738 6.24959 -1.09125 
v 1.46634 6.29745 -1.10227 
v 1.31091 6.4889 -1.05827 
v 1.37323 6.44104 -1.13534 
v 1.34219 6.4889 -1.14636 
v 1.34195 6.44104 -1.04725 
v 1.43215 6.50691 -1.01522 
v 1.55654 6.36332 -1.07024 
v 1.46343 6.50691 -1.1033 
v 1.4661 6.24959 -1.00316 
v 0.860029 4.83758 0.448384 
v 0.860029 4.5293 0.448384 
v 0.969682 3.26655 0.78029 
v 0.969682 2.40999 0.695978 
v 0.969682 3.35086 0.695978 
v 0.959194 5.20767 -0.585893 
v 0.959194 5.85379 -0.72715 
v 0.959194 5.85379 -0.585893 
v 0.959194 5.85379 -0.585893 
v 0.959194 5.20767 -0.585893 
v 0.959194 5.34893 -0.727151 
v 0.969682 3.26655 1.58145 
v 0.969682 3.26655 0.78029 
v 0.969682 3.35086 0.695978 
v 1.03097 3.05922 -0.585894 
v 1.24639 3.31522 -0.585894 
v 0.969682 2.40999 1.66576 
v 0.969682 3.26655 1.58145 
v 0.969682 3.35086 1.66576 
v 0.969682 3.35086 1.66576 
v 1.52526 6.36332 -0.982152 
v 1.03097 4.83758 -0.585894 
v 1.24639 4.5293 -0.585894 
v 1.24639 4.42285 -0.585894 
v 1.24639 4.42285 -1.61352 
v -0.909623 3.18486 -0.741238 
v -0.431973 3.18486 -1.62802 
v -0.909623 3.18486 -1.62802 
v -1.18633 4.5293 -1.71997 
v -1.18633 4.5293 -0.585894 
v -0.970911 4.5293 -0.585894 
v -0.970911 4.5293 -1.71997 
v -0.799971 4.83758 -0.585894 
v -0.799971 4.83758 -1.71997 
v -0.970911 4.83758 -1.71997 
v -0.970911 4.83758 -0.585894 
v -0.536302 1.75164 -1.12289 
v -0.818105 1.75164 -1.42266 
v -0.818105 1.75164 -1.12289 
v -0.536302 1.75164 -1.42266 
v -0.431973 3.18486 -0.741238 
v -0.51929 4.83758 0.448384 
v -0.799971 4.83758 -0.585894 
v -0.799971 4.83758 0.448384 
v -0.51929 4.83758 -0.585894 
v -0.417576 4.96202 0.655825 
v -0.51929 4.96202 0.0970929 
v -0.51929 4.96202 0.655825 
v -0.799971 4.5293 0.448384 
v -0.51929 4.5293 1.49946 
v -0.51929 4.5293 0.448384 
v -0.818105 1.75164 1.06734 
v -0.536302 1.75164 1.36711 
v -0.536302 1.75164 1.06734 
v -0.818105 1.75164 1.36711 
v -0.801534 1.89848 1.0087 
v -0.534714 1.89848 0.92431 
v -0.801534 1.89848 0.92431 
v -0.909623 3.35086 1.66576 
v -0.431973 3.35086 0.695978 
v -0.909623 3.35086 0.695978 
v -0.799971 4.5293 1.49946 
v -0.534714 1.89848 1.0087 
v -0.431973 3.35086 1.66576 
v -0.358134 4.56019 2.07453 
v 0.418193 4.56019 1.88335 
v -0.358134 4.56019 1.88335 
v -0.51929 4.73674 0.655825 
v -0.51929 4.73674 1.88335 
v -0.417576 4.73674 1.60518 
v -0.417576 4.73674 0.655825 
v -0.51929 4.73674 0.655825 
v -0.417576 4.73674 1.60518 
v 0.579349 4.73674 1.88335 
v -0.51929 4.73674 1.88335 
v -0.417576 4.96202 0.0970929 
v -0.899135 5.85379 -1.57871 
v -0.799971 5.85379 -1.71997 
v -0.899135 5.85379 -1.71997 
v -0.971254 6.21879 -1.15756 
v -0.835947 6.11998 -1.20561 
v -0.867228 6.11998 -1.2937 
v -1.00254 6.21879 -1.24565 
v -1.28213 6.4889 -1.14636 
v -0.940217 6.26665 -1.16858 
v -0.971498 6.26665 -1.25667 
v -1.25085 6.4889 -1.05827 
v -0.808992 6.00751 -1.31438 
v -0.898266 6.07211 -1.28268 
v -0.866985 6.07211 -1.19459 
v -0.799971 5.85379 -1.57871 
v -0.777711 6.00751 -1.22629 
v -0.799971 6.09993 -1.57871 
v -0.51929 6.09993 -1.71997 
v -0.799971 6.09993 -1.71997 
v -0.51929 6.24097 -1.57871 
v 0.579349 6.24097 -1.71997 
v -0.51929 6.24097 -1.71997 
v -0.51929 6.09993 -1.57871 
v -1.31317 6.44104 -1.13534 
v -1.40337 6.50691 -1.1033 
v -1.37209 6.50691 -1.01522 
v -0.899135 5.85379 -0.585893 
v -0.799971 5.85379 -0.72715 
v -0.899135 5.85379 -0.72715 
v -0.799971 5.85379 -0.585893 
v -0.51929 6.03353 -0.585893 
v -0.799971 6.03353 -0.72715 
v -0.799971 6.03353 -0.585893 
v -1.28189 6.44104 -1.04725 
v -0.51929 6.03417 -0.72715 
v -0.51929 5.11467 -0.378453 
v -0.51929 5.11467 0.097093 
v -0.417576 5.11467 -0.276739 
v -0.51929 5.11467 -0.378453 
v -0.417576 5.11467 -0.276739 
v 0.477634 5.11467 -0.276739 
v -0.51929 5.11467 0.097093 
v -0.417576 5.11467 0.097093 
v 0.358756 6.24097 -0.500996 
v -0.298698 6.24097 -0.501017 
v -0.51929 6.24097 -0.378453 
v -0.519288 6.24161 -0.725281 
v -0.298698 6.24097 -0.501017 
v -0.298693 6.24097 -0.725274 
v -0.51929 6.24097 -0.378453 
v 0.579349 6.24097 -0.378453 
v 0.358756 6.24097 -0.500996 
v -0.51929 6.24097 -0.378453 
v 0.492032 3.18486 -0.741238 
v 0.969682 3.18486 -1.62802 
v 0.492032 3.18486 -1.62802 
v 0.59636 1.75164 -1.12289 
v 0.878163 1.75164 -1.42266 
v 0.59636 1.75164 -1.42266 
v 0.579349 4.83758 0.448384 
v 0.860029 4.83758 -0.585894 
v 0.579349 4.83758 -0.585894 
v 0.860029 4.83758 0.448384 
v 0.477634 4.96202 0.0970929 
v 0.477634 4.96202 0.655825 
v 0.579349 4.96202 0.655825 
v 0.878163 1.75164 -1.12289 
v 0.969682 3.18486 -0.741238 
v 1.24639 4.5293 -0.585894 
v 1.03097 4.5293 -1.71997 
v 1.03097 4.5293 -0.585894 
v 1.24639 4.5293 -1.71997 
v 0.860029 4.83758 -1.71997 
v 1.03097 4.83758 -0.585894 
v 1.03097 4.83758 -1.71997 
v 0.860029 4.83758 -0.585894 
v 0.579349 4.5293 1.49946 
v 0.860029 4.5293 0.448384 
v 0.579349 4.5293 0.448384 
v 0.492032 3.35086 1.66576 
v 0.969682 3.35086 0.695978 
v 0.492032 3.35086 0.695978 
v 0.418193 4.56019 2.07453 
v 0.477634 4.73674 1.60518 
v 0.579349 4.73674 0.655825 
v 0.477634 4.73674 0.655825 
v 0.594773 1.89848 1.0087 
v 0.861592 1.89848 1.0087 
v 0.594773 1.89848 0.92431 
v 0.59636 1.75164 1.36711 
v 0.878163 1.75164 1.06734 
v 0.59636 1.75164 1.06734 
v 0.878163 1.75164 1.36711 
v 0.861592 1.89848 0.92431 
v 0.860029 4.5293 1.49946 
v 0.969682 3.35086 1.66576 
v 0.579349 4.96202 0.0970929 
v 0.860029 5.85379 -1.57871 
v 0.959194 5.85379 -1.71997 
v 0.860029 5.85379 -1.71997 
v 0.927043 6.07211 -1.19459 
v 0.86905 6.00751 -1.31438 
v 0.837769 6.00751 -1.22629 
v 0.579349 6.09993 -1.57871 
v 0.860029 6.09993 -1.71997 
v 0.579349 6.09993 -1.71997 
v 0.860029 6.09993 -1.57871 
v 0.579349 6.24097 -1.57871 
v 0.958324 6.07211 -1.28268 
v 0.959194 5.85379 -1.57871 
v 1.03131 6.21879 -1.15756 
v 0.927287 6.11998 -1.2937 
v 0.896006 6.11998 -1.20561 
v 1.06259 6.21879 -1.24565 
v 1.00028 6.26665 -1.16858 
v 1.34219 6.4889 -1.14636 
v 1.03156 6.26665 -1.25667 
v 1.31091 6.4889 -1.05827 
v 1.37323 6.44104 -1.13534 
v 1.43215 6.50691 -1.01522 
v 1.46343 6.50691 -1.1033 
v 0.579349 5.11467 -0.378453 
v 0.477634 5.11467 0.097093 
v 0.579349 5.11467 0.097093 
v 0.579349 5.11467 0.097093 
v 0.579349 5.11467 -0.378453 
v 0.477634 5.11467 -0.276739 
v 0.358756 6.24097 -0.500996 
v 0.579351 6.24162 -0.725246 
v 0.358761 6.24097 -0.725253 
v 0.579349 6.24097 -0.378453 
v 0.579349 6.03353 -0.585893 
v 0.860029 6.03353 -0.72715 
v 0.579349 6.03418 -0.72715 
v 0.860029 5.85379 -0.585893 
v 0.959194 5.85379 -0.72715 
v 0.860029 5.85379 -0.72715 
v 0.959194 5.85379 -0.585893 
v 0.860029 6.03353 -0.585893 
v 1.34195 6.44104 -1.04725 
v -0.504827 1.79064 -1.08951 
v -0.83677 2.13772 -1.08951 
v -0.83677 1.79064 -1.08951 
v -0.431973 2.13772 -0.850652 
v -0.909623 2.40999 -0.850651 
v -0.909623 2.13772 -0.850651 
v -0.431973 3.18486 -0.741238 
v -0.909623 3.18486 -0.741238 
v -0.909623 2.40999 -0.741238 
v -0.799971 3.05922 -0.585894 
v -0.970911 3.20877 -0.585894 
v -0.970911 3.05922 -0.585894 
v -0.799971 3.31522 -0.585894 
v -1.18633 3.31522 -0.585894 
v -1.18633 3.20877 -0.585894 
v -0.818105 1.75164 -1.12289 
v -0.818105 0.843511 -1.12289 
v -0.536302 1.75164 -1.12289 
v -0.536302 0.843511 -1.12289 
v -0.504827 2.13772 -1.08951 
v -0.431973 2.40999 -0.850652 
v -0.298698 2.61903 0.448384 
v 0.358756 2.61903 0.448384 
v -0.298698 2.71616 0.448384 
v -0.431973 2.40999 -0.741238 
v -0.298698 2.8693 0.448384 
v -0.51929 2.71616 0.448384 
v -0.51929 2.8693 0.448384 
v -0.536302 1.75164 1.36711 
v -0.818105 0.84351 1.36711 
v -0.536302 0.84351 1.36711 
v -0.818105 1.75164 1.36711 
v -0.504827 1.79064 1.40049 
v -0.83677 2.13772 1.40049 
v -0.83677 1.79064 1.40049 
v -0.504827 2.13772 1.40049 
v -0.431973 2.13772 1.47335 
v -0.909623 2.40999 1.47335 
v -0.909623 2.13772 1.47335 
v -0.431973 2.40999 1.47335 
v -0.799971 4.5293 1.49946 
v -0.799971 2.8693 1.49946 
v -0.51929 2.8693 1.49946 
v -0.909623 3.35086 1.66576 
v -0.909623 2.40999 1.66576 
v -0.431973 3.35086 1.66576 
v -0.431973 2.40999 1.66576 
v -0.298698 2.71616 1.49946 
v 0.358756 2.71616 1.49946 
v -0.298698 2.8693 1.49946 
v -0.298698 3.08295 1.7069 
v -0.51929 2.8693 1.7069 
v 0.579349 2.8693 1.7069 
v -0.298698 3.08295 1.7069 
v -0.51929 3.2512 1.7069 
v -0.51929 2.8693 1.7069 
v -0.298698 3.08295 1.88335 
v 0.358756 3.08295 1.88335 
v -0.298698 3.2512 1.88335 
v -0.298698 3.2512 1.7069 
v -0.358134 3.42774 1.88335 
v -0.51929 3.2512 1.88335 
v 0.358756 3.2512 1.88335 
v -0.358134 3.42774 1.88335 
v -0.298698 3.2512 1.88335 
v -0.358134 4.56019 2.07453 
v -0.358134 3.42774 2.07453 
v 0.418193 3.42774 2.07453 
v -1.40604 6.24959 -1.00316 
v -0.870823 5.86392 -1.19323 
v -0.971254 6.21879 -1.15756 
v -1.375 6.29745 -1.01419 
v -0.970911 4.5293 -0.585894 
v -1.18633 4.5293 -0.585894 
v -1.18633 4.42285 -0.585894 
v -1.28189 6.44104 -1.04725 
v -0.940217 6.26665 -1.16858 
v -1.25085 6.4889 -1.05827 
v -1.37209 6.50691 -1.01522 
v -1.4652 6.36332 -0.982152 
v -0.799971 4.42285 -0.585894 
v -0.799971 4.83758 -0.585894 
v -0.970911 4.83758 -0.585894 
v -0.799971 5.20767 -0.585893 
v -0.51929 4.83758 -0.585894 
v -0.777711 6.00751 -1.22629 
v -0.866985 6.07211 -1.19459 
v -0.835947 6.11998 -1.20561 
v -0.799971 5.85379 -0.585893 
v -0.899135 5.20767 -0.585893 
v -0.51929 4.83758 0.448384 
v -0.799971 4.5293 0.448384 
v -0.51929 4.5293 0.448384 
v -0.799971 4.83758 0.448384 
v -0.51929 4.5293 1.49946 
v -0.51929 6.03353 -0.585893 
v -0.899135 5.85379 -0.585893 
v -0.799971 6.03353 -0.585893 
v -0.51929 5.11467 0.097093 
v -0.51929 4.96202 0.0970929 
v -0.417576 4.96202 0.0970929 
v -0.51929 4.73674 1.88335 
v -0.358134 4.56019 1.88335 
v -0.51929 4.73674 1.88335 
v -0.358134 4.56019 1.88335 
v 0.418193 4.56019 1.88335 
v -0.51929 4.96202 0.655825 
v -0.51929 4.73674 0.655825 
v -0.417576 4.73674 0.655825 
v 0.579349 4.96202 -0.378453 
v -0.51929 6.24097 -0.378453 
v -0.51929 4.96202 -0.378453 
v -0.417576 5.11467 0.097093 
v -0.417576 4.96202 0.655825 
v 0.358756 3.2512 1.88335 
v 0.59636 1.75164 -1.12289 
v 0.59636 0.843511 -1.12289 
v 0.878163 0.843511 -1.12289 
v 0.564885 2.13772 -1.08951 
v 0.564885 1.79064 -1.08951 
v 0.896828 2.13772 -1.08951 
v 0.969682 2.40999 -0.850651 
v 0.492032 2.40999 -0.850652 
v 0.492032 2.13772 -0.850652 
v 0.492032 3.18486 -0.741238 
v 0.492032 2.40999 -0.741238 
v 0.969682 2.40999 -0.741238 
v 0.358756 2.71616 0.448384 
v 0.579349 2.8693 0.448384 
v 0.579349 2.71616 0.448384 
v 0.358756 2.8693 0.448384 
v 0.878163 1.75164 -1.12289 
v 0.896828 1.79064 -1.08951 
v 0.969682 2.13772 -0.850651 
v 0.969682 3.18486 -0.741238 
v 1.03097 3.20877 -0.585894 
v 0.860029 3.05922 -0.585894 
v 1.03097 3.05922 -0.585894 
v 0.860029 3.31522 -0.585894 
v 1.24639 3.20877 -0.585894 
v 1.24639 3.31522 -0.585894 
v 0.59636 1.75164 1.36711 
v 0.59636 0.84351 1.36711 
v 0.878163 0.84351 1.36711 
v 0.358756 2.8693 1.49946 
v 0.579349 2.8693 1.7069 
v 0.358756 3.08295 1.7069 
v 0.579349 3.2512 1.7069 
v 0.358756 3.2512 1.7069 
v 0.579349 3.2512 1.88335 
v 0.418193 3.42774 1.88335 
v 0.418193 3.42774 1.88335 
v 0.418193 4.56019 1.88335 
v 0.969682 2.40999 1.47335 
v 0.492032 2.40999 1.47335 
v 0.492032 2.13772 1.47335 
v 0.878163 1.75164 1.36711 
v 0.896828 2.13772 1.40049 
v 0.564885 1.79064 1.40049 
v 0.896828 1.79064 1.40049 
v 0.564885 2.13772 1.40049 
v 0.969682 2.13772 1.47335 
v 0.579349 4.5293 1.49946 
v 0.579349 2.8693 1.49946 
v 0.860029 2.8693 1.49946 
v 0.492032 3.35086 1.66576 
v 0.492032 2.40999 1.66576 
v 0.969682 2.40999 1.66576 
v 0.969682 3.35086 1.66576 
v 0.860029 4.5293 1.49946 
v 0.860029 4.42285 -0.585894 
v 1.24639 4.42285 -0.585894 
v 1.03097 4.5293 -0.585894 
v 0.860029 4.83758 -0.585894 
v 1.03097 4.83758 -0.585894 
v 0.579349 4.83758 -0.585894 
v 0.860029 4.83758 -0.585894 
v 0.860029 5.20767 -0.585893 
v 0.930881 5.86392 -1.19323 
v 0.927043 6.07211 -1.19459 
v 0.837769 6.00751 -1.22629 
v 0.896006 6.11998 -1.20561 
v 1.03131 6.21879 -1.15756 
v 1.34195 6.44104 -1.04725 
v 1.00028 6.26665 -1.16858 
v 1.4661 6.24959 -1.00316 
v 1.43506 6.29745 -1.01419 
v 1.24639 4.5293 -0.585894 
v 1.31091 6.4889 -1.05827 
v 1.52526 6.36332 -0.982152 
v 1.43215 6.50691 -1.01522 
v 0.579349 6.03353 -0.585893 
v 0.579349 4.83758 -0.585894 
v 0.860029 5.20767 -0.585893 
v 0.579349 4.73674 1.88335 
v 0.418193 4.56019 2.07453 
v 0.579349 4.73674 0.655825 
v 0.477634 4.96202 0.655825 
v 0.477634 4.73674 0.655825 
v 0.579349 6.24097 -0.378453 
v 0.579349 4.96202 0.0970929 
v 0.477634 5.11467 0.097093 
v 0.477634 4.96202 0.0970929 
v 0.579349 5.11467 0.097093 
v 0.579349 4.96202 0.655825 
v 0.959194 5.85379 -0.585893 
v 0.959194 5.20767 -0.585893 
v 0.860029 4.83758 0.448384 
v 0.579349 4.5293 0.448384 
v 0.860029 4.5293 0.448384 
v 0.579349 4.83758 0.448384 
v 0.860029 5.85379 -0.585893 
v 0.860029 6.03353 -0.585893 
v -0.909623 2.22204 -1.4343 
v -0.909623 2.40999 -1.51861 
v -0.909623 2.13772 -1.51861 
v -0.909623 2.22204 -1.4343 
v -0.909623 2.4943 -1.4343 
v -0.909623 2.40999 -1.51861 
v -0.909623 2.22204 -0.934963 
v -0.909623 2.13772 -0.850651 
v -0.909623 2.4943 -0.934963 
v -0.909623 2.40999 -0.850651 
v -0.909623 3.18486 -1.62802 
v -0.909623 2.40999 -1.62802 
v -0.909623 2.4943 -1.54371 
v -0.909623 2.4943 -1.54371 
v -0.909623 2.40999 -1.62802 
v -0.909623 2.4943 -1.4343 
v -0.83677 1.79064 -1.08951 
v -0.83677 2.13772 -1.44576 
v -0.83677 1.79064 -1.44576 
v -0.818105 1.75164 -1.42266 
v -0.818105 0.843511 -1.42266 
v -0.818105 1.75164 -1.12289 
v -0.818105 0.843511 -1.12289 
v -0.83677 2.13772 -1.08951 
v -0.909623 2.40999 -0.741238 
v -0.909623 2.4943 -0.825549 
v -0.909623 3.18486 -0.741238 
v -0.909623 2.4943 0.780289 
v -0.909623 3.35086 0.695978 
v -0.909623 2.40999 0.695978 
v -0.909623 2.40999 0.805391 
v -0.909623 2.22204 0.889703 
v -0.909623 2.13772 0.805391 
v -0.909623 2.13772 1.47335 
v -0.909623 2.22204 1.38904 
v -0.909623 2.40999 1.47335 
v -0.909623 2.22204 0.889703 
v -0.909623 2.4943 0.889703 
v -0.909623 2.40999 0.805391 
v -0.909623 2.4943 0.889703 
v -0.909623 2.4943 1.38904 
v -0.909623 2.4943 1.58145 
v -0.909623 2.40999 1.66576 
v -0.801534 1.70051 1.0087 
v -0.801534 1.89848 0.92431 
v -0.801534 1.70051 0.92431 
v -0.818105 1.75164 1.06734 
v -0.818105 0.84351 1.06734 
v -0.818105 1.75164 1.36711 
v -0.818105 0.84351 1.36711 
v -0.801534 1.89848 1.0087 
v -0.83677 1.79064 1.40049 
v -0.83677 2.13772 1.04424 
v -0.83677 1.79064 1.04424 
v -0.83677 2.13772 1.40049 
v -0.909623 3.35086 1.66576 
v -0.909623 3.10055 -0.825549 
v -1.18633 3.20877 -1.71997 
v -1.18633 3.31522 -1.61352 
v -1.18633 4.5293 -1.71997 
v -1.18633 4.42285 -1.61352 
v -0.970911 3.05922 -0.585894 
v -0.970911 3.20877 -1.71997 
v -0.970911 3.05922 -1.71997 
v -1.18633 3.20877 -0.585894 
v -1.18633 4.5293 -0.585894 
v -1.25085 6.4889 -1.05827 
v -1.28213 6.4889 -1.14636 
v -1.31317 6.44104 -1.13534 
v -1.28189 6.44104 -1.04725 
v -1.375 6.29745 -1.01419 
v -1.40628 6.29745 -1.10227 
v -1.43732 6.24959 -1.09125 
v -0.970911 4.83758 -0.585894 
v -0.970911 4.83758 -1.71997 
v -0.970911 4.5293 -1.71997 
v -0.909623 3.18486 -1.62802 
v -0.909623 3.10055 -1.54371 
v -0.799971 3.05922 -1.71997 
v -0.799971 2.8693 -1.71997 
v -0.799971 3.05922 -0.585894 
v -0.899135 5.85379 -1.71997 
v -0.899135 5.20767 -1.71997 
v -0.899135 5.34893 -1.57871 
v -0.899135 5.85379 -1.57871 
v -0.899135 5.85379 -1.71997 
v -0.899135 5.34893 -1.57871 
v -0.899135 5.20767 -1.71997 
v -0.899135 5.20767 -0.585893 
v -1.49649 6.36332 -1.07024 
v -1.37209 6.50691 -1.01522 
v -1.40337 6.50691 -1.1033 
v -1.18633 3.31522 -0.585894 
v -0.970911 3.20877 -0.585894 
v -0.909623 2.4943 0.780289 
v -0.909623 3.26655 0.78029 
v -0.909623 3.35086 0.695978 
v -0.909623 3.26655 0.78029 
v -1.18633 4.42285 -0.585894 
v -1.40604 6.24959 -1.00316 
v -1.4652 6.36332 -0.982152 
v -0.970911 4.5293 -0.585894 
v -0.909623 3.26655 1.58145 
v -0.799971 2.8693 1.49946 
v -0.799971 3.31522 0.341938 
v -0.799971 3.31522 -0.585894 
v -0.899135 5.34893 -0.727151 
v -0.899135 5.85379 -0.585893 
v -0.899135 5.85379 -0.72715 
v -0.799971 4.5293 1.49946 
v 0.492032 3.18486 -1.62802 
v 0.492032 2.40999 -1.62802 
v 0.492032 2.40999 -1.51861 
v 0.492032 2.40999 -0.850652 
v 0.492032 2.13772 -0.850652 
v 0.492032 2.40999 -1.51861 
v 0.492032 2.13772 -1.51861 
v -0.298698 2.61903 -1.71997 
v -0.298698 2.61903 0.448384 
v -0.298698 2.71616 -1.71997 
v -0.298698 2.71616 0.448384 
v -0.51929 2.8693 0.448384 
v -0.51929 2.8693 -1.71997 
v -0.51929 2.71616 -1.71997 
v -0.51929 2.71616 0.448384 
v -0.298698 2.8693 1.49946 
v -0.298698 2.8693 0.448384 
v 0.492032 2.40999 -0.850652 
v 0.59636 1.75164 -1.42266 
v 0.59636 0.843511 -1.42266 
v 0.59636 0.843511 -1.12289 
v 0.59636 1.75164 -1.12289 
v 0.564885 2.13772 -1.08951 
v 0.564885 1.79064 -1.44576 
v 0.564885 1.79064 -1.08951 
v 0.594773 1.70051 0.92431 
v 0.594773 1.89848 1.0087 
v 0.594773 1.89848 0.92431 
v 0.564885 2.13772 -1.44576 
v 0.492032 3.18486 -0.741238 
v 0.492032 2.40999 -0.741238 
v 0.492032 3.35086 0.695978 
v 0.492032 2.40999 0.695978 
v 0.492032 2.40999 0.805391 
v 0.594773 1.70051 1.0087 
v -0.298698 2.71616 1.49946 
v 0.492032 2.40999 1.47335 
v -0.51929 2.8693 1.49946 
v -0.51929 2.8693 1.7069 
v -0.51929 3.2512 1.7069 
v -0.298698 3.2512 1.7069 
v -0.298698 3.08295 1.7069 
v -0.298698 3.08295 1.88335 
v -0.298698 3.2512 1.88335 
v -0.51929 4.5293 1.49946 
v -0.51929 3.2512 1.88335 
v -0.51929 4.5293 1.49946 
v -0.51929 3.2512 1.7069 
v -0.358134 3.42774 2.07453 
v -0.358134 4.56019 1.88335 
v -0.358134 3.42774 1.88335 
v 0.492032 2.13772 1.47335 
v 0.492032 2.40999 0.805391 
v 0.492032 2.13772 0.805391 
v 0.59636 1.75164 1.06734 
v 0.59636 0.84351 1.06734 
v 0.59636 0.84351 1.36711 
v 0.59636 1.75164 1.36711 
v 0.564885 2.13772 1.40049 
v 0.564885 1.79064 1.04424 
v 0.564885 1.79064 1.40049 
v 0.564885 2.13772 1.04424 
v 0.492032 2.40999 1.47335 
v 0.492032 3.35086 1.66576 
v 0.492032 2.40999 1.66576 
v -0.799971 4.42285 0.341938 
v -0.799971 6.09993 -1.71997 
v -0.799971 5.85379 -1.71997 
v -0.799971 5.85379 -1.57871 
v -0.799971 5.20767 -0.585893 
v -0.799971 5.20767 -1.71997 
v -0.799971 4.83758 -1.71997 
v -0.799971 4.83758 -0.585894 
v -0.799971 5.85379 -0.585893 
v -0.799971 6.03353 -0.72715 
v -0.799971 5.85379 -0.72715 
v -0.799971 6.03353 -0.585893 
v -0.51929 6.24097 -1.71997 
v -0.51929 6.09993 -1.71997 
v -0.51929 6.09993 -1.57871 
v -0.799971 6.09993 -1.57871 
v -0.51929 6.24097 -1.57871 
v -0.519288 6.24161 -0.725281 
v -0.51929 6.03417 -0.72715 
v -0.51929 6.03353 -0.585893 
v 0.962162 5.86392 -1.28131 
v 0.837769 6.00751 -1.22629 
v 0.86905 6.00751 -1.31438 
v 0.930881 5.86392 -1.19323 
v 0.896006 6.11998 -1.20561 
v 0.958324 6.07211 -1.28268 
v 0.927043 6.07211 -1.19459 
v 0.927287 6.11998 -1.2937 
v 1.06259 6.21879 -1.24565 
v 1.00028 6.26665 -1.16858 
v 1.03156 6.26665 -1.25667 
v 1.03131 6.21879 -1.15756 
v -0.51929 6.24097 -0.378453 
v -0.519288 6.24161 -0.725281 
v -0.51929 6.03353 -0.585893 
v -0.51929 4.96202 -0.378453 
v -0.51929 6.03353 -0.585893 
v -0.51929 4.83758 -0.585894 
v -0.799971 4.42285 -0.585894 
v -0.799971 4.83758 0.448384 
v -0.799971 4.5293 0.448384 
v -0.51929 4.96202 -0.378453 
v -0.51929 4.83758 -0.585894 
v -0.51929 4.96202 0.0970929 
v -0.51929 4.96202 -0.378453 
v -0.51929 6.24097 -0.378453 
v -0.51929 6.03353 -0.585893 
v -0.51929 4.96202 0.0970929 
v -0.51929 5.11467 -0.378453 
v -0.51929 5.11467 0.097093 
v -0.51929 4.83758 0.448384 
v -0.51929 4.5293 0.448384 
v -0.51929 4.73674 0.655825 
v -0.51929 4.73674 1.88335 
v -0.358134 4.56019 2.07453 
v -0.51929 4.73674 1.88335 
v -0.51929 4.96202 0.655825 
v -0.51929 4.83758 0.448384 
v -0.909623 2.13772 -1.51861 
v -0.83677 2.13772 -1.44576 
v -0.83677 2.13772 -1.08951 
v -0.83677 2.13772 -1.08951 
v -0.909623 2.13772 -0.850651 
v -0.909623 2.13772 -1.51861 
v -0.431973 2.13772 -0.850652 
v -0.909623 2.13772 -0.850651 
v -0.83677 2.13772 -1.08951 
v -0.431973 2.13772 -1.51861 
v -0.83677 2.13772 -1.44576 
v -0.909623 2.40999 -0.850651 
v -0.431973 2.40999 -0.741238 
v -0.909623 2.40999 -0.741238 
v -0.909623 2.40999 0.695978 
v -0.431973 2.40999 0.805391 
v -0.909623 2.40999 0.805391 
v -0.818105 0.843511 -1.42266 
v -0.536302 0.843511 -1.42266 
v -0.818105 0.843511 -1.12289 
v -0.504827 2.13772 -1.08951 
v -0.504827 2.13772 -1.44576 
v -0.431973 2.13772 -1.51861 
v -0.536302 0.843511 -1.12289 
v -0.504827 2.13772 -1.08951 
v -0.504827 2.13772 -1.08951 
v -0.431973 2.13772 -0.850652 
v -0.431973 2.13772 -1.51861 
v -0.504827 2.13772 -1.44576 
v -0.83677 2.13772 -1.44576 
v -0.431973 2.40999 0.695978 
v -0.909623 2.13772 0.805391 
v -0.431973 2.13772 0.805391 
v -0.504827 2.13772 1.04424 
v -0.909623 2.13772 0.805391 
v -0.83677 2.13772 1.04424 
v -0.909623 2.13772 1.47335 
v -0.818105 0.84351 1.06734 
v -0.536302 0.84351 1.06734 
v -0.818105 0.84351 1.36711 
v -0.83677 2.13772 1.04424 
v -0.83677 2.13772 1.40049 
v -0.909623 2.13772 1.47335 
v -0.83677 2.13772 1.40049 
v -0.431973 2.13772 1.47335 
v -0.909623 2.13772 1.47335 
v -0.83677 2.13772 1.04424 
v -0.909623 2.40999 1.47335 
v -0.431973 2.40999 1.66576 
v -0.909623 2.40999 1.66576 
v -0.801534 1.70051 0.92431 
v -0.534714 1.70051 1.0087 
v -0.801534 1.70051 1.0087 
v -0.534714 1.70051 0.92431 
v -0.536302 0.84351 1.36711 
v -0.83677 2.13772 1.40049 
v -0.504827 2.13772 1.40049 
v -0.431973 2.13772 1.47335 
v -0.504827 2.13772 1.04424 
v -0.431973 2.13772 0.805391 
v -0.431973 2.40999 1.47335 
v -0.431973 2.40999 -0.850652 
v -0.970911 3.05922 -0.585894 
v -0.970911 3.05922 -1.71997 
v -0.799971 3.05922 -1.71997 
v -1.18633 3.20877 -0.585894 
v -1.18633 3.20877 -1.71997 
v -0.970911 3.20877 -1.71997 
v -0.870823 5.86392 -1.19323 
v -1.43732 6.24959 -1.09125 
v -0.902104 5.86392 -1.28131 
v -1.40604 6.24959 -1.00316 
v -1.40628 6.29745 -1.10227 
v -1.4652 6.36332 -0.982152 
v -1.49649 6.36332 -1.07024 
v -1.375 6.29745 -1.01419 
v -0.799971 5.20767 -1.71997 
v -0.899135 5.20767 -0.585893 
v -0.899135 5.20767 -1.71997 
v -0.431973 2.40999 -1.51861 
v -0.909623 2.40999 -1.62802 
v -0.431973 2.40999 -1.62802 
v -0.909623 2.40999 -1.51861 
v -0.298698 2.61903 0.448384 
v -0.298698 2.61903 -1.71997 
v 0.358756 2.61903 -1.71997 
v -0.51929 2.71616 0.448384 
v -0.51929 2.71616 -1.71997 
v -0.298698 2.71616 -1.71997 
v -0.799971 2.8693 -1.71997 
v -0.51929 2.8693 -1.71997 
v -0.51929 2.8693 0.448384 
v -0.799971 3.05922 -0.585894 
v -0.970911 3.20877 -0.585894 
v -0.298698 2.8693 0.448384 
v -0.51929 2.8693 1.49946 
v -0.799971 2.8693 1.49946 
v -0.51929 2.8693 1.7069 
v -0.298698 2.8693 1.49946 
v -0.799971 5.20767 -0.585893 
v -0.51929 3.2512 1.7069 
v -0.298698 3.2512 1.88335 
v -0.51929 3.2512 1.88335 
v -0.298698 2.71616 0.448384 
v 0.358756 2.71616 1.49946 
v -0.298698 2.71616 1.49946 
v -0.51929 2.8693 1.49946 
v -0.298698 2.8693 0.448384 
v -0.298698 2.8693 1.49946 
v 0.358756 2.8693 1.49946 
v -0.51929 2.8693 1.7069 
v -0.298698 3.08295 1.7069 
v 0.358756 3.08295 1.88335 
v -0.298698 3.08295 1.88335 
v -0.298698 3.2512 1.7069 
v -0.358134 3.42774 1.88335 
v 0.418193 3.42774 2.07453 
v -0.358134 3.42774 2.07453 
v 0.358756 2.61903 0.448384 
v 0.564885 2.13772 -1.08951 
v 0.492032 2.13772 -1.51861 
v 0.564885 2.13772 -1.44576 
v 0.59636 0.843511 -1.42266 
v 0.878163 0.843511 -1.12289 
v 0.59636 0.843511 -1.12289 
v 0.564885 2.13772 -1.08951 
v 0.492032 2.13772 -0.850652 
v 0.492032 2.13772 -1.51861 
v 0.896828 2.13772 -1.08951 
v 0.564885 2.13772 -1.44576 
v 0.896828 2.13772 -1.44576 
v 0.492032 2.40999 0.695978 
v 0.969682 2.40999 0.695978 
v 0.492032 2.40999 0.805391 
v 0.878163 0.843511 -1.42266 
v 0.896828 2.13772 -1.08951 
v 0.896828 2.13772 -1.44576 
v 0.969682 2.13772 -1.51861 
v 0.969682 2.13772 -0.850651 
v 0.969682 2.13772 -1.51861 
v 0.969682 2.40999 -0.741238 
v 0.492032 2.40999 -0.741238 
v 0.969682 2.40999 -0.850651 
v 0.969682 2.40999 0.805391 
v 0.969682 2.13772 0.805391 
v 0.564885 2.13772 1.04424 
v 0.492032 2.13772 0.805391 
v 0.861592 1.70051 0.92431 
v 0.594773 1.70051 1.0087 
v 0.594773 1.70051 0.92431 
v 0.492032 2.13772 1.47335 
v 0.492032 2.13772 0.805391 
v 0.564885 2.13772 1.04424 
v 0.59636 0.84351 1.06734 
v 0.878163 0.84351 1.36711 
v 0.59636 0.84351 1.36711 
v 0.564885 2.13772 1.40049 
v 0.969682 2.13772 1.47335 
v 0.969682 2.40999 1.47335 
v 0.492032 2.40999 1.66576 
v 0.492032 2.40999 1.47335 
v 0.861592 1.70051 1.0087 
v 0.878163 0.84351 1.06734 
v 0.969682 2.13772 1.47335 
v 0.896828 2.13772 1.40049 
v 0.896828 2.13772 1.04424 
v 0.969682 2.13772 1.47335 
v 0.564885 2.13772 1.40049 
v 0.896828 2.13772 1.40049 
v 0.896828 2.13772 1.04424 
v 0.969682 2.13772 0.805391 
v 0.896828 2.13772 1.04424 
v 0.969682 2.40999 1.66576 
v 0.492032 2.40999 -0.850652 
v 0.492032 2.40999 -1.62802 
v 0.969682 2.40999 -1.62802 
v 0.492032 2.40999 -1.51861 
v 0.969682 2.40999 -1.51861 
v 0.579349 2.71616 -1.71997 
v 0.358756 2.71616 0.448384 
v 0.358756 2.71616 -1.71997 
v 0.579349 2.8693 0.448384 
v 0.579349 2.8693 -1.71997 
v 0.860029 2.8693 -1.71997 
v 1.03097 3.05922 -1.71997 
v 0.860029 3.05922 -0.585894 
v 0.860029 3.05922 -1.71997 
v 0.860029 5.20767 -0.585893 
v 0.860029 5.20767 -1.71997 
v 0.959194 5.20767 -1.71997 
v 1.03097 3.05922 -0.585894 
v 1.24639 3.20877 -1.71997 
v 1.03097 3.20877 -0.585894 
v 1.03097 3.20877 -1.71997 
v 1.49738 6.24959 -1.09125 
v 0.930881 5.86392 -1.19323 
v 0.962162 5.86392 -1.28131 
v 1.24639 3.20877 -0.585894 
v 1.4661 6.24959 -1.00316 
v 1.52526 6.36332 -0.982152 
v 1.46634 6.29745 -1.10227 
v 1.55654 6.36332 -1.07024 
v 1.43506 6.29745 -1.01419 
v 0.959194 5.20767 -0.585893 
v 0.358756 2.8693 1.49946 
v 0.358756 2.8693 0.448384 
v 0.579349 2.8693 1.7069 
v 0.358756 3.08295 1.7069 
v 0.358756 3.2512 1.7069 
v 0.579349 3.2512 1.88335 
v 0.358756 3.2512 1.88335 
v 0.418193 3.42774 1.88335 
v 0.579349 2.8693 0.448384 
v 0.579349 2.8693 1.49946 
v 0.579349 2.71616 0.448384 
v 0.579349 2.8693 1.49946 
v 0.860029 2.8693 1.49946 
v 0.860029 2.8693 -1.71997 
v 0.860029 2.8693 1.49946 
v 0.579349 2.8693 0.448384 
v 0.579349 3.2512 1.7069 
v -0.799971 2.8693 -1.71997 
v -0.799971 3.05922 -1.71997 
v -0.718602 2.95066 -1.71997 
v -0.51929 2.8693 -1.71997 
v -0.909623 3.18486 -1.62802 
v -0.431973 2.40999 -1.62802 
v -0.909623 2.40999 -1.62802 
v -0.431973 3.18486 -1.62802 
v -0.718602 3.14059 -1.71997 
v -0.970911 3.05922 -1.71997 
v -0.889543 3.14059 -1.71997 
v -0.970911 3.20877 -1.71997 
v -0.437922 2.95066 -1.71997 
v -0.298698 2.61903 -1.71997 
v -0.217329 2.7004 -1.71997 
v 0.358756 2.61903 -1.71997 
v -0.298698 2.71616 -1.71997 
v -0.217329 2.79753 -1.71997 
v -0.298698 2.71616 -1.71997 
v -0.51929 2.71616 -1.71997 
v -0.437922 2.79753 -1.71997 
v -0.437922 2.79753 -1.71997 
v -0.217329 2.79753 -1.71997 
v -0.298698 2.71616 -1.71997 
v -0.51929 2.71616 -1.71997 
v -0.437922 2.79753 -1.71997 
v -0.431973 2.40999 -1.51861 
v -0.909623 2.13772 -1.51861 
v -0.909623 2.40999 -1.51861 
v -0.818105 1.75164 -1.42266 
v -0.536302 0.843511 -1.42266 
v -0.818105 0.843511 -1.42266 
v -0.534714 1.89848 0.92431 
v -0.801534 1.70051 0.92431 
v -0.801534 1.89848 0.92431 
v -0.818105 1.75164 1.06734 
v -0.536302 0.84351 1.06734 
v -0.818105 0.84351 1.06734 
v -0.504827 2.13772 1.04424 
v -0.83677 1.79064 1.04424 
v -0.83677 2.13772 1.04424 
v -0.504827 2.13772 -1.44576 
v -0.83677 1.79064 -1.44576 
v -0.83677 2.13772 -1.44576 
v -0.909623 3.35086 0.695978 
v -0.431973 2.40999 0.695978 
v -0.909623 2.40999 0.695978 
v -0.431973 2.40999 0.805391 
v -0.909623 2.13772 0.805391 
v -0.909623 2.40999 0.805391 
v -0.536302 1.75164 -1.42266 
v -0.534714 1.70051 0.92431 
v -0.504827 1.79064 1.04424 
v -0.536302 1.75164 1.06734 
v -0.504827 1.79064 -1.44576 
v -0.431973 2.13772 -1.51861 
v -0.431973 3.35086 0.695978 
v -0.431973 2.13772 0.805391 
v -0.889543 3.29014 -1.71997 
v -1.18633 3.20877 -1.71997 
v -1.10497 3.29014 -1.71997 
v -1.10497 4.44793 -1.71997 
v -1.18633 4.5293 -1.71997 
v -0.970911 4.5293 -1.71997 
v -0.889543 4.44793 -1.71997 
v -0.970911 4.83758 -1.71997 
v -0.889543 4.75621 -1.71997 
v -0.799971 4.83758 -1.71997 
v -0.718602 4.75621 -1.71997 
v -0.799971 5.20767 -1.71997 
v -0.718602 5.28904 -1.71997 
v -0.899135 5.20767 -1.71997 
v -0.899135 5.85379 -1.71997 
v -0.817767 5.28904 -1.71997 
v -0.817767 5.77242 -1.71997 
v -0.0129897 5.93679 -1.71997 
v 0.07167 5.93679 -1.71997 
v -0.0129897 5.8083 -1.71997 
v -0.799971 5.85379 -1.71997 
v -0.799971 6.09993 -1.71997 
v -0.718602 6.03517 -1.71997 
v -0.718602 5.77242 -1.71997 
v -0.817767 5.77242 -1.71997 
v -0.799971 5.85379 -1.71997 
v -0.899135 5.85379 -1.71997 
v -0.799971 5.85379 -1.71997 
v -0.817767 5.77242 -1.71997 
v -0.718602 6.03517 -1.71997 
v -0.718602 5.77242 -1.71997 
v -0.799971 5.85379 -1.71997 
v -0.51929 6.09993 -1.71997 
v -0.51929 6.03517 -1.71997 
v -0.51929 6.09993 -1.71997 
v -0.51929 6.24097 -1.71997 
v -0.437922 6.15961 -1.71997 
v -0.0129897 5.93679 -1.71997 
v -0.114313 5.93679 -1.71997 
v -0.114313 6.03436 -1.71997 
v -0.114313 6.03436 -1.71997 
v -0.215636 6.03436 -1.71997 
v -0.215636 6.15961 -1.71997 
v 0.274317 6.15961 -1.71997 
v -0.437922 6.10016 -1.71997 
v 0.07167 5.8083 -1.71997 
v -0.217329 2.7004 -1.71997 
v 0.277388 2.7004 -1.71997 
v 0.358756 2.61903 -1.71997 
v 0.277388 2.7004 -1.71997 
v 0.358756 2.71616 -1.71997 
v 0.277388 2.79753 -1.71997 
v 0.49798 2.79753 -1.71997 
v 0.579349 2.71616 -1.71997 
v 0.277388 2.79753 -1.71997 
v 0.49798 2.79753 -1.71997 
v 0.358756 2.71616 -1.71997 
v 0.579349 2.8693 -1.71997 
v 0.49798 2.95066 -1.71997 
v 0.778661 2.95066 -1.71997 
v 0.860029 2.8693 -1.71997 
v 0.969682 3.18486 -1.62802 
v 0.969682 2.40999 -1.62802 
v 0.492032 2.40999 -1.62802 
v 0.492032 3.18486 -1.62802 
v 0.860029 3.05922 -1.71997 
v 0.778661 3.14059 -1.71997 
v 1.03097 3.05922 -1.71997 
v 0.949602 3.14059 -1.71997 
v 0.778661 3.14059 -1.71997 
v 0.949602 3.14059 -1.71997 
v 0.860029 3.05922 -1.71997 
v 0.492032 2.40999 -1.51861 
v 0.969682 2.13772 -1.51861 
v 0.492032 2.13772 -1.51861 
v 0.59636 0.843511 -1.42266 
v 0.59636 1.75164 -1.42266 
v 0.878163 1.75164 -1.42266 
v 0.594773 1.89848 0.92431 
v 0.861592 1.70051 0.92431 
v 0.594773 1.70051 0.92431 
v 0.59636 0.84351 1.06734 
v 0.59636 1.75164 1.06734 
v 0.878163 1.75164 1.06734 
v 0.564885 2.13772 1.04424 
v 0.896828 1.79064 1.04424 
v 0.564885 1.79064 1.04424 
v 0.564885 2.13772 -1.44576 
v 0.896828 1.79064 -1.44576 
v 0.564885 1.79064 -1.44576 
v 0.492032 2.40999 0.695978 
v 0.492032 3.35086 0.695978 
v 0.969682 3.35086 0.695978 
v 0.492032 2.40999 0.805391 
v 0.969682 2.13772 0.805391 
v 0.492032 2.13772 0.805391 
v 0.861592 1.89848 0.92431 
v 0.878163 0.843511 -1.42266 
v 0.896828 2.13772 1.04424 
v 0.878163 0.84351 1.06734 
v 0.896828 2.13772 -1.44576 
v 0.969682 2.40999 -1.51861 
v 0.969682 2.40999 0.695978 
v 0.969682 2.40999 0.805391 
v 1.03097 3.20877 -1.71997 
v 0.860029 5.20767 -1.71997 
v 0.860029 4.83758 -1.71997 
v 0.778661 4.75621 -1.71997 
v 0.877826 5.28904 -1.71997 
v 0.959194 5.85379 -1.71997 
v 0.959194 5.20767 -1.71997 
v 0.877826 5.77242 -1.71997 
v 0.778661 6.03517 -1.71997 
v 0.579349 6.09993 -1.71997 
v 0.860029 6.09993 -1.71997 
v 0.579349 6.09993 -1.71997 
v 0.49798 6.10016 -1.71997 
v 0.49798 6.15961 -1.71997 
v 0.579349 6.24097 -1.71997 
v 0.949602 4.75621 -1.71997 
v 1.03097 4.83758 -1.71997 
v 0.949602 3.29014 -1.71997 
v 1.16502 3.29014 -1.71997 
v 1.24639 3.20877 -1.71997 
v 0.949602 3.29014 -1.71997 
v 1.16502 3.29014 -1.71997 
v 1.03097 3.20877 -1.71997 
v 1.24639 4.5293 -1.71997 
v 1.16502 4.44793 -1.71997 
v 0.949602 4.44793 -1.71997 
v 1.03097 4.5293 -1.71997 
v 0.860029 5.85379 -1.71997 
v 0.778661 5.77242 -1.71997 
v 0.172993 6.03436 -1.71997 
v 0.172993 5.93679 -1.71997 
v 0.778661 6.03517 -1.71997 
v 0.579348 6.03517 -1.71997 
v 0.579349 6.09993 -1.71997 
v 0.274317 6.03436 -1.71997 
v -0.51929 6.24097 -1.71997 
v 0.579349 6.24097 -1.71997 
v 0.274317 6.15961 -1.71997 
v 0.778661 5.28904 -1.71997 
v 0.860029 5.20767 -1.71997 
v 0.778661 4.75621 -1.71997 
v 0.949602 4.75621 -1.71997 
v 0.860029 4.83758 -1.71997 
v 0.778661 5.28904 -1.71997 
v 0.877826 5.28904 -1.71997 
v 0.860029 5.20767 -1.71997 

vn 1 0 0 
vn 1 0 0 
vn 1 0 0 
vn 1 0 0 
vn 1 0 0 
vn 1 0 0 
vn 1 0 0 
vn 1 0 0 
vn 1 0 0 
vn 1 0 0 
vn 1 0 0 
vn 1 0 0 
vn 1 0 0 
vn 1 0 0 
vn 1 0 0 
vn 1 0 0 
vn 1 0 0 
vn 1 0 0 
vn 1 0 0 
vn 1 0 0 
vn 1 0 0 
vn 1 0 0 
vn 1 0 0 
vn 1 0 0 
vn 1 0 0 
vn 1 0 0 
vn 1 0 0 
vn 1 0 0 
vn 1 0 0 
vn 1 0 0 
vn 1 0 0 
vn 1 0 0 
vn 1 0 0 
vn 1 0 0 
vn 1 0 0 
vn 1 0 0 
vn 1 0 0 
vn 1 0 0 
vn 1 0 0 
vn 1 0 0 
vn 1 0 0 
vn 1 0 0 
vn 1 0 0 
vn 1 0 0 
vn 1 0 0 
vn 1 0 0 
vn 1 0 0 
vn 1 0 0 
vn 1 0 0 
vn 1 0 0 
vn 1 0 0 
vn 1 0 0 
vn 1 0 0 
vn 1 0 0 
vn 1 0 0 
vn 1 0 0 
vn 1 0 0 
vn 1 0 0 
vn 1 0 0 
vn 1 0 0 
vn 0.779528 -0.566929 -0.275591 
vn 0.779528 -0.566929 -0.275591 
vn 0.779528 -0.566929 -0.275591 
vn 0.779528 -0.566929 -0.275591 
vn 0.779528 -0.566929 -0.275591 
vn 0.779528 -0.566929 -0.275591 
vn 0.779528 -0.566929 -0.275591 
vn 0.779528 -0.566929 -0.275591 
vn 1 0 0 
vn 1 0 0 
vn 1 0 0 
vn 1 0 0 
vn 0.779528 -0.566929 -0.275591 
vn 0.779528 -0.566929 -0.275591 
vn 0.779528 -0.566929 -0.275591 
vn 0.779528 -0.566929 -0.275591 
vn 1 0 0 
vn 1 0 0 
vn 1 0 0 
vn 1 0 0 
vn 1 0 0 
vn 1 0 0 
vn 1 0 0 
vn 1 0 0 
vn 1 0 0 
vn 1 0 0 
vn 1 0 0 
vn 1 0 0 
vn 1 0 0 
vn 1 0 0 
vn 1 0 0 
vn 1 0 0 
vn 1 0 0 
vn 1 0 0 
vn 1 0 0 
vn 1 0 0 
vn 1 0 0 
vn 1 0 0 
vn 1 0 0 
vn 1 0 0 
vn 1 0 0 
vn 1 0 0 
vn 1 0 0 
vn 1 0 0 
vn 1 0 0 
vn 1 0 0 
vn 1 0 0 
vn 1 0 0 
vn 1 0 0 
vn 1 0 0 
vn 1 0 0 
vn 1 0 0 
vn 1 0 0 
vn 1 0 0 
vn 1 0 0 
vn 1 0 0 
vn 1 0 0 
vn 1 0 0 
vn 1 0 0 
vn 1 0 0 
vn 1 0 0 
vn 1 0 0 
vn 1 0 0 
vn 1 0 0 
vn 1 0 0 
vn 1 0 0 
vn 1 0 0 
vn 1 0 0 
vn 1 0 0 
vn 1 0 0 
vn 1 0 0 
vn 1 0 0 
vn 1 0 0 
vn 1 0 0 
vn 1 0 0 
vn 1 0 0 
vn 1 0 0 
vn 1 0 0 
vn 1 0 0 
vn 1 0 0 
vn 1 0 0 
vn 1 0 0 
vn 1 0 0 
vn 1 0 0 
vn 1 0 0 
vn 1 0 0 
vn 1 0 0 
vn 1 0 0 
vn 1 0 0 
vn 1 0 0 
vn 1 0 0 
vn 1 0 0 
vn 1 0 0 
vn 1 0 0 
vn 1 0 0 
vn 1 0 0 
vn 1 0 0 
vn 1 0 0 
vn 1 0 0 
vn 1 0 0 
vn 1 0 0 
vn 1 0 0 
vn 1 0 0 
vn 1 0 0 
vn 1 0 0 
vn 1 0 0 
vn 1 0 0 
vn 1 0 0 
vn 1 0 0 
vn 1 0 0 
vn 1 0 0 
vn 1 0 0 
vn 1 0 0 
vn 1 0 0 
vn 1 0 0 
vn 1 0 0 
vn 1 0 0 
vn 1 0 0 
vn 1 0 0 
vn 1 0 0 
vn 1 0 0 
vn 1 0 0 
vn 1 0 0 
vn 1 0 0 
vn 1 0 0 
vn 1 0 0 
vn 1 0 0 
vn 1 0 0 
vn 1 0 0 
vn 1 0 0 
vn 1 0 0 
vn 1 0 0 
vn 1 0 0 
vn 1 0 0 
vn 1 0 0 
vn 1 0 0 
vn 1 0 0 
vn 1 0 0 
vn 1 0 0 
vn 1 0 0 
vn 1 0 0 
vn 1 0 0 
vn 1 0 0 
vn 1 0 0 
vn 1 0 0 
vn 1 0 0 
vn 1 0 0 
vn 1 0 0 
vn 1 0 0 
vn 1 0 0 
vn 1 0 0 
vn 1 0 0 
vn 1 0 0 
vn 1 0 0 
vn 1 0 0 
vn 1 0 0 
vn 0.779528 0.566929 0.275591 
vn 0.779528 0.566929 0.275591 
vn 0.779528 0.566929 0.275591 
vn 0.779528 0.566929 0.275591 
vn 0.779528 0.566929 0.275591 
vn 0.779528 0.566929 0.275591 
vn 0.779528 0.566929 0.275591 
vn 0.779528 0.566929 0.275591 
vn 0.779528 0.566929 0.275591 
vn 0.779528 0.566929 0.275591 
vn 0.779528 0.566929 0.275591 
vn 1 0 0 
vn 1 0 0 
vn 1 0 0 
vn 1 0 0 
vn 1 0 0 
vn 1 0 0 
vn 1 0 0 
vn 1 0 0 
vn 1 0 0 
vn 1 0 0 
vn 1 0 0 
vn 1 0 0 
vn 1 0 0 
vn 1 0 0 
vn 1 0 0 
vn 1 0 0 
vn 1 0 0 
vn 1 0 0 
vn 1 0 0 
vn 1 0 0 
vn 0.779528 0.566929 0.275591 
vn 1 0 0 
vn 1 0 0 
vn 1 0 0 
vn 1 0 0 
vn 0 1 0 
vn 0 1 0 
vn 0 1 0 
vn 0 1 0 
vn 0 1 0 
vn 0 1 0 
vn 0 1 0 
vn 0 1 0 
vn 0 1 0 
vn 0 1 0 
vn 0 1 0 
vn 0 1 0 
vn 0 1 0 
vn 0 1 0 
vn 0 1 0 
vn 0 1 0 
vn 0 1 0 
vn 0 1 0 
vn 0 1 0 
vn 0 1 0 
vn 0 1 0 
vn 0 1 0 
vn 0 1 0 
vn 0 1 0 
vn 0 1 0 
vn 0 1 0 
vn 0 1 0 
vn 0 1 0 
vn 0 1 0 
vn 0 1 0 
vn 0 1 0 
vn 0 1 0 
vn 0 1 0 
vn 0 1 0 
vn 0 1 0 
vn 0 1 0 
vn 0 1 0 
vn 0 1 0 
vn 0 1 0 
vn 0 1 0 
vn 0 1 0 
vn 0 1 0 
vn 0 1 0 
vn 0 1 0 
vn 0 1 0 
vn 0 1 0 
vn 0 1 0 
vn 0 1 0 
vn 0 1 0 
vn 0 1 0 
vn 0 1 0 
vn 0 1 0 
vn 0 1 0 
vn 0 1 0 
vn 0.535433 0.826772 -0.188976 
vn 0.535433 0.826772 -0.188976 
vn 0.535433 0.826772 -0.188976 
vn 0.535433 0.826772 -0.188976 
vn 0.527559 0.826772 -0.188976 
vn 0.527559 0.826772 -0.188976 
vn 0.527559 0.826772 -0.188976 
vn 0.527559 0.826772 -0.188976 
vn 0.527559 0.826772 -0.188976 
vn 0.527559 0.826772 -0.188976 
vn 0.527559 0.826772 -0.188976 
vn 0 1 0 
vn 0.527559 0.826772 -0.188976 
vn 0 1 0 
vn 0 1 0 
vn 0 1 0 
vn 0 1 0 
vn 0 1 0 
vn 0 1 0 
vn 0 1 0 
vn 0.535433 0.826772 -0.188976 
vn 0.535433 0.826772 -0.188976 
vn 0.535433 0.826772 -0.188976 
vn 0 1 0 
vn 0 1 0 
vn 0 1 0 
vn 0 1 0 
vn 0 1 0 
vn 0 1 0 
vn 0 1 0 
vn 0.535433 0.826772 -0.188976 
vn 0 1 0 
vn 0 1 0 
vn 0 1 0 
vn 0 1 0 
vn 0 1 0 
vn 0 1 0 
vn 0 1 0 
vn 0 1 0 
vn 0 1 0 
vn 0 1 0 
vn 0 1 0 
vn 0 1 0 
vn 0 1 0 
vn 0 1 0 
vn 0 1 0 
vn 0 1 0 
vn 0 1 0 
vn 0 1 0 
vn 0 1 0 
vn 0 1 0 
vn 0 1 0 
vn 0 1 0 
vn 0 1 0 
vn 0 1 0 
vn 0 1 0 
vn 0 1 0 
vn 0 1 0 
vn 0 1 0 
vn 0 1 0 
vn 0 1 0 
vn 0 1 0 
vn 0 1 0 
vn 0 1 0 
vn 0 1 0 
vn 0 1 0 
vn 0 1 0 
vn 0 1 0 
vn 0 1 0 
vn 0 1 0 
vn 0 1 0 
vn 0 1 0 
vn 0 1 0 
vn 0 1 0 
vn 0 1 0 
vn 0 1 0 
vn 0 1 0 
vn 0 1 0 
vn 0 1 0 
vn 0 1 0 
vn 0 1 0 
vn 0 1 0 
vn 0 1 0 
vn 0 1 0 
vn 0 1 0 
vn 0 1 0 
vn 0 1 0 
vn 0 1 0 
vn 0 1 0 
vn 0 1 0 
vn 0 1 0 
vn 0 1 0 
vn 0 1 0 
vn 0 1 0 
vn 0 1 0 
vn 0 1 0 
vn 0 1 0 
vn -0.527559 0.826772 -0.188976 
vn -0.527559 0.826772 -0.188976 
vn -0.527559 0.826772 -0.188976 
vn 0 1 0 
vn 0 1 0 
vn 0 1 0 
vn 0 1 0 
vn 0 1 0 
vn -0.527559 0.826772 -0.188976 
vn 0 1 0 
vn -0.535433 0.826772 -0.188976 
vn -0.535433 0.826772 -0.188976 
vn -0.535433 0.826772 -0.188976 
vn -0.535433 0.826772 -0.188976 
vn -0.527559 0.826772 -0.188976 
vn -0.527559 0.826772 -0.188976 
vn -0.527559 0.826772 -0.188976 
vn -0.527559 0.826772 -0.188976 
vn -0.535433 0.826772 -0.188976 
vn -0.535433 0.826772 -0.188976 
vn -0.535433 0.826772 -0.188976 
vn 0 1 0 
vn 0 1 0 
vn 0 1 0 
vn 0 1 0 
vn 0 1 0 
vn 0 1 0 
vn 0 1 0 
vn 0 1 0 
vn 0 1 0 
vn 0 1 0 
vn 0 1 0 
vn 0 1 0 
vn 0 1 0 
vn 0 1 0 
vn 0 1 0 
vn 0 1 0 
vn 0 1 0 
vn 0 1 0 
vn -0.535433 0.826772 -0.188976 
vn 0 0 1 
vn 0 0 1 
vn 0 0 1 
vn 0 0 1 
vn 0 0 1 
vn 0 0 1 
vn 0 0 1 
vn 0 0 1 
vn 0 0 1 
vn 0 0 1 
vn 0 0 1 
vn 0 0 1 
vn 0 0 1 
vn 0 0 1 
vn 0 0 1 
vn 0 0 1 
vn 0 0 1 
vn 0 0 1 
vn 0 0 1 
vn 0 0 1 
vn 0 0 1 
vn 0 0 1 
vn 0 0 1 
vn 0 0 1 
vn 0 0 1 
vn 0 0 1 
vn 0 0 1 
vn 0 0 1 
vn 0 0 1 
vn 0 0 1 
vn 0 0 1 
vn 0 0 1 
vn 0 0 1 
vn 0 0 1 
vn 0 0 1 
vn 0 0 1 
vn 0 0 1 
vn 0 0 1 
vn 0 0 1 
vn 0 0 1 
vn 0 0 1 
vn 0 0 1 
vn 0 0 1 
vn 0 0 1 
vn 0 0 1 
vn 0 0 1 
vn 0 0 1 
vn 0 0 1 
vn 0 0 1 
vn 0 0 1 
vn 0 0 1 
vn 0 0 1 
vn 0 0 1 
vn 0 0 1 
vn 0 0 1 
vn 0 0 1 
vn 0 0 1 
vn 0 0 1 
vn 0 0 1 
vn 0 0 1 
vn 0 0 1 
vn 0 0 1 
vn 0 0 1 
vn 0 0 1 
vn 0 0 1 
vn 0 0 1 
vn 0 0 1 
vn 0 0 1 
vn 0.330709 0 0.944882 
vn 0.330709 0 0.944882 
vn 0.330709 0 0.944882 
vn 0.330709 0 0.944882 
vn 0 0 1 
vn 0 0 1 
vn 0 0 1 
vn 0.330709 0 0.944882 
vn 0.330709 0 0.944882 
vn 0.330709 0 0.944882 
vn 0.330709 0 0.944882 
vn 0.330709 0 0.944882 
vn 0 0 1 
vn 0 0 1 
vn 0 0 1 
vn 0 0 1 
vn 0 0 1 
vn 0.330709 0 0.944882 
vn 0.330709 0 0.944882 
vn 0.330709 0 0.944882 
vn 0 0 1 
vn 0 0 1 
vn 0 0 1 
vn 0 0 1 
vn 0 0 1 
vn 0 0 1 
vn 0 0 1 
vn 0 0 1 
vn 0 0 1 
vn 0 0 1 
vn 0 0 1 
vn 0 0 1 
vn 0 0 1 
vn 0 0 1 
vn 0 0 1 
vn 0 0 1 
vn 0 0 1 
vn 0 0 1 
vn 0 0 1 
vn 0 0 1 
vn 0 0 1 
vn 0 0 1 
vn 0 0 1 
vn 0 0 1 
vn 0 0 1 
vn 0 0 1 
vn 0 0 1 
vn 0 0 1 
vn 0 0 1 
vn 0 0 1 
vn 0 0 1 
vn 0 0 1 
vn 0 0 1 
vn 0 0 1 
vn 0 0 1 
vn 0 0 1 
vn 0 0 1 
vn 0 0 1 
vn 0 0 1 
vn 0 0 1 
vn 0 0 1 
vn 0 0 1 
vn 0 0 1 
vn 0 0 1 
vn 0 0 1 
vn 0 0 1 
vn 0 0 1 
vn 0 0 1 
vn 0 0 1 
vn 0 0 1 
vn 0 0 1 
vn 0 0 1 
vn 0 0 1 
vn 0 0 1 
vn 0 0 1 
vn 0 0 1 
vn 0 0 1 
vn 0 0 1 
vn 0 0 1 
vn 0 0 1 
vn 0 0 1 
vn 0 0 1 
vn 0 0 1 
vn 0 0 1 
vn 0 0 1 
vn 0 0 1 
vn 0 0 1 
vn 0 0 1 
vn 0 0 1 
vn 0 0 1 
vn 0 0 1 
vn 0 0 1 
vn 0 0 1 
vn 0 0 1 
vn 0 0 1 
vn 0 0 1 
vn 0 0 1 
vn 0 0 1 
vn 0 0 1 
vn 0 0 1 
vn 0 0 1 
vn 0 0 1 
vn 0 0 1 
vn 0 0 1 
vn 0 0 1 
vn 0 0 1 
vn 0 0 1 
vn 0 0 1 
vn 0 0 1 
vn 0 0 1 
vn -0.330709 0 0.944882 
vn -0.330709 0 0.944882 
vn -0.330709 0 0.944882 
vn -0.330709 0 0.944882 
vn -0.330709 0 0.944882 
vn -0.330709 0 0.944882 
vn -0.330709 0 0.944882 
vn -0.330709 0 0.944882 
vn -0.330709 0 0.944882 
vn 0 0 1 
vn -0.330709 0 0.944882 
vn -0.330709 0 0.944882 
vn -0.330709 0 0.944882 
vn 0 0 1 
vn 0 0 1 
vn 0 0 1 
vn 0 0 1 
vn 0 0 1 
vn 0 0 1 
vn 0 0 1 
vn 0 0 1 
vn 0 0 1 
vn 0 0 1 
vn 0 0 1 
vn 0 0 1 
vn 0 0 1 
vn 0 0 1 
vn 0 0 1 
vn 0 0 1 
vn 0 0 1 
vn 0 0 1 
vn 0 0 1 
vn 0 0 1 
vn 0 0 1 
vn 0 0 1 
vn -1 0 0 
vn -1 0 0 
vn -1 0 0 
vn -1 0 0 
vn -1 0 0 
vn -1 0 0 
vn -1 0 0 
vn -1 0 0 
vn -1 0 0 
vn -1 0 0 
vn -1 0 0 
vn -1 0 0 
vn -1 0 0 
vn -1 0 0 
vn -1 0 0 
vn -1 0 0 
vn -1 0 0 
vn -1 0 0 
vn -1 0 0 
vn -1 0 0 
vn -1 0 0 
vn -1 0 0 
vn -1 0 0 
vn -1 0 0 
vn -1 0 0 
vn -1 0 0 
vn -1 0 0 
vn -1 0 0 
vn -1 0 0 
vn -1 0 0 
vn -1 0 0 
vn -1 0 0 
vn -1 0 0 
vn -1 0 0 
vn -1 0 0 
vn -1 0 0 
vn -1 0 0 
vn -1 0 0 
vn -1 0 0 
vn -1 0 0 
vn -1 0 0 
vn -1 0 0 
vn -1 0 0 
vn -1 0 0 
vn -1 0 0 
vn -1 0 0 
vn -1 0 0 
vn -1 0 0 
vn -1 0 0 
vn -1 0 0 
vn -1 0 0 
vn -1 0 0 
vn -1 0 0 
vn -1 0 0 
vn -1 0 0 
vn -1 0 0 
vn -1 0 0 
vn -1 0 0 
vn -1 0 0 
vn -1 0 0 
vn -1 0 0 
vn -1 0 0 
vn -1 0 0 
vn -1 0 0 
vn -1 0 0 
vn -1 0 0 
vn -0.779528 0.566929 0.275591 
vn -0.779528 0.566929 0.275591 
vn -0.779528 0.566929 0.275591 
vn -0.779528 0.566929 0.275591 
vn -0.779528 0.566929 0.275591 
vn -0.779528 0.566929 0.275591 
vn -0.779528 0.566929 0.275591 
vn -1 0 0 
vn -1 0 0 
vn -1 0 0 
vn -1 0 0 
vn -1 0 0 
vn -1 0 0 
vn -1 0 0 
vn -1 0 0 
vn -1 0 0 
vn -1 0 0 
vn -1 0 0 
vn -1 0 0 
vn -1 0 0 
vn -1 0 0 
vn -1 0 0 
vn -1 0 0 
vn -0.779528 0.566929 0.275591 
vn -0.779528 0.566929 0.275591 
vn -0.779528 0.566929 0.275591 
vn -1 0 0 
vn -1 0 0 
vn -1 0 0 
vn -1 0 0 
vn -1 0 0 
vn -1 0 0 
vn -1 0 0 
vn -0.779528 0.566929 0.275591 
vn -0.779528 0.566929 0.275591 
vn -1 0 0 
vn -1 0 0 
vn -1 0 0 
vn -1 0 0 
vn -1 0 0 
vn -1 0 0 
vn -1 0 0 
vn -1 0 0 
vn -1 0 0 
vn -1 0 0 
vn -1 0 0 
vn -1 0 0 
vn -1 0 0 
vn -1 0 0 
vn -1 0 0 
vn -1 0 0 
vn -1 0 0 
vn -1 0 0 
vn -1 0 0 
vn -1 0 0 
vn -1 0 0 
vn -1 0 0 
vn -1 0 0 
vn -1 0 0 
vn -1 0 0 
vn -1 0 0 
vn -1 0 0 
vn -1 0 0 
vn -1 0 0 
vn -1 0 0 
vn -1 0 0 
vn -1 0 0 
vn -1 0 0 
vn -1 0 0 
vn -1 0 0 
vn -1 0 0 
vn -1 0 0 
vn -1 0 0 
vn -1 0 0 
vn -1 0 0 
vn -1 0 0 
vn -1 0 0 
vn -1 0 0 
vn -1 0 0 
vn -1 0 0 
vn -1 0 0 
vn -1 0 0 
vn -1 0 0 
vn -1 0 0 
vn -1 0 0 
vn -1 0 0 
vn -1 0 0 
vn -1 0 0 
vn -1 0 0 
vn -1 0 0 
vn -1 0 0 
vn -1 0 0 
vn -1 0 0 
vn -1 0 0 
vn -1 0 0 
vn -1 0 0 
vn -1 0 0 
vn -1 0 0 
vn -1 0 0 
vn -1 0 0 
vn -1 0 0 
vn -1 0 0 
vn -1 0 0 
vn -1 0 0 
vn -1 0 0 
vn -1 0 0 
vn -1 0 0 
vn -1 0 0 
vn -1 0 0 
vn -1 0 0 
vn -1 0 0 
vn -1 0 0 
vn -1 0 0 
vn -1 0 0 
vn -1 0 0 
vn -1 0 0 
vn -1 0 0 
vn -1 0 0 
vn -1 0 0 
vn -1 0 0 
vn -1 0 0 
vn -1 0 0 
vn -1 0 0 
vn -1 0 0 
vn -1 0 0 
vn -1 0 0 
vn -1 0 0 
vn -1 0 0 
vn -1 0 0 
vn -0.779528 -0.566929 -0.275591 
vn -0.779528 -0.566929 -0.275591 
vn -0.779528 -0.566929 -0.275591 
vn -0.779528 -0.566929 -0.275591 
vn -0.779528 -0.566929 -0.275591 
vn -0.779528 -0.566929 -0.275591 
vn -0.779528 -0.566929 -0.275591 
vn -0.779528 -0.566929 -0.275591 
vn -0.779528 -0.566929 -0.275591 
vn -0.779528 -0.566929 -0.275591 
vn -0.779528 -0.566929 -0.275591 
vn -0.779528 -0.566929 -0.275591 
vn -1 0 0 
vn -1 0 0 
vn -1 0 0 
vn -1 0 0 
vn -1 0 0 
vn -1 0 0 
vn -1 0 0 
vn -1 0 0 
vn -1 0 0 
vn -1 0 0 
vn -1 0 0 
vn -1 0 0 
vn -1 0 0 
vn -1 0 0 
vn -1 0 0 
vn -1 0 0 
vn -1 0 0 
vn -1 0 0 
vn -1 0 0 
vn -1 0 0 
vn -1 0 0 
vn -1 0 0 
vn -1 0 0 
vn -1 0 0 
vn -1 0 0 
vn -1 0 0 
vn 0 -1 0 
vn 0 -1 0 
vn 0 -1 0 
vn 0 -1 0 
vn 0 -1 0 
vn 0 -1 0 
vn 0 -1 0 
vn 0 -1 0 
vn 0 -1 0 
vn 0 -1 0 
vn 0 -1 0 
vn 0 -1 0 
vn 0 -1 0 
vn 0 -1 0 
vn 0 -1 0 
vn 0 -1 0 
vn 0 -1 0 
vn 0 -1 0 
vn 0 -1 0 
vn 0 -1 0 
vn 0 -1 0 
vn 0 -1 0 
vn 0 -1 0 
vn 0 -1 0 
vn 0 -1 0 
vn 0 -1 0 
vn 0 -1 0 
vn 0 -1 0 
vn 0 -1 0 
vn 0 -1 0 
vn 0 -1 0 
vn 0 -1 0 
vn 0 -1 0 
vn 0 -1 0 
vn 0 -1 0 
vn 0 -1 0 
vn 0 -1 0 
vn 0 -1 0 
vn 0 -1 0 
vn 0 -1 0 
vn 0 -1 0 
vn 0 -1 0 
vn 0 -1 0 
vn 0 -1 0 
vn 0 -1 0 
vn 0 -1 0 
vn 0 -1 0 
vn 0 -1 0 
vn 0 -1 0 
vn 0 -1 0 
vn 0 -1 0 
vn 0 -1 0 
vn 0 -1 0 
vn 0 -1 0 
vn 0 -1 0 
vn 0 -1 0 
vn 0 -1 0 
vn 0 -1 0 
vn 0 -1 0 
vn 0 -1 0 
vn 0 -1 0 
vn 0 -1 0 
vn 0 -1 0 
vn 0 -1 0 
vn 0 -1 0 
vn 0 -1 0 
vn 0 -1 0 
vn 0 -1 0 
vn -0.527559 -0.826772 0.188976 
vn -0.527559 -0.826772 0.188976 
vn -0.527559 -0.826772 0.188976 
vn -0.527559 -0.826772 0.188976 
vn -0.535433 -0.826772 0.188976 
vn -0.535433 -0.826772 0.188976 
vn -0.535433 -0.826772 0.188976 
vn -0.535433 -0.826772 0.188976 
vn 0 -1 0 
vn 0 -1 0 
vn 0 -1 0 
vn 0 -1 0 
vn 0 -1 0 
vn 0 -1 0 
vn 0 -1 0 
vn 0 -1 0 
vn 0 -1 0 
vn 0 -1 0 
vn 0 -1 0 
vn 0 -1 0 
vn 0 -1 0 
vn 0 -1 0 
vn 0 -1 0 
vn 0 -1 0 
vn 0 -1 0 
vn 0 -1 0 
vn 0 -1 0 
vn 0 -1 0 
vn 0 -1 0 
vn 0 -1 0 
vn 0 -1 0 
vn 0 -1 0 
vn 0 -1 0 
vn 0 -1 0 
vn 0 -1 0 
vn 0 -1 0 
vn 0 -1 0 
vn 0 -1 0 
vn 0 -1 0 
vn 0 -1 0 
vn 0 -1 0 
vn 0 -1 0 
vn 0 -1 0 
vn 0 -1 0 
vn 0 -1 0 
vn 0 -1 0 
vn 0 -1 0 
vn 0 -1 0 
vn 0 -1 0 
vn 0 -1 0 
vn 0 -1 0 
vn 0 -1 0 
vn 0 -1 0 
vn 0 -1 0 
vn 0 -1 0 
vn 0 -1 0 
vn 0 -1 0 
vn 0 -1 0 
vn 0 -1 0 
vn 0 -1 0 
vn 0 -1 0 
vn 0 -1 0 
vn 0 -1 0 
vn 0 -1 0 
vn 0 -1 0 
vn 0 -1 0 
vn 0 -1 0 
vn 0 -1 0 
vn 0 -1 0 
vn 0 -1 0 
vn 0 -1 0 
vn 0 -1 0 
vn 0 -1 0 
vn 0 -1 0 
vn 0 -1 0 
vn 0 -1 0 
vn 0 -1 0 
vn 0 -1 0 
vn 0 -1 0 
vn 0 -1 0 
vn 0 -1 0 
vn 0 -1 0 
vn 0 -1 0 
vn 0 -1 0 
vn 0 -1 0 
vn 0 -1 0 
vn 0 -1 0 
vn 0 -1 0 
vn 0 -1 0 
vn 0 -1 0 
vn 0 -1 0 
vn 0 -1 0 
vn 0 -1 0 
vn 0 -1 0 
vn 0 -1 0 
vn 0 -1 0 
vn 0 -1 0 
vn 0 -1 0 
vn 0 -1 0 
vn 0 -1 0 
vn 0 -1 0 
vn 0 -1 0 
vn 0 -1 0 
vn 0 -1 0 
vn 0 -1 0 
vn 0 -1 0 
vn 0 -1 0 
vn 0 -1 0 
vn 0 -1 0 
vn 0 -1 0 
vn 0 -1 0 
vn 0 -1 0 
vn 0 -1 0 
vn 0 -1 0 
vn 0 -1 0 
vn 0 -1 0 
vn 0 -1 0 
vn 0 -1 0 
vn 0 -1 0 
vn 0 -1 0 
vn 0 -1 0 
vn 0 -1 0 
vn 0 -1 0 
vn 0 -1 0 
vn 0 -1 0 
vn 0 -1 0 
vn 0.527559 -0.826772 0.188976 
vn 0.527559 -0.826772 0.188976 
vn 0.527559 -0.826772 0.188976 
vn 0 -1 0 
vn 0.527559 -0.826772 0.188976 
vn 0.535433 -0.826772 0.188976 
vn 0.535433 -0.826772 0.188976 
vn 0.535433 -0.826772 0.188976 
vn 0.535433 -0.826772 0.188976 
vn 0 -1 0 
vn 0 -1 0 
vn 0 -1 0 
vn 0 -1 0 
vn 0 -1 0 
vn 0 -1 0 
vn 0 -1 0 
vn 0 -1 0 
vn 0 -1 0 
vn 0 -1 0 
vn 0 -1 0 
vn 0 -1 0 
vn 0 -1 0 
vn 0 -1 0 
vn 0 -1 0 
vn 0 -1 0 
vn 0 -1 0 
vn 0 -1 0 
vn 0 0 -1 
vn 0 0 -1 
vn 0 0 -1 
vn 0 0 -1 
vn 0 0 -1 
vn 0 0 -1 
vn 0 0 -1 
vn 0 0 -1 
vn 0 0 -1 
vn 0 0 -1 
vn 0 0 -1 
vn 0 0 -1 
vn 0 0 -1 
vn 0 0 -1 
vn 0 0 -1 
vn 0 0 -1 
vn 0 0 -1 
vn 0 0 -1 
vn 0 0 -1 
vn 0 0 -1 
vn 0 0 -1 
vn 0 0 -1 
vn 0 0 -1 
vn 0 0 -1 
vn 0 0 -1 
vn 0 0 -1 
vn 0 0 -1 
vn 0 0 -1 
vn 0 0 -1 
vn 0 0 -1 
vn 0 0 -1 
vn 0 0 -1 
vn 0 0 -1 
vn 0 0 -1 
vn 0 0 -1 
vn 0 0 -1 
vn 0 0 -1 
vn 0 0 -1 
vn 0 0 -1 
vn 0 0 -1 
vn 0 0 -1 
vn 0 0 -1 
vn 0 0 -1 
vn 0 0 -1 
vn 0 0 -1 
vn 0 0 -1 
vn 0 0 -1 
vn 0 0 -1 
vn 0 0 -1 
vn 0 0 -1 
vn 0 0 -1 
vn 0 0 -1 
vn 0 0 -1 
vn 0 0 -1 
vn 0 0 -1 
vn 0 0 -1 
vn 0 0 -1 
vn 0 0 -1 
vn 0 0 -1 
vn 0 0 -1 
vn 0 0 -1 
vn 0 0 -1 
vn 0 0 -1 
vn 0 0 -1 
vn 0 0 -1 
vn 0 0 -1 
vn 0 0 -1 
vn 0 0 -1 
vn 0 0 -1 
vn 0 0 -1 
vn 0 0 -1 
vn 0 0 -1 
vn 0 0 -1 
vn 0 0 -1 
vn 0 0 -1 
vn 0 0 -1 
vn 0 0 -1 
vn 0 0 -1 
vn 0 0 -1 
vn 0 0 -1 
vn 0 0 -1 
vn 0 0 -1 
vn 0 0 -1 
vn 0 0 -1 
vn 0 0 -1 
vn 0 0 -1 
vn 0 0 -1 
vn 0 0 -1 
vn 0 0 -1 
vn 0 0 -1 
vn 0 0 -1 
vn 0 0 -1 
vn 0 0 -1 
vn 0 0 -1 
vn 0 0 -1 
vn 0 0 -1 
vn 0 0 -1 
vn 0 0 -1 
vn 0 0 -1 
vn 0 0 -1 
vn 0 0 -1 
vn 0 0 -1 
vn 0 0 -1 
vn 0 0 -1 
vn 0 0 -1 
vn 0 0 -1 
vn 0 0 -1 
vn 0 0 -1 
vn 0 0 -1 
vn 0 0 -1 
vn 0 0 -1 
vn 0 0 -1 
vn 0 0 -1 
vn 0 0 -1 
vn 0 0 -1 
vn 0 0 -1 
vn 0 0 -1 
vn 0 0 -1 
vn 0 0 -1 
vn 0 0 -1 
vn 0 0 -1 
vn 0 0 -1 
vn 0 0 -1 
vn 0 0 -1 
vn 0 0 -1 
vn 0 0 -1 
vn 0 0 -1 
vn 0 0 -1 
vn 0 0 -1 
vn 0 0 -1 
vn 0 0 -1 
vn 0 0 -1 
vn 0 0 -1 
vn 0 0 -1 
vn 0 0 -1 
vn 0 0 -1 
vn 0 0 -1 
vn 0 0 -1 
vn 0 0 -1 
vn 0 0 -1 
vn 0 0 -1 
vn 0 0 -1 
vn 0 0 -1 
vn 0 0 -1 
vn 0 0 -1 
vn 0 0 -1 
vn 0 0 -1 
vn 0 0 -1 
vn 0 0 -1 
vn 0 0 -1 
vn 0 0 -1 
vn 0 0 -1 
vn 0 0 -1 
vn 0 0 -1 
vn 0 0 -1 
vn 0 0 -1 
vn 0 0 -1 
vn 0 0 -1 
vn 0 0 -1 
vn 0 0 -1 
vn 0 0 -1 
vn 0 0 -1 
vn 0 0 -1 
vn 0 0 -1 
vn 0 0 -1 
vn 0 0 -1 
vn 0 0 -1 
vn 0 0 -1 
vn 0 0 -1 
vn 0 0 -1 
vn 0 0 -1 
vn 0 0 -1 
vn 0 0 -1 
vn 0 0 -1 
vn 0 0 -1 
vn 0 0 -1 
vn 0 0 -1 
vn 0 0 -1 
vn 0 0 -1 
vn 0 0 -1 
vn 0 0 -1 
vn 0 0 -1 
vn 0 0 -1 
vn 0 0 -1 
vn 0 0 -1 
vn 0 0 -1 
vn 0 0 -1 
vn 0 0 -1 
vn 0 0 -1 
vn 0 0 -1 
vn 0 0 -1 
vn 0 0 -1 
vn 0 0 -1 
vn 0 0 -1 
vn 0 0 -1 
vn 0 0 -1 
vn 0 0 -1 
vn 0 0 -1 
vn 0 0 -1 
vn 0 0 -1 
vn 0 0 -1 
vn 0 0 -1 
vn 0 0 -1 
vn 0 0 -1 
vn 0 0 -1 
vn 0 0 -1 
vn 0 0 -1 
vn 0 0 -1 

vt 42.2 -51.2404 
vt 42.1625 -51.354 
vt 42.2 -51.354 
vt 42.1583 -51.1922 
vt 42.2029 -51.2356 
vt 42.2029 -51.1922 
vt 42.1625 -51.2404 
vt 42.1583 -51.2356 
vt 42.212 -51.1922 
vt 42.1285 -51.1582 
vt 42.1285 -51.1922 
vt 42.212 -51.1582 
vt 42.2257 -51.1582 
vt 42.2257 -51.0613 
vt 42.1148 -51.0613 
vt 42.2372 -51.1199 
vt 41.9661 -51.132 
vt 42.2372 -51.132 
vt 42.2372 -51.1007 
vt 41.9661 -51.1199 
vt 42.2372 -51.1199 
vt 42.1148 -51.1582 
vt 41.9661 -51.1199 
vt 41.9661 -51.1007 
vt 42.2372 -51.1007 
vt 42.2372 -51.077 
vt 42.0954 -51.077 
vt 41.8347 -51.1007 
vt 41.9794 -51.045 
vt 41.9215 -51.1582 
vt 41.9352 -51.1582 
vt 41.9352 -51.0405 
vt 41.9066 -51.2468 
vt 41.9066 -51.2221 
vt 41.8961 -51.2221 
vt 41.8961 -51.2468 
vt 41.8887 -51.2404 
vt 41.8513 -51.354 
vt 41.8887 -51.354 
vt 41.8513 -51.2404 
vt 41.8916 -51.2356 
vt 41.8471 -51.1922 
vt 41.8471 -51.2356 
vt 41.838 -51.1582 
vt 41.8916 -51.1922 
vt 41.8139 -51.0405 
vt 41.8139 -51.1582 
vt 41.9215 -51.1922 
vt 41.838 -51.1922 
vt 41.9661 -51.1007 
vt 41.8347 -51.1199 
vt 41.8347 -51.1007 
vt 41.8088 -51.1007 
vt 41.8347 -51.1007 
vt 41.8088 -51.053 
vt 41.7867 -51.053 
vt 41.8088 -51.074 
vt 41.8088 -51.053 
vt 41.7867 -51.074 
vt 42.0954 -51.045 
vt 42.1729 -50.6944 
vt 42.1825 -50.7004 
vt 42.1839 -50.6944 
vt 42.1754 -50.7085 
vt 42.1823 -50.7264 
vt 42.1865 -50.7085 
vt 42.1713 -50.7264 
vt 42.1715 -50.7004 
vt 42.2372 -50.6969 
vt 42.2195 -50.6793 
vt 42.2195 -50.6969 
vt 42.2372 -50.6793 
vt 42.1682 -50.6761 
vt 42.1779 -50.6821 
vt 42.1792 -50.6761 
vt 42.1669 -50.6821 
vt 42.0954 -50.7052 
vt 42.1131 -50.7051 
vt 42.1128 -50.6792 
vt 42.2372 -50.8084 
vt 42.0954 -50.8547 
vt 42.2372 -50.8547 
vt 42.0954 -50.8084 
vt 42.0954 -50.7052 
vt 42.0954 -50.7277 
vt 42.1131 -50.7277 
vt 42.2372 -50.7277 
vt 42.2195 -50.6969 
vt 42.2195 -50.7277 
vt 42.2372 -50.6969 
vt 42.1131 -50.7052 
vt 42.0954 -50.7052 
vt 42.1128 -50.6792 
vt 42.0695 -50.6793 
vt 42.0954 -50.8547 
vt 42.0954 -50.7052 
vt 42.0695 -50.8391 
vt 42.01 -50.8391 
vt 41.9661 -50.8547 
vt 41.7867 -51.0309 
vt 41.7867 -50.8894 
vt 41.7628 -50.8894 
vt 41.7628 -51.0309 
vt 41.9402 -50.8391 
vt 42.0695 -50.6793 
vt 42.0695 -50.8201 
vt 42.01 -50.8201 
vt 41.9661 -50.8932 
vt 41.9402 -50.8673 
vt 41.8347 -51.1007 
vt 41.8347 -50.8932 
vt 41.8088 -51.053 
vt 41.8347 -50.8932 
vt 41.7867 -51.053 
vt 41.8088 -51.053 
vt 41.7867 -50.8673 
vt 41.7867 -51.053 
vt 41.8347 -50.8932 
vt 41.9794 -50.9065 
vt 42.0954 -50.9065 
vt 41.8347 -50.8932 
vt 41.7867 -50.8673 
vt 41.8347 -50.8932 
vt 42.2 -51.354 
vt 42.2 -51.2404 
vt 42.1625 -51.2404 
vt 42.2029 -51.1922 
vt 42.1583 -51.2356 
vt 42.2029 -51.2356 
vt 42.1625 -51.354 
vt 42.1583 -51.1922 
vt 42.212 -51.1922 
vt 42.212 -51.1582 
vt 42.2014 -51.1816 
vt 42.2257 -51.1582 
vt 42.2257 -51.0613 
vt 42.2151 -51.1476 
vt 42.212 -51.1582 
vt 42.1254 -51.1476 
vt 42.1254 -51.0718 
vt 42.1148 -51.1582 
vt 42.139 -51.1476 
vt 42.1254 -51.1476 
vt 42.1285 -51.1582 
vt 42.139 -51.1816 
vt 42.1285 -51.1922 
vt 42.139 -51.1816 
vt 42.139 -51.1476 
vt 42.1285 -51.1582 
vt 42.1285 -51.1582 
vt 42.2014 -51.1476 
vt 42.2014 -51.1476 
vt 42.1148 -51.1582 
vt 41.9246 -51.0511 
vt 41.9246 -51.1476 
vt 41.9352 -51.1582 
vt 41.9215 -51.1582 
vt 41.9352 -51.1582 
vt 41.9246 -51.1476 
vt 41.9066 -51.2221 
vt 41.8961 -51.2468 
vt 41.9066 -51.2468 
vt 41.8961 -51.2221 
vt 41.8887 -51.354 
vt 41.8887 -51.2404 
vt 41.8513 -51.2404 
vt 41.8513 -51.354 
vt 41.8916 -51.1922 
vt 41.8471 -51.2356 
vt 41.8916 -51.2356 
vt 41.9109 -51.1476 
vt 41.9109 -51.1816 
vt 41.9215 -51.1922 
vt 41.9215 -51.1582 
vt 41.8471 -51.1922 
vt 41.9109 -51.1476 
vt 41.838 -51.1922 
vt 41.8485 -51.1816 
vt 41.838 -51.1582 
vt 41.838 -51.1922 
vt 41.8485 -51.1816 
vt 41.838 -51.1582 
vt 41.8485 -51.1476 
vt 41.838 -51.1582 
vt 41.8485 -51.1476 
vt 41.8245 -51.1476 
vt 41.8139 -51.1582 
vt 41.8139 -51.1582 
vt 41.8245 -51.1476 
vt 41.8245 -51.0511 
vt 42.1254 -51.0718 
vt 42.1148 -51.0613 
vt 42.1148 -51.1582 
vt 42.2151 -51.0718 
vt 42.0954 -51.0583 
vt 42.2372 -51.077 
vt 42.2372 -51.0583 
vt 42.1254 -51.0718 
vt 42.1148 -51.0613 
vt 42.2372 -50.8547 
vt 42.0954 -50.8932 
vt 42.2372 -50.8932 
vt 42.2372 -50.8084 
vt 42.2372 -50.7277 
vt 42.2195 -50.7908 
vt 42.2195 -50.7277 
vt 42.1131 -50.7908 
vt 42.2239 -50.9065 
vt 42.2239 -51.045 
vt 42.2372 -51.0583 
vt 42.2372 -50.8932 
vt 42.2239 -50.9065 
vt 42.2372 -51.0583 
vt 42.0954 -51.0583 
vt 42.2239 -51.045 
vt 42.0954 -50.8932 
vt 42.1489 -50.6722 
vt 42.1586 -50.6782 
vt 42.1599 -50.6722 
vt 42.1544 -50.6483 
vt 42.1641 -50.6543 
vt 42.1655 -50.6483 
vt 42.1531 -50.6543 
vt 42.1491 -50.646 
vt 42.1559 -50.664 
vt 42.1601 -50.646 
vt 42.1476 -50.6782 
vt 41.9661 -50.8547 
vt 41.9661 -50.8932 
vt 41.9246 -51.0511 
vt 41.9352 -51.1582 
vt 41.9352 -51.0405 
vt 42.0954 -50.8084 
vt 42.1131 -50.7277 
vt 42.0954 -50.7277 
vt 42.0954 -50.7277 
vt 42.0954 -50.8084 
vt 42.1131 -50.7908 
vt 41.8245 -51.0511 
vt 41.9246 -51.0511 
vt 41.9352 -51.0405 
vt 42.0954 -51.077 
vt 42.0954 -51.045 
vt 41.8139 -51.1582 
vt 41.8245 -51.0511 
vt 41.8139 -51.0405 
vt 41.8139 -51.0405 
vt 42.1449 -50.664 
vt 42.0954 -50.8547 
vt 42.0954 -50.8932 
vt 42.0954 -50.9065 
vt 42.2239 -50.9065 
vt 42.1175 -51.1148 
vt 42.0578 -51.2257 
vt 42.1175 -51.2257 
vt 42.152 -51.2372 
vt 42.152 -51.0954 
vt 42.1251 -51.0954 
vt 42.1251 -51.2372 
vt 42.1037 -51.0954 
vt 42.1037 -51.2372 
vt 42.1251 -51.2372 
vt 42.1251 -51.0954 
vt 42.0708 -51.1625 
vt 42.106 -51.2 
vt 42.106 -51.1625 
vt 42.0708 -51.2 
vt 42.0578 -51.1148 
vt 42.0687 -50.9661 
vt 42.1037 -51.0954 
vt 42.1037 -50.9661 
vt 42.0687 -51.0954 
vt 42.056 -50.9402 
vt 42.0687 -51.01 
vt 42.0687 -50.9402 
vt 42.1037 -50.9661 
vt 42.0687 -50.8347 
vt 42.0687 -50.9661 
vt 42.106 -50.8887 
vt 42.0708 -50.8513 
vt 42.0708 -50.8887 
vt 42.106 -50.8513 
vt 42.1039 -50.8961 
vt 42.0706 -50.9066 
vt 42.1039 -50.9066 
vt 42.1175 -50.8139 
vt 42.0578 -50.9352 
vt 42.1175 -50.9352 
vt 42.1037 -50.8347 
vt 42.0706 -50.8961 
vt 42.0578 -50.8139 
vt 42.0485 -50.7628 
vt 41.9515 -50.7867 
vt 42.0485 -50.7867 
vt 42.0687 -50.9402 
vt 42.0687 -50.7867 
vt 42.056 -50.8215 
vt 42.056 -50.9402 
vt 42.0687 -50.9402 
vt 42.056 -50.8215 
vt 41.9313 -50.7867 
vt 42.0687 -50.7867 
vt 42.056 -51.01 
vt 42.1161 -51.2195 
vt 42.1037 -51.2372 
vt 42.1161 -51.2372 
vt 42.1252 -51.1669 
vt 42.1082 -51.1729 
vt 42.1122 -51.1839 
vt 42.1291 -51.1779 
vt 42.164 -51.1655 
vt 42.1213 -51.1682 
vt 42.1252 -51.1792 
vt 42.1601 -51.1544 
vt 42.1049 -51.1865 
vt 42.116 -51.1825 
vt 42.1121 -51.1715 
vt 42.1037 -51.2195 
vt 42.101 -51.1754 
vt 42.1037 -51.2195 
vt 42.0687 -51.2372 
vt 42.1037 -51.2372 
vt 42.0687 -51.2195 
vt 41.9313 -51.2372 
vt 42.0687 -51.2372 
vt 42.0687 -51.2195 
vt 42.1679 -51.1641 
vt 42.1792 -51.1601 
vt 42.1753 -51.1491 
vt 42.1161 -51.0954 
vt 42.1037 -51.1131 
vt 42.1161 -51.1131 
vt 42.1037 -51.0954 
vt 42.0687 -51.0954 
vt 42.1037 -51.1131 
vt 42.1037 -51.0954 
vt 42.164 -51.1531 
vt 42.0687 -51.1131 
vt 42.0687 -51.0695 
vt 42.0687 -51.01 
vt 42.056 -51.0568 
vt 42.0687 -51.0695 
vt 42.056 -51.0568 
vt 41.944 -51.0568 
vt 42.0687 -51.01 
vt 42.056 -51.01 
vt 41.9589 -51.0848 
vt 42.0411 -51.0848 
vt 42.0687 -51.0695 
vt 42.0687 -51.1128 
vt 42.0411 -51.0848 
vt 42.0411 -51.1128 
vt 42.0687 -51.0695 
vt 41.9313 -51.0695 
vt 41.9589 -51.0848 
vt 42.0687 -51.0695 
vt 41.9422 -51.1148 
vt 41.8825 -51.2257 
vt 41.9422 -51.2257 
vt 41.9292 -51.1625 
vt 41.894 -51.2 
vt 41.9292 -51.2 
vt 41.9313 -50.9661 
vt 41.8963 -51.0954 
vt 41.9313 -51.0954 
vt 41.8963 -50.9661 
vt 41.944 -51.01 
vt 41.944 -50.9402 
vt 41.9313 -50.9402 
vt 41.894 -51.1625 
vt 41.8825 -51.1148 
vt 41.848 -51.0954 
vt 41.8749 -51.2372 
vt 41.8749 -51.0954 
vt 41.848 -51.2372 
vt 41.8963 -51.2372 
vt 41.8749 -51.0954 
vt 41.8749 -51.2372 
vt 41.8963 -51.0954 
vt 41.9313 -50.8347 
vt 41.8963 -50.9661 
vt 41.9313 -50.9661 
vt 41.9422 -50.8139 
vt 41.8825 -50.9352 
vt 41.9422 -50.9352 
vt 41.9515 -50.7628 
vt 41.944 -50.8215 
vt 41.9313 -50.9402 
vt 41.944 -50.9402 
vt 41.9294 -50.8961 
vt 41.8961 -50.8961 
vt 41.9294 -50.9066 
vt 41.9292 -50.8513 
vt 41.894 -50.8887 
vt 41.9292 -50.8887 
vt 41.894 -50.8513 
vt 41.8961 -50.9066 
vt 41.8963 -50.8347 
vt 41.8825 -50.8139 
vt 41.9313 -51.01 
vt 41.8963 -51.2195 
vt 41.8839 -51.2372 
vt 41.8963 -51.2372 
vt 41.8879 -51.1715 
vt 41.8951 -51.1865 
vt 41.899 -51.1754 
vt 41.9313 -51.2195 
vt 41.8963 -51.2372 
vt 41.9313 -51.2372 
vt 41.8963 -51.2195 
vt 41.9313 -51.2195 
vt 41.884 -51.1825 
vt 41.8839 -51.2195 
vt 41.8748 -51.1669 
vt 41.8878 -51.1839 
vt 41.8918 -51.1729 
vt 41.8709 -51.1779 
vt 41.8787 -51.1682 
vt 41.836 -51.1655 
vt 41.8748 -51.1792 
vt 41.8399 -51.1544 
vt 41.8321 -51.1641 
vt 41.8247 -51.1491 
vt 41.8208 -51.1601 
vt 41.9313 -51.0695 
vt 41.944 -51.01 
vt 41.9313 -51.01 
vt 41.9313 -51.01 
vt 41.9313 -51.0695 
vt 41.944 -51.0568 
vt 41.9589 -51.0848 
vt 41.9313 -51.1128 
vt 41.9589 -51.1128 
vt 41.9313 -51.0695 
vt 41.9313 -51.0954 
vt 41.8963 -51.1131 
vt 41.9313 -51.1131 
vt 41.8963 -51.0954 
vt 41.8839 -51.1131 
vt 41.8963 -51.1131 
vt 41.8839 -51.0954 
vt 41.8963 -51.0954 
vt 41.836 -51.1531 
vt 41.9331 -51.2356 
vt 41.8917 -51.1922 
vt 41.8917 -51.2356 
vt 41.9422 -51.1922 
vt 41.8825 -51.1582 
vt 41.8825 -51.1922 
vt 41.9422 -51.0613 
vt 41.8825 -51.0613 
vt 41.8825 -51.1582 
vt 41.8963 -51.077 
vt 41.8749 -51.0583 
vt 41.8749 -51.077 
vt 41.8963 -51.045 
vt 41.848 -51.045 
vt 41.848 -51.0583 
vt 41.894 -51.2404 
vt 41.894 -51.354 
vt 41.9292 -51.2404 
vt 41.9292 -51.354 
vt 41.9331 -51.1922 
vt 41.9422 -51.1582 
vt 41.9589 -51.132 
vt 42.0411 -51.132 
vt 41.9589 -51.1199 
vt 41.9422 -51.1582 
vt 41.9589 -51.1007 
vt 41.9313 -51.1199 
vt 41.9313 -51.1007 
vt 41.9292 -51.2404 
vt 41.894 -51.354 
vt 41.9292 -51.354 
vt 41.894 -51.2404 
vt 41.9331 -51.2356 
vt 41.8917 -51.1922 
vt 41.8917 -51.2356 
vt 41.9331 -51.1922 
vt 41.9422 -51.1922 
vt 41.8825 -51.1582 
vt 41.8825 -51.1922 
vt 41.9422 -51.1582 
vt 41.8963 -50.8932 
vt 41.8963 -51.1007 
vt 41.9313 -51.1007 
vt 41.8825 -51.0405 
vt 41.8825 -51.1582 
vt 41.9422 -51.0405 
vt 41.9422 -51.1582 
vt 41.9589 -51.1199 
vt 42.0411 -51.1199 
vt 41.9589 -51.1007 
vt 41.9589 -51.074 
vt 41.9313 -51.1007 
vt 42.0687 -51.1007 
vt 41.9589 -51.074 
vt 41.9313 -51.053 
vt 41.9313 -51.1007 
vt 41.9589 -51.074 
vt 42.0411 -51.074 
vt 41.9589 -51.053 
vt 41.9589 -51.053 
vt 41.9515 -51.0309 
vt 41.9313 -51.053 
vt 42.0411 -51.053 
vt 41.9515 -51.0309 
vt 41.9589 -51.053 
vt 41.9515 -50.8894 
vt 41.9515 -51.0309 
vt 42.0485 -51.0309 
vt 41.8205 -50.6782 
vt 41.8874 -50.7264 
vt 41.8748 -50.6821 
vt 41.8244 -50.6722 
vt 41.8749 -50.8932 
vt 41.848 -50.8932 
vt 41.848 -50.9065 
vt 41.836 -50.6543 
vt 41.8787 -50.6761 
vt 41.8399 -50.6483 
vt 41.8247 -50.646 
vt 41.8131 -50.664 
vt 41.8963 -50.9065 
vt 41.8963 -50.8547 
vt 41.8749 -50.8547 
vt 41.8963 -50.8084 
vt 41.9313 -50.8547 
vt 41.899 -50.7085 
vt 41.8879 -50.7004 
vt 41.8918 -50.6944 
vt 41.8963 -50.7277 
vt 41.8839 -50.8084 
vt 41.9313 -50.8547 
vt 41.8963 -50.8932 
vt 41.9313 -50.8932 
vt 41.8963 -50.8547 
vt 41.9313 -50.8932 
vt 41.9313 -50.7052 
vt 41.8839 -50.7277 
vt 41.8963 -50.7052 
vt 41.9313 -50.8201 
vt 41.9313 -50.8391 
vt 41.944 -50.8391 
vt 41.9313 -50.8673 
vt 41.9515 -50.8894 
vt 41.9313 -50.8673 
vt 41.9515 -50.8894 
vt 42.0485 -50.8894 
vt 41.9313 -50.8391 
vt 41.9313 -50.8673 
vt 41.944 -50.8673 
vt 42.0687 -50.8391 
vt 41.9313 -50.6793 
vt 41.9313 -50.8391 
vt 41.944 -50.8201 
vt 41.944 -50.8391 
vt 42.0411 -51.053 
vt 42.0708 -51.2404 
vt 42.0708 -51.354 
vt 42.106 -51.354 
vt 42.0669 -51.1922 
vt 42.0669 -51.2356 
vt 42.1083 -51.1922 
vt 42.1175 -51.1582 
vt 42.0578 -51.1582 
vt 42.0578 -51.1922 
vt 42.0578 -51.0613 
vt 42.0578 -51.1582 
vt 42.1175 -51.1582 
vt 42.0411 -51.1199 
vt 42.0687 -51.1007 
vt 42.0687 -51.1199 
vt 42.0411 -51.1007 
vt 42.106 -51.2404 
vt 42.1083 -51.2356 
vt 42.1175 -51.1922 
vt 42.1175 -51.0613 
vt 42.1251 -51.0583 
vt 42.1037 -51.077 
vt 42.1251 -51.077 
vt 42.1037 -51.045 
vt 42.152 -51.0583 
vt 42.152 -51.045 
vt 42.0708 -51.2404 
vt 42.0708 -51.354 
vt 42.106 -51.354 
vt 42.0411 -51.1007 
vt 42.0687 -51.1007 
vt 42.0411 -51.074 
vt 42.0687 -51.053 
vt 42.0411 -51.053 
vt 42.0687 -51.053 
vt 42.0485 -51.0309 
vt 42.0485 -51.0309 
vt 42.0485 -50.8894 
vt 42.1175 -51.1582 
vt 42.0578 -51.1582 
vt 42.0578 -51.1922 
vt 42.106 -51.2404 
vt 42.1083 -51.1922 
vt 42.0669 -51.2356 
vt 42.1083 -51.2356 
vt 42.0669 -51.1922 
vt 42.1175 -51.1922 
vt 42.0687 -50.8932 
vt 42.0687 -51.1007 
vt 42.1037 -51.1007 
vt 42.0578 -51.0405 
vt 42.0578 -51.1582 
vt 42.1175 -51.1582 
vt 42.1175 -51.0405 
vt 42.1037 -50.8932 
vt 42.1037 -50.9065 
vt 42.152 -50.9065 
vt 42.1251 -50.8932 
vt 42.1037 -50.8547 
vt 42.1251 -50.8547 
vt 42.0687 -50.8547 
vt 42.1037 -50.8547 
vt 42.1037 -50.8084 
vt 42.1126 -50.7264 
vt 42.1121 -50.7004 
vt 42.101 -50.7085 
vt 42.1082 -50.6944 
vt 42.1252 -50.6821 
vt 42.164 -50.6543 
vt 42.1213 -50.6761 
vt 42.1795 -50.6782 
vt 42.1756 -50.6722 
vt 42.152 -50.8932 
vt 42.1601 -50.6483 
vt 42.1869 -50.664 
vt 42.1753 -50.646 
vt 42.0687 -50.7052 
vt 42.0687 -50.8547 
vt 42.1037 -50.8084 
vt 42.0687 -50.8673 
vt 42.0485 -50.8894 
vt 42.0687 -50.8673 
vt 42.056 -50.8391 
vt 42.056 -50.8673 
vt 42.0687 -50.6793 
vt 42.0687 -50.8391 
vt 42.056 -50.8201 
vt 42.056 -50.8391 
vt 42.0687 -50.8201 
vt 42.0687 -50.8391 
vt 42.1161 -50.7277 
vt 42.1161 -50.8084 
vt 42.1037 -50.8547 
vt 42.0687 -50.8932 
vt 42.1037 -50.8932 
vt 42.0687 -50.8547 
vt 42.1037 -50.7277 
vt 42.1037 -50.7052 
vt 41.7986 -51.1816 
vt 41.788 -51.1582 
vt 41.788 -51.1922 
vt 41.7986 -51.1816 
vt 41.7986 -51.1476 
vt 41.788 -51.1582 
vt 41.861 -51.1816 
vt 41.8715 -51.1922 
vt 41.861 -51.1476 
vt 41.8715 -51.1582 
vt 41.7743 -51.0613 
vt 41.7743 -51.1582 
vt 41.7849 -51.1476 
vt 41.7849 -51.1476 
vt 41.7743 -51.1582 
vt 41.7986 -51.1476 
vt 41.8417 -51.2356 
vt 41.7971 -51.1922 
vt 41.7971 -51.2356 
vt 41.8 -51.2404 
vt 41.8 -51.354 
vt 41.8375 -51.2404 
vt 41.8375 -51.354 
vt 41.8417 -51.1922 
vt 41.8852 -51.1582 
vt 41.8746 -51.1476 
vt 41.8852 -51.0613 
vt 42.0754 -51.1476 
vt 42.0648 -51.0405 
vt 42.0648 -51.1582 
vt 42.0785 -51.1582 
vt 42.0891 -51.1816 
vt 42.0785 -51.1922 
vt 42.162 -51.1922 
vt 42.1515 -51.1816 
vt 42.162 -51.1582 
vt 42.0891 -51.1816 
vt 42.0891 -51.1476 
vt 42.0785 -51.1582 
vt 42.0891 -51.1476 
vt 42.1515 -51.1476 
vt 42.1755 -51.1476 
vt 42.1861 -51.1582 
vt 42.1039 -51.2468 
vt 42.0934 -51.2221 
vt 42.0934 -51.2468 
vt 42.1113 -51.2404 
vt 42.1113 -51.354 
vt 42.1487 -51.2404 
vt 42.1487 -51.354 
vt 42.1039 -51.2221 
vt 42.1529 -51.2356 
vt 42.1084 -51.1922 
vt 42.1084 -51.2356 
vt 42.1529 -51.1922 
vt 42.1861 -51.0405 
vt 41.8746 -51.0718 
vt 41.7628 -51.0583 
vt 41.7761 -51.045 
vt 41.7628 -50.8932 
vt 41.7761 -50.9065 
vt 41.9046 -51.077 
vt 41.7628 -51.0583 
vt 41.7628 -51.077 
vt 41.9046 -51.0583 
vt 41.9046 -50.8932 
vt 41.8456 -50.6483 
vt 41.8345 -50.6483 
vt 41.8359 -50.6543 
vt 41.8469 -50.6543 
vt 41.8511 -50.6722 
vt 41.8401 -50.6722 
vt 41.8414 -50.6782 
vt 41.9046 -50.8547 
vt 41.7628 -50.8547 
vt 41.7628 -50.8932 
vt 41.7743 -51.0613 
vt 41.7849 -51.0718 
vt 41.7628 -51.077 
vt 41.7628 -51.1007 
vt 41.9046 -51.077 
vt 41.7628 -50.7277 
vt 41.7628 -50.8084 
vt 41.7805 -50.7908 
vt 41.7805 -50.7277 
vt 41.7628 -50.7277 
vt 41.7805 -50.7908 
vt 41.7628 -50.8084 
vt 41.9046 -50.8084 
vt 41.8441 -50.664 
vt 41.8509 -50.646 
vt 41.8399 -50.646 
vt 41.9046 -51.045 
vt 41.9046 -51.0583 
vt 42.0754 -51.1476 
vt 42.0754 -51.0511 
vt 42.0648 -51.0405 
vt 42.0754 -51.0511 
vt 41.9046 -50.9065 
vt 41.8524 -50.6782 
vt 41.8551 -50.664 
vt 41.9046 -50.8932 
vt 42.1755 -51.0511 
vt 42.1653 -51.1007 
vt 42.0206 -51.045 
vt 41.9046 -51.045 
vt 41.8869 -50.7908 
vt 41.9046 -50.7277 
vt 41.8869 -50.7277 
vt 42.1653 -50.8932 
vt 41.7743 -51.0613 
vt 41.7743 -51.1582 
vt 41.788 -51.1582 
vt 41.8715 -51.1582 
vt 41.8715 -51.1922 
vt 41.788 -51.1582 
vt 41.788 -51.1922 
vt 41.7628 -51.132 
vt 42.0339 -51.132 
vt 41.7628 -51.1199 
vt 42.0339 -51.1199 
vt 42.0339 -51.1007 
vt 41.7628 -51.1007 
vt 41.7628 -51.1199 
vt 42.0339 -51.1199 
vt 42.1653 -51.1007 
vt 42.0339 -51.1007 
vt 41.8715 -51.1582 
vt 41.8 -51.2404 
vt 41.8 -51.354 
vt 41.8375 -51.354 
vt 41.8375 -51.2404 
vt 41.8417 -51.1922 
vt 41.7971 -51.2356 
vt 41.8417 -51.2356 
vt 42.0934 -51.2468 
vt 42.1039 -51.2221 
vt 42.0934 -51.2221 
vt 41.7971 -51.1922 
vt 41.8852 -51.0613 
vt 41.8852 -51.1582 
vt 42.0648 -51.0405 
vt 42.0648 -51.1582 
vt 42.0785 -51.1582 
vt 42.1039 -51.2468 
vt 42.1653 -51.1199 
vt 42.162 -51.1582 
vt 42.1653 -51.1007 
vt 42.1912 -51.1007 
vt 42.1912 -51.053 
vt 42.1912 -51.053 
vt 42.1912 -51.074 
vt 42.2133 -51.074 
vt 42.2133 -51.053 
vt 42.1653 -50.8932 
vt 42.2133 -51.053 
vt 42.1653 -50.8932 
vt 42.1912 -51.053 
vt 42.2372 -51.0309 
vt 42.2133 -50.8894 
vt 42.2133 -51.0309 
vt 42.162 -51.1922 
vt 42.0785 -51.1582 
vt 42.0785 -51.1922 
vt 42.1113 -51.2404 
vt 42.1113 -51.354 
vt 42.1487 -51.354 
vt 42.1487 -51.2404 
vt 42.1529 -51.1922 
vt 42.1084 -51.2356 
vt 42.1529 -51.2356 
vt 42.1084 -51.1922 
vt 42.162 -51.1582 
vt 42.1861 -51.0405 
vt 42.1861 -51.1582 
vt 42.0206 -50.9065 
vt 41.7628 -50.6969 
vt 41.7628 -50.7277 
vt 41.7805 -50.7277 
vt 41.9046 -50.8084 
vt 41.7628 -50.8084 
vt 41.7628 -50.8547 
vt 41.9046 -50.8547 
vt 41.9046 -50.7277 
vt 41.8869 -50.7052 
vt 41.8869 -50.7277 
vt 41.9046 -50.7052 
vt 41.7628 -50.6793 
vt 41.7628 -50.6969 
vt 41.7805 -50.6969 
vt 41.7805 -50.6969 
vt 41.7805 -50.6793 
vt 41.8872 -50.6792 
vt 41.8869 -50.7051 
vt 41.9046 -50.7052 
vt 41.8177 -50.7264 
vt 41.8246 -50.7085 
vt 41.8135 -50.7085 
vt 41.8287 -50.7264 
vt 41.8271 -50.6944 
vt 41.8175 -50.7004 
vt 41.8285 -50.7004 
vt 41.8161 -50.6944 
vt 41.8221 -50.6821 
vt 41.8318 -50.6761 
vt 41.8208 -50.6761 
vt 41.8331 -50.6821 
vt 41.9305 -50.6793 
vt 41.8872 -50.6792 
vt 41.9046 -50.7052 
vt 41.9305 -50.8391 
vt 41.9046 -50.7052 
vt 41.9046 -50.8547 
vt 41.9046 -50.9065 
vt 42.0339 -50.8547 
vt 42.0339 -50.8932 
vt 41.9305 -50.8391 
vt 41.9046 -50.8547 
vt 41.99 -50.8391 
vt 41.9305 -50.8391 
vt 41.9305 -50.6793 
vt 41.9046 -50.7052 
vt 41.99 -50.8391 
vt 41.9305 -50.8201 
vt 41.99 -50.8201 
vt 42.0339 -50.8547 
vt 42.0339 -50.8932 
vt 42.0598 -50.8673 
vt 42.2133 -50.8673 
vt 42.2372 -50.8894 
vt 42.2133 -50.8673 
vt 42.0598 -50.8391 
vt 42.0339 -50.8547 
vt 41.8825 -51.212 
vt 41.8917 -51.2029 
vt 41.8917 -51.1583 
vt 41.8917 -51.1583 
vt 41.8825 -51.1285 
vt 41.8825 -51.212 
vt 41.9422 -51.1285 
vt 41.8825 -51.1285 
vt 41.8917 -51.1583 
vt 41.9422 -51.212 
vt 41.8917 -51.2029 
vt 41.8825 -51.1285 
vt 41.9422 -51.1148 
vt 41.8825 -51.1148 
vt 41.8825 -50.9352 
vt 41.9422 -50.9215 
vt 41.8825 -50.9215 
vt 41.894 -51.2 
vt 41.9292 -51.2 
vt 41.894 -51.1625 
vt 41.9331 -51.1583 
vt 41.9331 -51.2029 
vt 41.9422 -51.212 
vt 41.9292 -51.1625 
vt 41.9331 -51.1583 
vt 41.9331 -51.1583 
vt 41.9422 -51.1285 
vt 41.9422 -51.212 
vt 41.9331 -51.2029 
vt 41.8917 -51.2029 
vt 41.9422 -50.9352 
vt 41.8825 -50.9215 
vt 41.9422 -50.9215 
vt 41.9331 -50.8916 
vt 41.8825 -50.9215 
vt 41.8917 -50.8916 
vt 41.8825 -50.838 
vt 41.894 -50.8887 
vt 41.9292 -50.8887 
vt 41.894 -50.8513 
vt 41.8917 -50.8916 
vt 41.8917 -50.8471 
vt 41.8825 -50.838 
vt 41.8917 -50.8471 
vt 41.9422 -50.838 
vt 41.8825 -50.838 
vt 41.8917 -50.8916 
vt 41.8825 -50.838 
vt 41.9422 -50.8139 
vt 41.8825 -50.8139 
vt 41.8961 -50.9066 
vt 41.9294 -50.8961 
vt 41.8961 -50.8961 
vt 41.9294 -50.9066 
vt 41.9292 -50.8513 
vt 41.8917 -50.8471 
vt 41.9331 -50.8471 
vt 41.9422 -50.838 
vt 41.9331 -50.8916 
vt 41.9422 -50.9215 
vt 41.9422 -50.838 
vt 41.9422 -51.1285 
vt 41.8749 -51.0954 
vt 41.8749 -51.2372 
vt 41.8963 -51.2372 
vt 41.848 -51.0954 
vt 41.848 -51.2372 
vt 41.8749 -51.2372 
vt 41.8874 -51.1713 
vt 41.8166 -51.1586 
vt 41.8835 -51.1823 
vt 41.8205 -51.1476 
vt 41.8205 -51.1599 
vt 41.8131 -51.1449 
vt 41.8092 -51.1559 
vt 41.8244 -51.1489 
vt 41.8963 -51.2372 
vt 41.8839 -51.0954 
vt 41.8839 -51.2372 
vt 41.9422 -51.212 
vt 41.8825 -51.2257 
vt 41.9422 -51.2257 
vt 41.8825 -51.212 
vt 41.9589 -50.9661 
vt 41.9589 -51.2372 
vt 42.0411 -51.2372 
vt 41.9313 -50.9661 
vt 41.9313 -51.2372 
vt 41.9589 -51.2372 
vt 41.8963 -51.2372 
vt 41.9313 -51.2372 
vt 41.9313 -50.9661 
vt 41.8963 -51.0954 
vt 41.8749 -51.0954 
vt 41.9589 -50.9661 
vt 41.9313 -50.8347 
vt 41.8963 -50.8347 
vt 41.9313 -50.8088 
vt 41.9589 -50.8347 
vt 41.8963 -51.0954 
vt 41.9313 -50.8088 
vt 41.9589 -50.7867 
vt 41.9313 -50.7867 
vt 41.9589 -50.9661 
vt 42.0411 -50.8347 
vt 41.9589 -50.8347 
vt 41.9313 -50.8347 
vt 41.9589 -50.9661 
vt 41.9589 -50.8347 
vt 42.0411 -50.8347 
vt 41.9313 -50.8088 
vt 41.9589 -50.8088 
vt 42.0411 -50.7867 
vt 41.9589 -50.7867 
vt 41.9589 -50.8088 
vt 41.9515 -50.7867 
vt 42.0485 -50.7628 
vt 41.9515 -50.7628 
vt 42.0411 -50.9661 
vt 42.0669 -51.1583 
vt 42.0578 -51.212 
vt 42.0669 -51.2029 
vt 42.0708 -51.2 
vt 42.106 -51.1625 
vt 42.0708 -51.1625 
vt 42.0669 -51.1583 
vt 42.0578 -51.1285 
vt 42.0578 -51.212 
vt 42.1083 -51.1583 
vt 42.0669 -51.2029 
vt 42.1083 -51.2029 
vt 42.0578 -50.9352 
vt 42.1175 -50.9352 
vt 42.0578 -50.9215 
vt 42.106 -51.2 
vt 42.1083 -51.1583 
vt 42.1083 -51.2029 
vt 42.1175 -51.212 
vt 42.1175 -51.1285 
vt 42.1175 -51.212 
vt 42.1175 -51.1148 
vt 42.0578 -51.1148 
vt 42.1175 -51.1285 
vt 42.1175 -50.9215 
vt 42.1175 -50.9215 
vt 42.0669 -50.8916 
vt 42.0578 -50.9215 
vt 42.1039 -50.9066 
vt 42.0706 -50.8961 
vt 42.0706 -50.9066 
vt 42.0578 -50.838 
vt 42.0578 -50.9215 
vt 42.0669 -50.8916 
vt 42.0708 -50.8887 
vt 42.106 -50.8513 
vt 42.0708 -50.8513 
vt 42.0669 -50.8471 
vt 42.1175 -50.838 
vt 42.1175 -50.838 
vt 42.0578 -50.8139 
vt 42.0578 -50.838 
vt 42.1039 -50.8961 
vt 42.106 -50.8887 
vt 42.1175 -50.838 
vt 42.1083 -50.8471 
vt 42.1083 -50.8916 
vt 42.1175 -50.838 
vt 42.0669 -50.8471 
vt 42.1083 -50.8471 
vt 42.1083 -50.8916 
vt 42.1175 -50.9215 
vt 42.1083 -50.8916 
vt 42.1175 -50.8139 
vt 42.0578 -51.1285 
vt 42.0578 -51.2257 
vt 42.1175 -51.2257 
vt 42.0578 -51.212 
vt 42.1175 -51.212 
vt 42.0687 -51.2372 
vt 42.0411 -50.9661 
vt 42.0411 -51.2372 
vt 42.0687 -50.9661 
vt 42.0687 -51.2372 
vt 42.1037 -51.2372 
vt 42.1251 -51.2372 
vt 42.1037 -51.0954 
vt 42.1037 -51.2372 
vt 42.1037 -51.0954 
vt 42.1037 -51.2372 
vt 42.1161 -51.2372 
vt 42.1251 -51.0954 
vt 42.152 -51.2372 
vt 42.1251 -51.0954 
vt 42.1251 -51.2372 
vt 42.1834 -51.1586 
vt 42.1126 -51.1713 
vt 42.1165 -51.1823 
vt 42.152 -51.0954 
vt 42.1795 -51.1476 
vt 42.1869 -51.1449 
vt 42.1795 -51.1599 
vt 42.1908 -51.1559 
vt 42.1756 -51.1489 
vt 42.1161 -51.0954 
vt 42.0411 -50.8347 
vt 42.0411 -50.9661 
vt 42.0687 -50.8088 
vt 42.0411 -50.8088 
vt 42.0411 -50.8088 
vt 42.0687 -50.7867 
vt 42.0411 -50.7867 
vt 42.0485 -50.7867 
vt 42.0687 -50.9661 
vt 42.0687 -50.8347 
vt 42.0687 -50.9661 
vt 42.0687 -50.8347 
vt 42.1037 -50.8347 
vt 42.1037 -51.2372 
vt 42.1037 -50.8347 
vt 42.0687 -50.9661 
vt 42.0687 -50.8088 
vt 42.1037 -51.1007 
vt 42.1037 -51.077 
vt 42.0936 -51.0906 
vt 42.0687 -51.1007 
vt 42.1175 -51.0613 
vt 42.0578 -51.1582 
vt 42.1175 -51.1582 
vt 42.0578 -51.0613 
vt 42.0936 -51.0668 
vt 42.1251 -51.077 
vt 42.1149 -51.0668 
vt 42.1251 -51.0583 
vt 42.0585 -51.0906 
vt 42.0411 -51.132 
vt 42.0309 -51.1219 
vt 41.9589 -51.132 
vt 42.0411 -51.1199 
vt 42.0309 -51.1097 
vt 42.0411 -51.1199 
vt 42.0687 -51.1199 
vt 42.0585 -51.1097 
vt 42.0585 -51.1097 
vt 42.0309 -51.1097 
vt 42.0411 -51.1199 
vt 42.0687 -51.1199 
vt 42.0585 -51.1097 
vt 42.0578 -51.1582 
vt 42.1175 -51.1922 
vt 42.1175 -51.1582 
vt 42.106 -51.2404 
vt 42.0708 -51.354 
vt 42.106 -51.354 
vt 42.0706 -51.2221 
vt 42.1039 -51.2468 
vt 42.1039 -51.2221 
vt 42.106 -51.2404 
vt 42.0708 -51.354 
vt 42.106 -51.354 
vt 42.0669 -51.1922 
vt 42.1083 -51.2356 
vt 42.1083 -51.1922 
vt 42.0669 -51.1922 
vt 42.1083 -51.2356 
vt 42.1083 -51.1922 
vt 42.1175 -51.0405 
vt 42.0578 -51.1582 
vt 42.1175 -51.1582 
vt 42.0578 -51.1582 
vt 42.1175 -51.1922 
vt 42.1175 -51.1582 
vt 42.0708 -51.2404 
vt 42.0706 -51.2468 
vt 42.0669 -51.2356 
vt 42.0708 -51.2404 
vt 42.0669 -51.2356 
vt 42.0578 -51.1922 
vt 42.0578 -51.0405 
vt 42.0578 -51.1922 
vt 42.1149 -51.0481 
vt 42.152 -51.0583 
vt 42.1419 -51.0481 
vt 42.1419 -50.9034 
vt 42.152 -50.8932 
vt 42.1251 -50.8932 
vt 42.1149 -50.9034 
vt 42.1251 -50.8547 
vt 42.1149 -50.8649 
vt 42.1037 -50.8547 
vt 42.0936 -50.8649 
vt 42.1037 -50.8084 
vt 42.0936 -50.7983 
vt 42.1161 -50.8084 
vt 42.1161 -50.7277 
vt 42.106 -50.7983 
vt 42.106 -50.7379 
vt 42.0054 -50.7173 
vt 41.9948 -50.7173 
vt 42.0054 -50.7334 
vt 42.1037 -50.7277 
vt 42.1037 -50.6969 
vt 42.0936 -50.705 
vt 42.0936 -50.7379 
vt 42.106 -50.7379 
vt 42.1037 -50.7277 
vt 42.1161 -50.7277 
vt 42.1037 -50.7277 
vt 42.106 -50.7379 
vt 42.0936 -50.705 
vt 42.0936 -50.7379 
vt 42.1037 -50.7277 
vt 42.0687 -50.6969 
vt 42.0687 -50.705 
vt 42.0687 -50.6969 
vt 42.0687 -50.6793 
vt 42.0585 -50.6894 
vt 42.0054 -50.7173 
vt 42.018 -50.7173 
vt 42.018 -50.7051 
vt 42.018 -50.7051 
vt 42.0307 -50.7051 
vt 42.0307 -50.6894 
vt 41.9695 -50.6894 
vt 42.0585 -50.6969 
vt 41.9948 -50.7334 
vt 42.0309 -51.1219 
vt 41.9691 -51.1219 
vt 41.9589 -51.132 
vt 41.9691 -51.1219 
vt 41.9589 -51.1199 
vt 41.9691 -51.1097 
vt 41.9415 -51.1097 
vt 41.9313 -51.1199 
vt 41.9691 -51.1097 
vt 41.9415 -51.1097 
vt 41.9589 -51.1199 
vt 41.9313 -51.1007 
vt 41.9415 -51.0906 
vt 41.9064 -51.0906 
vt 41.8963 -51.1007 
vt 41.8825 -51.0613 
vt 41.8825 -51.1582 
vt 41.9422 -51.1582 
vt 41.9422 -51.0613 
vt 41.8963 -51.077 
vt 41.9064 -51.0668 
vt 41.8749 -51.077 
vt 41.8851 -51.0668 
vt 41.9064 -51.0668 
vt 41.8851 -51.0668 
vt 41.8963 -51.077 
vt 41.9422 -51.1582 
vt 41.8825 -51.1922 
vt 41.9422 -51.1922 
vt 41.9292 -51.354 
vt 41.9292 -51.2404 
vt 41.894 -51.2404 
vt 41.9294 -51.2221 
vt 41.8961 -51.2468 
vt 41.9294 -51.2468 
vt 41.9292 -51.354 
vt 41.9292 -51.2404 
vt 41.894 -51.2404 
vt 41.9331 -51.1922 
vt 41.8917 -51.2356 
vt 41.9331 -51.2356 
vt 41.9331 -51.1922 
vt 41.8917 -51.2356 
vt 41.9331 -51.2356 
vt 41.9422 -51.1582 
vt 41.9422 -51.0405 
vt 41.8825 -51.0405 
vt 41.9422 -51.1582 
vt 41.8825 -51.1922 
vt 41.9422 -51.1922 
vt 41.8961 -51.2221 
vt 41.894 -51.354 
vt 41.8917 -51.1922 
vt 41.894 -51.354 
vt 41.8917 -51.1922 
vt 41.8825 -51.1582 
vt 41.8825 -51.1582 
vt 41.8825 -51.1582 
vt 41.8749 -51.0583 
vt 41.8963 -50.8084 
vt 41.8963 -50.8547 
vt 41.9064 -50.8649 
vt 41.894 -50.7983 
vt 41.8839 -50.7277 
vt 41.8839 -50.8084 
vt 41.894 -50.7379 
vt 41.9064 -50.705 
vt 41.9313 -50.6969 
vt 41.8963 -50.6969 
vt 41.9313 -50.6969 
vt 41.9415 -50.6969 
vt 41.9415 -50.6894 
vt 41.9313 -50.6793 
vt 41.8851 -50.8649 
vt 41.8749 -50.8547 
vt 41.8851 -51.0481 
vt 41.8581 -51.0481 
vt 41.848 -51.0583 
vt 41.8851 -51.0481 
vt 41.8581 -51.0481 
vt 41.8749 -51.0583 
vt 41.848 -50.8932 
vt 41.8581 -50.9034 
vt 41.8851 -50.9034 
vt 41.8749 -50.8932 
vt 41.8963 -50.7277 
vt 41.9064 -50.7379 
vt 41.9821 -50.7051 
vt 41.9821 -50.7173 
vt 41.9064 -50.705 
vt 41.9313 -50.705 
vt 41.9313 -50.6969 
vt 41.9695 -50.7051 
vt 42.0687 -50.6793 
vt 41.9313 -50.6793 
vt 41.9695 -50.6894 
vt 41.9064 -50.7983 
vt 41.8963 -50.8084 
vt 41.9064 -50.8649 
vt 41.8851 -50.8649 
vt 41.8963 -50.8547 
vt 41.9064 -50.7983 
vt 41.894 -50.7983 
vt 41.8963 -50.8084 

usemtl Cube1Mtl

f 224/224/224 225/225/225 226/226/226 
f 225/225/225 224/224/224 248/248/248 
f 217/217/217 218/218/218 219/219/219 
f 218/218/218 217/217/217 227/227/227 
f 220/220/220 221/221/221 222/222/222 
f 221/221/221 220/220/220 223/223/223 
f 208/208/208 209/209/209 210/210/210 
f 211/211/211 212/212/212 213/213/213 
f 211/211/211 216/216/216 212/212/212 
f 214/214/214 213/213/213 215/215/215 
f 243/243/243 214/214/214 215/215/215 
f 250/250/250 251/251/251 252/252/252 
f 195/195/195 196/196/196 197/197/197 
f 196/196/196 195/195/195 242/242/242 
f 200/200/200 201/201/201 202/202/202 
f 200/200/200 249/249/249 201/201/201 
f 132/132/132 133/133/133 134/134/134 
f 151/151/151 134/134/134 133/133/133 
f 132/132/132 134/134/134 145/145/145 
f 145/145/145 146/146/146 132/132/132 
f 145/145/145 150/150/150 146/146/146 
f 135/135/135 136/136/136 137/137/137 
f 138/138/138 135/135/135 137/137/137 
f 137/137/137 152/152/152 138/138/138 
f 136/136/136 194/194/194 137/137/137 
f 136/136/136 198/198/198 194/194/194 
f 136/136/136 199/199/199 198/198/198 
f 139/139/139 140/140/140 141/141/141 
f 142/142/142 143/143/143 144/144/144 
f 143/143/143 153/153/153 144/144/144 
f 147/147/147 148/148/148 149/149/149 
f 154/154/154 155/155/155 156/156/156 
f 157/157/157 158/158/158 159/159/159 
f 157/157/157 159/159/159 171/171/171 
f 172/172/172 173/173/173 174/174/174 
f 176/176/176 172/172/172 174/174/174 
f 177/177/177 173/173/173 172/172/172 
f 177/177/177 172/172/172 178/178/178 
f 182/182/182 178/178/178 183/183/183 
f 179/179/179 180/180/180 181/181/181 
f 184/184/184 185/185/185 186/186/186 
f 187/187/187 184/184/184 186/186/186 
f 188/188/188 189/189/189 190/190/190 
f 191/191/191 192/192/192 193/193/193 
f 230/230/230 231/231/231 232/232/232 
f 239/239/239 240/240/240 241/241/241 
f 239/239/239 241/241/241 247/247/247 
f 244/244/244 245/245/245 246/246/246 
f 203/203/203 204/204/204 205/205/205 
f 204/204/204 206/206/206 205/205/205 
f 203/203/203 205/205/205 207/207/207 
f 203/203/203 207/207/207 233/233/233 
f 234/234/234 235/235/235 207/207/207 
f 236/236/236 237/237/237 238/238/238 
f 127/127/127 128/128/128 129/129/129 
f 128/128/128 127/127/127 131/131/131 
f 168/168/168 169/169/169 170/170/170 
f 175/175/175 169/169/169 168/168/168 
f 124/124/124 125/125/125 126/126/126 
f 126/126/126 130/130/130 124/124/124 
f 164/164/164 165/165/165 166/166/166 
f 166/166/166 167/167/167 164/164/164 
f 160/160/160 161/161/161 162/162/162 
f 163/163/163 161/161/161 160/160/160 
f 25/25/25 26/26/26 27/27/27 
f 28/28/28 25/25/25 27/27/27 
f 28/28/28 27/27/27 29/29/29 
f 27/27/27 60/60/60 29/29/29 
f 29/29/29 123/123/123 28/28/28 
f 123/123/123 29/29/29 119/119/119 
f 229/229/229 123/123/123 119/119/119 
f 228/228/228 229/229/229 119/119/119 
f 81/81/81 228/228/228 119/119/119 
f 81/81/81 119/119/119 120/120/120 
f 80/80/80 81/81/81 82/82/82 
f 80/80/80 83/83/83 81/81/81 
f 84/84/84 85/85/85 86/86/86 
f 91/91/91 84/84/84 86/86/86 
f 87/87/87 88/88/88 89/89/89 
f 88/88/88 87/87/87 90/90/90 
f 19/19/19 20/20/20 21/21/21 
f 19/19/19 24/24/24 20/20/20 
f 53/53/53 54/54/54 55/55/55 
f 69/69/69 70/70/70 71/71/71 
f 70/70/70 69/69/69 72/72/72 
f 77/77/77 78/78/78 79/79/79 
f 92/92/92 93/93/93 94/94/94 
f 95/95/95 96/96/96 97/97/97 
f 96/96/96 105/105/105 97/97/97 
f 95/95/95 97/97/97 98/98/98 
f 98/98/98 97/97/97 107/107/107 
f 106/106/106 107/107/107 97/97/97 
f 99/99/99 95/95/95 98/98/98 
f 99/99/99 98/98/98 104/104/104 
f 99/99/99 104/104/104 109/109/109 
f 108/108/108 99/99/99 109/109/109 
f 109/109/109 121/121/121 108/108/108 
f 109/109/109 122/122/122 121/121/121 
f 110/110/110 111/111/111 112/112/112 
f 113/113/113 114/114/114 115/115/115 
f 116/116/116 117/117/117 118/118/118 
f 100/100/100 101/101/101 102/102/102 
f 102/102/102 103/103/103 100/100/100 
f 16/16/16 17/17/17 18/18/18 
f 16/16/16 23/23/23 17/17/17 
f 50/50/50 51/51/51 23/23/23 
f 50/50/50 52/52/52 51/51/51 
f 56/56/56 57/57/57 58/58/58 
f 57/57/57 56/56/56 59/59/59 
f 9/9/9 10/10/10 11/11/11 
f 10/10/10 9/9/9 12/12/12 
f 14/14/14 10/10/10 12/12/12 
f 12/12/12 13/13/13 14/14/14 
f 15/15/15 10/10/10 14/14/14 
f 15/15/15 22/22/22 10/10/10 
f 30/30/30 31/31/31 32/32/32 
f 32/32/32 44/44/44 30/30/30 
f 44/44/44 48/48/48 30/30/30 
f 48/48/48 44/44/44 49/49/49 
f 46/46/46 44/44/44 32/32/32 
f 46/46/46 47/47/47 44/44/44 
f 4/4/4 5/5/5 6/6/6 
f 5/5/5 4/4/4 8/8/8 
f 41/41/41 42/42/42 43/43/43 
f 42/42/42 41/41/41 45/45/45 
f 1/1/1 2/2/2 3/3/3 
f 7/7/7 2/2/2 1/1/1 
f 33/33/33 34/34/34 35/35/35 
f 35/35/35 36/36/36 33/33/33 
f 37/37/37 38/38/38 39/39/39 
f 40/40/40 38/38/38 37/37/37 
f 64/64/64 65/65/65 66/66/66 
f 65/65/65 64/64/64 67/67/67 
f 61/61/61 62/62/62 63/63/63 
f 62/62/62 61/61/61 68/68/68 
f 73/73/73 74/74/74 75/75/75 
f 74/74/74 73/73/73 76/76/76 
f 323/323/323 324/324/324 325/325/325 
f 323/323/323 411/411/411 324/324/324 
f 347/347/347 348/348/348 349/349/349 
f 350/350/350 351/351/351 352/352/352 
f 351/351/351 350/350/350 353/353/353 
f 354/354/354 355/355/355 356/356/356 
f 431/431/431 432/432/432 433/433/433 
f 431/431/431 434/434/434 432/432/432 
f 320/320/320 321/321/321 322/322/322 
f 320/320/320 326/326/326 321/321/321 
f 407/407/407 408/408/408 409/409/409 
f 407/407/407 410/410/410 408/408/408 
f 334/334/334 335/335/335 336/336/336 
f 335/335/335 334/334/334 338/338/338 
f 435/435/435 436/436/436 437/437/437 
f 435/435/435 442/442/442 436/436/436 
f 304/304/304 305/305/305 306/306/306 
f 304/304/304 318/318/318 305/305/305 
f 330/330/330 331/331/331 332/332/332 
f 333/333/333 331/331/331 330/330/330 
f 401/401/401 402/402/402 403/403/403 
f 402/402/402 401/401/401 413/413/413 
f 438/438/438 439/439/439 440/440/440 
f 438/438/438 441/441/441 439/439/439 
f 311/311/311 312/312/312 313/313/313 
f 312/312/312 311/311/311 314/314/314 
f 418/418/418 419/419/419 420/420/420 
f 419/419/419 418/418/418 421/421/421 
f 307/307/307 308/308/308 309/309/309 
f 309/309/309 310/310/310 307/307/307 
f 414/414/414 415/415/415 416/416/416 
f 415/415/415 414/414/414 417/417/417 
f 327/327/327 328/328/328 329/329/329 
f 337/337/337 327/327/327 329/329/329 
f 422/422/422 423/423/423 424/424/424 
f 423/423/423 422/422/422 443/443/443 
f 315/315/315 316/316/316 317/317/317 
f 319/319/319 315/315/315 317/317/317 
f 404/404/404 405/405/405 406/406/406 
f 405/405/405 404/404/404 412/412/412 
f 339/339/339 340/340/340 341/341/341 
f 342/342/342 343/343/343 344/344/344 
f 344/344/344 425/425/425 342/342/342 
f 345/345/345 346/346/346 343/343/343 
f 426/426/426 427/427/427 344/344/344 
f 428/428/428 429/429/429 430/430/430 
f 273/273/273 274/274/274 275/275/275 
f 274/274/274 273/273/273 303/303/303 
f 367/367/367 368/368/368 369/369/369 
f 369/369/369 400/400/400 367/367/367 
f 260/260/260 261/261/261 262/262/262 
f 262/262/262 263/263/263 260/260/260 
f 269/269/269 270/270/270 271/271/271 
f 270/270/270 269/269/269 272/272/272 
f 363/363/363 364/364/364 365/365/365 
f 364/364/364 363/363/363 366/366/366 
f 376/376/376 377/377/377 378/378/378 
f 377/377/377 376/376/376 379/379/379 
f 295/295/295 296/296/296 297/297/297 
f 298/298/298 299/299/299 300/300/300 
f 301/301/301 300/300/300 302/302/302 
f 300/300/300 301/301/301 387/387/387 
f 301/301/301 388/388/388 387/387/387 
f 388/388/388 389/389/389 387/387/387 
f 292/292/292 293/293/293 294/294/294 
f 292/292/292 386/386/386 293/293/293 
f 256/256/256 257/257/257 258/258/258 
f 258/258/258 259/259/259 256/256/256 
f 276/276/276 277/277/277 278/278/278 
f 277/277/277 276/276/276 289/289/289 
f 372/372/372 373/373/373 374/374/374 
f 373/373/373 372/372/372 375/375/375 
f 380/380/380 381/381/381 382/382/382 
f 398/398/398 381/381/381 380/380/380 
f 286/286/286 287/287/287 288/288/288 
f 291/291/291 287/287/287 286/286/286 
f 383/383/383 384/384/384 385/385/385 
f 399/399/399 384/384/384 383/383/383 
f 253/253/253 254/254/254 255/255/255 
f 268/268/268 254/254/254 253/253/253 
f 357/357/357 358/358/358 359/359/359 
f 371/371/371 358/358/358 357/357/357 
f 283/283/283 284/284/284 285/285/285 
f 284/284/284 283/283/283 290/290/290 
f 390/390/390 391/391/391 392/392/392 
f 397/397/397 392/392/392 391/391/391 
f 264/264/264 265/265/265 266/266/266 
f 265/265/265 264/264/264 267/267/267 
f 279/279/279 280/280/280 281/281/281 
f 280/280/280 279/279/279 282/282/282 
f 360/360/360 361/361/361 362/362/362 
f 370/370/370 361/361/361 360/360/360 
f 393/393/393 394/394/394 395/395/395 
f 394/394/394 393/393/393 396/396/396 
f 509/509/509 510/510/510 511/511/511 
f 639/639/639 509/509/509 511/511/511 
f 500/500/500 501/501/501 502/502/502 
f 558/558/558 502/502/502 501/501/501 
f 504/504/504 505/505/505 502/502/502 
f 545/545/545 505/505/505 504/504/504 
f 545/545/545 504/504/504 546/546/546 
f 596/596/596 638/638/638 545/545/545 
f 596/596/596 593/593/593 638/638/638 
f 558/558/558 593/593/593 594/594/594 
f 596/596/596 594/594/594 593/593/593 
f 506/506/506 507/507/507 508/508/508 
f 507/507/507 506/506/506 595/595/595 
f 547/547/547 548/548/548 549/549/549 
f 494/494/494 495/495/495 496/496/496 
f 497/497/497 498/498/498 499/499/499 
f 497/497/497 503/503/503 498/498/498 
f 589/589/589 590/590/590 497/497/497 
f 589/589/589 591/591/591 590/590/590 
f 591/591/591 592/592/592 590/590/590 
f 487/487/487 488/488/488 489/489/489 
f 489/489/489 488/488/488 490/490/490 
f 609/609/609 610/610/610 611/611/611 
f 611/611/611 612/612/612 609/609/609 
f 484/484/484 485/485/485 486/486/486 
f 486/486/486 538/538/538 484/484/484 
f 491/491/491 492/492/492 493/493/493 
f 588/588/588 493/493/493 492/492/492 
f 606/606/606 607/607/607 608/608/608 
f 608/608/608 613/613/613 606/606/606 
f 480/480/480 481/481/481 482/482/482 
f 481/481/481 480/480/480 483/483/483 
f 597/597/597 598/598/598 599/599/599 
f 597/597/597 599/599/599 605/605/605 
f 476/476/476 477/477/477 478/478/478 
f 477/477/477 476/476/476 479/479/479 
f 601/601/601 602/602/602 603/603/603 
f 604/604/604 602/602/602 601/601/601 
f 472/472/472 473/473/473 474/474/474 
f 475/475/475 473/473/473 472/472/472 
f 585/585/585 586/586/586 587/587/587 
f 587/587/587 600/600/600 585/585/585 
f 550/550/550 551/551/551 552/552/552 
f 552/552/552 557/557/557 550/550/550 
f 640/640/640 641/641/641 642/642/642 
f 641/641/641 640/640/640 648/648/648 
f 465/465/465 466/466/466 467/467/467 
f 571/571/571 467/467/467 466/466/466 
f 469/469/469 470/470/470 467/467/467 
f 470/470/470 469/469/469 471/471/471 
f 572/572/572 574/574/574 571/571/571 
f 572/572/572 571/571/571 573/573/573 
f 534/534/534 535/535/535 536/536/536 
f 534/534/534 537/537/537 535/535/535 
f 651/651/651 652/652/652 653/653/653 
f 651/651/651 654/654/654 652/652/652 
f 542/542/542 543/543/543 544/544/544 
f 556/556/556 542/542/542 544/544/544 
f 644/644/644 645/645/645 646/646/646 
f 645/645/645 644/644/644 647/647/647 
f 553/553/553 554/554/554 555/555/555 
f 554/554/554 553/553/553 643/643/643 
f 453/453/453 454/454/454 455/455/455 
f 454/454/454 453/453/453 456/456/456 
f 456/456/456 457/457/457 454/454/454 
f 457/457/457 458/458/458 454/454/454 
f 516/516/516 517/517/517 518/518/518 
f 524/524/524 516/516/516 518/518/518 
f 524/524/524 525/525/525 516/516/516 
f 516/516/516 525/525/525 526/526/526 
f 527/527/527 525/525/525 528/528/528 
f 528/528/528 539/539/539 527/527/527 
f 539/539/539 532/532/532 527/527/527 
f 539/539/539 541/541/541 532/532/532 
f 532/532/532 533/533/533 527/527/527 
f 540/540/540 533/533/533 532/532/532 
f 579/579/579 580/580/580 581/581/581 
f 579/579/579 582/582/582 580/580/580 
f 579/579/579 584/584/584 582/582/582 
f 579/579/579 583/583/583 584/584/584 
f 614/614/614 615/615/615 616/616/616 
f 615/615/615 631/631/631 616/616/616 
f 616/616/616 617/617/617 614/614/614 
f 617/617/617 616/616/616 618/618/618 
f 619/619/619 620/620/620 621/621/621 
f 635/635/635 636/636/636 637/637/637 
f 655/655/655 635/635/635 637/637/637 
f 655/655/655 656/656/656 635/635/635 
f 637/637/637 649/649/649 655/655/655 
f 649/649/649 637/637/637 650/650/650 
f 450/450/450 451/451/451 452/452/452 
f 450/450/450 452/452/452 468/468/468 
f 568/568/568 569/569/569 570/570/570 
f 578/578/578 568/568/568 570/570/570 
f 447/447/447 448/448/448 449/449/449 
f 448/448/448 447/447/447 464/464/464 
f 565/565/565 566/566/566 567/567/567 
f 565/565/565 567/567/567 577/577/577 
f 444/444/444 445/445/445 446/446/446 
f 445/445/445 444/444/444 463/463/463 
f 562/562/562 563/563/563 564/564/564 
f 564/564/564 563/563/563 576/576/576 
f 459/459/459 460/460/460 461/461/461 
f 461/461/461 460/460/460 462/462/462 
f 559/559/559 560/560/560 561/561/561 
f 561/561/561 575/575/575 559/559/559 
f 512/512/512 513/513/513 514/514/514 
f 512/512/512 514/514/514 515/515/515 
f 514/514/514 513/513/513 530/530/530 
f 513/513/513 529/529/529 530/530/530 
f 530/530/530 531/531/531 514/514/514 
f 514/514/514 519/519/519 515/515/515 
f 523/523/523 515/515/515 519/519/519 
f 519/519/519 522/522/522 523/523/523 
f 520/520/520 519/519/519 514/514/514 
f 519/519/519 520/520/520 521/521/521 
f 622/622/622 623/623/623 624/624/624 
f 622/622/622 626/626/626 623/623/623 
f 625/625/625 623/623/623 626/626/626 
f 626/626/626 622/622/622 629/629/629 
f 630/630/630 626/626/626 629/629/629 
f 627/627/627 626/626/626 630/630/630 
f 626/626/626 627/627/627 628/628/628 
f 628/628/628 627/627/627 632/632/632 
f 633/633/633 627/627/627 630/630/630 
f 627/627/627 633/633/633 634/634/634 
f 746/746/746 747/747/747 748/748/748 
f 747/747/747 746/746/746 757/757/757 
f 723/723/723 724/724/724 725/725/725 
f 725/725/725 726/726/726 723/723/723 
f 727/727/727 728/728/728 729/729/729 
f 729/729/729 756/756/756 727/727/727 
f 714/714/714 715/715/715 716/716/716 
f 714/714/714 721/721/721 715/715/715 
f 721/721/721 749/749/749 715/715/715 
f 715/715/715 717/717/717 716/716/716 
f 717/717/717 722/722/722 716/716/716 
f 717/717/717 755/755/755 722/722/722 
f 718/718/718 719/719/719 720/720/720 
f 719/719/719 718/718/718 750/750/750 
f 730/730/730 731/731/731 732/732/732 
f 730/730/730 732/732/732 758/758/758 
f 657/657/657 658/658/658 659/659/659 
f 663/663/663 657/657/657 659/659/659 
f 663/663/663 659/659/659 664/664/664 
f 663/663/663 664/664/664 666/666/666 
f 665/665/665 663/663/663 666/666/666 
f 682/682/682 665/665/665 666/666/666 
f 666/666/666 681/681/681 682/682/682 
f 681/681/681 683/683/683 682/682/682 
f 683/683/683 713/713/713 682/682/682 
f 683/683/683 733/733/733 713/713/713 
f 733/733/733 734/734/734 713/713/713 
f 733/733/733 670/670/670 734/734/734 
f 670/670/670 671/671/671 658/658/658 
f 670/670/670 658/658/658 672/672/672 
f 660/660/660 661/661/661 662/662/662 
f 667/667/667 668/668/668 669/669/669 
f 684/684/684 685/685/685 686/686/686 
f 684/684/684 686/686/686 687/687/687 
f 696/696/696 684/684/684 687/687/687 
f 712/712/712 685/685/685 754/754/754 
f 712/712/712 754/754/754 759/759/759 
f 712/712/712 759/759/759 698/698/698 
f 698/698/698 699/699/699 712/712/712 
f 698/698/698 692/692/692 699/699/699 
f 698/698/698 697/697/697 692/692/692 
f 692/692/692 697/697/697 691/691/691 
f 690/690/690 692/692/692 691/691/691 
f 690/690/690 691/691/691 688/688/688 
f 689/689/689 690/690/690 688/688/688 
f 688/688/688 687/687/687 689/689/689 
f 693/693/693 694/694/694 695/695/695 
f 751/751/751 752/752/752 753/753/753 
f 738/738/738 739/739/739 740/740/740 
f 741/741/741 742/742/742 743/743/743 
f 743/743/743 744/744/744 745/745/745 
f 745/745/745 763/763/763 743/743/743 
f 745/745/745 764/764/764 763/763/763 
f 764/764/764 765/765/765 763/763/763 
f 673/673/673 674/674/674 675/675/675 
f 674/674/674 673/673/673 680/680/680 
f 708/708/708 709/709/709 710/710/710 
f 709/709/709 708/708/708 711/711/711 
f 676/676/676 677/677/677 678/678/678 
f 678/678/678 677/677/677 679/679/679 
f 703/703/703 704/704/704 705/705/705 
f 705/705/705 704/704/704 706/706/706 
f 700/700/700 701/701/701 702/702/702 
f 701/701/701 700/700/700 707/707/707 
f 735/735/735 736/736/736 737/737/737 
f 736/736/736 760/760/760 737/737/737 
f 761/761/761 737/737/737 760/760/760 
f 761/761/761 762/762/762 737/737/737 
f 766/766/766 761/761/761 760/760/760 
f 761/761/761 766/766/766 832/832/832 
f 766/766/766 872/872/872 832/832/832 
f 872/872/872 871/871/871 832/832/832 
f 871/871/871 839/839/839 832/832/832 
f 870/870/870 832/832/832 839/839/839 
f 836/836/836 838/838/838 839/839/839 
f 836/836/836 837/837/837 838/838/838 
f 833/833/833 834/834/834 835/835/835 
f 835/835/835 847/847/847 833/833/833 
f 840/840/840 841/841/841 842/842/842 
f 841/841/841 840/840/840 843/843/843 
f 778/778/778 779/779/779 780/780/780 
f 778/778/778 780/780/780 781/781/781 
f 804/804/804 805/805/805 806/806/806 
f 811/811/811 804/804/804 806/806/806 
f 811/811/811 887/887/887 884/884/884 
f 883/883/883 811/811/811 884/884/884 
f 889/889/889 883/883/883 884/884/884 
f 889/889/889 884/884/884 888/888/888 
f 888/888/888 879/879/879 889/889/889 
f 880/880/880 879/879/879 881/881/881 
f 879/879/879 880/880/880 867/867/867 
f 867/867/867 868/868/868 869/869/869 
f 812/812/812 813/813/813 814/814/814 
f 813/813/813 812/812/812 885/885/885 
f 844/844/844 845/845/845 846/846/846 
f 848/848/848 844/844/844 846/846/846 
f 849/849/849 850/850/850 851/851/851 
f 864/864/864 865/865/865 866/866/866 
f 873/873/873 874/874/874 875/875/875 
f 874/874/874 882/882/882 875/875/875 
f 876/876/876 877/877/877 878/878/878 
f 815/815/815 816/816/816 817/817/817 
f 816/816/816 815/815/815 886/886/886 
f 774/774/774 775/775/775 776/776/776 
f 777/777/777 776/776/776 775/775/775 
f 782/782/782 777/777/777 802/802/802 
f 782/782/782 783/783/783 777/777/777 
f 807/807/807 808/808/808 809/809/809 
f 810/810/810 807/807/807 809/809/809 
f 767/767/767 768/768/768 769/769/769 
f 770/770/770 767/767/767 769/769/769 
f 767/767/767 770/770/770 796/796/796 
f 770/770/770 797/797/797 796/796/796 
f 771/771/771 772/772/772 773/773/773 
f 772/772/772 771/771/771 784/784/784 
f 798/798/798 799/799/799 800/800/800 
f 803/803/803 798/798/798 800/800/800 
f 798/798/798 803/803/803 830/830/830 
f 803/803/803 831/831/831 830/830/830 
f 818/818/818 819/819/819 820/820/820 
f 819/819/819 818/818/818 829/829/829 
f 789/789/789 790/790/790 791/791/791 
f 795/795/795 790/790/790 789/789/789 
f 825/825/825 826/826/826 827/827/827 
f 826/826/826 825/825/825 828/828/828 
f 792/792/792 793/793/793 794/794/794 
f 793/793/793 792/792/792 801/801/801 
f 785/785/785 786/786/786 787/787/787 
f 787/787/787 788/788/788 785/785/785 
f 821/821/821 822/822/822 823/823/823 
f 823/823/823 824/824/824 821/821/821 
f 852/852/852 853/853/853 854/854/854 
f 853/853/853 852/852/852 855/855/855 
f 856/856/856 857/857/857 858/858/858 
f 857/857/857 856/856/856 859/859/859 
f 860/860/860 861/861/861 862/862/862 
f 861/861/861 860/860/860 863/863/863 
f 907/907/907 908/908/908 909/909/909 
f 908/908/908 913/913/913 909/909/909 
f 927/927/927 928/928/928 929/929/929 
f 928/928/928 944/944/944 929/929/929 
f 1012/1012/1012 1013/1013/1013 1014/1014/1014 
f 1012/1012/1012 1024/1024/1024 1013/1013/1013 
f 1043/1043/1043 1044/1044/1044 1045/1045/1045 
f 1043/1043/1043 1052/1052/1052 1044/1044/1044 
f 940/940/940 941/941/941 942/942/942 
f 940/940/940 943/943/943 941/941/941 
f 1037/1037/1037 1038/1038/1038 1039/1039/1039 
f 1038/1038/1038 1037/1037/1037 1051/1051/1051 
f 890/890/890 891/891/891 892/892/892 
f 893/893/893 894/894/894 895/895/895 
f 895/895/895 899/899/899 900/900/900 
f 915/915/915 899/899/899 916/916/916 
f 896/896/896 897/897/897 898/898/898 
f 896/896/896 898/898/898 914/914/914 
f 910/910/910 911/911/911 912/912/912 
f 917/917/917 918/918/918 919/919/919 
f 921/921/921 922/922/922 923/923/923 
f 921/921/921 923/923/923 936/936/936 
f 924/924/924 925/925/925 926/926/926 
f 930/930/930 931/931/931 932/932/932 
f 933/933/933 934/934/934 935/935/935 
f 945/945/945 946/946/946 947/947/947 
f 948/948/948 947/947/947 946/946/946 
f 948/948/948 949/949/949 947/947/947 
f 1009/1009/1009 1010/1010/1010 1011/1011/1011 
f 1015/1015/1015 1016/1016/1016 1017/1017/1017 
f 1018/1018/1018 1016/1016/1016 1015/1015/1015 
f 1016/1016/1016 1018/1018/1018 1028/1028/1028 
f 1028/1028/1028 1018/1018/1018 1029/1029/1029 
f 1017/1017/1017 1029/1029/1029 1020/1020/1020 
f 1019/1019/1019 1017/1017/1017 1020/1020/1020 
f 1025/1025/1025 1026/1026/1026 1027/1027/1027 
f 1034/1034/1034 1035/1035/1035 1036/1036/1036 
f 1035/1035/1035 1034/1034/1034 1061/1061/1061 
f 1040/1040/1040 1041/1041/1041 1042/1042/1042 
f 1040/1040/1040 1042/1042/1042 1046/1046/1046 
f 1047/1047/1047 1040/1040/1040 1046/1046/1046 
f 1047/1047/1047 1059/1059/1059 1060/1060/1060 
f 1053/1053/1053 1054/1054/1054 1055/1055/1055 
f 1056/1056/1056 1057/1057/1057 1058/1058/1058 
f 901/901/901 902/902/902 903/903/903 
f 901/901/901 951/951/951 902/902/902 
f 904/904/904 905/905/905 906/906/906 
f 905/905/905 904/904/904 920/920/920 
f 937/937/937 938/938/938 939/939/939 
f 938/938/938 937/937/937 950/950/950 
f 969/969/969 970/970/970 971/971/971 
f 970/970/970 969/969/969 972/972/972 
f 1021/1021/1021 1022/1022/1022 1023/1023/1023 
f 1033/1033/1033 1023/1023/1023 1022/1022/1022 
f 1030/1030/1030 1031/1031/1031 1032/1032/1032 
f 1063/1063/1063 1032/1032/1032 1031/1031/1031 
f 1048/1048/1048 1049/1049/1049 1050/1050/1050 
f 1049/1049/1049 1048/1048/1048 1062/1062/1062 
f 1064/1064/1064 1065/1065/1065 1066/1066/1066 
f 1067/1067/1067 1066/1066/1066 1065/1065/1065 
f 973/973/973 974/974/974 975/975/975 
f 975/975/975 1008/1008/1008 973/973/973 
f 976/976/976 977/977/977 978/978/978 
f 978/978/978 993/993/993 976/976/976 
f 993/993/993 994/994/994 995/995/995 
f 994/994/994 993/993/993 1069/1069/1069 
f 1068/1068/1068 1069/1069/1069 1070/1070/1070 
f 1069/1069/1069 1068/1068/1068 1104/1104/1104 
f 979/979/979 980/980/980 981/981/981 
f 986/986/986 979/979/979 981/981/981 
f 985/985/985 986/986/986 981/981/981 
f 984/984/984 985/985/985 981/981/981 
f 987/987/987 985/985/985 988/988/988 
f 1096/1096/1096 987/987/987 1094/1094/1094 
f 1105/1105/1105 1096/1096/1096 1094/1094/1094 
f 1094/1094/1094 1095/1095/1095 1071/1071/1071 
f 1106/1106/1106 1105/1105/1105 1071/1071/1071 
f 1071/1071/1071 1072/1072/1072 1073/1073/1073 
f 996/996/996 997/997/997 998/998/998 
f 998/998/998 999/999/999 1000/1000/1000 
f 1102/1102/1102 1103/1103/1103 999/999/999 
f 1107/1107/1107 1108/1108/1108 1109/1109/1109 
f 952/952/952 953/953/953 954/954/954 
f 954/954/954 982/982/982 952/952/952 
f 1074/1074/1074 1075/1075/1075 1076/1076/1076 
f 1075/1075/1075 1074/1074/1074 1080/1080/1080 
f 1001/1001/1001 1002/1002/1002 1003/1003/1003 
f 1001/1001/1001 1097/1097/1097 1002/1002/1002 
f 955/955/955 956/956/956 957/957/957 
f 957/957/957 983/983/983 955/955/955 
f 1081/1081/1081 1082/1082/1082 1083/1083/1083 
f 1082/1082/1082 1081/1081/1081 1087/1087/1087 
f 990/990/990 991/991/991 992/992/992 
f 990/990/990 1004/1004/1004 991/991/991 
f 1098/1098/1098 1099/1099/1099 1100/1100/1100 
f 1099/1099/1099 1098/1098/1098 1110/1110/1110 
f 1005/1005/1005 1006/1006/1006 1007/1007/1007 
f 1005/1005/1005 1101/1101/1101 1006/1006/1006 
f 958/958/958 959/959/959 960/960/960 
f 959/959/959 958/958/958 961/961/961 
f 1084/1084/1084 1085/1085/1085 1086/1086/1086 
f 1088/1088/1088 1085/1085/1085 1084/1084/1084 
f 962/962/962 963/963/963 964/964/964 
f 963/963/963 962/962/962 965/965/965 
f 1089/1089/1089 1090/1090/1090 1091/1091/1091 
f 1090/1090/1090 1089/1089/1089 1092/1092/1092 
f 966/966/966 967/967/967 968/968/968 
f 967/967/967 966/966/966 989/989/989 
f 1077/1077/1077 1078/1078/1078 1079/1079/1079 
f 1079/1079/1079 1093/1093/1093 1077/1077/1077 
f 1111/1111/1111 1112/1112/1112 1113/1113/1113 
f 1114/1114/1114 1111/1111/1111 1113/1113/1113 
f 1112/1112/1112 1119/1119/1119 1113/1113/1113 
f 1114/1114/1114 1113/1113/1113 1123/1123/1123 
f 1114/1114/1114 1123/1123/1123 1136/1136/1136 
f 1135/1135/1135 1114/1114/1114 1136/1136/1136 
f 1112/1112/1112 1121/1121/1121 1119/1119/1119 
f 1112/1112/1112 1120/1120/1120 1121/1121/1121 
f 1120/1120/1120 1122/1122/1122 1121/1121/1121 
f 1122/1122/1122 1169/1169/1169 1121/1121/1121 
f 1122/1122/1122 1171/1171/1171 1169/1169/1169 
f 1122/1122/1122 1170/1170/1170 1171/1171/1171 
f 1170/1170/1170 1172/1172/1172 1171/1171/1171 
f 1170/1170/1170 1173/1173/1173 1172/1172/1172 
f 1173/1173/1173 1174/1174/1174 1172/1172/1172 
f 1174/1174/1174 1175/1175/1175 1172/1172/1172 
f 1174/1174/1174 1177/1177/1177 1175/1175/1175 
f 1174/1174/1174 1176/1176/1176 1177/1177/1177 
f 1176/1176/1176 1178/1178/1178 1177/1177/1177 
f 1178/1178/1178 1179/1179/1179 1177/1177/1177 
f 1178/1178/1178 1180/1180/1180 1179/1179/1179 
f 1180/1180/1180 1181/1181/1181 1179/1179/1179 
f 1180/1180/1180 1184/1184/1184 1181/1181/1181 
f 1180/1180/1180 1182/1182/1182 1184/1184/1184 
f 1182/1182/1182 1183/1183/1183 1184/1184/1184 
f 1183/1183/1183 1185/1185/1185 1184/1184/1184 
f 1124/1124/1124 1125/1125/1125 1126/1126/1126 
f 1124/1124/1124 1127/1127/1127 1125/1125/1125 
f 1128/1128/1128 1125/1125/1125 1127/1127/1127 
f 1218/1218/1218 1219/1219/1219 1126/1126/1126 
f 1218/1218/1218 1220/1220/1220 1219/1219/1219 
f 1221/1221/1221 1222/1222/1222 1219/1219/1219 
f 1221/1221/1221 1226/1226/1226 1222/1222/1222 
f 1221/1221/1221 1227/1227/1227 1226/1226/1226 
f 1227/1227/1227 1228/1228/1228 1226/1226/1226 
f 1228/1228/1228 1229/1229/1229 1226/1226/1226 
f 1228/1228/1228 1234/1234/1234 1229/1229/1229 
f 1228/1228/1228 1235/1235/1235 1234/1234/1234 
f 1236/1236/1236 1234/1234/1234 1237/1237/1237 
f 1273/1273/1273 1236/1236/1236 1237/1237/1237 
f 1237/1237/1237 1290/1290/1290 1273/1273/1273 
f 1291/1291/1291 1292/1292/1292 1273/1273/1273 
f 1291/1291/1291 1296/1296/1296 1292/1292/1292 
f 1291/1291/1291 1297/1297/1297 1296/1296/1296 
f 1297/1297/1297 1299/1299/1299 1296/1296/1296 
f 1297/1297/1297 1298/1298/1298 1299/1299/1299 
f 1298/1298/1298 1288/1288/1288 1299/1299/1299 
f 1288/1288/1288 1289/1289/1289 1299/1299/1299 
f 1288/1288/1288 1275/1275/1275 1289/1289/1289 
f 1274/1274/1274 1275/1275/1275 1276/1276/1276 
f 1277/1277/1277 1279/1279/1279 1274/1274/1274 
f 1277/1277/1277 1278/1278/1278 1279/1279/1279 
f 1277/1277/1277 1280/1280/1280 1278/1278/1278 
f 1280/1280/1280 1300/1300/1300 1278/1278/1278 
f 1280/1280/1280 1301/1301/1301 1300/1300/1300 
f 1301/1301/1301 1281/1281/1281 1300/1300/1300 
f 1281/1281/1281 1283/1283/1283 1300/1300/1300 
f 1281/1281/1281 1282/1282/1282 1283/1283/1283 
f 1129/1129/1129 1130/1130/1130 1131/1131/1131 
f 1132/1132/1132 1133/1133/1133 1134/1134/1134 
f 1186/1186/1186 1187/1187/1187 1188/1188/1188 
f 1187/1187/1187 1214/1214/1214 1188/1188/1188 
f 1186/1186/1186 1209/1209/1209 1187/1187/1187 
f 1187/1187/1187 1209/1209/1209 1302/1302/1302 
f 1302/1302/1302 1303/1303/1303 1187/1187/1187 
f 1209/1209/1209 1212/1212/1212 1302/1302/1302 
f 1212/1212/1212 1307/1307/1307 1302/1302/1302 
f 1211/1211/1211 1212/1212/1212 1209/1209/1209 
f 1209/1209/1209 1210/1210/1210 1211/1211/1211 
f 1211/1211/1211 1204/1204/1204 1212/1212/1212 
f 1211/1211/1211 1205/1205/1205 1204/1204/1204 
f 1203/1203/1203 1204/1204/1204 1205/1205/1205 
f 1213/1213/1213 1203/1203/1203 1205/1205/1205 
f 1287/1287/1287 1286/1286/1286 1212/1212/1212 
f 1287/1287/1287 1284/1284/1284 1286/1286/1286 
f 1284/1284/1284 1285/1285/1285 1286/1286/1286 
f 1189/1189/1189 1190/1190/1190 1191/1191/1191 
f 1190/1190/1190 1201/1201/1201 1191/1191/1191 
f 1201/1201/1201 1202/1202/1202 1191/1191/1191 
f 1192/1192/1192 1193/1193/1193 1194/1194/1194 
f 1195/1195/1195 1196/1196/1196 1197/1197/1197 
f 1198/1198/1198 1199/1199/1199 1200/1200/1200 
f 1206/1206/1206 1207/1207/1207 1208/1208/1208 
f 1215/1215/1215 1216/1216/1216 1217/1217/1217 
f 1223/1223/1223 1224/1224/1224 1225/1225/1225 
f 1238/1238/1238 1239/1239/1239 1240/1240/1240 
f 1293/1293/1293 1294/1294/1294 1295/1295/1295 
f 1304/1304/1304 1305/1305/1305 1306/1306/1306 
f 1308/1308/1308 1309/1309/1309 1310/1310/1310 
f 1311/1311/1311 1312/1312/1312 1313/1313/1313 
f 1314/1314/1314 1313/1313/1313 1315/1315/1315 
f 1316/1316/1316 1317/1317/1317 1318/1318/1318 
f 1115/1115/1115 1116/1116/1116 1117/1117/1117 
f 1115/1115/1115 1118/1118/1118 1116/1116/1116 
f 1230/1230/1230 1231/1231/1231 1232/1232/1232 
f 1233/1233/1233 1230/1230/1230 1232/1232/1232 
f 1137/1137/1137 1138/1138/1138 1139/1139/1139 
f 1138/1138/1138 1137/1137/1137 1166/1166/1166 
f 1241/1241/1241 1242/1242/1242 1243/1243/1243 
f 1241/1241/1241 1270/1270/1270 1242/1242/1242 
f 1152/1152/1152 1153/1153/1153 1154/1154/1154 
f 1153/1153/1153 1152/1152/1152 1165/1165/1165 
f 1256/1256/1256 1257/1257/1257 1258/1258/1258 
f 1269/1269/1269 1257/1257/1257 1256/1256/1256 
f 1140/1140/1140 1141/1141/1141 1142/1142/1142 
f 1161/1161/1161 1141/1141/1141 1140/1140/1140 
f 1244/1244/1244 1245/1245/1245 1246/1246/1246 
f 1246/1246/1246 1266/1266/1266 1244/1244/1244 
f 1155/1155/1155 1156/1156/1156 1157/1157/1157 
f 1167/1167/1167 1156/1156/1156 1155/1155/1155 
f 1259/1259/1259 1260/1260/1260 1261/1261/1261 
f 1261/1261/1261 1271/1271/1271 1259/1259/1259 
f 1158/1158/1158 1159/1159/1159 1160/1160/1160 
f 1159/1159/1159 1158/1158/1158 1168/1168/1168 
f 1262/1262/1262 1263/1263/1263 1264/1264/1264 
f 1262/1262/1262 1272/1272/1272 1263/1263/1263 
f 1143/1143/1143 1144/1144/1144 1145/1145/1145 
f 1144/1144/1144 1143/1143/1143 1162/1162/1162 
f 1247/1247/1247 1248/1248/1248 1249/1249/1249 
f 1247/1247/1247 1265/1265/1265 1248/1248/1248 
f 1149/1149/1149 1150/1150/1150 1151/1151/1151 
f 1150/1150/1150 1149/1149/1149 1163/1163/1163 
f 1253/1253/1253 1254/1254/1254 1255/1255/1255 
f 1267/1267/1267 1254/1254/1254 1253/1253/1253 
f 1146/1146/1146 1147/1147/1147 1148/1148/1148 
f 1164/1164/1164 1147/1147/1147 1146/1146/1146 
f 1250/1250/1250 1251/1251/1251 1252/1252/1252 
f 1252/1252/1252 1268/1268/1268 1250/1250/1250 

g Sphere1

v -0.319672 3.61557 -2.24258 
v -0.179791 3.61557 -2.24258 
v -0.319672 3.47569 -2.24258 
v -0.459552 3.61557 -2.24258 
v -0.319672 3.75545 -2.24258 
v -0.319672 3.75545 -2.38246 
v -0.179791 3.75545 -2.38246 
v -0.319672 3.75545 -2.24258 
v -0.319672 3.89533 -2.24258 
v -0.319672 3.75545 -2.38246 
v -0.319672 3.75545 -2.24258 
v -0.179791 3.47569 -2.24258 
v -0.179791 3.75545 -2.24258 
v -0.179791 3.75545 -2.24258 
v -0.459552 4.03521 -2.24258 
v -0.319672 3.47569 -2.1027 
v -0.319672 3.61557 -2.24258 
v -0.319672 3.47569 -2.24258 
v -0.459552 3.61557 -2.24258 
v -0.319672 3.61557 -2.24258 
v -0.459552 3.61557 -2.1027 
v -0.319672 3.61557 -2.1027 
v -0.459552 4.03521 -2.1027 
v -0.459552 3.61557 -2.24258 
v -0.459552 3.61557 -2.1027 
v -0.319672 3.61557 -2.1027 
v -0.319672 3.47569 -2.1027 
v -0.179791 3.47569 -2.1027 
v -0.179791 3.33581 -2.1027 
v -0.319672 3.47569 -2.24258 
v -0.179791 3.47569 -2.24258 
v -0.319672 3.47569 -2.1027 
v -0.179791 3.47569 -2.1027 
v -0.319672 3.89533 -2.38246 
v -0.179791 3.75545 -2.38246 
v -0.319672 3.75545 -2.38246 
v -0.319672 3.89533 -2.38246 
v -0.319672 3.89533 -2.24258 
v -0.319672 3.89533 -2.24258 
v -0.179791 3.89533 -2.24258 
v -0.319672 3.89533 -2.38246 
v -0.319672 4.03521 -2.24258 
v -0.179791 3.89533 -2.24258 
v -0.179791 3.89533 -2.38246 
v -0.179791 4.17509 -2.24258 
v -0.179791 4.03521 -2.24258 
v -0.319672 4.17509 -2.24258 
v -0.459552 4.03521 -2.24258 
v -0.459552 4.03521 -2.1027 
v -0.319672 4.03521 -2.1027 
v -0.459552 4.03521 -2.24258 
v -0.319672 4.03521 -2.24258 
v -0.319672 4.17509 -2.1027 
v -0.319672 4.03521 -2.1027 
v -0.459552 4.03521 -2.1027 
v -0.319672 4.03521 -2.1027 
v -0.319672 4.17509 -2.24258 
v -0.319672 4.03521 -2.24258 
v -0.319672 4.17509 -2.1027 
v -0.319672 4.17509 -2.1027 
v -0.179791 4.17509 -2.1027 
v -0.319672 4.17509 -2.24258 
v -0.179791 4.17509 -2.24258 
v -0.179791 3.89533 -2.38246 
v -0.0399111 3.61557 -2.38246 
v -0.179791 3.61557 -2.38246 
v -0.179791 3.61557 -2.38246 
v -0.0399111 3.61557 -2.38246 
v -0.179791 3.61557 -2.24258 
v -0.179791 3.75545 -2.24258 
v -0.179791 3.75545 -2.38246 
v -0.179791 3.61557 -2.38246 
v -0.0399111 3.47569 -2.24258 
v -0.0399111 3.61557 -2.38246 
v -0.0399111 3.47569 -2.38246 
v -0.0399111 3.47569 -2.38246 
v 0.0999692 3.47569 -2.38246 
v -0.0399111 3.47569 -2.24258 
v -0.0399111 3.61557 -2.24258 
v 0.0999692 3.61557 -2.38246 
v -0.0399111 3.47569 -2.38246 
v -0.0399111 3.61557 -2.24258 
v -0.179791 3.33581 -2.1027 
v -0.179791 3.47569 -2.24258 
v -0.179791 3.33581 -2.24258 
v -0.179791 3.47569 -2.1027 
v -0.0399111 3.47569 -2.24258 
v -0.179791 3.33581 -2.24258 
v -0.179791 3.61557 -2.24258 
v -0.179791 3.33581 -2.24258 
v 0.23985 3.33581 -2.24258 
v -0.179791 3.33581 -2.1027 
v 0.0999692 3.47569 -2.24258 
v -0.0399111 3.61557 -2.24258 
v 0.0999692 4.03521 -2.38246 
v -0.179791 3.89533 -2.24258 
v -0.179791 4.03521 -2.38246 
v -0.179791 3.89533 -2.38246 
v -0.179791 4.03521 -2.24258 
v -0.179791 4.03521 -2.38246 
v -0.0399111 4.03521 -2.38246 
v -0.179791 4.03521 -2.24258 
v -0.0399111 4.03521 -2.24258 
v -0.179791 4.03521 -2.38246 
v -0.0399111 4.03521 -2.38246 
v -0.0399111 4.03521 -2.24258 
v -0.0399111 4.17509 -2.38246 
v -0.0399111 4.03521 -2.38246 
v 0.0999692 4.17509 -2.38246 
v -0.0399111 4.17509 -2.38246 
v -0.0399111 4.17509 -2.24258 
v -0.0399111 4.17509 -2.24258 
v -0.179791 4.17509 -2.1027 
v -0.179791 4.31497 -2.24258 
v -0.179791 4.17509 -2.24258 
v -0.179791 4.31497 -2.24258 
v -0.179791 4.31497 -2.1027 
v -0.0399111 4.03521 -2.24258 
v -0.0399111 4.17509 -2.24258 
v 0.0999692 4.17509 -2.24258 
v -0.0399111 4.17509 -2.38246 
v 0.23985 4.31497 -2.24258 
v -0.179791 4.31497 -2.1027 
v 0.23985 4.31497 -2.24258 
v -0.179791 4.31497 -2.24258 
v -0.459552 4.03521 -2.1027 
v -0.599432 3.61557 -2.1027 
v -0.599432 4.03521 -2.1027 
v -0.459552 3.47569 -1.96282 
v -0.459552 3.61557 -2.1027 
v -0.459552 3.33581 -2.1027 
v -0.599432 3.61557 -1.96282 
v -0.459552 3.47569 -1.96282 
v -0.599432 3.47569 -1.96282 
v -0.599432 3.61557 -2.1027 
v -0.459552 3.61557 -2.1027 
v -0.599432 3.61557 -1.96282 
v -0.459552 3.61557 -1.96282 
v -0.459552 3.61557 -1.96282 
v -0.459552 3.33581 -2.1027 
v -0.459552 3.61557 -2.1027 
v -0.319672 3.61557 -2.1027 
v -0.459552 3.61557 -1.96282 
v -0.599432 3.47569 -1.68306 
v -0.599432 3.47569 -1.96282 
v -0.459552 3.47569 -1.96282 
v -0.459552 3.47569 -1.68306 
v -0.599432 3.61557 -1.96282 
v -0.599432 3.47569 -1.96282 
v -0.599432 3.47569 -1.68306 
v -0.599432 3.47569 -1.68306 
v -0.599432 4.03521 -1.96282 
v -0.599432 3.61557 -1.96282 
v -0.459552 3.33581 -1.68306 
v -0.319672 3.33581 -1.96282 
v -0.459552 3.33581 -1.68306 
v -0.459552 3.33581 -2.1027 
v -0.319672 3.33581 -1.96282 
v -0.319672 3.33581 -1.68306 
v -0.459552 3.33581 -1.68306 
v -0.459552 3.47569 -1.68306 
v -0.459552 3.61557 -2.1027 
v -0.599432 4.03521 -2.1027 
v -0.599432 3.61557 -2.1027 
v -0.599432 4.03521 -1.96282 
v -0.599432 4.03521 -1.96282 
v -0.459552 4.03521 -1.96282 
v -0.599432 4.03521 -2.1027 
v -0.599432 4.17509 -1.96282 
v -0.459552 4.03521 -1.96282 
v -0.599432 4.03521 -1.96282 
v -0.459552 4.03521 -2.1027 
v -0.459552 4.03521 -2.1027 
v -0.459552 4.03521 -1.96282 
v -0.459552 4.17509 -1.96282 
v -0.459552 4.31497 -2.1027 
v -0.459552 4.03521 -2.1027 
v -0.459552 4.17509 -1.96282 
v -0.459552 4.31497 -2.1027 
v -0.459552 4.17509 -1.96282 
v -0.599432 4.17509 -1.68306 
v -0.599432 4.17509 -1.96282 
v -0.599432 4.17509 -1.68306 
v -0.459552 4.17509 -1.68306 
v -0.599432 4.17509 -1.96282 
v -0.599432 4.17509 -1.68306 
v -0.459552 4.17509 -1.96282 
v -0.459552 4.31497 -1.68306 
v -0.459552 4.31497 -2.1027 
v -0.459552 4.17509 -1.68306 
v -0.459552 4.31497 -2.1027 
v -0.459552 4.31497 -1.68306 
v -0.319672 4.31497 -1.96282 
v -0.319672 4.31497 -1.68306 
v -0.179791 4.31497 -2.1027 
v -0.459552 3.33581 -2.1027 
v -0.179791 3.33581 -2.1027 
v -0.179791 3.33581 -1.96282 
v -0.179791 4.17509 -2.1027 
v -0.179791 4.31497 -2.1027 
v -0.179791 3.19593 -1.96282 
v -0.179791 3.33581 -2.1027 
v -0.179791 3.19593 -2.1027 
v -0.179791 3.19593 -2.1027 
v 0.23985 3.19593 -2.1027 
v -0.179791 3.19593 -1.96282 
v -0.179791 3.33581 -1.96282 
v 0.23985 3.33581 -2.1027 
v -0.179791 3.19593 -2.1027 
v -0.179791 3.33581 -2.1027 
v -0.179791 4.31497 -1.96282 
v -0.319672 3.33581 -1.96282 
v -0.179791 3.19593 -1.96282 
v -0.319672 3.19593 -1.96282 
v -0.319672 3.19593 -1.68306 
v -0.319672 3.33581 -1.96282 
v -0.319672 3.19593 -1.96282 
v -0.319672 3.33581 -1.68306 
v -0.319672 4.31497 -1.68306 
v -0.319672 4.59054 -1.96282 
v -0.319672 4.31497 -1.96282 
v -0.319672 4.59054 -1.96282 
v -0.179791 4.31497 -1.96282 
v -0.319672 4.31497 -1.96282 
v -0.319672 3.19593 -1.68306 
v -0.319672 3.19593 -1.96282 
v 0.37973 3.19593 -1.68306 
v -0.179791 3.33581 -1.96282 
v -0.179791 4.31497 -1.96282 
v -0.179791 4.59054 -2.1027 
v -0.179791 4.31497 -2.1027 
v -0.179791 4.59054 -2.1027 
v 0.23985 4.31497 -2.1027 
v -0.179791 4.31497 -2.1027 
v -0.179791 4.59054 -1.96282 
v -0.179791 4.59054 -1.96282 
v -0.100433 5.28855 -1.94134 
v -0.0653946 5.32277 -1.94134 
v 0.00958366 5.32277 -1.94134 
v -0.179791 4.59054 -1.96282 
v 0.23985 4.59054 -1.96282 
v -0.179791 4.59054 -2.1027 
v -0.179791 4.71674 -1.96282 
v 0.23985 4.71674 -1.96282 
v -0.179791 4.59054 -1.96282 
v -0.100433 5.28855 -1.94134 
v 0.160491 5.28855 -1.94134 
v -0.100433 5.28855 -1.90251 
v 0.160491 5.28855 -1.94134 
v -0.100433 5.28855 -1.94134 
v 0.00958366 5.32277 -1.94134 
v -0.100433 5.34195 -1.90251 
v -0.100433 5.28855 -1.94134 
v -0.100433 5.28855 -1.90251 
v -0.319672 4.59054 -1.68306 
v -0.179791 4.59054 -1.68306 
v -0.319672 4.59054 -1.96282 
v -0.319672 4.59054 -1.68306 
v -0.179791 4.59054 -1.96282 
v -0.179791 4.59054 -1.96282 
v -0.179791 4.59054 -1.68306 
v -0.179791 4.71674 -1.96282 
v -0.179791 4.59054 -1.68306 
v 0.23985 4.59054 -1.68306 
v -0.179791 4.71674 -1.68306 
v -0.179791 4.71674 -1.68306 
v -0.179791 4.71674 -1.68306 
v 0.23985 4.71674 -1.96282 
v -0.179791 4.71674 -1.96282 
v -0.100433 5.28855 -1.94134 
v -0.100433 5.34195 -1.94134 
v -0.0653946 5.32277 -1.94134 
v -0.244224 5.55958 -1.77345 
v -0.589149 5.49728 -1.77345 
v -0.589149 5.55958 -1.77345 
v -0.629036 5.74648 -1.77345 
v -0.589149 5.55958 -1.77345 
v -0.629036 5.55958 -1.77345 
v -0.589149 5.74648 -1.77345 
v -0.335338 5.74648 -1.77345 
v -0.589149 5.55958 -1.77345 
v -0.589149 5.74648 -1.77345 
v -0.293923 5.68418 -1.77345 
v -0.226905 5.49728 -1.77345 
v -0.264555 5.62188 -1.77345 
v -0.244224 5.55958 -1.77345 
v -0.293923 5.68418 -1.77345 
v -0.335338 5.74648 -1.77345 
v -0.589149 5.74648 -1.77345 
v -0.551078 5.80878 -1.77345 
v -0.589149 5.55958 -1.77345 
v -0.589149 5.55958 -1.67916 
v -0.629036 5.55958 -1.77345 
v -0.629036 5.55958 -1.67916 
v -0.629036 5.74648 -1.77345 
v -0.629036 5.55958 -1.77345 
v -0.629036 5.74648 -1.67916 
v -0.589149 5.74648 -1.77345 
v -0.629036 5.74648 -1.77345 
v -0.589149 5.77763 -1.67916 
v -0.660427 5.77763 -1.77345 
v -0.589149 5.77763 -1.77345 
v -0.589149 5.55958 -1.67916 
v -0.589149 5.55958 -1.77345 
v -0.589149 5.49728 -1.77345 
v -0.226905 5.49728 -1.77345 
v -0.589149 5.49728 -1.67916 
v -0.589149 5.49728 -1.77345 
v -0.335338 5.80878 -1.77345 
v -0.335338 5.74648 -1.67916 
v -0.335338 5.74648 -1.77345 
v -0.589149 5.77763 -1.77345 
v -0.551078 5.80878 -1.77345 
v -0.335338 5.80878 -1.77345 
v -0.660427 5.77763 -1.77345 
v -0.660427 5.80878 -1.77345 
v -0.624279 5.80878 -1.77345 
v -0.695556 5.80878 -1.77345 
v -0.695556 5.84341 -1.77345 
v -0.624279 5.84341 -1.77345 
v -0.589149 5.80878 -1.77345 
v -0.589149 5.83858 -1.77345 
v -0.551078 5.87661 -1.77345 
v -0.624279 5.80878 -1.67916 
v -0.589149 5.80878 -1.77345 
v -0.624279 5.80878 -1.77345 
v -0.624279 5.84341 -1.67916 
v -0.624279 5.84341 -1.77345 
v -0.695556 5.84341 -1.77345 
v -0.620206 5.83858 -1.77345 
v -0.589149 5.87661 -1.77345 
v -0.620206 5.9153 -1.77345 
v -0.589149 5.9153 -1.77345 
v -0.551078 5.80878 -1.77345 
v -0.335338 5.80878 -1.67916 
v -0.335338 5.80878 -1.77345 
v -0.589149 5.9153 -1.77345 
v -0.589149 5.9153 -1.67916 
v -0.589149 5.87661 -1.77345 
v -0.335338 5.74648 -1.77345 
v -0.293923 5.74648 -1.77345 
v -0.0653946 5.34195 -1.94134 
v -0.100433 5.34195 -1.94134 
v -0.0653946 5.34195 -1.94134 
v -0.0653946 5.34195 -1.90251 
v -0.0653946 5.32277 -1.94134 
v -0.100433 5.34195 -1.90251 
v -0.0653946 5.34195 -1.94134 
v -0.100433 5.34195 -1.94134 
v -0.0653946 5.32277 -1.90251 
v 0.00958366 5.32277 -1.94134 
v -0.0653946 5.32277 -1.94134 
v 0.00958366 5.43006 -1.94134 
v 0.00958366 5.32277 -1.94134 
v 0.00958366 5.43006 -1.90251 
v 0.00958366 5.32277 -1.94134 
v 0.00958366 5.43006 -1.94134 
v 0.0504749 5.43006 -1.94134 
v 0.0577466 5.48335 -1.95232 
v 0.00231201 5.42831 -1.95232 
v 0.00231201 5.48335 -1.95232 
v 0.00231201 5.42831 -1.8773 
v 0.00231201 5.48335 -1.95232 
v 0.00231201 5.42831 -1.95232 
v 0.00958366 5.32277 -1.90251 
v -0.0653946 5.32277 -1.90251 
v -0.0653946 5.34195 -1.90251 
v 0.00231201 5.48335 -1.8773 
v 0.00958366 5.32277 -1.90251 
v 0.00231201 5.42831 -1.95232 
v 0.0577466 5.42831 -1.8773 
v 0.00231201 5.42831 -1.8773 
v 0.0504749 5.43006 -1.90251 
v 0.00958366 5.43006 -1.94134 
v 0.00958366 5.43006 -1.90251 
v 0.0577466 5.42831 -1.8773 
v 0.00231201 5.48335 -1.8773 
v 0.00231201 5.42831 -1.8773 
v 0.00231201 5.48335 -1.95232 
v 0.00231201 5.48335 -1.8773 
v -0.0754028 5.48335 -1.8773 
v -0.0754028 5.48335 -1.95232 
v -0.0754028 5.55836 -1.8773 
v -0.0754028 5.48335 -1.95232 
v -0.0754028 5.48335 -1.8773 
v -0.0754028 5.48335 -1.95232 
v -0.0754028 5.55836 -1.95232 
v -0.0754028 5.55836 -1.95232 
v -0.0754028 5.55836 -1.8773 
v -0.0754028 5.48335 -1.8773 
v 0.0577466 5.48335 -1.8773 
v 0.135461 5.55836 -1.95232 
v -0.0754028 5.55836 -1.8773 
v 0.135461 5.55836 -1.8773 
v -0.0754028 5.55836 -1.95232 
v -0.226905 5.55958 -1.77345 
v -0.226905 5.49728 -1.77345 
v -0.264555 5.62188 -1.67916 
v -0.244224 5.62188 -1.77345 
v -0.264555 5.62188 -1.77345 
v -0.264555 5.68418 -1.77345 
v -0.264555 5.62188 -1.67916 
v -0.264555 5.62188 -1.77345 
v -0.264555 5.68418 -1.77345 
v -0.293923 5.68418 -1.67916 
v -0.264555 5.68418 -1.77345 
v -0.293923 5.68418 -1.77345 
v -0.244224 5.62188 -1.77345 
v -0.226905 5.55958 -1.77345 
v -0.226905 5.49728 -1.67916 
v -0.226905 5.49728 -1.77345 
v -0.244224 5.55958 -1.67916 
v -0.226905 5.55958 -1.77345 
v -0.244224 5.55958 -1.77345 
v -0.244224 5.62188 -1.77345 
v -0.244224 5.55958 -1.67916 
v -0.244224 5.55958 -1.77345 
v -0.589149 5.77763 -1.67916 
v -0.589149 5.77763 -1.77345 
v -0.589149 5.74648 -1.77345 
v -0.629036 5.55958 -1.67916 
v -0.660427 5.80878 -1.67916 
v -0.660427 5.77763 -1.77345 
v -0.660427 5.77763 -1.67916 
v -0.660427 5.80878 -1.77345 
v -0.660427 5.80878 -1.67916 
v -0.695556 5.80878 -1.77345 
v -0.660427 5.80878 -1.77345 
v -0.589149 5.74648 -1.67916 
v -0.589149 5.49728 -1.67916 
v -0.589149 5.80878 -1.67916 
v -0.589149 5.80878 -1.77345 
v -0.589149 5.80878 -1.67916 
v -0.589149 5.83858 -1.77345 
v -0.660427 5.77763 -1.67916 
v -0.629036 5.74648 -1.67916 
v -0.660427 5.77763 -1.67916 
v -0.589149 5.77763 -1.67916 
v -0.624279 5.80878 -1.67916 
v -0.660427 5.80878 -1.67916 
v -0.660427 5.77763 -1.67916 
v -0.624279 5.80878 -1.67916 
v -0.695556 5.80878 -1.67916 
v -0.629036 5.74648 -1.67916 
v -0.629036 5.55958 -1.67916 
v -0.589149 5.74648 -1.67916 
v -0.589149 5.55958 -1.67916 
v -0.589149 5.74648 -1.67916 
v -0.589149 5.80878 -1.67916 
v -0.589149 5.77763 -1.67916 
v -0.624279 5.80878 -1.67916 
v -0.624279 5.80878 -1.77345 
v -0.624279 5.84341 -1.67916 
v -0.695556 5.80878 -1.77345 
v -0.695556 5.80878 -1.67916 
v -0.695556 5.84341 -1.77345 
v -0.695556 5.84341 -1.67916 
v -0.624279 5.84341 -1.77345 
v -0.695556 5.84341 -1.67916 
v -0.620206 5.9153 -1.67916 
v -0.620206 5.9153 -1.77345 
v -0.620206 5.83858 -1.77345 
v -0.620206 5.83858 -1.77345 
v -0.589149 5.83858 -1.67916 
v -0.620206 5.83858 -1.67916 
v -0.589149 5.83858 -1.77345 
v -0.620206 5.9153 -1.67916 
v -0.589149 5.9153 -1.77345 
v -0.620206 5.9153 -1.77345 
v -0.589149 5.9153 -1.67916 
v -0.695556 5.84341 -1.67916 
v -0.695556 5.80878 -1.67916 
v -0.624279 5.84341 -1.67916 
v -0.624279 5.84341 -1.67916 
v -0.695556 5.84341 -1.67916 
v -0.660427 5.80878 -1.67916 
v -0.620206 5.83858 -1.67916 
v -0.620206 5.9153 -1.67916 
v -0.620206 5.83858 -1.67916 
v -0.589149 5.87661 -1.67916 
v -0.589149 5.83858 -1.67916 
v -0.589149 5.87661 -1.67916 
v -0.589149 5.9153 -1.67916 
v -0.589149 5.83858 -1.67916 
v -0.226905 5.49728 -1.67916 
v -0.264555 5.68418 -1.67916 
v -0.264555 5.68418 -1.67916 
v -0.293923 5.74648 -1.77345 
v -0.293923 5.68418 -1.67916 
v -0.293923 5.68418 -1.77345 
v -0.244224 5.62188 -1.67916 
v -0.226905 5.55958 -1.67916 
v -0.226905 5.55958 -1.67916 
v -0.244224 5.62188 -1.67916 
v -0.589149 5.49728 -1.67916 
v -0.226905 5.49728 -1.67916 
v -0.244224 5.55958 -1.67916 
v -0.264555 5.62188 -1.67916 
v -0.293923 5.68418 -1.67916 
v -0.335338 5.74648 -1.67916 
v -0.226905 5.55958 -1.67916 
v -0.244224 5.62188 -1.67916 
v -0.264555 5.68418 -1.67916 
v -0.293923 5.74648 -1.67916 
v -0.551078 5.80878 -1.67916 
v -0.551078 5.87661 -1.67916 
v -0.551078 5.80878 -1.67916 
v -0.551078 5.80878 -1.77345 
v -0.551078 5.87661 -1.77345 
v -0.589149 5.87661 -1.77345 
v -0.551078 5.87661 -1.67916 
v -0.551078 5.87661 -1.77345 
v -0.335338 5.80878 -1.67916 
v -0.293923 5.74648 -1.67916 
v -0.335338 5.74648 -1.67916 
v -0.293923 5.74648 -1.77345 
v -0.335338 5.74648 -1.77345 
v -0.293923 5.74648 -1.67916 
v -0.589149 5.87661 -1.67916 
v -0.551078 5.80878 -1.67916 
v -0.551078 5.87661 -1.67916 
v -0.335338 5.80878 -1.67916 
v 0.0504749 5.43006 -1.94134 
v 0.0999692 3.47569 -2.38246 
v 0.0999692 3.47569 -2.24258 
v 0.0999692 3.61557 -2.38246 
v 0.0999692 3.61557 -2.24258 
v 0.0999692 3.47569 -2.38246 
v 0.0999692 3.47569 -2.24258 
v 0.0999692 3.61557 -2.38246 
v 0.23985 3.61557 -2.38246 
v 0.0999692 3.61557 -2.24258 
v 0.23985 3.75545 -2.38246 
v 0.23985 3.61557 -2.38246 
v 0.23985 3.75545 -2.38246 
v 0.23985 3.75545 -2.24258 
v 0.23985 3.61557 -2.38246 
v 0.23985 3.61557 -2.24258 
v 0.23985 3.33581 -2.24258 
v -0.179791 3.33581 -2.24258 
v 0.0999692 3.47569 -2.24258 
v 0.23985 3.33581 -2.1027 
v 0.23985 3.47569 -2.24258 
v 0.23985 3.33581 -2.24258 
v 0.0999692 3.61557 -2.24258 
v 0.23985 3.61557 -2.24258 
v 0.23985 3.47569 -2.24258 
v 0.23985 3.33581 -2.1027 
v 0.23985 3.33581 -2.24258 
v 0.23985 3.47569 -2.1027 
v 0.23985 3.61557 -2.24258 
v 0.23985 3.89533 -2.38246 
v 0.0999692 4.17509 -2.38246 
v 0.0999692 4.17509 -2.24258 
v 0.0999692 4.03521 -2.38246 
v 0.0999692 4.17509 -2.38246 
v 0.23985 4.03521 -2.38246 
v 0.23985 4.03521 -2.24258 
v 0.23985 3.89533 -2.24258 
v 0.23985 3.89533 -2.38246 
v 0.23985 4.03521 -2.38246 
v 0.23985 4.03521 -2.24258 
v 0.23985 4.03521 -2.38246 
v 0.0999692 4.03521 -2.38246 
v 0.0999692 4.03521 -2.24258 
v 0.0999692 4.03521 -2.24258 
v 0.0999692 4.17509 -2.24258 
v 0.23985 4.03521 -2.24258 
v 0.0999692 4.03521 -2.24258 
v 0.23985 4.31497 -2.1027 
v 0.23985 4.17509 -2.24258 
v 0.23985 4.31497 -2.1027 
v 0.23985 4.17509 -2.1027 
v 0.23985 4.17509 -2.24258 
v 0.23985 4.31497 -2.24258 
v 0.23985 3.47569 -2.24258 
v 0.37973 3.47569 -2.24258 
v 0.23985 3.47569 -2.1027 
v 0.37973 3.47569 -2.24258 
v 0.23985 3.75545 -2.24258 
v 0.37973 3.61557 -2.24258 
v 0.23985 3.75545 -2.38246 
v 0.37973 3.75545 -2.38246 
v 0.23985 3.75545 -2.24258 
v 0.37973 3.75545 -2.38246 
v 0.37973 3.75545 -2.24258 
v 0.51961 3.61557 -2.24258 
v 0.37973 3.75545 -2.24258 
v 0.37973 3.89533 -2.24258 
v 0.37973 3.89533 -2.24258 
v 0.37973 3.75545 -2.24258 
v 0.37973 3.75545 -2.38246 
v 0.37973 3.47569 -2.1027 
v 0.37973 3.61557 -2.1027 
v 0.37973 3.47569 -2.1027 
v 0.37973 3.47569 -2.24258 
v 0.37973 3.61557 -2.24258 
v 0.37973 3.61557 -2.24258 
v 0.51961 3.61557 -2.24258 
v 0.37973 3.61557 -2.1027 
v 0.51961 3.61557 -2.1027 
v 0.51961 4.03521 -2.24258 
v 0.51961 3.61557 -2.1027 
v 0.51961 3.61557 -2.24258 
v 0.51961 4.03521 -2.1027 
v 0.659491 3.61557 -2.1027 
v 0.51961 3.61557 -2.1027 
v 0.37973 3.89533 -2.38246 
v 0.37973 3.89533 -2.38246 
v 0.23985 3.89533 -2.24258 
v 0.37973 3.89533 -2.24258 
v 0.23985 3.89533 -2.38246 
v 0.23985 3.89533 -2.24258 
v 0.37973 4.03521 -2.24258 
v 0.37973 3.89533 -2.38246 
v 0.51961 4.03521 -2.24258 
v 0.37973 4.17509 -2.24258 
v 0.37973 4.17509 -2.24258 
v 0.37973 4.17509 -2.1027 
v 0.37973 4.03521 -2.24258 
v 0.37973 4.03521 -2.1027 
v 0.23985 4.17509 -2.1027 
v 0.37973 4.17509 -2.1027 
v 0.23985 4.17509 -2.24258 
v 0.37973 4.17509 -2.24258 
v 0.37973 4.03521 -2.1027 
v 0.51961 4.03521 -2.1027 
v 0.37973 4.03521 -2.24258 
v 0.51961 4.03521 -2.1027 
v 0.659491 4.03521 -2.1027 
v 0.51961 4.03521 -2.24258 
v 0.51961 3.33581 -2.1027 
v 0.23985 3.33581 -2.1027 
v 0.37973 3.47569 -2.1027 
v 0.23985 3.19593 -2.1027 
v 0.23985 3.19593 -1.96282 
v 0.23985 3.33581 -2.1027 
v 0.23985 3.33581 -1.96282 
v 0.23985 3.19593 -2.1027 
v 0.23985 3.33581 -2.1027 
v 0.23985 3.47569 -2.1027 
v 0.37973 3.47569 -2.1027 
v 0.37973 4.17509 -2.1027 
v 0.23985 4.17509 -2.1027 
v 0.23985 4.31497 -2.1027 
v 0.37973 3.33581 -1.96282 
v 0.23985 3.33581 -2.1027 
v 0.51961 3.33581 -2.1027 
v 0.37973 4.17509 -2.1027 
v 0.23985 4.31497 -2.1027 
v 0.51961 4.31497 -2.1027 
v 0.51961 4.31497 -2.1027 
v 0.23985 4.31497 -2.1027 
v 0.37973 4.31497 -1.96282 
v 0.23985 3.19593 -1.96282 
v 0.23985 3.33581 -1.96282 
v 0.37973 3.19593 -1.96282 
v 0.23985 3.19593 -1.96282 
v 0.23985 3.33581 -1.96282 
v 0.23985 4.31497 -1.96282 
v 0.23985 4.59054 -1.96282 
v 0.37973 4.31497 -1.96282 
v 0.23985 4.31497 -1.96282 
v 0.37973 3.19593 -1.96282 
v 0.37973 3.19593 -1.68306 
v 0.37973 3.19593 -1.96282 
v 0.37973 3.33581 -1.68306 
v 0.37973 3.33581 -1.96282 
v 0.23985 4.31497 -2.1027 
v 0.23985 4.59054 -1.96282 
v 0.23985 4.31497 -1.96282 
v 0.23985 4.59054 -2.1027 
v 0.23985 4.59054 -2.1027 
v 0.23985 4.59054 -1.96282 
v 0.00958366 5.32277 -1.94134 
v 0.0504749 5.32277 -1.94134 
v 0.160491 5.28855 -1.94134 
v 0.0504749 5.32277 -1.94134 
v 0.125453 5.32277 -1.94134 
v 0.160491 5.28855 -1.94134 
v 0.23985 4.59054 -2.1027 
v 0.37973 4.59054 -1.96282 
v 0.160491 5.34195 -1.94134 
v 0.160491 5.28855 -1.90251 
v 0.160491 5.28855 -1.94134 
v 0.160491 5.28855 -1.90251 
v 0.23985 4.59054 -1.68306 
v 0.23985 4.59054 -1.96282 
v 0.23985 4.71674 -1.68306 
v 0.23985 4.71674 -1.68306 
v 0.23985 4.71674 -1.96282 
v 0.23985 4.71674 -1.68306 
v 0.23985 4.59054 -1.68306 
v 0.37973 4.59054 -1.96282 
v 0.23985 4.59054 -1.96282 
v 0.37973 4.59054 -1.96282 
v 0.37973 4.31497 -1.68306 
v 0.37973 4.31497 -1.96282 
v 0.37973 4.59054 -1.68306 
v 0.37973 4.59054 -1.68306 
v 0.37973 3.33581 -1.96282 
v 0.51961 3.61557 -2.1027 
v 0.51961 3.33581 -2.1027 
v 0.51961 3.33581 -2.1027 
v 0.51961 3.61557 -2.1027 
v 0.51961 3.47569 -1.96282 
v 0.37973 3.61557 -2.1027 
v 0.51961 3.61557 -1.96282 
v 0.51961 3.61557 -2.1027 
v 0.659491 3.61557 -2.1027 
v 0.51961 3.61557 -1.96282 
v 0.51961 3.61557 -1.96282 
v 0.659491 3.47569 -1.96282 
v 0.51961 3.47569 -1.96282 
v 0.659491 3.61557 -1.96282 
v 0.659491 4.03521 -2.1027 
v 0.659491 3.61557 -1.96282 
v 0.659491 3.61557 -2.1027 
v 0.659491 3.61557 -1.96282 
v 0.51961 3.33581 -2.1027 
v 0.51961 3.33581 -1.68306 
v 0.37973 3.33581 -1.96282 
v 0.51961 3.33581 -1.68306 
v 0.37973 3.33581 -1.68306 
v 0.51961 3.33581 -1.68306 
v 0.51961 3.47569 -1.68306 
v 0.51961 3.47569 -1.68306 
v 0.51961 3.47569 -1.96282 
v 0.659491 3.47569 -1.96282 
v 0.659491 3.47569 -1.68306 
v 0.659491 3.47569 -1.68306 
v 0.659491 3.47569 -1.96282 
v 0.659491 4.03521 -1.96282 
v 0.659491 3.47569 -1.68306 
v 0.659491 3.61557 -1.96282 
v 0.659491 4.17509 -1.68306 
v 0.51961 4.03521 -2.1027 
v 0.37973 4.03521 -2.1027 
v 0.51961 4.17509 -1.96282 
v 0.51961 4.03521 -1.96282 
v 0.51961 4.03521 -2.1027 
v 0.51961 4.31497 -2.1027 
v 0.51961 4.17509 -1.96282 
v 0.51961 4.03521 -2.1027 
v 0.51961 4.31497 -2.1027 
v 0.51961 4.03521 -1.96282 
v 0.659491 4.03521 -1.96282 
v 0.51961 4.03521 -2.1027 
v 0.659491 4.03521 -1.96282 
v 0.659491 4.03521 -2.1027 
v 0.51961 4.17509 -1.96282 
v 0.659491 4.03521 -1.96282 
v 0.51961 4.03521 -1.96282 
v 0.659491 4.17509 -1.96282 
v 0.51961 4.31497 -2.1027 
v 0.51961 4.31497 -1.68306 
v 0.37973 4.31497 -1.68306 
v 0.51961 4.31497 -1.68306 
v 0.51961 4.17509 -1.68306 
v 0.659491 4.17509 -1.96282 
v 0.659491 4.17509 -1.68306 
v 0.659491 4.17509 -1.68306 
v 0.51961 4.17509 -1.96282 
v 0.51961 4.17509 -1.68306 
v 0.659491 4.17509 -1.96282 
v 0.160491 5.34195 -1.94134 
v 0.160491 5.28855 -1.94134 
v 0.125453 5.32277 -1.94134 
v 0.0504749 5.32277 -1.94134 
v 0.0504749 5.43006 -1.94134 
v 0.0504749 5.32277 -1.90251 
v 0.0504749 5.32277 -1.94134 
v 0.0577466 5.42831 -1.95232 
v 0.0577466 5.42831 -1.95232 
v 0.0504749 5.32277 -1.90251 
v 0.125453 5.32277 -1.94134 
v 0.0504749 5.32277 -1.94134 
v 0.125453 5.32277 -1.94134 
v 0.125453 5.32277 -1.90251 
v 0.125453 5.34195 -1.94134 
v 0.125453 5.34195 -1.94134 
v 0.125453 5.34195 -1.90251 
v 0.160491 5.34195 -1.94134 
v 0.125453 5.34195 -1.94134 
v 0.0577466 5.48335 -1.8773 
v 0.0577466 5.42831 -1.95232 
v 0.0577466 5.48335 -1.95232 
v 0.125453 5.32277 -1.90251 
v 0.0504749 5.43006 -1.90251 
v 0.0577466 5.42831 -1.8773 
v 0.135461 5.48335 -1.95232 
v 0.135461 5.48335 -1.8773 
v 0.0577466 5.48335 -1.8773 
v 0.160491 5.34195 -1.90251 
v 0.125453 5.34195 -1.90251 
v 0.160491 5.34195 -1.90251 
v 0.0577466 5.48335 -1.95232 
v 0.135461 5.48335 -1.95232 
v 0.0577466 5.48335 -1.8773 
v 0.135461 5.55836 -1.8773 
v -0.0754028 5.55836 -1.8773 
v 0.135461 5.55836 -1.95232 
v 0.135461 5.48335 -1.8773 
v 0.135461 5.55836 -1.8773 
v 0.135461 5.55836 -1.95232 
v 0.135461 5.48335 -1.8773 
v 0.135461 5.48335 -1.95232 
v 0.649208 5.49728 -1.77345 
v 0.286963 5.49728 -1.77345 
v 0.304282 5.55958 -1.77345 
v 0.135461 5.55836 -1.8773 
v 0.286963 5.55958 -1.77345 
v 0.304282 5.62188 -1.77345 
v 0.324614 5.62188 -1.77345 
v 0.286963 5.55958 -1.77345 
v 0.286963 5.49728 -1.77345 
v 0.286963 5.49728 -1.67916 
v 0.324614 5.68418 -1.77345 
v 0.324614 5.62188 -1.77345 
v 0.324614 5.62188 -1.67916 
v 0.324614 5.68418 -1.77345 
v 0.353981 5.68418 -1.77345 
v 0.353981 5.68418 -1.67916 
v 0.353981 5.68418 -1.77345 
v 0.324614 5.68418 -1.77345 
v 0.353981 5.74648 -1.77345 
v 0.353981 5.68418 -1.77345 
v 0.353981 5.68418 -1.67916 
v 0.353981 5.74648 -1.77345 
v 0.395397 5.74648 -1.77345 
v 0.395397 5.74648 -1.67916 
v 0.395397 5.74648 -1.77345 
v 0.353981 5.74648 -1.77345 
v 0.649208 5.55958 -1.77345 
v 0.395397 5.74648 -1.77345 
v 0.649208 5.55958 -1.77345 
v 0.353981 5.68418 -1.77345 
v 0.395397 5.80878 -1.77345 
v 0.611136 5.80878 -1.77345 
v 0.395397 5.74648 -1.77345 
v 0.649208 5.74648 -1.77345 
v 0.649208 5.74648 -1.77345 
v 0.689095 5.55958 -1.77345 
v 0.649208 5.74648 -1.77345 
v 0.720485 5.77763 -1.77345 
v 0.649208 5.77763 -1.77345 
v 0.684338 5.80878 -1.77345 
v 0.611136 5.80878 -1.77345 
v 0.649208 5.49728 -1.67916 
v 0.286963 5.49728 -1.77345 
v 0.649208 5.49728 -1.77345 
v 0.649208 5.55958 -1.77345 
v 0.649208 5.55958 -1.67916 
v 0.649208 5.49728 -1.77345 
v 0.649208 5.77763 -1.77345 
v 0.649208 5.77763 -1.67916 
v 0.649208 5.74648 -1.77345 
v 0.649208 5.80878 -1.77345 
v 0.689095 5.74648 -1.77345 
v 0.649208 5.74648 -1.77345 
v 0.689095 5.74648 -1.67916 
v 0.689095 5.74648 -1.77345 
v 0.720485 5.80878 -1.77345 
v 0.720485 5.80878 -1.77345 
v 0.720485 5.80878 -1.67916 
v 0.720485 5.77763 -1.77345 
v 0.649208 5.83858 -1.77345 
v 0.611136 5.87661 -1.77345 
v 0.649208 5.87661 -1.77345 
v 0.649208 5.9153 -1.77345 
v 0.680265 5.9153 -1.77345 
v 0.680265 5.83858 -1.77345 
v 0.684338 5.84341 -1.77345 
v 0.755615 5.84341 -1.77345 
v 0.755615 5.80878 -1.77345 
v 0.395397 5.80878 -1.67916 
v 0.611136 5.80878 -1.77345 
v 0.395397 5.80878 -1.77345 
v 0.611136 5.87661 -1.67916 
v 0.611136 5.87661 -1.77345 
v 0.611136 5.80878 -1.77345 
v 0.649208 5.9153 -1.67916 
v 0.649208 5.9153 -1.77345 
v 0.649208 5.87661 -1.77345 
v 0.649208 5.9153 -1.77345 
v 0.680265 5.9153 -1.67916 
v 0.680265 5.9153 -1.77345 
v 0.755615 5.84341 -1.77345 
v 0.755615 5.80878 -1.67916 
v 0.755615 5.80878 -1.77345 
v 0.684338 5.84341 -1.67916 
v 0.684338 5.84341 -1.77345 
v 0.684338 5.80878 -1.77345 
v 0.680265 5.9153 -1.77345 
v 0.680265 5.83858 -1.67916 
v 0.680265 5.83858 -1.77345 
v 0.689095 5.74648 -1.67916 
v 0.689095 5.55958 -1.77345 
v 0.689095 5.74648 -1.77345 
v 0.286963 5.55958 -1.67916 
v 0.286963 5.55958 -1.77345 
v 0.286963 5.55958 -1.67916 
v 0.304282 5.55958 -1.67916 
v 0.304282 5.55958 -1.77345 
v 0.304282 5.62188 -1.77345 
v 0.304282 5.55958 -1.77345 
v 0.304282 5.55958 -1.67916 
v 0.304282 5.62188 -1.67916 
v 0.286963 5.49728 -1.67916 
v 0.324614 5.62188 -1.67916 
v 0.324614 5.62188 -1.77345 
v 0.304282 5.62188 -1.77345 
v 0.324614 5.68418 -1.67916 
v 0.304282 5.62188 -1.67916 
v 0.649208 5.49728 -1.67916 
v 0.304282 5.55958 -1.67916 
v 0.286963 5.49728 -1.67916 
v 0.286963 5.55958 -1.67916 
v 0.286963 5.49728 -1.67916 
v 0.304282 5.55958 -1.67916 
v 0.324614 5.62188 -1.67916 
v 0.304282 5.62188 -1.67916 
v 0.353981 5.68418 -1.67916 
v 0.324614 5.68418 -1.67916 
v 0.649208 5.55958 -1.67916 
v 0.649208 5.55958 -1.67916 
v 0.395397 5.74648 -1.67916 
v 0.324614 5.68418 -1.67916 
v 0.353981 5.74648 -1.67916 
v 0.353981 5.74648 -1.67916 
v 0.395397 5.80878 -1.77345 
v 0.395397 5.74648 -1.77345 
v 0.395397 5.74648 -1.67916 
v 0.395397 5.80878 -1.67916 
v 0.611136 5.80878 -1.67916 
v 0.611136 5.80878 -1.67916 
v 0.611136 5.87661 -1.67916 
v 0.649208 5.87661 -1.77345 
v 0.611136 5.87661 -1.77345 
v 0.649208 5.87661 -1.67916 
v 0.649208 5.74648 -1.67916 
v 0.353981 5.74648 -1.67916 
v 0.611136 5.80878 -1.67916 
v 0.395397 5.80878 -1.67916 
v 0.611136 5.87661 -1.67916 
v 0.649208 5.83858 -1.67916 
v 0.649208 5.77763 -1.67916 
v 0.649208 5.80878 -1.67916 
v 0.649208 5.87661 -1.67916 
v 0.649208 5.83858 -1.77345 
v 0.649208 5.80878 -1.67916 
v 0.649208 5.80878 -1.77345 
v 0.689095 5.55958 -1.77345 
v 0.649208 5.55958 -1.67916 
v 0.649208 5.55958 -1.77345 
v 0.649208 5.49728 -1.67916 
v 0.649208 5.74648 -1.67916 
v 0.649208 5.80878 -1.77345 
v 0.684338 5.80878 -1.67916 
v 0.684338 5.80878 -1.77345 
v 0.720485 5.77763 -1.77345 
v 0.649208 5.77763 -1.67916 
v 0.649208 5.77763 -1.77345 
v 0.689095 5.55958 -1.67916 
v 0.689095 5.55958 -1.67916 
v 0.755615 5.80878 -1.77345 
v 0.720485 5.80878 -1.67916 
v 0.720485 5.80878 -1.77345 
v 0.649208 5.74648 -1.67916 
v 0.689095 5.74648 -1.67916 
v 0.689095 5.55958 -1.67916 
v 0.684338 5.80878 -1.67916 
v 0.649208 5.80878 -1.67916 
v 0.649208 5.77763 -1.67916 
v 0.720485 5.77763 -1.67916 
v 0.684338 5.80878 -1.67916 
v 0.720485 5.77763 -1.67916 
v 0.720485 5.77763 -1.67916 
v 0.720485 5.77763 -1.67916 
v 0.720485 5.80878 -1.67916 
v 0.755615 5.80878 -1.67916 
v 0.680265 5.83858 -1.77345 
v 0.649208 5.83858 -1.67916 
v 0.649208 5.83858 -1.77345 
v 0.649208 5.83858 -1.67916 
v 0.680265 5.83858 -1.67916 
v 0.680265 5.9153 -1.67916 
v 0.684338 5.80878 -1.67916 
v 0.755615 5.84341 -1.67916 
v 0.755615 5.84341 -1.67916 
v 0.684338 5.84341 -1.77345 
v 0.684338 5.84341 -1.67916 
v 0.755615 5.84341 -1.77345 
v 0.649208 5.9153 -1.67916 
v 0.680265 5.83858 -1.67916 
v 0.649208 5.87661 -1.67916 
v 0.680265 5.9153 -1.67916 
v 0.649208 5.9153 -1.67916 
v 0.684338 5.84341 -1.67916 
v 0.755615 5.80878 -1.67916 
v 0.755615 5.84341 -1.67916 
v 0.755615 5.84341 -1.67916 
v 0.684338 5.84341 -1.67916 
v 0.720485 5.80878 -1.67916 

vn 0 0 -1 
vn 0 0 -1 
vn 0 0 -1 
vn 0 0 -1 
vn 0 0 -1 
vn 0 -1 0 
vn 0 -1 0 
vn 0 -1 0 
vn -1 0 0 
vn -1 0 0 
vn -1 0 0 
vn 0 0 -1 
vn 0 0 -1 
vn 0 -1 0 
vn 0 0 -1 
vn -1 0 0 
vn -1 0 0 
vn -1 0 0 
vn 0 -1 0 
vn 0 -1 0 
vn 0 -1 0 
vn 0 -1 0 
vn -1 0 0 
vn -1 0 0 
vn -1 0 0 
vn -1 0 0 
vn 0 0 -1 
vn 0 0 -1 
vn 0 0 -1 
vn 0 -1 0 
vn 0 -1 0 
vn 0 -1 0 
vn 0 -1 0 
vn 0 0 -1 
vn 0 0 -1 
vn 0 0 -1 
vn -1 0 0 
vn 0 0 -1 
vn 0 1 0 
vn 0 1 0 
vn 0 1 0 
vn 0 0 -1 
vn 0 0 -1 
vn 0 0 -1 
vn 0 0 -1 
vn 0 0 -1 
vn 0 0 -1 
vn -1 0 0 
vn 0 1 0 
vn 0 1 0 
vn 0 1 0 
vn 0 1 0 
vn 0 0 -1 
vn 0 0 -1 
vn 0 0 -1 
vn -1 0 0 
vn -1 0 0 
vn -1 0 0 
vn -1 0 0 
vn 0 1 0 
vn 0 1 0 
vn 0 1 0 
vn 0 1 0 
vn 0 1 0 
vn 0 0 -1 
vn 0 0 -1 
vn 0 -1 0 
vn 0 -1 0 
vn 0 -1 0 
vn -1 0 0 
vn -1 0 0 
vn -1 0 0 
vn -1 0 0 
vn -1 0 0 
vn -1 0 0 
vn 0 -1 0 
vn 0 -1 0 
vn 0 -1 0 
vn -1 0 0 
vn 0 0 -1 
vn 0 0 -1 
vn 0 -1 0 
vn -1 0 0 
vn -1 0 0 
vn -1 0 0 
vn -1 0 0 
vn 0 0 -1 
vn 0 0 -1 
vn -1 0 0 
vn 0 -1 0 
vn 0 -1 0 
vn 0 -1 0 
vn 0 0 -1 
vn 0 0 -1 
vn 0 0 -1 
vn -1 0 0 
vn -1 0 0 
vn -1 0 0 
vn -1 0 0 
vn 0 0 -1 
vn 0 0 -1 
vn 0 1 0 
vn 0 1 0 
vn 0 1 0 
vn 0 1 0 
vn -1 0 0 
vn -1 0 0 
vn -1 0 0 
vn 0 0 -1 
vn 0 0 -1 
vn -1 0 0 
vn 0 0 -1 
vn -1 0 0 
vn -1 0 0 
vn -1 0 0 
vn 0 0 -1 
vn -1 0 0 
vn 0 0 -1 
vn 0 1 0 
vn 0 1 0 
vn 0 1 0 
vn 0 0 -1 
vn 0 1 0 
vn 0 1 0 
vn 0 1 0 
vn 0 0 -1 
vn 0 0 -1 
vn 0 0 -1 
vn -1 0 0 
vn -1 0 0 
vn -1 0 0 
vn 0 0 -1 
vn 0 0 -1 
vn 0 0 -1 
vn 0 -1 0 
vn 0 -1 0 
vn 0 -1 0 
vn 0 -1 0 
vn -1 0 0 
vn 0 0 -1 
vn 0 0 -1 
vn 0 0 -1 
vn 0 0 -1 
vn 0 -1 0 
vn 0 -1 0 
vn 0 -1 0 
vn 0 -1 0 
vn -1 0 0 
vn -1 0 0 
vn -1 0 0 
vn -1 0 0 
vn -1 0 0 
vn -1 0 0 
vn -1 0 0 
vn 0 -1 0 
vn 0 -1 0 
vn 0 -1 0 
vn 0 -1 0 
vn 0 -1 0 
vn 0 -1 0 
vn -1 0 0 
vn 0 0 -1 
vn -1 0 0 
vn -1 0 0 
vn -1 0 0 
vn 0 1 0 
vn 0 1 0 
vn 0 1 0 
vn 0 0 -1 
vn 0 0 -1 
vn 0 0 -1 
vn 0 1 0 
vn -1 0 0 
vn -1 0 0 
vn -1 0 0 
vn -1 0 0 
vn -1 0 0 
vn -1 0 0 
vn 0 0 -1 
vn 0 0 -1 
vn -1 0 0 
vn -1 0 0 
vn -1 0 0 
vn 0 1 0 
vn 0 1 0 
vn 0 1 0 
vn 0 1 0 
vn -1 0 0 
vn -1 0 0 
vn -1 0 0 
vn 0 1 0 
vn 0 1 0 
vn 0 1 0 
vn 0 1 0 
vn 0 0 -1 
vn 0 -1 0 
vn 0 -1 0 
vn 0 -1 0 
vn 0 0 -1 
vn 0 1 0 
vn -1 0 0 
vn -1 0 0 
vn -1 0 0 
vn 0 -1 0 
vn 0 -1 0 
vn 0 -1 0 
vn -1 0 0 
vn 0 0 -1 
vn 0 0 -1 
vn 0 0 -1 
vn 0 1 0 
vn 0 0 -1 
vn 0 0 -1 
vn 0 0 -1 
vn -1 0 0 
vn -1 0 0 
vn -1 0 0 
vn -1 0 0 
vn -1 0 0 
vn -1 0 0 
vn -1 0 0 
vn 0 0 -1 
vn 0 0 -1 
vn 0 0 -1 
vn 0 -1 0 
vn 0 -1 0 
vn 0 -1 0 
vn 0 0 -1 
vn -1 0 0 
vn -1 0 0 
vn -1 0 0 
vn 0 0 -1 
vn 0 0 -1 
vn 0 0 -1 
vn 0 0 -1 
vn -1 0 0 
vn 0 0 -1 
vn 0 0 -1 
vn 0 0 -1 
vn 0 1 0 
vn 0 1 0 
vn 0 1 0 
vn 0 0 -1 
vn 0 0 -1 
vn 0 0 -1 
vn 0 -1 0 
vn 0 -1 0 
vn 0 -1 0 
vn 0 0 -1 
vn 0 0 -1 
vn 0 0 -1 
vn -1 0 0 
vn -1 0 0 
vn -1 0 0 
vn -1 0 0 
vn 0 1 0 
vn 0 1 0 
vn 0 1 0 
vn 0 1 0 
vn -1 0 0 
vn -1 0 0 
vn -1 0 0 
vn 0 0 1 
vn 0 0 1 
vn 0 0 1 
vn -1 0 0 
vn 0 1 0 
vn 0 1 0 
vn 0 1 0 
vn 0 0 -1 
vn 0 0 -1 
vn 0 0 -1 
vn 0 0 -1 
vn 0 0 -1 
vn 0 0 -1 
vn 0 0 -1 
vn 0 0 -1 
vn 0 0 -1 
vn 0 0 -1 
vn 0 0 -1 
vn 0 0 -1 
vn 0 0 -1 
vn 0 0 -1 
vn 0 0 -1 
vn 0 0 -1 
vn 0 0 -1 
vn 0 0 -1 
vn 0 0 -1 
vn 0 0 -1 
vn 0 0 -1 
vn 0 -1 0 
vn 0 -1 0 
vn 0 -1 0 
vn -1 0 0 
vn -1 0 0 
vn -1 0 0 
vn 0 1 0 
vn 0 1 0 
vn 0 1 0 
vn 0 -1 0 
vn 0 -1 0 
vn 0 -1 0 
vn -1 0 0 
vn -1 0 0 
vn -1 0 0 
vn 0 -1 0 
vn 0 -1 0 
vn 0 -1 0 
vn 1 0 0 
vn 1 0 0 
vn 1 0 0 
vn 0 0 -1 
vn 0 0 -1 
vn 0 0 -1 
vn 0 0 -1 
vn 0 0 -1 
vn 0 0 -1 
vn 0 0 -1 
vn 0 0 -1 
vn 0 0 -1 
vn 0 0 -1 
vn 0 0 -1 
vn 0 0 -1 
vn 0 1 0 
vn 0 1 0 
vn 0 1 0 
vn 0 1 0 
vn 0 1 0 
vn 0 1 0 
vn 0 0 -1 
vn 0 0 -1 
vn 0 0 -1 
vn 0 0 -1 
vn 0 1 0 
vn 0 1 0 
vn 0 1 0 
vn 1 0 0 
vn 1 0 0 
vn 1 0 0 
vn 0 0 -1 
vn 0 0 -1 
vn 0 0 -1 
vn -1 0 0 
vn 1 0 0 
vn 1 0 0 
vn 1 0 0 
vn 0 1 0 
vn 0 1 0 
vn 0 1 0 
vn 0 1 0 
vn 0 1 0 
vn 0 1 0 
vn -1 0 0 
vn -1 0 0 
vn -1 0 0 
vn 0 0 -1 
vn 0 0 -1 
vn 0 0 -1 
vn 0 0 -1 
vn 0 0 -1 
vn 0 0 -1 
vn -1 0 0 
vn -1 0 0 
vn -1 0 0 
vn 0 1 0 
vn 1 0 0 
vn 0 1 0 
vn -1 0 0 
vn -1 0 0 
vn 0 -1 0 
vn 0 -1 0 
vn 0 -1 0 
vn 0 1 0 
vn 0 1 0 
vn 0 1 0 
vn 0 0 1 
vn 0 0 1 
vn 0 0 1 
vn 0 -1 0 
vn 0 -1 0 
vn 0 -1 0 
vn 0 -1 0 
vn -1 0 0 
vn -1 0 0 
vn -1 0 0 
vn 0 0 -1 
vn 0 0 -1 
vn -1 0 0 
vn 0 0 1 
vn 0 0 1 
vn 0 0 1 
vn 0 0 -1 
vn 0 1 0 
vn 0 1 0 
vn 0 1 0 
vn 0 0 -1 
vn 0 0 -1 
vn 0 1 0 
vn 0 1 0 
vn 0 1 0 
vn 1 0 0 
vn 1 0 0 
vn 1 0 0 
vn 0 0 -1 
vn 0 1 0 
vn 0 1 0 
vn 0 1 0 
vn 0 0 -1 
vn 1 0 0 
vn 1 0 0 
vn 1 0 0 
vn 0 1 0 
vn 0 1 0 
vn 0 1 0 
vn 1 0 0 
vn 1 0 0 
vn 1 0 0 
vn -1 0 0 
vn -1 0 0 
vn -1 0 0 
vn 0 -1 0 
vn -1 0 0 
vn -1 0 0 
vn -1 0 0 
vn -1 0 0 
vn 0 -1 0 
vn 0 -1 0 
vn 0 -1 0 
vn 0 1 0 
vn -1 0 0 
vn 0 1 0 
vn -1 0 0 
vn -1 0 0 
vn -1 0 0 
vn 0 -1 0 
vn -1 0 0 
vn 0 0 1 
vn 0 0 1 
vn 0 0 1 
vn 0 0 1 
vn 0 0 1 
vn 0 0 1 
vn 0 -1 0 
vn 0 0 1 
vn 0 0 1 
vn 0 0 1 
vn 0 0 1 
vn -1 0 0 
vn 0 0 1 
vn 0 0 1 
vn 1 0 0 
vn 1 0 0 
vn 1 0 0 
vn -1 0 0 
vn -1 0 0 
vn -1 0 0 
vn -1 0 0 
vn 1 0 0 
vn 0 1 0 
vn -1 0 0 
vn -1 0 0 
vn -1 0 0 
vn 0 -1 0 
vn 0 -1 0 
vn 0 -1 0 
vn 0 -1 0 
vn 0 1 0 
vn 0 1 0 
vn 0 1 0 
vn 0 1 0 
vn 0 0 1 
vn 0 0 1 
vn 0 0 1 
vn 0 0 1 
vn 0 0 1 
vn 0 0 1 
vn -1 0 0 
vn 0 0 1 
vn 0 0 1 
vn 0 0 1 
vn 0 0 1 
vn 1 0 0 
vn 0 0 1 
vn -1 0 0 
vn 0 -1 0 
vn 1 0 0 
vn 0 1 0 
vn 1 0 0 
vn 1 0 0 
vn 1 0 0 
vn 0 1 0 
vn 1 0 0 
vn 0 1 0 
vn 1 0 0 
vn 0 0 1 
vn 0 0 1 
vn 0 0 1 
vn 0 0 1 
vn 0 0 1 
vn 0 0 1 
vn 0 0 1 
vn 0 0 1 
vn 0 0 1 
vn 0 0 1 
vn 0 1 0 
vn 1 0 0 
vn 1 0 0 
vn 1 0 0 
vn 1 0 0 
vn 0 1 0 
vn 0 1 0 
vn 0 1 0 
vn 1 0 0 
vn 1 0 0 
vn 0 1 0 
vn 0 1 0 
vn 0 1 0 
vn 0 1 0 
vn 0 1 0 
vn 0 0 1 
vn 0 0 1 
vn 0 0 1 
vn 0 1 0 
vn 0 0 -1 
vn 0 -1 0 
vn 1 0 0 
vn 1 0 0 
vn 1 0 0 
vn 1 0 0 
vn 0 -1 0 
vn 0 -1 0 
vn 0 -1 0 
vn 0 0 -1 
vn 0 0 -1 
vn 1 0 0 
vn 1 0 0 
vn 1 0 0 
vn 0 -1 0 
vn 0 0 -1 
vn 0 0 -1 
vn 0 0 -1 
vn 0 -1 0 
vn 0 0 -1 
vn 0 0 -1 
vn 0 0 -1 
vn 0 0 -1 
vn 1 0 0 
vn 1 0 0 
vn 1 0 0 
vn 1 0 0 
vn 1 0 0 
vn 0 0 -1 
vn 1 0 0 
vn 1 0 0 
vn 1 0 0 
vn 0 1 0 
vn 0 0 -1 
vn 1 0 0 
vn 1 0 0 
vn 1 0 0 
vn 1 0 0 
vn 0 1 0 
vn 0 1 0 
vn 0 1 0 
vn 0 1 0 
vn 1 0 0 
vn 0 0 -1 
vn 0 0 -1 
vn 0 0 -1 
vn 0 1 0 
vn 0 0 -1 
vn 1 0 0 
vn 1 0 0 
vn 1 0 0 
vn 1 0 0 
vn 0 -1 0 
vn 0 -1 0 
vn 0 -1 0 
vn 0 0 -1 
vn 0 0 -1 
vn 0 0 -1 
vn 0 -1 0 
vn 0 -1 0 
vn 0 -1 0 
vn 0 0 -1 
vn 0 -1 0 
vn 0 0 -1 
vn 0 0 -1 
vn 0 0 -1 
vn 1 0 0 
vn 1 0 0 
vn 1 0 0 
vn 0 -1 0 
vn 1 0 0 
vn 1 0 0 
vn 1 0 0 
vn 1 0 0 
vn 0 -1 0 
vn 0 -1 0 
vn 0 -1 0 
vn 0 -1 0 
vn 1 0 0 
vn 1 0 0 
vn 1 0 0 
vn 0 0 -1 
vn 0 0 -1 
vn 0 0 -1 
vn 1 0 0 
vn 0 0 -1 
vn 0 1 0 
vn 0 1 0 
vn 0 1 0 
vn 0 0 -1 
vn 0 0 -1 
vn 0 1 0 
vn 0 0 -1 
vn 0 0 -1 
vn 1 0 0 
vn 1 0 0 
vn 1 0 0 
vn 1 0 0 
vn 0 1 0 
vn 0 1 0 
vn 0 1 0 
vn 0 1 0 
vn 0 1 0 
vn 0 1 0 
vn 0 1 0 
vn 1 0 0 
vn 0 0 -1 
vn 0 1 0 
vn 0 0 -1 
vn 0 0 -1 
vn 0 0 -1 
vn 0 0 -1 
vn 0 -1 0 
vn 1 0 0 
vn 1 0 0 
vn 1 0 0 
vn 0 0 -1 
vn 0 0 -1 
vn 0 0 -1 
vn 0 0 -1 
vn 0 0 -1 
vn 0 0 -1 
vn 0 -1 0 
vn 0 -1 0 
vn 0 -1 0 
vn 0 0 -1 
vn 0 0 -1 
vn 0 0 -1 
vn 0 1 0 
vn 0 1 0 
vn 0 1 0 
vn 1 0 0 
vn 0 0 -1 
vn 0 0 -1 
vn 0 0 -1 
vn 0 -1 0 
vn 0 1 0 
vn 0 0 -1 
vn 0 0 -1 
vn 0 0 -1 
vn 0 -1 0 
vn 1 0 0 
vn 1 0 0 
vn 1 0 0 
vn 0 0 -1 
vn 1 0 0 
vn 1 0 0 
vn 1 0 0 
vn 0 0 -1 
vn 0 1 0 
vn 0 0 -1 
vn 0 0 -1 
vn 0 0 -1 
vn 0 0 -1 
vn 0 0 -1 
vn 0 0 -1 
vn 0 0 -1 
vn 1 0 0 
vn 0 0 -1 
vn 1 0 0 
vn 1 0 0 
vn 1 0 0 
vn 0 -1 0 
vn 1 0 0 
vn 1 0 0 
vn 1 0 0 
vn 0 0 1 
vn 1 0 0 
vn 0 1 0 
vn 0 1 0 
vn 0 1 0 
vn 0 1 0 
vn 1 0 0 
vn 1 0 0 
vn 1 0 0 
vn 1 0 0 
vn 0 1 0 
vn 1 0 0 
vn 0 0 -1 
vn 0 0 -1 
vn 1 0 0 
vn 1 0 0 
vn 1 0 0 
vn 0 0 -1 
vn 1 0 0 
vn 0 -1 0 
vn 0 -1 0 
vn 0 -1 0 
vn 0 0 -1 
vn 0 0 -1 
vn 0 0 -1 
vn 0 -1 0 
vn 1 0 0 
vn 1 0 0 
vn 1 0 0 
vn 0 0 -1 
vn 0 -1 0 
vn 0 -1 0 
vn 0 -1 0 
vn 0 -1 0 
vn 0 -1 0 
vn 1 0 0 
vn 1 0 0 
vn 0 -1 0 
vn 0 -1 0 
vn 0 -1 0 
vn 0 -1 0 
vn 1 0 0 
vn 1 0 0 
vn 1 0 0 
vn 1 0 0 
vn 1 0 0 
vn 1 0 0 
vn 0 0 -1 
vn 0 0 -1 
vn 1 0 0 
vn 1 0 0 
vn 1 0 0 
vn 0 0 -1 
vn 1 0 0 
vn 1 0 0 
vn 1 0 0 
vn 0 1 0 
vn 0 1 0 
vn 0 1 0 
vn 1 0 0 
vn 0 1 0 
vn 0 0 -1 
vn 0 0 -1 
vn 0 0 -1 
vn 0 0 -1 
vn 1 0 0 
vn 1 0 0 
vn 0 1 0 
vn 0 1 0 
vn 1 0 0 
vn 1 0 0 
vn 1 0 0 
vn 0 1 0 
vn 0 1 0 
vn 0 1 0 
vn 0 1 0 
vn 0 0 -1 
vn 0 0 -1 
vn 0 0 -1 
vn 0 0 -1 
vn 1 0 0 
vn 1 0 0 
vn 1 0 0 
vn 0 -1 0 
vn 0 0 -1 
vn 0 1 0 
vn 0 1 0 
vn 0 1 0 
vn -1 0 0 
vn -1 0 0 
vn -1 0 0 
vn 0 0 -1 
vn 0 1 0 
vn 0 1 0 
vn 0 1 0 
vn 1 0 0 
vn 1 0 0 
vn 1 0 0 
vn 0 1 0 
vn 1 0 0 
vn 1 0 0 
vn 0 -1 0 
vn 0 -1 0 
vn 0 -1 0 
vn 1 0 0 
vn -1 0 0 
vn 0 1 0 
vn 0 -1 0 
vn 0 0 -1 
vn 0 0 1 
vn 0 0 1 
vn 0 0 1 
vn 0 1 0 
vn 0 0 1 
vn 0 0 1 
vn 1 0 0 
vn 1 0 0 
vn 1 0 0 
vn 0 0 -1 
vn 0 0 -1 
vn 0 0 -1 
vn 1 0 0 
vn 0 0 -1 
vn 0 0 -1 
vn 0 0 -1 
vn -1 0 0 
vn -1 0 0 
vn -1 0 0 
vn -1 0 0 
vn -1 0 0 
vn -1 0 0 
vn 0 0 -1 
vn 0 0 -1 
vn 0 1 0 
vn 0 1 0 
vn 0 1 0 
vn -1 0 0 
vn -1 0 0 
vn -1 0 0 
vn 0 0 -1 
vn 0 0 -1 
vn 0 1 0 
vn 0 1 0 
vn 0 1 0 
vn 0 0 -1 
vn 0 0 -1 
vn 0 0 -1 
vn 0 0 -1 
vn 0 0 -1 
vn 0 0 -1 
vn 0 0 -1 
vn 0 0 -1 
vn 0 0 -1 
vn 0 0 -1 
vn 0 0 -1 
vn 0 0 -1 
vn 0 0 -1 
vn 0 0 -1 
vn 0 0 -1 
vn 0 -1 0 
vn 0 -1 0 
vn 0 -1 0 
vn 1 0 0 
vn 1 0 0 
vn 1 0 0 
vn 1 0 0 
vn 1 0 0 
vn 1 0 0 
vn 0 0 -1 
vn 0 0 -1 
vn 0 1 0 
vn 0 1 0 
vn 0 1 0 
vn 0 0 -1 
vn 1 0 0 
vn 1 0 0 
vn 1 0 0 
vn 0 0 -1 
vn 0 0 -1 
vn 0 0 -1 
vn 0 0 -1 
vn 0 0 -1 
vn 0 0 -1 
vn 0 0 -1 
vn 0 0 -1 
vn 0 0 -1 
vn 0 1 0 
vn 0 1 0 
vn 0 1 0 
vn -1 0 0 
vn -1 0 0 
vn -1 0 0 
vn -1 0 0 
vn -1 0 0 
vn -1 0 0 
vn 0 1 0 
vn 0 1 0 
vn 0 1 0 
vn 1 0 0 
vn 1 0 0 
vn 1 0 0 
vn -1 0 0 
vn -1 0 0 
vn -1 0 0 
vn 1 0 0 
vn 1 0 0 
vn 1 0 0 
vn 1 0 0 
vn 1 0 0 
vn 1 0 0 
vn -1 0 0 
vn 0 1 0 
vn 0 1 0 
vn 0 1 0 
vn 0 1 0 
vn -1 0 0 
vn -1 0 0 
vn -1 0 0 
vn -1 0 0 
vn 0 -1 0 
vn 0 1 0 
vn 0 1 0 
vn 0 1 0 
vn -1 0 0 
vn 0 1 0 
vn 0 0 1 
vn 0 0 1 
vn 0 0 1 
vn 0 0 1 
vn 0 0 1 
vn 0 0 1 
vn 0 0 1 
vn 0 0 1 
vn 0 0 1 
vn 0 0 1 
vn 0 0 1 
vn 0 0 1 
vn 0 0 1 
vn 0 1 0 
vn -1 0 0 
vn 0 1 0 
vn -1 0 0 
vn -1 0 0 
vn -1 0 0 
vn -1 0 0 
vn 0 1 0 
vn -1 0 0 
vn 0 1 0 
vn 0 1 0 
vn 0 1 0 
vn 0 1 0 
vn 0 0 1 
vn 0 0 1 
vn 0 0 1 
vn 0 0 1 
vn 0 0 1 
vn 0 0 1 
vn 0 0 1 
vn 0 0 1 
vn 0 0 1 
vn 1 0 0 
vn 1 0 0 
vn 1 0 0 
vn 0 -1 0 
vn 0 -1 0 
vn 0 -1 0 
vn 1 0 0 
vn 0 1 0 
vn 0 1 0 
vn 0 1 0 
vn 0 1 0 
vn 0 -1 0 
vn 0 -1 0 
vn 0 -1 0 
vn 0 -1 0 
vn 1 0 0 
vn 0 -1 0 
vn 0 -1 0 
vn 0 -1 0 
vn 1 0 0 
vn 0 0 1 
vn 0 0 1 
vn 0 0 1 
vn 0 1 0 
vn 0 0 1 
vn 0 0 1 
vn 0 0 1 
vn 0 -1 0 
vn 1 0 0 
vn 0 0 1 
vn 0 0 1 
vn 0 -1 0 
vn 0 -1 0 
vn 0 -1 0 
vn 0 -1 0 
vn 1 0 0 
vn 0 -1 0 
vn 1 0 0 
vn -1 0 0 
vn 1 0 0 
vn 0 1 0 
vn 0 1 0 
vn 0 1 0 
vn 0 1 0 
vn 0 1 0 
vn 0 0 1 
vn -1 0 0 
vn 0 0 1 
vn 0 0 1 
vn 0 0 1 
vn 0 0 1 
vn 0 0 1 
vn 0 0 1 
vn 0 0 1 
vn 0 0 1 

vt 0.249196 0.0884373 
vt 0.209006 0.0884373 
vt 0.249196 0.0482476 
vt 0.289386 0.0884373 
vt 0.249196 0.128627 
vt 0.377922 0.826132 
vt 0.337733 0.826132 
vt 0.377922 0.866322 
vt 0.911098 0.194684 
vt 0.870908 0.234874 
vt 0.870908 0.194684 
vt 0.209006 0.0482476 
vt 0.209006 0.128627 
vt 0.337733 0.866322 
vt 0.289386 0.209006 
vt 0.184932 0.882438 
vt 0.144743 0.922627 
vt 0.144743 0.882438 
vt 0.60717 0.921182 
vt 0.60717 0.961372 
vt 0.64736 0.921182 
vt 0.64736 0.961372 
vt 0.538681 0.75347 
vt 0.498491 0.632901 
vt 0.538681 0.632901 
vt 0.184932 0.922627 
vt 0.184932 0.769827 
vt 0.144743 0.769827 
vt 0.144743 0.729637 
vt 0.911233 0.104553 
vt 0.911233 0.144743 
vt 0.951422 0.104553 
vt 0.951422 0.144743 
vt 0.584278 0.178568 
vt 0.584278 0.121732 
vt 0.612697 0.15015 
vt 0.911098 0.234874 
vt 0.249196 0.168817 
vt 0.0482475 0.89243 
vt 0.00805786 0.89243 
vt 0.0482475 0.85224 
vt 0.249196 0.209006 
vt 0.209006 0.168817 
vt 0.55586 0.15015 
vt 0.209006 0.249196 
vt 0.209006 0.209006 
vt 0.249196 0.249196 
vt 0.498491 0.75347 
vt 0.707597 0.921182 
vt 0.707597 0.961372 
vt 0.667408 0.921182 
vt 0.667408 0.961372 
vt 0.281427 0.769827 
vt 0.281427 0.729637 
vt 0.321617 0.729637 
vt 0.0482475 0.908546 
vt 0.00805784 0.948735 
vt 0.00805784 0.908546 
vt 0.0482475 0.948735 
vt 0.952961 0.552522 
vt 0.952961 0.592712 
vt 0.912771 0.552522 
vt 0.912771 0.592712 
vt 0.00805786 0.85224 
vt 0.584278 0.0648947 
vt 0.612697 0.0933131 
vt 0.297543 0.826132 
vt 0.257353 0.826132 
vt 0.297543 0.866322 
vt 0.799245 0.825891 
vt 0.799245 0.866081 
vt 0.759056 0.866081 
vt 0.438254 0.866081 
vt 0.478444 0.906271 
vt 0.438254 0.906271 
vt 0.855551 0.862402 
vt 0.815361 0.862402 
vt 0.855551 0.902592 
vt 0.478444 0.866081 
vt 0.55586 0.0364763 
vt 0.612697 0.0364763 
vt 0.257353 0.866322 
vt 0.871667 0.862402 
vt 0.911856 0.902592 
vt 0.871667 0.902592 
vt 0.911856 0.862402 
vt 0.168817 0.0482476 
vt 0.209006 0.00805783 
vt 0.759056 0.825891 
vt 0.674901 0.194684 
vt 0.674901 0.315253 
vt 0.715091 0.194684 
vt 0.128627 0.0482476 
vt 0.168817 0.0884373 
vt 0.470604 0.121731 
vt 0.611102 0.864877 
vt 0.651292 0.905066 
vt 0.611102 0.905066 
vt 0.651292 0.864877 
vt 0.527441 0.178568 
vt 0.499023 0.15015 
vt 0.884007 0.427864 
vt 0.843817 0.427864 
vt 0.884007 0.387674 
vt 0.843817 0.387674 
vt 0.201048 0.826132 
vt 0.241238 0.866322 
vt 0.201048 0.866322 
vt 0.442186 0.15015 
vt 0.470604 0.178568 
vt 0.241238 0.826132 
vt 0.168817 0.249196 
vt 0.968162 0.862402 
vt 0.927972 0.902592 
vt 0.927972 0.862402 
vt 0.209006 0.289386 
vt 0.968162 0.902592 
vt 0.168817 0.209006 
vt 0.534749 0.905066 
vt 0.494559 0.905066 
vt 0.534749 0.864877 
vt 0.0884372 0.289386 
vt 0.281427 0.456268 
vt 0.241238 0.576837 
vt 0.241238 0.456268 
vt 0.554797 0.75347 
vt 0.594987 0.632901 
vt 0.594987 0.75347 
vt 0.281427 0.673332 
vt 0.321617 0.713521 
vt 0.241238 0.713521 
vt 0.104553 0.908546 
vt 0.0643632 0.948735 
vt 0.0643632 0.908546 
vt 0.967403 0.194684 
vt 0.927214 0.194684 
vt 0.967403 0.234874 
vt 0.927214 0.234874 
vt 0.321617 0.673332 
vt 0.225122 0.729637 
vt 0.225122 0.810017 
vt 0.184932 0.810017 
vt 0.104553 0.948735 
vt 0.104553 0.836125 
vt 0.104553 0.755745 
vt 0.0643632 0.755745 
vt 0.0643632 0.836125 
vt 0.345691 0.0482476 
vt 0.345691 0.00805783 
vt 0.42607 0.00805783 
vt 0.42607 0.00805783 
vt 0.345691 0.168817 
vt 0.345691 0.0482476 
vt 0.241238 0.592952 
vt 0.669002 0.0482475 
vt 0.709192 0.128627 
vt 0.709192 0.00805783 
vt 0.669002 0.0482475 
vt 0.669002 0.128627 
vt 0.709192 0.128627 
vt 0.281427 0.592952 
vt 0.554797 0.632901 
vt 0.305501 0.168817 
vt 0.305501 0.0482476 
vt 0.345691 0.168817 
vt 0.909034 0.769586 
vt 0.868844 0.769586 
vt 0.909034 0.729396 
vt 0.952961 0.536406 
vt 0.912771 0.496217 
vt 0.952961 0.496217 
vt 0.868844 0.729396 
vt 0.538681 0.616786 
vt 0.538681 0.576596 
vt 0.578871 0.576596 
vt 0.619061 0.616786 
vt 0.538681 0.616786 
vt 0.578871 0.576596 
vt 0.321617 0.810017 
vt 0.912771 0.536406 
vt 0.42607 0.209006 
vt 0.345691 0.209006 
vt 0.42607 0.209006 
vt 0.00805783 0.836125 
vt 0.0482475 0.755745 
vt 0.0482475 0.836125 
vt 0.00805783 0.755745 
vt 0.619061 0.496217 
vt 0.619061 0.616786 
vt 0.578871 0.496217 
vt 0.225122 0.456268 
vt 0.225122 0.576837 
vt 0.184932 0.496457 
vt 0.184932 0.576837 
vt 0.241238 0.810017 
vt 0.709192 0.00805783 
vt 0.628812 0.00805783 
vt 0.628812 0.0482475 
vt 0.241238 0.769827 
vt 0.144743 0.456268 
vt 0.966199 0.291179 
vt 0.926009 0.331369 
vt 0.926009 0.291179 
vt 0.00805785 0.345691 
vt 0.00805786 0.46626 
vt 0.0482475 0.345691 
vt 0.966199 0.331369 
vt 0.675366 0.616786 
vt 0.635176 0.496217 
vt 0.675366 0.496217 
vt 0.144743 0.496457 
vt 0.855551 0.918707 
vt 0.815361 0.958897 
vt 0.815361 0.918707 
vt 0.787512 0.387674 
vt 0.827702 0.468053 
vt 0.787512 0.468053 
vt 0.827702 0.387674 
vt 0.731207 0.291179 
vt 0.810382 0.371558 
vt 0.731207 0.371558 
vt 0.651292 0.848761 
vt 0.611102 0.769586 
vt 0.651292 0.769586 
vt 0.128627 0.305501 
vt 0.0482475 0.305501 
vt 0.128627 0.50645 
vt 0.855551 0.958897 
vt 0.591055 0.769586 
vt 0.550865 0.848761 
vt 0.550865 0.769586 
vt 0.416908 0.592953 
vt 0.337733 0.713522 
vt 0.337733 0.592953 
vt 0.611102 0.848761 
vt 0.591055 0.848761 
vt 0.815361 0.632901 
vt 0.825191 0.642968 
vt 0.825191 0.664511 
vt 0.715091 0.331369 
vt 0.715091 0.451938 
vt 0.674901 0.331369 
vt 0.64736 0.632901 
vt 0.64736 0.75347 
vt 0.611102 0.632901 
vt 0.104553 0.522565 
vt 0.104553 0.597533 
vt 0.115709 0.522565 
vt 0.815361 0.707869 
vt 0.815361 0.632901 
vt 0.825191 0.664511 
vt 0.893355 0.1762 
vt 0.882199 0.160858 
vt 0.893355 0.160858 
vt 0.810382 0.291179 
vt 0.759056 0.713281 
vt 0.799245 0.632901 
vt 0.799245 0.713281 
vt 0.759056 0.632901 
vt 0.442186 0.849966 
vt 0.442186 0.769586 
vt 0.478444 0.849966 
vt 0.663476 0.632901 
vt 0.663476 0.75347 
vt 0.699733 0.632901 
vt 0.478444 0.769586 
vt 0.658786 0.194684 
vt 0.578406 0.315253 
vt 0.578406 0.194684 
vt 0.815361 0.632901 
vt 0.830703 0.632901 
vt 0.825191 0.642968 
vt 0.460086 0.324359 
vt 0.442186 0.225256 
vt 0.460086 0.225256 
vt 0.513787 0.213796 
vt 0.460086 0.225256 
vt 0.460086 0.213796 
vt 0.513787 0.225256 
vt 0.513787 0.29818 
vt 0.460086 0.225256 
vt 0.513787 0.225256 
vt 0.495887 0.310079 
vt 0.442186 0.329335 
vt 0.477987 0.318517 
vt 0.460086 0.324359 
vt 0.495887 0.310079 
vt 0.513787 0.29818 
vt 0.513787 0.225256 
vt 0.531687 0.236195 
vt 0.228624 0.938743 
vt 0.228624 0.965834 
vt 0.240084 0.938743 
vt 0.853588 0.291179 
vt 0.826497 0.34488 
vt 0.826497 0.291179 
vt 0.268813 0.965834 
vt 0.257353 0.938743 
vt 0.268813 0.938743 
vt 0.721512 0.171834 
vt 0.741991 0.144743 
vt 0.721512 0.144743 
vt 0.74294 0.882715 
vt 0.74294 0.909806 
vt 0.72504 0.909806 
vt 0.725307 0.112136 
vt 0.752398 0.00805783 
vt 0.725307 0.00805783 
vt 0.74294 0.8666 
vt 0.72504 0.839509 
vt 0.72504 0.8666 
vt 0.522737 0.225256 
vt 0.531687 0.236195 
vt 0.531687 0.29818 
vt 0.522737 0.204777 
vt 0.531687 0.204777 
vt 0.531687 0.215163 
vt 0.531687 0.194684 
vt 0.541634 0.194684 
vt 0.541634 0.215163 
vt 0.531687 0.225256 
vt 0.540249 0.225256 
vt 0.551173 0.236195 
vt 0.972081 0.945798 
vt 0.961988 0.918707 
vt 0.972081 0.918707 
vt 0.394038 0.89643 
vt 0.394038 0.869339 
vt 0.414517 0.869339 
vt 0.540249 0.216333 
vt 0.551173 0.225256 
vt 0.56229 0.216333 
vt 0.56229 0.225256 
vt 0.811721 0.104553 
vt 0.838812 0.166538 
vt 0.811721 0.166538 
vt 0.297543 0.965834 
vt 0.297543 0.938743 
vt 0.286426 0.965834 
vt 0.513787 0.29818 
vt 0.513787 0.310079 
vt 0.830703 0.642968 
vt 0.882199 0.1762 
vt 0.685183 0.479209 
vt 0.685183 0.468053 
vt 0.679671 0.479209 
vt 0.641927 0.479209 
vt 0.63186 0.468053 
vt 0.641927 0.468053 
vt 0.918529 0.347484 
vt 0.907373 0.369027 
vt 0.907373 0.347484 
vt 0.656084 0.175569 
vt 0.656084 0.144743 
vt 0.66724 0.175569 
vt 0.825191 0.664511 
vt 0.856017 0.664511 
vt 0.856017 0.676259 
vt 0.831176 0.767652 
vt 0.815361 0.751725 
vt 0.831176 0.751725 
vt 0.878303 0.0643632 
vt 0.894117 0.0859165 
vt 0.878303 0.0859165 
vt 0.918529 0.369027 
vt 0.679671 0.468053 
vt 0.63186 0.479209 
vt 0.894117 0.0643632 
vt 0.66724 0.144743 
vt 0.839052 0.592712 
vt 0.823125 0.614265 
vt 0.839052 0.614265 
vt 0.589562 0.479802 
vt 0.578406 0.468053 
vt 0.589562 0.468053 
vt 0.824819 0.0463136 
vt 0.840634 0.0303864 
vt 0.824819 0.0303864 
vt 0.747787 0.61504 
vt 0.76934 0.61504 
vt 0.76934 0.592712 
vt 0.747787 0.592712 
vt 0.892461 0.250989 
vt 0.870908 0.272543 
vt 0.870908 0.250989 
vt 0.831176 0.729396 
vt 0.852729 0.729396 
vt 0.892461 0.272543 
vt 0.862187 0.00805783 
vt 0.840634 0.00805783 
vt 0.840634 0.0463136 
vt 0.852729 0.789981 
vt 0.126106 0.613649 
vt 0.126106 0.674233 
vt 0.104553 0.613649 
vt 0.460086 0.329335 
vt 0.442186 0.329335 
vt 0.286804 0.332592 
vt 0.280963 0.305501 
vt 0.286804 0.305501 
vt 0.74294 0.953013 
vt 0.72504 0.925922 
vt 0.72504 0.953013 
vt 0.495887 0.318517 
vt 0.99192 0.414765 
vt 0.983482 0.387674 
vt 0.99192 0.387674 
vt 0.477987 0.324359 
vt 0.945872 0.945798 
vt 0.927972 0.918707 
vt 0.927972 0.945798 
vt 0.126594 0.760646 
vt 0.121618 0.733555 
vt 0.126594 0.733555 
vt 0.411938 0.939637 
vt 0.394038 0.912546 
vt 0.394038 0.939637 
vt 0.98858 0.44398 
vt 0.98858 0.47107 
vt 0.97963 0.47107 
vt 0.240084 0.965834 
vt 0.978027 0.552522 
vt 0.969076 0.579613 
vt 0.969076 0.552522 
vt 0.978027 0.579613 
vt 0.967538 0.131644 
vt 0.977631 0.104553 
vt 0.967538 0.104553 
vt 0.257353 0.965834 
vt 0.72504 0.882715 
vt 0.961988 0.945798 
vt 0.0330966 0.991942 
vt 0.0330966 0.964851 
vt 0.0416586 0.991942 
vt 0.741991 0.171834 
vt 0.853588 0.34488 
vt 0.225294 0.315595 
vt 0.225294 0.336074 
vt 0.234244 0.325981 
vt 0.234244 0.315595 
vt 0.225294 0.315595 
vt 0.234244 0.325981 
vt 0.977631 0.131644 
vt 0.216344 0.324614 
vt 0.162643 0.324614 
vt 0.216344 0.336074 
vt 0.162643 0.336074 
vt 0.97963 0.44398 
vt 0.234244 0.336074 
vt 0.225294 0.336074 
vt 0.967538 0.14776 
vt 0.967538 0.174851 
vt 0.977485 0.14776 
vt 0.968624 0.0351489 
vt 0.968624 0.00805789 
vt 0.978571 0.0351489 
vt 0.978571 0.00805789 
vt 0.977485 0.174851 
vt 0.414517 0.89643 
vt 0.705397 0.144743 
vt 0.705397 0.171834 
vt 0.683356 0.171834 
vt 0.990378 0.729396 
vt 0.981455 0.756487 
vt 0.990378 0.756487 
vt 0.981455 0.729396 
vt 0.991238 0.31827 
vt 0.982315 0.291179 
vt 0.991238 0.291179 
vt 0.982315 0.31827 
vt 0.244191 0.305501 
vt 0.234244 0.305501 
vt 0.244191 0.325981 
vt 0.244191 0.325981 
vt 0.244191 0.305501 
vt 0.234244 0.315595 
vt 0.683356 0.144743 
vt 0.264847 0.327151 
vt 0.242806 0.327151 
vt 0.25373 0.336074 
vt 0.242806 0.336074 
vt 0.286426 0.938743 
vt 0.264847 0.336074 
vt 0.0416586 0.964851 
vt 0.752398 0.112136 
vt 0.74294 0.925922 
vt 0.983482 0.414765 
vt 0.74294 0.780186 
vt 0.72504 0.753095 
vt 0.72504 0.780186 
vt 0.280963 0.332592 
vt 0.945872 0.918707 
vt 0.121618 0.760646 
vt 0.411938 0.912546 
vt 0.144743 0.336074 
vt 0.144743 0.440152 
vt 0.162643 0.435176 
vt 0.180543 0.429334 
vt 0.198443 0.420897 
vt 0.216344 0.408997 
vt 0.162643 0.440152 
vt 0.180543 0.435176 
vt 0.198443 0.429334 
vt 0.216344 0.420897 
vt 0.838812 0.104553 
vt 0.899898 0.44398 
vt 0.880412 0.44398 
vt 0.880412 0.471071 
vt 0.899898 0.471071 
vt 0.375904 0.938743 
vt 0.364966 0.965834 
vt 0.364966 0.938743 
vt 0.74294 0.839509 
vt 0.74294 0.753095 
vt 0.963515 0.47107 
vt 0.951615 0.44398 
vt 0.963515 0.44398 
vt 0.951615 0.47107 
vt 0.375904 0.965834 
vt 0.234244 0.347012 
vt 0.25373 0.347012 
vt 0.234244 0.408997 
vt 0.578406 0.479802 
vt 0.584278 0.00805789 
vt 0.815361 0.902592 
vt 0.707597 0.905066 
vt 0.707597 0.864877 
vt 0.667408 0.905066 
vt 0.667408 0.864877 
vt 0.104553 0.85224 
vt 0.0643632 0.85224 
vt 0.104553 0.89243 
vt 0.499023 0.0364763 
vt 0.527441 0.00805789 
vt 0.855551 0.846286 
vt 0.855551 0.806096 
vt 0.815361 0.846286 
vt 0.0643632 0.89243 
vt 0.0884372 0.00805783 
vt 0.209006 0.00805783 
vt 0.128627 0.0482476 
vt 0.715091 0.315253 
vt 0.0884372 0.0482476 
vt 0.0884372 0.00805783 
vt 0.128627 0.0884373 
vt 0.0884372 0.0884373 
vt 0.911856 0.846286 
vt 0.871667 0.806096 
vt 0.871667 0.846286 
vt 0.911856 0.806096 
vt 0.815361 0.806096 
vt 0.470604 0.0648947 
vt 0.184932 0.866322 
vt 0.184932 0.826132 
vt 0.144743 0.866322 
vt 0.494559 0.864877 
vt 0.442186 0.0933131 
vt 0.591055 0.864877 
vt 0.550865 0.864877 
vt 0.550865 0.905066 
vt 0.591055 0.905066 
vt 0.856466 0.536406 
vt 0.856466 0.496217 
vt 0.896655 0.496217 
vt 0.896655 0.536406 
vt 0.144743 0.826132 
vt 0.128627 0.249196 
vt 0.0884372 0.209006 
vt 0.128627 0.209006 
vt 0.281427 0.576837 
vt 0.0884372 0.249196 
vt 0.968162 0.846286 
vt 0.968162 0.806097 
vt 0.927972 0.806097 
vt 0.927972 0.846286 
vt 0.494559 0.921182 
vt 0.494559 0.961372 
vt 0.534749 0.921182 
vt 0.0482475 0.0482476 
vt 0.0884372 0.128627 
vt 0.0482475 0.0884373 
vt 0.895117 0.104553 
vt 0.854927 0.104553 
vt 0.895117 0.144743 
vt 0.470605 0.00805789 
vt 0.854927 0.144743 
vt 0.00805783 0.0884373 
vt 0.0482475 0.128627 
vt 0.0482475 0.168817 
vt 0.909894 0.291179 
vt 0.869704 0.291179 
vt 0.869704 0.331369 
vt 0.534749 0.961372 
vt 0.799245 0.922387 
vt 0.799245 0.882197 
vt 0.759056 0.882197 
vt 0.759056 0.922387 
vt 0.257353 0.882438 
vt 0.257353 0.922627 
vt 0.297543 0.882438 
vt 0.297543 0.922627 
vt 0.442186 0.75347 
vt 0.482376 0.632901 
vt 0.442186 0.632901 
vt 0.731671 0.616786 
vt 0.691482 0.496217 
vt 0.731671 0.496217 
vt 0.909894 0.331369 
vt 0.442186 0.0364763 
vt 0.896655 0.592712 
vt 0.856466 0.592712 
vt 0.896655 0.552522 
vt 0.0884372 0.168817 
vt 0.0482475 0.209006 
vt 0.856466 0.552522 
vt 0.00805783 0.209006 
vt 0.0482475 0.249196 
vt 0.900123 0.427864 
vt 0.940313 0.427864 
vt 0.900123 0.387674 
vt 0.940313 0.387674 
vt 0.591055 0.921182 
vt 0.591055 0.961372 
vt 0.550865 0.921182 
vt 0.550865 0.961372 
vt 0.377922 0.882438 
vt 0.377922 0.922627 
vt 0.337733 0.882438 
vt 0.482376 0.75347 
vt 0.691482 0.616786 
vt 0.337733 0.922627 
vt 0.00805784 0.65925 
vt 0.0884372 0.65925 
vt 0.0482475 0.69944 
vt 0.635176 0.616786 
vt 0.0482475 0.46626 
vt 0.92515 0.769586 
vt 0.96534 0.769586 
vt 0.92515 0.729396 
vt 0.0884372 0.65925 
vt 0.0884372 0.69944 
vt 0.0482475 0.69944 
vt 0.771396 0.234874 
vt 0.811586 0.234874 
vt 0.811586 0.275063 
vt 0.618596 0.371558 
vt 0.658786 0.331369 
vt 0.578406 0.331369 
vt 0.771396 0.234874 
vt 0.811586 0.275063 
vt 0.731207 0.275063 
vt 0.00805784 0.522565 
vt 0.0884372 0.522565 
vt 0.0482475 0.562755 
vt 0.96534 0.729396 
vt 0.911856 0.918707 
vt 0.871667 0.958897 
vt 0.871667 0.918707 
vt 0.658786 0.371558 
vt 0.0884372 0.562755 
vt 0.707597 0.848761 
vt 0.667408 0.769586 
vt 0.707597 0.769586 
vt 0.0482475 0.50645 
vt 0.759056 0.729396 
vt 0.759056 0.809776 
vt 0.799245 0.729396 
vt 0.911856 0.958897 
vt 0.494559 0.769586 
vt 0.534749 0.848761 
vt 0.534749 0.769586 
vt 0.416908 0.713522 
vt 0.674901 0.451938 
vt 0.611102 0.75347 
vt 0.825191 0.664511 
vt 0.825191 0.676259 
vt 0.815361 0.707869 
vt 0.825191 0.676259 
vt 0.825191 0.697802 
vt 0.815361 0.707869 
vt 0.494559 0.848761 
vt 0.667408 0.848761 
vt 0.854927 0.1762 
vt 0.866083 0.160858 
vt 0.854927 0.160858 
vt 0.115709 0.597533 
vt 0.804092 0.496217 
vt 0.804092 0.576596 
vt 0.84035 0.496217 
vt 0.699733 0.75347 
vt 0.84035 0.576596 
vt 0.658786 0.315253 
vt 0.808704 0.0884372 
vt 0.768514 0.00805783 
vt 0.808704 0.00805783 
vt 0.416908 0.810017 
vt 0.337733 0.729637 
vt 0.337733 0.810017 
vt 0.416908 0.729637 
vt 0.768514 0.0884372 
vt 0.799245 0.809776 
vt 0.00805784 0.73963 
vt 0.00805784 0.65925 
vt 0.144743 0.713521 
vt 0.225122 0.713521 
vt 0.184932 0.673332 
vt 0.0482475 0.73963 
vt 0.225122 0.673332 
vt 0.438254 0.922387 
vt 0.438254 0.962576 
vt 0.478444 0.922387 
vt 0.918492 0.0482476 
vt 0.878303 0.00805783 
vt 0.918492 0.00805783 
vt 0.478444 0.962576 
vt 0.305501 0.385881 
vt 0.345691 0.265312 
vt 0.305501 0.265312 
vt 0.878303 0.0482476 
vt 0.578406 0.331369 
vt 0.578406 0.451938 
vt 0.618596 0.371558 
vt 0.578406 0.451938 
vt 0.618596 0.451938 
vt 0.144743 0.592952 
vt 0.184932 0.592952 
vt 0.771396 0.468053 
vt 0.771396 0.387674 
vt 0.731207 0.387674 
vt 0.731207 0.468053 
vt 0.42607 0.225122 
vt 0.345691 0.225122 
vt 0.345691 0.385881 
vt 0.42607 0.225122 
vt 0.345691 0.265312 
vt 0.42607 0.42607 
vt 0.731207 0.194684 
vt 0.771396 0.194684 
vt 0.482376 0.576596 
vt 0.442186 0.576596 
vt 0.442186 0.616786 
vt 0.731207 0.275063 
vt 0.482376 0.576596 
vt 0.442186 0.616786 
vt 0.522565 0.616786 
vt 0.912323 0.673091 
vt 0.872133 0.673091 
vt 0.912323 0.632901 
vt 0.345691 0.385881 
vt 0.872133 0.632901 
vt 0.241238 0.922627 
vt 0.201048 0.882438 
vt 0.241238 0.882438 
vt 0.201048 0.922627 
vt 0.522565 0.616786 
vt 0.522565 0.496217 
vt 0.0482475 0.643135 
vt 0.00805784 0.643135 
vt 0.482376 0.496217 
vt 0.345691 0.42607 
vt 0.42607 0.42607 
vt 0.747787 0.576596 
vt 0.787977 0.496217 
vt 0.787977 0.576596 
vt 0.747787 0.496217 
vt 0.830703 0.707869 
vt 0.815361 0.707869 
vt 0.825191 0.697802 
vt 0.825191 0.676259 
vt 0.628812 0.175569 
vt 0.639968 0.144743 
vt 0.628812 0.144743 
vt 0.823125 0.592712 
vt 0.815361 0.767652 
vt 0.919733 0.250989 
vt 0.908577 0.272532 
vt 0.908577 0.250989 
vt 0.658043 0.479209 
vt 0.658043 0.468053 
vt 0.663555 0.479209 
vt 0.830703 0.697802 
vt 0.615745 0.479209 
vt 0.605678 0.468053 
vt 0.615745 0.468053 
vt 0.887948 0.689207 
vt 0.872133 0.71076 
vt 0.887948 0.71076 
vt 0.919733 0.272532 
vt 0.639968 0.175569 
vt 0.872133 0.689207 
vt 0.785456 0.61504 
vt 0.807009 0.61504 
vt 0.807009 0.592712 
vt 0.866083 0.1762 
vt 0.663555 0.468053 
vt 0.605678 0.479209 
vt 0.785456 0.592712 
vt 0.831176 0.789981 
vt 0.840634 0.0463136 
vt 0.862187 0.0686422 
vt 0.862187 0.00805783 
vt 0.104553 0.674233 
vt 0.840634 0.0686422 
vt 0.862187 0.0686422 
vt 0.891257 0.369038 
vt 0.869704 0.347484 
vt 0.869704 0.369038 
vt 0.442186 0.449529 
vt 0.442186 0.34545 
vt 0.460086 0.350426 
vt 0.891257 0.347484 
vt 0.460086 0.34545 
vt 0.477987 0.350426 
vt 0.477987 0.356268 
vt 0.952508 0.0783555 
vt 0.934608 0.0783555 
vt 0.934608 0.0512645 
vt 0.776956 0.965593 
vt 0.759056 0.965593 
vt 0.759056 0.938502 
vt 0.495887 0.356268 
vt 0.495887 0.364706 
vt 0.0890409 0.991942 
vt 0.0890409 0.964851 
vt 0.0974786 0.964851 
vt 0.74294 0.823393 
vt 0.72504 0.823393 
vt 0.72504 0.796302 
vt 0.513787 0.364706 
vt 0.513787 0.376605 
vt 0.144743 0.965834 
vt 0.144743 0.938743 
vt 0.156642 0.938743 
vt 0.460086 0.449529 
vt 0.513787 0.376605 
vt 0.460086 0.449529 
vt 0.495887 0.364706 
vt 0.531687 0.376605 
vt 0.531687 0.43859 
vt 0.513787 0.376605 
vt 0.513787 0.449529 
vt 0.513787 0.449529 
vt 0.460086 0.460989 
vt 0.513787 0.449529 
vt 0.522737 0.470008 
vt 0.522737 0.449529 
vt 0.531687 0.459622 
vt 0.531687 0.43859 
vt 0.74294 0.73698 
vt 0.715849 0.632901 
vt 0.715849 0.73698 
vt 0.946339 0.703199 
vt 0.946339 0.676108 
vt 0.928438 0.703199 
vt 0.936922 0.989005 
vt 0.936922 0.961914 
vt 0.927972 0.989005 
vt 0.531687 0.449529 
vt 0.513787 0.460989 
vt 0.212508 0.938743 
vt 0.201048 0.965834 
vt 0.201048 0.938743 
vt 0.531687 0.470008 
vt 0.402988 0.982843 
vt 0.402988 0.955752 
vt 0.394038 0.982843 
vt 0.540249 0.449529 
vt 0.551173 0.43859 
vt 0.551173 0.449529 
vt 0.56229 0.449529 
vt 0.56229 0.458452 
vt 0.540249 0.458452 
vt 0.541634 0.459622 
vt 0.541634 0.480101 
vt 0.531687 0.480101 
vt 0.795605 0.104553 
vt 0.768514 0.166538 
vt 0.768514 0.104553 
vt 0.9355 0.44398 
vt 0.9355 0.471071 
vt 0.916014 0.471071 
vt 0.34885 0.938743 
vt 0.34885 0.965834 
vt 0.337733 0.965834 
vt 0.0169809 0.964851 
vt 0.00805784 0.991942 
vt 0.00805784 0.964851 
vt 0.979024 0.523308 
vt 0.969077 0.496217 
vt 0.969077 0.523308 
vt 0.978571 0.0512645 
vt 0.978571 0.0783555 
vt 0.968624 0.0783555 
vt 0.126594 0.71744 
vt 0.104553 0.690349 
vt 0.104553 0.71744 
vt 0.854793 0.248385 
vt 0.827702 0.194684 
vt 0.827702 0.248385 
vt 0.952508 0.0512645 
vt 0.285939 0.391915 
vt 0.285939 0.419006 
vt 0.280963 0.419006 
vt 0.280963 0.391915 
vt 0.952508 0.0351488 
vt 0.934608 0.0351488 
vt 0.934608 0.00805783 
vt 0.952508 0.00805783 
vt 0.74294 0.632901 
vt 0.280963 0.375799 
vt 0.280963 0.348708 
vt 0.286804 0.348708 
vt 0.776956 0.938502 
vt 0.286804 0.375799 
vt 0.305501 0.546264 
vt 0.323402 0.447162 
vt 0.305501 0.442186 
vt 0.323402 0.442186 
vt 0.305501 0.442186 
vt 0.323402 0.447162 
vt 0.341302 0.453004 
vt 0.341302 0.447162 
vt 0.359202 0.461441 
vt 0.359202 0.453004 
vt 0.323402 0.546264 
vt 0.323402 0.546264 
vt 0.377102 0.473341 
vt 0.0974786 0.991942 
vt 0.74294 0.796302 
vt 0.156642 0.965834 
vt 0.946339 0.659992 
vt 0.928438 0.659992 
vt 0.928438 0.632901 
vt 0.946339 0.632901 
vt 0.795605 0.166538 
vt 0.916014 0.44398 
vt 0.967367 0.414765 
vt 0.956428 0.387674 
vt 0.967367 0.387674 
vt 0.956428 0.414765 
vt 0.377102 0.546264 
vt 0.377102 0.461441 
vt 0.395003 0.535326 
vt 0.395003 0.473341 
vt 0.414488 0.535326 
vt 0.403565 0.546264 
vt 0.386052 0.546264 
vt 0.395003 0.546264 
vt 0.414488 0.546264 
vt 0.0729252 0.991942 
vt 0.0643632 0.964851 
vt 0.0643632 0.991942 
vt 0.172758 0.938743 
vt 0.184218 0.965834 
vt 0.184218 0.938743 
vt 0.928438 0.676108 
vt 0.212508 0.965834 
vt 0.972548 0.676108 
vt 0.962454 0.703199 
vt 0.962454 0.676108 
vt 0.843817 0.44398 
vt 0.864296 0.47107 
vt 0.864296 0.44398 
vt 0.172758 0.965834 
vt 0.854793 0.194684 
vt 0.962454 0.632901 
vt 0.972548 0.659992 
vt 0.972548 0.632901 
vt 0.927972 0.961914 
vt 0.377102 0.557724 
vt 0.323402 0.557724 
vt 0.395003 0.556358 
vt 0.972548 0.703199 
vt 0.386052 0.546264 
vt 0.386052 0.566744 
vt 0.395003 0.556358 
vt 0.843817 0.47107 
vt 0.394038 0.955752 
vt 0.386052 0.566744 
vt 0.395003 0.566744 
vt 0.962454 0.659992 
vt 0.982315 0.334386 
vt 0.991238 0.361477 
vt 0.991238 0.334386 
vt 0.0729252 0.964851 
vt 0.982315 0.361477 
vt 0.126594 0.690349 
vt 0.968624 0.0512645 
vt 0.979024 0.496217 
vt 0.394038 0.853223 
vt 0.414517 0.826132 
vt 0.414517 0.853223 
vt 0.394038 0.826132 
vt 0.0169809 0.991942 
vt 0.403565 0.555187 
vt 0.337733 0.938743 
vt 0.425606 0.555187 
vt 0.425606 0.546264 
vt 0.40495 0.556358 
vt 0.395003 0.576837 
vt 0.40495 0.576837 
vt 0.40495 0.576837 
vt 0.40495 0.556358 
vt 0.395003 0.566744 

usemtl Sphere1Mtl

f 1522/1522/1522 1523/1523/1523 1524/1524/1524 
f 1954/1954/1954 1524/1524/1524 1523/1523/1523 
f 1524/1524/1524 1954/1954/1954 1545/1545/1545 
f 1954/1954/1954 1982/1982/1982 1545/1545/1545 
f 1524/1524/1524 1545/1545/1545 1543/1543/1543 
f 1543/1543/1543 1544/1544/1544 1524/1524/1524 
f 1408/1408/1408 1409/1409/1409 1410/1410/1410 
f 1860/1860/1860 1410/1410/1410 1409/1409/1409 
f 1473/1473/1473 1474/1474/1474 1475/1475/1475 
f 1476/1476/1476 1477/1477/1477 1478/1478/1478 
f 1515/1515/1515 1516/1516/1516 1476/1476/1476 
f 1514/1514/1514 1515/1515/1515 1476/1476/1476 
f 1964/1964/1964 1965/1965/1965 1966/1966/1966 
f 1964/1964/1964 1977/1977/1977 1965/1965/1965 
f 2041/2041/2041 2042/2042/2042 1964/1964/1964 
f 2038/2038/2038 2039/2039/2039 2040/2040/2040 
f 1348/1348/1348 1349/1349/1349 1350/1350/1350 
f 1349/1349/1349 1351/1351/1351 1350/1350/1350 
f 1394/1394/1394 1395/1395/1395 1396/1396/1396 
f 1395/1395/1395 1843/1843/1843 1396/1396/1396 
f 1462/1462/1462 1463/1463/1463 1464/1464/1464 
f 1464/1464/1464 1465/1465/1465 1462/1462/1462 
f 1894/1894/1894 1895/1895/1895 1896/1896/1896 
f 1895/1895/1895 1911/1911/1911 1896/1896/1896 
f 2045/2045/2045 2046/2046/2046 2047/2047/2047 
f 2047/2047/2047 2048/2048/2048 2045/2045/2045 
f 1337/1337/1337 1338/1338/1338 1339/1339/1339 
f 1338/1338/1338 1340/1340/1340 1339/1339/1339 
f 1385/1385/1385 1386/1386/1386 1387/1387/1387 
f 1386/1386/1386 1400/1400/1400 1387/1387/1387 
f 1453/1453/1453 1454/1454/1454 1455/1455/1455 
f 1454/1454/1454 1456/1456/1456 1455/1455/1455 
f 1848/1848/1848 1849/1849/1849 1850/1850/1850 
f 1849/1849/1849 1856/1856/1856 1850/1850/1850 
f 1916/1916/1916 1917/1917/1917 1918/1918/1918 
f 1917/1917/1917 1919/1919/1919 1918/1918/1918 
f 2027/2027/2027 2028/2028/2028 2029/2029/2029 
f 2028/2028/2028 2033/2033/2033 2029/2029/2029 
f 1785/1785/1785 1786/1786/1786 1787/1787/1787 
f 1788/1788/1788 1786/1786/1786 1785/1785/1785 
f 2203/2203/2203 2204/2204/2204 2205/2205/2205 
f 2204/2204/2204 2203/2203/2203 2312/2312/2312 
f 1828/1828/1828 1829/1829/1829 1830/1830/1830 
f 1829/1829/1829 1828/1828/1828 1837/1837/1837 
f 2255/2255/2255 2256/2256/2256 2257/2257/2257 
f 2258/2258/2258 2256/2256/2256 2255/2255/2255 
f 1645/1645/1645 1646/1646/1646 1647/1647/1647 
f 1777/1777/1777 1645/1645/1645 1647/1647/1647 
f 2308/2308/2308 2309/2309/2309 2310/2310/2310 
f 2309/2309/2309 2308/2308/2308 2311/2311/2311 
f 1324/1324/1324 1325/1325/1325 1326/1326/1326 
f 1325/1325/1325 1332/1332/1332 1326/1326/1326 
f 1900/1900/1900 1901/1901/1901 1902/1902/1902 
f 1901/1901/1901 1904/1904/1904 1902/1902/1902 
f 1642/1642/1642 1643/1643/1643 1644/1644/1644 
f 1643/1643/1643 1642/1642/1642 1749/1749/1749 
f 1652/1652/1652 1653/1653/1653 1654/1654/1654 
f 1653/1653/1653 1652/1652/1652 1823/1823/1823 
f 2194/2194/2194 2195/2195/2195 2196/2196/2196 
f 2195/2195/2195 2194/2194/2194 2253/2253/2253 
f 2276/2276/2276 2277/2277/2277 2278/2278/2278 
f 2277/2277/2277 2276/2276/2276 2291/2291/2291 
f 1615/1615/1615 1616/1616/1616 1617/1617/1617 
f 1747/1747/1747 1616/1616/1616 1615/1615/1615 
f 1833/1833/1833 1834/1834/1834 1835/1835/1835 
f 1836/1836/1836 1834/1834/1834 1833/1833/1833 
f 2149/2149/2149 2150/2150/2150 2151/2151/2151 
f 2151/2151/2151 2248/2248/2248 2149/2149/2149 
f 2178/2178/2178 2179/2179/2179 2180/2180/2180 
f 2179/2179/2179 2178/2178/2178 2275/2275/2275 
f 1723/1723/1723 1724/1724/1724 1725/1725/1725 
f 1805/1805/1805 1724/1724/1724 1723/1723/1723 
f 2141/2141/2141 2142/2142/2142 2143/2143/2143 
f 2143/2143/2143 2246/2246/2246 2141/2141/2141 
f 1716/1716/1716 1717/1717/1717 1718/1718/1718 
f 1809/1809/1809 1717/1717/1717 1716/1716/1716 
f 2228/2228/2228 2229/2229/2229 2230/2230/2230 
f 2230/2230/2230 2232/2232/2232 2228/2228/2228 
f 1730/1730/1730 1731/1731/1731 1732/1732/1732 
f 1811/1811/1811 1731/1731/1731 1730/1730/1730 
f 2219/2219/2219 2220/2220/2220 2221/2221/2221 
f 2221/2221/2221 2222/2222/2222 2219/2219/2219 
f 1711/1711/1711 1712/1712/1712 1713/1713/1713 
f 2120/2120/2120 1713/1713/1713 1712/1712/1712 
f 1772/1772/1772 1773/1773/1773 1774/1774/1774 
f 1775/1775/1775 1774/1774/1774 1773/1773/1773 
f 2206/2206/2206 2207/2207/2207 2208/2208/2208 
f 2206/2206/2206 2307/2307/2307 2207/2207/2207 
f 1740/1740/1740 1741/1741/1741 1742/1742/1742 
f 1740/1740/1740 1743/1743/1743 1741/1741/1741 
f 2182/2182/2182 2183/2183/2183 2184/2184/2184 
f 2296/2296/2296 2184/2184/2184 2183/2183/2183 
f 1612/1612/1612 1613/1613/1613 1614/1614/1614 
f 1613/1613/1613 1612/1612/1612 1754/1754/1754 
f 2215/2215/2215 2216/2216/2216 2217/2217/2217 
f 2216/2216/2216 2215/2215/2215 2283/2283/2283 
f 1778/1778/1778 1779/1779/1779 1780/1780/1780 
f 1778/1778/1778 1780/1780/1780 1795/1795/1795 
f 2212/2212/2212 2213/2213/2213 2214/2214/2214 
f 2212/2212/2212 2305/2305/2305 2213/2213/2213 
f 1691/1691/1691 1692/1692/1692 1693/1693/1693 
f 1692/1692/1692 1691/1691/1691 1841/1841/1841 
f 1466/1466/1466 1467/1467/1467 1468/1468/1468 
f 1481/1481/1481 1482/1482/1482 1466/1466/1466 
f 1466/1466/1466 1483/1483/1483 1481/1481/1481 
f 1499/1499/1499 1500/1500/1500 1483/1483/1483 
f 1469/1469/1469 1470/1470/1470 1471/1471/1471 
f 1469/1469/1469 1501/1501/1501 1470/1470/1470 
f 2034/2034/2034 2035/2035/2035 2036/2036/2036 
f 2035/2035/2035 2034/2034/2034 2067/2067/2067 
f 2067/2067/2067 2078/2078/2078 2079/2079/2079 
f 2049/2049/2049 2050/2050/2050 2035/2035/2035 
f 2051/2051/2051 2052/2052/2052 2053/2053/2053 
f 2052/2052/2052 2051/2051/2051 2054/2054/2054 
f 1621/1621/1621 1622/1622/1622 1623/1623/1623 
f 1621/1621/1621 1623/1623/1623 1748/1748/1748 
f 1736/1736/1736 1737/1737/1737 1738/1738/1738 
f 1736/1736/1736 1738/1738/1738 1766/1766/1766 
f 1750/1750/1750 1751/1751/1751 1752/1752/1752 
f 1802/1802/1802 1752/1752/1752 1751/1751/1751 
f 2170/2170/2170 2171/2171/2171 2172/2172/2172 
f 2171/2171/2171 2274/2274/2274 2172/2172/2172 
f 2173/2173/2173 2174/2174/2174 2175/2175/2175 
f 2287/2287/2287 2175/2175/2175 2174/2174/2174 
f 2268/2268/2268 2269/2269/2269 2270/2270/2270 
f 2268/2268/2268 2303/2303/2303 2269/2269/2269 
f 1665/1665/1665 1666/1666/1666 1667/1667/1667 
f 1666/1666/1666 1665/1665/1665 1685/1685/1685 
f 2100/2100/2100 2101/2101/2101 2102/2102/2102 
f 2101/2101/2101 2100/2100/2100 2114/2114/2114 
f 1668/1668/1668 1669/1669/1669 1670/1670/1670 
f 1668/1668/1668 1683/1683/1683 1669/1669/1669 
f 2093/2093/2093 2094/2094/2094 2095/2095/2095 
f 2093/2093/2093 2106/2106/2106 2094/2094/2094 
f 1341/1341/1341 1342/1342/1342 1343/1343/1343 
f 1342/1342/1342 1341/1341/1341 1366/1366/1366 
f 1447/1447/1447 1448/1448/1448 1449/1449/1449 
f 1447/1447/1447 1457/1457/1457 1448/1448/1448 
f 1449/1449/1449 1472/1472/1472 1447/1447/1447 
f 1472/1472/1472 1479/1479/1479 1447/1447/1447 
f 1491/1491/1491 1492/1492/1492 1493/1493/1493 
f 1493/1493/1493 1508/1508/1508 1506/1506/1506 
f 1493/1493/1493 1506/1506/1506 1507/1507/1507 
f 1494/1494/1494 1495/1495/1495 1496/1496/1496 
f 1920/1920/1920 1921/1921/1921 1922/1922/1922 
f 1947/1947/1947 1921/1921/1921 1920/1920/1920 
f 2022/2022/2022 2023/2023/2023 2024/2024/2024 
f 2023/2023/2023 2026/2026/2026 2024/2024/2024 
f 2022/2022/2022 2024/2024/2024 2043/2043/2043 
f 2024/2024/2024 2044/2044/2044 2043/2043/2043 
f 2057/2057/2057 2058/2058/2058 2059/2059/2059 
f 2074/2074/2074 2077/2077/2077 2057/2057/2057 
f 2073/2073/2073 2074/2074/2074 2057/2057/2057 
f 2061/2061/2061 2062/2062/2062 2063/2063/2063 
f 1352/1352/1352 1353/1353/1353 1354/1354/1354 
f 1352/1352/1352 1362/1362/1362 1353/1353/1353 
f 1383/1383/1383 1353/1353/1353 1362/1362/1362 
f 1383/1383/1383 1384/1384/1384 1353/1353/1353 
f 1362/1362/1362 1418/1418/1418 1419/1419/1419 
f 1413/1413/1413 1383/1383/1383 1362/1362/1362 
f 1362/1362/1362 1419/1419/1419 1413/1413/1413 
f 1427/1427/1427 1419/1419/1419 1428/1428/1428 
f 1419/1419/1419 1427/1427/1427 1413/1413/1413 
f 1383/1383/1383 1413/1413/1413 1398/1398/1398 
f 1398/1398/1398 1399/1399/1399 1383/1383/1383 
f 1399/1399/1399 1398/1398/1398 1842/1842/1842 
f 1413/1413/1413 1851/1851/1851 1398/1398/1398 
f 1851/1851/1851 1852/1852/1852 1398/1398/1398 
f 1413/1413/1413 1870/1870/1870 1851/1851/1851 
f 1413/1413/1413 1875/1875/1875 1870/1870/1870 
f 1870/1870/1870 1903/1903/1903 1851/1851/1851 
f 1870/1870/1870 1927/1927/1927 1903/1903/1903 
f 1327/1327/1327 1328/1328/1328 1329/1329/1329 
f 1328/1328/1328 1327/1327/1327 1355/1355/1355 
f 1334/1334/1334 1335/1335/1335 1336/1336/1336 
f 1335/1335/1335 1334/1334/1334 1344/1344/1344 
f 1374/1374/1374 1375/1375/1375 1376/1376/1376 
f 1375/1375/1375 1374/1374/1374 1377/1377/1377 
f 1533/1533/1533 1534/1534/1534 1535/1535/1535 
f 1534/1534/1534 1533/1533/1533 1536/1536/1536 
f 1537/1537/1537 1538/1538/1538 1539/1539/1539 
f 1538/1538/1538 1537/1537/1537 1573/1573/1573 
f 1908/1908/1908 1909/1909/1909 1910/1910/1910 
f 1926/1926/1926 1908/1908/1908 1910/1910/1910 
f 1912/1912/1912 1913/1913/1913 1914/1914/1914 
f 1915/1915/1915 1912/1912/1912 1914/1914/1914 
f 1936/1936/1936 1937/1937/1937 1938/1938/1938 
f 1937/1937/1937 1939/1939/1939 1938/1938/1938 
f 1983/1983/1983 1984/1984/1984 1985/1985/1985 
f 2019/2019/2019 1985/1985/1985 1984/1984/1984 
f 2014/2014/2014 2015/2015/2015 2016/2016/2016 
f 2014/2014/2014 2017/2017/2017 2015/2015/2015 
f 1319/1319/1319 1320/1320/1320 1321/1321/1321 
f 1320/1320/1320 1330/1330/1330 1321/1321/1321 
f 1320/1320/1320 1405/1405/1405 1330/1330/1330 
f 1405/1405/1405 1406/1406/1406 1330/1330/1330 
f 1320/1320/1320 1412/1412/1412 1405/1405/1405 
f 1405/1405/1405 1411/1411/1411 1406/1406/1406 
f 1323/1323/1323 1320/1320/1320 1319/1319/1319 
f 1323/1323/1323 1331/1331/1331 1320/1320/1320 
f 1319/1319/1319 1322/1322/1322 1323/1323/1323 
f 1322/1322/1322 1333/1333/1333 1323/1323/1323 
f 1333/1333/1333 1356/1356/1356 1323/1323/1323 
f 1333/1333/1333 1360/1360/1360 1356/1356/1356 
f 1360/1360/1360 1361/1361/1361 1356/1356/1356 
f 1360/1360/1360 1364/1364/1364 1361/1361/1361 
f 1360/1360/1360 1363/1363/1363 1364/1364/1364 
f 1363/1363/1363 1360/1360/1360 1365/1365/1365 
f 1430/1430/1430 1364/1364/1364 1363/1363/1363 
f 1364/1364/1364 1430/1430/1430 1436/1436/1436 
f 1363/1363/1363 1434/1434/1434 1430/1430/1430 
f 1434/1434/1434 1440/1440/1440 1430/1430/1430 
f 1885/1885/1885 1430/1430/1430 1440/1440/1440 
f 1885/1885/1885 1440/1440/1440 1889/1889/1889 
f 1886/1886/1886 1885/1885/1885 1889/1889/1889 
f 1885/1885/1885 1886/1886/1886 1887/1887/1887 
f 1889/1889/1889 1932/1932/1932 1886/1886/1886 
f 1935/1935/1935 1932/1932/1932 1889/1889/1889 
f 1932/1932/1932 1907/1907/1907 1886/1886/1886 
f 1886/1886/1886 1907/1907/1907 1931/1931/1931 
f 1932/1932/1932 1934/1934/1934 1907/1907/1907 
f 1934/1934/1934 1905/1905/1905 1907/1907/1907 
f 1906/1906/1906 1907/1907/1907 1905/1905/1905 
f 1905/1905/1905 1899/1899/1899 1906/1906/1906 
f 1906/1906/1906 1899/1899/1899 1898/1898/1898 
f 1898/1898/1898 1899/1899/1899 1864/1864/1864 
f 1864/1864/1864 1899/1899/1899 1897/1897/1897 
f 1864/1864/1864 1897/1897/1897 1861/1861/1861 
f 1864/1864/1864 1861/1861/1861 1411/1411/1411 
f 1861/1861/1861 1862/1862/1862 1411/1411/1411 
f 1863/1863/1863 1864/1864/1864 1411/1411/1411 
f 1857/1857/1857 1858/1858/1858 1859/1859/1859 
f 1755/1755/1755 1756/1756/1756 1757/1757/1757 
f 1758/1758/1758 1759/1759/1759 1760/1760/1760 
f 1760/1760/1760 1791/1791/1791 1758/1758/1758 
f 1789/1789/1789 1790/1790/1790 1758/1758/1758 
f 1767/1767/1767 1760/1760/1760 1768/1768/1768 
f 1838/1838/1838 1767/1767/1767 1768/1768/1768 
f 1838/1838/1838 1799/1799/1799 1767/1767/1767 
f 1838/1838/1838 1768/1768/1768 1764/1764/1764 
f 1838/1838/1838 1839/1839/1839 1799/1799/1799 
f 1798/1798/1798 1799/1799/1799 1839/1839/1839 
f 1797/1797/1797 1799/1799/1799 1798/1798/1798 
f 1796/1796/1796 1797/1797/1797 1798/1798/1798 
f 1798/1798/1798 1801/1801/1801 1796/1796/1796 
f 1762/1762/1762 1763/1763/1763 1764/1764/1764 
f 1764/1764/1764 1763/1763/1763 1765/1765/1765 
f 1764/1764/1764 1818/1818/1818 1838/1838/1838 
f 1840/1840/1840 1838/1838/1838 1818/1818/1818 
f 1764/1764/1764 1765/1765/1765 1818/1818/1818 
f 1818/1818/1818 1765/1765/1765 1817/1817/1817 
f 1817/1817/1817 1822/1822/1822 1818/1818/1818 
f 1816/1816/1816 1817/1817/1817 1765/1765/1765 
f 1816/1816/1816 1821/1821/1821 1817/1817/1817 
f 1815/1815/1815 1816/1816/1816 1765/1765/1765 
f 1815/1815/1815 1820/1820/1820 1816/1816/1816 
f 1815/1815/1815 1765/1765/1765 1813/1813/1813 
f 1813/1813/1813 1814/1814/1814 1815/1815/1815 
f 1814/1814/1814 1819/1819/1819 1815/1815/1815 
f 1792/1792/1792 1793/1793/1793 1794/1794/1794 
f 2233/2233/2233 2234/2234/2234 2235/2235/2235 
f 2234/2234/2234 2233/2233/2233 2244/2244/2244 
f 2236/2236/2236 2237/2237/2237 2238/2238/2238 
f 2239/2239/2239 2240/2240/2240 2238/2238/2238 
f 2239/2239/2239 2238/2238/2238 2243/2243/2243 
f 2241/2241/2241 2242/2242/2242 2239/2239/2239 
f 2241/2241/2241 2239/2239/2239 2243/2243/2243 
f 2288/2288/2288 2243/2243/2243 2289/2289/2289 
f 2259/2259/2259 2243/2243/2243 2288/2288/2288 
f 2243/2243/2243 2245/2245/2245 2241/2241/2241 
f 2245/2245/2245 2243/2243/2243 2259/2259/2259 
f 2245/2245/2245 2260/2260/2260 2241/2241/2241 
f 2245/2245/2245 2259/2259/2259 2261/2261/2261 
f 2261/2261/2261 2262/2262/2262 2245/2245/2245 
f 2265/2265/2265 2261/2261/2261 2259/2259/2259 
f 2266/2266/2266 2261/2261/2261 2265/2265/2265 
f 2290/2290/2290 2266/2266/2266 2265/2265/2265 
f 2266/2266/2266 2264/2264/2264 2261/2261/2261 
f 2263/2263/2263 2261/2261/2261 2264/2264/2264 
f 2267/2267/2267 2263/2263/2263 2264/2264/2264 
f 2264/2264/2264 2313/2313/2313 2267/2267/2267 
f 2313/2313/2313 2315/2315/2315 2267/2267/2267 
f 2315/2315/2315 2316/2316/2316 2267/2267/2267 
f 2317/2317/2317 2290/2290/2290 2298/2298/2298 
f 2297/2297/2297 2298/2298/2298 2290/2290/2290 
f 2298/2298/2298 2318/2318/2318 2319/2319/2319 
f 2292/2292/2292 2293/2293/2293 2294/2294/2294 
f 2320/2320/2320 2321/2321/2321 2322/2322/2322 
f 1581/1581/1581 1582/1582/1582 1583/1583/1583 
f 2008/2008/2008 1583/1583/1583 1582/1582/1582 
f 1388/1388/1388 1389/1389/1389 1390/1390/1390 
f 1388/1388/1388 1390/1390/1390 1407/1407/1407 
f 1401/1401/1401 1402/1402/1402 1403/1403/1403 
f 1402/1402/1402 1401/1401/1401 1404/1404/1404 
f 1414/1414/1414 1415/1415/1415 1416/1416/1416 
f 1415/1415/1415 1414/1414/1414 1417/1417/1417 
f 1431/1431/1431 1432/1432/1432 1433/1433/1433 
f 1432/1432/1432 1431/1431/1431 1435/1435/1435 
f 1519/1519/1519 1520/1520/1520 1521/1521/1521 
f 1520/1520/1520 1519/1519/1519 1525/1525/1525 
f 1547/1547/1547 1548/1548/1548 1549/1549/1549 
f 1548/1548/1548 1547/1547/1547 1554/1554/1554 
f 1578/1578/1578 1579/1579/1579 1580/1580/1580 
f 1584/1584/1584 1580/1580/1580 1579/1579/1579 
f 1853/1853/1853 1854/1854/1854 1855/1855/1855 
f 1854/1854/1854 1869/1869/1869 1855/1855/1855 
f 1865/1865/1865 1866/1866/1866 1867/1867/1867 
f 1868/1868/1868 1866/1866/1866 1865/1865/1865 
f 1876/1876/1876 1877/1877/1877 1878/1878/1878 
f 1879/1879/1879 1876/1876/1876 1878/1878/1878 
f 1890/1890/1890 1891/1891/1891 1892/1892/1892 
f 1893/1893/1893 1890/1890/1890 1892/1892/1892 
f 1955/1955/1955 1956/1956/1956 1957/1957/1957 
f 1956/1956/1956 1973/1973/1973 1957/1957/1957 
f 1987/1987/1987 1988/1988/1988 1989/1989/1989 
f 1988/1988/1988 1987/1987/1987 1999/1999/1999 
f 2005/2005/2005 2006/2006/2006 2007/2007/2007 
f 2009/2009/2009 2007/2007/2007 2006/2006/2006 
f 1345/1345/1345 1346/1346/1346 1347/1347/1347 
f 1458/1458/1458 1345/1345/1345 1347/1347/1347 
f 1458/1458/1458 1459/1459/1459 1345/1345/1345 
f 1459/1459/1459 1460/1460/1460 1345/1345/1345 
f 1371/1371/1371 1372/1372/1372 1373/1373/1373 
f 1497/1497/1497 1371/1371/1371 1373/1373/1373 
f 1497/1497/1497 1513/1513/1513 1371/1371/1371 
f 1513/1513/1513 1517/1517/1517 1371/1371/1371 
f 1444/1444/1444 1445/1445/1445 1446/1446/1446 
f 1445/1445/1445 1444/1444/1444 1480/1480/1480 
f 1526/1526/1526 1527/1527/1527 1528/1528/1528 
f 1527/1527/1527 1526/1526/1526 1953/1953/1953 
f 1550/1550/1550 1551/1551/1551 1552/1552/1552 
f 1990/1990/1990 1551/1551/1551 1550/1550/1550 
f 1923/1923/1923 1924/1924/1924 1925/1925/1925 
f 1948/1948/1948 1924/1924/1924 1923/1923/1923 
f 1950/1950/1950 1951/1951/1951 1952/1952/1952 
f 1958/1958/1958 1959/1959/1959 1960/1960/1960 
f 1960/1960/1960 2025/2025/2025 2020/2020/2020 
f 1960/1960/1960 2020/2020/2020 2021/2021/2021 
f 1961/1961/1961 1962/1962/1962 1963/1963/1963 
f 2060/2060/2060 2055/2055/2055 1961/1961/1961 
f 2055/2055/2055 2056/2056/2056 1961/1961/1961 
f 1967/1967/1967 1968/1968/1968 1969/1969/1969 
f 1570/1570/1570 1571/1571/1571 1572/1572/1572 
f 1570/1570/1570 1661/1661/1661 1571/1571/1571 
f 2001/2001/2001 2002/2002/2002 2003/2003/2003 
f 2001/2001/2001 2112/2112/2112 2002/2002/2002 
f 1701/1701/1701 1702/1702/1702 1703/1703/1703 
f 1701/1701/1701 1706/1706/1706 1702/1702/1702 
f 2123/2123/2123 2124/2124/2124 2125/2125/2125 
f 2123/2123/2123 2129/2129/2129 2124/2124/2124 
f 1391/1391/1391 1392/1392/1392 1393/1393/1393 
f 1392/1392/1392 1391/1391/1391 1397/1397/1397 
f 1424/1424/1424 1425/1425/1425 1426/1426/1426 
f 1425/1425/1425 1424/1424/1424 1429/1429/1429 
f 1844/1844/1844 1845/1845/1845 1846/1846/1846 
f 1845/1845/1845 1847/1847/1847 1846/1846/1846 
f 1871/1871/1871 1872/1872/1872 1873/1873/1873 
f 1872/1872/1872 1884/1884/1884 1873/1873/1873 
f 1694/1694/1694 1695/1695/1695 1696/1696/1696 
f 1695/1695/1695 1694/1694/1694 1709/1709/1709 
f 1695/1695/1695 1709/1709/1709 1707/1707/1707 
f 1707/1707/1707 1708/1708/1708 1695/1695/1695 
f 1709/1709/1709 2121/2121/2121 2122/2122/2122 
f 2117/2117/2117 2118/2118/2118 2119/2119/2119 
f 1450/1450/1450 1451/1451/1451 1452/1452/1452 
f 1450/1450/1450 1461/1461/1461 1451/1451/1451 
f 1487/1487/1487 1488/1488/1488 1489/1489/1489 
f 1487/1487/1487 1498/1498/1498 1488/1488/1488 
f 1530/1530/1530 1531/1531/1531 1532/1532/1532 
f 1530/1530/1530 1546/1546/1546 1531/1531/1531 
f 1540/1540/1540 1541/1541/1541 1542/1542/1542 
f 1553/1553/1553 1541/1541/1541 1540/1540/1540 
f 1561/1561/1561 1562/1562/1562 1563/1563/1563 
f 1992/1992/1992 1563/1563/1563 1562/1562/1562 
f 1974/1974/1974 1975/1975/1975 1976/1976/1976 
f 1974/1974/1974 1986/1986/1986 1975/1975/1975 
f 1979/1979/1979 1980/1980/1980 1981/1981/1981 
f 2000/2000/2000 1980/1980/1980 1979/1979/1979 
f 2030/2030/2030 2031/2031/2031 2032/2032/2032 
f 2030/2030/2030 2037/2037/2037 2031/2031/2031 
f 2069/2069/2069 2070/2070/2070 2071/2071/2071 
f 2069/2069/2069 2072/2072/2072 2070/2070/2070 
f 1680/1680/1680 1681/1681/1681 1682/1682/1682 
f 1681/1681/1681 1680/1680/1680 1686/1686/1686 
f 2103/2103/2103 2104/2104/2104 2105/2105/2105 
f 2104/2104/2104 2103/2103/2103 2108/2108/2108 
f 1671/1671/1671 1672/1672/1672 1673/1673/1673 
f 1673/1673/1673 1672/1672/1672 1687/1687/1687 
f 1677/1677/1677 1678/1678/1678 1679/1679/1679 
f 1678/1678/1678 1677/1677/1677 2092/2092/2092 
f 1677/1677/1677 1679/1679/1679 1710/1710/1710 
f 1710/1710/1710 2116/2116/2116 1677/1677/1677 
f 1679/1679/1679 1705/1705/1705 1710/1710/1710 
f 1679/1679/1679 1704/1704/1704 1705/1705/1705 
f 2088/2088/2088 2089/2089/2089 2090/2090/2090 
f 2107/2107/2107 2089/2089/2089 2088/2088/2088 
f 1555/1555/1555 1556/1556/1556 1557/1557/1557 
f 1567/1567/1567 1568/1568/1568 1569/1569/1569 
f 1588/1588/1588 1589/1589/1589 1590/1590/1590 
f 1589/1589/1589 1660/1660/1660 1590/1590/1590 
f 1674/1674/1674 1675/1675/1675 1676/1676/1676 
f 1676/1676/1676 2087/2087/2087 1674/1674/1674 
f 1993/1993/1993 1994/1994/1994 1995/1995/1995 
f 1996/1996/1996 1997/1997/1997 1998/1998/1998 
f 2084/2084/2084 2085/2085/2085 2086/2086/2086 
f 2099/2099/2099 2084/2084/2084 2086/2086/2086 
f 1585/1585/1585 1586/1586/1586 1587/1587/1587 
f 1585/1585/1585 2010/2010/2010 1586/1586/1586 
f 1662/1662/1662 1663/1663/1663 1664/1664/1664 
f 1684/1684/1684 1664/1664/1664 1663/1663/1663 
f 2096/2096/2096 2097/2097/2097 2098/2098/2098 
f 2113/2113/2113 2098/2098/2098 2097/2097/2097 
f 1591/1591/1591 1592/1592/1592 1593/1593/1593 
f 1592/1592/1592 1591/1591/1591 1602/1602/1602 
f 1594/1594/1594 1595/1595/1595 1596/1596/1596 
f 1597/1597/1597 1595/1595/1595 1594/1594/1594 
f 1597/1597/1597 1630/1630/1630 1631/1631/1631 
f 1630/1630/1630 1639/1639/1639 1631/1631/1631 
f 1639/1639/1639 1640/1640/1640 1631/1631/1631 
f 1630/1630/1630 1635/1635/1635 1639/1639/1639 
f 1641/1641/1641 1631/1631/1631 1640/1640/1640 
f 1630/1630/1630 1633/1633/1633 1635/1635/1635 
f 1649/1649/1649 1641/1641/1641 1640/1640/1640 
f 1633/1633/1633 1634/1634/1634 1635/1635/1635 
f 1640/1640/1640 1648/1648/1648 1649/1649/1649 
f 1648/1648/1648 1650/1650/1650 1649/1649/1649 
f 1650/1650/1650 1651/1651/1651 1649/1649/1649 
f 1638/1638/1638 1635/1635/1635 1634/1634/1634 
f 1637/1637/1637 1638/1638/1638 1634/1634/1634 
f 1634/1634/1634 1636/1636/1636 1637/1637/1637 
f 1605/1605/1605 1603/1603/1603 1595/1595/1595 
f 1605/1605/1605 1722/1722/1722 1603/1603/1603 
f 1603/1603/1603 1604/1604/1604 1595/1595/1595 
f 1603/1603/1603 1726/1726/1726 1604/1604/1604 
f 1658/1658/1658 1659/1659/1659 1605/1605/1605 
f 1604/1604/1604 1714/1714/1714 1715/1715/1715 
f 1598/1598/1598 1599/1599/1599 1600/1600/1600 
f 1599/1599/1599 1598/1598/1598 1601/1601/1601 
f 1606/1606/1606 1607/1607/1607 1608/1608/1608 
f 1608/1608/1608 1632/1632/1632 1606/1606/1606 
f 2126/2126/2126 2127/2127/2127 2128/2128/2128 
f 2127/2127/2127 2130/2130/2130 2128/2128/2128 
f 2128/2128/2128 2152/2152/2152 2126/2126/2126 
f 2128/2128/2128 2132/2132/2132 2152/2152/2152 
f 2128/2128/2128 2131/2131/2131 2132/2132/2132 
f 2132/2132/2132 2140/2140/2140 2152/2152/2152 
f 2132/2132/2132 2139/2139/2139 2140/2140/2140 
f 2140/2140/2140 2147/2147/2147 2148/2148/2148 
f 2160/2160/2160 2161/2161/2161 2152/2152/2152 
f 2177/2177/2177 2161/2161/2161 2160/2160/2160 
f 2164/2164/2164 2160/2160/2160 2166/2166/2166 
f 2166/2166/2166 2176/2176/2176 2164/2164/2164 
f 2164/2164/2164 2176/2176/2176 2165/2165/2165 
f 2166/2166/2166 2185/2185/2185 2176/2176/2176 
f 2163/2163/2163 2164/2164/2164 2165/2165/2165 
f 2166/2166/2166 2186/2186/2186 2185/2185/2185 
f 2181/2181/2181 2163/2163/2163 2165/2165/2165 
f 2187/2187/2187 2185/2185/2185 2186/2186/2186 
f 2165/2165/2165 2191/2191/2191 2181/2181/2181 
f 2191/2191/2191 2192/2192/2192 2181/2181/2181 
f 2192/2192/2192 2193/2193/2193 2181/2181/2181 
f 2190/2190/2190 2185/2185/2185 2187/2187/2187 
f 2189/2189/2189 2190/2190/2190 2187/2187/2187 
f 2187/2187/2187 2188/2188/2188 2189/2189/2189 
f 2153/2153/2153 2154/2154/2154 2155/2155/2155 
f 2162/2162/2162 2154/2154/2154 2153/2153/2153 
f 2156/2156/2156 2157/2157/2157 2158/2158/2158 
f 2159/2159/2159 2158/2158/2158 2157/2157/2157 
f 1558/1558/1558 1559/1559/1559 1560/1560/1560 
f 1991/1991/1991 1560/1560/1560 1559/1559/1559 
f 1574/1574/1574 1575/1575/1575 1576/1576/1576 
f 1575/1575/1575 1574/1574/1574 1577/1577/1577 
f 2011/2011/2011 2012/2012/2012 2013/2013/2013 
f 2018/2018/2018 2012/2012/2012 2011/2011/2011 
f 1727/1727/1727 1728/1728/1728 1729/1729/1729 
f 1727/1727/1727 1810/1810/1810 1728/1728/1728 
f 2133/2133/2133 2134/2134/2134 2135/2135/2135 
f 2218/2218/2218 2133/2133/2133 2135/2135/2135 
f 1733/1733/1733 1734/1734/1734 1735/1735/1735 
f 1733/1733/1733 1812/1812/1812 1734/1734/1734 
f 2223/2223/2223 2224/2224/2224 2225/2225/2225 
f 2226/2226/2226 2223/2223/2223 2225/2225/2225 
f 1719/1719/1719 1720/1720/1720 1721/1721/1721 
f 1719/1719/1719 1804/1804/1804 1720/1720/1720 
f 2136/2136/2136 2137/2137/2137 2138/2138/2138 
f 2231/2231/2231 2136/2136/2136 2138/2138/2138 
f 1806/1806/1806 1807/1807/1807 1808/1808/1808 
f 1806/1806/1806 1832/1832/1832 1807/1807/1807 
f 2144/2144/2144 2145/2145/2145 2146/2146/2146 
f 2247/2247/2247 2144/2144/2144 2146/2146/2146 
f 2249/2249/2249 2250/2250/2250 2251/2251/2251 
f 2252/2252/2252 2249/2249/2249 2251/2251/2251 
f 1627/1627/1627 1628/1628/1628 1629/1629/1629 
f 1627/1627/1627 1831/1831/1831 1628/1628/1628 
f 1441/1441/1441 1442/1442/1442 1443/1443/1443 
f 1441/1441/1441 1888/1888/1888 1442/1442/1442 
f 1509/1509/1509 1510/1510/1510 1511/1511/1511 
f 1510/1510/1510 1512/1512/1512 1511/1511/1511 
f 1509/1509/1509 1511/1511/1511 1518/1518/1518 
f 1511/1511/1511 1529/1529/1529 1518/1518/1518 
f 1970/1970/1970 1971/1971/1971 1972/1972/1972 
f 1971/1971/1971 1978/1978/1978 1972/1972/1972 
f 1972/1972/1972 2076/2076/2076 1970/1970/1970 
f 1972/1972/1972 2075/2075/2075 2076/2076/2076 
f 1564/1564/1564 1565/1565/1565 1566/1566/1566 
f 2004/2004/2004 1566/1566/1566 1565/1565/1565 
f 1824/1824/1824 1825/1825/1825 1826/1826/1826 
f 1827/1827/1827 1824/1824/1824 1826/1826/1826 
f 2197/2197/2197 2198/2198/2198 2199/2199/2199 
f 2197/2197/2197 2199/2199/2199 2254/2254/2254 
f 1378/1378/1378 1379/1379/1379 1380/1380/1380 
f 1379/1379/1379 1381/1381/1381 1380/1380/1380 
f 1437/1437/1437 1438/1438/1438 1439/1439/1439 
f 1438/1438/1438 1874/1874/1874 1439/1439/1439 
f 1502/1502/1502 1503/1503/1503 1504/1504/1504 
f 1503/1503/1503 1502/1502/1502 1505/1505/1505 
f 1655/1655/1655 1656/1656/1656 1657/1657/1657 
f 1800/1800/1800 1657/1657/1657 1656/1656/1656 
f 1940/1940/1940 1941/1941/1941 1942/1942/1942 
f 1941/1941/1941 1943/1943/1943 1942/1942/1942 
f 2080/2080/2080 2081/2081/2081 2082/2082/2082 
f 2081/2081/2081 2080/2080/2080 2083/2083/2083 
f 2200/2200/2200 2201/2201/2201 2202/2202/2202 
f 2200/2200/2200 2202/2202/2202 2314/2314/2314 
f 1688/1688/1688 1689/1689/1689 1690/1690/1690 
f 1688/1688/1688 2091/2091/2091 1689/1689/1689 
f 1769/1769/1769 1770/1770/1770 1771/1771/1771 
f 1776/1776/1776 1771/1771/1771 1770/1770/1770 
f 2209/2209/2209 2210/2210/2210 2211/2211/2211 
f 2209/2209/2209 2211/2211/2211 2306/2306/2306 
f 1697/1697/1697 1698/1698/1698 1699/1699/1699 
f 1700/1700/1700 1697/1697/1697 1699/1699/1699 
f 2109/2109/2109 2110/2110/2110 2111/2111/2111 
f 2115/2115/2115 2109/2109/2109 2111/2111/2111 
f 1624/1624/1624 1625/1625/1625 1626/1626/1626 
f 1625/1625/1625 1624/1624/1624 1803/1803/1803 
f 2167/2167/2167 2168/2168/2168 2169/2169/2169 
f 2168/2168/2168 2167/2167/2167 2227/2227/2227 
f 1367/1367/1367 1368/1368/1368 1369/1369/1369 
f 1368/1368/1368 1370/1370/1370 1369/1369/1369 
f 1420/1420/1420 1421/1421/1421 1422/1422/1422 
f 1421/1421/1421 1423/1423/1423 1422/1422/1422 
f 1484/1484/1484 1485/1485/1485 1486/1486/1486 
f 1485/1485/1485 1490/1490/1490 1486/1486/1486 
f 1880/1880/1880 1881/1881/1881 1882/1882/1882 
f 1883/1883/1883 1880/1880/1880 1882/1882/1882 
f 1944/1944/1944 1945/1945/1945 1946/1946/1946 
f 1945/1945/1945 1949/1949/1949 1946/1946/1946 
f 2064/2064/2064 2065/2065/2065 2066/2066/2066 
f 2065/2065/2065 2068/2068/2068 2066/2066/2066 
f 1609/1609/1609 1610/1610/1610 1611/1611/1611 
f 1611/1611/1611 1610/1610/1610 1739/1739/1739 
f 2271/2271/2271 2272/2272/2272 2273/2273/2273 
f 2272/2272/2272 2271/2271/2271 2282/2282/2282 
f 1357/1357/1357 1358/1358/1358 1359/1359/1359 
f 1358/1358/1358 1382/1382/1382 1359/1359/1359 
f 1928/1928/1928 1929/1929/1929 1930/1930/1930 
f 1929/1929/1929 1933/1933/1933 1930/1930/1930 
f 1618/1618/1618 1619/1619/1619 1620/1620/1620 
f 1619/1619/1619 1618/1618/1618 1753/1753/1753 
f 2279/2279/2279 2280/2280/2280 2281/2281/2281 
f 2280/2280/2280 2279/2279/2279 2295/2295/2295 
f 1744/1744/1744 1745/1745/1745 1746/1746/1746 
f 1745/1745/1745 1744/1744/1744 1761/1761/1761 
f 2284/2284/2284 2285/2285/2285 2286/2286/2286 
f 2285/2285/2285 2284/2284/2284 2299/2299/2299 
f 1781/1781/1781 1782/1782/1782 1783/1783/1783 
f 1784/1784/1784 1782/1782/1782 1781/1781/1781 
f 2300/2300/2300 2301/2301/2301 2302/2302/2302 
f 2301/2301/2301 2300/2300/2300 2304/2304/2304 

g Cube0021

v -1.66109 6.09225 -1.80197 
v -1.57255 6.06824 -1.94298 
v -1.63379 6.13585 -1.88594 
v -1.58506 5.97427 -1.78688 
v -1.6375 5.92592 -1.64174 
v -1.71008 6.05549 -1.71156 
v -1.75525 6.08437 -1.61849 
v -1.71167 5.98493 -1.43491 
v -1.80156 6.1852 -1.42367 
v -1.73204 6.05902 -1.30496 
v -1.68018 5.94805 -1.54281 
v -1.79063 6.12829 -1.51451 
v -1.74575 6.36344 -1.29221 
v -1.7276 6.14518 -1.19051 
v -1.78835 6.25545 -1.34546 
v -1.71465 6.29063 -1.10018 
v 0.763231 6.47126 -1.29875 
v 0.633495 6.33639 -0.8683 
v 0.633495 6.33639 -1.30171 
v -1.56549 6.55816 -1.22936 
v -1.56015 6.54284 -0.980054 
v -1.6701 6.42759 -1.00986 
v 0.763231 6.47126 -0.871259 
v 1.71908 6.00788 -1.96429 
v 1.84516 6.00915 -1.82695 
v 1.76913 5.89116 -1.81186 
v 1.78033 6.07549 -1.90725 
v 1.96725 6.0046 -1.61145 
v 1.8321 5.83595 -1.66884 
v 1.90468 5.96552 -1.73866 
v 1.89218 5.86828 -1.53577 
v 2.0142 6.05287 -1.48816 
v 1.96757 6.02361 -1.24969 
v 1.93525 5.9095 -1.40857 
v 2.03709 6.14979 -1.36839 
v 1.97431 6.14179 -1.11974 
v 2.03506 6.25205 -1.27469 
v 1.96361 6.36157 -1.05122 
v 1.99471 6.43438 -1.24325 
v 1.76972 6.75186 -1.21578 
v 1.76438 6.73654 -0.966473 
v 1.92344 6.59774 -1.21181 
v 1.91277 6.5671 -0.982693 
v -1.84462 5.96552 -1.73866 
v -1.75525 6.08437 -1.61849 
v -1.71008 6.05549 -1.71156 
v -1.66109 6.09225 -1.80197 
v -1.72027 6.07549 -1.90725 
v -1.7851 6.00915 -1.82695 
v -1.63379 6.13585 -1.88594 
v -1.9072 6.0046 -1.61145 
v -1.80156 6.1852 -1.42367 
v -1.95415 6.05287 -1.48816 
v -1.97703 6.14979 -1.36839 
v -1.79063 6.12829 -1.51451 
v -0.200225 6.55674 -0.8683 
v -0.200225 6.55674 -1.30171 
v -0.520826 6.85791 -1.29875 
v -1.27041 6.95013 -0.927957 
v -1.27041 6.95013 -1.24205 
v -1.49083 6.86508 -1.21975 
v -0.81806 6.95421 -0.88846 
v -0.81806 6.95421 -1.28155 
v -1.04104 6.99366 -1.26435 
v -1.49083 6.86508 -0.950253 
v -1.04104 6.99366 -0.905661 
v -0.520826 6.85791 -0.871259 
v 0.260284 6.55674 -0.8683 
v 0.580884 6.85791 -1.29875 
v 0.260284 6.55674 -1.30171 
v 1.72115 6.09225 -1.80197 
v 1.78033 6.07549 -1.90725 
v 1.69385 6.13585 -1.88594 
v 1.84516 6.00915 -1.82695 
v 1.8153 6.08437 -1.61849 
v 1.90468 5.96552 -1.73866 
v 1.77014 6.05549 -1.71156 
v 1.96725 6.0046 -1.61145 
v 1.86162 6.1852 -1.42367 
v 2.0142 6.05287 -1.48816 
v 1.85068 6.12829 -1.51451 
v 2.03709 6.14979 -1.36839 
v 0.878119 6.95421 -0.88846 
v 1.1011 6.99366 -1.26435 
v 0.878119 6.95421 -1.28155 
v 1.33046 6.95013 -0.927957 
v 1.55088 6.86508 -1.21975 
v 1.33046 6.95013 -1.24205 
v 1.55088 6.86508 -0.950253 
v 0.580884 6.85791 -0.871259 
v 1.1011 6.99366 -0.905661 
v -1.90356 6.36157 -1.05122 
v -1.91425 6.14179 -1.11974 
v -1.71465 6.29063 -1.10018 
v -1.7276 6.14518 -1.19051 
v -1.85271 6.5671 -0.982693 
v -1.6701 6.42759 -1.00986 
v -1.56015 6.54284 -0.980054 
v -1.70432 6.73654 -0.966473 
v -0.200225 6.55674 -0.8683 
v -0.703172 6.47126 -0.871259 
v -0.573436 6.33639 -0.8683 
v -0.520826 6.85791 -0.871259 
v -1.23329 6.6413 -0.927957 
v -1.49083 6.86508 -0.950253 
v -1.41627 6.60609 -0.950253 
v -1.27041 6.95013 -0.927957 
v -1.04137 6.63497 -0.905661 
v -0.81806 6.95421 -0.88846 
v -1.04104 6.99366 -0.905661 
v -0.885138 6.57186 -0.88846 
v 0.260284 6.55674 -0.8683 
v 0.763231 6.47126 -0.871259 
v 0.580884 6.85791 -0.871259 
v 1.77471 6.29063 -1.10018 
v 1.78766 6.14518 -1.19051 
v 1.97431 6.14179 -1.11974 
v 1.96361 6.36157 -1.05122 
v 1.91277 6.5671 -0.982693 
v 1.62021 6.54284 -0.980054 
v 1.73016 6.42759 -1.00986 
v 0.633495 6.33639 -0.8683 
v 1.76438 6.73654 -0.966473 
v 1.55088 6.86508 -0.950253 
v 1.33046 6.95013 -0.927957 
v 1.29335 6.6413 -0.927957 
v 1.47633 6.60609 -0.950253 
v 0.878119 6.95421 -0.88846 
v 1.10142 6.63497 -0.905661 
v 1.1011 6.99366 -0.905661 
v 0.945197 6.57186 -0.88846 
v -1.65902 6.00788 -1.96429 
v -1.7851 6.00915 -1.82695 
v -1.72027 6.07549 -1.90725 
v -1.70907 5.89116 -1.81186 
v -1.77204 5.83595 -1.66884 
v -1.9072 6.0046 -1.61145 
v -1.84462 5.96552 -1.73866 
v -1.95415 6.05287 -1.48816 
v -1.8752 5.9095 -1.40857 
v -1.90751 6.02361 -1.24969 
v -1.83212 5.86828 -1.53577 
v -1.97703 6.14979 -1.36839 
v -1.90356 6.36157 -1.05122 
v -1.93465 6.43438 -1.24325 
v -1.975 6.25205 -1.27469 
v -1.91425 6.14179 -1.11974 
v -1.70432 6.73654 -0.966473 
v -1.70966 6.75186 -1.21578 
v -1.86338 6.59774 -1.21181 
v -1.85271 6.5671 -0.982693 
v -0.703172 6.47126 -1.29875 
v -0.573436 6.33639 -0.8683 
v -0.703172 6.47126 -0.871259 
v 1.64512 5.97427 -1.78688 
v 1.72115 6.09225 -1.80197 
v 1.6326 6.06824 -1.94298 
v 1.69385 6.13585 -1.88594 
v 1.69756 5.92592 -1.64174 
v 1.8153 6.08437 -1.61849 
v 1.77014 6.05549 -1.71156 
v 1.74023 5.94805 -1.54281 
v 1.86162 6.1852 -1.42367 
v 1.77173 5.98493 -1.43491 
v 1.7921 6.05902 -1.30496 
v 1.85068 6.12829 -1.51451 
v 1.78766 6.14518 -1.19051 
v 1.77471 6.29063 -1.10018 
v 1.8058 6.36344 -1.29221 
v 1.84841 6.25545 -1.34546 
v -0.573436 6.33639 -1.30171 
v 1.62554 6.55816 -1.22936 
v 1.73016 6.42759 -1.00986 
v 1.62021 6.54284 -0.980054 
v -1.57255 6.06824 -1.94298 
v -1.70907 5.89116 -1.81186 
v -1.65902 6.00788 -1.96429 
v -1.58506 5.97427 -1.78688 
v -1.77204 5.83595 -1.66884 
v -1.6375 5.92592 -1.64174 
v -1.68018 5.94805 -1.54281 
v -1.8752 5.9095 -1.40857 
v -1.71167 5.98493 -1.43491 
v -1.73204 6.05902 -1.30496 
v -1.83212 5.86828 -1.53577 
v -1.90751 6.02361 -1.24969 
v -1.6701 6.42759 -1.00986 
v -1.68077 6.45824 -1.23897 
v -1.56549 6.55816 -1.22936 
v -1.04137 6.63497 -0.905661 
v -1.04137 6.63497 -1.26435 
v -0.885138 6.57186 -1.28155 
v -1.41627 6.60609 -1.21975 
v -1.23329 6.6413 -1.24205 
v -1.41627 6.60609 -0.950253 
v -1.23329 6.6413 -0.927957 
v -0.885138 6.57186 -0.88846 
v 0.945197 6.57186 -1.28155 
v 1.10142 6.63497 -0.905661 
v 0.945197 6.57186 -0.88846 
v 1.6326 6.06824 -1.94298 
v 1.76913 5.89116 -1.81186 
v 1.64512 5.97427 -1.78688 
v 1.71908 6.00788 -1.96429 
v 1.8321 5.83595 -1.66884 
v 1.74023 5.94805 -1.54281 
v 1.69756 5.92592 -1.64174 
v 1.89218 5.86828 -1.53577 
v 1.93525 5.9095 -1.40857 
v 1.7921 6.05902 -1.30496 
v 1.77173 5.98493 -1.43491 
v 1.96757 6.02361 -1.24969 
v 1.10142 6.63497 -1.26435 
v 1.74082 6.45824 -1.23897 
v 1.73016 6.42759 -1.00986 
v 1.62554 6.55816 -1.22936 
v 1.47633 6.60609 -0.950253 
v 1.29335 6.6413 -1.24205 
v 1.47633 6.60609 -1.21975 
v 1.29335 6.6413 -0.927957 
v -1.78835 6.25545 -1.34546 
v -1.93465 6.43438 -1.24325 
v -1.74575 6.36344 -1.29221 
v -0.703172 6.47126 -1.29875 
v -0.200225 6.55674 -1.30171 
v -0.573436 6.33639 -1.30171 
v -1.975 6.25205 -1.27469 
v -1.70966 6.75186 -1.21578 
v -1.68077 6.45824 -1.23897 
v -1.86338 6.59774 -1.21181 
v -1.56549 6.55816 -1.22936 
v -0.520826 6.85791 -1.29875 
v -1.04104 6.99366 -1.26435 
v -0.81806 6.95421 -1.28155 
v -1.04137 6.63497 -1.26435 
v -0.885138 6.57186 -1.28155 
v -1.23329 6.6413 -1.24205 
v -1.49083 6.86508 -1.21975 
v -1.27041 6.95013 -1.24205 
v -1.41627 6.60609 -1.21975 
v 0.260284 6.55674 -1.30171 
v 0.580884 6.85791 -1.29875 
v 0.763231 6.47126 -1.29875 
v 0.633495 6.33639 -1.30171 
v 1.8058 6.36344 -1.29221 
v 1.99471 6.43438 -1.24325 
v 1.84841 6.25545 -1.34546 
v 2.03506 6.25205 -1.27469 
v 1.76972 6.75186 -1.21578 
v 1.74082 6.45824 -1.23897 
v 1.62554 6.55816 -1.22936 
v 1.92344 6.59774 -1.21181 
v 0.945197 6.57186 -1.28155 
v 0.878119 6.95421 -1.28155 
v 1.10142 6.63497 -1.26435 
v 1.1011 6.99366 -1.26435 
v 1.55088 6.86508 -1.21975 
v 1.29335 6.6413 -1.24205 
v 1.33046 6.95013 -1.24205 
v 1.47633 6.60609 -1.21975 

vn 0.779528 0.480315 0.401575 
vn 0.779528 0.480315 0.401575 
vn 0.779528 0.480315 0.401575 
vn 0.779528 0.480315 0.401575 
vn 0.795276 0.559055 0.212598 
vn 0.795276 0.559055 0.212598 
vn 0.795276 0.559055 0.212598 
vn 0.905512 0.409449 -0.11811 
vn 0.905512 0.409449 -0.11811 
vn 0.905512 0.409449 -0.11811 
vn 0.795276 0.559055 0.212598 
vn 0.905512 0.409449 -0.11811 
vn 0.96063 -0.0472441 -0.283465 
vn 0.96063 -0.0472441 -0.283465 
vn 0.96063 -0.0472441 -0.283465 
vn 0.96063 -0.0472441 -0.283465 
vn 0.724409 -0.692913 0 
vn 0.724409 -0.692913 0 
vn 0.724409 -0.692913 0 
vn 0.692913 -0.708661 -0.0944882 
vn 0.692913 -0.708661 -0.0944882 
vn 0.692913 -0.708661 -0.0944882 
vn 0.724409 -0.692913 0 
vn 0.685039 -0.370079 -0.629921 
vn 0.685039 -0.370079 -0.629921 
vn 0.685039 -0.370079 -0.629921 
vn 0.685039 -0.370079 -0.629921 
vn 0.795276 -0.566929 -0.220472 
vn 0.795276 -0.566929 -0.220472 
vn 0.795276 -0.566929 -0.220472 
vn 0.795276 -0.566929 -0.220472 
vn 0.905512 -0.401575 0.125984 
vn 0.905512 -0.401575 0.125984 
vn 0.905512 -0.401575 0.125984 
vn 0.905512 -0.401575 0.125984 
vn 0.96063 0.0551181 0.283465 
vn 0.96063 0.0551181 0.283465 
vn 0.96063 0.0551181 0.283465 
vn 0.96063 0.0551181 0.283465 
vn 0.732283 0.677165 0.0866142 
vn 0.732283 0.677165 0.0866142 
vn 0.732283 0.677165 0.0866142 
vn 0.732283 0.677165 0.0866142 
vn -0.433071 0.779528 -0.448819 
vn -0.433071 0.779528 -0.448819 
vn -0.433071 0.779528 -0.448819 
vn -0.582677 0.787402 0.204724 
vn -0.582677 0.787402 0.204724 
vn -0.582677 0.787402 0.204724 
vn -0.582677 0.787402 0.204724 
vn -0.433071 0.779528 -0.448819 
vn -0.377953 0.716535 -0.582677 
vn -0.377953 0.716535 -0.582677 
vn -0.377953 0.716535 -0.582677 
vn -0.377953 0.716535 -0.582677 
vn 0.685039 0.732283 0 
vn 0.685039 0.732283 0 
vn 0.685039 0.732283 0 
vn -0.362205 0.937008 0 
vn -0.362205 0.937008 0 
vn -0.362205 0.937008 0 
vn 0.173228 0.984252 0 
vn 0.173228 0.984252 0 
vn 0.173228 0.984252 0 
vn -0.362205 0.937008 0 
vn 0.173228 0.984252 0 
vn 0.685039 0.732283 0 
vn -0.685039 0.732283 0 
vn -0.685039 0.732283 0 
vn -0.685039 0.732283 0 
vn 0.582677 0.787402 0.204724 
vn 0.582677 0.787402 0.204724 
vn 0.582677 0.787402 0.204724 
vn 0.582677 0.787402 0.204724 
vn 0.433071 0.779528 -0.448819 
vn 0.433071 0.779528 -0.448819 
vn 0.433071 0.779528 -0.448819 
vn 0.433071 0.779528 -0.448819 
vn 0.377953 0.716535 -0.582677 
vn 0.377953 0.716535 -0.582677 
vn 0.377953 0.716535 -0.582677 
vn 0.377953 0.716535 -0.582677 
vn -0.173228 0.984252 0 
vn -0.173228 0.984252 0 
vn -0.173228 0.984252 0 
vn 0.362205 0.937008 0 
vn 0.362205 0.937008 0 
vn 0.362205 0.937008 0 
vn 0.362205 0.937008 0 
vn -0.685039 0.732283 0 
vn -0.173228 0.984252 0 
vn 0.212598 -0.401575 0.889764 
vn 0.212598 -0.401575 0.889764 
vn 0.212598 -0.401575 0.889764 
vn 0.212598 -0.401575 0.889764 
vn -0.023622 -0.141732 0.992126 
vn -0.023622 -0.141732 0.992126 
vn -0.023622 -0.141732 0.992126 
vn -0.023622 -0.141732 0.992126 
vn -0.00787402 0.00787402 1 
vn -0.00787402 0.00787402 1 
vn -0.00787402 0.00787402 1 
vn -0.00787402 0.00787402 1 
vn -0.102362 -0.023622 0.992126 
vn -0.102362 -0.023622 0.992126 
vn -0.102362 -0.023622 0.992126 
vn -0.102362 -0.023622 0.992126 
vn -0.0866142 0.00787402 1 
vn -0.0866142 0.00787402 1 
vn -0.0866142 0.00787402 1 
vn -0.0866142 0.00787402 1 
vn 0.00787402 0.00787402 1 
vn 0.00787402 0.00787402 1 
vn 0.00787402 0.00787402 1 
vn -0.212598 -0.401575 0.889764 
vn -0.212598 -0.401575 0.889764 
vn -0.212598 -0.401575 0.889764 
vn -0.212598 -0.401575 0.889764 
vn 0.023622 -0.141732 0.992126 
vn 0.023622 -0.141732 0.992126 
vn 0.023622 -0.141732 0.992126 
vn 0.00787402 0.00787402 1 
vn 0.023622 -0.141732 0.992126 
vn 0.102362 -0.023622 0.992126 
vn 0.102362 -0.023622 0.992126 
vn 0.102362 -0.023622 0.992126 
vn 0.102362 -0.023622 0.992126 
vn 0.0866142 0.00787402 1 
vn 0.0866142 0.00787402 1 
vn 0.0866142 0.00787402 1 
vn 0.0866142 0.00787402 1 
vn -0.685039 -0.370079 -0.629921 
vn -0.685039 -0.370079 -0.629921 
vn -0.685039 -0.370079 -0.629921 
vn -0.685039 -0.370079 -0.629921 
vn -0.795276 -0.566929 -0.220472 
vn -0.795276 -0.566929 -0.220472 
vn -0.795276 -0.566929 -0.220472 
vn -0.905512 -0.401575 0.125984 
vn -0.905512 -0.401575 0.125984 
vn -0.905512 -0.401575 0.125984 
vn -0.795276 -0.566929 -0.220472 
vn -0.905512 -0.401575 0.125984 
vn -0.96063 0.0551181 0.283465 
vn -0.96063 0.0551181 0.283465 
vn -0.96063 0.0551181 0.283465 
vn -0.96063 0.0551181 0.283465 
vn -0.732283 0.677165 0.0866142 
vn -0.732283 0.677165 0.0866142 
vn -0.732283 0.677165 0.0866142 
vn -0.732283 0.677165 0.0866142 
vn -0.724409 -0.692913 0 
vn -0.724409 -0.692913 0 
vn -0.724409 -0.692913 0 
vn -0.779528 0.480315 0.401575 
vn -0.779528 0.480315 0.401575 
vn -0.779528 0.480315 0.401575 
vn -0.779528 0.480315 0.401575 
vn -0.795276 0.559055 0.212598 
vn -0.795276 0.559055 0.212598 
vn -0.795276 0.559055 0.212598 
vn -0.795276 0.559055 0.212598 
vn -0.905512 0.409449 -0.11811 
vn -0.905512 0.409449 -0.11811 
vn -0.905512 0.409449 -0.11811 
vn -0.905512 0.409449 -0.11811 
vn -0.96063 -0.0472441 -0.283465 
vn -0.96063 -0.0472441 -0.283465 
vn -0.96063 -0.0472441 -0.283465 
vn -0.96063 -0.0472441 -0.283465 
vn -0.724409 -0.692913 0 
vn -0.692913 -0.708661 -0.0944882 
vn -0.692913 -0.708661 -0.0944882 
vn -0.692913 -0.708661 -0.0944882 
vn 0.574803 -0.724409 -0.377953 
vn 0.574803 -0.724409 -0.377953 
vn 0.574803 -0.724409 -0.377953 
vn 0.574803 -0.724409 -0.377953 
vn 0.448819 -0.80315 0.385827 
vn 0.448819 -0.80315 0.385827 
vn 0.448819 -0.80315 0.385827 
vn 0.377953 -0.740157 0.551181 
vn 0.377953 -0.740157 0.551181 
vn 0.377953 -0.740157 0.551181 
vn 0.448819 -0.80315 0.385827 
vn 0.377953 -0.740157 0.551181 
vn 0.692913 -0.708661 -0.0944882 
vn 0.692913 -0.708661 -0.0944882 
vn 0.692913 -0.708661 -0.0944882 
vn -0.377953 -0.929134 0 
vn -0.377953 -0.929134 0 
vn -0.377953 -0.929134 0 
vn 0.188976 -0.984252 0 
vn 0.188976 -0.984252 0 
vn 0.188976 -0.984252 0 
vn 0.188976 -0.984252 0 
vn -0.377953 -0.929134 0 
vn 0.377953 -0.929134 0 
vn 0.377953 -0.929134 0 
vn 0.377953 -0.929134 0 
vn -0.574803 -0.724409 -0.377953 
vn -0.574803 -0.724409 -0.377953 
vn -0.574803 -0.724409 -0.377953 
vn -0.574803 -0.724409 -0.377953 
vn -0.448819 -0.80315 0.385827 
vn -0.448819 -0.80315 0.385827 
vn -0.448819 -0.80315 0.385827 
vn -0.448819 -0.80315 0.385827 
vn -0.377953 -0.740157 0.551181 
vn -0.377953 -0.740157 0.551181 
vn -0.377953 -0.740157 0.551181 
vn -0.377953 -0.740157 0.551181 
vn 0.377953 -0.929134 0 
vn -0.692913 -0.708661 -0.0944882 
vn -0.692913 -0.708661 -0.0944882 
vn -0.692913 -0.708661 -0.0944882 
vn -0.188976 -0.984252 0 
vn -0.188976 -0.984252 0 
vn -0.188976 -0.984252 0 
vn -0.188976 -0.984252 0 
vn -0.228346 0.330709 -0.913386 
vn -0.228346 0.330709 -0.913386 
vn -0.228346 0.330709 -0.913386 
vn -0.00787402 0.00787402 -1 
vn -0.00787402 0.00787402 -1 
vn -0.00787402 0.00787402 -1 
vn -0.228346 0.330709 -0.913386 
vn -0.0472441 0.0708661 -0.992126 
vn -0.0472441 0.0708661 -0.992126 
vn -0.0472441 0.0708661 -0.992126 
vn -0.0472441 0.0708661 -0.992126 
vn -0.00787402 0.00787402 -1 
vn -0.0866142 0.00787402 -1 
vn -0.0866142 0.00787402 -1 
vn -0.0866142 0.00787402 -1 
vn -0.0866142 0.00787402 -1 
vn -0.102362 -0.023622 -0.992126 
vn -0.102362 -0.023622 -0.992126 
vn -0.102362 -0.023622 -0.992126 
vn -0.102362 -0.023622 -0.992126 
vn 0.00787402 0.00787402 -1 
vn 0.00787402 0.00787402 -1 
vn 0.00787402 0.00787402 -1 
vn 0.00787402 0.00787402 -1 
vn 0.228346 0.330709 -0.913386 
vn 0.228346 0.330709 -0.913386 
vn 0.228346 0.330709 -0.913386 
vn 0.228346 0.330709 -0.913386 
vn 0.0472441 0.0708661 -0.992126 
vn 0.0472441 0.0708661 -0.992126 
vn 0.0472441 0.0708661 -0.992126 
vn 0.0472441 0.0708661 -0.992126 
vn 0.0866142 0.00787402 -1 
vn 0.0866142 0.00787402 -1 
vn 0.0866142 0.00787402 -1 
vn 0.0866142 0.00787402 -1 
vn 0.102362 -0.023622 -0.992126 
vn 0.102362 -0.023622 -0.992126 
vn 0.102362 -0.023622 -0.992126 
vn 0.102362 -0.023622 -0.992126 

vt 32.0482 -57.0403 
vt 32.0658 -57.0433 
vt 32.0587 -57.0349 
vt 32.0463 -57.0551 
vt 32.0282 -57.0611 
vt 32.0369 -57.0449 
vt 32.0253 -57.0413 
vt 32.0023 -57.0537 
vt 32.0009 -57.0287 
vt 31.9861 -57.0445 
vt 32.0158 -57.0583 
vt 32.0123 -57.0358 
vt 31.9845 -57.0064 
vt 31.9718 -57.0337 
vt 31.9911 -57.0199 
vt 31.9605 -57.0155 
vt 31.9853 -56.9929 
vt 31.9315 -57.0098 
vt 31.9857 -57.0098 
vt 31.9766 -56.9821 
vt 31.9455 -56.984 
vt 31.9492 -56.9984 
vt 31.9319 -56.9929 
vt 32.0685 -57.0509 
vt 32.0513 -57.0507 
vt 32.0494 -57.0655 
vt 32.0614 -57.0424 
vt 32.0244 -57.0513 
vt 32.0316 -57.0724 
vt 32.0403 -57.0562 
vt 32.0149 -57.0683 
vt 32.009 -57.0452 
vt 31.9792 -57.0489 
vt 31.999 -57.0632 
vt 31.994 -57.0331 
vt 31.9629 -57.0341 
vt 31.9823 -57.0203 
vt 31.9544 -57.0067 
vt 31.9784 -56.9976 
vt 31.9749 -56.9579 
vt 31.9438 -56.9598 
vt 31.9744 -56.9771 
vt 31.9458 -56.981 
vt 32.2343 -57.0403 
vt 32.2232 -57.0253 
vt 32.2175 -57.0369 
vt 32.2114 -57.0482 
vt 32.2188 -57.0614 
vt 32.2269 -57.0513 
vt 32.208 -57.0587 
vt 32.2422 -57.0244 
vt 32.2289 -57.0009 
vt 32.248 -57.009 
vt 32.2509 -56.994 
vt 32.2276 -57.0123 
vt 32.0288 -56.9315 
vt 32.0288 -56.9857 
vt 32.0689 -56.9853 
vt 32.1626 -56.939 
vt 32.1626 -56.9782 
vt 32.1901 -56.9754 
vt 32.106 -56.934 
vt 32.106 -56.9832 
vt 32.1339 -56.981 
vt 32.1901 -56.9417 
vt 32.1339 -56.9362 
vt 32.0689 -56.9319 
vt 31.9712 -56.9315 
vt 31.9311 -56.9853 
vt 31.9712 -56.9857 
vt 31.7886 -57.0482 
vt 31.7812 -57.0614 
vt 31.792 -57.0587 
vt 31.7731 -57.0513 
vt 31.7768 -57.0253 
vt 31.7657 -57.0403 
vt 31.7825 -57.0369 
vt 31.7578 -57.0244 
vt 31.7711 -57.0009 
vt 31.752 -57.009 
vt 31.7724 -57.0123 
vt 31.7491 -56.994 
vt 31.894 -56.934 
vt 31.8661 -56.981 
vt 31.894 -56.9832 
vt 31.8374 -56.939 
vt 31.8099 -56.9754 
vt 31.8374 -56.9782 
vt 31.8099 -56.9417 
vt 31.9311 -56.9319 
vt 31.8661 -56.9362 
vt 31.7583 -57.0067 
vt 31.757 -57.0341 
vt 31.7819 -57.0155 
vt 31.7803 -57.0337 
vt 31.7647 -56.981 
vt 31.7875 -56.9984 
vt 31.8012 -56.984 
vt 31.7832 -56.9598 
vt 31.9712 -56.9823 
vt 31.9083 -56.9929 
vt 31.9246 -57.0098 
vt 31.9311 -56.9446 
vt 31.8421 -56.9717 
vt 31.8099 -56.9437 
vt 31.8192 -56.9761 
vt 31.8374 -56.9331 
vt 31.8661 -56.9725 
vt 31.894 -56.9326 
vt 31.8661 -56.9276 
vt 31.8856 -56.9804 
vt 32.0288 -56.9823 
vt 32.0917 -56.9929 
vt 32.0689 -56.9446 
vt 32.2181 -57.0155 
vt 32.2197 -57.0337 
vt 32.243 -57.0341 
vt 32.2417 -57.0067 
vt 32.2353 -56.981 
vt 32.1988 -56.984 
vt 32.2125 -56.9984 
vt 32.0754 -57.0098 
vt 32.2168 -56.9598 
vt 32.1901 -56.9437 
vt 32.1626 -56.9331 
vt 32.1579 -56.9717 
vt 32.1808 -56.9761 
vt 32.106 -56.9326 
vt 32.1339 -56.9725 
vt 32.1339 -56.9276 
vt 32.1144 -56.9804 
vt 31.9315 -57.0509 
vt 31.9487 -57.0507 
vt 31.9386 -57.0424 
vt 31.9506 -57.0655 
vt 31.9684 -57.0724 
vt 31.9756 -57.0513 
vt 31.9597 -57.0562 
vt 31.991 -57.0452 
vt 32.001 -57.0632 
vt 32.0208 -57.0489 
vt 31.9851 -57.0683 
vt 32.006 -57.0331 
vt 32.0456 -57.0067 
vt 32.0216 -56.9976 
vt 32.0177 -57.0203 
vt 32.0371 -57.0341 
vt 32.0562 -56.9598 
vt 32.0251 -56.9579 
vt 32.0256 -56.9771 
vt 32.0542 -56.981 
vt 32.0147 -56.9929 
vt 32.0685 -57.0098 
vt 32.0681 -56.9929 
vt 31.9537 -57.0551 
vt 31.9518 -57.0403 
vt 31.9342 -57.0433 
vt 31.9413 -57.0349 
vt 31.9718 -57.0611 
vt 31.9747 -57.0413 
vt 31.9631 -57.0449 
vt 31.9842 -57.0583 
vt 31.9991 -57.0287 
vt 31.9977 -57.0537 
vt 32.0139 -57.0445 
vt 31.9877 -57.0358 
vt 32.0282 -57.0337 
vt 32.0395 -57.0155 
vt 32.0155 -57.0064 
vt 32.0089 -57.0199 
vt 32.0143 -57.0098 
vt 32.0234 -56.9821 
vt 32.0508 -56.9984 
vt 32.0545 -56.984 
vt 31.7997 -57.0658 
vt 31.7826 -57.0494 
vt 31.7889 -57.0685 
vt 31.7981 -57.0463 
vt 31.7747 -57.0316 
vt 31.7916 -57.0282 
vt 31.7862 -57.0158 
vt 31.7618 -56.999 
vt 31.7823 -57.0023 
vt 31.7797 -56.9861 
vt 31.7672 -57.0149 
vt 31.7578 -56.9792 
vt 31.7875 -56.9492 
vt 31.7861 -56.9778 
vt 31.8006 -56.9766 
vt 31.8661 -56.9362 
vt 31.8661 -56.981 
vt 31.8856 -56.9832 
vt 31.8192 -56.9754 
vt 31.8421 -56.9782 
vt 31.8192 -56.9417 
vt 31.8421 -56.939 
vt 31.8856 -56.934 
vt 32.1144 -56.9832 
vt 32.1339 -56.9362 
vt 32.1144 -56.934 
vt 32.2003 -57.0658 
vt 32.2174 -57.0494 
vt 32.2019 -57.0463 
vt 32.2111 -57.0685 
vt 32.2253 -57.0316 
vt 32.2138 -57.0158 
vt 32.2084 -57.0282 
vt 32.2328 -57.0149 
vt 32.2382 -56.999 
vt 32.2203 -56.9861 
vt 32.2177 -57.0023 
vt 32.2422 -56.9792 
vt 32.1339 -56.981 
vt 32.2138 -56.9778 
vt 32.2125 -56.9492 
vt 32.1994 -56.9766 
vt 32.1808 -56.9417 
vt 32.1579 -56.9782 
vt 32.1808 -56.9754 
vt 32.1579 -56.939 
vt 32.2273 -57.0199 
vt 32.2456 -56.9976 
vt 32.222 -57.0064 
vt 32.0917 -56.9929 
vt 32.0288 -56.9823 
vt 32.0754 -57.0098 
vt 32.2506 -57.0203 
vt 32.2175 -56.9579 
vt 32.2138 -56.9946 
vt 32.2367 -56.9771 
vt 32.1994 -56.9821 
vt 32.0689 -56.9446 
vt 32.1339 -56.9276 
vt 32.106 -56.9326 
vt 32.1339 -56.9725 
vt 32.1144 -56.9804 
vt 32.1579 -56.9717 
vt 32.1901 -56.9437 
vt 32.1626 -56.9331 
vt 32.1808 -56.9761 
vt 31.9712 -56.9823 
vt 31.9311 -56.9446 
vt 31.9083 -56.9929 
vt 31.9246 -57.0098 
vt 31.778 -57.0064 
vt 31.7544 -56.9976 
vt 31.7727 -57.0199 
vt 31.7494 -57.0203 
vt 31.7825 -56.9579 
vt 31.7861 -56.9946 
vt 31.8006 -56.9821 
vt 31.7633 -56.9771 
vt 31.8856 -56.9804 
vt 31.894 -56.9326 
vt 31.8661 -56.9725 
vt 31.8661 -56.9276 
vt 31.8099 -56.9437 
vt 31.8421 -56.9717 
vt 31.8374 -56.9331 
vt 31.8192 -56.9761 

usemtl Cube0021Mtl

f 2358/2358/2358 2359/2359/2359 2360/2360/2360 
f 2360/2360/2360 2359/2359/2359 2361/2361/2361 
f 2354/2354/2354 2355/2355/2355 2356/2356/2356 
f 2355/2355/2355 2354/2354/2354 2357/2357/2357 
f 2350/2350/2350 2351/2351/2351 2352/2352/2352 
f 2351/2351/2351 2350/2350/2350 2353/2353/2353 
f 2362/2362/2362 2363/2363/2363 2364/2364/2364 
f 2365/2365/2365 2364/2364/2364 2363/2363/2363 
f 2346/2346/2346 2347/2347/2347 2348/2348/2348 
f 2347/2347/2347 2346/2346/2346 2349/2349/2349 
f 2339/2339/2339 2340/2340/2340 2341/2341/2341 
f 2340/2340/2340 2339/2339/2339 2345/2345/2345 
f 2342/2342/2342 2343/2343/2343 2344/2344/2344 
f 2323/2323/2323 2324/2324/2324 2325/2325/2325 
f 2326/2326/2326 2324/2324/2324 2323/2323/2323 
f 2327/2327/2327 2328/2328/2328 2329/2329/2329 
f 2329/2329/2329 2333/2333/2333 2327/2327/2327 
f 2330/2330/2330 2331/2331/2331 2332/2332/2332 
f 2330/2330/2330 2334/2334/2334 2331/2331/2331 
f 2335/2335/2335 2336/2336/2336 2337/2337/2337 
f 2336/2336/2336 2335/2335/2335 2338/2338/2338 
f 2381/2381/2381 2382/2382/2382 2383/2383/2383 
f 2387/2387/2387 2381/2381/2381 2383/2383/2383 
f 2408/2408/2408 2409/2409/2409 2410/2410/2410 
f 2409/2409/2409 2408/2408/2408 2411/2411/2411 
f 2369/2369/2369 2370/2370/2370 2371/2371/2371 
f 2370/2370/2370 2369/2369/2369 2372/2372/2372 
f 2393/2393/2393 2394/2394/2394 2395/2395/2395 
f 2394/2394/2394 2393/2393/2393 2396/2396/2396 
f 2366/2366/2366 2367/2367/2367 2368/2368/2368 
f 2367/2367/2367 2366/2366/2366 2373/2373/2373 
f 2397/2397/2397 2398/2398/2398 2399/2399/2399 
f 2398/2398/2398 2397/2397/2397 2400/2400/2400 
f 2374/2374/2374 2375/2375/2375 2376/2376/2376 
f 2375/2375/2375 2374/2374/2374 2377/2377/2377 
f 2401/2401/2401 2402/2402/2402 2403/2403/2403 
f 2402/2402/2402 2401/2401/2401 2404/2404/2404 
f 2384/2384/2384 2385/2385/2385 2386/2386/2386 
f 2388/2388/2388 2384/2384/2384 2386/2386/2386 
f 2405/2405/2405 2406/2406/2406 2407/2407/2407 
f 2406/2406/2406 2405/2405/2405 2413/2413/2413 
f 2378/2378/2378 2379/2379/2379 2380/2380/2380 
f 2389/2389/2389 2378/2378/2378 2380/2380/2380 
f 2390/2390/2390 2391/2391/2391 2392/2392/2392 
f 2391/2391/2391 2390/2390/2390 2412/2412/2412 
f 2426/2426/2426 2427/2427/2427 2428/2428/2428 
f 2427/2427/2427 2426/2426/2426 2429/2429/2429 
f 2446/2446/2446 2447/2447/2447 2448/2448/2448 
f 2446/2446/2446 2448/2448/2448 2449/2449/2449 
f 2430/2430/2430 2431/2431/2431 2432/2432/2432 
f 2431/2431/2431 2430/2430/2430 2433/2433/2433 
f 2450/2450/2450 2451/2451/2451 2452/2452/2452 
f 2451/2451/2451 2450/2450/2450 2453/2453/2453 
f 2422/2422/2422 2423/2423/2423 2424/2424/2424 
f 2423/2423/2423 2422/2422/2422 2425/2425/2425 
f 2434/2434/2434 2435/2435/2435 2436/2436/2436 
f 2435/2435/2435 2434/2434/2434 2444/2444/2444 
f 2418/2418/2418 2419/2419/2419 2420/2420/2420 
f 2420/2420/2420 2421/2421/2421 2418/2418/2418 
f 2441/2441/2441 2442/2442/2442 2443/2443/2443 
f 2442/2442/2442 2441/2441/2441 2445/2445/2445 
f 2414/2414/2414 2415/2415/2415 2416/2416/2416 
f 2416/2416/2416 2415/2415/2415 2417/2417/2417 
f 2437/2437/2437 2438/2438/2438 2439/2439/2439 
f 2440/2440/2440 2437/2437/2437 2439/2439/2439 
f 2466/2466/2466 2467/2467/2467 2468/2468/2468 
f 2469/2469/2469 2466/2466/2466 2468/2468/2468 
f 2461/2461/2461 2462/2462/2462 2463/2463/2463 
f 2463/2463/2463 2465/2465/2465 2461/2461/2461 
f 2458/2458/2458 2459/2459/2459 2460/2460/2460 
f 2459/2459/2459 2458/2458/2458 2464/2464/2464 
f 2470/2470/2470 2471/2471/2471 2472/2472/2472 
f 2470/2470/2470 2472/2472/2472 2473/2473/2473 
f 2454/2454/2454 2455/2455/2455 2456/2456/2456 
f 2455/2455/2455 2454/2454/2454 2457/2457/2457 
f 2474/2474/2474 2475/2475/2475 2476/2476/2476 
f 2475/2475/2475 2474/2474/2474 2493/2493/2493 
f 2494/2494/2494 2495/2495/2495 2496/2496/2496 
f 2477/2477/2477 2478/2478/2478 2479/2479/2479 
f 2478/2478/2478 2480/2480/2480 2479/2479/2479 
f 2481/2481/2481 2482/2482/2482 2483/2483/2483 
f 2482/2482/2482 2481/2481/2481 2484/2484/2484 
f 2485/2485/2485 2486/2486/2486 2487/2487/2487 
f 2486/2486/2486 2485/2485/2485 2488/2488/2488 
f 2489/2489/2489 2490/2490/2490 2491/2491/2491 
f 2489/2489/2489 2491/2491/2491 2492/2492/2492 
f 2512/2512/2512 2513/2513/2513 2514/2514/2514 
f 2514/2514/2514 2519/2519/2519 2512/2512/2512 
f 2520/2520/2520 2521/2521/2521 2522/2522/2522 
f 2521/2521/2521 2520/2520/2520 2535/2535/2535 
f 2504/2504/2504 2505/2505/2505 2506/2506/2506 
f 2506/2506/2506 2508/2508/2508 2504/2504/2504 
f 2531/2531/2531 2532/2532/2532 2533/2533/2533 
f 2532/2532/2532 2531/2531/2531 2534/2534/2534 
f 2497/2497/2497 2498/2498/2498 2499/2499/2499 
f 2498/2498/2498 2497/2497/2497 2500/2500/2500 
f 2523/2523/2523 2524/2524/2524 2525/2525/2525 
f 2524/2524/2524 2523/2523/2523 2526/2526/2526 
f 2501/2501/2501 2502/2502/2502 2503/2503/2503 
f 2503/2503/2503 2507/2507/2507 2501/2501/2501 
f 2527/2527/2527 2528/2528/2528 2529/2529/2529 
f 2528/2528/2528 2527/2527/2527 2530/2530/2530 
f 2515/2515/2515 2516/2516/2516 2517/2517/2517 
f 2516/2516/2516 2518/2518/2518 2517/2517/2517 
f 2539/2539/2539 2540/2540/2540 2541/2541/2541 
f 2540/2540/2540 2539/2539/2539 2542/2542/2542 
f 2509/2509/2509 2510/2510/2510 2511/2511/2511 
f 2536/2536/2536 2537/2537/2537 2538/2538/2538 
f 2543/2543/2543 2544/2544/2544 2545/2545/2545 
f 2544/2544/2544 2543/2543/2543 2549/2549/2549 
f 2567/2567/2567 2568/2568/2568 2569/2569/2569 
f 2568/2568/2568 2570/2570/2570 2569/2569/2569 
f 2559/2559/2559 2560/2560/2560 2561/2561/2561 
f 2560/2560/2560 2559/2559/2559 2562/2562/2562 
f 2579/2579/2579 2580/2580/2580 2581/2581/2581 
f 2580/2580/2580 2579/2579/2579 2582/2582/2582 
f 2555/2555/2555 2556/2556/2556 2557/2557/2557 
f 2556/2556/2556 2558/2558/2558 2557/2557/2557 
f 2575/2575/2575 2576/2576/2576 2577/2577/2577 
f 2578/2578/2578 2577/2577/2577 2576/2576/2576 
f 2550/2550/2550 2551/2551/2551 2552/2552/2552 
f 2551/2551/2551 2550/2550/2550 2553/2553/2553 
f 2571/2571/2571 2572/2572/2572 2573/2573/2573 
f 2572/2572/2572 2571/2571/2571 2574/2574/2574 
f 2546/2546/2546 2547/2547/2547 2548/2548/2548 
f 2547/2547/2547 2546/2546/2546 2554/2554/2554 
f 2563/2563/2563 2564/2564/2564 2565/2565/2565 
f 2566/2566/2566 2563/2563/2563 2565/2565/2565 

g Cube0131

v -0.680474 0.925252 -1.09995 
v -0.680474 0.802249 -1.09995 
v -0.680474 0.802249 -1.2949 
v -0.680474 0.925251 1.00014 
v -0.680474 0.802248 1.00014 
v -0.680474 0.802248 0.943712 
v -0.680474 0.925252 -1.2949 
v -0.680474 0.802249 -1.48986 
v -0.680474 0.925252 -1.48986 
v -0.680474 0.802249 -1.54629 
v -0.535121 0.925252 -1.48986 
v -0.535121 0.802249 -1.48986 
v -0.535121 0.802249 -1.54629 
v -0.535121 0.925251 1.00014 
v -0.535121 0.802248 1.00014 
v -0.535121 0.802248 0.943712 
v -0.468296 0.802249 -1.2949 
v -0.468296 0.925252 -1.09995 
v -0.468296 0.802249 -1.09995 
v -0.468296 0.802249 -1.48986 
v -0.468296 0.925252 -1.2949 
v -0.680474 0.925251 1.1951 
v -0.680474 0.925251 1.39005 
v -0.680474 0.802248 1.39005 
v -0.680474 0.802248 1.1951 
v -0.468296 0.925251 1.1951 
v -0.468296 0.802248 1.00014 
v -0.468296 0.925251 1.00014 
v -0.468296 0.802248 1.1951 
v -0.468296 0.925251 1.39005 
v -0.468296 0.802248 1.39005 
v -0.535121 0.925251 0.943712 
v -0.680474 0.925252 -1.54629 
v -0.680474 0.98936 -1.2949 
v -0.468296 0.925252 -1.48986 
v -0.535121 0.925252 -1.54629 
v -0.468296 0.98936 -1.2949 
v -0.680474 0.925251 0.943712 
v -0.680474 0.98936 1.1951 
v -0.680474 0.98936 -1.09995 
v -0.680474 0.98936 1.39005 
v -0.468296 0.98936 1.1951 
v -0.468296 0.98936 1.39005 
v -0.468296 0.98936 -1.09995 
v 0.710119 0.925252 -1.2949 
v 0.710119 0.802249 -1.09995 
v 0.710119 0.802249 -1.2949 
v 0.710119 0.925251 0.943712 
v 0.710119 0.802248 1.00014 
v 0.710119 0.802248 0.943712 
v 0.710119 0.925252 -1.48986 
v 0.710119 0.802249 -1.48986 
v 0.710119 0.925252 -1.54629 
v 0.710119 0.802249 -1.48986 
v 0.710119 0.802249 -1.54629 
v 0.855472 0.925252 -1.54629 
v 0.855472 0.802249 -1.48986 
v 0.855472 0.802249 -1.54629 
v 0.855472 0.925251 0.943712 
v 0.855472 0.802248 1.00014 
v 0.855472 0.802248 0.943712 
v 0.922296 0.925252 -1.2949 
v 0.922296 0.802249 -1.09995 
v 0.922296 0.802249 -1.2949 
v 0.922296 0.925252 -1.48986 
v 0.922296 0.802249 -1.48986 
v 0.710119 0.925251 1.00014 
v 0.710119 0.802248 1.1951 
v 0.710119 0.802248 1.00014 
v 0.710119 0.925251 1.1951 
v 0.710119 0.802248 1.39005 
v 0.710119 0.925251 1.39005 
v 0.922296 0.925251 1.00014 
v 0.922296 0.802248 1.1951 
v 0.922296 0.802248 1.00014 
v 0.922296 0.925251 1.1951 
v 0.922296 0.802248 1.39005 
v 0.922296 0.925251 1.39005 
v 0.710119 0.925251 1.00014 
v 0.710119 0.925252 -1.48986 
v 0.710119 0.98936 -1.09995 
v 0.710119 0.925252 -1.2949 
v 0.710119 0.98936 -1.2949 
v 0.710119 0.925252 -1.09995 
v 0.855472 0.925252 -1.48986 
v 0.922296 0.98936 -1.09995 
v 0.922296 0.925252 -1.2949 
v 0.922296 0.98936 -1.2949 
v 0.922296 0.925252 -1.09995 
v 0.710119 0.925251 1.1951 
v 0.710119 0.98936 1.39005 
v 0.710119 0.925251 1.39005 
v 0.710119 0.925252 -1.09995 
v 0.710119 0.98936 1.1951 
v 0.855472 0.925251 1.00014 
v 0.922296 0.925251 1.1951 
v 0.922296 0.98936 1.39005 
v 0.922296 0.925251 1.39005 
v 0.922296 0.925252 -1.09995 
v 0.922296 0.98936 1.1951 
v -0.795413 0.925252 -1.2949 
v -0.795413 0.925252 -1.48986 
v -0.862238 0.925252 -1.2949 
v -0.795413 0.925251 1.00014 
v -0.680474 0.925251 0.943712 
v -0.795413 0.925251 0.943712 
v -0.680474 0.925252 -1.48986 
v -0.680474 0.925252 -1.2949 
v -0.862238 0.925252 -1.48986 
v -0.65006 0.925252 -1.2949 
v -0.535121 0.925252 -1.48986 
v -0.65006 0.925252 -1.48986 
v -0.535121 0.925252 -1.2949 
v -0.65006 0.925251 1.00014 
v -0.535121 0.925251 0.943712 
v -0.65006 0.925251 0.943712 
v -0.468296 0.925252 -1.2949 
v -0.468296 0.925252 -1.48986 
v -0.680474 0.925251 1.00014 
v -0.862238 0.925251 1.1951 
v -0.795413 0.925251 1.1951 
v -0.680474 0.925251 1.1951 
v -0.862238 0.925251 1.00014 
v -0.65006 0.925251 1.1951 
v -0.535121 0.925251 1.00014 
v -0.535121 0.925251 1.1951 
v -0.468296 0.925251 1.1951 
v -0.468296 0.925251 1.00014 
v -0.680474 0.925252 -1.54629 
v -0.795413 0.925252 -1.54629 
v -0.795413 0.98936 -1.09995 
v -0.795413 0.98936 -1.2949 
v -0.862238 0.98936 -1.09995 
v -0.862238 0.98936 -1.2949 
v -0.680474 0.98936 -1.2949 
v -0.680474 0.98936 -1.09995 
v -0.535121 0.925252 -1.54629 
v -0.65006 0.925252 -1.54629 
v -0.65006 0.98936 -1.09995 
v -0.535121 0.98936 -1.2949 
v -0.65006 0.98936 -1.2949 
v -0.535121 0.98936 -1.09995 
v -0.468296 0.98936 -1.2949 
v -0.795413 0.98936 1.39005 
v -0.795413 0.98936 1.1951 
v -0.862238 0.98936 1.39005 
v -0.680474 0.98936 1.39005 
v -0.680474 0.98936 1.1951 
v -0.862238 0.98936 1.1951 
v -0.65006 0.98936 1.39005 
v -0.535121 0.98936 1.1951 
v -0.65006 0.98936 1.1951 
v -0.535121 0.98936 1.39005 
v -0.468296 0.98936 1.39005 
v -0.468296 0.98936 1.1951 
v -0.468296 0.98936 -1.09995 
v 0.528355 0.98936 -1.2949 
v 0.528355 0.98936 -1.09995 
v 0.59518 0.98936 -1.09995 
v 0.528355 0.925252 -1.48986 
v 0.528355 0.925252 -1.2949 
v 0.59518 0.925252 -1.2949 
v 0.710119 0.925251 0.943712 
v 0.59518 0.925251 0.943712 
v 0.710119 0.925251 1.00014 
v 0.710119 0.925252 -1.2949 
v 0.59518 0.925252 -1.48986 
v 0.740533 0.925252 -1.2949 
v 0.855472 0.925252 -1.2949 
v 0.740533 0.925252 -1.48986 
v 0.855472 0.925252 -1.48986 
v 0.922296 0.925252 -1.2949 
v 0.855472 0.925251 0.943712 
v 0.740533 0.925251 0.943712 
v 0.855472 0.925251 1.00014 
v 0.922296 0.925252 -1.48986 
v 0.740533 0.925251 1.00014 
v 0.528355 0.925251 1.00014 
v 0.528355 0.925251 1.1951 
v 0.59518 0.925251 1.1951 
v 0.710119 0.925251 1.1951 
v 0.59518 0.925251 1.00014 
v 0.59518 0.925251 1.00014 
v 0.710119 0.925251 1.00014 
v 0.740533 0.925251 1.1951 
v 0.855472 0.925251 1.1951 
v 0.740533 0.925251 1.00014 
v 0.855472 0.925251 1.00014 
v 0.922296 0.925251 1.1951 
v 0.922296 0.925251 1.00014 
v 0.710119 0.925252 -1.48986 
v 0.710119 0.925252 -1.54629 
v 0.59518 0.925252 -1.54629 
v 0.710119 0.925252 -1.48986 
v 0.59518 0.925252 -1.48986 
v 0.710119 0.98936 -1.09995 
v 0.59518 0.98936 -1.2949 
v 0.710119 0.98936 -1.2949 
v 0.855472 0.925252 -1.54629 
v 0.740533 0.925252 -1.54629 
v 0.855472 0.925252 -1.48986 
v 0.740533 0.925252 -1.48986 
v 0.855472 0.98936 -1.09995 
v 0.855472 0.98936 -1.2949 
v 0.740533 0.98936 -1.2949 
v 0.922296 0.98936 -1.09995 
v 0.922296 0.98936 -1.2949 
v 0.528355 0.98936 1.1951 
v 0.528355 0.98936 1.39005 
v 0.59518 0.98936 1.39005 
v 0.710119 0.98936 1.39005 
v 0.59518 0.98936 1.1951 
v 0.710119 0.98936 1.1951 
v 0.740533 0.98936 -1.09995 
v 0.740533 0.98936 1.39005 
v 0.855472 0.98936 1.39005 
v 0.740533 0.98936 1.1951 
v 0.855472 0.98936 1.1951 
v 0.922296 0.98936 1.39005 
v 0.922296 0.98936 1.1951 
v -0.862238 0.925252 -1.09995 
v -0.862238 0.802249 -1.09995 
v -0.795413 0.802249 -1.09995 
v -0.795413 0.925252 -1.09995 
v -0.680474 0.802249 -1.09995 
v -0.680474 0.925252 -1.09995 
v -0.535121 0.802249 -1.09995 
v -0.65006 0.925252 -1.09995 
v -0.65006 0.802249 -1.09995 
v -0.468296 0.802249 -1.09995 
v -0.535121 0.925252 -1.09995 
v -0.468296 0.925252 -1.09995 
v -0.862238 0.925251 1.39005 
v -0.862238 0.802248 1.39005 
v -0.795413 0.802248 1.39005 
v -0.795413 0.925251 1.39005 
v -0.680474 0.802248 1.39005 
v -0.680474 0.925251 1.39005 
v -0.535121 0.802248 1.39005 
v -0.65006 0.925251 1.39005 
v -0.65006 0.802248 1.39005 
v -0.468296 0.802248 1.39005 
v -0.535121 0.925251 1.39005 
v -0.468296 0.925251 1.39005 
v -0.680474 0.98936 1.39005 
v -0.795413 0.98936 -1.09995 
v -0.862238 0.98936 -1.09995 
v -0.680474 0.98936 -1.09995 
v -0.535121 0.98936 -1.09995 
v -0.468296 0.98936 -1.09995 
v -0.65006 0.98936 -1.09995 
v -0.795413 0.98936 1.39005 
v -0.862238 0.98936 1.39005 
v -0.535121 0.98936 1.39005 
v -0.65006 0.98936 1.39005 
v -0.468296 0.98936 1.39005 
v 0.528355 0.925251 1.39005 
v 0.528355 0.802248 1.39005 
v 0.59518 0.925251 1.39005 
v 0.59518 0.925252 -1.09995 
v 0.528355 0.802249 -1.09995 
v 0.59518 0.802249 -1.09995 
v 0.528355 0.925252 -1.09995 
v 0.710119 0.925252 -1.09995 
v 0.710119 0.802249 -1.09995 
v 0.855472 0.925252 -1.09995 
v 0.740533 0.802249 -1.09995 
v 0.855472 0.802249 -1.09995 
v 0.922296 0.925252 -1.09995 
v 0.922296 0.802249 -1.09995 
v 0.740533 0.925252 -1.09995 
v 0.59518 0.802248 1.39005 
v 0.710119 0.925251 1.39005 
v 0.710119 0.802248 1.39005 
v 0.740533 0.802248 1.39005 
v 0.855472 0.925251 1.39005 
v 0.740533 0.925251 1.39005 
v 0.855472 0.802248 1.39005 
v 0.922296 0.925251 1.39005 
v 0.922296 0.802248 1.39005 
v 0.59518 0.925251 1.39005 
v 0.528355 0.98936 1.39005 
v 0.528355 0.925251 1.39005 
v 0.59518 0.925252 -1.09995 
v 0.528355 0.98936 -1.09995 
v 0.528355 0.925252 -1.09995 
v 0.710119 0.925252 -1.09995 
v 0.59518 0.98936 -1.09995 
v 0.710119 0.98936 -1.09995 
v 0.855472 0.925252 -1.09995 
v 0.740533 0.98936 -1.09995 
v 0.740533 0.925252 -1.09995 
v 0.922296 0.925252 -1.09995 
v 0.855472 0.98936 -1.09995 
v 0.922296 0.98936 -1.09995 
v 0.710119 0.925251 1.39005 
v 0.59518 0.98936 1.39005 
v 0.710119 0.98936 1.39005 
v 0.855472 0.925251 1.39005 
v 0.740533 0.98936 1.39005 
v 0.740533 0.925251 1.39005 
v 0.922296 0.925251 1.39005 
v 0.855472 0.98936 1.39005 
v 0.922296 0.98936 1.39005 
v -0.862238 0.925252 -1.2949 
v -0.862238 0.802249 -1.2949 
v -0.862238 0.802249 -1.09995 
v -0.795413 0.802248 1.00014 
v -0.795413 0.925251 0.943712 
v -0.795413 0.802248 0.943712 
v -0.862238 0.925252 -1.48986 
v -0.862238 0.802249 -1.48986 
v -0.795413 0.802249 -1.48986 
v -0.795413 0.925252 -1.54629 
v -0.795413 0.802249 -1.54629 
v -0.65006 0.802249 -1.48986 
v -0.65006 0.925252 -1.54629 
v -0.65006 0.802249 -1.54629 
v -0.65006 0.802248 1.00014 
v -0.65006 0.925251 0.943712 
v -0.65006 0.802248 0.943712 
v -0.65006 0.802249 -1.09995 
v -0.65006 0.925252 -1.2949 
v -0.65006 0.802249 -1.2949 
v -0.65006 0.925252 -1.48986 
v -0.862238 0.925251 1.00014 
v -0.862238 0.802248 1.00014 
v -0.862238 0.802248 1.1951 
v -0.862238 0.925251 1.1951 
v -0.862238 0.802248 1.39005 
v -0.862238 0.925251 1.39005 
v -0.65006 0.802248 1.1951 
v -0.65006 0.925251 1.00014 
v -0.65006 0.802248 1.39005 
v -0.65006 0.925251 1.1951 
v -0.65006 0.925251 1.39005 
v -0.795413 0.925251 1.00014 
v -0.862238 0.925252 -1.09995 
v -0.862238 0.98936 -1.09995 
v -0.862238 0.98936 -1.2949 
v -0.795413 0.925252 -1.48986 
v -0.65006 0.98936 -1.09995 
v -0.65006 0.98936 -1.2949 
v -0.65006 0.925252 -1.09995 
v -0.862238 0.98936 1.39005 
v -0.862238 0.98936 1.1951 
v -0.65006 0.98936 1.39005 
v -0.65006 0.98936 1.1951 
v 0.528355 0.925251 1.39005 
v 0.528355 0.98936 1.1951 
v 0.528355 0.925251 1.1951 
v 0.528355 0.925252 -1.09995 
v 0.528355 0.802249 -1.2949 
v 0.528355 0.802249 -1.09995 
v 0.528355 0.925252 -1.2949 
v 0.528355 0.802249 -1.48986 
v 0.59518 0.925252 -1.48986 
v 0.59518 0.802249 -1.54629 
v 0.59518 0.802249 -1.48986 
v 0.59518 0.925251 1.00014 
v 0.59518 0.802248 0.943712 
v 0.59518 0.802248 1.00014 
v 0.740533 0.925252 -1.09995 
v 0.740533 0.802249 -1.2949 
v 0.740533 0.802249 -1.09995 
v 0.740533 0.925252 -1.2949 
v 0.740533 0.802249 -1.48986 
v 0.740533 0.925252 -1.48986 
v 0.740533 0.802249 -1.54629 
v 0.740533 0.802249 -1.48986 
v 0.740533 0.925251 1.00014 
v 0.740533 0.802248 0.943712 
v 0.740533 0.802248 1.00014 
v 0.528355 0.925251 1.1951 
v 0.528355 0.802248 1.00014 
v 0.528355 0.802248 1.1951 
v 0.528355 0.925251 1.39005 
v 0.528355 0.925251 1.00014 
v 0.528355 0.802248 1.39005 
v 0.740533 0.925251 1.39005 
v 0.740533 0.802248 1.1951 
v 0.740533 0.802248 1.39005 
v 0.740533 0.925251 1.1951 
v 0.740533 0.802248 1.00014 
v 0.740533 0.925251 1.00014 
v 0.528355 0.925252 -1.48986 
v 0.528355 0.925252 -1.09995 
v 0.528355 0.98936 -1.2949 
v 0.528355 0.925252 -1.2949 
v 0.59518 0.925252 -1.54629 
v 0.740533 0.925252 -1.48986 
v 0.740533 0.925252 -1.54629 
v 0.740533 0.925252 -1.09995 
v 0.740533 0.98936 -1.2949 
v 0.740533 0.925252 -1.2949 
v 0.59518 0.925251 0.943712 
v 0.528355 0.98936 1.39005 
v 0.528355 0.98936 -1.09995 
v 0.740533 0.98936 -1.09995 
v 0.740533 0.925251 0.943712 
v 0.740533 0.925251 1.39005 
v 0.740533 0.98936 1.1951 
v 0.740533 0.925251 1.1951 
v 0.740533 0.98936 1.39005 
v -0.795413 0.802248 1.00014 
v -0.795413 0.802248 1.1951 
v -0.862238 0.802248 1.00014 
v -0.680474 0.802248 1.1951 
v -0.680474 0.802248 1.00014 
v -0.795413 0.802248 0.943712 
v -0.680474 0.802248 0.943712 
v -0.65006 0.802248 0.943712 
v -0.535121 0.802248 1.00014 
v -0.65006 0.802248 1.00014 
v -0.535121 0.802248 1.1951 
v -0.65006 0.802248 1.1951 
v -0.468296 0.802248 1.00014 
v -0.468296 0.802248 1.1951 
v -0.535121 0.802248 0.943712 
v -0.862238 0.802248 1.1951 
v -0.795413 0.802248 1.39005 
v -0.862238 0.802248 1.39005 
v -0.680474 0.802248 1.39005 
v -0.535121 0.802248 1.39005 
v -0.65006 0.802248 1.39005 
v -0.468296 0.802248 1.39005 
v -0.862238 0.802249 -1.2949 
v -0.795413 0.802249 -1.09995 
v -0.862238 0.802249 -1.09995 
v -0.795413 0.802249 -1.48986 
v -0.795413 0.802249 -1.2949 
v -0.862238 0.802249 -1.48986 
v -0.680474 0.802249 -1.48986 
v -0.680474 0.802249 -1.2949 
v -0.795413 0.802249 -1.54629 
v -0.680474 0.802249 -1.54629 
v -0.65006 0.802249 -1.54629 
v -0.535121 0.802249 -1.48986 
v -0.65006 0.802249 -1.48986 
v -0.468296 0.802249 -1.48986 
v -0.468296 0.802249 -1.2949 
v -0.535121 0.802249 -1.2949 
v -0.535121 0.802249 -1.54629 
v -0.680474 0.802249 -1.09995 
v -0.65006 0.802249 -1.2949 
v -0.535121 0.802249 -1.09995 
v -0.65006 0.802249 -1.09995 
v -0.468296 0.802249 -1.09995 
v 0.59518 0.802249 -1.48986 
v 0.528355 0.802249 -1.2949 
v 0.528355 0.802249 -1.48986 
v 0.59518 0.802248 1.00014 
v 0.528355 0.802248 1.1951 
v 0.528355 0.802248 1.00014 
v 0.59518 0.802248 1.1951 
v 0.710119 0.802248 1.00014 
v 0.710119 0.802248 0.943712 
v 0.59518 0.802248 1.00014 
v 0.59518 0.802248 0.943712 
v 0.710119 0.802248 1.00014 
v 0.855472 0.802248 1.00014 
v 0.740533 0.802248 1.1951 
v 0.740533 0.802248 1.00014 
v 0.710119 0.802248 1.1951 
v 0.922296 0.802248 1.00014 
v 0.855472 0.802248 1.1951 
v 0.740533 0.802248 1.00014 
v 0.855472 0.802248 0.943712 
v 0.855472 0.802248 1.00014 
v 0.528355 0.802248 1.39005 
v 0.59518 0.802248 1.39005 
v 0.710119 0.802248 1.39005 
v 0.740533 0.802248 1.39005 
v 0.855472 0.802248 1.39005 
v 0.922296 0.802248 1.1951 
v 0.922296 0.802248 1.39005 
v 0.740533 0.802248 0.943712 
v 0.710119 0.802249 -1.48986 
v 0.59518 0.802249 -1.2949 
v 0.59518 0.802249 -1.48986 
v 0.710119 0.802249 -1.54629 
v 0.710119 0.802249 -1.48986 
v 0.59518 0.802249 -1.54629 
v 0.855472 0.802249 -1.54629 
v 0.740533 0.802249 -1.48986 
v 0.740533 0.802249 -1.54629 
v 0.855472 0.802249 -1.48986 
v 0.740533 0.802249 -1.2949 
v 0.740533 0.802249 -1.48986 
v 0.855472 0.802249 -1.2949 
v 0.922296 0.802249 -1.48986 
v 0.922296 0.802249 -1.2949 
v 0.855472 0.802249 -1.48986 
v 0.710119 0.802249 -1.2949 
v 0.528355 0.802249 -1.09995 
v 0.59518 0.802249 -1.09995 
v 0.710119 0.802249 -1.09995 
v 0.740533 0.802249 -1.09995 
v 0.855472 0.802249 -1.09995 
v 0.922296 0.802249 -1.09995 
v -0.680474 0.925252 -1.54629 
v -0.680474 0.802249 -1.54629 
v -0.795413 0.802249 -1.54629 
v -0.795413 0.925252 -1.48986 
v -0.795413 0.802249 -1.48986 
v -0.862238 0.802249 -1.48986 
v -0.862238 0.925252 -1.48986 
v -0.795413 0.925252 -1.54629 
v -0.535121 0.925252 -1.54629 
v -0.65006 0.802249 -1.54629 
v -0.65006 0.925252 -1.54629 
v -0.535121 0.802249 -1.48986 
v -0.468296 0.925252 -1.48986 
v -0.468296 0.802249 -1.48986 
v -0.535121 0.802249 -1.54629 
v -0.535121 0.925252 -1.48986 
v -0.680474 0.925251 0.943712 
v -0.680474 0.802248 0.943712 
v -0.795413 0.802248 0.943712 
v -0.795413 0.925251 1.00014 
v -0.795413 0.802248 1.00014 
v -0.862238 0.802248 1.00014 
v -0.862238 0.925251 1.00014 
v -0.795413 0.925251 0.943712 
v -0.535121 0.925251 0.943712 
v -0.65006 0.802248 0.943712 
v -0.65006 0.925251 0.943712 
v -0.535121 0.802248 1.00014 
v -0.468296 0.925251 1.00014 
v -0.468296 0.802248 1.00014 
v -0.535121 0.802248 0.943712 
v -0.535121 0.925251 1.00014 
v -0.795413 0.98936 1.1951 
v -0.680474 0.925251 1.1951 
v -0.795413 0.925251 1.1951 
v -0.862238 0.98936 -1.2949 
v -0.795413 0.925252 -1.2949 
v -0.862238 0.925252 -1.2949 
v -0.795413 0.98936 -1.2949 
v -0.680474 0.925252 -1.2949 
v -0.680474 0.98936 -1.2949 
v -0.65006 0.98936 -1.2949 
v -0.535121 0.925252 -1.2949 
v -0.65006 0.925252 -1.2949 
v -0.535121 0.98936 -1.2949 
v -0.468296 0.925252 -1.2949 
v -0.468296 0.98936 -1.2949 
v -0.862238 0.98936 1.1951 
v -0.862238 0.925251 1.1951 
v -0.680474 0.98936 1.1951 
v -0.65006 0.98936 1.1951 
v -0.535121 0.925251 1.1951 
v -0.65006 0.925251 1.1951 
v -0.535121 0.98936 1.1951 
v -0.468296 0.925251 1.1951 
v -0.468296 0.98936 1.1951 
v 0.528355 0.925251 1.00014 
v 0.59518 0.802248 1.00014 
v 0.528355 0.802248 1.00014 
v 0.528355 0.925252 -1.48986 
v 0.59518 0.802249 -1.48986 
v 0.528355 0.802249 -1.48986 
v 0.59518 0.925252 -1.54629 
v 0.710119 0.802249 -1.54629 
v 0.59518 0.802249 -1.54629 
v 0.59518 0.925252 -1.48986 
v 0.710119 0.925252 -1.54629 
v 0.855472 0.925252 -1.48986 
v 0.922296 0.802249 -1.48986 
v 0.855472 0.802249 -1.48986 
v 0.740533 0.925252 -1.54629 
v 0.855472 0.802249 -1.54629 
v 0.740533 0.802249 -1.54629 
v 0.855472 0.925252 -1.54629 
v 0.922296 0.925252 -1.48986 
v 0.59518 0.925251 0.943712 
v 0.710119 0.802248 0.943712 
v 0.59518 0.802248 0.943712 
v 0.59518 0.925251 1.00014 
v 0.710119 0.925251 0.943712 
v 0.740533 0.925251 0.943712 
v 0.855472 0.802248 0.943712 
v 0.740533 0.802248 0.943712 
v 0.855472 0.925251 1.00014 
v 0.922296 0.802248 1.00014 
v 0.855472 0.802248 1.00014 
v 0.922296 0.925251 1.00014 
v 0.855472 0.925251 0.943712 
v 0.528355 0.925251 1.1951 
v 0.59518 0.98936 1.1951 
v 0.59518 0.925251 1.1951 
v 0.528355 0.925252 -1.2949 
v 0.59518 0.98936 -1.2949 
v 0.59518 0.925252 -1.2949 
v 0.710119 0.98936 -1.2949 
v 0.710119 0.925252 -1.2949 
v 0.528355 0.98936 -1.2949 
v 0.855472 0.98936 -1.2949 
v 0.740533 0.925252 -1.2949 
v 0.740533 0.98936 -1.2949 
v 0.855472 0.925252 -1.2949 
v 0.922296 0.98936 -1.2949 
v 0.922296 0.925252 -1.2949 
v 0.710119 0.98936 1.1951 
v 0.710119 0.925251 1.1951 
v 0.528355 0.98936 1.1951 
v 0.855472 0.98936 1.1951 
v 0.740533 0.925251 1.1951 
v 0.740533 0.98936 1.1951 
v 0.855472 0.925251 1.1951 
v 0.922296 0.98936 1.1951 
v 0.922296 0.925251 1.1951 

vn 1 0 0 
vn 1 0 0 
vn 1 0 0 
vn 1 0 0 
vn 1 0 0 
vn 1 0 0 
vn 1 0 0 
vn 1 0 0 
vn 1 0 0 
vn 1 0 0 
vn 1 0 0 
vn 1 0 0 
vn 1 0 0 
vn 1 0 0 
vn 1 0 0 
vn 1 0 0 
vn 1 0 0 
vn 1 0 0 
vn 1 0 0 
vn 1 0 0 
vn 1 0 0 
vn 1 0 0 
vn 1 0 0 
vn 1 0 0 
vn 1 0 0 
vn 1 0 0 
vn 1 0 0 
vn 1 0 0 
vn 1 0 0 
vn 1 0 0 
vn 1 0 0 
vn 1 0 0 
vn 1 0 0 
vn 1 0 0 
vn 1 0 0 
vn 1 0 0 
vn 1 0 0 
vn 1 0 0 
vn 1 0 0 
vn 1 0 0 
vn 1 0 0 
vn 1 0 0 
vn 1 0 0 
vn 1 0 0 
vn 1 0 0 
vn 1 0 0 
vn 1 0 0 
vn 1 0 0 
vn 1 0 0 
vn 1 0 0 
vn 1 0 0 
vn 1 0 0 
vn 1 0 0 
vn 1 0 0 
vn 1 0 0 
vn 1 0 0 
vn 1 0 0 
vn 1 0 0 
vn 1 0 0 
vn 1 0 0 
vn 1 0 0 
vn 1 0 0 
vn 1 0 0 
vn 1 0 0 
vn 1 0 0 
vn 1 0 0 
vn 1 0 0 
vn 1 0 0 
vn 1 0 0 
vn 1 0 0 
vn 1 0 0 
vn 1 0 0 
vn 1 0 0 
vn 1 0 0 
vn 1 0 0 
vn 1 0 0 
vn 1 0 0 
vn 1 0 0 
vn 1 0 0 
vn 1 0 0 
vn 1 0 0 
vn 1 0 0 
vn 1 0 0 
vn 1 0 0 
vn 1 0 0 
vn 1 0 0 
vn 1 0 0 
vn 1 0 0 
vn 1 0 0 
vn 1 0 0 
vn 1 0 0 
vn 1 0 0 
vn 1 0 0 
vn 1 0 0 
vn 1 0 0 
vn 1 0 0 
vn 1 0 0 
vn 1 0 0 
vn 1 0 0 
vn 1 0 0 
vn 0 1 0 
vn 0 1 0 
vn 0 1 0 
vn 0 1 0 
vn 0 1 0 
vn 0 1 0 
vn 0 1 0 
vn 0 1 0 
vn 0 1 0 
vn 0 1 0 
vn 0 1 0 
vn 0 1 0 
vn 0 1 0 
vn 0 1 0 
vn 0 1 0 
vn 0 1 0 
vn 0 1 0 
vn 0 1 0 
vn 0 1 0 
vn 0 1 0 
vn 0 1 0 
vn 0 1 0 
vn 0 1 0 
vn 0 1 0 
vn 0 1 0 
vn 0 1 0 
vn 0 1 0 
vn 0 1 0 
vn 0 1 0 
vn 0 1 0 
vn 0 1 0 
vn 0 1 0 
vn 0 1 0 
vn 0 1 0 
vn 0 1 0 
vn 0 1 0 
vn 0 1 0 
vn 0 1 0 
vn 0 1 0 
vn 0 1 0 
vn 0 1 0 
vn 0 1 0 
vn 0 1 0 
vn 0 1 0 
vn 0 1 0 
vn 0 1 0 
vn 0 1 0 
vn 0 1 0 
vn 0 1 0 
vn 0 1 0 
vn 0 1 0 
vn 0 1 0 
vn 0 1 0 
vn 0 1 0 
vn 0 1 0 
vn 0 1 0 
vn 0 1 0 
vn 0 1 0 
vn 0 1 0 
vn 0 1 0 
vn 0 1 0 
vn 0 1 0 
vn 0 1 0 
vn 0 1 0 
vn 0 1 0 
vn 0 1 0 
vn 0 1 0 
vn 0 1 0 
vn 0 1 0 
vn 0 1 0 
vn 0 1 0 
vn 0 1 0 
vn 0 1 0 
vn 0 1 0 
vn 0 1 0 
vn 0 1 0 
vn 0 1 0 
vn 0 1 0 
vn 0 1 0 
vn 0 1 0 
vn 0 1 0 
vn 0 1 0 
vn 0 1 0 
vn 0 1 0 
vn 0 1 0 
vn 0 1 0 
vn 0 1 0 
vn 0 1 0 
vn 0 1 0 
vn 0 1 0 
vn 0 1 0 
vn 0 1 0 
vn 0 1 0 
vn 0 1 0 
vn 0 1 0 
vn 0 1 0 
vn 0 1 0 
vn 0 1 0 
vn 0 1 0 
vn 0 1 0 
vn 0 1 0 
vn 0 1 0 
vn 0 1 0 
vn 0 1 0 
vn 0 1 0 
vn 0 1 0 
vn 0 1 0 
vn 0 1 0 
vn 0 1 0 
vn 0 1 0 
vn 0 1 0 
vn 0 1 0 
vn 0 1 0 
vn 0 1 0 
vn 0 1 0 
vn 0 1 0 
vn 0 1 0 
vn 0 1 0 
vn 0 1 0 
vn 0 1 0 
vn 0 0 1 
vn 0 0 1 
vn 0 0 1 
vn 0 0 1 
vn 0 0 1 
vn 0 0 1 
vn 0 0 1 
vn 0 0 1 
vn 0 0 1 
vn 0 0 1 
vn 0 0 1 
vn 0 0 1 
vn 0 0 1 
vn 0 0 1 
vn 0 0 1 
vn 0 0 1 
vn 0 0 1 
vn 0 0 1 
vn 0 0 1 
vn 0 0 1 
vn 0 0 1 
vn 0 0 1 
vn 0 0 1 
vn 0 0 1 
vn 0 0 1 
vn 0 0 1 
vn 0 0 1 
vn 0 0 1 
vn 0 0 1 
vn 0 0 1 
vn 0 0 1 
vn 0 0 1 
vn 0 0 1 
vn 0 0 1 
vn 0 0 1 
vn 0 0 1 
vn 0 0 1 
vn 0 0 1 
vn 0 0 1 
vn 0 0 1 
vn 0 0 1 
vn 0 0 1 
vn 0 0 1 
vn 0 0 1 
vn 0 0 1 
vn 0 0 1 
vn 0 0 1 
vn 0 0 1 
vn 0 0 1 
vn 0 0 1 
vn 0 0 1 
vn 0 0 1 
vn 0 0 1 
vn 0 0 1 
vn 0 0 1 
vn 0 0 1 
vn 0 0 1 
vn 0 0 1 
vn 0 0 1 
vn 0 0 1 
vn 0 0 1 
vn 0 0 1 
vn 0 0 1 
vn 0 0 1 
vn 0 0 1 
vn 0 0 1 
vn 0 0 1 
vn 0 0 1 
vn 0 0 1 
vn 0 0 1 
vn 0 0 1 
vn 0 0 1 
vn 0 0 1 
vn 0 0 1 
vn 0 0 1 
vn 0 0 1 
vn 0 0 1 
vn 0 0 1 
vn 0 0 1 
vn 0 0 1 
vn 0 0 1 
vn 0 0 1 
vn 0 0 1 
vn 0 0 1 
vn -1 0 0 
vn -1 0 0 
vn -1 0 0 
vn -1 0 0 
vn -1 0 0 
vn -1 0 0 
vn -1 0 0 
vn -1 0 0 
vn -1 0 0 
vn -1 0 0 
vn -1 0 0 
vn -1 0 0 
vn -1 0 0 
vn -1 0 0 
vn -1 0 0 
vn -1 0 0 
vn -1 0 0 
vn -1 0 0 
vn -1 0 0 
vn -1 0 0 
vn -1 0 0 
vn -1 0 0 
vn -1 0 0 
vn -1 0 0 
vn -1 0 0 
vn -1 0 0 
vn -1 0 0 
vn -1 0 0 
vn -1 0 0 
vn -1 0 0 
vn -1 0 0 
vn -1 0 0 
vn -1 0 0 
vn -1 0 0 
vn -1 0 0 
vn -1 0 0 
vn -1 0 0 
vn -1 0 0 
vn -1 0 0 
vn -1 0 0 
vn -1 0 0 
vn -1 0 0 
vn -1 0 0 
vn -1 0 0 
vn -1 0 0 
vn -1 0 0 
vn -1 0 0 
vn -1 0 0 
vn -1 0 0 
vn -1 0 0 
vn -1 0 0 
vn -1 0 0 
vn -1 0 0 
vn -1 0 0 
vn -1 0 0 
vn -1 0 0 
vn -1 0 0 
vn -1 0 0 
vn -1 0 0 
vn -1 0 0 
vn -1 0 0 
vn -1 0 0 
vn -1 0 0 
vn -1 0 0 
vn -1 0 0 
vn -1 0 0 
vn -1 0 0 
vn -1 0 0 
vn -1 0 0 
vn -1 0 0 
vn -1 0 0 
vn -1 0 0 
vn -1 0 0 
vn -1 0 0 
vn -1 0 0 
vn -1 0 0 
vn -1 0 0 
vn -1 0 0 
vn -1 0 0 
vn -1 0 0 
vn -1 0 0 
vn -1 0 0 
vn -1 0 0 
vn -1 0 0 
vn -1 0 0 
vn -1 0 0 
vn -1 0 0 
vn -1 0 0 
vn -1 0 0 
vn -1 0 0 
vn -1 0 0 
vn -1 0 0 
vn -1 0 0 
vn -1 0 0 
vn -1 0 0 
vn -1 0 0 
vn -1 0 0 
vn -1 0 0 
vn -1 0 0 
vn -1 0 0 
vn 0 -1 0 
vn 0 -1 0 
vn 0 -1 0 
vn 0 -1 0 
vn 0 -1 0 
vn 0 -1 0 
vn 0 -1 0 
vn 0 -1 0 
vn 0 -1 0 
vn 0 -1 0 
vn 0 -1 0 
vn 0 -1 0 
vn 0 -1 0 
vn 0 -1 0 
vn 0 -1 0 
vn 0 -1 0 
vn 0 -1 0 
vn 0 -1 0 
vn 0 -1 0 
vn 0 -1 0 
vn 0 -1 0 
vn 0 -1 0 
vn 0 -1 0 
vn 0 -1 0 
vn 0 -1 0 
vn 0 -1 0 
vn 0 -1 0 
vn 0 -1 0 
vn 0 -1 0 
vn 0 -1 0 
vn 0 -1 0 
vn 0 -1 0 
vn 0 -1 0 
vn 0 -1 0 
vn 0 -1 0 
vn 0 -1 0 
vn 0 -1 0 
vn 0 -1 0 
vn 0 -1 0 
vn 0 -1 0 
vn 0 -1 0 
vn 0 -1 0 
vn 0 -1 0 
vn 0 -1 0 
vn 0 -1 0 
vn 0 -1 0 
vn 0 -1 0 
vn 0 -1 0 
vn 0 -1 0 
vn 0 -1 0 
vn 0 -1 0 
vn 0 -1 0 
vn 0 -1 0 
vn 0 -1 0 
vn 0 -1 0 
vn 0 -1 0 
vn 0 -1 0 
vn 0 -1 0 
vn 0 -1 0 
vn 0 -1 0 
vn 0 -1 0 
vn 0 -1 0 
vn 0 -1 0 
vn 0 -1 0 
vn 0 -1 0 
vn 0 -1 0 
vn 0 -1 0 
vn 0 -1 0 
vn 0 -1 0 
vn 0 -1 0 
vn 0 -1 0 
vn 0 -1 0 
vn 0 -1 0 
vn 0 -1 0 
vn 0 -1 0 
vn 0 -1 0 
vn 0 -1 0 
vn 0 -1 0 
vn 0 -1 0 
vn 0 -1 0 
vn 0 -1 0 
vn 0 -1 0 
vn 0 -1 0 
vn 0 -1 0 
vn 0 -1 0 
vn 0 -1 0 
vn 0 -1 0 
vn 0 -1 0 
vn 0 -1 0 
vn 0 -1 0 
vn 0 -1 0 
vn 0 -1 0 
vn 0 -1 0 
vn 0 -1 0 
vn 0 -1 0 
vn 0 -1 0 
vn 0 0 -1 
vn 0 0 -1 
vn 0 0 -1 
vn 0 0 -1 
vn 0 0 -1 
vn 0 0 -1 
vn 0 0 -1 
vn 0 0 -1 
vn 0 0 -1 
vn 0 0 -1 
vn 0 0 -1 
vn 0 0 -1 
vn 0 0 -1 
vn 0 0 -1 
vn 0 0 -1 
vn 0 0 -1 
vn 0 0 -1 
vn 0 0 -1 
vn 0 0 -1 
vn 0 0 -1 
vn 0 0 -1 
vn 0 0 -1 
vn 0 0 -1 
vn 0 0 -1 
vn 0 0 -1 
vn 0 0 -1 
vn 0 0 -1 
vn 0 0 -1 
vn 0 0 -1 
vn 0 0 -1 
vn 0 0 -1 
vn 0 0 -1 
vn 0 0 -1 
vn 0 0 -1 
vn 0 0 -1 
vn 0 0 -1 
vn 0 0 -1 
vn 0 0 -1 
vn 0 0 -1 
vn 0 0 -1 
vn 0 0 -1 
vn 0 0 -1 
vn 0 0 -1 
vn 0 0 -1 
vn 0 0 -1 
vn 0 0 -1 
vn 0 0 -1 
vn 0 0 -1 
vn 0 0 -1 
vn 0 0 -1 
vn 0 0 -1 
vn 0 0 -1 
vn 0 0 -1 
vn 0 0 -1 
vn 0 0 -1 
vn 0 0 -1 
vn 0 0 -1 
vn 0 0 -1 
vn 0 0 -1 
vn 0 0 -1 
vn 0 0 -1 
vn 0 0 -1 
vn 0 0 -1 
vn 0 0 -1 
vn 0 0 -1 
vn 0 0 -1 
vn 0 0 -1 
vn 0 0 -1 
vn 0 0 -1 
vn 0 0 -1 
vn 0 0 -1 
vn 0 0 -1 
vn 0 0 -1 
vn 0 0 -1 
vn 0 0 -1 
vn 0 0 -1 
vn 0 0 -1 
vn 0 0 -1 
vn 0 0 -1 
vn 0 0 -1 
vn 0 0 -1 
vn 0 0 -1 
vn 0 0 -1 
vn 0 0 -1 
vn 0 0 -1 
vn 0 0 -1 
vn 0 0 -1 
vn 0 0 -1 
vn 0 0 -1 
vn 0 0 -1 
vn 0 0 -1 
vn 0 0 -1 
vn 0 0 -1 
vn 0 0 -1 
vn 0 0 -1 
vn 0 0 -1 
vn 0 0 -1 
vn 0 0 -1 
vn 0 0 -1 
vn 0 0 -1 
vn 0 0 -1 
vn 0 0 -1 
vn 0 0 -1 
vn 0 0 -1 
vn 0 0 -1 
vn 0 0 -1 
vn 0 0 -1 
vn 0 0 -1 
vn 0 0 -1 
vn 0 0 -1 
vn 0 0 -1 
vn 0 0 -1 

vt 60.1277 -46.9963 
vt 60.1277 -47.0117 
vt 60.1521 -47.0117 
vt 59.8652 -46.9963 
vt 59.8652 -47.0117 
vt 59.8723 -47.0117 
vt 60.1521 -46.9963 
vt 60.1765 -47.0117 
vt 60.1765 -46.9963 
vt 60.1835 -47.0117 
vt 60.1765 -46.9963 
vt 60.1765 -47.0117 
vt 60.1835 -47.0117 
vt 59.8652 -46.9963 
vt 59.8652 -47.0117 
vt 59.8723 -47.0117 
vt 60.1521 -47.0117 
vt 60.1277 -46.9963 
vt 60.1277 -47.0117 
vt 60.1765 -47.0117 
vt 60.1521 -46.9963 
vt 59.8408 -46.9963 
vt 59.8165 -46.9963 
vt 59.8165 -47.0117 
vt 59.8408 -47.0117 
vt 59.8408 -46.9963 
vt 59.8652 -47.0117 
vt 59.8652 -46.9963 
vt 59.8408 -47.0117 
vt 59.8165 -46.9963 
vt 59.8165 -47.0117 
vt 59.8723 -46.9963 
vt 60.1835 -46.9963 
vt 60.1521 -46.9883 
vt 60.1765 -46.9963 
vt 60.1835 -46.9963 
vt 60.1521 -46.9883 
vt 59.8723 -46.9963 
vt 59.8408 -46.9883 
vt 60.1277 -46.9883 
vt 59.8165 -46.9883 
vt 59.8408 -46.9883 
vt 59.8165 -46.9883 
vt 60.1277 -46.9883 
vt 60.1521 -46.9963 
vt 60.1277 -47.0117 
vt 60.1521 -47.0117 
vt 59.8723 -46.9963 
vt 59.8652 -47.0117 
vt 59.8723 -47.0117 
vt 60.1765 -46.9963 
vt 60.1765 -47.0117 
vt 60.1835 -46.9963 
vt 60.1765 -47.0117 
vt 60.1835 -47.0117 
vt 60.1835 -46.9963 
vt 60.1765 -47.0117 
vt 60.1835 -47.0117 
vt 59.8723 -46.9963 
vt 59.8652 -47.0117 
vt 59.8723 -47.0117 
vt 60.1521 -46.9963 
vt 60.1277 -47.0117 
vt 60.1521 -47.0117 
vt 60.1765 -46.9963 
vt 60.1765 -47.0117 
vt 59.8652 -46.9963 
vt 59.8408 -47.0117 
vt 59.8652 -47.0117 
vt 59.8408 -46.9963 
vt 59.8165 -47.0117 
vt 59.8165 -46.9963 
vt 59.8652 -46.9963 
vt 59.8408 -47.0117 
vt 59.8652 -47.0117 
vt 59.8408 -46.9963 
vt 59.8165 -47.0117 
vt 59.8165 -46.9963 
vt 59.8652 -46.9963 
vt 60.1765 -46.9963 
vt 60.1277 -46.9883 
vt 60.1521 -46.9963 
vt 60.1521 -46.9883 
vt 60.1277 -46.9963 
vt 60.1765 -46.9963 
vt 60.1277 -46.9883 
vt 60.1521 -46.9963 
vt 60.1521 -46.9883 
vt 60.1277 -46.9963 
vt 59.8408 -46.9963 
vt 59.8165 -46.9883 
vt 59.8165 -46.9963 
vt 60.1277 -46.9963 
vt 59.8408 -46.9883 
vt 59.8652 -46.9963 
vt 59.8408 -46.9963 
vt 59.8165 -46.9883 
vt 59.8165 -46.9963 
vt 60.1277 -46.9963 
vt 59.8408 -46.9883 
vt 60.1032 -47.1521 
vt 60.1032 -47.1765 
vt 60.1115 -47.1521 
vt 60.1032 -46.8652 
vt 60.0888 -46.8723 
vt 60.1032 -46.8723 
vt 60.0888 -47.1765 
vt 60.0888 -47.1521 
vt 60.1115 -47.1765 
vt 60.085 -47.1521 
vt 60.0706 -47.1765 
vt 60.085 -47.1765 
vt 60.0706 -47.1521 
vt 60.085 -46.8652 
vt 60.0706 -46.8723 
vt 60.085 -46.8723 
vt 60.0623 -47.1521 
vt 60.0623 -47.1765 
vt 60.0888 -46.8652 
vt 60.1115 -46.8408 
vt 60.1032 -46.8408 
vt 60.0888 -46.8408 
vt 60.1115 -46.8652 
vt 60.085 -46.8408 
vt 60.0706 -46.8652 
vt 60.0706 -46.8408 
vt 60.0623 -46.8408 
vt 60.0623 -46.8652 
vt 60.0888 -47.1835 
vt 60.1032 -47.1835 
vt 60.1032 -47.1277 
vt 60.1032 -47.1521 
vt 60.1115 -47.1277 
vt 60.1115 -47.1521 
vt 60.0888 -47.1521 
vt 60.0888 -47.1277 
vt 60.0706 -47.1835 
vt 60.085 -47.1835 
vt 60.085 -47.1277 
vt 60.0706 -47.1521 
vt 60.085 -47.1521 
vt 60.0706 -47.1277 
vt 60.0623 -47.1521 
vt 60.1032 -46.8165 
vt 60.1032 -46.8408 
vt 60.1115 -46.8165 
vt 60.0888 -46.8165 
vt 60.0888 -46.8408 
vt 60.1115 -46.8408 
vt 60.085 -46.8165 
vt 60.0706 -46.8408 
vt 60.085 -46.8408 
vt 60.0706 -46.8165 
vt 60.0623 -46.8165 
vt 60.0623 -46.8408 
vt 60.0623 -47.1277 
vt 59.9377 -47.1521 
vt 59.9377 -47.1277 
vt 59.9294 -47.1277 
vt 59.9377 -47.1765 
vt 59.9377 -47.1521 
vt 59.9294 -47.1521 
vt 59.915 -46.8723 
vt 59.9294 -46.8723 
vt 59.915 -46.8652 
vt 59.915 -47.1521 
vt 59.9294 -47.1765 
vt 59.9112 -47.1521 
vt 59.8968 -47.1521 
vt 59.9112 -47.1765 
vt 59.8968 -47.1765 
vt 59.8885 -47.1521 
vt 59.8968 -46.8723 
vt 59.9112 -46.8723 
vt 59.8968 -46.8652 
vt 59.8885 -47.1765 
vt 59.9112 -46.8652 
vt 59.9377 -46.8652 
vt 59.9377 -46.8408 
vt 59.9294 -46.8408 
vt 59.915 -46.8408 
vt 59.9294 -46.8652 
vt 59.9294 -46.8652 
vt 59.915 -46.8652 
vt 59.9112 -46.8408 
vt 59.8968 -46.8408 
vt 59.9112 -46.8652 
vt 59.8968 -46.8652 
vt 59.8885 -46.8408 
vt 59.8885 -46.8652 
vt 59.915 -47.1765 
vt 59.915 -47.1835 
vt 59.9294 -47.1835 
vt 59.915 -47.1765 
vt 59.9294 -47.1765 
vt 59.915 -47.1277 
vt 59.9294 -47.1521 
vt 59.915 -47.1521 
vt 59.8968 -47.1835 
vt 59.9112 -47.1835 
vt 59.8968 -47.1765 
vt 59.9112 -47.1765 
vt 59.8968 -47.1277 
vt 59.8968 -47.1521 
vt 59.9112 -47.1521 
vt 59.8885 -47.1277 
vt 59.8885 -47.1521 
vt 59.9377 -46.8408 
vt 59.9377 -46.8165 
vt 59.9294 -46.8165 
vt 59.915 -46.8165 
vt 59.9294 -46.8408 
vt 59.915 -46.8408 
vt 59.9112 -47.1277 
vt 59.9112 -46.8165 
vt 59.8968 -46.8165 
vt 59.9112 -46.8408 
vt 59.8968 -46.8408 
vt 59.8885 -46.8165 
vt 59.8885 -46.8408 
vt 59.8885 -46.9963 
vt 59.8885 -47.0117 
vt 59.8968 -47.0117 
vt 59.8968 -46.9963 
vt 59.9112 -47.0117 
vt 59.9112 -46.9963 
vt 59.9294 -47.0117 
vt 59.915 -46.9963 
vt 59.915 -47.0117 
vt 59.9377 -47.0117 
vt 59.9294 -46.9963 
vt 59.9377 -46.9963 
vt 59.8885 -46.9963 
vt 59.8885 -47.0117 
vt 59.8968 -47.0117 
vt 59.8968 -46.9963 
vt 59.9112 -47.0117 
vt 59.9112 -46.9963 
vt 59.9294 -47.0117 
vt 59.915 -46.9963 
vt 59.915 -47.0117 
vt 59.9377 -47.0117 
vt 59.9294 -46.9963 
vt 59.9377 -46.9963 
vt 59.9112 -46.9883 
vt 59.8968 -46.9883 
vt 59.8885 -46.9883 
vt 59.9112 -46.9883 
vt 59.9294 -46.9883 
vt 59.9377 -46.9883 
vt 59.915 -46.9883 
vt 59.8968 -46.9883 
vt 59.8885 -46.9883 
vt 59.9294 -46.9883 
vt 59.915 -46.9883 
vt 59.9377 -46.9883 
vt 60.0623 -46.9963 
vt 60.0623 -47.0117 
vt 60.0706 -46.9963 
vt 60.0706 -46.9963 
vt 60.0623 -47.0117 
vt 60.0706 -47.0117 
vt 60.0623 -46.9963 
vt 60.085 -46.9963 
vt 60.085 -47.0117 
vt 60.1032 -46.9963 
vt 60.0888 -47.0117 
vt 60.1032 -47.0117 
vt 60.1115 -46.9963 
vt 60.1115 -47.0117 
vt 60.0888 -46.9963 
vt 60.0706 -47.0117 
vt 60.085 -46.9963 
vt 60.085 -47.0117 
vt 60.0888 -47.0117 
vt 60.1032 -46.9963 
vt 60.0888 -46.9963 
vt 60.1032 -47.0117 
vt 60.1115 -46.9963 
vt 60.1115 -47.0117 
vt 60.0706 -46.9963 
vt 60.0623 -46.9883 
vt 60.0623 -46.9963 
vt 60.0706 -46.9963 
vt 60.0623 -46.9883 
vt 60.0623 -46.9963 
vt 60.085 -46.9963 
vt 60.0706 -46.9883 
vt 60.085 -46.9883 
vt 60.1032 -46.9963 
vt 60.0888 -46.9883 
vt 60.0888 -46.9963 
vt 60.1115 -46.9963 
vt 60.1032 -46.9883 
vt 60.1115 -46.9883 
vt 60.085 -46.9963 
vt 60.0706 -46.9883 
vt 60.085 -46.9883 
vt 60.1032 -46.9963 
vt 60.0888 -46.9883 
vt 60.0888 -46.9963 
vt 60.1115 -46.9963 
vt 60.1032 -46.9883 
vt 60.1115 -46.9883 
vt 59.8479 -46.9963 
vt 59.8479 -47.0117 
vt 59.8723 -47.0117 
vt 60.1348 -47.0117 
vt 60.1277 -46.9963 
vt 60.1277 -47.0117 
vt 59.8235 -46.9963 
vt 59.8235 -47.0117 
vt 59.8235 -47.0117 
vt 59.8165 -46.9963 
vt 59.8165 -47.0117 
vt 59.8235 -47.0117 
vt 59.8165 -46.9963 
vt 59.8165 -47.0117 
vt 60.1348 -47.0117 
vt 60.1277 -46.9963 
vt 60.1277 -47.0117 
vt 59.8723 -47.0117 
vt 59.8479 -46.9963 
vt 59.8479 -47.0117 
vt 59.8235 -46.9963 
vt 60.1348 -46.9963 
vt 60.1348 -47.0117 
vt 60.1592 -47.0117 
vt 60.1592 -46.9963 
vt 60.1835 -47.0117 
vt 60.1835 -46.9963 
vt 60.1592 -47.0117 
vt 60.1348 -46.9963 
vt 60.1835 -47.0117 
vt 60.1592 -46.9963 
vt 60.1835 -46.9963 
vt 60.1348 -46.9963 
vt 59.8723 -46.9963 
vt 59.8723 -46.9883 
vt 59.8479 -46.9883 
vt 59.8235 -46.9963 
vt 59.8723 -46.9883 
vt 59.8479 -46.9883 
vt 59.8723 -46.9963 
vt 60.1835 -46.9883 
vt 60.1592 -46.9883 
vt 60.1835 -46.9883 
vt 60.1592 -46.9883 
vt 60.1835 -46.9963 
vt 60.1592 -46.9883 
vt 60.1592 -46.9963 
vt 59.8723 -46.9963 
vt 59.8479 -47.0117 
vt 59.8723 -47.0117 
vt 59.8479 -46.9963 
vt 59.8235 -47.0117 
vt 59.8235 -46.9963 
vt 59.8165 -47.0117 
vt 59.8235 -47.0117 
vt 60.1348 -46.9963 
vt 60.1277 -47.0117 
vt 60.1348 -47.0117 
vt 59.8723 -46.9963 
vt 59.8479 -47.0117 
vt 59.8723 -47.0117 
vt 59.8479 -46.9963 
vt 59.8235 -47.0117 
vt 59.8235 -46.9963 
vt 59.8165 -47.0117 
vt 59.8235 -47.0117 
vt 60.1348 -46.9963 
vt 60.1277 -47.0117 
vt 60.1348 -47.0117 
vt 60.1592 -46.9963 
vt 60.1348 -47.0117 
vt 60.1592 -47.0117 
vt 60.1835 -46.9963 
vt 60.1348 -46.9963 
vt 60.1835 -47.0117 
vt 60.1835 -46.9963 
vt 60.1592 -47.0117 
vt 60.1835 -47.0117 
vt 60.1592 -46.9963 
vt 60.1348 -47.0117 
vt 60.1348 -46.9963 
vt 59.8235 -46.9963 
vt 59.8723 -46.9963 
vt 59.8479 -46.9883 
vt 59.8479 -46.9963 
vt 59.8165 -46.9963 
vt 59.8235 -46.9963 
vt 59.8165 -46.9963 
vt 59.8723 -46.9963 
vt 59.8479 -46.9883 
vt 59.8479 -46.9963 
vt 60.1277 -46.9963 
vt 60.1835 -46.9883 
vt 59.8723 -46.9883 
vt 59.8723 -46.9883 
vt 60.1277 -46.9963 
vt 60.1835 -46.9963 
vt 60.1592 -46.9883 
vt 60.1592 -46.9963 
vt 60.1835 -46.9883 
vt 59.8968 -46.8652 
vt 59.8968 -46.8408 
vt 59.8885 -46.8652 
vt 59.9112 -46.8408 
vt 59.9112 -46.8652 
vt 59.8968 -46.8723 
vt 59.9112 -46.8723 
vt 59.915 -46.8723 
vt 59.9294 -46.8652 
vt 59.915 -46.8652 
vt 59.9294 -46.8408 
vt 59.915 -46.8408 
vt 59.9377 -46.8652 
vt 59.9377 -46.8408 
vt 59.9294 -46.8723 
vt 59.8885 -46.8408 
vt 59.8968 -46.8165 
vt 59.8885 -46.8165 
vt 59.9112 -46.8165 
vt 59.9294 -46.8165 
vt 59.915 -46.8165 
vt 59.9377 -46.8165 
vt 59.8885 -47.1521 
vt 59.8968 -47.1277 
vt 59.8885 -47.1277 
vt 59.8968 -47.1765 
vt 59.8968 -47.1521 
vt 59.8885 -47.1765 
vt 59.9112 -47.1765 
vt 59.9112 -47.1521 
vt 59.8968 -47.1835 
vt 59.9112 -47.1835 
vt 59.915 -47.1835 
vt 59.9294 -47.1765 
vt 59.915 -47.1765 
vt 59.9377 -47.1765 
vt 59.9377 -47.1521 
vt 59.9294 -47.1521 
vt 59.9294 -47.1835 
vt 59.9112 -47.1277 
vt 59.915 -47.1521 
vt 59.9294 -47.1277 
vt 59.915 -47.1277 
vt 59.9377 -47.1277 
vt 60.0706 -47.1765 
vt 60.0623 -47.1521 
vt 60.0623 -47.1765 
vt 60.0706 -46.8652 
vt 60.0623 -46.8408 
vt 60.0623 -46.8652 
vt 60.0706 -46.8408 
vt 60.085 -46.8652 
vt 60.085 -46.8723 
vt 60.0706 -46.8652 
vt 60.0706 -46.8723 
vt 60.085 -46.8652 
vt 60.1032 -46.8652 
vt 60.0888 -46.8408 
vt 60.0888 -46.8652 
vt 60.085 -46.8408 
vt 60.1115 -46.8652 
vt 60.1032 -46.8408 
vt 60.0888 -46.8652 
vt 60.1032 -46.8723 
vt 60.1032 -46.8652 
vt 60.0623 -46.8165 
vt 60.0706 -46.8165 
vt 60.085 -46.8165 
vt 60.0888 -46.8165 
vt 60.1032 -46.8165 
vt 60.1115 -46.8408 
vt 60.1115 -46.8165 
vt 60.0888 -46.8723 
vt 60.085 -47.1765 
vt 60.0706 -47.1521 
vt 60.0706 -47.1765 
vt 60.085 -47.1835 
vt 60.085 -47.1765 
vt 60.0706 -47.1835 
vt 60.1032 -47.1835 
vt 60.0888 -47.1765 
vt 60.0888 -47.1835 
vt 60.1032 -47.1765 
vt 60.0888 -47.1521 
vt 60.0888 -47.1765 
vt 60.1032 -47.1521 
vt 60.1115 -47.1765 
vt 60.1115 -47.1521 
vt 60.1032 -47.1765 
vt 60.085 -47.1521 
vt 60.0623 -47.1277 
vt 60.0706 -47.1277 
vt 60.085 -47.1277 
vt 60.0888 -47.1277 
vt 60.1032 -47.1277 
vt 60.1115 -47.1277 
vt 60.0888 -46.9963 
vt 60.0888 -47.0117 
vt 60.1032 -47.0117 
vt 60.1032 -46.9963 
vt 60.1032 -47.0117 
vt 60.1115 -47.0117 
vt 60.1115 -46.9963 
vt 60.1032 -46.9963 
vt 60.0706 -46.9963 
vt 60.085 -47.0117 
vt 60.085 -46.9963 
vt 60.0706 -47.0117 
vt 60.0623 -46.9963 
vt 60.0623 -47.0117 
vt 60.0706 -47.0117 
vt 60.0706 -46.9963 
vt 60.0888 -46.9963 
vt 60.0888 -47.0117 
vt 60.1032 -47.0117 
vt 60.1032 -46.9963 
vt 60.1032 -47.0117 
vt 60.1115 -47.0117 
vt 60.1115 -46.9963 
vt 60.1032 -46.9963 
vt 60.0706 -46.9963 
vt 60.085 -47.0117 
vt 60.085 -46.9963 
vt 60.0706 -47.0117 
vt 60.0623 -46.9963 
vt 60.0623 -47.0117 
vt 60.0706 -47.0117 
vt 60.0706 -46.9963 
vt 60.1032 -46.9883 
vt 60.0888 -46.9963 
vt 60.1032 -46.9963 
vt 60.1115 -46.9883 
vt 60.1032 -46.9963 
vt 60.1115 -46.9963 
vt 60.1032 -46.9883 
vt 60.0888 -46.9963 
vt 60.0888 -46.9883 
vt 60.085 -46.9883 
vt 60.0706 -46.9963 
vt 60.085 -46.9963 
vt 60.0706 -46.9883 
vt 60.0623 -46.9963 
vt 60.0623 -46.9883 
vt 60.1115 -46.9883 
vt 60.1115 -46.9963 
vt 60.0888 -46.9883 
vt 60.085 -46.9883 
vt 60.0706 -46.9963 
vt 60.085 -46.9963 
vt 60.0706 -46.9883 
vt 60.0623 -46.9963 
vt 60.0623 -46.9883 
vt 59.9377 -46.9963 
vt 59.9294 -47.0117 
vt 59.9377 -47.0117 
vt 59.9377 -46.9963 
vt 59.9294 -47.0117 
vt 59.9377 -47.0117 
vt 59.9294 -46.9963 
vt 59.915 -47.0117 
vt 59.9294 -47.0117 
vt 59.9294 -46.9963 
vt 59.915 -46.9963 
vt 59.8968 -46.9963 
vt 59.8885 -47.0117 
vt 59.8968 -47.0117 
vt 59.9112 -46.9963 
vt 59.8968 -47.0117 
vt 59.9112 -47.0117 
vt 59.8968 -46.9963 
vt 59.8885 -46.9963 
vt 59.9294 -46.9963 
vt 59.915 -47.0117 
vt 59.9294 -47.0117 
vt 59.9294 -46.9963 
vt 59.915 -46.9963 
vt 59.9112 -46.9963 
vt 59.8968 -47.0117 
vt 59.9112 -47.0117 
vt 59.8968 -46.9963 
vt 59.8885 -47.0117 
vt 59.8968 -47.0117 
vt 59.8885 -46.9963 
vt 59.8968 -46.9963 
vt 59.9377 -46.9963 
vt 59.9294 -46.9883 
vt 59.9294 -46.9963 
vt 59.9377 -46.9963 
vt 59.9294 -46.9883 
vt 59.9294 -46.9963 
vt 59.915 -46.9883 
vt 59.915 -46.9963 
vt 59.9377 -46.9883 
vt 59.8968 -46.9883 
vt 59.9112 -46.9963 
vt 59.9112 -46.9883 
vt 59.8968 -46.9963 
vt 59.8885 -46.9883 
vt 59.8885 -46.9963 
vt 59.915 -46.9883 
vt 59.915 -46.9963 
vt 59.9377 -46.9883 
vt 59.8968 -46.9883 
vt 59.9112 -46.9963 
vt 59.9112 -46.9883 
vt 59.8968 -46.9963 
vt 59.8885 -46.9883 
vt 59.8885 -46.9963 

usemtl Cube0131Mtl

f 2644/2644/2644 2645/2645/2645 2646/2646/2646 
f 2645/2645/2645 2644/2644/2644 2671/2671/2671 
f 2646/2646/2646 2647/2647/2647 2644/2644/2644 
f 2647/2647/2647 2646/2646/2646 2648/2648/2648 
f 2655/2655/2655 2656/2656/2656 2657/2657/2657 
f 2658/2658/2658 2656/2656/2656 2655/2655/2655 
f 2658/2658/2658 2659/2659/2659 2656/2656/2656 
f 2659/2659/2659 2658/2658/2658 2660/2660/2660 
f 2668/2668/2668 2669/2669/2669 2670/2670/2670 
f 2669/2669/2669 2668/2668/2668 2681/2681/2681 
f 2678/2678/2678 2679/2679/2679 2680/2680/2680 
f 2679/2679/2679 2678/2678/2678 2682/2682/2682 
f 2638/2638/2638 2639/2639/2639 2640/2640/2640 
f 2667/2667/2667 2639/2639/2639 2638/2638/2638 
f 2641/2641/2641 2642/2642/2642 2643/2643/2643 
f 2677/2677/2677 2642/2642/2642 2641/2641/2641 
f 2627/2627/2627 2628/2628/2628 2629/2629/2629 
f 2627/2627/2627 2666/2666/2666 2628/2628/2628 
f 2633/2633/2633 2627/2627/2627 2629/2629/2629 
f 2633/2633/2633 2629/2629/2629 2634/2634/2634 
f 2630/2630/2630 2631/2631/2631 2632/2632/2632 
f 2661/2661/2661 2631/2631/2631 2630/2630/2630 
f 2635/2635/2635 2636/2636/2636 2637/2637/2637 
f 2662/2662/2662 2636/2636/2636 2635/2635/2635 
f 2649/2649/2649 2650/2650/2650 2651/2651/2651 
f 2649/2649/2649 2652/2652/2652 2650/2650/2650 
f 2652/2652/2652 2653/2653/2653 2650/2650/2650 
f 2652/2652/2652 2654/2654/2654 2653/2653/2653 
f 2663/2663/2663 2664/2664/2664 2665/2665/2665 
f 2664/2664/2664 2663/2663/2663 2675/2675/2675 
f 2672/2672/2672 2673/2673/2673 2674/2674/2674 
f 2673/2673/2673 2672/2672/2672 2676/2676/2676 
f 2599/2599/2599 2600/2600/2600 2601/2601/2601 
f 2600/2600/2600 2599/2599/2599 2603/2603/2603 
f 2602/2602/2602 2603/2603/2603 2599/2599/2599 
f 2603/2603/2603 2602/2602/2602 2617/2617/2617 
f 2619/2619/2619 2600/2600/2600 2603/2603/2603 
f 2619/2619/2619 2626/2626/2626 2600/2600/2600 
f 2608/2608/2608 2609/2609/2609 2610/2610/2610 
f 2609/2609/2609 2608/2608/2608 2611/2611/2611 
f 2612/2612/2612 2611/2611/2611 2608/2608/2608 
f 2611/2611/2611 2612/2612/2612 2613/2613/2613 
f 2624/2624/2624 2612/2612/2612 2608/2608/2608 
f 2624/2624/2624 2625/2625/2625 2612/2612/2612 
f 2593/2593/2593 2594/2594/2594 2595/2595/2595 
f 2595/2595/2595 2618/2618/2618 2593/2593/2593 
f 2596/2596/2596 2597/2597/2597 2598/2598/2598 
f 2598/2598/2598 2614/2614/2614 2596/2596/2596 
f 2583/2583/2583 2584/2584/2584 2585/2585/2585 
f 2589/2589/2589 2583/2583/2583 2585/2585/2585 
f 2589/2589/2589 2585/2585/2585 2590/2590/2590 
f 2616/2616/2616 2583/2583/2583 2589/2589/2589 
f 2616/2616/2616 2622/2622/2622 2583/2583/2583 
f 2591/2591/2591 2589/2589/2589 2590/2590/2590 
f 2591/2591/2591 2590/2590/2590 2592/2592/2592 
f 2592/2592/2592 2615/2615/2615 2591/2591/2591 
f 2586/2586/2586 2587/2587/2587 2588/2588/2588 
f 2588/2588/2588 2620/2620/2620 2586/2586/2586 
f 2586/2586/2586 2604/2604/2604 2587/2587/2587 
f 2604/2604/2604 2607/2607/2607 2587/2587/2587 
f 2604/2604/2604 2605/2605/2605 2607/2607/2607 
f 2605/2605/2605 2606/2606/2606 2607/2607/2607 
f 2621/2621/2621 2605/2605/2605 2604/2604/2604 
f 2621/2621/2621 2623/2623/2623 2605/2605/2605 
f 2713/2713/2713 2714/2714/2714 2715/2715/2715 
f 2715/2715/2715 2714/2714/2714 2716/2716/2716 
f 2713/2713/2713 2717/2717/2717 2714/2714/2714 
f 2718/2718/2718 2717/2717/2717 2713/2713/2713 
f 2721/2721/2721 2722/2722/2722 2723/2723/2723 
f 2724/2724/2724 2722/2722/2722 2721/2721/2721 
f 2724/2724/2724 2725/2725/2725 2722/2722/2722 
f 2738/2738/2738 2725/2725/2725 2724/2724/2724 
f 2726/2726/2726 2727/2727/2727 2728/2728/2728 
f 2728/2728/2728 2727/2727/2727 2731/2731/2731 
f 2726/2726/2726 2730/2730/2730 2727/2727/2727 
f 2729/2729/2729 2730/2730/2730 2726/2726/2726 
f 2732/2732/2732 2733/2733/2733 2734/2734/2734 
f 2735/2735/2735 2733/2733/2733 2732/2732/2732 
f 2735/2735/2735 2737/2737/2737 2733/2733/2733 
f 2736/2736/2736 2737/2737/2737 2735/2735/2735 
f 2739/2739/2739 2740/2740/2740 2741/2741/2741 
f 2741/2741/2741 2779/2779/2779 2739/2739/2739 
f 2741/2741/2741 2778/2778/2778 2779/2779/2779 
f 2778/2778/2778 2780/2780/2780 2779/2779/2779 
f 2785/2785/2785 2786/2786/2786 2787/2787/2787 
f 2796/2796/2796 2785/2785/2785 2787/2787/2787 
f 2786/2786/2786 2785/2785/2785 2788/2788/2788 
f 2788/2788/2788 2789/2789/2789 2786/2786/2786 
f 2790/2790/2790 2791/2791/2791 2792/2792/2792 
f 2792/2792/2792 2794/2794/2794 2790/2790/2790 
f 2792/2792/2792 2793/2793/2793 2794/2794/2794 
f 2793/2793/2793 2795/2795/2795 2794/2794/2794 
f 2797/2797/2797 2798/2798/2798 2799/2799/2799 
f 2798/2798/2798 2800/2800/2800 2799/2799/2799 
f 2800/2800/2800 2798/2798/2798 2801/2801/2801 
f 2801/2801/2801 2802/2802/2802 2800/2800/2800 
f 2683/2683/2683 2684/2684/2684 2685/2685/2685 
f 2685/2685/2685 2684/2684/2684 2691/2691/2691 
f 2683/2683/2683 2689/2689/2689 2684/2684/2684 
f 2689/2689/2689 2683/2683/2683 2690/2690/2690 
f 2711/2711/2711 2684/2684/2684 2689/2689/2689 
f 2684/2684/2684 2711/2711/2711 2712/2712/2712 
f 2686/2686/2686 2687/2687/2687 2688/2688/2688 
f 2687/2687/2687 2686/2686/2686 2701/2701/2701 
f 2703/2703/2703 2701/2701/2701 2686/2686/2686 
f 2704/2704/2704 2701/2701/2701 2703/2703/2703 
f 2686/2686/2686 2702/2702/2702 2703/2703/2703 
f 2702/2702/2702 2686/2686/2686 2705/2705/2705 
f 2692/2692/2692 2693/2693/2693 2694/2694/2694 
f 2695/2695/2695 2693/2693/2693 2692/2692/2692 
f 2694/2694/2694 2693/2693/2693 2719/2719/2719 
f 2694/2694/2694 2719/2719/2719 2720/2720/2720 
f 2695/2695/2695 2700/2700/2700 2693/2693/2693 
f 2699/2699/2699 2700/2700/2700 2695/2695/2695 
f 2696/2696/2696 2697/2697/2697 2698/2698/2698 
f 2696/2696/2696 2707/2707/2707 2697/2697/2697 
f 2706/2706/2706 2707/2707/2707 2696/2696/2696 
f 2708/2708/2708 2707/2707/2707 2706/2706/2706 
f 2708/2708/2708 2710/2710/2710 2707/2707/2707 
f 2709/2709/2709 2710/2710/2710 2708/2708/2708 
f 2742/2742/2742 2743/2743/2743 2744/2744/2744 
f 2744/2744/2744 2749/2749/2749 2742/2742/2742 
f 2744/2744/2744 2748/2748/2748 2749/2749/2749 
f 2748/2748/2748 2773/2773/2773 2749/2749/2749 
f 2745/2745/2745 2746/2746/2746 2747/2747/2747 
f 2765/2765/2765 2747/2747/2747 2746/2746/2746 
f 2750/2750/2750 2751/2751/2751 2752/2752/2752 
f 2751/2751/2751 2753/2753/2753 2752/2752/2752 
f 2753/2753/2753 2751/2751/2751 2754/2754/2754 
f 2754/2754/2754 2758/2758/2758 2753/2753/2753 
f 2755/2755/2755 2756/2756/2756 2757/2757/2757 
f 2759/2759/2759 2757/2757/2757 2756/2756/2756 
f 2760/2760/2760 2761/2761/2761 2762/2762/2762 
f 2762/2762/2762 2764/2764/2764 2760/2760/2760 
f 2762/2762/2762 2763/2763/2763 2764/2764/2764 
f 2763/2763/2763 2766/2766/2766 2764/2764/2764 
f 2767/2767/2767 2768/2768/2768 2769/2769/2769 
f 2768/2768/2768 2770/2770/2770 2769/2769/2769 
f 2770/2770/2770 2768/2768/2768 2771/2771/2771 
f 2771/2771/2771 2772/2772/2772 2770/2770/2770 
f 2774/2774/2774 2775/2775/2775 2776/2776/2776 
f 2777/2777/2777 2776/2776/2776 2775/2775/2775 
f 2781/2781/2781 2782/2782/2782 2783/2783/2783 
f 2784/2784/2784 2783/2783/2783 2782/2782/2782 
f 2815/2815/2815 2816/2816/2816 2817/2817/2817 
f 2817/2817/2817 2818/2818/2818 2815/2815/2815 
f 2818/2818/2818 2817/2817/2817 2819/2819/2819 
f 2820/2820/2820 2818/2818/2818 2819/2819/2819 
f 2827/2827/2827 2818/2818/2818 2820/2820/2820 
f 2827/2827/2827 2834/2834/2834 2818/2818/2818 
f 2834/2834/2834 2815/2815/2815 2818/2818/2818 
f 2834/2834/2834 2835/2835/2835 2815/2815/2815 
f 2821/2821/2821 2822/2822/2822 2823/2823/2823 
f 2822/2822/2822 2821/2821/2821 2825/2825/2825 
f 2824/2824/2824 2825/2825/2825 2821/2821/2821 
f 2825/2825/2825 2824/2824/2824 2826/2826/2826 
f 2838/2838/2838 2825/2825/2825 2826/2826/2826 
f 2838/2838/2838 2836/2836/2836 2825/2825/2825 
f 2836/2836/2836 2822/2822/2822 2825/2825/2825 
f 2836/2836/2836 2837/2837/2837 2822/2822/2822 
f 2839/2839/2839 2840/2840/2840 2841/2841/2841 
f 2841/2841/2841 2840/2840/2840 2854/2854/2854 
f 2855/2855/2855 2841/2841/2841 2854/2854/2854 
f 2855/2855/2855 2854/2854/2854 2856/2856/2856 
f 2857/2857/2857 2858/2858/2858 2859/2859/2859 
f 2858/2858/2858 2857/2857/2857 2860/2860/2860 
f 2858/2858/2858 2860/2860/2860 2861/2861/2861 
f 2861/2861/2861 2860/2860/2860 2862/2862/2862 
f 2863/2863/2863 2864/2864/2864 2865/2865/2865 
f 2864/2864/2864 2863/2863/2863 2879/2879/2879 
f 2878/2878/2878 2879/2879/2879 2863/2863/2863 
f 2879/2879/2879 2878/2878/2878 2880/2880/2880 
f 2881/2881/2881 2882/2882/2882 2883/2883/2883 
f 2882/2882/2882 2881/2881/2881 2885/2885/2885 
f 2884/2884/2884 2885/2885/2885 2881/2881/2881 
f 2885/2885/2885 2884/2884/2884 2886/2886/2886 
f 2803/2803/2803 2804/2804/2804 2805/2805/2805 
f 2805/2805/2805 2806/2806/2806 2803/2803/2803 
f 2806/2806/2806 2805/2805/2805 2807/2807/2807 
f 2808/2808/2808 2806/2806/2806 2807/2807/2807 
f 2830/2830/2830 2806/2806/2806 2808/2808/2808 
f 2830/2830/2830 2828/2828/2828 2806/2806/2806 
f 2828/2828/2828 2803/2803/2803 2806/2806/2806 
f 2828/2828/2828 2829/2829/2829 2803/2803/2803 
f 2809/2809/2809 2810/2810/2810 2811/2811/2811 
f 2810/2810/2810 2809/2809/2809 2813/2813/2813 
f 2812/2812/2812 2813/2813/2813 2809/2809/2809 
f 2813/2813/2813 2812/2812/2812 2814/2814/2814 
f 2832/2832/2832 2813/2813/2813 2814/2814/2814 
f 2832/2832/2832 2831/2831/2831 2813/2813/2813 
f 2831/2831/2831 2810/2810/2810 2813/2813/2813 
f 2831/2831/2831 2833/2833/2833 2810/2810/2810 
f 2842/2842/2842 2843/2843/2843 2844/2844/2844 
f 2845/2845/2845 2843/2843/2843 2842/2842/2842 
f 2846/2846/2846 2842/2842/2842 2844/2844/2844 
f 2846/2846/2846 2844/2844/2844 2847/2847/2847 
f 2848/2848/2848 2849/2849/2849 2850/2850/2850 
f 2849/2849/2849 2848/2848/2848 2853/2853/2853 
f 2848/2848/2848 2850/2850/2850 2851/2851/2851 
f 2851/2851/2851 2850/2850/2850 2852/2852/2852 
f 2866/2866/2866 2867/2867/2867 2868/2868/2868 
f 2867/2867/2867 2866/2866/2866 2870/2870/2870 
f 2869/2869/2869 2870/2870/2870 2866/2866/2866 
f 2870/2870/2870 2869/2869/2869 2871/2871/2871 
f 2872/2872/2872 2873/2873/2873 2874/2874/2874 
f 2873/2873/2873 2872/2872/2872 2876/2876/2876 
f 2875/2875/2875 2876/2876/2876 2872/2872/2872 
f 2876/2876/2876 2875/2875/2875 2877/2877/2877 
f 2887/2887/2887 2888/2888/2888 2889/2889/2889 
f 2920/2920/2920 2887/2887/2887 2889/2889/2889 
f 2921/2921/2921 2887/2887/2887 2920/2920/2920 
f 2921/2921/2921 2922/2922/2922 2887/2887/2887 
f 2887/2887/2887 2893/2893/2893 2888/2888/2888 
f 2893/2893/2893 2894/2894/2894 2888/2888/2888 
f 2908/2908/2908 2909/2909/2909 2910/2910/2910 
f 2911/2911/2911 2908/2908/2908 2910/2910/2910 
f 2911/2911/2911 2910/2910/2910 2912/2912/2912 
f 2913/2913/2913 2911/2911/2911 2912/2912/2912 
f 2927/2927/2927 2911/2911/2911 2913/2913/2913 
f 2927/2927/2927 2928/2928/2928 2911/2911/2911 
f 2890/2890/2890 2891/2891/2891 2892/2892/2892 
f 2891/2891/2891 2890/2890/2890 2919/2919/2919 
f 2895/2895/2895 2896/2896/2896 2897/2897/2897 
f 2896/2896/2896 2895/2895/2895 2923/2923/2923 
f 2898/2898/2898 2899/2899/2899 2900/2900/2900 
f 2899/2899/2899 2898/2898/2898 2907/2907/2907 
f 2906/2906/2906 2907/2907/2907 2898/2898/2898 
f 2907/2907/2907 2906/2906/2906 2905/2905/2905 
f 2904/2904/2904 2905/2905/2905 2906/2906/2906 
f 2905/2905/2905 2904/2904/2904 2926/2926/2926 
f 2924/2924/2924 2905/2905/2905 2926/2926/2926 
f 2924/2924/2924 2925/2925/2925 2905/2905/2905 
f 2901/2901/2901 2902/2902/2902 2903/2903/2903 
f 2902/2902/2902 2901/2901/2901 2915/2915/2915 
f 2914/2914/2914 2915/2915/2915 2901/2901/2901 
f 2915/2915/2915 2914/2914/2914 2917/2917/2917 
f 2916/2916/2916 2917/2917/2917 2914/2914/2914 
f 2917/2917/2917 2916/2916/2916 2918/2918/2918 
f 2929/2929/2929 2917/2917/2917 2918/2918/2918 
f 2929/2929/2929 2930/2930/2930 2917/2917/2917 
f 2931/2931/2931 2932/2932/2932 2933/2933/2933 
f 2932/2932/2932 2931/2931/2931 2979/2979/2979 
f 2934/2934/2934 2935/2935/2935 2936/2936/2936 
f 2934/2934/2934 2937/2937/2937 2935/2935/2935 
f 2937/2937/2937 2938/2938/2938 2935/2935/2935 
f 2937/2937/2937 2968/2968/2968 2938/2938/2938 
f 2956/2956/2956 2957/2957/2957 2958/2958/2958 
f 2956/2956/2956 2960/2960/2960 2957/2957/2957 
f 2959/2959/2959 2956/2956/2956 2958/2958/2958 
f 2959/2959/2959 2958/2958/2958 2961/2961/2961 
f 2969/2969/2969 2970/2970/2970 2971/2971/2971 
f 2970/2970/2970 2969/2969/2969 2980/2980/2980 
f 2939/2939/2939 2940/2940/2940 2941/2941/2941 
f 2972/2972/2972 2940/2940/2940 2939/2939/2939 
f 2942/2942/2942 2943/2943/2943 2944/2944/2944 
f 2978/2978/2978 2943/2943/2943 2942/2942/2942 
f 2945/2945/2945 2946/2946/2946 2947/2947/2947 
f 2946/2946/2946 2945/2945/2945 2948/2948/2948 
f 2948/2948/2948 2949/2949/2949 2946/2946/2946 
f 2973/2973/2973 2949/2949/2949 2948/2948/2948 
f 2950/2950/2950 2951/2951/2951 2952/2952/2952 
f 2974/2974/2974 2951/2951/2951 2950/2950/2950 
f 2953/2953/2953 2954/2954/2954 2955/2955/2955 
f 2982/2982/2982 2954/2954/2954 2953/2953/2953 
f 2962/2962/2962 2963/2963/2963 2964/2964/2964 
f 2965/2965/2965 2963/2963/2963 2962/2962/2962 
f 2965/2965/2965 2966/2966/2966 2963/2963/2963 
f 2967/2967/2967 2966/2966/2966 2965/2965/2965 
f 2975/2975/2975 2976/2976/2976 2977/2977/2977 
f 2976/2976/2976 2975/2975/2975 2981/2981/2981 
f 2983/2983/2983 2984/2984/2984 2985/2985/2985 
f 2984/2984/2984 2983/2983/2983 2986/2986/2986 
f 2987/2987/2987 2988/2988/2988 2989/2989/2989 
f 2989/2989/2989 2988/2988/2988 3002/3002/3002 
f 2988/2988/2988 3003/3003/3003 3002/3002/3002 
f 3002/3002/3002 3003/3003/3003 3004/3004/3004 
f 2988/2988/2988 3005/3005/3005 3003/3003/3003 
f 2988/2988/2988 2990/2990/2990 3005/3005/3005 
f 2987/2987/2987 2990/2990/2990 2988/2988/2988 
f 2987/2987/2987 2991/2991/2991 2990/2990/2990 
f 2992/2992/2992 2991/2991/2991 2987/2987/2987 
f 2992/2992/2992 2993/2993/2993 2991/2991/2991 
f 2994/2994/2994 2995/2995/2995 2996/2996/2996 
f 2994/2994/2994 3001/3001/3001 2995/2995/2995 
f 2996/2996/2996 2995/2995/2995 2997/2997/2997 
f 2996/2996/2996 2997/2997/2997 2998/2998/2998 
f 2995/2995/2995 3000/3000/3000 2997/2997/2997 
f 2999/2999/2999 3000/3000/3000 2995/2995/2995 
f 3000/3000/3000 3008/3008/3008 2997/2997/2997 
f 2997/2997/2997 3008/3008/3008 3006/3006/3006 
f 2998/2998/2998 2997/2997/2997 3006/3006/3006 
f 2998/2998/2998 3006/3006/3006 3007/3007/3007 
f 3009/3009/3009 3010/3010/3010 3011/3011/3011 
f 3013/3013/3013 3010/3010/3010 3009/3009/3009 
f 3013/3013/3013 3026/3026/3026 3010/3010/3010 
f 3014/3014/3014 3013/3013/3013 3009/3009/3009 
f 3013/3013/3013 3016/3016/3016 3026/3026/3026 
f 3012/3012/3012 3013/3013/3013 3014/3014/3014 
f 3012/3012/3012 3016/3016/3016 3013/3013/3013 
f 3012/3012/3012 3015/3015/3015 3016/3016/3016 
f 3017/3017/3017 3015/3015/3015 3012/3012/3012 
f 3017/3017/3017 3018/3018/3018 3015/3015/3015 
f 3019/3019/3019 3020/3020/3020 3021/3021/3021 
f 3019/3019/3019 3025/3025/3025 3020/3020/3020 
f 3021/3021/3021 3020/3020/3020 3024/3024/3024 
f 3021/3021/3021 3024/3024/3024 3027/3027/3027 
f 3020/3020/3020 3023/3023/3023 3024/3024/3024 
f 3022/3022/3022 3023/3023/3023 3020/3020/3020 
f 3023/3023/3023 3030/3030/3030 3024/3024/3024 
f 3024/3024/3024 3030/3030/3030 3028/3028/3028 
f 3027/3027/3027 3024/3024/3024 3028/3028/3028 
f 3027/3027/3027 3028/3028/3028 3029/3029/3029 
f 3031/3031/3031 3032/3032/3032 3033/3033/3033 
f 3032/3032/3032 3031/3031/3031 3061/3061/3061 
f 3060/3060/3060 3061/3061/3061 3031/3031/3031 
f 3061/3061/3061 3077/3077/3077 3032/3032/3032 
f 3061/3061/3061 3060/3060/3060 3076/3076/3076 
f 3077/3077/3077 3061/3061/3061 3078/3078/3078 
f 3076/3076/3076 3078/3078/3078 3061/3061/3061 
f 3078/3078/3078 3076/3076/3076 3079/3079/3079 
f 3034/3034/3034 3035/3035/3035 3036/3036/3036 
f 3035/3035/3035 3034/3034/3034 3037/3037/3037 
f 3038/3038/3038 3037/3037/3037 3034/3034/3034 
f 3037/3037/3037 3052/3052/3052 3035/3035/3035 
f 3037/3037/3037 3038/3038/3038 3046/3046/3046 
f 3052/3052/3052 3037/3037/3037 3053/3053/3053 
f 3046/3046/3046 3053/3053/3053 3037/3037/3037 
f 3053/3053/3053 3046/3046/3046 3054/3054/3054 
f 3039/3039/3039 3040/3040/3040 3041/3041/3041 
f 3040/3040/3040 3039/3039/3039 3042/3042/3042 
f 3043/3043/3043 3044/3044/3044 3045/3045/3045 
f 3044/3044/3044 3043/3043/3043 3048/3048/3048 
f 3047/3047/3047 3048/3048/3048 3043/3043/3043 
f 3048/3048/3048 3055/3055/3055 3044/3044/3044 
f 3048/3048/3048 3047/3047/3047 3057/3057/3057 
f 3055/3055/3055 3048/3048/3048 3056/3056/3056 
f 3057/3057/3057 3056/3056/3056 3048/3048/3048 
f 3056/3056/3056 3057/3057/3057 3058/3058/3058 
f 3049/3049/3049 3050/3050/3050 3051/3051/3051 
f 3050/3050/3050 3049/3049/3049 3059/3059/3059 
f 3062/3062/3062 3063/3063/3063 3064/3064/3064 
f 3063/3063/3063 3062/3062/3062 3065/3065/3065 
f 3066/3066/3066 3067/3067/3067 3068/3068/3068 
f 3067/3067/3067 3066/3066/3066 3075/3075/3075 
f 3069/3069/3069 3070/3070/3070 3071/3071/3071 
f 3070/3070/3070 3069/3069/3069 3072/3072/3072 
f 3073/3073/3073 3072/3072/3072 3069/3069/3069 
f 3072/3072/3072 3080/3080/3080 3070/3070/3070 
f 3072/3072/3072 3073/3073/3073 3074/3074/3074 
f 3080/3080/3080 3072/3072/3072 3081/3081/3081 
f 3074/3074/3074 3081/3081/3081 3072/3072/3072 
f 3081/3081/3081 3074/3074/3074 3082/3082/3082 
f 3083/3083/3083 3084/3084/3084 3085/3085/3085 
f 3090/3090/3090 3083/3083/3083 3085/3085/3085 
f 3091/3091/3091 3092/3092/3092 3093/3093/3093 
f 3092/3092/3092 3091/3091/3091 3097/3097/3097 
f 3145/3145/3145 3146/3146/3146 3147/3147/3147 
f 3145/3145/3145 3149/3149/3149 3146/3146/3146 
f 3153/3153/3153 3154/3154/3154 3155/3155/3155 
f 3154/3154/3154 3153/3153/3153 3156/3156/3156 
f 3086/3086/3086 3087/3087/3087 3088/3088/3088 
f 3088/3088/3088 3089/3089/3089 3086/3086/3086 
f 3094/3094/3094 3095/3095/3095 3096/3096/3096 
f 3095/3095/3095 3094/3094/3094 3098/3098/3098 
f 3142/3142/3142 3143/3143/3143 3144/3144/3144 
f 3148/3148/3148 3143/3143/3143 3142/3142/3142 
f 3150/3150/3150 3151/3151/3151 3152/3152/3152 
f 3157/3157/3157 3151/3151/3151 3150/3150/3150 
f 3118/3118/3118 3119/3119/3119 3120/3120/3120 
f 3118/3118/3118 3121/3121/3121 3119/3119/3119 
f 3121/3121/3121 3122/3122/3122 3119/3119/3119 
f 3121/3121/3121 3123/3123/3123 3122/3122/3122 
f 3124/3124/3124 3125/3125/3125 3126/3126/3126 
f 3124/3124/3124 3127/3127/3127 3125/3125/3125 
f 3127/3127/3127 3128/3128/3128 3125/3125/3125 
f 3127/3127/3127 3129/3129/3129 3128/3128/3128 
f 3174/3174/3174 3175/3175/3175 3176/3176/3176 
f 3175/3175/3175 3174/3174/3174 3179/3179/3179 
f 3177/3177/3177 3176/3176/3176 3175/3175/3175 
f 3176/3176/3176 3177/3177/3177 3178/3178/3178 
f 3180/3180/3180 3181/3181/3181 3182/3182/3182 
f 3181/3181/3181 3180/3180/3180 3183/3183/3183 
f 3184/3184/3184 3183/3183/3183 3180/3180/3180 
f 3183/3183/3183 3184/3184/3184 3185/3185/3185 
f 3099/3099/3099 3100/3100/3100 3101/3101/3101 
f 3106/3106/3106 3099/3099/3099 3101/3101/3101 
f 3107/3107/3107 3108/3108/3108 3109/3109/3109 
f 3108/3108/3108 3107/3107/3107 3113/3113/3113 
f 3158/3158/3158 3159/3159/3159 3160/3160/3160 
f 3158/3158/3158 3162/3162/3162 3159/3159/3159 
f 3163/3163/3163 3164/3164/3164 3165/3165/3165 
f 3164/3164/3164 3163/3163/3163 3170/3170/3170 
f 3102/3102/3102 3103/3103/3103 3104/3104/3104 
f 3104/3104/3104 3105/3105/3105 3102/3102/3102 
f 3110/3110/3110 3111/3111/3111 3112/3112/3112 
f 3111/3111/3111 3110/3110/3110 3114/3114/3114 
f 3139/3139/3139 3140/3140/3140 3141/3141/3141 
f 3161/3161/3161 3140/3140/3140 3139/3139/3139 
f 3166/3166/3166 3167/3167/3167 3168/3168/3168 
f 3169/3169/3169 3167/3167/3167 3166/3166/3166 
f 3115/3115/3115 3116/3116/3116 3117/3117/3117 
f 3115/3115/3115 3132/3132/3132 3116/3116/3116 
f 3130/3130/3130 3115/3115/3115 3117/3117/3117 
f 3130/3130/3130 3117/3117/3117 3131/3131/3131 
f 3133/3133/3133 3134/3134/3134 3135/3135/3135 
f 3133/3133/3133 3136/3136/3136 3134/3134/3134 
f 3136/3136/3136 3137/3137/3137 3134/3134/3134 
f 3136/3136/3136 3138/3138/3138 3137/3137/3137 
f 3171/3171/3171 3172/3172/3172 3173/3173/3173 
f 3172/3172/3172 3171/3171/3171 3188/3188/3188 
f 3186/3186/3186 3173/3173/3173 3172/3172/3172 
f 3173/3173/3173 3186/3186/3186 3187/3187/3187 
f 3189/3189/3189 3190/3190/3190 3191/3191/3191 
f 3190/3190/3190 3189/3189/3189 3192/3192/3192 
f 3193/3193/3193 3192/3192/3192 3189/3189/3189 
f 3192/3192/3192 3193/3193/3193 3194/3194/3194 

g Cube0191

v -1.66109 6.09225 -1.80197 
v -1.71008 6.05549 -1.71156 
v -1.58506 5.97427 -1.78688 
v -1.6375 5.92592 -1.64174 
v -1.68018 5.94805 -1.54281 
v -1.75525 6.08437 -1.61849 
v -1.79063 6.12829 -1.51451 
v -1.73204 6.05902 -1.30496 
v -1.78835 6.25545 -1.34546 
v -1.7276 6.14518 -1.19051 
v -1.71167 5.98493 -1.43491 
v -1.80156 6.1852 -1.42367 
v -1.68077 6.45824 -1.23897 
v -1.71465 6.29063 -1.10018 
v -1.74575 6.36344 -1.29221 
v -1.63379 6.13585 -1.88594 
v -1.57255 6.06824 -1.94298 
v -1.63104 6.34719 -2.09542 
v -1.6701 6.42759 -1.00986 
v -0.0313292 6.32175 -0.828644 
v -0.200225 6.55674 -1.30171 
v -0.200225 6.55674 -0.8683 
v -0.0313292 6.32175 -1.34136 
v 1.89218 5.86828 -1.53577 
v 2.0142 6.05287 -1.48816 
v 1.93525 5.9095 -1.40857 
v 1.96725 6.0046 -1.61145 
v 2.03506 6.25205 -1.27469 
v 1.96757 6.02361 -1.24969 
v 2.03709 6.14979 -1.36839 
v 1.97431 6.14179 -1.11974 
v 1.71908 6.00788 -1.96429 
v 1.6911 6.34719 -2.09542 
v 1.78033 6.07549 -1.90725 
v 0.633495 6.33639 -1.30171 
v 0.57399 6.14861 -0.828644 
v 0.57399 6.14861 -1.34136 
v 1.92344 6.59774 -1.21181 
v 1.96361 6.36157 -1.05122 
v 1.99471 6.43438 -1.24325 
v 1.91277 6.5671 -0.982692 
v 0.633495 6.33639 -0.8683 
v -1.71008 6.05549 -1.71156 
v -1.7851 6.00915 -1.82695 
v -1.84462 5.96552 -1.73866 
v -1.66109 6.09225 -1.80197 
v -1.72027 6.07549 -1.90725 
v -1.63379 6.13585 -1.88594 
v -1.63104 6.34719 -2.09542 
v -1.9072 6.0046 -1.61145 
v -1.79063 6.12829 -1.51451 
v -1.75525 6.08437 -1.61849 
v -1.95415 6.05287 -1.48816 
v -1.97703 6.14979 -1.36839 
v -1.78835 6.25545 -1.34546 
v -1.80156 6.1852 -1.42367 
v -1.70432 6.73654 -0.966473 
v -1.49083 6.86508 -1.21975 
v -1.70966 6.75186 -1.21578 
v -1.04104 6.99366 -0.905661 
v -1.04104 6.99366 -1.26435 
v -1.27041 6.95013 -1.24205 
v -0.520826 6.85791 -0.871259 
v -0.520826 6.85791 -1.29875 
v -0.81806 6.95421 -1.28155 
v -1.49083 6.86508 -0.950253 
v -1.27041 6.95013 -0.927957 
v -0.81806 6.95421 -0.88846 
v 0.580884 6.85791 -0.871259 
v 0.878119 6.95421 -1.28155 
v 0.580884 6.85791 -1.29875 
v 1.78033 6.07549 -1.90725 
v 1.6911 6.34719 -2.09542 
v 1.69385 6.13585 -1.88594 
v 1.77014 6.05549 -1.71156 
v 1.84516 6.00915 -1.82695 
v 1.72115 6.09225 -1.80197 
v 1.90468 5.96552 -1.73866 
v 1.85068 6.12829 -1.51451 
v 1.96725 6.0046 -1.61145 
v 1.8153 6.08437 -1.61849 
v 2.0142 6.05287 -1.48816 
v 1.84841 6.25545 -1.34546 
v 2.03709 6.14979 -1.36839 
v 1.86162 6.1852 -1.42367 
v 1.1011 6.99366 -0.905661 
v 1.33046 6.95013 -1.24205 
v 1.1011 6.99366 -1.26435 
v 1.55088 6.86508 -1.21975 
v 1.76438 6.73654 -0.966473 
v 1.76972 6.75186 -1.21578 
v 1.55088 6.86508 -0.950253 
v 0.878119 6.95421 -0.88846 
v 1.33046 6.95013 -0.927957 
v -1.6701 6.42759 -1.00986 
v -1.85271 6.5671 -0.982692 
v -1.90356 6.36157 -1.05122 
v -1.71465 6.29063 -1.10018 
v -1.70432 6.73654 -0.966473 
v -1.56015 6.54284 -0.980054 
v -1.41627 6.60609 -0.950253 
v -0.513931 6.14861 -0.828644 
v -0.200225 6.55674 -0.8683 
v -0.573436 6.33639 -0.8683 
v -0.0313292 6.32175 -0.828644 
v -0.520826 6.85791 -0.871259 
v -0.885138 6.57186 -0.88846 
v -0.703172 6.47126 -0.871259 
v -1.49083 6.86508 -0.950253 
v -1.04137 6.63497 -0.905661 
v -1.27041 6.95013 -0.927957 
v -1.23329 6.6413 -0.927957 
v -1.04104 6.99366 -0.905661 
v -0.81806 6.95421 -0.88846 
v 0.57399 6.14861 -0.828644 
v 0.260284 6.55674 -0.8683 
v 0.0913878 6.32175 -0.828644 
v 1.77471 6.29063 -1.10018 
v 1.96361 6.36157 -1.05122 
v 1.73016 6.42759 -1.00986 
v 1.91277 6.5671 -0.982692 
v 1.76438 6.73654 -0.966473 
v 1.47633 6.60609 -0.950253 
v 1.62021 6.54284 -0.980054 
v 0.633495 6.33639 -0.8683 
v 0.945197 6.57186 -0.88846 
v 0.580884 6.85791 -0.871259 
v 0.763231 6.47126 -0.871259 
v 1.33046 6.95013 -0.927957 
v 1.10142 6.63497 -0.905661 
v 1.29335 6.6413 -0.927957 
v 1.55088 6.86508 -0.950253 
v 1.1011 6.99366 -0.905661 
v 0.878119 6.95421 -0.88846 
v -1.83212 5.86828 -1.53577 
v -1.95415 6.05287 -1.48816 
v -1.9072 6.0046 -1.61145 
v -1.65902 6.00788 -1.96429 
v -1.72027 6.07549 -1.90725 
v -1.63104 6.34719 -2.09542 
v -1.8752 5.9095 -1.40857 
v -1.90751 6.02361 -1.24969 
v -1.975 6.25205 -1.27469 
v -1.97703 6.14979 -1.36839 
v -1.91425 6.14179 -1.11974 
v -0.513931 6.14861 -0.828644 
v -0.573436 6.33639 -1.30171 
v -0.513931 6.14861 -1.34136 
v -1.90356 6.36157 -1.05122 
v -1.86338 6.59774 -1.21181 
v -1.93465 6.43438 -1.24325 
v 0.0913878 6.32175 -0.828644 
v 0.260284 6.55674 -1.30171 
v 0.0913878 6.32175 -1.34136 
v -1.85271 6.5671 -0.982692 
v -0.573436 6.33639 -0.8683 
v 0.260284 6.55674 -0.8683 
v 1.77014 6.05549 -1.71156 
v 1.64512 5.97427 -1.78688 
v 1.69756 5.92592 -1.64174 
v 1.72115 6.09225 -1.80197 
v 1.74023 5.94805 -1.54281 
v 1.85068 6.12829 -1.51451 
v 1.8153 6.08437 -1.61849 
v 1.77173 5.98493 -1.43491 
v 1.7921 6.05902 -1.30496 
v 1.78766 6.14518 -1.19051 
v 1.84841 6.25545 -1.34546 
v 1.69385 6.13585 -1.88594 
v 1.6911 6.34719 -2.09542 
v 1.6326 6.06824 -1.94298 
v 1.86162 6.1852 -1.42367 
v 1.74082 6.45824 -1.23897 
v 1.8058 6.36344 -1.29221 
v 1.77471 6.29063 -1.10018 
v 1.73016 6.42759 -1.00986 
v -1.84462 5.96552 -1.73866 
v -1.70907 5.89116 -1.81186 
v -1.77204 5.83595 -1.66884 
v -1.6375 5.92592 -1.64174 
v -1.77204 5.83595 -1.66884 
v -1.70907 5.89116 -1.81186 
v -1.58506 5.97427 -1.78688 
v -1.83212 5.86828 -1.53577 
v -1.68018 5.94805 -1.54281 
v -1.71167 5.98493 -1.43491 
v -1.8752 5.9095 -1.40857 
v -1.90751 6.02361 -1.24969 
v -1.73204 6.05902 -1.30496 
v -1.7276 6.14518 -1.19051 
v -1.91425 6.14179 -1.11974 
v -1.56549 6.55816 -1.22936 
v -1.41627 6.60609 -1.21975 
v -1.56015 6.54284 -0.980054 
v -1.23329 6.6413 -1.24205 
v -1.04137 6.63497 -1.26435 
v -1.23329 6.6413 -0.927957 
v -0.703172 6.47126 -0.871259 
v -0.885138 6.57186 -1.28155 
v -0.703172 6.47126 -1.29875 
v -1.41627 6.60609 -0.950253 
v -1.04137 6.63497 -0.905661 
v -0.885138 6.57186 -0.88846 
v 0.945197 6.57186 -1.28155 
v 0.763231 6.47126 -0.871259 
v 0.763231 6.47126 -1.29875 
v 1.76913 5.89116 -1.81186 
v 1.69756 5.92592 -1.64174 
v 1.64512 5.97427 -1.78688 
v 1.8321 5.83595 -1.66884 
v 1.76913 5.89116 -1.81186 
v 1.90468 5.96552 -1.73866 
v 1.8321 5.83595 -1.66884 
v 1.89218 5.86828 -1.53577 
v 1.77173 5.98493 -1.43491 
v 1.74023 5.94805 -1.54281 
v 1.96757 6.02361 -1.24969 
v 1.78766 6.14518 -1.19051 
v 1.7921 6.05902 -1.30496 
v 1.93525 5.9095 -1.40857 
v 1.97431 6.14179 -1.11974 
v 1.29335 6.6413 -0.927957 
v 1.10142 6.63497 -1.26435 
v 1.29335 6.6413 -1.24205 
v 1.62554 6.55816 -1.22936 
v 1.62021 6.54284 -0.980054 
v 1.47633 6.60609 -1.21975 
v 1.47633 6.60609 -0.950253 
v 0.945197 6.57186 -0.88846 
v 1.10142 6.63497 -0.905661 
v -1.78835 6.25545 -1.34546 
v -1.97703 6.14979 -1.36839 
v -1.975 6.25205 -1.27469 
v -1.70907 5.89116 -1.81186 
v -1.84462 5.96552 -1.73866 
v -1.7851 6.00915 -1.82695 
v -1.57255 6.06824 -1.94298 
v -1.65902 6.00788 -1.96429 
v -1.63104 6.34719 -2.09542 
v -0.513931 6.14861 -1.34136 
v -0.200225 6.55674 -1.30171 
v -0.0313292 6.32175 -1.34136 
v -1.86338 6.59774 -1.21181 
v -1.74575 6.36344 -1.29221 
v -1.93465 6.43438 -1.24325 
v -0.573436 6.33639 -1.30171 
v -1.68077 6.45824 -1.23897 
v -1.04137 6.63497 -1.26435 
v -1.27041 6.95013 -1.24205 
v -1.04104 6.99366 -1.26435 
v -0.520826 6.85791 -1.29875 
v -0.885138 6.57186 -1.28155 
v -0.81806 6.95421 -1.28155 
v -0.703172 6.47126 -1.29875 
v -1.23329 6.6413 -1.24205 
v -1.56549 6.55816 -1.22936 
v -1.70966 6.75186 -1.21578 
v -1.49083 6.86508 -1.21975 
v -1.41627 6.60609 -1.21975 
v 0.57399 6.14861 -1.34136 
v 0.0913878 6.32175 -1.34136 
v 0.260284 6.55674 -1.30171 
v 1.6326 6.06824 -1.94298 
v 1.6911 6.34719 -2.09542 
v 1.71908 6.00788 -1.96429 
v 1.90468 5.96552 -1.73866 
v 1.76913 5.89116 -1.81186 
v 1.84516 6.00915 -1.82695 
v 2.03709 6.14979 -1.36839 
v 1.84841 6.25545 -1.34546 
v 2.03506 6.25205 -1.27469 
v 0.633495 6.33639 -1.30171 
v 1.92344 6.59774 -1.21181 
v 1.8058 6.36344 -1.29221 
v 1.74082 6.45824 -1.23897 
v 1.99471 6.43438 -1.24325 
v 0.763231 6.47126 -1.29875 
v 0.580884 6.85791 -1.29875 
v 0.945197 6.57186 -1.28155 
v 0.878119 6.95421 -1.28155 
v 1.33046 6.95013 -1.24205 
v 1.10142 6.63497 -1.26435 
v 1.1011 6.99366 -1.26435 
v 1.29335 6.6413 -1.24205 
v 1.55088 6.86508 -1.21975 
v 1.62554 6.55816 -1.22936 
v 1.47633 6.60609 -1.21975 
v 1.76972 6.75186 -1.21578 

vn 0.661417 0.566929 0.488189 
vn 0.661417 0.566929 0.488189 
vn 0.661417 0.566929 0.488189 
vn 0.661417 0.566929 0.488189 
vn 0.858268 0.511811 0.0708661 
vn 0.858268 0.511811 0.0708661 
vn 0.858268 0.511811 0.0708661 
vn 0.937008 0.212598 -0.259843 
vn 0.937008 0.212598 -0.259843 
vn 0.937008 0.212598 -0.259843 
vn 0.858268 0.511811 0.0708661 
vn 0.937008 0.212598 -0.259843 
vn 0.929134 -0.330709 -0.173228 
vn 0.929134 -0.330709 -0.173228 
vn 0.929134 -0.330709 -0.173228 
vn 0.818898 0.393701 0.409449 
vn 0.818898 0.393701 0.409449 
vn 0.818898 0.393701 0.409449 
vn 0.929134 -0.330709 -0.173228 
vn 0.811024 0.582677 0 
vn 0.811024 0.582677 0 
vn 0.811024 0.582677 0 
vn 0.811024 0.582677 0 
vn 0.84252 -0.527559 -0.11811 
vn 0.84252 -0.527559 -0.11811 
vn 0.84252 -0.527559 -0.11811 
vn 0.84252 -0.527559 -0.11811 
vn 0.937008 -0.251969 0.228346 
vn 0.937008 -0.251969 0.228346 
vn 0.937008 -0.251969 0.228346 
vn 0.937008 -0.251969 0.228346 
vn 0.76378 -0.173228 -0.614173 
vn 0.76378 -0.173228 -0.614173 
vn 0.76378 -0.173228 -0.614173 
vn 0.952756 -0.299213 0 
vn 0.952756 -0.299213 0 
vn 0.952756 -0.299213 0 
vn 0.952756 0.267717 0.15748 
vn 0.952756 0.267717 0.15748 
vn 0.952756 0.267717 0.15748 
vn 0.952756 0.267717 0.15748 
vn 0.952756 -0.299213 0 
vn -0.559055 0.826772 0.0314961 
vn -0.559055 0.826772 0.0314961 
vn -0.559055 0.826772 0.0314961 
vn -0.559055 0.826772 0.0314961 
vn -0.559055 0.590551 0.590551 
vn -0.559055 0.590551 0.590551 
vn -0.559055 0.590551 0.590551 
vn -0.433071 0.771654 -0.472441 
vn -0.433071 0.771654 -0.472441 
vn -0.433071 0.771654 -0.472441 
vn -0.433071 0.771654 -0.472441 
vn -0.307087 0.685039 -0.661417 
vn -0.307087 0.685039 -0.661417 
vn -0.307087 0.685039 -0.661417 
vn -0.488189 0.874016 0.0314961 
vn -0.488189 0.874016 0.0314961 
vn -0.488189 0.874016 0.0314961 
vn -0.188976 0.984252 0 
vn -0.188976 0.984252 0 
vn -0.188976 0.984252 0 
vn 0.307087 0.952756 0 
vn 0.307087 0.952756 0 
vn 0.307087 0.952756 0 
vn -0.488189 0.874016 0.0314961 
vn -0.188976 0.984252 0 
vn 0.307087 0.952756 0 
vn -0.307087 0.952756 0 
vn -0.307087 0.952756 0 
vn -0.307087 0.952756 0 
vn 0.559055 0.590551 0.590551 
vn 0.559055 0.590551 0.590551 
vn 0.559055 0.590551 0.590551 
vn 0.559055 0.826772 0.0314961 
vn 0.559055 0.826772 0.0314961 
vn 0.559055 0.826772 0.0314961 
vn 0.559055 0.826772 0.0314961 
vn 0.433071 0.771654 -0.472441 
vn 0.433071 0.771654 -0.472441 
vn 0.433071 0.771654 -0.472441 
vn 0.433071 0.771654 -0.472441 
vn 0.307087 0.685039 -0.661417 
vn 0.307087 0.685039 -0.661417 
vn 0.307087 0.685039 -0.661417 
vn 0.188976 0.984252 0 
vn 0.188976 0.984252 0 
vn 0.188976 0.984252 0 
vn 0.488189 0.874016 0.0314961 
vn 0.488189 0.874016 0.0314961 
vn 0.488189 0.874016 0.0314961 
vn 0.488189 0.874016 0.0314961 
vn -0.307087 0.952756 0 
vn 0.188976 0.984252 0 
vn -0.0472441 -0.409449 0.913386 
vn -0.0472441 -0.409449 0.913386 
vn -0.0472441 -0.409449 0.913386 
vn -0.0472441 -0.409449 0.913386 
vn -0.0866142 -0.0708661 0.992126 
vn -0.0866142 -0.0708661 0.992126 
vn -0.0866142 -0.0708661 0.992126 
vn -0.0708661 0.149606 0.984252 
vn -0.0708661 0.149606 0.984252 
vn -0.0708661 0.149606 0.984252 
vn -0.0708661 0.149606 0.984252 
vn -0.0629921 0.023622 1 
vn -0.0629921 0.023622 1 
vn -0.0629921 0.023622 1 
vn -0.0866142 -0.0708661 0.992126 
vn -0.102362 -0.00787402 0.992126 
vn -0.102362 -0.00787402 0.992126 
vn -0.102362 -0.00787402 0.992126 
vn -0.102362 -0.00787402 0.992126 
vn -0.0629921 0.023622 1 
vn 0.0708661 0.149606 0.984252 
vn 0.0708661 0.149606 0.984252 
vn 0.0708661 0.149606 0.984252 
vn 0.0472441 -0.409449 0.913386 
vn 0.0472441 -0.409449 0.913386 
vn 0.0472441 -0.409449 0.913386 
vn 0.0472441 -0.409449 0.913386 
vn 0.0866142 -0.0708661 0.992126 
vn 0.0866142 -0.0708661 0.992126 
vn 0.0866142 -0.0708661 0.992126 
vn 0.0708661 0.149606 0.984252 
vn 0.0629921 0.023622 1 
vn 0.0629921 0.023622 1 
vn 0.0629921 0.023622 1 
vn 0.102362 -0.00787402 0.992126 
vn 0.102362 -0.00787402 0.992126 
vn 0.102362 -0.00787402 0.992126 
vn 0.0866142 -0.0708661 0.992126 
vn 0.102362 -0.00787402 0.992126 
vn 0.0629921 0.023622 1 
vn -0.84252 -0.527559 -0.11811 
vn -0.84252 -0.527559 -0.11811 
vn -0.84252 -0.527559 -0.11811 
vn -0.76378 -0.173228 -0.614173 
vn -0.76378 -0.173228 -0.614173 
vn -0.76378 -0.173228 -0.614173 
vn -0.84252 -0.527559 -0.11811 
vn -0.937008 -0.251969 0.228346 
vn -0.937008 -0.251969 0.228346 
vn -0.937008 -0.251969 0.228346 
vn -0.937008 -0.251969 0.228346 
vn -0.952756 -0.299213 0 
vn -0.952756 -0.299213 0 
vn -0.952756 -0.299213 0 
vn -0.952756 0.267717 0.15748 
vn -0.952756 0.267717 0.15748 
vn -0.952756 0.267717 0.15748 
vn -0.811024 0.582677 0 
vn -0.811024 0.582677 0 
vn -0.811024 0.582677 0 
vn -0.952756 0.267717 0.15748 
vn -0.952756 -0.299213 0 
vn -0.811024 0.582677 0 
vn -0.661417 0.566929 0.488189 
vn -0.661417 0.566929 0.488189 
vn -0.661417 0.566929 0.488189 
vn -0.661417 0.566929 0.488189 
vn -0.858268 0.511811 0.0708661 
vn -0.858268 0.511811 0.0708661 
vn -0.858268 0.511811 0.0708661 
vn -0.858268 0.511811 0.0708661 
vn -0.937008 0.212598 -0.259843 
vn -0.937008 0.212598 -0.259843 
vn -0.937008 0.212598 -0.259843 
vn -0.818898 0.393701 0.409449 
vn -0.818898 0.393701 0.409449 
vn -0.818898 0.393701 0.409449 
vn -0.937008 0.212598 -0.259843 
vn -0.929134 -0.330709 -0.173228 
vn -0.929134 -0.330709 -0.173228 
vn -0.929134 -0.330709 -0.173228 
vn -0.929134 -0.330709 -0.173228 
vn -0.606299 -0.559055 -0.559055 
vn -0.606299 -0.559055 -0.559055 
vn -0.606299 -0.559055 -0.559055 
vn 0.566929 -0.818898 -0.0708661 
vn 0.566929 -0.818898 -0.0708661 
vn 0.566929 -0.818898 -0.0708661 
vn 0.566929 -0.818898 -0.0708661 
vn 0.440945 -0.80315 0.401575 
vn 0.440945 -0.80315 0.401575 
vn 0.440945 -0.80315 0.401575 
vn 0.440945 -0.80315 0.401575 
vn 0.291339 -0.732283 0.614173 
vn 0.291339 -0.732283 0.614173 
vn 0.291339 -0.732283 0.614173 
vn 0.291339 -0.732283 0.614173 
vn 0.354331 -0.937008 -0.0314961 
vn 0.354331 -0.937008 -0.0314961 
vn 0.354331 -0.937008 -0.0314961 
vn -0.0314961 -1 0 
vn -0.0314961 -1 0 
vn -0.0314961 -1 0 
vn -0.480315 -0.874016 0 
vn -0.480315 -0.874016 0 
vn -0.480315 -0.874016 0 
vn 0.354331 -0.937008 -0.0314961 
vn -0.0314961 -1 0 
vn -0.480315 -0.874016 0 
vn 0.480315 -0.874016 0 
vn 0.480315 -0.874016 0 
vn 0.480315 -0.874016 0 
vn -0.566929 -0.818898 -0.0708661 
vn -0.566929 -0.818898 -0.0708661 
vn -0.566929 -0.818898 -0.0708661 
vn -0.566929 -0.818898 -0.0708661 
vn 0.606299 -0.559055 -0.559055 
vn 0.606299 -0.559055 -0.559055 
vn 0.606299 -0.559055 -0.559055 
vn -0.440945 -0.80315 0.401575 
vn -0.440945 -0.80315 0.401575 
vn -0.440945 -0.80315 0.401575 
vn -0.291339 -0.732283 0.614173 
vn -0.291339 -0.732283 0.614173 
vn -0.291339 -0.732283 0.614173 
vn -0.440945 -0.80315 0.401575 
vn -0.291339 -0.732283 0.614173 
vn 0.0314961 -1 0 
vn 0.0314961 -1 0 
vn 0.0314961 -1 0 
vn -0.354331 -0.937008 -0.0314961 
vn -0.354331 -0.937008 -0.0314961 
vn -0.354331 -0.937008 -0.0314961 
vn -0.354331 -0.937008 -0.0314961 
vn 0.480315 -0.874016 0 
vn 0.0314961 -1 0 
vn -0.307087 0.685039 -0.661417 
vn -0.307087 0.685039 -0.661417 
vn -0.307087 0.685039 -0.661417 
vn -0.606299 -0.559055 -0.559055 
vn -0.606299 -0.559055 -0.559055 
vn -0.606299 -0.559055 -0.559055 
vn 0.448819 -0.354331 -0.818898 
vn 0.448819 -0.354331 -0.818898 
vn 0.448819 -0.354331 -0.818898 
vn -0.0708661 0.149606 -0.984252 
vn -0.0708661 0.149606 -0.984252 
vn -0.0708661 0.149606 -0.984252 
vn -0.015748 0.314961 -0.944882 
vn -0.015748 0.314961 -0.944882 
vn -0.015748 0.314961 -0.944882 
vn -0.0708661 0.149606 -0.984252 
vn -0.015748 0.314961 -0.944882 
vn -0.102362 -0.00787402 -0.992126 
vn -0.102362 -0.00787402 -0.992126 
vn -0.102362 -0.00787402 -0.992126 
vn -0.0629921 0.023622 -1 
vn -0.0629921 0.023622 -1 
vn -0.0629921 0.023622 -1 
vn -0.0629921 0.023622 -1 
vn -0.102362 -0.00787402 -0.992126 
vn 0 0.0314961 -1 
vn 0 0.0314961 -1 
vn 0 0.0314961 -1 
vn 0 0.0314961 -1 
vn 0.0708661 0.149606 -0.984252 
vn 0.0708661 0.149606 -0.984252 
vn 0.0708661 0.149606 -0.984252 
vn -0.448819 -0.354331 -0.818898 
vn -0.448819 -0.354331 -0.818898 
vn -0.448819 -0.354331 -0.818898 
vn 0.606299 -0.559055 -0.559055 
vn 0.606299 -0.559055 -0.559055 
vn 0.606299 -0.559055 -0.559055 
vn 0.307087 0.685039 -0.661417 
vn 0.307087 0.685039 -0.661417 
vn 0.307087 0.685039 -0.661417 
vn 0.0708661 0.149606 -0.984252 
vn 0.015748 0.314961 -0.944882 
vn 0.015748 0.314961 -0.944882 
vn 0.015748 0.314961 -0.944882 
vn 0.015748 0.314961 -0.944882 
vn 0.0629921 0.023622 -1 
vn 0.0629921 0.023622 -1 
vn 0.0629921 0.023622 -1 
vn 0.0629921 0.023622 -1 
vn 0.102362 -0.00787402 -0.992126 
vn 0.102362 -0.00787402 -0.992126 
vn 0.102362 -0.00787402 -0.992126 
vn 0.102362 -0.00787402 -0.992126 
vn 0 0.0314961 -1 
vn 0 0.0314961 -1 
vn 0 0.0314961 -1 
vn 0 0.0314961 -1 

vt 62.0425 -43.0403 
vt 62.0312 -43.0449 
vt 62.0406 -43.0551 
vt 62.0225 -43.0611 
vt 62.0101 -43.0583 
vt 62.0196 -43.0413 
vt 62.0066 -43.0358 
vt 61.9804 -43.0445 
vt 61.9854 -43.0199 
vt 61.9661 -43.0337 
vt 61.9966 -43.0537 
vt 61.9952 -43.0287 
vt 61.9721 -42.9946 
vt 61.9548 -43.0155 
vt 61.9788 -43.0064 
vt 62.053 -43.0349 
vt 62.0601 -43.0433 
vt 62.0792 -43.0085 
vt 61.9435 -42.9984 
vt 61.9208 -43.0116 
vt 61.98 -42.9823 
vt 61.9258 -42.9823 
vt 61.9849 -43.0116 
vt 62.0092 -43.0683 
vt 62.0033 -43.0452 
vt 61.9933 -43.0632 
vt 62.0187 -43.0513 
vt 61.9766 -43.0203 
vt 61.9735 -43.0489 
vt 61.9883 -43.0331 
vt 61.9572 -43.0341 
vt 62.0628 -43.0509 
vt 62.0792 -43.0085 
vt 62.0557 -43.0424 
vt 61.98 -43.0098 
vt 61.9208 -43.0333 
vt 61.9849 -43.0333 
vt 61.9687 -42.9771 
vt 61.9487 -43.0067 
vt 61.9727 -42.9976 
vt 61.9401 -42.981 
vt 61.9258 -43.0098 
vt 62.2175 -43.0312 
vt 62.2269 -43.0456 
vt 62.2343 -43.0346 
vt 62.2114 -43.0425 
vt 62.2188 -43.0557 
vt 62.208 -43.053 
vt 62.2076 -43.0792 
vt 62.2422 -43.0187 
vt 62.2276 -43.0066 
vt 62.2232 -43.0196 
vt 62.248 -43.0033 
vt 62.2509 -42.9883 
vt 62.2273 -42.9854 
vt 62.2289 -42.9952 
vt 62.2168 -42.9381 
vt 62.1901 -42.9697 
vt 62.2175 -42.9692 
vt 62.1339 -42.9305 
vt 62.1339 -42.9753 
vt 62.1626 -42.9725 
vt 62.0689 -42.9262 
vt 62.0689 -42.9796 
vt 62.106 -42.9774 
vt 62.1901 -42.936 
vt 62.1626 -42.9332 
vt 62.106 -42.9283 
vt 61.9311 -42.9262 
vt 61.894 -42.9774 
vt 61.9311 -42.9796 
vt 61.7812 -43.0557 
vt 61.7924 -43.0792 
vt 61.792 -43.053 
vt 61.7825 -43.0312 
vt 61.7731 -43.0456 
vt 61.7886 -43.0425 
vt 61.7657 -43.0346 
vt 61.7724 -43.0066 
vt 61.7578 -43.0187 
vt 61.7768 -43.0196 
vt 61.752 -43.0033 
vt 61.7727 -42.9854 
vt 61.7491 -42.9883 
vt 61.7711 -42.9952 
vt 61.8661 -42.9305 
vt 61.8374 -42.9725 
vt 61.8661 -42.9753 
vt 61.8099 -42.9697 
vt 61.7832 -42.9381 
vt 61.7825 -42.9692 
vt 61.8099 -42.936 
vt 61.894 -42.9283 
vt 61.8374 -42.9332 
vt 61.7875 -42.9984 
vt 61.7647 -42.981 
vt 61.7583 -43.0067 
vt 61.7819 -43.0155 
vt 61.7832 -42.9598 
vt 61.8012 -42.984 
vt 61.8192 -42.9761 
vt 61.932 -43.0333 
vt 61.9712 -42.9823 
vt 61.9246 -43.0098 
vt 61.9923 -43.0116 
vt 61.9311 -42.9446 
vt 61.8856 -42.9804 
vt 61.9083 -42.9929 
vt 61.8099 -42.9437 
vt 61.8661 -42.9725 
vt 61.8374 -42.9331 
vt 61.8421 -42.9717 
vt 61.8661 -42.9276 
vt 61.894 -42.9326 
vt 62.068 -43.0333 
vt 62.0288 -42.9823 
vt 62.0077 -43.0116 
vt 62.2181 -43.0155 
vt 62.2417 -43.0067 
vt 62.2125 -42.9984 
vt 62.2353 -42.981 
vt 62.2168 -42.9598 
vt 62.1808 -42.9761 
vt 62.1988 -42.984 
vt 62.0754 -43.0098 
vt 62.1144 -42.9804 
vt 62.0689 -42.9446 
vt 62.0917 -42.9929 
vt 62.1626 -42.9331 
vt 62.1339 -42.9725 
vt 62.1579 -42.9717 
vt 62.1901 -42.9437 
vt 62.1339 -42.9276 
vt 62.106 -42.9326 
vt 61.9908 -43.0683 
vt 61.9967 -43.0452 
vt 61.9813 -43.0513 
vt 61.9372 -43.0509 
vt 61.9443 -43.0424 
vt 61.9208 -43.0085 
vt 62.0067 -43.0632 
vt 62.0265 -43.0489 
vt 62.0234 -43.0203 
vt 62.0117 -43.0331 
vt 62.0428 -43.0341 
vt 62.0792 -43.0333 
vt 62.02 -43.0098 
vt 62.0151 -43.0333 
vt 62.0513 -43.0067 
vt 62.0313 -42.9771 
vt 62.0273 -42.9976 
vt 62.0792 -43.0116 
vt 62.02 -42.9823 
vt 62.0151 -43.0116 
vt 62.0599 -42.981 
vt 62.0742 -43.0098 
vt 62.0742 -42.9823 
vt 61.9688 -43.0449 
vt 61.9594 -43.0551 
vt 61.9775 -43.0611 
vt 61.9575 -43.0403 
vt 61.9899 -43.0583 
vt 61.9934 -43.0358 
vt 61.9804 -43.0413 
vt 62.0034 -43.0537 
vt 62.0196 -43.0445 
vt 62.0339 -43.0337 
vt 62.0146 -43.0199 
vt 61.947 -43.0349 
vt 61.9208 -43.0085 
vt 61.9399 -43.0433 
vt 62.0048 -43.0287 
vt 62.0279 -42.9946 
vt 62.0212 -43.0064 
vt 62.0452 -43.0155 
vt 62.0565 -42.9984 
vt 61.7657 -43.0346 
vt 61.7826 -43.0437 
vt 61.7747 -43.0259 
vt 61.7916 -43.0225 
vt 61.7747 -43.0259 
vt 61.7826 -43.0437 
vt 61.7981 -43.0406 
vt 61.7672 -43.0092 
vt 61.7862 -43.0101 
vt 61.7823 -42.9966 
vt 61.7618 -42.9933 
vt 61.7578 -42.9735 
vt 61.7797 -42.9804 
vt 61.7803 -42.9661 
vt 61.757 -42.9572 
vt 61.8006 -42.9709 
vt 61.8192 -42.9697 
vt 61.8012 -42.9398 
vt 61.8421 -42.9725 
vt 61.8661 -42.9753 
vt 61.8421 -42.9332 
vt 61.9083 -42.9262 
vt 61.8856 -42.9774 
vt 61.9083 -42.9796 
vt 61.8192 -42.936 
vt 61.8661 -42.9305 
vt 61.8856 -42.9283 
vt 62.1144 -42.9774 
vt 62.0917 -42.9262 
vt 62.0917 -42.9796 
vt 62.2174 -43.0437 
vt 62.2084 -43.0225 
vt 62.2019 -43.0406 
vt 62.2253 -43.0259 
vt 62.2174 -43.0437 
vt 62.2343 -43.0346 
vt 62.2253 -43.0259 
vt 62.2328 -43.0092 
vt 62.2177 -42.9966 
vt 62.2138 -43.0101 
vt 62.2422 -42.9735 
vt 62.2197 -42.9661 
vt 62.2203 -42.9804 
vt 62.2382 -42.9933 
vt 62.243 -42.9572 
vt 62.1579 -42.9332 
vt 62.1339 -42.9753 
vt 62.1579 -42.9725 
vt 62.1994 -42.9709 
vt 62.1988 -42.9398 
vt 62.1808 -42.9697 
vt 62.1808 -42.936 
vt 62.1144 -42.9283 
vt 62.1339 -42.9305 
vt 62.2273 -43.0199 
vt 62.2509 -43.0331 
vt 62.2506 -43.0203 
vt 62.2174 -43.0655 
vt 62.2343 -43.0562 
vt 62.2269 -43.0507 
vt 62.2003 -43.0433 
vt 62.2111 -43.0509 
vt 62.2076 -43.0085 
vt 62.068 -43.0333 
vt 62.0288 -42.9823 
vt 62.0077 -43.0116 
vt 62.2367 -42.9771 
vt 62.222 -43.0064 
vt 62.2456 -42.9976 
vt 62.0754 -43.0098 
vt 62.2138 -42.9946 
vt 62.1339 -42.9725 
vt 62.1626 -42.9331 
vt 62.1339 -42.9276 
vt 62.0689 -42.9446 
vt 62.1144 -42.9804 
vt 62.106 -42.9326 
vt 62.0917 -42.9929 
vt 62.1579 -42.9717 
vt 62.1994 -42.9821 
vt 62.2175 -42.9579 
vt 62.1901 -42.9437 
vt 62.1808 -42.9761 
vt 61.932 -43.0333 
vt 61.9923 -43.0116 
vt 61.9712 -42.9823 
vt 61.7997 -43.0433 
vt 61.7924 -43.0085 
vt 61.7889 -43.0509 
vt 61.7657 -43.0562 
vt 61.7826 -43.0655 
vt 61.7731 -43.0507 
vt 61.7491 -43.0331 
vt 61.7727 -43.0199 
vt 61.7494 -43.0203 
vt 61.9246 -43.0098 
vt 61.7633 -42.9771 
vt 61.778 -43.0064 
vt 61.7862 -42.9946 
vt 61.7544 -42.9976 
vt 61.9083 -42.9929 
vt 61.9311 -42.9446 
vt 61.8856 -42.9804 
vt 61.894 -42.9326 
vt 61.8374 -42.9331 
vt 61.8661 -42.9725 
vt 61.8661 -42.9276 
vt 61.8421 -42.9717 
vt 61.8099 -42.9437 
vt 61.8006 -42.9821 
vt 61.8192 -42.9761 
vt 61.7825 -42.9579 

usemtl Cube0191Mtl

f 3232/3232/3232 3233/3233/3233 3234/3234/3234 
f 3233/3233/3233 3232/3232/3232 3235/3235/3235 
f 3222/3222/3222 3223/3223/3223 3224/3224/3224 
f 3223/3223/3223 3222/3222/3222 3225/3225/3225 
f 3218/3218/3218 3219/3219/3219 3220/3220/3220 
f 3219/3219/3219 3218/3218/3218 3221/3221/3221 
f 3226/3226/3226 3227/3227/3227 3228/3228/3228 
f 3229/3229/3229 3230/3230/3230 3231/3231/3231 
f 3229/3229/3229 3236/3236/3236 3230/3230/3230 
f 3214/3214/3214 3215/3215/3215 3216/3216/3216 
f 3215/3215/3215 3214/3214/3214 3217/3217/3217 
f 3195/3195/3195 3196/3196/3196 3197/3197/3197 
f 3196/3196/3196 3198/3198/3198 3197/3197/3197 
f 3210/3210/3210 3211/3211/3211 3212/3212/3212 
f 3199/3199/3199 3200/3200/3200 3201/3201/3201 
f 3201/3201/3201 3205/3205/3205 3199/3199/3199 
f 3207/3207/3207 3208/3208/3208 3209/3209/3209 
f 3208/3208/3208 3207/3207/3207 3213/3213/3213 
f 3202/3202/3202 3203/3203/3203 3204/3204/3204 
f 3203/3203/3203 3202/3202/3202 3206/3206/3206 
f 3251/3251/3251 3252/3252/3252 3253/3253/3253 
f 3252/3252/3252 3251/3251/3251 3260/3260/3260 
f 3283/3283/3283 3284/3284/3284 3285/3285/3285 
f 3284/3284/3284 3283/3283/3283 3286/3286/3286 
f 3254/3254/3254 3255/3255/3255 3256/3256/3256 
f 3261/3261/3261 3254/3254/3254 3256/3256/3256 
f 3280/3280/3280 3281/3281/3281 3282/3282/3282 
f 3281/3281/3281 3280/3280/3280 3288/3288/3288 
f 3237/3237/3237 3238/3238/3238 3239/3239/3239 
f 3238/3238/3238 3237/3237/3237 3240/3240/3240 
f 3269/3269/3269 3270/3270/3270 3271/3271/3271 
f 3270/3270/3270 3269/3269/3269 3272/3272/3272 
f 3244/3244/3244 3245/3245/3245 3246/3246/3246 
f 3245/3245/3245 3244/3244/3244 3247/3247/3247 
f 3273/3273/3273 3274/3274/3274 3275/3275/3275 
f 3274/3274/3274 3273/3273/3273 3276/3276/3276 
f 3248/3248/3248 3249/3249/3249 3250/3250/3250 
f 3277/3277/3277 3278/3278/3278 3279/3279/3279 
f 3241/3241/3241 3242/3242/3242 3243/3243/3243 
f 3266/3266/3266 3267/3267/3267 3268/3268/3268 
f 3257/3257/3257 3258/3258/3258 3259/3259/3259 
f 3262/3262/3262 3257/3257/3257 3259/3259/3259 
f 3263/3263/3263 3264/3264/3264 3265/3265/3265 
f 3264/3264/3264 3263/3263/3263 3287/3287/3287 
f 3304/3304/3304 3305/3305/3305 3306/3306/3306 
f 3305/3305/3305 3304/3304/3304 3307/3307/3307 
f 3323/3323/3323 3324/3324/3324 3325/3325/3325 
f 3323/3323/3323 3327/3327/3327 3324/3324/3324 
f 3293/3293/3293 3294/3294/3294 3295/3295/3295 
f 3293/3293/3293 3295/3295/3295 3303/3303/3303 
f 3316/3316/3316 3317/3317/3317 3318/3318/3318 
f 3317/3317/3317 3316/3316/3316 3326/3326/3326 
f 3300/3300/3300 3301/3301/3301 3302/3302/3302 
f 3301/3301/3301 3300/3300/3300 3308/3308/3308 
f 3320/3320/3320 3321/3321/3321 3322/3322/3322 
f 3321/3321/3321 3320/3320/3320 3328/3328/3328 
f 3296/3296/3296 3297/3297/3297 3298/3298/3298 
f 3297/3297/3297 3296/3296/3296 3299/3299/3299 
f 3309/3309/3309 3310/3310/3310 3311/3311/3311 
f 3310/3310/3310 3309/3309/3309 3319/3319/3319 
f 3289/3289/3289 3290/3290/3290 3291/3291/3291 
f 3289/3289/3289 3291/3291/3291 3292/3292/3292 
f 3312/3312/3312 3313/3313/3313 3314/3314/3314 
f 3314/3314/3314 3313/3313/3313 3315/3315/3315 
f 3343/3343/3343 3344/3344/3344 3345/3345/3345 
f 3344/3344/3344 3343/3343/3343 3349/3349/3349 
f 3336/3336/3336 3337/3337/3337 3338/3338/3338 
f 3337/3337/3337 3336/3336/3336 3339/3339/3339 
f 3329/3329/3329 3330/3330/3330 3331/3331/3331 
f 3330/3330/3330 3329/3329/3329 3335/3335/3335 
f 3332/3332/3332 3333/3333/3333 3334/3334/3334 
f 3340/3340/3340 3341/3341/3341 3342/3342/3342 
f 3341/3341/3341 3340/3340/3340 3350/3350/3350 
f 3346/3346/3346 3347/3347/3347 3348/3348/3348 
f 3347/3347/3347 3346/3346/3346 3351/3351/3351 
f 3352/3352/3352 3353/3353/3353 3354/3354/3354 
f 3355/3355/3355 3353/3353/3353 3352/3352/3352 
f 3363/3363/3363 3364/3364/3364 3365/3365/3365 
f 3356/3356/3356 3357/3357/3357 3358/3358/3358 
f 3357/3357/3357 3356/3356/3356 3359/3359/3359 
f 3367/3367/3367 3368/3368/3368 3369/3369/3369 
f 3370/3370/3370 3367/3367/3367 3369/3369/3369 
f 3360/3360/3360 3361/3361/3361 3362/3362/3362 
f 3360/3360/3360 3362/3362/3362 3366/3366/3366 
f 3371/3371/3371 3372/3372/3372 3373/3373/3373 
f 3405/3405/3405 3406/3406/3406 3407/3407/3407 
f 3392/3392/3392 3393/3393/3393 3394/3394/3394 
f 3393/3393/3393 3392/3392/3392 3397/3397/3397 
f 3398/3398/3398 3399/3399/3399 3400/3400/3400 
f 3399/3399/3399 3398/3398/3398 3423/3423/3423 
f 3389/3389/3389 3390/3390/3390 3391/3391/3391 
f 3390/3390/3390 3396/3396/3396 3391/3391/3391 
f 3416/3416/3416 3417/3417/3417 3418/3418/3418 
f 3417/3417/3417 3416/3416/3416 3424/3424/3424 
f 3382/3382/3382 3383/3383/3383 3384/3384/3384 
f 3382/3382/3382 3384/3384/3384 3385/3385/3385 
f 3411/3411/3411 3412/3412/3412 3413/3413/3413 
f 3412/3412/3412 3411/3411/3411 3415/3415/3415 
f 3378/3378/3378 3379/3379/3379 3380/3380/3380 
f 3380/3380/3380 3381/3381/3381 3378/3378/3378 
f 3408/3408/3408 3409/3409/3409 3410/3410/3410 
f 3409/3409/3409 3408/3408/3408 3414/3414/3414 
f 3374/3374/3374 3375/3375/3375 3376/3376/3376 
f 3377/3377/3377 3374/3374/3374 3376/3376/3376 
f 3401/3401/3401 3402/3402/3402 3403/3403/3403 
f 3402/3402/3402 3401/3401/3401 3404/3404/3404 
f 3386/3386/3386 3387/3387/3387 3388/3388/3388 
f 3387/3387/3387 3395/3395/3395 3388/3388/3388 
f 3419/3419/3419 3420/3420/3420 3421/3421/3421 
f 3421/3421/3421 3420/3420/3420 3422/3422/3422 
f 3428/3428/3428 3429/3429/3429 3430/3430/3430 
f 3460/3460/3460 3461/3461/3461 3462/3462/3462 
f 3425/3425/3425 3426/3426/3426 3427/3427/3427 
f 3463/3463/3463 3464/3464/3464 3465/3465/3465 
f 3442/3442/3442 3443/3443/3443 3444/3444/3444 
f 3443/3443/3443 3442/3442/3442 3449/3449/3449 
f 3475/3475/3475 3476/3476/3476 3477/3477/3477 
f 3476/3476/3476 3475/3475/3475 3478/3478/3478 
f 3445/3445/3445 3446/3446/3446 3447/3447/3447 
f 3445/3445/3445 3448/3448/3448 3446/3446/3446 
f 3471/3471/3471 3472/3472/3472 3473/3473/3473 
f 3474/3474/3474 3473/3473/3473 3472/3472/3472 
f 3434/3434/3434 3435/3435/3435 3436/3436/3436 
f 3435/3435/3435 3434/3434/3434 3440/3440/3440 
f 3454/3454/3454 3455/3455/3455 3456/3456/3456 
f 3456/3456/3456 3466/3466/3466 3454/3454/3454 
f 3437/3437/3437 3438/3438/3438 3439/3439/3439 
f 3438/3438/3438 3437/3437/3437 3441/3441/3441 
f 3467/3467/3467 3468/3468/3468 3469/3469/3469 
f 3467/3467/3467 3470/3470/3470 3468/3468/3468 
f 3431/3431/3431 3432/3432/3432 3433/3433/3433 
f 3457/3457/3457 3458/3458/3458 3459/3459/3459 
f 3450/3450/3450 3451/3451/3451 3452/3452/3452 
f 3452/3452/3452 3453/3453/3453 3450/3450/3450 
f 3479/3479/3479 3480/3480/3480 3481/3481/3481 
f 3480/3480/3480 3479/3479/3479 3482/3482/3482 

g Cube0211

v 0.870346 3.93597 1.13472 
v 0.870346 4.04111 0.916347 
v 0.870346 4.0718 0.937479 
v 0.870346 3.90529 1.11359 
v 0.870346 4.13322 1.27055 
v 0.870346 3.93597 1.13472 
v 0.870346 4.29018 1.04262 
v 0.870346 4.26905 1.07331 
v 0.870346 4.09293 0.906792 
v 0.870346 4.11208 1.30124 
v 0.870346 3.91484 1.16541 
v 0.870346 3.93597 1.13472 
v 0.870346 4.13322 1.27055 
v 0.870346 4.29973 1.09444 
v 0.870346 4.1639 1.29168 
v 0.870346 4.13322 1.27055 
v -0.786599 4.1639 1.29168 
v -0.786599 4.29973 1.09444 
v -0.810287 4.1639 1.29168 
v -0.810287 4.13322 1.27055 
v -0.786599 4.11208 1.30124 
v -0.786599 4.13322 1.27055 
v -0.810287 4.11208 1.30124 
v -0.810287 4.29973 1.09444 
v -0.786599 4.26905 1.07331 
v -0.786599 4.29018 1.04262 
v -0.810287 4.29018 1.04262 
v -0.810287 4.26905 1.07331 
v 0.870346 4.1639 1.29168 
v 0.846658 4.29973 1.09444 
v 0.846658 4.1639 1.29168 
v 0.846658 4.11208 1.30124 
v 0.870346 4.13322 1.27055 
v 0.846658 4.13322 1.27055 
v 0.870346 4.11208 1.30124 
v 0.870346 4.29973 1.09444 
v 0.846658 4.26905 1.07331 
v 0.870346 4.29018 1.04262 
v 0.846658 4.29018 1.04262 
v 0.870346 4.26905 1.07331 
v -0.810287 3.93597 1.13472 
v -0.810287 3.90529 1.11359 
v -0.786599 3.90529 1.11359 
v -0.786599 3.93597 1.13472 
v -0.786599 4.11208 1.30124 
v -0.810287 3.91484 1.16541 
v -0.786599 3.91484 1.16541 
v -0.810287 4.11208 1.30124 
v -0.786599 4.13322 1.27055 
v -0.810287 4.1639 1.29168 
v -0.810287 4.13322 1.27055 
v -0.786599 4.1639 1.29168 
v 0.870346 3.91484 1.16541 
v 0.846658 4.11208 1.30124 
v 0.846658 3.91484 1.16541 
v 0.870346 3.93597 1.13472 
v 0.846658 3.90529 1.11359 
v 0.870346 3.90529 1.11359 
v 0.846658 3.93597 1.13472 
v 0.870346 4.11208 1.30124 
v 0.870346 4.1639 1.29168 
v 0.846658 4.13322 1.27055 
v 0.870346 4.13322 1.27055 
v 0.846658 4.1639 1.29168 
v -0.810287 4.04111 0.916347 
v -0.810287 3.93597 1.13472 
v -0.810287 4.0718 0.937479 
v -0.810287 3.90529 1.11359 
v -0.810287 4.13322 1.27055 
v -0.810287 4.0718 0.937479 
v -0.810287 3.93597 1.13472 
v -0.810287 4.0718 0.937479 
v -0.810287 4.29018 1.04262 
v -0.810287 4.09293 0.906792 
v -0.810287 4.26905 1.07331 
v -0.810287 4.26905 1.07331 
v -0.810287 4.11208 1.30124 
v -0.810287 3.93597 1.13472 
v -0.810287 3.91484 1.16541 
v -0.810287 4.13322 1.27055 
v -0.810287 4.1639 1.29168 
v -0.810287 4.29973 1.09444 
v -0.810287 4.13322 1.27055 
v -0.810287 4.26905 1.07331 
v -0.810287 4.04111 0.916347 
v -0.786599 3.90529 1.11359 
v -0.810287 3.90529 1.11359 
v -0.810287 3.93597 1.13472 
v -0.786599 3.93597 1.13472 
v -0.810287 3.91484 1.16541 
v -0.786599 3.91484 1.16541 
v -0.786599 4.04111 0.916347 
v -0.786599 4.09293 0.906792 
v -0.810287 4.0718 0.937479 
v -0.810287 4.09293 0.906792 
v -0.786599 4.0718 0.937479 
v 0.870346 4.04111 0.916347 
v 0.846658 3.90529 1.11359 
v 0.846658 4.04111 0.916347 
v 0.870346 3.93597 1.13472 
v 0.870346 3.91484 1.16541 
v 0.846658 3.93597 1.13472 
v 0.846658 3.91484 1.16541 
v 0.870346 3.90529 1.11359 
v 0.846658 4.09293 0.906792 
v 0.870346 4.09293 0.906792 
v 0.870346 4.0718 0.937479 
v 0.846658 4.0718 0.937479 
v -0.899695 5.93207 -1.28217 
v -0.974693 6.05713 -1.25554 
v -0.868706 5.97986 -1.29317 
v -1.3607 6.26486 -1.11846 
v -0.810287 4.0718 0.937479 
v -0.786599 4.0718 0.937479 
v -0.810287 4.04111 0.916347 
v -0.786599 4.04111 0.916347 
v -0.810287 4.29018 1.04262 
v -0.786599 4.09293 0.906792 
v -0.810287 4.09293 0.906792 
v -0.786599 4.29973 1.09444 
v -0.810287 4.26905 1.07331 
v -0.810287 4.29973 1.09444 
v -0.786599 4.29018 1.04262 
v -0.786599 4.26905 1.07331 
v -0.943656 6.10499 -1.26656 
v -1.07896 6.2038 -1.21851 
v -1.04822 6.25121 -1.22942 
v -1.29905 6.35993 -1.14035 
v -1.26772 6.40825 -1.15148 
v -1.32985 6.31243 -1.12941 
v -1.42006 6.37831 -1.09738 
v -1.38926 6.42581 -1.10832 
v 0.870346 4.29018 1.04262 
v 0.846658 4.09293 0.906792 
v 0.846658 4.29018 1.04262 
v 0.846658 4.0718 0.937479 
v 0.870346 4.04111 0.916347 
v 0.846658 4.04111 0.916347 
v 0.959753 5.93207 -1.28217 
v 0.928764 5.97986 -1.29317 
v 1.03475 6.05713 -1.25554 
v 1.42076 6.26486 -1.11846 
v 0.870346 4.0718 0.937479 
v 0.846658 4.29973 1.09444 
v 0.870346 4.26905 1.07331 
v 0.846658 4.26905 1.07331 
v 0.870346 4.09293 0.906792 
v 0.870346 4.29973 1.09444 
v 1.00371 6.10499 -1.26656 
v 1.13902 6.2038 -1.21851 
v 1.10828 6.25121 -1.22942 
v 1.35911 6.35993 -1.14035 
v 1.32778 6.40825 -1.15148 
v 1.38991 6.31243 -1.12941 
v 1.48012 6.37831 -1.09738 
v 1.44931 6.42581 -1.10832 

vn 1 0 0 
vn 1 0 0 
vn 1 0 0 
vn 1 0 0 
vn 1 0 0 
vn 1 0 0 
vn 1 0 0 
vn 1 0 0 
vn 1 0 0 
vn 1 0 0 
vn 1 0 0 
vn 1 0 0 
vn 1 0 0 
vn 1 0 0 
vn 1 0 0 
vn 1 0 0 
vn 0 0.826772 0.566929 
vn 0 0.826772 0.566929 
vn 0 0.826772 0.566929 
vn 0 0.826772 0.566929 
vn 0 0.826772 0.566929 
vn 0 0.826772 0.566929 
vn 0 0.826772 0.566929 
vn 0 0.826772 0.566929 
vn 0 0.826772 0.566929 
vn 0 0.826772 0.566929 
vn 0 0.826772 0.566929 
vn 0 0.826772 0.566929 
vn 0 0.826772 0.566929 
vn 0 0.826772 0.566929 
vn 0 0.826772 0.566929 
vn 0 0.826772 0.566929 
vn 0 0.826772 0.566929 
vn 0 0.826772 0.566929 
vn 0 0.826772 0.566929 
vn 0 0.826772 0.566929 
vn 0 0.826772 0.566929 
vn 0 0.826772 0.566929 
vn 0 0.826772 0.566929 
vn 0 0.826772 0.566929 
vn 0 -0.566929 0.826772 
vn 0 -0.566929 0.826772 
vn 0 -0.566929 0.826772 
vn 0 -0.566929 0.826772 
vn 0 -0.566929 0.826772 
vn 0 -0.566929 0.826772 
vn 0 -0.566929 0.826772 
vn 0 -0.566929 0.826772 
vn 0 -0.566929 0.826772 
vn 0 -0.566929 0.826772 
vn 0 -0.566929 0.826772 
vn 0 -0.566929 0.826772 
vn 0 -0.566929 0.826772 
vn 0 -0.566929 0.826772 
vn 0 -0.566929 0.826772 
vn 0 -0.566929 0.826772 
vn 0 -0.566929 0.826772 
vn 0 -0.566929 0.826772 
vn 0 -0.566929 0.826772 
vn 0 -0.566929 0.826772 
vn 0 -0.566929 0.826772 
vn 0 -0.566929 0.826772 
vn 0 -0.566929 0.826772 
vn 0 -0.566929 0.826772 
vn -1 0 0 
vn -1 0 0 
vn -1 0 0 
vn -1 0 0 
vn -1 0 0 
vn -1 0 0 
vn -1 0 0 
vn -1 0 0 
vn -1 0 0 
vn -1 0 0 
vn -1 0 0 
vn -1 0 0 
vn -1 0 0 
vn -1 0 0 
vn -1 0 0 
vn -1 0 0 
vn -1 0 0 
vn -1 0 0 
vn -1 0 0 
vn -1 0 0 
vn 0 -0.826772 -0.566929 
vn 0 -0.826772 -0.566929 
vn 0 -0.826772 -0.566929 
vn 0 -0.826772 -0.566929 
vn 0 -0.826772 -0.566929 
vn 0 -0.826772 -0.566929 
vn 0 -0.826772 -0.566929 
vn 0 -0.826772 -0.566929 
vn 0 -0.826772 -0.566929 
vn 0 -0.826772 -0.566929 
vn 0 -0.826772 -0.566929 
vn 0 -0.826772 -0.566929 
vn 0 -0.826772 -0.566929 
vn 0 -0.826772 -0.566929 
vn 0 -0.826772 -0.566929 
vn 0 -0.826772 -0.566929 
vn 0 -0.826772 -0.566929 
vn 0 -0.826772 -0.566929 
vn 0 -0.826772 -0.566929 
vn 0 -0.826772 -0.566929 
vn 0 -0.826772 -0.566929 
vn 0 -0.826772 -0.566929 
vn 0 -0.826772 -0.566929 
vn 0 -0.826772 -0.566929 
vn -0.330709 0 -0.944882 
vn -0.330709 0 -0.944882 
vn -0.330709 0 -0.944882 
vn -0.330709 0 -0.944882 
vn 0 0.566929 -0.826772 
vn 0 0.566929 -0.826772 
vn 0 0.566929 -0.826772 
vn 0 0.566929 -0.826772 
vn 0 0.566929 -0.826772 
vn 0 0.566929 -0.826772 
vn 0 0.566929 -0.826772 
vn 0 0.566929 -0.826772 
vn 0 0.566929 -0.826772 
vn 0 0.566929 -0.826772 
vn 0 0.566929 -0.826772 
vn 0 0.566929 -0.826772 
vn -0.330709 0 -0.944882 
vn -0.330709 0 -0.944882 
vn -0.330709 0 -0.944882 
vn -0.330709 0 -0.944882 
vn -0.330709 0 -0.944882 
vn -0.330709 0 -0.944882 
vn -0.330709 0 -0.944882 
vn -0.330709 0 -0.944882 
vn 0 0.566929 -0.826772 
vn 0 0.566929 -0.826772 
vn 0 0.566929 -0.826772 
vn 0 0.566929 -0.826772 
vn 0 0.566929 -0.826772 
vn 0 0.566929 -0.826772 
vn 0.330709 0 -0.944882 
vn 0.330709 0 -0.944882 
vn 0.330709 0 -0.944882 
vn 0.330709 0 -0.944882 
vn 0 0.566929 -0.826772 
vn 0 0.566929 -0.826772 
vn 0 0.566929 -0.826772 
vn 0 0.566929 -0.826772 
vn 0 0.566929 -0.826772 
vn 0 0.566929 -0.826772 
vn 0.330709 0 -0.944882 
vn 0.330709 0 -0.944882 
vn 0.330709 0 -0.944882 
vn 0.330709 0 -0.944882 
vn 0.330709 0 -0.944882 
vn 0.330709 0 -0.944882 
vn 0.330709 0 -0.944882 
vn 0.330709 0 -0.944882 

vt 27.8587 -49.1537 
vt 27.886 -49.1406 
vt 27.8833 -49.1367 
vt 27.8613 -49.1575 
vt 27.8417 -49.129 
vt 27.8587 -49.1537 
vt 27.8702 -49.1094 
vt 27.8663 -49.1121 
vt 27.8872 -49.1341 
vt 27.8378 -49.1317 
vt 27.8548 -49.1563 
vt 27.8587 -49.1537 
vt 27.8417 -49.129 
vt 27.8637 -49.1082 
vt 27.839 -49.1252 
vt 27.8417 -49.129 
vt 28.1021 -48.839 
vt 28.1021 -48.8637 
vt 28.105 -48.839 
vt 28.105 -48.8417 
vt 28.1021 -48.8378 
vt 28.1021 -48.8417 
vt 28.105 -48.8378 
vt 28.105 -48.8637 
vt 28.1021 -48.8663 
vt 28.1021 -48.8702 
vt 28.105 -48.8702 
vt 28.105 -48.8663 
vt 27.895 -48.839 
vt 27.8979 -48.8637 
vt 27.8979 -48.839 
vt 27.8979 -48.8378 
vt 27.895 -48.8417 
vt 27.8979 -48.8417 
vt 27.895 -48.8378 
vt 27.895 -48.8637 
vt 27.8979 -48.8663 
vt 27.895 -48.8702 
vt 27.8979 -48.8702 
vt 27.895 -48.8663 
vt 27.895 -49.1537 
vt 27.895 -49.1575 
vt 27.8979 -49.1575 
vt 27.8979 -49.1537 
vt 27.8979 -49.1317 
vt 27.895 -49.1563 
vt 27.8979 -49.1563 
vt 27.895 -49.1317 
vt 27.8979 -49.129 
vt 27.895 -49.1252 
vt 27.895 -49.129 
vt 27.8979 -49.1252 
vt 28.105 -49.1563 
vt 28.1021 -49.1317 
vt 28.1021 -49.1563 
vt 28.105 -49.1537 
vt 28.1021 -49.1575 
vt 28.105 -49.1575 
vt 28.1021 -49.1537 
vt 28.105 -49.1317 
vt 28.105 -49.1252 
vt 28.1021 -49.129 
vt 28.105 -49.129 
vt 28.1021 -49.1252 
vt 28.114 -49.1406 
vt 28.1413 -49.1537 
vt 28.1167 -49.1367 
vt 28.1387 -49.1575 
vt 28.1583 -49.129 
vt 28.1167 -49.1367 
vt 28.1413 -49.1537 
vt 28.1167 -49.1367 
vt 28.1298 -49.1094 
vt 28.1128 -49.1341 
vt 28.1337 -49.1121 
vt 28.1337 -49.1121 
vt 28.1622 -49.1317 
vt 28.1413 -49.1537 
vt 28.1452 -49.1563 
vt 28.1583 -49.129 
vt 28.161 -49.1252 
vt 28.1363 -49.1082 
vt 28.1583 -49.129 
vt 28.1337 -49.1121 
vt 27.895 -48.886 
vt 27.8979 -48.8613 
vt 27.895 -48.8613 
vt 27.895 -48.8587 
vt 27.8979 -48.8587 
vt 27.895 -48.8548 
vt 27.8979 -48.8548 
vt 27.8979 -48.886 
vt 27.8979 -48.8872 
vt 27.895 -48.8833 
vt 27.895 -48.8872 
vt 27.8979 -48.8833 
vt 28.105 -48.886 
vt 28.1021 -48.8613 
vt 28.1021 -48.886 
vt 28.105 -48.8587 
vt 28.105 -48.8548 
vt 28.1021 -48.8587 
vt 28.1021 -48.8548 
vt 28.105 -48.8613 
vt 28.1021 -48.8872 
vt 28.105 -48.8872 
vt 28.105 -48.8833 
vt 28.1021 -48.8833 
vt 28.1162 -48.9042 
vt 28.1256 -48.8885 
vt 28.1123 -48.8982 
vt 28.1738 -48.8626 
vt 28.105 -49.1367 
vt 28.1021 -49.1367 
vt 28.105 -49.1406 
vt 28.1021 -49.1406 
vt 28.105 -49.1094 
vt 28.1021 -49.1341 
vt 28.105 -49.1341 
vt 28.1021 -49.1082 
vt 28.105 -49.1121 
vt 28.105 -49.1082 
vt 28.1021 -49.1094 
vt 28.1021 -49.1121 
vt 28.1217 -48.8826 
vt 28.1386 -48.8702 
vt 28.1348 -48.8643 
vt 28.1661 -48.8507 
vt 28.1622 -48.8447 
vt 28.17 -48.8566 
vt 28.1813 -48.8484 
vt 28.1774 -48.8425 
vt 27.895 -49.1094 
vt 27.8979 -49.1341 
vt 27.8979 -49.1094 
vt 27.8979 -49.1367 
vt 27.895 -49.1406 
vt 27.8979 -49.1406 
vt 27.8838 -48.9042 
vt 27.8877 -48.8982 
vt 27.8744 -48.8885 
vt 27.8262 -48.8626 
vt 27.895 -49.1367 
vt 27.8979 -49.1082 
vt 27.895 -49.1121 
vt 27.8979 -49.1121 
vt 27.895 -49.1341 
vt 27.895 -49.1082 
vt 27.8783 -48.8826 
vt 27.8614 -48.8702 
vt 27.8652 -48.8643 
vt 27.8339 -48.8507 
vt 27.8378 -48.8447 
vt 27.83 -48.8566 
vt 27.8187 -48.8484 
vt 27.8226 -48.8425 

usemtl Cube0211Mtl

f 3483/3483/3483 3484/3484/3484 3485/3485/3485 
f 3484/3484/3484 3483/3483/3483 3486/3486/3486 
f 3489/3489/3489 3485/3485/3485 3491/3491/3491 
f 3485/3485/3485 3489/3489/3489 3490/3490/3490 
f 3487/3487/3487 3485/3485/3485 3490/3490/3490 
f 3487/3487/3487 3488/3488/3488 3485/3485/3485 
f 3498/3498/3498 3490/3490/3490 3496/3496/3496 
f 3496/3496/3496 3497/3497/3497 3498/3498/3498 
f 3492/3492/3492 3493/3493/3493 3494/3494/3494 
f 3492/3492/3492 3494/3494/3494 3495/3495/3495 
f 3499/3499/3499 3500/3500/3500 3501/3501/3501 
f 3501/3501/3501 3500/3500/3500 3506/3506/3506 
f 3511/3511/3511 3512/3512/3512 3513/3513/3513 
f 3512/3512/3512 3511/3511/3511 3518/3518/3518 
f 3502/3502/3502 3503/3503/3503 3504/3504/3504 
f 3503/3503/3503 3502/3502/3502 3505/3505/3505 
f 3507/3507/3507 3508/3508/3508 3509/3509/3509 
f 3510/3510/3510 3507/3507/3507 3509/3509/3509 
f 3514/3514/3514 3515/3515/3515 3516/3516/3516 
f 3514/3514/3514 3517/3517/3517 3515/3515/3515 
f 3519/3519/3519 3520/3520/3520 3521/3521/3521 
f 3522/3522/3522 3520/3520/3520 3519/3519/3519 
f 3527/3527/3527 3528/3528/3528 3529/3529/3529 
f 3530/3530/3530 3528/3528/3528 3527/3527/3527 
f 3535/3535/3535 3536/3536/3536 3537/3537/3537 
f 3536/3536/3536 3535/3535/3535 3542/3542/3542 
f 3523/3523/3523 3524/3524/3524 3525/3525/3525 
f 3526/3526/3526 3523/3523/3523 3525/3525/3525 
f 3531/3531/3531 3532/3532/3532 3533/3533/3533 
f 3532/3532/3532 3531/3531/3531 3534/3534/3534 
f 3538/3538/3538 3539/3539/3539 3540/3540/3540 
f 3541/3541/3541 3539/3539/3539 3538/3538/3538 
f 3543/3543/3543 3544/3544/3544 3545/3545/3545 
f 3543/3543/3543 3546/3546/3546 3544/3544/3544 
f 3547/3547/3547 3548/3548/3548 3549/3549/3549 
f 3548/3548/3548 3547/3547/3547 3550/3550/3550 
f 3551/3551/3551 3552/3552/3552 3553/3553/3553 
f 3552/3552/3552 3551/3551/3551 3557/3557/3557 
f 3554/3554/3554 3555/3555/3555 3556/3556/3556 
f 3555/3555/3555 3554/3554/3554 3558/3558/3558 
f 3559/3559/3559 3560/3560/3560 3561/3561/3561 
f 3560/3560/3560 3559/3559/3559 3562/3562/3562 
f 3563/3563/3563 3564/3564/3564 3565/3565/3565 
f 3565/3565/3565 3564/3564/3564 3566/3566/3566 
f 3567/3567/3567 3568/3568/3568 3569/3569/3569 
f 3574/3574/3574 3568/3568/3568 3567/3567/3567 
f 3579/3579/3579 3580/3580/3580 3581/3581/3581 
f 3580/3580/3580 3579/3579/3579 3586/3586/3586 
f 3570/3570/3570 3571/3571/3571 3572/3572/3572 
f 3571/3571/3571 3573/3573/3573 3572/3572/3572 
f 3575/3575/3575 3576/3576/3576 3577/3577/3577 
f 3576/3576/3576 3575/3575/3575 3578/3578/3578 
f 3582/3582/3582 3583/3583/3583 3584/3584/3584 
f 3584/3584/3584 3583/3583/3583 3585/3585/3585 
f 3587/3587/3587 3588/3588/3588 3589/3589/3589 
f 3587/3587/3587 3589/3589/3589 3590/3590/3590 
f 3591/3591/3591 3592/3592/3592 3593/3593/3593 
f 3591/3591/3591 3594/3594/3594 3592/3592/3592 
f 3594/3594/3594 3608/3608/3608 3592/3592/3592 
f 3607/3607/3607 3592/3592/3592 3608/3608/3608 
f 3612/3612/3612 3608/3608/3608 3594/3594/3594 
f 3610/3610/3610 3608/3608/3608 3612/3612/3612 
f 3608/3608/3608 3610/3610/3610 3609/3609/3609 
f 3609/3609/3609 3610/3610/3610 3611/3611/3611 
f 3613/3613/3613 3610/3610/3610 3612/3612/3612 
f 3610/3610/3610 3613/3613/3613 3614/3614/3614 
f 3621/3621/3621 3622/3622/3622 3623/3623/3623 
f 3623/3623/3623 3624/3624/3624 3621/3621/3621 
f 3624/3624/3624 3623/3623/3623 3632/3632/3632 
f 3623/3623/3623 3631/3631/3631 3632/3632/3632 
f 3624/3624/3624 3632/3632/3632 3636/3636/3636 
f 3632/3632/3632 3634/3634/3634 3636/3636/3636 
f 3637/3637/3637 3636/3636/3636 3634/3634/3634 
f 3634/3634/3634 3638/3638/3638 3637/3637/3637 
f 3633/3633/3633 3634/3634/3634 3632/3632/3632 
f 3634/3634/3634 3633/3633/3633 3635/3635/3635 
f 3599/3599/3599 3600/3600/3600 3601/3601/3601 
f 3605/3605/3605 3600/3600/3600 3599/3599/3599 
f 3615/3615/3615 3616/3616/3616 3617/3617/3617 
f 3616/3616/3616 3615/3615/3615 3629/3629/3629 
f 3595/3595/3595 3596/3596/3596 3597/3597/3597 
f 3596/3596/3596 3598/3598/3598 3597/3597/3597 
f 3602/3602/3602 3603/3603/3603 3604/3604/3604 
f 3603/3603/3603 3602/3602/3602 3606/3606/3606 
f 3618/3618/3618 3619/3619/3619 3620/3620/3620 
f 3625/3625/3625 3619/3619/3619 3618/3618/3618 
f 3626/3626/3626 3627/3627/3627 3628/3628/3628 
f 3626/3626/3626 3630/3630/3630 3627/3627/3627 

g Cube0241

v 0.865658 3.68183 1.09946 
v 0.865658 3.51959 0.995427 
v 0.865658 3.51937 0.87676 
v 0.151389 3.8233 2.61076 
v 0.151389 3.60019 2.51519 
v 0.0997963 3.68457 2.46131 
v 0.865658 3.51959 0.995427 
v 0.865658 3.68183 1.09946 
v 0.865658 3.48491 1.04951 
v 0.865658 3.64715 1.15354 
v 0.865658 3.86347 1.29225 
v 0.865658 4.04511 1.48504 
v 0.865658 3.82879 1.34633 
v 0.0997963 3.81283 2.51625 
v 0.165982 3.54312 2.58422 
v 0.119363 3.72013 2.73138 
v 0.119363 3.54513 2.69536 
v 0.0300293 3.64505 2.82239 
v 0.165982 3.79306 2.69129 
v 0.865658 4.09622 1.4088 
v 0.865658 3.86347 1.29225 
v 0.865658 3.84407 1.20349 
v 0.131759 5.55567 -1.93463 
v 0.131759 5.48283 -1.83974 
v 0.131759 5.48283 -1.93463 
v 0.131759 5.55567 -1.83974 
v 0.146726 5.30624 -1.70826 
v 0.146726 5.25283 -1.91349 
v 0.146726 5.30616 -1.91353 
v 0.173847 5.48283 -1.93463 
v 0.173847 5.30616 -1.83974 
v 0.173847 5.30616 -1.93463 
v 0.173847 5.48283 -1.83974 
v 0.213714 5.5227 -1.83974 
v 0.213714 5.30624 -1.70826 
v 0.213714 5.30624 -1.83974 
v 0.146726 5.2529 -1.70822 
v 0.171626 5.59554 -1.83974 
v 0.171626 5.59554 -1.70826 
v 0.171626 5.5227 -1.83974 
v 0.171626 5.5227 -1.70826 
v 0.865658 4.09622 1.4088 
v 0.213714 5.5227 -1.70826 
v 0.865658 3.68183 1.09946 
v 0.865658 3.6544 0.666182 
v 0.865658 3.92457 0.720902 
v 0.865658 3.70825 0.582192 
v 0.865658 3.76233 0.61687 
v 0.865658 3.6544 0.666182 
v 0.865658 3.95925 0.666822 
v 0.865658 3.76233 0.61687 
v 0.865658 3.79701 0.56279 
v 0.865658 3.76233 0.61687 
v 0.865658 3.92457 0.720902 
v 0.865658 3.6544 0.666182 
v 0.865658 3.6544 0.666182 
v 0.865658 3.44927 0.831809 
v 0.865658 3.5843 0.621231 
v 0.865658 3.92457 0.720902 
v 0.865658 3.51937 0.87676 
v 0.865658 3.51937 0.87676 
v 0.865658 4.08681 0.824934 
v 0.865658 3.68183 1.09946 
v 0.865658 3.92457 0.720902 
v 0.865658 3.51959 0.995427 
v 0.865658 3.46551 0.96075 
v 0.865658 3.51937 0.87676 
v 0.865658 3.80939 1.25757 
v 0.865658 3.84407 1.20349 
v 0.865658 3.84407 1.20349 
v 0.865658 4.19428 1.37489 
v 0.865658 4.09622 1.4088 
v 0.865658 3.84407 1.20349 
v 0.865658 4.08681 0.824934 
v 0.865658 4.12149 0.770854 
v 0.865658 4.17557 0.805532 
v 0.865658 4.42656 0.890161 
v 0.865658 4.17557 0.805532 
v 0.865658 4.21025 0.751452 
v 0.865658 4.08681 0.824934 
v 0.865658 4.17557 0.805532 
v 0.865658 4.37697 0.972477 
v 0.865658 4.37697 0.972477 
v 0.865658 4.38707 1.07574 
v 0.865658 4.37697 0.972477 
v 0.865658 4.37697 0.972477 
v 0.865658 4.43105 1.00715 
v 0.865658 4.38707 1.07574 
v 0.865658 4.25738 1.41536 
v 0.865658 4.38707 1.07574 
v 0.865658 4.45017 1.1162 
v 0.865658 4.19428 1.37489 
v 0.865658 4.1503 1.44348 
v 0.865658 4.19428 1.37489 
v -0.69761 3.64715 1.15354 
v -0.805599 3.68183 1.09946 
v -0.805599 3.64715 1.15354 
v -0.69761 3.92457 0.720902 
v -0.805599 3.95925 0.666822 
v -0.805599 3.92457 0.720902 
v -0.69761 3.95925 0.666822 
v -0.69761 3.68183 1.09946 
v -0.69761 4.45017 1.1162 
v -0.805599 4.25738 1.41536 
v -0.69761 4.25738 1.41536 
v -0.69761 4.1503 1.44348 
v -0.69761 4.19428 1.37489 
v -0.805599 4.19428 1.37489 
v -0.805599 4.04511 1.48504 
v -0.69761 4.04511 1.48504 
v -0.805599 4.09622 1.4088 
v -0.805599 4.1503 1.44348 
v -0.69761 4.09622 1.4088 
v -0.105924 3.79306 2.69129 
v 0.165982 3.79306 2.69129 
v -0.0913305 3.8233 2.61076 
v 0.151389 3.8233 2.61076 
v -0.0397377 3.81283 2.51625 
v -0.805599 4.45017 1.1162 
v -0.111568 5.5227 -1.70826 
v -0.153656 5.5227 -1.83974 
v -0.153656 5.5227 -1.70826 
v -0.111568 5.5227 -1.83974 
v -0.0717006 5.48283 -1.83974 
v -0.113789 5.48283 -1.93463 
v -0.113789 5.48283 -1.83974 
v -0.0717006 5.48283 -1.93463 
v 0.131759 5.55567 -1.83974 
v -0.0717006 5.55567 -1.93463 
v -0.0717006 5.55567 -1.83974 
v 0.171626 5.59554 -1.70826 
v -0.111568 5.59554 -1.83974 
v -0.111568 5.59554 -1.70826 
v -0.805599 4.38707 1.07574 
v -0.69761 4.38707 1.07574 
v -0.805599 4.43105 1.00715 
v -0.805599 4.37697 0.972477 
v -0.69761 4.42656 0.890161 
v -0.805599 4.42656 0.890161 
v -0.69761 4.37697 0.972477 
v -0.69761 4.43105 1.00715 
v 0.119363 3.72013 2.73138 
v -0.0593044 3.72013 2.73138 
v 0.0300293 3.64505 2.82239 
v 0.757669 3.64715 1.15354 
v 0.865658 3.68183 1.09946 
v 0.757669 3.68183 1.09946 
v 0.757669 3.92457 0.720902 
v 0.865658 3.95925 0.666822 
v 0.757669 3.95925 0.666822 
v 0.865658 4.25738 1.41536 
v 0.757669 4.45017 1.1162 
v 0.757669 4.25738 1.41536 
v 0.865658 3.64715 1.15354 
v 0.865658 3.92457 0.720902 
v 0.757669 4.1503 1.44348 
v 0.865658 4.19428 1.37489 
v 0.757669 4.19428 1.37489 
v 0.0997963 3.81283 2.51625 
v 0.757669 4.04511 1.48504 
v 0.865658 4.09622 1.4088 
v 0.757669 4.09622 1.4088 
v 0.865658 4.04511 1.48504 
v 0.865658 4.1503 1.44348 
v 0.865658 4.45017 1.1162 
v 0.131759 5.55567 -1.93463 
v 0.171626 5.59554 -1.83974 
v 0.173847 5.48283 -1.83974 
v 0.131759 5.48283 -1.93463 
v 0.131759 5.48283 -1.83974 
v 0.173847 5.48283 -1.93463 
v 0.171626 5.5227 -1.83974 
v 0.213714 5.5227 -1.70826 
v 0.213714 5.5227 -1.83974 
v 0.171626 5.5227 -1.70826 
v 0.865658 4.37697 0.972477 
v 0.757669 4.42656 0.890161 
v 0.757669 4.37697 0.972477 
v 0.757669 4.38707 1.07574 
v 0.865658 4.43105 1.00715 
v 0.757669 4.43105 1.00715 
v 0.865658 4.42656 0.890161 
v 0.865658 4.38707 1.07574 
v -0.69761 3.46551 0.96075 
v -0.805599 3.51959 0.995427 
v -0.805599 3.46551 0.96075 
v -0.805599 3.51937 0.87676 
v -0.805599 3.44927 0.831809 
v -0.69761 3.51937 0.87676 
v -0.69761 3.44927 0.831809 
v -0.69761 3.51959 0.995427 
v -0.69761 3.64715 1.15354 
v -0.805599 3.48491 1.04951 
v -0.69761 3.48491 1.04951 
v -0.805599 3.64715 1.15354 
v -0.69761 3.84407 1.20349 
v -0.805599 3.68183 1.09946 
v -0.69761 3.68183 1.09946 
v 0.119363 3.72013 2.73138 
v -0.105924 3.79306 2.69129 
v -0.0593044 3.72013 2.73138 
v -0.805599 3.84407 1.20349 
v -0.69761 3.86347 1.29225 
v -0.805599 3.80939 1.25757 
v -0.69761 3.80939 1.25757 
v -0.805599 3.86347 1.29225 
v -0.69761 4.25738 1.41536 
v -0.805599 4.19428 1.37489 
v -0.69761 4.19428 1.37489 
v -0.69761 4.04511 1.48504 
v -0.805599 3.82879 1.34633 
v -0.69761 3.82879 1.34633 
v -0.805599 4.25738 1.41536 
v -0.69761 4.1503 1.44348 
v -0.805599 4.1503 1.44348 
v -0.805599 4.09622 1.4088 
v -0.805599 4.04511 1.48504 
v -0.69761 4.09622 1.4088 
v 0.165982 3.79306 2.69129 
v 0.865658 3.44927 0.831809 
v 0.757669 3.51937 0.87676 
v 0.757669 3.44927 0.831809 
v 0.757669 3.46551 0.96075 
v 0.865658 3.51959 0.995427 
v 0.757669 3.51959 0.995427 
v 0.865658 3.51937 0.87676 
v 0.865658 3.46551 0.96075 
v 0.865658 3.48491 1.04951 
v 0.757669 3.64715 1.15354 
v 0.757669 3.48491 1.04951 
v 0.865658 3.68183 1.09946 
v 0.757669 3.84407 1.20349 
v 0.757669 3.68183 1.09946 
v 0.865658 3.64715 1.15354 
v 0.865658 3.84407 1.20349 
v 0.865658 3.80939 1.25757 
v 0.757669 3.86347 1.29225 
v 0.757669 3.80939 1.25757 
v 0.757669 4.25738 1.41536 
v 0.757669 4.19428 1.37489 
v 0.865658 4.19428 1.37489 
v 0.757669 4.04511 1.48504 
v 0.757669 3.82879 1.34633 
v 0.865658 3.82879 1.34633 
v 0.865658 3.86347 1.29225 
v 0.865658 4.25738 1.41536 
v 0.865658 4.09622 1.4088 
v 0.757669 4.1503 1.44348 
v 0.757669 4.09622 1.4088 
v 0.865658 4.1503 1.44348 
v 0.865658 4.04511 1.48504 
v -0.805599 3.76233 0.61687 
v -0.805599 3.70825 0.582192 
v -0.805599 3.6544 0.666182 
v -0.805599 3.92457 0.720902 
v -0.805599 3.76233 0.61687 
v -0.805599 3.6544 0.666182 
v -0.805599 3.44927 0.831809 
v -0.805599 3.6544 0.666182 
v -0.805599 3.5843 0.621231 
v -0.805599 3.51937 0.87676 
v -0.805599 3.6544 0.666182 
v -0.805599 3.68183 1.09946 
v -0.805599 3.92457 0.720902 
v -0.805599 3.51937 0.87676 
v -0.805599 3.46551 0.96075 
v -0.805599 3.51959 0.995427 
v -0.805599 3.68183 1.09946 
v -0.805599 3.48491 1.04951 
v -0.805599 3.68183 1.09946 
v -0.805599 3.51959 0.995427 
v -0.805599 3.64715 1.15354 
v -0.805599 3.84407 1.20349 
v -0.805599 3.80939 1.25757 
v -0.805599 3.86347 1.29225 
v -0.805599 3.76233 0.61687 
v -0.805599 3.95925 0.666822 
v -0.805599 3.79701 0.56279 
v -0.805599 3.92457 0.720902 
v -0.805599 4.17557 0.805532 
v -0.805599 4.12149 0.770854 
v -0.805599 4.08681 0.824934 
v -0.805599 3.68183 1.09946 
v -0.805599 4.08681 0.824934 
v -0.805599 3.92457 0.720902 
v -0.805599 4.38707 1.07574 
v -0.805599 4.37697 0.972477 
v -0.805599 4.43105 1.00715 
v -0.805599 3.84407 1.20349 
v -0.805599 4.19428 1.37489 
v -0.805599 3.84407 1.20349 
v -0.805599 3.86347 1.29225 
v -0.805599 4.09622 1.4088 
v -0.805599 3.82879 1.34633 
v -0.805599 4.04511 1.48504 
v -0.805599 3.86347 1.29225 
v -0.805599 4.09622 1.4088 
v -0.805599 4.09622 1.4088 
v -0.805599 4.37697 0.972477 
v -0.805599 4.17557 0.805532 
v -0.805599 4.08681 0.824934 
v -0.805599 4.17557 0.805532 
v -0.805599 4.42656 0.890161 
v -0.805599 4.21025 0.751452 
v -0.805599 4.25738 1.41536 
v -0.805599 4.38707 1.07574 
v -0.805599 4.19428 1.37489 
v -0.0913305 3.60019 2.51519 
v -0.0913305 3.8233 2.61076 
v -0.0397377 3.68457 2.46131 
v -0.805599 4.09622 1.4088 
v -0.805599 4.1503 1.44348 
v -0.805599 4.19428 1.37489 
v -0.0397377 3.81283 2.51625 
v -0.105924 3.54312 2.58422 
v -0.105924 3.79306 2.69129 
v -0.0593044 3.72013 2.73138 
v -0.0593044 3.54513 2.69536 
v 0.0300293 3.64505 2.82239 
v -0.805599 4.37697 0.972477 
v -0.113789 5.48283 -1.83974 
v -0.113789 5.30616 -1.93463 
v -0.113789 5.30616 -1.83974 
v -0.113789 5.48283 -1.93463 
v -0.0866677 5.30624 -1.70826 
v -0.0866677 5.30616 -1.91353 
v -0.0866677 5.25283 -1.91349 
v -0.0717006 5.55567 -1.83974 
v -0.0717006 5.48283 -1.93463 
v -0.0717006 5.48283 -1.83974 
v -0.0717006 5.55567 -1.93463 
v -0.153656 5.5227 -1.70826 
v -0.153656 5.5227 -1.83974 
v -0.153656 5.30624 -1.83974 
v -0.805599 4.45017 1.1162 
v -0.153656 5.30624 -1.70826 
v -0.111568 5.5227 -1.83974 
v -0.111568 5.5227 -1.70826 
v -0.111568 5.59554 -1.83974 
v -0.0866677 5.2529 -1.70822 
v -0.111568 5.59554 -1.70826 
v -0.805599 3.5843 0.621231 
v -0.69761 3.44927 0.831809 
v -0.805599 3.44927 0.831809 
v -0.69761 3.70825 0.582192 
v -0.805599 3.6544 0.666182 
v -0.805599 3.70825 0.582192 
v -0.805599 3.79701 0.56279 
v -0.69761 3.79701 0.56279 
v -0.805599 3.76233 0.61687 
v -0.69761 3.76233 0.61687 
v -0.69761 3.5843 0.621231 
v -0.69761 3.6544 0.666182 
v -0.69761 3.51937 0.87676 
v -0.805599 3.46551 0.96075 
v -0.805599 3.51937 0.87676 
v -0.69761 3.46551 0.96075 
v -0.805599 3.51959 0.995427 
v -0.69761 3.48491 1.04951 
v -0.805599 3.48491 1.04951 
v -0.69761 3.51959 0.995427 
v -0.805599 3.80939 1.25757 
v -0.69761 3.84407 1.20349 
v -0.69761 3.80939 1.25757 
v 0.165982 3.54312 2.58422 
v -0.0593044 3.54513 2.69536 
v -0.105924 3.54312 2.58422 
v 0.151389 3.60019 2.51519 
v -0.0913305 3.60019 2.51519 
v -0.805599 3.84407 1.20349 
v -0.0866677 5.30616 -1.91353 
v -0.113789 5.30616 -1.83974 
v -0.113789 5.30616 -1.93463 
v -0.113789 5.30616 -1.83974 
v -0.153656 5.30624 -1.70826 
v -0.153656 5.30624 -1.83974 
v -0.153656 5.30624 -1.70826 
v -0.113789 5.30616 -1.83974 
v -0.0866677 5.30624 -1.70826 
v -0.0866677 5.30616 -1.91353 
v -0.0866677 5.30624 -1.70826 
v -0.113789 5.30616 -1.83974 
v -0.0866677 5.25283 -1.91349 
v 0.146726 5.2529 -1.70822 
v -0.0866677 5.2529 -1.70822 
v 0.173847 5.30616 -1.93463 
v -0.69761 4.21025 0.751452 
v -0.805599 4.17557 0.805532 
v -0.805599 4.21025 0.751452 
v -0.805599 3.86347 1.29225 
v -0.69761 3.86347 1.29225 
v -0.805599 3.82879 1.34633 
v -0.805599 4.12149 0.770854 
v -0.69761 4.12149 0.770854 
v -0.805599 4.08681 0.824934 
v -0.69761 4.17557 0.805532 
v -0.69761 3.82879 1.34633 
v -0.69761 4.08681 0.824934 
v 0.119363 3.54513 2.69536 
v 0.0300293 3.64505 2.82239 
v 0.757669 3.44927 0.831809 
v 0.757669 3.5843 0.621231 
v 0.865658 3.5843 0.621231 
v 0.757669 3.70825 0.582192 
v 0.865658 3.6544 0.666182 
v 0.757669 3.6544 0.666182 
v 0.757669 3.79701 0.56279 
v 0.865658 3.76233 0.61687 
v 0.757669 3.76233 0.61687 
v 0.865658 3.79701 0.56279 
v 0.865658 3.44927 0.831809 
v 0.865658 3.70825 0.582192 
v 0.865658 3.46551 0.96075 
v 0.757669 3.51937 0.87676 
v 0.865658 3.51937 0.87676 
v 0.757669 3.46551 0.96075 
v 0.757669 3.51959 0.995427 
v 0.865658 3.51959 0.995427 
v 0.757669 3.48491 1.04951 
v 0.865658 3.48491 1.04951 
v 0.757669 3.84407 1.20349 
v 0.865658 3.80939 1.25757 
v 0.757669 3.80939 1.25757 
v 0.865658 3.84407 1.20349 
v 0.146726 5.25283 -1.91349 
v 0.146726 5.30616 -1.91353 
v 0.146726 5.30624 -1.70826 
v 0.146726 5.30616 -1.91353 
v 0.173847 5.30616 -1.83974 
v 0.173847 5.30616 -1.93463 
v 0.173847 5.30616 -1.83974 
v 0.146726 5.30616 -1.91353 
v 0.173847 5.30616 -1.83974 
v 0.213714 5.30624 -1.70826 
v 0.146726 5.30624 -1.70826 
v 0.213714 5.30624 -1.83974 
v 0.213714 5.30624 -1.70826 
v 0.173847 5.30616 -1.83974 
v 0.757669 4.21025 0.751452 
v 0.865658 4.21025 0.751452 
v 0.865658 4.17557 0.805532 
v 0.757669 4.12149 0.770854 
v 0.865658 4.08681 0.824934 
v 0.757669 4.08681 0.824934 
v 0.757669 4.17557 0.805532 
v 0.757669 3.86347 1.29225 
v 0.865658 3.82879 1.34633 
v 0.757669 3.82879 1.34633 
v 0.865658 3.86347 1.29225 
v 0.865658 4.12149 0.770854 
v -0.437922 2.95066 -1.71997 
v -0.718602 2.95066 -1.71997 
v -0.718602 3.14059 -1.71997 
v -0.217329 2.79753 -1.71997 
v -0.437922 2.79753 -1.71997 
v -0.889543 4.44793 -1.71997 
v -0.889543 3.14059 -1.71997 
v -0.889543 3.29014 -1.71997 
v -1.10497 4.44793 -1.71997 
v -1.10497 3.29014 -1.71997 
v -0.889543 4.75621 -1.71997 
v -0.718602 4.75621 -1.71997 
v 0.778661 4.75621 -1.71997 
v -0.889543 4.44793 -1.71997 
v -0.718602 4.75621 -1.71997 
v -0.153656 5.30624 -1.83974 
v -0.153656 5.5227 -1.83974 
v -0.113789 5.48283 -1.83974 
v 0.277388 2.79753 -1.71997 
v -0.217329 2.7004 -1.71997 
v 0.146726 5.30616 -1.91353 
v -0.0866677 5.25283 -1.91349 
v -0.0866677 5.30616 -1.91353 
v 0.49798 2.95066 -1.71997 
v 0.949602 4.44793 -1.71997 
v -0.437922 2.95066 -1.71997 
v -0.889543 4.44793 -1.71997 
v -0.113789 5.30616 -1.83974 
v -0.113789 5.30616 -1.93463 
v -0.113789 5.48283 -1.93463 
v -0.0717006 5.48283 -1.93463 
v 0.131759 5.48283 -1.93463 
v -0.0717006 5.48283 -1.83974 
v -0.113789 5.48283 -1.83974 
v -0.111568 5.5227 -1.83974 
v -0.153656 5.5227 -1.83974 
v -0.111568 5.5227 -1.83974 
v -0.113789 5.48283 -1.83974 
v -0.718602 5.28904 -1.71997 
v -0.0129897 5.8083 -1.71997 
v -0.805599 3.76233 0.61687 
v -0.69761 3.70825 0.582192 
v -0.805599 3.70825 0.582192 
v -0.69761 3.95925 0.666822 
v -0.805599 3.79701 0.56279 
v -0.805599 3.95925 0.666822 
v -0.805599 3.6544 0.666182 
v -0.69761 3.5843 0.621231 
v -0.805599 3.5843 0.621231 
v -0.805599 4.08681 0.824934 
v -0.69761 3.92457 0.720902 
v -0.805599 3.92457 0.720902 
v -0.805599 4.17557 0.805532 
v -0.69761 4.12149 0.770854 
v -0.805599 4.12149 0.770854 
v -0.817767 5.77242 -1.71997 
v -0.817767 5.28904 -1.71997 
v -0.805599 4.42656 0.890161 
v -0.69761 4.21025 0.751452 
v -0.805599 4.21025 0.751452 
v -0.805599 4.43105 1.00715 
v -0.69761 4.43105 1.00715 
v -0.805599 4.37697 0.972477 
v -0.805599 4.45017 1.1162 
v -0.69761 4.38707 1.07574 
v -0.805599 4.38707 1.07574 
v -0.69761 3.79701 0.56279 
v -0.69761 3.76233 0.61687 
v -0.69761 3.6544 0.666182 
v -0.69761 4.08681 0.824934 
v 0.0997963 3.68457 2.46131 
v -0.0913305 3.60019 2.51519 
v -0.0397377 3.68457 2.46131 
v -0.69761 4.17557 0.805532 
v -0.69761 4.42656 0.890161 
v -0.718602 4.75621 -1.71997 
v -0.0129897 5.8083 -1.71997 
v 0.07167 5.8083 -1.71997 
v -0.69761 4.37697 0.972477 
v -0.69761 4.45017 1.1162 
v -0.0717006 5.55567 -1.83974 
v -0.0717006 5.48283 -1.83974 
v -0.111568 5.5227 -1.83974 
v -0.718602 5.77242 -1.71997 
v -0.718602 5.28904 -1.71997 
v -0.817767 5.77242 -1.71997 
v -0.718602 5.77242 -1.71997 
v -0.51929 6.03517 -1.71997 
v -0.114313 5.93679 -1.71997 
v -0.718602 5.77242 -1.71997 
v -0.899695 5.93207 -1.28217 
v -0.868706 5.97986 -1.29317 
v -0.902104 5.86392 -1.28131 
v -0.718602 6.03517 -1.71997 
v -0.51929 6.03517 -1.71997 
v -0.868706 5.97986 -1.29317 
v -0.898266 6.07211 -1.28268 
v -0.808992 6.00751 -1.31438 
v -0.51929 6.03517 -1.71997 
v -0.51929 6.09993 -1.71997 
v -0.437922 6.10016 -1.71997 
v -0.868706 5.97986 -1.29317 
v -0.808992 6.00751 -1.31438 
v -0.902104 5.86392 -1.28131 
v -0.867228 6.11998 -1.2937 
v -0.898266 6.07211 -1.28268 
v -0.943656 6.105 -1.26656 
v -0.215636 6.03436 -1.71997 
v -0.0717006 5.55567 -1.83974 
v -0.111568 5.5227 -1.83974 
v -0.111568 5.59554 -1.83974 
v -0.0717006 5.55567 -1.93463 
v 0.131759 5.55567 -1.93463 
v -0.0717006 5.48283 -1.93463 
v 0.131759 5.55567 -1.83974 
v -0.0717006 5.55567 -1.83974 
v -0.111568 5.59554 -1.83974 
v -0.114313 5.93679 -1.71997 
v -0.0129897 5.8083 -1.71997 
v -0.114313 5.93679 -1.71997 
v -0.0129897 5.93679 -1.71997 
v -0.114313 5.93679 -1.71997 
v -0.51929 6.03517 -1.71997 
v -0.215636 6.03436 -1.71997 
v -0.215636 6.03436 -1.71997 
v -0.114313 6.03436 -1.71997 
v -0.114313 5.93679 -1.71997 
v -0.215636 6.15961 -1.71997 
v -0.437922 6.15961 -1.71997 
v -0.868706 5.97986 -1.29317 
v -0.974693 6.05713 -1.25554 
v -0.898266 6.07211 -1.28268 
v -1.42006 6.37831 -1.09738 
v -1.32985 6.31243 -1.12941 
v -1.40628 6.29745 -1.10227 
v -1.32985 6.31243 -1.12941 
v -1.3607 6.26486 -1.11846 
v -1.40628 6.29745 -1.10227 
v -1.43732 6.24959 -1.09125 
v -1.40628 6.29745 -1.10227 
v -1.3607 6.26486 -1.11846 
v -1.40628 6.29745 -1.10227 
v -1.49649 6.36332 -1.07024 
v -1.42006 6.37831 -1.09738 
v -1.26772 6.40825 -1.15148 
v -1.29905 6.35993 -1.14035 
v -1.31317 6.44104 -1.13534 
v -1.40337 6.50691 -1.1033 
v -1.31317 6.44104 -1.13534 
v -1.38926 6.42581 -1.10832 
v -1.31317 6.44104 -1.13534 
v -1.29905 6.35993 -1.14035 
v -1.38926 6.42581 -1.10832 
v -1.40337 6.50691 -1.1033 
v -1.38926 6.42581 -1.10832 
v -1.42006 6.37831 -1.09738 
v -1.49649 6.36332 -1.07024 
v -1.40337 6.50691 -1.1033 
v -1.42006 6.37831 -1.09738 
v -1.26772 6.40825 -1.15148 
v -1.31317 6.44104 -1.13534 
v -1.28213 6.4889 -1.14636 
v -0.974693 6.05713 -1.25554 
v -0.943656 6.105 -1.26656 
v -0.898266 6.07211 -1.28268 
v -1.00254 6.21879 -1.24565 
v -0.867228 6.11998 -1.2937 
v -0.943656 6.105 -1.26656 
v -1.3607 6.26486 -1.11846 
v -0.899695 5.93207 -1.28217 
v -0.902104 5.86392 -1.28131 
v -0.902104 5.86392 -1.28131 
v -1.43732 6.24959 -1.09125 
v -1.3607 6.26486 -1.11846 
v -0.943656 6.105 -1.26656 
v -1.07896 6.2038 -1.21851 
v -1.00254 6.21879 -1.24565 
v -1.07896 6.2038 -1.21851 
v -1.04822 6.25121 -1.22942 
v -1.00254 6.21879 -1.24565 
v -0.971498 6.26665 -1.25667 
v -1.00254 6.21879 -1.24565 
v -1.04822 6.25121 -1.22942 
v -1.28213 6.4889 -1.14636 
v -0.971498 6.26665 -1.25667 
v -1.04822 6.25121 -1.22942 
v -1.04822 6.25121 -1.22942 
v -1.26772 6.40825 -1.15148 
v -1.28213 6.4889 -1.14636 
v 0.778661 4.75621 -1.71997 
v -0.718602 4.75621 -1.71997 
v 0.07167 5.8083 -1.71997 
v 0.173847 5.30616 -1.93463 
v 0.146726 5.25283 -1.91349 
v 0.277388 2.7004 -1.71997 
v 0.213714 5.30624 -1.83974 
v 0.173847 5.30616 -1.83974 
v 0.173847 5.48283 -1.83974 
v 0.131759 5.48283 -1.93463 
v 0.173847 5.48283 -1.93463 
v 0.173847 5.48283 -1.83974 
v 0.131759 5.48283 -1.83974 
v 0.171626 5.5227 -1.83974 
v 0.171626 5.5227 -1.83974 
v 0.213714 5.5227 -1.83974 
v 0.173847 5.48283 -1.83974 
v 0.213714 5.5227 -1.83974 
v 0.49798 2.79753 -1.71997 
v 0.778661 3.14059 -1.71997 
v 0.778661 2.95066 -1.71997 
v 0.49798 2.95066 -1.71997 
v 0.949602 4.44793 -1.71997 
v 0.949602 3.29014 -1.71997 
v 1.16502 3.29014 -1.71997 
v 1.16502 4.44793 -1.71997 
v 0.949602 4.44793 -1.71997 
v 0.778661 4.75621 -1.71997 
v 0.949602 4.75621 -1.71997 
v 0.949602 3.29014 -1.71997 
v 0.949602 3.14059 -1.71997 
v 0.778661 3.14059 -1.71997 
v 0.757669 3.95925 0.666822 
v 0.865658 3.79701 0.56279 
v 0.757669 3.79701 0.56279 
v 0.757669 3.76233 0.61687 
v 0.865658 3.76233 0.61687 
v 0.757669 3.70825 0.582192 
v 0.865658 4.08681 0.824934 
v 0.757669 3.92457 0.720902 
v 0.757669 4.08681 0.824934 
v 0.151389 3.60019 2.51519 
v 0.757669 4.17557 0.805532 
v 0.865658 4.17557 0.805532 
v 0.757669 4.12149 0.770854 
v 0.07167 5.8083 -1.71997 
v 0.778661 5.28904 -1.71997 
v 0.778661 4.75621 -1.71997 
v 0.757669 4.21025 0.751452 
v 0.757669 4.42656 0.890161 
v 0.865658 4.42656 0.890161 
v 0.757669 4.43105 1.00715 
v 0.865658 4.37697 0.972477 
v 0.757669 4.37697 0.972477 
v 0.757669 4.45017 1.1162 
v 0.865658 4.45017 1.1162 
v 0.757669 4.38707 1.07574 
v 0.865658 3.6544 0.666182 
v 0.757669 3.5843 0.621231 
v 0.757669 3.6544 0.666182 
v 0.865658 3.70825 0.582192 
v 0.865658 3.95925 0.666822 
v 0.865658 3.5843 0.621231 
v 0.865658 3.92457 0.720902 
v 0.865658 4.12149 0.770854 
v 0.778661 5.77242 -1.71997 
v 0.877826 5.28904 -1.71997 
v 0.778661 5.28904 -1.71997 
v 0.865658 4.21025 0.751452 
v 0.865658 4.43105 1.00715 
v 0.865658 4.38707 1.07574 
v 0.131759 5.48283 -1.83974 
v 0.131759 5.55567 -1.83974 
v 0.171626 5.5227 -1.83974 
v -0.111568 5.59554 -1.83974 
v 0.171626 5.59554 -1.83974 
v 0.131759 5.55567 -1.83974 
v 0.171626 5.59554 -1.83974 
v 0.171626 5.5227 -1.83974 
v 0.131759 5.55567 -1.83974 
v 0.778661 5.77242 -1.71997 
v 0.07167 5.8083 -1.71997 
v 0.172993 5.93679 -1.71997 
v 0.07167 5.8083 -1.71997 
v 0.07167 5.93679 -1.71997 
v 0.172993 5.93679 -1.71997 
v 0.172993 6.03436 -1.71997 
v 0.274317 6.03436 -1.71997 
v 0.579348 6.03517 -1.71997 
v 0.49798 6.10016 -1.71997 
v 0.274317 6.15961 -1.71997 
v 0.49798 6.15961 -1.71997 
v 0.778661 5.77242 -1.71997 
v 0.778661 5.28904 -1.71997 
v 0.07167 5.8083 -1.71997 
v 0.778661 5.77242 -1.71997 
v 0.877826 5.77242 -1.71997 
v 0.877826 5.28904 -1.71997 
v 0.778661 6.03517 -1.71997 
v 0.962162 5.86392 -1.28131 
v 0.928764 5.97986 -1.29317 
v 0.959753 5.93207 -1.28217 
v 0.962162 5.86392 -1.28131 
v 0.86905 6.00751 -1.31438 
v 0.928764 5.97986 -1.29317 
v 0.49798 6.10016 -1.71997 
v 0.579349 6.09993 -1.71997 
v 0.579348 6.03517 -1.71997 
v 0.86905 6.00751 -1.31438 
v 0.958324 6.07211 -1.28268 
v 0.928764 5.97986 -1.29317 
v 0.958324 6.07211 -1.28268 
v 0.927287 6.11998 -1.2937 
v 1.00371 6.105 -1.26656 
v 1.03475 6.05713 -1.25554 
v 0.928764 5.97986 -1.29317 
v 0.958324 6.07211 -1.28268 
v 0.927287 6.11998 -1.2937 
v 1.06259 6.21879 -1.24565 
v 1.00371 6.105 -1.26656 
v 1.00371 6.105 -1.26656 
v 1.03475 6.05713 -1.25554 
v 0.958324 6.07211 -1.28268 
v 1.13902 6.2038 -1.21851 
v 1.00371 6.105 -1.26656 
v 1.06259 6.21879 -1.24565 
v 0.959753 5.93207 -1.28217 
v 1.42076 6.26486 -1.11846 
v 0.962162 5.86392 -1.28131 
v 1.49738 6.24959 -1.09125 
v 0.962162 5.86392 -1.28131 
v 1.42076 6.26486 -1.11846 
v 1.10828 6.25121 -1.22942 
v 1.13902 6.2038 -1.21851 
v 1.06259 6.21879 -1.24565 
v 1.06259 6.21879 -1.24565 
v 1.03156 6.26665 -1.25667 
v 1.10828 6.25121 -1.22942 
v 1.03156 6.26665 -1.25667 
v 1.34219 6.4889 -1.14636 
v 1.10828 6.25121 -1.22942 
v 1.34219 6.4889 -1.14636 
v 1.32778 6.40825 -1.15148 
v 1.10828 6.25121 -1.22942 
v 1.32778 6.40825 -1.15148 
v 1.34219 6.4889 -1.14636 
v 1.37323 6.44104 -1.13534 
v 1.32778 6.40825 -1.15148 
v 1.37323 6.44104 -1.13534 
v 1.35911 6.35993 -1.14035 
v 1.42076 6.26486 -1.11846 
v 1.38991 6.31243 -1.12941 
v 1.46634 6.29745 -1.10227 
v 1.38991 6.31243 -1.12941 
v 1.48012 6.37831 -1.09738 
v 1.46634 6.29745 -1.10227 
v 1.46634 6.29745 -1.10227 
v 1.49738 6.24959 -1.09125 
v 1.42076 6.26486 -1.11846 
v 1.48012 6.37831 -1.09738 
v 1.55654 6.36332 -1.07024 
v 1.46634 6.29745 -1.10227 
v 1.48012 6.37831 -1.09738 
v 1.44931 6.42581 -1.10832 
v 1.55654 6.36332 -1.07024 
v 1.35911 6.35993 -1.14035 
v 1.37323 6.44104 -1.13534 
v 1.44931 6.42581 -1.10832 
v 1.37323 6.44104 -1.13534 
v 1.46343 6.50691 -1.1033 
v 1.44931 6.42581 -1.10832 
v 1.44931 6.42581 -1.10832 
v 1.46343 6.50691 -1.1033 
v 1.55654 6.36332 -1.07024 

vn 1 0 0 
vn 1 0 0 
vn 1 0 0 
vn 0.944882 0.125984 -0.299213 
vn 0.952756 0.11811 -0.275591 
vn 0.850394 0.204724 -0.488189 
vn 1 0 0 
vn 1 0 0 
vn 1 0 0 
vn 1 0 0 
vn 1 0 0 
vn 1 0 0 
vn 1 0 0 
vn 0.850394 0.204724 -0.488189 
vn 0.992126 -0.023622 0.133858 
vn 0.818898 -0.173228 0.551181 
vn 0.874016 -0.0944882 0.472441 
vn 0.755906 -0.133858 0.637795 
vn 0.992126 -0.0551181 0.125984 
vn 1 0 0 
vn 1 0 0 
vn 1 0 0 
vn 1 0 0 
vn 1 0 0 
vn 1 0 0 
vn 1 0 0 
vn 1 0 0 
vn 1 0 0 
vn 1 0 0 
vn 1 0 0 
vn 1 0 0 
vn 1 0 0 
vn 1 0 0 
vn 1 0 0 
vn 1 0 0 
vn 1 0 0 
vn 1 0 0 
vn 1 0 0 
vn 1 0 0 
vn 1 0 0 
vn 1 0 0 
vn 1 0 0 
vn 1 0 0 
vn 1 0 0 
vn 1 0 0 
vn 1 0 0 
vn 1 0 0 
vn 1 0 0 
vn 1 0 0 
vn 1 0 0 
vn 1 0 0 
vn 1 0 0 
vn 1 0 0 
vn 1 0 0 
vn 1 0 0 
vn 1 0 0 
vn 1 0 0 
vn 1 0 0 
vn 1 0 0 
vn 1 0 0 
vn 1 0 0 
vn 1 0 0 
vn 1 0 0 
vn 1 0 0 
vn 1 0 0 
vn 1 0 0 
vn 1 0 0 
vn 1 0 0 
vn 1 0 0 
vn 1 0 0 
vn 1 0 0 
vn 1 0 0 
vn 1 0 0 
vn 1 0 0 
vn 1 0 0 
vn 1 0 0 
vn 1 0 0 
vn 1 0 0 
vn 1 0 0 
vn 1 0 0 
vn 1 0 0 
vn 1 0 0 
vn 1 0 0 
vn 1 0 0 
vn 1 0 0 
vn 1 0 0 
vn 1 0 0 
vn 1 0 0 
vn 1 0 0 
vn 1 0 0 
vn 1 0 0 
vn 1 0 0 
vn 1 0 0 
vn 1 0 0 
vn 0 0.84252 0.543307 
vn 0 0.84252 0.543307 
vn 0 0.84252 0.543307 
vn 0 0.84252 0.543307 
vn 0 0.84252 0.543307 
vn 0 0.84252 0.543307 
vn 0 0.84252 0.543307 
vn 0 0.84252 0.543307 
vn 0 0.84252 0.543307 
vn 0 0.84252 0.543307 
vn 0 0.84252 0.543307 
vn 0 0.84252 0.543307 
vn 0 0.84252 0.543307 
vn 0 0.84252 0.543307 
vn 0 0.834646 0.559055 
vn 0 0.834646 0.559055 
vn 0 0.834646 0.559055 
vn 0 0.84252 0.543307 
vn 0 0.834646 0.559055 
vn 0 0.787402 0.614173 
vn 0 0.787402 0.614173 
vn 0 0.984252 0.181102 
vn 0 0.984252 0.181102 
vn 0 0.992126 -0.110236 
vn 0 0.84252 0.543307 
vn 0 1 0 
vn 0 1 0 
vn 0 1 0 
vn 0 1 0 
vn 0 1 0 
vn 0 1 0 
vn 0 1 0 
vn 0 1 0 
vn 0 1 0 
vn 0 1 0 
vn 0 1 0 
vn 0 1 0 
vn 0 1 0 
vn 0 1 0 
vn 0 0.84252 0.543307 
vn 0 0.84252 0.543307 
vn 0 0.84252 0.543307 
vn 0 0.858268 0.519685 
vn 0 0.858268 0.519685 
vn 0 0.858268 0.519685 
vn 0 0.858268 0.519685 
vn 0 0.84252 0.543307 
vn 0 0.582677 0.811024 
vn 0 0.582677 0.811024 
vn 0 0.771654 0.637795 
vn 0 0.84252 0.543307 
vn 0 0.84252 0.543307 
vn 0 0.84252 0.543307 
vn 0 0.84252 0.543307 
vn 0 0.84252 0.543307 
vn 0 0.84252 0.543307 
vn 0 0.84252 0.543307 
vn 0 0.84252 0.543307 
vn 0 0.84252 0.543307 
vn 0 0.84252 0.543307 
vn 0 0.84252 0.543307 
vn 0 0.84252 0.543307 
vn 0 0.84252 0.543307 
vn 0 0.84252 0.543307 
vn 0 0.992126 -0.110236 
vn 0 0.834646 0.559055 
vn 0 0.834646 0.559055 
vn 0 0.834646 0.559055 
vn 0 0.834646 0.559055 
vn 0 0.84252 0.543307 
vn 0 0.84252 0.543307 
vn 0 1 0 
vn 0 1 0 
vn 0 1 0 
vn 0 1 0 
vn 0 1 0 
vn 0 1 0 
vn 0 1 0 
vn 0 1 0 
vn 0 1 0 
vn 0 1 0 
vn 0 0.858268 0.519685 
vn 0 0.858268 0.519685 
vn 0 0.858268 0.519685 
vn 0 0.84252 0.543307 
vn 0 0.84252 0.543307 
vn 0 0.84252 0.543307 
vn 0 0.858268 0.519685 
vn 0 0.84252 0.543307 
vn 0 -0.543307 0.84252 
vn 0 -0.543307 0.84252 
vn 0 -0.543307 0.84252 
vn 0 -0.543307 0.84252 
vn 0 -0.543307 0.84252 
vn 0 -0.543307 0.84252 
vn 0 -0.543307 0.84252 
vn 0 -0.543307 0.84252 
vn 0 -0.543307 0.84252 
vn 0 -0.543307 0.84252 
vn 0 -0.543307 0.84252 
vn 0 -0.543307 0.84252 
vn 0 -0.543307 0.84252 
vn 0 -0.543307 0.84252 
vn 0 -0.543307 0.84252 
vn 0 0.582677 0.811024 
vn 0 0.787402 0.614173 
vn 0 0.582677 0.811024 
vn 0 -0.543307 0.84252 
vn 0 -0.543307 0.84252 
vn 0 -0.543307 0.84252 
vn 0 -0.543307 0.84252 
vn 0 -0.543307 0.84252 
vn 0 -0.543307 0.84252 
vn 0 -0.543307 0.84252 
vn 0 -0.543307 0.84252 
vn 0 -0.543307 0.84252 
vn 0 -0.543307 0.84252 
vn 0 -0.543307 0.84252 
vn 0 -0.543307 0.84252 
vn 0 -0.543307 0.84252 
vn 0 -0.543307 0.84252 
vn 0 -0.543307 0.84252 
vn 0 -0.543307 0.84252 
vn 0 -0.543307 0.84252 
vn 0 0.787402 0.614173 
vn 0 -0.543307 0.84252 
vn 0 -0.543307 0.84252 
vn 0 -0.543307 0.84252 
vn 0 -0.543307 0.84252 
vn 0 -0.543307 0.84252 
vn 0 -0.543307 0.84252 
vn 0 -0.543307 0.84252 
vn 0 -0.543307 0.84252 
vn 0 -0.543307 0.84252 
vn 0 -0.543307 0.84252 
vn 0 -0.543307 0.84252 
vn 0 -0.543307 0.84252 
vn 0 -0.543307 0.84252 
vn 0 -0.543307 0.84252 
vn 0 -0.543307 0.84252 
vn 0 -0.543307 0.84252 
vn 0 -0.543307 0.84252 
vn 0 -0.543307 0.84252 
vn 0 -0.543307 0.84252 
vn 0 -0.543307 0.84252 
vn 0 -0.543307 0.84252 
vn 0 -0.543307 0.84252 
vn 0 -0.543307 0.84252 
vn 0 -0.543307 0.84252 
vn 0 -0.543307 0.84252 
vn 0 -0.543307 0.84252 
vn 0 -0.543307 0.84252 
vn 0 -0.543307 0.84252 
vn 0 -0.543307 0.84252 
vn 0 -0.543307 0.84252 
vn 0 -0.543307 0.84252 
vn 0 -0.543307 0.84252 
vn -1 0 0 
vn -1 0 0 
vn -1 0 0 
vn -1 0 0 
vn -1 0 0 
vn -1 0 0 
vn -1 0 0 
vn -1 0 0 
vn -1 0 0 
vn -1 0 0 
vn -1 0 0 
vn -1 0 0 
vn -1 0 0 
vn -1 0 0 
vn -1 0 0 
vn -1 0 0 
vn -1 0 0 
vn -1 0 0 
vn -1 0 0 
vn -1 0 0 
vn -1 0 0 
vn -1 0 0 
vn -1 0 0 
vn -1 0 0 
vn -1 0 0 
vn -1 0 0 
vn -1 0 0 
vn -1 0 0 
vn -1 0 0 
vn -1 0 0 
vn -1 0 0 
vn -1 0 0 
vn -1 0 0 
vn -1 0 0 
vn -1 0 0 
vn -1 0 0 
vn -1 0 0 
vn -1 0 0 
vn -1 0 0 
vn -1 0 0 
vn -1 0 0 
vn -1 0 0 
vn -1 0 0 
vn -1 0 0 
vn -1 0 0 
vn -1 0 0 
vn -1 0 0 
vn -1 0 0 
vn -1 0 0 
vn -1 0 0 
vn -1 0 0 
vn -1 0 0 
vn -1 0 0 
vn -1 0 0 
vn -1 0 0 
vn -1 0 0 
vn -0.952756 0.11811 -0.275591 
vn -0.944882 0.125984 -0.299213 
vn -0.850394 0.204724 -0.488189 
vn -1 0 0 
vn -1 0 0 
vn -1 0 0 
vn -0.850394 0.204724 -0.488189 
vn -0.992126 -0.023622 0.133858 
vn -0.992126 -0.0551181 0.125984 
vn -0.818898 -0.173228 0.551181 
vn -0.874016 -0.0944882 0.472441 
vn -0.755906 -0.133858 0.637795 
vn -1 0 0 
vn -1 0 0 
vn -1 0 0 
vn -1 0 0 
vn -1 0 0 
vn -1 0 0 
vn -1 0 0 
vn -1 0 0 
vn -1 0 0 
vn -1 0 0 
vn -1 0 0 
vn -1 0 0 
vn -1 0 0 
vn -1 0 0 
vn -1 0 0 
vn -1 0 0 
vn -1 0 0 
vn -1 0 0 
vn -1 0 0 
vn -1 0 0 
vn -1 0 0 
vn -1 0 0 
vn 0 -0.84252 -0.543307 
vn 0 -0.84252 -0.543307 
vn 0 -0.84252 -0.543307 
vn 0 -0.84252 -0.543307 
vn 0 -0.84252 -0.543307 
vn 0 -0.84252 -0.543307 
vn 0 -0.84252 -0.543307 
vn 0 -0.84252 -0.543307 
vn 0 -0.84252 -0.543307 
vn 0 -0.84252 -0.543307 
vn 0 -0.84252 -0.543307 
vn 0 -0.84252 -0.543307 
vn 0 -0.84252 -0.543307 
vn 0 -0.84252 -0.543307 
vn 0 -0.84252 -0.543307 
vn 0 -0.84252 -0.543307 
vn 0 -0.84252 -0.543307 
vn 0 -0.84252 -0.543307 
vn 0 -0.84252 -0.543307 
vn 0 -0.84252 -0.543307 
vn 0 -0.84252 -0.543307 
vn 0 -0.84252 -0.543307 
vn 0 -0.84252 -0.543307 
vn 0 -0.929134 -0.362205 
vn 0 -0.968504 0.23622 
vn 0 -0.929134 -0.362205 
vn 0 -0.685039 -0.724409 
vn 0 -0.685039 -0.724409 
vn 0 -0.84252 -0.543307 
vn 0 -1 0 
vn 0 -1 0 
vn 0 -1 0 
vn 0 -1 0 
vn 0 -1 0 
vn 0 -1 0 
vn 0 -1 0 
vn 0 -1 0 
vn 0 -1 0 
vn 0 -1 0 
vn 0 -1 0 
vn 0 -1 0 
vn 0 -1 0 
vn 0 -1 0 
vn 0 -1 0 
vn 0 -1 0 
vn 0 -0.84252 -0.543307 
vn 0 -0.84252 -0.543307 
vn 0 -0.84252 -0.543307 
vn 0 -0.84252 -0.543307 
vn 0 -0.84252 -0.543307 
vn 0 -0.84252 -0.543307 
vn 0 -0.84252 -0.543307 
vn 0 -0.84252 -0.543307 
vn 0 -0.84252 -0.543307 
vn 0 -0.84252 -0.543307 
vn 0 -0.84252 -0.543307 
vn 0 -0.84252 -0.543307 
vn 0 -0.968504 0.23622 
vn 0 -0.787402 0.614173 
vn 0 -0.84252 -0.543307 
vn 0 -0.84252 -0.543307 
vn 0 -0.84252 -0.543307 
vn 0 -0.84252 -0.543307 
vn 0 -0.84252 -0.543307 
vn 0 -0.84252 -0.543307 
vn 0 -0.84252 -0.543307 
vn 0 -0.84252 -0.543307 
vn 0 -0.84252 -0.543307 
vn 0 -0.84252 -0.543307 
vn 0 -0.84252 -0.543307 
vn 0 -0.84252 -0.543307 
vn 0 -0.84252 -0.543307 
vn 0 -0.84252 -0.543307 
vn 0 -0.84252 -0.543307 
vn 0 -0.84252 -0.543307 
vn 0 -0.84252 -0.543307 
vn 0 -0.84252 -0.543307 
vn 0 -0.84252 -0.543307 
vn 0 -0.84252 -0.543307 
vn 0 -0.84252 -0.543307 
vn 0 -0.84252 -0.543307 
vn 0 -0.84252 -0.543307 
vn 0 -0.84252 -0.543307 
vn 0 -1 0 
vn 0 -1 0 
vn 0 -1 0 
vn 0 -1 0 
vn 0 -1 0 
vn 0 -1 0 
vn 0 -1 0 
vn 0 -1 0 
vn 0 -1 0 
vn 0 -1 0 
vn 0 -1 0 
vn 0 -1 0 
vn 0 -1 0 
vn 0 -1 0 
vn 0 -0.84252 -0.543307 
vn 0 -0.84252 -0.543307 
vn 0 -0.84252 -0.543307 
vn 0 -0.84252 -0.543307 
vn 0 -0.84252 -0.543307 
vn 0 -0.84252 -0.543307 
vn 0 -0.84252 -0.543307 
vn 0 -0.84252 -0.543307 
vn 0 -0.84252 -0.543307 
vn 0 -0.84252 -0.543307 
vn 0 -0.84252 -0.543307 
vn 0 -0.84252 -0.543307 
vn 0 0 -1 
vn 0 0 -1 
vn 0 0 -1 
vn 0 0 -1 
vn 0 0 -1 
vn 0 0 -1 
vn 0 0 -1 
vn 0 0 -1 
vn 0 0 -1 
vn 0 0 -1 
vn 0 0 -1 
vn 0 0 -1 
vn 0 0 -1 
vn 0 0 -1 
vn 0 0 -1 
vn 0 0 -1 
vn 0 0 -1 
vn 0 0 -1 
vn 0 0 -1 
vn 0 0 -1 
vn 0 0 -1 
vn 0 0 -1 
vn 0 0 -1 
vn 0 0 -1 
vn 0 0 -1 
vn 0 0 -1 
vn 0 0 -1 
vn 0 0 -1 
vn 0 0 -1 
vn 0 0 -1 
vn 0 0 -1 
vn 0 0 -1 
vn 0 0 -1 
vn 0 0 -1 
vn 0 0 -1 
vn 0 0 -1 
vn 0 0 -1 
vn 0 0 -1 
vn 0 0 -1 
vn 0 0 -1 
vn 0 0.543307 -0.84252 
vn 0 0.543307 -0.84252 
vn 0 0.543307 -0.84252 
vn 0 0.543307 -0.84252 
vn 0 0.543307 -0.84252 
vn 0 0.543307 -0.84252 
vn 0 0.543307 -0.84252 
vn 0 0.543307 -0.84252 
vn 0 0.543307 -0.84252 
vn 0 0.543307 -0.84252 
vn 0 0.543307 -0.84252 
vn 0 0.543307 -0.84252 
vn 0 0.543307 -0.84252 
vn 0 0.543307 -0.84252 
vn 0 0.543307 -0.84252 
vn 0 0 -1 
vn 0 0 -1 
vn 0 0.543307 -0.84252 
vn 0 0.543307 -0.84252 
vn 0 0.543307 -0.84252 
vn 0 0.543307 -0.84252 
vn 0 0.543307 -0.84252 
vn 0 0.543307 -0.84252 
vn 0 0.543307 -0.84252 
vn 0 0.543307 -0.84252 
vn 0 0.543307 -0.84252 
vn 0 0.543307 -0.84252 
vn 0 0.543307 -0.84252 
vn 0 0.543307 -0.84252 
vn 0 0.543307 -0.84252 
vn 0 -0.535433 -0.84252 
vn 0 -0.685039 -0.724409 
vn 0 -0.535433 -0.84252 
vn 0 0.543307 -0.84252 
vn 0 0.543307 -0.84252 
vn 0 0 -1 
vn 0 0 -1 
vn 0 0 -1 
vn 0 0.543307 -0.84252 
vn 0 0.543307 -0.84252 
vn 0 0 -1 
vn 0 0 -1 
vn 0 0 -1 
vn 0 0 -1 
vn 0 0 -1 
vn 0 0 -1 
vn 0 0 -1 
vn 0 0 -1 
vn 0 0 -1 
vn 0 0 -1 
vn -0.330709 0 -0.944882 
vn -0.330709 0 -0.944882 
vn -0.330709 0 -0.944882 
vn 0 0 -1 
vn 0 0 -1 
vn -0.330709 0 -0.944882 
vn -0.330709 0 -0.944882 
vn -0.330709 0 -0.944882 
vn 0 0 -1 
vn 0 0 -1 
vn 0 0 -1 
vn -0.330709 0 -0.944882 
vn -0.330709 0 -0.944882 
vn -0.330709 0 -0.944882 
vn -0.330709 0 -0.944882 
vn -0.330709 0 -0.944882 
vn -0.330709 0 -0.944882 
vn 0 0 -1 
vn 0 0 -1 
vn 0 0 -1 
vn 0 0 -1 
vn 0 0 -1 
vn 0 0 -1 
vn 0 0 -1 
vn 0 0 -1 
vn 0 0 -1 
vn 0 0 -1 
vn 0 0 -1 
vn 0 0 -1 
vn 0 0 -1 
vn 0 0 -1 
vn 0 0 -1 
vn 0 0 -1 
vn 0 0 -1 
vn 0 0 -1 
vn 0 0 -1 
vn 0 0 -1 
vn 0 0 -1 
vn 0 0 -1 
vn -0.330709 0 -0.944882 
vn -0.330709 0 -0.944882 
vn -0.330709 0 -0.944882 
vn -0.330709 0 -0.944882 
vn -0.330709 0 -0.944882 
vn -0.330709 0 -0.944882 
vn -0.330709 0 -0.944882 
vn -0.330709 0 -0.944882 
vn -0.330709 0 -0.944882 
vn -0.330709 0 -0.944882 
vn -0.330709 0 -0.944882 
vn -0.330709 0 -0.944882 
vn -0.330709 0 -0.944882 
vn -0.330709 0 -0.944882 
vn -0.330709 0 -0.944882 
vn -0.330709 0 -0.944882 
vn -0.330709 0 -0.944882 
vn -0.330709 0 -0.944882 
vn -0.330709 0 -0.944882 
vn -0.330709 0 -0.944882 
vn -0.330709 0 -0.944882 
vn -0.330709 0 -0.944882 
vn -0.330709 0 -0.944882 
vn -0.330709 0 -0.944882 
vn -0.330709 0 -0.944882 
vn -0.330709 0 -0.944882 
vn -0.330709 0 -0.944882 
vn -0.330709 0 -0.944882 
vn -0.330709 0 -0.944882 
vn -0.330709 0 -0.944882 
vn -0.330709 0 -0.944882 
vn -0.330709 0 -0.944882 
vn -0.330709 0 -0.944882 
vn -0.330709 0 -0.944882 
vn -0.330709 0 -0.944882 
vn -0.330709 0 -0.944882 
vn -0.330709 0 -0.944882 
vn -0.330709 0 -0.944882 
vn -0.330709 0 -0.944882 
vn -0.330709 0 -0.944882 
vn -0.330709 0 -0.944882 
vn -0.330709 0 -0.944882 
vn -0.330709 0 -0.944882 
vn -0.330709 0 -0.944882 
vn -0.330709 0 -0.944882 
vn -0.330709 0 -0.944882 
vn -0.330709 0 -0.944882 
vn -0.330709 0 -0.944882 
vn -0.330709 0 -0.944882 
vn -0.330709 0 -0.944882 
vn -0.330709 0 -0.944882 
vn -0.330709 0 -0.944882 
vn -0.330709 0 -0.944882 
vn -0.330709 0 -0.944882 
vn -0.330709 0 -0.944882 
vn -0.330709 0 -0.944882 
vn -0.330709 0 -0.944882 
vn -0.330709 0 -0.944882 
vn -0.330709 0 -0.944882 
vn -0.330709 0 -0.944882 
vn 0 0 -1 
vn 0 0 -1 
vn 0 0 -1 
vn 0 0 -1 
vn 0 0 -1 
vn 0 0 -1 
vn 0 0 -1 
vn 0 0 -1 
vn 0 0 -1 
vn 0 0 -1 
vn 0 0 -1 
vn 0 0 -1 
vn 0 0 -1 
vn 0 0 -1 
vn 0 0 -1 
vn 0 0 -1 
vn 0 0 -1 
vn 0 0 -1 
vn 0 0 -1 
vn 0 0 -1 
vn 0 0 -1 
vn 0 0 -1 
vn 0 0 -1 
vn 0 0 -1 
vn 0 0 -1 
vn 0 0 -1 
vn 0 0 -1 
vn 0 0 -1 
vn 0 0 -1 
vn 0 0 -1 
vn 0 0 -1 
vn 0 0 -1 
vn 0 0.543307 -0.84252 
vn 0 0.543307 -0.84252 
vn 0 0.543307 -0.84252 
vn 0 0.543307 -0.84252 
vn 0 0.543307 -0.84252 
vn 0 0.543307 -0.84252 
vn 0 0.543307 -0.84252 
vn 0 0.543307 -0.84252 
vn 0 0.543307 -0.84252 
vn 0 -0.685039 -0.724409 
vn 0 0.543307 -0.84252 
vn 0 0.543307 -0.84252 
vn 0 0.543307 -0.84252 
vn 0 0 -1 
vn 0 0 -1 
vn 0 0 -1 
vn 0 0.543307 -0.84252 
vn 0 0.543307 -0.84252 
vn 0 0.543307 -0.84252 
vn 0 0.543307 -0.84252 
vn 0 0.543307 -0.84252 
vn 0 0.543307 -0.84252 
vn 0 0.543307 -0.84252 
vn 0 0.543307 -0.84252 
vn 0 0.543307 -0.84252 
vn 0 0.543307 -0.84252 
vn 0 0.543307 -0.84252 
vn 0 0.543307 -0.84252 
vn 0 0.543307 -0.84252 
vn 0 0.543307 -0.84252 
vn 0 0.543307 -0.84252 
vn 0 0.543307 -0.84252 
vn 0 0.543307 -0.84252 
vn 0 0 -1 
vn 0 0 -1 
vn 0 0 -1 
vn 0 0.543307 -0.84252 
vn 0 0.543307 -0.84252 
vn 0 0.543307 -0.84252 
vn 0 0 -1 
vn 0 0 -1 
vn 0 0 -1 
vn 0 0 -1 
vn 0 0 -1 
vn 0 0 -1 
vn 0 0 -1 
vn 0 0 -1 
vn 0 0 -1 
vn 0 0 -1 
vn 0 0 -1 
vn 0 0 -1 
vn 0 0 -1 
vn 0 0 -1 
vn 0 0 -1 
vn 0 0 -1 
vn 0 0 -1 
vn 0 0 -1 
vn 0 0 -1 
vn 0 0 -1 
vn 0 0 -1 
vn 0 0 -1 
vn 0 0 -1 
vn 0 0 -1 
vn 0 0 -1 
vn 0 0 -1 
vn 0 0 -1 
vn 0 0 -1 
vn 0.330709 0 -0.944882 
vn 0.330709 0 -0.944882 
vn 0.330709 0 -0.944882 
vn 0.330709 0 -0.944882 
vn 0.330709 0 -0.944882 
vn 0.330709 0 -0.944882 
vn 0 0 -1 
vn 0 0 -1 
vn 0 0 -1 
vn 0.330709 0 -0.944882 
vn 0.330709 0 -0.944882 
vn 0.330709 0 -0.944882 
vn 0.330709 0 -0.944882 
vn 0.330709 0 -0.944882 
vn 0.330709 0 -0.944882 
vn 0.330709 0 -0.944882 
vn 0.330709 0 -0.944882 
vn 0.330709 0 -0.944882 
vn 0.330709 0 -0.944882 
vn 0.330709 0 -0.944882 
vn 0.330709 0 -0.944882 
vn 0.330709 0 -0.944882 
vn 0.330709 0 -0.944882 
vn 0.330709 0 -0.944882 
vn 0.330709 0 -0.944882 
vn 0.330709 0 -0.944882 
vn 0.330709 0 -0.944882 
vn 0.330709 0 -0.944882 
vn 0.330709 0 -0.944882 
vn 0.330709 0 -0.944882 
vn 0.330709 0 -0.944882 
vn 0.330709 0 -0.944882 
vn 0.330709 0 -0.944882 
vn 0.330709 0 -0.944882 
vn 0.330709 0 -0.944882 
vn 0.330709 0 -0.944882 
vn 0.330709 0 -0.944882 
vn 0.330709 0 -0.944882 
vn 0.330709 0 -0.944882 
vn 0.330709 0 -0.944882 
vn 0.330709 0 -0.944882 
vn 0.330709 0 -0.944882 
vn 0.330709 0 -0.944882 
vn 0.330709 0 -0.944882 
vn 0.330709 0 -0.944882 
vn 0.330709 0 -0.944882 
vn 0.330709 0 -0.944882 
vn 0.330709 0 -0.944882 
vn 0.330709 0 -0.944882 
vn 0.330709 0 -0.944882 
vn 0.330709 0 -0.944882 
vn 0.330709 0 -0.944882 
vn 0.330709 0 -0.944882 
vn 0.330709 0 -0.944882 
vn 0.330709 0 -0.944882 
vn 0.330709 0 -0.944882 
vn 0.330709 0 -0.944882 
vn 0.330709 0 -0.944882 
vn 0.330709 0 -0.944882 
vn 0.330709 0 -0.944882 
vn 0.330709 0 -0.944882 
vn 0.330709 0 -0.944882 
vn 0.330709 0 -0.944882 
vn 0.330709 0 -0.944882 
vn 0.330709 0 -0.944882 
vn 0.330709 0 -0.944882 
vn 0.330709 0 -0.944882 
vn 0.330709 0 -0.944882 
vn 0.330709 0 -0.944882 
vn 0.330709 0 -0.944882 
vn 0.330709 0 -0.944882 
vn 0.330709 0 -0.944882 
vn 0.330709 0 -0.944882 
vn 0.330709 0 -0.944882 
vn 0.330709 0 -0.944882 

vt 41.9181 -15.1152 
vt 41.9311 -15.1355 
vt 41.9459 -15.1355 
vt 41.7291 -15.0975 
vt 41.7411 -15.1254 
vt 41.7478 -15.1149 
vt 41.9311 -15.1355 
vt 41.9181 -15.1152 
vt 41.9243 -15.1398 
vt 41.9113 -15.1196 
vt 41.894 -15.0925 
vt 41.8699 -15.0698 
vt 41.8872 -15.0969 
vt 41.741 -15.0989 
vt 41.7325 -15.1326 
vt 41.7141 -15.1104 
vt 41.7186 -15.1323 
vt 41.7027 -15.1198 
vt 41.7191 -15.1013 
vt 41.8794 -15.0634 
vt 41.894 -15.0925 
vt 41.905 -15.0949 
vt 42.2973 -14.881 
vt 42.2855 -14.8901 
vt 42.2973 -14.8901 
vt 42.2855 -14.881 
vt 42.269 -14.9122 
vt 42.2947 -14.9189 
vt 42.2947 -14.9122 
vt 42.2973 -14.8901 
vt 42.2855 -14.9122 
vt 42.2973 -14.9122 
vt 42.2855 -14.8901 
vt 42.2855 -14.8851 
vt 42.269 -14.9122 
vt 42.2855 -14.9122 
vt 42.269 -14.9188 
vt 42.2855 -14.876 
vt 42.269 -14.876 
vt 42.2855 -14.8851 
vt 42.269 -14.8851 
vt 41.8794 -15.0634 
vt 42.269 -14.8851 
vt 41.9181 -15.1152 
vt 41.9722 -15.1187 
vt 41.9654 -15.0849 
vt 41.9827 -15.1119 
vt 41.9784 -15.1052 
vt 41.9722 -15.1187 
vt 41.9721 -15.0806 
vt 41.9784 -15.1052 
vt 41.9851 -15.1008 
vt 41.9784 -15.1052 
vt 41.9654 -15.0849 
vt 41.9722 -15.1187 
vt 41.9722 -15.1187 
vt 41.9515 -15.1443 
vt 41.9778 -15.1274 
vt 41.9654 -15.0849 
vt 41.9459 -15.1355 
vt 41.9459 -15.1355 
vt 41.9524 -15.0646 
vt 41.9181 -15.1152 
vt 41.9654 -15.0849 
vt 41.9311 -15.1355 
vt 41.9354 -15.1423 
vt 41.9459 -15.1355 
vt 41.8983 -15.0993 
vt 41.905 -15.0949 
vt 41.905 -15.0949 
vt 41.8836 -15.0512 
vt 41.8794 -15.0634 
vt 41.905 -15.0949 
vt 41.9524 -15.0646 
vt 41.9591 -15.0603 
vt 41.9548 -15.0535 
vt 41.9442 -15.0221 
vt 41.9548 -15.0535 
vt 41.9616 -15.0492 
vt 41.9524 -15.0646 
vt 41.9548 -15.0535 
vt 41.9339 -15.0283 
vt 41.9339 -15.0283 
vt 41.921 -15.0271 
vt 41.9339 -15.0283 
vt 41.9339 -15.0283 
vt 41.9296 -15.0216 
vt 41.921 -15.0271 
vt 41.8786 -15.0433 
vt 41.921 -15.0271 
vt 41.916 -15.0192 
vt 41.8836 -15.0512 
vt 41.875 -15.0567 
vt 41.8836 -15.0512 
vt 42.091 -14.9113 
vt 42.1045 -14.9181 
vt 42.1045 -14.9113 
vt 42.091 -14.9654 
vt 42.1045 -14.9721 
vt 42.1045 -14.9654 
vt 42.091 -14.9721 
vt 42.091 -14.9181 
vt 42.091 -14.916 
vt 42.1045 -14.8786 
vt 42.091 -14.8786 
vt 42.091 -14.8751 
vt 42.091 -14.8836 
vt 42.1045 -14.8836 
vt 42.1045 -14.8699 
vt 42.091 -14.8699 
vt 42.1045 -14.8794 
vt 42.1045 -14.8751 
vt 42.091 -14.8794 
vt 42.017 -14.7191 
vt 41.983 -14.7191 
vt 42.0152 -14.7291 
vt 41.9848 -14.7291 
vt 42.0087 -14.741 
vt 42.1045 -14.916 
vt 42.0177 -15.269 
vt 42.023 -15.2855 
vt 42.023 -15.269 
vt 42.0177 -15.2855 
vt 42.0127 -15.2855 
vt 42.018 -15.2973 
vt 42.018 -15.2855 
vt 42.0127 -15.2973 
vt 41.9873 -15.2855 
vt 42.0127 -15.2973 
vt 42.0127 -15.2855 
vt 41.9823 -15.269 
vt 42.0177 -15.2855 
vt 42.0177 -15.269 
vt 42.1045 -14.921 
vt 42.091 -14.921 
vt 42.1045 -14.9296 
vt 42.1045 -14.9339 
vt 42.091 -14.9442 
vt 42.1045 -14.9442 
vt 42.091 -14.9339 
vt 42.091 -14.9296 
vt 41.9888 -14.7141 
vt 42.0112 -14.7141 
vt 42 -14.7027 
vt 41.909 -14.9113 
vt 41.8955 -14.9181 
vt 41.909 -14.9181 
vt 41.909 -14.9654 
vt 41.8955 -14.9721 
vt 41.909 -14.9721 
vt 41.8955 -14.8786 
vt 41.909 -14.916 
vt 41.909 -14.8786 
vt 41.8955 -14.9113 
vt 41.8955 -14.9654 
vt 41.909 -14.8751 
vt 41.8955 -14.8836 
vt 41.909 -14.8836 
vt 41.9913 -14.741 
vt 41.909 -14.8699 
vt 41.8955 -14.8794 
vt 41.909 -14.8794 
vt 41.8955 -14.8699 
vt 41.8955 -14.8751 
vt 41.8955 -14.916 
vt 41.9873 -15.2973 
vt 41.9823 -15.2855 
vt 41.982 -15.2855 
vt 41.9873 -15.2973 
vt 41.9873 -15.2855 
vt 41.982 -15.2973 
vt 41.9823 -15.2855 
vt 41.977 -15.269 
vt 41.977 -15.2855 
vt 41.9823 -15.269 
vt 41.8955 -14.9339 
vt 41.909 -14.9442 
vt 41.909 -14.9339 
vt 41.909 -14.921 
vt 41.8955 -14.9296 
vt 41.909 -14.9296 
vt 41.8955 -14.9442 
vt 41.8955 -14.921 
vt 41.909 -15.1423 
vt 41.8955 -15.1355 
vt 41.8955 -15.1423 
vt 41.8955 -15.1355 
vt 41.8955 -15.1443 
vt 41.909 -15.1355 
vt 41.909 -15.1443 
vt 41.909 -15.1355 
vt 41.909 -15.1196 
vt 41.8955 -15.1398 
vt 41.909 -15.1398 
vt 41.8955 -15.1196 
vt 41.909 -15.0949 
vt 41.8955 -15.1152 
vt 41.909 -15.1152 
vt 42.0112 -15.1104 
vt 41.983 -15.1013 
vt 41.9888 -15.1104 
vt 41.8955 -15.0949 
vt 41.909 -15.0925 
vt 41.8955 -15.0993 
vt 41.909 -15.0993 
vt 41.8955 -15.0925 
vt 41.909 -15.0433 
vt 41.8955 -15.0512 
vt 41.909 -15.0512 
vt 41.909 -15.0698 
vt 41.8955 -15.0969 
vt 41.909 -15.0969 
vt 41.8955 -15.0433 
vt 41.909 -15.0567 
vt 41.8955 -15.0567 
vt 41.8955 -15.0634 
vt 41.8955 -15.0698 
vt 41.909 -15.0634 
vt 42.017 -15.1013 
vt 42.1045 -15.1443 
vt 42.091 -15.1355 
vt 42.091 -15.1443 
vt 42.091 -15.1423 
vt 42.1045 -15.1355 
vt 42.091 -15.1355 
vt 42.1045 -15.1355 
vt 42.1045 -15.1423 
vt 42.1045 -15.1398 
vt 42.091 -15.1196 
vt 42.091 -15.1398 
vt 42.1045 -15.1152 
vt 42.091 -15.0949 
vt 42.091 -15.1152 
vt 42.1045 -15.1196 
vt 42.1045 -15.0949 
vt 42.1045 -15.0993 
vt 42.091 -15.0925 
vt 42.091 -15.0993 
vt 42.091 -15.0433 
vt 42.091 -15.0512 
vt 42.1045 -15.0512 
vt 42.091 -15.0698 
vt 42.091 -15.0969 
vt 42.1045 -15.0969 
vt 42.1045 -15.0925 
vt 42.1045 -15.0433 
vt 42.1045 -15.0634 
vt 42.091 -15.0567 
vt 42.091 -15.0634 
vt 42.1045 -15.0567 
vt 42.1045 -15.0698 
vt 42.0216 -15.1052 
vt 42.0173 -15.1119 
vt 42.0278 -15.1187 
vt 42.0346 -15.0849 
vt 42.0216 -15.1052 
vt 42.0278 -15.1187 
vt 42.0485 -15.1443 
vt 42.0278 -15.1187 
vt 42.0222 -15.1274 
vt 42.0541 -15.1355 
vt 42.0278 -15.1187 
vt 42.0819 -15.1152 
vt 42.0346 -15.0849 
vt 42.0541 -15.1355 
vt 42.0646 -15.1423 
vt 42.0689 -15.1355 
vt 42.0819 -15.1152 
vt 42.0757 -15.1398 
vt 42.0819 -15.1152 
vt 42.0689 -15.1355 
vt 42.0887 -15.1196 
vt 42.095 -15.0949 
vt 42.1017 -15.0993 
vt 42.106 -15.0925 
vt 42.0216 -15.1052 
vt 42.0279 -15.0806 
vt 42.0149 -15.1008 
vt 42.0346 -15.0849 
vt 42.0452 -15.0535 
vt 42.0409 -15.0603 
vt 42.0476 -15.0646 
vt 42.0819 -15.1152 
vt 42.0476 -15.0646 
vt 42.0346 -15.0849 
vt 42.079 -15.0271 
vt 42.0661 -15.0283 
vt 42.0704 -15.0216 
vt 42.095 -15.0949 
vt 42.1164 -15.0512 
vt 42.095 -15.0949 
vt 42.106 -15.0925 
vt 42.1206 -15.0634 
vt 42.1128 -15.0969 
vt 42.1301 -15.0698 
vt 42.106 -15.0925 
vt 42.1206 -15.0634 
vt 42.1206 -15.0634 
vt 42.0661 -15.0283 
vt 42.0452 -15.0535 
vt 42.0476 -15.0646 
vt 42.0452 -15.0535 
vt 42.0558 -15.0221 
vt 42.0384 -15.0492 
vt 42.1214 -15.0433 
vt 42.079 -15.0271 
vt 42.1164 -15.0512 
vt 42.2589 -15.1254 
vt 42.2709 -15.0975 
vt 42.2522 -15.1149 
vt 42.1206 -15.0634 
vt 42.125 -15.0567 
vt 42.1164 -15.0512 
vt 42.259 -15.0989 
vt 42.2675 -15.1326 
vt 42.2809 -15.1013 
vt 42.2859 -15.1104 
vt 42.2814 -15.1323 
vt 42.2973 -15.1198 
vt 42.0661 -15.0283 
vt 41.7145 -14.8901 
vt 41.7027 -14.9122 
vt 41.7145 -14.9122 
vt 41.7027 -14.8901 
vt 41.731 -14.9122 
vt 41.7053 -14.9122 
vt 41.7053 -14.9189 
vt 41.7145 -14.881 
vt 41.7027 -14.8901 
vt 41.7145 -14.8901 
vt 41.7027 -14.881 
vt 41.731 -14.8851 
vt 41.7145 -14.8851 
vt 41.7145 -14.9122 
vt 42.084 -15.0192 
vt 41.731 -14.9122 
vt 41.7145 -14.8851 
vt 41.731 -14.8851 
vt 41.7145 -14.876 
vt 41.731 -14.9188 
vt 41.731 -14.876 
vt 41.8955 -14.9778 
vt 41.909 -14.9515 
vt 41.8955 -14.9515 
vt 41.909 -14.9827 
vt 41.8955 -14.9722 
vt 41.8955 -14.9827 
vt 41.8955 -14.9851 
vt 41.909 -14.9851 
vt 41.8955 -14.9784 
vt 41.909 -14.9784 
vt 41.909 -14.9778 
vt 41.909 -14.9722 
vt 41.909 -14.9459 
vt 41.8955 -14.9354 
vt 41.8955 -14.9459 
vt 41.909 -14.9354 
vt 41.8955 -14.9311 
vt 41.909 -14.9243 
vt 41.8955 -14.9243 
vt 41.909 -14.9311 
vt 41.8955 -14.8983 
vt 41.909 -14.905 
vt 41.909 -14.8983 
vt 42.017 -14.7325 
vt 41.9888 -14.7186 
vt 41.983 -14.7325 
vt 42.0152 -14.7411 
vt 41.9848 -14.7411 
vt 41.8955 -14.905 
vt 41.9854 -15.2947 
vt 41.982 -15.2855 
vt 41.982 -15.2973 
vt 41.982 -15.2855 
vt 41.977 -15.269 
vt 41.977 -15.2855 
vt 41.977 -15.269 
vt 41.982 -15.2855 
vt 41.9854 -15.269 
vt 41.9854 -15.2947 
vt 41.9854 -15.269 
vt 41.982 -15.2855 
vt 41.9854 -15.2947 
vt 42.0146 -15.269 
vt 41.9854 -15.269 
vt 42.018 -15.2973 
vt 41.909 -14.9616 
vt 41.8955 -14.9548 
vt 41.8955 -14.9616 
vt 41.8955 -14.894 
vt 41.909 -14.894 
vt 41.8955 -14.8872 
vt 41.8955 -14.9591 
vt 41.909 -14.9591 
vt 41.8955 -14.9524 
vt 41.909 -14.9548 
vt 41.909 -14.8872 
vt 41.909 -14.9524 
vt 42.0112 -14.7186 
vt 42 -14.7027 
vt 42.091 -14.9515 
vt 42.091 -14.9778 
vt 42.1045 -14.9778 
vt 42.091 -14.9827 
vt 42.1045 -14.9722 
vt 42.091 -14.9722 
vt 42.091 -14.9851 
vt 42.1045 -14.9784 
vt 42.091 -14.9784 
vt 42.1045 -14.9851 
vt 42.1045 -14.9515 
vt 42.1045 -14.9827 
vt 42.1045 -14.9354 
vt 42.091 -14.9459 
vt 42.1045 -14.9459 
vt 42.091 -14.9354 
vt 42.091 -14.9311 
vt 42.1045 -14.9311 
vt 42.091 -14.9243 
vt 42.1045 -14.9243 
vt 42.091 -14.905 
vt 42.1045 -14.8983 
vt 42.091 -14.8983 
vt 42.1045 -14.905 
vt 42.0146 -15.2947 
vt 42.0146 -15.2947 
vt 42.0146 -15.269 
vt 42.0146 -15.2947 
vt 42.018 -15.2855 
vt 42.018 -15.2973 
vt 42.018 -15.2855 
vt 42.0146 -15.2947 
vt 42.018 -15.2855 
vt 42.023 -15.269 
vt 42.0146 -15.269 
vt 42.023 -15.2855 
vt 42.023 -15.269 
vt 42.018 -15.2855 
vt 42.091 -14.9616 
vt 42.1045 -14.9616 
vt 42.1045 -14.9548 
vt 42.091 -14.9591 
vt 42.1045 -14.9524 
vt 42.091 -14.9524 
vt 42.091 -14.9548 
vt 42.091 -14.894 
vt 42.1045 -14.8872 
vt 42.091 -14.8872 
vt 42.1045 -14.894 
vt 42.1045 -14.9591 
vt 42.0585 -15.2066 
vt 42.0936 -15.2066 
vt 42.0936 -15.1829 
vt 42.0309 -15.2258 
vt 42.0585 -15.2258 
vt 42.1149 -15.0195 
vt 42.1149 -15.1829 
vt 42.1149 -15.1642 
vt 42.1419 -15.0195 
vt 42.1419 -15.1642 
vt 42.1149 -14.9809 
vt 42.0936 -14.9809 
vt 41.9064 -14.9809 
vt 42.1149 -15.0195 
vt 42.0936 -14.9809 
vt 42.023 -14.9122 
vt 42.023 -14.8851 
vt 42.018 -14.8901 
vt 41.9691 -15.2258 
vt 42.0309 -15.2379 
vt 41.9854 -14.9122 
vt 42.0146 -14.9189 
vt 42.0146 -14.9122 
vt 41.9415 -15.2066 
vt 41.8851 -15.0195 
vt 42.0585 -15.2066 
vt 42.1149 -15.0195 
vt 42.018 -14.9122 
vt 42.018 -14.9122 
vt 42.018 -14.8901 
vt 42.0127 -14.8901 
vt 41.9873 -14.8901 
vt 42.0127 -14.8901 
vt 42.018 -14.8901 
vt 42.0177 -14.8851 
vt 42.023 -14.8851 
vt 42.0177 -14.8851 
vt 42.018 -14.8901 
vt 42.0936 -14.9143 
vt 42.0054 -14.8494 
vt 42.1045 -15.1052 
vt 42.091 -15.1119 
vt 42.1045 -15.1119 
vt 42.091 -15.0806 
vt 42.1045 -15.1008 
vt 42.1045 -15.0806 
vt 42.1045 -15.1187 
vt 42.091 -15.1274 
vt 42.1045 -15.1274 
vt 42.1045 -15.0646 
vt 42.091 -15.0849 
vt 42.1045 -15.0849 
vt 42.1045 -15.0535 
vt 42.091 -15.0603 
vt 42.1045 -15.0603 
vt 42.106 -14.8539 
vt 42.106 -14.9143 
vt 42.1045 -15.0221 
vt 42.091 -15.0492 
vt 42.1045 -15.0492 
vt 42.1045 -15.0216 
vt 42.091 -15.0216 
vt 42.1045 -15.0283 
vt 42.1045 -15.0192 
vt 42.091 -15.0271 
vt 42.1045 -15.0271 
vt 42.091 -15.1008 
vt 42.091 -15.1052 
vt 42.091 -15.1187 
vt 42.091 -15.0646 
vt 41.9913 -15.1149 
vt 42.0152 -15.1254 
vt 42.0087 -15.1149 
vt 42.091 -15.0535 
vt 42.091 -15.0221 
vt 42.0936 -14.9809 
vt 42.0054 -14.8494 
vt 41.9948 -14.8494 
vt 42.091 -15.0283 
vt 42.091 -15.0192 
vt 42.0127 -14.881 
vt 42.0127 -14.8901 
vt 42.0177 -14.8851 
vt 42.0936 -14.8539 
vt 42.0936 -14.9143 
vt 42.106 -14.8539 
vt 42.0936 -14.8539 
vt 42.0687 -14.8211 
vt 42.018 -14.8334 
vt 42.0936 -14.8539 
vt 42.1162 -14.8339 
vt 42.1123 -14.828 
vt 42.1165 -14.8425 
vt 42.0936 -14.8211 
vt 42.0687 -14.8211 
vt 42.1123 -14.828 
vt 42.116 -14.8164 
vt 42.1049 -14.8245 
vt 42.0687 -14.8211 
vt 42.0687 -14.813 
vt 42.0585 -14.8129 
vt 42.1123 -14.828 
vt 42.1049 -14.8245 
vt 42.1165 -14.8425 
vt 42.1122 -14.8105 
vt 42.116 -14.8164 
vt 42.1217 -14.8123 
vt 42.0307 -14.8212 
vt 42.0127 -14.881 
vt 42.0177 -14.8851 
vt 42.0177 -14.876 
vt 42.0127 -14.881 
vt 41.9873 -14.881 
vt 42.0127 -14.8901 
vt 41.9873 -14.881 
vt 42.0127 -14.881 
vt 42.0177 -14.876 
vt 42.018 -14.8334 
vt 42.0054 -14.8494 
vt 42.018 -14.8334 
vt 42.0054 -14.8334 
vt 42.018 -14.8334 
vt 42.0687 -14.8211 
vt 42.0307 -14.8212 
vt 42.0307 -14.8212 
vt 42.018 -14.8212 
vt 42.018 -14.8334 
vt 42.0307 -14.8055 
vt 42.0585 -14.8055 
vt 42.1123 -14.828 
vt 42.1256 -14.8183 
vt 42.116 -14.8164 
vt 42.1813 -14.7782 
vt 42.17 -14.7864 
vt 42.1795 -14.7883 
vt 42.17 -14.7864 
vt 42.1738 -14.7923 
vt 42.1795 -14.7883 
vt 42.1834 -14.7943 
vt 42.1795 -14.7883 
vt 42.1738 -14.7923 
vt 42.1795 -14.7883 
vt 42.1908 -14.78 
vt 42.1813 -14.7782 
vt 42.1622 -14.7744 
vt 42.1661 -14.7805 
vt 42.1679 -14.7703 
vt 42.1792 -14.7621 
vt 42.1679 -14.7703 
vt 42.1774 -14.7722 
vt 42.1679 -14.7703 
vt 42.1661 -14.7805 
vt 42.1774 -14.7722 
vt 42.1792 -14.7621 
vt 42.1774 -14.7722 
vt 42.1813 -14.7782 
vt 42.1908 -14.78 
vt 42.1792 -14.7621 
vt 42.1813 -14.7782 
vt 42.1622 -14.7744 
vt 42.1679 -14.7703 
vt 42.164 -14.7643 
vt 42.1256 -14.8183 
vt 42.1217 -14.8123 
vt 42.116 -14.8164 
vt 42.1291 -14.7981 
vt 42.1122 -14.8105 
vt 42.1217 -14.8123 
vt 42.1738 -14.7923 
vt 42.1162 -14.8339 
vt 42.1165 -14.8425 
vt 42.1165 -14.8425 
vt 42.1834 -14.7943 
vt 42.1738 -14.7923 
vt 42.1217 -14.8123 
vt 42.1386 -14.8 
vt 42.1291 -14.7981 
vt 42.1386 -14.8 
vt 42.1348 -14.7941 
vt 42.1291 -14.7981 
vt 42.1252 -14.7921 
vt 42.1291 -14.7981 
vt 42.1348 -14.7941 
vt 42.164 -14.7643 
vt 42.1252 -14.7921 
vt 42.1348 -14.7941 
vt 42.1348 -14.7941 
vt 42.1622 -14.7744 
vt 42.164 -14.7643 
vt 41.9064 -14.9809 
vt 42.0936 -14.9809 
vt 41.9948 -14.8494 
vt 41.982 -14.9122 
vt 41.9854 -14.9189 
vt 41.9691 -15.2379 
vt 41.977 -14.9122 
vt 41.982 -14.9122 
vt 41.982 -14.8901 
vt 41.9873 -14.8901 
vt 41.982 -14.8901 
vt 41.982 -14.8901 
vt 41.9873 -14.8901 
vt 41.9823 -14.8851 
vt 41.9823 -14.8851 
vt 41.977 -14.8851 
vt 41.982 -14.8901 
vt 41.977 -14.8851 
vt 41.9415 -15.2258 
vt 41.9064 -15.1829 
vt 41.9064 -15.2066 
vt 41.9415 -15.2066 
vt 41.8851 -15.0195 
vt 41.8851 -15.1642 
vt 41.8581 -15.1642 
vt 41.8581 -15.0195 
vt 41.8851 -15.0195 
vt 41.9064 -14.9809 
vt 41.8851 -14.9809 
vt 41.8851 -15.1642 
vt 41.8851 -15.1829 
vt 41.9064 -15.1829 
vt 41.909 -15.0806 
vt 41.8955 -15.1008 
vt 41.909 -15.1008 
vt 41.909 -15.1052 
vt 41.8955 -15.1052 
vt 41.909 -15.1119 
vt 41.8955 -15.0646 
vt 41.909 -15.0849 
vt 41.909 -15.0646 
vt 41.9848 -15.1254 
vt 41.909 -15.0535 
vt 41.8955 -15.0535 
vt 41.909 -15.0603 
vt 41.9948 -14.8494 
vt 41.9064 -14.9143 
vt 41.9064 -14.9809 
vt 41.909 -15.0492 
vt 41.909 -15.0221 
vt 41.8955 -15.0221 
vt 41.909 -15.0216 
vt 41.8955 -15.0283 
vt 41.909 -15.0283 
vt 41.909 -15.0192 
vt 41.8955 -15.0192 
vt 41.909 -15.0271 
vt 41.8955 -15.1187 
vt 41.909 -15.1274 
vt 41.909 -15.1187 
vt 41.8955 -15.1119 
vt 41.8955 -15.0806 
vt 41.8955 -15.1274 
vt 41.8955 -15.0849 
vt 41.8955 -15.0603 
vt 41.9064 -14.8539 
vt 41.894 -14.9143 
vt 41.9064 -14.9143 
vt 41.8955 -15.0492 
vt 41.8955 -15.0216 
vt 41.8955 -15.0271 
vt 41.9873 -14.8901 
vt 41.9873 -14.881 
vt 41.9823 -14.8851 
vt 42.0177 -14.876 
vt 41.9823 -14.876 
vt 41.9873 -14.881 
vt 41.9823 -14.876 
vt 41.9823 -14.8851 
vt 41.9873 -14.881 
vt 41.9064 -14.8539 
vt 41.9948 -14.8494 
vt 41.9821 -14.8334 
vt 41.9948 -14.8494 
vt 41.9948 -14.8334 
vt 41.9821 -14.8334 
vt 41.9821 -14.8212 
vt 41.9695 -14.8212 
vt 41.9313 -14.8211 
vt 41.9415 -14.8129 
vt 41.9695 -14.8055 
vt 41.9415 -14.8055 
vt 41.9064 -14.8539 
vt 41.9064 -14.9143 
vt 41.9948 -14.8494 
vt 41.9064 -14.8539 
vt 41.894 -14.8539 
vt 41.894 -14.9143 
vt 41.9064 -14.8211 
vt 41.8835 -14.8425 
vt 41.8877 -14.828 
vt 41.8838 -14.8339 
vt 41.8835 -14.8425 
vt 41.8951 -14.8245 
vt 41.8877 -14.828 
vt 41.9415 -14.8129 
vt 41.9313 -14.813 
vt 41.9313 -14.8211 
vt 41.8951 -14.8245 
vt 41.884 -14.8164 
vt 41.8877 -14.828 
vt 41.884 -14.8164 
vt 41.8878 -14.8105 
vt 41.8783 -14.8123 
vt 41.8744 -14.8183 
vt 41.8877 -14.828 
vt 41.884 -14.8164 
vt 41.8878 -14.8105 
vt 41.8709 -14.7981 
vt 41.8783 -14.8123 
vt 41.8783 -14.8123 
vt 41.8744 -14.8183 
vt 41.884 -14.8164 
vt 41.8614 -14.8 
vt 41.8783 -14.8123 
vt 41.8709 -14.7981 
vt 41.8838 -14.8339 
vt 41.8262 -14.7923 
vt 41.8835 -14.8425 
vt 41.8166 -14.7943 
vt 41.8835 -14.8425 
vt 41.8262 -14.7923 
vt 41.8652 -14.7941 
vt 41.8614 -14.8 
vt 41.8709 -14.7981 
vt 41.8709 -14.7981 
vt 41.8748 -14.7921 
vt 41.8652 -14.7941 
vt 41.8748 -14.7921 
vt 41.836 -14.7643 
vt 41.8652 -14.7941 
vt 41.836 -14.7643 
vt 41.8378 -14.7744 
vt 41.8652 -14.7941 
vt 41.8378 -14.7744 
vt 41.836 -14.7643 
vt 41.8321 -14.7703 
vt 41.8378 -14.7744 
vt 41.8321 -14.7703 
vt 41.8339 -14.7805 
vt 41.8262 -14.7923 
vt 41.83 -14.7864 
vt 41.8205 -14.7883 
vt 41.83 -14.7864 
vt 41.8187 -14.7782 
vt 41.8205 -14.7883 
vt 41.8205 -14.7883 
vt 41.8166 -14.7943 
vt 41.8262 -14.7923 
vt 41.8187 -14.7782 
vt 41.8092 -14.78 
vt 41.8205 -14.7883 
vt 41.8187 -14.7782 
vt 41.8226 -14.7722 
vt 41.8092 -14.78 
vt 41.8339 -14.7805 
vt 41.8321 -14.7703 
vt 41.8226 -14.7722 
vt 41.8321 -14.7703 
vt 41.8208 -14.7621 
vt 41.8226 -14.7722 
vt 41.8226 -14.7722 
vt 41.8208 -14.7621 
vt 41.8092 -14.78 

usemtl Cube0241Mtl

f 3639/3639/3639 3640/3640/3640 3641/3641/3641 
f 3645/3645/3645 3646/3646/3646 3647/3647/3647 
f 3648/3648/3648 3647/3647/3647 3646/3646/3646 
f 3649/3649/3649 3650/3650/3650 3651/3651/3651 
f 3650/3650/3650 3649/3649/3649 3680/3680/3680 
f 3730/3730/3730 3731/3731/3731 3680/3680/3680 
f 3649/3649/3649 3706/3706/3706 3707/3707/3707 
f 3707/3707/3707 3722/3722/3722 3730/3730/3730 
f 3722/3722/3722 3707/3707/3707 3712/3712/3712 
f 3721/3721/3721 3722/3722/3722 3712/3712/3712 
f 3712/3712/3712 3713/3713/3713 3714/3714/3714 
f 3658/3658/3658 3659/3659/3659 3660/3660/3660 
f 3682/3682/3682 3683/3683/3683 3684/3684/3684 
f 3682/3682/3682 3699/3699/3699 3683/3683/3683 
f 3685/3685/3685 3686/3686/3686 3687/3687/3687 
f 3688/3688/3688 3689/3689/3689 3690/3690/3690 
f 3689/3689/3689 3688/3688/3688 3697/3697/3697 
f 3691/3691/3691 3692/3692/3692 3693/3693/3693 
f 3694/3694/3694 3695/3695/3695 3696/3696/3696 
f 3695/3695/3695 3694/3694/3694 3698/3698/3698 
f 3700/3700/3700 3701/3701/3701 3702/3702/3702 
f 3701/3701/3701 3700/3700/3700 3708/3708/3708 
f 3703/3703/3703 3704/3704/3704 3705/3705/3705 
f 3709/3709/3709 3710/3710/3710 3711/3711/3711 
f 3715/3715/3715 3716/3716/3716 3717/3717/3717 
f 3716/3716/3716 3715/3715/3715 3723/3723/3723 
f 3718/3718/3718 3719/3719/3719 3720/3720/3720 
f 3724/3724/3724 3725/3725/3725 3726/3726/3726 
f 3727/3727/3727 3728/3728/3728 3729/3729/3729 
f 3728/3728/3728 3727/3727/3727 3732/3732/3732 
f 3642/3642/3642 3643/3643/3643 3644/3644/3644 
f 3642/3642/3642 3644/3644/3644 3652/3652/3652 
f 3657/3657/3657 3643/3643/3643 3642/3642/3642 
f 3657/3657/3657 3653/3653/3653 3643/3643/3643 
f 3653/3653/3653 3657/3657/3657 3654/3654/3654 
f 3653/3653/3653 3654/3654/3654 3655/3655/3655 
f 3655/3655/3655 3654/3654/3654 3656/3656/3656 
f 3672/3672/3672 3673/3673/3673 3674/3674/3674 
f 3672/3672/3672 3681/3681/3681 3673/3673/3673 
f 3668/3668/3668 3669/3669/3669 3670/3670/3670 
f 3671/3671/3671 3669/3669/3669 3668/3668/3668 
f 3676/3676/3676 3677/3677/3677 3678/3678/3678 
f 3679/3679/3679 3678/3678/3678 3677/3677/3677 
f 3665/3665/3665 3666/3666/3666 3667/3667/3667 
f 3666/3666/3666 3665/3665/3665 3675/3675/3675 
f 3661/3661/3661 3662/3662/3662 3663/3663/3663 
f 3664/3664/3664 3662/3662/3662 3661/3661/3661 
f 3769/3769/3769 3770/3770/3770 3771/3771/3771 
f 3770/3770/3770 3769/3769/3769 3805/3805/3805 
f 3766/3766/3766 3767/3767/3767 3768/3768/3768 
f 3767/3767/3767 3766/3766/3766 3804/3804/3804 
f 3758/3758/3758 3759/3759/3759 3760/3760/3760 
f 3759/3759/3759 3758/3758/3758 3761/3761/3761 
f 3810/3810/3810 3811/3811/3811 3812/3812/3812 
f 3811/3811/3811 3810/3810/3810 3813/3813/3813 
f 3762/3762/3762 3763/3763/3763 3764/3764/3764 
f 3763/3763/3763 3762/3762/3762 3765/3765/3765 
f 3806/3806/3806 3807/3807/3807 3808/3808/3808 
f 3807/3807/3807 3806/3806/3806 3809/3809/3809 
f 3780/3780/3780 3781/3781/3781 3782/3782/3782 
f 3741/3741/3741 3742/3742/3742 3743/3743/3743 
f 3742/3742/3742 3741/3741/3741 3757/3757/3757 
f 3789/3789/3789 3790/3790/3790 3791/3791/3791 
f 3790/3790/3790 3789/3789/3789 3803/3803/3803 
f 3772/3772/3772 3773/3773/3773 3774/3774/3774 
f 3773/3773/3773 3779/3779/3779 3774/3774/3774 
f 3817/3817/3817 3818/3818/3818 3819/3819/3819 
f 3817/3817/3817 3821/3821/3821 3818/3818/3818 
f 3744/3744/3744 3745/3745/3745 3746/3746/3746 
f 3750/3750/3750 3744/3744/3744 3746/3746/3746 
f 3794/3794/3794 3795/3795/3795 3796/3796/3796 
f 3794/3794/3794 3802/3802/3802 3795/3795/3795 
f 3747/3747/3747 3748/3748/3748 3749/3749/3749 
f 3748/3748/3748 3751/3751/3751 3749/3749/3749 
f 3798/3798/3798 3799/3799/3799 3800/3800/3800 
f 3798/3798/3798 3801/3801/3801 3799/3799/3799 
f 3775/3775/3775 3776/3776/3776 3777/3777/3777 
f 3778/3778/3778 3776/3776/3776 3775/3775/3775 
f 3814/3814/3814 3815/3815/3815 3816/3816/3816 
f 3815/3815/3815 3814/3814/3814 3820/3820/3820 
f 3752/3752/3752 3753/3753/3753 3754/3754/3754 
f 3755/3755/3755 3754/3754/3754 3753/3753/3753 
f 3754/3754/3754 3755/3755/3755 3756/3756/3756 
f 3756/3756/3756 3755/3755/3755 3797/3797/3797 
f 3733/3733/3733 3734/3734/3734 3735/3735/3735 
f 3734/3734/3734 3733/3733/3733 3740/3740/3740 
f 3736/3736/3736 3737/3737/3737 3738/3738/3738 
f 3737/3737/3737 3736/3736/3736 3739/3739/3739 
f 3783/3783/3783 3784/3784/3784 3785/3785/3785 
f 3783/3783/3783 3792/3792/3792 3784/3784/3784 
f 3786/3786/3786 3787/3787/3787 3788/3788/3788 
f 3786/3786/3786 3793/3793/3793 3787/3787/3787 
f 3837/3837/3837 3838/3838/3838 3839/3839/3839 
f 3857/3857/3857 3838/3838/3838 3837/3837/3837 
f 3848/3848/3848 3849/3849/3849 3850/3850/3850 
f 3855/3855/3855 3849/3849/3849 3848/3848/3848 
f 3880/3880/3880 3881/3881/3881 3882/3882/3882 
f 3882/3882/3882 3889/3889/3889 3880/3880/3880 
f 3830/3830/3830 3831/3831/3831 3832/3832/3832 
f 3833/3833/3833 3831/3831/3831 3830/3830/3830 
f 3841/3841/3841 3842/3842/3842 3843/3843/3843 
f 3841/3841/3841 3844/3844/3844 3842/3842/3842 
f 3866/3866/3866 3867/3867/3867 3868/3868/3868 
f 3867/3867/3867 3866/3866/3866 3872/3872/3872 
f 3874/3874/3874 3875/3875/3875 3876/3876/3876 
f 3875/3875/3875 3874/3874/3874 3883/3883/3883 
f 3852/3852/3852 3853/3853/3853 3854/3854/3854 
f 3852/3852/3852 3854/3854/3854 3856/3856/3856 
f 3885/3885/3885 3886/3886/3886 3887/3887/3887 
f 3886/3886/3886 3885/3885/3885 3888/3888/3888 
f 3822/3822/3822 3823/3823/3823 3824/3824/3824 
f 3823/3823/3823 3822/3822/3822 3829/3829/3829 
f 3834/3834/3834 3835/3835/3835 3836/3836/3836 
f 3835/3835/3835 3834/3834/3834 3840/3840/3840 
f 3861/3861/3861 3862/3862/3862 3863/3863/3863 
f 3862/3862/3862 3861/3861/3861 3865/3865/3865 
f 3869/3869/3869 3870/3870/3870 3871/3871/3871 
f 3870/3870/3870 3869/3869/3869 3873/3873/3873 
f 3845/3845/3845 3846/3846/3846 3847/3847/3847 
f 3845/3845/3845 3851/3851/3851 3846/3846/3846 
f 3877/3877/3877 3878/3878/3878 3879/3879/3879 
f 3884/3884/3884 3877/3877/3877 3879/3879/3879 
f 3825/3825/3825 3826/3826/3826 3827/3827/3827 
f 3827/3827/3827 3826/3826/3826 3828/3828/3828 
f 3858/3858/3858 3859/3859/3859 3860/3860/3860 
f 3859/3859/3859 3858/3858/3858 3864/3864/3864 
f 3890/3890/3890 3891/3891/3891 3892/3892/3892 
f 3893/3893/3893 3894/3894/3894 3895/3895/3895 
f 3896/3896/3896 3897/3897/3897 3898/3898/3898 
f 3899/3899/3899 3897/3897/3897 3896/3896/3896 
f 3899/3899/3899 3905/3905/3905 3906/3906/3906 
f 3899/3899/3899 3904/3904/3904 3905/3905/3905 
f 3900/3900/3900 3901/3901/3901 3902/3902/3902 
f 3901/3901/3901 3900/3900/3900 3903/3903/3903 
f 3907/3907/3907 3908/3908/3908 3909/3909/3909 
f 3908/3908/3908 3907/3907/3907 3910/3910/3910 
f 3911/3911/3911 3912/3912/3912 3913/3913/3913 
f 3935/3935/3935 3928/3928/3928 3911/3911/3911 
f 3911/3911/3911 3928/3928/3928 3924/3924/3924 
f 3911/3911/3911 3924/3924/3924 3920/3920/3920 
f 3924/3924/3924 3925/3925/3925 3920/3920/3920 
f 3924/3924/3924 3926/3926/3926 3925/3925/3925 
f 3918/3918/3918 3919/3919/3919 3920/3920/3920 
f 3914/3914/3914 3915/3915/3915 3916/3916/3916 
f 3914/3914/3914 3917/3917/3917 3915/3915/3915 
f 3921/3921/3921 3922/3922/3922 3923/3923/3923 
f 3927/3927/3927 3922/3922/3922 3921/3921/3921 
f 3929/3929/3929 3930/3930/3930 3931/3931/3931 
f 3932/3932/3932 3933/3933/3933 3934/3934/3934 
f 3936/3936/3936 3934/3934/3934 3933/3933/3933 
f 3937/3937/3937 3938/3938/3938 3939/3939/3939 
f 3940/3940/3940 3941/3941/3941 3942/3942/3942 
f 3940/3940/3940 3958/3958/3958 3941/3941/3941 
f 3943/3943/3943 3944/3944/3944 3945/3945/3945 
f 3944/3944/3944 3943/3943/3943 3973/3973/3973 
f 3949/3949/3949 3950/3950/3950 3951/3951/3951 
f 3946/3946/3946 3947/3947/3947 3948/3948/3948 
f 3948/3948/3948 3947/3947/3947 3952/3952/3952 
f 3947/3947/3947 3946/3946/3946 3954/3954/3954 
f 3953/3953/3953 3954/3954/3954 3946/3946/3946 
f 3953/3953/3953 3955/3955/3955 3954/3954/3954 
f 3953/3953/3953 3956/3956/3956 3955/3955/3955 
f 3955/3955/3955 3956/3956/3956 3957/3957/3957 
f 3970/3970/3970 3971/3971/3971 3972/3972/3972 
f 3970/3970/3970 3972/3972/3972 3974/3974/3974 
f 3959/3959/3959 3960/3960/3960 3961/3961/3961 
f 3962/3962/3962 3960/3960/3960 3959/3959/3959 
f 3975/3975/3975 3976/3976/3976 3977/3977/3977 
f 3979/3979/3979 3977/3977/3977 3976/3976/3976 
f 3963/3963/3963 3964/3964/3964 3965/3965/3965 
f 3963/3963/3963 3965/3965/3965 3978/3978/3978 
f 3966/3966/3966 3967/3967/3967 3968/3968/3968 
f 3966/3966/3966 3969/3969/3969 3967/3967/3967 
f 3980/3980/3980 3981/3981/3981 3982/3982/3982 
f 3990/3990/3990 3981/3981/3981 3980/3980/3980 
f 4039/4039/4039 4040/4040/4040 4041/4041/4041 
f 4041/4041/4041 4049/4049/4049 4039/4039/4039 
f 4003/4003/4003 4004/4004/4004 4005/4005/4005 
f 4004/4004/4004 4003/4003/4003 4037/4037/4037 
f 4004/4004/4004 4037/4037/4037 4038/4038/4038 
f 4005/4005/4005 4006/4006/4006 4003/4003/4003 
f 4006/4006/4006 4005/4005/4005 4007/4007/4007 
f 3983/3983/3983 3984/3984/3984 3985/3985/3985 
f 3984/3984/3984 3983/3983/3983 3991/3991/3991 
f 3992/3992/3992 3993/3993/3993 3994/3994/3994 
f 3993/3993/3993 3992/3992/3992 3995/3995/3995 
f 4042/4042/4042 4043/4043/4043 4044/4044/4044 
f 4043/4043/4043 4042/4042/4042 4050/4050/4050 
f 4051/4051/4051 4052/4052/4052 4053/4053/4053 
f 4052/4052/4052 4051/4051/4051 4054/4054/4054 
f 3986/3986/3986 3987/3987/3987 3988/3988/3988 
f 3989/3989/3989 3988/3988/3988 3987/3987/3987 
f 3996/3996/3996 3997/3997/3997 3998/3998/3998 
f 3996/3996/3996 3999/3999/3999 3997/3997/3997 
f 4045/4045/4045 4046/4046/4046 4047/4047/4047 
f 4045/4045/4045 4048/4048/4048 4046/4046/4046 
f 4055/4055/4055 4056/4056/4056 4057/4057/4057 
f 4058/4058/4058 4057/4057/4057 4056/4056/4056 
f 4000/4000/4000 4001/4001/4001 4002/4002/4002 
f 4001/4001/4001 4000/4000/4000 4008/4008/4008 
f 4031/4031/4031 4032/4032/4032 4033/4033/4033 
f 4036/4036/4036 4033/4033/4033 4032/4032/4032 
f 4059/4059/4059 4060/4060/4060 4061/4061/4061 
f 4059/4059/4059 4062/4062/4062 4060/4060/4060 
f 4080/4080/4080 4081/4081/4081 4082/4082/4082 
f 4080/4080/4080 4088/4088/4088 4081/4081/4081 
f 4025/4025/4025 4026/4026/4026 4027/4027/4027 
f 4026/4026/4026 4025/4025/4025 4034/4034/4034 
f 4028/4028/4028 4029/4029/4029 4030/4030/4030 
f 4035/4035/4035 4030/4030/4030 4029/4029/4029 
f 4077/4077/4077 4078/4078/4078 4079/4079/4079 
f 4077/4077/4077 4079/4079/4079 4083/4083/4083 
f 4084/4084/4084 4085/4085/4085 4086/4086/4086 
f 4084/4084/4084 4087/4087/4087 4085/4085/4085 
f 4021/4021/4021 4022/4022/4022 4023/4023/4023 
f 4021/4021/4021 4063/4063/4063 4022/4022/4022 
f 4009/4009/4009 4010/4010/4010 4011/4011/4011 
f 4009/4009/4009 4011/4011/4011 4024/4024/4024 
f 4024/4024/4024 4064/4064/4064 4009/4009/4009 
f 4012/4012/4012 4013/4013/4013 4014/4014/4014 
f 4068/4068/4068 4069/4069/4069 4070/4070/4070 
f 4074/4074/4074 4075/4075/4075 4076/4076/4076 
f 4015/4015/4015 4016/4016/4016 4017/4017/4017 
f 4018/4018/4018 4019/4019/4019 4020/4020/4020 
f 4065/4065/4065 4066/4066/4066 4067/4067/4067 
f 4071/4071/4071 4072/4072/4072 4073/4073/4073 
f 4117/4117/4117 4118/4118/4118 4119/4119/4119 
f 4120/4120/4120 4117/4117/4117 4119/4119/4119 
f 4120/4120/4120 4281/4281/4281 4117/4117/4117 
f 4120/4120/4120 4288/4288/4288 4281/4281/4281 
f 4200/4200/4200 4201/4201/4201 4202/4202/4202 
f 4287/4287/4287 4202/4202/4202 4201/4201/4201 
f 4109/4109/4109 4110/4110/4110 4111/4111/4111 
f 4110/4110/4110 4109/4109/4109 4282/4282/4282 
f 4104/4104/4104 4105/4105/4105 4106/4106/4106 
f 4106/4106/4106 4116/4116/4116 4104/4104/4104 
f 4121/4121/4121 4122/4122/4122 4123/4123/4123 
f 4124/4124/4124 4125/4125/4125 4126/4126/4126 
f 4169/4169/4169 4170/4170/4170 4171/4171/4171 
f 4197/4197/4197 4198/4198/4198 4199/4199/4199 
f 4203/4203/4203 4204/4204/4204 4205/4205/4205 
f 4284/4284/4284 4285/4285/4285 4286/4286/4286 
f 4295/4295/4295 4284/4284/4284 4286/4286/4286 
f 4289/4289/4289 4290/4290/4290 4291/4291/4291 
f 4292/4292/4292 4293/4293/4293 4294/4294/4294 
f 4349/4349/4349 4350/4350/4350 4351/4351/4351 
f 4352/4352/4352 4353/4353/4353 4354/4354/4354 
f 4355/4355/4355 4356/4356/4356 4357/4357/4357 
f 4089/4089/4089 4090/4090/4090 4091/4091/4091 
f 4089/4089/4089 4091/4091/4091 4094/4094/4094 
f 4091/4091/4091 4096/4096/4096 4094/4094/4094 
f 4091/4091/4091 4095/4095/4095 4096/4096/4096 
f 4094/4094/4094 4096/4096/4096 4097/4097/4097 
f 4097/4097/4097 4096/4096/4096 4098/4098/4098 
f 4094/4094/4094 4099/4099/4099 4100/4100/4100 
f 4092/4092/4092 4093/4093/4093 4089/4089/4089 
f 4092/4092/4092 4089/4089/4089 4112/4112/4112 
f 4112/4112/4112 4107/4107/4107 4092/4092/4092 
f 4092/4092/4092 4107/4107/4107 4108/4108/4108 
f 4283/4283/4283 4108/4108/4108 4107/4107/4107 
f 4112/4112/4112 4296/4296/4296 4107/4107/4107 
f 4297/4297/4297 4298/4298/4298 4112/4112/4112 
f 4297/4297/4297 4112/4112/4112 4300/4300/4300 
f 4301/4301/4301 4297/4297/4297 4300/4300/4300 
f 4300/4300/4300 4302/4302/4302 4301/4301/4301 
f 4303/4303/4303 4302/4302/4302 4300/4300/4300 
f 4305/4305/4305 4306/4306/4306 4300/4300/4300 
f 4101/4101/4101 4102/4102/4102 4103/4103/4103 
f 4304/4304/4304 4102/4102/4102 4101/4101/4101 
f 4113/4113/4113 4114/4114/4114 4115/4115/4115 
f 4114/4114/4114 4113/4113/4113 4299/4299/4299 
f 4100/4100/4100 4127/4127/4127 4128/4128/4128 
f 4128/4128/4128 4127/4127/4127 4175/4175/4175 
f 4144/4144/4144 4127/4127/4127 4145/4145/4145 
f 4208/4208/4208 4209/4209/4209 4128/4128/4128 
f 4164/4164/4164 4165/4165/4165 4166/4166/4166 
f 4172/4172/4172 4173/4173/4173 4174/4174/4174 
f 4172/4172/4172 4206/4206/4206 4207/4207/4207 
f 4172/4172/4172 4182/4182/4182 4183/4183/4183 
f 4176/4176/4176 4177/4177/4177 4178/4178/4178 
f 4187/4187/4187 4188/4188/4188 4189/4189/4189 
f 4187/4187/4187 4189/4189/4189 4196/4196/4196 
f 4196/4196/4196 4189/4189/4189 4216/4216/4216 
f 4217/4217/4217 4216/4216/4216 4189/4189/4189 
f 4210/4210/4210 4211/4211/4211 4212/4212/4212 
f 4213/4213/4213 4214/4214/4214 4215/4215/4215 
f 4278/4278/4278 4279/4279/4279 4280/4280/4280 
f 4307/4307/4307 4308/4308/4308 4309/4309/4309 
f 4323/4323/4323 4324/4324/4324 4325/4325/4325 
f 4343/4343/4343 4344/4344/4344 4345/4345/4345 
f 4358/4358/4358 4359/4359/4359 4360/4360/4360 
f 4361/4361/4361 4362/4362/4362 4363/4363/4363 
f 4363/4363/4363 4364/4364/4364 4365/4365/4365 
f 4365/4365/4365 4366/4366/4366 4363/4363/4363 
f 4366/4366/4366 4370/4370/4370 4363/4363/4363 
f 4366/4366/4366 4376/4376/4376 4370/4370/4370 
f 4367/4367/4367 4366/4366/4366 4365/4365/4365 
f 4368/4368/4368 4367/4367/4367 4365/4365/4365 
f 4367/4367/4367 4368/4368/4368 4369/4369/4369 
f 4374/4374/4374 4375/4375/4375 4370/4370/4370 
f 4371/4371/4371 4372/4372/4372 4373/4373/4373 
f 4383/4383/4383 4384/4384/4384 4385/4385/4385 
f 4179/4179/4179 4180/4180/4180 4181/4181/4181 
f 4184/4184/4184 4185/4185/4185 4186/4186/4186 
f 4190/4190/4190 4191/4191/4191 4192/4192/4192 
f 4193/4193/4193 4194/4194/4194 4195/4195/4195 
f 4218/4218/4218 4219/4219/4219 4220/4220/4220 
f 4221/4221/4221 4222/4222/4222 4223/4223/4223 
f 4224/4224/4224 4225/4225/4225 4226/4226/4226 
f 4227/4227/4227 4228/4228/4228 4229/4229/4229 
f 4230/4230/4230 4231/4231/4231 4232/4232/4232 
f 4233/4233/4233 4234/4234/4234 4235/4235/4235 
f 4236/4236/4236 4237/4237/4237 4238/4238/4238 
f 4239/4239/4239 4240/4240/4240 4241/4241/4241 
f 4242/4242/4242 4243/4243/4243 4244/4244/4244 
f 4245/4245/4245 4246/4246/4246 4247/4247/4247 
f 4248/4248/4248 4249/4249/4249 4250/4250/4250 
f 4251/4251/4251 4252/4252/4252 4253/4253/4253 
f 4254/4254/4254 4255/4255/4255 4256/4256/4256 
f 4257/4257/4257 4258/4258/4258 4259/4259/4259 
f 4260/4260/4260 4261/4261/4261 4262/4262/4262 
f 4263/4263/4263 4264/4264/4264 4265/4265/4265 
f 4266/4266/4266 4267/4267/4267 4268/4268/4268 
f 4269/4269/4269 4270/4270/4270 4271/4271/4271 
f 4272/4272/4272 4273/4273/4273 4274/4274/4274 
f 4275/4275/4275 4276/4276/4276 4277/4277/4277 
f 4377/4377/4377 4378/4378/4378 4379/4379/4379 
f 4380/4380/4380 4381/4381/4381 4382/4382/4382 
f 4386/4386/4386 4387/4387/4387 4388/4388/4388 
f 4389/4389/4389 4390/4390/4390 4391/4391/4391 
f 4392/4392/4392 4393/4393/4393 4394/4394/4394 
f 4395/4395/4395 4396/4396/4396 4397/4397/4397 
f 4398/4398/4398 4399/4399/4399 4400/4400/4400 
f 4401/4401/4401 4402/4402/4402 4403/4403/4403 
f 4404/4404/4404 4405/4405/4405 4406/4406/4406 
f 4407/4407/4407 4408/4408/4408 4409/4409/4409 
f 4410/4410/4410 4411/4411/4411 4412/4412/4412 
f 4413/4413/4413 4414/4414/4414 4415/4415/4415 
f 4416/4416/4416 4417/4417/4417 4418/4418/4418 
f 4419/4419/4419 4420/4420/4420 4421/4421/4421 
f 4422/4422/4422 4423/4423/4423 4424/4424/4424 
f 4425/4425/4425 4426/4426/4426 4427/4427/4427 
f 4428/4428/4428 4429/4429/4429 4430/4430/4430 
f 4431/4431/4431 4432/4432/4432 4433/4433/4433 
f 4434/4434/4434 4435/4435/4435 4436/4436/4436 
f 4437/4437/4437 4438/4438/4438 4439/4439/4439 
f 4440/4440/4440 4441/4441/4441 4442/4442/4442 
f 4443/4443/4443 4444/4444/4444 4445/4445/4445 
f 4446/4446/4446 4447/4447/4447 4448/4448/4448 
f 4449/4449/4449 4450/4450/4450 4451/4451/4451 
f 4146/4146/4146 4147/4147/4147 4148/4148/4148 
f 4163/4163/4163 4147/4147/4147 4146/4146/4146 
f 4326/4326/4326 4327/4327/4327 4328/4328/4328 
f 4328/4328/4328 4346/4346/4346 4326/4326/4326 
f 4132/4132/4132 4133/4133/4133 4134/4134/4134 
f 4133/4133/4133 4132/4132/4132 4155/4155/4155 
f 4141/4141/4141 4142/4142/4142 4143/4143/4143 
f 4141/4141/4141 4162/4162/4162 4142/4142/4142 
f 4310/4310/4310 4311/4311/4311 4312/4312/4312 
f 4311/4311/4311 4310/4310/4310 4339/4339/4339 
f 4320/4320/4320 4321/4321/4321 4322/4322/4322 
f 4342/4342/4342 4322/4322/4322 4321/4321/4321 
f 4149/4149/4149 4150/4150/4150 4151/4151/4151 
f 4167/4167/4167 4151/4151/4151 4150/4150/4150 
f 4329/4329/4329 4330/4330/4330 4331/4331/4331 
f 4329/4329/4329 4347/4347/4347 4330/4330/4330 
f 4129/4129/4129 4130/4130/4130 4131/4131/4131 
f 4129/4129/4129 4156/4156/4156 4130/4130/4130 
f 4138/4138/4138 4139/4139/4139 4140/4140/4140 
f 4139/4139/4139 4138/4138/4138 4158/4158/4158 
f 4313/4313/4313 4314/4314/4314 4315/4315/4315 
f 4338/4338/4338 4315/4315/4315 4314/4314/4314 
f 4316/4316/4316 4317/4317/4317 4318/4318/4318 
f 4317/4317/4317 4316/4316/4316 4341/4341/4341 
f 4159/4159/4159 4160/4160/4160 4161/4161/4161 
f 4160/4160/4160 4159/4159/4159 4319/4319/4319 
f 4152/4152/4152 4153/4153/4153 4154/4154/4154 
f 4152/4152/4152 4168/4168/4168 4153/4153/4153 
f 4332/4332/4332 4333/4333/4333 4334/4334/4334 
f 4333/4333/4333 4348/4348/4348 4334/4334/4334 
f 4135/4135/4135 4136/4136/4136 4137/4137/4137 
f 4157/4157/4157 4136/4136/4136 4135/4135/4135 
f 4335/4335/4335 4336/4336/4336 4337/4337/4337 
f 4336/4336/4336 4335/4335/4335 4340/4340/4340 

g Cube0011

v -0.467218 1.22596 -1.27058 
v -0.467218 0.95267 -0.979909 
v -0.467218 0.95267 -1.27058 
v -0.472102 1.96109 1.0087 
v -0.472102 1.63789 1.42575 
v -0.472102 1.63789 1.0087 
v -0.472102 1.891 -1.4813 
v -0.472102 1.70798 -1.06425 
v -0.472102 1.70798 -1.4813 
v -0.472102 1.891 -1.06425 
v -0.467218 1.22596 -0.979909 
v 0.731334 0.95267 -1.27058 
v 0.731334 1.22596 -1.27058 
v 0.731334 0.985558 -1.2356 
v 0.731334 1.22596 -0.979909 
v 0.731334 0.95267 -0.979909 
v 0.731334 0.985558 -1.01489 
v 0.731334 1.22596 -0.979909 
v 0.731334 0.985558 -1.01489 
v 0.731334 1.19307 -1.01489 
v 0.731334 1.22596 -1.27058 
v 0.731334 1.19307 -1.01489 
v 0.731334 1.19307 -1.2356 
v -0.472102 1.96109 1.42575 
v -0.467218 1.22596 1.21942 
v -0.467218 0.95267 1.51009 
v -0.467218 0.95267 1.21942 
v -0.467218 1.22596 1.51009 
v 0.0997963 3.99318 2.37003 
v 0.0997963 3.79847 2.31538 
v 0.0997963 3.97942 2.23118 
v 0.0997963 4.12718 2.20486 
v 0.0997963 3.88888 2.42167 
v 0.731334 0.985558 1.2544 
v 0.731334 0.985558 1.47511 
v 0.731334 0.95267 1.21942 
v 0.731334 0.95267 1.51009 
v 0.0997963 3.81283 2.51625 
v 0.0997963 3.68457 2.46131 
v 0.0997963 4.16512 2.33913 
v 0.477634 5.11467 0.097093 
v 0.477634 5.11467 -0.276739 
v 0.477634 5.17763 -0.276739 
v 0.477634 5.17763 0.160054 
v 0.358756 6.24097 -0.500996 
v 0.358761 6.24097 -0.725253 
v 0.358756 6.34669 -0.500996 
v 0.358761 6.34669 -0.725253 
v 0.477634 4.96202 0.0970929 
v 0.477634 5.02498 0.160054 
v 0.477634 4.96202 0.655825 
v 0.684371 6.34615 -1.57875 
v 0.684371 6.13908 -0.72719 
v 0.684371 6.13843 -1.57875 
v 0.684371 6.34615 -1.57875 
v 0.684373 6.3468 -0.725286 
v 0.684371 6.13908 -0.72719 
v 0.477634 5.02498 0.718786 
v 0.0997963 4.23587 2.13468 
v 0.0997963 4.34968 2.21541 
v 0.0997963 4.31957 2.01623 
v 0.0997963 4.45563 2.04715 
v 0.477634 4.7997 0.718786 
v 0.477634 4.73674 0.655825 
v 0.477634 4.96202 0.655825 
v 0.477634 4.7997 0.718786 
v 0.477634 4.73674 1.60518 
v 0.477634 4.73674 0.655825 
v 0.477634 4.7997 1.60518 
v 0.477634 5.02498 0.718786 
v 0.477634 4.7997 0.718786 
v 0.477634 4.96202 0.655825 
v 0.731334 0.985558 -1.01489 
v 0.731334 0.95267 -0.979909 
v 0.731334 0.95267 -1.27058 
v 0.731334 0.985558 -1.2356 
v 0.922211 1.19307 -1.2356 
v 0.922211 1.19307 -1.01489 
v 0.922211 0.985558 -1.2356 
v 0.731334 1.22596 -1.27058 
v 0.731334 1.19307 -1.2356 
v 0.731334 1.22596 -0.979909 
v 0.731334 1.19307 -1.01489 
v 0.922211 0.985558 -1.01489 
v 0.924204 1.891 -1.4813 
v 0.924204 1.891 -1.06425 
v 0.924204 1.70798 -1.4813 
v 0.924204 1.70798 -1.06425 
v 0.924204 1.96109 1.0087 
v 0.924204 1.96109 1.42575 
v 0.924204 1.63789 1.0087 
v 1.05123 2.22204 0.889703 
v 1.05123 2.4943 1.38904 
v 1.05123 2.22204 1.38904 
v 0.731334 0.95267 1.21942 
v 0.731334 1.22596 1.21942 
v 0.731334 0.985558 1.2544 
v 0.731334 1.22596 1.21942 
v 0.731334 1.19307 1.2544 
v 0.731334 1.22596 1.51009 
v 0.731334 0.985558 1.47511 
v 0.731334 1.19307 1.47511 
v 0.731334 1.22596 1.21942 
v 0.731334 1.19307 1.47511 
v 0.731334 1.19307 1.2544 
v 0.731334 1.22596 1.51009 
v 0.731334 1.19307 1.47511 
v 0.731334 1.22596 1.51009 
v 0.731334 0.95267 1.51009 
v 0.731334 0.985558 1.47511 
v 0.922211 1.19307 1.47511 
v 0.922211 0.985558 1.47511 
v 0.922211 0.985558 1.2544 
v 0.922211 1.19307 1.2544 
v 0.924204 1.63789 1.42575 
v 1.05123 2.22204 -1.4343 
v 1.05123 2.4943 -0.934963 
v 1.05123 2.22204 -0.934963 
v 1.05123 2.4943 -1.4343 
v 1.05123 2.4943 -1.54371 
v 1.05123 3.10055 -1.54371 
v 1.05123 2.4943 -1.4343 
v 0.965051 5.95881 -0.72715 
v 0.965051 5.95881 -1.57871 
v 0.965051 6.13843 -0.72719 
v 0.965051 6.13843 -1.57875 
v 1.05123 3.10055 -0.825549 
v 1.32744 4.42285 -1.61352 
v 1.32744 3.31522 -0.504846 
v 1.32744 3.31522 -1.61352 
v 1.05123 2.4943 -0.934963 
v 1.06422 5.95881 -0.72715 
v 1.06422 5.34893 -0.727151 
v 1.06422 5.34893 -1.57871 
v 1.06422 5.95881 -1.57871 
v 1.32744 4.42285 -0.504846 
v 1.05123 2.4943 -0.825549 
v 1.05123 2.4943 0.889703 
v 1.05123 2.4943 0.780289 
v 1.05123 3.26655 0.78029 
v 0.941077 3.31522 -0.504846 
v 0.941077 4.42285 0.341938 
v 0.941077 3.31522 0.341938 
v 0.941077 4.42285 -0.504846 
v 1.05123 2.4943 1.38904 
v 1.05123 2.4943 0.889703 
v 1.05123 3.26655 1.58145 
v 1.05123 2.4943 1.58145 
v -0.862153 1.19307 -1.2356 
v -0.671275 1.19307 -1.01489 
v -0.671275 1.19307 -1.2356 
v -0.862153 1.19307 -1.01489 
v -0.991168 3.10055 -1.54371 
v -0.991168 3.10055 -0.825549 
v -0.909623 3.10055 -0.825549 
v -0.909623 3.10055 -1.54371 
v -0.472102 1.891 -1.06425 
v -0.864146 1.891 -1.4813 
v -0.864146 1.891 -1.06425 
v -0.671275 1.22596 -0.979909 
v -0.467218 1.22596 -1.27058 
v -0.671275 1.22596 -1.27058 
v -0.467218 1.22596 -0.979909 
v -0.472102 1.891 -1.4813 
v -0.991168 3.26655 1.58145 
v -0.909623 3.26655 0.78029 
v -0.991168 3.26655 0.78029 
v -0.862153 1.19307 1.2544 
v -0.671275 1.19307 1.47511 
v -0.671275 1.19307 1.2544 
v -0.862153 1.19307 1.47511 
v -0.472102 1.96109 1.42575 
v -0.864146 1.96109 1.0087 
v -0.864146 1.96109 1.42575 
v -0.909623 3.26655 1.58145 
v -0.671275 1.22596 1.51009 
v -0.467218 1.22596 1.21942 
v -0.671275 1.22596 1.21942 
v -0.467218 1.22596 1.51009 
v -0.472102 1.96109 1.0087 
v -0.0397377 3.81283 2.51625 
v 0.0997963 3.88888 2.42167 
v -0.0397377 3.88888 2.42167 
v -0.0397377 4.34968 2.21541 
v 0.0997963 4.45563 2.04715 
v -0.0397377 4.45563 2.04715 
v -1.18633 4.42285 -0.585894 
v -1.18633 4.42285 -1.61352 
v -1.26738 4.42285 -1.61352 
v -1.18633 4.42285 -0.585894 
v -1.26738 4.42285 -1.61352 
v -1.26738 4.42285 -0.504846 
v -1.00416 5.95881 -0.72715 
v -0.904992 5.95881 -1.57871 
v -1.00416 5.95881 -1.57871 
v -0.904992 5.95881 -0.72715 
v -0.904992 6.13844 -0.72719 
v -0.624311 6.13844 -1.57875 
v -0.904992 6.13844 -1.57875 
v -0.624311 6.13907 -0.72719 
v -0.298617 6.346 -0.725294 
v 0.684371 6.34615 -1.57875 
v -0.624311 6.34615 -1.57875 
v -0.624311 6.34615 -1.57875 
v -0.624309 6.34678 -0.725321 
v -0.298617 6.346 -0.725294 
v -0.298698 6.34669 -0.501017 
v 0.358756 6.34669 -0.500996 
v -0.298617 6.346 -0.725294 
v -0.881018 4.42285 -0.504846 
v -0.881018 4.42285 0.341938 
v -0.799971 4.42285 0.341938 
v -1.26738 4.42285 -0.504846 
v -0.799971 4.42285 -0.585894 
v -0.881018 4.42285 -0.504846 
v -0.799971 4.42285 0.341938 
v -0.799971 4.42285 -0.585894 
v -0.417576 4.7997 1.60518 
v 0.477634 4.7997 1.60518 
v -0.417576 4.7997 0.718786 
v -0.417576 5.02498 0.718786 
v 0.477634 5.02498 0.718786 
v -0.417576 5.02498 0.160054 
v -0.417576 5.17763 0.160054 
v 0.477634 5.17763 -0.276739 
v -0.417576 5.17763 -0.276739 
v 0.0997963 3.81283 2.51625 
v 0.731334 1.22596 -0.979909 
v 0.731334 1.22596 -1.27058 
v 0.527276 1.22596 -1.27058 
v 0.527276 1.22596 -0.979909 
v 0.532161 1.891 -1.06425 
v 0.924204 1.891 -1.4813 
v 0.532161 1.891 -1.4813 
v 0.924204 1.891 -1.06425 
v 0.731334 1.19307 -1.01489 
v 0.922211 1.19307 -1.2356 
v 0.731334 1.19307 -1.2356 
v 0.922211 1.19307 -1.01489 
v 1.05123 3.10055 -0.825549 
v 0.969682 3.10055 -1.54371 
v 0.969682 3.10055 -0.825549 
v 1.05123 3.10055 -1.54371 
v 1.05123 3.26655 1.58145 
v 1.05123 3.26655 0.78029 
v 0.969682 3.26655 0.78029 
v 0.527276 1.22596 1.51009 
v 0.731334 1.22596 1.51009 
v 0.527276 1.22596 1.21942 
v 0.731334 1.22596 1.21942 
v 0.532161 1.96109 1.42575 
v 0.924204 1.96109 1.0087 
v 0.532161 1.96109 1.0087 
v 0.924204 1.96109 1.42575 
v 0.731334 1.19307 1.47511 
v 0.922211 1.19307 1.2544 
v 0.731334 1.19307 1.2544 
v 0.922211 1.19307 1.47511 
v 0.969682 3.26655 1.58145 
v 0.0997963 4.34968 2.21541 
v 0.684371 6.13908 -0.72719 
v 0.965051 6.13843 -1.57875 
v 0.684371 6.13843 -1.57875 
v 0.965051 6.13843 -0.72719 
v 0.358761 6.34669 -0.725253 
v 0.358761 6.34669 -0.725253 
v 0.684373 6.3468 -0.725286 
v 0.684371 6.34615 -1.57875 
v 0.965051 5.95881 -0.72715 
v 1.06422 5.95881 -1.57871 
v 0.965051 5.95881 -1.57871 
v 1.32744 4.42285 -1.61352 
v 1.24639 4.42285 -1.61352 
v 1.24639 4.42285 -0.585894 
v 1.32744 4.42285 -0.504846 
v 1.32744 4.42285 -1.61352 
v 1.24639 4.42285 -0.585894 
v 1.06422 5.95881 -0.72715 
v 0.358761 6.34669 -0.725253 
v 0.477634 4.7997 0.718786 
v 0.477634 5.02498 0.160054 
v 0.477634 5.17763 0.160054 
v 0.860029 4.42285 -0.585894 
v 0.860029 4.42285 0.341938 
v 0.941077 4.42285 -0.504846 
v 0.860029 4.42285 0.341938 
v 0.941077 4.42285 0.341938 
v 0.941077 4.42285 -0.504846 
v 1.24639 4.42285 -0.585894 
v 0.860029 4.42285 -0.585894 
v 1.32744 4.42285 -0.504846 
v -0.671275 1.19307 -1.01489 
v -0.862153 1.19307 -1.01489 
v -0.862153 0.985558 -1.01489 
v -0.909623 2.4943 -0.934963 
v -0.991168 2.22204 -0.934963 
v -0.909623 2.22204 -0.934963 
v -0.991168 2.4943 -0.934963 
v -0.909623 3.10055 -0.825549 
v -0.991168 2.4943 -0.825549 
v -0.909623 2.4943 -0.825549 
v -0.991168 3.10055 -0.825549 
v -0.671275 0.985558 -1.01489 
v -0.467218 1.22596 -0.979909 
v -0.671275 0.95267 -0.979909 
v -0.467218 0.95267 -0.979909 
v -0.671275 1.22596 -0.979909 
v -0.472102 1.891 -1.06425 
v -0.864146 1.70798 -1.06425 
v -0.472102 1.70798 -1.06425 
v -0.864146 1.891 -1.06425 
v -0.799971 4.42285 0.341938 
v -0.881018 3.31522 0.341938 
v -0.799971 3.31522 0.341938 
v -0.909623 2.4943 1.38904 
v -0.991168 2.22204 1.38904 
v -0.909623 2.22204 1.38904 
v -0.671275 1.19307 1.47511 
v -0.862153 1.19307 1.47511 
v -0.862153 0.985558 1.47511 
v -0.991168 2.4943 1.38904 
v -0.909623 3.26655 1.58145 
v -0.991168 2.4943 1.58145 
v -0.909623 2.4943 1.58145 
v -0.991168 3.26655 1.58145 
v -0.671275 0.985558 1.47511 
v -0.467218 1.22596 1.51009 
v -0.671275 0.95267 1.51009 
v -0.467218 0.95267 1.51009 
v -0.671275 1.22596 1.51009 
v -0.472102 1.96109 1.42575 
v -0.864146 1.63789 1.42575 
v -0.472102 1.63789 1.42575 
v -0.864146 1.96109 1.42575 
v -0.881018 4.42285 -0.504846 
v -1.26738 3.31522 -0.504846 
v -0.881018 3.31522 -0.504846 
v -1.00416 5.34893 -0.727151 
v -0.899135 5.34893 -0.727151 
v -0.899135 5.85379 -0.72715 
v -1.00416 5.95881 -0.72715 
v -0.799971 5.85379 -0.72715 
v -0.904992 5.95881 -0.72715 
v -0.899135 5.85379 -0.72715 
v -0.904992 6.13844 -0.72719 
v -0.904992 5.95881 -0.72715 
v -0.799971 6.03353 -0.72715 
v -0.904992 5.95881 -0.72715 
v -0.799971 6.03353 -0.72715 
v -0.624311 6.13907 -0.72719 
v -0.904992 6.13844 -0.72719 
v -0.799971 6.03353 -0.72715 
v -0.799971 6.03353 -0.72715 
v -0.51929 6.03417 -0.72715 
v -0.624311 6.13907 -0.72719 
v -0.51929 6.03417 -0.72715 
v -0.519288 6.24161 -0.725281 
v -0.624311 6.13907 -0.72719 
v -0.519288 6.24161 -0.725281 
v -0.624309 6.34678 -0.725321 
v -0.624311 6.13907 -0.72719 
v -0.519288 6.24161 -0.725281 
v -0.298617 6.346 -0.725294 
v -0.624309 6.34678 -0.725321 
v -1.26738 4.42285 -0.504846 
v -0.881018 4.42285 0.341938 
v 0.477634 5.02498 0.718786 
v -0.417576 5.02498 0.718786 
v -0.417576 4.7997 0.718786 
v -0.519288 6.24161 -0.725281 
v -0.298693 6.24097 -0.725274 
v -0.298617 6.346 -0.725294 
v 0.477634 5.17763 0.160054 
v -0.417576 5.17763 0.160054 
v -0.417576 5.02498 0.160054 
v 0.477634 4.73674 1.60518 
v -0.417576 4.7997 1.60518 
v -0.417576 4.73674 1.60518 
v -0.0397377 4.16512 2.33913 
v -0.0397377 3.99318 2.37003 
v 0.0997963 4.16512 2.33913 
v -0.0397377 3.88888 2.42167 
v 0.0997963 3.99318 2.37003 
v 0.0997963 4.34968 2.21541 
v -0.0397377 4.34968 2.21541 
v 0.358756 6.34669 -0.500996 
v -0.298698 6.34669 -0.501017 
v -0.298698 6.24097 -0.501017 
v 0.731334 1.19307 -1.01489 
v 0.731334 0.985558 -1.01489 
v 0.922211 0.985558 -1.01489 
v 0.731334 0.95267 -0.979909 
v 0.527276 1.22596 -0.979909 
v 0.527276 0.95267 -0.979909 
v 0.731334 1.22596 -0.979909 
v 0.532161 1.70798 -1.06425 
v 0.924204 1.70798 -1.06425 
v 0.532161 1.891 -1.06425 
v 0.924204 1.891 -1.06425 
v 0.922211 1.19307 -1.01489 
v 0.969682 2.4943 -0.934963 
v 0.969682 2.22204 -0.934963 
v 1.05123 2.22204 -0.934963 
v 1.05123 2.4943 -0.934963 
v 0.969682 3.10055 -0.825549 
v 0.969682 2.4943 -0.825549 
v 1.05123 2.4943 -0.825549 
v 1.05123 3.10055 -0.825549 
v 0.941077 4.42285 0.341938 
v 0.860029 3.31522 0.341938 
v 0.941077 3.31522 0.341938 
v 0.731334 1.19307 1.47511 
v 0.731334 0.985558 1.47511 
v 0.922211 0.985558 1.47511 
v 0.731334 0.95267 1.51009 
v 0.527276 1.22596 1.51009 
v 0.527276 0.95267 1.51009 
v 0.731334 1.22596 1.51009 
v 0.532161 1.96109 1.42575 
v 0.532161 1.63789 1.42575 
v 0.924204 1.63789 1.42575 
v 0.924204 1.96109 1.42575 
v 0.922211 1.19307 1.47511 
v 0.969682 2.4943 1.38904 
v 0.969682 2.22204 1.38904 
v 1.05123 2.22204 1.38904 
v 1.05123 2.4943 1.38904 
v 0.969682 3.26655 1.58145 
v 0.969682 2.4943 1.58145 
v 1.05123 2.4943 1.58145 
v 1.05123 3.26655 1.58145 
v 0.941077 4.42285 -0.504846 
v 0.941077 3.31522 -0.504846 
v 1.32744 3.31522 -0.504846 
v 0.684371 6.13908 -0.72719 
v 0.579349 6.03418 -0.72715 
v 0.860029 6.03353 -0.72715 
v 0.965051 5.95881 -0.72715 
v 0.860029 6.03353 -0.72715 
v 0.860029 5.85379 -0.72715 
v 0.965051 6.13843 -0.72719 
v 0.684371 6.13908 -0.72719 
v 0.860029 6.03353 -0.72715 
v 0.684371 6.13908 -0.72719 
v 0.579351 6.24162 -0.725246 
v 0.579349 6.03418 -0.72715 
v 0.684371 6.13908 -0.72719 
v 0.684373 6.3468 -0.725286 
v 0.579351 6.24162 -0.725246 
v 0.959194 5.85379 -0.72715 
v 0.959194 5.34893 -0.727151 
v 1.06422 5.34893 -0.727151 
v 1.06422 5.95881 -0.72715 
v 1.06422 5.95881 -0.72715 
v 0.965051 5.95881 -0.72715 
v 0.959194 5.85379 -0.72715 
v 0.860029 6.03353 -0.72715 
v 0.965051 5.95881 -0.72715 
v 0.965051 6.13843 -0.72719 
v 0.684373 6.3468 -0.725286 
v 0.358761 6.34669 -0.725253 
v 0.579351 6.24162 -0.725246 
v 0.0997963 3.88888 2.42167 
v 0.477634 5.02498 0.160054 
v 0.358756 6.24097 -0.500996 
v 0.477634 4.7997 0.718786 
v 1.32744 4.42285 -0.504846 
v 0.860029 4.42285 0.341938 
v 0.477634 4.7997 1.60518 
v 0.358761 6.34669 -0.725253 
v 0.358761 6.24097 -0.725253 
v 0.579351 6.24162 -0.725246 
v -0.862153 1.19307 -1.01489 
v -0.862153 1.19307 -1.2356 
v -0.862153 0.985558 -1.2356 
v -0.862153 0.985558 -1.01489 
v -0.864146 1.891 -1.06425 
v -0.864146 1.70798 -1.4813 
v -0.864146 1.70798 -1.06425 
v -0.864146 1.891 -1.4813 
v -0.671275 1.19307 -1.2356 
v -0.671275 1.22596 -1.27058 
v -0.671275 0.95267 -1.27058 
v -0.671275 0.985558 -1.01489 
v -0.671275 0.985558 -1.2356 
v -0.671275 0.95267 -0.979909 
v -0.671275 0.95267 -1.27058 
v -0.671275 0.985558 -1.2356 
v -0.671275 1.19307 -1.2356 
v -0.671275 1.22596 -0.979909 
v -0.671275 1.22596 -1.27058 
v -0.671275 1.19307 -1.01489 
v -0.671275 1.22596 -0.979909 
v -0.864146 1.96109 1.42575 
v -0.864146 1.63789 1.0087 
v -0.864146 1.63789 1.42575 
v -0.862153 1.19307 1.47511 
v -0.862153 1.19307 1.2544 
v -0.862153 0.985558 1.2544 
v -0.864146 1.96109 1.0087 
v -0.991168 2.22204 1.38904 
v -0.991168 2.4943 0.889703 
v -0.991168 2.22204 0.889703 
v -0.862153 0.985558 1.47511 
v -0.671275 0.985558 1.47511 
v -0.671275 0.985558 1.2544 
v -0.671275 0.95267 1.21942 
v -0.671275 0.95267 1.51009 
v -0.671275 1.22596 1.51009 
v -0.671275 0.985558 -1.01489 
v -0.671275 0.95267 -0.979909 
v -0.671275 1.22596 -0.979909 
v -0.671275 0.985558 -1.01489 
v -0.671275 1.22596 -0.979909 
v -0.671275 1.19307 -1.01489 
v -0.991168 2.22204 -0.934963 
v -0.991168 2.4943 -1.4343 
v -0.991168 2.22204 -1.4343 
v -0.991168 3.10055 -1.54371 
v -0.991168 2.4943 -1.54371 
v -1.26738 4.42285 -0.504846 
v -1.26738 4.42285 -1.61352 
v -1.26738 3.31522 -1.61352 
v -1.00416 5.95881 -1.57871 
v -1.00416 5.34893 -1.57871 
v -1.00416 5.34893 -0.727151 
v -1.00416 5.95881 -0.72715 
v -0.991168 2.4943 -0.934963 
v -0.991168 3.10055 -0.825549 
v -0.904992 6.13844 -0.72719 
v -0.904992 5.95881 -1.57871 
v -0.904992 5.95881 -0.72715 
v -0.904992 6.13844 -1.57875 
v -1.26738 3.31522 -0.504846 
v -0.991168 2.4943 -0.825549 
v -0.991168 2.4943 1.38904 
v -0.991168 3.26655 0.78029 
v -0.991168 2.4943 0.780289 
v -0.991168 3.26655 1.58145 
v -0.991168 2.4943 1.58145 
v -0.881018 4.42285 0.341938 
v -0.881018 3.31522 -0.504846 
v -0.881018 3.31522 0.341938 
v -0.881018 4.42285 -0.504846 
v -0.671275 1.22596 1.21942 
v -0.671275 1.19307 1.2544 
v 0.527276 1.22596 -1.27058 
v 0.527276 0.95267 -1.27058 
v 0.527276 0.95267 -0.979909 
v -0.671275 1.19307 1.2544 
v -0.671275 0.95267 1.21942 
v -0.671275 0.985558 1.2544 
v -0.671275 1.19307 1.2544 
v -0.671275 1.22596 1.21942 
v -0.671275 0.95267 1.21942 
v 0.527276 1.22596 -0.979909 
v 0.527276 1.22596 1.21942 
v 0.527276 0.95267 1.21942 
v 0.527276 0.95267 1.51009 
v 0.532161 1.70798 -1.4813 
v 0.532161 1.70798 -1.06425 
v 0.532161 1.891 -1.4813 
v 0.532161 1.96109 1.0087 
v 0.532161 1.63789 1.0087 
v 0.532161 1.63789 1.42575 
v 0.532161 1.891 -1.06425 
v 0.532161 1.96109 1.42575 
v -0.671275 0.985558 1.47511 
v -0.671275 0.95267 1.21942 
v -0.671275 0.95267 1.51009 
v -0.671275 1.19307 1.47511 
v -0.671275 1.22596 1.51009 
v -0.671275 1.19307 1.47511 
v -0.0397377 3.79847 2.31538 
v -0.0397377 3.99318 2.37003 
v -0.0397377 3.97942 2.23118 
v -0.0397377 4.12718 2.20486 
v -0.0397377 3.88888 2.42167 
v 0.527276 1.22596 1.51009 
v -0.0397377 3.81283 2.51625 
v -0.0397377 3.68457 2.46131 
v -0.0397377 4.16512 2.33913 
v -0.417576 5.17763 -0.276739 
v -0.417576 5.11467 -0.276739 
v -0.417576 5.11467 0.097093 
v -0.417576 5.17763 0.160054 
v -0.624311 6.13844 -1.57875 
v -0.624311 6.13907 -0.72719 
v -0.624311 6.34615 -1.57875 
v -0.624309 6.34678 -0.725321 
v -0.417576 5.02498 0.160054 
v -0.417576 4.96202 0.0970929 
v -0.417576 4.96202 0.655825 
v -0.298693 6.24097 -0.725274 
v -0.298698 6.24097 -0.501017 
v -0.298617 6.346 -0.725294 
v -0.298698 6.34669 -0.501017 
v -0.417576 5.02498 0.718786 
v -0.417576 4.73674 0.655825 
v -0.417576 4.73674 1.60518 
v -0.417576 4.7997 0.718786 
v -0.417576 4.7997 1.60518 
v -0.417576 4.96202 0.655825 
v -0.417576 4.73674 0.655825 
v -0.417576 4.7997 0.718786 
v -0.417576 4.96202 0.655825 
v -0.417576 4.7997 0.718786 
v -0.417576 5.02498 0.718786 
v -0.0397377 4.31957 2.01623 
v -0.0397377 4.34968 2.21541 
v -0.0397377 4.45563 2.04715 
v -0.0397377 4.23587 2.13468 
v -0.862153 0.985558 -1.2356 
v -0.671275 0.985558 -1.2356 
v -0.862153 0.985558 -1.01489 
v -0.671275 0.985558 -1.01489 
v -0.991168 2.22204 -1.4343 
v -0.909623 2.22204 -0.934963 
v -0.991168 2.22204 -0.934963 
v -0.909623 2.22204 -1.4343 
v -0.864146 1.70798 -1.4813 
v -0.472102 1.70798 -1.4813 
v -0.864146 1.70798 -1.06425 
v -0.671275 0.95267 -1.27058 
v -0.467218 0.95267 -0.979909 
v -0.671275 0.95267 -0.979909 
v -0.467218 0.95267 -1.27058 
v -0.472102 1.70798 -1.06425 
v -0.909623 2.22204 0.889703 
v -0.909623 2.22204 1.38904 
v -0.991168 2.22204 0.889703 
v -0.862153 0.985558 1.2544 
v -0.671275 0.985558 1.2544 
v -0.862153 0.985558 1.47511 
v -0.671275 0.985558 1.47511 
v -0.991168 2.22204 1.38904 
v -0.991168 2.4943 1.38904 
v -0.909623 2.4943 1.58145 
v -0.991168 2.4943 1.58145 
v -0.864146 1.63789 1.0087 
v -0.472102 1.63789 1.0087 
v -0.864146 1.63789 1.42575 
v -0.671275 0.95267 1.21942 
v -0.467218 0.95267 1.51009 
v -0.671275 0.95267 1.51009 
v -0.467218 0.95267 1.21942 
v -0.472102 1.63789 1.42575 
v -0.991168 2.4943 0.780289 
v -0.909623 2.4943 0.889703 
v -0.991168 2.4943 0.889703 
v -0.991168 2.4943 -1.54371 
v -0.909623 2.4943 -1.4343 
v -0.991168 2.4943 -1.4343 
v -1.26738 3.31522 -0.504846 
v -1.26738 3.31522 -1.61352 
v -1.18633 3.31522 -0.585894 
v -1.26738 3.31522 -1.61352 
v -1.18633 3.31522 -1.61352 
v -1.18633 3.31522 -0.585894 
v -1.00416 5.34893 -1.57871 
v -0.899135 5.34893 -0.727151 
v -1.00416 5.34893 -0.727151 
v -0.991168 2.4943 -0.934963 
v -0.909623 2.4943 -0.825549 
v -0.991168 2.4943 -0.825549 
v -0.909623 2.4943 -1.54371 
v -0.909623 2.4943 -0.934963 
v -0.899135 5.34893 -1.57871 
v -0.881018 3.31522 -0.504846 
v -1.18633 3.31522 -0.585894 
v -0.799971 3.31522 -0.585894 
v -0.909623 2.4943 0.780289 
v -0.909623 2.4943 1.38904 
v -0.881018 3.31522 -0.504846 
v -1.26738 3.31522 -0.504846 
v -1.18633 3.31522 -0.585894 
v -0.799971 3.31522 0.341938 
v -0.881018 3.31522 0.341938 
v -0.881018 3.31522 -0.504846 
v -0.799971 3.31522 -0.585894 
v -0.799971 3.31522 0.341938 
v -0.881018 3.31522 -0.504846 
v -0.0397377 3.79847 2.31538 
v 0.0997963 3.68457 2.46131 
v -0.0397377 3.68457 2.46131 
v -0.0397377 4.31957 2.01623 
v 0.0997963 4.23587 2.13468 
v -0.0397377 4.23587 2.13468 
v 0.0997963 4.31957 2.01623 
v 0.527276 0.95267 -1.27058 
v 0.731334 0.95267 -1.27058 
v 0.527276 0.95267 -0.979909 
v 0.731334 0.95267 -0.979909 
v 0.532161 1.70798 -1.4813 
v 0.924204 1.70798 -1.06425 
v 0.532161 1.70798 -1.06425 
v 0.924204 1.70798 -1.4813 
v 0.731334 0.985558 -1.2356 
v 0.922211 0.985558 -1.01489 
v 0.731334 0.985558 -1.01489 
v 0.922211 0.985558 -1.2356 
v 1.05123 2.22204 -1.4343 
v 0.969682 2.22204 -0.934963 
v 0.969682 2.22204 -1.4343 
v 1.05123 2.22204 -0.934963 
v 1.05123 2.22204 0.889703 
v 0.969682 2.22204 1.38904 
v 0.969682 2.22204 0.889703 
v 0.527276 0.95267 1.21942 
v 0.731334 0.95267 1.21942 
v 0.527276 0.95267 1.51009 
v 0.731334 0.95267 1.51009 
v 0.532161 1.63789 1.0087 
v 0.924204 1.63789 1.42575 
v 0.532161 1.63789 1.42575 
v 0.924204 1.63789 1.0087 
v 0.731334 0.985558 1.2544 
v 0.922211 0.985558 1.47511 
v 0.731334 0.985558 1.47511 
v 0.922211 0.985558 1.2544 
v 1.05123 2.22204 1.38904 
v 0.969682 2.4943 0.889703 
v 1.05123 2.4943 0.780289 
v 1.05123 2.4943 0.889703 
v 1.05123 2.4943 -1.54371 
v 0.969682 2.4943 -1.4343 
v 0.969682 2.4943 -1.54371 
v 1.05123 2.4943 -0.934963 
v 0.969682 2.4943 -0.825549 
v 0.969682 2.4943 -0.934963 
v 1.05123 2.4943 -1.4343 
v 0.959194 5.34893 -1.57871 
v 1.06422 5.34893 -0.727151 
v 0.959194 5.34893 -0.727151 
v 1.05123 2.4943 -0.825549 
v 1.24639 3.31522 -0.585894 
v 1.32744 3.31522 -1.61352 
v 1.32744 3.31522 -0.504846 
v 1.24639 3.31522 -0.585894 
v 1.24639 3.31522 -1.61352 
v 1.32744 3.31522 -1.61352 
v 1.06422 5.34893 -1.57871 
v 0.941077 3.31522 -0.504846 
v 0.860029 3.31522 -0.585894 
v 0.941077 3.31522 -0.504846 
v 0.941077 3.31522 0.341938 
v 0.860029 3.31522 0.341938 
v 0.941077 3.31522 -0.504846 
v 0.860029 3.31522 0.341938 
v 0.860029 3.31522 -0.585894 
v 0.0997963 3.79847 2.31538 
v 0.969682 2.4943 0.780289 
v 1.05123 2.4943 1.38904 
v 0.969682 2.4943 1.58145 
v 0.969682 2.4943 1.38904 
v 1.05123 2.4943 1.58145 
v 1.32744 3.31522 -0.504846 
v -0.862153 1.19307 -1.2356 
v -0.671275 0.985558 -1.2356 
v -0.862153 0.985558 -1.2356 
v -0.671275 1.19307 -1.2356 
v -0.991168 2.4943 0.889703 
v -0.909623 2.22204 0.889703 
v -0.991168 2.22204 0.889703 
v -0.991168 2.4943 -1.4343 
v -0.909623 2.22204 -1.4343 
v -0.991168 2.22204 -1.4343 
v -0.909623 2.4943 0.889703 
v -0.864146 1.891 -1.4813 
v -0.472102 1.70798 -1.4813 
v -0.864146 1.70798 -1.4813 
v -0.671275 1.22596 -1.27058 
v -0.467218 0.95267 -1.27058 
v -0.671275 0.95267 -1.27058 
v -0.467218 1.22596 -1.27058 
v -0.864146 1.63789 1.0087 
v -0.801534 1.70051 1.0087 
v -0.472102 1.63789 1.0087 
v -0.472102 1.891 -1.4813 
v -0.534714 1.70051 1.0087 
v -0.862153 1.19307 1.2544 
v -0.671275 0.985558 1.2544 
v -0.862153 0.985558 1.2544 
v -0.671275 1.19307 1.2544 
v -0.801534 1.89848 1.0087 
v -0.864146 1.96109 1.0087 
v -0.472102 1.96109 1.0087 
v -0.671275 1.22596 1.21942 
v -0.467218 0.95267 1.21942 
v -0.671275 0.95267 1.21942 
v -0.467218 1.22596 1.21942 
v -0.534714 1.89848 1.0087 
v -0.909623 2.4943 -1.4343 
v -1.26738 4.42285 -1.61352 
v -1.18633 3.31522 -1.61352 
v -1.26738 3.31522 -1.61352 
v -1.18633 4.42285 -1.61352 
v -1.00416 5.34893 -1.57871 
v -1.00416 5.95881 -1.57871 
v -0.899135 5.85379 -1.57871 
v -0.799971 6.09993 -1.57871 
v -0.904992 5.95881 -1.57871 
v -0.904992 6.13844 -1.57875 
v -1.00416 5.95881 -1.57871 
v -0.904992 5.95881 -1.57871 
v -0.899135 5.85379 -1.57871 
v -0.799971 6.09993 -1.57871 
v -0.904992 6.13844 -1.57875 
v -0.624311 6.13844 -1.57875 
v -0.51929 6.09993 -1.57871 
v -0.799971 6.09993 -1.57871 
v -0.624311 6.13844 -1.57875 
v -0.51929 6.24097 -1.57871 
v -0.51929 6.09993 -1.57871 
v -0.624311 6.13844 -1.57875 
v -0.51929 6.24097 -1.57871 
v -0.624311 6.13844 -1.57875 
v -0.624311 6.34615 -1.57875 
v -0.624311 6.34615 -1.57875 
v 0.684371 6.34615 -1.57875 
v -0.51929 6.24097 -1.57871 
v -0.799971 5.85379 -1.57871 
v -0.899135 5.85379 -1.57871 
v -0.904992 5.95881 -1.57871 
v -0.991168 3.10055 -1.54371 
v -0.909623 2.4943 -1.54371 
v -0.991168 2.4943 -1.54371 
v -0.991168 3.26655 0.78029 
v -0.909623 2.4943 0.780289 
v -0.991168 2.4943 0.780289 
v -0.909623 3.10055 -1.54371 
v -0.899135 5.34893 -1.57871 
v -0.909623 3.26655 0.78029 
v -0.799971 6.09993 -1.57871 
v -0.799971 5.85379 -1.57871 
v -0.904992 5.95881 -1.57871 
v -0.0397377 4.12718 2.20486 
v 0.0997963 3.97942 2.23118 
v -0.0397377 3.97942 2.23118 
v 0.0997963 3.79847 2.31538 
v -0.0397377 3.79847 2.31538 
v -0.0397377 4.23587 2.13468 
v 0.0997963 4.12718 2.20486 
v 0.477634 5.17763 -0.276739 
v -0.417576 5.11467 -0.276739 
v -0.417576 5.17763 -0.276739 
v 0.731334 1.22596 -1.27058 
v 0.731334 0.95267 -1.27058 
v 0.527276 0.95267 -1.27058 
v 0.527276 1.22596 -1.27058 
v 0.532161 1.63789 1.0087 
v 0.594773 1.89848 1.0087 
v 0.594773 1.70051 1.0087 
v 0.924204 1.70798 -1.4813 
v 0.532161 1.70798 -1.4813 
v 0.924204 1.891 -1.4813 
v 0.532161 1.891 -1.4813 
v 0.731334 1.19307 -1.2356 
v 0.922211 1.19307 -1.2356 
v 0.731334 0.985558 -1.2356 
v 0.922211 0.985558 -1.2356 
v 0.969682 2.22204 0.889703 
v 1.05123 2.4943 0.889703 
v 1.05123 2.22204 0.889703 
v 0.969682 2.22204 -1.4343 
v 1.05123 2.4943 -1.4343 
v 1.05123 2.22204 -1.4343 
v 0.969682 2.4943 0.889703 
v 0.861592 1.70051 1.0087 
v 0.861592 1.89848 1.0087 
v 0.924204 1.63789 1.0087 
v 0.731334 1.22596 1.21942 
v 0.731334 0.95267 1.21942 
v 0.527276 0.95267 1.21942 
v 0.527276 1.22596 1.21942 
v 0.532161 1.96109 1.0087 
v 0.922211 1.19307 1.2544 
v 0.922211 0.985558 1.2544 
v 0.731334 0.985558 1.2544 
v 0.731334 1.19307 1.2544 
v 0.924204 1.96109 1.0087 
v 0.969682 2.4943 -1.4343 
v 0.965051 6.13843 -1.57875 
v 0.860029 6.09993 -1.57871 
v 0.684371 6.13843 -1.57875 
v 0.860029 6.09993 -1.57871 
v 0.579349 6.09993 -1.57871 
v 0.684371 6.13843 -1.57875 
v 0.684371 6.13843 -1.57875 
v 0.579349 6.09993 -1.57871 
v 0.579349 6.24097 -1.57871 
v 0.684371 6.34615 -1.57875 
v 0.684371 6.13843 -1.57875 
v 0.579349 6.24097 -1.57871 
v 0.684371 6.34615 -1.57875 
v 0.579349 6.24097 -1.57871 
v -0.51929 6.24097 -1.57871 
v 0.965051 6.13843 -1.57875 
v 0.965051 5.95881 -1.57871 
v 0.860029 6.09993 -1.57871 
v 1.24639 4.42285 -1.61352 
v 1.32744 3.31522 -1.61352 
v 1.24639 3.31522 -1.61352 
v 1.32744 4.42285 -1.61352 
v 1.06422 5.34893 -1.57871 
v 0.959194 5.34893 -1.57871 
v 0.959194 5.85379 -1.57871 
v 1.06422 5.95881 -1.57871 
v 0.860029 5.85379 -1.57871 
v 0.965051 5.95881 -1.57871 
v 0.0997963 4.23587 2.13468 
v 0.477634 5.11467 -0.276739 
v 0.860029 5.85379 -1.57871 
v 0.860029 6.09993 -1.57871 
v 0.965051 5.95881 -1.57871 
v 0.969682 2.4943 -1.54371 
v 1.05123 3.10055 -1.54371 
v 1.05123 2.4943 -1.54371 
v 0.969682 2.4943 0.780289 
v 1.05123 3.26655 0.78029 
v 1.05123 2.4943 0.780289 
v 0.969682 3.10055 -1.54371 
v 0.969682 3.26655 0.78029 

vn 1 0 0 
vn 1 0 0 
vn 1 0 0 
vn 1 0 0 
vn 1 0 0 
vn 1 0 0 
vn 1 0 0 
vn 1 0 0 
vn 1 0 0 
vn 1 0 0 
vn 1 0 0 
vn 1 0 0 
vn 1 0 0 
vn 1 0 0 
vn 1 0 0 
vn 1 0 0 
vn 1 0 0 
vn 1 0 0 
vn 1 0 0 
vn 1 0 0 
vn 1 0 0 
vn 1 0 0 
vn 1 0 0 
vn 1 0 0 
vn 1 0 0 
vn 1 0 0 
vn 1 0 0 
vn 1 0 0 
vn 0.740157 0.212598 0.637795 
vn 0.661417 -0.464567 -0.590551 
vn 0.677165 -0.220472 -0.700787 
vn 0.755906 -0.23622 -0.614173 
vn 0.755906 0.409449 0.503937 
vn 1 0 0 
vn 1 0 0 
vn 1 0 0 
vn 1 0 0 
vn 0.76378 0.503937 0.409449 
vn 0.637795 -0.606299 -0.472441 
vn 0.661417 0.283465 0.692913 
vn 1 0 0 
vn 1 0 0 
vn 1 0 0 
vn 1 0 0 
vn 1 0 0 
vn 1 0 0 
vn 1 0 0 
vn 1 0 0 
vn 1 0 0 
vn 1 0 0 
vn 1 0 0 
vn 1 0 0 
vn 1 0 0 
vn 1 0 0 
vn 1 0 0 
vn 1 0 0 
vn 1 0 0 
vn 1 0 0 
vn 0.755906 -0.456693 -0.472441 
vn 0.661417 0.535433 0.519685 
vn 0.779528 -0.511811 -0.362205 
vn 0.614173 0.669291 0.417323 
vn 1 0 0 
vn 1 0 0 
vn 1 0 0 
vn 1 0 0 
vn 1 0 0 
vn 1 0 0 
vn 1 0 0 
vn 1 0 0 
vn 1 0 0 
vn 1 0 0 
vn 1 0 0 
vn 1 0 0 
vn 1 0 0 
vn 1 0 0 
vn 1 0 0 
vn 1 0 0 
vn 1 0 0 
vn 1 0 0 
vn 1 0 0 
vn 1 0 0 
vn 1 0 0 
vn 1 0 0 
vn 1 0 0 
vn 1 0 0 
vn 1 0 0 
vn 1 0 0 
vn 1 0 0 
vn 1 0 0 
vn 1 0 0 
vn 1 0 0 
vn 1 0 0 
vn 1 0 0 
vn 1 0 0 
vn 1 0 0 
vn 1 0 0 
vn 1 0 0 
vn 1 0 0 
vn 1 0 0 
vn 1 0 0 
vn 1 0 0 
vn 1 0 0 
vn 1 0 0 
vn 1 0 0 
vn 1 0 0 
vn 1 0 0 
vn 1 0 0 
vn 1 0 0 
vn 1 0 0 
vn 1 0 0 
vn 1 0 0 
vn 1 0 0 
vn 1 0 0 
vn 1 0 0 
vn 1 0 0 
vn 1 0 0 
vn 1 0 0 
vn 1 0 0 
vn 1 0 0 
vn 1 0 0 
vn 1 0 0 
vn 1 0 0 
vn 1 0 0 
vn 1 0 0 
vn 1 0 0 
vn 1 0 0 
vn 1 0 0 
vn 1 0 0 
vn 1 0 0 
vn 1 0 0 
vn 1 0 0 
vn 1 0 0 
vn 1 0 0 
vn 1 0 0 
vn 1 0 0 
vn 1 0 0 
vn 1 0 0 
vn 1 0 0 
vn 1 0 0 
vn 1 0 0 
vn 1 0 0 
vn 1 0 0 
vn 1 0 0 
vn 1 0 0 
vn 1 0 0 
vn 1 0 0 
vn 1 0 0 
vn 0 1 0 
vn 0 1 0 
vn 0 1 0 
vn 0 1 0 
vn 0 1 0 
vn 0 1 0 
vn 0 1 0 
vn 0 1 0 
vn 0 1 0 
vn 0 1 0 
vn 0 1 0 
vn 0 1 0 
vn 0 1 0 
vn 0 1 0 
vn 0 1 0 
vn 0 1 0 
vn 0 1 0 
vn 0 1 0 
vn 0 1 0 
vn 0 1 0 
vn 0 1 0 
vn 0 1 0 
vn 0 1 0 
vn 0 1 0 
vn 0 1 0 
vn 0 1 0 
vn 0 1 0 
vn 0 1 0 
vn 0 1 0 
vn 0 1 0 
vn 0 1 0 
vn 0 1 0 
vn -0.76378 0.503937 0.409449 
vn 0.755906 0.409449 0.503937 
vn -0.755906 0.409449 0.503937 
vn -0.661417 0.535433 0.519685 
vn 0.614173 0.669291 0.417323 
vn -0.614173 0.669291 0.417323 
vn 0 1 0 
vn 0 1 0 
vn 0 1 0 
vn 0 1 0 
vn 0 1 0 
vn 0 1 0 
vn 0 1 0 
vn 0 1 0 
vn 0 1 0 
vn 0 1 0 
vn 0 1 0 
vn 0 1 0 
vn 0 1 0 
vn 0 1 0 
vn 0 1 0 
vn 0 1 0 
vn 0 1 0 
vn 0 1 0 
vn 0 1 0 
vn 0 1 0 
vn 0 1 0 
vn 0 1 0 
vn 0 1 0 
vn 0 1 0 
vn 0 1 0 
vn 0 1 0 
vn 0 1 0 
vn 0 1 0 
vn 0 1 0 
vn 0 1 0 
vn 0 1 0 
vn 0 1 0 
vn 0 1 0 
vn 0 1 0 
vn 0 1 0 
vn 0 1 0 
vn 0 1 0 
vn 0 1 0 
vn 0 1 0 
vn 0 1 0 
vn 0.76378 0.503937 0.409449 
vn 0 1 0 
vn 0 1 0 
vn 0 1 0 
vn 0 1 0 
vn 0 1 0 
vn 0 1 0 
vn 0 1 0 
vn 0 1 0 
vn 0 1 0 
vn 0 1 0 
vn 0 1 0 
vn 0 1 0 
vn 0 1 0 
vn 0 1 0 
vn 0 1 0 
vn 0 1 0 
vn 0 1 0 
vn 0 1 0 
vn 0 1 0 
vn 0 1 0 
vn 0 1 0 
vn 0 1 0 
vn 0 1 0 
vn 0 1 0 
vn 0 1 0 
vn 0 1 0 
vn 0 1 0 
vn 0 1 0 
vn 0 1 0 
vn 0 1 0 
vn 0 1 0 
vn 0 1 0 
vn 0.661417 0.535433 0.519685 
vn 0 1 0 
vn 0 1 0 
vn 0 1 0 
vn 0 1 0 
vn 0 1 0 
vn 0 1 0 
vn 0 1 0 
vn 0 1 0 
vn 0 1 0 
vn 0 1 0 
vn 0 1 0 
vn 0 1 0 
vn 0 1 0 
vn 0 1 0 
vn 0 1 0 
vn 0 1 0 
vn 0 1 0 
vn 0 1 0 
vn 0 1 0 
vn 0 1 0 
vn 0 1 0 
vn 0 1 0 
vn 0 1 0 
vn 0 1 0 
vn 0 1 0 
vn 0 1 0 
vn 0 1 0 
vn 0 1 0 
vn 0 1 0 
vn 0 1 0 
vn 0 1 0 
vn 0 0 1 
vn 0 0 1 
vn 0 0 1 
vn 0 0 1 
vn 0 0 1 
vn 0 0 1 
vn 0 0 1 
vn 0 0 1 
vn 0 0 1 
vn 0 0 1 
vn 0 0 1 
vn 0 0 1 
vn 0 0 1 
vn 0 0 1 
vn 0 0 1 
vn 0 0 1 
vn 0 0 1 
vn 0 0 1 
vn 0 0 1 
vn 0 0 1 
vn 0 0 1 
vn 0 0 1 
vn 0 0 1 
vn 0 0 1 
vn 0 0 1 
vn 0 0 1 
vn 0 0 1 
vn 0 0 1 
vn 0 0 1 
vn 0 0 1 
vn 0 0 1 
vn 0 0 1 
vn 0 0 1 
vn 0 0 1 
vn 0 0 1 
vn 0 0 1 
vn 0 0 1 
vn 0 0 1 
vn 0 0 1 
vn 0 0 1 
vn 0 0 1 
vn 0 0 1 
vn 0 0 1 
vn 0 0 1 
vn 0 0 1 
vn 0 0 1 
vn 0 0 1 
vn 0 0 1 
vn 0 0 1 
vn 0 0 1 
vn 0 0 1 
vn 0 0 1 
vn 0 0 1 
vn 0 0 1 
vn 0 0 1 
vn 0 0 1 
vn 0 0 1 
vn 0 0 1 
vn 0 0 1 
vn 0 0 1 
vn 0 0 1 
vn 0 0 1 
vn 0 0 1 
vn 0 0 1 
vn -0.00787402 -0.00787402 1 
vn -0.00787402 -0.00787402 1 
vn -0.00787402 -0.00787402 1 
vn -0.00787402 -0.00787402 1 
vn -0.00787402 -0.00787402 1 
vn -0.00787402 -0.00787402 1 
vn 0 0 1 
vn 0 0 1 
vn 0 0 1 
vn 0 0 1 
vn 0 0 1 
vn 0 0 1 
vn 0 0 1 
vn 0 0 1 
vn 0 0 1 
vn 0 0 1 
vn 0 0 1 
vn 0 0 1 
vn 0 0 1 
vn 0 0 1 
vn 0 0 1 
vn 0 0 1 
vn 0 0 1 
vn -0.661417 0.283465 0.692913 
vn -0.740157 0.212598 0.637795 
vn 0.661417 0.283465 0.692913 
vn -0.755906 0.409449 0.503937 
vn 0.740157 0.212598 0.637795 
vn 0.661417 0.535433 0.519685 
vn -0.661417 0.535433 0.519685 
vn 0 0 1 
vn 0 0 1 
vn 0 0 1 
vn 0 0 1 
vn 0 0 1 
vn 0 0 1 
vn 0 0 1 
vn 0 0 1 
vn 0 0 1 
vn 0 0 1 
vn 0 0 1 
vn 0 0 1 
vn 0 0 1 
vn 0 0 1 
vn 0 0 1 
vn 0 0 1 
vn 0 0 1 
vn 0 0 1 
vn 0 0 1 
vn 0 0 1 
vn 0 0 1 
vn 0 0 1 
vn 0 0 1 
vn 0 0 1 
vn 0 0 1 
vn 0 0 1 
vn 0 0 1 
vn 0 0 1 
vn 0 0 1 
vn 0 0 1 
vn 0 0 1 
vn 0 0 1 
vn 0 0 1 
vn 0 0 1 
vn 0 0 1 
vn 0 0 1 
vn 0 0 1 
vn 0 0 1 
vn 0 0 1 
vn 0 0 1 
vn 0 0 1 
vn 0 0 1 
vn 0 0 1 
vn 0 0 1 
vn 0 0 1 
vn 0 0 1 
vn 0 0 1 
vn 0 0 1 
vn 0 0 1 
vn 0 0 1 
vn 0 0 1 
vn 0 0 1 
vn 0 0 1 
vn 0 0 1 
vn 0 0 1 
vn 0 0 1 
vn 0 0 1 
vn 0 0 1 
vn 0.00787402 -0.00787402 1 
vn 0.00787402 -0.00787402 1 
vn 0.00787402 -0.00787402 1 
vn 0.00787402 -0.00787402 1 
vn 0.00787402 -0.00787402 1 
vn 0.00787402 -0.00787402 1 
vn 0 0 1 
vn 0 0 1 
vn 0 0 1 
vn 0 0 1 
vn 0 0 1 
vn 0 0 1 
vn 0 0 1 
vn 0 0 1 
vn 0 0 1 
vn 0 0 1 
vn 0 0 1 
vn 0 0 1 
vn 0 0 1 
vn 0.755906 0.409449 0.503937 
vn 0 0 1 
vn 0 0 1 
vn 0 0 1 
vn 0 0 1 
vn 0 0 1 
vn 0 0 1 
vn 0 0 1 
vn 0 0 1 
vn 0 0 1 
vn -1 0 0 
vn -1 0 0 
vn -1 0 0 
vn -1 0 0 
vn -1 0 0 
vn -1 0 0 
vn -1 0 0 
vn -1 0 0 
vn -1 0 0 
vn -1 0 0 
vn -1 0 0 
vn -1 0 0 
vn -1 0 0 
vn -1 0 0 
vn -1 0 0 
vn -1 0 0 
vn -1 0 0 
vn -1 0 0 
vn -1 0 0 
vn -1 0 0 
vn -1 0 0 
vn -1 0 0 
vn -1 0 0 
vn -1 0 0 
vn -1 0 0 
vn -1 0 0 
vn -1 0 0 
vn -1 0 0 
vn -1 0 0 
vn -1 0 0 
vn -1 0 0 
vn -1 0 0 
vn -1 0 0 
vn -1 0 0 
vn -1 0 0 
vn -1 0 0 
vn -1 0 0 
vn -1 0 0 
vn -1 0 0 
vn -1 0 0 
vn -1 0 0 
vn -1 0 0 
vn -1 0 0 
vn -1 0 0 
vn -1 0 0 
vn -1 0 0 
vn -1 0 0 
vn -1 0 0 
vn -1 0 0 
vn -1 0 0 
vn -1 0 0 
vn -1 0 0 
vn -1 0 0 
vn -1 0 0 
vn -1 0 0 
vn -1 0 0 
vn -1 0 0 
vn -1 0 0 
vn -1 0 0 
vn -1 0 0 
vn -1 0 0 
vn -1 0 0 
vn -1 0 0 
vn -1 0 0 
vn -1 0 0 
vn -1 0 0 
vn -1 0 0 
vn -1 0 0 
vn -1 0 0 
vn -1 0 0 
vn -1 0 0 
vn -1 0 0 
vn -1 0 0 
vn -1 0 0 
vn -1 0 0 
vn -1 0 0 
vn -1 0 0 
vn -1 0 0 
vn -1 0 0 
vn -1 0 0 
vn -1 0 0 
vn -1 0 0 
vn -1 0 0 
vn -1 0 0 
vn -1 0 0 
vn -1 0 0 
vn -1 0 0 
vn -1 0 0 
vn -1 0 0 
vn -1 0 0 
vn -1 0 0 
vn -1 0 0 
vn -1 0 0 
vn -1 0 0 
vn -1 0 0 
vn -1 0 0 
vn -1 0 0 
vn -1 0 0 
vn -1 0 0 
vn -1 0 0 
vn -1 0 0 
vn -0.661417 -0.464567 -0.590551 
vn -0.740157 0.212598 0.637795 
vn -0.677165 -0.220472 -0.700787 
vn -0.755906 -0.23622 -0.614173 
vn -0.755906 0.409449 0.503937 
vn -1 0 0 
vn -0.76378 0.503937 0.409449 
vn -0.637795 -0.606299 -0.472441 
vn -0.661417 0.283465 0.692913 
vn -1 0 0 
vn -1 0 0 
vn -1 0 0 
vn -1 0 0 
vn -1 0 0 
vn -1 0 0 
vn -1 0 0 
vn -1 0 0 
vn -1 0 0 
vn -1 0 0 
vn -1 0 0 
vn -1 0 0 
vn -1 0 0 
vn -1 0 0 
vn -1 0 0 
vn -1 0 0 
vn -1 0 0 
vn -1 0 0 
vn -1 0 0 
vn -1 0 0 
vn -1 0 0 
vn -1 0 0 
vn -1 0 0 
vn -1 0 0 
vn -1 0 0 
vn -1 0 0 
vn -0.779528 -0.511811 -0.362205 
vn -0.661417 0.535433 0.519685 
vn -0.614173 0.669291 0.417323 
vn -0.755906 -0.456693 -0.472441 
vn 0 -1 0 
vn 0 -1 0 
vn 0 -1 0 
vn 0 -1 0 
vn 0 -1 0 
vn 0 -1 0 
vn 0 -1 0 
vn 0 -1 0 
vn 0 -1 0 
vn 0 -1 0 
vn 0 -1 0 
vn 0 -1 0 
vn 0 -1 0 
vn 0 -1 0 
vn 0 -1 0 
vn 0 -1 0 
vn 0 -1 0 
vn 0 -1 0 
vn 0 -1 0 
vn 0 -1 0 
vn 0 -1 0 
vn 0 -1 0 
vn 0 -1 0 
vn 0 -1 0 
vn 0 -1 0 
vn 0 -1 0 
vn 0 -1 0 
vn 0 -1 0 
vn 0 -1 0 
vn 0 -1 0 
vn 0 -1 0 
vn 0 -1 0 
vn 0 -1 0 
vn 0 -1 0 
vn 0 -1 0 
vn 0 -1 0 
vn 0 -1 0 
vn 0 -1 0 
vn 0 -1 0 
vn 0 -1 0 
vn 0 -1 0 
vn 0 -1 0 
vn 0 -1 0 
vn 0 -1 0 
vn 0 -1 0 
vn 0 -1 0 
vn 0 -1 0 
vn 0 -1 0 
vn 0 -1 0 
vn 0 -1 0 
vn 0 -1 0 
vn 0 -1 0 
vn 0 -1 0 
vn 0 -1 0 
vn 0 -1 0 
vn 0 -1 0 
vn 0 -1 0 
vn 0 -1 0 
vn 0 -1 0 
vn 0 -1 0 
vn 0 -1 0 
vn 0 -1 0 
vn 0 -1 0 
vn 0 -1 0 
vn 0 -1 0 
vn 0 -1 0 
vn 0 -1 0 
vn 0 -1 0 
vn 0 -1 0 
vn 0 -1 0 
vn -0.661417 -0.464567 -0.590551 
vn 0.637795 -0.606299 -0.472441 
vn -0.637795 -0.606299 -0.472441 
vn -0.779528 -0.511811 -0.362205 
vn 0.755906 -0.456693 -0.472441 
vn -0.755906 -0.456693 -0.472441 
vn 0.779528 -0.511811 -0.362205 
vn 0 -1 0 
vn 0 -1 0 
vn 0 -1 0 
vn 0 -1 0 
vn 0 -1 0 
vn 0 -1 0 
vn 0 -1 0 
vn 0 -1 0 
vn 0 -1 0 
vn 0 -1 0 
vn 0 -1 0 
vn 0 -1 0 
vn 0 -1 0 
vn 0 -1 0 
vn 0 -1 0 
vn 0 -1 0 
vn 0 -1 0 
vn 0 -1 0 
vn 0 -1 0 
vn 0 -1 0 
vn 0 -1 0 
vn 0 -1 0 
vn 0 -1 0 
vn 0 -1 0 
vn 0 -1 0 
vn 0 -1 0 
vn 0 -1 0 
vn 0 -1 0 
vn 0 -1 0 
vn 0 -1 0 
vn 0 -1 0 
vn 0 -1 0 
vn 0 -1 0 
vn 0 -1 0 
vn 0 -1 0 
vn 0 -1 0 
vn 0 -1 0 
vn 0 -1 0 
vn 0 -1 0 
vn 0 -1 0 
vn 0 -1 0 
vn 0 -1 0 
vn 0 -1 0 
vn 0 -1 0 
vn 0 -1 0 
vn 0 -1 0 
vn 0 -1 0 
vn 0 -1 0 
vn 0 -1 0 
vn 0 -1 0 
vn 0 -1 0 
vn 0 -1 0 
vn 0 -1 0 
vn 0 -1 0 
vn 0 -1 0 
vn 0 -1 0 
vn 0 -1 0 
vn 0 -1 0 
vn 0 -1 0 
vn 0 -1 0 
vn 0 -1 0 
vn 0.661417 -0.464567 -0.590551 
vn 0 -1 0 
vn 0 -1 0 
vn 0 -1 0 
vn 0 -1 0 
vn 0 -1 0 
vn 0 -1 0 
vn 0 0 -1 
vn 0 0 -1 
vn 0 0 -1 
vn 0 0 -1 
vn 0 0 -1 
vn 0 0 -1 
vn 0 0 -1 
vn 0 0 -1 
vn 0 0 -1 
vn 0 0 -1 
vn 0 0 -1 
vn 0 0 -1 
vn 0 0 -1 
vn 0 0 -1 
vn 0 0 -1 
vn 0 0 -1 
vn 0 0 -1 
vn 0 0 -1 
vn 0 0 -1 
vn 0 0 -1 
vn 0 0 -1 
vn 0 0 -1 
vn 0 0 -1 
vn 0 0 -1 
vn 0 0 -1 
vn 0 0 -1 
vn 0 0 -1 
vn 0 0 -1 
vn 0 0 -1 
vn 0 0 -1 
vn 0 0 -1 
vn 0 0 -1 
vn 0 0 -1 
vn 0 0 -1 
vn 0 0 -1 
vn 0 0 -1 
vn 0 0 -1 
vn 0 0 -1 
vn 0 0 -1 
vn 0 0 -1 
vn 0 0 -1 
vn 0 0 -1 
vn 0 0 -1 
vn 0 0 -1 
vn 0 0 -1 
vn 0 0 -1 
vn 0 0 -1 
vn 0 0 -1 
vn 0 0 -1 
vn 0 0 -1 
vn 0 0 -1 
vn 0 0 -1 
vn 0 0 -1 
vn 0 0 -1 
vn 0 0 -1 
vn 0 0 -1 
vn 0 0 -1 
vn 0 0 -1 
vn 0 0 -1 
vn 0 0 -1 
vn 0 0 -1 
vn 0 0 -1 
vn 0 0 -1 
vn 0 0 -1 
vn 0 0 -1 
vn 0 0 -1 
vn 0 0 -1 
vn 0 0 -1 
vn 0 0 -1 
vn 0 0 -1 
vn 0 0 -1 
vn 0 0 -1 
vn 0 0 -1 
vn 0 0 -1 
vn 0 0 -1 
vn 0 0 -1 
vn 0 0 -1 
vn 0 0 -1 
vn 0 0 -1 
vn -0.755906 -0.23622 -0.614173 
vn 0.677165 -0.220472 -0.700787 
vn -0.677165 -0.220472 -0.700787 
vn 0.661417 -0.464567 -0.590551 
vn -0.661417 -0.464567 -0.590551 
vn -0.755906 -0.456693 -0.472441 
vn 0.755906 -0.23622 -0.614173 
vn 0 0 -1 
vn 0 0 -1 
vn 0 0 -1 
vn 0 0 -1 
vn 0 0 -1 
vn 0 0 -1 
vn 0 0 -1 
vn 0 0 -1 
vn 0 0 -1 
vn 0 0 -1 
vn 0 0 -1 
vn 0 0 -1 
vn 0 0 -1 
vn 0 0 -1 
vn 0 0 -1 
vn 0 0 -1 
vn 0 0 -1 
vn 0 0 -1 
vn 0 0 -1 
vn 0 0 -1 
vn 0 0 -1 
vn 0 0 -1 
vn 0 0 -1 
vn 0 0 -1 
vn 0 0 -1 
vn 0 0 -1 
vn 0 0 -1 
vn 0 0 -1 
vn 0 0 -1 
vn 0 0 -1 
vn 0 0 -1 
vn 0 0 -1 
vn 0 0 -1 
vn 0 0 -1 
vn 0 0 -1 
vn 0 0 -1 
vn 0 0 -1 
vn 0 0 -1 
vn 0 0 -1 
vn 0 0 -1 
vn 0 0 -1 
vn 0 0 -1 
vn 0 0 -1 
vn 0 0 -1 
vn 0 0 -1 
vn 0 0 -1 
vn 0 0 -1 
vn 0 0 -1 
vn 0 0 -1 
vn 0 0 -1 
vn 0 0 -1 
vn 0 0 -1 
vn 0 0 -1 
vn 0 0 -1 
vn 0 0 -1 
vn 0 0 -1 
vn 0 0 -1 
vn 0 0 -1 
vn 0 0 -1 
vn 0 0 -1 
vn 0 0 -1 
vn 0 0 -1 
vn 0 0 -1 
vn 0 0 -1 
vn 0 0 -1 
vn 0 0 -1 
vn 0 0 -1 
vn 0.755906 -0.456693 -0.472441 
vn 0 0 -1 
vn 0 0 -1 
vn 0 0 -1 
vn 0 0 -1 
vn 0 0 -1 
vn 0 0 -1 
vn 0 0 -1 
vn 0 0 -1 
vn 0 0 -1 
vn 0 0 -1 
vn 0 0 -1 
vn 0 0 -1 

vt 22.2152 -33.303 
vt 22.1789 -33.3371 
vt 22.2152 -33.3371 
vt 21.9303 -33.2111 
vt 21.8782 -33.2515 
vt 21.9303 -33.2515 
vt 22.2416 -33.2198 
vt 22.1895 -33.2427 
vt 22.2416 -33.2427 
vt 22.1895 -33.2198 
vt 22.1789 -33.303 
vt 22.2152 -33.3371 
vt 22.2152 -33.303 
vt 22.2109 -33.333 
vt 22.1789 -33.303 
vt 22.1789 -33.3371 
vt 22.1833 -33.333 
vt 22.1789 -33.303 
vt 22.1833 -33.333 
vt 22.1833 -33.3071 
vt 22.2152 -33.303 
vt 22.1833 -33.3071 
vt 22.2109 -33.3071 
vt 21.8782 -33.2111 
vt 21.904 -33.303 
vt 21.8677 -33.3371 
vt 21.904 -33.3371 
vt 21.8677 -33.303 
vt 21.7602 -32.9571 
vt 21.767 -32.9814 
vt 21.7775 -32.9588 
vt 21.7808 -32.9403 
vt 21.7537 -32.9701 
vt 21.8996 -33.333 
vt 21.872 -33.333 
vt 21.904 -33.3371 
vt 21.8677 -33.3371 
vt 21.7419 -32.9796 
vt 21.7488 -32.9956 
vt 21.764 -32.9356 
vt 22.0443 -32.8169 
vt 22.091 -32.8169 
vt 22.091 -32.809 
vt 22.0364 -32.809 
vt 22.119 -32.6761 
vt 22.1471 -32.6761 
vt 22.119 -32.6629 
vt 22.1471 -32.6629 
vt 22.0443 -32.836 
vt 22.0364 -32.8281 
vt 21.9744 -32.836 
vt 22.2538 -32.6629 
vt 22.1473 -32.6888 
vt 22.2538 -32.6889 
vt 22.2538 -32.6629 
vt 22.1471 -32.6629 
vt 22.1473 -32.6888 
vt 21.9666 -32.8281 
vt 21.7896 -32.9267 
vt 21.7795 -32.9125 
vt 21.8044 -32.9163 
vt 21.8005 -32.8993 
vt 21.9666 -32.8563 
vt 21.9744 -32.8641 
vt 21.9744 -32.836 
vt 21.9666 -32.8563 
vt 21.8558 -32.8641 
vt 21.9744 -32.8641 
vt 21.8558 -32.8563 
vt 21.9666 -32.8281 
vt 21.9666 -32.8563 
vt 21.9744 -32.836 
vt 22.1833 -33.333 
vt 22.1789 -33.3371 
vt 22.2152 -33.3371 
vt 22.2109 -33.333 
vt 22.2109 -33.3071 
vt 22.1833 -33.3071 
vt 22.2109 -33.333 
vt 22.2152 -33.303 
vt 22.2109 -33.3071 
vt 22.1789 -33.303 
vt 22.1833 -33.3071 
vt 22.1833 -33.333 
vt 22.2416 -33.2198 
vt 22.1895 -33.2198 
vt 22.2416 -33.2427 
vt 22.1895 -33.2427 
vt 21.9303 -33.2111 
vt 21.8782 -33.2111 
vt 21.9303 -33.2515 
vt 21.9452 -33.1785 
vt 21.8828 -33.1444 
vt 21.8828 -33.1785 
vt 21.904 -33.3371 
vt 21.904 -33.303 
vt 21.8996 -33.333 
vt 21.904 -33.303 
vt 21.8996 -33.3071 
vt 21.8677 -33.303 
vt 21.872 -33.333 
vt 21.872 -33.3071 
vt 21.904 -33.303 
vt 21.872 -33.3071 
vt 21.8996 -33.3071 
vt 21.8677 -33.303 
vt 21.872 -33.3071 
vt 21.8677 -33.303 
vt 21.8677 -33.3371 
vt 21.872 -33.333 
vt 21.872 -33.3071 
vt 21.872 -33.333 
vt 21.8996 -33.333 
vt 21.8996 -33.3071 
vt 21.8782 -33.2515 
vt 22.2357 -33.1785 
vt 22.1733 -33.1444 
vt 22.1733 -33.1785 
vt 22.2357 -33.1444 
vt 22.2494 -33.1444 
vt 22.2494 -33.0686 
vt 22.2357 -33.1444 
vt 22.1473 -32.7114 
vt 22.2538 -32.7114 
vt 22.1473 -32.6889 
vt 22.2538 -32.6889 
vt 22.1596 -33.0686 
vt 22.2581 -32.9034 
vt 22.1195 -33.0418 
vt 22.2581 -33.0418 
vt 22.1733 -33.1444 
vt 22.1473 -32.7114 
vt 22.1473 -32.7876 
vt 22.2538 -32.7876 
vt 22.2538 -32.7114 
vt 22.1195 -32.9034 
vt 22.1596 -33.1444 
vt 21.9452 -33.1444 
vt 21.9589 -33.1444 
vt 21.9589 -33.0479 
vt 22.1195 -33.0418 
vt 22.0137 -32.9034 
vt 22.0137 -33.0418 
vt 22.1195 -32.9034 
vt 21.8828 -33.1444 
vt 21.9452 -33.1444 
vt 21.8587 -33.0479 
vt 21.8587 -33.1444 
vt 22.1115 -33.2109 
vt 22.0877 -33.1833 
vt 22.0877 -33.2109 
vt 22.1115 -33.1833 
vt 22.1276 -33.2494 
vt 22.1276 -33.1596 
vt 22.1175 -33.1596 
vt 22.1175 -33.2494 
vt 22.0628 -33.1895 
vt 22.1118 -33.2416 
vt 22.1118 -33.1895 
vt 22.0877 -33.1789 
vt 22.0622 -33.2152 
vt 22.0877 -33.2152 
vt 22.0622 -33.1789 
vt 22.0628 -33.2416 
vt 22.1276 -32.8587 
vt 22.1175 -32.9589 
vt 22.1276 -32.9589 
vt 22.1115 -32.8996 
vt 22.0877 -32.872 
vt 22.0877 -32.8996 
vt 22.1115 -32.872 
vt 22.0628 -32.8782 
vt 22.1118 -32.9303 
vt 22.1118 -32.8782 
vt 22.1175 -32.8587 
vt 22.0877 -32.8677 
vt 22.0622 -32.904 
vt 22.0877 -32.904 
vt 22.0622 -32.8677 
vt 22.0628 -32.9303 
vt 22.0087 -32.7419 
vt 21.9913 -32.7537 
vt 22.0087 -32.7537 
vt 22.0087 -32.7795 
vt 21.9913 -32.8005 
vt 22.0087 -32.8005 
vt 22.152 -33.1297 
vt 22.152 -33.2581 
vt 22.1622 -33.2581 
vt 22.152 -33.1297 
vt 22.1622 -33.2581 
vt 22.1622 -33.1195 
vt 22.1293 -33.1473 
vt 22.1169 -33.2538 
vt 22.1293 -33.2538 
vt 22.1169 -33.1473 
vt 22.1169 -33.1473 
vt 22.0818 -33.2538 
vt 22.1169 -33.2538 
vt 22.0818 -33.1473 
vt 22.0411 -33.1471 
vt 21.9182 -33.2538 
vt 22.0818 -33.2538 
vt 22.0818 -33.2538 
vt 22.0818 -33.1471 
vt 22.0411 -33.1471 
vt 22.0411 -33.119 
vt 21.9589 -33.119 
vt 22.0411 -33.1471 
vt 22.1139 -33.1195 
vt 22.1139 -33.0137 
vt 22.1038 -33.0137 
vt 22.1622 -33.1195 
vt 22.1038 -33.1297 
vt 22.1139 -33.1195 
vt 22.1038 -33.0137 
vt 22.1038 -33.1297 
vt 22.056 -32.8558 
vt 21.944 -32.8558 
vt 22.056 -32.9666 
vt 22.056 -32.9666 
vt 21.944 -32.9666 
vt 22.056 -33.0364 
vt 22.056 -33.0364 
vt 21.944 -33.091 
vt 22.056 -33.091 
vt 21.9913 -32.7419 
vt 21.9123 -33.1789 
vt 21.9123 -33.2152 
vt 21.9378 -33.2152 
vt 21.9378 -33.1789 
vt 21.9372 -33.1895 
vt 21.8882 -33.2416 
vt 21.9372 -33.2416 
vt 21.8882 -33.1895 
vt 21.9123 -33.1833 
vt 21.8885 -33.2109 
vt 21.9123 -33.2109 
vt 21.8885 -33.1833 
vt 21.8724 -33.1596 
vt 21.8825 -33.2494 
vt 21.8825 -33.1596 
vt 21.8724 -33.2494 
vt 21.8724 -32.8587 
vt 21.8724 -32.9589 
vt 21.8825 -32.9589 
vt 21.9378 -32.8677 
vt 21.9123 -32.8677 
vt 21.9378 -32.904 
vt 21.9123 -32.904 
vt 21.9372 -32.8782 
vt 21.8882 -32.9303 
vt 21.9372 -32.9303 
vt 21.8882 -32.8782 
vt 21.9123 -32.872 
vt 21.8885 -32.8996 
vt 21.9123 -32.8996 
vt 21.8885 -32.872 
vt 21.8825 -32.8587 
vt 21.9913 -32.7795 
vt 21.9182 -33.1473 
vt 21.8831 -33.2538 
vt 21.9182 -33.2538 
vt 21.8831 -33.1473 
vt 21.9589 -33.1471 
vt 21.9589 -33.1471 
vt 21.9182 -33.1471 
vt 21.9182 -33.2538 
vt 21.8831 -33.1473 
vt 21.8707 -33.2538 
vt 21.8831 -33.2538 
vt 21.8378 -33.2581 
vt 21.848 -33.2581 
vt 21.848 -33.1297 
vt 21.8378 -33.1195 
vt 21.8378 -33.2581 
vt 21.848 -33.1297 
vt 21.8707 -33.1473 
vt 21.9589 -33.1471 
vt 21.944 -32.9666 
vt 21.944 -33.0364 
vt 21.944 -33.0364 
vt 21.8962 -33.1297 
vt 21.8962 -33.0137 
vt 21.8861 -33.1195 
vt 21.8962 -33.0137 
vt 21.8861 -33.0137 
vt 21.8861 -33.1195 
vt 21.848 -33.1297 
vt 21.8962 -33.1297 
vt 21.8378 -33.1195 
vt 21.9123 -33.3071 
vt 21.8885 -33.3071 
vt 21.8885 -33.333 
vt 21.8825 -33.1444 
vt 21.8724 -33.1785 
vt 21.8825 -33.1785 
vt 21.8724 -33.1444 
vt 21.8825 -33.0686 
vt 21.8724 -33.1444 
vt 21.8825 -33.1444 
vt 21.8724 -33.0686 
vt 21.9123 -33.333 
vt 21.9378 -33.303 
vt 21.9123 -33.3371 
vt 21.9378 -33.3371 
vt 21.9123 -33.303 
vt 21.9372 -33.2198 
vt 21.8882 -33.2427 
vt 21.9372 -33.2427 
vt 21.8882 -33.2198 
vt 21.8962 -32.9034 
vt 21.8861 -33.0418 
vt 21.8962 -33.0418 
vt 21.8825 -33.1444 
vt 21.8724 -33.1785 
vt 21.8825 -33.1785 
vt 21.9123 -33.3071 
vt 21.8885 -33.3071 
vt 21.8885 -33.333 
vt 21.8724 -33.1444 
vt 21.8825 -33.0479 
vt 21.8724 -33.1444 
vt 21.8825 -33.1444 
vt 21.8724 -33.0479 
vt 21.9123 -33.333 
vt 21.9378 -33.303 
vt 21.9123 -33.3371 
vt 21.9378 -33.3371 
vt 21.9123 -33.303 
vt 21.9372 -33.2111 
vt 21.8882 -33.2515 
vt 21.9372 -33.2515 
vt 21.8882 -33.2111 
vt 21.8861 -32.9034 
vt 21.8378 -33.0418 
vt 21.8861 -33.0418 
vt 21.8707 -32.7876 
vt 21.8839 -32.7876 
vt 21.8839 -32.7245 
vt 21.8707 -32.7114 
vt 21.8962 -32.7245 
vt 21.8831 -32.7114 
vt 21.8839 -32.7245 
vt 21.8831 -32.6889 
vt 21.8831 -32.7114 
vt 21.8962 -32.702 
vt 21.8831 -32.7114 
vt 21.8962 -32.702 
vt 21.9182 -32.6888 
vt 21.8831 -32.6889 
vt 21.8962 -32.702 
vt 21.8962 -32.702 
vt 21.9313 -32.7019 
vt 21.9182 -32.6888 
vt 21.9313 -32.7019 
vt 21.9313 -32.676 
vt 21.9182 -32.6888 
vt 21.9313 -32.676 
vt 21.9182 -32.6629 
vt 21.9182 -32.6888 
vt 21.9313 -32.676 
vt 21.9589 -32.663 
vt 21.9182 -32.6629 
vt 21.8378 -32.9034 
vt 21.8861 -32.9034 
vt 22.056 -32.8281 
vt 21.944 -32.8281 
vt 21.944 -32.8563 
vt 21.9313 -32.676 
vt 21.9589 -32.6761 
vt 21.9589 -32.663 
vt 22.056 -32.809 
vt 21.944 -32.809 
vt 21.944 -32.8281 
vt 22.056 -32.8641 
vt 21.944 -32.8563 
vt 21.944 -32.8641 
vt 21.9913 -32.9356 
vt 21.9913 -32.9571 
vt 22.0087 -32.9356 
vt 21.9913 -32.9701 
vt 22.0087 -32.9571 
vt 22.0087 -32.9125 
vt 21.9913 -32.9125 
vt 22.0411 -32.6629 
vt 21.9589 -32.6629 
vt 21.9589 -32.6761 
vt 22.0877 -33.3071 
vt 22.0877 -33.333 
vt 22.1115 -33.333 
vt 22.0877 -33.3371 
vt 22.0622 -33.303 
vt 22.0622 -33.3371 
vt 22.0877 -33.303 
vt 22.0628 -33.2427 
vt 22.1118 -33.2427 
vt 22.0628 -33.2198 
vt 22.1118 -33.2198 
vt 22.1115 -33.3071 
vt 22.1175 -33.1444 
vt 22.1175 -33.1785 
vt 22.1276 -33.1785 
vt 22.1276 -33.1444 
vt 22.1175 -33.0686 
vt 22.1175 -33.1444 
vt 22.1276 -33.1444 
vt 22.1276 -33.0686 
vt 22.1139 -32.9034 
vt 22.1038 -33.0418 
vt 22.1139 -33.0418 
vt 22.0877 -33.3071 
vt 22.0877 -33.333 
vt 22.1115 -33.333 
vt 22.0877 -33.3371 
vt 22.0622 -33.303 
vt 22.0622 -33.3371 
vt 22.0877 -33.303 
vt 22.0628 -33.2111 
vt 22.0628 -33.2515 
vt 22.1118 -33.2515 
vt 22.1118 -33.2111 
vt 22.1115 -33.3071 
vt 22.1175 -33.1444 
vt 22.1175 -33.1785 
vt 22.1276 -33.1785 
vt 22.1276 -33.1444 
vt 22.1175 -33.0479 
vt 22.1175 -33.1444 
vt 22.1276 -33.1444 
vt 22.1276 -33.0479 
vt 22.1139 -32.9034 
vt 22.1139 -33.0418 
vt 22.1622 -33.0418 
vt 22.0818 -32.6888 
vt 22.0687 -32.7019 
vt 22.1038 -32.702 
vt 22.1169 -32.7114 
vt 22.1038 -32.702 
vt 22.1038 -32.7245 
vt 22.1169 -32.6889 
vt 22.0818 -32.6888 
vt 22.1038 -32.702 
vt 22.0818 -32.6888 
vt 22.0687 -32.676 
vt 22.0687 -32.7019 
vt 22.0818 -32.6888 
vt 22.0818 -32.6629 
vt 22.0687 -32.676 
vt 22.1161 -32.7245 
vt 22.1161 -32.7876 
vt 22.1293 -32.7876 
vt 22.1293 -32.7114 
vt 22.1293 -32.7114 
vt 22.1169 -32.7114 
vt 22.1161 -32.7245 
vt 22.1038 -32.702 
vt 22.1169 -32.7114 
vt 22.1169 -32.6889 
vt 22.0818 -32.6629 
vt 22.0411 -32.6629 
vt 22.0687 -32.676 
vt 22.0087 -32.9701 
vt 22.056 -32.8281 
vt 22.0411 -32.6761 
vt 22.056 -32.8563 
vt 22.1622 -32.9034 
vt 22.1038 -32.9034 
vt 22.056 -32.8563 
vt 22.0411 -32.6629 
vt 22.0411 -32.6761 
vt 22.0687 -32.676 
vt 21.8167 -33.3071 
vt 21.7891 -33.3071 
vt 21.7891 -33.333 
vt 21.8167 -33.333 
vt 21.8105 -33.2198 
vt 21.7584 -33.2427 
vt 21.8105 -33.2427 
vt 21.7584 -33.2198 
vt 21.7891 -33.3071 
vt 21.7848 -33.303 
vt 21.7848 -33.3371 
vt 21.8167 -33.333 
vt 21.7891 -33.333 
vt 21.8211 -33.3371 
vt 21.7848 -33.3371 
vt 21.7891 -33.333 
vt 21.7891 -33.3071 
vt 21.8211 -33.303 
vt 21.7848 -33.303 
vt 21.8167 -33.3071 
vt 21.8211 -33.303 
vt 22.1218 -33.2111 
vt 22.0697 -33.2515 
vt 22.1218 -33.2515 
vt 22.128 -33.3071 
vt 22.1004 -33.3071 
vt 22.1004 -33.333 
vt 22.0697 -33.2111 
vt 22.1172 -33.1785 
vt 22.0548 -33.1444 
vt 22.0548 -33.1785 
vt 22.128 -33.333 
vt 22.128 -33.333 
vt 22.1004 -33.333 
vt 22.096 -33.3371 
vt 22.1323 -33.3371 
vt 22.1323 -33.303 
vt 21.8167 -33.333 
vt 21.8211 -33.3371 
vt 21.8211 -33.303 
vt 21.8167 -33.333 
vt 21.8211 -33.303 
vt 21.8167 -33.3071 
vt 21.8267 -33.1785 
vt 21.7643 -33.1444 
vt 21.7643 -33.1785 
vt 21.7506 -33.0686 
vt 21.7506 -33.1444 
vt 21.8805 -32.9034 
vt 21.7419 -32.9034 
vt 21.7419 -33.0418 
vt 21.7462 -32.7114 
vt 21.7462 -32.7876 
vt 21.8527 -32.7876 
vt 21.8527 -32.7114 
vt 21.8267 -33.1444 
vt 21.8404 -33.0686 
vt 21.8527 -32.6889 
vt 21.7462 -32.7114 
vt 21.8527 -32.7114 
vt 21.7462 -32.6889 
vt 21.8805 -33.0418 
vt 21.8404 -33.1444 
vt 22.1172 -33.1444 
vt 22.0411 -33.0479 
vt 22.0411 -33.1444 
vt 22.1413 -33.0479 
vt 22.1413 -33.1444 
vt 21.9863 -32.9034 
vt 21.8805 -33.0418 
vt 21.9863 -33.0418 
vt 21.8805 -32.9034 
vt 22.096 -33.303 
vt 22.1004 -33.3071 
vt 21.7848 -33.303 
vt 21.7848 -33.3371 
vt 21.8211 -33.3371 
vt 22.1004 -33.3071 
vt 22.096 -33.3371 
vt 22.1004 -33.333 
vt 22.1004 -33.3071 
vt 22.096 -33.303 
vt 22.096 -33.3371 
vt 21.8211 -33.303 
vt 22.096 -33.303 
vt 22.096 -33.3371 
vt 22.1323 -33.3371 
vt 21.7584 -33.2427 
vt 21.8105 -33.2427 
vt 21.7584 -33.2198 
vt 22.0697 -33.2111 
vt 22.0697 -33.2515 
vt 22.1218 -33.2515 
vt 21.8105 -33.2198 
vt 22.1218 -33.2111 
vt 22.128 -33.333 
vt 22.096 -33.3371 
vt 22.1323 -33.3371 
vt 22.128 -33.3071 
vt 22.1323 -33.303 
vt 22.128 -33.3071 
vt 22.233 -32.9814 
vt 22.2398 -32.9571 
vt 22.2225 -32.9588 
vt 22.2192 -32.9403 
vt 22.2463 -32.9701 
vt 22.1323 -33.303 
vt 22.2581 -32.9796 
vt 22.2512 -32.9956 
vt 22.236 -32.9356 
vt 21.909 -32.809 
vt 21.909 -32.8169 
vt 21.9557 -32.8169 
vt 21.9636 -32.809 
vt 21.7462 -32.6889 
vt 21.8527 -32.6888 
vt 21.7462 -32.6629 
vt 21.8529 -32.6629 
vt 21.9636 -32.8281 
vt 21.9557 -32.836 
vt 22.0256 -32.836 
vt 21.8529 -32.6761 
vt 21.881 -32.6761 
vt 21.8529 -32.663 
vt 21.881 -32.6629 
vt 22.0334 -32.8281 
vt 22.0256 -32.8641 
vt 22.1442 -32.8641 
vt 22.0334 -32.8563 
vt 22.1442 -32.8563 
vt 22.0256 -32.836 
vt 22.0256 -32.8641 
vt 22.0334 -32.8563 
vt 22.0256 -32.836 
vt 22.0334 -32.8563 
vt 22.0334 -32.8281 
vt 22.1956 -32.9163 
vt 22.2205 -32.9125 
vt 22.1995 -32.8993 
vt 22.2104 -32.9267 
vt 21.8885 -33.2109 
vt 21.9123 -33.2109 
vt 21.8885 -33.1833 
vt 21.9123 -33.1833 
vt 21.8724 -33.2357 
vt 21.8825 -33.1733 
vt 21.8724 -33.1733 
vt 21.8825 -33.2357 
vt 21.8882 -33.2416 
vt 21.9372 -33.2416 
vt 21.8882 -33.1895 
vt 21.9123 -33.2152 
vt 21.9378 -33.1789 
vt 21.9123 -33.1789 
vt 21.9378 -33.2152 
vt 21.9372 -33.1895 
vt 21.8825 -32.9452 
vt 21.8825 -32.8828 
vt 21.8724 -32.9452 
vt 21.8885 -32.8996 
vt 21.9123 -32.8996 
vt 21.8885 -32.872 
vt 21.9123 -32.872 
vt 21.8724 -32.8828 
vt 21.8724 -32.8828 
vt 21.8825 -32.8587 
vt 21.8724 -32.8587 
vt 21.8882 -32.9303 
vt 21.9372 -32.9303 
vt 21.8882 -32.8782 
vt 21.9123 -32.904 
vt 21.9378 -32.8677 
vt 21.9123 -32.8677 
vt 21.9378 -32.904 
vt 21.9372 -32.8782 
vt 21.8724 -32.9589 
vt 21.8825 -32.9452 
vt 21.8724 -32.9452 
vt 21.8724 -33.2494 
vt 21.8825 -33.2357 
vt 21.8724 -33.2357 
vt 21.8378 -33.1195 
vt 21.8378 -33.2581 
vt 21.848 -33.1297 
vt 21.8378 -33.2581 
vt 21.848 -33.2581 
vt 21.848 -33.1297 
vt 21.8707 -33.2538 
vt 21.8839 -33.1473 
vt 21.8707 -33.1473 
vt 21.8724 -33.1733 
vt 21.8825 -33.1596 
vt 21.8724 -33.1596 
vt 21.8825 -33.2494 
vt 21.8825 -33.1733 
vt 21.8839 -33.2538 
vt 21.8861 -33.1195 
vt 21.848 -33.1297 
vt 21.8962 -33.1297 
vt 21.8825 -32.9589 
vt 21.8825 -32.8828 
vt 21.8861 -33.1195 
vt 21.8378 -33.1195 
vt 21.848 -33.1297 
vt 21.8962 -33.0137 
vt 21.8861 -33.0137 
vt 21.8861 -33.1195 
vt 21.8962 -33.1297 
vt 21.8962 -33.0137 
vt 21.8861 -33.1195 
vt 21.9913 -32.767 
vt 22.0087 -32.7488 
vt 21.9913 -32.7488 
vt 21.9913 -32.8044 
vt 22.0087 -32.7896 
vt 21.9913 -32.7896 
vt 22.0087 -32.8044 
vt 22.0622 -33.2152 
vt 22.0877 -33.2152 
vt 22.0622 -33.1789 
vt 22.0877 -33.1789 
vt 22.0628 -33.2416 
vt 22.1118 -33.1895 
vt 22.0628 -33.1895 
vt 22.1118 -33.2416 
vt 22.0877 -33.2109 
vt 22.1115 -33.1833 
vt 22.0877 -33.1833 
vt 22.1115 -33.2109 
vt 22.1276 -33.2357 
vt 22.1175 -33.1733 
vt 22.1175 -33.2357 
vt 22.1276 -33.1733 
vt 22.1276 -32.9452 
vt 22.1175 -32.8828 
vt 22.1175 -32.9452 
vt 22.0622 -32.904 
vt 22.0877 -32.904 
vt 22.0622 -32.8677 
vt 22.0877 -32.8677 
vt 22.0628 -32.9303 
vt 22.1118 -32.8782 
vt 22.0628 -32.8782 
vt 22.1118 -32.9303 
vt 22.0877 -32.8996 
vt 22.1115 -32.872 
vt 22.0877 -32.872 
vt 22.1115 -32.8996 
vt 22.1276 -32.8828 
vt 22.1175 -32.9452 
vt 22.1276 -32.9589 
vt 22.1276 -32.9452 
vt 22.1276 -33.2494 
vt 22.1175 -33.2357 
vt 22.1175 -33.2494 
vt 22.1276 -33.1733 
vt 22.1175 -33.1596 
vt 22.1175 -33.1733 
vt 22.1276 -33.2357 
vt 22.1161 -33.2538 
vt 22.1293 -33.1473 
vt 22.1161 -33.1473 
vt 22.1276 -33.1596 
vt 22.152 -33.1297 
vt 22.1622 -33.2581 
vt 22.1622 -33.1195 
vt 22.152 -33.1297 
vt 22.152 -33.2581 
vt 22.1622 -33.2581 
vt 22.1293 -33.2538 
vt 22.1139 -33.1195 
vt 22.1038 -33.1297 
vt 22.1139 -33.1195 
vt 22.1139 -33.0137 
vt 22.1038 -33.0137 
vt 22.1139 -33.1195 
vt 22.1038 -33.0137 
vt 22.1038 -33.1297 
vt 22.0087 -32.767 
vt 22.1175 -32.9589 
vt 22.1276 -32.8828 
vt 22.1175 -32.8587 
vt 22.1175 -32.8828 
vt 22.1276 -32.8587 
vt 22.1622 -33.1195 
vt 22.1115 -33.3071 
vt 22.0877 -33.333 
vt 22.1115 -33.333 
vt 22.0877 -33.3071 
vt 22.1276 -33.1444 
vt 22.1175 -33.1785 
vt 22.1276 -33.1785 
vt 22.1276 -33.1444 
vt 22.1175 -33.1785 
vt 22.1276 -33.1785 
vt 22.1175 -33.1444 
vt 22.1118 -33.2198 
vt 22.0628 -33.2427 
vt 22.1118 -33.2427 
vt 22.0877 -33.303 
vt 22.0622 -33.3371 
vt 22.0877 -33.3371 
vt 22.0622 -33.303 
vt 22.1118 -33.2515 
vt 22.1039 -33.2437 
vt 22.0628 -33.2515 
vt 22.0628 -33.2198 
vt 22.0706 -33.2437 
vt 22.1115 -33.3071 
vt 22.0877 -33.333 
vt 22.1115 -33.333 
vt 22.0877 -33.3071 
vt 22.1039 -33.2189 
vt 22.1118 -33.2111 
vt 22.0628 -33.2111 
vt 22.0877 -33.303 
vt 22.0622 -33.3371 
vt 22.0877 -33.3371 
vt 22.0622 -33.303 
vt 22.0706 -33.2189 
vt 22.1175 -33.1444 
vt 22.1622 -32.9034 
vt 22.152 -33.0418 
vt 22.1622 -33.0418 
vt 22.152 -32.9034 
vt 22.1293 -32.7876 
vt 22.1293 -32.7114 
vt 22.1161 -32.7245 
vt 22.1038 -32.6937 
vt 22.1169 -32.7114 
vt 22.1169 -32.6889 
vt 22.1293 -32.7114 
vt 22.1169 -32.7114 
vt 22.1161 -32.7245 
vt 22.1038 -32.6937 
vt 22.1169 -32.6889 
vt 22.0818 -32.6889 
vt 22.0687 -32.6937 
vt 22.1038 -32.6937 
vt 22.0818 -32.6889 
vt 22.0687 -32.6761 
vt 22.0687 -32.6937 
vt 22.0818 -32.6889 
vt 22.0687 -32.6761 
vt 22.0818 -32.6889 
vt 22.0818 -32.6629 
vt 22.0818 -32.6629 
vt 21.9182 -32.6629 
vt 22.0687 -32.6761 
vt 22.1038 -32.7245 
vt 22.1161 -32.7245 
vt 22.1169 -32.7114 
vt 22.1276 -33.0686 
vt 22.1175 -33.1444 
vt 22.1276 -33.1444 
vt 22.1276 -33.0479 
vt 22.1175 -33.1444 
vt 22.1276 -33.1444 
vt 22.1175 -33.0686 
vt 22.1161 -32.7876 
vt 22.1175 -33.0479 
vt 22.1038 -32.6937 
vt 22.1038 -32.7245 
vt 22.1169 -32.7114 
vt 22.0087 -32.9403 
vt 21.9913 -32.9588 
vt 22.0087 -32.9588 
vt 21.9913 -32.9814 
vt 22.0087 -32.9814 
vt 22.0087 -32.9267 
vt 21.9913 -32.9403 
vt 21.944 -32.809 
vt 22.056 -32.8169 
vt 22.056 -32.809 
vt 21.9123 -33.303 
vt 21.9123 -33.3371 
vt 21.9378 -33.3371 
vt 21.9378 -33.303 
vt 21.9372 -33.2515 
vt 21.9294 -33.2189 
vt 21.9294 -33.2437 
vt 21.8882 -33.2427 
vt 21.9372 -33.2427 
vt 21.8882 -33.2198 
vt 21.9372 -33.2198 
vt 21.9123 -33.3071 
vt 21.8885 -33.3071 
vt 21.9123 -33.333 
vt 21.8885 -33.333 
vt 21.8825 -33.1785 
vt 21.8724 -33.1444 
vt 21.8724 -33.1785 
vt 21.8825 -33.1785 
vt 21.8724 -33.1444 
vt 21.8724 -33.1785 
vt 21.8825 -33.1444 
vt 21.8961 -33.2437 
vt 21.8961 -33.2189 
vt 21.8882 -33.2515 
vt 21.9123 -33.303 
vt 21.9123 -33.3371 
vt 21.9378 -33.3371 
vt 21.9378 -33.303 
vt 21.9372 -33.2111 
vt 21.8885 -33.3071 
vt 21.8885 -33.333 
vt 21.9123 -33.333 
vt 21.9123 -33.3071 
vt 21.8882 -33.2111 
vt 21.8825 -33.1444 
vt 21.8831 -32.6889 
vt 21.8962 -32.6937 
vt 21.9182 -32.6889 
vt 21.8962 -32.6937 
vt 21.9313 -32.6937 
vt 21.9182 -32.6889 
vt 21.9182 -32.6889 
vt 21.9313 -32.6937 
vt 21.9313 -32.6761 
vt 21.9182 -32.6629 
vt 21.9182 -32.6889 
vt 21.9313 -32.6761 
vt 21.9182 -32.6629 
vt 21.9313 -32.6761 
vt 22.0687 -32.6761 
vt 21.8831 -32.6889 
vt 21.8831 -32.7114 
vt 21.8962 -32.6937 
vt 21.848 -32.9034 
vt 21.8378 -33.0418 
vt 21.848 -33.0418 
vt 21.8378 -32.9034 
vt 21.8707 -32.7876 
vt 21.8839 -32.7876 
vt 21.8839 -32.7245 
vt 21.8707 -32.7114 
vt 21.8962 -32.7245 
vt 21.8831 -32.7114 
vt 21.9913 -32.9267 
vt 21.944 -32.8169 
vt 21.8962 -32.7245 
vt 21.8962 -32.6937 
vt 21.8831 -32.7114 
vt 21.8825 -33.1444 
vt 21.8724 -33.0686 
vt 21.8724 -33.1444 
vt 21.8825 -33.1444 
vt 21.8724 -33.0479 
vt 21.8724 -33.1444 
vt 21.8825 -33.0686 
vt 21.8825 -33.0479 

usemtl Cube0011Mtl

f 4579/4579/4579 4580/4580/4580 4581/4581/4581 
f 4579/4579/4579 4587/4587/4587 4580/4580/4580 
f 4583/4583/4583 4584/4584/4584 4585/4585/4585 
f 4586/4586/4586 4583/4583/4583 4585/4585/4585 
f 4543/4543/4543 4544/4544/4544 4545/4545/4545 
f 4544/4544/4544 4543/4543/4543 4597/4597/4597 
f 4567/4567/4567 4568/4568/4568 4569/4569/4569 
f 4568/4568/4568 4567/4567/4567 4573/4573/4573 
f 4570/4570/4570 4571/4571/4571 4572/4572/4572 
f 4578/4578/4578 4570/4570/4570 4572/4572/4572 
f 4570/4570/4570 4578/4578/4578 4582/4582/4582 
f 4578/4578/4578 4588/4588/4588 4582/4582/4582 
f 4589/4589/4589 4590/4590/4590 4591/4591/4591 
f 4591/4591/4591 4596/4596/4596 4589/4589/4589 
f 4596/4596/4596 4591/4591/4591 4598/4598/4598 
f 4598/4598/4598 4599/4599/4599 4596/4596/4596 
f 4574/4574/4574 4575/4575/4575 4576/4576/4576 
f 4577/4577/4577 4576/4576/4576 4575/4575/4575 
f 4592/4592/4592 4593/4593/4593 4594/4594/4594 
f 4593/4593/4593 4592/4592/4592 4595/4595/4595 
f 4536/4536/4536 4537/4537/4537 4538/4538/4538 
f 4539/4539/4539 4538/4538/4538 4537/4537/4537 
f 4540/4540/4540 4541/4541/4541 4542/4542/4542 
f 4541/4541/4541 4566/4566/4566 4542/4542/4542 
f 4528/4528/4528 4529/4529/4529 4530/4530/4530 
f 4529/4529/4529 4535/4535/4535 4530/4530/4530 
f 4562/4562/4562 4563/4563/4563 4564/4564/4564 
f 4565/4565/4565 4562/4562/4562 4564/4564/4564 
f 4463/4463/4463 4464/4464/4464 4465/4465/4465 
f 4466/4466/4466 4467/4467/4467 4468/4468/4468 
f 4469/4469/4469 4470/4470/4470 4471/4471/4471 
f 4472/4472/4472 4473/4473/4473 4474/4474/4474 
f 4485/4485/4485 4486/4486/4486 4487/4487/4487 
f 4486/4486/4486 4488/4488/4488 4487/4487/4487 
f 4549/4549/4549 4550/4550/4550 4485/4485/4485 
f 4549/4549/4549 4557/4557/4557 4558/4558/4558 
f 4524/4524/4524 4525/4525/4525 4526/4526/4526 
f 4527/4527/4527 4524/4524/4524 4526/4526/4526 
f 4531/4531/4531 4532/4532/4532 4527/4527/4527 
f 4531/4531/4531 4533/4533/4533 4534/4534/4534 
f 4546/4546/4546 4547/4547/4547 4548/4548/4548 
f 4551/4551/4551 4552/4552/4552 4553/4553/4553 
f 4554/4554/4554 4555/4555/4555 4556/4556/4556 
f 4559/4559/4559 4560/4560/4560 4561/4561/4561 
f 4503/4503/4503 4504/4504/4504 4505/4505/4505 
f 4506/4506/4506 4507/4507/4507 4508/4508/4508 
f 4492/4492/4492 4493/4493/4493 4494/4494/4494 
f 4492/4492/4492 4494/4494/4494 4495/4495/4495 
f 4492/4492/4492 4495/4495/4495 4501/4501/4501 
f 4500/4500/4500 4492/4492/4492 4501/4501/4501 
f 4501/4501/4501 4502/4502/4502 4500/4500/4500 
f 4501/4501/4501 4509/4509/4509 4502/4502/4502 
f 4514/4514/4514 4515/4515/4515 4516/4516/4516 
f 4517/4517/4517 4518/4518/4518 4519/4519/4519 
f 4517/4517/4517 4520/4520/4520 4518/4518/4518 
f 4521/4521/4521 4522/4522/4522 4523/4523/4523 
f 4496/4496/4496 4497/4497/4497 4498/4498/4498 
f 4499/4499/4499 4498/4498/4498 4497/4497/4497 
f 4480/4480/4480 4481/4481/4481 4482/4482/4482 
f 4483/4483/4483 4480/4480/4480 4482/4482/4482 
f 4481/4481/4481 4480/4480/4480 4484/4484/4484 
f 4481/4481/4481 4484/4484/4484 4489/4489/4489 
f 4489/4489/4489 4490/4490/4490 4481/4481/4481 
f 4491/4491/4491 4480/4480/4480 4483/4483/4483 
f 4510/4510/4510 4491/4491/4491 4483/4483/4483 
f 4510/4510/4510 4511/4511/4511 4491/4491/4491 
f 4511/4511/4511 4510/4510/4510 4512/4512/4512 
f 4511/4511/4511 4512/4512/4512 4513/4513/4513 
f 4452/4452/4452 4453/4453/4453 4454/4454/4454 
f 4452/4452/4452 4462/4462/4462 4453/4453/4453 
f 4476/4476/4476 4477/4477/4477 4478/4478/4478 
f 4476/4476/4476 4479/4479/4479 4477/4477/4477 
f 4455/4455/4455 4456/4456/4456 4457/4457/4457 
f 4455/4455/4455 4475/4475/4475 4456/4456/4456 
f 4458/4458/4458 4459/4459/4459 4460/4460/4460 
f 4458/4458/4458 4461/4461/4461 4459/4459/4459 
f 4652/4652/4652 4653/4653/4653 4654/4654/4654 
f 4653/4653/4653 4652/4652/4652 4716/4716/4716 
f 4658/4658/4658 4659/4659/4659 4660/4660/4660 
f 4730/4730/4730 4660/4660/4660 4659/4659/4659 
f 4717/4717/4717 4718/4718/4718 4719/4719/4719 
f 4655/4655/4655 4656/4656/4656 4657/4657/4657 
f 4648/4648/4648 4649/4649/4649 4650/4650/4650 
f 4651/4651/4651 4649/4649/4649 4648/4648/4648 
f 4712/4712/4712 4713/4713/4713 4714/4714/4714 
f 4713/4713/4713 4712/4712/4712 4715/4715/4715 
f 4644/4644/4644 4645/4645/4645 4646/4646/4646 
f 4647/4647/4647 4645/4645/4645 4644/4644/4644 
f 4720/4720/4720 4721/4721/4721 4722/4722/4722 
f 4721/4721/4721 4720/4720/4720 4729/4729/4729 
f 4635/4635/4635 4636/4636/4636 4637/4637/4637 
f 4711/4711/4711 4636/4636/4636 4635/4635/4635 
f 4632/4632/4632 4633/4633/4633 4634/4634/4634 
f 4632/4632/4632 4678/4678/4678 4633/4633/4633 
f 4675/4675/4675 4676/4676/4676 4677/4677/4677 
f 4675/4675/4675 4733/4733/4733 4676/4676/4676 
f 4672/4672/4672 4673/4673/4673 4674/4674/4674 
f 4673/4673/4673 4732/4732/4732 4674/4674/4674 
f 4669/4669/4669 4670/4670/4670 4671/4671/4671 
f 4670/4670/4670 4731/4731/4731 4671/4671/4671 
f 4638/4638/4638 4639/4639/4639 4640/4640/4640 
f 4661/4661/4661 4665/4665/4665 4638/4638/4638 
f 4664/4664/4664 4661/4661/4661 4638/4638/4638 
f 4661/4661/4661 4662/4662/4662 4663/4663/4663 
f 4641/4641/4641 4642/4642/4642 4643/4643/4643 
f 4666/4666/4666 4667/4667/4667 4668/4668/4668 
f 4723/4723/4723 4724/4724/4724 4725/4725/4725 
f 4726/4726/4726 4727/4727/4727 4728/4728/4728 
f 4734/4734/4734 4735/4735/4735 4736/4736/4736 
f 4737/4737/4737 4738/4738/4738 4739/4739/4739 
f 4739/4739/4739 4742/4742/4742 4740/4740/4740 
f 4739/4739/4739 4740/4740/4740 4741/4741/4741 
f 4616/4616/4616 4617/4617/4617 4618/4618/4618 
f 4626/4626/4626 4617/4617/4617 4616/4616/4616 
f 4695/4695/4695 4696/4696/4696 4697/4697/4697 
f 4697/4697/4697 4710/4710/4710 4695/4695/4695 
f 4604/4604/4604 4605/4605/4605 4606/4606/4606 
f 4606/4606/4606 4607/4607/4607 4604/4604/4604 
f 4691/4691/4691 4692/4692/4692 4693/4693/4693 
f 4692/4692/4692 4691/4691/4691 4694/4694/4694 
f 4623/4623/4623 4624/4624/4624 4625/4625/4625 
f 4624/4624/4624 4623/4623/4623 4631/4631/4631 
f 4702/4702/4702 4703/4703/4703 4704/4704/4704 
f 4705/4705/4705 4703/4703/4703 4702/4702/4702 
f 4608/4608/4608 4609/4609/4609 4610/4610/4610 
f 4609/4609/4609 4608/4608/4608 4615/4615/4615 
f 4683/4683/4683 4684/4684/4684 4685/4685/4685 
f 4686/4686/4686 4684/4684/4684 4683/4683/4683 
f 4611/4611/4611 4612/4612/4612 4613/4613/4613 
f 4611/4611/4611 4614/4614/4614 4612/4612/4612 
f 4627/4627/4627 4628/4628/4628 4629/4629/4629 
f 4627/4627/4627 4630/4630/4630 4628/4628/4628 
f 4679/4679/4679 4680/4680/4680 4681/4681/4681 
f 4682/4682/4682 4679/4679/4679 4681/4681/4681 
f 4698/4698/4698 4699/4699/4699 4700/4700/4700 
f 4699/4699/4699 4701/4701/4701 4700/4700/4700 
f 4600/4600/4600 4601/4601/4601 4602/4602/4602 
f 4601/4601/4601 4600/4600/4600 4603/4603/4603 
f 4619/4619/4619 4620/4620/4620 4621/4621/4621 
f 4620/4620/4620 4619/4619/4619 4622/4622/4622 
f 4687/4687/4687 4688/4688/4688 4689/4689/4689 
f 4690/4690/4690 4688/4688/4688 4687/4687/4687 
f 4706/4706/4706 4707/4707/4707 4708/4708/4708 
f 4709/4709/4709 4707/4707/4707 4706/4706/4706 
f 4830/4830/4830 4831/4831/4831 4832/4832/4832 
f 4835/4835/4835 4830/4830/4830 4832/4832/4832 
f 4830/4830/4830 4835/4835/4835 4836/4836/4836 
f 4832/4832/4832 4831/4831/4831 4834/4834/4834 
f 4831/4831/4831 4833/4833/4833 4834/4834/4834 
f 4834/4834/4834 4833/4833/4833 4914/4914/4914 
f 4827/4827/4827 4828/4828/4828 4829/4829/4829 
f 4828/4828/4828 4827/4827/4827 4920/4920/4920 
f 4773/4773/4773 4774/4774/4774 4775/4775/4775 
f 4776/4776/4776 4774/4774/4774 4773/4773/4773 
f 4879/4879/4879 4880/4880/4880 4881/4881/4881 
f 4881/4881/4881 4882/4882/4882 4879/4879/4879 
f 4778/4778/4778 4779/4779/4779 4780/4780/4780 
f 4779/4779/4779 4778/4778/4778 4781/4781/4781 
f 4866/4866/4866 4867/4867/4867 4868/4868/4868 
f 4867/4867/4867 4866/4866/4866 4869/4869/4869 
f 4769/4769/4769 4770/4770/4770 4771/4771/4771 
f 4769/4769/4769 4771/4771/4771 4777/4777/4777 
f 4863/4863/4863 4864/4864/4864 4865/4865/4865 
f 4874/4874/4874 4863/4863/4863 4865/4865/4865 
f 4782/4782/4782 4783/4783/4783 4784/4784/4784 
f 4782/4782/4782 4785/4785/4785 4783/4783/4783 
f 4870/4870/4870 4871/4871/4871 4872/4872/4872 
f 4873/4873/4873 4870/4870/4870 4872/4872/4872 
f 4766/4766/4766 4767/4767/4767 4768/4768/4768 
f 4772/4772/4772 4767/4767/4767 4766/4766/4766 
f 4875/4875/4875 4876/4876/4876 4877/4877/4877 
f 4877/4877/4877 4878/4878/4878 4875/4875/4875 
f 4818/4818/4818 4819/4819/4819 4820/4820/4820 
f 4818/4818/4818 4820/4820/4820 4917/4917/4917 
f 4763/4763/4763 4764/4764/4764 4765/4765/4765 
f 4817/4817/4817 4764/4764/4764 4763/4763/4763 
f 4860/4860/4860 4861/4861/4861 4862/4862/4862 
f 4919/4919/4919 4861/4861/4861 4860/4860/4860 
f 4824/4824/4824 4825/4825/4825 4826/4826/4826 
f 4824/4824/4824 4826/4826/4826 4915/4915/4915 
f 4837/4837/4837 4838/4838/4838 4839/4839/4839 
f 4837/4837/4837 4839/4839/4839 4916/4916/4916 
f 4786/4786/4786 4787/4787/4787 4788/4788/4788 
f 4787/4787/4787 4786/4786/4786 4816/4816/4816 
f 4883/4883/4883 4884/4884/4884 4885/4885/4885 
f 4885/4885/4885 4918/4918/4918 4883/4883/4883 
f 4796/4796/4796 4797/4797/4797 4798/4798/4798 
f 4801/4801/4801 4802/4802/4802 4803/4803/4803 
f 4804/4804/4804 4805/4805/4805 4806/4806/4806 
f 4813/4813/4813 4814/4814/4814 4815/4815/4815 
f 4821/4821/4821 4822/4822/4822 4823/4823/4823 
f 4886/4886/4886 4887/4887/4887 4888/4888/4888 
f 4892/4892/4892 4893/4893/4893 4894/4894/4894 
f 4908/4908/4908 4909/4909/4909 4910/4910/4910 
f 4911/4911/4911 4912/4912/4912 4913/4913/4913 
f 4921/4921/4921 4922/4922/4922 4923/4923/4923 
f 4789/4789/4789 4790/4790/4790 4791/4791/4791 
f 4792/4792/4792 4789/4789/4789 4791/4791/4791 
f 4799/4799/4799 4792/4792/4792 4791/4791/4791 
f 4793/4793/4793 4794/4794/4794 4795/4795/4795 
f 4794/4794/4794 4793/4793/4793 4800/4800/4800 
f 4889/4889/4889 4890/4890/4890 4891/4891/4891 
f 4889/4889/4889 4891/4891/4891 4901/4901/4901 
f 4903/4903/4903 4904/4904/4904 4901/4901/4901 
f 4902/4902/4902 4903/4903/4903 4901/4901/4901 
f 4905/4905/4905 4906/4906/4906 4907/4907/4907 
f 4807/4807/4807 4808/4808/4808 4809/4809/4809 
f 4810/4810/4810 4811/4811/4811 4812/4812/4812 
f 4895/4895/4895 4896/4896/4896 4897/4897/4897 
f 4898/4898/4898 4899/4899/4899 4900/4900/4900 
f 4750/4750/4750 4751/4751/4751 4752/4752/4752 
f 4753/4753/4753 4751/4751/4751 4750/4750/4750 
f 4856/4856/4856 4857/4857/4857 4858/4858/4858 
f 4858/4858/4858 4859/4859/4859 4856/4856/4856 
f 4746/4746/4746 4747/4747/4747 4748/4748/4748 
f 4749/4749/4749 4747/4747/4747 4746/4746/4746 
f 4852/4852/4852 4853/4853/4853 4854/4854/4854 
f 4854/4854/4854 4855/4855/4855 4852/4852/4852 
f 4755/4755/4755 4756/4756/4756 4757/4757/4757 
f 4756/4756/4756 4755/4755/4755 4758/4758/4758 
f 4843/4843/4843 4844/4844/4844 4845/4845/4845 
f 4844/4844/4844 4843/4843/4843 4846/4846/4846 
f 4743/4743/4743 4744/4744/4744 4745/4745/4745 
f 4743/4743/4743 4745/4745/4745 4754/4754/4754 
f 4840/4840/4840 4841/4841/4841 4842/4842/4842 
f 4851/4851/4851 4840/4840/4840 4842/4842/4842 
f 4759/4759/4759 4760/4760/4760 4761/4761/4761 
f 4759/4759/4759 4762/4762/4762 4760/4760/4760 
f 4847/4847/4847 4848/4848/4848 4849/4849/4849 
f 4850/4850/4850 4849/4849/4849 4848/4848/4848 
f 4972/4972/4972 4973/4973/4973 4974/4974/4974 
f 4972/4972/4972 4974/4974/4974 4985/4985/4985 
f 4975/4975/4975 4976/4976/4976 4977/4977/4977 
f 4978/4978/4978 4975/4975/4975 4977/4977/4977 
f 4952/4952/4952 4953/4953/4953 4954/4954/4954 
f 4953/4953/4953 4952/4952/4952 4987/4987/4987 
f 4988/4988/4988 4953/4953/4953 4987/4987/4987 
f 4988/4988/4988 4989/4989/4989 4953/4953/4953 
f 4990/4990/4990 4988/4988/4988 4987/4987/4987 
f 4991/4991/4991 4990/4990/4990 4987/4987/4987 
f 4967/4967/4967 4968/4968/4968 4969/4969/4969 
f 4968/4968/4968 4967/4967/4967 4979/4979/4979 
f 4970/4970/4970 4968/4968/4968 4979/4979/4979 
f 4970/4970/4970 4971/4971/4971 4968/4968/4968 
f 4980/4980/4980 4970/4970/4970 4979/4979/4979 
f 4986/4986/4986 4980/4980/4980 4979/4979/4979 
f 4981/4981/4981 4982/4982/4982 4983/4983/4983 
f 4981/4981/4981 4984/4984/4984 4982/4982/4982 
f 4992/4992/4992 4993/4993/4993 4994/4994/4994 
f 4992/4992/4992 4995/4995/4995 4993/4993/4993 
f 4928/4928/4928 4929/4929/4929 4930/4930/4930 
f 4928/4928/4928 4931/4931/4931 4929/4929/4929 
f 4945/4945/4945 4946/4946/4946 4947/4947/4947 
f 4945/4945/4945 4951/4951/4951 4946/4946/4946 
f 4924/4924/4924 4925/4925/4925 4926/4926/4926 
f 4924/4924/4924 4926/4926/4926 4927/4927/4927 
f 4948/4948/4948 4949/4949/4949 4950/4950/4950 
f 4948/4948/4948 4950/4950/4950 4955/4955/4955 
f 4932/4932/4932 4933/4933/4933 4934/4934/4934 
f 4932/4932/4932 4943/4943/4943 4944/4944/4944 
f 4934/4934/4934 4937/4937/4937 4935/4935/4935 
f 4934/4934/4934 4935/4935/4935 4936/4936/4936 
f 4938/4938/4938 4939/4939/4939 4940/4940/4940 
f 4940/4940/4940 4941/4941/4941 4942/4942/4942 
f 4956/4956/4956 4957/4957/4957 4958/4958/4958 
f 4956/4956/4956 4959/4959/4959 4960/4960/4960 
f 4960/4960/4960 4997/4997/4997 5022/5022/5022 
f 4960/4960/4960 4996/4996/4996 4997/4997/4997 
f 4961/4961/4961 4962/4962/4962 4963/4963/4963 
f 4964/4964/4964 4965/4965/4965 4966/4966/4966 
f 5001/5001/5001 5002/5002/5002 5003/5003/5003 
f 5004/5004/5004 5005/5005/5005 5006/5006/5006 
f 5019/5019/5019 5020/5020/5020 5021/5021/5021 
f 5023/5023/5023 5024/5024/5024 5019/5019/5019 
f 5038/5038/5038 5039/5039/5039 5040/5040/5040 
f 5041/5041/5041 5040/5040/5040 5039/5039/5039 
f 5034/5034/5034 5035/5035/5035 5036/5036/5036 
f 5037/5037/5037 5034/5034/5034 5036/5036/5036 
f 5042/5042/5042 5037/5037/5037 5036/5036/5036 
f 5042/5042/5042 5036/5036/5036 5043/5043/5043 
f 5042/5042/5042 5043/5043/5043 5044/5044/5044 
f 5042/5042/5042 5044/5044/5044 5049/5049/5049 
f 5050/5050/5050 5051/5051/5051 5052/5052/5052 
f 5051/5051/5051 5053/5053/5053 5052/5052/5052 
f 5054/5054/5054 5055/5055/5055 5056/5056/5056 
f 5057/5057/5057 5058/5058/5058 5059/5059/5059 
f 5045/5045/5045 5046/5046/5046 5047/5047/5047 
f 5048/5048/5048 5047/5047/5047 5046/5046/5046 
f 5025/5025/5025 5026/5026/5026 5027/5027/5027 
f 5026/5026/5026 5028/5028/5028 5027/5027/5027 
f 5026/5026/5026 5025/5025/5025 5029/5029/5029 
f 5025/5025/5025 5031/5031/5031 5029/5029/5029 
f 5031/5031/5031 5025/5025/5025 5032/5032/5032 
f 5028/5028/5028 5026/5026/5026 5033/5033/5033 
f 5033/5033/5033 5063/5063/5063 5028/5028/5028 
f 5063/5063/5063 5033/5033/5033 5061/5061/5061 
f 5061/5061/5061 5060/5060/5060 5063/5063/5063 
f 5060/5060/5060 5061/5061/5061 5062/5062/5062 
f 4998/4998/4998 4999/4999/4999 5000/5000/5000 
f 5007/5007/5007 4998/4998/4998 5000/5000/5000 
f 5008/5008/5008 5009/5009/5009 5010/5010/5010 
f 5030/5030/5030 5008/5008/5008 5010/5010/5010 
f 5011/5011/5011 5012/5012/5012 5013/5013/5013 
f 5017/5017/5017 5013/5013/5013 5012/5012/5012 
f 5014/5014/5014 5015/5015/5015 5016/5016/5016 
f 5018/5018/5018 5014/5014/5014 5016/5016/5016 
f 5075/5075/5075 5076/5076/5076 5077/5077/5077 
f 5075/5075/5075 5078/5078/5078 5076/5076/5076 
f 5094/5094/5094 5095/5095/5095 5096/5096/5096 
f 5094/5094/5094 5097/5097/5097 5095/5095/5095 
f 5141/5141/5141 5142/5142/5142 5143/5143/5143 
f 5142/5142/5142 5144/5144/5144 5143/5143/5143 
f 5160/5160/5160 5161/5161/5161 5162/5162/5162 
f 5161/5161/5161 5163/5163/5163 5162/5162/5162 
f 5064/5064/5064 5065/5065/5065 5066/5066/5066 
f 5065/5065/5065 5067/5067/5067 5066/5066/5066 
f 5083/5083/5083 5084/5084/5084 5085/5085/5085 
f 5084/5084/5084 5086/5086/5086 5085/5085/5085 
f 5149/5149/5149 5150/5150/5150 5151/5151/5151 
f 5149/5149/5149 5152/5152/5152 5150/5150/5150 
f 5168/5168/5168 5169/5169/5169 5170/5170/5170 
f 5168/5168/5168 5171/5171/5171 5169/5169/5169 
f 5091/5091/5091 5092/5092/5092 5093/5093/5093 
f 5092/5092/5092 5098/5098/5098 5093/5093/5093 
f 5164/5164/5164 5165/5165/5165 5166/5166/5166 
f 5164/5164/5164 5167/5167/5167 5165/5165/5165 
f 5072/5072/5072 5073/5073/5073 5074/5074/5074 
f 5073/5073/5073 5079/5079/5079 5074/5074/5074 
f 5145/5145/5145 5146/5146/5146 5147/5147/5147 
f 5145/5145/5145 5148/5148/5148 5146/5146/5146 
f 5068/5068/5068 5069/5069/5069 5070/5070/5070 
f 5071/5071/5071 5069/5069/5069 5068/5068/5068 
f 5080/5080/5080 5081/5081/5081 5082/5082/5082 
f 5082/5082/5082 5081/5081/5081 5087/5087/5087 
f 5153/5153/5153 5154/5154/5154 5155/5155/5155 
f 5154/5154/5154 5153/5153/5153 5156/5156/5156 
f 5157/5157/5157 5158/5158/5158 5159/5159/5159 
f 5158/5158/5158 5157/5157/5157 5172/5172/5172 
f 5088/5088/5088 5089/5089/5089 5090/5090/5090 
f 5089/5089/5089 5088/5088/5088 5124/5124/5124 
f 5099/5099/5099 5100/5100/5100 5101/5101/5101 
f 5100/5100/5100 5099/5099/5099 5123/5123/5123 
f 5102/5102/5102 5103/5103/5103 5104/5104/5104 
f 5103/5103/5103 5102/5102/5102 5117/5117/5117 
f 5114/5114/5114 5115/5115/5115 5116/5116/5116 
f 5115/5115/5115 5114/5114/5114 5118/5118/5118 
f 5173/5173/5173 5174/5174/5174 5175/5175/5175 
f 5174/5174/5174 5173/5173/5173 5203/5203/5203 
f 5176/5176/5176 5177/5177/5177 5178/5178/5178 
f 5177/5177/5177 5176/5176/5176 5182/5182/5182 
f 5179/5179/5179 5180/5180/5180 5181/5181/5181 
f 5180/5180/5180 5179/5179/5179 5186/5186/5186 
f 5204/5204/5204 5205/5205/5205 5206/5206/5206 
f 5205/5205/5205 5204/5204/5204 5207/5207/5207 
f 5105/5105/5105 5106/5106/5106 5107/5107/5107 
f 5108/5108/5108 5109/5109/5109 5110/5110/5110 
f 5120/5120/5120 5121/5121/5121 5122/5122/5122 
f 5125/5125/5125 5126/5126/5126 5127/5127/5127 
f 5128/5128/5128 5129/5129/5129 5130/5130/5130 
f 5131/5131/5131 5132/5132/5132 5133/5133/5133 
f 5187/5187/5187 5188/5188/5188 5189/5189/5189 
f 5190/5190/5190 5191/5191/5191 5192/5192/5192 
f 5194/5194/5194 5190/5190/5190 5208/5208/5208 
f 5194/5194/5194 5195/5195/5195 5190/5190/5190 
f 5196/5196/5196 5197/5197/5197 5198/5198/5198 
f 5199/5199/5199 5200/5200/5200 5201/5201/5201 
f 5134/5134/5134 5135/5135/5135 5136/5136/5136 
f 5135/5135/5135 5134/5134/5134 5202/5202/5202 
f 5137/5137/5137 5138/5138/5138 5139/5139/5139 
f 5137/5137/5137 5140/5140/5140 5138/5138/5138 
f 5111/5111/5111 5112/5112/5112 5113/5113/5113 
f 5119/5119/5119 5112/5112/5112 5111/5111/5111 
f 5183/5183/5183 5184/5184/5184 5185/5185/5185 
f 5193/5193/5193 5184/5184/5184 5183/5183/5183 
f 5245/5245/5245 5246/5246/5246 5247/5247/5247 
f 5248/5248/5248 5246/5246/5246 5245/5245/5245 
f 5352/5352/5352 5353/5353/5353 5354/5354/5354 
f 5353/5353/5353 5352/5352/5352 5355/5355/5355 
f 5249/5249/5249 5250/5250/5250 5251/5251/5251 
f 5251/5251/5251 5283/5283/5283 5249/5249/5249 
f 5255/5255/5255 5256/5256/5256 5257/5257/5257 
f 5264/5264/5264 5265/5265/5265 5266/5266/5266 
f 5267/5267/5267 5268/5268/5268 5269/5269/5269 
f 5273/5273/5273 5274/5274/5274 5275/5275/5275 
f 5285/5285/5285 5286/5286/5286 5287/5287/5287 
f 5340/5340/5340 5341/5341/5341 5342/5342/5342 
f 5343/5343/5343 5344/5344/5344 5345/5345/5345 
f 5356/5356/5356 5357/5357/5357 5358/5358/5358 
f 5359/5359/5359 5356/5356/5356 5358/5358/5358 
f 5361/5361/5361 5359/5359/5359 5358/5358/5358 
f 5358/5358/5358 5360/5360/5360 5361/5361/5361 
f 5364/5364/5364 5365/5365/5365 5366/5366/5366 
f 5252/5252/5252 5253/5253/5253 5254/5254/5254 
f 5258/5258/5258 5259/5259/5259 5260/5260/5260 
f 5261/5261/5261 5262/5262/5262 5263/5263/5263 
f 5270/5270/5270 5271/5271/5271 5272/5272/5272 
f 5334/5334/5334 5335/5335/5335 5336/5336/5336 
f 5337/5337/5337 5338/5338/5338 5339/5339/5339 
f 5346/5346/5346 5347/5347/5347 5348/5348/5348 
f 5349/5349/5349 5350/5350/5350 5351/5351/5351 
f 5276/5276/5276 5277/5277/5277 5278/5278/5278 
f 5282/5282/5282 5277/5277/5277 5276/5276/5276 
f 5367/5367/5367 5368/5368/5368 5369/5369/5369 
f 5368/5368/5368 5367/5367/5367 5373/5373/5373 
f 5220/5220/5220 5221/5221/5221 5222/5222/5222 
f 5220/5220/5220 5230/5230/5230 5221/5221/5221 
f 5305/5305/5305 5306/5306/5306 5307/5307/5307 
f 5308/5308/5308 5307/5307/5307 5306/5306/5306 
f 5216/5216/5216 5217/5217/5217 5218/5218/5218 
f 5217/5217/5217 5216/5216/5216 5244/5244/5244 
f 5316/5316/5316 5317/5317/5317 5318/5318/5318 
f 5317/5317/5317 5316/5316/5316 5333/5333/5333 
f 5223/5223/5223 5224/5224/5224 5225/5225/5225 
f 5223/5223/5223 5226/5226/5226 5224/5224/5224 
f 5298/5298/5298 5299/5299/5299 5300/5300/5300 
f 5301/5301/5301 5298/5298/5298 5300/5300/5300 
f 5209/5209/5209 5210/5210/5210 5211/5211/5211 
f 5209/5209/5209 5212/5212/5212 5210/5210/5210 
f 5309/5309/5309 5310/5310/5310 5311/5311/5311 
f 5310/5310/5310 5312/5312/5312 5311/5311/5311 
f 5295/5295/5295 5296/5296/5296 5297/5297/5297 
f 5296/5296/5296 5295/5295/5295 5363/5363/5363 
f 5279/5279/5279 5280/5280/5280 5281/5281/5281 
f 5280/5280/5280 5279/5279/5279 5284/5284/5284 
f 5370/5370/5370 5371/5371/5371 5372/5372/5372 
f 5371/5371/5371 5370/5370/5370 5374/5374/5374 
f 5213/5213/5213 5214/5214/5214 5215/5215/5215 
f 5214/5214/5214 5213/5213/5213 5219/5219/5219 
f 5313/5313/5313 5314/5314/5314 5315/5315/5315 
f 5314/5314/5314 5313/5313/5313 5319/5319/5319 
f 5227/5227/5227 5228/5228/5228 5229/5229/5229 
f 5228/5228/5228 5231/5231/5231 5229/5229/5229 
f 5227/5227/5227 5236/5236/5236 5228/5228/5228 
f 5231/5231/5231 5238/5238/5238 5229/5229/5229 
f 5227/5227/5227 5237/5237/5237 5236/5236/5236 
f 5236/5236/5236 5237/5237/5237 5238/5238/5238 
f 5231/5231/5231 5243/5243/5243 5238/5238/5238 
f 5236/5236/5236 5238/5238/5238 5243/5243/5243 
f 5302/5302/5302 5303/5303/5303 5304/5304/5304 
f 5302/5302/5302 5304/5304/5304 5320/5320/5320 
f 5302/5302/5302 5327/5327/5327 5303/5303/5303 
f 5322/5322/5322 5302/5302/5302 5320/5320/5320 
f 5327/5327/5327 5321/5321/5321 5303/5303/5303 
f 5320/5320/5320 5321/5321/5321 5322/5322/5322 
f 5327/5327/5327 5332/5332/5332 5321/5321/5321 
f 5321/5321/5321 5332/5332/5332 5322/5322/5322 
f 5239/5239/5239 5240/5240/5240 5241/5241/5241 
f 5239/5239/5239 5242/5242/5242 5240/5240/5240 
f 5323/5323/5323 5324/5324/5324 5325/5325/5325 
f 5326/5326/5326 5323/5323/5323 5325/5325/5325 
f 5232/5232/5232 5233/5233/5233 5234/5234/5234 
f 5232/5232/5232 5235/5235/5235 5233/5233/5233 
f 5328/5328/5328 5329/5329/5329 5330/5330/5330 
f 5331/5331/5331 5328/5328/5328 5330/5330/5330 
f 5288/5288/5288 5289/5289/5289 5290/5290/5290 
f 5289/5289/5289 5291/5291/5291 5290/5290/5290 
f 5290/5290/5290 5291/5291/5291 5292/5292/5292 
f 5294/5294/5294 5289/5289/5289 5288/5288/5288 
f 5293/5293/5293 5294/5294/5294 5288/5288/5288 
f 5362/5362/5362 5294/5294/5294 5293/5293/5293 

