# This file is brought to you by Roblox Corporation
# Generated by Roblox Studio

mtllib 1.mtl

g Text0051

v -1.0471 2.41079 -0.436284 
v -1.0471 2.41079 0.425261 
v -1.0471 1.22373 -0.436283 
v -1.0471 2.49892 -0.436284 
v -1.0471 4.05157 0.425261 
v -1.0471 2.49892 0.425261 
v -1.0471 4.05157 -0.436284 
v -1.19115 4.96246 -0.718471 
v -1.28816 5.86355 -0.718471 
v -1.28816 5.86355 -0.445878 
v -1.19115 4.96246 -0.445878 
v -0.799187 4.1439 -0.718471 
v -0.89079 4.99479 -0.718471 
v -0.89079 4.99479 -0.445878 
v 0.665302 4.81595 -0.826758 
v 0.637764 4.54964 -0.554169 
v 0.637764 4.54964 -0.826762 
v -0.799187 4.1439 -0.445878 
v 0.313165 5.05436 -0.8261 
v 0.289723 4.85167 -0.554165 
v 0.289723 4.85167 -0.826758 
v 0.313165 5.05436 -0.553507 
v 0.313165 5.05436 -0.8261 
v 0.390138 5.92988 -0.553512 
v 0.313165 5.05436 -0.553507 
v -1.0471 1.22373 0.425262 
v -1.19115 4.96246 0.403398 
v -1.28816 5.86355 0.403398 
v -1.19115 4.96246 0.675991 
v -0.89079 4.99479 0.675991 
v -0.799187 4.1439 0.675991 
v -0.89079 4.99479 0.403398 
v -4.52921 5.19179 -0.298862 
v -4.52921 5.94698 0.456328 
v -4.52921 5.19179 0.456328 
v -2.90195 5.19179 -0.298862 
v -2.90195 5.94698 0.456328 
v -2.90195 5.19179 0.456328 
v -1.28816 5.86355 0.675991 
v -0.799187 4.1439 0.403398 
v 0.289723 4.85167 0.511685 
v 0.313165 5.05436 0.78362 
v 0.289723 4.85167 0.784278 
v 0.637764 4.54964 0.511689 
v 0.665302 4.81595 0.784278 
v 0.637764 4.54964 0.784282 
v 0.313165 5.05436 0.511027 
v 0.313165 5.05436 0.511027 
v 0.390138 5.92988 0.511032 
v 0.313165 5.05436 0.78362 
v 0.390138 5.92988 0.783624 
v 0.390138 5.92988 -0.826105 
v -2.31859 6.96799 -0.718471 
v -2.35093 7.26835 -0.445878 
v -2.31859 6.96799 -0.445878 
v -2.90195 5.94698 -0.298862 
v -2.35093 7.26835 -0.718471 
v -2.65129 7.23602 -0.718471 
v -2.70747 7.75786 -0.718471 
v -2.70747 7.75786 -0.445878 
v -2.65129 7.23602 -0.445878 
v -1.95356 6.3996 -0.718471 
v -2.01823 7.00033 -0.718471 
v -2.01823 7.00033 -0.445878 
v -1.58852 5.83121 -0.718471 
v -1.65319 6.43194 -0.718471 
v -1.65319 6.43194 -0.445878 
v -1.58852 5.83121 -0.445878 
v -1.95356 6.3996 -0.445878 
v -0.304567 8.01655 -0.718471 
v -0.37773 8.69615 -0.718471 
v -0.37773 8.69615 -0.445879 
v -0.304567 8.01655 -0.445879 
v -4.52921 5.94698 -0.298862 
v -2.31859 6.96799 0.403398 
v -2.35093 7.26835 0.403398 
v -2.31859 6.96799 0.675991 
v -2.01823 7.00033 0.675991 
v -1.95356 6.3996 0.675991 
v -2.01823 7.00033 0.403398 
v -2.35093 7.26835 0.675991 
v -2.65129 7.23602 0.403398 
v -2.70747 7.75786 0.403398 
v -2.65129 7.23602 0.675991 
v -2.70747 7.75786 0.675991 
v -1.95356 6.3996 0.403398 
v -1.58852 5.83121 0.403398 
v -1.65319 6.43194 0.403398 
v -1.58852 5.83121 0.675991 
v -1.65319 6.43194 0.675991 
v -0.304567 8.01655 0.403398 
v -0.37773 8.69615 0.403398 
v -0.304567 8.01655 0.675991 
v -0.37773 8.69615 0.675991 
v 0.665302 4.81595 0.511685 
v 2.05095 4.05157 0.425261 
v 2.05095 2.49892 -0.436284 
v 2.05095 4.05157 -0.436284 
v 2.05095 2.41079 -0.436284 
v 2.05095 1.22373 0.425261 
v 2.05095 1.22373 -0.436284 
v 2.08447 3.89634 -0.826762 
v 2.11842 4.26909 -0.554169 
v 2.08447 3.89634 -0.554169 
v 0.784701 6.13154 -0.826099 
v 0.763237 5.89589 -0.553514 
v 0.763237 5.89589 -0.826107 
v 0.665302 4.81595 -0.554165 
v 2.11842 4.26909 -0.826762 
v 2.49117 4.23513 -0.826762 
v 2.52512 4.60788 -0.826762 
v 2.52512 4.60788 -0.554169 
v 2.49117 4.23513 -0.554169 
v 6.57202 5.94698 -0.298863 
v 6.57202 5.19179 0.456327 
v 6.57202 5.19179 -0.298863 
v 2.89787 4.57393 -0.826762 
v 3.18324 7.70683 -0.554169 
v 2.89787 4.57393 -0.554169 
v 5.21477 5.94698 0.456327 
v 5.21477 5.19179 -0.298863 
v 5.21477 5.94698 -0.298863 
v 2.05095 2.49892 0.425261 
v 2.05095 2.41079 0.425261 
v 2.08447 3.89634 0.511689 
v 2.11842 4.26909 0.511689 
v 2.08447 3.89634 0.784282 
v 2.11842 4.26909 0.784282 
v 0.784701 6.13154 0.783619 
v 0.763237 5.89589 0.511034 
v 0.784701 6.13154 0.511026 
v 0.763237 5.89589 0.783626 
v 2.49117 4.23513 0.511689 
v 2.52512 4.60788 0.511689 
v 2.49117 4.23513 0.784282 
v 5.21477 5.19179 0.456327 
v 2.52512 4.60788 0.784282 
v 2.89787 4.57393 0.511689 
v 3.18324 7.70683 0.511689 
v 2.89787 4.57393 0.784282 
v 6.57202 5.94698 0.456327 
v 0.784701 6.13154 -0.553506 
v 0.795681 6.26671 -0.826762 
v 0.795681 6.26671 -0.554169 
v 0.784701 6.13154 -0.826099 
v 0.784701 6.13154 -0.553506 
v 1.21764 6.75835 -0.826762 
v 1.23274 6.92412 -0.554169 
v 1.21764 6.75835 -0.554169 
v 0.933001 7.75964 -0.826762 
v 0.966954 8.13239 -0.826762 
v 0.966954 8.13239 -0.554169 
v 0.933001 7.75964 -0.554169 
v 1.23274 6.92412 -0.826762 
v 3.18324 7.70683 -0.826762 
v 2.81049 7.74078 -0.826762 
v 2.84444 8.11353 -0.55417 
v 2.81049 7.74078 -0.554169 
v 2.84444 8.11353 -0.826762 
v 2.4717 8.14748 -0.826762 
v 2.50565 8.52023 -0.826762 
v 2.50565 8.52023 -0.55417 
v 2.4717 8.14748 -0.55417 
v 0.784701 6.13154 0.783619 
v 0.784701 6.13154 0.511026 
v 0.795681 6.26671 0.511689 
v 1.21764 6.75835 0.511689 
v 1.23274 6.92412 0.511689 
v 1.21764 6.75835 0.784282 
v 0.795681 6.26671 0.784282 
v 1.23274 6.92412 0.784282 
v 0.933 7.75964 0.511689 
v 0.966954 8.13239 0.511689 
v 0.933 7.75964 0.784282 
v 0.966954 8.13239 0.784282 
v 2.4717 8.14748 0.511689 
v 2.50565 8.52023 0.511689 
v 2.4717 8.14748 0.784282 
v 2.81049 7.74078 0.511689 
v 2.84444 8.11353 0.511689 
v 2.81049 7.74078 0.784282 
v 3.18324 7.70683 0.784282 
v 2.84444 8.11353 0.784282 
v 2.50565 8.52023 0.784282 
v -1.28816 5.86355 -0.718471 
v -1.58852 5.83121 -0.718471 
v -1.58852 5.83121 -0.445878 
v -4.52921 5.94698 -0.298862 
v -5.88989 5.94698 -0.298862 
v -4.52921 5.94698 0.456328 
v -2.90195 5.94698 -0.298862 
v -4.53264 5.94698 -0.298862 
v -2.90195 5.94698 0.456328 
v -1.65319 6.43194 -0.718471 
v -1.95356 6.3996 -0.718471 
v -1.95356 6.3996 -0.445878 
v -1.65319 6.43194 -0.445878 
v -1.28816 5.86355 -0.445878 
v -1.0471 4.05157 -0.436284 
v -1.90865 4.05157 -0.436284 
v -1.0471 4.05157 0.425261 
v -1.0471 2.41079 -0.436284 
v -1.90865 2.41079 -0.436283 
v -1.0471 2.41079 0.425261 
v -0.89079 4.99479 -0.718471 
v -1.19115 4.96246 -0.718471 
v -1.19115 4.96246 -0.445878 
v -0.454515 6.511 -0.819048 
v -0.0869846 6.47974 -0.554825 
v -0.0869846 6.47974 -0.827418 
v -0.89079 4.99479 -0.445878 
v -1.90865 4.05157 0.425261 
v -1.90865 2.41079 0.425262 
v -5.88989 5.94698 0.456328 
v -4.53264 5.94698 0.456328 
v -1.65319 6.43194 0.403398 
v -1.95356 6.3996 0.403398 
v -1.65319 6.43194 0.675991 
v -1.95356 6.3996 0.675991 
v -1.58852 5.83121 0.403398 
v -1.58852 5.83121 0.675991 
v -1.28816 5.86355 0.675991 
v -1.19115 4.96246 0.675991 
v -0.89079 4.99479 0.403398 
v -1.19115 4.96246 0.403398 
v -0.89079 4.99479 0.675991 
v -1.28816 5.86355 0.403398 
v -0.0869847 6.47974 0.512345 
v -0.454515 6.511 0.776568 
v -0.0869847 6.47974 0.784938 
v -0.454515 6.511 -0.546455 
v -2.01823 7.00033 -0.718471 
v -2.31859 6.96799 -0.718471 
v -2.31859 6.96799 -0.445878 
v -2.01823 7.00033 -0.445878 
v -2.35093 7.26835 -0.718471 
v -2.65129 7.23602 -0.718471 
v -2.65129 7.23602 -0.445878 
v -2.35093 7.26835 -0.445878 
v -0.37773 8.69615 -0.445879 
v -4.06096 8.29963 -0.718471 
v -4.06096 8.29963 -0.445878 
v -0.37773 8.69615 -0.718471 
v 0.514507 6.82239 -0.826347 
v -0.0514232 6.87394 -0.827418 
v -0.0514232 6.87394 -0.554825 
v 0.514507 6.82239 -0.553754 
v 0.457043 8.331 -0.826762 
v 0.0842943 8.36495 -0.55417 
v 0.457043 8.331 -0.55417 
v 0.0842943 8.36495 -0.826762 
v -4.06096 8.29963 0.675991 
v -0.37773 8.69615 0.403398 
v -4.06096 8.29963 0.403398 
v -2.01823 7.00033 0.403398 
v -2.31859 6.96799 0.403398 
v -2.01823 7.00033 0.675991 
v -2.31859 6.96799 0.675991 
v -2.65129 7.23602 0.675991 
v -2.35093 7.26835 0.403398 
v -2.65129 7.23602 0.403398 
v -2.35093 7.26835 0.675991 
v -0.37773 8.69615 0.675991 
v -0.454515 6.511 0.503975 
v 0.514507 6.82239 0.511274 
v -0.0514233 6.87394 0.512345 
v 0.514507 6.82239 0.783867 
v -0.0514233 6.87394 0.784938 
v 0.457043 8.331 0.511689 
v 0.0842943 8.36495 0.511689 
v 0.457043 8.331 0.784282 
v 0.0842943 8.36495 0.784282 
v 0.289723 4.85167 0.511685 
v 0.289723 4.85167 0.784278 
v 0.665302 4.81595 0.784278 
v 1.60858 4.46852 -0.826762 
v 0.637764 4.54964 -0.554169 
v 1.60858 4.46852 -0.554169 
v 1.18941 4.05157 0.425261 
v 2.05095 4.05157 -0.436284 
v 1.18941 4.05157 -0.436284 
v 0.637764 4.54964 -0.826762 
v 0.665302 4.81595 -0.826758 
v 0.289723 4.85167 -0.826758 
v 0.289723 4.85167 -0.554165 
v 0.665302 4.81595 -0.554165 
v 1.18941 2.41079 0.425261 
v 2.05095 2.41079 -0.436284 
v 1.18941 2.41079 -0.436284 
v 2.01521 4.80649 -0.826762 
v 1.64246 4.84044 -0.826762 
v 1.64246 4.84044 -0.554169 
v 2.01521 4.80649 -0.554169 
v 5.21134 5.94698 -0.298863 
v 6.57202 5.94698 0.456327 
v 6.57202 5.94698 -0.298863 
v 2.18498 6.67023 -0.826762 
v 1.21764 6.75835 -0.554169 
v 2.18498 6.67023 -0.554169 
v 3.58408 5.94698 -0.298863 
v 5.21477 5.94698 0.456327 
v 5.21477 5.94698 -0.298863 
v 2.05095 4.05157 0.425261 
v 2.05095 2.41079 0.425261 
v 1.60858 4.46852 0.511689 
v 0.637764 4.54964 0.511689 
v 1.60858 4.46852 0.784282 
v 0.665302 4.81595 0.511685 
v 0.637764 4.54964 0.784282 
v 1.64246 4.84044 0.511689 
v 1.64246 4.84044 0.784282 
v 2.01521 4.80649 0.784282 
v 3.58408 5.94698 0.456327 
v 2.01521 4.80649 0.511689 
v 5.21134 5.94698 0.456327 
v 2.18498 6.67023 0.511689 
v 1.21764 6.75835 0.511689 
v 2.18498 6.67023 0.784282 
v 1.21764 6.75835 0.784282 
v 1.21764 6.75835 -0.826762 
v 0.514507 6.82239 -0.826347 
v 0.708071 6.81126 -0.554169 
v 0.708071 6.81126 -0.826762 
v 1.23274 6.92412 -0.826762 
v 0.70908 6.97182 -0.554169 
v 1.23274 6.92412 -0.554169 
v 2.50565 8.52023 -0.826762 
v 0.490996 8.70374 -0.826762 
v 0.490996 8.70374 -0.55417 
v 0.70908 6.97182 -0.826762 
v 2.50565 8.52023 -0.55417 
v 3.18324 7.70683 -0.826762 
v 2.81049 7.74078 -0.826762 
v 2.81049 7.74078 -0.554169 
v 3.18324 7.70683 -0.554169 
v 2.84444 8.11353 -0.826762 
v 2.4717 8.14748 -0.55417 
v 2.84444 8.11353 -0.55417 
v 2.4717 8.14748 -0.826762 
v 0.514507 6.82239 -0.553754 
v 0.514507 6.82239 0.783867 
v 0.708071 6.81126 0.511689 
v 0.514507 6.82239 0.511274 
v 0.708071 6.81126 0.784282 
v 1.23274 6.92412 0.511689 
v 0.70908 6.97182 0.511689 
v 1.23274 6.92412 0.784282 
v 0.70908 6.97182 0.784282 
v 0.490996 8.70374 0.784282 
v 2.50565 8.52023 0.784282 
v 0.490996 8.70374 0.511689 
v 2.50565 8.52023 0.511689 
v 3.18324 7.70683 0.511689 
v 2.81049 7.74078 0.511689 
v 3.18324 7.70683 0.784282 
v 2.81049 7.74078 0.784282 
v 2.84444 8.11353 0.511689 
v 2.4717 8.14748 0.511689 
v 2.84444 8.11353 0.784282 
v 2.4717 8.14748 0.784282 
v -1.86227 4.81041 -0.445878 
v -2.29197 5.97953 -0.445878 
v -2.16263 4.77808 -0.445878 
v -1.19115 4.96246 -0.445878 
v -1.77916 4.0384 -0.445878 
v -1.90865 2.49892 0.425261 
v -1.0471 4.05157 0.425261 
v -1.90865 4.05157 0.425261 
v -1.90865 1.22373 0.425262 
v -1.0471 2.41079 0.425261 
v -1.90865 2.41079 0.425262 
v -1.0471 2.49892 0.425261 
v -1.58852 5.83121 -0.445878 
v -2.65701 6.54792 -0.445878 
v -2.59234 5.94719 -0.445878 
v -1.95356 6.3996 -0.445878 
v -1.28816 5.86355 -0.445878 
v -1.0471 1.22373 0.425262 
v 0.103767 4.4526 -0.554169 
v -0.236731 4.76949 -0.554165 
v -0.267165 4.48638 -0.554169 
v 0.289723 4.85167 -0.554165 
v -0.799187 4.1439 -0.445878 
v -0.89079 4.99479 -0.445878 
v 0.289723 4.85167 -0.554165 
v -0.21294 4.96246 -0.554114 
v -0.236731 4.76949 -0.554165 
v 0.313165 5.05436 -0.553507 
v -0.21294 4.96246 -0.554114 
v 0.313165 5.05436 -0.553507 
v 0.390138 5.92988 -0.553512 
v -0.569747 5.00981 -0.546445 
v -0.454515 6.511 -0.546455 
v -2.90195 5.94698 0.456328 
v -4.53264 5.94698 0.456328 
v -2.90195 5.19179 0.456328 
v -5.88989 5.19179 0.456328 
v -4.52921 5.19179 0.456328 
v -5.88989 5.94698 0.456328 
v -1.19115 4.96246 0.675991 
v -1.86227 4.81041 0.675991 
v -1.77916 4.0384 0.675991 
v -2.29197 5.97953 0.675991 
v -2.16263 4.77808 0.675991 
v -1.58852 5.83121 0.675991 
v -4.53264 5.19179 0.456328 
v -4.52921 5.94698 0.456328 
v -1.95356 6.3996 0.675991 
v -2.65701 6.54792 0.675991 
v -2.59234 5.94719 0.675991 
v -1.28816 5.86355 0.675991 
v -0.799187 4.1439 0.675991 
v -0.89079 4.99479 0.675991 
v -0.236731 4.76949 0.784278 
v 0.103767 4.4526 0.784282 
v 0.289723 4.85167 0.784278 
v -0.267165 4.48638 0.784282 
v 0.289723 4.85167 0.784278 
v -0.21294 4.96246 0.784226 
v -0.236731 4.76949 0.784278 
v -0.569747 5.00981 0.776557 
v 0.390138 5.92988 0.783624 
v -0.454515 6.511 0.776568 
v -0.21294 4.96246 0.784226 
v 0.313165 5.05436 0.78362 
v 0.313165 5.05436 0.78362 
v -1.65319 6.43194 0.675991 
v -3.02204 7.11631 -0.445878 
v -2.95737 6.51558 -0.445878 
v -2.31859 6.96799 -0.445878 
v -2.65129 7.23602 -0.445878 
v -3.35474 7.38433 -0.445878 
v -3.3224 7.08397 -0.445878 
v -2.70747 7.75786 -0.445878 
v -3.68744 7.65236 -0.445878 
v -3.6551 7.352 -0.445878 
v -4.06096 8.29963 -0.445878 
v -2.35093 7.26835 -0.445878 
v -0.0869846 6.47974 -0.554825 
v -1.65319 6.43194 -0.445878 
v 0.514507 6.82239 -0.553754 
v -0.0514232 6.87394 -0.554825 
v -0.304567 8.01655 -0.445879 
v -0.37773 8.69615 -0.445879 
v 0.0365954 7.84129 -0.554169 
v 0.457043 8.331 -0.55417 
v 0.0842943 8.36495 -0.55417 
v -2.01823 7.00033 -0.445878 
v -3.9878 7.62003 -0.445878 
v -3.02204 7.11631 0.675991 
v -2.95737 6.51558 0.675991 
v -2.65129 7.23602 0.675991 
v -2.70747 7.75786 0.675991 
v -3.35474 7.38434 0.675991 
v -3.3224 7.08397 0.675991 
v -3.9878 7.62003 0.675991 
v -3.68744 7.65236 0.675991 
v -4.06096 8.29963 0.675991 
v -3.6551 7.352 0.675991 
v -2.31859 6.96799 0.675991 
v -0.0869847 6.47974 0.784938 
v 0.514507 6.82239 0.783867 
v -0.0514233 6.87394 0.784938 
v -2.01823 7.00033 0.675991 
v -2.35093 7.26835 0.675991 
v -0.37773 8.69615 0.675991 
v -0.304567 8.01655 0.675991 
v 0.0365954 7.84129 0.784282 
v 0.457043 8.331 0.784282 
v 0.0842943 8.36495 0.784282 
v 0.0698137 4.07985 0.784282 
v 0.637764 4.54964 0.784282 
v 2.08447 3.89634 -0.554169 
v 0.637764 4.54964 -0.554169 
v 0.0698138 4.07985 -0.554169 
v 1.60858 4.46852 -0.554169 
v 1.18941 2.49892 0.425261 
v 2.05095 4.05157 0.425261 
v 1.18941 4.05157 0.425261 
v 0.665302 4.81595 -0.554165 
v 2.13728 6.14658 -0.554169 
v 1.21764 6.75835 -0.554169 
v 0.795681 6.26671 -0.554169 
v 0.784701 6.13154 -0.553506 
v 0.763237 5.89589 -0.553514 
v 1.18941 1.22373 0.425261 
v 2.05095 2.41079 0.425261 
v 1.18941 2.41079 0.425261 
v 2.01521 4.80649 -0.554169 
v 2.11842 4.26909 -0.554169 
v 2.52512 4.60788 -0.554169 
v 2.49117 4.23513 -0.554169 
v 2.05095 2.49892 0.425261 
v 1.64246 4.84044 -0.554169 
v 3.18324 7.70683 -0.554169 
v 2.89787 4.57393 -0.554169 
v 2.05095 1.22373 0.425261 
v 2.08447 3.89634 0.784282 
v 1.60858 4.46852 0.784282 
v 2.01521 4.80649 0.784282 
v 2.11842 4.26909 0.784282 
v 1.64246 4.84044 0.784282 
v 0.784701 6.13154 0.783619 
v 0.763237 5.89589 0.783626 
v 0.665302 4.81595 0.784278 
v 2.13728 6.14658 0.784282 
v 1.21764 6.75835 0.784282 
v 0.795681 6.26671 0.784282 
v 2.52512 4.60788 0.784282 
v 2.49117 4.23513 0.784282 
v 2.89787 4.57393 0.784282 
v 3.58408 5.19179 0.456327 
v 5.21477 5.19179 0.456327 
v 5.21477 5.94698 0.456327 
v 6.57202 5.19179 0.456327 
v 5.21134 5.94698 0.456327 
v 5.21134 5.19179 0.456327 
v 6.57202 5.94698 0.456327 
v 3.58408 5.94698 0.456327 
v 3.18324 7.70683 0.784282 
v 0.514507 6.82239 0.783867 
v 0.784701 6.13154 0.783619 
v 0.795681 6.26671 0.784282 
v 0.708071 6.81126 -0.554169 
v 1.23274 6.92412 -0.554169 
v 0.514507 6.82239 -0.553754 
v 0.795681 6.26671 -0.554169 
v 0.708071 6.81126 -0.554169 
v 0.70908 6.97182 -0.554169 
v 0.966954 8.13239 -0.554169 
v 0.490996 8.70374 -0.55417 
v 2.50565 8.52023 -0.55417 
v 0.933001 7.75964 -0.554169 
v 1.93429 8.04428 -0.554169 
v 2.18498 6.67023 -0.554169 
v 2.81049 7.74078 -0.554169 
v 2.27309 7.63757 -0.554169 
v 1.90034 7.67153 -0.554169 
v 2.4717 8.14748 -0.55417 
v 2.84444 8.11353 -0.55417 
v 0.784701 6.13154 -0.553506 
v 0.708071 6.81126 0.784282 
v 0.708071 6.81126 0.784282 
v 1.23274 6.92412 0.784282 
v 0.70908 6.97182 0.784282 
v 0.933 7.75964 0.784282 
v 0.966954 8.13239 0.784282 
v 0.490996 8.70374 0.784282 
v 2.50565 8.52023 0.784282 
v 1.93429 8.04428 0.784282 
v 2.18498 6.67023 0.784282 
v 2.81049 7.74078 0.784282 
v 2.27309 7.63757 0.784282 
v 1.90034 7.67153 0.784282 
v 2.4717 8.14748 0.784282 
v 2.84444 8.11353 0.784282 
v -1.90865 4.05157 -0.436284 
v -1.90865 2.49892 -0.436283 
v -1.90865 2.49892 0.425261 
v -1.90865 2.41079 -0.436283 
v -1.90865 1.22373 -0.436283 
v -1.90865 1.22373 0.425262 
v -2.29197 5.97953 -0.718471 
v -2.16263 4.77808 -0.718471 
v -2.16263 4.77808 -0.445878 
v -2.29197 5.97953 -0.445878 
v -5.88989 5.94698 -0.298862 
v -5.88989 5.19178 -0.298862 
v -5.88989 5.19179 0.456328 
v -1.77916 4.0384 -0.718471 
v -1.86227 4.81041 -0.445878 
v -1.86227 4.81041 -0.718471 
v -0.236731 4.76949 -0.826758 
v -0.267165 4.48638 -0.826762 
v -0.267165 4.48638 -0.554169 
v -1.77916 4.0384 -0.445878 
v -0.236731 4.76949 -0.554165 
v -0.21294 4.96246 -0.826706 
v -0.236731 4.76949 -0.826758 
v -0.236731 4.76949 -0.554165 
v -0.454515 6.511 -0.546455 
v -0.569747 5.00981 -0.819038 
v -0.569747 5.00981 -0.546445 
v -1.90865 4.05157 0.425261 
v -1.90865 2.41079 0.425262 
v -2.16263 4.77808 0.675991 
v -2.29197 5.97953 0.403398 
v -2.16263 4.77808 0.403398 
v -4.53264 5.94698 0.456328 
v -4.53264 5.19179 -0.298862 
v -4.53264 5.19179 0.456328 
v -5.88989 5.94698 0.456328 
v -2.29197 5.97953 0.675991 
v -1.86227 4.81041 0.403398 
v -1.77916 4.0384 0.675991 
v -1.86227 4.81041 0.675991 
v -1.77916 4.0384 0.403398 
v -0.267165 4.48638 0.511689 
v -0.267165 4.48638 0.784282 
v -0.236731 4.76949 0.784278 
v -0.236731 4.76949 0.511685 
v -0.569747 5.00981 0.776557 
v -0.454515 6.511 0.503975 
v -0.569747 5.00981 0.503965 
v -0.236731 4.76949 0.511685 
v -0.236731 4.76949 0.784278 
v -0.21294 4.96246 0.784226 
v -4.53264 5.94698 -0.298862 
v -3.68744 7.65236 -0.718471 
v -3.6551 7.352 -0.718471 
v -3.6551 7.352 -0.445878 
v -3.35474 7.38433 -0.718471 
v -3.3224 7.08397 -0.445878 
v -3.35474 7.38433 -0.445878 
v -3.68744 7.65236 -0.445878 
v -4.06096 8.29963 -0.718471 
v -3.9878 7.62003 -0.718471 
v -3.9878 7.62003 -0.445878 
v -4.06096 8.29963 -0.445878 
v -3.3224 7.08397 -0.718471 
v -0.454515 6.511 -0.819048 
v -2.65701 6.54792 -0.718471 
v -2.59234 5.94719 -0.718471 
v -2.59234 5.94719 -0.445878 
v -2.65701 6.54792 -0.445878 
v -3.02204 7.11631 -0.718471 
v -2.95737 6.51558 -0.718471 
v -2.95737 6.51558 -0.445878 
v -3.02204 7.11631 -0.445878 
v -4.06096 8.29963 0.403398 
v -3.9878 7.62003 0.403398 
v -4.06096 8.29963 0.675991 
v -3.3224 7.08397 0.675991 
v -3.35474 7.38434 0.403398 
v -3.3224 7.08397 0.403398 
v -3.35474 7.38434 0.675991 
v -3.6551 7.352 0.675991 
v -3.68744 7.65236 0.403398 
v -3.6551 7.352 0.403398 
v -3.9878 7.62003 0.675991 
v -3.68744 7.65236 0.675991 
v -3.02204 7.11631 0.403398 
v -2.95737 6.51558 0.675991 
v -3.02204 7.11631 0.675991 
v -2.59234 5.94719 0.675991 
v -2.65701 6.54792 0.403398 
v -2.59234 5.94719 0.403398 
v -0.454515 6.511 0.776568 
v -2.65701 6.54792 0.675991 
v -2.95737 6.51558 0.403398 
v -0.21294 4.96246 -0.554114 
v 1.18941 1.22373 0.425261 
v 1.18941 2.41079 -0.436284 
v 1.18941 1.22373 -0.436284 
v 1.18941 2.49892 0.425261 
v 1.18941 4.05157 0.425261 
v 1.18941 2.49892 -0.436284 
v 1.18941 4.05157 -0.436284 
v 0.0698138 4.07985 -0.826762 
v 0.103767 4.4526 -0.554169 
v 0.103767 4.4526 -0.826762 
v 0.0698138 4.07985 -0.554169 
v 1.64246 4.84044 -0.554169 
v 1.60858 4.46852 -0.826762 
v 1.60858 4.46852 -0.554169 
v 1.64246 4.84044 -0.826762 
v 2.13728 6.14658 -0.826762 
v 2.01521 4.80649 -0.826762 
v 2.01521 4.80649 -0.554169 
v 3.58408 5.94698 -0.298863 
v 3.58408 5.19179 -0.298863 
v 3.58408 5.94698 0.456327 
v 2.13728 6.14658 -0.554169 
v 5.21134 5.94698 -0.298863 
v 5.21134 5.19179 -0.298863 
v 5.21134 5.94698 0.456327 
v 1.18941 2.41079 0.425261 
v 0.0698137 4.07985 0.784282 
v 0.103767 4.4526 0.511689 
v 0.0698137 4.07985 0.511689 
v 0.103767 4.4526 0.784282 
v 1.60858 4.46852 0.784282 
v 1.64246 4.84044 0.511689 
v 1.60858 4.46852 0.511689 
v -0.21294 4.96246 0.511633 
v -0.0869847 6.47974 0.512345 
v -0.0869847 6.47974 0.784938 
v -0.0514233 6.87394 0.784938 
v 1.64246 4.84044 0.784282 
v 3.58408 5.19179 0.456327 
v 2.01521 4.80649 0.784282 
v 2.13728 6.14658 0.784282 
v 2.01521 4.80649 0.511689 
v 5.21134 5.19179 0.456327 
v 2.13728 6.14658 0.511689 
v -0.0514232 6.87394 -0.827418 
v -0.0869846 6.47974 -0.827418 
v -0.0869846 6.47974 -0.554825 
v -0.0514232 6.87394 -0.554825 
v 0.0842943 8.36495 -0.55417 
v 0.0365954 7.84129 -0.826762 
v 0.0365954 7.84129 -0.554169 
v 0.0842943 8.36495 -0.826762 
v 0.490996 8.70374 -0.826762 
v 0.457043 8.331 -0.826762 
v 0.457043 8.331 -0.55417 
v 0.490996 8.70374 -0.55417 
v 0.70908 6.97182 -0.554169 
v 0.708071 6.81126 -0.826762 
v 0.708071 6.81126 -0.554169 
v 0.70908 6.97182 -0.826762 
v 2.27309 7.63757 -0.826762 
v 2.18498 6.67023 -0.826762 
v 2.18498 6.67023 -0.554169 
v 2.27309 7.63757 -0.554169 
v 1.93429 8.04428 -0.826762 
v 1.90034 7.67153 -0.826762 
v 1.90034 7.67153 -0.554169 
v 1.93429 8.04428 -0.554169 
v 2.27309 7.63757 0.511689 
v 2.18498 6.67023 0.511689 
v 2.27309 7.63757 0.784282 
v 0.0365954 7.84129 0.784282 
v 0.0842943 8.36495 0.511689 
v 0.0365954 7.84129 0.511689 
v -0.0514233 6.87394 0.512345 
v 0.0842943 8.36495 0.784282 
v 0.457043 8.331 0.784282 
v 0.490996 8.70374 0.511689 
v 0.457043 8.331 0.511689 
v 0.490996 8.70374 0.784282 
v 0.708071 6.81126 0.784282 
v 0.70908 6.97182 0.511689 
v 0.708071 6.81126 0.511689 
v 0.70908 6.97182 0.784282 
v 2.18498 6.67023 0.784282 
v 1.90034 7.67153 0.784282 
v 1.93429 8.04428 0.511689 
v 1.90034 7.67153 0.511689 
v 1.93429 8.04428 0.784282 
v -2.16263 4.77808 -0.718471 
v -1.86227 4.81041 -0.718471 
v -1.86227 4.81041 -0.445878 
v -2.16263 4.77808 -0.445878 
v -4.52921 5.19179 0.456328 
v -5.88989 5.19178 -0.298862 
v -4.52921 5.19179 -0.298862 
v -2.59234 5.94719 -0.718471 
v -2.29197 5.97953 -0.445878 
v -2.59234 5.94719 -0.445878 
v -2.90195 5.19179 0.456328 
v -4.53264 5.19179 -0.298862 
v -2.90195 5.19179 -0.298862 
v -1.77916 4.0384 -0.718471 
v -0.799187 4.1439 -0.445878 
v -1.77916 4.0384 -0.445878 
v -1.0471 2.49892 0.425261 
v -1.90865 2.49892 -0.436283 
v -1.0471 2.49892 -0.436284 
v -1.0471 1.22373 0.425262 
v -1.90865 1.22373 -0.436283 
v -1.0471 1.22373 -0.436283 
v -0.799187 4.1439 -0.718471 
v -0.569747 5.00981 -0.819038 
v -0.21294 4.96246 -0.826706 
v -0.21294 4.96246 -0.554114 
v -0.569747 5.00981 -0.546445 
v -1.90865 2.49892 0.425261 
v -2.16263 4.77808 0.403398 
v -1.86227 4.81041 0.403398 
v -2.16263 4.77808 0.675991 
v -1.86227 4.81041 0.675991 
v -5.88989 5.19179 0.456328 
v -4.53264 5.19179 0.456328 
v -2.59234 5.94719 0.403398 
v -2.29197 5.97953 0.403398 
v -2.59234 5.94719 0.675991 
v -1.90865 1.22373 0.425262 
v -1.77916 4.0384 0.403398 
v -0.799187 4.1439 0.403398 
v -1.77916 4.0384 0.675991 
v -0.799187 4.1439 0.675991 
v -0.21294 4.96246 0.511633 
v -0.21294 4.96246 0.784226 
v -0.569747 5.00981 0.776557 
v -0.569747 5.00981 0.503965 
v -2.29197 5.97953 0.675991 
v -3.3224 7.08397 -0.718471 
v -3.02204 7.11631 -0.718471 
v -3.02204 7.11631 -0.445878 
v -3.3224 7.08397 -0.445878 
v -3.6551 7.352 -0.718471 
v -3.35474 7.38433 -0.445878 
v -3.6551 7.352 -0.445878 
v -3.35474 7.38433 -0.718471 
v -3.9878 7.62003 -0.718471 
v -3.68744 7.65236 -0.718471 
v -3.68744 7.65236 -0.445878 
v -2.95737 6.51558 -0.718471 
v -2.65701 6.54792 -0.445878 
v -2.95737 6.51558 -0.445878 
v -2.65701 6.54792 -0.718471 
v -2.29197 5.97953 -0.718471 
v -2.70747 7.75786 -0.718471 
v -0.304567 8.01655 -0.445879 
v -2.70747 7.75786 -0.445878 
v -0.304567 8.01655 -0.718471 
v -3.9878 7.62003 -0.445878 
v -3.3224 7.08397 0.403398 
v -3.02204 7.11631 0.403398 
v -3.3224 7.08397 0.675991 
v -3.6551 7.352 0.403398 
v -3.35474 7.38434 0.403398 
v -3.6551 7.352 0.675991 
v -3.35474 7.38434 0.675991 
v -3.9878 7.62003 0.403398 
v -3.68744 7.65236 0.403398 
v -3.9878 7.62003 0.675991 
v -3.68744 7.65236 0.675991 
v -3.02204 7.11631 0.675991 
v -2.95737 6.51558 0.403398 
v -2.65701 6.54792 0.403398 
v -2.95737 6.51558 0.675991 
v -2.65701 6.54792 0.675991 
v -2.70747 7.75786 0.403398 
v -0.304567 8.01655 0.403398 
v -2.70747 7.75786 0.675991 
v -0.304567 8.01655 0.675991 
v -0.267165 4.48638 0.511689 
v 0.103767 4.4526 0.511689 
v -0.267165 4.48638 0.784282 
v 0.0698138 4.07985 -0.826762 
v 2.08447 3.89634 -0.826762 
v 2.08447 3.89634 -0.554169 
v 2.05095 2.49892 -0.436284 
v 1.18941 2.49892 0.425261 
v 1.18941 2.49892 -0.436284 
v 0.0698138 4.07985 -0.554169 
v -0.267165 4.48638 -0.826762 
v 0.103767 4.4526 -0.826762 
v 0.103767 4.4526 -0.554169 
v -0.267165 4.48638 -0.554169 
v 2.05095 1.22373 -0.436284 
v 1.18941 1.22373 0.425261 
v 1.18941 1.22373 -0.436284 
v 2.11842 4.26909 -0.826762 
v 2.49117 4.23513 -0.826762 
v 2.49117 4.23513 -0.554169 
v 2.11842 4.26909 -0.554169 
v 2.52512 4.60788 -0.826762 
v 2.89787 4.57393 -0.826762 
v 2.89787 4.57393 -0.554169 
v 2.52512 4.60788 -0.554169 
v 3.58408 5.19179 -0.298863 
v 5.21477 5.19179 -0.298863 
v 5.21477 5.19179 0.456327 
v 2.05095 2.49892 0.425261 
v 2.05095 1.22373 0.425261 
v 2.08447 3.89634 0.784282 
v 0.0698137 4.07985 0.784282 
v 2.08447 3.89634 0.511689 
v 0.0698137 4.07985 0.511689 
v 0.103767 4.4526 0.784282 
v 2.11842 4.26909 0.511689 
v 2.49117 4.23513 0.511689 
v 2.11842 4.26909 0.784282 
v 2.89787 4.57393 0.784282 
v 2.52512 4.60788 0.511689 
v 2.89787 4.57393 0.511689 
v 2.49117 4.23513 0.784282 
v 2.52512 4.60788 0.784282 
v 3.58408 5.19179 0.456327 
v 5.21134 5.19179 -0.298863 
v 6.57202 5.19179 0.456327 
v 5.21134 5.19179 0.456327 
v 0.390138 5.92988 -0.826105 
v 0.763237 5.89589 -0.826107 
v 0.763237 5.89589 -0.553514 
v 0.390138 5.92988 -0.553512 
v 0.795681 6.26671 -0.826762 
v 2.13728 6.14658 -0.554169 
v 0.795681 6.26671 -0.554169 
v 0.0365954 7.84129 -0.826762 
v 0.933001 7.75964 -0.826762 
v 0.933001 7.75964 -0.554169 
v 0.0365954 7.84129 -0.554169 
v 0.966954 8.13239 -0.826762 
v 1.93429 8.04428 -0.554169 
v 0.966954 8.13239 -0.554169 
v 1.90034 7.67153 -0.826762 
v 2.27309 7.63757 -0.826762 
v 2.27309 7.63757 -0.554169 
v 2.13728 6.14658 -0.826762 
v 1.90034 7.67153 -0.554169 
v 1.93429 8.04428 -0.826762 
v 6.57202 5.19179 -0.298863 
v 0.390138 5.92988 0.511032 
v 0.763237 5.89589 0.511034 
v 0.390138 5.92988 0.783624 
v 0.763237 5.89589 0.783626 
v 0.795681 6.26671 0.511689 
v 2.13728 6.14658 0.511689 
v 0.795681 6.26671 0.784282 
v 0.0365954 7.84129 0.511689 
v 0.933 7.75964 0.511689 
v 0.0365954 7.84129 0.784282 
v 0.933 7.75964 0.784282 
v 0.966954 8.13239 0.511689 
v 1.93429 8.04428 0.511689 
v 0.966954 8.13239 0.784282 
v 2.13728 6.14658 0.784282 
v 2.27309 7.63757 0.511689 
v 2.27309 7.63757 0.784282 
v 1.90034 7.67153 0.784282 
v 1.90034 7.67153 0.511689 
v 1.93429 8.04428 0.784282 
v -2.29197 5.97953 -0.718471 
v -1.86227 4.81041 -0.718471 
v -2.16263 4.77808 -0.718471 
v -1.19115 4.96246 -0.718471 
v -1.77916 4.0384 -0.718471 
v -1.0471 2.49892 -0.436284 
v -1.90865 4.05157 -0.436284 
v -1.0471 4.05157 -0.436284 
v -1.90865 2.49892 -0.436283 
v -1.90865 2.41079 -0.436283 
v -1.0471 1.22373 -0.436283 
v -1.90865 1.22373 -0.436283 
v -1.58852 5.83121 -0.718471 
v -2.65701 6.54792 -0.718471 
v -2.59234 5.94719 -0.718471 
v -1.95356 6.3996 -0.718471 
v -1.28816 5.86355 -0.718471 
v -1.0471 2.41079 -0.436284 
v -0.236731 4.76949 -0.826758 
v 0.103767 4.4526 -0.826762 
v -0.267165 4.48638 -0.826762 
v 0.289723 4.85167 -0.826758 
v -0.799187 4.1439 -0.718471 
v -0.89079 4.99479 -0.718471 
v -0.21294 4.96246 -0.826706 
v 0.289723 4.85167 -0.826758 
v -0.236731 4.76949 -0.826758 
v 0.313165 5.05436 -0.8261 
v 0.390138 5.92988 -0.826105 
v 0.313165 5.05436 -0.8261 
v -0.21294 4.96246 -0.826706 
v -0.569747 5.00981 -0.819038 
v -0.454515 6.511 -0.819048 
v -4.53264 5.19179 -0.298862 
v -2.90195 5.94698 -0.298862 
v -2.90195 5.19179 -0.298862 
v -5.88989 5.94698 -0.298862 
v -4.52921 5.19179 -0.298862 
v -5.88989 5.19178 -0.298862 
v -1.19115 4.96246 0.403398 
v -1.77916 4.0384 0.403398 
v -1.86227 4.81041 0.403398 
v -2.29197 5.97953 0.403398 
v -2.16263 4.77808 0.403398 
v -1.58852 5.83121 0.403398 
v -4.52921 5.94698 -0.298862 
v -4.53264 5.94698 -0.298862 
v -1.95356 6.3996 0.403398 
v -2.65701 6.54792 0.403398 
v -2.59234 5.94719 0.403398 
v -1.28816 5.86355 0.403398 
v -0.799187 4.1439 0.403398 
v -0.89079 4.99479 0.403398 
v -0.236731 4.76949 0.511685 
v 0.289723 4.85167 0.511685 
v 0.103767 4.4526 0.511689 
v -0.267165 4.48638 0.511689 
v -0.21294 4.96246 0.511633 
v 0.289723 4.85167 0.511685 
v -0.236731 4.76949 0.511685 
v -0.454515 6.511 0.503975 
v 0.390138 5.92988 0.511032 
v -0.569747 5.00981 0.503965 
v -0.21294 4.96246 0.511633 
v 0.313165 5.05436 0.511027 
v 0.313165 5.05436 0.511027 
v -1.65319 6.43194 0.403398 
v -2.95737 6.51558 -0.718471 
v -3.02204 7.11631 -0.718471 
v -2.65129 7.23602 -0.718471 
v -2.31859 6.96799 -0.718471 
v -3.3224 7.08397 -0.718471 
v -3.35474 7.38433 -0.718471 
v -2.70747 7.75786 -0.718471 
v -3.6551 7.352 -0.718471 
v -3.68744 7.65236 -0.718471 
v -4.06096 8.29963 -0.718471 
v -2.35093 7.26835 -0.718471 
v -1.65319 6.43194 -0.718471 
v -0.0869846 6.47974 -0.827418 
v -0.0514232 6.87394 -0.827418 
v 0.514507 6.82239 -0.826347 
v -0.304567 8.01655 -0.718471 
v -0.37773 8.69615 -0.718471 
v 0.457043 8.331 -0.826762 
v 0.0365954 7.84129 -0.826762 
v 0.0842943 8.36495 -0.826762 
v -2.01823 7.00033 -0.718471 
v -3.9878 7.62003 -0.718471 
v -2.95737 6.51558 0.403398 
v -3.02204 7.11631 0.403398 
v -2.65129 7.23602 0.403398 
v -3.3224 7.08397 0.403398 
v -3.35474 7.38434 0.403398 
v -2.70747 7.75786 0.403398 
v -4.06096 8.29963 0.403398 
v -3.68744 7.65236 0.403398 
v -3.9878 7.62003 0.403398 
v -3.6551 7.352 0.403398 
v -2.31859 6.96799 0.403398 
v -0.0869847 6.47974 0.512345 
v -0.0514233 6.87394 0.512345 
v 0.514507 6.82239 0.511274 
v -2.01823 7.00033 0.403398 
v -2.35093 7.26835 0.403398 
v -0.37773 8.69615 0.403398 
v -0.304567 8.01655 0.403398 
v 0.457043 8.331 0.511689 
v 0.0365954 7.84129 0.511689 
v 0.0842943 8.36495 0.511689 
v 0.637764 4.54964 0.511689 
v 0.0698137 4.07985 0.511689 
v 0.637764 4.54964 -0.826762 
v 2.08447 3.89634 -0.826762 
v 0.0698138 4.07985 -0.826762 
v 1.60858 4.46852 -0.826762 
v 2.05095 4.05157 -0.436284 
v 1.18941 2.49892 -0.436284 
v 1.18941 4.05157 -0.436284 
v 0.665302 4.81595 -0.826758 
v 2.13728 6.14658 -0.826762 
v 0.795681 6.26671 -0.826762 
v 1.21764 6.75835 -0.826762 
v 0.784701 6.13154 -0.826099 
v 0.763237 5.89589 -0.826107 
v 2.01521 4.80649 -0.826762 
v 1.64246 4.84044 -0.826762 
v 2.11842 4.26909 -0.826762 
v 2.52512 4.60788 -0.826762 
v 2.49117 4.23513 -0.826762 
v 2.05095 2.49892 -0.436284 
v 1.18941 2.41079 -0.436284 
v 2.05095 2.41079 -0.436284 
v 2.05095 1.22373 -0.436284 
v 2.89787 4.57393 -0.826762 
v 3.18324 7.70683 -0.826762 
v 1.18941 1.22373 -0.436284 
v 2.08447 3.89634 0.511689 
v 1.60858 4.46852 0.511689 
v 2.01521 4.80649 0.511689 
v 2.11842 4.26909 0.511689 
v 1.64246 4.84044 0.511689 
v 0.784701 6.13154 0.511026 
v 0.763237 5.89589 0.511034 
v 0.665302 4.81595 0.511685 
v 2.13728 6.14658 0.511689 
v 0.795681 6.26671 0.511689 
v 1.21764 6.75835 0.511689 
v 2.52512 4.60788 0.511689 
v 2.49117 4.23513 0.511689 
v 2.89787 4.57393 0.511689 
v 3.58408 5.94698 -0.298863 
v 5.21477 5.19179 -0.298863 
v 3.58408 5.19179 -0.298863 
v 5.21134 5.94698 -0.298863 
v 6.57202 5.19179 -0.298863 
v 5.21134 5.19179 -0.298863 
v 6.57202 5.94698 -0.298863 
v 5.21477 5.94698 -0.298863 
v 3.18324 7.70683 0.511689 
v 0.784701 6.13154 0.511026 
v 0.514507 6.82239 0.511274 
v 0.795681 6.26671 0.511689 
v 0.708071 6.81126 -0.826762 
v 1.23274 6.92412 -0.826762 
v 0.795681 6.26671 -0.826762 
v 0.514507 6.82239 -0.826347 
v 0.708071 6.81126 -0.826762 
v 0.70908 6.97182 -0.826762 
v 0.490996 8.70374 -0.826762 
v 0.966954 8.13239 -0.826762 
v 2.50565 8.52023 -0.826762 
v 0.933001 7.75964 -0.826762 
v 1.93429 8.04428 -0.826762 
v 2.18498 6.67023 -0.826762 
v 2.81049 7.74078 -0.826762 
v 2.27309 7.63757 -0.826762 
v 1.90034 7.67153 -0.826762 
v 2.4717 8.14748 -0.826762 
v 2.84444 8.11353 -0.826762 
v 0.784701 6.13154 -0.826099 
v 0.708071 6.81126 0.511689 
v 0.708071 6.81126 0.511689 
v 1.23274 6.92412 0.511689 
v 0.70908 6.97182 0.511689 
v 0.933 7.75964 0.511689 
v 0.966954 8.13239 0.511689 
v 0.490996 8.70374 0.511689 
v 2.50565 8.52023 0.511689 
v 1.93429 8.04428 0.511689 
v 2.18498 6.67023 0.511689 
v 2.27309 7.63757 0.511689 
v 2.81049 7.74078 0.511689 
v 1.90034 7.67153 0.511689 
v 2.4717 8.14748 0.511689 
v 2.84444 8.11353 0.511689 

vn 1 0 0 
vn 1 0 0 
vn 1 0 0 
vn 1 0 0 
vn 1 0 0 
vn 1 0 0 
vn 1 0 0 
vn 0.992126 0.110236 0 
vn 0.992126 0.110236 0 
vn 0.992126 0.110236 0 
vn 0.992126 0.110236 0 
vn 0.992126 0.110236 0 
vn 0.992126 0.110236 0 
vn 0.992126 0.110236 0 
vn 0.992126 -0.102362 0 
vn 0.992126 -0.102362 0 
vn 0.992126 -0.102362 0 
vn 0.992126 0.110236 0 
vn 0.992126 -0.11811 0 
vn 0.992126 -0.11811 0 
vn 0.992126 -0.11811 0 
vn 0.992126 -0.11811 0 
vn 1 -0.0866142 0 
vn 1 -0.0866142 0 
vn 1 -0.0866142 0 
vn 1 0 0 
vn 0.992126 0.110236 0 
vn 0.992126 0.110236 0 
vn 0.992126 0.110236 0 
vn 0.992126 0.110236 0 
vn 0.992126 0.110236 0 
vn 0.992126 0.110236 0 
vn 1 0 0 
vn 1 0 0 
vn 1 0 0 
vn 1 0 0 
vn 1 0 0 
vn 1 0 0 
vn 0.992126 0.110236 0 
vn 0.992126 0.110236 0 
vn 0.992126 -0.11811 0 
vn 0.992126 -0.11811 0 
vn 0.992126 -0.11811 0 
vn 0.992126 -0.102362 0 
vn 0.992126 -0.102362 0 
vn 0.992126 -0.102362 0 
vn 0.992126 -0.11811 0 
vn 1 -0.0866142 0 
vn 1 -0.0866142 0 
vn 1 -0.0866142 0 
vn 1 -0.0866142 0 
vn 1 -0.0866142 0 
vn 0.992126 0.110236 0 
vn 0.992126 0.110236 0 
vn 0.992126 0.110236 0 
vn 1 0 0 
vn 0.992126 0.110236 0 
vn 0.992126 0.110236 0 
vn 0.992126 0.110236 0 
vn 0.992126 0.110236 0 
vn 0.992126 0.110236 0 
vn 0.992126 0.110236 0 
vn 0.992126 0.110236 0 
vn 0.992126 0.110236 0 
vn 0.992126 0.110236 0 
vn 0.992126 0.110236 0 
vn 0.992126 0.110236 0 
vn 0.992126 0.110236 0 
vn 0.992126 0.110236 0 
vn 0.992126 0.110236 0 
vn 0.992126 0.110236 0 
vn 0.992126 0.110236 0 
vn 0.992126 0.110236 0 
vn 1 0 0 
vn 0.992126 0.110236 0 
vn 0.992126 0.110236 0 
vn 0.992126 0.110236 0 
vn 0.992126 0.110236 0 
vn 0.992126 0.110236 0 
vn 0.992126 0.110236 0 
vn 0.992126 0.110236 0 
vn 0.992126 0.110236 0 
vn 0.992126 0.110236 0 
vn 0.992126 0.110236 0 
vn 0.992126 0.110236 0 
vn 0.992126 0.110236 0 
vn 0.992126 0.110236 0 
vn 0.992126 0.110236 0 
vn 0.992126 0.110236 0 
vn 0.992126 0.110236 0 
vn 0.992126 0.110236 0 
vn 0.992126 0.110236 0 
vn 0.992126 0.110236 0 
vn 0.992126 0.110236 0 
vn 0.992126 -0.102362 0 
vn 1 0 0 
vn 1 0 0 
vn 1 0 0 
vn 1 0 0 
vn 1 0 0 
vn 1 0 0 
vn 0.992126 -0.0866142 0 
vn 0.992126 -0.0866142 0 
vn 0.992126 -0.0866142 0 
vn 0.992126 -0.0866142 0 
vn 0.992126 -0.0866142 0 
vn 0.992126 -0.0866142 0 
vn 0.992126 -0.102362 0 
vn 0.992126 -0.0866142 0 
vn 0.992126 -0.0866142 0 
vn 0.992126 -0.0866142 0 
vn 0.992126 -0.0866142 0 
vn 0.992126 -0.0866142 0 
vn 1 0 0 
vn 1 0 0 
vn 1 0 0 
vn 0.992126 -0.0866142 0 
vn 0.992126 -0.0866142 0 
vn 0.992126 -0.0866142 0 
vn 1 0 0 
vn 1 0 0 
vn 1 0 0 
vn 1 0 0 
vn 1 0 0 
vn 0.992126 -0.0866142 0 
vn 0.992126 -0.0866142 0 
vn 0.992126 -0.0866142 0 
vn 0.992126 -0.0866142 0 
vn 0.992126 -0.0866142 0 
vn 0.992126 -0.0866142 0 
vn 0.992126 -0.0866142 0 
vn 0.992126 -0.0866142 0 
vn 0.992126 -0.0866142 0 
vn 0.992126 -0.0866142 0 
vn 0.992126 -0.0866142 0 
vn 1 0 0 
vn 0.992126 -0.0866142 0 
vn 0.992126 -0.0866142 0 
vn 0.992126 -0.0866142 0 
vn 0.992126 -0.0866142 0 
vn 1 0 0 
vn 0.992126 -0.0866142 0 
vn 1 -0.0787402 0 
vn 1 -0.0787402 0 
vn 1 -0.0787402 0 
vn 1 -0.0787402 0 
vn 0.992126 -0.0866142 0 
vn 0.992126 -0.0866142 0 
vn 0.992126 -0.0866142 0 
vn 0.992126 -0.0866142 0 
vn 0.992126 -0.0866142 0 
vn 0.992126 -0.0866142 0 
vn 0.992126 -0.0866142 0 
vn 0.992126 -0.0866142 0 
vn 0.992126 -0.0866142 0 
vn 0.992126 -0.0866142 0 
vn 0.992126 -0.0866142 0 
vn 0.992126 -0.0866142 0 
vn 0.992126 -0.0866142 0 
vn 0.992126 -0.0866142 0 
vn 0.992126 -0.0866142 0 
vn 0.992126 -0.0866142 0 
vn 0.992126 -0.0866142 0 
vn 1 -0.0787402 0 
vn 1 -0.0787402 0 
vn 1 -0.0787402 0 
vn 0.992126 -0.0866142 0 
vn 0.992126 -0.0866142 0 
vn 0.992126 -0.0866142 0 
vn 1 -0.0787402 0 
vn 0.992126 -0.0866142 0 
vn 0.992126 -0.0866142 0 
vn 0.992126 -0.0866142 0 
vn 0.992126 -0.0866142 0 
vn 0.992126 -0.0866142 0 
vn 0.992126 -0.0866142 0 
vn 0.992126 -0.0866142 0 
vn 0.992126 -0.0866142 0 
vn 0.992126 -0.0866142 0 
vn 0.992126 -0.0866142 0 
vn 0.992126 -0.0866142 0 
vn 0.992126 -0.0866142 0 
vn 0.992126 -0.0866142 0 
vn 0.992126 -0.0866142 0 
vn -0.110236 0.992126 0 
vn -0.110236 0.992126 0 
vn -0.110236 0.992126 0 
vn 0 1 0 
vn 0 1 0 
vn 0 1 0 
vn 0 1 0 
vn 0 1 0 
vn 0 1 0 
vn -0.110236 0.992126 0 
vn -0.110236 0.992126 0 
vn -0.110236 0.992126 0 
vn -0.110236 0.992126 0 
vn -0.110236 0.992126 0 
vn 0 1 0 
vn 0 1 0 
vn 0 1 0 
vn 0 1 0 
vn 0 1 0 
vn 0 1 0 
vn -0.110236 0.992126 0 
vn -0.110236 0.992126 0 
vn -0.110236 0.992126 0 
vn 0.0866142 1 0 
vn 0.0866142 1 0 
vn 0.0866142 1 0 
vn -0.110236 0.992126 0 
vn 0 1 0 
vn 0 1 0 
vn 0 1 0 
vn 0 1 0 
vn -0.110236 0.992126 0 
vn -0.110236 0.992126 0 
vn -0.110236 0.992126 0 
vn -0.110236 0.992126 0 
vn -0.110236 0.992126 0 
vn -0.110236 0.992126 0 
vn -0.110236 0.992126 0 
vn -0.110236 0.992126 0 
vn -0.110236 0.992126 0 
vn -0.110236 0.992126 0 
vn -0.110236 0.992126 0 
vn -0.110236 0.992126 0 
vn 0.0866142 1 0 
vn 0.0866142 1 0 
vn 0.0866142 1 0 
vn 0.0866142 1 0 
vn -0.110236 0.992126 0 
vn -0.110236 0.992126 0 
vn -0.110236 0.992126 0 
vn -0.110236 0.992126 0 
vn -0.110236 0.992126 0 
vn -0.110236 0.992126 0 
vn -0.110236 0.992126 0 
vn -0.110236 0.992126 0 
vn -0.110236 0.992126 0 
vn -0.110236 0.992126 0 
vn -0.110236 0.992126 0 
vn -0.110236 0.992126 0 
vn 0.0866142 0.992126 0 
vn 0.0866142 0.992126 0 
vn 0.0866142 0.992126 0 
vn 0.0866142 0.992126 0 
vn 0.0866142 0.992126 0 
vn 0.0866142 0.992126 0 
vn 0.0866142 0.992126 0 
vn 0.0866142 0.992126 0 
vn -0.110236 0.992126 0 
vn -0.110236 0.992126 0 
vn -0.110236 0.992126 0 
vn -0.110236 0.992126 0 
vn -0.110236 0.992126 0 
vn -0.110236 0.992126 0 
vn -0.110236 0.992126 0 
vn -0.110236 0.992126 0 
vn -0.110236 0.992126 0 
vn -0.110236 0.992126 0 
vn -0.110236 0.992126 0 
vn -0.110236 0.992126 0 
vn 0.0866142 1 0 
vn 0.0866142 0.992126 0 
vn 0.0866142 0.992126 0 
vn 0.0866142 0.992126 0 
vn 0.0866142 0.992126 0 
vn 0.0866142 0.992126 0 
vn 0.0866142 0.992126 0 
vn 0.0866142 0.992126 0 
vn 0.0866142 0.992126 0 
vn 0.0944882 0.992126 0 
vn 0.0944882 0.992126 0 
vn 0.0944882 0.992126 0 
vn 0.0866142 1 0 
vn 0.0866142 1 0 
vn 0.0866142 1 0 
vn 0 1 0 
vn 0 1 0 
vn 0 1 0 
vn 0.0866142 1 0 
vn 0.0944882 0.992126 0 
vn 0.0944882 0.992126 0 
vn 0.0944882 0.992126 0 
vn 0.0944882 0.992126 0 
vn 0 1 0 
vn 0 1 0 
vn 0 1 0 
vn 0.0866142 0.992126 0 
vn 0.0866142 0.992126 0 
vn 0.0866142 0.992126 0 
vn 0.0866142 0.992126 0 
vn 0 1 0 
vn 0 1 0 
vn 0 1 0 
vn 0.0866142 0.992126 0 
vn 0.0866142 0.992126 0 
vn 0.0866142 0.992126 0 
vn 0 1 0 
vn 0 1 0 
vn 0 1 0 
vn 0 1 0 
vn 0 1 0 
vn 0.0866142 1 0 
vn 0.0866142 1 0 
vn 0.0866142 1 0 
vn 0.0944882 0.992126 0 
vn 0.0866142 1 0 
vn 0.0866142 0.992126 0 
vn 0.0866142 0.992126 0 
vn 0.0866142 0.992126 0 
vn 0 1 0 
vn 0.0866142 0.992126 0 
vn 0 1 0 
vn 0.0866142 0.992126 0 
vn 0.0866142 0.992126 0 
vn 0.0866142 0.992126 0 
vn 0.0866142 0.992126 0 
vn 0.0866142 0.992126 0 
vn 0.0551181 1 0 
vn 0.0551181 1 0 
vn 0.0551181 1 0 
vn 0.0866142 0.992126 0 
vn 0.0866142 0.992126 0 
vn 0.0866142 0.992126 0 
vn 0.0866142 0.992126 0 
vn 0.0866142 0.992126 0 
vn 0.0866142 0.992126 0 
vn 0.0866142 0.992126 0 
vn 0.0866142 0.992126 0 
vn 0.0866142 0.992126 0 
vn 0.0866142 0.992126 0 
vn 0.0866142 0.992126 0 
vn 0.0866142 0.992126 0 
vn 0.0866142 0.992126 0 
vn 0.0866142 0.992126 0 
vn 0.0866142 0.992126 0 
vn 0.0866142 0.992126 0 
vn 0.0551181 1 0 
vn 0.0551181 1 0 
vn 0.0551181 1 0 
vn 0.0551181 1 0 
vn 0.0551181 1 0 
vn 0.0866142 0.992126 0 
vn 0.0866142 0.992126 0 
vn 0.0866142 0.992126 0 
vn 0.0866142 0.992126 0 
vn 0.0866142 0.992126 0 
vn 0.0866142 0.992126 0 
vn 0.0866142 0.992126 0 
vn 0.0866142 0.992126 0 
vn 0.0866142 0.992126 0 
vn 0.0866142 0.992126 0 
vn 0.0866142 0.992126 0 
vn 0.0866142 0.992126 0 
vn 0.0866142 0.992126 0 
vn 0.0866142 0.992126 0 
vn 0.0866142 0.992126 0 
vn 0.0866142 0.992126 0 
vn 0 0 1 
vn 0 0 1 
vn 0 0 1 
vn 0 0 1 
vn 0 0 1 
vn 0 0 1 
vn 0 0 1 
vn 0 0 1 
vn 0 0 1 
vn 0 0 1 
vn 0 0 1 
vn 0 0 1 
vn 0 0 1 
vn 0 0 1 
vn 0 0 1 
vn 0 0 1 
vn 0 0 1 
vn 0 0 1 
vn 0 0 1 
vn 0 0 1 
vn 0 0 1 
vn 0 0 1 
vn 0 0 1 
vn 0 0 1 
vn 0 0 1 
vn 0 0 1 
vn 0 0 1 
vn 0 0 1 
vn 0.00787402 0 1 
vn 0.00787402 0 1 
vn 0.00787402 0 1 
vn 0.00787402 0 1 
vn 0.00787402 0 1 
vn 0 0 1 
vn 0 0 1 
vn 0 0 1 
vn 0 0 1 
vn 0 0 1 
vn 0 0 1 
vn 0 0 1 
vn 0 0 1 
vn 0 0 1 
vn 0 0 1 
vn 0 0 1 
vn 0 0 1 
vn 0 0 1 
vn 0 0 1 
vn 0 0 1 
vn 0 0 1 
vn 0 0 1 
vn 0 0 1 
vn 0 0 1 
vn 0 0 1 
vn 0 0 1 
vn 0 0 1 
vn 0 0 1 
vn 0 0 1 
vn 0 0 1 
vn 0 0 1 
vn 0 0 1 
vn -0.00787402 0 1 
vn -0.00787402 0 1 
vn -0.00787402 0 1 
vn -0.00787402 0 1 
vn -0.00787402 0 1 
vn 0 0 1 
vn 0 0 1 
vn 0 0 1 
vn 0 0 1 
vn 0 0 1 
vn 0 0 1 
vn 0 0 1 
vn 0 0 1 
vn 0 0 1 
vn 0 0 1 
vn 0 0 1 
vn 0 0 1 
vn 0 0 1 
vn 0.00787402 0 1 
vn 0 0 1 
vn 0.00787402 0 1 
vn 0.00787402 0 1 
vn 0 0 1 
vn 0 0 1 
vn 0 0 1 
vn 0 0 1 
vn 0 0 1 
vn 0 0 1 
vn 0 0 1 
vn 0 0 1 
vn 0 0 1 
vn 0 0 1 
vn 0 0 1 
vn 0 0 1 
vn 0 0 1 
vn 0 0 1 
vn 0 0 1 
vn 0 0 1 
vn 0 0 1 
vn 0 0 1 
vn -0.00787402 0 1 
vn -0.00787402 0 1 
vn -0.00787402 0 1 
vn 0 0 1 
vn 0 0 1 
vn 0 0 1 
vn 0 0 1 
vn 0 0 1 
vn 0 0 1 
vn 0 0 1 
vn 0 0 1 
vn 0 0 1 
vn 0 0 1 
vn 0 0 1 
vn 0 0 1 
vn 0 0 1 
vn 0 0 1 
vn 0 0 1 
vn 0 0 1 
vn 0 0 1 
vn 0 0 1 
vn 0 0 1 
vn 0 0 1 
vn 0.00787402 0 1 
vn 0.00787402 0 1 
vn 0 0 1 
vn 0 0 1 
vn 0 0 1 
vn 0 0 1 
vn 0 0 1 
vn 0 0 1 
vn 0 0 1 
vn 0 0 1 
vn 0 0 1 
vn 0 0 1 
vn 0 0 1 
vn 0 0 1 
vn 0 0 1 
vn 0 0 1 
vn 0 0 1 
vn 0 0 1 
vn 0 0 1 
vn -0.00787402 0 1 
vn -0.00787402 0 1 
vn 0 0 1 
vn 0 0 1 
vn 0 0 1 
vn 0 0 1 
vn 0 0 1 
vn 0 0 1 
vn 0 0 1 
vn 0 0 1 
vn 0 0 1 
vn 0 0 1 
vn 0 0 1 
vn 0 0 1 
vn 0 0 1 
vn 0 0 1 
vn 0 0 1 
vn 0 0 1 
vn -0.00787402 0 1 
vn -0.00787402 0 1 
vn -0.00787402 0 1 
vn 0 0 1 
vn 0 0 1 
vn 0.00787402 0 1 
vn 0.00787402 0 1 
vn 0.00787402 0 1 
vn 0 0 1 
vn 0 0 1 
vn 0 0 1 
vn 0 0 1 
vn 0 0 1 
vn 0 0 1 
vn 0 0 1 
vn 0 0 1 
vn 0 0 1 
vn 0 0 1 
vn 0 0 1 
vn 0 0 1 
vn 0.00787402 0 1 
vn -0.00787402 0 1 
vn 0 0 1 
vn 0 0 1 
vn 0 0 1 
vn 0 0 1 
vn 0 0 1 
vn 0 0 1 
vn 0 0 1 
vn 0 0 1 
vn 0 0 1 
vn 0 0 1 
vn 0 0 1 
vn 0 0 1 
vn 0 0 1 
vn 0 0 1 
vn -1 0 0 
vn -1 0 0 
vn -1 0 0 
vn -1 0 0 
vn -1 0 0 
vn -1 0 0 
vn -0.992126 -0.110236 0 
vn -0.992126 -0.110236 0 
vn -0.992126 -0.110236 0 
vn -0.992126 -0.110236 0 
vn -1 0 0 
vn -1 0 0 
vn -1 0 0 
vn -0.992126 -0.110236 0 
vn -0.992126 -0.110236 0 
vn -0.992126 -0.110236 0 
vn -0.992126 0.110236 0 
vn -0.992126 0.110236 0 
vn -0.992126 0.110236 0 
vn -0.992126 -0.110236 0 
vn -0.992126 0.110236 0 
vn -0.992126 0.125984 0 
vn -0.992126 0.125984 0 
vn -0.992126 0.125984 0 
vn -1 0.0787402 0 
vn -1 0.0787402 0 
vn -1 0.0787402 0 
vn -1 0 0 
vn -1 0 0 
vn -0.992126 -0.110236 0 
vn -0.992126 -0.110236 0 
vn -0.992126 -0.110236 0 
vn -1 0 0 
vn -1 0 0 
vn -1 0 0 
vn -1 0 0 
vn -0.992126 -0.110236 0 
vn -0.992126 -0.110236 0 
vn -0.992126 -0.110236 0 
vn -0.992126 -0.110236 0 
vn -0.992126 -0.110236 0 
vn -0.992126 0.110236 0 
vn -0.992126 0.110236 0 
vn -0.992126 0.110236 0 
vn -0.992126 0.110236 0 
vn -1 0.0787402 0 
vn -1 0.0787402 0 
vn -1 0.0787402 0 
vn -0.992126 0.125984 0 
vn -0.992126 0.125984 0 
vn -0.992126 0.125984 0 
vn -1 0 0 
vn -0.992126 -0.110236 0 
vn -0.992126 -0.110236 0 
vn -0.992126 -0.110236 0 
vn -0.992126 -0.110236 0 
vn -0.992126 -0.110236 0 
vn -0.992126 -0.110236 0 
vn -0.992126 -0.110236 0 
vn -0.992126 -0.110236 0 
vn -0.992126 -0.110236 0 
vn -0.992126 -0.110236 0 
vn -0.992126 -0.110236 0 
vn -0.992126 -0.110236 0 
vn -1 0.0787402 0 
vn -0.992126 -0.110236 0 
vn -0.992126 -0.110236 0 
vn -0.992126 -0.110236 0 
vn -0.992126 -0.110236 0 
vn -0.992126 -0.110236 0 
vn -0.992126 -0.110236 0 
vn -0.992126 -0.110236 0 
vn -0.992126 -0.110236 0 
vn -0.992126 -0.110236 0 
vn -0.992126 -0.110236 0 
vn -0.992126 -0.110236 0 
vn -0.992126 -0.110236 0 
vn -0.992126 -0.110236 0 
vn -0.992126 -0.110236 0 
vn -0.992126 -0.110236 0 
vn -0.992126 -0.110236 0 
vn -0.992126 -0.110236 0 
vn -0.992126 -0.110236 0 
vn -0.992126 -0.110236 0 
vn -0.992126 -0.110236 0 
vn -0.992126 -0.110236 0 
vn -0.992126 -0.110236 0 
vn -0.992126 -0.110236 0 
vn -0.992126 -0.110236 0 
vn -0.992126 -0.110236 0 
vn -0.992126 -0.110236 0 
vn -1 0.0787402 0 
vn -0.992126 -0.110236 0 
vn -0.992126 -0.110236 0 
vn -0.992126 0.125984 0 
vn -1 0 0 
vn -1 0 0 
vn -1 0 0 
vn -1 0 0 
vn -1 0 0 
vn -1 0 0 
vn -1 0 0 
vn -0.992126 0.0866142 0 
vn -0.992126 0.0866142 0 
vn -0.992126 0.0866142 0 
vn -0.992126 0.0866142 0 
vn -0.992126 0.0866142 0 
vn -0.992126 0.0866142 0 
vn -0.992126 0.0866142 0 
vn -0.992126 0.0866142 0 
vn -0.992126 0.0866142 0 
vn -0.992126 0.0866142 0 
vn -0.992126 0.0866142 0 
vn -1 0 0 
vn -1 0 0 
vn -1 0 0 
vn -0.992126 0.0866142 0 
vn -1 0 0 
vn -1 0 0 
vn -1 0 0 
vn -1 0 0 
vn -0.992126 0.0866142 0 
vn -0.992126 0.0866142 0 
vn -0.992126 0.0866142 0 
vn -0.992126 0.0866142 0 
vn -0.992126 0.0866142 0 
vn -0.992126 0.0866142 0 
vn -0.992126 0.0866142 0 
vn -0.992126 0.125984 0 
vn -0.992126 0.0866142 0 
vn -0.992126 0.0866142 0 
vn -0.992126 0.0866142 0 
vn -0.992126 0.0866142 0 
vn -1 0 0 
vn -0.992126 0.0866142 0 
vn -0.992126 0.0866142 0 
vn -0.992126 0.0866142 0 
vn -1 0 0 
vn -0.992126 0.0866142 0 
vn -0.992126 0.0866142 0 
vn -0.992126 0.0866142 0 
vn -0.992126 0.0866142 0 
vn -0.992126 0.0866142 0 
vn -0.992126 0.0866142 0 
vn -0.992126 0.0866142 0 
vn -0.992126 0.0866142 0 
vn -0.992126 0.0866142 0 
vn -0.992126 0.0866142 0 
vn -0.992126 0.0866142 0 
vn -0.992126 0.0866142 0 
vn -0.992126 0.0866142 0 
vn -1 0.00787402 0 
vn -1 0.00787402 0 
vn -1 0.00787402 0 
vn -1 0.00787402 0 
vn -0.992126 0.0866142 0 
vn -0.992126 0.0866142 0 
vn -0.992126 0.0866142 0 
vn -0.992126 0.0866142 0 
vn -0.992126 0.0866142 0 
vn -0.992126 0.0866142 0 
vn -0.992126 0.0866142 0 
vn -0.992126 0.0866142 0 
vn -0.992126 0.0866142 0 
vn -0.992126 0.0866142 0 
vn -0.992126 0.0866142 0 
vn -0.992126 0.0866142 0 
vn -0.992126 0.0866142 0 
vn -0.992126 0.0866142 0 
vn -0.992126 0.0866142 0 
vn -0.992126 0.0866142 0 
vn -0.992126 0.0866142 0 
vn -0.992126 0.0866142 0 
vn -0.992126 0.0866142 0 
vn -0.992126 0.0866142 0 
vn -1 0.00787402 0 
vn -1 0.00787402 0 
vn -1 0.00787402 0 
vn -1 0.00787402 0 
vn -0.992126 0.0866142 0 
vn -0.992126 0.0866142 0 
vn -0.992126 0.0866142 0 
vn -0.992126 0.0866142 0 
vn -0.992126 0.0866142 0 
vn 0.110236 -0.992126 0 
vn 0.110236 -0.992126 0 
vn 0.110236 -0.992126 0 
vn 0.110236 -0.992126 0 
vn 0 -1 0 
vn 0 -1 0 
vn 0 -1 0 
vn 0.110236 -0.992126 0 
vn 0.110236 -0.992126 0 
vn 0.110236 -0.992126 0 
vn 0 -1 0 
vn 0 -1 0 
vn 0 -1 0 
vn 0.110236 -0.992126 0 
vn 0.110236 -0.992126 0 
vn 0.110236 -0.992126 0 
vn 0 -1 0 
vn 0 -1 0 
vn 0 -1 0 
vn 0 -1 0 
vn 0 -1 0 
vn 0 -1 0 
vn 0.110236 -0.992126 0 
vn -0.133858 -0.992126 0 
vn -0.133858 -0.992126 0 
vn -0.133858 -0.992126 0 
vn -0.133858 -0.992126 0 
vn 0 -1 0 
vn 0.110236 -0.992126 0 
vn 0.110236 -0.992126 0 
vn 0.110236 -0.992126 0 
vn 0.110236 -0.992126 0 
vn 0 -1 0 
vn 0 -1 0 
vn 0.110236 -0.992126 0 
vn 0.110236 -0.992126 0 
vn 0.110236 -0.992126 0 
vn 0 -1 0 
vn 0.110236 -0.992126 0 
vn 0.110236 -0.992126 0 
vn 0.110236 -0.992126 0 
vn 0.110236 -0.992126 0 
vn -0.133858 -0.992126 0 
vn -0.133858 -0.992126 0 
vn -0.133858 -0.992126 0 
vn -0.133858 -0.992126 0 
vn 0.110236 -0.992126 0 
vn 0.110236 -0.992126 0 
vn 0.110236 -0.992126 0 
vn 0.110236 -0.992126 0 
vn 0.110236 -0.992126 0 
vn 0.110236 -0.992126 0 
vn 0.110236 -0.992126 0 
vn 0.110236 -0.992126 0 
vn 0.110236 -0.992126 0 
vn 0.110236 -0.992126 0 
vn 0.110236 -0.992126 0 
vn 0.110236 -0.992126 0 
vn 0.110236 -0.992126 0 
vn 0.110236 -0.992126 0 
vn 0.110236 -0.992126 0 
vn 0.110236 -0.992126 0 
vn 0.110236 -0.992126 0 
vn 0.110236 -0.992126 0 
vn 0.110236 -0.992126 0 
vn 0.110236 -0.992126 0 
vn 0.110236 -0.992126 0 
vn 0.110236 -0.992126 0 
vn 0.110236 -0.992126 0 
vn 0.110236 -0.992126 0 
vn 0.110236 -0.992126 0 
vn 0.110236 -0.992126 0 
vn 0.110236 -0.992126 0 
vn 0.110236 -0.992126 0 
vn 0.110236 -0.992126 0 
vn 0.110236 -0.992126 0 
vn 0.110236 -0.992126 0 
vn 0.110236 -0.992126 0 
vn 0.110236 -0.992126 0 
vn 0.110236 -0.992126 0 
vn 0.110236 -0.992126 0 
vn 0.110236 -0.992126 0 
vn 0.110236 -0.992126 0 
vn 0.110236 -0.992126 0 
vn 0.110236 -0.992126 0 
vn 0.110236 -0.992126 0 
vn 0.110236 -0.992126 0 
vn 0.110236 -0.992126 0 
vn -0.0866142 -0.992126 0 
vn -0.0866142 -0.992126 0 
vn -0.0866142 -0.992126 0 
vn -0.0866142 -0.992126 0 
vn -0.0866142 -0.992126 0 
vn -0.0866142 -0.992126 0 
vn 0 -1 0 
vn 0 -1 0 
vn 0 -1 0 
vn -0.0866142 -0.992126 0 
vn -0.0866142 -0.992126 0 
vn -0.0866142 -0.992126 0 
vn -0.0866142 -0.992126 0 
vn -0.0866142 -0.992126 0 
vn 0 -1 0 
vn 0 -1 0 
vn 0 -1 0 
vn -0.0866142 -0.992126 0 
vn -0.0866142 -0.992126 0 
vn -0.0866142 -0.992126 0 
vn -0.0866142 -0.992126 0 
vn -0.0866142 -0.992126 0 
vn -0.0866142 -0.992126 0 
vn -0.0866142 -0.992126 0 
vn -0.0866142 -0.992126 0 
vn 0 -1 0 
vn 0 -1 0 
vn 0 -1 0 
vn 0 -1 0 
vn 0 -1 0 
vn -0.0866142 -0.992126 0 
vn -0.0866142 -0.992126 0 
vn -0.0866142 -0.992126 0 
vn -0.0866142 -0.992126 0 
vn -0.0866142 -0.992126 0 
vn -0.0866142 -0.992126 0 
vn -0.0866142 -0.992126 0 
vn -0.0866142 -0.992126 0 
vn -0.0866142 -0.992126 0 
vn -0.0866142 -0.992126 0 
vn -0.0866142 -0.992126 0 
vn -0.0866142 -0.992126 0 
vn -0.0866142 -0.992126 0 
vn 0 -1 0 
vn 0 -1 0 
vn 0 -1 0 
vn 0 -1 0 
vn -0.0866142 -0.992126 0 
vn -0.0866142 -0.992126 0 
vn -0.0866142 -0.992126 0 
vn -0.0866142 -0.992126 0 
vn -0.0866142 -0.992126 0 
vn -0.0866142 -0.992126 0 
vn -0.0866142 -0.992126 0 
vn -0.0866142 -0.992126 0 
vn -0.0866142 -0.992126 0 
vn -0.0866142 -0.992126 0 
vn -0.0866142 -0.992126 0 
vn -0.0866142 -0.992126 0 
vn -0.0866142 -0.992126 0 
vn -0.0866142 -0.992126 0 
vn -0.0866142 -0.992126 0 
vn -0.0866142 -0.992126 0 
vn -0.0866142 -0.992126 0 
vn -0.0866142 -0.992126 0 
vn -0.0866142 -0.992126 0 
vn -0.0866142 -0.992126 0 
vn 0 -1 0 
vn -0.0866142 -0.992126 0 
vn -0.0866142 -0.992126 0 
vn -0.0866142 -0.992126 0 
vn -0.0866142 -0.992126 0 
vn -0.0866142 -0.992126 0 
vn -0.0866142 -0.992126 0 
vn -0.0866142 -0.992126 0 
vn -0.0866142 -0.992126 0 
vn -0.0866142 -0.992126 0 
vn -0.0866142 -0.992126 0 
vn -0.0866142 -0.992126 0 
vn -0.0866142 -0.992126 0 
vn -0.0866142 -0.992126 0 
vn -0.0866142 -0.992126 0 
vn -0.0866142 -0.992126 0 
vn -0.0866142 -0.992126 0 
vn -0.0866142 -0.992126 0 
vn -0.0866142 -0.992126 0 
vn -0.0866142 -0.992126 0 
vn -0.0866142 -0.992126 0 
vn 0 0 -1 
vn 0 0 -1 
vn 0 0 -1 
vn 0 0 -1 
vn 0 0 -1 
vn 0 0 -1 
vn 0 0 -1 
vn 0 0 -1 
vn 0 0 -1 
vn 0 0 -1 
vn 0 0 -1 
vn 0 0 -1 
vn 0 0 -1 
vn 0 0 -1 
vn 0 0 -1 
vn 0 0 -1 
vn 0 0 -1 
vn 0 0 -1 
vn 0 0 -1 
vn 0 0 -1 
vn 0 0 -1 
vn 0 0 -1 
vn 0 0 -1 
vn 0 0 -1 
vn 0 0 -1 
vn 0 0 -1 
vn 0 0 -1 
vn 0 0 -1 
vn -0.00787402 0 -1 
vn -0.00787402 0 -1 
vn -0.00787402 0 -1 
vn -0.00787402 0 -1 
vn -0.00787402 0 -1 
vn 0 0 -1 
vn 0 0 -1 
vn 0 0 -1 
vn 0 0 -1 
vn 0 0 -1 
vn 0 0 -1 
vn 0 0 -1 
vn 0 0 -1 
vn 0 0 -1 
vn 0 0 -1 
vn 0 0 -1 
vn 0 0 -1 
vn 0 0 -1 
vn 0 0 -1 
vn 0 0 -1 
vn 0 0 -1 
vn 0 0 -1 
vn 0 0 -1 
vn 0 0 -1 
vn 0 0 -1 
vn 0 0 -1 
vn 0 0 -1 
vn 0 0 -1 
vn 0 0 -1 
vn 0 0 -1 
vn 0 0 -1 
vn 0 0 -1 
vn 0.00787402 0 -1 
vn 0.00787402 0 -1 
vn 0.00787402 0 -1 
vn 0.00787402 0 -1 
vn 0.00787402 0 -1 
vn 0 0 -1 
vn 0 0 -1 
vn 0 0 -1 
vn 0 0 -1 
vn 0 0 -1 
vn 0 0 -1 
vn 0 0 -1 
vn 0 0 -1 
vn 0 0 -1 
vn 0 0 -1 
vn 0 0 -1 
vn 0 0 -1 
vn 0 0 -1 
vn 0 0 -1 
vn -0.00787402 0 -1 
vn -0.00787402 0 -1 
vn -0.00787402 0 -1 
vn 0 0 -1 
vn 0 0 -1 
vn 0 0 -1 
vn 0 0 -1 
vn 0 0 -1 
vn 0 0 -1 
vn 0 0 -1 
vn 0 0 -1 
vn 0 0 -1 
vn 0 0 -1 
vn 0 0 -1 
vn 0 0 -1 
vn 0 0 -1 
vn 0 0 -1 
vn 0 0 -1 
vn 0 0 -1 
vn 0 0 -1 
vn 0 0 -1 
vn 0.00787402 0 -1 
vn 0.00787402 0 -1 
vn 0.00787402 0 -1 
vn 0 0 -1 
vn 0 0 -1 
vn 0 0 -1 
vn 0 0 -1 
vn 0 0 -1 
vn 0 0 -1 
vn 0 0 -1 
vn 0 0 -1 
vn 0 0 -1 
vn 0 0 -1 
vn 0 0 -1 
vn 0 0 -1 
vn 0 0 -1 
vn 0 0 -1 
vn 0 0 -1 
vn 0 0 -1 
vn 0 0 -1 
vn 0 0 -1 
vn 0 0 -1 
vn 0 0 -1 
vn -0.00787402 0 -1 
vn -0.00787402 0 -1 
vn 0 0 -1 
vn 0 0 -1 
vn 0 0 -1 
vn 0 0 -1 
vn 0 0 -1 
vn 0 0 -1 
vn 0 0 -1 
vn 0 0 -1 
vn 0 0 -1 
vn 0 0 -1 
vn 0 0 -1 
vn 0 0 -1 
vn 0 0 -1 
vn 0 0 -1 
vn 0 0 -1 
vn 0 0 -1 
vn 0 0 -1 
vn 0.00787402 0 -1 
vn 0.00787402 0 -1 
vn 0 0 -1 
vn 0 0 -1 
vn 0 0 -1 
vn 0 0 -1 
vn 0 0 -1 
vn 0 0 -1 
vn 0 0 -1 
vn 0 0 -1 
vn 0 0 -1 
vn 0 0 -1 
vn 0 0 -1 
vn 0 0 -1 
vn 0 0 -1 
vn 0 0 -1 
vn 0 0 -1 
vn 0 0 -1 
vn 0.00787402 0 -1 
vn 0.00787402 0 -1 
vn 0.00787402 0 -1 
vn 0 0 -1 
vn 0 0 -1 
vn -0.00787402 0 -1 
vn -0.00787402 0 -1 
vn -0.00787402 0 -1 
vn 0 0 -1 
vn 0 0 -1 
vn 0 0 -1 
vn 0 0 -1 
vn 0 0 -1 
vn 0 0 -1 
vn 0 0 -1 
vn 0 0 -1 
vn 0 0 -1 
vn 0 0 -1 
vn 0 0 -1 
vn 0 0 -1 
vn -0.00787402 0 -1 
vn 0.00787402 0 -1 
vn 0 0 -1 
vn 0 0 -1 
vn 0 0 -1 
vn 0 0 -1 
vn 0 0 -1 
vn 0 0 -1 
vn 0 0 -1 
vn 0 0 -1 
vn 0 0 -1 
vn 0 0 -1 
vn 0 0 -1 
vn 0 0 -1 
vn 0 0 -1 
vn 0 0 -1 

vt 2.05188 -3.31912 
vt 1.94419 -3.31912 
vt 2.05188 -3.4675 
vt 2.05188 -3.3081 
vt 1.94419 -3.11402 
vt 1.94419 -3.3081 
vt 2.05188 -3.11402 
vt 2.08715 -3.00016 
vt 2.08715 -2.88752 
vt 2.05308 -2.88752 
vt 2.05308 -3.00016 
vt 2.08715 -3.10248 
vt 2.08715 -2.99612 
vt 2.05308 -2.99612 
vt 2.10069 -3.01847 
vt 2.06662 -3.05176 
vt 2.10069 -3.05176 
vt 2.05308 -3.10248 
vt 2.10061 -2.98867 
vt 2.06662 -3.01401 
vt 2.10069 -3.01401 
vt 2.06653 -2.98867 
vt 2.10061 -2.98867 
vt 2.06653 -2.87923 
vt 2.06653 -2.98867 
vt 1.94419 -3.4675 
vt 1.94692 -3.00016 
vt 1.94692 -2.88752 
vt 1.91285 -3.00016 
vt 1.91285 -2.99612 
vt 1.91285 -3.10248 
vt 1.94692 -2.99612 
vt 2.0347 -2.97149 
vt 1.9403 -2.8771 
vt 1.9403 -2.97149 
vt 2.0347 -2.97149 
vt 1.9403 -2.8771 
vt 1.9403 -2.97149 
vt 1.91285 -2.88752 
vt 1.94692 -3.10248 
vt 1.93338 -3.01401 
vt 1.89939 -2.98867 
vt 1.89931 -3.01401 
vt 1.93338 -3.05176 
vt 1.89931 -3.01847 
vt 1.89931 -3.05176 
vt 1.93347 -2.98867 
vt 1.93347 -2.98867 
vt 1.93347 -2.87923 
vt 1.89939 -2.98867 
vt 1.89939 -2.87923 
vt 2.10061 -2.87923 
vt 2.08715 -2.74947 
vt 2.05308 -2.71192 
vt 2.05308 -2.74947 
vt 2.0347 -2.8771 
vt 2.08715 -2.71192 
vt 2.08715 -2.71597 
vt 2.08715 -2.65073 
vt 2.05308 -2.65073 
vt 2.05308 -2.71597 
vt 2.08715 -2.82052 
vt 2.08715 -2.74543 
vt 2.05308 -2.74543 
vt 2.08715 -2.89157 
vt 2.08715 -2.81648 
vt 2.05308 -2.81648 
vt 2.05308 -2.89157 
vt 2.05308 -2.82052 
vt 2.08715 -2.6184 
vt 2.08715 -2.53345 
vt 2.05308 -2.53345 
vt 2.05308 -2.6184 
vt 2.0347 -2.8771 
vt 1.94692 -2.74947 
vt 1.94692 -2.71192 
vt 1.91285 -2.74947 
vt 1.91285 -2.74543 
vt 1.91285 -2.82052 
vt 1.94692 -2.74543 
vt 1.91285 -2.71192 
vt 1.94692 -2.71597 
vt 1.94692 -2.65073 
vt 1.91285 -2.71597 
vt 1.91285 -2.65073 
vt 1.94692 -2.82052 
vt 1.94692 -2.89157 
vt 1.94692 -2.81648 
vt 1.91285 -2.89157 
vt 1.91285 -2.81648 
vt 1.94692 -2.6184 
vt 1.94692 -2.53345 
vt 1.91285 -2.6184 
vt 1.91285 -2.53345 
vt 1.93338 -3.01847 
vt 1.94419 -3.11402 
vt 2.05188 -3.3081 
vt 2.05188 -3.11402 
vt 2.05188 -3.31912 
vt 1.94419 -3.4675 
vt 2.05188 -3.4675 
vt 2.10069 -3.13343 
vt 2.06662 -3.08683 
vt 2.06662 -3.13343 
vt 2.10061 -2.85402 
vt 2.06653 -2.88348 
vt 2.10061 -2.88348 
vt 2.06662 -3.01847 
vt 2.10069 -3.08683 
vt 2.10069 -3.09108 
vt 2.10069 -3.04448 
vt 2.06662 -3.04448 
vt 2.06662 -3.09108 
vt 2.0347 -2.8771 
vt 1.9403 -2.97149 
vt 2.0347 -2.97149 
vt 2.10069 -3.04873 
vt 2.06662 -2.65711 
vt 2.06662 -3.04873 
vt 1.9403 -2.8771 
vt 2.0347 -2.97149 
vt 2.0347 -2.8771 
vt 1.94419 -3.3081 
vt 1.94419 -3.31912 
vt 1.93338 -3.13343 
vt 1.93338 -3.08683 
vt 1.89931 -3.13343 
vt 1.89931 -3.08683 
vt 1.89939 -2.85402 
vt 1.93347 -2.88348 
vt 1.93347 -2.85402 
vt 1.89939 -2.88348 
vt 1.93338 -3.09108 
vt 1.93338 -3.04448 
vt 1.89931 -3.09108 
vt 1.9403 -2.97149 
vt 1.89931 -3.04448 
vt 1.93338 -3.04873 
vt 1.93338 -2.65711 
vt 1.89931 -3.04873 
vt 1.9403 -2.8771 
vt 2.06653 -2.85402 
vt 2.10069 -2.83713 
vt 2.06662 -2.83713 
vt 2.10061 -2.85402 
vt 2.06653 -2.85402 
vt 2.10069 -2.77567 
vt 2.06662 -2.75495 
vt 2.06662 -2.77567 
vt 2.10069 -2.65051 
vt 2.10069 -2.60392 
vt 2.06662 -2.60392 
vt 2.06662 -2.65051 
vt 2.10069 -2.75495 
vt 2.10069 -2.65711 
vt 2.10069 -2.65287 
vt 2.06662 -2.60628 
vt 2.06662 -2.65287 
vt 2.10069 -2.60628 
vt 2.10069 -2.60203 
vt 2.10069 -2.55544 
vt 2.06662 -2.55544 
vt 2.06662 -2.60203 
vt 1.89939 -2.85402 
vt 1.93347 -2.85402 
vt 1.93338 -2.83713 
vt 1.93338 -2.77567 
vt 1.93338 -2.75495 
vt 1.89931 -2.77567 
vt 1.89931 -2.83713 
vt 1.89931 -2.75495 
vt 1.93338 -2.65051 
vt 1.93338 -2.60392 
vt 1.89931 -2.65051 
vt 1.89931 -2.60392 
vt 1.93338 -2.60203 
vt 1.93338 -2.55544 
vt 1.89931 -2.60203 
vt 1.93338 -2.65287 
vt 1.93338 -2.60628 
vt 1.89931 -2.65287 
vt 1.89931 -2.65711 
vt 1.89931 -2.60628 
vt 1.89931 -2.55544 
vt 2.20365 -3.08715 
vt 2.2412 -3.08715 
vt 2.2412 -3.05308 
vt 2.60878 -3.0347 
vt 2.77887 -3.0347 
vt 2.60878 -2.9403 
vt 2.40538 -3.0347 
vt 2.60921 -3.0347 
vt 2.40538 -2.9403 
vt 2.24928 -3.08715 
vt 2.28683 -3.08715 
vt 2.28683 -3.05308 
vt 2.24928 -3.05308 
vt 2.20365 -3.05308 
vt 2.17352 -3.05188 
vt 2.28121 -3.05188 
vt 2.17352 -2.94419 
vt 2.17352 -3.05188 
vt 2.28121 -3.05188 
vt 2.17352 -2.94419 
vt 2.15398 -3.08715 
vt 2.19153 -3.08715 
vt 2.19153 -3.05308 
vt 2.09945 -3.09973 
vt 2.05351 -3.0667 
vt 2.05351 -3.10077 
vt 2.15398 -3.05308 
vt 2.28121 -2.94419 
vt 2.28121 -2.94419 
vt 2.77887 -2.9403 
vt 2.60921 -2.9403 
vt 2.24928 -2.94692 
vt 2.28683 -2.94692 
vt 2.24928 -2.91285 
vt 2.28683 -2.91285 
vt 2.2412 -2.94692 
vt 2.2412 -2.91285 
vt 2.20365 -2.91285 
vt 2.19153 -2.91285 
vt 2.15398 -2.94692 
vt 2.19153 -2.94692 
vt 2.15398 -2.91285 
vt 2.20365 -2.94692 
vt 2.05351 -2.9333 
vt 2.09945 -2.90027 
vt 2.05351 -2.89923 
vt 2.09945 -3.06565 
vt 2.29491 -3.08715 
vt 2.33246 -3.08715 
vt 2.33246 -3.05308 
vt 2.29491 -3.05308 
vt 2.3365 -3.08715 
vt 2.37404 -3.08715 
vt 2.37404 -3.05308 
vt 2.3365 -3.05308 
vt 2.08985 -3.05308 
vt 2.55025 -3.08715 
vt 2.55025 -3.05308 
vt 2.08985 -3.08715 
vt 1.97832 -3.10064 
vt 2.04906 -3.10077 
vt 2.04906 -3.0667 
vt 1.97832 -3.06656 
vt 1.9855 -3.10069 
vt 2.0321 -3.06662 
vt 1.9855 -3.06662 
vt 2.0321 -3.10069 
vt 2.55025 -2.91285 
vt 2.08985 -2.94692 
vt 2.55025 -2.94692 
vt 2.29491 -2.94692 
vt 2.33246 -2.94692 
vt 2.29491 -2.91285 
vt 2.33246 -2.91285 
vt 2.37404 -2.91285 
vt 2.3365 -2.94692 
vt 2.37404 -2.94692 
vt 2.3365 -2.91285 
vt 2.08985 -2.91285 
vt 2.09945 -2.93435 
vt 1.97832 -2.93344 
vt 2.04906 -2.9333 
vt 1.97832 -2.89936 
vt 2.04906 -2.89923 
vt 1.9855 -2.93338 
vt 2.0321 -2.93338 
vt 1.9855 -2.89931 
vt 2.0321 -2.89931 
vt 2.00642 -2.93338 
vt 2.00642 -2.89931 
vt 1.95947 -2.89931 
vt 1.84156 -3.10069 
vt 1.96291 -3.06662 
vt 1.84156 -3.06662 
vt 1.89396 -2.94419 
vt 1.78626 -3.05188 
vt 1.89396 -3.05188 
vt 1.96291 -3.10069 
vt 1.95947 -3.10069 
vt 2.00642 -3.10069 
vt 2.00642 -3.06662 
vt 1.95947 -3.06662 
vt 1.89396 -2.94419 
vt 1.78626 -3.05188 
vt 1.89396 -3.05188 
vt 1.79073 -3.10069 
vt 1.83733 -3.10069 
vt 1.83733 -3.06662 
vt 1.79073 -3.06662 
vt 1.39122 -3.0347 
vt 1.22113 -2.9403 
vt 1.22113 -3.0347 
vt 1.76951 -3.10069 
vt 1.89043 -3.06662 
vt 1.76951 -3.06662 
vt 1.59462 -3.0347 
vt 1.39079 -2.9403 
vt 1.39079 -3.0347 
vt 1.78626 -2.94419 
vt 1.78626 -2.94419 
vt 1.84156 -2.93338 
vt 1.96291 -2.93338 
vt 1.84156 -2.89931 
vt 1.95947 -2.93338 
vt 1.96291 -2.89931 
vt 1.83733 -2.93338 
vt 1.83733 -2.89931 
vt 1.79073 -2.89931 
vt 1.59462 -2.9403 
vt 1.79073 -2.93338 
vt 1.39122 -2.9403 
vt 1.76951 -2.93338 
vt 1.89043 -2.93338 
vt 1.76951 -2.89931 
vt 1.89043 -2.89931 
vt 1.89043 -3.10069 
vt 1.97832 -3.10064 
vt 1.95412 -3.06662 
vt 1.95412 -3.10069 
vt 1.88854 -3.10069 
vt 1.954 -3.06662 
vt 1.88854 -3.06662 
vt 1.72943 -3.10069 
vt 1.98126 -3.10069 
vt 1.98126 -3.06662 
vt 1.954 -3.10069 
vt 1.72943 -3.06662 
vt 1.64473 -3.10069 
vt 1.69132 -3.10069 
vt 1.69132 -3.06662 
vt 1.64473 -3.06662 
vt 1.68708 -3.10069 
vt 1.73367 -3.06662 
vt 1.68708 -3.06662 
vt 1.73367 -3.10069 
vt 1.97832 -3.06656 
vt 1.97832 -2.89936 
vt 1.95412 -2.93338 
vt 1.97832 -2.93344 
vt 1.95412 -2.89931 
vt 1.88854 -2.93338 
vt 1.954 -2.93338 
vt 1.88854 -2.89931 
vt 1.954 -2.89931 
vt 1.98126 -2.89931 
vt 1.72943 -2.89931 
vt 1.98126 -2.93338 
vt 1.72943 -2.93338 
vt 1.64473 -2.93338 
vt 1.69132 -2.93338 
vt 1.64473 -2.89931 
vt 1.69132 -2.89931 
vt 1.68708 -2.93338 
vt 1.73367 -2.93338 
vt 1.68708 -2.89931 
vt 1.73367 -2.89931 
vt 1.72458 -3.01917 
vt 1.67087 -2.87303 
vt 1.68704 -3.02321 
vt 1.80847 -3.00016 
vt 1.73497 -3.11567 
vt 1.71879 -3.3081 
vt 1.82648 -3.11402 
vt 1.71879 -3.11402 
vt 1.71879 -3.4675 
vt 1.82648 -3.31912 
vt 1.71879 -3.31912 
vt 1.82648 -3.3081 
vt 1.7588 -2.89157 
vt 1.62524 -2.80198 
vt 1.63332 -2.87707 
vt 1.71317 -2.82052 
vt 1.79635 -2.88752 
vt 1.82648 -3.4675 
vt 1.97034 -3.06389 
vt 1.92778 -3.02428 
vt 1.92397 -3.05967 
vt 1.99358 -3.01401 
vt 1.85747 -3.10248 
vt 1.84602 -2.99612 
vt 1.99358 -3.01401 
vt 1.93075 -3.00016 
vt 1.92778 -3.02428 
vt 1.99651 -2.98867 
vt 1.93075 -3.00016 
vt 1.99651 -2.98867 
vt 2.00613 -2.87923 
vt 1.88615 -2.99424 
vt 1.90055 -2.80659 
vt 1.59462 -2.8771 
vt 1.39079 -2.8771 
vt 1.59462 -2.97149 
vt 1.22113 -2.97149 
vt 1.39122 -2.97149 
vt 1.22113 -2.8771 
vt 1.80847 -3.00016 
vt 1.72458 -3.01917 
vt 1.73497 -3.11567 
vt 1.67087 -2.87303 
vt 1.68704 -3.02321 
vt 1.7588 -2.89157 
vt 1.39079 -2.97149 
vt 1.39122 -2.8771 
vt 1.71317 -2.82052 
vt 1.62524 -2.80198 
vt 1.63332 -2.87707 
vt 1.79635 -2.88752 
vt 1.85747 -3.10248 
vt 1.84602 -2.99612 
vt 1.92778 -3.02428 
vt 1.97034 -3.06389 
vt 1.99358 -3.01401 
vt 1.92397 -3.05967 
vt 1.99358 -3.01401 
vt 1.93075 -3.00016 
vt 1.92778 -3.02428 
vt 1.88615 -2.99424 
vt 2.00613 -2.87923 
vt 1.90055 -2.80659 
vt 1.93075 -3.00016 
vt 1.99651 -2.98867 
vt 1.99651 -2.98867 
vt 1.75072 -2.81648 
vt 1.57961 -2.73093 
vt 1.5877 -2.80602 
vt 1.66754 -2.74947 
vt 1.62596 -2.71597 
vt 1.53802 -2.69743 
vt 1.54207 -2.73497 
vt 1.61893 -2.65073 
vt 1.49644 -2.66392 
vt 1.50048 -2.70147 
vt 1.44975 -2.58301 
vt 1.6635 -2.71192 
vt 1.94649 -2.8105 
vt 1.75072 -2.81648 
vt 2.02168 -2.76767 
vt 1.95094 -2.76122 
vt 1.9193 -2.6184 
vt 1.91015 -2.53345 
vt 1.96194 -2.64031 
vt 2.0145 -2.57909 
vt 1.9679 -2.57485 
vt 1.70509 -2.74543 
vt 1.45889 -2.66796 
vt 1.57961 -2.73093 
vt 1.5877 -2.80602 
vt 1.62596 -2.71597 
vt 1.61893 -2.65073 
vt 1.53802 -2.69743 
vt 1.54207 -2.73497 
vt 1.45889 -2.66796 
vt 1.49644 -2.66392 
vt 1.44975 -2.58301 
vt 1.50048 -2.70147 
vt 1.66754 -2.74947 
vt 1.94649 -2.8105 
vt 2.02168 -2.76767 
vt 1.95094 -2.76122 
vt 1.70509 -2.74543 
vt 1.6635 -2.71192 
vt 1.91015 -2.53345 
vt 1.9193 -2.6184 
vt 1.96194 -2.64031 
vt 2.0145 -2.57909 
vt 1.9679 -2.57485 
vt 1.96609 -3.11049 
vt 2.03709 -3.05176 
vt 2.21793 -3.13343 
vt 2.03709 -3.05176 
vt 1.96609 -3.11049 
vt 2.15844 -3.0619 
vt 2.10604 -3.3081 
vt 2.21374 -3.11402 
vt 2.10604 -3.11402 
vt 2.04053 -3.01847 
vt 2.22453 -2.85214 
vt 2.10957 -2.77567 
vt 2.05683 -2.83713 
vt 2.05545 -2.85402 
vt 2.05277 -2.88348 
vt 2.10604 -3.4675 
vt 2.21374 -3.31912 
vt 2.10604 -3.31912 
vt 2.20927 -3.01966 
vt 2.22217 -3.08683 
vt 2.27301 -3.04448 
vt 2.26876 -3.09108 
vt 2.21374 -3.3081 
vt 2.16267 -3.01541 
vt 2.35527 -2.65711 
vt 2.3196 -3.04873 
vt 2.21374 -3.4675 
vt 2.21793 -3.13343 
vt 2.15844 -3.0619 
vt 2.20927 -3.01966 
vt 2.22217 -3.08683 
vt 2.16267 -3.01541 
vt 2.05545 -2.85402 
vt 2.05277 -2.88348 
vt 2.04053 -3.01847 
vt 2.22453 -2.85214 
vt 2.10957 -2.77567 
vt 2.05683 -2.83713 
vt 2.27301 -3.04448 
vt 2.26876 -3.09108 
vt 2.3196 -3.04873 
vt 2.40538 -2.97149 
vt 2.60921 -2.97149 
vt 2.60921 -2.8771 
vt 2.77887 -2.97149 
vt 2.60878 -2.8771 
vt 2.60878 -2.97149 
vt 2.77887 -2.8771 
vt 2.40538 -2.8771 
vt 2.35527 -2.65711 
vt 2.02168 -2.76767 
vt 2.05545 -2.85402 
vt 2.05683 -2.83713 
vt 2.04588 -2.76906 
vt 2.11146 -2.75495 
vt 2.02168 -2.76767 
vt 2.05683 -2.83713 
vt 2.04588 -2.76906 
vt 2.046 -2.74899 
vt 2.07824 -2.60392 
vt 2.01874 -2.5325 
vt 2.27057 -2.55544 
vt 2.07399 -2.65051 
vt 2.19915 -2.61493 
vt 2.23049 -2.78669 
vt 2.30868 -2.65287 
vt 2.2415 -2.66577 
vt 2.19491 -2.66153 
vt 2.26633 -2.60203 
vt 2.31292 -2.60628 
vt 2.05545 -2.85402 
vt 2.04588 -2.76906 
vt 2.04588 -2.76906 
vt 2.11146 -2.75495 
vt 2.046 -2.74899 
vt 2.07399 -2.65051 
vt 2.07824 -2.60392 
vt 2.01874 -2.5325 
vt 2.27057 -2.55544 
vt 2.19915 -2.61493 
vt 2.23049 -2.78669 
vt 2.30868 -2.65287 
vt 2.2415 -2.66577 
vt 2.19491 -2.66153 
vt 2.26633 -2.60203 
vt 2.31292 -2.60628 
vt 1.94812 -3.11402 
vt 1.94812 -3.3081 
vt 2.05581 -3.3081 
vt 1.94812 -3.31912 
vt 1.94812 -3.4675 
vt 2.05581 -3.4675 
vt 1.91285 -2.87303 
vt 1.91285 -3.02321 
vt 1.94692 -3.02321 
vt 1.94692 -2.87303 
vt 1.9653 -2.8771 
vt 1.9653 -2.97149 
vt 2.0597 -2.97149 
vt 1.91285 -3.11567 
vt 1.94692 -3.01917 
vt 1.91285 -3.01917 
vt 1.89931 -3.02428 
vt 1.89931 -3.05967 
vt 1.93338 -3.05967 
vt 1.94692 -3.11567 
vt 1.93338 -3.02428 
vt 1.89932 -3.00016 
vt 1.89931 -3.02428 
vt 1.93338 -3.02428 
vt 1.93435 -2.80659 
vt 1.90028 -2.99424 
vt 1.93435 -2.99424 
vt 2.05581 -3.11402 
vt 2.05581 -3.31912 
vt 2.08715 -3.02321 
vt 2.05308 -2.87303 
vt 2.05308 -3.02321 
vt 2.0597 -2.8771 
vt 1.9653 -2.97149 
vt 2.0597 -2.97149 
vt 2.0597 -2.8771 
vt 2.08715 -2.87303 
vt 2.05308 -3.01917 
vt 2.08715 -3.11567 
vt 2.08715 -3.01917 
vt 2.05308 -3.11567 
vt 2.06662 -3.05967 
vt 2.10069 -3.05967 
vt 2.10069 -3.02428 
vt 2.06662 -3.02428 
vt 2.09972 -2.99424 
vt 2.06565 -2.80659 
vt 2.06565 -2.99424 
vt 2.06662 -3.02428 
vt 2.10069 -3.02428 
vt 2.10068 -3.00016 
vt 1.9653 -2.8771 
vt 1.91285 -2.66392 
vt 1.91285 -2.70147 
vt 1.94692 -2.70147 
vt 1.91285 -2.69743 
vt 1.94692 -2.73497 
vt 1.94692 -2.69743 
vt 1.94692 -2.66392 
vt 1.91285 -2.58301 
vt 1.91285 -2.66796 
vt 1.94692 -2.66796 
vt 1.94692 -2.58301 
vt 1.91285 -2.73497 
vt 1.90027 -2.80659 
vt 1.91285 -2.80198 
vt 1.91285 -2.87707 
vt 1.94692 -2.87707 
vt 1.94692 -2.80198 
vt 1.91285 -2.73093 
vt 1.91285 -2.80602 
vt 1.94692 -2.80602 
vt 1.94692 -2.73093 
vt 2.05308 -2.58301 
vt 2.05308 -2.66796 
vt 2.08715 -2.58301 
vt 2.08715 -2.73497 
vt 2.05308 -2.69743 
vt 2.05308 -2.73497 
vt 2.08715 -2.69743 
vt 2.08715 -2.70147 
vt 2.05308 -2.66392 
vt 2.05308 -2.70147 
vt 2.08715 -2.66796 
vt 2.08715 -2.66392 
vt 2.05308 -2.73093 
vt 2.08715 -2.80602 
vt 2.08715 -2.73093 
vt 2.08715 -2.87707 
vt 2.05308 -2.80198 
vt 2.05308 -2.87707 
vt 2.09973 -2.80659 
vt 2.08715 -2.80198 
vt 2.05308 -2.80602 
vt 1.93339 -3.00016 
vt 2.05581 -3.4675 
vt 1.94812 -3.31912 
vt 1.94812 -3.4675 
vt 2.05581 -3.3081 
vt 2.05581 -3.11402 
vt 1.94812 -3.3081 
vt 1.94812 -3.11402 
vt 1.89931 -3.11049 
vt 1.93338 -3.06389 
vt 1.89931 -3.06389 
vt 1.93338 -3.11049 
vt 1.93338 -3.01541 
vt 1.89931 -3.0619 
vt 1.93338 -3.0619 
vt 1.89931 -3.01541 
vt 1.89931 -2.85214 
vt 1.89931 -3.01966 
vt 1.93338 -3.01966 
vt 1.9653 -2.8771 
vt 1.9653 -2.97149 
vt 2.0597 -2.8771 
vt 1.93338 -2.85214 
vt 1.9653 -2.8771 
vt 1.9653 -2.97149 
vt 2.0597 -2.8771 
vt 2.05581 -3.31912 
vt 2.10069 -3.11049 
vt 2.06662 -3.06389 
vt 2.06662 -3.11049 
vt 2.10069 -3.06389 
vt 2.10069 -3.0619 
vt 2.06662 -3.01541 
vt 2.06662 -3.0619 
vt 2.06661 -3.00016 
vt 2.0667 -2.8105 
vt 2.10077 -2.8105 
vt 2.10077 -2.76122 
vt 2.10069 -3.01541 
vt 2.0597 -2.97149 
vt 2.10069 -3.01966 
vt 2.10069 -2.85214 
vt 2.06662 -3.01966 
vt 2.0597 -2.97149 
vt 2.06662 -2.85214 
vt 1.89923 -2.76122 
vt 1.89923 -2.8105 
vt 1.9333 -2.8105 
vt 1.9333 -2.76122 
vt 1.93338 -2.57485 
vt 1.89931 -2.64031 
vt 1.93338 -2.64031 
vt 1.89931 -2.57485 
vt 1.89931 -2.5325 
vt 1.89931 -2.57909 
vt 1.93338 -2.57909 
vt 1.93338 -2.5325 
vt 1.93338 -2.74899 
vt 1.89931 -2.76906 
vt 1.93338 -2.76906 
vt 1.89931 -2.74899 
vt 1.89931 -2.66577 
vt 1.89931 -2.78669 
vt 1.93338 -2.78669 
vt 1.93338 -2.66577 
vt 1.89931 -2.61493 
vt 1.89931 -2.66153 
vt 1.93338 -2.66153 
vt 1.93338 -2.61493 
vt 2.06662 -2.66577 
vt 2.06662 -2.78669 
vt 2.10069 -2.66577 
vt 2.10069 -2.64031 
vt 2.06662 -2.57485 
vt 2.06662 -2.64031 
vt 2.0667 -2.76122 
vt 2.10069 -2.57485 
vt 2.10069 -2.57909 
vt 2.06662 -2.5325 
vt 2.06662 -2.57909 
vt 2.10069 -2.5325 
vt 2.10069 -2.76906 
vt 2.06662 -2.74899 
vt 2.06662 -2.76906 
vt 2.10069 -2.74899 
vt 2.10069 -2.78669 
vt 2.10069 -2.66153 
vt 2.06662 -2.61493 
vt 2.06662 -2.66153 
vt 2.10069 -2.61493 
vt 1.68704 -3.08715 
vt 1.72458 -3.08715 
vt 1.72458 -3.05308 
vt 1.68704 -3.05308 
vt 1.39122 -2.9403 
vt 1.22113 -3.0347 
vt 1.39122 -3.0347 
vt 1.63332 -3.08715 
vt 1.67087 -3.05308 
vt 1.63332 -3.05308 
vt 1.59462 -2.9403 
vt 1.39079 -3.0347 
vt 1.59462 -3.0347 
vt 1.73497 -3.08715 
vt 1.85747 -3.05308 
vt 1.73497 -3.05308 
vt 1.82648 -2.94419 
vt 1.71879 -3.05188 
vt 1.82648 -3.05188 
vt 1.82648 -2.94419 
vt 1.71879 -3.05188 
vt 1.82648 -3.05188 
vt 1.85747 -3.08715 
vt 1.88615 -3.09972 
vt 1.93075 -3.10068 
vt 1.93075 -3.06661 
vt 1.88615 -3.06565 
vt 1.71879 -2.94419 
vt 1.68704 -2.94692 
vt 1.72458 -2.94692 
vt 1.68704 -2.91285 
vt 1.72458 -2.91285 
vt 1.22113 -2.9403 
vt 1.39079 -2.9403 
vt 1.63332 -2.94692 
vt 1.67087 -2.94692 
vt 1.63332 -2.91285 
vt 1.71879 -2.94419 
vt 1.73497 -2.94692 
vt 1.85747 -2.94692 
vt 1.73497 -2.91285 
vt 1.85747 -2.91285 
vt 1.93075 -2.93339 
vt 1.93075 -2.89932 
vt 1.88615 -2.90028 
vt 1.88615 -2.93435 
vt 1.67087 -2.91285 
vt 1.54207 -3.08715 
vt 1.57961 -3.08715 
vt 1.57961 -3.05308 
vt 1.54207 -3.05308 
vt 1.50048 -3.08715 
vt 1.53802 -3.05308 
vt 1.50048 -3.05308 
vt 1.53802 -3.08715 
vt 1.45889 -3.08715 
vt 1.49644 -3.08715 
vt 1.49644 -3.05308 
vt 1.5877 -3.08715 
vt 1.62524 -3.05308 
vt 1.5877 -3.05308 
vt 1.62524 -3.08715 
vt 1.67087 -3.08715 
vt 1.61893 -3.08715 
vt 1.9193 -3.05308 
vt 1.61893 -3.05308 
vt 1.9193 -3.08715 
vt 1.45889 -3.05308 
vt 1.54207 -2.94692 
vt 1.57961 -2.94692 
vt 1.54207 -2.91285 
vt 1.50048 -2.94692 
vt 1.53802 -2.94692 
vt 1.50048 -2.91285 
vt 1.53802 -2.91285 
vt 1.45889 -2.94692 
vt 1.49644 -2.94692 
vt 1.45889 -2.91285 
vt 1.49644 -2.91285 
vt 1.57961 -2.91285 
vt 1.5877 -2.94692 
vt 1.62524 -2.94692 
vt 1.5877 -2.91285 
vt 1.62524 -2.91285 
vt 1.61893 -2.94692 
vt 1.9193 -2.94692 
vt 1.61893 -2.91285 
vt 1.9193 -2.91285 
vt 1.92397 -2.93338 
vt 1.97034 -2.93338 
vt 1.92397 -2.89931 
vt 1.96609 -3.10069 
vt 2.21793 -3.10069 
vt 2.21793 -3.06662 
vt 2.21374 -3.05188 
vt 2.10604 -2.94419 
vt 2.10604 -3.05188 
vt 1.96609 -3.06662 
vt 1.92397 -3.10069 
vt 1.97034 -3.10069 
vt 1.97034 -3.06662 
vt 1.92397 -3.06662 
vt 2.21374 -3.05188 
vt 2.10604 -2.94419 
vt 2.10604 -3.05188 
vt 2.22217 -3.10069 
vt 2.26876 -3.10069 
vt 2.26876 -3.06662 
vt 2.22217 -3.06662 
vt 2.27301 -3.10069 
vt 2.3196 -3.10069 
vt 2.3196 -3.06662 
vt 2.27301 -3.06662 
vt 2.40538 -3.0347 
vt 2.60921 -3.0347 
vt 2.60921 -2.9403 
vt 2.21374 -2.94419 
vt 2.21374 -2.94419 
vt 2.21793 -2.89931 
vt 1.96609 -2.89931 
vt 2.21793 -2.93338 
vt 1.96609 -2.93338 
vt 1.97034 -2.89931 
vt 2.22217 -2.93338 
vt 2.26876 -2.93338 
vt 2.22217 -2.89931 
vt 2.3196 -2.89931 
vt 2.27301 -2.93338 
vt 2.3196 -2.93338 
vt 2.26876 -2.89931 
vt 2.27301 -2.89931 
vt 2.40538 -2.9403 
vt 2.60878 -3.0347 
vt 2.77887 -2.9403 
vt 2.60878 -2.9403 
vt 2.00613 -3.10061 
vt 2.05277 -3.10061 
vt 2.05277 -3.06653 
vt 2.00613 -3.06653 
vt 2.05683 -3.10069 
vt 2.22453 -3.06662 
vt 2.05683 -3.06662 
vt 1.96194 -3.10069 
vt 2.07399 -3.10069 
vt 2.07399 -3.06662 
vt 1.96194 -3.06662 
vt 2.07824 -3.10069 
vt 2.19915 -3.06662 
vt 2.07824 -3.06662 
vt 2.19491 -3.10069 
vt 2.2415 -3.10069 
vt 2.2415 -3.06662 
vt 2.22453 -3.10069 
vt 2.19491 -3.06662 
vt 2.19915 -3.10069 
vt 2.77887 -3.0347 
vt 2.00613 -2.93347 
vt 2.05277 -2.93347 
vt 2.00613 -2.89939 
vt 2.05277 -2.89939 
vt 2.05683 -2.93338 
vt 2.22453 -2.93338 
vt 2.05683 -2.89931 
vt 1.96194 -2.93338 
vt 2.07399 -2.93338 
vt 1.96194 -2.89931 
vt 2.07399 -2.89931 
vt 2.07824 -2.93338 
vt 2.19915 -2.93338 
vt 2.07824 -2.89931 
vt 2.22453 -2.89931 
vt 2.2415 -2.93338 
vt 2.2415 -2.89931 
vt 2.19491 -2.89931 
vt 2.19491 -2.93338 
vt 2.19915 -2.89931 
vt 2.32913 -2.87303 
vt 2.27542 -3.01917 
vt 2.31296 -3.02321 
vt 2.19153 -3.00016 
vt 2.26503 -3.11567 
vt 2.17352 -3.3081 
vt 2.28121 -3.11402 
vt 2.17352 -3.11402 
vt 2.28121 -3.3081 
vt 2.28121 -3.31912 
vt 2.17352 -3.4675 
vt 2.28121 -3.4675 
vt 2.2412 -2.89157 
vt 2.37476 -2.80198 
vt 2.36668 -2.87707 
vt 2.28683 -2.82052 
vt 2.20365 -2.88752 
vt 2.17352 -3.31912 
vt 2.07222 -3.02428 
vt 2.02966 -3.06389 
vt 2.07603 -3.05967 
vt 2.00642 -3.01401 
vt 2.14253 -3.10248 
vt 2.15398 -2.99612 
vt 2.06925 -3.00016 
vt 2.00642 -3.01401 
vt 2.07222 -3.02428 
vt 2.00349 -2.98867 
vt 1.99387 -2.87923 
vt 2.00349 -2.98867 
vt 2.06925 -3.00016 
vt 2.11385 -2.99424 
vt 2.09945 -2.80659 
vt 2.60921 -2.97149 
vt 2.40538 -2.8771 
vt 2.40538 -2.97149 
vt 2.77887 -2.8771 
vt 2.60878 -2.97149 
vt 2.77887 -2.97149 
vt 2.19153 -3.00016 
vt 2.26503 -3.11567 
vt 2.27542 -3.01917 
vt 2.32913 -2.87303 
vt 2.31296 -3.02321 
vt 2.2412 -2.89157 
vt 2.60878 -2.8771 
vt 2.60921 -2.8771 
vt 2.28683 -2.82052 
vt 2.37476 -2.80198 
vt 2.36668 -2.87707 
vt 2.20365 -2.88752 
vt 2.14253 -3.10248 
vt 2.15398 -2.99612 
vt 2.07222 -3.02428 
vt 2.00642 -3.01401 
vt 2.02966 -3.06389 
vt 2.07603 -3.05967 
vt 2.06925 -3.00016 
vt 2.00642 -3.01401 
vt 2.07222 -3.02428 
vt 2.09945 -2.80659 
vt 1.99387 -2.87923 
vt 2.11385 -2.99424 
vt 2.06925 -3.00016 
vt 2.00349 -2.98867 
vt 2.00349 -2.98867 
vt 2.24928 -2.81648 
vt 2.4123 -2.80602 
vt 2.42039 -2.73093 
vt 2.37404 -2.71597 
vt 2.33246 -2.74947 
vt 2.45793 -2.73497 
vt 2.46198 -2.69743 
vt 2.38107 -2.65073 
vt 2.49952 -2.70147 
vt 2.50356 -2.66392 
vt 2.55025 -2.58301 
vt 2.3365 -2.71192 
vt 2.24928 -2.81648 
vt 2.05351 -2.8105 
vt 2.04906 -2.76122 
vt 1.97832 -2.76767 
vt 2.0807 -2.6184 
vt 2.08985 -2.53345 
vt 1.9855 -2.57909 
vt 2.03806 -2.64031 
vt 2.0321 -2.57485 
vt 2.29491 -2.74543 
vt 2.54111 -2.66796 
vt 2.4123 -2.80602 
vt 2.42039 -2.73093 
vt 2.37404 -2.71597 
vt 2.45793 -2.73497 
vt 2.46198 -2.69743 
vt 2.38107 -2.65073 
vt 2.55025 -2.58301 
vt 2.50356 -2.66392 
vt 2.54111 -2.66796 
vt 2.49952 -2.70147 
vt 2.33246 -2.74947 
vt 2.05351 -2.8105 
vt 2.04906 -2.76122 
vt 1.97832 -2.76767 
vt 2.29491 -2.74543 
vt 2.3365 -2.71192 
vt 2.08985 -2.53345 
vt 2.0807 -2.6184 
vt 1.9855 -2.57909 
vt 2.03806 -2.64031 
vt 2.0321 -2.57485 
vt 1.96291 -3.05176 
vt 2.03391 -3.11049 
vt 1.96291 -3.05176 
vt 1.78207 -3.13343 
vt 2.03391 -3.11049 
vt 1.84156 -3.0619 
vt 1.78626 -3.11402 
vt 1.89396 -3.3081 
vt 1.89396 -3.11402 
vt 1.95947 -3.01847 
vt 1.77547 -2.85214 
vt 1.94317 -2.83713 
vt 1.89043 -2.77567 
vt 1.94455 -2.85402 
vt 1.94723 -2.88348 
vt 1.79073 -3.01966 
vt 1.83733 -3.01541 
vt 1.77783 -3.08683 
vt 1.72699 -3.04448 
vt 1.73124 -3.09108 
vt 1.78626 -3.3081 
vt 1.89396 -3.31912 
vt 1.78626 -3.31912 
vt 1.78626 -3.4675 
vt 1.6804 -3.04873 
vt 1.64473 -2.65711 
vt 1.89396 -3.4675 
vt 1.78207 -3.13343 
vt 1.84156 -3.0619 
vt 1.79073 -3.01966 
vt 1.77783 -3.08683 
vt 1.83733 -3.01541 
vt 1.94455 -2.85402 
vt 1.94723 -2.88348 
vt 1.95947 -3.01847 
vt 1.77547 -2.85214 
vt 1.94317 -2.83713 
vt 1.89043 -2.77567 
vt 1.72699 -3.04448 
vt 1.73124 -3.09108 
vt 1.6804 -3.04873 
vt 1.59462 -2.8771 
vt 1.39079 -2.97149 
vt 1.59462 -2.97149 
vt 1.39122 -2.8771 
vt 1.22113 -2.97149 
vt 1.39122 -2.97149 
vt 1.22113 -2.8771 
vt 1.39079 -2.8771 
vt 1.64473 -2.65711 
vt 1.94455 -2.85402 
vt 1.97832 -2.76767 
vt 1.94317 -2.83713 
vt 1.95412 -2.76906 
vt 1.88854 -2.75495 
vt 1.94317 -2.83713 
vt 1.97832 -2.76767 
vt 1.95412 -2.76906 
vt 1.954 -2.74899 
vt 1.98126 -2.5325 
vt 1.92176 -2.60392 
vt 1.72943 -2.55544 
vt 1.92601 -2.65051 
vt 1.80085 -2.61493 
vt 1.76951 -2.78669 
vt 1.69132 -2.65287 
vt 1.7585 -2.66577 
vt 1.80509 -2.66153 
vt 1.73367 -2.60203 
vt 1.68708 -2.60628 
vt 1.94455 -2.85402 
vt 1.95412 -2.76906 
vt 1.95412 -2.76906 
vt 1.88854 -2.75495 
vt 1.954 -2.74899 
vt 1.92601 -2.65051 
vt 1.92176 -2.60392 
vt 1.98126 -2.5325 
vt 1.72943 -2.55544 
vt 1.80085 -2.61493 
vt 1.76951 -2.78669 
vt 1.7585 -2.66577 
vt 1.69132 -2.65287 
vt 1.80509 -2.66153 
vt 1.73367 -2.60203 
vt 1.68708 -2.60628 

usemtl Text0051Mtl

f 114/114/114 115/115/115 116/116/116 
f 115/115/115 114/114/114 141/141/141 
f 120/120/120 121/121/121 122/122/122 
f 121/121/121 120/120/120 136/136/136 
f 117/117/117 118/118/118 119/119/119 
f 117/117/117 155/155/155 118/118/118 
f 138/138/138 139/139/139 140/140/140 
f 182/182/182 140/140/140 139/139/139 
f 110/110/110 111/111/111 112/112/112 
f 110/110/110 112/112/112 113/113/113 
f 133/133/133 134/134/134 135/135/135 
f 134/134/134 137/137/137 135/135/135 
f 156/156/156 157/157/157 158/158/158 
f 156/156/156 159/159/159 157/157/157 
f 179/179/179 180/180/180 181/181/181 
f 180/180/180 183/183/183 181/181/181 
f 102/102/102 103/103/103 104/104/104 
f 102/102/102 109/109/109 103/103/103 
f 125/125/125 126/126/126 127/127/127 
f 126/126/126 128/128/128 127/127/127 
f 160/160/160 161/161/161 162/162/162 
f 160/160/160 162/162/162 163/163/163 
f 176/176/176 177/177/177 178/178/178 
f 177/177/177 184/184/184 178/178/178 
f 96/96/96 97/97/97 98/98/98 
f 97/97/97 96/96/96 123/123/123 
f 99/99/99 100/100/100 101/101/101 
f 100/100/100 99/99/99 124/124/124 
f 147/147/147 148/148/148 149/149/149 
f 147/147/147 154/154/154 148/148/148 
f 167/167/167 168/168/168 169/169/169 
f 168/168/168 171/171/171 169/169/169 
f 15/15/15 16/16/16 17/17/17 
f 16/16/16 15/15/15 108/108/108 
f 44/44/44 45/45/45 46/46/46 
f 45/45/45 44/44/44 95/95/95 
f 105/105/105 106/106/106 107/107/107 
f 106/106/106 105/105/105 142/142/142 
f 129/129/129 130/130/130 131/131/131 
f 130/130/130 129/129/129 132/132/132 
f 143/143/143 144/144/144 145/145/145 
f 145/145/145 144/144/144 146/146/146 
f 150/150/150 151/151/151 152/152/152 
f 150/150/150 152/152/152 153/153/153 
f 164/164/164 165/165/165 166/166/166 
f 166/166/166 170/170/170 164/164/164 
f 172/172/172 173/173/173 174/174/174 
f 173/173/173 175/175/175 174/174/174 
f 19/19/19 20/20/20 21/21/21 
f 20/20/20 19/19/19 22/22/22 
f 41/41/41 42/42/42 43/43/43 
f 42/42/42 41/41/41 47/47/47 
f 23/23/23 24/24/24 25/25/25 
f 23/23/23 52/52/52 24/24/24 
f 48/48/48 49/49/49 50/50/50 
f 51/51/51 50/50/50 49/49/49 
f 70/70/70 71/71/71 72/72/72 
f 70/70/70 72/72/72 73/73/73 
f 91/91/91 92/92/92 93/93/93 
f 94/94/94 93/93/93 92/92/92 
f 12/12/12 13/13/13 14/14/14 
f 12/12/12 14/14/14 18/18/18 
f 30/30/30 31/31/31 32/32/32 
f 40/40/40 32/32/32 31/31/31 
f 1/1/1 2/2/2 3/3/3 
f 3/3/3 2/2/2 26/26/26 
f 4/4/4 5/5/5 6/6/6 
f 4/4/4 7/7/7 5/5/5 
f 8/8/8 9/9/9 10/10/10 
f 8/8/8 10/10/10 11/11/11 
f 27/27/27 28/28/28 29/29/29 
f 39/39/39 29/29/29 28/28/28 
f 65/65/65 66/66/66 67/67/67 
f 65/65/65 67/67/67 68/68/68 
f 87/87/87 88/88/88 89/89/89 
f 90/90/90 89/89/89 88/88/88 
f 62/62/62 63/63/63 64/64/64 
f 62/62/62 64/64/64 69/69/69 
f 78/78/78 79/79/79 80/80/80 
f 86/86/86 80/80/80 79/79/79 
f 53/53/53 54/54/54 55/55/55 
f 53/53/53 57/57/57 54/54/54 
f 75/75/75 76/76/76 77/77/77 
f 76/76/76 81/81/81 77/77/77 
f 58/58/58 59/59/59 60/60/60 
f 58/58/58 60/60/60 61/61/61 
f 82/82/82 83/83/83 84/84/84 
f 85/85/85 84/84/84 83/83/83 
f 36/36/36 37/37/37 38/38/38 
f 56/56/56 37/37/37 36/36/36 
f 33/33/33 34/34/34 35/35/35 
f 74/74/74 34/34/34 33/33/33 
f 240/240/240 241/241/241 242/242/242 
f 241/241/241 240/240/240 243/243/243 
f 252/252/252 253/253/253 254/254/254 
f 253/253/253 252/252/252 263/263/263 
f 327/327/327 328/328/328 329/329/329 
f 327/327/327 329/329/329 331/331/331 
f 349/349/349 350/350/350 351/351/351 
f 352/352/352 351/351/351 350/350/350 
f 248/248/248 249/249/249 250/250/250 
f 248/248/248 251/251/251 249/249/249 
f 269/269/269 270/270/270 271/271/271 
f 270/270/270 272/272/272 271/271/271 
f 336/336/336 337/337/337 338/338/338 
f 336/336/336 339/339/339 337/337/337 
f 357/357/357 358/358/358 359/359/359 
f 358/358/358 360/360/360 359/359/359 
f 332/332/332 333/333/333 334/334/334 
f 332/332/332 334/334/334 335/335/335 
f 353/353/353 354/354/354 355/355/355 
f 354/354/354 356/356/356 355/355/355 
f 236/236/236 237/237/237 238/238/238 
f 236/236/236 238/238/238 239/239/239 
f 259/259/259 260/260/260 261/261/261 
f 260/260/260 259/259/259 262/262/262 
f 232/232/232 233/233/233 234/234/234 
f 232/232/232 234/234/234 235/235/235 
f 255/255/255 256/256/256 257/257/257 
f 256/256/256 258/258/258 257/257/257 
f 324/324/324 325/325/325 326/326/326 
f 324/324/324 330/330/330 325/325/325 
f 345/345/345 346/346/346 347/347/347 
f 348/348/348 347/347/347 346/346/346 
f 244/244/244 245/245/245 246/246/246 
f 244/244/244 246/246/246 247/247/247 
f 265/265/265 266/266/266 267/267/267 
f 268/268/268 267/267/267 266/266/266 
f 297/297/297 298/298/298 299/299/299 
f 297/297/297 320/320/320 298/298/298 
f 316/316/316 317/317/317 318/318/318 
f 319/319/319 318/318/318 317/317/317 
f 321/321/321 322/322/322 323/323/323 
f 322/322/322 321/321/321 340/340/340 
f 341/341/341 342/342/342 343/343/343 
f 342/342/342 341/341/341 344/344/344 
f 194/194/194 195/195/195 196/196/196 
f 194/194/194 196/196/196 197/197/197 
f 216/216/216 217/217/217 218/218/218 
f 217/217/217 219/219/219 218/218/218 
f 208/208/208 209/209/209 210/210/210 
f 209/209/209 208/208/208 231/231/231 
f 228/228/228 229/229/229 230/230/230 
f 229/229/229 228/228/228 264/264/264 
f 185/185/185 186/186/186 187/187/187 
f 185/185/185 187/187/187 198/198/198 
f 220/220/220 221/221/221 222/222/222 
f 227/227/227 220/220/220 222/222/222 
f 188/188/188 189/189/189 190/190/190 
f 214/214/214 190/190/190 189/189/189 
f 191/191/191 192/192/192 193/193/193 
f 215/215/215 193/193/193 192/192/192 
f 294/294/294 295/295/295 296/296/296 
f 295/295/295 294/294/294 315/315/315 
f 300/300/300 301/301/301 302/302/302 
f 301/301/301 300/300/300 313/313/313 
f 205/205/205 206/206/206 207/207/207 
f 205/205/205 207/207/207 211/211/211 
f 223/223/223 224/224/224 225/225/225 
f 224/224/224 223/223/223 226/226/226 
f 290/290/290 291/291/291 292/292/292 
f 290/290/290 292/292/292 293/293/293 
f 310/310/310 311/311/311 312/312/312 
f 314/314/314 310/310/310 312/312/312 
f 273/273/273 274/274/274 275/275/275 
f 308/308/308 273/273/273 275/275/275 
f 283/283/283 284/284/284 285/285/285 
f 283/283/283 285/285/285 286/286/286 
f 276/276/276 277/277/277 278/278/278 
f 276/276/276 282/282/282 277/277/277 
f 305/305/305 306/306/306 307/307/307 
f 309/309/309 307/307/307 306/306/306 
f 199/199/199 200/200/200 201/201/201 
f 200/200/200 212/212/212 201/201/201 
f 279/279/279 280/280/280 281/281/281 
f 280/280/280 279/279/279 303/303/303 
f 202/202/202 203/203/203 204/204/204 
f 203/203/203 213/213/213 204/204/204 
f 287/287/287 288/288/288 289/289/289 
f 288/288/288 287/287/287 304/304/304 
f 414/414/414 415/415/415 416/416/416 
f 415/415/415 414/414/414 417/417/417 
f 416/416/416 415/415/415 472/472/472 
f 416/416/416 472/472/472 505/505/505 
f 471/471/471 472/472/472 415/415/415 
f 498/498/498 472/472/472 471/471/471 
f 472/472/472 498/498/498 499/499/499 
f 499/499/499 498/498/498 501/501/501 
f 500/500/500 499/499/499 501/501/501 
f 499/499/499 500/500/500 502/502/502 
f 501/501/501 509/509/509 500/500/500 
f 509/509/509 501/501/501 510/510/510 
f 500/500/500 509/509/509 506/506/506 
f 511/511/511 506/506/506 509/509/509 
f 520/520/520 506/506/506 511/511/511 
f 520/520/520 551/551/551 506/506/506 
f 551/551/551 520/520/520 552/552/552 
f 507/507/507 506/506/506 551/551/551 
f 506/506/506 507/507/507 508/508/508 
f 508/508/508 507/507/507 543/543/543 
f 544/544/544 543/543/543 507/507/507 
f 543/543/543 544/544/544 545/545/545 
f 552/552/552 553/553/553 551/551/551 
f 552/552/552 555/555/555 553/553/553 
f 555/555/555 552/552/552 556/556/556 
f 553/553/553 555/555/555 550/550/550 
f 553/553/553 550/550/550 554/554/554 
f 549/549/549 550/550/550 555/555/555 
f 550/550/550 549/549/549 547/547/547 
f 548/548/548 547/547/547 549/549/549 
f 547/547/547 548/548/548 469/469/469 
f 546/546/546 547/547/547 469/469/469 
f 468/468/468 546/546/546 469/469/469 
f 468/468/468 469/469/469 470/470/470 
f 418/418/418 419/419/419 420/420/420 
f 419/419/419 418/418/418 426/426/426 
f 421/421/421 422/422/422 423/423/423 
f 422/422/422 421/421/421 424/424/424 
f 424/424/424 425/425/425 422/422/422 
f 423/423/423 422/422/422 461/461/461 
f 462/462/462 461/461/461 422/422/422 
f 461/461/461 462/462/462 463/463/463 
f 422/422/422 503/503/503 462/462/462 
f 503/503/503 422/422/422 504/504/504 
f 521/521/521 522/522/522 523/523/523 
f 521/521/521 523/523/523 542/542/542 
f 400/400/400 401/401/401 402/402/402 
f 402/402/402 412/412/412 400/400/400 
f 400/400/400 412/412/412 413/413/413 
f 400/400/400 405/405/405 401/401/401 
f 405/405/405 400/400/400 411/411/411 
f 403/403/403 401/401/401 405/405/405 
f 401/401/401 403/403/403 404/404/404 
f 405/405/405 408/408/408 403/403/403 
f 405/405/405 427/427/427 408/408/408 
f 409/409/409 403/403/403 408/408/408 
f 403/403/403 409/409/409 410/410/410 
f 408/408/408 460/460/460 409/409/409 
f 460/460/460 408/408/408 464/464/464 
f 460/460/460 452/452/452 409/409/409 
f 452/452/452 460/460/460 465/465/465 
f 409/409/409 452/452/452 450/450/450 
f 450/450/450 451/451/451 409/409/409 
f 453/453/453 450/450/450 452/452/452 
f 450/450/450 454/454/454 455/455/455 
f 450/450/450 453/453/453 454/454/454 
f 457/457/457 454/454/454 453/453/453 
f 454/454/454 457/457/457 459/459/459 
f 453/453/453 458/458/458 457/457/457 
f 456/456/456 457/457/457 458/458/458 
f 466/466/466 458/458/458 453/453/453 
f 453/453/453 467/467/467 466/466/466 
f 394/394/394 395/395/395 396/396/396 
f 406/406/406 396/396/396 395/395/395 
f 397/397/397 398/398/398 399/399/399 
f 407/407/407 399/399/399 398/398/398 
f 512/512/512 513/513/513 514/514/514 
f 512/512/512 514/514/514 519/519/519 
f 515/515/515 516/516/516 517/517/517 
f 516/516/516 515/515/515 518/518/518 
f 366/366/366 367/367/367 368/368/368 
f 367/367/367 366/366/366 372/372/372 
f 369/369/369 370/370/370 371/371/371 
f 370/370/370 369/369/369 378/378/378 
f 477/477/477 478/478/478 479/479/479 
f 493/493/493 478/478/478 477/477/477 
f 486/486/486 487/487/487 488/488/488 
f 497/497/497 487/487/487 486/486/486 
f 361/361/361 362/362/362 363/363/363 
f 362/362/362 361/361/361 373/373/373 
f 364/364/364 373/373/373 361/361/361 
f 364/364/364 361/361/361 365/365/365 
f 365/365/365 383/383/383 364/364/364 
f 364/364/364 383/383/383 384/384/384 
f 373/373/373 364/364/364 377/377/377 
f 373/373/373 376/376/376 362/362/362 
f 373/373/373 440/440/440 376/376/376 
f 374/374/374 362/362/362 376/376/376 
f 362/362/362 374/374/374 375/375/375 
f 376/376/376 430/430/430 374/374/374 
f 430/430/430 376/376/376 448/448/448 
f 430/430/430 431/431/431 374/374/374 
f 431/431/431 430/430/430 438/438/438 
f 374/374/374 431/431/431 428/428/428 
f 428/428/428 429/429/429 374/374/374 
f 434/434/434 428/428/428 431/431/431 
f 428/428/428 432/432/432 433/433/433 
f 428/428/428 434/434/434 432/432/432 
f 435/435/435 432/432/432 434/434/434 
f 432/432/432 435/435/435 436/436/436 
f 434/434/434 437/437/437 435/435/435 
f 449/449/449 435/435/435 437/437/437 
f 444/444/444 437/437/437 434/434/434 
f 434/434/434 443/443/443 444/444/444 
f 526/526/526 527/527/527 528/528/528 
f 526/526/526 541/541/541 527/527/527 
f 389/389/389 390/390/390 391/391/391 
f 391/391/391 392/392/392 389/389/389 
f 392/392/392 391/391/391 393/393/393 
f 393/393/393 391/391/391 439/439/439 
f 441/441/441 439/439/439 391/391/391 
f 439/439/439 441/441/441 442/442/442 
f 391/391/391 484/484/484 441/441/441 
f 484/484/484 391/391/391 485/485/485 
f 385/385/385 386/386/386 387/387/387 
f 386/386/386 385/385/385 388/388/388 
f 379/379/379 380/380/380 381/381/381 
f 380/380/380 379/379/379 382/382/382 
f 382/382/382 379/379/379 474/474/474 
f 382/382/382 474/474/474 480/480/480 
f 475/475/475 474/474/474 379/379/379 
f 473/473/473 474/474/474 475/475/475 
f 474/474/474 473/473/473 476/476/476 
f 476/476/476 473/473/473 490/490/490 
f 489/489/489 476/476/476 490/490/490 
f 476/476/476 489/489/489 494/494/494 
f 490/490/490 491/491/491 489/489/489 
f 491/491/491 490/490/490 492/492/492 
f 489/489/489 491/491/491 481/481/481 
f 496/496/496 481/481/481 491/491/491 
f 495/495/495 481/481/481 496/496/496 
f 495/495/495 535/535/535 481/481/481 
f 535/535/535 495/495/495 536/536/536 
f 482/482/482 481/481/481 535/535/535 
f 481/481/481 482/482/482 483/483/483 
f 483/483/483 482/482/482 524/524/524 
f 525/525/525 524/524/524 482/482/482 
f 524/524/524 525/525/525 529/529/529 
f 536/536/536 537/537/537 535/535/535 
f 536/536/536 539/539/539 537/537/537 
f 539/539/539 536/536/536 540/540/540 
f 537/537/537 539/539/539 534/534/534 
f 537/537/537 534/534/534 538/538/538 
f 532/532/532 534/534/534 539/539/539 
f 532/532/532 530/530/530 534/534/534 
f 531/531/531 530/530/530 532/532/532 
f 530/530/530 531/531/531 446/446/446 
f 533/533/533 530/530/530 446/446/446 
f 445/445/445 533/533/533 446/446/446 
f 445/445/445 446/446/446 447/447/447 
f 567/567/567 568/568/568 569/569/569 
f 567/567/567 569/569/569 592/592/592 
f 589/589/589 590/590/590 591/591/591 
f 590/590/590 589/589/589 608/608/608 
f 616/616/616 617/617/617 618/618/618 
f 616/616/616 618/618/618 619/619/619 
f 630/630/630 631/631/631 632/632/632 
f 640/640/640 632/632/632 631/631/631 
f 609/609/609 610/610/610 611/611/611 
f 609/609/609 611/611/611 615/615/615 
f 637/637/637 638/638/638 639/639/639 
f 638/638/638 637/637/637 641/641/641 
f 612/612/612 613/613/613 614/614/614 
f 612/612/612 620/620/620 613/613/613 
f 633/633/633 634/634/634 635/635/635 
f 634/634/634 633/633/633 636/636/636 
f 626/626/626 627/627/627 628/628/628 
f 626/626/626 628/628/628 629/629/629 
f 642/642/642 643/643/643 644/644/644 
f 643/643/643 642/642/642 650/650/650 
f 622/622/622 623/623/623 624/624/624 
f 622/622/622 624/624/624 625/625/625 
f 645/645/645 646/646/646 647/647/647 
f 646/646/646 645/645/645 649/649/649 
f 563/563/563 564/564/564 565/565/565 
f 563/563/563 565/565/565 566/566/566 
f 586/586/586 587/587/587 588/588/588 
f 587/587/587 586/586/586 593/593/593 
f 570/570/570 571/571/571 572/572/572 
f 571/571/571 570/570/570 576/576/576 
f 594/594/594 595/595/595 596/596/596 
f 595/595/595 594/594/594 597/597/597 
f 557/557/557 558/558/558 559/559/559 
f 557/557/557 559/559/559 584/584/584 
f 560/560/560 561/561/561 562/562/562 
f 560/560/560 562/562/562 585/585/585 
f 581/581/581 582/582/582 583/583/583 
f 582/582/582 581/581/581 621/621/621 
f 602/602/602 603/603/603 604/604/604 
f 603/603/603 602/602/602 648/648/648 
f 686/686/686 687/687/687 688/688/688 
f 726/726/726 686/686/686 688/688/688 
f 696/696/696 697/697/697 698/698/698 
f 696/696/696 698/698/698 699/699/699 
f 700/700/700 701/701/701 702/702/702 
f 701/701/701 700/700/700 703/703/703 
f 723/723/723 724/724/724 725/725/725 
f 724/724/724 723/723/723 727/727/727 
f 573/573/573 574/574/574 575/575/575 
f 573/573/573 575/575/575 577/577/577 
f 598/598/598 599/599/599 600/600/600 
f 601/601/601 598/598/598 600/600/600 
f 578/578/578 579/579/579 580/580/580 
f 578/578/578 580/580/580 651/651/651 
f 605/605/605 606/606/606 607/607/607 
f 685/685/685 605/605/605 607/607/607 
f 659/659/659 660/660/660 661/661/661 
f 660/660/660 659/659/659 662/662/662 
f 678/678/678 679/679/679 680/680/680 
f 679/679/679 678/678/678 681/681/681 
f 704/704/704 705/705/705 706/706/706 
f 704/704/704 706/706/706 707/707/707 
f 728/728/728 729/729/729 730/730/730 
f 729/729/729 728/728/728 731/731/731 
f 708/708/708 709/709/709 710/710/710 
f 709/709/709 708/708/708 711/711/711 
f 732/732/732 733/733/733 734/734/734 
f 733/733/733 732/732/732 735/735/735 
f 652/652/652 653/653/653 654/654/654 
f 653/653/653 652/652/652 677/677/677 
f 655/655/655 656/656/656 657/657/657 
f 658/658/658 657/657/657 656/656/656 
f 663/663/663 664/664/664 665/665/665 
f 664/664/664 663/663/663 666/666/666 
f 682/682/682 683/683/683 684/684/684 
f 683/683/683 682/682/682 689/689/689 
f 716/716/716 717/717/717 718/718/718 
f 716/716/716 718/718/718 719/719/719 
f 737/737/737 738/738/738 739/739/739 
f 738/738/738 737/737/737 740/740/740 
f 667/667/667 668/668/668 669/669/669 
f 667/667/667 669/669/669 673/673/673 
f 691/691/691 692/692/692 693/693/693 
f 695/695/695 693/693/693 692/692/692 
f 712/712/712 713/713/713 714/714/714 
f 712/712/712 714/714/714 715/715/715 
f 720/720/720 721/721/721 722/722/722 
f 736/736/736 722/722/722 721/721/721 
f 670/670/670 671/671/671 672/672/672 
f 671/671/671 690/690/690 672/672/672 
f 674/674/674 675/675/675 676/676/676 
f 675/675/675 694/694/694 676/676/676 
f 760/760/760 761/761/761 762/762/762 
f 761/761/761 760/760/760 778/778/778 
f 843/843/843 844/844/844 845/845/845 
f 844/844/844 843/843/843 858/858/858 
f 757/757/757 758/758/758 759/759/759 
f 758/758/758 757/757/757 768/768/768 
f 835/835/835 836/836/836 837/837/837 
f 836/836/836 835/835/835 857/857/857 
f 832/832/832 833/833/833 834/834/834 
f 832/832/832 834/834/834 838/838/838 
f 859/859/859 860/860/860 861/861/861 
f 862/862/862 861/861/861 860/860/860 
f 754/754/754 755/755/755 756/756/756 
f 754/754/754 763/763/763 755/755/755 
f 779/779/779 780/780/780 781/781/781 
f 782/782/782 781/781/781 780/780/780 
f 829/829/829 830/830/830 831/831/831 
f 830/830/830 863/863/863 831/831/831 
f 839/839/839 840/840/840 841/841/841 
f 839/839/839 841/841/841 842/842/842 
f 846/846/846 847/847/847 848/848/848 
f 846/846/846 848/848/848 849/849/849 
f 864/864/864 865/865/865 866/866/866 
f 865/865/865 870/870/870 866/866/866 
f 850/850/850 851/851/851 852/852/852 
f 850/850/850 852/852/852 853/853/853 
f 867/867/867 868/868/868 869/869/869 
f 868/868/868 867/867/867 871/871/871 
f 741/741/741 742/742/742 743/743/743 
f 741/741/741 743/743/743 744/744/744 
f 769/769/769 770/770/770 771/771/771 
f 770/770/770 772/772/772 771/771/771 
f 764/764/764 765/765/765 766/766/766 
f 764/764/764 766/766/766 767/767/767 
f 783/783/783 784/784/784 785/785/785 
f 786/786/786 783/783/783 785/785/785 
f 745/745/745 746/746/746 747/747/747 
f 746/746/746 745/745/745 773/773/773 
f 751/751/751 752/752/752 753/753/753 
f 752/752/752 751/751/751 774/774/774 
f 854/854/854 855/855/855 856/856/856 
f 854/854/854 856/856/856 872/872/872 
f 873/873/873 874/874/874 875/875/875 
f 873/873/873 896/896/896 874/874/874 
f 876/876/876 877/877/877 878/878/878 
f 876/876/876 878/878/878 879/879/879 
f 897/897/897 898/898/898 899/899/899 
f 898/898/898 900/900/900 899/899/899 
f 748/748/748 749/749/749 750/750/750 
f 748/748/748 803/803/803 749/749/749 
f 775/775/775 776/776/776 777/777/777 
f 776/776/776 787/787/787 777/777/777 
f 880/880/880 881/881/881 882/882/882 
f 880/880/880 893/893/893 881/881/881 
f 901/901/901 902/902/902 903/903/903 
f 911/911/911 903/903/903 902/902/902 
f 799/799/799 800/800/800 801/801/801 
f 799/799/799 802/802/802 800/800/800 
f 821/821/821 822/822/822 823/823/823 
f 822/822/822 824/824/824 823/823/823 
f 788/788/788 789/789/789 790/790/790 
f 788/788/788 790/790/790 791/791/791 
f 809/809/809 810/810/810 811/811/811 
f 810/810/810 820/820/820 811/811/811 
f 792/792/792 793/793/793 794/794/794 
f 792/792/792 795/795/795 793/793/793 
f 812/812/812 813/813/813 814/814/814 
f 813/813/813 815/815/815 814/814/814 
f 883/883/883 884/884/884 885/885/885 
f 883/883/883 885/885/885 886/886/886 
f 890/890/890 891/891/891 892/892/892 
f 890/890/890 892/892/892 894/894/894 
f 904/904/904 905/905/905 906/906/906 
f 907/907/907 906/906/906 905/905/905 
f 912/912/912 913/913/913 914/914/914 
f 915/915/915 912/912/912 914/914/914 
f 796/796/796 797/797/797 798/798/798 
f 796/796/796 798/798/798 808/808/808 
f 804/804/804 805/805/805 806/806/806 
f 804/804/804 807/807/807 805/805/805 
f 816/816/816 817/817/817 818/818/818 
f 817/817/817 819/819/819 818/818/818 
f 825/825/825 826/826/826 827/827/827 
f 828/828/828 827/827/827 826/826/826 
f 887/887/887 888/888/888 889/889/889 
f 887/887/887 895/895/895 888/888/888 
f 908/908/908 909/909/909 910/910/910 
f 916/916/916 910/910/910 909/909/909 
f 935/935/935 936/936/936 937/937/937 
f 935/935/935 938/938/938 936/936/936 
f 938/938/938 1029/1029/1029 936/936/936 
f 1029/1029/1029 938/938/938 1036/1036/1036 
f 936/936/936 1029/1029/1029 1031/1031/1031 
f 1029/1029/1029 1030/1030/1030 1031/1031/1031 
f 1030/1030/1030 1029/1029/1029 1032/1032/1032 
f 1030/1030/1030 1032/1032/1032 1044/1044/1044 
f 1032/1032/1032 1042/1042/1042 1044/1044/1044 
f 1042/1042/1042 1032/1032/1032 1043/1043/1043 
f 1044/1044/1044 1042/1042/1042 1045/1045/1045 
f 1044/1044/1044 1045/1045/1045 1046/1046/1046 
f 1045/1045/1045 1042/1042/1042 1037/1037/1037 
f 1037/1037/1037 1051/1051/1051 1045/1045/1045 
f 1051/1051/1051 1037/1037/1037 1052/1052/1052 
f 1091/1091/1091 1052/1052/1052 1037/1037/1037 
f 1052/1052/1052 1091/1091/1091 1092/1092/1092 
f 1039/1039/1039 1091/1091/1091 1037/1037/1037 
f 1037/1037/1037 1038/1038/1038 1039/1039/1039 
f 1080/1080/1080 1039/1039/1039 1038/1038/1038 
f 1039/1039/1039 1080/1080/1080 1081/1081/1081 
f 1081/1081/1081 1080/1080/1080 1085/1085/1085 
f 1093/1093/1093 1092/1092/1092 1091/1091/1091 
f 1095/1095/1095 1092/1092/1092 1093/1093/1093 
f 1092/1092/1092 1095/1095/1095 1096/1096/1096 
f 1093/1093/1093 1090/1090/1090 1095/1095/1095 
f 1090/1090/1090 1093/1093/1093 1094/1094/1094 
f 1095/1095/1095 1090/1090/1090 1088/1088/1088 
f 1087/1087/1087 1088/1088/1088 1090/1090/1090 
f 1088/1088/1088 1087/1087/1087 1086/1086/1086 
f 1086/1086/1086 1087/1087/1087 1001/1001/1001 
f 1089/1089/1089 1001/1001/1001 1087/1087/1087 
f 1001/1001/1001 1089/1089/1089 1002/1002/1002 
f 1001/1001/1001 1002/1002/1002 1003/1003/1003 
f 941/941/941 942/942/942 943/943/943 
f 941/941/941 944/944/944 942/942/942 
f 945/945/945 946/946/946 947/947/947 
f 948/948/948 945/945/945 947/947/947 
f 949/949/949 945/945/945 948/948/948 
f 945/945/945 949/949/949 996/996/996 
f 998/998/998 945/945/945 996/996/996 
f 996/996/996 997/997/997 998/998/998 
f 945/945/945 998/998/998 1040/1040/1040 
f 945/945/945 1040/1040/1040 1041/1041/1041 
f 1082/1082/1082 1083/1083/1083 1084/1084/1084 
f 1097/1097/1097 1083/1083/1083 1082/1082/1082 
f 917/917/917 918/918/918 919/919/919 
f 918/918/918 917/917/917 929/929/929 
f 918/918/918 929/929/929 920/920/920 
f 920/920/920 921/921/921 918/918/918 
f 921/921/921 920/920/920 939/939/939 
f 920/920/920 940/940/940 939/939/939 
f 920/920/920 929/929/929 933/933/933 
f 932/932/932 929/929/929 917/917/917 
f 929/929/929 932/932/932 995/995/995 
f 917/917/917 930/930/930 932/932/932 
f 930/930/930 917/917/917 931/931/931 
f 987/987/987 932/932/932 930/930/930 
f 1004/1004/1004 932/932/932 987/987/987 
f 986/986/986 987/987/987 930/930/930 
f 987/987/987 986/986/986 994/994/994 
f 985/985/985 986/986/986 930/930/930 
f 930/930/930 984/984/984 985/985/985 
f 985/985/985 990/990/990 986/986/986 
f 988/988/988 989/989/989 985/985/985 
f 990/990/990 985/985/985 989/989/989 
f 990/990/990 989/989/989 992/992/992 
f 991/991/991 992/992/992 989/989/989 
f 990/990/990 992/992/992 993/993/993 
f 993/993/993 992/992/992 1005/1005/1005 
f 993/993/993 1000/1000/1000 990/990/990 
f 999/999/999 990/990/990 1000/1000/1000 
f 922/922/922 923/923/923 924/924/924 
f 923/923/923 922/922/922 925/925/925 
f 926/926/926 927/927/927 928/928/928 
f 927/927/927 926/926/926 934/934/934 
f 1033/1033/1033 1034/1034/1034 1035/1035/1035 
f 1034/1034/1034 1033/1033/1033 1047/1047/1047 
f 1048/1048/1048 1049/1049/1049 1050/1050/1050 
f 1048/1048/1048 1050/1050/1050 1053/1053/1053 
f 950/950/950 951/951/951 952/952/952 
f 951/951/951 950/950/950 963/963/963 
f 953/953/953 954/954/954 955/955/955 
f 954/954/954 953/953/953 962/962/962 
f 1068/1068/1068 1069/1069/1069 1070/1070/1070 
f 1068/1068/1068 1075/1075/1075 1069/1069/1069 
f 1071/1071/1071 1072/1072/1072 1073/1073/1073 
f 1071/1071/1071 1074/1074/1074 1072/1072/1072 
f 956/956/956 957/957/957 958/958/958 
f 957/957/957 956/956/956 968/968/968 
f 956/956/956 969/969/969 968/968/968 
f 958/958/958 961/961/961 956/956/956 
f 956/956/956 961/961/961 967/967/967 
f 958/958/958 959/959/959 961/961/961 
f 959/959/959 958/958/958 960/960/960 
f 964/964/964 961/961/961 959/959/959 
f 961/961/961 964/964/964 983/983/983 
f 959/959/959 965/965/965 964/964/964 
f 965/965/965 959/959/959 966/966/966 
f 1016/1016/1016 964/964/964 965/965/965 
f 1020/1020/1020 964/964/964 1016/1016/1016 
f 1008/1008/1008 1016/1016/1016 965/965/965 
f 1016/1016/1016 1008/1008/1008 1021/1021/1021 
f 1007/1007/1007 1008/1008/1008 965/965/965 
f 965/965/965 1006/1006/1006 1007/1007/1007 
f 1007/1007/1007 1011/1011/1011 1008/1008/1008 
f 1009/1009/1009 1010/1010/1010 1007/1007/1007 
f 1011/1011/1011 1007/1007/1007 1010/1010/1010 
f 1011/1011/1011 1010/1010/1010 1013/1013/1013 
f 1015/1015/1015 1013/1013/1013 1010/1010/1010 
f 1011/1011/1011 1013/1013/1013 1012/1012/1012 
f 1012/1012/1012 1013/1013/1013 1014/1014/1014 
f 1012/1012/1012 1022/1022/1022 1011/1011/1011 
f 1023/1023/1023 1011/1011/1011 1022/1022/1022 
f 1077/1077/1077 1078/1078/1078 1079/1079/1079 
f 1079/1079/1079 1078/1078/1078 1098/1098/1098 
f 977/977/977 978/978/978 979/979/979 
f 979/979/979 978/978/978 980/980/980 
f 978/978/978 981/981/981 980/980/980 
f 978/978/978 977/977/977 1017/1017/1017 
f 1019/1019/1019 978/978/978 1017/1017/1017 
f 1017/1017/1017 1018/1018/1018 1019/1019/1019 
f 978/978/978 1019/1019/1019 1059/1059/1059 
f 978/978/978 1059/1059/1059 1060/1060/1060 
f 974/974/974 975/975/975 976/976/976 
f 974/974/974 982/982/982 975/975/975 
f 970/970/970 971/971/971 972/972/972 
f 970/970/970 972/972/972 973/973/973 
f 971/971/971 1027/1027/1027 972/972/972 
f 1027/1027/1027 971/971/971 1061/1061/1061 
f 972/972/972 1027/1027/1027 1028/1028/1028 
f 1027/1027/1027 1054/1054/1054 1028/1028/1028 
f 1054/1054/1054 1027/1027/1027 1055/1055/1055 
f 1054/1054/1054 1055/1055/1055 1057/1057/1057 
f 1055/1055/1055 1056/1056/1056 1057/1057/1057 
f 1056/1056/1056 1055/1055/1055 1058/1058/1058 
f 1057/1057/1057 1056/1056/1056 1065/1065/1065 
f 1057/1057/1057 1065/1065/1065 1066/1066/1066 
f 1065/1065/1065 1056/1056/1056 1062/1062/1062 
f 1062/1062/1062 1067/1067/1067 1065/1065/1065 
f 1067/1067/1067 1062/1062/1062 1076/1076/1076 
f 1107/1107/1107 1076/1076/1076 1062/1062/1062 
f 1076/1076/1076 1107/1107/1107 1109/1109/1109 
f 1064/1064/1064 1107/1107/1107 1062/1062/1062 
f 1062/1062/1062 1063/1063/1063 1064/1064/1064 
f 1099/1099/1099 1064/1064/1064 1063/1063/1063 
f 1064/1064/1064 1099/1099/1099 1100/1100/1100 
f 1100/1100/1100 1099/1099/1099 1101/1101/1101 
f 1108/1108/1108 1109/1109/1109 1107/1107/1107 
f 1111/1111/1111 1109/1109/1109 1108/1108/1108 
f 1109/1109/1109 1111/1111/1111 1112/1112/1112 
f 1108/1108/1108 1106/1106/1106 1111/1111/1111 
f 1106/1106/1106 1108/1108/1108 1110/1110/1110 
f 1111/1111/1111 1106/1106/1106 1105/1105/1105 
f 1103/1103/1103 1105/1105/1105 1106/1106/1106 
f 1105/1105/1105 1103/1103/1103 1104/1104/1104 
f 1104/1104/1104 1103/1103/1103 1024/1024/1024 
f 1102/1102/1102 1024/1024/1024 1103/1103/1103 
f 1024/1024/1024 1102/1102/1102 1025/1025/1025 
f 1024/1024/1024 1025/1025/1025 1026/1026/1026 

g Text0021

v -0.996456 3.07385 -0.510081 
v -0.996456 2.68567 -0.0314206 
v -0.996456 2.3671 -0.510081 
v -1.18934 5.98621 -0.445878 
v -1.09233 5.08512 0.460416 
v -1.09233 5.08512 -0.445878 
v -2.24962 6.22502 -0.386297 
v -2.24962 6.22502 0.543763 
v -2.24962 5.00462 -0.386297 
v -1.91941 7.12299 -0.445878 
v -1.85474 6.52226 0.460416 
v -1.85474 6.52226 -0.445878 
v -1.55438 6.5546 -0.445878 
v -1.4897 5.95387 0.460416 
v -1.4897 5.95387 -0.445878 
v -0.996456 3.07385 -0.0314206 
v 0.787548 4.91529 -0.554165 
v 0.760238 4.65118 0.5251 
v 0.760238 4.65118 -0.554169 
v -0.791972 5.11746 -0.445878 
v -0.676524 4.04508 0.460417 
v -0.676524 4.04508 -0.445878 
v 0.491304 5.80882 0.5251 
v 0.416121 4.95367 -0.554165 
v 0.491304 5.80882 -0.554169 
v 0.898006 6.14762 -0.554169 
v 0.864053 5.77487 0.5251 
v 0.864053 5.77487 -0.554169 
v -4.25011 5.99896 -0.345831 
v -4.25011 5.10908 0.488081 
v -4.25011 5.10908 -0.345831 
v -1.18934 5.98621 0.460416 
v -2.24962 5.00462 0.543763 
v -4.25011 5.99897 0.488081 
v -1.91941 7.12299 0.460416 
v -1.55438 6.5546 0.460416 
v -0.996456 2.3671 0.477455 
v -0.791972 5.11746 0.460416 
v -0.996456 2.68567 0.477455 
v 0.787548 4.91529 0.525104 
v 0.416121 4.95367 0.525104 
v -2.68608 6.92242 -0.886518 
v -2.6432 7.42528 -0.886518 
v -2.68608 6.92242 -0.685836 
v -2.47121 7.74743 -0.886518 
v -2.47596 7.6917 -0.685836 
v -2.47596 7.6917 -0.886518 
v -2.59537 7.42121 -0.886518 
v -2.57161 7.69986 -0.886518 
v -2.59537 7.42121 -0.685836 
v -2.47121 7.74743 -0.685836 
v -2.23208 7.72704 -0.685836 
v -2.23208 7.72704 -0.886518 
v -2.22258 7.8385 -0.886518 
v -2.22258 7.8385 -0.685836 
v -1.73007 7.96491 -0.886518 
v -1.73007 7.96491 -0.685836 
v -1.73958 7.85345 -0.886518 
v -1.40926 7.20778 -0.886518 
v -1.38549 7.48644 -0.886518 
v -1.40926 7.20778 -0.685836 
v -1.38549 7.48644 -0.685836 
v -1.48114 7.49459 -0.886518 
v -1.46213 7.71752 -0.886518 
v -1.48114 7.49459 -0.685836 
v -1.50045 7.83305 -0.886518 
v -1.50996 7.72159 -0.685836 
v -1.50996 7.72159 -0.886518 
v -1.46213 7.71752 -0.685836 
v -2.6432 7.42528 -0.685836 
v -2.21977 7.09065 0.460416 
v -2.25211 7.39101 -0.445878 
v -2.25211 7.39101 0.460416 
v -2.58481 7.65904 -0.445878 
v -2.55247 7.35868 0.460416 
v -2.55247 7.35868 -0.445878 
v -2.57161 7.69986 -0.685836 
v -2.58481 7.65904 0.460416 
v -2.21977 7.09065 -0.445878 
v -1.50045 7.83305 -0.685836 
v -1.73958 7.85345 -0.685836 
v -0.278911 8.81881 -0.445879 
v -0.181904 7.91773 0.460416 
v -0.181904 7.91773 -0.445879 
v -0.278911 8.81881 0.460416 
v 0.898006 6.14762 0.5251 
v 2.1016 3.07385 -0.510081 
v 2.1016 2.68567 -0.0314208 
v 2.1016 2.3671 -0.510081 
v 2.1016 3.07385 -0.0314209 
v 2.21924 4.14806 -0.554169 
v 2.18528 3.77531 0.5251 
v 2.18528 3.77531 -0.554169 
v 2.60447 6.97917 -0.886518 
v 2.57372 7.65096 -0.685837 
v 2.60447 6.97917 -0.685836 
v 1.35376 7.02494 -0.554169 
v 1.33866 6.85916 0.5251 
v 1.33866 6.85916 -0.554169 
v 2.62594 4.48686 -0.554169 
v 2.59199 4.11411 0.5251 
v 2.59199 4.11411 -0.554169 
v 3.30427 7.80765 -0.554169 
v 2.99869 4.4529 0.5251 
v 2.99869 4.4529 -0.554169 
v 4.05832 6.02459 -0.386298 
v 4.05832 6.02459 0.543762 
v 4.05832 5.00462 -0.386298 
v 5.60139 5.99896 -0.345832 
v 5.60139 5.55402 0.48808 
v 5.60139 5.55402 -0.345832 
v 3.94191 6.22502 -0.386298 
v 3.94191 6.22502 0.543762 
v 3.94191 6.02459 -0.386298 
v 5.3103 5.55402 -0.345832 
v 5.3103 5.55402 0.48808 
v 5.3103 5.10908 -0.345831 
v 2.1016 2.3671 0.477454 
v 2.1016 2.68567 0.477454 
v 2.21924 4.14806 0.5251 
v 1.35376 7.02494 0.5251 
v 2.62594 4.48686 0.5251 
v 3.30427 7.80765 0.5251 
v 5.3103 5.10908 0.48808 
v 4.05832 5.00462 0.543762 
v 5.60139 5.99897 0.48808 
v 3.94191 6.02459 0.543762 
v 1.33985 7.31453 -0.685836 
v 1.33985 7.31453 -0.886518 
v 1.33474 7.42627 -0.886518 
v 1.4658 7.71223 -0.685837 
v 1.4658 7.71223 -0.886519 
v 1.46324 7.7681 -0.886519 
v 1.3699 7.70784 -0.886519 
v 1.3699 7.70784 -0.685837 
v 1.38269 7.42847 -0.886518 
v 1.70298 7.77908 -0.685837 
v 1.70298 7.77908 -0.886519 
v 1.69786 7.89082 -0.886519 
v 2.16968 8.08039 -0.685837 
v 2.17479 7.96864 -0.886519 
v 2.16968 8.08039 -0.886519 
v 1.69786 7.89082 -0.685837 
v 2.17479 7.96864 -0.685837 
v 2.57372 7.65096 -0.886519 
v 2.47782 7.64657 -0.886519 
v 2.46759 7.87006 -0.685837 
v 2.47782 7.64657 -0.685837 
v 2.46759 7.87006 -0.886519 
v 2.41965 7.86787 -0.685837 
v 2.41965 7.86787 -0.886519 
v 2.41453 7.97962 -0.886519 
v 1.46324 7.7681 -0.685837 
v 1.38269 7.42847 -0.685836 
v 1.33474 7.42627 -0.685836 
v 1.06777 8.01136 -0.554169 
v 1.03382 7.63862 0.5251 
v 1.03382 7.63862 -0.554169 
v 1.06777 8.01136 0.5251 
v 2.41453 7.97962 -0.685837 
v 2.96547 8.21435 -0.554169 
v 2.93152 7.8416 0.5251 
v 2.93152 7.8416 -0.554169 
v 2.96547 8.21435 0.5251 
v 2.62667 8.62105 -0.55417 
v 2.59272 8.2483 0.5251 
v 2.59272 8.2483 -0.554169 
v 2.62667 8.62105 0.5251 
v -0.996456 3.07385 -0.0314206 
v -1.95929 3.07385 -0.510081 
v -1.95929 3.07385 -0.0314205 
v -4.91926 5.99896 -0.345831 
v -4.25011 5.99897 0.488081 
v -4.25011 5.99896 -0.345831 
v -3.25978 6.02459 0.543763 
v -3.25978 6.02459 -0.386297 
v -3.37619 6.02459 -0.386297 
v -1.55438 6.5546 0.460416 
v -1.55438 6.5546 -0.445878 
v -1.85474 6.52226 -0.445878 
v -3.25978 6.22502 -0.386297 
v -2.24962 6.22502 0.543763 
v -2.24962 6.22502 -0.386297 
v -0.996456 3.07385 -0.510081 
v -0.688985 4.91169 -0.545786 
v -0.340314 4.87063 0.525104 
v -0.337908 4.87037 -0.554165 
v -0.791972 5.11746 0.460416 
v -0.791972 5.11746 -0.445878 
v -1.09233 5.08512 -0.445878 
v -1.18934 5.98621 0.460416 
v -1.18934 5.98621 -0.445878 
v -1.4897 5.95387 -0.445878 
v -0.188683 6.59594 0.5251 
v -0.187957 6.60011 -0.554169 
v -0.556972 6.63149 -0.545791 
v -1.95929 2.68567 -0.0314205 
v -0.996456 2.68567 0.477455 
v -0.996456 2.68567 -0.0314206 
v -4.91926 5.99897 0.488081 
v -1.95929 2.68567 0.477455 
v -3.37619 6.02459 0.543763 
v -1.85474 6.52226 0.460416 
v -3.25978 6.22502 0.543763 
v -1.4897 5.95387 0.460416 
v -0.689001 4.91189 0.516725 
v 0.416121 4.95367 0.525104 
v -0.337908 4.87037 -0.554165 
v -0.340314 4.87063 0.525104 
v -1.09233 5.08512 0.460416 
v -0.557287 6.62733 0.516721 
v -0.152335 6.99498 -0.554169 
v -0.152335 6.99498 0.5251 
v 0.593163 6.92707 -0.554169 
v -2.60993 7.8154 -0.685836 
v -2.60993 7.8154 -0.886518 
v -2.65775 7.81948 -0.886518 
v -2.77241 7.60471 -0.886518 
v -2.77241 7.60471 -0.685836 
v -2.67676 7.59655 -0.886518 
v -2.65775 7.81948 -0.685836 
v -2.60042 7.92686 -0.886518 
v -2.3613 7.90647 -0.685836 
v -2.3613 7.90646 -0.886518 
v -2.35179 8.01793 -0.685836 
v -1.73007 7.96491 -0.685836 
v -2.35179 8.01793 -0.886518 
v -1.73007 7.96491 -0.886518 
v -1.38549 7.48644 -0.685836 
v -1.38549 7.48644 -0.886518 
v -1.48114 7.49459 -0.886518 
v -1.46213 7.71752 -0.685836 
v -1.46213 7.71752 -0.886518 
v -1.50996 7.72159 -0.886518 
v -1.50996 7.72159 -0.685836 
v -1.73958 7.85345 -0.886518 
v -1.73958 7.85345 -0.685836 
v -1.50045 7.83305 -0.886518 
v -1.50045 7.83305 -0.685836 
v -2.25211 7.39101 0.460416 
v -2.25211 7.39101 -0.445878 
v -2.55247 7.35868 -0.445878 
v -2.55247 7.35868 0.460416 
v -2.67676 7.59655 -0.685836 
v -2.60042 7.92686 -0.685836 
v -0.278911 8.81881 0.460416 
v -4.18363 8.39845 -0.445878 
v -4.18363 8.39845 0.460416 
v -2.21977 7.09065 -0.445878 
v -2.21977 7.09065 0.460416 
v -1.91941 7.12299 0.460416 
v -1.48114 7.49459 -0.685836 
v -1.91941 7.12299 -0.445878 
v -0.0165233 8.48597 -0.554169 
v -0.0165233 8.48597 0.5251 
v 0.356226 8.45202 0.5251 
v -0.278911 8.81881 -0.445879 
v 0.416121 4.95367 -0.554165 
v 0.760238 4.65118 -0.554169 
v 0.760238 4.65118 0.5251 
v 1.50769 4.58872 -0.554169 
v 2.1016 3.07385 -0.0314209 
v 1.13876 3.07385 -0.510081 
v 1.13876 3.07385 -0.0314208 
v 0.416121 4.95367 -0.554165 
v 0.787548 4.91529 0.525104 
v 0.787548 4.91529 -0.554165 
v 0.608263 7.09284 0.5251 
v 1.35376 7.02494 -0.554169 
v 0.608263 7.09284 -0.554169 
v 1.33866 6.85916 -0.554169 
v 1.33866 6.85916 0.5251 
v 2.08416 6.79126 -0.554169 
v 2.1016 3.07385 -0.510081 
v 1.91439 4.92751 0.5251 
v 1.91439 4.92751 -0.554169 
v 1.54164 4.96146 -0.554169 
v 5.60139 5.99896 -0.345832 
v 4.93224 5.99896 -0.345832 
v 5.60139 5.99897 0.48808 
v 3.94191 6.02459 0.543762 
v 4.05832 6.02459 -0.386298 
v 3.94191 6.02459 -0.386298 
v 3.94191 6.22502 -0.386298 
v 2.93175 6.22502 -0.386298 
v 3.94191 6.22502 0.543762 
v 1.13876 2.68567 -0.0314207 
v 2.1016 2.68567 0.477454 
v 2.1016 2.68567 -0.0314208 
v 1.50769 4.58872 0.5251 
v 1.13876 2.68567 0.477455 
v 0.416121 4.95367 0.525104 
v 1.35376 7.02494 0.5251 
v 0.593163 6.92707 0.5251 
v 1.54164 4.96146 0.5251 
v 4.93224 5.99897 0.48808 
v 4.05832 6.02459 0.543762 
v 2.93175 6.22502 0.543762 
v 2.08416 6.79126 0.5251 
v 1.18322 7.58731 -0.886518 
v 1.18322 7.58731 -0.685836 
v 1.27912 7.5917 -0.886518 
v 1.26889 7.8152 -0.886519 
v 1.26889 7.8152 -0.685837 
v 1.31684 7.81739 -0.886519 
v 1.31684 7.81739 -0.685837 
v 1.55146 7.94011 -0.886519 
v 1.31172 7.92914 -0.886519 
v 1.55146 7.94011 -0.685837 
v 2.41453 7.97962 -0.886519 
v 2.17479 7.96864 -0.886519 
v 2.17479 7.96864 -0.685837 
v 2.16968 8.08039 -0.886519 
v 1.54635 8.05186 -0.886519 
v 1.54635 8.05186 -0.685837 
v 2.41453 7.97962 -0.685837 
v 2.47782 7.64657 -0.886519 
v 2.57372 7.65096 -0.685837 
v 2.57372 7.65096 -0.886519 
v 2.47782 7.64657 -0.685837 
v 2.41965 7.86787 -0.886519 
v 2.41965 7.86787 -0.685837 
v 2.46759 7.87006 -0.886519 
v 2.46759 7.87006 -0.685837 
v 2.16968 8.08039 -0.685837 
v 1.31172 7.92914 -0.685837 
v 1.27912 7.5917 -0.685836 
v 0.356226 8.45202 -0.554169 
v 2.62667 8.62105 -0.55417 
v 0.390179 8.82477 -0.55417 
v 0.390179 8.82477 0.5251 
v 2.62667 8.62105 0.5251 
v 3.30427 7.80765 0.5251 
v 3.30427 7.80765 -0.554169 
v 2.93152 7.8416 -0.554169 
v 2.93152 7.8416 0.5251 
v 2.96547 8.21435 0.5251 
v 2.96547 8.21435 -0.554169 
v 2.59272 8.2483 -0.554169 
v 2.59272 8.2483 0.5251 
v -2.75583 6.42526 0.460416 
v -3.12086 6.99365 0.460416 
v -3.05619 6.39292 0.460416 
v -1.85474 6.52226 0.460416 
v -2.21977 7.09065 0.460416 
v -2.39079 5.85687 0.460416 
v -2.69115 5.82453 0.460416 
v -3.45356 7.26167 0.460416 
v -3.42122 6.96131 0.460416 
v -2.68608 6.92242 -0.685836 
v -2.6432 7.42528 -0.685836 
v -2.82955 6.93465 -0.685836 
v -2.55247 7.35868 0.460416 
v -1.96109 4.68775 0.460416 
v -2.26145 4.65541 0.460416 
v -1.95929 2.68567 -0.0314205 
v -0.996456 2.68567 -0.0314206 
v -1.95929 3.07385 -0.0314205 
v -0.996456 3.07385 -0.0314206 
v -0.676524 4.04508 0.460417 
v -1.09233 5.08512 0.460416 
v -0.791972 5.11746 0.460416 
v -1.4897 5.95387 0.460416 
v -1.91941 7.12299 0.460416 
v -1.55438 6.5546 0.460416 
v -1.18934 5.98621 0.460416 
v -4.25011 5.10908 0.488081 
v -4.25011 5.99897 0.488081 
v -4.62817 5.55402 0.488081 
v -1.95929 2.3671 0.477455 
v -0.996456 2.3671 0.477455 
v -1.95929 2.68567 0.477455 
v -4.62817 5.10908 0.488081 
v -3.37619 5.00462 0.543763 
v -2.24962 5.00462 0.543763 
v -3.25978 6.02459 0.543763 
v -3.37619 6.02459 0.543763 
v -4.62817 5.55402 0.488081 
v -4.91926 5.99897 0.488081 
v -4.91926 5.55402 0.488081 
v -4.25011 5.99897 0.488081 
v -2.24962 6.22502 0.543763 
v -3.25978 6.22502 0.543763 
v -1.87798 3.91574 0.460417 
v -0.996456 2.68567 0.477455 
v -0.0172581 4.35178 0.5251 
v -0.340314 4.87063 0.525104 
v -0.390007 4.38573 0.5251 
v 0.416121 4.95367 0.525104 
v 0.491304 5.80882 0.5251 
v -0.340314 4.87063 0.525104 
v 0.416121 4.95367 0.525104 
v -0.188683 6.59594 0.5251 
v -0.689001 4.91189 0.516725 
v -0.557287 6.62733 0.516721 
v -0.152335 6.99498 0.5251 
v 0.593163 6.92707 0.5251 
v -1.40926 7.20778 -0.685836 
v -1.54323 7.33148 -0.685836 
v -1.55273 7.22002 -0.685836 
v -2.47121 7.74743 -0.685836 
v -2.57161 7.69986 -0.685836 
v -2.47596 7.6917 -0.685836 
v -1.73958 7.85345 -0.685836 
v -1.89731 7.69849 -0.685836 
v -1.65819 7.6781 -0.685836 
v -2.60993 7.8154 -0.685836 
v -2.65775 7.81948 -0.685836 
v -1.8878 7.80995 -0.685836 
v -2.60042 7.92686 -0.685836 
v -2.23208 7.72704 -0.685836 
v -2.3613 7.90647 -0.685836 
v -2.35179 8.01793 -0.685836 
v -2.22258 7.8385 -0.685836 
v -1.66294 7.62237 -0.685836 
v -1.56729 7.61421 -0.685836 
v -1.48114 7.49459 -0.685836 
v -1.59105 7.33556 -0.685836 
v -1.38549 7.48644 -0.685836 
v -1.46213 7.71752 -0.685836 
v -1.50996 7.72159 -0.685836 
v -1.50045 7.83305 -0.685836 
v -2.77241 7.60471 -0.685836 
v -2.67676 7.59655 -0.685836 
v -2.59537 7.42121 -0.685836 
v -3.75392 7.22934 0.460416 
v -3.78626 7.5297 0.460416 
v -2.58481 7.65904 0.460416 
v -4.18363 8.39845 0.460416 
v -4.08662 7.49736 0.460416 
v -1.73007 7.96491 -0.685836 
v -2.25211 7.39101 0.460416 
v -0.181904 7.91773 0.460416 
v -0.278911 8.81881 0.460416 
v -0.0844294 7.74047 0.5251 
v 0.356226 8.45202 0.5251 
v -0.0165233 8.48597 0.5251 
v 0.760238 4.65118 0.5251 
v -0.051211 3.97903 0.5251 
v 1.13876 2.68567 -0.0314207 
v 2.1016 3.07385 -0.0314209 
v 1.13876 3.07385 -0.0314208 
v 2.1016 2.68567 -0.0314208 
v 2.1016 2.68567 0.477454 
v 1.13876 2.3671 0.477455 
v 2.1016 2.3671 0.477454 
v 1.13876 2.68567 0.477455 
v 2.18528 3.77531 0.5251 
v 1.50769 4.58872 0.5251 
v 1.33866 6.85916 0.5251 
v 0.593163 6.92707 0.5251 
v 0.898006 6.14762 0.5251 
v 1.33474 7.42627 -0.685836 
v 1.19601 7.30794 -0.685836 
v 1.33985 7.31453 -0.685836 
v 1.35376 7.02494 0.5251 
v 0.608263 7.09284 0.5251 
v 2.62594 4.48686 0.5251 
v 2.01625 6.04576 0.5251 
v 1.91439 4.92751 0.5251 
v 4.93224 5.10908 0.48808 
v 5.3103 5.55402 0.48808 
v 4.93224 5.99897 0.48808 
v 5.60139 5.55402 0.48808 
v 5.60139 5.99897 0.48808 
v 5.3103 5.10908 0.48808 
v 2.99869 4.4529 0.5251 
v 2.57372 7.65096 -0.685837 
v 2.43755 7.47675 -0.685836 
v 2.60447 6.97917 -0.685836 
v 2.46062 6.97258 -0.685836 
v 3.30427 7.80765 0.5251 
v 2.08416 6.79126 0.5251 
v 2.93152 7.8416 0.5251 
v 2.15207 7.53676 0.5251 
v 1.54164 4.96146 0.5251 
v 0.787548 4.91529 0.525104 
v 0.898006 6.14762 0.5251 
v 0.864053 5.77487 0.5251 
v 2.21924 4.14806 0.5251 
v 2.59199 4.11411 0.5251 
v 4.05832 5.00462 0.543762 
v 3.94191 6.02459 0.543762 
v 2.93175 5.00462 0.543763 
v 4.05832 6.02459 0.543762 
v 2.93175 6.22502 0.543762 
v 3.94191 6.22502 0.543762 
v 1.18322 7.58731 -0.685836 
v 1.3699 7.70784 -0.685837 
v 1.46324 7.7681 -0.685837 
v 1.31684 7.81739 -0.685837 
v 1.4658 7.71223 -0.685837 
v 1.26889 7.8152 -0.685837 
v 1.70298 7.77908 -0.685837 
v 1.55146 7.94011 -0.685837 
v 1.31172 7.92914 -0.685837 
v 1.69786 7.89082 -0.685837 
v 1.54635 8.05186 -0.685837 
v 2.16968 8.08039 -0.685837 
v 2.0335 7.90619 -0.685837 
v 2.37681 7.75392 -0.685837 
v 2.27836 7.80541 -0.685837 
v 2.28092 7.74954 -0.685837 
v 2.46759 7.87006 -0.685837 
v 2.47782 7.64657 -0.685837 
v 2.41965 7.86787 -0.685837 
v 2.03862 7.79444 -0.685837 
v 2.17479 7.96864 -0.685837 
v 2.41453 7.97962 -0.685837 
v 1.27912 7.5917 -0.685836 
v 1.38269 7.42847 -0.685836 
v 1.06777 8.01136 0.5251 
v 1.03382 7.63862 0.5251 
v 1.81327 7.94346 0.5251 
v 2.62667 8.62105 0.5251 
v 0.390179 8.82477 0.5251 
v 1.77932 7.57071 0.5251 
v 2.3896 7.47455 -0.685836 
v 2.59272 8.2483 0.5251 
v 2.96547 8.21435 0.5251 
v -3.37619 6.02459 -0.386297 
v -3.37619 5.00462 -0.386297 
v -3.37619 6.02459 0.543763 
v -4.62817 5.10908 0.488081 
v -4.62817 5.55402 -0.345831 
v -4.62817 5.10908 -0.345831 
v -4.91926 5.55402 0.488081 
v -4.91926 5.99896 -0.345831 
v -4.91926 5.55402 -0.345831 
v -3.05619 6.39292 -0.445878 
v -3.12086 6.99365 0.460416 
v -3.12086 6.99365 -0.445878 
v -3.25978 6.22502 0.543763 
v -3.25978 6.22502 -0.386297 
v -3.25978 6.02459 -0.386297 
v -2.69115 5.82453 -0.445878 
v -2.75583 6.42526 0.460416 
v -2.75583 6.42526 -0.445878 
v -1.95929 3.07385 -0.510081 
v -1.95929 2.3671 -0.510081 
v -1.95929 2.68567 -0.0314205 
v -1.95929 3.07385 -0.0314205 
v -1.87798 3.91574 -0.445878 
v -1.96109 4.68775 0.460416 
v -1.96109 4.68775 -0.445878 
v -0.688985 4.91169 -0.545786 
v -0.557287 6.62733 0.516721 
v -0.556972 6.63149 -0.545791 
v -2.26145 4.65541 -0.445878 
v -2.39079 5.85687 0.460416 
v -2.39079 5.85687 -0.445878 
v -1.95929 2.3671 0.477455 
v -4.62817 5.55402 0.488081 
v -3.37619 5.00462 0.543763 
v -4.91926 5.99897 0.488081 
v -3.05619 6.39292 0.460416 
v -3.25978 6.02459 0.543763 
v -2.69115 5.82453 0.460416 
v -1.87798 3.91574 0.460417 
v -1.95929 2.68567 0.477455 
v -2.26145 4.65541 0.460416 
v -0.689001 4.91189 0.516725 
v -3.45356 7.26167 0.460416 
v -3.42122 6.96131 -0.445878 
v -3.42122 6.96131 0.460416 
v -2.67676 7.59655 -0.685836 
v -2.65775 7.81948 -0.886518 
v -2.67676 7.59655 -0.886518 
v -2.77241 7.60471 -0.886518 
v -2.82955 6.93465 -0.886518 
v -2.82955 6.93465 -0.685836 
v -2.60993 7.8154 -0.886518 
v -2.60993 7.8154 -0.685836 
v -2.60042 7.92686 -0.886518 
v -2.3613 7.90647 -0.685836 
v -2.35179 8.01793 -0.886518 
v -2.3613 7.90646 -0.886518 
v -2.60042 7.92686 -0.685836 
v -2.35179 8.01793 -0.685836 
v -1.55273 7.22002 -0.685836 
v -1.54323 7.33148 -0.886518 
v -1.55273 7.22002 -0.886518 
v -1.56729 7.61421 -0.886518 
v -1.59105 7.33556 -0.886518 
v -1.56729 7.61421 -0.685836 
v -1.66294 7.62237 -0.886518 
v -1.66294 7.62237 -0.685836 
v -1.65819 7.6781 -0.886518 
v -1.89731 7.69849 -0.685836 
v -1.8878 7.80995 -0.886518 
v -1.89731 7.69849 -0.886518 
v -1.8878 7.80995 -0.685836 
v -3.45356 7.26167 -0.445878 
v -3.78626 7.5297 0.460416 
v -3.75392 7.22934 -0.445878 
v -3.75392 7.22934 0.460416 
v -3.78626 7.5297 -0.445878 
v -4.08662 7.49736 0.460416 
v -4.18363 8.39845 -0.445878 
v -4.08662 7.49736 -0.445878 
v -4.18363 8.39845 0.460416 
v -2.77241 7.60471 -0.685836 
v -1.54323 7.33148 -0.685836 
v -1.59105 7.33556 -0.685836 
v -1.65819 7.6781 -0.685836 
v -2.65775 7.81948 -0.685836 
v -0.390007 4.38573 0.5251 
v -0.337908 4.87037 -0.554165 
v -0.390007 4.38573 -0.554169 
v 1.13876 3.07385 -0.510081 
v 1.13876 2.3671 -0.510081 
v 1.13876 2.68567 -0.0314207 
v 1.13876 3.07385 -0.0314208 
v -0.051211 3.97903 -0.554169 
v -0.0172581 4.35178 0.5251 
v -0.0172581 4.35178 -0.554169 
v 0.593163 6.92707 -0.554169 
v 0.608263 7.09284 0.5251 
v 0.608263 7.09284 -0.554169 
v -0.187957 6.60011 -0.554169 
v -0.152335 6.99498 0.5251 
v -0.152335 6.99498 -0.554169 
v 1.50769 4.58872 -0.554169 
v 1.54164 4.96146 0.5251 
v 1.54164 4.96146 -0.554169 
v 1.91439 4.92751 -0.554169 
v 2.01625 6.04576 0.5251 
v 2.01625 6.04576 -0.554169 
v 4.93224 5.10908 0.48808 
v 4.93224 5.99896 -0.345832 
v 4.93224 5.10908 -0.345831 
v 2.93175 6.22502 -0.386298 
v 2.93175 5.00462 -0.386298 
v 2.93175 6.22502 0.543762 
v 2.43755 7.47675 -0.886518 
v 2.46062 6.97258 -0.886518 
v 2.46062 6.97258 -0.685836 
v 1.13876 2.3671 0.477455 
v -0.051211 3.97903 0.5251 
v 1.13876 2.68567 0.477455 
v -0.340314 4.87063 0.525104 
v 0.593163 6.92707 0.5251 
v -0.188683 6.59594 0.5251 
v 1.50769 4.58872 0.5251 
v 1.91439 4.92751 0.5251 
v 2.93175 5.00462 0.543763 
v 4.93224 5.99897 0.48808 
v 2.15207 7.53676 0.5251 
v 2.08416 6.79126 -0.554169 
v 2.08416 6.79126 0.5251 
v 2.15207 7.53676 -0.554169 
v 1.27912 7.5917 -0.886518 
v 1.26889 7.8152 -0.685837 
v 1.26889 7.8152 -0.886519 
v 1.19601 7.30794 -0.886518 
v 1.19601 7.30794 -0.685836 
v 1.18322 7.58731 -0.886518 
v 1.31684 7.81739 -0.886519 
v 1.31684 7.81739 -0.685837 
v 1.31172 7.92914 -0.886519 
v 1.54635 8.05186 -0.685837 
v 1.54635 8.05186 -0.886519 
v 1.55146 7.94011 -0.886519 
v 1.31172 7.92914 -0.685837 
v 2.0335 7.90619 -0.886519 
v 2.03862 7.79444 -0.685837 
v 2.0335 7.90619 -0.685837 
v 2.3896 7.47455 -0.886518 
v 2.37681 7.75392 -0.685837 
v 2.37681 7.75392 -0.886519 
v 2.28092 7.74954 -0.886519 
v 2.28092 7.74954 -0.685837 
v 2.27836 7.80541 -0.685837 
v 2.27836 7.80541 -0.886519 
v 2.03862 7.79444 -0.886519 
v 1.55146 7.94011 -0.685837 
v 1.18322 7.58731 -0.685836 
v -0.0165233 8.48597 0.5251 
v -0.0844294 7.74047 -0.554169 
v -0.0844294 7.74047 0.5251 
v -0.0165233 8.48597 -0.554169 
v 0.356226 8.45202 -0.554169 
v 0.390179 8.82477 0.5251 
v 0.390179 8.82477 -0.55417 
v 0.356226 8.45202 0.5251 
v 1.27912 7.5917 -0.685836 
v 2.3896 7.47455 -0.685836 
v 2.43755 7.47675 -0.685836 
v 1.81327 7.94346 0.5251 
v 1.77932 7.57071 -0.554169 
v 1.77932 7.57071 0.5251 
v 1.81327 7.94346 -0.554169 
v -2.75583 6.42526 -0.445878 
v -3.05619 6.39292 0.460416 
v -3.05619 6.39292 -0.445878 
v -2.24962 5.00462 0.543763 
v -3.37619 5.00462 -0.386297 
v -2.24962 5.00462 -0.386297 
v -2.68608 6.92242 -0.886518 
v -2.68608 6.92242 -0.685836 
v -2.82955 6.93465 -0.886518 
v -2.82955 6.93465 -0.685836 
v -3.12086 6.99365 -0.445878 
v -3.42122 6.96131 0.460416 
v -3.42122 6.96131 -0.445878 
v -2.39079 5.85687 -0.445878 
v -2.69115 5.82453 0.460416 
v -2.69115 5.82453 -0.445878 
v -0.996456 2.3671 0.477455 
v -1.95929 2.3671 -0.510081 
v -0.996456 2.3671 -0.510081 
v -1.87798 3.91574 -0.445878 
v -0.676524 4.04508 -0.445878 
v -0.676524 4.04508 0.460417 
v -0.0172581 4.35178 -0.554169 
v -0.390007 4.38573 0.5251 
v -0.390007 4.38573 -0.554169 
v -1.96109 4.68775 -0.445878 
v -2.26145 4.65541 0.460416 
v -2.26145 4.65541 -0.445878 
v -4.62817 5.55402 0.488081 
v -4.91926 5.55402 -0.345831 
v -4.62817 5.55402 -0.345831 
v -4.62817 5.10908 -0.345831 
v -4.25011 5.10908 0.488081 
v -4.62817 5.10908 0.488081 
v -3.37619 5.00462 0.543763 
v -4.25011 5.10908 -0.345831 
v -3.12086 6.99365 0.460416 
v -4.91926 5.55402 0.488081 
v -2.75583 6.42526 0.460416 
v -1.95929 2.3671 0.477455 
v -1.87798 3.91574 0.460417 
v -1.96109 4.68775 0.460416 
v -2.39079 5.85687 0.460416 
v -1.40926 7.20778 -0.886518 
v -1.40926 7.20778 -0.685836 
v -1.55273 7.22002 -0.685836 
v -1.89731 7.69849 -0.886518 
v -1.65819 7.6781 -0.886518 
v -1.89731 7.69849 -0.685836 
v -2.59537 7.42121 -0.685836 
v -2.6432 7.42528 -0.886518 
v -2.59537 7.42121 -0.886518 
v -2.47596 7.6917 -0.685836 
v -2.57161 7.69986 -0.886518 
v -2.47596 7.6917 -0.886518 
v -2.47121 7.74743 -0.886518 
v -2.23208 7.72704 -0.886518 
v -2.47121 7.74743 -0.685836 
v -1.8878 7.80995 -0.685836 
v -2.22258 7.8385 -0.886518 
v -1.8878 7.80995 -0.886518 
v -1.65819 7.6781 -0.685836 
v -1.55273 7.22002 -0.886518 
v -1.54323 7.33148 -0.685836 
v -1.59105 7.33556 -0.886518 
v -1.54323 7.33148 -0.886518 
v -1.56729 7.61421 -0.685836 
v -1.66294 7.62237 -0.886518 
v -1.56729 7.61421 -0.886518 
v -1.66294 7.62237 -0.685836 
v -2.57161 7.69986 -0.685836 
v -3.45356 7.26167 -0.445878 
v -3.75392 7.22934 0.460416 
v -3.75392 7.22934 -0.445878 
v -3.45356 7.26167 0.460416 
v -2.6432 7.42528 -0.685836 
v -3.78626 7.5297 0.460416 
v -4.08662 7.49736 -0.445878 
v -3.78626 7.5297 -0.445878 
v -4.08662 7.49736 0.460416 
v -2.23208 7.72704 -0.685836 
v -1.59105 7.33556 -0.685836 
v -2.58481 7.65904 -0.445878 
v -0.181904 7.91773 0.460416 
v -2.58481 7.65904 0.460416 
v -2.22258 7.8385 -0.685836 
v -0.181904 7.91773 -0.445879 
v -0.0172581 4.35178 0.5251 
v -0.051211 3.97903 -0.554169 
v 2.18528 3.77531 -0.554169 
v 2.18528 3.77531 0.5251 
v 1.13876 2.3671 -0.510081 
v 2.1016 2.3671 -0.510081 
v 2.1016 2.3671 0.477454 
v 0.864053 5.77487 -0.554169 
v 0.491304 5.80882 0.5251 
v 0.491304 5.80882 -0.554169 
v 1.19601 7.30794 -0.886518 
v 1.33985 7.31453 -0.685836 
v 1.19601 7.30794 -0.685836 
v 0.898006 6.14762 -0.554169 
v 2.01625 6.04576 -0.554169 
v 2.01625 6.04576 0.5251 
v 2.59199 4.11411 -0.554169 
v 2.21924 4.14806 0.5251 
v 2.21924 4.14806 -0.554169 
v 2.99869 4.4529 -0.554169 
v 2.62594 4.48686 0.5251 
v 2.62594 4.48686 -0.554169 
v 2.93175 5.00462 -0.386298 
v 4.05832 5.00462 -0.386298 
v 4.05832 5.00462 0.543762 
v 2.46062 6.97258 -0.886518 
v 2.60447 6.97917 -0.886518 
v 2.46062 6.97258 -0.685836 
v 2.60447 6.97917 -0.685836 
v 5.60139 5.55402 -0.345832 
v 5.60139 5.55402 0.48808 
v 5.3103 5.55402 -0.345832 
v 1.13876 2.3671 0.477455 
v -0.051211 3.97903 0.5251 
v 2.59199 4.11411 0.5251 
v 0.864053 5.77487 0.5251 
v 0.898006 6.14762 0.5251 
v 2.99869 4.4529 0.5251 
v 4.93224 5.10908 -0.345831 
v 5.3103 5.10908 0.48808 
v 4.93224 5.10908 0.48808 
v 2.93175 5.00462 0.543763 
v 5.3103 5.10908 -0.345831 
v 5.3103 5.55402 0.48808 
v 1.33985 7.31453 -0.886518 
v 1.3699 7.70784 -0.685837 
v 1.3699 7.70784 -0.886519 
v 1.4658 7.71223 -0.886519 
v 1.33474 7.42627 -0.685836 
v 1.33474 7.42627 -0.886518 
v 1.38269 7.42847 -0.886518 
v 1.4658 7.71223 -0.685837 
v 1.70298 7.77908 -0.685837 
v 1.46324 7.7681 -0.886519 
v 1.70298 7.77908 -0.886519 
v 1.46324 7.7681 -0.685837 
v 1.69786 7.89082 -0.886519 
v 2.0335 7.90619 -0.886519 
v 1.69786 7.89082 -0.685837 
v 2.28092 7.74954 -0.685837 
v 2.28092 7.74954 -0.886519 
v 2.37681 7.75392 -0.886519 
v 2.3896 7.47455 -0.685836 
v 2.3896 7.47455 -0.886518 
v 2.43755 7.47675 -0.886518 
v 2.37681 7.75392 -0.685837 
v 2.27836 7.80541 -0.886519 
v 2.27836 7.80541 -0.685837 
v 2.03862 7.79444 -0.886519 
v 2.03862 7.79444 -0.685837 
v 1.38269 7.42847 -0.685836 
v 1.03382 7.63862 -0.554169 
v 1.03382 7.63862 0.5251 
v -0.0844294 7.74047 -0.554169 
v -0.0844294 7.74047 0.5251 
v 1.06777 8.01136 -0.554169 
v 1.81327 7.94346 0.5251 
v 1.06777 8.01136 0.5251 
v 1.81327 7.94346 -0.554169 
v 2.43755 7.47675 -0.685836 
v 1.77932 7.57071 0.5251 
v 2.15207 7.53676 -0.554169 
v 2.15207 7.53676 0.5251 
v 1.77932 7.57071 -0.554169 
v 2.0335 7.90619 -0.685837 
v -2.33107 6.6734 -0.954881 
v -1.81251 6.5065 -0.954881 
v -2.34146 6.55161 -0.954881 
v -2.42648 6.80422 -0.954881 
v -1.80213 6.6283 -0.954881 
v -1.68595 6.74107 -0.954881 
v -1.69634 6.61928 -0.954881 
v -1.95929 3.07385 -0.510081 
v -0.996456 2.3671 -0.510081 
v -1.95929 2.3671 -0.510081 
v -2.75583 6.42526 -0.445878 
v -3.05619 6.39292 -0.445878 
v -2.95737 6.51558 -0.445878 
v -2.65701 6.54792 -0.445878 
v -1.85474 6.52226 -0.445878 
v -1.65319 6.43194 -0.445878 
v -1.95356 6.3996 -0.445878 
v -2.43686 6.68243 -0.954881 
v -2.38493 7.29139 -0.954881 
v -1.6444 7.22824 -0.954881 
v -1.58016 6.73205 -0.954881 
v -2.53227 6.81324 -0.954881 
v -3.12086 6.99365 -0.445878 
v -3.42122 6.96131 -0.445878 
v -3.3224 7.08397 -0.445878 
v -2.95737 6.51558 -0.445878 
v -3.12086 6.99365 -0.445878 
v -3.02204 7.11631 -0.445878 
v -1.85474 6.52226 -0.445878 
v -2.01823 7.00033 -0.445878 
v -1.91941 7.12299 -0.445878 
v -0.996456 3.07385 -0.510081 
v -0.0172581 4.35178 -0.554169 
v -0.390007 4.38573 -0.554169 
v -0.267165 4.48638 -0.554169 
v 0.103767 4.4526 -0.554169 
v -0.0172581 4.35178 -0.554169 
v 0.0698138 4.07985 -0.554169 
v -0.051211 3.97903 -0.554169 
v 0.103767 4.4526 -0.554169 
v -0.337908 4.87037 -0.554165 
v -0.267165 4.48638 -0.554169 
v -0.390007 4.38573 -0.554169 
v -0.337908 4.87037 -0.554165 
v -0.688985 4.91169 -0.545786 
v -0.569747 5.00981 -0.546445 
v -0.236731 4.76949 -0.554165 
v 0.416121 4.95367 -0.554165 
v -0.236731 4.76949 -0.554165 
v -0.337908 4.87037 -0.554165 
v -0.337509 4.98248 -0.554114 
v -0.187957 6.60011 -0.554169 
v -0.152335 6.99498 -0.554169 
v -0.0514232 6.87394 -0.554825 
v 0.313165 5.05436 -0.553507 
v -0.337908 4.87037 -0.554165 
v -0.337509 4.98248 -0.554114 
v -0.0869846 6.47974 -0.554825 
v -0.454515 6.511 -0.546455 
v -0.187957 6.60011 -0.554169 
v -0.0869846 6.47974 -0.554825 
v -0.688985 4.91169 -0.545786 
v -0.454515 6.511 -0.546455 
v -0.569747 5.00981 -0.546445 
v -0.556972 6.63149 -0.545791 
v -0.556972 6.63149 -0.545791 
v -1.55438 6.5546 -0.445878 
v -3.37619 5.00462 -0.386297 
v -3.25978 6.02459 -0.386297 
v -2.24962 5.00462 -0.386297 
v -2.16263 4.77808 -0.445878 
v -2.39079 5.85687 -0.445878 
v -2.29197 5.97953 -0.445878 
v -2.26145 4.65541 -0.445878 
v -1.96109 4.68775 -0.445878 
v -2.26145 4.65541 -0.445878 
v -2.16263 4.77808 -0.445878 
v -3.37619 6.02459 -0.386297 
v -4.91926 5.99896 -0.345831 
v -4.62817 5.55402 -0.345831 
v -4.91926 5.55402 -0.345831 
v -4.25011 5.10908 -0.345831 
v -4.62817 5.10908 -0.345831 
v -4.25011 5.99896 -0.345831 
v -2.24962 6.22502 -0.386297 
v -3.05619 6.39292 -0.445878 
v -2.75583 6.42526 -0.445878 
v -2.59234 5.94719 -0.445878 
v -2.69115 5.82453 -0.445878 
v -2.59234 5.94719 -0.445878 
v -2.29197 5.97953 -0.445878 
v -2.39079 5.85687 -0.445878 
v -2.65701 6.54792 -0.445878 
v -3.25978 6.22502 -0.386297 
v -2.69115 5.82453 -0.445878 
v -1.86227 4.81041 -0.445878 
v -1.09233 5.08512 -0.445878 
v -0.89079 4.99479 -0.445878 
v -1.19115 4.96246 -0.445878 
v -0.791972 5.11746 -0.445878 
v -0.799187 4.1439 -0.445878 
v -0.89079 4.99479 -0.445878 
v -0.676524 4.04508 -0.445878 
v -1.87798 3.91574 -0.445878 
v -1.77916 4.0384 -0.445878 
v -1.96109 4.68775 -0.445878 
v -1.86227 4.81041 -0.445878 
v -0.791972 5.11746 -0.445878 
v -1.95356 6.3996 -0.445878 
v -1.4897 5.95387 -0.445878 
v -1.65319 6.43194 -0.445878 
v -1.55438 6.5546 -0.445878 
v -1.09233 5.08512 -0.445878 
v -1.28816 5.86354 -0.445878 
v -1.18934 5.98621 -0.445878 
v -1.4897 5.95387 -0.445878 
v -1.28816 5.86354 -0.445878 
v -1.58852 5.83121 -0.445878 
v -1.58852 5.83121 -0.445878 
v -1.18934 5.98621 -0.445878 
v -1.19115 4.96246 -0.445878 
v -2.21977 7.09065 -0.445878 
v -2.01823 7.00033 -0.445878 
v -2.31859 6.96799 -0.445878 
v -2.49072 7.30042 -0.954881 
v -2.37455 7.41319 -0.954881 
v -2.26876 7.40417 -0.954881 
v -2.25837 7.52596 -0.954881 
v -1.73981 7.35906 -0.954881 
v -2.47121 7.74743 -0.886518 
v -2.57161 7.69986 -0.886518 
v -2.60993 7.8154 -0.886518 
v -2.47596 7.6917 -0.886518 
v -1.72942 7.48085 -0.954881 
v -2.65775 7.81948 -0.886518 
v -2.60042 7.92686 -0.886518 
v -2.3613 7.90646 -0.886518 
v -2.23208 7.72704 -0.886518 
v -2.22258 7.8385 -0.886518 
v -2.35179 8.01793 -0.886518 
v -1.8878 7.80995 -0.886518 
v -1.73007 7.96491 -0.886518 
v -1.63402 7.35004 -0.954881 
v -1.53861 7.21922 -0.954881 
v -1.54323 7.33148 -0.886518 
v -1.38549 7.48644 -0.886518 
v -1.40926 7.20778 -0.886518 
v -1.59105 7.33556 -0.886518 
v -1.48114 7.49459 -0.886518 
v -1.56729 7.61421 -0.886518 
v -1.46213 7.71752 -0.886518 
v -1.66294 7.62237 -0.886518 
v -1.65819 7.6781 -0.886518 
v -1.89731 7.69849 -0.886518 
v -1.73958 7.85345 -0.886518 
v -1.50996 7.72159 -0.886518 
v -1.50045 7.83305 -0.886518 
v -1.55273 7.22002 -0.886518 
v -3.02204 7.11631 -0.445878 
v -3.45356 7.26167 -0.445878 
v -3.3224 7.08397 -0.445878 
v -3.42122 6.96131 -0.445878 
v -2.77241 7.60471 -0.886518 
v -2.6432 7.42528 -0.886518 
v -2.82955 6.93465 -0.886518 
v -2.68608 6.92242 -0.886518 
v -3.35474 7.38433 -0.445878 
v -3.78626 7.5297 -0.445878 
v -3.6551 7.352 -0.445878 
v -3.75392 7.22934 -0.445878 
v -3.45356 7.26167 -0.445878 
v -3.75392 7.22934 -0.445878 
v -3.6551 7.352 -0.445878 
v -3.35474 7.38433 -0.445878 
v -3.68744 7.65236 -0.445878 
v -3.9878 7.62003 -0.445878 
v -3.68744 7.65236 -0.445878 
v -3.78626 7.5297 -0.445878 
v -2.67676 7.59655 -0.886518 
v -2.65129 7.23602 -0.445878 
v -2.70747 7.75786 -0.445878 
v -2.58481 7.65904 -0.445878 
v -4.08662 7.49736 -0.445878 
v -4.06096 8.29963 -0.445878 
v -4.08662 7.49736 -0.445878 
v -4.18363 8.39845 -0.445878 
v -3.9878 7.62003 -0.445878 
v -0.278911 8.81881 -0.445879 
v -4.06096 8.29963 -0.445878 
v -4.18363 8.39845 -0.445878 
v -2.59537 7.42121 -0.886518 
v -2.35093 7.26835 -0.445878 
v -2.21977 7.09065 -0.445878 
v -2.31859 6.96799 -0.445878 
v -1.91941 7.12299 -0.445878 
v -2.25211 7.39101 -0.445878 
v -2.55247 7.35868 -0.445878 
v -2.55247 7.35868 -0.445878 
v -2.35093 7.26835 -0.445878 
v -2.65129 7.23602 -0.445878 
v -2.25211 7.39101 -0.445878 
v -0.37773 8.69615 -0.445879 
v -0.181904 7.91773 -0.445879 
v -0.304566 8.01655 -0.445879 
v -0.0165233 8.48597 -0.554169 
v 0.0365954 7.84129 -0.554169 
v -0.0844294 7.74047 -0.554169 
v 0.0842943 8.36495 -0.55417 
v -0.278911 8.81881 -0.445879 
v -2.58481 7.65904 -0.445878 
v -2.70747 7.75786 -0.445878 
v -0.37773 8.69615 -0.445879 
v 0.593163 6.92707 -0.554169 
v -0.0514232 6.87394 -0.554825 
v -0.152335 6.99498 -0.554169 
v 0.760238 4.65118 -0.554169 
v 1.60858 4.46852 -0.554169 
v 0.637764 4.54964 -0.554169 
v 0.976663 6.2523 -0.554169 
v 0.593163 6.92707 -0.554169 
v 0.706469 6.94315 -0.554169 
v 1.4743 6.72209 -0.954882 
v 1.46871 6.84419 -0.954882 
v 1.58036 6.72694 -0.954882 
v 2.08416 6.79126 -0.554169 
v 1.21764 6.75835 -0.554169 
v 1.33866 6.85916 -0.554169 
v 2.01625 6.04576 -0.554169 
v 0.898006 6.14762 -0.554169 
v 0.976663 6.2523 -0.554169 
v 0.898006 6.14762 -0.554169 
v 1.50769 4.58872 -0.554169 
v 1.50769 4.58872 -0.554169 
v 1.54164 4.96146 -0.554169 
v 1.64246 4.84044 -0.554169 
v 1.23274 6.92412 -0.554169 
v 1.33866 6.85916 -0.554169 
v 1.21764 6.75835 -0.554169 
v 0.514507 6.82239 -0.553754 
v 1.35376 7.02494 -0.554169 
v 1.3403 7.32777 -0.954882 
v 1.36265 6.83934 -0.954882 
v 0.593163 6.92707 -0.554169 
v 0.70908 6.97182 -0.554169 
v 0.706469 6.94315 -0.554169 
v 0.608263 7.09284 -0.554169 
v 1.35376 7.02494 -0.554169 
v 0.70908 6.97182 -0.554169 
v 0.608263 7.09284 -0.554169 
v 1.23274 6.92412 -0.554169 
v 1.60858 4.46852 -0.554169 
v 1.91439 4.92751 -0.554169 
v 1.64246 4.84044 -0.554169 
v 1.54164 4.96146 -0.554169 
v 2.01521 4.80649 -0.554169 
v 2.01625 6.04576 -0.554169 
v 2.01521 4.80649 -0.554169 
v 1.91439 4.92751 -0.554169 
v 2.13728 6.14658 -0.554169 
v 2.13728 6.14658 -0.554169 
v 2.21924 4.14806 -0.554169 
v 2.49117 4.23513 -0.554169 
v 2.59199 4.11411 -0.554169 
v 3.30427 7.80765 -0.554169 
v 2.99869 4.4529 -0.554169 
v 2.89787 4.57393 -0.554169 
v 2.11627 6.6291 -0.954882 
v 1.58595 6.60483 -0.954882 
v 2.11068 6.75121 -0.954882 
v 2.21674 6.75607 -0.954882 
v 2.21115 6.87817 -0.954882 
v 1.44636 7.33262 -0.954882 
v 2.18498 6.67023 -0.554169 
v 3.18324 7.70683 -0.55417 
v 2.62594 4.48686 -0.554169 
v 2.59199 4.11411 -0.554169 
v 2.49117 4.23513 -0.554169 
v 2.18528 3.77531 -0.554169 
v -0.051211 3.97903 -0.554169 
v 0.0698138 4.07985 -0.554169 
v 0.665302 4.81595 -0.554165 
v 0.760238 4.65118 -0.554169 
v 0.637764 4.54964 -0.554169 
v 0.787548 4.91529 -0.554165 
v 2.08447 3.89634 -0.554169 
v 0.416516 4.84166 -0.554165 
v 0.416121 4.95367 -0.554165 
v 0.416121 4.95367 -0.554165 
v 0.665302 4.81595 -0.554165 
v 0.416516 4.84166 -0.554165 
v 0.787548 4.91529 -0.554165 
v 0.491304 5.80882 -0.554169 
v 0.416121 4.95367 -0.554165 
v 0.313165 5.05436 -0.553507 
v 0.898006 6.14762 -0.554169 
v 0.514507 6.82239 -0.553754 
v 0.593163 6.92707 -0.554169 
v 0.491304 5.80882 -0.554169 
v 0.763237 5.89589 -0.553514 
v 0.864053 5.77487 -0.554169 
v 0.898006 6.14762 -0.554169 
v 0.864053 5.77487 -0.554169 
v 0.763237 5.89589 -0.553514 
v 0.784701 6.13154 -0.553506 
v 0.390138 5.92988 -0.553512 
v 0.390138 5.92988 -0.553512 
v 0.784701 6.13154 -0.553506 
v 2.1016 3.07385 -0.510081 
v 1.13876 2.3671 -0.510081 
v 1.13876 3.07385 -0.510081 
v 2.21924 4.14806 -0.554169 
v 2.18528 3.77531 -0.554169 
v 2.08447 3.89634 -0.554169 
v 2.89787 4.57393 -0.554169 
v 2.62594 4.48686 -0.554169 
v 2.52512 4.60788 -0.554169 
v 2.99869 4.4529 -0.554169 
v 2.11842 4.26909 -0.554169 
v 2.1016 2.3671 -0.510081 
v 2.11842 4.26909 -0.554169 
v 2.52512 4.60788 -0.554169 
v 5.3103 5.55402 -0.345832 
v 5.3103 5.10908 -0.345831 
v 4.93224 5.10908 -0.345831 
v 2.93175 6.22502 -0.386298 
v 3.94191 6.02459 -0.386298 
v 2.93175 5.00462 -0.386298 
v 3.94191 6.22502 -0.386298 
v 4.05832 6.02459 -0.386298 
v 4.05832 5.00462 -0.386298 
v 3.94191 6.02459 -0.386298 
v 4.05832 5.00462 -0.386298 
v 4.93224 5.99896 -0.345832 
v 5.60139 5.99896 -0.345832 
v 5.60139 5.55402 -0.345832 
v 2.27309 7.63757 -0.554169 
v 2.18498 6.67023 -0.554169 
v 2.08416 6.79126 -0.554169 
v 1.44077 7.45473 -0.954882 
v 1.54683 7.45959 -0.954882 
v 2.1888 7.36661 -0.954882 
v 2.07715 7.48386 -0.954882 
v 2.07156 7.60597 -0.954882 
v 1.27912 7.5917 -0.886518 
v 1.26889 7.8152 -0.886519 
v 1.3699 7.70784 -0.886519 
v 1.4658 7.71223 -0.886519 
v 1.46324 7.7681 -0.886519 
v 1.54124 7.58169 -0.954882 
v 1.31684 7.81739 -0.886519 
v 1.31172 7.92914 -0.886519 
v 1.55146 7.94011 -0.886519 
v 1.70298 7.77908 -0.886519 
v 1.69786 7.89082 -0.886519 
v 1.54635 8.05186 -0.886519 
v 2.16968 8.08039 -0.886519 
v 2.18321 7.48871 -0.954882 
v 2.29486 7.37146 -0.954882 
v 2.31722 6.88303 -0.954882 
v 2.46759 7.87006 -0.886519 
v 2.47782 7.64657 -0.886519 
v 2.37681 7.75392 -0.886519 
v 2.27836 7.80541 -0.886519 
v 2.28092 7.74954 -0.886519 
v 2.3896 7.47455 -0.886518 
v 2.57372 7.65096 -0.886519 
v 2.43755 7.47675 -0.886518 
v 2.41965 7.86787 -0.886519 
v 2.03862 7.79444 -0.886519 
v 2.17479 7.96864 -0.886519 
v 2.41453 7.97962 -0.886519 
v 2.0335 7.90619 -0.886519 
v 2.60447 6.97917 -0.886518 
v 1.19601 7.30794 -0.886518 
v 1.33474 7.42627 -0.886518 
v 1.33985 7.31453 -0.886518 
v 1.18322 7.58731 -0.886518 
v 1.38269 7.42847 -0.886518 
v 0.933 7.75964 -0.554169 
v -0.0844294 7.74047 -0.554169 
v 0.0365954 7.84129 -0.554169 
v 1.03382 7.63862 -0.554169 
v 1.06777 8.01136 -0.554169 
v 1.03382 7.63862 -0.554169 
v 0.933 7.75964 -0.554169 
v 0.966954 8.13239 -0.554169 
v 0.0842943 8.36495 -0.55417 
v 0.356226 8.45202 -0.554169 
v 0.457043 8.33099 -0.55417 
v 0.490996 8.70374 -0.55417 
v 0.457043 8.33099 -0.55417 
v 0.356226 8.45202 -0.554169 
v 2.62667 8.62105 -0.55417 
v 0.490996 8.70374 -0.55417 
v 0.390179 8.82477 -0.55417 
v -0.0165233 8.48597 -0.554169 
v 0.390179 8.82477 -0.55417 
v 0.966954 8.13239 -0.554169 
v 1.81327 7.94346 -0.554169 
v 1.06777 8.01136 -0.554169 
v 1.93429 8.04428 -0.554169 
v 1.81327 7.94346 -0.554169 
v 1.90034 7.67153 -0.554169 
v 1.77932 7.57071 -0.554169 
v 2.46062 6.97258 -0.886518 
v 2.93152 7.8416 -0.554169 
v 3.18324 7.70683 -0.55417 
v 2.81049 7.74078 -0.55417 
v 3.30427 7.80765 -0.554169 
v 2.15207 7.53676 -0.554169 
v 1.77932 7.57071 -0.554169 
v 1.90034 7.67153 -0.554169 
v 2.27309 7.63757 -0.554169 
v 2.15207 7.53676 -0.554169 
v 1.93429 8.04428 -0.554169 
v 2.50565 8.52023 -0.55417 
v 2.50565 8.52023 -0.55417 
v 2.59272 8.2483 -0.554169 
v 2.4717 8.14748 -0.55417 
v 2.59272 8.2483 -0.554169 
v 2.84444 8.11353 -0.55417 
v 2.4717 8.14748 -0.55417 
v 2.84444 8.11353 -0.55417 
v 2.93152 7.8416 -0.554169 
v 2.81049 7.74078 -0.55417 
v 2.62667 8.62105 -0.55417 
v 2.96547 8.21435 -0.554169 
v 2.96547 8.21435 -0.554169 

vn 1 0 0 
vn 1 0 0 
vn 1 0 0 
vn 0.992126 0.110236 0 
vn 0.992126 0.110236 0 
vn 0.992126 0.110236 0 
vn 1 0 0 
vn 1 0 0 
vn 1 0 0 
vn 0.992126 0.110236 0 
vn 0.992126 0.110236 0 
vn 0.992126 0.110236 0 
vn 0.992126 0.110236 0 
vn 0.992126 0.110236 0 
vn 0.992126 0.110236 0 
vn 1 0 0 
vn 0.992126 -0.102362 0 
vn 0.992126 -0.102362 0 
vn 0.992126 -0.102362 0 
vn 0.992126 0.110236 0 
vn 0.992126 0.110236 0 
vn 0.992126 0.110236 0 
vn 1 -0.0866142 0 
vn 1 -0.0866142 0 
vn 1 -0.0866142 0 
vn 0.992126 -0.0866142 0 
vn 0.992126 -0.0866142 0 
vn 0.992126 -0.0866142 0 
vn 1 0 0 
vn 1 0 0 
vn 1 0 0 
vn 0.992126 0.110236 0 
vn 1 0 0 
vn 1 0 0 
vn 0.992126 0.110236 0 
vn 0.992126 0.110236 0 
vn 1 0 0 
vn 0.992126 0.110236 0 
vn 1 0 0 
vn 0.992126 -0.102362 0 
vn 1 -0.0866142 0 
vn 1 -0.0866142 0 
vn 1 -0.0866142 0 
vn 1 -0.0866142 0 
vn 1 -0.0866142 0 
vn 1 -0.0866142 0 
vn 1 -0.0866142 0 
vn 1 -0.0866142 0 
vn 1 -0.0866142 0 
vn 1 -0.0866142 0 
vn 1 -0.0866142 0 
vn 1 -0.0866142 0 
vn 1 -0.0866142 0 
vn 1 -0.0866142 0 
vn 1 -0.0866142 0 
vn 1 -0.0866142 0 
vn 1 -0.0866142 0 
vn 1 -0.0866142 0 
vn 1 -0.0866142 0 
vn 1 -0.0866142 0 
vn 1 -0.0866142 0 
vn 1 -0.0866142 0 
vn 1 -0.0866142 0 
vn 1 -0.0866142 0 
vn 1 -0.0866142 0 
vn 1 -0.0866142 0 
vn 1 -0.0866142 0 
vn 1 -0.0866142 0 
vn 1 -0.0866142 0 
vn 1 -0.0866142 0 
vn 0.992126 0.110236 0 
vn 0.992126 0.110236 0 
vn 0.992126 0.110236 0 
vn 0.992126 0.110236 0 
vn 0.992126 0.110236 0 
vn 0.992126 0.110236 0 
vn 1 -0.0866142 0 
vn 0.992126 0.110236 0 
vn 0.992126 0.110236 0 
vn 1 -0.0866142 0 
vn 1 -0.0866142 0 
vn 0.992126 0.110236 0 
vn 0.992126 0.110236 0 
vn 0.992126 0.110236 0 
vn 0.992126 0.110236 0 
vn 0.992126 -0.0866142 0 
vn 1 0 0 
vn 1 0 0 
vn 1 0 0 
vn 1 0 0 
vn 0.992126 -0.0866142 0 
vn 0.992126 -0.0866142 0 
vn 0.992126 -0.0866142 0 
vn 1 0.0472441 0 
vn 1 0.0472441 0 
vn 1 0.0472441 0 
vn 0.992126 -0.0866142 0 
vn 0.992126 -0.0866142 0 
vn 0.992126 -0.0866142 0 
vn 0.992126 -0.0866142 0 
vn 0.992126 -0.0866142 0 
vn 0.992126 -0.0866142 0 
vn 0.992126 -0.0866142 0 
vn 0.992126 -0.0866142 0 
vn 0.992126 -0.0866142 0 
vn 1 0 0 
vn 1 0 0 
vn 1 0 0 
vn 1 0 0 
vn 1 0 0 
vn 1 0 0 
vn 1 0 0 
vn 1 0 0 
vn 1 0 0 
vn 1 0 0 
vn 1 0 0 
vn 1 0 0 
vn 1 0 0 
vn 1 0 0 
vn 0.992126 -0.0866142 0 
vn 0.992126 -0.0866142 0 
vn 0.992126 -0.0866142 0 
vn 0.992126 -0.0866142 0 
vn 1 0 0 
vn 1 0 0 
vn 1 0 0 
vn 1 0 0 
vn 1 0.0472441 0 
vn 1 0.0472441 0 
vn 1 0.0472441 0 
vn 1 0.0472441 0 
vn 1 0.0472441 0 
vn 1 0.0472441 0 
vn 1 0.0472441 0 
vn 1 0.0472441 0 
vn 1 0.0472441 0 
vn 1 0.0472441 0 
vn 1 0.0472441 0 
vn 1 0.0472441 0 
vn 1 0.0472441 0 
vn 1 0.0472441 0 
vn 1 0.0472441 0 
vn 1 0.0472441 0 
vn 1 0.0472441 0 
vn 1 0.0472441 0 
vn 1 0.0472441 0 
vn 1 0.0472441 0 
vn 1 0.0472441 0 
vn 1 0.0472441 0 
vn 1 0.0472441 0 
vn 1 0.0472441 0 
vn 1 0.0472441 0 
vn 1 0.0472441 0 
vn 1 0.0472441 0 
vn 1 0.0472441 0 
vn 0.992126 -0.0866142 0 
vn 0.992126 -0.0866142 0 
vn 0.992126 -0.0866142 0 
vn 0.992126 -0.0866142 0 
vn 1 0.0472441 0 
vn 0.992126 -0.0866142 0 
vn 0.992126 -0.0866142 0 
vn 0.992126 -0.0866142 0 
vn 0.992126 -0.0866142 0 
vn 0.992126 -0.0866142 0 
vn 0.992126 -0.0866142 0 
vn 0.992126 -0.0866142 0 
vn 0.992126 -0.0866142 0 
vn 0 1 0 
vn 0 1 0 
vn 0 1 0 
vn 0 1 0 
vn 0 1 0 
vn 0 1 0 
vn 0 1 0 
vn 0 1 0 
vn 0 1 0 
vn -0.110236 0.992126 0 
vn -0.110236 0.992126 0 
vn -0.110236 0.992126 0 
vn 0 1 0 
vn 0 1 0 
vn 0 1 0 
vn 0 1 0 
vn 0.11811 0.992126 0 
vn 0.11811 0.992126 0 
vn 0.11811 0.992126 0 
vn -0.110236 0.992126 0 
vn -0.110236 0.992126 0 
vn -0.110236 0.992126 0 
vn -0.110236 0.992126 0 
vn -0.110236 0.992126 0 
vn -0.110236 0.992126 0 
vn 0.0866142 1 0.00787402 
vn 0.0866142 1 0.00787402 
vn 0.0866142 1 0.00787402 
vn 0 1 0 
vn 0 1 0 
vn 0 1 0 
vn 0 1 0 
vn 0 1 0 
vn 0 1 0 
vn -0.110236 0.992126 0 
vn 0 1 0 
vn -0.110236 0.992126 0 
vn 0.11811 0.992126 0 
vn -0.110236 0.992126 0 
vn -0.110236 0.992126 0 
vn -0.110236 0.992126 0 
vn -0.110236 0.992126 0 
vn 0.0866142 1 0.00787402 
vn 0.0866142 0.992126 0 
vn 0.0866142 0.992126 0 
vn 0.0866142 0.992126 0 
vn 0.0866142 1 0 
vn 0.0866142 1 0 
vn 0.0866142 1 0 
vn 0.0866142 1 0 
vn 0.0866142 1 0 
vn 0.0866142 1 0 
vn 0.0866142 1 0 
vn 0.0866142 1 0 
vn 0.0866142 1 0 
vn 0.0866142 1 0 
vn 0.0866142 1 0 
vn 0.0866142 1 0 
vn 0.0866142 1 0 
vn 0.0866142 1 0 
vn 0.0866142 1 0 
vn 0.0866142 1 0 
vn 0.0866142 1 0 
vn 0.0866142 1 0 
vn 0.0866142 1 0 
vn 0.0866142 1 0 
vn 0.0866142 1 0 
vn 0.0866142 1 0 
vn 0.0866142 1 0 
vn 0.0866142 1 0 
vn 0.0866142 1 0 
vn -0.110236 0.992126 0 
vn -0.110236 0.992126 0 
vn -0.110236 0.992126 0 
vn -0.110236 0.992126 0 
vn 0.0866142 1 0 
vn 0.0866142 1 0 
vn -0.110236 0.992126 0 
vn -0.110236 0.992126 0 
vn -0.110236 0.992126 0 
vn -0.110236 0.992126 0 
vn -0.110236 0.992126 0 
vn -0.110236 0.992126 0 
vn 0.0866142 1 0 
vn -0.110236 0.992126 0 
vn 0.0866142 0.992126 0 
vn 0.0866142 0.992126 0 
vn 0.0866142 0.992126 0 
vn -0.110236 0.992126 0 
vn -0.110236 0.992126 0 
vn 0.0866142 1 0 
vn 0.0866142 1 0 
vn 0.0866142 1 0 
vn 0 1 0 
vn 0 1 0 
vn 0 1 0 
vn 0.102362 0.992126 0 
vn 0.102362 0.992126 0 
vn 0.102362 0.992126 0 
vn 0.0866142 0.992126 0 
vn 0.0866142 0.992126 0 
vn 0.0866142 0.992126 0 
vn 0.0866142 0.992126 0 
vn 0.0866142 0.992126 0 
vn 0.0866142 0.992126 0 
vn 0 1 0 
vn 0.0866142 0.992126 0 
vn 0.0866142 0.992126 0 
vn 0.0866142 0.992126 0 
vn 0 1 0 
vn 0 1 0 
vn 0 1 0 
vn 0 1 0 
vn 0 1 0 
vn 0 1 0 
vn 0 1 0 
vn 0 1 0 
vn 0 1 0 
vn 0 1 0 
vn 0 1 0 
vn 0 1 0 
vn 0.0866142 1 0 
vn 0 1 0 
vn 0.102362 0.992126 0 
vn 0.0866142 0.992126 0 
vn 0.0866142 0.992126 0 
vn 0.0866142 0.992126 0 
vn 0 1 0 
vn 0 1 0 
vn 0 1 0 
vn 0.0866142 0.992126 0 
vn -0.0472441 1 0 
vn -0.0472441 1 0 
vn -0.0472441 1 0 
vn -0.0472441 1 0 
vn -0.0472441 1 0 
vn -0.0472441 1 0 
vn -0.0472441 1 0 
vn -0.0472441 1 0 
vn -0.0472441 1 0 
vn -0.0472441 1 0 
vn -0.0472441 1 0 
vn -0.0472441 1 0 
vn -0.0472441 1 0 
vn -0.0472441 1 0 
vn -0.0472441 1 0 
vn -0.0472441 1 0 
vn -0.0472441 1 0 
vn -0.0472441 1 0 
vn -0.0472441 1 0 
vn -0.0472441 1 0 
vn -0.0472441 1 0 
vn -0.0472441 1 0 
vn -0.0472441 1 0 
vn -0.0472441 1 0 
vn -0.0472441 1 0 
vn -0.0472441 1 0 
vn -0.0472441 1 0 
vn -0.0472441 1 0 
vn 0.0866142 0.992126 0 
vn 0.0866142 0.992126 0 
vn 0.0866142 0.992126 0 
vn 0.0866142 0.992126 0 
vn 0.0866142 0.992126 0 
vn 0.0866142 0.992126 0 
vn 0.0866142 0.992126 0 
vn 0.0866142 0.992126 0 
vn 0.0866142 0.992126 0 
vn 0.0866142 0.992126 0 
vn 0.0866142 0.992126 0 
vn 0.0866142 0.992126 0 
vn 0.0866142 0.992126 0 
vn 0 0 1 
vn 0 0 1 
vn 0 0 1 
vn 0 0 1 
vn 0 0 1 
vn 0 0 1 
vn 0 0 1 
vn 0 0 1 
vn 0 0 1 
vn 0 0 1 
vn 0 0 1 
vn 0 0 1 
vn 0 0 1 
vn 0 0 1 
vn 0 0 1 
vn 0 0 1 
vn 0 0 1 
vn 0 0 1 
vn 0 0 1 
vn 0 0 1 
vn 0 0 1 
vn 0 0 1 
vn 0 0 1 
vn 0 0 1 
vn 0 0 1 
vn 0 0 1 
vn 0 0 1 
vn 0 0 1 
vn 0 0 1 
vn 0 0 1 
vn 0 0 1 
vn 0 0 1 
vn 0 0 1 
vn 0 0 1 
vn 0 0 1 
vn 0 0 1 
vn 0 0 1 
vn 0 0 1 
vn 0 0 1 
vn 0 0 1 
vn 0 0 1 
vn 0 0 1 
vn 0 0 1 
vn 0 0 1 
vn 0 0 1 
vn 0 0 1 
vn 0 0 1 
vn 0 0 1 
vn 0 0 1 
vn -0.00787402 0 1 
vn -0.00787402 0 1 
vn -0.00787402 0 1 
vn -0.00787402 0 1 
vn -0.00787402 0 1 
vn -0.00787402 0 1 
vn -0.00787402 0 1 
vn -0.00787402 0 1 
vn 0 0 1 
vn 0 0 1 
vn 0 0 1 
vn 0 0 1 
vn 0 0 1 
vn 0 0 1 
vn 0 0 1 
vn 0 0 1 
vn 0 0 1 
vn 0 0 1 
vn 0 0 1 
vn 0 0 1 
vn 0 0 1 
vn 0 0 1 
vn 0 0 1 
vn 0 0 1 
vn 0 0 1 
vn 0 0 1 
vn 0 0 1 
vn 0 0 1 
vn 0 0 1 
vn 0 0 1 
vn 0 0 1 
vn 0 0 1 
vn 0 0 1 
vn 0 0 1 
vn 0 0 1 
vn 0 0 1 
vn 0 0 1 
vn 0 0 1 
vn 0 0 1 
vn 0 0 1 
vn 0 0 1 
vn 0 0 1 
vn 0 0 1 
vn 0 0 1 
vn 0 0 1 
vn 0 0 1 
vn 0 0 1 
vn 0 0 1 
vn 0 0 1 
vn 0 0 1 
vn 0 0 1 
vn 0 0 1 
vn 0 0 1 
vn 0 0 1 
vn 0 0 1 
vn 0 0 1 
vn 0 0 1 
vn 0 0 1 
vn 0 0 1 
vn 0 0 1 
vn 0 0 1 
vn 0 0 1 
vn 0 0 1 
vn 0 0 1 
vn 0 0 1 
vn 0 0 1 
vn 0 0 1 
vn 0 0 1 
vn 0 0 1 
vn 0 0 1 
vn 0 0 1 
vn 0 0 1 
vn 0 0 1 
vn 0 0 1 
vn 0 0 1 
vn 0 0 1 
vn 0 0 1 
vn 0 0 1 
vn 0 0 1 
vn 0 0 1 
vn 0 0 1 
vn 0 0 1 
vn 0 0 1 
vn 0 0 1 
vn 0 0 1 
vn 0 0 1 
vn 0 0 1 
vn 0 0 1 
vn -0.00787402 0 1 
vn -0.00787402 0 1 
vn 0 0 1 
vn 0 0 1 
vn 0 0 1 
vn 0 0 1 
vn 0 0 1 
vn 0 0 1 
vn 0 0 1 
vn 0 0 1 
vn 0 0 1 
vn 0 0 1 
vn 0 0 1 
vn 0 0 1 
vn 0 0 1 
vn 0 0 1 
vn 0 0 1 
vn 0 0 1 
vn 0 0 1 
vn 0 0 1 
vn 0 0 1 
vn 0 0 1 
vn 0 0 1 
vn 0 0 1 
vn 0 0 1 
vn 0 0 1 
vn 0 0 1 
vn 0 0 1 
vn 0 0 1 
vn 0 0 1 
vn 0 0 1 
vn 0 0 1 
vn 0 0 1 
vn 0 0 1 
vn 0 0 1 
vn 0 0 1 
vn 0 0 1 
vn 0 0 1 
vn 0 0 1 
vn 0 0 1 
vn 0 0 1 
vn 0 0 1 
vn 0 0 1 
vn -1 0 0 
vn -1 0 0 
vn -1 0 0 
vn -1 0 0 
vn -1 0 0 
vn -1 0 0 
vn -1 0 0 
vn -1 0 0 
vn -1 0 0 
vn -0.992126 -0.110236 0 
vn -0.992126 -0.110236 0 
vn -0.992126 -0.110236 0 
vn -1 0 0 
vn -1 0 0 
vn -1 0 0 
vn -0.992126 -0.110236 0 
vn -0.992126 -0.110236 0 
vn -0.992126 -0.110236 0 
vn -1 0 0 
vn -1 0 0 
vn -1 0 0 
vn -1 0 0 
vn -0.992126 -0.110236 0 
vn -0.992126 -0.110236 0 
vn -0.992126 -0.110236 0 
vn -1 0.0787402 0 
vn -1 0.0787402 0 
vn -1 0.0787402 0 
vn -0.992126 -0.110236 0 
vn -0.992126 -0.110236 0 
vn -0.992126 -0.110236 0 
vn -1 0 0 
vn -1 0 0 
vn -1 0 0 
vn -1 0 0 
vn -0.992126 -0.110236 0 
vn -1 0 0 
vn -0.992126 -0.110236 0 
vn -0.992126 -0.110236 0 
vn -1 0 0 
vn -0.992126 -0.110236 0 
vn -1 0.0787402 0 
vn -0.992126 -0.110236 0 
vn -0.992126 -0.110236 0 
vn -0.992126 -0.110236 0 
vn -1 0.0866142 0 
vn -1 0.0866142 0 
vn -1 0.0866142 0 
vn -1 0.0866142 0 
vn -1 0.0866142 0 
vn -1 0.0866142 0 
vn -1 0.0866142 0 
vn -1 0.0866142 0 
vn -1 0.0866142 0 
vn -1 0.0866142 0 
vn -1 0.0866142 0 
vn -1 0.0866142 0 
vn -1 0.0866142 0 
vn -1 0.0866142 0 
vn -1 0.0866142 0 
vn -1 0.0866142 0 
vn -1 0.0866142 0 
vn -1 0.0866142 0 
vn -1 0.0866142 0 
vn -1 0.0866142 0 
vn -1 0.0866142 0 
vn -1 0.0866142 0 
vn -1 0.0866142 0 
vn -1 0.0866142 0 
vn -1 0.0866142 0 
vn -1 0.0866142 0 
vn -1 0.0866142 0 
vn -0.992126 -0.110236 0 
vn -0.992126 -0.110236 0 
vn -0.992126 -0.110236 0 
vn -0.992126 -0.110236 0 
vn -0.992126 -0.110236 0 
vn -0.992126 -0.110236 0 
vn -0.992126 -0.110236 0 
vn -0.992126 -0.110236 0 
vn -0.992126 -0.110236 0 
vn -1 0.0866142 0 
vn -1 0.0866142 0 
vn -1 0.0866142 0 
vn -1 0.0866142 0 
vn -1 0.0866142 0 
vn -0.992126 0.102362 0 
vn -0.992126 0.102362 0 
vn -0.992126 0.102362 0 
vn -1 0 0 
vn -1 0 0 
vn -1 0 0 
vn -1 0 0 
vn -0.992126 0.0866142 0 
vn -0.992126 0.0866142 0 
vn -0.992126 0.0866142 0 
vn -0.992126 0.0866142 0 
vn -0.992126 0.0866142 0 
vn -0.992126 0.0866142 0 
vn -0.992126 0.0866142 0 
vn -0.992126 0.0866142 0 
vn -0.992126 0.0866142 0 
vn -0.992126 0.0866142 0 
vn -0.992126 0.0866142 0 
vn -0.992126 0.0866142 0 
vn -0.992126 0.0866142 0 
vn -0.992126 0.0866142 0 
vn -0.992126 0.0866142 0 
vn -1 0 0 
vn -1 0 0 
vn -1 0 0 
vn -1 0 0 
vn -1 0 0 
vn -1 0 0 
vn -1 -0.0472441 0 
vn -1 -0.0472441 0 
vn -1 -0.0472441 0 
vn -1 0 0 
vn -0.992126 0.0866142 0 
vn -1 0 0 
vn -0.992126 0.102362 0 
vn -0.992126 0.0866142 0 
vn -0.992126 0.0866142 0 
vn -0.992126 0.0866142 0 
vn -0.992126 0.0866142 0 
vn -1 0 0 
vn -1 0 0 
vn -0.992126 0.0866142 0 
vn -0.992126 0.0866142 0 
vn -0.992126 0.0866142 0 
vn -0.992126 0.0866142 0 
vn -1 -0.0472441 0 
vn -1 -0.0472441 0 
vn -1 -0.0472441 0 
vn -1 -0.0472441 0 
vn -1 -0.0472441 0 
vn -1 -0.0472441 0 
vn -1 -0.0472441 0 
vn -1 -0.0472441 0 
vn -1 -0.0472441 0 
vn -1 -0.0472441 0 
vn -1 -0.0472441 0 
vn -1 -0.0472441 0 
vn -1 -0.0472441 0 
vn -1 -0.0472441 0 
vn -1 -0.0472441 0 
vn -1 -0.0472441 0 
vn -1 -0.0472441 0 
vn -1 -0.0472441 0 
vn -1 -0.0472441 0 
vn -1 -0.0472441 0 
vn -1 -0.0472441 0 
vn -1 -0.0472441 0 
vn -1 -0.0472441 0 
vn -1 -0.0472441 0 
vn -1 -0.0472441 0 
vn -1 -0.0472441 0 
vn -0.992126 0.0866142 0 
vn -0.992126 0.0866142 0 
vn -0.992126 0.0866142 0 
vn -0.992126 0.0866142 0 
vn -0.992126 0.0866142 0 
vn -0.992126 0.0866142 0 
vn -0.992126 0.0866142 0 
vn -0.992126 0.0866142 0 
vn -1 -0.0472441 0 
vn -1 -0.0472441 0 
vn -1 -0.0472441 0 
vn -0.992126 0.0866142 0 
vn -0.992126 0.0866142 0 
vn -0.992126 0.0866142 0 
vn -0.992126 0.0866142 0 
vn 0.110236 -0.992126 0 
vn 0.110236 -0.992126 0 
vn 0.110236 -0.992126 0 
vn 0 -1 0 
vn 0 -1 0 
vn 0 -1 0 
vn -0.0866142 -1 0 
vn -0.0866142 -1 0 
vn -0.0866142 -1 0 
vn -0.0866142 -1 0 
vn 0.110236 -0.992126 0 
vn 0.110236 -0.992126 0 
vn 0.110236 -0.992126 0 
vn 0.110236 -0.992126 0 
vn 0.110236 -0.992126 0 
vn 0.110236 -0.992126 0 
vn 0 -1 0 
vn 0 -1 0 
vn 0 -1 0 
vn 0.110236 -0.992126 0 
vn 0.110236 -0.992126 0 
vn 0.110236 -0.992126 0 
vn -0.0866142 -0.992126 0 
vn -0.0866142 -0.992126 0 
vn -0.0866142 -0.992126 0 
vn 0.110236 -0.992126 0 
vn 0.110236 -0.992126 0 
vn 0.110236 -0.992126 0 
vn 0 -1 0 
vn 0 -1 0 
vn 0 -1 0 
vn 0 -1 0 
vn 0 -1 0 
vn 0 -1 0 
vn 0 -1 0 
vn 0 -1 0 
vn 0.110236 -0.992126 0 
vn 0 -1 0 
vn 0.110236 -0.992126 0 
vn 0 -1 0 
vn 0.110236 -0.992126 0 
vn 0.110236 -0.992126 0 
vn 0.110236 -0.992126 0 
vn -0.0866142 -1 0 
vn -0.0866142 -1 0 
vn -0.0866142 -1 0 
vn -0.0866142 -1 0 
vn -0.0866142 -1 0 
vn -0.0866142 -1 0 
vn -0.0866142 -1 0 
vn -0.0866142 -1 0 
vn -0.0866142 -1 0 
vn -0.0866142 -1 0 
vn -0.0866142 -1 0 
vn -0.0866142 -1 0 
vn -0.0866142 -1 0 
vn -0.0866142 -1 0 
vn -0.0866142 -1 0 
vn -0.0866142 -1 0 
vn -0.0866142 -1 0 
vn -0.0866142 -1 0 
vn -0.0866142 -1 0 
vn -0.0866142 -1 0 
vn -0.0866142 -1 0 
vn -0.0866142 -1 0 
vn -0.0866142 -1 0 
vn -0.0866142 -1 0 
vn -0.0866142 -1 0 
vn -0.0866142 -1 0 
vn -0.0866142 -1 0 
vn -0.0866142 -1 0 
vn 0.110236 -0.992126 0 
vn 0.110236 -0.992126 0 
vn 0.110236 -0.992126 0 
vn 0.110236 -0.992126 0 
vn -0.0866142 -1 0 
vn 0.110236 -0.992126 0 
vn 0.110236 -0.992126 0 
vn 0.110236 -0.992126 0 
vn 0.110236 -0.992126 0 
vn -0.0866142 -1 0 
vn -0.0866142 -1 0 
vn 0.110236 -0.992126 0 
vn 0.110236 -0.992126 0 
vn 0.110236 -0.992126 0 
vn -0.0866142 -1 0 
vn 0.110236 -0.992126 0 
vn -0.0866142 -0.992126 0 
vn -0.0866142 -0.992126 0 
vn -0.0866142 -0.992126 0 
vn -0.0866142 -0.992126 0 
vn 0 -1 0 
vn 0 -1 0 
vn 0 -1 0 
vn -0.0866142 -0.992126 0 
vn -0.0866142 -0.992126 0 
vn -0.0866142 -0.992126 0 
vn 0.0472441 -1 0 
vn 0.0472441 -1 0 
vn 0.0472441 -1 0 
vn -0.0866142 -0.992126 0 
vn -0.0866142 -0.992126 0 
vn -0.0866142 -0.992126 0 
vn -0.0866142 -0.992126 0 
vn -0.0866142 -0.992126 0 
vn -0.0866142 -0.992126 0 
vn -0.0866142 -0.992126 0 
vn -0.0866142 -0.992126 0 
vn -0.0866142 -0.992126 0 
vn 0 -1 0 
vn 0 -1 0 
vn 0 -1 0 
vn 0.0472441 -1 0 
vn 0.0472441 -1 0 
vn 0.0472441 -1 0 
vn 0.0472441 -1 0 
vn 0 -1 0 
vn 0 -1 0 
vn 0 -1 0 
vn 0 -1 0 
vn -0.0866142 -0.992126 0 
vn -0.0866142 -0.992126 0 
vn -0.0866142 -0.992126 0 
vn -0.0866142 -0.992126 0 
vn -0.0866142 -0.992126 0 
vn 0 -1 0 
vn 0 -1 0 
vn 0 -1 0 
vn 0 -1 0 
vn 0 -1 0 
vn 0 -1 0 
vn 0.0472441 -1 0 
vn 0.0472441 -1 0 
vn 0.0472441 -1 0 
vn 0.0472441 -1 0 
vn 0.0472441 -1 0 
vn 0.0472441 -1 0 
vn 0.0472441 -1 0 
vn 0.0472441 -1 0 
vn 0.0472441 -1 0 
vn 0.0472441 -1 0 
vn 0.0472441 -1 0 
vn 0.0472441 -1 0 
vn 0.0472441 -1 0 
vn 0.0472441 -1 0 
vn 0.0472441 -1 0 
vn 0.0472441 -1 0 
vn 0.0472441 -1 0 
vn 0.0472441 -1 0 
vn 0.0472441 -1 0 
vn 0.0472441 -1 0 
vn 0.0472441 -1 0 
vn 0.0472441 -1 0 
vn 0.0472441 -1 0 
vn 0.0472441 -1 0 
vn 0.0472441 -1 0 
vn 0.0472441 -1 0 
vn 0.0472441 -1 0 
vn -0.0866142 -0.992126 0 
vn -0.0866142 -0.992126 0 
vn -0.0866142 -0.992126 0 
vn -0.0866142 -0.992126 0 
vn -0.0866142 -0.992126 0 
vn -0.0866142 -0.992126 0 
vn -0.0866142 -0.992126 0 
vn -0.0866142 -0.992126 0 
vn 0.0472441 -1 0 
vn -0.0866142 -0.992126 0 
vn -0.0866142 -0.992126 0 
vn -0.0866142 -0.992126 0 
vn -0.0866142 -0.992126 0 
vn 0.0472441 -1 0 
vn -0.322835 -0.275591 -0.905512 
vn 0.527559 -0.622047 -0.574803 
vn -0.622047 -0.527559 -0.574803 
vn -0.322835 -0.275591 -0.905512 
vn 0.275591 -0.322835 -0.905512 
vn 0.275591 -0.322835 -0.905512 
vn 0.527559 -0.622047 -0.574803 
vn 0 0 -1 
vn 0 0 -1 
vn 0 0 -1 
vn 0 0 -1 
vn 0 0 -1 
vn 0 0 -1 
vn 0 0 -1 
vn 0 0 -1 
vn 0 0 -1 
vn 0 0 -1 
vn -0.622047 -0.527559 -0.574803 
vn -0.275591 0.322835 -0.905512 
vn 0.322835 0.275591 -0.905512 
vn 0.527559 -0.622047 -0.574803 
vn -0.622047 -0.527559 -0.574803 
vn 0 0 -1 
vn 0 0 -1 
vn 0 0 -1 
vn 0 0 -1 
vn 0 0 -1 
vn 0 0 -1 
vn 0 0 -1 
vn 0 0 -1 
vn 0 0 -1 
vn 0 0 -1 
vn 0 0 -1 
vn 0 0 -1 
vn 0 0 -1 
vn 0 0 -1 
vn 0 0 -1 
vn 0 0 -1 
vn 0 0 -1 
vn 0 0 -1 
vn 0 0 -1 
vn 0 0 -1 
vn 0 0 -1 
vn -0.023622 0.015748 -1 
vn -0.023622 0.015748 -1 
vn -0.023622 0.015748 -1 
vn 0 0 -1 
vn 0 0 -1 
vn 0 0 -1 
vn 0 0 -1 
vn -0.023622 0.015748 -1 
vn -0.00787402 0 -1 
vn -0.00787402 0 -1 
vn -0.00787402 0 -1 
vn 0 0 -1 
vn 0 0 -1 
vn 0 0 -1 
vn -0.00787402 0 -1 
vn -0.023622 -0.015748 -1 
vn -0.023622 -0.015748 -1 
vn -0.023622 -0.015748 -1 
vn -0.00787402 0 -1 
vn -0.00787402 0 -1 
vn -0.00787402 0 -1 
vn -0.00787402 0 -1 
vn -0.023622 -0.015748 -1 
vn 0 0 -1 
vn 0 0 -1 
vn 0 0 -1 
vn 0 0 -1 
vn 0 0 -1 
vn 0 0 -1 
vn 0 0 -1 
vn 0 0 -1 
vn 0 0 -1 
vn 0 0 -1 
vn 0 0 -1 
vn 0 0 -1 
vn 0 0 -1 
vn 0 0 -1 
vn 0 0 -1 
vn 0 0 -1 
vn 0 0 -1 
vn 0 0 -1 
vn 0 0 -1 
vn 0 0 -1 
vn 0 0 -1 
vn 0 0 -1 
vn 0 0 -1 
vn 0 0 -1 
vn 0 0 -1 
vn 0 0 -1 
vn 0 0 -1 
vn 0 0 -1 
vn 0 0 -1 
vn 0 0 -1 
vn 0 0 -1 
vn 0 0 -1 
vn 0 0 -1 
vn 0 0 -1 
vn 0 0 -1 
vn 0 0 -1 
vn 0 0 -1 
vn 0 0 -1 
vn 0 0 -1 
vn 0 0 -1 
vn 0 0 -1 
vn 0 0 -1 
vn 0 0 -1 
vn 0 0 -1 
vn 0 0 -1 
vn 0 0 -1 
vn 0 0 -1 
vn 0 0 -1 
vn 0 0 -1 
vn 0 0 -1 
vn 0 0 -1 
vn 0 0 -1 
vn 0 0 -1 
vn 0 0 -1 
vn 0 0 -1 
vn 0 0 -1 
vn 0 0 -1 
vn 0 0 -1 
vn -0.527559 0.622047 -0.574803 
vn -0.527559 0.622047 -0.574803 
vn -0.275591 0.322835 -0.905512 
vn -0.527559 0.622047 -0.574803 
vn 0.322835 0.275591 -0.905512 
vn 0 0 -1 
vn 0 0 -1 
vn 0 0 -1 
vn 0 0 -1 
vn 0.622047 0.527559 -0.574803 
vn 0 0 -1 
vn 0 0 -1 
vn 0 0 -1 
vn 0 0 -1 
vn 0 0 -1 
vn 0 0 -1 
vn 0 0 -1 
vn 0 0 -1 
vn 0.622047 0.527559 -0.574803 
vn 0.622047 0.527559 -0.574803 
vn 0 0 -1 
vn 0 0 -1 
vn 0 0 -1 
vn 0 0 -1 
vn 0 0 -1 
vn 0 0 -1 
vn 0 0 -1 
vn 0 0 -1 
vn 0 0 -1 
vn 0 0 -1 
vn 0 0 -1 
vn 0 0 -1 
vn 0 0 -1 
vn 0 0 -1 
vn 0 0 -1 
vn 0 0 -1 
vn 0 0 -1 
vn 0 0 -1 
vn 0 0 -1 
vn 0 0 -1 
vn 0 0 -1 
vn 0 0 -1 
vn 0 0 -1 
vn 0 0 -1 
vn 0 0 -1 
vn 0 0 -1 
vn 0 0 -1 
vn 0 0 -1 
vn 0 0 -1 
vn 0 0 -1 
vn 0 0 -1 
vn 0 0 -1 
vn 0 0 -1 
vn 0 0 -1 
vn 0 0 -1 
vn 0 0 -1 
vn 0 0 -1 
vn 0 0 -1 
vn 0 0 -1 
vn 0 0 -1 
vn 0 0 -1 
vn 0 0 -1 
vn 0 0 -1 
vn 0 0 -1 
vn 0 0 -1 
vn 0 0 -1 
vn 0 0 -1 
vn 0 0 -1 
vn 0 0 -1 
vn 0 0 -1 
vn 0 0 -1 
vn 0 0 -1 
vn 0 0 -1 
vn 0 0 -1 
vn 0 0 -1 
vn 0 0 -1 
vn 0 0 -1 
vn 0 0 -1 
vn 0 0 -1 
vn 0 0 -1 
vn 0 0 -1 
vn 0 0 -1 
vn 0 0 -1 
vn 0 0 -1 
vn 0 0 -1 
vn 0 0 -1 
vn 0 0 -1 
vn 0 0 -1 
vn 0 0 -1 
vn 0 0 -1 
vn 0 0 -1 
vn 0 0 -1 
vn 0 0 -1 
vn 0 0 -1 
vn 0 0 -1 
vn 0 0 -1 
vn 0 0 -1 
vn 0.314961 -0.291339 0.905512 
vn 0.606299 -0.551181 0.574803 
vn 0.606299 -0.551181 0.574803 
vn 0 0 -1 
vn 0 0 -1 
vn 0 0 -1 
vn 0 0 -1 
vn 0 0 -1 
vn 0 0 -1 
vn 0 0 -1 
vn 0 0 -1 
vn 0 0 -1 
vn 0 0 -1 
vn 0 0 -1 
vn 0 0 -1 
vn 0 0 -1 
vn 0 0 -1 
vn 0 0 -1 
vn 0 0 -1 
vn 0.291339 0.314961 0.905512 
vn -0.551181 -0.606299 0.574803 
vn 0 0 -1 
vn 0 0 -1 
vn 0 0 -1 
vn 0 0 -1 
vn 0 0 -1 
vn 0 0 -1 
vn 0 0 -1 
vn 0 0 -1 
vn 0 0 -1 
vn 0 0 -1 
vn 0 0 -1 
vn 0 0 -1 
vn 0 0 -1 
vn 0 0 -1 
vn 0 0 -1 
vn 0 0 -1 
vn 0 0 -1 
vn 0 0 -1 
vn 0 0 -1 
vn 0 0 -1 
vn 0 0 -1 
vn 0 0 -1 
vn 0 0 -1 
vn 0 0 -1 
vn -0.606299 0.551181 0.574803 
vn 0.314961 -0.291339 0.905512 
vn -0.551181 -0.606299 0.574803 
vn -0.291339 -0.314961 0.905512 
vn -0.551181 -0.606299 0.574803 
vn 0.551181 0.606299 0.574803 
vn 0 0 -1 
vn 0 0 -1 
vn 0 0 -1 
vn 0 0 -1 
vn 0 0 -1 
vn 0 0 -1 
vn 0 0 -1 
vn 0 0 -1 
vn 0 0 -1 
vn 0 0 -1 
vn 0 0 -1 
vn 0 0 -1 
vn 0 0 -1 
vn 0 0 -1 
vn 0 0 -1 
vn 0 0 -1 
vn 0 0 -1 
vn 0 0 -1 
vn 0 0 -1 
vn -0.00787402 0 -1 
vn -0.00787402 0 -1 
vn -0.00787402 0 -1 
vn -0.00787402 0 -1 
vn -0.00787402 0 -1 
vn -0.00787402 0 -1 
vn 0 0.00787402 -1 
vn 0 0.00787402 -1 
vn 0 0.00787402 -1 
vn -0.00787402 0 -1 
vn -0.00787402 0 -1 
vn -0.00787402 0 -1 
vn -0.00787402 0 -1 
vn -0.00787402 0 -1 
vn 0 0.00787402 -1 
vn -0.00787402 0 -1 
vn 0 0 -1 
vn 0 0 -1 
vn 0 0 -1 
vn 0 0 -1 
vn 0 0 -1 
vn 0 0 -1 
vn 0 0 -1 
vn 0 0 -1 
vn 0 0 -1 
vn 0 0 -1 
vn 0 0 -1 
vn 0 0 -1 
vn 0 0 -1 
vn 0 0 -1 
vn 0 0 -1 
vn 0 0 -1 
vn 0 0 -1 
vn 0 0 -1 
vn 0 0 -1 
vn 0 0 -1 
vn 0 0 -1 
vn 0 0 -1 
vn 0 0 -1 
vn 0 0 -1 
vn 0 0 -1 
vn 0 0 -1 
vn 0 0 -1 
vn 0 0 -1 
vn 0 0 -1 
vn 0 0 -1 
vn 0 0 -1 
vn 0.291339 0.314961 0.905512 
vn 0.551181 0.606299 0.574803 
vn -0.606299 0.551181 0.574803 
vn -0.606299 0.551181 0.574803 
vn -0.314961 0.291339 0.905512 
vn 0 0 -1 
vn 0 0 -1 
vn 0 0 -1 
vn 0 0 -1 
vn 0 0 -1 
vn 0.606299 -0.551181 0.574803 
vn 0 0 -1 
vn 0 0 -1 
vn 0 0 -1 
vn 0 0 -1 
vn 0 0 -1 
vn 0 0 -1 
vn 0 0 -1 
vn -0.314961 0.291339 0.905512 
vn 0.551181 0.606299 0.574803 
vn -0.291339 -0.314961 0.905512 
vn 0 0 -1 
vn 0 0 -1 
vn 0 0 -1 
vn 0 0 -1 
vn 0 0 -1 
vn 0 0 -1 
vn 0 0 -1 
vn 0 0 -1 
vn 0 0 -1 
vn 0 0 -1 
vn 0 0 -1 
vn 0 0 -1 
vn 0 0 -1 
vn 0 0 -1 
vn 0 0 -1 
vn 0 0 -1 
vn 0 0 -1 
vn 0 0 -1 
vn 0 0 -1 
vn 0 0 -1 
vn 0 0 -1 
vn 0 0 -1 
vn 0 0 -1 
vn 0 0 -1 
vn 0 0 -1 
vn 0 0 -1 
vn 0 0 -1 
vn 0 0 -1 
vn 0 0 -1 
vn 0 0 -1 
vn 0 0 -1 
vn 0 0 -1 
vn 0 0 -1 
vn 0 0 -1 
vn 0 0 -1 
vn 0 0 -1 
vn 0 0 -1 
vn 0 0 -1 
vn 0 0 -1 
vn 0 0 -1 
vn 0 0 -1 
vn 0 0 -1 
vn 0 0 -1 
vn 0 0 -1 
vn 0 0 -1 
vn 0 0 -1 
vn 0 0 -1 
vn 0 0 -1 
vn 0 0 -1 
vn 0 0 -1 
vn 0 0 -1 
vn 0 0 -1 
vn 0 0 -1 
vn 0 0 -1 
vn 0 0 -1 
vn 0 0 -1 
vn 0 0 -1 
vn 0 0 -1 
vn 0 0 -1 
vn 0 0 -1 
vn 0 0 -1 
vn 0 0 -1 
vn 0 0 -1 
vn 0 0 -1 
vn 0 0 -1 
vn 0 0 -1 
vn 0 0 -1 
vn 0 0 -1 
vn 0 0 -1 

vt 26.0381 -49.3153 
vt 25.9782 -49.3638 
vt 26.0381 -49.4036 
vt 26.03 -48.9512 
vt 25.9168 -49.0639 
vt 26.03 -49.0639 
vt 26.0226 -48.9214 
vt 25.9063 -48.9214 
vt 26.0226 -49.0739 
vt 26.03 -48.8091 
vt 25.9168 -48.8842 
vt 26.03 -48.8842 
vt 26.03 -48.8802 
vt 25.9168 -48.9553 
vt 26.03 -48.9553 
vt 25.9782 -49.3153 
vt 26.0436 -49.0851 
vt 25.9087 -49.1181 
vt 26.0436 -49.1181 
vt 26.03 -49.0598 
vt 25.9168 -49.1939 
vt 26.03 -49.1939 
vt 25.9087 -48.9734 
vt 26.0436 -49.0803 
vt 26.0436 -48.9734 
vt 26.0436 -48.931 
vt 25.9087 -48.9776 
vt 26.0436 -48.9776 
vt 26.0175 -48.9496 
vt 25.9133 -49.0609 
vt 26.0175 -49.0609 
vt 25.9168 -48.9512 
vt 25.9063 -49.0739 
vt 25.9133 -48.9496 
vt 25.9168 -48.8091 
vt 25.9168 -48.8802 
vt 25.9146 -49.4036 
vt 25.9168 -49.0598 
vt 25.9146 -49.3638 
vt 25.9087 -49.0851 
vt 25.9087 -49.0803 
vt 26.0851 -48.8342 
vt 26.0851 -48.7713 
vt 26.06 -48.8342 
vt 26.0851 -48.7311 
vt 26.06 -48.738 
vt 26.0851 -48.738 
vt 26.0851 -48.7718 
vt 26.0851 -48.737 
vt 26.06 -48.7718 
vt 26.06 -48.7311 
vt 26.06 -48.7336 
vt 26.0851 -48.7336 
vt 26.0851 -48.7197 
vt 26.06 -48.7197 
vt 26.0851 -48.7039 
vt 26.06 -48.7039 
vt 26.0851 -48.7178 
vt 26.0851 -48.7985 
vt 26.0851 -48.7637 
vt 26.06 -48.7985 
vt 26.06 -48.7637 
vt 26.0851 -48.7627 
vt 26.0851 -48.7348 
vt 26.06 -48.7627 
vt 26.0851 -48.7204 
vt 26.06 -48.7343 
vt 26.0851 -48.7343 
vt 26.06 -48.7348 
vt 26.06 -48.7713 
vt 25.9168 -48.8132 
vt 26.03 -48.7756 
vt 25.9168 -48.7756 
vt 26.03 -48.7421 
vt 25.9168 -48.7797 
vt 26.03 -48.7797 
vt 26.06 -48.737 
vt 25.9168 -48.7421 
vt 26.03 -48.8132 
vt 26.06 -48.7204 
vt 26.06 -48.7178 
vt 26.03 -48.5971 
vt 25.9168 -48.7098 
vt 26.03 -48.7098 
vt 25.9168 -48.5971 
vt 25.9087 -48.931 
vt 26.0381 -49.3153 
vt 25.9782 -49.3638 
vt 26.0381 -49.4036 
vt 25.9782 -49.3153 
vt 26.0436 -49.181 
vt 25.9087 -49.2276 
vt 26.0436 -49.2276 
vt 26.0851 -48.8271 
vt 26.06 -48.7431 
vt 26.06 -48.8271 
vt 26.0436 -48.8214 
vt 25.9087 -48.8421 
vt 26.0436 -48.8421 
vt 26.0436 -49.1386 
vt 25.9087 -49.1852 
vt 26.0436 -49.1852 
vt 26.0436 -48.7235 
vt 25.9087 -49.1429 
vt 26.0436 -49.1429 
vt 26.0226 -48.9464 
vt 25.9063 -48.9464 
vt 26.0226 -49.0739 
vt 26.0175 -48.9496 
vt 25.9133 -49.0052 
vt 26.0175 -49.0052 
vt 26.0226 -48.9214 
vt 25.9063 -48.9214 
vt 26.0226 -48.9464 
vt 26.0175 -49.0052 
vt 25.9133 -49.0052 
vt 26.0175 -49.0609 
vt 25.9146 -49.4036 
vt 25.9146 -49.3638 
vt 25.9087 -49.181 
vt 25.9087 -48.8214 
vt 25.9087 -49.1386 
vt 25.9087 -48.7235 
vt 25.9133 -49.0609 
vt 25.9063 -49.0739 
vt 25.9133 -48.9496 
vt 25.9063 -48.9464 
vt 26.06 -48.7852 
vt 26.0851 -48.7852 
vt 26.0851 -48.7712 
vt 26.06 -48.7355 
vt 26.0851 -48.7355 
vt 26.0851 -48.7285 
vt 26.0851 -48.736 
vt 26.06 -48.736 
vt 26.0851 -48.7709 
vt 26.06 -48.7271 
vt 26.0851 -48.7271 
vt 26.0851 -48.7131 
vt 26.06 -48.6894 
vt 26.0851 -48.7034 
vt 26.0851 -48.6894 
vt 26.06 -48.7131 
vt 26.06 -48.7034 
vt 26.0851 -48.7431 
vt 26.0851 -48.7437 
vt 26.06 -48.7157 
vt 26.06 -48.7437 
vt 26.0851 -48.7157 
vt 26.06 -48.716 
vt 26.0851 -48.716 
vt 26.0851 -48.702 
vt 26.06 -48.7285 
vt 26.06 -48.7709 
vt 26.06 -48.7712 
vt 26.0436 -48.6981 
vt 25.9087 -48.7447 
vt 26.0436 -48.7447 
vt 25.9087 -48.6981 
vt 26.06 -48.702 
vt 26.0436 -48.6727 
vt 25.9087 -48.7193 
vt 26.0436 -48.7193 
vt 25.9087 -48.6727 
vt 26.0436 -48.6219 
vt 25.9087 -48.6685 
vt 26.0436 -48.6685 
vt 25.9087 -48.6219 
vt 26.1672 -48.9782 
vt 26.2875 -49.0381 
vt 26.2875 -48.9782 
vt 26.6575 -49.0175 
vt 26.5739 -48.9133 
vt 26.5739 -49.0175 
vt 26.4501 -48.9063 
vt 26.4501 -49.0226 
vt 26.4647 -49.0226 
vt 26.2369 -48.9168 
vt 26.2369 -49.03 
vt 26.2745 -49.03 
vt 26.4501 -49.0226 
vt 26.3238 -48.9063 
vt 26.3238 -49.0226 
vt 26.1672 -49.0381 
vt 26.1288 -49.0425 
vt 26.0852 -48.9087 
vt 26.0849 -49.0436 
vt 26.1416 -48.9168 
vt 26.1416 -49.03 
vt 26.1792 -49.03 
vt 26.1913 -48.9168 
vt 26.1913 -49.03 
vt 26.2288 -49.03 
vt 26.0662 -48.9087 
vt 26.0661 -49.0436 
vt 26.1123 -49.0425 
vt 26.2875 -48.9782 
vt 26.1672 -48.9146 
vt 26.1672 -48.9782 
vt 26.6575 -48.9133 
vt 26.2875 -48.9146 
vt 26.4647 -48.9063 
vt 26.2745 -48.9168 
vt 26.4501 -48.9063 
vt 26.2288 -48.9168 
vt 26.1288 -48.9097 
vt 25.9906 -48.9087 
vt 26.0849 -49.0436 
vt 26.0852 -48.9087 
vt 26.1792 -48.9168 
vt 26.1123 -48.9097 
vt 26.0617 -49.0436 
vt 26.0617 -48.9087 
vt 25.9685 -49.0436 
vt 26.3689 -49.06 
vt 26.3689 -49.0851 
vt 26.3749 -49.0851 
vt 26.3892 -49.0851 
vt 26.3892 -49.06 
vt 26.3772 -49.0851 
vt 26.3749 -49.06 
vt 26.3677 -49.0851 
vt 26.3378 -49.06 
vt 26.3378 -49.0851 
vt 26.3366 -49.06 
vt 26.2589 -49.06 
vt 26.3366 -49.0851 
vt 26.2589 -49.0851 
vt 26.2158 -49.06 
vt 26.2158 -49.0851 
vt 26.2278 -49.0851 
vt 26.2254 -49.06 
vt 26.2254 -49.0851 
vt 26.2314 -49.0851 
vt 26.2314 -49.06 
vt 26.2601 -49.0851 
vt 26.2601 -49.06 
vt 26.2302 -49.0851 
vt 26.2302 -49.06 
vt 26.3241 -48.9168 
vt 26.3241 -49.03 
vt 26.3617 -49.03 
vt 26.3617 -48.9168 
vt 26.3772 -49.06 
vt 26.3677 -49.06 
vt 26.0775 -48.9168 
vt 26.5656 -49.03 
vt 26.5656 -48.9168 
vt 26.3201 -49.03 
vt 26.3201 -48.9168 
vt 26.2826 -48.9168 
vt 26.2278 -49.06 
vt 26.2826 -49.03 
vt 26.0447 -49.0436 
vt 26.0447 -48.9087 
vt 25.9981 -48.9087 
vt 26.0775 -49.03 
vt 25.9906 -49.0436 
vt 25.9476 -49.0436 
vt 25.9476 -48.9087 
vt 25.8542 -49.0436 
vt 25.7799 -48.9782 
vt 25.9003 -49.0381 
vt 25.9003 -48.9782 
vt 25.9906 -49.0436 
vt 25.9442 -48.9087 
vt 25.9442 -49.0436 
vt 25.9666 -48.9087 
vt 25.8734 -49.0436 
vt 25.9666 -49.0436 
vt 25.8753 -49.0436 
vt 25.8753 -48.9087 
vt 25.7821 -49.0436 
vt 25.7799 -49.0381 
vt 25.8033 -48.9087 
vt 25.8033 -49.0436 
vt 25.8499 -49.0436 
vt 25.3425 -49.0175 
vt 25.4261 -49.0175 
vt 25.3425 -48.9133 
vt 25.5499 -48.9063 
vt 25.5353 -49.0226 
vt 25.5499 -49.0226 
vt 25.5499 -49.0226 
vt 25.6762 -49.0226 
vt 25.5499 -48.9063 
vt 25.9003 -48.9782 
vt 25.7799 -48.9146 
vt 25.7799 -48.9782 
vt 25.8542 -48.9087 
vt 25.9003 -48.9146 
vt 25.9906 -48.9087 
vt 25.8734 -48.9087 
vt 25.9685 -48.9087 
vt 25.8499 -48.9087 
vt 25.4261 -48.9133 
vt 25.5353 -48.9063 
vt 25.6762 -48.9063 
vt 25.7821 -48.9087 
vt 25.8947 -49.0851 
vt 25.8947 -49.06 
vt 25.8827 -49.0851 
vt 25.884 -49.0851 
vt 25.884 -49.06 
vt 25.878 -49.0851 
vt 25.878 -49.06 
vt 25.8487 -49.0851 
vt 25.8787 -49.0851 
vt 25.8487 -49.06 
vt 25.7408 -49.0851 
vt 25.7708 -49.0851 
vt 25.7708 -49.06 
vt 25.7714 -49.0851 
vt 25.8493 -49.0851 
vt 25.8493 -49.06 
vt 25.7408 -49.06 
vt 25.7329 -49.0851 
vt 25.7209 -49.06 
vt 25.7209 -49.0851 
vt 25.7329 -49.06 
vt 25.7402 -49.0851 
vt 25.7402 -49.06 
vt 25.7342 -49.0851 
vt 25.7342 -49.06 
vt 25.7714 -49.06 
vt 25.8787 -49.06 
vt 25.8827 -49.06 
vt 25.9981 -49.0436 
vt 25.7143 -49.0436 
vt 25.9939 -49.0436 
vt 25.9939 -48.9087 
vt 25.7143 -48.9087 
vt 25.6296 -48.9087 
vt 25.6296 -49.0436 
vt 25.6762 -49.0436 
vt 25.6762 -48.9087 
vt 25.6719 -48.9087 
vt 25.6719 -49.0436 
vt 25.7185 -49.0436 
vt 25.7185 -48.9087 
vt 25.6129 -48.8963 
vt 25.5673 -48.8253 
vt 25.5753 -48.9004 
vt 25.7255 -48.8842 
vt 25.6799 -48.8132 
vt 25.6585 -48.9674 
vt 25.621 -48.9714 
vt 25.5257 -48.7918 
vt 25.5297 -48.8293 
vt 25.6216 -48.8342 
vt 25.627 -48.7713 
vt 25.6037 -48.8327 
vt 25.6383 -48.7797 
vt 25.7122 -49.1135 
vt 25.6747 -49.1176 
vt 25.7125 -49.3638 
vt 25.8328 -49.3638 
vt 25.7125 -49.3153 
vt 25.8328 -49.3153 
vt 25.8728 -49.1939 
vt 25.8208 -49.0639 
vt 25.8584 -49.0598 
vt 25.7712 -48.9553 
vt 25.7174 -48.8091 
vt 25.7631 -48.8802 
vt 25.8087 -48.9512 
vt 25.4261 -49.0609 
vt 25.4261 -48.9496 
vt 25.3788 -49.0052 
vt 25.7125 -49.4036 
vt 25.8328 -49.4036 
vt 25.7125 -49.3638 
vt 25.3788 -49.0609 
vt 25.5353 -49.0739 
vt 25.6762 -49.0739 
vt 25.5499 -48.9464 
vt 25.5353 -48.9464 
vt 25.3788 -49.0052 
vt 25.3425 -48.9496 
vt 25.3425 -49.0052 
vt 25.4261 -48.9496 
vt 25.6762 -48.9214 
vt 25.5499 -48.9214 
vt 25.7226 -49.21 
vt 25.8328 -49.3638 
vt 25.9552 -49.1555 
vt 25.9148 -49.0907 
vt 25.9086 -49.1513 
vt 26.0094 -49.0803 
vt 26.0188 -48.9734 
vt 25.9148 -49.0907 
vt 26.0094 -49.0803 
vt 25.9338 -48.875 
vt 25.8712 -49.0855 
vt 25.8877 -48.8711 
vt 25.9383 -48.8251 
vt 26.0315 -48.8336 
vt 25.7812 -48.7985 
vt 25.7645 -48.7831 
vt 25.7633 -48.797 
vt 25.6485 -48.7311 
vt 25.6359 -48.737 
vt 25.6479 -48.738 
vt 25.7399 -48.7178 
vt 25.7202 -48.7372 
vt 25.7501 -48.7397 
vt 25.6311 -48.7226 
vt 25.6251 -48.7221 
vt 25.7214 -48.7232 
vt 25.6323 -48.7086 
vt 25.6784 -48.7336 
vt 25.6622 -48.7112 
vt 25.6634 -48.6973 
vt 25.6795 -48.7197 
vt 25.7495 -48.7467 
vt 25.7615 -48.7477 
vt 25.7722 -48.7627 
vt 25.7585 -48.7825 
vt 25.7842 -48.7637 
vt 25.7746 -48.7348 
vt 25.7686 -48.7343 
vt 25.7698 -48.7204 
vt 25.6108 -48.7489 
vt 25.6228 -48.7499 
vt 25.6329 -48.7718 
vt 25.4881 -48.7958 
vt 25.4841 -48.7583 
vt 25.6343 -48.7421 
vt 25.4344 -48.6497 
vt 25.4465 -48.7623 
vt 25.7411 -48.7039 
vt 25.6759 -48.7756 
vt 25.9346 -48.7098 
vt 25.9225 -48.5971 
vt 25.9468 -48.7319 
vt 26.0019 -48.643 
vt 25.9553 -48.6387 
vt 26.0524 -49.1181 
vt 25.951 -49.2021 
vt 26.0997 -49.3638 
vt 26.2201 -49.3153 
vt 26.0997 -49.3153 
vt 26.2201 -49.3638 
vt 26.2201 -49.3638 
vt 26.0997 -49.4036 
vt 26.2201 -49.4036 
vt 26.0997 -49.3638 
vt 26.2305 -49.2276 
vt 26.1458 -49.1259 
vt 26.1247 -48.8421 
vt 26.0315 -48.8336 
vt 26.0696 -48.931 
vt 26.1242 -48.7712 
vt 26.1069 -48.786 
vt 26.1248 -48.7852 
vt 26.1266 -48.8214 
vt 26.0334 -48.8129 
vt 26.2856 -49.1386 
vt 26.2094 -48.9438 
vt 26.1967 -49.0836 
vt 26.5739 -49.0609 
vt 26.6212 -49.0052 
vt 26.5739 -48.9496 
vt 26.6575 -49.0052 
vt 26.6575 -48.9496 
vt 26.6212 -49.0609 
vt 26.3322 -49.1429 
vt 26.2791 -48.7431 
vt 26.2621 -48.7649 
vt 26.2829 -48.8271 
vt 26.2649 -48.8279 
vt 26.3704 -48.7235 
vt 26.2179 -48.8506 
vt 26.3238 -48.7193 
vt 26.2264 -48.7574 
vt 26.1501 -49.0793 
vt 26.0558 -49.0851 
vt 26.0696 -48.931 
vt 26.0654 -48.9776 
vt 26.2348 -49.181 
vt 26.2814 -49.1852 
vt 26.4647 -49.0739 
vt 26.4501 -48.9464 
vt 26.3238 -49.0739 
vt 26.4647 -48.9464 
vt 26.3238 -48.9214 
vt 26.4501 -48.9214 
vt 26.1053 -48.7511 
vt 26.1286 -48.736 
vt 26.1403 -48.7285 
vt 26.122 -48.7223 
vt 26.1406 -48.7355 
vt 26.116 -48.7226 
vt 26.1702 -48.7271 
vt 26.1513 -48.707 
vt 26.1213 -48.7084 
vt 26.1696 -48.7131 
vt 26.1507 -48.693 
vt 26.2286 -48.6894 
vt 26.2116 -48.7112 
vt 26.2545 -48.7303 
vt 26.2422 -48.7238 
vt 26.2425 -48.7308 
vt 26.2658 -48.7157 
vt 26.2671 -48.7437 
vt 26.2598 -48.716 
vt 26.2122 -48.7252 
vt 26.2292 -48.7034 
vt 26.2592 -48.702 
vt 26.1173 -48.7505 
vt 26.1302 -48.7709 
vt 26.0908 -48.6981 
vt 26.0866 -48.7447 
vt 26.184 -48.7066 
vt 26.2857 -48.6219 
vt 26.0061 -48.5964 
vt 26.1798 -48.7532 
vt 26.2561 -48.7652 
vt 26.2815 -48.6685 
vt 26.3281 -48.6727 
vt 25.9774 -48.9464 
vt 25.9774 -49.0739 
vt 26.0937 -48.9464 
vt 26.0867 -49.0609 
vt 25.9825 -49.0052 
vt 25.9825 -49.0609 
vt 26.0867 -49.0052 
vt 25.9825 -48.9496 
vt 25.9825 -49.0052 
vt 25.97 -48.9004 
vt 26.0832 -48.8253 
vt 25.97 -48.8253 
vt 26.0937 -48.9214 
vt 25.9774 -48.9214 
vt 25.9774 -48.9464 
vt 25.97 -48.9714 
vt 26.0832 -48.8963 
vt 25.97 -48.8963 
vt 25.9619 -49.3153 
vt 25.9619 -49.4036 
vt 26.0218 -49.3638 
vt 26.0218 -49.3153 
vt 25.97 -49.21 
vt 26.0832 -49.1135 
vt 25.97 -49.1135 
vt 25.9575 -49.0855 
vt 26.0903 -48.8711 
vt 25.9575 -48.8706 
vt 25.97 -49.1176 
vt 26.0832 -48.9674 
vt 25.97 -48.9674 
vt 26.0854 -49.4036 
vt 26.0867 -49.0052 
vt 26.0937 -49.0739 
vt 26.0867 -48.9496 
vt 26.0832 -48.9004 
vt 26.0937 -48.9464 
vt 26.0832 -48.9714 
vt 26.0832 -49.21 
vt 26.0854 -49.3638 
vt 26.0832 -49.1176 
vt 26.0903 -49.0855 
vt 26.0832 -48.7918 
vt 25.97 -48.8293 
vt 26.0832 -48.8293 
vt 25.94 -48.7499 
vt 25.9149 -48.7221 
vt 25.9149 -48.7499 
vt 25.9149 -48.7489 
vt 25.9149 -48.8327 
vt 25.94 -48.8327 
vt 25.9149 -48.7226 
vt 25.94 -48.7226 
vt 25.9149 -48.7086 
vt 25.94 -48.7112 
vt 25.9149 -48.6973 
vt 25.9149 -48.7112 
vt 25.94 -48.7086 
vt 25.94 -48.6973 
vt 25.94 -48.797 
vt 25.9149 -48.7831 
vt 25.9149 -48.797 
vt 25.9149 -48.7477 
vt 25.9149 -48.7825 
vt 25.94 -48.7477 
vt 25.9149 -48.7467 
vt 25.94 -48.7467 
vt 25.9149 -48.7397 
vt 25.94 -48.7372 
vt 25.9149 -48.7232 
vt 25.9149 -48.7372 
vt 25.94 -48.7232 
vt 25.97 -48.7918 
vt 26.0832 -48.7583 
vt 25.97 -48.7958 
vt 26.0832 -48.7958 
vt 25.97 -48.7583 
vt 26.0832 -48.7623 
vt 25.97 -48.6497 
vt 25.97 -48.7623 
vt 26.0832 -48.6497 
vt 25.94 -48.7489 
vt 25.94 -48.7831 
vt 25.94 -48.7825 
vt 25.94 -48.7397 
vt 25.94 -48.7221 
vt 26.0913 -49.1513 
vt 25.9564 -49.0907 
vt 25.9564 -49.1513 
vt 25.9619 -49.3153 
vt 25.9619 -49.4036 
vt 26.0218 -49.3638 
vt 26.0218 -49.3153 
vt 25.9564 -49.2021 
vt 26.0913 -49.1555 
vt 25.9564 -49.1555 
vt 25.9564 -48.8336 
vt 26.0913 -48.8129 
vt 25.9564 -48.8129 
vt 25.9564 -48.8745 
vt 26.0913 -48.8251 
vt 25.9564 -48.8251 
vt 25.9564 -49.1259 
vt 26.0913 -49.0793 
vt 25.9564 -49.0793 
vt 25.9564 -49.0836 
vt 26.0913 -48.9438 
vt 25.9564 -48.9438 
vt 26.0867 -49.0609 
vt 25.9825 -48.9496 
vt 25.9825 -49.0609 
vt 25.9774 -48.9214 
vt 25.9774 -49.0739 
vt 26.0937 -48.9214 
vt 25.9149 -48.7649 
vt 25.9149 -48.8279 
vt 25.94 -48.8279 
vt 26.0854 -49.4036 
vt 26.0913 -49.2021 
vt 26.0854 -49.3638 
vt 26.0913 -49.0907 
vt 26.0913 -48.8336 
vt 26.0913 -48.875 
vt 26.0913 -49.1259 
vt 26.0913 -49.0836 
vt 26.0937 -49.0739 
vt 26.0867 -48.9496 
vt 26.0913 -48.7574 
vt 25.9564 -48.8506 
vt 26.0913 -48.8506 
vt 25.9564 -48.7574 
vt 25.9149 -48.7505 
vt 25.94 -48.7226 
vt 25.9149 -48.7226 
vt 25.9149 -48.786 
vt 25.94 -48.786 
vt 25.9149 -48.7511 
vt 25.9149 -48.7223 
vt 25.94 -48.7223 
vt 25.9149 -48.7084 
vt 25.94 -48.693 
vt 25.9149 -48.693 
vt 25.9149 -48.707 
vt 25.94 -48.7084 
vt 25.9149 -48.7112 
vt 25.94 -48.7252 
vt 25.94 -48.7112 
vt 25.9149 -48.7652 
vt 25.94 -48.7303 
vt 25.9149 -48.7303 
vt 25.9149 -48.7308 
vt 25.94 -48.7308 
vt 25.94 -48.7238 
vt 25.9149 -48.7238 
vt 25.9149 -48.7252 
vt 25.94 -48.707 
vt 25.94 -48.7511 
vt 26.0913 -48.6387 
vt 25.9564 -48.7319 
vt 26.0913 -48.7319 
vt 25.9564 -48.6387 
vt 25.9564 -48.643 
vt 26.0913 -48.5964 
vt 25.9564 -48.5964 
vt 26.0913 -48.643 
vt 25.94 -48.7505 
vt 25.94 -48.7652 
vt 25.94 -48.7649 
vt 26.0913 -48.7066 
vt 25.9564 -48.7532 
vt 26.0913 -48.7532 
vt 25.9564 -48.7066 
vt 25.6129 -49.03 
vt 25.5753 -48.9168 
vt 25.5753 -49.03 
vt 25.6762 -48.9063 
vt 25.5353 -49.0226 
vt 25.6762 -49.0226 
vt 25.6216 -49.0851 
vt 25.6216 -49.06 
vt 25.6037 -49.0851 
vt 25.6037 -49.06 
vt 25.5673 -49.03 
vt 25.5297 -48.9168 
vt 25.5297 -49.03 
vt 25.6585 -49.03 
vt 25.621 -48.9168 
vt 25.621 -49.03 
vt 25.8328 -48.9146 
vt 25.7125 -49.0381 
vt 25.8328 -49.0381 
vt 25.7226 -49.03 
vt 25.8728 -49.03 
vt 25.8728 -48.9168 
vt 25.9552 -49.0436 
vt 25.9086 -48.9087 
vt 25.9086 -49.0436 
vt 25.7122 -49.03 
vt 25.6747 -48.9168 
vt 25.6747 -49.03 
vt 25.3788 -48.9133 
vt 25.3425 -49.0175 
vt 25.3788 -49.0175 
vt 25.3788 -49.0175 
vt 25.4261 -48.9133 
vt 25.3788 -48.9133 
vt 25.5353 -48.9063 
vt 25.4261 -49.0175 
vt 25.5673 -48.9168 
vt 25.3425 -48.9133 
vt 25.6129 -48.9168 
vt 25.7125 -48.9146 
vt 25.7226 -48.9168 
vt 25.7122 -48.9168 
vt 25.6585 -48.9168 
vt 25.7812 -49.0851 
vt 25.7812 -49.06 
vt 25.7633 -49.06 
vt 25.7202 -49.0851 
vt 25.7501 -49.0851 
vt 25.7202 -49.06 
vt 25.6329 -49.06 
vt 25.627 -49.0851 
vt 25.6329 -49.0851 
vt 25.6479 -49.06 
vt 25.6359 -49.0851 
vt 25.6479 -49.0851 
vt 25.6485 -49.0851 
vt 25.6784 -49.0851 
vt 25.6485 -49.06 
vt 25.7214 -49.06 
vt 25.6795 -49.0851 
vt 25.7214 -49.0851 
vt 25.7501 -49.06 
vt 25.7633 -49.0851 
vt 25.7645 -49.06 
vt 25.7585 -49.0851 
vt 25.7645 -49.0851 
vt 25.7615 -49.06 
vt 25.7495 -49.0851 
vt 25.7615 -49.0851 
vt 25.7495 -49.06 
vt 25.6359 -49.06 
vt 25.5257 -49.03 
vt 25.4881 -48.9168 
vt 25.4881 -49.03 
vt 25.5257 -48.9168 
vt 25.627 -49.06 
vt 25.4841 -48.9168 
vt 25.4465 -49.03 
vt 25.4841 -49.03 
vt 25.4465 -48.9168 
vt 25.6784 -49.06 
vt 25.7585 -49.06 
vt 25.6343 -49.03 
vt 25.9346 -48.9168 
vt 25.6343 -48.9168 
vt 25.6795 -49.06 
vt 25.9346 -49.03 
vt 25.9552 -48.9087 
vt 25.951 -49.0436 
vt 26.2305 -49.0436 
vt 26.2305 -48.9087 
vt 26.0997 -49.0381 
vt 26.2201 -49.0381 
vt 26.2201 -48.9146 
vt 26.0654 -49.0436 
vt 26.0188 -48.9087 
vt 26.0188 -49.0436 
vt 26.1069 -49.0851 
vt 26.1248 -49.06 
vt 26.1069 -49.06 
vt 26.0696 -49.0436 
vt 26.2094 -49.0436 
vt 26.2094 -48.9087 
vt 26.2814 -49.0436 
vt 26.2348 -48.9087 
vt 26.2348 -49.0436 
vt 26.3322 -49.0436 
vt 26.2856 -48.9087 
vt 26.2856 -49.0436 
vt 26.3238 -49.0226 
vt 26.4647 -49.0226 
vt 26.4647 -48.9063 
vt 26.2649 -49.0851 
vt 26.2829 -49.0851 
vt 26.2649 -49.06 
vt 26.2829 -49.06 
vt 26.6575 -49.0175 
vt 26.6575 -48.9133 
vt 26.6212 -49.0175 
vt 26.0997 -48.9146 
vt 25.951 -48.9087 
vt 26.2814 -48.9087 
vt 26.0654 -48.9087 
vt 26.0696 -48.9087 
vt 26.3322 -48.9087 
vt 26.5739 -49.0175 
vt 26.6212 -48.9133 
vt 26.5739 -48.9133 
vt 26.3238 -48.9063 
vt 26.6212 -49.0175 
vt 26.6212 -48.9133 
vt 26.1248 -49.0851 
vt 26.1286 -49.06 
vt 26.1286 -49.0851 
vt 26.1406 -49.0851 
vt 26.1242 -49.06 
vt 26.1242 -49.0851 
vt 26.1302 -49.0851 
vt 26.1406 -49.06 
vt 26.1702 -49.06 
vt 26.1403 -49.0851 
vt 26.1702 -49.0851 
vt 26.1403 -49.06 
vt 26.1696 -49.0851 
vt 26.2116 -49.0851 
vt 26.1696 -49.06 
vt 26.2425 -49.06 
vt 26.2425 -49.0851 
vt 26.2545 -49.0851 
vt 26.2561 -49.06 
vt 26.2561 -49.0851 
vt 26.2621 -49.0851 
vt 26.2545 -49.06 
vt 26.2422 -49.0851 
vt 26.2422 -49.06 
vt 26.2122 -49.0851 
vt 26.2122 -49.06 
vt 26.1302 -49.06 
vt 26.0866 -49.0436 
vt 26.0866 -48.9087 
vt 25.9468 -49.0436 
vt 25.9468 -48.9087 
vt 26.0908 -49.0436 
vt 26.184 -48.9087 
vt 26.0908 -48.9087 
vt 26.184 -49.0436 
vt 26.2621 -49.06 
vt 26.1798 -48.9087 
vt 26.2264 -49.0436 
vt 26.2264 -48.9087 
vt 26.1798 -49.0436 
vt 26.2116 -49.06 
vt 26.334 -48.8653 
vt 26.2692 -48.8862 
vt 26.3353 -48.8805 
vt 26.3459 -48.849 
vt 26.2679 -48.871 
vt 26.2534 -48.8569 
vt 26.2547 -48.8721 
vt 26.2875 -49.3153 
vt 26.1672 -49.4036 
vt 26.2875 -49.4036 
vt 26.3871 -48.8963 
vt 26.4247 -48.9004 
vt 26.4123 -48.885 
vt 26.3748 -48.881 
vt 26.2745 -48.8842 
vt 26.2493 -48.8955 
vt 26.2868 -48.8995 
vt 26.3472 -48.8642 
vt 26.3407 -48.7881 
vt 26.2482 -48.796 
vt 26.2402 -48.858 
vt 26.3592 -48.8478 
vt 26.4327 -48.8253 
vt 26.4703 -48.8293 
vt 26.4579 -48.814 
vt 26.4123 -48.885 
vt 26.4327 -48.8253 
vt 26.4204 -48.81 
vt 26.2745 -48.8842 
vt 26.2949 -48.8245 
vt 26.2826 -48.8091 
vt 26.1672 -49.3153 
vt 26.0448 -49.1555 
vt 26.0914 -49.1513 
vt 26.076 -49.1387 
vt 26.0297 -49.1429 
vt 26.0448 -49.1555 
vt 26.0339 -49.1895 
vt 26.049 -49.2021 
vt 26.0297 -49.1429 
vt 26.0849 -49.0907 
vt 26.076 -49.1387 
vt 26.0914 -49.1513 
vt 26.0849 -49.0907 
vt 26.1288 -49.0855 
vt 26.1139 -49.0733 
vt 26.0722 -49.1033 
vt 25.9906 -49.0803 
vt 26.0722 -49.1033 
vt 26.0849 -49.0907 
vt 26.0848 -49.0767 
vt 26.0661 -48.8745 
vt 26.0617 -48.8251 
vt 26.0491 -48.8402 
vt 26.0035 -49.0677 
vt 26.0849 -49.0907 
vt 26.0848 -49.0767 
vt 26.0535 -48.8895 
vt 26.0994 -48.8856 
vt 26.0661 -48.8745 
vt 26.0535 -48.8895 
vt 26.1288 -49.0855 
vt 26.0994 -48.8856 
vt 26.1139 -49.0733 
vt 26.1123 -48.8706 
vt 26.1123 -48.8706 
vt 26.2369 -48.8802 
vt 26.4647 -49.0739 
vt 26.4501 -48.9464 
vt 26.3238 -49.0739 
vt 26.313 -49.1022 
vt 26.3415 -48.9674 
vt 26.3291 -48.952 
vt 26.3253 -49.1176 
vt 26.2878 -49.1135 
vt 26.3253 -49.1176 
vt 26.313 -49.1022 
vt 26.4647 -48.9464 
vt 26.6575 -48.9496 
vt 26.6212 -49.0052 
vt 26.6575 -49.0052 
vt 26.5739 -49.0609 
vt 26.6212 -49.0609 
vt 26.5739 -48.9496 
vt 26.3238 -48.9214 
vt 26.4247 -48.9004 
vt 26.3871 -48.8963 
vt 26.3667 -48.9561 
vt 26.379 -48.9714 
vt 26.3667 -48.9561 
vt 26.3291 -48.952 
vt 26.3415 -48.9674 
vt 26.3748 -48.881 
vt 26.4501 -48.9214 
vt 26.379 -48.9714 
vt 26.2754 -49.0982 
vt 26.1792 -49.0639 
vt 26.154 -49.0751 
vt 26.1915 -49.0792 
vt 26.1416 -49.0598 
vt 26.1425 -49.1815 
vt 26.154 -49.0751 
vt 26.1272 -49.1939 
vt 26.2774 -49.21 
vt 26.265 -49.1947 
vt 26.2878 -49.1135 
vt 26.2754 -49.0982 
vt 26.1416 -49.0598 
vt 26.2868 -48.8995 
vt 26.2288 -48.9553 
vt 26.2493 -48.8955 
vt 26.2369 -48.8802 
vt 26.1792 -49.0639 
vt 26.2037 -48.9665 
vt 26.1913 -48.9512 
vt 26.2288 -48.9553 
vt 26.2037 -48.9665 
vt 26.2412 -48.9706 
vt 26.2412 -48.9706 
vt 26.1913 -48.9512 
vt 26.1915 -49.0792 
vt 26.3201 -48.8132 
vt 26.2949 -48.8245 
vt 26.3325 -48.8285 
vt 26.354 -48.7869 
vt 26.3395 -48.7728 
vt 26.3262 -48.774 
vt 26.3249 -48.7587 
vt 26.2601 -48.7796 
vt 26.3515 -48.7311 
vt 26.3641 -48.737 
vt 26.3689 -48.7226 
vt 26.3521 -48.738 
vt 26.2588 -48.7644 
vt 26.3749 -48.7221 
vt 26.3677 -48.7086 
vt 26.3378 -48.7112 
vt 26.3216 -48.7336 
vt 26.3205 -48.7197 
vt 26.3366 -48.6973 
vt 26.2786 -48.7232 
vt 26.2589 -48.7039 
vt 26.2469 -48.7807 
vt 26.235 -48.7971 
vt 26.2355 -48.7831 
vt 26.2158 -48.7637 
vt 26.2188 -48.7985 
vt 26.2415 -48.7825 
vt 26.2278 -48.7627 
vt 26.2385 -48.7477 
vt 26.2254 -48.7348 
vt 26.2505 -48.7467 
vt 26.2499 -48.7397 
vt 26.2798 -48.7372 
vt 26.2601 -48.7178 
vt 26.2314 -48.7343 
vt 26.2302 -48.7204 
vt 26.2367 -48.797 
vt 26.4204 -48.81 
vt 26.4743 -48.7918 
vt 26.4579 -48.814 
vt 26.4703 -48.8293 
vt 26.3892 -48.7489 
vt 26.373 -48.7713 
vt 26.3963 -48.8327 
vt 26.3784 -48.8342 
vt 26.462 -48.7765 
vt 26.5159 -48.7583 
vt 26.4995 -48.7805 
vt 26.5119 -48.7958 
vt 26.4743 -48.7918 
vt 26.5119 -48.7958 
vt 26.4995 -48.7805 
vt 26.462 -48.7765 
vt 26.5036 -48.7429 
vt 26.5411 -48.747 
vt 26.5036 -48.7429 
vt 26.5159 -48.7583 
vt 26.3772 -48.7499 
vt 26.374 -48.795 
vt 26.3811 -48.7298 
vt 26.3657 -48.7421 
vt 26.5535 -48.7623 
vt 26.5503 -48.662 
vt 26.5535 -48.7623 
vt 26.5656 -48.6497 
vt 26.5411 -48.747 
vt 26.0775 -48.5971 
vt 26.5503 -48.662 
vt 26.5656 -48.6497 
vt 26.3671 -48.7718 
vt 26.3365 -48.7909 
vt 26.3201 -48.8132 
vt 26.3325 -48.8285 
vt 26.2826 -48.8091 
vt 26.3241 -48.7756 
vt 26.3617 -48.7797 
vt 26.3617 -48.7797 
vt 26.3365 -48.7909 
vt 26.374 -48.795 
vt 26.3241 -48.7756 
vt 26.0898 -48.6125 
vt 26.0654 -48.7098 
vt 26.0807 -48.6974 
vt 26.0447 -48.6387 
vt 26.0381 -48.7193 
vt 26.0532 -48.7319 
vt 26.0321 -48.6539 
vt 26.0775 -48.5971 
vt 26.3657 -48.7421 
vt 26.3811 -48.7298 
vt 26.0898 -48.6125 
vt 25.9685 -48.8336 
vt 26.0491 -48.8402 
vt 26.0617 -48.8251 
vt 25.9476 -49.1181 
vt 25.8416 -49.1409 
vt 25.9629 -49.1308 
vt 25.9206 -48.918 
vt 25.9685 -48.8336 
vt 25.9543 -48.8316 
vt 25.8583 -48.8592 
vt 25.859 -48.844 
vt 25.8451 -48.8586 
vt 25.7821 -48.8506 
vt 25.8904 -48.8547 
vt 25.8753 -48.8421 
vt 25.7906 -48.9438 
vt 25.9304 -48.931 
vt 25.9206 -48.918 
vt 25.9304 -48.931 
vt 25.8542 -49.1259 
vt 25.8542 -49.1259 
vt 25.8499 -49.0793 
vt 25.8373 -49.0944 
vt 25.8885 -48.834 
vt 25.8753 -48.8421 
vt 25.8904 -48.8547 
vt 25.9783 -48.8467 
vt 25.8734 -48.8214 
vt 25.8751 -48.7835 
vt 25.8723 -48.8446 
vt 25.9685 -48.8336 
vt 25.954 -48.828 
vt 25.9543 -48.8316 
vt 25.9666 -48.8129 
vt 25.8734 -48.8214 
vt 25.954 -48.828 
vt 25.9666 -48.8129 
vt 25.8885 -48.834 
vt 25.8416 -49.1409 
vt 25.8033 -49.0836 
vt 25.8373 -49.0944 
vt 25.8499 -49.0793 
vt 25.7907 -49.0987 
vt 25.7906 -48.9438 
vt 25.7907 -49.0987 
vt 25.8033 -49.0836 
vt 25.7755 -48.9312 
vt 25.7755 -48.9312 
vt 25.7652 -49.181 
vt 25.7312 -49.1701 
vt 25.7186 -49.1852 
vt 25.6296 -48.7235 
vt 25.6678 -49.1429 
vt 25.6804 -49.1278 
vt 25.7781 -48.8709 
vt 25.8444 -48.8739 
vt 25.7788 -48.8556 
vt 25.7655 -48.855 
vt 25.7662 -48.8397 
vt 25.8618 -48.7829 
vt 25.7695 -48.8657 
vt 25.6447 -48.7361 
vt 25.7144 -49.1386 
vt 25.7186 -49.1852 
vt 25.7312 -49.1701 
vt 25.7695 -49.2276 
vt 26.049 -49.2021 
vt 26.0339 -49.1895 
vt 25.9595 -49.0975 
vt 25.9476 -49.1181 
vt 25.9629 -49.1308 
vt 25.9442 -49.0851 
vt 25.7821 -49.2124 
vt 25.9906 -49.0943 
vt 25.9906 -49.0803 
vt 25.9906 -49.0803 
vt 25.9595 -49.0975 
vt 25.9906 -49.0943 
vt 25.9442 -49.0851 
vt 25.9812 -48.9734 
vt 25.9906 -49.0803 
vt 26.0035 -49.0677 
vt 25.9304 -48.931 
vt 25.9783 -48.8467 
vt 25.9685 -48.8336 
vt 25.9812 -48.9734 
vt 25.9472 -48.9625 
vt 25.9346 -48.9776 
vt 25.9304 -48.931 
vt 25.9346 -48.9776 
vt 25.9472 -48.9625 
vt 25.9445 -48.933 
vt 25.9939 -48.9583 
vt 25.9939 -48.9583 
vt 25.9445 -48.933 
vt 25.7799 -49.3153 
vt 25.9003 -49.4036 
vt 25.9003 -49.3153 
vt 25.7652 -49.181 
vt 25.7695 -49.2276 
vt 25.7821 -49.2124 
vt 25.6804 -49.1278 
vt 25.7144 -49.1386 
vt 25.727 -49.1235 
vt 25.6678 -49.1429 
vt 25.7778 -49.1659 
vt 25.7799 -49.4036 
vt 25.7778 -49.1659 
vt 25.727 -49.1235 
vt 25.3788 -49.0052 
vt 25.3788 -49.0609 
vt 25.4261 -49.0609 
vt 25.6762 -48.9214 
vt 25.5499 -48.9464 
vt 25.6762 -49.0739 
vt 25.5499 -48.9214 
vt 25.5353 -48.9464 
vt 25.5353 -49.0739 
vt 25.5499 -48.9464 
vt 25.5353 -49.0739 
vt 25.4261 -48.9496 
vt 25.3425 -48.9496 
vt 25.3425 -49.0052 
vt 25.7585 -48.7448 
vt 25.7695 -48.8657 
vt 25.7821 -48.8506 
vt 25.8625 -48.7677 
vt 25.8493 -48.767 
vt 25.769 -48.7787 
vt 25.783 -48.764 
vt 25.7837 -48.7487 
vt 25.8827 -48.7505 
vt 25.884 -48.7226 
vt 25.8714 -48.736 
vt 25.8594 -48.7355 
vt 25.8597 -48.7285 
vt 25.85 -48.7518 
vt 25.878 -48.7223 
vt 25.8787 -48.7084 
vt 25.8487 -48.707 
vt 25.8298 -48.7271 
vt 25.8304 -48.7131 
vt 25.8493 -48.693 
vt 25.7714 -48.6894 
vt 25.7697 -48.7634 
vt 25.7558 -48.7781 
vt 25.753 -48.8391 
vt 25.7342 -48.7157 
vt 25.7329 -48.7437 
vt 25.7455 -48.7303 
vt 25.7578 -48.7238 
vt 25.7575 -48.7308 
vt 25.7439 -48.7652 
vt 25.7209 -48.7431 
vt 25.7379 -48.7649 
vt 25.7402 -48.716 
vt 25.7878 -48.7252 
vt 25.7708 -48.7034 
vt 25.7408 -48.702 
vt 25.7884 -48.7112 
vt 25.7171 -48.8271 
vt 25.8931 -48.786 
vt 25.8758 -48.7712 
vt 25.8752 -48.7852 
vt 25.8947 -48.7511 
vt 25.8698 -48.7709 
vt 25.926 -48.7295 
vt 26.0532 -48.7319 
vt 26.0381 -48.7193 
vt 25.9134 -48.7447 
vt 25.9092 -48.6981 
vt 25.9134 -48.7447 
vt 25.926 -48.7295 
vt 25.9218 -48.6829 
vt 26.0321 -48.6539 
vt 25.9981 -48.643 
vt 25.9855 -48.6581 
vt 25.9813 -48.6115 
vt 25.9855 -48.6581 
vt 25.9981 -48.643 
vt 25.7143 -48.6219 
vt 25.9813 -48.6115 
vt 25.9939 -48.5964 
vt 26.0447 -48.6387 
vt 25.9939 -48.5964 
vt 25.9218 -48.6829 
vt 25.816 -48.7066 
vt 25.9092 -48.6981 
vt 25.8008 -48.694 
vt 25.816 -48.7066 
vt 25.8051 -48.7406 
vt 25.8202 -48.7532 
vt 25.7351 -48.8279 
vt 25.6762 -48.7193 
vt 25.6447 -48.7361 
vt 25.6913 -48.7319 
vt 25.6296 -48.7235 
vt 25.7736 -48.7574 
vt 25.8202 -48.7532 
vt 25.8051 -48.7406 
vt 25.7585 -48.7448 
vt 25.7736 -48.7574 
vt 25.8008 -48.694 
vt 25.7294 -48.6345 
vt 25.7294 -48.6345 
vt 25.7185 -48.6685 
vt 25.7337 -48.6811 
vt 25.7185 -48.6685 
vt 25.6871 -48.6853 
vt 25.7337 -48.6811 
vt 25.6871 -48.6853 
vt 25.6762 -48.7193 
vt 25.6913 -48.7319 
vt 25.7143 -48.6219 
vt 25.6719 -48.6727 
vt 25.6719 -48.6727 

usemtl Text0021Mtl

f 1221/1221/1221 1222/1222/1222 1223/1223/1223 
f 1222/1222/1222 1221/1221/1221 1238/1238/1238 
f 1227/1227/1227 1228/1228/1228 1229/1229/1229 
f 1229/1229/1229 1228/1228/1228 1236/1236/1236 
f 1218/1218/1218 1219/1219/1219 1220/1220/1220 
f 1220/1220/1220 1219/1219/1219 1237/1237/1237 
f 1224/1224/1224 1225/1225/1225 1226/1226/1226 
f 1226/1226/1226 1225/1225/1225 1239/1239/1239 
f 1215/1215/1215 1216/1216/1216 1217/1217/1217 
f 1216/1216/1216 1215/1215/1215 1235/1235/1235 
f 1212/1212/1212 1213/1213/1213 1214/1214/1214 
f 1213/1213/1213 1212/1212/1212 1234/1234/1234 
f 1273/1273/1273 1274/1274/1274 1275/1275/1275 
f 1274/1274/1274 1273/1273/1273 1276/1276/1276 
f 1206/1206/1206 1207/1207/1207 1208/1208/1208 
f 1207/1207/1207 1206/1206/1206 1257/1257/1257 
f 1258/1258/1258 1259/1259/1259 1260/1260/1260 
f 1259/1259/1259 1258/1258/1258 1261/1261/1261 
f 1262/1262/1262 1263/1263/1263 1264/1264/1264 
f 1264/1264/1264 1272/1272/1272 1262/1262/1262 
f 1203/1203/1203 1204/1204/1204 1205/1205/1205 
f 1204/1204/1204 1203/1203/1203 1232/1232/1232 
f 1277/1277/1277 1278/1278/1278 1279/1279/1279 
f 1278/1278/1278 1277/1277/1277 1280/1280/1280 
f 1252/1252/1252 1253/1253/1253 1254/1254/1254 
f 1253/1253/1253 1252/1252/1252 1256/1256/1256 
f 1199/1199/1199 1200/1200/1200 1201/1201/1201 
f 1200/1200/1200 1199/1199/1199 1202/1202/1202 
f 1230/1230/1230 1201/1201/1201 1200/1200/1200 
f 1200/1200/1200 1231/1231/1231 1230/1230/1230 
f 1249/1249/1249 1250/1250/1250 1251/1251/1251 
f 1251/1251/1251 1255/1255/1255 1249/1249/1249 
f 1243/1243/1243 1244/1244/1244 1245/1245/1245 
f 1245/1245/1245 1265/1265/1265 1243/1243/1243 
f 1246/1246/1246 1247/1247/1247 1248/1248/1248 
f 1248/1248/1248 1247/1247/1247 1266/1266/1266 
f 1240/1240/1240 1241/1241/1241 1242/1242/1242 
f 1242/1242/1242 1267/1267/1267 1240/1240/1240 
f 1209/1209/1209 1210/1210/1210 1211/1211/1211 
f 1210/1210/1210 1209/1209/1209 1233/1233/1233 
f 1129/1129/1129 1130/1130/1130 1131/1131/1131 
f 1130/1130/1130 1129/1129/1129 1152/1152/1152 
f 1138/1138/1138 1139/1139/1139 1140/1140/1140 
f 1139/1139/1139 1138/1138/1138 1198/1198/1198 
f 1268/1268/1268 1269/1269/1269 1270/1270/1270 
f 1269/1269/1269 1268/1268/1268 1271/1271/1271 
f 1135/1135/1135 1136/1136/1136 1137/1137/1137 
f 1136/1136/1136 1135/1135/1135 1153/1153/1153 
f 1194/1194/1194 1195/1195/1195 1196/1196/1196 
f 1195/1195/1195 1194/1194/1194 1197/1197/1197 
f 1132/1132/1132 1133/1133/1133 1134/1134/1134 
f 1133/1133/1133 1132/1132/1132 1150/1150/1150 
f 1113/1113/1113 1114/1114/1114 1115/1115/1115 
f 1114/1114/1114 1113/1113/1113 1128/1128/1128 
f 1149/1149/1149 1115/1115/1115 1114/1114/1114 
f 1114/1114/1114 1151/1151/1151 1149/1149/1149 
f 1116/1116/1116 1117/1117/1117 1118/1118/1118 
f 1117/1117/1117 1116/1116/1116 1144/1144/1144 
f 1171/1171/1171 1172/1172/1172 1173/1173/1173 
f 1172/1172/1172 1174/1174/1174 1173/1173/1173 
f 1125/1125/1125 1126/1126/1126 1127/1127/1127 
f 1126/1126/1126 1125/1125/1125 1148/1148/1148 
f 1175/1175/1175 1176/1176/1176 1177/1177/1177 
f 1176/1176/1176 1181/1181/1181 1177/1177/1177 
f 1178/1178/1178 1179/1179/1179 1180/1180/1180 
f 1179/1179/1179 1178/1178/1178 1192/1192/1192 
f 1122/1122/1122 1123/1123/1123 1124/1124/1124 
f 1123/1123/1123 1122/1122/1122 1147/1147/1147 
f 1168/1168/1168 1169/1169/1169 1170/1170/1170 
f 1170/1170/1170 1169/1169/1169 1193/1193/1193 
f 1183/1183/1183 1184/1184/1184 1185/1185/1185 
f 1184/1184/1184 1183/1183/1183 1191/1191/1191 
f 1119/1119/1119 1120/1120/1120 1121/1121/1121 
f 1121/1121/1121 1120/1120/1120 1145/1145/1145 
f 1164/1164/1164 1165/1165/1165 1166/1166/1166 
f 1166/1166/1166 1167/1167/1167 1164/1164/1164 
f 1186/1186/1186 1187/1187/1187 1188/1188/1188 
f 1187/1187/1187 1186/1186/1186 1190/1190/1190 
f 1157/1157/1157 1158/1158/1158 1159/1159/1159 
f 1158/1158/1158 1157/1157/1157 1163/1163/1163 
f 1160/1160/1160 1161/1161/1161 1162/1162/1162 
f 1161/1161/1161 1189/1189/1189 1162/1162/1162 
f 1154/1154/1154 1155/1155/1155 1156/1156/1156 
f 1182/1182/1182 1156/1156/1156 1155/1155/1155 
f 1141/1141/1141 1142/1142/1142 1143/1143/1143 
f 1142/1142/1142 1141/1141/1141 1146/1146/1146 
f 1358/1358/1358 1359/1359/1359 1360/1360/1360 
f 1359/1359/1359 1358/1358/1358 1369/1369/1369 
f 1441/1441/1441 1442/1442/1442 1443/1443/1443 
f 1441/1441/1441 1443/1443/1443 1444/1444/1444 
f 1366/1366/1366 1367/1367/1367 1368/1368/1368 
f 1368/1368/1368 1440/1440/1440 1366/1366/1366 
f 1449/1449/1449 1450/1450/1450 1451/1451/1451 
f 1451/1451/1451 1452/1452/1452 1449/1449/1449 
f 1445/1445/1445 1446/1446/1446 1447/1447/1447 
f 1447/1447/1447 1448/1448/1448 1445/1445/1445 
f 1425/1425/1425 1426/1426/1426 1427/1427/1427 
f 1425/1425/1425 1427/1427/1427 1437/1437/1437 
f 1419/1419/1419 1420/1420/1420 1421/1421/1421 
f 1420/1420/1420 1438/1438/1438 1421/1421/1421 
f 1422/1422/1422 1423/1423/1423 1424/1424/1424 
f 1422/1422/1422 1424/1424/1424 1428/1428/1428 
f 1337/1337/1337 1338/1338/1338 1339/1339/1339 
f 1340/1340/1340 1339/1339/1339 1338/1338/1338 
f 1415/1415/1415 1416/1416/1416 1417/1417/1417 
f 1417/1417/1417 1416/1416/1416 1418/1418/1418 
f 1433/1433/1433 1434/1434/1434 1435/1435/1435 
f 1435/1435/1435 1434/1434/1434 1436/1436/1436 
f 1334/1334/1334 1335/1335/1335 1336/1336/1336 
f 1335/1335/1335 1334/1334/1334 1357/1357/1357 
f 1348/1348/1348 1349/1349/1349 1350/1350/1350 
f 1350/1350/1350 1349/1349/1349 1351/1351/1351 
f 1352/1352/1352 1353/1353/1353 1354/1354/1354 
f 1354/1354/1354 1355/1355/1355 1352/1352/1352 
f 1327/1327/1327 1328/1328/1328 1329/1329/1329 
f 1329/1329/1329 1333/1333/1333 1327/1327/1327 
f 1344/1344/1344 1345/1345/1345 1346/1346/1346 
f 1346/1346/1346 1347/1347/1347 1344/1344/1344 
f 1412/1412/1412 1413/1413/1413 1414/1414/1414 
f 1414/1414/1414 1413/1413/1413 1439/1439/1439 
f 1429/1429/1429 1430/1430/1430 1431/1431/1431 
f 1430/1430/1430 1429/1429/1429 1432/1432/1432 
f 1330/1330/1330 1331/1331/1331 1332/1332/1332 
f 1332/1332/1332 1331/1331/1331 1356/1356/1356 
f 1341/1341/1341 1342/1342/1342 1343/1343/1343 
f 1343/1343/1343 1364/1364/1364 1341/1341/1341 
f 1361/1361/1361 1362/1362/1362 1363/1363/1363 
f 1363/1363/1363 1365/1365/1365 1361/1361/1361 
f 1380/1380/1380 1381/1381/1381 1382/1382/1382 
f 1381/1381/1381 1380/1380/1380 1405/1405/1405 
f 1324/1324/1324 1325/1325/1325 1326/1326/1326 
f 1326/1326/1326 1325/1325/1325 1406/1406/1406 
f 1383/1383/1383 1384/1384/1384 1385/1385/1385 
f 1385/1385/1385 1384/1384/1384 1411/1411/1411 
f 1290/1290/1290 1291/1291/1291 1292/1292/1292 
f 1292/1292/1292 1315/1315/1315 1290/1290/1290 
f 1306/1306/1306 1307/1307/1307 1308/1308/1308 
f 1308/1308/1308 1323/1323/1323 1306/1306/1306 
f 1293/1293/1293 1294/1294/1294 1295/1295/1295 
f 1294/1294/1294 1293/1293/1293 1316/1316/1316 
f 1396/1396/1396 1397/1397/1397 1398/1398/1398 
f 1397/1397/1397 1410/1410/1410 1398/1398/1398 
f 1303/1303/1303 1304/1304/1304 1305/1305/1305 
f 1305/1305/1305 1317/1317/1317 1303/1303/1303 
f 1287/1287/1287 1288/1288/1288 1289/1289/1289 
f 1289/1289/1289 1314/1314/1314 1287/1287/1287 
f 1393/1393/1393 1394/1394/1394 1395/1395/1395 
f 1394/1394/1394 1393/1393/1393 1409/1409/1409 
f 1284/1284/1284 1285/1285/1285 1286/1286/1286 
f 1285/1285/1285 1284/1284/1284 1312/1312/1312 
f 1390/1390/1390 1391/1391/1391 1392/1392/1392 
f 1391/1391/1391 1408/1408/1408 1392/1392/1392 
f 1300/1300/1300 1301/1301/1301 1302/1302/1302 
f 1302/1302/1302 1322/1322/1322 1300/1300/1300 
f 1387/1387/1387 1388/1388/1388 1389/1389/1389 
f 1389/1389/1389 1407/1407/1407 1387/1387/1387 
f 1377/1377/1377 1378/1378/1378 1379/1379/1379 
f 1378/1378/1378 1377/1377/1377 1404/1404/1404 
f 1319/1319/1319 1320/1320/1320 1321/1321/1321 
f 1320/1320/1320 1319/1319/1319 1370/1370/1370 
f 1297/1297/1297 1298/1298/1298 1299/1299/1299 
f 1298/1298/1298 1297/1297/1297 1318/1318/1318 
f 1371/1371/1371 1372/1372/1372 1373/1373/1373 
f 1373/1373/1373 1372/1372/1372 1402/1402/1402 
f 1281/1281/1281 1282/1282/1282 1283/1283/1283 
f 1282/1282/1282 1281/1281/1281 1296/1296/1296 
f 1374/1374/1374 1375/1375/1375 1376/1376/1376 
f 1375/1375/1375 1374/1374/1374 1386/1386/1386 
f 1309/1309/1309 1310/1310/1310 1311/1311/1311 
f 1310/1310/1310 1309/1309/1309 1313/1313/1313 
f 1399/1399/1399 1400/1400/1400 1401/1401/1401 
f 1400/1400/1400 1399/1399/1399 1403/1403/1403 
f 1486/1486/1486 1487/1487/1487 1488/1488/1488 
f 1486/1486/1486 1488/1488/1488 1489/1489/1489 
f 1494/1494/1494 1488/1488/1488 1487/1487/1487 
f 1488/1488/1488 1494/1494/1494 1495/1495/1495 
f 1594/1594/1594 1595/1595/1595 1596/1596/1596 
f 1595/1595/1595 1594/1594/1594 1597/1597/1597 
f 1598/1598/1598 1596/1596/1596 1595/1595/1595 
f 1598/1598/1598 1595/1595/1595 1599/1599/1599 
f 1498/1498/1498 1499/1499/1499 1500/1500/1500 
f 1499/1499/1499 1498/1498/1498 1501/1501/1501 
f 1498/1498/1498 1550/1550/1550 1501/1501/1501 
f 1501/1501/1501 1550/1550/1550 1589/1589/1589 
f 1550/1550/1550 1498/1498/1498 1551/1551/1551 
f 1560/1560/1560 1550/1550/1550 1551/1551/1551 
f 1550/1550/1550 1560/1560/1560 1561/1561/1561 
f 1592/1592/1592 1561/1561/1561 1560/1560/1560 
f 1561/1561/1561 1592/1592/1592 1572/1572/1572 
f 1588/1588/1588 1561/1561/1561 1572/1572/1572 
f 1572/1572/1572 1592/1592/1592 1570/1570/1570 
f 1593/1593/1593 1570/1570/1570 1592/1592/1592 
f 1570/1570/1570 1571/1571/1571 1572/1572/1572 
f 1571/1571/1571 1570/1570/1570 1579/1579/1579 
f 1584/1584/1584 1571/1571/1571 1579/1579/1579 
f 1571/1571/1571 1584/1584/1584 1585/1585/1585 
f 1586/1586/1586 1585/1585/1585 1584/1584/1584 
f 1585/1585/1585 1562/1562/1562 1571/1571/1571 
f 1564/1564/1564 1571/1571/1571 1562/1562/1562 
f 1585/1585/1585 1586/1586/1586 1587/1587/1587 
f 1562/1562/1562 1563/1563/1563 1564/1564/1564 
f 1568/1568/1568 1563/1563/1563 1562/1562/1562 
f 1563/1563/1563 1568/1568/1568 1569/1569/1569 
f 1586/1586/1586 1631/1631/1631 1587/1587/1587 
f 1631/1631/1631 1586/1586/1586 1632/1632/1632 
f 1587/1587/1587 1631/1631/1631 1626/1626/1626 
f 1587/1587/1587 1626/1626/1626 1629/1629/1629 
f 1627/1627/1627 1626/1626/1626 1631/1631/1631 
f 1624/1624/1624 1626/1626/1626 1627/1627/1627 
f 1624/1624/1624 1627/1627/1627 1628/1628/1628 
f 1548/1548/1548 1624/1624/1624 1628/1628/1628 
f 1547/1547/1547 1624/1624/1624 1548/1548/1548 
f 1624/1624/1624 1547/1547/1547 1625/1625/1625 
f 1547/1547/1547 1548/1548/1548 1549/1549/1549 
f 1502/1502/1502 1503/1503/1503 1504/1504/1504 
f 1505/1505/1505 1503/1503/1503 1502/1502/1502 
f 1503/1503/1503 1505/1505/1505 1506/1506/1506 
f 1506/1506/1506 1505/1505/1505 1507/1507/1507 
f 1502/1502/1502 1590/1590/1590 1505/1505/1505 
f 1590/1590/1590 1502/1502/1502 1591/1591/1591 
f 1590/1590/1590 1509/1509/1509 1505/1505/1505 
f 1508/1508/1508 1505/1505/1505 1509/1509/1509 
f 1479/1479/1479 1480/1480/1480 1481/1481/1481 
f 1481/1481/1481 1485/1485/1485 1479/1479/1479 
f 1490/1490/1490 1491/1491/1491 1492/1492/1492 
f 1491/1491/1491 1490/1490/1490 1493/1493/1493 
f 1573/1573/1573 1574/1574/1574 1575/1575/1575 
f 1574/1574/1574 1573/1573/1573 1578/1578/1578 
f 1577/1577/1577 1575/1575/1575 1574/1574/1574 
f 1574/1574/1574 1576/1576/1576 1577/1577/1577 
f 1482/1482/1482 1483/1483/1483 1484/1484/1484 
f 1497/1497/1497 1484/1484/1484 1483/1483/1483 
f 1556/1556/1556 1557/1557/1557 1558/1558/1558 
f 1557/1557/1557 1556/1556/1556 1559/1559/1559 
f 1453/1453/1453 1454/1454/1454 1455/1455/1455 
f 1454/1454/1454 1453/1453/1453 1457/1457/1457 
f 1454/1454/1454 1457/1457/1457 1465/1465/1465 
f 1457/1457/1457 1544/1544/1544 1465/1465/1465 
f 1465/1465/1465 1460/1460/1460 1454/1454/1454 
f 1460/1460/1460 1461/1461/1461 1454/1454/1454 
f 1460/1460/1460 1465/1465/1465 1540/1540/1540 
f 1540/1540/1540 1539/1539/1539 1460/1460/1460 
f 1538/1538/1538 1460/1460/1460 1539/1539/1539 
f 1541/1541/1541 1539/1539/1539 1540/1540/1540 
f 1539/1539/1539 1541/1541/1541 1542/1542/1542 
f 1541/1541/1541 1540/1540/1540 1546/1546/1546 
f 1540/1540/1540 1545/1545/1545 1546/1546/1546 
f 1456/1456/1456 1457/1457/1457 1453/1453/1453 
f 1456/1456/1456 1476/1476/1476 1457/1457/1457 
f 1453/1453/1453 1458/1458/1458 1456/1456/1456 
f 1458/1458/1458 1453/1453/1453 1459/1459/1459 
f 1456/1456/1456 1458/1458/1458 1475/1475/1475 
f 1475/1475/1475 1477/1477/1477 1456/1456/1456 
f 1458/1458/1458 1466/1466/1466 1475/1475/1475 
f 1466/1466/1466 1458/1458/1458 1467/1467/1467 
f 1475/1475/1475 1466/1466/1466 1473/1473/1473 
f 1475/1475/1475 1473/1473/1473 1478/1478/1478 
f 1472/1472/1472 1473/1473/1473 1466/1466/1466 
f 1473/1473/1473 1472/1472/1472 1474/1474/1474 
f 1466/1466/1466 1496/1496/1496 1472/1472/1472 
f 1468/1468/1468 1469/1469/1469 1470/1470/1470 
f 1471/1471/1471 1470/1470/1470 1469/1469/1469 
f 1552/1552/1552 1553/1553/1553 1554/1554/1554 
f 1552/1552/1552 1555/1555/1555 1553/1553/1553 
f 1462/1462/1462 1463/1463/1463 1464/1464/1464 
f 1535/1535/1535 1464/1464/1464 1463/1463/1463 
f 1463/1463/1463 1536/1536/1536 1535/1535/1535 
f 1536/1536/1536 1463/1463/1463 1537/1537/1537 
f 1537/1537/1537 1514/1514/1514 1536/1536/1536 
f 1514/1514/1514 1520/1520/1520 1536/1536/1536 
f 1520/1520/1520 1514/1514/1514 1519/1519/1519 
f 1514/1514/1514 1513/1513/1513 1519/1519/1519 
f 1513/1513/1513 1514/1514/1514 1515/1515/1515 
f 1513/1513/1513 1522/1522/1522 1519/1519/1519 
f 1522/1522/1522 1513/1513/1513 1524/1524/1524 
f 1523/1523/1523 1524/1524/1524 1513/1513/1513 
f 1524/1524/1524 1523/1523/1523 1526/1526/1526 
f 1526/1526/1526 1525/1525/1525 1524/1524/1524 
f 1521/1521/1521 1525/1525/1525 1526/1526/1526 
f 1525/1525/1525 1521/1521/1521 1543/1543/1543 
f 1543/1543/1543 1521/1521/1521 1516/1516/1516 
f 1517/1517/1517 1516/1516/1516 1521/1521/1521 
f 1516/1516/1516 1517/1517/1517 1518/1518/1518 
f 1518/1518/1518 1534/1534/1534 1516/1516/1516 
f 1534/1534/1534 1518/1518/1518 1533/1533/1533 
f 1528/1528/1528 1533/1533/1533 1518/1518/1518 
f 1518/1518/1518 1527/1527/1527 1528/1528/1528 
f 1533/1533/1533 1528/1528/1528 1532/1532/1532 
f 1529/1529/1529 1532/1532/1532 1528/1528/1528 
f 1528/1528/1528 1530/1530/1530 1529/1529/1529 
f 1529/1529/1529 1530/1530/1530 1511/1511/1511 
f 1511/1511/1511 1531/1531/1531 1529/1529/1529 
f 1511/1511/1511 1510/1510/1510 1531/1531/1531 
f 1510/1510/1510 1511/1511/1511 1512/1512/1512 
f 1565/1565/1565 1566/1566/1566 1567/1567/1567 
f 1566/1566/1566 1565/1565/1565 1600/1600/1600 
f 1565/1565/1565 1622/1622/1622 1600/1600/1600 
f 1623/1623/1623 1622/1622/1622 1565/1565/1565 
f 1623/1623/1623 1601/1601/1601 1622/1622/1622 
f 1601/1601/1601 1605/1605/1605 1622/1622/1622 
f 1605/1605/1605 1601/1601/1601 1603/1603/1603 
f 1601/1601/1601 1602/1602/1602 1603/1603/1603 
f 1602/1602/1602 1601/1601/1601 1604/1604/1604 
f 1602/1602/1602 1608/1608/1608 1603/1603/1603 
f 1608/1608/1608 1602/1602/1602 1607/1607/1607 
f 1602/1602/1602 1606/1606/1606 1607/1607/1607 
f 1609/1609/1609 1607/1607/1607 1606/1606/1606 
f 1607/1607/1607 1609/1609/1609 1610/1610/1610 
f 1611/1611/1611 1610/1610/1610 1609/1609/1609 
f 1612/1612/1612 1611/1611/1611 1609/1609/1609 
f 1611/1611/1611 1612/1612/1612 1620/1620/1620 
f 1619/1619/1619 1620/1620/1620 1612/1612/1612 
f 1619/1619/1619 1614/1614/1614 1620/1620/1620 
f 1614/1614/1614 1621/1621/1621 1620/1620/1620 
f 1621/1621/1621 1614/1614/1614 1618/1618/1618 
f 1614/1614/1614 1613/1613/1613 1618/1618/1618 
f 1613/1613/1613 1614/1614/1614 1615/1615/1615 
f 1613/1613/1613 1616/1616/1616 1618/1618/1618 
f 1616/1616/1616 1613/1613/1613 1617/1617/1617 
f 1613/1613/1613 1630/1630/1630 1617/1617/1617 
f 1617/1617/1617 1630/1630/1630 1581/1581/1581 
f 1581/1581/1581 1580/1580/1580 1617/1617/1617 
f 1580/1580/1580 1581/1581/1581 1582/1582/1582 
f 1581/1581/1581 1583/1583/1583 1582/1582/1582 
f 1639/1639/1639 1640/1640/1640 1641/1641/1641 
f 1640/1640/1640 1639/1639/1639 1667/1667/1667 
f 1636/1636/1636 1637/1637/1637 1638/1638/1638 
f 1637/1637/1637 1636/1636/1636 1665/1665/1665 
f 1710/1710/1710 1711/1711/1711 1712/1712/1712 
f 1711/1711/1711 1710/1710/1710 1713/1713/1713 
f 1706/1706/1706 1707/1707/1707 1708/1708/1708 
f 1707/1707/1707 1706/1706/1706 1709/1709/1709 
f 1633/1633/1633 1634/1634/1634 1635/1635/1635 
f 1634/1634/1634 1666/1666/1666 1635/1635/1635 
f 1675/1675/1675 1676/1676/1676 1677/1677/1677 
f 1676/1676/1676 1675/1675/1675 1705/1705/1705 
f 1645/1645/1645 1646/1646/1646 1647/1647/1647 
f 1647/1647/1647 1669/1669/1669 1645/1645/1645 
f 1642/1642/1642 1643/1643/1643 1644/1644/1644 
f 1643/1643/1643 1642/1642/1642 1668/1668/1668 
f 1681/1681/1681 1682/1682/1682 1683/1683/1683 
f 1681/1681/1681 1683/1683/1683 1714/1714/1714 
f 1678/1678/1678 1679/1679/1679 1680/1680/1680 
f 1679/1679/1679 1678/1678/1678 1718/1718/1718 
f 1648/1648/1648 1649/1649/1649 1650/1650/1650 
f 1649/1649/1649 1648/1648/1648 1670/1670/1670 
f 1684/1684/1684 1685/1685/1685 1686/1686/1686 
f 1686/1686/1686 1685/1685/1685 1690/1690/1690 
f 1687/1687/1687 1688/1688/1688 1689/1689/1689 
f 1688/1688/1688 1687/1687/1687 1691/1691/1691 
f 1661/1661/1661 1662/1662/1662 1663/1663/1663 
f 1662/1662/1662 1661/1661/1661 1673/1673/1673 
f 1655/1655/1655 1656/1656/1656 1657/1657/1657 
f 1656/1656/1656 1655/1655/1655 1671/1671/1671 
f 1701/1701/1701 1702/1702/1702 1703/1703/1703 
f 1702/1702/1702 1701/1701/1701 1704/1704/1704 
f 1651/1651/1651 1652/1652/1652 1653/1653/1653 
f 1653/1653/1653 1654/1654/1654 1651/1651/1651 
f 1664/1664/1664 1653/1653/1653 1652/1652/1652 
f 1653/1653/1653 1664/1664/1664 1672/1672/1672 
f 1698/1698/1698 1699/1699/1699 1700/1700/1700 
f 1700/1700/1700 1699/1699/1699 1717/1717/1717 
f 1695/1695/1695 1696/1696/1696 1697/1697/1697 
f 1696/1696/1696 1716/1716/1716 1697/1697/1697 
f 1692/1692/1692 1693/1693/1693 1694/1694/1694 
f 1693/1693/1693 1692/1692/1692 1715/1715/1715 
f 1658/1658/1658 1659/1659/1659 1660/1660/1660 
f 1659/1659/1659 1658/1658/1658 1674/1674/1674 
f 1732/1732/1732 1733/1733/1733 1734/1734/1734 
f 1733/1733/1733 1732/1732/1732 1755/1755/1755 
f 1790/1790/1790 1791/1791/1791 1792/1792/1792 
f 1791/1791/1791 1790/1790/1790 1793/1793/1793 
f 1719/1719/1719 1720/1720/1720 1721/1721/1721 
f 1720/1720/1720 1719/1719/1719 1753/1753/1753 
f 1726/1726/1726 1727/1727/1727 1728/1728/1728 
f 1727/1727/1727 1726/1726/1726 1751/1751/1751 
f 1794/1794/1794 1795/1795/1795 1796/1796/1796 
f 1795/1795/1795 1794/1794/1794 1797/1797/1797 
f 1729/1729/1729 1730/1730/1730 1731/1731/1731 
f 1730/1730/1730 1729/1729/1729 1754/1754/1754 
f 1722/1722/1722 1723/1723/1723 1724/1724/1724 
f 1724/1724/1724 1725/1725/1725 1722/1722/1722 
f 1750/1750/1750 1724/1724/1724 1723/1723/1723 
f 1724/1724/1724 1750/1750/1750 1752/1752/1752 
f 1767/1767/1767 1768/1768/1768 1769/1769/1769 
f 1769/1769/1769 1768/1768/1768 1789/1789/1789 
f 1764/1764/1764 1765/1765/1765 1766/1766/1766 
f 1765/1765/1765 1764/1764/1764 1798/1798/1798 
f 1770/1770/1770 1771/1771/1771 1772/1772/1772 
f 1772/1772/1772 1771/1771/1771 1776/1776/1776 
f 1773/1773/1773 1774/1774/1774 1775/1775/1775 
f 1775/1775/1775 1788/1788/1788 1773/1773/1773 
f 1735/1735/1735 1736/1736/1736 1737/1737/1737 
f 1736/1736/1736 1735/1735/1735 1756/1756/1756 
f 1801/1801/1801 1802/1802/1802 1803/1803/1803 
f 1802/1802/1802 1801/1801/1801 1804/1804/1804 
f 1738/1738/1738 1739/1739/1739 1740/1740/1740 
f 1739/1739/1739 1738/1738/1738 1757/1757/1757 
f 1760/1760/1760 1761/1761/1761 1762/1762/1762 
f 1761/1761/1761 1760/1760/1760 1763/1763/1763 
f 1777/1777/1777 1778/1778/1778 1779/1779/1779 
f 1778/1778/1778 1777/1777/1777 1787/1787/1787 
f 1783/1783/1783 1784/1784/1784 1785/1785/1785 
f 1785/1785/1785 1786/1786/1786 1783/1783/1783 
f 1780/1780/1780 1781/1781/1781 1782/1782/1782 
f 1781/1781/1781 1780/1780/1780 1799/1799/1799 
f 1747/1747/1747 1748/1748/1748 1749/1749/1749 
f 1747/1747/1747 1749/1749/1749 1800/1800/1800 
f 1744/1744/1744 1745/1745/1745 1746/1746/1746 
f 1745/1745/1745 1758/1758/1758 1746/1746/1746 
f 1741/1741/1741 1742/1742/1742 1743/1743/1743 
f 1742/1742/1742 1741/1741/1741 1759/1759/1759 
f 1821/1821/1821 1822/1822/1822 1823/1823/1823 
f 1822/1822/1822 1821/1821/1821 1844/1844/1844 
f 1896/1896/1896 1897/1897/1897 1898/1898/1898 
f 1896/1896/1896 1898/1898/1898 1924/1924/1924 
f 1893/1893/1893 1894/1894/1894 1895/1895/1895 
f 1893/1893/1893 1895/1895/1895 1925/1925/1925 
f 1824/1824/1824 1825/1825/1825 1826/1826/1826 
f 1824/1824/1824 1826/1826/1826 1845/1845/1845 
f 1827/1827/1827 1828/1828/1828 1829/1829/1829 
f 1828/1828/1828 1827/1827/1827 1892/1892/1892 
f 1908/1908/1908 1909/1909/1909 1910/1910/1910 
f 1909/1909/1909 1908/1908/1908 1926/1926/1926 
f 1911/1911/1911 1912/1912/1912 1913/1913/1913 
f 1912/1912/1912 1911/1911/1911 1929/1929/1929 
f 1830/1830/1830 1831/1831/1831 1832/1832/1832 
f 1831/1831/1831 1830/1830/1830 1846/1846/1846 
f 1808/1808/1808 1809/1809/1809 1810/1810/1810 
f 1809/1809/1809 1808/1808/1808 1839/1839/1839 
f 1914/1914/1914 1915/1915/1915 1916/1916/1916 
f 1914/1914/1914 1916/1916/1916 1933/1933/1933 
f 1836/1836/1836 1837/1837/1837 1838/1838/1838 
f 1837/1837/1837 1836/1836/1836 1840/1840/1840 
f 1930/1930/1930 1931/1931/1931 1932/1932/1932 
f 1934/1934/1934 1931/1931/1931 1930/1930/1930 
f 1833/1833/1833 1834/1834/1834 1835/1835/1835 
f 1834/1834/1834 1833/1833/1833 1842/1842/1842 
f 1921/1921/1921 1922/1922/1922 1923/1923/1923 
f 1923/1923/1923 1922/1922/1922 1935/1935/1935 
f 1899/1899/1899 1900/1900/1900 1901/1901/1901 
f 1900/1900/1900 1899/1899/1899 1927/1927/1927 
f 1818/1818/1818 1819/1819/1819 1820/1820/1820 
f 1819/1819/1819 1818/1818/1818 1847/1847/1847 
f 1905/1905/1905 1906/1906/1906 1907/1907/1907 
f 1905/1905/1905 1907/1907/1907 1928/1928/1928 
f 1805/1805/1805 1806/1806/1806 1807/1807/1807 
f 1806/1806/1806 1805/1805/1805 1843/1843/1843 
f 1811/1811/1811 1812/1812/1812 1813/1813/1813 
f 1813/1813/1813 1812/1812/1812 1814/1814/1814 
f 1917/1917/1917 1918/1918/1918 1919/1919/1919 
f 1918/1918/1918 1920/1920/1920 1919/1919/1919 
f 1848/1848/1848 1849/1849/1849 1850/1850/1850 
f 1867/1867/1867 1848/1848/1848 1850/1850/1850 
f 1854/1854/1854 1855/1855/1855 1856/1856/1856 
f 1855/1855/1855 1854/1854/1854 1880/1880/1880 
f 1868/1868/1868 1869/1869/1869 1870/1870/1870 
f 1869/1869/1869 1868/1868/1868 1886/1886/1886 
f 1902/1902/1902 1903/1903/1903 1904/1904/1904 
f 1936/1936/1936 1903/1903/1903 1902/1902/1902 
f 1815/1815/1815 1816/1816/1816 1817/1817/1817 
f 1816/1816/1816 1815/1815/1815 1841/1841/1841 
f 1940/1940/1940 1941/1941/1941 1942/1942/1942 
f 1942/1942/1942 1962/1962/1962 1940/1940/1940 
f 1954/1954/1954 1955/1955/1955 1956/1956/1956 
f 1956/1956/1956 1971/1971/1971 1954/1954/1954 
f 1857/1857/1857 1858/1858/1858 1859/1859/1859 
f 1858/1858/1858 1857/1857/1857 1875/1875/1875 
f 1871/1871/1871 1872/1872/1872 1873/1873/1873 
f 1872/1872/1872 1871/1871/1871 1874/1874/1874 
f 1851/1851/1851 1852/1852/1852 1853/1853/1853 
f 1852/1852/1852 1866/1866/1866 1853/1853/1853 
f 1860/1860/1860 1861/1861/1861 1862/1862/1862 
f 1861/1861/1861 1885/1885/1885 1862/1862/1862 
f 1876/1876/1876 1877/1877/1877 1878/1878/1878 
f 1877/1877/1877 1876/1876/1876 1879/1879/1879 
f 1937/1937/1937 1938/1938/1938 1939/1939/1939 
f 1939/1939/1939 1943/1943/1943 1937/1937/1937 
f 1951/1951/1951 1952/1952/1952 1953/1953/1953 
f 1953/1953/1953 1957/1957/1957 1951/1951/1951 
f 1863/1863/1863 1864/1864/1864 1865/1865/1865 
f 1864/1864/1864 1863/1863/1863 1890/1890/1890 
f 1944/1944/1944 1945/1945/1945 1946/1946/1946 
f 1945/1945/1945 1944/1944/1944 1947/1947/1947 
f 1958/1958/1958 1959/1959/1959 1960/1960/1960 
f 1960/1960/1960 1959/1959/1959 1961/1961/1961 
f 1963/1963/1963 1964/1964/1964 1965/1965/1965 
f 1965/1965/1965 1964/1964/1964 1966/1966/1966 
f 1972/1972/1972 1973/1973/1973 1974/1974/1974 
f 1973/1973/1973 1972/1972/1972 1975/1975/1975 
f 1948/1948/1948 1949/1949/1949 1950/1950/1950 
f 1949/1949/1949 1976/1976/1976 1950/1950/1950 
f 1881/1881/1881 1882/1882/1882 1883/1883/1883 
f 1882/1882/1882 1881/1881/1881 1884/1884/1884 
f 1887/1887/1887 1888/1888/1888 1889/1889/1889 
f 1888/1888/1888 1887/1887/1887 1891/1891/1891 
f 1967/1967/1967 1968/1968/1968 1969/1969/1969 
f 1967/1967/1967 1970/1970/1970 1968/1968/1968 
f 1977/1977/1977 1978/1978/1978 1979/1979/1979 
f 1978/1978/1978 1977/1977/1977 1981/1981/1981 
f 1980/1980/1980 1981/1981/1981 1977/1977/1977 
f 1980/1980/1980 1977/1977/1977 1994/1994/1994 
f 1981/1981/1981 1980/1980/1980 1982/1982/1982 
f 1981/1981/1981 1982/1982/1982 1983/1983/1983 
f 1982/1982/1982 1980/1980/1980 1995/1995/1995 
f 1995/1995/1995 1980/1980/1980 1998/1998/1998 
f 1998/1998/1998 2101/2101/2101 1995/1995/1995 
f 1995/1995/1995 1996/1996/1996 1982/1982/1982 
f 1996/1996/1996 1997/1997/1997 1982/1982/1982 
f 1997/1997/1997 1996/1996/1996 2120/2120/2120 
f 2103/2103/2103 1996/1996/1996 1995/1995/1995 
f 1995/1995/1995 2102/2102/2102 2103/2103/2103 
f 1996/1996/1996 2103/2103/2103 2105/2105/2105 
f 1996/1996/1996 2105/2105/2105 2119/2119/2119 
f 2104/2104/2104 2105/2105/2105 2103/2103/2103 
f 2104/2104/2104 2110/2110/2110 2105/2105/2105 
f 2198/2198/2198 2199/2199/2199 2200/2200/2200 
f 2200/2200/2200 2243/2243/2243 2244/2244/2244 
f 2243/2243/2243 2200/2200/2200 2245/2245/2245 
f 2199/2199/2199 2245/2245/2245 2200/2200/2200 
f 2217/2217/2217 2199/2199/2199 2218/2218/2218 
f 2199/2199/2199 2217/2217/2217 2248/2248/2248 
f 2245/2245/2245 2199/2199/2199 2247/2247/2247 
f 2247/2247/2247 2199/2199/2199 2248/2248/2248 
f 2246/2246/2246 2245/2245/2245 2247/2247/2247 
f 2247/2247/2247 2334/2334/2334 2335/2335/2335 
f 2334/2334/2334 2247/2247/2247 2317/2317/2317 
f 2247/2247/2247 2248/2248/2248 2317/2317/2317 
f 2316/2316/2316 2317/2317/2317 2248/2248/2248 
f 2315/2315/2315 2316/2316/2316 2248/2248/2248 
f 2317/2317/2317 2316/2316/2316 2318/2318/2318 
f 2333/2333/2333 2317/2317/2317 2318/2318/2318 
f 2316/2316/2316 2319/2319/2319 2318/2318/2318 
f 2319/2319/2319 2316/2316/2316 2325/2325/2325 
f 2106/2106/2106 2107/2107/2107 2108/2108/2108 
f 2107/2107/2107 2111/2111/2111 2108/2108/2108 
f 2112/2112/2112 2106/2106/2106 2108/2108/2108 
f 2111/2111/2111 2107/2107/2107 2155/2155/2155 
f 2107/2107/2107 2106/2106/2106 2109/2109/2109 
f 2106/2106/2106 2112/2112/2112 2113/2113/2113 
f 2107/2107/2107 2167/2167/2167 2155/2155/2155 
f 2113/2113/2113 2114/2114/2114 2106/2106/2106 
f 2155/2155/2155 2167/2167/2167 2140/2140/2140 
f 2114/2114/2114 2113/2113/2113 2115/2115/2115 
f 2140/2140/2140 2139/2139/2139 2155/2155/2155 
f 2139/2139/2139 2140/2140/2140 2141/2141/2141 
f 2140/2140/2140 2142/2142/2142 2141/2141/2141 
f 2116/2116/2116 2115/2115/2115 2113/2113/2113 
f 2115/2115/2115 2116/2116/2116 2117/2117/2117 
f 2116/2116/2116 2118/2118/2118 2117/2117/2117 
f 2131/2131/2131 2117/2117/2117 2118/2118/2118 
f 2117/2117/2117 2131/2131/2131 2130/2130/2130 
f 2129/2129/2129 2130/2130/2130 2131/2131/2131 
f 2133/2133/2133 2129/2129/2129 2131/2131/2131 
f 2129/2129/2129 2133/2133/2133 2132/2132/2132 
f 2129/2129/2129 2132/2132/2132 2126/2126/2126 
f 2126/2126/2126 2128/2128/2128 2129/2129/2129 
f 2127/2127/2127 2126/2126/2126 2132/2132/2132 
f 2126/2126/2126 2127/2127/2127 2125/2125/2125 
f 2124/2124/2124 2126/2126/2126 2125/2125/2125 
f 2124/2124/2124 2125/2125/2125 2121/2121/2121 
f 2122/2122/2122 2121/2121/2121 2125/2125/2125 
f 2121/2121/2121 2122/2122/2122 2123/2123/2123 
f 2121/2121/2121 2123/2123/2123 2134/2134/2134 
f 2320/2320/2320 2321/2321/2321 2322/2322/2322 
f 2326/2326/2326 2322/2322/2322 2321/2321/2321 
f 2322/2322/2322 2354/2354/2354 2320/2320/2320 
f 2320/2320/2320 2354/2354/2354 2351/2351/2351 
f 2351/2351/2351 2353/2353/2353 2320/2320/2320 
f 2353/2353/2353 2351/2351/2351 2350/2350/2350 
f 2350/2350/2350 2351/2351/2351 2352/2352/2352 
f 2322/2322/2322 2326/2326/2326 2324/2324/2324 
f 2323/2323/2323 2322/2322/2322 2324/2324/2324 
f 2327/2327/2327 2324/2324/2324 2326/2326/2326 
f 2327/2327/2327 2328/2328/2328 2324/2324/2324 
f 2328/2328/2328 2329/2329/2329 2324/2324/2324 
f 2329/2329/2329 2328/2328/2328 2330/2330/2330 
f 2331/2331/2331 2330/2330/2330 2328/2328/2328 
f 2332/2332/2332 2330/2330/2330 2331/2331/2331 
f 2330/2330/2330 2332/2332/2332 2348/2348/2348 
f 2348/2348/2348 2332/2332/2332 2346/2346/2346 
f 2346/2346/2346 2345/2345/2345 2348/2348/2348 
f 2339/2339/2339 2345/2345/2345 2346/2346/2346 
f 2347/2347/2347 2339/2339/2339 2346/2346/2346 
f 2339/2339/2339 2347/2347/2347 2344/2344/2344 
f 2338/2338/2338 2339/2339/2339 2344/2344/2344 
f 2339/2339/2339 2338/2338/2338 2340/2340/2340 
f 2336/2336/2336 2338/2338/2338 2344/2344/2344 
f 2336/2336/2336 2337/2337/2337 2338/2338/2338 
f 2341/2341/2341 2338/2338/2338 2337/2337/2337 
f 2341/2341/2341 2337/2337/2337 2343/2343/2343 
f 2342/2342/2342 2343/2343/2343 2337/2337/2337 
f 2343/2343/2343 2342/2342/2342 2349/2349/2349 
f 2343/2343/2343 2349/2349/2349 2381/2381/2381 
f 2035/2035/2035 2036/2036/2036 2037/2037/2037 
f 2036/2036/2036 2035/2035/2035 2042/2042/2042 
f 2189/2189/2189 2190/2190/2190 2191/2191/2191 
f 2190/2190/2190 2189/2189/2189 2215/2215/2215 
f 2028/2028/2028 2029/2029/2029 2030/2030/2030 
f 2030/2030/2030 2034/2034/2034 2028/2028/2028 
f 2009/2009/2009 2010/2010/2010 2011/2011/2011 
f 2011/2011/2011 2012/2012/2012 2009/2009/2009 
f 2013/2013/2013 2014/2014/2014 2015/2015/2015 
f 2014/2014/2014 2013/2013/2013 2016/2016/2016 
f 2017/2017/2017 2018/2018/2018 2019/2019/2019 
f 2018/2018/2018 2017/2017/2017 2023/2023/2023 
f 2024/2024/2024 2025/2025/2025 2026/2026/2026 
f 2025/2025/2025 2024/2024/2024 2262/2262/2262 
f 2181/2181/2181 2182/2182/2182 2183/2183/2183 
f 2182/2182/2182 2181/2181/2181 2184/2184/2184 
f 2192/2192/2192 2193/2193/2193 2194/2194/2194 
f 2193/2193/2193 2192/2192/2192 2208/2208/2208 
f 2195/2195/2195 2196/2196/2196 2197/2197/2197 
f 2196/2196/2196 2195/2195/2195 2207/2207/2207 
f 2201/2201/2201 2202/2202/2202 2203/2203/2203 
f 2202/2202/2202 2201/2201/2201 2249/2249/2249 
f 2204/2204/2204 2205/2205/2205 2206/2206/2206 
f 2206/2206/2206 2236/2236/2236 2204/2204/2204 
f 2209/2209/2209 2210/2210/2210 2211/2211/2211 
f 2211/2211/2211 2227/2227/2227 2209/2209/2209 
f 2212/2212/2212 2213/2213/2213 2214/2214/2214 
f 2213/2213/2213 2212/2212/2212 2216/2216/2216 
f 2219/2219/2219 2220/2220/2220 2221/2221/2221 
f 2219/2219/2219 2222/2222/2222 2220/2220/2220 
f 2223/2223/2223 2224/2224/2224 2225/2225/2225 
f 2224/2224/2224 2223/2223/2223 2226/2226/2226 
f 2228/2228/2228 2229/2229/2229 2230/2230/2230 
f 2229/2229/2229 2228/2228/2228 2231/2231/2231 
f 2232/2232/2232 2233/2233/2233 2234/2234/2234 
f 2233/2233/2233 2232/2232/2232 2235/2235/2235 
f 2237/2237/2237 2238/2238/2238 2239/2239/2239 
f 2238/2238/2238 2237/2237/2237 2296/2296/2296 
f 2240/2240/2240 2241/2241/2241 2242/2242/2242 
f 2242/2242/2242 2250/2250/2250 2240/2240/2240 
f 2251/2251/2251 2252/2252/2252 2253/2253/2253 
f 2253/2253/2253 2297/2297/2297 2251/2251/2251 
f 2254/2254/2254 2255/2255/2255 2256/2256/2256 
f 2254/2254/2254 2256/2256/2256 2261/2261/2261 
f 2257/2257/2257 2258/2258/2258 2259/2259/2259 
f 2258/2258/2258 2257/2257/2257 2260/2260/2260 
f 2264/2264/2264 2265/2265/2265 2266/2266/2266 
f 2265/2265/2265 2264/2264/2264 2267/2267/2267 
f 2287/2287/2287 2288/2288/2288 2289/2289/2289 
f 2289/2289/2289 2294/2294/2294 2287/2287/2287 
f 2290/2290/2290 2291/2291/2291 2292/2292/2292 
f 2291/2291/2291 2290/2290/2290 2293/2293/2293 
f 2312/2312/2312 2313/2313/2313 2314/2314/2314 
f 2312/2312/2312 2314/2314/2314 2390/2390/2390 
f 2355/2355/2355 2356/2356/2356 2357/2357/2357 
f 2356/2356/2356 2355/2355/2355 2358/2358/2358 
f 2359/2359/2359 2360/2360/2360 2361/2361/2361 
f 2361/2361/2361 2362/2362/2362 2359/2359/2359 
f 2363/2363/2363 2364/2364/2364 2365/2365/2365 
f 2364/2364/2364 2363/2363/2363 2372/2372/2372 
f 2366/2366/2366 2367/2367/2367 2368/2368/2368 
f 2368/2368/2368 2373/2373/2373 2366/2366/2366 
f 2369/2369/2369 2370/2370/2370 2371/2371/2371 
f 2370/2370/2370 2369/2369/2369 2392/2392/2392 
f 2374/2374/2374 2375/2375/2375 2376/2376/2376 
f 2374/2374/2374 2377/2377/2377 2375/2375/2375 
f 2378/2378/2378 2379/2379/2379 2380/2380/2380 
f 2379/2379/2379 2378/2378/2378 2391/2391/2391 
f 2382/2382/2382 2383/2383/2383 2384/2384/2384 
f 2383/2383/2383 2382/2382/2382 2385/2385/2385 
f 2386/2386/2386 2387/2387/2387 2388/2388/2388 
f 2388/2388/2388 2389/2389/2389 2386/2386/2386 
f 2393/2393/2393 2394/2394/2394 2395/2395/2395 
f 2394/2394/2394 2393/2393/2393 2402/2402/2402 
f 2396/2396/2396 2397/2397/2397 2398/2398/2398 
f 2397/2397/2397 2396/2396/2396 2403/2403/2403 
f 2399/2399/2399 2400/2400/2400 2401/2401/2401 
f 2400/2400/2400 2399/2399/2399 2404/2404/2404 
f 2271/2271/2271 2272/2272/2272 2273/2273/2273 
f 2272/2272/2272 2271/2271/2271 2280/2280/2280 
f 2268/2268/2268 2269/2269/2269 2270/2270/2270 
f 2270/2270/2270 2281/2281/2281 2268/2268/2268 
f 2274/2274/2274 2275/2275/2275 2276/2276/2276 
f 2275/2275/2275 2274/2274/2274 2282/2282/2282 
f 2031/2031/2031 2032/2032/2032 2033/2033/2033 
f 2032/2032/2032 2031/2031/2031 2263/2263/2263 
f 2038/2038/2038 2039/2039/2039 2040/2040/2040 
f 2038/2038/2038 2041/2041/2041 2039/2039/2039 
f 2277/2277/2277 2278/2278/2278 2279/2279/2279 
f 2277/2277/2277 2279/2279/2279 2283/2283/2283 
f 2020/2020/2020 2021/2021/2021 2022/2022/2022 
f 2022/2022/2022 2027/2027/2027 2020/2020/2020 
f 1984/1984/1984 1985/1985/1985 1986/1986/1986 
f 1984/1984/1984 2008/2008/2008 1985/1985/1985 
f 2284/2284/2284 2285/2285/2285 2286/2286/2286 
f 2285/2285/2285 2284/2284/2284 2295/2295/2295 
f 1987/1987/1987 1988/1988/1988 1989/1989/1989 
f 1989/1989/1989 1990/1990/1990 1987/1987/1987 
f 1991/1991/1991 1992/1992/1992 1993/1993/1993 
f 1991/1991/1991 2043/2043/2043 1992/1992/1992 
f 1999/1999/1999 2000/2000/2000 2001/2001/2001 
f 2001/2001/2001 2135/2135/2135 1999/1999/1999 
f 2002/2002/2002 2003/2003/2003 2004/2004/2004 
f 2003/2003/2003 2002/2002/2002 2062/2062/2062 
f 2005/2005/2005 2006/2006/2006 2007/2007/2007 
f 2006/2006/2006 2005/2005/2005 2085/2085/2085 
f 2047/2047/2047 2048/2048/2048 2049/2049/2049 
f 2048/2048/2048 2047/2047/2047 2050/2050/2050 
f 2051/2051/2051 2052/2052/2052 2053/2053/2053 
f 2053/2053/2053 2072/2072/2072 2051/2051/2051 
f 2063/2063/2063 2064/2064/2064 2065/2065/2065 
f 2064/2064/2064 2063/2063/2063 2069/2069/2069 
f 2066/2066/2066 2067/2067/2067 2068/2068/2068 
f 2068/2068/2068 2071/2071/2071 2066/2066/2066 
f 2073/2073/2073 2074/2074/2074 2075/2075/2075 
f 2073/2073/2073 2084/2084/2084 2074/2074/2074 
f 2076/2076/2076 2077/2077/2077 2078/2078/2078 
f 2076/2076/2076 2079/2079/2079 2077/2077/2077 
f 2080/2080/2080 2077/2077/2077 2079/2079/2079 
f 2077/2077/2077 2080/2080/2080 2081/2081/2081 
f 2082/2082/2082 2081/2081/2081 2080/2080/2080 
f 2081/2081/2081 2082/2082/2082 2083/2083/2083 
f 2086/2086/2086 2087/2087/2087 2088/2088/2088 
f 2087/2087/2087 2086/2086/2086 2095/2095/2095 
f 2089/2089/2089 2090/2090/2090 2091/2091/2091 
f 2090/2090/2090 2089/2089/2089 2097/2097/2097 
f 2092/2092/2092 2093/2093/2093 2094/2094/2094 
f 2092/2092/2092 2096/2096/2096 2093/2093/2093 
f 2098/2098/2098 2099/2099/2099 2100/2100/2100 
f 2098/2098/2098 2171/2171/2171 2099/2099/2099 
f 2136/2136/2136 2137/2137/2137 2138/2138/2138 
f 2137/2137/2137 2136/2136/2136 2143/2143/2143 
f 2144/2144/2144 2145/2145/2145 2146/2146/2146 
f 2145/2145/2145 2144/2144/2144 2151/2151/2151 
f 2147/2147/2147 2148/2148/2148 2149/2149/2149 
f 2149/2149/2149 2150/2150/2150 2147/2147/2147 
f 2152/2152/2152 2153/2153/2153 2154/2154/2154 
f 2154/2154/2154 2159/2159/2159 2152/2152/2152 
f 2156/2156/2156 2157/2157/2157 2158/2158/2158 
f 2156/2156/2156 2158/2158/2158 2173/2173/2173 
f 2160/2160/2160 2161/2161/2161 2162/2162/2162 
f 2161/2161/2161 2160/2160/2160 2163/2163/2163 
f 2164/2164/2164 2165/2165/2165 2166/2166/2166 
f 2165/2165/2165 2164/2164/2164 2188/2188/2188 
f 2168/2168/2168 2169/2169/2169 2170/2170/2170 
f 2169/2169/2169 2168/2168/2168 2172/2172/2172 
f 2174/2174/2174 2175/2175/2175 2176/2176/2176 
f 2174/2174/2174 2177/2177/2177 2175/2175/2175 
f 2178/2178/2178 2179/2179/2179 2180/2180/2180 
f 2179/2179/2179 2178/2178/2178 2185/2185/2185 
f 2186/2186/2186 2180/2180/2180 2179/2179/2179 
f 2180/2180/2180 2186/2186/2186 2187/2187/2187 
f 2044/2044/2044 2045/2045/2045 2046/2046/2046 
f 2045/2045/2045 2044/2044/2044 2054/2054/2054 
f 2061/2061/2061 2046/2046/2046 2045/2045/2045 
f 2061/2061/2061 2045/2045/2045 2070/2070/2070 
f 2301/2301/2301 2302/2302/2302 2303/2303/2303 
f 2302/2302/2302 2308/2308/2308 2303/2303/2303 
f 2302/2302/2302 2301/2301/2301 2304/2304/2304 
f 2305/2305/2305 2306/2306/2306 2307/2307/2307 
f 2055/2055/2055 2056/2056/2056 2057/2057/2057 
f 2055/2055/2055 2060/2060/2060 2056/2056/2056 
f 2058/2058/2058 2056/2056/2056 2060/2060/2060 
f 2056/2056/2056 2058/2058/2058 2059/2059/2059 
f 2298/2298/2298 2299/2299/2299 2300/2300/2300 
f 2309/2309/2309 2298/2298/2298 2300/2300/2300 
f 2310/2310/2310 2298/2298/2298 2309/2309/2309 
f 2298/2298/2298 2310/2310/2310 2311/2311/2311 

g Cube0041

v -2.23613 0.225851 -1.54733 
v -2.07015 -0.02456 -1.54733 
v -2.23613 -0.02456 -1.54733 
v -2.07015 -0.02456 -1.54733 
v -2.23613 -0.02456 0.597103 
v -2.23613 -0.02456 -1.54733 
v -2.23613 0.225851 0.597103 
v -2.23613 0.225851 -1.54733 
v -2.23613 -0.02456 -1.54733 
v -2.23613 0.225851 0.597103 
v -2.07015 0.225851 -1.54733 
v -2.23613 0.225851 -1.54733 
v -2.28769 6.50516 -0.940425 
v -2.20826 6.49839 -0.649882 
v -2.44654 6.51871 -0.940425 
v -2.6054 6.53226 -0.649882 
v -2.6054 6.53226 -0.940425 
v -1.89055 6.4713 -0.940425 
v -2.28769 6.50516 -0.940425 
v -2.21549 6.62729 -0.940425 
v -2.07015 -0.02456 -1.70855 
v -2.07015 0.225851 -1.54733 
v -2.07015 0.225851 -1.70855 
v -2.07015 -0.02456 -1.54733 
v -2.07015 0.225851 -1.54733 
v -1.90963 1.01209 -0.661273 
v -1.90963 0.852502 -1.52977 
v -1.90963 0.852502 -0.661273 
v -1.90963 1.01209 -1.52977 
v -1.89055 6.4713 -0.940425 
v -2.0494 6.48484 -0.649882 
v -1.81112 6.46452 -0.649882 
v -1.89055 6.4713 -0.649882 
v -8.20828 5.95314 -0.704655 
v -7.14124 5.54738 -0.620047 
v -8.20828 5.54738 -0.704655 
v -7.64053 5.22123 -0.694661 
v -6.89677 5.35786 -0.567253 
v -7.56261 4.8612 -0.762672 
v -6.81895 4.99769 -0.635316 
v -2.12883 6.49162 -0.649882 
v -2.0494 6.48484 -0.649882 
v -2.12103 6.58306 -0.649882 
v -2.12883 6.49162 -0.649882 
v -1.96998 6.47807 -0.649882 
v -1.80332 6.55597 -0.649882 
v -1.89055 6.4713 -0.649882 
v -1.81112 6.46452 -0.649882 
v -1.88275 6.56274 -0.649882 
v -1.96998 6.47807 -0.649882 
v -2.04161 6.57629 -0.649882 
v -1.84954 6.59608 -0.940425 
v -1.72389 6.54919 -0.940425 
v -2.6054 6.53226 -0.940425 
v -2.5976 6.6237 -0.649882 
v -2.5976 6.6237 -0.940425 
v -2.6054 6.53226 -0.649882 
v -2.5976 6.6237 -0.940425 
v -2.5976 6.6237 -0.649882 
v -2.67703 6.63047 -0.649882 
v -2.67703 6.63047 -0.940425 
v -2.67703 6.63047 -0.940425 
v -2.66923 6.72192 -0.940425 
v -2.5976 6.6237 -0.940425 
v -2.67703 6.63047 -0.940425 
v -2.67703 6.63047 -0.649882 
v -2.66923 6.72192 -0.940425 
v -2.44654 6.51871 -0.940425 
v -2.6054 6.53226 -0.940425 
v -2.30697 6.63509 -0.940425 
v -2.35152 6.69482 -0.940425 
v -1.87495 6.65418 -0.649882 
v -1.79552 6.64741 -0.649882 
v -2.20046 6.58983 -0.649882 
v -2.27989 6.59661 -0.649882 
v -2.20826 6.49839 -0.649882 
v -2.11323 6.6745 -0.649882 
v -2.19266 6.68128 -0.649882 
v -2.27209 6.68805 -0.649882 
v -1.95438 6.66096 -0.649882 
v -2.03381 6.66773 -0.649882 
v -1.78773 6.73885 -0.649882 
v -1.74907 6.6936 -0.940425 
v -1.84056 6.70141 -0.940425 
v -2.07015 0.225851 -1.70855 
v -0.885604 -0.0245597 -1.70855 
v -2.07015 -0.02456 -1.70855 
v -0.885604 0.225851 -1.70855 
v -0.885604 -0.0245597 -1.70855 
v -2.07015 -0.02456 -1.54733 
v -2.07015 -0.02456 -1.70855 
v -0.885604 0.225851 -1.70855 
v -2.07015 0.225851 -1.70855 
v -1.90963 1.01209 -1.52977 
v -1.04613 1.01209 -1.52977 
v -1.04613 0.852503 -1.52977 
v -1.90963 0.852502 -1.52977 
v -0.885603 0.225851 -1.54733 
v -0.885604 0.225851 -1.70855 
v -0.885603 -0.0245597 -1.54733 
v -0.885604 -0.0245597 -1.70855 
v -0.885603 -0.0245597 -1.54733 
v -0.885603 0.225851 -1.54733 
v -0.719619 -0.0245597 -1.54733 
v -0.885603 -0.0245597 -1.54733 
v -0.885603 0.225851 -1.54733 
v -0.719619 0.225851 -1.54733 
v -1.04613 1.01209 -1.52977 
v -1.04612 0.852503 -0.661273 
v -1.04613 0.852503 -1.52977 
v -2.06978 -0.02456 0.597103 
v -2.06978 0.225851 0.597103 
v -1.04612 1.01209 -0.661273 
v -1.90963 1.01209 -0.661273 
v -1.90963 0.852502 -0.661273 
v -1.90963 1.01209 -1.52977 
v -1.90963 1.01209 -0.661273 
v -1.04613 1.01209 -1.52977 
v -1.73169 6.45775 -0.940425 
v -1.73169 6.45775 -0.649882 
v -1.04612 1.01209 -0.661273 
v -0.719619 -0.0245597 -1.54733 
v -0.719619 -0.0245597 0.597102 
v -0.719619 0.225851 -1.54733 
v -0.719619 0.225851 0.597102 
v -0.719619 -0.0245597 -1.54733 
v -0.885603 0.225851 -1.54733 
v -0.719619 0.225851 0.597102 
v -0.719619 0.225851 -1.54733 
v -1.04612 1.01209 -0.661273 
v -1.04612 0.852503 -0.661273 
v -1.73169 6.45775 -0.940425 
v -1.72389 6.54919 -0.649882 
v -1.73169 6.45775 -0.649882 
v -1.73169 6.45775 -0.940425 
v -1.72389 6.54919 -0.940425 
v -1.64447 6.54242 -0.940425 
v -1.64447 6.54242 -0.649882 
v -1.72389 6.54919 -0.649882 
v -1.72389 6.54919 -0.940425 
v -1.63667 6.63386 -0.940425 
v -1.64447 6.54242 -0.940425 
v -1.63667 6.63386 -0.940425 
v -1.64447 6.54242 -0.649882 
v -1.64447 6.54242 -0.940425 
v -1.63667 6.63386 -0.649882 
v -1.55724 6.62709 -0.688621 
v -1.63667 6.63386 -0.940425 
v -1.55724 6.62709 -0.940425 
v -1.55724 6.62709 -0.688621 
v -1.55724 6.62709 -0.940425 
v -1.54944 6.71853 -0.669251 
v -1.63667 6.63386 -0.649882 
v -1.55724 6.62709 -0.669251 
v -1.72389 6.54919 -0.649882 
v -1.73169 6.45775 -0.649882 
v -1.7161 6.64064 -0.649882 
v -1.63667 6.63386 -0.649882 
v -1.7083 6.73208 -0.649882 
v -1.55724 6.62709 -0.669251 
v -1.64447 6.54242 -0.649882 
v -1.55724 6.62709 -0.649882 
v -1.55724 6.62709 -0.649882 
v -1.54944 6.71853 -0.649882 
v -1.55724 6.62709 -0.649882 
v -7.56261 4.8612 -0.762672 
v -7.69452 5.13166 -0.285861 
v -7.64053 5.22123 -0.694661 
v -7.6167 4.77149 -0.353924 
v -7.17053 5.54738 -0.264639 
v -8.23758 5.54738 -0.349247 
v -8.20828 5.54738 -0.704655 
v -8.20828 5.95314 -0.704655 
v -8.20828 5.54738 -0.704655 
v -8.23758 5.54738 -0.349247 
v -7.17053 5.95314 -0.264639 
v -8.23758 5.54738 -0.349247 
v -7.17053 5.54738 -0.264639 
v -8.40927 5.95314 -0.260382 
v -7.18984 5.54738 -0.260383 
v -8.40927 5.54738 -0.260382 
v -7.14124 5.54738 -0.620047 
v -6.81895 4.99769 -0.635316 
v -7.6167 4.77149 -0.353924 
v -7.56261 4.8612 -0.762672 
v -7.69452 5.13166 -0.285861 
v -6.89677 5.35786 -0.567253 
v -7.64053 5.22123 -0.694661 
v -7.6167 4.77149 -0.353924 
v -6.95086 5.26815 -0.158505 
v -7.69452 5.13166 -0.285861 
v -6.89677 5.35786 -0.567253 
v -7.69452 5.13166 -0.285861 
v -6.95086 5.26815 -0.158505 
v -7.14124 5.95314 -0.620047 
v -7.17053 5.54738 -0.264639 
v -7.14124 5.54738 -0.620047 
v -7.18984 5.95314 -0.260383 
v -7.18984 5.54738 0.0962305 
v -7.18984 5.54738 -0.260383 
v -8.40927 5.54738 -0.260382 
v -7.18984 5.54738 -0.260383 
v -7.18984 5.54738 0.0962305 
v -8.40927 5.54738 0.0962308 
v -7.18984 5.54738 0.121896 
v -8.23075 5.54738 0.478509 
v -8.23075 5.54738 0.121896 
v -7.17053 5.54738 0.482766 
v -8.02475 5.54738 0.906563 
v -8.05404 5.54738 0.551155 
v -8.40927 5.95314 -0.260382 
v -8.40927 5.54738 -0.260382 
v -8.40927 5.54738 0.0962308 
v -8.23075 5.95314 0.478509 
v -8.23075 5.54738 0.121896 
v -8.23075 5.54738 0.478509 
v -7.18984 5.54738 0.478509 
v -8.23075 5.95314 0.478509 
v -8.23075 5.54738 0.478509 
v -7.14124 5.54738 0.838174 
v -8.02475 5.95314 0.906563 
v -8.02475 5.54738 0.906563 
v -7.18984 5.54738 0.478509 
v -7.14124 5.54738 0.838174 
v -7.18984 5.95314 0.0962305 
v -8.40927 5.54738 0.0962308 
v -7.18984 5.54738 0.0962305 
v -7.18984 5.95314 0.478509 
v -7.18984 5.54738 0.478509 
v -7.18984 5.54738 0.121896 
v -7.17053 5.54738 0.482766 
v -8.05404 5.54738 0.551155 
v -7.17053 5.95314 0.482766 
v -7.18984 5.54738 0.121896 
v -8.23075 5.54738 0.121896 
v -7.18984 5.95314 0.121896 
v -8.23758 5.95314 -0.349247 
v -8.40927 5.95314 0.0962308 
v -8.40927 5.95314 0.0962308 
v -8.23758 5.95314 -0.349247 
v -7.17053 5.95314 -0.264639 
v -8.20828 5.95314 -0.704655 
v -8.23758 5.95314 -0.349247 
v -8.40927 5.95314 0.0962308 
v -7.18984 5.95314 -0.260383 
v -8.40927 5.95314 -0.260382 
v -7.18984 5.95314 -0.260383 
v -7.14124 5.95314 -0.620047 
v -7.18984 5.95314 0.0962305 
v -7.17053 5.95314 -0.264639 
v -7.14124 5.95314 -0.620047 
v -7.18984 5.95314 0.0962305 
v -8.23075 5.95314 0.121896 
v -8.23075 5.95314 0.121896 
v -8.05404 5.54738 0.551155 
v -8.02475 5.95314 0.906563 
v -8.05404 5.95314 0.551155 
v -8.02475 5.54738 0.906563 
v -8.05404 5.95314 0.551155 
v -8.23075 5.95314 0.478509 
v -7.18984 5.95314 0.478509 
v -8.23075 5.95314 0.121896 
v -8.02475 5.95314 0.906563 
v -7.17053 5.95314 0.482766 
v -8.05404 5.95314 0.551155 
v -7.18984 5.95314 0.121896 
v -7.18984 5.95314 0.478509 
v -7.14124 5.95314 0.838174 
v -7.18984 5.95314 0.121896 
v -7.17053 5.95314 0.482766 
v -7.14124 5.95314 0.838174 
v -7.17053 5.54738 0.482766 
v -7.17053 5.95314 0.482766 
v -8.02475 5.95314 0.906563 
v -7.14124 5.95314 0.838174 
v -7.14124 5.54738 0.838174 
v -2.06978 -0.02456 0.597103 
v -2.23613 -0.02456 0.597103 
v -6.87294 4.90812 -0.226516 
v -6.81895 4.99769 -0.635316 
v -6.95086 5.26815 -0.158505 
v -6.87294 4.90812 -0.226516 
v -6.87294 4.90812 -0.226516 
v -0.885603 -0.0245597 -1.54733 
v -0.88597 -0.0245597 0.597103 
v -0.88597 -0.0245597 0.597103 
v -0.719619 0.225851 0.597102 
v -0.88597 -0.0245597 0.597103 
v -0.719619 -0.0245597 0.597102 
v -0.719619 -0.0245597 0.597102 
v -0.88597 0.225851 0.597103 
v -0.88597 0.225851 0.597103 
v -0.88597 0.225851 0.597103 
v -2.06978 0.225851 0.597103 
v -2.23613 -0.02456 0.597103 
v -2.06978 -0.02456 0.597103 
v -0.88597 -0.0245597 0.758679 
v -2.06978 -0.02456 0.758679 
v -2.06978 0.225851 0.758679 
v -2.06978 -0.02456 0.597103 
v -2.06978 -0.02456 0.758679 
v -2.23613 0.225851 0.597103 
v -2.06978 0.225851 0.597103 
v -2.06978 0.225851 0.758679 
v -0.88597 0.225851 0.758679 
v -2.06978 0.225851 0.597103 
v -0.88597 0.225851 0.758679 
v -2.06978 0.225851 0.758679 
v -2.06978 -0.02456 0.758679 
v -0.88597 -0.0245597 0.758679 
v -0.88597 0.225851 0.597103 
v -0.88597 -0.0245597 0.758679 
v -0.88597 -0.0245597 0.597103 
v -0.88597 0.225851 0.758679 
v -5.84963 5.10504 -0.569061 
v -6.16536 5.10504 0.789132 
v -6.16536 5.10504 -0.569061 
v -2.6054 6.53226 -0.649882 
v -2.43095 6.7016 -0.649882 
v -2.5976 6.6237 -0.649882 
v -2.66923 6.72192 -0.649882 
v -2.67703 6.63047 -0.649882 
v -2.35152 6.69482 -0.649882 
v -1.96218 6.56951 -0.649882 
v -6.89677 5.35786 -0.567253 
v -6.16536 6.06591 0.789132 
v -6.16536 5.10504 -0.569061 
v -6.16536 5.10504 0.789132 
v -6.16536 6.06591 0.789132 
v -6.16536 5.10504 0.789132 
v -5.84963 5.10504 0.789132 
v -6.16536 6.06591 -0.569061 
v -5.84963 6.06591 -0.569061 
v -6.16536 5.10504 -0.569061 
v -6.16536 6.06591 -0.569061 
v -6.16536 6.06591 -0.569061 
v -6.16536 6.06591 0.789132 
v -5.84963 6.06591 0.789132 
v -5.84963 5.10504 -0.569061 
v -5.84963 5.10504 0.789132 
v -5.84963 6.06591 0.789132 
v -5.84963 5.10504 0.789132 
v -5.84963 5.10504 -0.569061 
v -5.84963 6.06591 0.789132 
v -5.84963 6.06591 -0.569061 
v -5.84963 6.06591 -0.569061 
v -1.6486 6.79113 -0.940425 
v -1.55724 6.62709 -0.940425 
v -2.42315 6.79304 -0.940425 
v -2.73306 6.91158 -0.940425 
v -2.74866 6.72869 -0.940425 
v -2.47198 6.86134 -0.940425 
v -2.463 6.96667 -0.940425 
v -2.72526 7.00302 -0.940425 
v -2.45402 7.072 -0.940425 
v -2.29799 6.74041 -0.940425 
v -2.38948 6.74822 -0.940425 
v -2.3805 6.85354 -0.940425 
v -2.71746 7.09447 -0.940425 
v -2.72526 7.00302 -0.940425 
v -2.71746 7.09447 -0.649882 
v -2.71746 7.09447 -0.940425 
v -2.74866 6.72869 -0.649882 
v -2.73306 6.91158 -0.940425 
v -2.74866 6.72869 -0.940425 
v -2.73306 6.91158 -0.649882 
v -2.70967 7.18591 -0.940425 
v -2.70967 7.18591 -0.649882 
v -2.70187 7.27735 -0.940425 
v -2.66923 6.72192 -0.649882 
v -2.74866 6.72869 -0.940425 
v -2.66923 6.72192 -0.940425 
v -2.70967 7.18591 -0.940425 
v -2.66923 6.72192 -0.649882 
v -2.44504 7.17733 -0.940425 
v -2.70187 7.27735 -0.940425 
v -2.43606 7.28265 -0.940425 
v -2.37636 7.3417 -0.940425 
v -2.34457 7.27485 -0.940425 
v -2.60685 7.45347 -0.940425 
v -2.33559 7.38018 -0.940425 
v -2.68627 7.46024 -0.940425 
v -2.50402 7.72102 -0.940425 
v -2.58345 7.7278 -0.940425 
v -2.49622 7.81247 -0.940425 
v -2.25794 7.79215 -0.940425 
v -2.28913 7.42637 -0.940425 
v -2.2441 7.37238 -0.940425 
v -2.23512 7.47771 -0.940425 
v -2.70187 7.27735 -0.649882 
v -2.68627 7.46024 -0.940425 
v -2.68627 7.46024 -0.940425 
v -2.60684 7.45347 -0.649882 
v -2.60685 7.45347 -0.940425 
v -2.68627 7.46024 -0.649882 
v -2.68627 7.46024 -0.649882 
v -2.58345 7.7278 -0.649882 
v -2.58345 7.7278 -0.940425 
v -2.60685 7.45347 -0.940425 
v -2.60684 7.45347 -0.649882 
v -2.58345 7.7278 -0.940425 
v -2.58345 7.7278 -0.649882 
v -2.50402 7.72102 -0.649882 
v -2.50402 7.72102 -0.940425 
v -2.50402 7.72102 -0.940425 
v -2.50402 7.72102 -0.649882 
v -2.49622 7.81247 -0.940425 
v -2.49622 7.81247 -0.649882 
v -2.49622 7.81247 -0.940425 
v -2.25794 7.79215 -0.649882 
v -2.25794 7.79215 -0.940425 
v -2.49622 7.81247 -0.649882 
v -2.25794 7.79215 -0.940425 
v -2.25794 7.79215 -0.649882 
v -2.25014 7.88359 -0.940425 
v -1.74009 6.79893 -0.940425 
v -1.69518 7.32557 -0.940425 
v -1.61267 7.21244 -0.940425 
v -1.70416 7.22024 -0.940425 
v -1.78666 7.33337 -0.940425 
v -1.73314 7.37896 -0.940425 
v -1.57428 7.36541 -0.940425 
v -1.77768 7.4387 -0.940425 
v -1.63032 7.64652 -0.940425 
v -1.49486 7.35864 -0.940425 
v -1.55089 7.63974 -0.940425 
v -1.54164 6.80998 -0.649882 
v -1.53385 6.90142 -0.649882 
v -1.57428 7.36541 -0.940425 
v -1.57428 7.36541 -0.649882 
v -1.49486 7.35864 -0.649882 
v -1.55089 7.63974 -0.940425 
v -1.57428 7.36541 -0.649882 
v -1.57428 7.36541 -0.940425 
v -1.86917 7.4465 -0.940425 
v -1.8608 7.75828 -0.940425 
v -1.55089 7.63974 -0.649882 
v -1.52605 6.99286 -0.649882 
v -1.49486 7.35864 -0.940425 
v -1.51825 7.08431 -0.649882 
v -1.51045 7.17575 -0.649882 
v -1.49486 7.35864 -0.940425 
v -1.49486 7.35864 -0.649882 
v -1.96066 7.4543 -0.940425 
v -2.14363 7.4699 -0.940425 
v -2.09129 7.87004 -0.940425 
v -2.05214 7.4621 -0.940425 
v -2.01186 7.86327 -0.940425 
v -2.25014 7.88359 -0.940425 
v -1.63032 7.64652 -0.940425 
v -1.55089 7.63974 -0.649882 
v -1.55089 7.63974 -0.940425 
v -1.62252 7.73796 -0.940425 
v -1.63032 7.64652 -0.649882 
v -1.63032 7.64652 -0.940425 
v -1.62252 7.73796 -0.940425 
v -1.853 7.84972 -0.940425 
v -1.853 7.84972 -0.649882 
v -1.8608 7.75828 -0.940425 
v -1.853 7.84972 -0.940425 
v -2.01186 7.86327 -0.940425 
v -2.01186 7.86327 -0.649882 
v -1.853 7.84972 -0.940425 
v -2.09129 7.87004 -0.940425 
v -2.25014 7.88359 -0.649882 
v -2.09129 7.87004 -0.649882 
v -2.25014 7.88359 -0.649882 
v -2.25014 7.88359 -0.940425 
v -1.853 7.84972 -0.649882 
v -1.63032 7.64652 -0.649882 
v -1.62252 7.73796 -0.649882 
v -1.8608 7.75828 -0.940425 
v -1.62252 7.73796 -0.649882 
v -1.62252 7.73796 -0.940425 
v -1.8608 7.75828 -0.649882 
v -1.8608 7.75828 -0.649882 
v -2.74866 6.72869 -0.649882 
v -2.26429 6.77949 -0.649882 
v -2.34372 6.78627 -0.649882 
v -2.42315 6.79304 -0.649882 
v -2.72526 7.00302 -0.649882 
v -2.33592 6.87771 -0.649882 
v -2.31253 7.15204 -0.649882 
v -2.41535 6.88448 -0.649882 
v -2.73306 6.91158 -0.649882 
v -2.74866 6.72869 -0.649882 
v -2.72526 7.00302 -0.649882 
v -2.40755 6.97593 -0.649882 
v -2.39975 7.06737 -0.649882 
v -2.71746 7.09447 -0.649882 
v -2.20971 7.4196 -0.649882 
v -2.29693 7.33493 -0.649882 
v -2.2175 7.32815 -0.649882 
v -2.30473 7.24349 -0.649882 
v -2.50402 7.72102 -0.649882 
v -2.25794 7.79215 -0.649882 
v -2.49622 7.81247 -0.649882 
v -2.09129 7.87004 -0.649882 
v -2.25014 7.88359 -0.649882 
v -2.05085 7.40605 -0.649882 
v -2.13028 7.41283 -0.649882 
v -2.70967 7.18591 -0.649882 
v -2.39196 7.15881 -0.649882 
v -2.38416 7.25026 -0.649882 
v -2.70187 7.27735 -0.649882 
v -2.60684 7.45347 -0.649882 
v -2.68627 7.46024 -0.649882 
v -2.58345 7.7278 -0.649882 
v -1.62887 6.72531 -0.649882 
v -1.62107 6.81675 -0.649882 
v -1.7005 6.82352 -0.649882 
v -1.61327 6.90819 -0.649882 
v -1.6849 7.00641 -0.649882 
v -1.60548 6.99964 -0.649882 
v -1.52605 6.99286 -0.649882 
v -1.54944 6.71853 -0.649882 
v -1.54164 6.80998 -0.649882 
v -1.53385 6.90142 -0.649882 
v -1.59768 7.09108 -0.649882 
v -1.67711 7.09785 -0.649882 
v -1.51825 7.08431 -0.649882 
v -1.58988 7.18252 -0.649882 
v -1.66931 7.1893 -0.649882 
v -1.65371 7.37218 -0.649882 
v -1.73314 7.37896 -0.649882 
v -1.63032 7.64652 -0.649882 
v -1.57428 7.36541 -0.649882 
v -1.51045 7.17575 -0.649882 
v -1.49486 7.35864 -0.649882 
v -1.55089 7.63974 -0.649882 
v -1.89199 7.39251 -0.649882 
v -1.8608 7.75828 -0.649882 
v -2.01186 7.86327 -0.649882 
v -1.853 7.84972 -0.649882 
v -1.62252 7.73796 -0.649882 
v 0.861925 0.225851 0.597102 
v 0.861925 0.225851 -1.54733 
v 0.861925 -0.0245593 -1.54733 
v 1.02791 0.225851 -1.70855 
v 1.02791 -0.0245593 -1.70855 
v 1.02791 -0.0245593 -1.54733 
v 1.02791 0.225851 -1.54733 
v 1.02791 -0.0245593 -1.54733 
v 0.861925 -0.0245593 -1.54733 
v 0.861925 0.225851 -1.54733 
v 1.02791 0.225851 -1.54733 
v 1.18843 0.852503 -0.661274 
v 1.18843 1.01209 -1.52977 
v 1.18843 0.852503 -1.52977 
v 1.18843 1.01209 -0.661274 
v 2.21245 0.225851 -1.54733 
v 1.02791 0.225851 -1.70855 
v 1.02791 0.225851 -1.54733 
v 1.02791 0.225851 -1.70855 
v 2.21245 0.225851 -1.70855 
v 1.02791 -0.0245593 -1.70855 
v 2.21245 0.225851 -1.70855 
v 1.02791 -0.0245593 -1.70855 
v 2.21245 -0.0245593 -1.54733 
v 1.02791 -0.0245593 -1.54733 
v 1.18843 0.852503 -1.52977 
v 2.05193 1.01209 -1.52977 
v 2.05193 0.852503 -1.52977 
v 1.18843 1.01209 -1.52977 
v 1.18843 1.01209 -1.52977 
v 2.05193 1.01209 -0.661274 
v 2.05193 1.01209 -1.52977 
v 1.18843 1.01209 -0.661274 
v 1.02791 -0.0245593 -1.54733 
v 0.861925 -0.0245593 0.597102 
v 0.861925 -0.0245593 -1.54733 
v 0.861925 0.225851 -1.54733 
v 0.861925 0.225851 0.597102 
v 2.05193 0.852503 -0.661274 
v 1.18843 1.01209 -0.661274 
v 1.18843 0.852503 -0.661274 
v 1.4887 6.54581 -0.940426 
v 1.56833 6.54945 -0.649882 
v 1.4887 6.54581 -0.649882 
v 1.64796 6.5531 -0.940426 
v 1.64796 6.5531 -0.649882 
v 1.7276 6.55674 -0.649882 
v 2.21209 -0.0245593 0.597102 
v 2.21209 0.225851 0.597102 
v 2.05193 1.01209 -0.661274 
v 1.80723 6.56039 -0.649882 
v 1.88686 6.56403 -0.649882 
v 1.4845 6.63749 -0.649882 
v 1.4887 6.54581 -0.940426 
v 1.4887 6.54581 -0.649882 
v 1.40067 6.72552 -0.940426 
v 1.4845 6.63749 -0.940426 
v 1.40487 6.63384 -0.940426 
v 1.4845 6.63749 -0.940426 
v 1.4845 6.63749 -0.649882 
v 1.40487 6.63384 -0.940426 
v 1.40487 6.63384 -0.649882 
v 1.40067 6.72552 -0.940426 
v 1.40487 6.63384 -0.940426 
v 1.51534 6.7808 -0.940426 
v 1.32104 6.72188 -0.940426 
v 1.40067 6.72552 -0.940426 
v 1.32104 6.72188 -0.688621 
v 1.32104 6.72188 -0.688621 
v 1.31684 6.81356 -0.669252 
v 1.32104 6.72188 -0.940426 
v 1.4845 6.63749 -0.940426 
v 1.64796 6.5531 -0.940426 
v 1.4887 6.54581 -0.940426 
v 1.61189 6.67939 -0.940426 
v 1.97878 6.69619 -0.940426 
v 1.60706 6.78499 -0.940426 
v 1.40067 6.72552 -0.649882 
v 1.40487 6.63384 -0.649882 
v 1.40067 6.72552 -0.649882 
v 1.32104 6.72188 -0.669252 
v 1.32104 6.72188 -0.649882 
v 1.32104 6.72188 -0.669252 
v 1.32104 6.72188 -0.649882 
v 1.63957 6.73646 -0.649882 
v 1.7234 6.64842 -0.649882 
v 1.7192 6.7401 -0.649882 
v 1.80723 6.56039 -0.649882 
v 1.7276 6.55674 -0.649882 
v 1.64377 6.64478 -0.649882 
v 1.80303 6.65207 -0.649882 
v 1.79884 6.74374 -0.649882 
v 2.21245 -0.0245593 -1.70855 
v 2.21245 -0.0245593 -1.70855 
v 2.05193 1.01209 -0.661274 
v 2.05193 0.852503 -1.52977 
v 2.05193 1.01209 -1.52977 
v 2.05193 0.852503 -0.661274 
v 2.20539 6.57861 -0.940426 
v 1.96649 6.56768 -0.649882 
v 2.04613 6.57132 -0.940426 
v 2.04613 6.57132 -0.940426 
v 2.07051 6.70039 -0.940426 
v 2.20539 6.57861 -0.940426 
v 2.21245 0.225851 -1.70855 
v 2.21245 0.225851 -1.54733 
v 2.21245 -0.0245593 -1.70855 
v 2.21245 -0.0245593 -1.54733 
v 2.37844 0.225851 -1.54733 
v 2.37844 -0.024559 -1.54733 
v 2.21245 -0.0245593 -1.54733 
v 2.21245 0.225851 -1.54733 
v 2.36046 6.67758 -0.940426 
v 2.36466 6.5859 -0.940426 
v 2.36466 6.5859 -0.649882 
v 2.36466 6.5859 -0.940426 
v 2.21245 0.225851 -1.54733 
v 2.37844 0.225851 0.597102 
v 2.37844 0.225851 -1.54733 
v 1.88266 6.65571 -0.649882 
v 1.88686 6.56403 -0.649882 
v 2.36466 6.5859 -0.649882 
v 2.04193 6.663 -0.649882 
v 1.96649 6.56768 -0.649882 
v 1.9623 6.65935 -0.649882 
v 2.37844 -0.024559 0.597102 
v 2.37844 -0.024559 -1.54733 
v 2.37844 0.225851 -1.54733 
v 2.37844 0.225851 0.597102 
v 2.37844 -0.024559 -1.54733 
v 7.5789 5.35787 -0.567256 
v 8.24474 4.8612 -0.762675 
v 7.50108 4.99769 -0.635319 
v 8.32266 5.22123 -0.694664 
v 2.36466 6.5859 -0.649882 
v 2.36466 6.5859 -0.940426 
v 2.36046 6.67758 -0.649882 
v 7.82337 5.54739 -0.62005 
v 8.89041 5.95315 -0.704658 
v 8.89041 5.54739 -0.704658 
v 2.11737 6.75832 -0.940426 
v 2.197 6.76197 -0.649882 
v 2.36046 6.67758 -0.649882 
v 2.1574 6.81018 -0.940426 
v 2.06567 6.80599 -0.940426 
v 2.36046 6.67758 -0.940426 
v 2.44009 6.68122 -0.940426 
v 2.44009 6.68122 -0.649882 
v 2.36046 6.67758 -0.940426 
v 2.36046 6.67758 -0.649882 
v 2.44009 6.68122 -0.940426 
v 2.4359 6.7729 -0.940426 
v 2.4359 6.7729 -0.940426 
v 2.44009 6.68122 -0.649882 
v 2.44009 6.68122 -0.940426 
v 2.4359 6.7729 -0.649882 
v 2.4359 6.7729 -0.649882 
v 2.44009 6.68122 -0.649882 
v 1.87847 6.74739 -0.649882 
v 1.9581 6.75103 -0.649882 
v 2.03773 6.75468 -0.649882 
v 2.11737 6.75832 -0.649882 
v 1.64796 6.5531 -0.649882 
v 1.02828 -0.0245593 0.597102 
v 1.02828 -0.0245593 0.597102 
v 0.861925 -0.0245593 0.597102 
v 1.02791 0.225851 -1.54733 
v 1.02828 0.225851 0.597102 
v 2.21209 0.225851 0.597102 
v 1.02828 0.225851 0.597102 
v 2.37844 -0.024559 0.597102 
v 2.37844 0.225851 0.597102 
v 2.21209 0.225851 0.597102 
v 2.37844 -0.024559 0.597102 
v 7.50108 4.99769 -0.635319 
v 8.29883 4.77149 -0.353927 
v 7.55507 4.90812 -0.226519 
v 7.63299 5.26816 -0.158508 
v 7.50108 4.99769 -0.635319 
v 7.55507 4.90812 -0.226519 
v 8.29883 4.77149 -0.353927 
v 7.63299 5.26816 -0.158508 
v 7.55507 4.90812 -0.226519 
v 2.21209 -0.0245593 0.597102 
v 0.861925 0.225851 0.597102 
v 0.861925 -0.0245593 0.597102 
v 1.02828 -0.0245593 0.597102 
v 2.21209 -0.0245593 0.597102 
v 1.02828 -0.0245593 0.758678 
v 1.02828 0.225851 0.597102 
v 1.02828 -0.0245593 0.597102 
v 1.02828 -0.0245593 0.758678 
v 1.02828 0.225851 0.597102 
v 1.02828 0.225851 0.758678 
v 1.02828 0.225851 0.758678 
v 1.02828 -0.0245593 0.758678 
v 2.21209 -0.0245593 0.758678 
v 1.02828 0.225851 0.758678 
v 2.21209 0.225851 0.758678 
v 2.21209 -0.0245593 0.758678 
v 2.21209 -0.0245593 0.597102 
v 2.21209 -0.0245593 0.758678 
v 2.21209 0.225851 0.758678 
v 2.21209 0.225851 0.597102 
v 2.21209 0.225851 0.758678 
v 6.53176 5.10504 0.78913 
v 6.53176 5.10504 -0.569063 
v 6.84749 5.10504 0.78913 
v 1.56413 6.64113 -0.649882 
v 1.4845 6.63749 -0.649882 
v 1.4887 6.54581 -0.649882 
v 1.4803 6.72917 -0.649882 
v 1.40487 6.63384 -0.649882 
v 1.40067 6.72552 -0.649882 
v 1.55994 6.73281 -0.649882 
v 1.39648 6.8172 -0.649882 
v 1.32104 6.72188 -0.649882 
v 1.56833 6.54945 -0.649882 
v 6.84749 6.06591 -0.569063 
v 6.84749 5.10504 -0.569063 
v 6.53176 6.06591 -0.569063 
v 6.53176 5.10504 -0.569063 
v 6.84749 5.10504 -0.569063 
v 6.53176 6.06591 0.78913 
v 6.53176 5.10504 -0.569063 
v 6.53176 5.10504 0.78913 
v 6.53176 6.06591 -0.569063 
v 6.53176 6.06591 0.78913 
v 6.84749 6.06591 -0.569063 
v 6.53176 6.06591 -0.569063 
v 6.53176 6.06591 0.78913 
v 6.53176 5.10504 0.78913 
v 6.84749 6.06591 0.78913 
v 6.84749 6.06591 0.78913 
v 7.5789 5.35787 -0.567256 
v 6.84749 5.10504 0.78913 
v 6.84749 6.06591 0.78913 
v 6.84749 5.10504 0.78913 
v 6.84749 5.10504 -0.569063 
v 7.82337 5.95315 -0.62005 
v 7.82337 5.54739 -0.62005 
v 7.85266 5.54739 -0.264642 
v 6.84749 6.06591 -0.569063 
v 7.82337 5.95315 0.838171 
v 7.85266 5.54739 0.482763 
v 7.82337 5.54739 0.838171 
v 8.24474 4.8612 -0.762675 
v 7.5789 5.35787 -0.567256 
v 8.37665 5.13166 -0.285864 
v 8.32266 5.22123 -0.694664 
v 7.63299 5.26816 -0.158508 
v 8.29883 4.77149 -0.353927 
v 8.37665 5.13166 -0.285864 
v 7.63299 5.26816 -0.158508 
v 8.89041 5.54739 -0.704658 
v 7.85266 5.54739 -0.264642 
v 7.82337 5.54739 -0.62005 
v 7.87197 5.95315 -0.260386 
v 7.87197 5.54739 -0.260386 
v 7.87197 5.54739 0.0962276 
v 7.85266 5.54739 -0.264642 
v 8.9197 5.54739 -0.34925 
v 7.85266 5.95315 -0.264642 
v 8.37665 5.13166 -0.285864 
v 8.24474 4.8612 -0.762675 
v 8.32266 5.22123 -0.694664 
v 8.29883 4.77149 -0.353927 
v 9.0914 5.54739 -0.260386 
v 7.87197 5.54739 0.0962276 
v 7.87197 5.54739 -0.260386 
v 8.9197 5.54739 -0.34925 
v 7.87197 5.54739 -0.260386 
v 9.0914 5.95315 -0.260386 
v 9.0914 5.54739 -0.260386 
v 9.0914 5.54739 0.0962274 
v 7.87197 5.54739 0.121893 
v 8.91288 5.54739 0.478506 
v 7.87197 5.54739 0.478506 
v 7.87197 5.95315 0.478506 
v 7.87197 5.54739 0.121893 
v 7.87197 5.54739 0.478506 
v 7.85266 5.54739 0.482763 
v 8.70688 5.54739 0.906559 
v 7.82337 5.54739 0.838171 
v 7.85266 5.95315 0.482763 
v 8.73617 5.54739 0.551152 
v 7.85266 5.54739 0.482763 
v 7.87197 5.54739 0.0962276 
v 9.0914 5.54739 0.0962274 
v 7.87197 5.95315 0.0962276 
v 7.87197 5.95315 0.121893 
v 8.91288 5.54739 0.121893 
v 7.87197 5.54739 0.121893 
v 8.70688 5.95315 0.906559 
v 7.82337 5.54739 0.838171 
v 8.70688 5.54739 0.906559 
v 8.91288 5.54739 0.121893 
v 8.73617 5.54739 0.551152 
v 8.91288 5.95315 0.478506 
v 7.87197 5.54739 0.478506 
v 8.91288 5.54739 0.478506 
v 8.91288 5.95315 0.478506 
v 8.91288 5.54739 0.478506 
v 8.91288 5.54739 0.121893 
v 8.70688 5.95315 0.906559 
v 8.70688 5.54739 0.906559 
v 8.73617 5.54739 0.551152 
v 9.0914 5.95315 -0.260386 
v 9.0914 5.54739 0.0962274 
v 9.0914 5.54739 -0.260386 
v 7.82337 5.95315 -0.62005 
v 7.85266 5.95315 -0.264642 
v 7.87197 5.95315 0.0962276 
v 7.87197 5.95315 -0.260386 
v 7.85266 5.95315 -0.264642 
v 8.89041 5.95315 -0.704658 
v 7.82337 5.95315 -0.62005 
v 7.87197 5.95315 0.0962276 
v 9.0914 5.95315 0.0962274 
v 7.87197 5.95315 -0.260386 
v 8.9197 5.95315 -0.34925 
v 8.89041 5.95315 -0.704658 
v 8.9197 5.54739 -0.34925 
v 8.89041 5.54739 -0.704658 
v 8.9197 5.95315 -0.34925 
v 8.9197 5.95315 -0.34925 
v 9.0914 5.95315 -0.260386 
v 9.0914 5.95315 0.0962274 
v 9.0914 5.95315 0.0962274 
v 7.87197 5.95315 0.121893 
v 7.85266 5.95315 0.482763 
v 7.82337 5.95315 0.838171 
v 7.87197 5.95315 0.478506 
v 8.91288 5.95315 0.121893 
v 7.87197 5.95315 0.121893 
v 7.87197 5.95315 0.478506 
v 8.70688 5.95315 0.906559 
v 7.85266 5.95315 0.482763 
v 7.82337 5.95315 0.838171 
v 8.73617 5.95315 0.551152 
v 8.91288 5.95315 0.121893 
v 8.73617 5.95315 0.551152 
v 8.73617 5.95315 0.551152 
v 8.91288 5.95315 0.121893 
v 8.91288 5.95315 0.478506 
v 1.41878 6.8822 -0.940426 
v 1.32104 6.72188 -0.940426 
v 1.5105 6.88639 -0.940426 
v 1.28747 7.45531 -0.940426 
v 1.39945 7.30459 -0.940426 
v 1.3671 7.45896 -0.940426 
v 1.48634 7.41439 -0.940426 
v 1.57806 7.41859 -0.940426 
v 1.52637 7.46625 -0.940426 
v 2.03668 7.43958 -0.940426 
v 2.0838 7.49176 -0.940426 
v 2.1284 7.44378 -0.940426 
v 2.03184 7.54518 -0.940426 
v 1.57323 7.52419 -0.940426 
v 1.66885 7.84025 -0.940426 
v 1.66495 7.52839 -0.940426 
v 1.75667 7.53258 -0.940426 
v 1.8484 7.53678 -0.940426 
v 1.30426 7.08859 -0.649882 
v 1.28747 7.45531 -0.940426 
v 1.31265 6.90524 -0.649882 
v 1.30006 7.18027 -0.649882 
v 1.29586 7.27195 -0.649882 
v 1.28747 7.45531 -0.649882 
v 1.28747 7.45531 -0.649882 
v 1.3671 7.45896 -0.940426 
v 1.28747 7.45531 -0.940426 
v 1.3671 7.45896 -0.649882 
v 1.49117 7.30879 -0.940426 
v 1.35452 7.734 -0.940426 
v 1.3671 7.45896 -0.940426 
v 1.3671 7.45896 -0.649882 
v 1.43415 7.73764 -0.940426 
v 1.35452 7.734 -0.649882 
v 1.35452 7.734 -0.940426 
v 1.82392 7.93922 -0.940426 
v 1.42995 7.82932 -0.940426 
v 1.90355 7.94287 -0.940426 
v 1.66465 7.93193 -0.940426 
v 1.82392 7.93922 -0.940426 
v 1.90355 7.94287 -0.649882 
v 1.90355 7.94287 -0.940426 
v 1.94012 7.54098 -0.940426 
v 2.06701 7.85848 -0.940426 
v 2.06282 7.95016 -0.940426 
v 2.06701 7.85848 -0.649882 
v 2.06701 7.85848 -0.940426 
v 2.06282 7.95016 -0.940426 
v 2.06282 7.95016 -0.649882 
v 2.06282 7.95016 -0.940426 
v 1.66465 7.93193 -0.649882 
v 1.66465 7.93193 -0.940426 
v 1.43415 7.73764 -0.649882 
v 1.42995 7.82932 -0.940426 
v 1.43415 7.73764 -0.940426 
v 1.35452 7.734 -0.649882 
v 1.43415 7.73764 -0.940426 
v 1.35452 7.734 -0.940426 
v 1.43415 7.73764 -0.649882 
v 1.42995 7.82932 -0.649882 
v 1.42995 7.82932 -0.649882 
v 1.66885 7.84025 -0.940426 
v 1.42995 7.82932 -0.940426 
v 1.66885 7.84025 -0.649882 
v 1.66465 7.93193 -0.649882 
v 1.66465 7.93193 -0.940426 
v 1.66885 7.84025 -0.940426 
v 2.06282 7.95016 -0.649882 
v 1.66885 7.84025 -0.649882 
v 1.82392 7.93922 -0.649882 
v 2.1928 6.85365 -0.940426 
v 2.24429 6.91998 -0.940426 
v 2.23945 7.02558 -0.940426 
v 2.50714 6.95991 -0.940426 
v 2.23462 7.13118 -0.940426 
v 2.50294 7.05159 -0.940426 
v 2.22979 7.23678 -0.940426 
v 2.49455 7.23494 -0.940426 
v 2.51553 6.77655 -0.940426 
v 2.49875 7.14326 -0.940426 
v 2.49035 7.32662 -0.940426 
v 2.15256 6.91578 -0.940426 
v 2.51553 6.77655 -0.940426 
v 2.4359 6.7729 -0.649882 
v 2.4359 6.7729 -0.940426 
v 2.51553 6.77655 -0.649883 
v 2.49875 7.14326 -0.649882 
v 2.49875 7.14326 -0.940426 
v 2.49455 7.23494 -0.649882 
v 2.49455 7.23494 -0.940426 
v 2.49035 7.32662 -0.649882 
v 2.50294 7.05159 -0.940426 
v 2.50714 6.95991 -0.649882 
v 2.51553 6.77655 -0.940426 
v 2.50714 6.95991 -0.940426 
v 2.51553 6.77655 -0.649883 
v 2.50294 7.05159 -0.649882 
v 2.49035 7.32662 -0.940426 
v 2.40233 7.50634 -0.940426 
v 2.16763 7.40373 -0.940426 
v 2.13323 7.33818 -0.940426 
v 2.22495 7.34237 -0.940426 
v 2.31011 7.77773 -0.940426 
v 2.30591 7.86941 -0.940426 
v 2.48196 7.50998 -0.940426 
v 2.38974 7.78138 -0.940426 
v 2.31011 7.77773 -0.649882 
v 2.38974 7.78138 -0.940426 
v 2.31011 7.77773 -0.940426 
v 2.30591 7.86941 -0.940426 
v 2.31011 7.77773 -0.649882 
v 2.31011 7.77773 -0.940426 
v 2.38974 7.78138 -0.649882 
v 2.30591 7.86941 -0.649882 
v 2.06701 7.85848 -0.649882 
v 2.30591 7.86941 -0.940426 
v 2.06701 7.85848 -0.940426 
v 2.30591 7.86941 -0.649882 
v 2.38974 7.78138 -0.649882 
v 2.40233 7.50634 -0.940426 
v 2.38974 7.78138 -0.940426 
v 2.48196 7.50998 -0.940426 
v 2.48196 7.50998 -0.649882 
v 2.40233 7.50634 -0.649882 
v 2.48196 7.50998 -0.940426 
v 2.40233 7.50634 -0.940426 
v 2.48196 7.50998 -0.649882 
v 2.40233 7.50634 -0.649882 
v 1.31684 6.81356 -0.649882 
v 1.31684 6.81356 -0.649882 
v 1.30845 6.99692 -0.649882 
v 1.39228 6.90888 -0.649882 
v 1.47611 6.82085 -0.649882 
v 1.47191 6.91253 -0.649882 
v 1.55574 6.82449 -0.649882 
v 2.03354 6.84636 -0.649882 
v 1.46352 7.09588 -0.649882 
v 1.31265 6.90524 -0.649882 
v 1.30845 6.99692 -0.649882 
v 1.38808 7.00056 -0.649882 
v 1.38389 7.09224 -0.649882 
v 1.30426 7.08859 -0.649882 
v 1.30006 7.18027 -0.649882 
v 1.45932 7.18756 -0.649882 
v 1.37969 7.18392 -0.649882 
v 1.68563 7.47354 -0.649882 
v 1.45513 7.27924 -0.649882 
v 1.43415 7.73764 -0.649882 
v 1.52637 7.46625 -0.649882 
v 1.66885 7.84025 -0.649882 
v 1.42995 7.82932 -0.649882 
v 2.09639 7.21672 -0.649882 
v 1.8449 7.48083 -0.649882 
v 1.82392 7.93922 -0.649882 
v 1.66465 7.93193 -0.649882 
v 1.3755 7.2756 -0.649882 
v 1.29586 7.27195 -0.649882 
v 1.28747 7.45531 -0.649882 
v 1.3671 7.45896 -0.649882 
v 1.44674 7.4626 -0.649882 
v 1.35452 7.734 -0.649882 
v 2.1928 6.85365 -0.649882 
v 2.11317 6.85 -0.649882 
v 2.18861 6.94533 -0.649882 
v 2.10897 6.94168 -0.649882 
v 2.18441 7.03701 -0.649882 
v 2.18021 7.12869 -0.649882 
v 2.51553 6.77655 -0.649883 
v 2.50714 6.95991 -0.649882 
v 2.50294 7.05159 -0.649882 
v 2.49875 7.14326 -0.649882 
v 2.49455 7.23494 -0.649882 
v 2.17602 7.22037 -0.649882 
v 2.09219 7.3084 -0.649882 
v 2.17182 7.31205 -0.649882 
v 2.00836 7.39644 -0.649882 
v 2.08799 7.40008 -0.649882 
v 2.40233 7.50634 -0.649882 
v 2.31011 7.77773 -0.649882 
v 2.00417 7.48812 -0.649882 
v 2.49035 7.32662 -0.649882 
v 2.48196 7.50998 -0.649882 
v 2.38974 7.78138 -0.649882 
v 1.92453 7.48447 -0.649882 
v 1.90355 7.94287 -0.649882 
v 2.06701 7.85848 -0.649882 
v 2.30591 7.86941 -0.649882 
v 2.06282 7.95016 -0.649882 

vn 0 0 -1 
vn 0 0 -1 
vn 0 0 -1 
vn 0 -1 0 
vn 0 -1 0 
vn 0 -1 0 
vn -1 0 0 
vn -1 0 0 
vn -1 0 0 
vn 0 1 0 
vn 0 1 0 
vn 0 1 0 
vn -0.0866142 -1 0 
vn -0.0866142 -1 0 
vn -0.0866142 -1 0 
vn -0.0866142 -1 0 
vn -0.0866142 -1 0 
vn 0 0 -1 
vn 0 0 -1 
vn 0 0 -1 
vn -1 0 0 
vn -1 0 0 
vn -1 0 0 
vn -1 0 0 
vn 0 0 -1 
vn -1 0 0 
vn -1 0 0 
vn -1 0 0 
vn -1 0 0 
vn -0.0866142 -1 0 
vn -0.0866142 -1 0 
vn -0.0866142 -1 0 
vn -0.0866142 -1 0 
vn 0.0787402 0 -1 
vn 0.0787402 0 -1 
vn 0.0787402 0 -1 
vn 0.125984 0.212598 -0.968504 
vn 0.125984 0.212598 -0.968504 
vn 0.125984 0.212598 -0.968504 
vn 0.125984 0.212598 -0.968504 
vn -0.0866142 -1 0 
vn 0 0 1 
vn 0 0 1 
vn 0 0 1 
vn -0.0866142 -1 0 
vn 0 0 1 
vn 0 0 1 
vn 0 0 1 
vn 0 0 1 
vn 0 0 1 
vn 0 0 1 
vn 0 0 -1 
vn 0 0 -1 
vn -1 0.0866142 0 
vn -1 0.0866142 0 
vn -1 0.0866142 0 
vn -1 0.0866142 0 
vn -0.0866142 -1 0 
vn -0.0866142 -1 0 
vn -0.0866142 -1 0 
vn -0.0866142 -1 0 
vn 0 0 -1 
vn 0 0 -1 
vn 0 0 -1 
vn -1 0.0866142 0 
vn -1 0.0866142 0 
vn -1 0.0866142 0 
vn 0 0 -1 
vn 0 0 -1 
vn 0 0 -1 
vn 0 0 -1 
vn 0 0 1 
vn 0 0 1 
vn 0 0 1 
vn 0 0 1 
vn 0 0 1 
vn 0 0 1 
vn 0 0 1 
vn 0 0 1 
vn 0 0 1 
vn 0 0 1 
vn 0 0 1 
vn 0 0 -1 
vn 0 0 -1 
vn 0 0 -1 
vn 0 0 -1 
vn 0 0 -1 
vn 0 0 -1 
vn 0 -1 0 
vn 0 -1 0 
vn 0 -1 0 
vn 0 1 0 
vn 0 1 0 
vn 0 0 -1 
vn 0 0 -1 
vn 0 0 -1 
vn 0 0 -1 
vn 0 1 0 
vn 1 0 0 
vn 1 0 0 
vn 1 0 0 
vn 0 -1 0 
vn 0 0 -1 
vn 0 0 -1 
vn 0 0 -1 
vn 1 0 0 
vn 0 0 -1 
vn 1 0 0 
vn 1 0 0 
vn 1 0 0 
vn 0 -1 0 
vn 0 1 0 
vn 0 0 1 
vn 0 0 1 
vn 0 0 1 
vn 0 1 0 
vn 0 1 0 
vn 0 1 0 
vn -0.0866142 -1 0 
vn -0.0866142 -1 0 
vn 0 1 0 
vn 0 -1 0 
vn 0 -1 0 
vn 1 0 0 
vn 1 0 0 
vn 1 0 0 
vn 0 1 0 
vn 0 1 0 
vn 0 1 0 
vn 1 0 0 
vn 0 0 1 
vn 1 -0.0866142 0 
vn 1 -0.0866142 0 
vn 1 -0.0866142 0 
vn 0 0 -1 
vn 1 -0.0866142 0 
vn -0.0866142 -1 0 
vn -0.0866142 -1 0 
vn -0.0866142 -1 0 
vn -0.0866142 -1 0 
vn 0 0 -1 
vn 0 0 -1 
vn 1 -0.0866142 0 
vn 1 -0.0866142 0 
vn 1 -0.0866142 0 
vn 1 -0.0866142 0 
vn -0.0866142 -1 0 
vn -0.0866142 -1 0 
vn -0.0866142 -1 0 
vn 1 -0.0866142 0 
vn 1 -0.0866142 0 
vn 1 -0.0866142 0 
vn -0.0866142 -1 0 
vn 1 -0.0866142 0 
vn 0 0 1 
vn 0 0 1 
vn 0 0 1 
vn 0 0 1 
vn 0 0 1 
vn -0.0866142 -1 0 
vn 0 0 1 
vn -0.0866142 -1 0 
vn 1 -0.0866142 0 
vn 0 0 1 
vn 0 0 1 
vn -0.968504 -0.181102 -0.165354 
vn -0.968504 -0.181102 -0.165354 
vn -0.968504 -0.181102 -0.165354 
vn -0.968504 -0.181102 -0.165354 
vn 0 -1 0 
vn 0 -1 0 
vn 0 -1 0 
vn -1 0 -0.0787402 
vn -1 0 -0.0787402 
vn -1 0 -0.0787402 
vn -0.0787402 0 1 
vn -0.0787402 0 1 
vn -0.0787402 0 1 
vn 0 0 -1 
vn 0 0 -1 
vn 0 0 -1 
vn 0 -1 0 
vn 0.204724 -0.96063 -0.181102 
vn 0.204724 -0.96063 -0.181102 
vn 0.204724 -0.96063 -0.181102 
vn -0.204724 0.96063 0.181102 
vn -0.204724 0.96063 0.181102 
vn -0.204724 0.96063 0.181102 
vn -0.125984 -0.212598 0.968504 
vn -0.125984 -0.212598 0.968504 
vn -0.125984 -0.212598 0.968504 
vn -0.204724 0.96063 0.181102 
vn -0.204724 0.96063 0.181102 
vn -0.204724 0.96063 0.181102 
vn 1 0 0.0787402 
vn 1 0 0.0787402 
vn 1 0 0.0787402 
vn 1 0 0 
vn 1 0 0 
vn 1 0 0 
vn 0 -1 0 
vn 0 -1 0 
vn 0 -1 0 
vn 0 -1 0 
vn 0 -1 0 
vn 0 -1 0 
vn 0 -1 0 
vn 0 -1 0 
vn 0 -1 0 
vn 0 -1 0 
vn -1 0 0 
vn -1 0 0 
vn -1 0 0 
vn -1 0 0 
vn -1 0 0 
vn -1 0 0 
vn 0 0 1 
vn 0 0 1 
vn 0 0 1 
vn 0.0787402 0 1 
vn 0.0787402 0 1 
vn 0.0787402 0 1 
vn 0 -1 0 
vn 0 -1 0 
vn 0 0 1 
vn 0 0 1 
vn 0 0 1 
vn 1 0 0 
vn 1 0 0 
vn 1 0 0 
vn -0.0787402 0 -1 
vn -0.0787402 0 -1 
vn -0.0787402 0 -1 
vn 0 0 -1 
vn 0 0 -1 
vn 0 0 -1 
vn -1 0 -0.0787402 
vn -1 0 0 
vn 0 0 1 
vn -0.0787402 0 1 
vn 0 1 0 
vn 0 1 0 
vn 0 1 0 
vn 0 1 0 
vn 0 1 0 
vn 0 1 0 
vn 0 0 -1 
vn 0.0787402 0 -1 
vn 1 0 0 
vn 1 0 0.0787402 
vn 0 1 0 
vn 0 1 0 
vn 0 0 -1 
vn -1 0 0 
vn -1 0 0.0787402 
vn -1 0 0.0787402 
vn -1 0 0.0787402 
vn -1 0 0.0787402 
vn -0.0787402 0 -1 
vn 0 1 0 
vn 0 1 0 
vn 0 1 0 
vn 0 1 0 
vn 0 1 0 
vn 0 1 0 
vn 0 1 0 
vn 0 0 1 
vn 0.0787402 0 1 
vn 1 0 0 
vn 1 0 -0.0787402 
vn 1 0 -0.0787402 
vn 1 0 -0.0787402 
vn 0 1 0 
vn 0 1 0 
vn 0 1 0 
vn 1 0 -0.0787402 
vn 0 -1 0 
vn -1 0 0 
vn 0.204724 -0.96063 -0.181102 
vn 0.968504 0.181102 0.165354 
vn 0.968504 0.181102 0.165354 
vn 0.968504 0.181102 0.165354 
vn -0.125984 -0.212598 0.968504 
vn 0 -1 0 
vn 0 -1 0 
vn 0 -1 0 
vn 0 0 1 
vn 0 0 1 
vn 0 0 1 
vn 1 0 0 
vn 0 1 0 
vn 0 1 0 
vn 0 0 1 
vn 0 0 1 
vn 0 0 1 
vn 0 0 1 
vn 0 -1 0 
vn 0 -1 0 
vn -1 0 0 
vn -1 0 0 
vn -1 0 0 
vn 0 0 1 
vn -1 0 0 
vn 0 1 0 
vn 0 1 0 
vn 0 1 0 
vn 0 0 1 
vn 0 0 1 
vn 0 0 1 
vn 0 0 1 
vn 1 0 0 
vn 1 0 0 
vn 1 0 0 
vn 1 0 0 
vn 0 -1 0 
vn 0 -1 0 
vn 0 -1 0 
vn 0 0 1 
vn 0 0 1 
vn 0 0 1 
vn 0 0 1 
vn 0 0 1 
vn 0 0 1 
vn 0 0 1 
vn 0.968504 0.181102 0.165354 
vn -1 0 0 
vn -1 0 0 
vn -1 0 0 
vn 0 0 1 
vn 0 0 1 
vn 0 0 1 
vn -1 0 0 
vn 0 0 -1 
vn 0 0 -1 
vn 0 0 -1 
vn 0 1 0 
vn 0 1 0 
vn 0 1 0 
vn 0 0 -1 
vn 0 -1 0 
vn 1 0 0 
vn 1 0 0 
vn 1 0 0 
vn 0 0 1 
vn 1 0 0 
vn 0 1 0 
vn 0 0 -1 
vn 0 0 -1 
vn 0 0 -1 
vn 0 0 -1 
vn 0 0 -1 
vn 0 0 -1 
vn 0 0 -1 
vn 0 0 -1 
vn 0 0 -1 
vn 0 0 -1 
vn 0 0 -1 
vn 0 0 -1 
vn 0 0 -1 
vn -1 0.0866142 0 
vn -1 0.0866142 0 
vn -1 0.0866142 0 
vn -1 0.0866142 0 
vn -1 0.0866142 0 
vn -1 0.0866142 0 
vn -1 0.0866142 0 
vn -1 0.0866142 0 
vn -1 0.0866142 0 
vn -1 0.0866142 0 
vn -0.0866142 -1 0 
vn -0.0866142 -1 0 
vn -0.0866142 -1 0 
vn 0 0 -1 
vn -1 0.0866142 0 
vn 0 0 -1 
vn 0 0 -1 
vn 0 0 -1 
vn 0 0 -1 
vn 0 0 -1 
vn 0 0 -1 
vn 0 0 -1 
vn 0 0 -1 
vn 0 0 -1 
vn 0 0 -1 
vn 0 0 -1 
vn 0 0 -1 
vn 0 0 -1 
vn 0 0 -1 
vn 0 0 -1 
vn -1 0.0866142 0 
vn -1 0.0866142 0 
vn 0.0866142 1 0 
vn 0.0866142 1 0 
vn 0.0866142 1 0 
vn -1 0.0866142 0 
vn 0.0866142 1 0 
vn -1 0.0866142 0 
vn -1 0.0866142 0 
vn -1 0.0866142 0 
vn -1 0.0866142 0 
vn 0.0866142 1 0 
vn 0.0866142 1 0 
vn 0.0866142 1 0 
vn 0.0866142 1 0 
vn -1 0.0866142 0 
vn -1 0.0866142 0 
vn -1 0.0866142 0 
vn -1 0.0866142 0 
vn 0.0866142 1 0 
vn 0.0866142 1 0 
vn 0.0866142 1 0 
vn 0.0866142 1 0 
vn -1 0.0866142 0 
vn -1 0.0866142 0 
vn -1 0.0866142 0 
vn 0 0 -1 
vn 0 0 -1 
vn 0 0 -1 
vn 0 0 -1 
vn 0 0 -1 
vn 0 0 -1 
vn 0 0 -1 
vn 0 0 -1 
vn 0 0 -1 
vn 0 0 -1 
vn 0 0 -1 
vn 1 -0.0866142 0 
vn 1 -0.0866142 0 
vn 0.0866142 1 0 
vn 0.0866142 1 0 
vn 0.0866142 1 0 
vn 1 -0.0866142 0 
vn 1 -0.0866142 0 
vn 1 -0.0866142 0 
vn 0 0 -1 
vn 0 0 -1 
vn 1 -0.0866142 0 
vn 1 -0.0866142 0 
vn 1 -0.0866142 0 
vn 1 -0.0866142 0 
vn 1 -0.0866142 0 
vn 0.0866142 1 0 
vn 1 -0.0866142 0 
vn 0 0 -1 
vn 0 0 -1 
vn 0 0 -1 
vn 0 0 -1 
vn 0 0 -1 
vn 0 0 -1 
vn 0.0866142 1 0 
vn 0.0866142 1 0 
vn 0.0866142 1 0 
vn 1 -0.0866142 0 
vn 1 -0.0866142 0 
vn 1 -0.0866142 0 
vn 0 0 -1 
vn 0 0 -1 
vn 1 -0.0866142 0 
vn 1 -0.0866142 0 
vn 1 -0.0866142 0 
vn 0.0866142 1 0 
vn 0.0866142 1 0 
vn 0.0866142 1 0 
vn 0.0866142 1 0 
vn -1 0.0866142 0 
vn 0.0866142 1 0 
vn 0.0866142 1 0 
vn 0.0866142 1 0 
vn 0.0866142 1 0 
vn 0.0866142 1 0 
vn 1 -0.0866142 0 
vn 0.0866142 1 0 
vn 0.0866142 1 0 
vn 0.0866142 1 0 
vn 0.0866142 1 0 
vn 1 -0.0866142 0 
vn -0.0866142 -1 0 
vn 0 0 1 
vn 0 0 1 
vn 0 0 1 
vn -1 0.0866142 0 
vn 0 0 1 
vn 0 0 1 
vn 0 0 1 
vn 0 0 1 
vn 0 0 1 
vn 0 0 1 
vn 0 0 1 
vn 0 0 1 
vn 0 0 1 
vn 0 0 1 
vn 0 0 1 
vn 0 0 1 
vn 0 0 1 
vn 0 0 1 
vn 0 0 1 
vn 0 0 1 
vn 0 0 1 
vn 0 0 1 
vn 0 0 1 
vn 0 0 1 
vn 0 0 1 
vn 0 0 1 
vn 0 0 1 
vn 0 0 1 
vn 0 0 1 
vn 0 0 1 
vn 0 0 1 
vn 0 0 1 
vn 0 0 1 
vn 0 0 1 
vn 0 0 1 
vn 0 0 1 
vn 0 0 1 
vn 0 0 1 
vn 1 -0.0866142 0 
vn 0 0 1 
vn 0 0 1 
vn 0 0 1 
vn 0 0 1 
vn 0 0 1 
vn 0 0 1 
vn 0 0 1 
vn 0 0 1 
vn 0 0 1 
vn 0 0 1 
vn 0 0 1 
vn 0 0 1 
vn 0 0 1 
vn 0 0 1 
vn 0 0 1 
vn 0 0 1 
vn 0 0 1 
vn 0 0 1 
vn 0 0 1 
vn -1 0 0 
vn -1 0 0 
vn -1 0 0 
vn -1 0 0 
vn -1 0 0 
vn -1 0 0 
vn 0 0 -1 
vn 0 0 -1 
vn 0 0 -1 
vn 0 0 -1 
vn -1 0 0 
vn -1 0 0 
vn -1 0 0 
vn -1 0 0 
vn -1 0 0 
vn 0 1 0 
vn 0 1 0 
vn 0 1 0 
vn 0 0 -1 
vn 0 0 -1 
vn 0 0 -1 
vn 0 1 0 
vn 0 -1 0 
vn 0 -1 0 
vn 0 -1 0 
vn 0 0 -1 
vn 0 0 -1 
vn 0 0 -1 
vn 0 0 -1 
vn 0 1 0 
vn 0 1 0 
vn 0 1 0 
vn 0 1 0 
vn 0 -1 0 
vn 0 -1 0 
vn 0 -1 0 
vn 0 1 0 
vn 0 1 0 
vn 0 0 1 
vn 0 0 1 
vn 0 0 1 
vn 0.0472441 -1 0 
vn 0.0472441 -1 0 
vn 0.0472441 -1 0 
vn 0.0472441 -1 0 
vn 0.0472441 -1 0 
vn 0.0472441 -1 0 
vn 0 -1 0 
vn 0 1 0 
vn 0 0 1 
vn 0.0472441 -1 0 
vn 0.0472441 -1 0 
vn -1 -0.0472441 0 
vn -1 -0.0472441 0 
vn -1 -0.0472441 0 
vn 0 0 -1 
vn 0 0 -1 
vn 0 0 -1 
vn 0.0472441 -1 0 
vn 0.0472441 -1 0 
vn 0.0472441 -1 0 
vn -1 -0.0472441 0 
vn -1 -0.0472441 0 
vn -1 -0.0472441 0 
vn 0 0 -1 
vn 0.0472441 -1 0 
vn 0.0472441 -1 0 
vn 0.0472441 -1 0 
vn -1 -0.0472441 0 
vn -1 -0.0472441 0 
vn -1 -0.0472441 0 
vn -1 -0.0472441 0 
vn 0 0 -1 
vn 0 0 -1 
vn 0 0 -1 
vn 0 0 -1 
vn 0 0 -1 
vn 0.0472441 -1 0 
vn 0.0472441 -1 0 
vn -1 -0.0472441 0 
vn 0.0472441 -1 0 
vn 0.0472441 -1 0 
vn -1 -0.0472441 0 
vn -1 -0.0472441 0 
vn 0 0 1 
vn 0 0 1 
vn 0 0 1 
vn 0 0 1 
vn 0 0 1 
vn 0 0 1 
vn 0 0 1 
vn 0 0 1 
vn 0 0 -1 
vn 0 -1 0 
vn 1 0 0 
vn 1 0 0 
vn 1 0 0 
vn 1 0 0 
vn 0.0472441 -1 0 
vn 0.0472441 -1 0 
vn 0.0472441 -1 0 
vn 0 0 -1 
vn 0 0 -1 
vn 0 0 -1 
vn 1 0 0 
vn 1 0 0 
vn 1 0 0 
vn 1 0 0 
vn 0 0 -1 
vn 0 0 -1 
vn 0 0 -1 
vn 0 0 -1 
vn 0 0 -1 
vn 0 0 -1 
vn 0.0472441 -1 0 
vn 0.0472441 -1 0 
vn 0 1 0 
vn 0 1 0 
vn 0 1 0 
vn 0 0 1 
vn 0 0 1 
vn 0 0 1 
vn 0 0 1 
vn 0 0 1 
vn 0 0 1 
vn 0 -1 0 
vn 0 -1 0 
vn 1 0 0 
vn 1 0 0 
vn 1 0 0 
vn -0.125984 0.212598 -0.968504 
vn -0.125984 0.212598 -0.968504 
vn -0.125984 0.212598 -0.968504 
vn -0.125984 0.212598 -0.968504 
vn 1 0.0472441 0 
vn 1 0.0472441 0 
vn 1 0.0472441 0 
vn -0.0787402 0 -1 
vn -0.0787402 0 -1 
vn -0.0787402 0 -1 
vn 0 0 -1 
vn 0 0 1 
vn 0 0 1 
vn 0 0 -1 
vn 0 0 -1 
vn 1 0.0472441 0 
vn 0.0472441 -1 0 
vn 0.0472441 -1 0 
vn 0.0472441 -1 0 
vn 0.0472441 -1 0 
vn 0 0 -1 
vn 0 0 -1 
vn 1 0.0472441 0 
vn 1 0.0472441 0 
vn 1 0.0472441 0 
vn 1 0.0472441 0 
vn 0 0 1 
vn 0 0 1 
vn 0 0 1 
vn 0 0 1 
vn 0 0 1 
vn 0 0 1 
vn 0 0 1 
vn 0 -1 0 
vn 0 -1 0 
vn -1 0 0 
vn 0 1 0 
vn 0 1 0 
vn 0 1 0 
vn 0 1 0 
vn 1 0 0 
vn 0 0 1 
vn 0 0 1 
vn 0 0 1 
vn -0.204724 -0.96063 -0.181102 
vn -0.204724 -0.96063 -0.181102 
vn -0.204724 -0.96063 -0.181102 
vn -0.968504 0.181102 0.165354 
vn -0.968504 0.181102 0.165354 
vn -0.968504 0.181102 0.165354 
vn 0.125984 -0.212598 0.968504 
vn 0.125984 -0.212598 0.968504 
vn 0.125984 -0.212598 0.968504 
vn 0 0 1 
vn 0 0 1 
vn 0 0 1 
vn 0 0 1 
vn 0 -1 0 
vn 0 -1 0 
vn -1 0 0 
vn -1 0 0 
vn -1 0 0 
vn 0 0 1 
vn 0 1 0 
vn -1 0 0 
vn 0 0 1 
vn 0 0 1 
vn 0 0 1 
vn 1 0 0 
vn 1 0 0 
vn 1 0 0 
vn 0 -1 0 
vn 0 0 1 
vn 1 0 0 
vn 0 1 0 
vn 0 -1 0 
vn 0 -1 0 
vn 0 -1 0 
vn 0 0 1 
vn 0 0 1 
vn 0 0 1 
vn 0 0 1 
vn 0 0 1 
vn 0 0 1 
vn 0 0 1 
vn 0 0 1 
vn 0 0 1 
vn 0 0 1 
vn 0 0 -1 
vn 0 0 -1 
vn 0 0 -1 
vn 0 0 -1 
vn 0 -1 0 
vn -1 0 0 
vn -1 0 0 
vn -1 0 0 
vn -1 0 0 
vn 0 1 0 
vn 0 1 0 
vn 0 1 0 
vn 0 0 1 
vn 0 0 1 
vn 0 0 1 
vn 0 1 0 
vn -0.968504 0.181102 0.165354 
vn 0 0 1 
vn 1 0 0 
vn 1 0 0 
vn 1 0 0 
vn -1 0 0.0787402 
vn -1 0 0.0787402 
vn -1 0 0.0787402 
vn 1 0 0 
vn -1 0 -0.0787402 
vn -1 0 -0.0787402 
vn -1 0 -0.0787402 
vn -0.204724 -0.96063 -0.181102 
vn 0.204724 0.96063 0.181102 
vn 0.204724 0.96063 0.181102 
vn 0.204724 0.96063 0.181102 
vn 0.125984 -0.212598 0.968504 
vn 0.125984 -0.212598 0.968504 
vn 0.125984 -0.212598 0.968504 
vn 0.204724 0.96063 0.181102 
vn 0 -1 0 
vn 0 -1 0 
vn 0 -1 0 
vn -1 0 0 
vn -1 0 0 
vn -1 0 0 
vn 0.0787402 0 1 
vn 0.0787402 0 1 
vn 0.0787402 0 1 
vn 0.968504 -0.181102 -0.165354 
vn 0.968504 -0.181102 -0.165354 
vn 0.968504 -0.181102 -0.165354 
vn 0.968504 -0.181102 -0.165354 
vn 0 -1 0 
vn 0 -1 0 
vn 0 -1 0 
vn 0 -1 0 
vn 0 0 -1 
vn 0 0 -1 
vn 0 0 -1 
vn 0 -1 0 
vn 0 -1 0 
vn 0 -1 0 
vn 0 -1 0 
vn -1 0 0 
vn -1 0 0 
vn -1 0 0 
vn 0 -1 0 
vn 0 -1 0 
vn 0 -1 0 
vn 0.0787402 0 -1 
vn 0.0787402 0 -1 
vn 0.0787402 0 -1 
vn 0 0 1 
vn 0 0 1 
vn 0 0 1 
vn 0 0 -1 
vn 0 0 -1 
vn 0 0 -1 
vn -0.0787402 0 1 
vn -0.0787402 0 1 
vn -0.0787402 0 1 
vn 0 -1 0 
vn 0 -1 0 
vn 0 0 1 
vn 0 0 1 
vn 0 0 1 
vn 1 0 0 
vn 1 0 0 
vn 1 0 0 
vn 1 0 0.0787402 
vn 1 0 0.0787402 
vn 1 0 0.0787402 
vn 1 0 0 
vn 1 0 0 
vn 1 0 0 
vn -0.0787402 0 -1 
vn -1 0 0.0787402 
vn -1 0 0 
vn 0 0 -1 
vn 0 1 0 
vn 0 1 0 
vn 0 1 0 
vn 0 1 0 
vn 0 1 0 
vn 0 1 0 
vn 0 1 0 
vn 1 0 -0.0787402 
vn 1 0 -0.0787402 
vn 1 0 -0.0787402 
vn 0.0787402 0 1 
vn 1 0 -0.0787402 
vn 0 1 0 
vn 1 0 0 
vn 0 0 1 
vn -1 0 0 
vn -1 0 -0.0787402 
vn -0.0787402 0 1 
vn 0 0 1 
vn 0 1 0 
vn 0 1 0 
vn 0 1 0 
vn 0 1 0 
vn 0 1 0 
vn 0 1 0 
vn 0 1 0 
vn 0 0 -1 
vn 0.0787402 0 -1 
vn 1 0 0.0787402 
vn 1 0 0 
vn 0 1 0 
vn 0 0 -1 
vn 0 0 -1 
vn 0 0 -1 
vn 0 0 -1 
vn 0 0 -1 
vn 0 0 -1 
vn 0 0 -1 
vn 0 0 -1 
vn 0 0 -1 
vn 0 0 -1 
vn 0 0 -1 
vn 0 0 -1 
vn 0 0 -1 
vn 0 0 -1 
vn 0 0 -1 
vn 0 0 -1 
vn 0 0 -1 
vn 0 0 -1 
vn -1 -0.0472441 0 
vn -1 -0.0472441 0 
vn -1 -0.0472441 0 
vn -1 -0.0472441 0 
vn -1 -0.0472441 0 
vn -1 -0.0472441 0 
vn -0.0472441 1 0 
vn -0.0472441 1 0 
vn -0.0472441 1 0 
vn -0.0472441 1 0 
vn 0 0 -1 
vn -1 -0.0472441 0 
vn -1 -0.0472441 0 
vn -1 -0.0472441 0 
vn 0 0 -1 
vn -1 -0.0472441 0 
vn 0 0 -1 
vn 0 0 -1 
vn 0 0 -1 
vn 0 0 -1 
vn 0 0 -1 
vn -0.0472441 1 0 
vn -0.0472441 1 0 
vn -0.0472441 1 0 
vn 0 0 -1 
vn 0 0 -1 
vn 1 0.0472441 0 
vn 1 0.0472441 0 
vn 1 0.0472441 0 
vn 0 0 -1 
vn -0.0472441 1 0 
vn -0.0472441 1 0 
vn -0.0472441 1 0 
vn -0.0472441 1 0 
vn -1 -0.0472441 0 
vn -1 -0.0472441 0 
vn -1 -0.0472441 0 
vn -0.0472441 1 0 
vn -0.0472441 1 0 
vn -0.0472441 1 0 
vn -0.0472441 1 0 
vn -1 -0.0472441 0 
vn -0.0472441 1 0 
vn -0.0472441 1 0 
vn -0.0472441 1 0 
vn -0.0472441 1 0 
vn -1 -0.0472441 0 
vn -1 -0.0472441 0 
vn -1 -0.0472441 0 
vn 1 0.0472441 0 
vn -1 -0.0472441 0 
vn -0.0472441 1 0 
vn 0 0 -1 
vn 0 0 -1 
vn 0 0 -1 
vn 0 0 -1 
vn 0 0 -1 
vn 0 0 -1 
vn 0 0 -1 
vn 0 0 -1 
vn 0 0 -1 
vn 0 0 -1 
vn 0 0 -1 
vn 0 0 -1 
vn 0.0472441 -1 0 
vn 0.0472441 -1 0 
vn 0.0472441 -1 0 
vn 0.0472441 -1 0 
vn 1 0.0472441 0 
vn 1 0.0472441 0 
vn 1 0.0472441 0 
vn 1 0.0472441 0 
vn 1 0.0472441 0 
vn 1 0.0472441 0 
vn 1 0.0472441 0 
vn 1 0.0472441 0 
vn 1 0.0472441 0 
vn 1 0.0472441 0 
vn 1 0.0472441 0 
vn 1 0.0472441 0 
vn 0 0 -1 
vn 0 0 -1 
vn 0 0 -1 
vn 0 0 -1 
vn 0 0 -1 
vn 0 0 -1 
vn 0 0 -1 
vn 0 0 -1 
vn -0.0472441 1 0 
vn -0.0472441 1 0 
vn -0.0472441 1 0 
vn 1 0.0472441 0 
vn 1 0.0472441 0 
vn 1 0.0472441 0 
vn -0.0472441 1 0 
vn 1 0.0472441 0 
vn -0.0472441 1 0 
vn -0.0472441 1 0 
vn -0.0472441 1 0 
vn -0.0472441 1 0 
vn 1 0.0472441 0 
vn 1 0.0472441 0 
vn 1 0.0472441 0 
vn 1 0.0472441 0 
vn 1 0.0472441 0 
vn -0.0472441 1 0 
vn -0.0472441 1 0 
vn -0.0472441 1 0 
vn -0.0472441 1 0 
vn 1 0.0472441 0 
vn -1 -0.0472441 0 
vn 0 0 1 
vn -1 -0.0472441 0 
vn 0 0 1 
vn 0 0 1 
vn 0 0 1 
vn 0 0 1 
vn 0 0 1 
vn 0 0 1 
vn 0 0 1 
vn 0 0 1 
vn 0 0 1 
vn 0 0 1 
vn 0 0 1 
vn 0 0 1 
vn 0 0 1 
vn 0 0 1 
vn 0 0 1 
vn 0 0 1 
vn 0 0 1 
vn 0 0 1 
vn 0 0 1 
vn 0 0 1 
vn 0 0 1 
vn 0 0 1 
vn 0 0 1 
vn 0 0 1 
vn 0 0 1 
vn 0 0 1 
vn 0 0 1 
vn 0 0 1 
vn 0 0 1 
vn 0 0 1 
vn 0 0 1 
vn 0 0 1 
vn 0 0 1 
vn 0 0 1 
vn 0 0 1 
vn 0 0 1 
vn 0 0 1 
vn 0 0 1 
vn 0 0 1 
vn 0 0 1 
vn 0 0 1 
vn 0 0 1 
vn 0 0 1 
vn 0 0 1 
vn 0 0 1 
vn 0 0 1 
vn 0 0 1 
vn 0 0 1 
vn 0 0 1 
vn 0 0 1 
vn 0 0 1 
vn 0 0 1 
vn 0 0 1 
vn 0 0 1 
vn 0 0 1 
vn 0 0 1 
vn 0 0 1 

vt 0 0 
vt 0 0 
vt 0 0 
vt 0 0 
vt 0.152423 0.5 
vt 0 0 
vt 0.152423 0.5 
vt 0 0 
vt 0 0 
vt 0.152423 0.5 
vt 0 0 
vt 0 0 
vt 0 0 
vt 0 0 
vt 0 0 
vt 0 0 
vt 0 0 
vt 0 0 
vt 0 0 
vt 0 0 
vt 0 0 
vt 0 0 
vt 0 0 
vt 0 0 
vt 0 0 
vt 0.347577 0.547499 
vt 0.347577 0.547499 
vt 0.347577 0.547499 
vt 0.347577 0.547499 
vt 0 0 
vt 0 0 
vt 0 0 
vt 0 0 
vt 0.125 0.5 
vt 0.125 0.625 
vt 0.125 0.625 
vt 0.125 0.5 
vt 0.125 0.5 
vt 0.375 0.5 
vt 0.375 0.5 
vt 0 0 
vt 0 0 
vt 0 0 
vt 0 0 
vt 0 0 
vt 0 0 
vt 0 0 
vt 0 0 
vt 0 0 
vt 0 0 
vt 0 0 
vt 0 0 
vt 0 0 
vt 0 0 
vt 0 0 
vt 0 0 
vt 0 0 
vt 0 0 
vt 0 0 
vt 0 0 
vt 0 0 
vt 0 0 
vt 0 0 
vt 0 0 
vt 0 0 
vt 0 0 
vt 0 0 
vt 0 0 
vt 0 0 
vt 0 0 
vt 0 0 
vt 0 0 
vt 0 0 
vt 0 0 
vt 0 0 
vt 0 0 
vt 0 0 
vt 0 0 
vt 0 0 
vt 0 0 
vt 0 0 
vt 0 0 
vt 0 0 
vt 0 0 
vt 0 0 
vt 0 0 
vt 0 0 
vt 0 0 
vt 0 0 
vt 0 0 
vt 0 0 
vt 0 0 
vt 0 0 
vt 0.347577 0.547499 
vt 0.347577 0.702501 
vt 0.347577 0.702501 
vt 0.347577 0.547499 
vt 0 0 
vt 0 0 
vt 0 0 
vt 0 0 
vt 0 0 
vt 0 0 
vt 0 0 
vt 0 0 
vt 0 0 
vt 0 0 
vt 0.347577 0.702501 
vt 0.347577 0.702501 
vt 0.347577 0.702501 
vt 0.147741 0.522741 
vt 0.147741 0.522741 
vt 0.347577 0.702501 
vt 0.347577 0.547499 
vt 0.347577 0.547499 
vt 0.347577 0.547499 
vt 0.347577 0.547499 
vt 0.347577 0.702501 
vt 0 0 
vt 0 0 
vt 0.347577 0.702501 
vt 0 0 
vt 0.152423 0.75 
vt 0 0 
vt 0.152423 0.75 
vt 0 0 
vt 0 0 
vt 0.152423 0.75 
vt 0 0 
vt 0.347577 0.702501 
vt 0.347577 0.702501 
vt 0 0 
vt 0 0 
vt 0 0 
vt 0 0 
vt 0 0 
vt 0 0 
vt 0 0 
vt 0 0 
vt 0 0 
vt 0 0 
vt 0 0 
vt 0 0 
vt 0 0 
vt 0 0 
vt 0 0 
vt 0 0 
vt 0 0 
vt 0 0 
vt 0 0 
vt 0 0 
vt 0 0 
vt 0 0 
vt 0 0 
vt 0 0 
vt 0 0 
vt 0 0 
vt 0 0 
vt 0 0 
vt 0 0 
vt 0 0 
vt 0 0 
vt 0 0 
vt 0 0 
vt 0 0 
vt 0.375 0.5 
vt 0.125 0.625 
vt 0.125 0.5 
vt 0.375 0.625 
vt 0.375 0.625 
vt 0.375 0.625 
vt 0.125 0.625 
vt 0.125 0.5 
vt 0.125 0.625 
vt 0.375 0.625 
vt 0.375 0.5 
vt 0.375 0.625 
vt 0.375 0.625 
vt 0.125 0.5 
vt 0.125 0.625 
vt 0.125 0.625 
vt 0.125 0.625 
vt 0.375 0.5 
vt 0.375 0.625 
vt 0.375 0.5 
vt 0.125 0.625 
vt 0.125 0.5 
vt 0.125 0.5 
vt 0.375 0.625 
vt 0.125 0.625 
vt 0.125 0.625 
vt 0.125 0.5 
vt 0.125 0.625 
vt 0.125 0.625 
vt 0.125 0.5 
vt 0.375 0.625 
vt 0.125 0.625 
vt 0.125 0.5 
vt 0.375 0.625 
vt 0.125 0.625 
vt 0.125 0.625 
vt 0.125 0.625 
vt 0.375 0.625 
vt 0.375 0.625 
vt 0.375 0.625 
vt 0.125 0.625 
vt 0.375 0.625 
vt 0.375 0.625 
vt 0.125 0.625 
vt 0.375 0.625 
vt 0.125 0.5 
vt 0.125 0.625 
vt 0.375 0.625 
vt 0.125 0.5 
vt 0.375 0.625 
vt 0.125 0.625 
vt 0.125 0.625 
vt 0.125 0.5 
vt 0.125 0.625 
vt 0.125 0.625 
vt 0.125 0.5 
vt 0.125 0.625 
vt 0.125 0.625 
vt 0.125 0.625 
vt 0.375 0.5 
vt 0.375 0.625 
vt 0.375 0.625 
vt 0.125 0.5 
vt 0.125 0.625 
vt 0.375 0.625 
vt 0.375 0.625 
vt 0.375 0.625 
vt 0.375 0.5 
vt 0.375 0.625 
vt 0.375 0.625 
vt 0.375 0.5 
vt 0.375 0.5 
vt 0.375 0.5 
vt 0.375 0.5 
vt 0.375 0.5 
vt 0.375 0.5 
vt 0.125 0.5 
vt 0.375 0.5 
vt 0.375 0.5 
vt 0.125 0.5 
vt 0.125 0.5 
vt 0.125 0.5 
vt 0.125 0.5 
vt 0.375 0.5 
vt 0.375 0.5 
vt 0.125 0.5 
vt 0.375 0.5 
vt 0.375 0.5 
vt 0.375 0.5 
vt 0.375 0.625 
vt 0.125 0.5 
vt 0.375 0.5 
vt 0.125 0.625 
vt 0.375 0.5 
vt 0.125 0.5 
vt 0.125 0.5 
vt 0.375 0.5 
vt 0.125 0.5 
vt 0.375 0.5 
vt 0.375 0.5 
vt 0.375 0.5 
vt 0.125 0.5 
vt 0.125 0.5 
vt 0.375 0.5 
vt 0.375 0.5 
vt 0.125 0.5 
vt 0.375 0.625 
vt 0.375 0.5 
vt 0.125 0.5 
vt 0.125 0.5 
vt 0.125 0.625 
vt 0.147741 0.522741 
vt 0.152423 0.5 
vt 0.375 0.625 
vt 0.375 0.5 
vt 0.125 0.625 
vt 0.375 0.625 
vt 0.375 0.625 
vt 0 0 
vt 0.147741 0.727259 
vt 0.147741 0.727259 
vt 0.152423 0.75 
vt 0.147741 0.727259 
vt 0.152423 0.75 
vt 0.152423 0.75 
vt 0.147741 0.727259 
vt 0.147741 0.727259 
vt 0.147741 0.727259 
vt 0.147741 0.522741 
vt 0.152423 0.5 
vt 0.147741 0.522741 
vt 0.125 0.722577 
vt 0.125 0.527423 
vt 0.125 0.527423 
vt 0.147741 0.522741 
vt 0.125 0.527423 
vt 0.152423 0.5 
vt 0.147741 0.522741 
vt 0.125 0.527423 
vt 0.125 0.722577 
vt 0.147741 0.522741 
vt 0.125 0.722577 
vt 0.125 0.527423 
vt 0.125 0.527423 
vt 0.125 0.722577 
vt 0.147741 0.727259 
vt 0.125 0.722577 
vt 0.147741 0.727259 
vt 0.125 0.722577 
vt 0.375 0.695128 
vt 0.125 0.695128 
vt 0.375 0.695128 
vt 0 0 
vt 0 0 
vt 0 0 
vt 0 0 
vt 0 0 
vt 0 0 
vt 0 0 
vt 0.125 0.5 
vt 0.125 0.5 
vt 0.375 0.695128 
vt 0.125 0.695128 
vt 0.125 0.5 
vt 0.125 0.695128 
vt 0.125 0.695128 
vt 0.375 0.5 
vt 0.375 0.5 
vt 0.375 0.695128 
vt 0.375 0.5 
vt 0.375 0.5 
vt 0.125 0.5 
vt 0.125 0.5 
vt 0.375 0.695128 
vt 0.125 0.695128 
vt 0.125 0.5 
vt 0.125 0.695128 
vt 0.375 0.695128 
vt 0.125 0.5 
vt 0.375 0.5 
vt 0.375 0.5 
vt 0 0 
vt 0 0 
vt 0 0 
vt 0 0 
vt 0 0 
vt 0 0 
vt 0 0 
vt 0 0 
vt 0 0 
vt 0 0 
vt 0 0 
vt 0 0 
vt 0 0 
vt 0 0 
vt 0 0 
vt 0 0 
vt 0 0 
vt 0 0 
vt 0 0 
vt 0 0 
vt 0 0 
vt 0 0 
vt 0 0 
vt 0 0 
vt 0 0 
vt 0 0 
vt 0 0 
vt 0 0 
vt 0 0 
vt 0 0 
vt 0 0 
vt 0 0 
vt 0 0 
vt 0 0 
vt 0 0 
vt 0 0 
vt 0 0 
vt 0 0 
vt 0 0 
vt 0 0 
vt 0 0 
vt 0 0 
vt 0 0 
vt 0 0 
vt 0 0 
vt 0 0 
vt 0 0 
vt 0 0 
vt 0 0 
vt 0 0 
vt 0 0 
vt 0 0 
vt 0 0 
vt 0 0 
vt 0 0 
vt 0 0 
vt 0 0 
vt 0 0 
vt 0 0 
vt 0 0 
vt 0 0 
vt 0 0 
vt 0 0 
vt 0 0 
vt 0 0 
vt 0 0 
vt 0 0 
vt 0 0 
vt 0 0 
vt 0 0 
vt 0 0 
vt 0 0 
vt 0 0 
vt 0 0 
vt 0 0 
vt 0 0 
vt 0 0 
vt 0 0 
vt 0 0 
vt 0 0 
vt 0 0 
vt 0 0 
vt 0 0 
vt 0 0 
vt 0 0 
vt 0 0 
vt 0 0 
vt 0 0 
vt 0 0 
vt 0 0 
vt 0 0 
vt 0 0 
vt 0 0 
vt 0 0 
vt 0 0 
vt 0 0 
vt 0 0 
vt 0 0 
vt 0 0 
vt 0 0 
vt 0 0 
vt 0 0 
vt 0 0 
vt 0 0 
vt 0 0 
vt 0 0 
vt 0 0 
vt 0 0 
vt 0 0 
vt 0 0 
vt 0 0 
vt 0 0 
vt 0 0 
vt 0 0 
vt 0 0 
vt 0 0 
vt 0 0 
vt 0 0 
vt 0 0 
vt 0 0 
vt 0 0 
vt 0 0 
vt 0 0 
vt 0 0 
vt 0 0 
vt 0 0 
vt 0 0 
vt 0 0 
vt 0 0 
vt 0 0 
vt 0 0 
vt 0 0 
vt 0 0 
vt 0 0 
vt 0 0 
vt 0 0 
vt 0 0 
vt 0 0 
vt 0 0 
vt 0 0 
vt 0 0 
vt 0 0 
vt 0 0 
vt 0 0 
vt 0 0 
vt 0 0 
vt 0 0 
vt 0 0 
vt 0 0 
vt 0 0 
vt 0 0 
vt 0 0 
vt 0 0 
vt 0 0 
vt 0 0 
vt 0 0 
vt 0 0 
vt 0 0 
vt 0 0 
vt 0 0 
vt 0 0 
vt 0 0 
vt 0 0 
vt 0 0 
vt 0 0 
vt 0 0 
vt 0 0 
vt 0 0 
vt 0 0 
vt 0 0 
vt 0 0 
vt 0 0 
vt 0 0 
vt 0 0 
vt 0 0 
vt 0 0 
vt 0 0 
vt 0 0 
vt 0 0 
vt 0 0 
vt 0 0 
vt 0 0 
vt 0 0 
vt 0 0 
vt 0 0 
vt 0 0 
vt 0 0 
vt 0 0 
vt 0 0 
vt 0.152423 0.75 
vt 0 0 
vt 0 0 
vt 0 0 
vt 0 0 
vt 0 0 
vt 0 0 
vt 0 0 
vt 0 0 
vt 0 0 
vt 0 0 
vt 0.347577 0.702501 
vt 0.347577 0.702501 
vt 0.347577 0.702501 
vt 0.347577 0.702501 
vt 0 0 
vt 0 0 
vt 0 0 
vt 0 0 
vt 0 0 
vt 0 0 
vt 0 0 
vt 0 0 
vt 0 0 
vt 0 0 
vt 0.347577 0.702501 
vt 0.347577 0.547499 
vt 0.347577 0.547499 
vt 0.347577 0.702501 
vt 0.347577 0.702501 
vt 0.347577 0.547499 
vt 0.347577 0.547499 
vt 0.347577 0.702501 
vt 0 0 
vt 0.152423 0.75 
vt 0 0 
vt 0 0 
vt 0.152423 0.75 
vt 0.347577 0.547499 
vt 0.347577 0.702501 
vt 0.347577 0.702501 
vt 0 0 
vt 0 0 
vt 0 0 
vt 0 0 
vt 0 0 
vt 0 0 
vt 0.147741 0.522741 
vt 0.147741 0.522741 
vt 0.347577 0.547499 
vt 0 0 
vt 0 0 
vt 0 0 
vt 0 0 
vt 0 0 
vt 0 0 
vt 0 0 
vt 0 0 
vt 0 0 
vt 0 0 
vt 0 0 
vt 0 0 
vt 0 0 
vt 0 0 
vt 0 0 
vt 0 0 
vt 0 0 
vt 0 0 
vt 0 0 
vt 0 0 
vt 0 0 
vt 0 0 
vt 0 0 
vt 0 0 
vt 0 0 
vt 0 0 
vt 0 0 
vt 0 0 
vt 0 0 
vt 0 0 
vt 0 0 
vt 0 0 
vt 0 0 
vt 0 0 
vt 0 0 
vt 0 0 
vt 0 0 
vt 0 0 
vt 0 0 
vt 0 0 
vt 0 0 
vt 0 0 
vt 0 0 
vt 0 0 
vt 0.347577 0.547499 
vt 0.347577 0.547499 
vt 0.347577 0.547499 
vt 0.347577 0.547499 
vt 0 0 
vt 0 0 
vt 0 0 
vt 0 0 
vt 0 0 
vt 0 0 
vt 0 0 
vt 0 0 
vt 0 0 
vt 0 0 
vt 0 0 
vt 0 0 
vt 0 0 
vt 0 0 
vt 0 0 
vt 0 0 
vt 0 0 
vt 0 0 
vt 0 0 
vt 0.152423 0.5 
vt 0 0 
vt 0 0 
vt 0 0 
vt 0 0 
vt 0 0 
vt 0 0 
vt 0 0 
vt 0.152423 0.5 
vt 0 0 
vt 0 0 
vt 0.152423 0.5 
vt 0 0 
vt 0.125 0.5 
vt 0.375 0.5 
vt 0.375 0.5 
vt 0.125 0.5 
vt 0 0 
vt 0 0 
vt 0 0 
vt 0.125 0.625 
vt 0.125 0.5 
vt 0.125 0.625 
vt 0 0 
vt 0 0 
vt 0 0 
vt 0 0 
vt 0 0 
vt 0 0 
vt 0 0 
vt 0 0 
vt 0 0 
vt 0 0 
vt 0 0 
vt 0 0 
vt 0 0 
vt 0 0 
vt 0 0 
vt 0 0 
vt 0 0 
vt 0 0 
vt 0 0 
vt 0 0 
vt 0 0 
vt 0 0 
vt 0 0 
vt 0.147741 0.727259 
vt 0.147741 0.727259 
vt 0.152423 0.75 
vt 0 0 
vt 0.147741 0.727259 
vt 0.147741 0.522741 
vt 0.147741 0.727259 
vt 0.152423 0.5 
vt 0.152423 0.5 
vt 0.147741 0.522741 
vt 0.152423 0.5 
vt 0.375 0.5 
vt 0.375 0.625 
vt 0.375 0.625 
vt 0.125 0.625 
vt 0.375 0.5 
vt 0.375 0.625 
vt 0.375 0.625 
vt 0.125 0.625 
vt 0.375 0.625 
vt 0.147741 0.522741 
vt 0.152423 0.75 
vt 0.152423 0.75 
vt 0.147741 0.727259 
vt 0.147741 0.522741 
vt 0.125 0.722577 
vt 0.147741 0.727259 
vt 0.147741 0.727259 
vt 0.125 0.722577 
vt 0.147741 0.727259 
vt 0.125 0.722577 
vt 0.125 0.722577 
vt 0.125 0.722577 
vt 0.125 0.527423 
vt 0.125 0.722577 
vt 0.125 0.527423 
vt 0.125 0.527423 
vt 0.147741 0.522741 
vt 0.125 0.527423 
vt 0.125 0.527423 
vt 0.147741 0.522741 
vt 0.125 0.527423 
vt 0.125 0.695128 
vt 0.375 0.695128 
vt 0.125 0.695128 
vt 0 0 
vt 0 0 
vt 0 0 
vt 0 0 
vt 0 0 
vt 0 0 
vt 0 0 
vt 0 0 
vt 0 0 
vt 0 0 
vt 0.375 0.5 
vt 0.375 0.695128 
vt 0.375 0.5 
vt 0.375 0.695128 
vt 0.375 0.695128 
vt 0.125 0.5 
vt 0.375 0.695128 
vt 0.125 0.695128 
vt 0.375 0.5 
vt 0.125 0.5 
vt 0.375 0.5 
vt 0.375 0.5 
vt 0.125 0.5 
vt 0.125 0.695128 
vt 0.125 0.5 
vt 0.125 0.5 
vt 0.125 0.5 
vt 0.125 0.695128 
vt 0.125 0.5 
vt 0.125 0.695128 
vt 0.375 0.695128 
vt 0.125 0.5 
vt 0.125 0.625 
vt 0.375 0.625 
vt 0.375 0.5 
vt 0.125 0.5 
vt 0.375 0.625 
vt 0.125 0.625 
vt 0.375 0.5 
vt 0.125 0.5 
vt 0.125 0.625 
vt 0.125 0.5 
vt 0.125 0.625 
vt 0.375 0.625 
vt 0.125 0.625 
vt 0.125 0.625 
vt 0.125 0.625 
vt 0.375 0.625 
vt 0.125 0.625 
vt 0.125 0.5 
vt 0.125 0.625 
vt 0.375 0.625 
vt 0.375 0.625 
vt 0.375 0.625 
vt 0.375 0.5 
vt 0.125 0.625 
vt 0.375 0.5 
vt 0.125 0.5 
vt 0.375 0.625 
vt 0.125 0.625 
vt 0.375 0.625 
vt 0.125 0.625 
vt 0.375 0.625 
vt 0.125 0.625 
vt 0.125 0.5 
vt 0.125 0.625 
vt 0.375 0.625 
vt 0.375 0.625 
vt 0.125 0.625 
vt 0.125 0.625 
vt 0.125 0.5 
vt 0.375 0.625 
vt 0.125 0.625 
vt 0.375 0.625 
vt 0.125 0.625 
vt 0.125 0.625 
vt 0.375 0.5 
vt 0.375 0.625 
vt 0.375 0.625 
vt 0.375 0.625 
vt 0.375 0.625 
vt 0.375 0.5 
vt 0.375 0.5 
vt 0.375 0.625 
vt 0.375 0.625 
vt 0.125 0.5 
vt 0.125 0.625 
vt 0.125 0.625 
vt 0.375 0.625 
vt 0.375 0.625 
vt 0.125 0.5 
vt 0.125 0.625 
vt 0.125 0.625 
vt 0.125 0.5 
vt 0.125 0.625 
vt 0.375 0.625 
vt 0.125 0.5 
vt 0.125 0.625 
vt 0.375 0.625 
vt 0.125 0.5 
vt 0.375 0.625 
vt 0.125 0.625 
vt 0.125 0.5 
vt 0.375 0.5 
vt 0.375 0.5 
vt 0.125 0.5 
vt 0.375 0.5 
vt 0.125 0.5 
vt 0.125 0.5 
vt 0.375 0.5 
vt 0.375 0.5 
vt 0.125 0.5 
vt 0.375 0.5 
vt 0.125 0.5 
vt 0.375 0.625 
vt 0.125 0.625 
vt 0.375 0.5 
vt 0.375 0.5 
vt 0.125 0.5 
vt 0.375 0.5 
vt 0.375 0.5 
vt 0.375 0.5 
vt 0.375 0.5 
vt 0.125 0.5 
vt 0.125 0.5 
vt 0.375 0.5 
vt 0.375 0.5 
vt 0.125 0.5 
vt 0.125 0.5 
vt 0.375 0.5 
vt 0.125 0.5 
vt 0.375 0.5 
vt 0.375 0.5 
vt 0.375 0.5 
vt 0.375 0.5 
vt 0.375 0.5 
vt 0.125 0.5 
vt 0 0 
vt 0 0 
vt 0 0 
vt 0 0 
vt 0 0 
vt 0 0 
vt 0 0 
vt 0 0 
vt 0 0 
vt 0 0 
vt 0 0 
vt 0 0 
vt 0 0 
vt 0 0 
vt 0 0 
vt 0 0 
vt 0 0 
vt 0 0 
vt 0 0 
vt 0 0 
vt 0 0 
vt 0 0 
vt 0 0 
vt 0 0 
vt 0 0 
vt 0 0 
vt 0 0 
vt 0 0 
vt 0 0 
vt 0 0 
vt 0 0 
vt 0 0 
vt 0 0 
vt 0 0 
vt 0 0 
vt 0 0 
vt 0 0 
vt 0 0 
vt 0 0 
vt 0 0 
vt 0 0 
vt 0 0 
vt 0 0 
vt 0 0 
vt 0 0 
vt 0 0 
vt 0 0 
vt 0 0 
vt 0 0 
vt 0 0 
vt 0 0 
vt 0 0 
vt 0 0 
vt 0 0 
vt 0 0 
vt 0 0 
vt 0 0 
vt 0 0 
vt 0 0 
vt 0 0 
vt 0 0 
vt 0 0 
vt 0 0 
vt 0 0 
vt 0 0 
vt 0 0 
vt 0 0 
vt 0 0 
vt 0 0 
vt 0 0 
vt 0 0 
vt 0 0 
vt 0 0 
vt 0 0 
vt 0 0 
vt 0 0 
vt 0 0 
vt 0 0 
vt 0 0 
vt 0 0 
vt 0 0 
vt 0 0 
vt 0 0 
vt 0 0 
vt 0 0 
vt 0 0 
vt 0 0 
vt 0 0 
vt 0 0 
vt 0 0 
vt 0 0 
vt 0 0 
vt 0 0 
vt 0 0 
vt 0 0 
vt 0 0 
vt 0 0 
vt 0 0 
vt 0 0 
vt 0 0 
vt 0 0 
vt 0 0 
vt 0 0 
vt 0 0 
vt 0 0 
vt 0 0 
vt 0 0 
vt 0 0 
vt 0 0 
vt 0 0 
vt 0 0 
vt 0 0 
vt 0 0 
vt 0 0 
vt 0 0 
vt 0 0 
vt 0 0 
vt 0 0 
vt 0 0 
vt 0 0 
vt 0 0 
vt 0 0 
vt 0 0 
vt 0 0 
vt 0 0 
vt 0 0 
vt 0 0 
vt 0 0 
vt 0 0 
vt 0 0 
vt 0 0 
vt 0 0 
vt 0 0 
vt 0 0 
vt 0 0 
vt 0 0 
vt 0 0 
vt 0 0 
vt 0 0 
vt 0 0 
vt 0 0 
vt 0 0 
vt 0 0 
vt 0 0 
vt 0 0 
vt 0 0 
vt 0 0 
vt 0 0 
vt 0 0 
vt 0 0 
vt 0 0 
vt 0 0 
vt 0 0 
vt 0 0 
vt 0 0 
vt 0 0 
vt 0 0 
vt 0 0 
vt 0 0 
vt 0 0 
vt 0 0 
vt 0 0 
vt 0 0 
vt 0 0 
vt 0 0 
vt 0 0 
vt 0 0 
vt 0 0 
vt 0 0 
vt 0 0 
vt 0 0 
vt 0 0 
vt 0 0 
vt 0 0 
vt 0 0 
vt 0 0 
vt 0 0 
vt 0 0 
vt 0 0 
vt 0 0 
vt 0 0 
vt 0 0 
vt 0 0 
vt 0 0 
vt 0 0 
vt 0 0 
vt 0 0 
vt 0 0 

usemtl Cube0041Mtl

f 3247/3247/3247 3248/3248/3248 3249/3249/3249 
f 3267/3267/3267 3248/3248/3248 3247/3247/3247 
f 3241/3241/3241 3242/3242/3242 3243/3243/3243 
f 3283/3283/3283 3241/3241/3241 3243/3243/3243 
f 3261/3261/3261 3262/3262/3262 3263/3263/3263 
f 3265/3265/3265 3262/3262/3262 3261/3261/3261 
f 3244/3244/3244 3245/3245/3245 3246/3246/3246 
f 3282/3282/3282 3244/3244/3244 3246/3246/3246 
f 2615/2615/2615 2616/2616/2616 2617/2617/2617 
f 2642/2642/2642 2615/2615/2615 2617/2617/2617 
f 2618/2618/2618 2619/2619/2619 2620/2620/2620 
f 2658/2658/2658 2619/2619/2619 2618/2618/2618 
f 3203/3203/3203 3204/3204/3204 3205/3205/3205 
f 3204/3204/3204 3203/3203/3203 3206/3206/3206 
f 2577/2577/2577 2578/2578/2578 2579/2579/2579 
f 2641/2641/2641 2577/2577/2577 2579/2579/2579 
f 2659/2659/2659 2660/2660/2660 2661/2661/2661 
f 2660/2660/2660 2659/2659/2659 2662/2662/2662 
f 2570/2570/2570 2571/2571/2571 2572/2572/2572 
f 2571/2571/2571 2570/2570/2570 2573/2573/2573 
f 3176/3176/3176 3177/3177/3177 3178/3178/3178 
f 3182/3182/3182 3176/3176/3176 3178/3178/3178 
f 2730/2730/2730 2731/2731/2731 2732/2732/2732 
f 2736/2736/2736 2731/2731/2731 2730/2730/2730 
f 2408/2408/2408 2409/2409/2409 2410/2410/2410 
f 2408/2408/2408 2681/2681/2681 2409/2409/2409 
f 2688/2688/2688 2689/2689/2689 2681/2681/2681 
f 2493/2493/2493 2494/2494/2494 2495/2495/2495 
f 2494/2494/2494 2493/2493/2493 2506/2506/2506 
f 2506/2506/2506 2515/2515/2515 2494/2494/2494 
f 2515/2515/2515 2701/2701/2701 2702/2702/2702 
f 2701/2701/2701 2515/2515/2515 2690/2690/2690 
f 2690/2690/2690 2506/2506/2506 2527/2527/2527 
f 2526/2526/2526 2527/2527/2527 2506/2506/2506 
f 2962/2962/2962 2963/2963/2963 2964/2964/2964 
f 2963/2963/2963 2962/2962/2962 3033/3033/3033 
f 2964/2964/2964 2963/2963/2963 2987/2987/2987 
f 3103/3103/3103 2964/2964/2964 2987/2987/2987 
f 2963/2963/2963 3065/3065/3065 2987/2987/2987 
f 3065/3065/3065 2963/2963/2963 3066/3066/3066 
f 2973/2973/2973 2974/2974/2974 2975/2975/2975 
f 2974/2974/2974 2973/2973/2973 3104/3104/3104 
f 3127/3127/3127 3128/3128/3128 3104/3104/3104 
f 3141/3141/3141 3128/3128/3128 3127/3127/3127 
f 2764/2764/2764 2765/2765/2765 2766/2766/2766 
f 2766/2766/2766 2765/2765/2765 2771/2771/2771 
f 2765/2765/2765 2764/2764/2764 2885/2885/2885 
f 2772/2772/2772 2771/2771/2771 2765/2765/2765 
f 2764/2764/2764 2770/2770/2770 2885/2885/2885 
f 2771/2771/2771 2772/2772/2772 2773/2773/2773 
f 2770/2770/2770 2764/2764/2764 2768/2768/2768 
f 2768/2768/2768 2767/2767/2767 2770/2770/2770 
f 2767/2767/2767 2768/2768/2768 2769/2769/2769 
f 2794/2794/2794 2773/2773/2773 2772/2772/2772 
f 2773/2773/2773 2794/2794/2794 2795/2795/2795 
f 2799/2799/2799 2795/2795/2795 2794/2794/2794 
f 2469/2469/2469 2470/2470/2470 2471/2471/2471 
f 2778/2778/2778 2471/2471/2471 2470/2470/2470 
f 2801/2801/2801 2802/2802/2802 2803/2803/2803 
f 2801/2801/2801 2803/2803/2803 2804/2804/2804 
f 2458/2458/2458 2459/2459/2459 2460/2460/2460 
f 2459/2459/2459 2458/2458/2458 2461/2461/2461 
f 2809/2809/2809 2810/2810/2810 2811/2811/2811 
f 2812/2812/2812 2811/2811/2811 2810/2810/2810 
f 3371/3371/3371 3372/3372/3372 3373/3373/3373 
f 3374/3374/3374 3373/3373/3373 3372/3372/3372 
f 3372/3372/3372 3371/3371/3371 3376/3376/3376 
f 3373/3373/3373 3374/3374/3374 3375/3375/3375 
f 3381/3381/3381 3376/3376/3376 3371/3371/3371 
f 3375/3375/3375 3374/3374/3374 3382/3382/3382 
f 3406/3406/3406 3375/3375/3375 3382/3382/3382 
f 3406/3406/3406 3407/3407/3407 3375/3375/3375 
f 3377/3377/3377 3376/3376/3376 3381/3381/3381 
f 3376/3376/3376 3377/3377/3377 3379/3379/3379 
f 3377/3377/3377 3378/3378/3378 3379/3379/3379 
f 3378/3378/3378 3377/3377/3377 3380/3380/3380 
f 3092/3092/3092 3093/3093/3093 3094/3094/3094 
f 3093/3093/3093 3092/3092/3092 3095/3095/3095 
f 3403/3403/3403 3404/3404/3404 3405/3405/3405 
f 3404/3404/3404 3403/3403/3403 3412/3412/3412 
f 2817/2817/2817 2818/2818/2818 2819/2819/2819 
f 2869/2869/2869 2819/2819/2819 2818/2818/2818 
f 3074/3074/3074 3075/3075/3075 3076/3076/3076 
f 3085/3085/3085 3076/3076/3076 3075/3075/3075 
f 3394/3394/3394 3395/3395/3395 3396/3396/3396 
f 3394/3394/3394 3398/3398/3398 3395/3395/3395 
f 3067/3067/3067 3068/3068/3068 3069/3069/3069 
f 3110/3110/3110 3069/3069/3069 3068/3068/3068 
f 2411/2411/2411 2412/2412/2412 2413/2413/2413 
f 2411/2411/2411 2413/2413/2413 2682/2682/2682 
f 3044/3044/3044 3045/3045/3045 3046/3046/3046 
f 3045/3045/3045 3047/3047/3047 3046/3046/3046 
f 3138/3138/3138 3139/3139/3139 3140/3140/3140 
f 3143/3143/3143 3138/3138/3138 3140/3140/3140 
f 3329/3329/3329 3330/3330/3330 3331/3331/3331 
f 3329/3329/3329 3352/3352/3352 3330/3330/3330 
f 2425/2425/2425 2426/2426/2426 2427/2427/2427 
f 2426/2426/2426 2425/2425/2425 2428/2428/2428 
f 2703/2703/2703 2704/2704/2704 2705/2705/2705 
f 2707/2707/2707 2704/2704/2704 2703/2703/2703 
f 3034/3034/3034 3035/3035/3035 3036/3036/3036 
f 3035/3035/3035 3034/3034/3034 3037/3037/3037 
f 3324/3324/3324 3325/3325/3325 3326/3326/3326 
f 3325/3325/3325 3333/3333/3333 3326/3326/3326 
f 3326/3326/3326 3333/3333/3333 3334/3334/3334 
f 3324/3324/3324 3354/3354/3354 3325/3325/3325 
f 3354/3354/3354 3324/3324/3324 3335/3335/3335 
f 3335/3335/3335 3324/3324/3324 3336/3336/3336 
f 2430/2430/2430 2431/2431/2431 2432/2432/2432 
f 2430/2430/2430 2433/2433/2433 2431/2431/2431 
f 3345/3345/3345 3346/3346/3346 3347/3347/3347 
f 3346/3346/3346 3345/3345/3345 3348/3348/3348 
f 3399/3399/3399 3400/3400/3400 3401/3401/3401 
f 3400/3400/3400 3399/3399/3399 3402/3402/3402 
f 2865/2865/2865 2866/2866/2866 2867/2867/2867 
f 2867/2867/2867 2866/2866/2866 2873/2873/2873 
f 2866/2866/2866 2865/2865/2865 2868/2868/2868 
f 2868/2868/2868 2870/2870/2870 2866/2866/2866 
f 2868/2868/2868 2871/2871/2871 2870/2870/2870 
f 2871/2871/2871 2868/2868/2868 2872/2872/2872 
f 3340/3340/3340 3341/3341/3341 3342/3342/3342 
f 3341/3341/3341 3340/3340/3340 3343/3343/3343 
f 3391/3391/3391 3392/3392/3392 3393/3393/3393 
f 3392/3392/3392 3391/3391/3391 3397/3397/3397 
f 2813/2813/2813 2814/2814/2814 2815/2815/2815 
f 2814/2814/2814 2813/2813/2813 2816/2816/2816 
f 2876/2876/2876 2877/2877/2877 2878/2878/2878 
f 2879/2879/2879 2877/2877/2877 2876/2876/2876 
f 2805/2805/2805 2806/2806/2806 2807/2807/2807 
f 2805/2805/2805 2807/2807/2807 2808/2808/2808 
f 2854/2854/2854 2855/2855/2855 2856/2856/2856 
f 2854/2854/2854 2874/2874/2874 2855/2855/2855 
f 3120/3120/3120 3121/3121/3121 3122/3122/3122 
f 3190/3190/3190 3191/3191/3191 3192/3192/3192 
f 2593/2593/2593 2594/2594/2594 2595/2595/2595 
f 2594/2594/2594 2593/2593/2593 2687/2687/2687 
f 3309/3309/3309 3310/3310/3310 3311/3311/3311 
f 3310/3310/3310 3309/3309/3309 3312/3312/3312 
f 3408/3408/3408 3409/3409/3409 3410/3410/3410 
f 3409/3409/3409 3408/3408/3408 3411/3411/3411 
f 2733/2733/2733 2734/2734/2734 2735/2735/2735 
f 2735/2735/2735 2748/2748/2748 2733/2733/2733 
f 3170/3170/3170 3171/3171/3171 3172/3172/3172 
f 3172/3172/3172 3171/3171/3171 3175/3175/3175 
f 2711/2711/2711 2712/2712/2712 2713/2713/2713 
f 2711/2711/2711 2713/2713/2713 2714/2714/2714 
f 3135/3135/3135 3136/3136/3136 3137/3137/3137 
f 3142/3142/3142 3137/3137/3137 3136/3136/3136 
f 2796/2796/2796 2797/2797/2797 2798/2798/2798 
f 2796/2796/2796 2800/2800/2800 2797/2797/2797 
f 2833/2833/2833 2834/2834/2834 2835/2835/2835 
f 2833/2833/2833 2835/2835/2835 2846/2846/2846 
f 2691/2691/2691 2692/2692/2692 2693/2693/2693 
f 2697/2697/2697 2692/2692/2692 2691/2691/2691 
f 2698/2698/2698 2699/2699/2699 2700/2700/2700 
f 2706/2706/2706 2699/2699/2699 2698/2698/2698 
f 3111/3111/3111 3112/3112/3112 3113/3113/3113 
f 3112/3112/3112 3123/3123/3123 3113/3113/3113 
f 3124/3124/3124 3125/3125/3125 3126/3126/3126 
f 3132/3132/3132 3124/3124/3124 3126/3126/3126 
f 2489/2489/2489 2490/2490/2490 2491/2491/2491 
f 2489/2489/2489 2492/2492/2492 2490/2490/2490 
f 2958/2958/2958 2959/2959/2959 2960/2960/2960 
f 3032/3032/3032 2960/2960/2960 2959/2959/2959 
f 2621/2621/2621 2622/2622/2622 2623/2623/2623 
f 2622/2622/2622 2621/2621/2621 2671/2671/2671 
f 3238/3238/3238 3239/3239/3239 3240/3240/3240 
f 3238/3238/3238 3272/3272/3272 3239/3239/3239 
f 3187/3187/3187 3188/3188/3188 3189/3189/3189 
f 3188/3188/3188 3187/3187/3187 3193/3193/3193 
f 3200/3200/3200 3201/3201/3201 3202/3202/3202 
f 3264/3264/3264 3202/3202/3202 3201/3201/3201 
f 2405/2405/2405 2406/2406/2406 2407/2407/2407 
f 2429/2429/2429 2406/2406/2406 2405/2405/2405 
f 2507/2507/2507 2508/2508/2508 2509/2509/2509 
f 2511/2511/2511 2508/2508/2508 2507/2507/2507 
f 2946/2946/2946 2947/2947/2947 2948/2948/2948 
f 2949/2949/2949 2946/2946/2946 2948/2948/2948 
f 3048/3048/3048 3049/3049/3049 3050/3050/3050 
f 3051/3051/3051 3048/3048/3048 3050/3050/3050 
f 2498/2498/2498 2499/2499/2499 2500/2500/2500 
f 2498/2498/2498 2500/2500/2500 2501/2501/2501 
f 2965/2965/2965 2966/2966/2966 2967/2967/2967 
f 2966/2966/2966 2965/2965/2965 2968/2968/2968 
f 2580/2580/2580 2581/2581/2581 2582/2582/2582 
f 2580/2580/2580 2644/2644/2644 2581/2581/2581 
f 2624/2624/2624 2625/2625/2625 2626/2626/2626 
f 2625/2625/2625 2624/2624/2624 2672/2672/2672 
f 2590/2590/2590 2591/2591/2591 2592/2592/2592 
f 2596/2596/2596 2597/2597/2597 2598/2598/2598 
f 2719/2719/2719 2720/2720/2720 2721/2721/2721 
f 2719/2719/2719 2744/2744/2744 2720/2720/2720 
f 3145/3145/3145 3146/3146/3146 3147/3147/3147 
f 3162/3162/3162 3147/3147/3147 3146/3146/3146 
f 3233/3233/3233 3234/3234/3234 3235/3235/3235 
f 3233/3233/3233 3271/3271/3271 3234/3234/3234 
f 2629/2629/2629 2630/2630/2630 2631/2631/2631 
f 2629/2629/2629 2643/2643/2643 2630/2630/2630 
f 3227/3227/3227 3228/3228/3228 3229/3229/3229 
f 3268/3268/3268 3229/3229/3229 3228/3228/3228 
f 2574/2574/2574 2575/2575/2575 2576/2576/2576 
f 2576/2576/2576 2586/2586/2586 2574/2574/2574 
f 2605/2605/2605 2606/2606/2606 2607/2607/2607 
f 2607/2607/2607 2608/2608/2608 2605/2605/2605 
f 2609/2609/2609 2610/2610/2610 2611/2611/2611 
f 2627/2627/2627 2610/2610/2610 2609/2609/2609 
f 2612/2612/2612 2613/2613/2613 2614/2614/2614 
f 2628/2628/2628 2613/2613/2613 2612/2612/2612 
f 3194/3194/3194 3195/3195/3195 3196/3196/3196 
f 3210/3210/3210 3195/3195/3195 3194/3194/3194 
f 3207/3207/3207 3208/3208/3208 3209/3209/3209 
f 3214/3214/3214 3208/3208/3208 3207/3207/3207 
f 3215/3215/3215 3216/3216/3216 3217/3217/3217 
f 3216/3216/3216 3215/3215/3215 3236/3236/3236 
f 3221/3221/3221 3222/3222/3222 3223/3223/3223 
f 3222/3222/3222 3221/3221/3221 3237/3237/3237 
f 2422/2422/2422 2423/2423/2423 2424/2424/2424 
f 2423/2423/2423 2474/2474/2474 2424/2424/2424 
f 2424/2424/2424 2456/2456/2456 2422/2422/2422 
f 2474/2474/2474 2423/2423/2423 2472/2472/2472 
f 2456/2456/2456 2457/2457/2457 2422/2422/2422 
f 2457/2457/2457 2539/2539/2539 2422/2422/2422 
f 2456/2456/2456 2487/2487/2487 2457/2457/2457 
f 2487/2487/2487 2456/2456/2456 2488/2488/2488 
f 2457/2457/2457 2487/2487/2487 2545/2545/2545 
f 2546/2546/2546 2457/2457/2457 2545/2545/2545 
f 2751/2751/2751 2545/2545/2545 2487/2487/2487 
f 2487/2487/2487 2820/2820/2820 2751/2751/2751 
f 2751/2751/2751 2752/2752/2752 2545/2545/2545 
f 2822/2822/2822 2752/2752/2752 2751/2751/2751 
f 2752/2752/2752 2822/2822/2822 2829/2829/2829 
f 2829/2829/2829 2822/2822/2822 2826/2826/2826 
f 2821/2821/2821 2822/2822/2822 2823/2823/2823 
f 2822/2822/2822 2821/2821/2821 2826/2826/2826 
f 2826/2826/2826 2821/2821/2821 2825/2825/2825 
f 2824/2824/2824 2825/2825/2825 2821/2821/2821 
f 2824/2824/2824 2827/2827/2827 2825/2825/2825 
f 2827/2827/2827 2826/2826/2826 2825/2825/2825 
f 2828/2828/2828 2826/2826/2826 2827/2827/2827 
f 2830/2830/2830 2826/2826/2826 2828/2828/2828 
f 2840/2840/2840 2828/2828/2828 2827/2827/2827 
f 2828/2828/2828 2840/2840/2840 2860/2860/2860 
f 2839/2839/2839 2840/2840/2840 2827/2827/2827 
f 2840/2840/2840 2839/2839/2839 2848/2848/2848 
f 2851/2851/2851 2840/2840/2840 2848/2848/2848 
f 2840/2840/2840 2851/2851/2851 2852/2852/2852 
f 2852/2852/2852 2861/2861/2861 2840/2840/2840 
f 2852/2852/2852 2851/2851/2851 2850/2850/2850 
f 2849/2849/2849 2850/2850/2850 2851/2851/2851 
f 2850/2850/2850 2849/2849/2849 2790/2790/2790 
f 2850/2850/2850 2790/2790/2790 2853/2853/2853 
f 2790/2790/2790 2849/2849/2849 2793/2793/2793 
f 2790/2790/2790 2793/2793/2793 2787/2787/2787 
f 2787/2787/2787 2789/2789/2789 2790/2790/2790 
f 2791/2791/2791 2787/2787/2787 2793/2793/2793 
f 2793/2793/2793 2792/2792/2792 2791/2791/2791 
f 2785/2785/2785 2791/2791/2791 2792/2792/2792 
f 2787/2787/2787 2791/2791/2791 2784/2784/2784 
f 2784/2784/2784 2791/2791/2791 2785/2785/2785 
f 2787/2787/2787 2784/2784/2784 2788/2788/2788 
f 2784/2784/2784 2785/2785/2785 2782/2782/2782 
f 2785/2785/2785 2783/2783/2783 2782/2782/2782 
f 2781/2781/2781 2782/2782/2782 2783/2783/2783 
f 2784/2784/2784 2782/2782/2782 2781/2781/2781 
f 2781/2781/2781 2780/2780/2780 2784/2784/2784 
f 2784/2784/2784 2780/2780/2780 2786/2786/2786 
f 2780/2780/2780 2781/2781/2781 2779/2779/2779 
f 2779/2779/2779 2777/2777/2777 2780/2780/2780 
f 2759/2759/2759 2777/2777/2777 2779/2779/2779 
f 2777/2777/2777 2759/2759/2759 2763/2763/2763 
f 2763/2763/2763 2759/2759/2759 2758/2758/2758 
f 2757/2757/2757 2758/2758/2758 2759/2759/2759 
f 2758/2758/2758 2757/2757/2757 2754/2754/2754 
f 2754/2754/2754 2757/2757/2757 2756/2756/2756 
f 2467/2467/2467 2754/2754/2754 2756/2756/2756 
f 2754/2754/2754 2467/2467/2467 2755/2755/2755 
f 2753/2753/2753 2467/2467/2467 2756/2756/2756 
f 2756/2756/2756 2762/2762/2762 2753/2753/2753 
f 2762/2762/2762 2761/2761/2761 2753/2753/2753 
f 2467/2467/2467 2753/2753/2753 2468/2468/2468 
f 2761/2761/2761 2468/2468/2468 2753/2753/2753 
f 2466/2466/2466 2467/2467/2467 2468/2468/2468 
f 2475/2475/2475 2468/2468/2468 2761/2761/2761 
f 2761/2761/2761 2760/2760/2760 2475/2475/2475 
f 2760/2760/2760 2474/2474/2474 2475/2475/2475 
f 2472/2472/2472 2475/2475/2475 2474/2474/2474 
f 2468/2468/2468 2475/2475/2475 2472/2472/2472 
f 2468/2468/2468 2472/2472/2472 2473/2473/2473 
f 2995/2995/2995 2996/2996/2996 2997/2997/2997 
f 2996/2996/2996 3012/3012/3012 3013/3013/3013 
f 3012/3012/3012 2996/2996/2996 3014/3014/3014 
f 3015/3015/3015 3012/3012/3012 3014/3014/3014 
f 3012/3012/3012 3015/3015/3015 3041/3041/3041 
f 3041/3041/3041 3015/3015/3015 3042/3042/3042 
f 3042/3042/3042 3043/3043/3043 3041/3041/3041 
f 3014/3014/3014 2996/2996/2996 3004/3004/3004 
f 2996/2996/2996 2995/2995/2995 3004/3004/3004 
f 3004/3004/3004 3016/3016/3016 3014/3014/3014 
f 2995/2995/2995 3285/3285/3285 3004/3004/3004 
f 3004/3004/3004 3285/3285/3285 3287/3287/3287 
f 3285/3285/3285 2995/2995/2995 3286/3286/3286 
f 3288/3288/3288 3285/3285/3285 3286/3286/3286 
f 3285/3285/3285 3288/3288/3288 3289/3289/3289 
f 3290/3290/3290 3289/3289/3289 3288/3288/3288 
f 3289/3289/3289 3291/3291/3291 3313/3313/3313 
f 3289/3289/3289 3290/3290/3290 3291/3291/3291 
f 3291/3291/3291 3290/3290/3290 3293/3293/3293 
f 3292/3292/3292 3291/3291/3291 3293/3293/3293 
f 3293/3293/3293 3298/3298/3298 3292/3292/3292 
f 3298/3298/3298 3293/3293/3293 3290/3290/3290 
f 3290/3290/3290 3317/3317/3317 3298/3298/3298 
f 3317/3317/3317 3290/3290/3290 3319/3319/3319 
f 3299/3299/3299 3298/3298/3298 3317/3317/3317 
f 3299/3299/3299 3317/3317/3317 3321/3321/3321 
f 3298/3298/3298 3299/3299/3299 3300/3300/3300 
f 3300/3300/3300 3299/3299/3299 3301/3301/3301 
f 3299/3299/3299 3302/3302/3302 3301/3301/3301 
f 3320/3320/3320 3302/3302/3302 3299/3299/3299 
f 3320/3320/3320 3299/3299/3299 3323/3323/3323 
f 3322/3322/3322 3302/3302/3302 3320/3320/3320 
f 3302/3302/3302 3322/3322/3322 3327/3327/3327 
f 3328/3328/3328 3327/3327/3327 3322/3322/3322 
f 3328/3328/3328 3322/3322/3322 3332/3332/3332 
f 3327/3327/3327 3328/3328/3328 3297/3297/3297 
f 3328/3328/3328 3387/3387/3387 3297/3297/3297 
f 3387/3387/3387 3328/3328/3328 3388/3388/3388 
f 3297/3297/3297 3387/3387/3387 3295/3295/3295 
f 3295/3295/3295 3294/3294/3294 3297/3297/3297 
f 3294/3294/3294 3295/3295/3295 3296/3296/3296 
f 3383/3383/3383 3295/3295/3295 3387/3387/3387 
f 3383/3383/3383 3296/3296/3296 3295/3295/3295 
f 3387/3387/3387 3390/3390/3390 3383/3383/3383 
f 3296/3296/3296 3383/3383/3383 3384/3384/3384 
f 3384/3384/3384 3385/3385/3385 3296/3296/3296 
f 3385/3385/3385 3384/3384/3384 3386/3386/3386 
f 3383/3383/3383 3386/3386/3386 3384/3384/3384 
f 3365/3365/3365 3386/3386/3386 3383/3383/3383 
f 3365/3365/3365 3383/3383/3383 3389/3389/3389 
f 3386/3386/3386 3365/3365/3365 3361/3361/3361 
f 3362/3362/3362 3361/3361/3361 3365/3365/3365 
f 3361/3361/3361 3362/3362/3362 3359/3359/3359 
f 3364/3364/3364 3359/3359/3359 3362/3362/3362 
f 3359/3359/3359 3364/3364/3364 3360/3360/3360 
f 3359/3359/3359 3360/3360/3360 3357/3357/3357 
f 3358/3358/3358 3357/3357/3357 3360/3360/3360 
f 3357/3357/3357 3358/3358/3358 3356/3356/3356 
f 3091/3091/3091 3356/3356/3356 3358/3358/3358 
f 3091/3091/3091 3358/3358/3358 3363/3363/3363 
f 3356/3356/3356 3091/3091/3091 3355/3355/3355 
f 3366/3366/3366 3356/3356/3356 3355/3355/3355 
f 3366/3366/3366 3355/3355/3355 3083/3083/3083 
f 3052/3052/3052 3355/3355/3355 3091/3091/3091 
f 3355/3355/3355 3052/3052/3052 3083/3083/3083 
f 3090/3090/3090 3052/3052/3052 3091/3091/3091 
f 3083/3083/3083 3052/3052/3052 3080/3080/3080 
f 3084/3084/3084 3083/3083/3083 3080/3080/3080 
f 3084/3084/3084 3080/3080/3080 3042/3042/3042 
f 3043/3043/3043 3042/3042/3042 3080/3080/3080 
f 3052/3052/3052 3043/3043/3043 3080/3080/3080 
f 3043/3043/3043 3052/3052/3052 3053/3053/3053 
f 2740/2740/2740 2741/2741/2741 2742/2742/2742 
f 2740/2740/2740 2742/2742/2742 2750/2750/2750 
f 3167/3167/3167 3168/3168/3168 3169/3169/3169 
f 3168/3168/3168 3167/3167/3167 3173/3173/3173 
f 2645/2645/2645 2646/2646/2646 2647/2647/2647 
f 2646/2646/2646 2645/2645/2645 2655/2655/2655 
f 2648/2648/2648 2649/2649/2649 2650/2650/2650 
f 2649/2649/2649 2648/2648/2648 2656/2656/2656 
f 2664/2664/2664 2665/2665/2665 2666/2666/2666 
f 2666/2666/2666 2665/2665/2665 2670/2670/2670 
f 2667/2667/2667 2668/2668/2668 2669/2669/2669 
f 2677/2677/2677 2678/2678/2678 2679/2679/2679 
f 3254/3254/3254 3255/3255/3255 3256/3256/3256 
f 3255/3255/3255 3254/3254/3254 3260/3260/3260 
f 3257/3257/3257 3258/3258/3258 3259/3259/3259 
f 3259/3259/3259 3258/3258/3258 3266/3266/3266 
f 3273/3273/3273 3274/3274/3274 3275/3275/3275 
f 3275/3275/3275 3284/3284/3284 3273/3273/3273 
f 3276/3276/3276 3277/3277/3277 3278/3278/3278 
f 3277/3277/3277 3276/3276/3276 3279/3279/3279 
f 2737/2737/2737 2738/2738/2738 2739/2739/2739 
f 2738/2738/2738 2737/2737/2737 2743/2743/2743 
f 3158/3158/3158 3159/3159/3159 3160/3160/3160 
f 3160/3160/3160 3159/3159/3159 3161/3161/3161 
f 2446/2446/2446 2447/2447/2447 2448/2448/2448 
f 2447/2447/2447 2446/2446/2446 2455/2455/2455 
f 2454/2454/2454 2455/2455/2455 2446/2446/2446 
f 2478/2478/2478 2448/2448/2448 2447/2447/2447 
f 2448/2448/2448 2478/2478/2478 2480/2480/2480 
f 2478/2478/2478 2479/2479/2479 2480/2480/2480 
f 2479/2479/2479 2722/2722/2722 2480/2480/2480 
f 2447/2447/2447 2482/2482/2482 2478/2478/2478 
f 2482/2482/2482 2479/2479/2479 2478/2478/2478 
f 2482/2482/2482 2447/2447/2447 2481/2481/2481 
f 2455/2455/2455 2481/2481/2481 2447/2447/2447 
f 2479/2479/2479 2482/2482/2482 2483/2483/2483 
f 2455/2455/2455 2454/2454/2454 2728/2728/2728 
f 2723/2723/2723 2722/2722/2722 2479/2479/2479 
f 2722/2722/2722 2723/2723/2723 2724/2724/2724 
f 2727/2727/2727 2479/2479/2479 2483/2483/2483 
f 2723/2723/2723 2479/2479/2479 2727/2727/2727 
f 2882/2882/2882 2483/2483/2483 2482/2482/2482 
f 2882/2882/2882 2727/2727/2727 2483/2483/2483 
f 2882/2882/2882 2482/2482/2482 2481/2481/2481 
f 2481/2481/2481 2455/2455/2455 2485/2485/2485 
f 2485/2485/2485 2882/2882/2882 2481/2481/2481 
f 2455/2455/2455 2484/2484/2484 2485/2485/2485 
f 2484/2484/2484 2455/2455/2455 2728/2728/2728 
f 2454/2454/2454 2453/2453/2453 2728/2728/2728 
f 2453/2453/2453 2484/2484/2484 2728/2728/2728 
f 2453/2453/2453 2454/2454/2454 2451/2451/2451 
f 2451/2451/2451 2450/2450/2450 2453/2453/2453 
f 2450/2450/2450 2451/2451/2451 2452/2452/2452 
f 2484/2484/2484 2453/2453/2453 2476/2476/2476 
f 2450/2450/2450 2476/2476/2476 2453/2453/2453 
f 2486/2486/2486 2485/2485/2485 2484/2484/2484 
f 2486/2486/2486 2484/2484/2484 2476/2476/2476 
f 2476/2476/2476 2450/2450/2450 2477/2477/2477 
f 2477/2477/2477 2486/2486/2486 2476/2476/2476 
f 2452/2452/2452 2559/2559/2559 2450/2450/2450 
f 2559/2559/2559 2452/2452/2452 2560/2560/2560 
f 2450/2450/2450 2561/2561/2561 2477/2477/2477 
f 2561/2561/2561 2450/2450/2450 2559/2559/2559 
f 2561/2561/2561 2486/2486/2486 2477/2477/2477 
f 2559/2559/2559 2562/2562/2562 2561/2561/2561 
f 2562/2562/2562 2559/2559/2559 2565/2565/2565 
f 2486/2486/2486 2561/2561/2561 2563/2563/2563 
f 2562/2562/2562 2563/2563/2563 2561/2561/2561 
f 2563/2563/2563 2562/2562/2562 2913/2913/2913 
f 2562/2562/2562 2568/2568/2568 2913/2913/2913 
f 2568/2568/2568 2562/2562/2562 2569/2569/2569 
f 2568/2568/2568 2914/2914/2914 2913/2913/2913 
f 2914/2914/2914 2563/2563/2563 2913/2913/2913 
f 2914/2914/2914 2568/2568/2568 2921/2921/2921 
f 2486/2486/2486 2563/2563/2563 2915/2915/2915 
f 2563/2563/2563 2914/2914/2914 2915/2915/2915 
f 2921/2921/2921 2916/2916/2916 2914/2914/2914 
f 2916/2916/2916 2915/2915/2915 2914/2914/2914 
f 2916/2916/2916 2921/2921/2921 2922/2922/2922 
f 2919/2919/2919 2916/2916/2916 2922/2922/2922 
f 2917/2917/2917 2486/2486/2486 2915/2915/2915 
f 2915/2915/2915 2916/2916/2916 2917/2917/2917 
f 2485/2485/2485 2486/2486/2486 2917/2917/2917 
f 2916/2916/2916 2919/2919/2919 2918/2918/2918 
f 2918/2918/2918 2917/2917/2917 2916/2916/2916 
f 2917/2917/2917 2882/2882/2882 2485/2485/2485 
f 2919/2919/2919 2923/2923/2923 2918/2918/2918 
f 2923/2923/2923 2919/2919/2919 2925/2925/2925 
f 2918/2918/2918 2924/2924/2924 2917/2917/2917 
f 2924/2924/2924 2918/2918/2918 2923/2923/2923 
f 2925/2925/2925 2926/2926/2926 2923/2923/2923 
f 2926/2926/2926 2924/2924/2924 2923/2923/2923 
f 2926/2926/2926 2925/2925/2925 2932/2932/2932 
f 2882/2882/2882 2917/2917/2917 2887/2887/2887 
f 2924/2924/2924 2887/2887/2887 2917/2917/2917 
f 2932/2932/2932 2931/2931/2931 2926/2926/2926 
f 2931/2931/2931 2932/2932/2932 2933/2933/2933 
f 2924/2924/2924 2926/2926/2926 2927/2927/2927 
f 2926/2926/2926 2931/2931/2931 2928/2928/2928 
f 2926/2926/2926 2928/2928/2928 2927/2927/2927 
f 2931/2931/2931 2930/2930/2930 2928/2928/2928 
f 2930/2930/2930 2931/2931/2931 2934/2934/2934 
f 2929/2929/2929 2927/2927/2927 2928/2928/2928 
f 2928/2928/2928 2930/2930/2930 2929/2929/2929 
f 2927/2927/2927 2929/2929/2929 2935/2935/2935 
f 2927/2927/2927 2935/2935/2935 2924/2924/2924 
f 2930/2930/2930 2935/2935/2935 2929/2929/2929 
f 2904/2904/2904 2924/2924/2924 2935/2935/2935 
f 2924/2924/2924 2904/2904/2904 2887/2887/2887 
f 2936/2936/2936 2935/2935/2935 2930/2930/2930 
f 2936/2936/2936 2930/2930/2930 2939/2939/2939 
f 2935/2935/2935 2936/2936/2936 2904/2904/2904 
f 2937/2937/2937 2936/2936/2936 2938/2938/2938 
f 2937/2937/2937 2904/2904/2904 2936/2936/2936 
f 2902/2902/2902 2904/2904/2904 2937/2937/2937 
f 2904/2904/2904 2902/2902/2902 2905/2905/2905 
f 2900/2900/2900 2905/2905/2905 2902/2902/2902 
f 2900/2900/2900 2902/2902/2902 2903/2903/2903 
f 2897/2897/2897 2904/2904/2904 2905/2905/2905 
f 2887/2887/2887 2904/2904/2904 2897/2897/2897 
f 2905/2905/2905 2900/2900/2900 2895/2895/2895 
f 2905/2905/2905 2895/2895/2895 2897/2897/2897 
f 2899/2899/2899 2895/2895/2895 2900/2900/2900 
f 2900/2900/2900 2901/2901/2901 2899/2899/2899 
f 2895/2895/2895 2896/2896/2896 2897/2897/2897 
f 2899/2899/2899 2896/2896/2896 2895/2895/2895 
f 2897/2897/2897 2896/2896/2896 2898/2898/2898 
f 2887/2887/2887 2897/2897/2897 2898/2898/2898 
f 2896/2896/2896 2899/2899/2899 2910/2910/2910 
f 2899/2899/2899 2912/2912/2912 2910/2910/2910 
f 2898/2898/2898 2896/2896/2896 2908/2908/2908 
f 2896/2896/2896 2910/2910/2910 2908/2908/2908 
f 2908/2908/2908 2887/2887/2887 2898/2898/2898 
f 2909/2909/2909 2908/2908/2908 2910/2910/2910 
f 2910/2910/2910 2911/2911/2911 2909/2909/2909 
f 2906/2906/2906 2908/2908/2908 2909/2909/2909 
f 2908/2908/2908 2906/2906/2906 2907/2907/2907 
f 2887/2887/2887 2908/2908/2908 2907/2907/2907 
f 2906/2906/2906 2893/2893/2893 2907/2907/2907 
f 2893/2893/2893 2887/2887/2887 2907/2907/2907 
f 2894/2894/2894 2893/2893/2893 2906/2906/2906 
f 2893/2893/2893 2894/2894/2894 2891/2891/2891 
f 2892/2892/2892 2887/2887/2887 2893/2893/2893 
f 2893/2893/2893 2891/2891/2891 2892/2892/2892 
f 2887/2887/2887 2892/2892/2892 2886/2886/2886 
f 2882/2882/2882 2887/2887/2887 2886/2886/2886 
f 2891/2891/2891 2888/2888/2888 2892/2892/2892 
f 2886/2886/2886 2892/2892/2892 2888/2888/2888 
f 2889/2889/2889 2888/2888/2888 2891/2891/2891 
f 2886/2886/2886 2883/2883/2883 2882/2882/2882 
f 2727/2727/2727 2882/2882/2882 2883/2883/2883 
f 2886/2886/2886 2884/2884/2884 2883/2883/2883 
f 2884/2884/2884 2727/2727/2727 2883/2883/2883 
f 2884/2884/2884 2886/2886/2886 2888/2888/2888 
f 2727/2727/2727 2884/2884/2884 2723/2723/2723 
f 2725/2725/2725 2888/2888/2888 2889/2889/2889 
f 2888/2888/2888 2725/2725/2725 2884/2884/2884 
f 2725/2725/2725 2723/2723/2723 2884/2884/2884 
f 2725/2725/2725 2889/2889/2889 2890/2890/2890 
f 2723/2723/2723 2725/2725/2725 2724/2724/2724 
f 2725/2725/2725 2726/2726/2726 2724/2724/2724 
f 3024/3024/3024 3025/3025/3025 3026/3026/3026 
f 3026/3026/3026 3419/3419/3419 3024/3024/3024 
f 3030/3030/3030 3026/3026/3026 3025/3025/3025 
f 3031/3031/3031 3419/3419/3419 3026/3026/3026 
f 3026/3026/3026 3030/3030/3030 3031/3031/3031 
f 3025/3025/3025 3027/3027/3027 3030/3030/3030 
f 3027/3027/3027 3025/3025/3025 3028/3028/3028 
f 3029/3029/3029 3028/3028/3028 3025/3025/3025 
f 3025/3025/3025 3024/3024/3024 3029/3029/3029 
f 3028/3028/3028 3029/3029/3029 3102/3102/3102 
f 3029/3029/3029 3157/3157/3157 3102/3102/3102 
f 3029/3029/3029 3148/3148/3148 3157/3157/3157 
f 3024/3024/3024 3148/3148/3148 3029/3029/3029 
f 3148/3148/3148 3150/3150/3150 3157/3157/3157 
f 3148/3148/3148 3149/3149/3149 3150/3150/3150 
f 3024/3024/3024 3154/3154/3154 3148/3148/3148 
f 3419/3419/3419 3154/3154/3154 3024/3024/3024 
f 3148/3148/3148 3151/3151/3151 3149/3149/3149 
f 3151/3151/3151 3148/3148/3148 3154/3154/3154 
f 3151/3151/3151 3152/3152/3152 3149/3149/3149 
f 3151/3151/3151 3153/3153/3153 3152/3152/3152 
f 3151/3151/3151 3155/3155/3155 3153/3153/3153 
f 3155/3155/3155 3156/3156/3156 3153/3153/3153 
f 3155/3155/3155 3414/3414/3414 3156/3156/3156 
f 3155/3155/3155 3422/3422/3422 3414/3414/3414 
f 3154/3154/3154 3417/3417/3417 3151/3151/3151 
f 3155/3155/3155 3151/3151/3151 3417/3417/3417 
f 3417/3417/3417 3154/3154/3154 3419/3419/3419 
f 3422/3422/3422 3155/3155/3155 3416/3416/3416 
f 3417/3417/3417 3416/3416/3416 3155/3155/3155 
f 3416/3416/3416 3423/3423/3423 3422/3422/3422 
f 3418/3418/3418 3417/3417/3417 3419/3419/3419 
f 3416/3416/3416 3417/3417/3417 3418/3418/3418 
f 3419/3419/3419 3421/3421/3421 3418/3418/3418 
f 3418/3418/3418 3424/3424/3424 3416/3416/3416 
f 3423/3423/3423 3416/3416/3416 3424/3424/3424 
f 3424/3424/3424 3418/3418/3418 3421/3421/3421 
f 3425/3425/3425 3423/3423/3423 3424/3424/3424 
f 3424/3424/3424 3421/3421/3421 3425/3425/3425 
f 3425/3425/3425 3426/3426/3426 3423/3423/3423 
f 3425/3425/3425 3427/3427/3427 3426/3426/3426 
f 3419/3419/3419 3031/3031/3031 3421/3421/3421 
f 3427/3427/3427 3425/3425/3425 3429/3429/3429 
f 3428/3428/3428 3429/3429/3429 3425/3425/3425 
f 3428/3428/3428 3425/3425/3425 3421/3421/3421 
f 3440/3440/3440 3427/3427/3427 3429/3429/3429 
f 3428/3428/3428 3440/3440/3440 3429/3429/3429 
f 3440/3440/3440 3441/3441/3441 3427/3427/3427 
f 3440/3440/3440 3442/3442/3442 3441/3441/3441 
f 3442/3442/3442 3440/3440/3440 3443/3443/3443 
f 3440/3440/3440 3428/3428/3428 3431/3431/3431 
f 3431/3431/3431 3443/3443/3443 3440/3440/3440 
f 3428/3428/3428 3430/3430/3430 3431/3431/3431 
f 3443/3443/3443 3431/3431/3431 3444/3444/3444 
f 3444/3444/3444 3445/3445/3445 3443/3443/3443 
f 3444/3444/3444 3431/3431/3431 3433/3433/3433 
f 3431/3431/3431 3430/3430/3430 3433/3433/3433 
f 3445/3445/3445 3444/3444/3444 3432/3432/3432 
f 3433/3433/3433 3432/3432/3432 3444/3444/3444 
f 3430/3430/3430 3432/3432/3432 3433/3433/3433 
f 3436/3436/3436 3430/3430/3430 3428/3428/3428 
f 3436/3436/3436 3428/3428/3428 3421/3421/3421 
f 3432/3432/3432 3430/3430/3430 3434/3434/3434 
f 3434/3434/3434 3435/3435/3435 3432/3432/3432 
f 3434/3434/3434 3430/3430/3430 3437/3437/3437 
f 3430/3430/3430 3436/3436/3436 3437/3437/3437 
f 3434/3434/3434 3438/3438/3438 3439/3439/3439 
f 3438/3438/3438 3434/3434/3434 3437/3437/3437 
f 3438/3438/3438 3437/3437/3437 3469/3469/3469 
f 3468/3468/3468 3469/3469/3469 3437/3437/3437 
f 3469/3469/3469 3468/3468/3468 3470/3470/3470 
f 3470/3470/3470 3472/3472/3472 3469/3469/3469 
f 3437/3437/3437 3460/3460/3460 3468/3468/3468 
f 3437/3437/3437 3436/3436/3436 3460/3460/3460 
f 3464/3464/3464 3470/3470/3470 3468/3468/3468 
f 3460/3460/3460 3464/3464/3464 3468/3468/3468 
f 3470/3470/3470 3464/3464/3464 3463/3463/3463 
f 3471/3471/3471 3470/3470/3470 3463/3463/3463 
f 3460/3460/3460 3461/3461/3461 3464/3464/3464 
f 3461/3461/3461 3463/3463/3463 3464/3464/3464 
f 3461/3461/3461 3460/3460/3460 3458/3458/3458 
f 3460/3460/3460 3436/3436/3436 3458/3458/3458 
f 3463/3463/3463 3461/3461/3461 3462/3462/3462 
f 3463/3463/3463 3462/3462/3462 3467/3467/3467 
f 3458/3458/3458 3459/3459/3459 3461/3461/3461 
f 3459/3459/3459 3462/3462/3462 3461/3461/3461 
f 3465/3465/3465 3462/3462/3462 3459/3459/3459 
f 3462/3462/3462 3465/3465/3465 3466/3466/3466 
f 3458/3458/3458 3457/3457/3457 3459/3459/3459 
f 3457/3457/3457 3465/3465/3465 3459/3459/3459 
f 3457/3457/3457 3458/3458/3458 3436/3436/3436 
f 3465/3465/3465 3457/3457/3457 3456/3456/3456 
f 3451/3451/3451 3456/3456/3456 3457/3457/3457 
f 3457/3457/3457 3436/3436/3436 3451/3451/3451 
f 3456/3456/3456 3451/3451/3451 3455/3455/3455 
f 3455/3455/3455 3451/3451/3451 3454/3454/3454 
f 3450/3450/3450 3454/3454/3454 3451/3451/3451 
f 3454/3454/3454 3450/3450/3450 3453/3453/3453 
f 3449/3449/3449 3451/3451/3451 3436/3436/3436 
f 3449/3449/3449 3450/3450/3450 3451/3451/3451 
f 3436/3436/3436 3420/3420/3420 3449/3449/3449 
f 3420/3420/3420 3436/3436/3436 3421/3421/3421 
f 3420/3420/3420 3421/3421/3421 3031/3031/3031 
f 3449/3449/3449 3448/3448/3448 3450/3450/3450 
f 3453/3453/3453 3450/3450/3450 3448/3448/3448 
f 3448/3448/3448 3449/3449/3449 3447/3447/3447 
f 3420/3420/3420 3447/3447/3447 3449/3449/3449 
f 3448/3448/3448 3096/3096/3096 3453/3453/3453 
f 3096/3096/3096 3452/3452/3452 3453/3453/3453 
f 3448/3448/3448 3447/3447/3447 3446/3446/3446 
f 3096/3096/3096 3448/3448/3448 3446/3446/3446 
f 3446/3446/3446 3447/3447/3447 3101/3101/3101 
f 3420/3420/3420 3101/3101/3101 3447/3447/3447 
f 3081/3081/3081 3096/3096/3096 3446/3446/3446 
f 3446/3446/3446 3101/3101/3101 3081/3081/3081 
f 3096/3096/3096 3081/3081/3081 3082/3082/3082 
f 3096/3096/3096 3082/3082/3082 3097/3097/3097 
f 3081/3081/3081 3061/3061/3061 3082/3082/3082 
f 3061/3061/3061 3081/3081/3081 3062/3062/3062 
f 3081/3081/3081 3101/3101/3101 3062/3062/3062 
f 3061/3061/3061 3062/3062/3062 3063/3063/3063 
f 3063/3063/3063 3062/3062/3062 3064/3064/3064 
f 3100/3100/3100 3062/3062/3062 3101/3101/3101 
f 3101/3101/3101 3420/3420/3420 3100/3100/3100 
f 3100/3100/3100 3064/3064/3064 3062/3062/3062 
f 3099/3099/3099 3100/3100/3100 3420/3420/3420 
f 3100/3100/3100 3099/3099/3099 3064/3064/3064 
f 3064/3064/3064 3060/3060/3060 3063/3063/3063 
f 3420/3420/3420 3098/3098/3098 3099/3099/3099 
f 3098/3098/3098 3064/3064/3064 3099/3099/3099 
f 3420/3420/3420 3031/3031/3031 3098/3098/3098 
f 3098/3098/3098 3031/3031/3031 3030/3030/3030 
f 3064/3064/3064 3098/3098/3098 3059/3059/3059 
f 3064/3064/3064 3059/3059/3059 3060/3060/3060 
f 3098/3098/3098 3030/3030/3030 3059/3059/3059 
f 3059/3059/3059 3027/3027/3027 3060/3060/3060 
f 3059/3059/3059 3030/3030/3030 3027/3027/3027 
f 2517/2517/2517 2518/2518/2518 2519/2519/2519 
f 2517/2517/2517 2519/2519/2519 2535/2535/2535 
f 2978/2978/2978 2979/2979/2979 2980/2980/2980 
f 2979/2979/2979 2978/2978/2978 2989/2989/2989 
f 2583/2583/2583 2584/2584/2584 2585/2585/2585 
f 2583/2583/2583 2651/2651/2651 2584/2584/2584 
f 3211/3211/3211 3212/3212/3212 3213/3213/3213 
f 3212/3212/3212 3211/3211/3211 3253/3253/3253 
f 2417/2417/2417 2418/2418/2418 2419/2419/2419 
f 2420/2420/2420 2419/2419/2419 2418/2418/2418 
f 2419/2419/2419 2420/2420/2420 2421/2421/2421 
f 2418/2418/2418 2417/2417/2417 2445/2445/2445 
f 2445/2445/2445 2417/2417/2417 2435/2435/2435 
f 2434/2434/2434 2435/2435/2435 2417/2417/2417 
f 2435/2435/2435 2434/2434/2434 2449/2449/2449 
f 2449/2449/2449 2434/2434/2434 2437/2437/2437 
f 2434/2434/2434 2436/2436/2436 2437/2437/2437 
f 2523/2523/2523 2436/2436/2436 2434/2434/2434 
f 2436/2436/2436 2523/2523/2523 2524/2524/2524 
f 2462/2462/2462 2463/2463/2463 2464/2464/2464 
f 2462/2462/2462 2464/2464/2464 2465/2465/2465 
f 2541/2541/2541 2542/2542/2542 2543/2543/2543 
f 2541/2541/2541 2543/2543/2543 2544/2544/2544 
f 3224/3224/3224 3225/3225/3225 3226/3226/3226 
f 3224/3224/3224 3281/3281/3281 3225/3225/3225 
f 2587/2587/2587 2588/2588/2588 2589/2589/2589 
f 2588/2588/2588 2587/2587/2587 2683/2683/2683 
f 2635/2635/2635 2636/2636/2636 2637/2637/2637 
f 2663/2663/2663 2637/2637/2637 2636/2636/2636 
f 2981/2981/2981 2982/2982/2982 2983/2983/2983 
f 2982/2982/2982 2981/2981/2981 2984/2984/2984 
f 2984/2984/2984 2985/2985/2985 2982/2982/2982 
f 2984/2984/2984 2986/2986/2986 2985/2985/2985 
f 2984/2984/2984 2990/2990/2990 2986/2986/2986 
f 2990/2990/2990 2984/2984/2984 2991/2991/2991 
f 3040/3040/3040 2991/2991/2991 2984/2984/2984 
f 2991/2991/2991 3040/3040/3040 3039/3039/3039 
f 3038/3038/3038 3039/3039/3039 3040/3040/3040 
f 3038/3038/3038 3054/3054/3054 3039/3039/3039 
f 3054/3054/3054 3038/3038/3038 3055/3055/3055 
f 2438/2438/2438 2439/2439/2439 2440/2440/2440 
f 2438/2438/2438 2652/2652/2652 2439/2439/2439 
f 2551/2551/2551 2552/2552/2552 2553/2553/2553 
f 2552/2552/2552 2551/2551/2551 2557/2557/2557 
f 2564/2564/2564 2557/2557/2557 2551/2551/2551 
f 2566/2566/2566 2557/2557/2557 2564/2564/2564 
f 2774/2774/2774 2775/2775/2775 2776/2776/2776 
f 2775/2775/2775 2774/2774/2774 2881/2881/2881 
f 3077/3077/3077 3078/3078/3078 3079/3079/3079 
f 3078/3078/3078 3077/3077/3077 3250/3250/3250 
f 2998/2998/2998 2999/2999/2999 3000/3000/3000 
f 3018/3018/3018 3000/3000/3000 2999/2999/2999 
f 3086/3086/3086 3087/3087/3087 3088/3088/3088 
f 3089/3089/3089 3088/3088/3088 3087/3087/3087 
f 3114/3114/3114 3115/3115/3115 3116/3116/3116 
f 3115/3115/3115 3114/3114/3114 3186/3186/3186 
f 2528/2528/2528 2529/2529/2529 2530/2530/2530 
f 2694/2694/2694 2530/2530/2530 2529/2529/2529 
f 3005/3005/3005 3006/3006/3006 3007/3007/3007 
f 3017/3017/3017 3007/3007/3007 3006/3006/3006 
f 3007/3007/3007 3017/3017/3017 3020/3020/3020 
f 3017/3017/3017 3021/3021/3021 3020/3020/3020 
f 3367/3367/3367 3368/3368/3368 3369/3369/3369 
f 3367/3367/3367 3370/3370/3370 3368/3368/3368 
f 2638/2638/2638 2639/2639/2639 2640/2640/2640 
f 2657/2657/2657 2640/2640/2640 2639/2639/2639 
f 3230/3230/3230 3231/3231/3231 3232/3232/3232 
f 3230/3230/3230 3280/3280/3280 3231/3231/3231 
f 2940/2940/2940 2941/2941/2941 2942/2942/2942 
f 2940/2940/2940 2942/2942/2942 3105/3105/3105 
f 2503/2503/2503 2504/2504/2504 2505/2505/2505 
f 2504/2504/2504 2503/2503/2503 2510/2510/2510 
f 2715/2715/2715 2716/2716/2716 2717/2717/2717 
f 2718/2718/2718 2716/2716/2716 2715/2715/2715 
f 2441/2441/2441 2442/2442/2442 2443/2443/2443 
f 2442/2442/2442 2444/2444/2444 2443/2443/2443 
f 2512/2512/2512 2513/2513/2513 2514/2514/2514 
f 2512/2512/2512 2534/2534/2534 2513/2513/2513 
f 2943/2943/2943 2944/2944/2944 2945/2945/2945 
f 2950/2950/2950 2943/2943/2943 2945/2945/2945 
f 3129/3129/3129 3130/3130/3130 3131/3131/3131 
f 3134/3134/3134 3129/3129/3129 3131/3131/3131 
f 3070/3070/3070 3071/3071/3071 3072/3072/3072 
f 3071/3071/3071 3070/3070/3070 3073/3073/3073 
f 2951/2951/2951 2952/2952/2952 2953/2953/2953 
f 2952/2952/2952 2951/2951/2951 2954/2954/2954 
f 3008/3008/3008 3009/3009/3009 3010/3010/3010 
f 3022/3022/3022 3009/3009/3009 3008/3008/3008 
f 3023/3023/3023 3009/3009/3009 3022/3022/3022 
f 3009/3009/3009 3023/3023/3023 3413/3413/3413 
f 3009/3009/3009 3413/3413/3413 3305/3305/3305 
f 3305/3305/3305 3010/3010/3010 3009/3009/3009 
f 3010/3010/3010 3305/3305/3305 3415/3415/3415 
f 3303/3303/3303 3010/3010/3010 3415/3415/3415 
f 3010/3010/3010 3303/3303/3303 3304/3304/3304 
f 3304/3304/3304 3303/3303/3303 3306/3306/3306 
f 3304/3304/3304 3306/3306/3306 3307/3307/3307 
f 3304/3304/3304 3307/3307/3307 3308/3308/3308 
f 3001/3001/3001 3002/3002/3002 3003/3003/3003 
f 3002/3002/3002 3001/3001/3001 3019/3019/3019 
f 3314/3314/3314 3315/3315/3315 3316/3316/3316 
f 3318/3318/3318 3314/3314/3314 3316/3316/3316 
f 2992/2992/2992 2993/2993/2993 2994/2994/2994 
f 2992/2992/2992 3011/3011/3011 2993/2993/2993 
f 3337/3337/3337 3338/3338/3338 3339/3339/3339 
f 3338/3338/3338 3337/3337/3337 3344/3344/3344 
f 2554/2554/2554 2555/2555/2555 2556/2556/2556 
f 2558/2558/2558 2554/2554/2554 2556/2556/2556 
f 2556/2556/2556 2567/2567/2567 2558/2558/2558 
f 2920/2920/2920 2567/2567/2567 2556/2556/2556 
f 2831/2831/2831 2920/2920/2920 2556/2556/2556 
f 2831/2831/2831 2556/2556/2556 2555/2555/2555 
f 2831/2831/2831 2555/2555/2555 2832/2832/2832 
f 2555/2555/2555 2842/2842/2842 2832/2832/2832 
f 2843/2843/2843 2842/2842/2842 2555/2555/2555 
f 2842/2842/2842 2843/2843/2843 2844/2844/2844 
f 2843/2843/2843 2845/2845/2845 2844/2844/2844 
f 2843/2843/2843 2847/2847/2847 2845/2845/2845 
f 2547/2547/2547 2548/2548/2548 2549/2549/2549 
f 2547/2547/2547 2550/2550/2550 2548/2548/2548 
f 2836/2836/2836 2837/2837/2837 2838/2838/2838 
f 2841/2841/2841 2837/2837/2837 2836/2836/2836 
f 2536/2536/2536 2537/2537/2537 2538/2538/2538 
f 2537/2537/2537 2536/2536/2536 2540/2540/2540 
f 2857/2857/2857 2858/2858/2858 2859/2859/2859 
f 2857/2857/2857 2875/2875/2875 2858/2858/2858 
f 3349/3349/3349 3350/3350/3350 3351/3351/3351 
f 3349/3349/3349 3351/3351/3351 3353/3353/3353 
f 2862/2862/2862 2863/2863/2863 2864/2864/2864 
f 2863/2863/2863 2862/2862/2862 2880/2880/2880 
f 2520/2520/2520 2521/2521/2521 2522/2522/2522 
f 2521/2521/2521 2525/2525/2525 2522/2522/2522 
f 2969/2969/2969 2970/2970/2970 2971/2971/2971 
f 2969/2969/2969 2972/2972/2972 2970/2970/2970 
f 2414/2414/2414 2415/2415/2415 2416/2416/2416 
f 2415/2415/2415 2414/2414/2414 2516/2516/2516 
f 2502/2502/2502 2415/2415/2415 2516/2516/2516 
f 2696/2696/2696 2502/2502/2502 2516/2516/2516 
f 2496/2496/2496 2415/2415/2415 2502/2502/2502 
f 2415/2415/2415 2496/2496/2496 2497/2497/2497 
f 2531/2531/2531 2532/2532/2532 2533/2533/2533 
f 2532/2532/2532 2531/2531/2531 2695/2695/2695 
f 2710/2710/2710 2709/2709/2709 2695/2695/2695 
f 2708/2708/2708 2709/2709/2709 2710/2710/2710 
f 2955/2955/2955 2956/2956/2956 2957/2957/2957 
f 2956/2956/2956 2955/2955/2955 2961/2961/2961 
f 2957/2957/2957 2988/2988/2988 2955/2955/2955 
f 2988/2988/2988 3133/3133/3133 3144/3144/3144 
f 3133/3133/3133 2988/2988/2988 3109/3109/3109 
f 3109/3109/3109 2957/2957/2957 2977/2977/2977 
f 2976/2976/2976 2977/2977/2977 2957/2957/2957 
f 3056/3056/3056 3057/3057/3057 3058/3058/3058 
f 3056/3056/3056 3108/3108/3108 3057/3057/3057 
f 3106/3106/3106 3107/3107/3107 3108/3108/3108 
f 2745/2745/2745 2746/2746/2746 2747/2747/2747 
f 2749/2749/2749 2745/2745/2745 2747/2747/2747 
f 3163/3163/3163 3164/3164/3164 3165/3165/3165 
f 3166/3166/3166 3164/3164/3164 3163/3163/3163 
f 2684/2684/2684 2685/2685/2685 2686/2686/2686 
f 2685/2685/2685 2684/2684/2684 2729/2729/2729 
f 2599/2599/2599 2600/2600/2600 2601/2601/2601 
f 2654/2654/2654 2600/2600/2600 2599/2599/2599 
f 2602/2602/2602 2603/2603/2603 2604/2604/2604 
f 2653/2653/2653 2603/2603/2603 2602/2602/2602 
f 2632/2632/2632 2633/2633/2633 2634/2634/2634 
f 2673/2673/2673 2632/2632/2632 2634/2634/2634 
f 2674/2674/2674 2675/2675/2675 2676/2676/2676 
f 2675/2675/2675 2680/2680/2680 2676/2676/2676 
f 3117/3117/3117 3118/3118/3118 3119/3119/3119 
f 3118/3118/3118 3117/3117/3117 3174/3174/3174 
f 3179/3179/3179 3180/3180/3180 3181/3181/3181 
f 3251/3251/3251 3179/3179/3179 3181/3181/3181 
f 3197/3197/3197 3198/3198/3198 3199/3199/3199 
f 3252/3252/3252 3197/3197/3197 3199/3199/3199 
f 3218/3218/3218 3219/3219/3219 3220/3220/3220 
f 3269/3269/3269 3219/3219/3219 3218/3218/3218 
f 3183/3183/3183 3184/3184/3184 3185/3185/3185 
f 3270/3270/3270 3184/3184/3184 3183/3183/3183 

g Cube0031

v -0.93395 0.700067 -1.48951 
v -0.93395 0.22585 -1.48951 
v -0.93395 0.22585 -1.64195 
v -0.93395 0.22585 -1.64195 
v -0.93395 0.852502 -1.64195 
v -0.93395 0.700067 -1.48951 
v -0.93395 0.852502 -0.549098 
v -0.781515 0.700067 -0.396663 
v -0.781515 0.22585 -1.48951 
v -0.781515 0.700067 -1.48951 
v -0.93395 0.700067 -0.396663 
v -0.93395 0.852502 -0.549098 
v -0.934287 1.33936 0.690849 
v -0.934287 0.22585 0.690849 
v -0.934287 0.22585 0.538077 
v -0.781515 0.22585 0.538077 
v -0.781515 1.33936 0.538077 
v -0.93395 1.33936 -0.396663 
v -0.93395 0.700067 -0.396663 
v -6.34178 5.18475 -0.526265 
v -6.34178 5.18475 0.746336 
v -6.34178 4.95937 -0.526265 
v -5.93973 5.9862 -0.526265 
v -5.93973 5.9862 0.746336 
v -5.93973 5.18475 -0.526265 
v -0.93395 1.33936 -0.396663 
v -0.93395 1.33936 -0.549098 
v -0.781515 1.33936 -0.396663 
v -6.34178 4.95937 0.746336 
v -5.93973 5.18475 0.746336 
v -0.934287 1.33936 0.538077 
v 2.16377 1.33936 0.538077 
v 2.16377 0.225851 0.690849 
v 2.16377 0.225851 0.538077 
v 2.16411 0.225851 -1.64195 
v 2.16411 0.852502 -1.64195 
v 2.16411 0.700068 -1.48951 
v 2.16411 0.225851 -1.48951 
v 2.16411 0.852502 -0.549099 
v 2.31654 0.700068 -0.396664 
v 2.31654 0.225851 -1.48951 
v 2.31654 0.700068 -1.48951 
v 2.16411 0.700068 -0.396664 
v 2.31654 0.225851 0.538077 
v 2.31654 1.33936 0.538077 
v 2.16411 1.33936 -0.396664 
v 2.16411 1.33936 -0.549099 
v 7.69711 5.40933 -0.526268 
v 7.69711 5.40933 0.746334 
v 7.69711 4.95937 -0.526268 
v 7.90755 5.9862 -0.526268 
v 7.90755 5.9862 0.746334 
v 7.90755 5.40933 -0.526268 
v 2.31654 1.33936 -0.396664 
v 2.16377 1.33936 0.690849 
v 7.69711 4.95937 0.746334 
v 7.90755 5.40933 0.746334 
v -2.17423 0.700067 -1.48951 
v -2.0218 0.700067 -0.396663 
v -2.0218 0.700067 -1.48951 
v -2.0218 0.852502 -0.549098 
v -1.90963 0.852502 -1.52977 
v -2.0218 0.852502 -1.64195 
v -1.04613 0.852502 -1.52977 
v -0.93395 0.852502 -1.64195 
v -0.93395 0.700067 -0.396663 
v -0.781515 0.700067 -1.48951 
v -0.93395 0.700067 -1.48951 
v -0.93395 0.852502 -0.549098 
v -1.04612 0.852502 -0.661273 
v -2.17423 0.700067 -1.48951 
v -2.17423 0.700067 -0.396663 
v -2.0218 0.700067 -0.396663 
v -1.90962 0.852502 -0.661273 
v -0.781515 0.700067 -1.48951 
v -0.93395 0.700067 -0.396663 
v -0.781515 0.700067 -0.396663 
v -2.0218 1.33936 -0.396663 
v -0.93395 1.33936 -0.549098 
v -2.0218 1.33936 -0.549098 
v -2.17423 1.33936 0.538078 
v -2.17423 1.33936 -0.396663 
v -7.22542 5.9862 -0.526265 
v -7.22542 5.9862 0.746337 
v -5.93973 5.9862 -0.526265 
v -2.02146 1.33936 0.538078 
v -0.93395 1.33936 -0.396663 
v -0.781515 1.33936 0.538077 
v -0.781515 1.33936 -0.396663 
v -0.934287 1.33936 0.538077 
v -5.93973 5.9862 0.746336 
v -0.934287 1.33936 0.690849 
v -2.02146 1.33936 0.69085 
v 0.923821 1.33936 0.538077 
v 1.07626 1.33936 -0.396664 
v 0.923821 1.33936 -0.396664 
v 0.923821 0.700067 -1.48951 
v 1.07626 0.700067 -0.396664 
v 1.07626 0.700067 -1.48951 
v 1.07626 0.852502 -0.549099 
v 1.18843 0.852502 -1.52977 
v 1.07626 0.852502 -1.64195 
v 2.16411 0.852502 -1.64195 
v 2.16411 0.700068 -1.48951 
v 2.16411 0.700068 -0.396664 
v 2.31654 0.700068 -1.48951 
v 2.05193 0.852502 -1.52977 
v 2.16411 0.852502 -0.549099 
v 2.05193 0.852502 -0.661274 
v 1.07626 0.700067 -0.396664 
v 0.923821 0.700067 -1.48951 
v 0.923821 0.700067 -0.396664 
v 1.18843 0.852502 -0.661274 
v 2.31654 0.700068 -0.396664 
v 2.16411 1.33936 -0.396664 
v 1.07626 1.33936 -0.549099 
v 2.16377 1.33936 0.538077 
v 2.16411 1.33936 -0.549099 
v 2.31654 1.33936 0.538077 
v 2.31654 1.33936 -0.396664 
v 6.62186 5.9862 -0.526267 
v 7.90755 5.9862 0.746334 
v 7.90755 5.9862 -0.526268 
v 1.07659 1.33936 0.538077 
v 1.07659 1.33936 0.690849 
v 2.16377 1.33936 0.690849 
v 6.62186 5.9862 0.746334 
v -2.02146 1.33936 0.538078 
v -2.17423 0.22585 0.538078 
v -2.02146 0.22585 0.538078 
v -0.934287 1.33936 0.538077 
v -0.934287 0.22585 0.538077 
v -0.781515 0.22585 0.538077 
v -0.781515 1.33936 0.538077 
v -2.17423 1.33936 0.538078 
v -0.934287 1.33936 0.690849 
v -2.02146 1.33936 0.69085 
v -2.02146 0.22585 0.69085 
v -0.934287 0.22585 0.690849 
v -6.34178 4.95937 0.746336 
v -6.34178 5.18475 0.746336 
v -7.01498 4.95937 0.746337 
v -7.01498 5.40933 0.746337 
v -5.93973 5.9862 0.746336 
v -5.93973 5.18475 0.746336 
v -7.22542 5.9862 0.746337 
v -7.22542 5.40933 0.746337 
v 0.923821 1.33936 0.538077 
v 0.923821 0.225851 0.538077 
v 1.07659 1.33936 0.538077 
v 2.16377 1.33936 0.538077 
v 2.16377 0.225851 0.538077 
v 2.31654 0.225851 0.538077 
v 2.31654 1.33936 0.538077 
v 1.07659 0.225851 0.538077 
v 2.16377 0.225851 0.690849 
v 1.07659 1.33936 0.690849 
v 1.07659 0.225851 0.690849 
v 2.16377 1.33936 0.690849 
v 7.69711 4.95937 0.746334 
v 7.02391 5.18475 0.746334 
v 7.02391 4.95937 0.746334 
v 7.69711 5.40933 0.746334 
v 7.90755 5.40933 0.746334 
v 7.90755 5.9862 0.746334 
v 6.62186 5.9862 0.746334 
v 6.62186 5.18475 0.746334 
v -2.17423 0.700067 -0.396663 
v -2.17423 0.700067 -1.48951 
v -2.17423 0.22585 -1.48951 
v -2.0218 0.22585 -1.64195 
v -2.0218 0.700067 -1.48951 
v -2.0218 0.852502 -1.64195 
v -2.0218 0.852502 -0.549098 
v -2.0218 0.22585 -1.48951 
v -2.0218 0.700067 -0.396663 
v -2.17423 0.22585 0.538078 
v -2.17423 1.33936 0.538078 
v -2.02146 0.22585 0.69085 
v -2.02146 1.33936 0.538078 
v -2.02146 0.22585 0.538078 
v -2.0218 1.33936 -0.396663 
v -2.0218 0.852502 -0.549098 
v -2.0218 0.700067 -0.396663 
v -7.22542 5.9862 0.746337 
v -7.22542 5.9862 -0.526265 
v -7.22542 5.40933 -0.526265 
v -7.01498 4.95937 -0.526265 
v -7.01498 5.40933 0.746337 
v -7.01498 5.40933 -0.526265 
v -2.0218 1.33936 -0.549098 
v -2.0218 1.33936 -0.396663 
v -2.17423 1.33936 -0.396663 
v -7.22542 5.40933 0.746337 
v -7.01498 4.95937 0.746337 
v -2.02146 1.33936 0.69085 
v 0.923821 0.700067 -0.396664 
v 0.923821 0.700067 -1.48951 
v 0.923821 0.225851 -1.48951 
v 1.07626 0.852502 -0.549099 
v 1.07626 0.852502 -1.64195 
v 1.07626 0.700067 -1.48951 
v 1.07626 0.225851 -1.64195 
v 1.07626 0.225851 -1.48951 
v 1.07626 0.700067 -0.396664 
v 0.923821 0.225851 -1.48951 
v 0.923821 0.225851 0.538077 
v 0.923821 0.700067 -0.396664 
v 0.923821 1.33936 0.538077 
v 0.923821 0.225851 0.538077 
v 1.07659 1.33936 0.690849 
v 1.07659 0.225851 0.538077 
v 1.07659 0.225851 0.690849 
v 1.07626 1.33936 -0.396664 
v 1.07626 1.33936 -0.549099 
v 6.62186 5.9862 -0.526267 
v 6.62186 5.18475 -0.526267 
v 6.62186 5.9862 0.746334 
v 7.02391 5.18475 0.746334 
v 7.02391 5.18475 -0.526268 
v 7.02391 4.95937 -0.526268 
v 0.923821 1.33936 -0.396664 
v 1.07659 1.33936 0.538077 
v 6.62186 5.18475 0.746334 
v 7.02391 4.95937 0.746334 
v -5.93973 5.18475 -0.526265 
v -6.34178 5.18475 0.746336 
v -6.34178 5.18475 -0.526265 
v -6.34178 4.95937 -0.526265 
v -7.01498 4.95937 0.746337 
v -7.01498 4.95937 -0.526265 
v -6.34178 4.95937 0.746336 
v -5.93973 5.18475 0.746336 
v -7.01498 5.40933 -0.526265 
v -7.22542 5.40933 0.746337 
v -7.22542 5.40933 -0.526265 
v -7.01498 5.40933 0.746337 
v 6.62186 5.18475 0.746334 
v 6.62186 5.18475 -0.526267 
v 7.02391 5.18475 0.746334 
v 7.69711 4.95937 0.746334 
v 7.02391 4.95937 -0.526268 
v 7.69711 4.95937 -0.526268 
v 7.02391 4.95937 0.746334 
v 7.02391 5.18475 -0.526268 
v 7.90755 5.40933 0.746334 
v 7.69711 5.40933 -0.526268 
v 7.90755 5.40933 -0.526268 
v 7.69711 5.40933 0.746334 
v -2.0218 0.852502 -1.64195 
v -0.93395 0.22585 -1.64195 
v -2.0218 0.22585 -1.64195 
v -0.93395 0.852502 -1.64195 
v -0.93395 0.22585 -1.48951 
v -0.93395 0.700067 -1.48951 
v -0.781515 0.700067 -1.48951 
v -0.781515 0.700067 -1.48951 
v -0.781515 0.22585 -1.48951 
v -0.93395 0.22585 -1.48951 
v -2.17423 0.22585 -1.48951 
v -2.0218 0.700067 -1.48951 
v -2.0218 0.22585 -1.48951 
v -2.17423 0.700067 -1.48951 
v -2.17423 0.700067 -0.396663 
v -2.0218 1.33936 -0.396663 
v -2.0218 0.700067 -0.396663 
v -2.0218 0.852502 -0.549098 
v -0.93395 1.33936 -0.549098 
v -0.93395 0.852502 -0.549098 
v -0.781515 1.33936 -0.396663 
v -0.781515 0.700067 -0.396663 
v -0.93395 0.700067 -0.396663 
v -2.17423 1.33936 -0.396663 
v -6.34178 5.18475 -0.526265 
v -6.34178 4.95937 -0.526265 
v -7.01498 4.95937 -0.526265 
v -7.01498 5.40933 -0.526265 
v -5.93973 5.9862 -0.526265 
v -5.93973 5.18475 -0.526265 
v -2.0218 1.33936 -0.549098 
v -7.22542 5.9862 -0.526265 
v -7.22542 5.40933 -0.526265 
v -0.93395 0.700067 -0.396663 
v -0.93395 1.33936 -0.396663 
v -0.781515 1.33936 -0.396663 
v 0.923821 0.700067 -1.48951 
v 1.07626 0.225851 -1.48951 
v 0.923821 0.225851 -1.48951 
v 2.16411 0.225851 -1.64195 
v 1.07626 0.225851 -1.64195 
v 2.16411 0.852502 -1.64195 
v 1.07626 0.852502 -1.64195 
v 2.16411 0.700068 -1.48951 
v 2.31654 0.225851 -1.48951 
v 2.16411 0.225851 -1.48951 
v 2.31654 0.700068 -1.48951 
v 2.31654 0.225851 -1.48951 
v 2.16411 0.700068 -1.48951 
v 1.07626 0.700067 -1.48951 
v 1.07626 0.225851 -1.48951 
v 0.923821 0.700067 -1.48951 
v 0.923821 1.33936 -0.396664 
v 1.07626 0.700067 -0.396664 
v 0.923821 0.700067 -0.396664 
v 1.07626 1.33936 -0.549099 
v 2.16411 0.852502 -0.549099 
v 1.07626 0.852502 -0.549099 
v 2.16411 1.33936 -0.396664 
v 2.31654 0.700068 -0.396664 
v 2.16411 0.700068 -0.396664 
v 1.07626 1.33936 -0.396664 
v 2.16411 1.33936 -0.549099 
v 7.69711 5.40933 -0.526268 
v 6.62186 5.9862 -0.526267 
v 7.90755 5.9862 -0.526268 
v 7.69711 4.95937 -0.526268 
v 7.02391 5.18475 -0.526268 
v 7.90755 5.40933 -0.526268 
v 7.02391 4.95937 -0.526268 
v 2.31654 1.33936 -0.396664 
v 6.62186 5.18475 -0.526267 

vn 1 0 0 
vn 1 0 0 
vn 1 0 0 
vn 1 0 0 
vn 1 0 0 
vn 1 0 0 
vn 1 0 0 
vn 1 0 0 
vn 1 0 0 
vn 1 0 0 
vn 1 0 0 
vn 1 0 0 
vn 1 0 0 
vn 1 0 0 
vn 1 0 0 
vn 1 0 0 
vn 1 0 0 
vn 1 0 0 
vn 1 0 0 
vn 1 0 0 
vn 1 0 0 
vn 1 0 0 
vn 1 0 0 
vn 1 0 0 
vn 1 0 0 
vn 1 0 0 
vn 1 0 0 
vn 1 0 0 
vn 1 0 0 
vn 1 0 0 
vn 1 0 0 
vn 1 0 0 
vn 1 0 0 
vn 1 0 0 
vn 1 0 0 
vn 1 0 0 
vn 1 0 0 
vn 1 0 0 
vn 1 0 0 
vn 1 0 0 
vn 1 0 0 
vn 1 0 0 
vn 1 0 0 
vn 1 0 0 
vn 1 0 0 
vn 1 0 0 
vn 1 0 0 
vn 1 0 0 
vn 1 0 0 
vn 1 0 0 
vn 1 0 0 
vn 1 0 0 
vn 1 0 0 
vn 1 0 0 
vn 1 0 0 
vn 1 0 0 
vn 1 0 0 
vn 0 1 0 
vn 0 1 0 
vn 0 1 0 
vn 0 1 0 
vn 0 1 0 
vn 0 1 0 
vn 0 1 0 
vn 0 1 0 
vn 0 1 0 
vn 0 1 0 
vn 0 1 0 
vn 0 1 0 
vn 0 1 0 
vn 0 1 0 
vn 0 1 0 
vn 0 1 0 
vn 0 1 0 
vn 0 1 0 
vn 0 1 0 
vn 0 1 0 
vn 0 1 0 
vn 0 1 0 
vn 0 1 0 
vn 0 1 0 
vn 0 1 0 
vn 0 1 0 
vn 0 1 0 
vn 0 1 0 
vn 0 1 0 
vn 0 1 0 
vn 0 1 0 
vn 0 1 0 
vn 0 1 0 
vn 0 1 0 
vn 0 1 0 
vn 0 1 0 
vn 0 1 0 
vn 0 1 0 
vn 0 1 0 
vn 0 1 0 
vn 0 1 0 
vn 0 1 0 
vn 0 1 0 
vn 0 1 0 
vn 0 1 0 
vn 0 1 0 
vn 0 1 0 
vn 0 1 0 
vn 0 1 0 
vn 0 1 0 
vn 0 1 0 
vn 0 1 0 
vn 0 1 0 
vn 0 1 0 
vn 0 1 0 
vn 0 1 0 
vn 0 1 0 
vn 0 1 0 
vn 0 1 0 
vn 0 1 0 
vn 0 1 0 
vn 0 1 0 
vn 0 1 0 
vn 0 1 0 
vn 0 1 0 
vn 0 1 0 
vn 0 1 0 
vn 0 1 0 
vn 0 1 0 
vn 0 1 0 
vn 0 0 1 
vn 0 0 1 
vn 0 0 1 
vn 0 0 1 
vn 0 0 1 
vn 0 0 1 
vn 0 0 1 
vn 0 0 1 
vn 0 0 1 
vn 0 0 1 
vn 0 0 1 
vn 0 0 1 
vn 0 0 1 
vn 0 0 1 
vn 0 0 1 
vn 0 0 1 
vn 0 0 1 
vn 0 0 1 
vn 0 0 1 
vn 0 0 1 
vn 0 0 1 
vn 0 0 1 
vn 0 0 1 
vn 0 0 1 
vn 0 0 1 
vn 0 0 1 
vn 0 0 1 
vn 0 0 1 
vn 0 0 1 
vn 0 0 1 
vn 0 0 1 
vn 0 0 1 
vn 0 0 1 
vn 0 0 1 
vn 0 0 1 
vn 0 0 1 
vn 0 0 1 
vn 0 0 1 
vn 0 0 1 
vn 0 0 1 
vn -1 0 0 
vn -1 0 0 
vn -1 0 0 
vn -1 0 0 
vn -1 0 0 
vn -1 0 0 
vn -1 0 0 
vn -1 0 0 
vn -1 0 0 
vn -1 0 0 
vn -1 0 0 
vn -1 0 0 
vn -1 0 0 
vn -1 0 0 
vn -1 0 0 
vn -1 0 0 
vn -1 0 0 
vn -1 0 0 
vn -1 0 0 
vn -1 0 0 
vn -1 0 0 
vn -1 0 0 
vn -1 0 0 
vn -1 0 0 
vn -1 0 0 
vn -1 0 0 
vn -1 0 0 
vn -1 0 0 
vn -1 0 0 
vn -1 0 0 
vn -1 0 0 
vn -1 0 0 
vn -1 0 0 
vn -1 0 0 
vn -1 0 0 
vn -1 0 0 
vn -1 0 0 
vn -1 0 0 
vn -1 0 0 
vn -1 0 0 
vn -1 0 0 
vn -1 0 0 
vn -1 0 0 
vn -1 0 0 
vn -1 0 0 
vn -1 0 0 
vn -1 0 0 
vn -1 0 0 
vn -1 0 0 
vn -1 0 0 
vn -1 0 0 
vn -1 0 0 
vn -1 0 0 
vn -1 0 0 
vn -1 0 0 
vn -1 0 0 
vn -1 0 0 
vn -1 0 0 
vn 0 -1 0 
vn 0 -1 0 
vn 0 -1 0 
vn 0 -1 0 
vn 0 -1 0 
vn 0 -1 0 
vn 0 -1 0 
vn 0 -1 0 
vn 0 -1 0 
vn 0 -1 0 
vn 0 -1 0 
vn 0 -1 0 
vn 0 -1 0 
vn 0 -1 0 
vn 0 -1 0 
vn 0 -1 0 
vn 0 -1 0 
vn 0 -1 0 
vn 0 -1 0 
vn 0 -1 0 
vn 0 -1 0 
vn 0 -1 0 
vn 0 -1 0 
vn 0 -1 0 
vn 0 0 -1 
vn 0 0 -1 
vn 0 0 -1 
vn 0 0 -1 
vn 0 0 -1 
vn 0 0 -1 
vn 0 0 -1 
vn 0 0 -1 
vn 0 0 -1 
vn 0 0 -1 
vn 0 0 -1 
vn 0 0 -1 
vn 0 0 -1 
vn 0 0 -1 
vn 0 0 -1 
vn 0 0 -1 
vn 0 0 -1 
vn 0 0 -1 
vn 0 0 -1 
vn 0 0 -1 
vn 0 0 -1 
vn 0 0 -1 
vn 0 0 -1 
vn 0 0 -1 
vn 0 0 -1 
vn 0 0 -1 
vn 0 0 -1 
vn 0 0 -1 
vn 0 0 -1 
vn 0 0 -1 
vn 0 0 -1 
vn 0 0 -1 
vn 0 0 -1 
vn 0 0 -1 
vn 0 0 -1 
vn 0 0 -1 
vn 0 0 -1 
vn 0 0 -1 
vn 0 0 -1 
vn 0 0 -1 
vn 0 0 -1 
vn 0 0 -1 
vn 0 0 -1 
vn 0 0 -1 
vn 0 0 -1 
vn 0 0 -1 
vn 0 0 -1 
vn 0 0 -1 
vn 0 0 -1 
vn 0 0 -1 
vn 0 0 -1 
vn 0 0 -1 
vn 0 0 -1 
vn 0 0 -1 
vn 0 0 -1 
vn 0 0 -1 
vn 0 0 -1 
vn 0 0 -1 
vn 0 0 -1 
vn 0 0 -1 
vn 0 0 -1 
vn 0 0 -1 
vn 0 0 -1 
vn 0 0 -1 
vn 0 0 -1 
vn 0 0 -1 
vn 0 0 -1 
vn 0 0 -1 
vn 0 0 -1 
vn 0 0 -1 
vn 0 0 -1 
vn 0 0 -1 

vt 24.1302 -35.3007 
vt 24.1302 -35.36 
vt 24.1493 -35.36 
vt 24.1493 -35.36 
vt 24.1493 -35.2817 
vt 24.1302 -35.3007 
vt 24.0127 -35.2817 
vt 23.9936 -35.3007 
vt 24.1302 -35.36 
vt 24.1302 -35.3007 
vt 23.9936 -35.3007 
vt 24.0127 -35.2817 
vt 23.8577 -35.2208 
vt 23.8577 -35.36 
vt 23.8768 -35.36 
vt 23.8768 -35.36 
vt 23.8768 -35.2208 
vt 23.9936 -35.2208 
vt 23.9936 -35.3007 
vt 24.0098 -34.7402 
vt 23.8507 -34.7402 
vt 24.0098 -34.7683 
vt 24.0098 -34.64 
vt 23.8507 -34.64 
vt 24.0098 -34.7402 
vt 23.9936 -35.2208 
vt 24.0127 -35.2208 
vt 23.9936 -35.2208 
vt 23.8507 -34.7683 
vt 23.8507 -34.7402 
vt 23.8768 -35.2208 
vt 23.8768 -35.2208 
vt 23.8577 -35.36 
vt 23.8768 -35.36 
vt 24.1493 -35.36 
vt 24.1493 -35.2817 
vt 24.1302 -35.3007 
vt 24.1302 -35.36 
vt 24.0127 -35.2817 
vt 23.9936 -35.3007 
vt 24.1302 -35.36 
vt 24.1302 -35.3007 
vt 23.9936 -35.3007 
vt 23.8768 -35.36 
vt 23.8768 -35.2208 
vt 23.9936 -35.2208 
vt 24.0127 -35.2208 
vt 24.0098 -34.7121 
vt 23.8507 -34.7121 
vt 24.0098 -34.7683 
vt 24.0098 -34.64 
vt 23.8507 -34.64 
vt 24.0098 -34.7121 
vt 23.9936 -35.2208 
vt 23.8577 -35.2208 
vt 23.8507 -34.7683 
vt 23.8507 -34.7121 
vt 24.3144 -35.1302 
vt 24.2954 -34.9936 
vt 24.2954 -35.1302 
vt 24.2954 -35.0127 
vt 24.2813 -35.1352 
vt 24.2954 -35.1493 
vt 24.1734 -35.1352 
vt 24.1594 -35.1493 
vt 24.1594 -34.9936 
vt 24.1403 -35.1302 
vt 24.1594 -35.1302 
vt 24.1594 -35.0127 
vt 24.1734 -35.0267 
vt 24.3144 -35.1302 
vt 24.3144 -34.9936 
vt 24.2954 -34.9936 
vt 24.2813 -35.0267 
vt 24.1403 -35.1302 
vt 24.1594 -34.9936 
vt 24.1403 -34.9936 
vt 24.2954 -34.9936 
vt 24.1594 -35.0127 
vt 24.2954 -35.0127 
vt 24.3144 -34.8768 
vt 24.3144 -34.9936 
vt 24.9458 -35.0098 
vt 24.9458 -34.8507 
vt 24.7851 -35.0098 
vt 24.2953 -34.8768 
vt 24.1594 -34.9936 
vt 24.1403 -34.8768 
vt 24.1403 -34.9936 
vt 24.1594 -34.8768 
vt 24.7851 -34.8507 
vt 24.1594 -34.8577 
vt 24.2953 -34.8577 
vt 23.9272 -34.8768 
vt 23.9081 -34.9936 
vt 23.9272 -34.9936 
vt 23.9272 -35.1302 
vt 23.9081 -34.9936 
vt 23.9081 -35.1302 
vt 23.9081 -35.0127 
vt 23.8941 -35.1352 
vt 23.9081 -35.1493 
vt 23.7721 -35.1493 
vt 23.7721 -35.1302 
vt 23.7721 -34.9936 
vt 23.7531 -35.1302 
vt 23.7861 -35.1352 
vt 23.7721 -35.0127 
vt 23.7861 -35.0267 
vt 23.9081 -34.9936 
vt 23.9272 -35.1302 
vt 23.9272 -34.9936 
vt 23.8941 -35.0267 
vt 23.7531 -34.9936 
vt 23.7721 -34.9936 
vt 23.9081 -35.0127 
vt 23.7722 -34.8768 
vt 23.7721 -35.0127 
vt 23.7531 -34.8768 
vt 23.7531 -34.9936 
vt 23.2149 -35.0098 
vt 23.0542 -34.8507 
vt 23.0542 -35.0098 
vt 23.9081 -34.8768 
vt 23.9081 -34.8577 
vt 23.7722 -34.8577 
vt 23.2149 -34.8507 
vt 23.7047 -35.2208 
vt 23.6856 -35.36 
vt 23.7047 -35.36 
vt 23.8406 -35.2208 
vt 23.8406 -35.36 
vt 23.8597 -35.36 
vt 23.8597 -35.2208 
vt 23.6856 -35.2208 
vt 23.8406 -35.2208 
vt 23.7047 -35.2208 
vt 23.7047 -35.36 
vt 23.8406 -35.36 
vt 23.1646 -34.7683 
vt 23.1646 -34.7402 
vt 23.0805 -34.7683 
vt 23.0805 -34.7121 
vt 23.2149 -34.64 
vt 23.2149 -34.7402 
vt 23.0542 -34.64 
vt 23.0542 -34.7121 
vt 24.0728 -35.2208 
vt 24.0728 -35.36 
vt 24.0919 -35.2208 
vt 24.2278 -35.2208 
vt 24.2278 -35.36 
vt 24.2469 -35.36 
vt 24.2469 -35.2208 
vt 24.0919 -35.36 
vt 24.2278 -35.36 
vt 24.0919 -35.2208 
vt 24.0919 -35.36 
vt 24.2278 -35.2208 
vt 24.9195 -34.7683 
vt 24.8354 -34.7402 
vt 24.8354 -34.7683 
vt 24.9195 -34.7121 
vt 24.9458 -34.7121 
vt 24.9458 -34.64 
vt 24.7851 -34.64 
vt 24.7851 -34.7402 
vt 24.0064 -35.3007 
vt 23.8698 -35.3007 
vt 23.8698 -35.36 
vt 23.8507 -35.36 
vt 23.8698 -35.3007 
vt 23.8507 -35.2817 
vt 23.9873 -35.2817 
vt 23.8698 -35.36 
vt 24.0064 -35.3007 
vt 24.1232 -35.36 
vt 24.1232 -35.2208 
vt 24.1423 -35.36 
vt 24.1232 -35.2208 
vt 24.1232 -35.36 
vt 24.0064 -35.2208 
vt 23.9873 -35.2817 
vt 24.0064 -35.3007 
vt 24.1493 -34.64 
vt 23.9902 -34.64 
vt 23.9902 -34.7121 
vt 23.9902 -34.7683 
vt 24.1493 -34.7121 
vt 23.9902 -34.7121 
vt 23.9873 -35.2208 
vt 24.0064 -35.2208 
vt 24.0064 -35.2208 
vt 24.1493 -34.7121 
vt 24.1493 -34.7683 
vt 24.1423 -35.2208 
vt 24.0064 -35.3007 
vt 23.8698 -35.3007 
vt 23.8698 -35.36 
vt 23.9873 -35.2817 
vt 23.8507 -35.2817 
vt 23.8698 -35.3007 
vt 23.8507 -35.36 
vt 23.8698 -35.36 
vt 24.0064 -35.3007 
vt 23.8698 -35.36 
vt 24.1232 -35.36 
vt 24.0064 -35.3007 
vt 24.1232 -35.2208 
vt 24.1232 -35.36 
vt 24.1423 -35.2208 
vt 24.1232 -35.36 
vt 24.1423 -35.36 
vt 24.0064 -35.2208 
vt 23.9873 -35.2208 
vt 23.9902 -34.64 
vt 23.9902 -34.7402 
vt 24.1493 -34.64 
vt 24.1493 -34.7402 
vt 23.9902 -34.7402 
vt 23.9902 -34.7683 
vt 24.0064 -35.2208 
vt 24.1232 -35.2208 
vt 24.1493 -34.7402 
vt 24.1493 -34.7683 
vt 23.2149 -35.0098 
vt 23.1646 -34.8507 
vt 23.1646 -35.0098 
vt 23.1646 -35.0098 
vt 23.0805 -34.8507 
vt 23.0805 -35.0098 
vt 23.1646 -34.8507 
vt 23.2149 -34.8507 
vt 23.0805 -35.0098 
vt 23.0542 -34.8507 
vt 23.0542 -35.0098 
vt 23.0805 -34.8507 
vt 24.7851 -34.8507 
vt 24.7851 -35.0098 
vt 24.8354 -34.8507 
vt 24.9195 -34.8507 
vt 24.8354 -35.0098 
vt 24.9195 -35.0098 
vt 24.8354 -34.8507 
vt 24.8354 -35.0098 
vt 24.9458 -34.8507 
vt 24.9195 -35.0098 
vt 24.9458 -35.0098 
vt 24.9195 -34.8507 
vt 24.2954 -35.2817 
vt 24.1594 -35.36 
vt 24.2954 -35.36 
vt 24.1594 -35.2817 
vt 24.1594 -35.36 
vt 24.1594 -35.3007 
vt 24.1403 -35.3007 
vt 24.1403 -35.3007 
vt 24.1403 -35.36 
vt 24.1594 -35.36 
vt 24.3144 -35.36 
vt 24.2954 -35.3007 
vt 24.2954 -35.36 
vt 24.3144 -35.3007 
vt 24.3144 -35.3007 
vt 24.2954 -35.2208 
vt 24.2954 -35.3007 
vt 24.2954 -35.2817 
vt 24.1594 -35.2208 
vt 24.1594 -35.2817 
vt 24.1403 -35.2208 
vt 24.1403 -35.3007 
vt 24.1594 -35.3007 
vt 24.3144 -35.2208 
vt 24.8354 -34.7402 
vt 24.8354 -34.7683 
vt 24.9195 -34.7683 
vt 24.9195 -34.7121 
vt 24.7851 -34.64 
vt 24.7851 -34.7402 
vt 24.2954 -35.2208 
vt 24.9458 -34.64 
vt 24.9458 -34.7121 
vt 24.1594 -35.3007 
vt 24.1594 -35.2208 
vt 24.1403 -35.2208 
vt 23.9272 -35.3007 
vt 23.9081 -35.36 
vt 23.9272 -35.36 
vt 23.7721 -35.36 
vt 23.9081 -35.36 
vt 23.7721 -35.2817 
vt 23.9081 -35.2817 
vt 23.7721 -35.3007 
vt 23.7531 -35.36 
vt 23.7721 -35.36 
vt 23.7531 -35.3007 
vt 23.7531 -35.36 
vt 23.7721 -35.3007 
vt 23.9081 -35.3007 
vt 23.9081 -35.36 
vt 23.9272 -35.3007 
vt 23.9272 -35.2208 
vt 23.9081 -35.3007 
vt 23.9272 -35.3007 
vt 23.9081 -35.2208 
vt 23.7721 -35.2817 
vt 23.9081 -35.2817 
vt 23.7721 -35.2208 
vt 23.7531 -35.3007 
vt 23.7721 -35.3007 
vt 23.9081 -35.2208 
vt 23.7721 -35.2208 
vt 23.0805 -34.7121 
vt 23.2149 -34.64 
vt 23.0542 -34.64 
vt 23.0805 -34.7683 
vt 23.1646 -34.7402 
vt 23.0542 -34.7121 
vt 23.1646 -34.7683 
vt 23.7531 -35.2208 
vt 23.2149 -34.7402 

usemtl Cube0031Mtl

f 3523/3523/3523 3524/3524/3524 3525/3525/3525 
f 3529/3529/3529 3525/3525/3525 3524/3524/3524 
f 3520/3520/3520 3521/3521/3521 3522/3522/3522 
f 3528/3528/3528 3522/3522/3522 3521/3521/3521 
f 3512/3512/3512 3513/3513/3513 3514/3514/3514 
f 3513/3513/3513 3512/3512/3512 3516/3516/3516 
f 3512/3512/3512 3517/3517/3517 3516/3516/3516 
f 3517/3517/3517 3512/3512/3512 3526/3526/3526 
f 3504/3504/3504 3505/3505/3505 3506/3506/3506 
f 3527/3527/3527 3505/3505/3505 3504/3504/3504 
f 3507/3507/3507 3508/3508/3508 3509/3509/3509 
f 3509/3509/3509 3510/3510/3510 3507/3507/3507 
f 3508/3508/3508 3511/3511/3511 3509/3509/3509 
f 3515/3515/3515 3509/3509/3509 3511/3511/3511 
f 3518/3518/3518 3515/3515/3515 3511/3511/3511 
f 3518/3518/3518 3511/3511/3511 3519/3519/3519 
f 3480/3480/3480 3481/3481/3481 3482/3482/3482 
f 3481/3481/3481 3480/3480/3480 3488/3488/3488 
f 3489/3489/3489 3488/3488/3488 3480/3480/3480 
f 3480/3480/3480 3500/3500/3500 3489/3489/3489 
f 3473/3473/3473 3474/3474/3474 3475/3475/3475 
f 3483/3483/3483 3473/3473/3473 3484/3484/3484 
f 3498/3498/3498 3484/3484/3484 3499/3499/3499 
f 3476/3476/3476 3477/3477/3477 3478/3478/3478 
f 3477/3477/3477 3479/3479/3479 3478/3478/3478 
f 3479/3479/3479 3490/3490/3490 3491/3491/3491 
f 3485/3485/3485 3486/3486/3486 3487/3487/3487 
f 3487/3487/3487 3503/3503/3503 3485/3485/3485 
f 3495/3495/3495 3496/3496/3496 3497/3497/3497 
f 3496/3496/3496 3502/3502/3502 3497/3497/3497 
f 3492/3492/3492 3493/3493/3493 3494/3494/3494 
f 3501/3501/3501 3494/3494/3494 3493/3493/3493 
f 3555/3555/3555 3556/3556/3556 3557/3557/3557 
f 3556/3556/3556 3563/3563/3563 3557/3557/3557 
f 3593/3593/3593 3594/3594/3594 3595/3595/3595 
f 3593/3593/3593 3599/3599/3599 3594/3594/3594 
f 3550/3550/3550 3551/3551/3551 3552/3552/3552 
f 3551/3551/3551 3550/3550/3550 3559/3559/3559 
f 3553/3553/3553 3550/3550/3550 3554/3554/3554 
f 3553/3553/3553 3558/3558/3558 3550/3550/3550 
f 3558/3558/3558 3559/3559/3559 3550/3550/3550 
f 3559/3559/3559 3560/3560/3560 3561/3561/3561 
f 3560/3560/3560 3559/3559/3559 3562/3562/3562 
f 3559/3559/3559 3558/3558/3558 3562/3562/3562 
f 3558/3558/3558 3564/3564/3564 3562/3562/3562 
f 3564/3564/3564 3558/3558/3558 3565/3565/3565 
f 3566/3566/3566 3567/3567/3567 3568/3568/3568 
f 3567/3567/3567 3566/3566/3566 3596/3596/3596 
f 3589/3589/3589 3567/3567/3567 3596/3596/3596 
f 3597/3597/3597 3589/3589/3589 3596/3596/3596 
f 3589/3589/3589 3597/3597/3597 3598/3598/3598 
f 3567/3567/3567 3589/3589/3589 3587/3587/3587 
f 3591/3591/3591 3587/3587/3587 3589/3589/3589 
f 3587/3587/3587 3591/3591/3591 3592/3592/3592 
f 3567/3567/3567 3587/3587/3587 3588/3588/3588 
f 3588/3588/3588 3587/3587/3587 3590/3590/3590 
f 3533/3533/3533 3534/3534/3534 3535/3535/3535 
f 3534/3534/3534 3533/3533/3533 3546/3546/3546 
f 3536/3536/3536 3535/3535/3535 3534/3534/3534 
f 3533/3533/3533 3542/3542/3542 3546/3546/3546 
f 3535/3535/3535 3536/3536/3536 3537/3537/3537 
f 3542/3542/3542 3533/3533/3533 3541/3541/3541 
f 3536/3536/3536 3541/3541/3541 3537/3537/3537 
f 3536/3536/3536 3542/3542/3542 3541/3541/3541 
f 3572/3572/3572 3573/3573/3573 3574/3574/3574 
f 3573/3573/3573 3575/3575/3575 3574/3574/3574 
f 3573/3573/3573 3572/3572/3572 3585/3585/3585 
f 3575/3575/3575 3573/3573/3573 3579/3579/3579 
f 3580/3580/3580 3585/3585/3585 3572/3572/3572 
f 3579/3579/3579 3580/3580/3580 3575/3575/3575 
f 3585/3585/3585 3580/3580/3580 3581/3581/3581 
f 3580/3580/3580 3579/3579/3579 3581/3581/3581 
f 3530/3530/3530 3531/3531/3531 3532/3532/3532 
f 3538/3538/3538 3539/3539/3539 3540/3540/3540 
f 3543/3543/3543 3544/3544/3544 3545/3545/3545 
f 3547/3547/3547 3548/3548/3548 3549/3549/3549 
f 3569/3569/3569 3570/3570/3570 3571/3571/3571 
f 3576/3576/3576 3577/3577/3577 3578/3578/3578 
f 3586/3586/3586 3578/3578/3578 3577/3577/3577 
f 3582/3582/3582 3583/3583/3583 3584/3584/3584 
f 3612/3612/3612 3613/3613/3613 3614/3614/3614 
f 3615/3615/3615 3614/3614/3614 3613/3613/3613 
f 3613/3613/3613 3616/3616/3616 3615/3615/3615 
f 3616/3616/3616 3613/3613/3613 3617/3617/3617 
f 3616/3616/3616 3618/3618/3618 3615/3615/3615 
f 3615/3615/3615 3618/3618/3618 3619/3619/3619 
f 3632/3632/3632 3633/3633/3633 3634/3634/3634 
f 3633/3633/3633 3632/3632/3632 3635/3635/3635 
f 3635/3635/3635 3638/3638/3638 3633/3633/3633 
f 3639/3639/3639 3633/3633/3633 3638/3638/3638 
f 3638/3638/3638 3635/3635/3635 3637/3637/3637 
f 3635/3635/3635 3636/3636/3636 3637/3637/3637 
f 3608/3608/3608 3609/3609/3609 3610/3610/3610 
f 3608/3608/3608 3610/3610/3610 3611/3611/3611 
f 3628/3628/3628 3629/3629/3629 3630/3630/3630 
f 3629/3629/3629 3628/3628/3628 3631/3631/3631 
f 3600/3600/3600 3601/3601/3601 3602/3602/3602 
f 3601/3601/3601 3600/3600/3600 3607/3607/3607 
f 3603/3603/3603 3604/3604/3604 3605/3605/3605 
f 3605/3605/3605 3606/3606/3606 3603/3603/3603 
f 3620/3620/3620 3621/3621/3621 3622/3622/3622 
f 3622/3622/3622 3621/3621/3621 3627/3627/3627 
f 3623/3623/3623 3624/3624/3624 3625/3625/3625 
f 3625/3625/3625 3626/3626/3626 3623/3623/3623 
f 3657/3657/3657 3658/3658/3658 3659/3659/3659 
f 3657/3657/3657 3659/3659/3659 3666/3666/3666 
f 3660/3660/3660 3661/3661/3661 3662/3662/3662 
f 3661/3661/3661 3660/3660/3660 3667/3667/3667 
f 3640/3640/3640 3641/3641/3641 3642/3642/3642 
f 3642/3642/3642 3649/3649/3649 3640/3640/3640 
f 3650/3650/3650 3640/3640/3640 3649/3649/3649 
f 3640/3640/3640 3650/3650/3650 3665/3665/3665 
f 3643/3643/3643 3644/3644/3644 3645/3645/3645 
f 3644/3644/3644 3643/3643/3643 3647/3647/3647 
f 3646/3646/3646 3645/3645/3645 3644/3644/3644 
f 3644/3644/3644 3648/3648/3648 3646/3646/3646 
f 3663/3663/3663 3646/3646/3646 3664/3664/3664 
f 3651/3651/3651 3652/3652/3652 3653/3653/3653 
f 3652/3652/3652 3651/3651/3651 3668/3668/3668 
f 3654/3654/3654 3655/3655/3655 3656/3656/3656 
f 3669/3669/3669 3670/3670/3670 3671/3671/3671 
f 3669/3669/3669 3681/3681/3681 3694/3694/3694 
f 3681/3681/3681 3669/3669/3669 3682/3682/3682 
f 3678/3678/3678 3679/3679/3679 3680/3680/3680 
f 3672/3672/3672 3673/3673/3673 3674/3674/3674 
f 3675/3675/3675 3674/3674/3674 3673/3673/3673 
f 3674/3674/3674 3675/3675/3675 3676/3676/3676 
f 3674/3674/3674 3677/3677/3677 3672/3672/3672 
f 3686/3686/3686 3672/3672/3672 3677/3677/3677 
f 3672/3672/3672 3686/3686/3686 3687/3687/3687 
f 3683/3683/3683 3684/3684/3684 3685/3685/3685 
f 3695/3695/3695 3684/3684/3684 3683/3683/3683 
f 3688/3688/3688 3689/3689/3689 3690/3690/3690 
f 3690/3690/3690 3689/3689/3689 3696/3696/3696 
f 3691/3691/3691 3692/3692/3692 3693/3693/3693 
f 3691/3691/3691 3693/3693/3693 3697/3697/3697 
f 3701/3701/3701 3702/3702/3702 3703/3703/3703 
f 3701/3701/3701 3704/3704/3704 3702/3702/3702 
f 3713/3713/3713 3714/3714/3714 3715/3715/3715 
f 3714/3714/3714 3713/3713/3713 3716/3716/3716 
f 3698/3698/3698 3699/3699/3699 3700/3700/3700 
f 3698/3698/3698 3705/3705/3705 3699/3699/3699 
f 3710/3710/3710 3711/3711/3711 3712/3712/3712 
f 3717/3717/3717 3712/3712/3712 3711/3711/3711 
f 3706/3706/3706 3707/3707/3707 3708/3708/3708 
f 3707/3707/3707 3706/3706/3706 3709/3709/3709 
f 3718/3718/3718 3719/3719/3719 3720/3720/3720 
f 3719/3719/3719 3718/3718/3718 3721/3721/3721 
f 3722/3722/3722 3723/3723/3723 3724/3724/3724 
f 3722/3722/3722 3725/3725/3725 3723/3723/3723 
f 3761/3761/3761 3762/3762/3762 3763/3763/3763 
f 3764/3764/3764 3763/3763/3763 3762/3762/3762 
f 3726/3726/3726 3727/3727/3727 3728/3728/3728 
f 3729/3729/3729 3730/3730/3730 3731/3731/3731 
f 3732/3732/3732 3733/3733/3733 3734/3734/3734 
f 3733/3733/3733 3732/3732/3732 3735/3735/3735 
f 3758/3758/3758 3759/3759/3759 3760/3760/3760 
f 3765/3765/3765 3766/3766/3766 3767/3767/3767 
f 3768/3768/3768 3769/3769/3769 3770/3770/3770 
f 3771/3771/3771 3772/3772/3772 3773/3773/3773 
f 3739/3739/3739 3740/3740/3740 3741/3741/3741 
f 3740/3740/3740 3739/3739/3739 3752/3752/3752 
f 3777/3777/3777 3778/3778/3778 3779/3779/3779 
f 3778/3778/3778 3777/3777/3777 3784/3784/3784 
f 3746/3746/3746 3747/3747/3747 3748/3748/3748 
f 3746/3746/3746 3748/3748/3748 3749/3749/3749 
f 3749/3749/3749 3750/3750/3750 3746/3746/3746 
f 3746/3746/3746 3750/3750/3750 3751/3751/3751 
f 3750/3750/3750 3749/3749/3749 3753/3753/3753 
f 3749/3749/3749 3754/3754/3754 3753/3753/3753 
f 3785/3785/3785 3786/3786/3786 3787/3787/3787 
f 3787/3787/3787 3790/3790/3790 3785/3785/3785 
f 3786/3786/3786 3785/3785/3785 3789/3789/3789 
f 3786/3786/3786 3789/3789/3789 3793/3793/3793 
f 3785/3785/3785 3788/3788/3788 3789/3789/3789 
f 3789/3789/3789 3788/3788/3788 3791/3791/3791 
f 3736/3736/3736 3737/3737/3737 3738/3738/3738 
f 3737/3737/3737 3736/3736/3736 3745/3745/3745 
f 3742/3742/3742 3743/3743/3743 3744/3744/3744 
f 3755/3755/3755 3756/3756/3756 3757/3757/3757 
f 3774/3774/3774 3775/3775/3775 3776/3776/3776 
f 3775/3775/3775 3774/3774/3774 3783/3783/3783 
f 3780/3780/3780 3781/3781/3781 3782/3782/3782 
f 3792/3792/3792 3781/3781/3781 3780/3780/3780 

g Cube0021

v -1.85018 6.70819 -1.01046 
v -1.85842 6.61148 -0.900411 
v -1.85842 6.61148 -1.01046 
v -1.75793 6.79774 -1.01046 
v -1.76617 6.70103 -0.900411 
v -1.76617 6.70103 -1.01046 
v -1.64094 7.17742 -1.01046 
v -1.67392 6.79057 -0.900411 
v -1.67392 6.79057 -1.01046 
v -1.85018 6.70819 -0.900411 
v -1.76617 6.70103 -0.900411 
v -1.75793 6.79774 -1.01046 
v -1.75793 6.79774 -0.900411 
v -1.64094 7.17742 -0.900411 
v -1.79245 7.38516 -1.01046 
v -1.80069 7.28845 -0.900411 
v -1.80069 7.28845 -1.01046 
v -1.71669 7.28129 -1.01046 
v -1.72494 7.18458 -0.900411 
v -1.72494 7.18458 -1.01046 
v -1.71669 7.28129 -0.900411 
v -1.79245 7.38516 -0.900411 
v 2.02155 7.50288 -0.900412 
v 2.02599 7.40592 -0.900412 
v 2.02155 7.50288 -1.01046 
v 2.05262 6.82416 -1.01046 
v 2.05705 6.7272 -0.900412 
v 2.05705 6.7272 -1.01046 
v 2.1324 6.92497 -1.01046 
v 2.13684 6.82801 -0.900412 
v 2.13684 6.82801 -1.01046 
v 2.05262 6.82416 -0.900412 
v 2.05705 6.7272 -0.900412 
v 2.05262 6.82416 -1.01046 
v 2.1324 6.92497 -0.900412 
v 2.13684 6.82801 -0.900412 
v 2.1324 6.92497 -1.01046 
v 2.19887 7.31667 -1.01046 
v 2.21662 6.92882 -0.900412 
v 2.21662 6.92882 -1.01046 
v 2.02599 7.40592 -1.01046 
v 2.11021 7.40977 -1.01046 
v 2.11465 7.31281 -0.900412 
v 2.11465 7.31281 -1.01046 
v 2.21662 6.92882 -0.900412 
v 2.19887 7.31667 -1.01046 
v 2.19887 7.31667 -0.900412 
v 2.11021 7.40977 -0.900412 
v -1.80069 7.28845 -1.01046 
v -1.71669 7.28129 -0.900411 
v -1.71669 7.28129 -1.01046 
v -1.72494 7.18458 -1.01046 
v -1.64094 7.17742 -0.900411 
v -1.64094 7.17742 -1.01046 
v -2.39696 7.24189 -1.01046 
v -2.31296 7.23472 -0.900411 
v -2.31296 7.23472 -1.01046 
v -2.39696 7.24189 -0.900411 
v -1.72494 7.18458 -0.900411 
v -1.80069 7.28845 -0.900411 
v -2.30471 7.33144 -1.01046 
v -2.22071 7.32427 -0.900411 
v -2.22071 7.32427 -1.01046 
v -2.21246 7.42098 -1.01046 
v -1.79245 7.38516 -0.900411 
v -1.79245 7.38516 -1.01046 
v -2.21246 7.42098 -0.900411 
v -1.79245 7.38516 -0.900411 
v -2.21246 7.42098 -1.01046 
v -2.30471 7.33144 -0.900411 
v 1.44089 7.28197 -0.900411 
v 1.52511 7.28583 -0.900412 
v 1.44089 7.28197 -1.01046 
v 1.52511 7.28583 -1.01046 
v 2.11465 7.31281 -1.01046 
v 2.19887 7.31667 -0.900412 
v 2.19887 7.31667 -1.01046 
v 2.11465 7.31281 -0.900412 
v 2.19887 7.31667 -0.900412 
v 2.11465 7.31281 -1.01046 
v 1.60489 7.38664 -0.900412 
v 1.52067 7.38279 -1.01046 
v 1.52067 7.38279 -0.900412 
v 1.52067 7.38279 -1.01046 
v 1.60489 7.38664 -0.900412 
v 1.60489 7.38664 -1.01046 
v 1.60045 7.4836 -1.01046 
v 2.02155 7.50288 -0.900412 
v 2.02155 7.50288 -1.01046 
v 2.02599 7.40592 -1.01046 
v 2.11021 7.40977 -0.900412 
v 2.11021 7.40977 -1.01046 
v 2.02599 7.40592 -0.900412 
v 1.60045 7.4836 -0.900412 
v -2.34595 6.84788 -0.900411 
v -2.34595 6.84788 -1.01046 
v -2.35419 6.75117 -1.01046 
v -2.27019 6.74401 -0.900411 
v -2.27019 6.74401 -1.01046 
v -2.27844 6.6473 -1.01046 
v -2.27844 6.6473 -0.900411 
v -2.39696 7.24189 -0.900411 
v -2.42995 6.85505 -1.01046 
v -2.42995 6.85505 -0.900411 
v -2.34595 6.84788 -0.900411 
v -2.35419 6.75117 -1.01046 
v -2.35419 6.75117 -0.900411 
v -2.39696 7.24189 -1.01046 
v -2.42995 6.85505 -1.01046 
v -2.39696 7.24189 -0.900411 
v -2.30471 7.33144 -0.900411 
v -2.30471 7.33144 -1.01046 
v -2.31296 7.23472 -1.01046 
v -2.21246 7.42098 -0.900411 
v -2.21246 7.42098 -1.01046 
v -2.22071 7.32427 -1.01046 
v -2.31296 7.23472 -0.900411 
v -2.22071 7.32427 -0.900411 
v 1.44089 7.28197 -1.01046 
v 1.45864 6.89413 -1.01046 
v 1.44089 7.28197 -0.900411 
v 1.54286 6.89799 -0.900412 
v 1.54286 6.89799 -1.01046 
v 1.5473 6.80103 -1.01046 
v 1.63152 6.80488 -0.900412 
v 1.63152 6.80488 -1.01046 
v 1.63596 6.70792 -1.01046 
v 1.63596 6.70792 -0.900412 
v 1.54286 6.89799 -0.900412 
v 1.5473 6.80103 -1.01046 
v 1.5473 6.80103 -0.900412 
v 1.45864 6.89413 -0.900411 
v 1.52067 7.38279 -0.900412 
v 1.52067 7.38279 -1.01046 
v 1.52511 7.28583 -1.01046 
v 1.60045 7.4836 -0.900412 
v 1.60045 7.4836 -1.01046 
v 1.60489 7.38664 -1.01046 
v 1.60489 7.38664 -0.900412 
v 1.52511 7.28583 -0.900412 
v -1.85842 6.61148 -1.01046 
v -2.27844 6.6473 -0.900411 
v -2.27844 6.6473 -1.01046 
v -1.76617 6.70103 -1.01046 
v -1.85018 6.70819 -0.900411 
v -1.85018 6.70819 -1.01046 
v -1.76617 6.70103 -0.900411 
v -1.85018 6.70819 -0.900411 
v -1.76617 6.70103 -1.01046 
v -2.35419 6.75117 -0.900411 
v -2.27019 6.74401 -1.01046 
v -2.27019 6.74401 -0.900411 
v -1.85842 6.61148 -0.900411 
v -2.27844 6.6473 -0.900411 
v -1.85842 6.61148 -1.01046 
v -2.35419 6.75117 -1.01046 
v -2.34595 6.84788 -1.01046 
v -2.42995 6.85505 -0.900411 
v -2.42995 6.85505 -1.01046 
v -1.67392 6.79057 -1.01046 
v -1.75793 6.79774 -0.900411 
v -1.75793 6.79774 -1.01046 
v -1.67392 6.79057 -0.900411 
v -1.75793 6.79774 -0.900411 
v -1.67392 6.79057 -1.01046 
v -2.42995 6.85505 -0.900411 
v -2.34595 6.84788 -1.01046 
v -2.34595 6.84788 -0.900411 
v 1.54286 6.89799 -1.01046 
v 1.45864 6.89413 -0.900411 
v 1.45864 6.89413 -1.01046 
v 1.63152 6.80488 -1.01046 
v 1.5473 6.80103 -0.900412 
v 1.5473 6.80103 -1.01046 
v 2.05705 6.7272 -1.01046 
v 1.63596 6.70792 -0.900412 
v 1.63596 6.70792 -1.01046 
v 2.05705 6.7272 -0.900412 
v 1.63152 6.80488 -0.900412 
v 1.5473 6.80103 -0.900412 
v 1.63152 6.80488 -1.01046 
v 2.13684 6.82801 -1.01046 
v 2.05262 6.82416 -0.900412 
v 2.05262 6.82416 -1.01046 
v 2.13684 6.82801 -0.900412 
v 2.21662 6.92882 -1.01046 
v 2.1324 6.92497 -0.900412 
v 2.1324 6.92497 -1.01046 
v 2.21662 6.92882 -0.900412 
v 1.54286 6.89799 -0.900412 
v -1.85842 6.61148 -1.01046 
v -2.27019 6.74401 -1.01046 
v -1.85018 6.70819 -1.01046 
v -2.34595 6.84788 -1.01046 
v -1.75793 6.79774 -1.01046 
v -1.76617 6.70103 -1.01046 
v -1.64094 7.17742 -1.01046 
v -1.67392 6.79057 -1.01046 
v -2.27844 6.6473 -1.01046 
v -2.35419 6.75117 -1.01046 
v -2.31296 7.23472 -1.01046 
v -2.42995 6.85505 -1.01046 
v -1.72494 7.18458 -1.01046 
v -1.80069 7.28845 -1.01046 
v -2.22071 7.32427 -1.01046 
v -1.79245 7.38516 -1.01046 
v -1.71669 7.28129 -1.01046 
v -2.39696 7.24189 -1.01046 
v -2.30471 7.33144 -1.01046 
v -2.21246 7.42098 -1.01046 
v 1.44089 7.28197 -1.01046 
v 1.54286 6.89799 -1.01046 
v 1.45864 6.89413 -1.01046 
v 1.63152 6.80488 -1.01046 
v 2.05705 6.7272 -1.01046 
v 1.63596 6.70792 -1.01046 
v 2.05262 6.82416 -1.01046 
v 2.13684 6.82801 -1.01046 
v 2.1324 6.92497 -1.01046 
v 2.19887 7.31667 -1.01046 
v 2.21662 6.92882 -1.01046 
v 1.5473 6.80103 -1.01046 
v 1.52511 7.28583 -1.01046 
v 2.11465 7.31281 -1.01046 
v 1.60489 7.38664 -1.01046 
v 2.02599 7.40592 -1.01046 
v 1.60045 7.4836 -1.01046 
v 2.02155 7.50288 -1.01046 
v 2.11021 7.40977 -1.01046 
v 1.52067 7.38279 -1.01046 

vn 0.897638 -0.0787402 0.425197 
vn 0.716535 0.677165 -0.188976 
vn 0.645669 0.76378 0 
vn 0.897638 -0.0787402 0.425197 
vn 0.716535 0.677165 -0.188976 
vn 0.645669 0.76378 0 
vn 0.574803 -0.0472441 0.818898 
vn 0.716535 0.677165 -0.188976 
vn 0.645669 0.76378 0 
vn 0.724409 -0.385827 -0.566929 
vn 0.716535 0.677165 -0.188976 
vn 0.897638 -0.0787402 0.425197 
vn 0.724409 -0.385827 -0.566929 
vn 0.637795 -0.244094 -0.732283 
vn 0.574803 -0.0472441 0.818898 
vn 0.80315 0.503937 -0.322835 
vn 0.937008 0.346457 0 
vn 0.574803 -0.0472441 0.818898 
vn 0.80315 0.503937 -0.322835 
vn 0.937008 0.346457 0 
vn 0.637795 -0.244094 -0.732283 
vn 0.637795 -0.244094 -0.732283 
vn 0.0787402 -0.88189 -0.472441 
vn 0.913386 0.165354 -0.377953 
vn 0.606299 -0.551181 0.574803 
vn 0.92126 -0.259843 0.299213 
vn 0.023622 0.472441 -0.88189 
vn 0.551181 0.606299 0.574803 
vn 0.92126 -0.259843 0.299213 
vn 0.023622 0.472441 -0.88189 
vn 0.551181 0.606299 0.574803 
vn 0.937008 -0.338583 -0.125984 
vn 0.023622 0.472441 -0.88189 
vn 0.92126 -0.259843 0.299213 
vn 0.937008 -0.338583 -0.125984 
vn 0.023622 0.472441 -0.88189 
vn 0.92126 -0.259843 0.299213 
vn 0.606299 -0.551181 0.574803 
vn 0.023622 0.472441 -0.88189 
vn 0.551181 0.606299 0.574803 
vn 0.889764 0.338583 0.299213 
vn 0.606299 -0.551181 0.574803 
vn 0.913386 0.165354 -0.377953 
vn 0.889764 0.346457 0.299213 
vn 0.023622 0.472441 -0.88189 
vn 0.606299 -0.551181 0.574803 
vn 0.0787402 -0.88189 -0.472441 
vn 0.0787402 -0.88189 -0.472441 
vn 0.0787402 0.897638 0.425197 
vn -0.677165 0.716535 -0.188976 
vn -0.76378 0.645669 0 
vn 0.0787402 0.897638 0.425197 
vn -0.677165 0.716535 -0.188976 
vn -0.76378 0.645669 0 
vn 0.0472441 0.574803 0.818898 
vn -0.503937 0.80315 -0.322835 
vn -0.346457 0.937008 0 
vn 0.244094 0.637795 -0.732283 
vn 0.385827 0.724409 -0.566929 
vn 0.385827 0.724409 -0.566929 
vn 0.0472441 0.574803 0.818898 
vn -0.503937 0.80315 -0.322835 
vn -0.346457 0.937008 0 
vn 0.0472441 0.574803 0.818898 
vn -0.677165 0.716535 -0.188976 
vn -0.76378 0.645669 0 
vn 0.244094 0.637795 -0.732283 
vn -0.677165 0.716535 -0.188976 
vn 0.0472441 0.574803 0.818898 
vn 0.244094 0.637795 -0.732283 
vn 0.88189 0.0787402 -0.472441 
vn -0.165354 0.913386 -0.377953 
vn 0.551181 0.606299 0.574803 
vn -0.346457 0.889764 0.299213 
vn 0.259843 0.92126 0.299213 
vn -0.472441 0.023622 -0.88189 
vn -0.606299 0.551181 0.574803 
vn 0.338583 0.937008 -0.125984 
vn -0.472441 0.023622 -0.88189 
vn 0.259843 0.92126 0.299213 
vn -0.165354 0.913386 -0.377953 
vn 0.551181 0.606299 0.574803 
vn 0.88189 0.0787402 -0.472441 
vn 0.551181 0.606299 0.574803 
vn -0.165354 0.913386 -0.377953 
vn -0.346457 0.889764 0.299213 
vn 0.551181 0.606299 0.574803 
vn -0.472441 0.023622 -0.88189 
vn -0.606299 0.551181 0.574803 
vn 0.259843 0.92126 0.299213 
vn -0.472441 0.023622 -0.88189 
vn -0.606299 0.551181 0.574803 
vn 0.338583 0.937008 -0.125984 
vn 0.88189 0.0787402 -0.472441 
vn -0.80315 -0.503937 -0.322835 
vn -0.937008 -0.346457 0 
vn -0.574803 0.0472441 0.818898 
vn -0.80315 -0.503937 -0.322835 
vn -0.937008 -0.346457 0 
vn -0.574803 0.0472441 0.818898 
vn -0.637795 0.244094 -0.732283 
vn -0.716535 -0.677165 -0.188976 
vn -0.574803 0.0472441 0.818898 
vn -0.637795 0.244094 -0.732283 
vn -0.80315 -0.503937 -0.322835 
vn -0.574803 0.0472441 0.818898 
vn -0.637795 0.244094 -0.732283 
vn -0.645669 -0.76378 0 
vn -0.574803 0.0472441 0.818898 
vn -0.716535 -0.677165 -0.188976 
vn -0.716535 -0.677165 -0.188976 
vn -0.645669 -0.76378 0 
vn -0.897638 0.0787402 0.425197 
vn -0.716535 -0.677165 -0.188976 
vn -0.645669 -0.76378 0 
vn -0.897638 0.0787402 0.425197 
vn -0.724409 0.385827 -0.566929 
vn -0.724409 0.385827 -0.566929 
vn -0.551181 -0.606299 0.574803 
vn -0.606299 0.551181 0.574803 
vn -0.023622 -0.472441 -0.88189 
vn -0.913386 -0.165354 -0.377953 
vn -0.889764 -0.346457 0.299213 
vn -0.606299 0.551181 0.574803 
vn -0.913386 -0.165354 -0.377953 
vn -0.889764 -0.346457 0.299213 
vn -0.606299 0.551181 0.574803 
vn -0.0787402 0.88189 -0.472441 
vn -0.913386 -0.165354 -0.377953 
vn -0.606299 0.551181 0.574803 
vn -0.0787402 0.88189 -0.472441 
vn -0.0787402 0.88189 -0.472441 
vn -0.023622 -0.472441 -0.88189 
vn -0.551181 -0.606299 0.574803 
vn -0.92126 0.259843 0.299213 
vn -0.023622 -0.472441 -0.88189 
vn -0.551181 -0.606299 0.574803 
vn -0.92126 0.259843 0.299213 
vn -0.937008 0.338583 -0.125984 
vn -0.937008 0.338583 -0.125984 
vn -0.0472441 -0.574803 0.818898 
vn 0.677165 -0.716535 -0.188976 
vn 0.76378 -0.645669 0 
vn -0.0472441 -0.574803 0.818898 
vn 0.503937 -0.80315 -0.322835 
vn 0.346457 -0.937008 0 
vn -0.244094 -0.637795 -0.732283 
vn 0.503937 -0.80315 -0.322835 
vn -0.0472441 -0.574803 0.818898 
vn 0.677165 -0.716535 -0.188976 
vn -0.0787402 -0.897638 0.425197 
vn -0.385827 -0.724409 -0.566929 
vn -0.244094 -0.637795 -0.732283 
vn 0.677165 -0.716535 -0.188976 
vn -0.0472441 -0.574803 0.818898 
vn 0.76378 -0.645669 0 
vn -0.0787402 -0.897638 0.425197 
vn 0.677165 -0.716535 -0.188976 
vn 0.76378 -0.645669 0 
vn -0.0472441 -0.574803 0.818898 
vn 0.503937 -0.80315 -0.322835 
vn 0.346457 -0.937008 0 
vn -0.244094 -0.637795 -0.732283 
vn 0.503937 -0.80315 -0.322835 
vn -0.0472441 -0.574803 0.818898 
vn 0.677165 -0.716535 -0.188976 
vn -0.0787402 -0.897638 0.425197 
vn -0.385827 -0.724409 -0.566929 
vn -0.259843 -0.92126 0.299213 
vn 0.472441 -0.023622 -0.88189 
vn 0.606299 -0.551181 0.574803 
vn -0.259843 -0.92126 0.299213 
vn 0.472441 -0.023622 -0.88189 
vn 0.606299 -0.551181 0.574803 
vn -0.551181 -0.606299 0.574803 
vn 0.472441 -0.023622 -0.88189 
vn 0.606299 -0.551181 0.574803 
vn -0.88189 -0.0787402 -0.472441 
vn -0.338583 -0.937008 -0.125984 
vn 0.472441 -0.023622 -0.88189 
vn -0.259843 -0.92126 0.299213 
vn -0.551181 -0.606299 0.574803 
vn 0.165354 -0.913386 -0.377953 
vn 0.338583 -0.889764 0.299213 
vn -0.88189 -0.0787402 -0.472441 
vn -0.551181 -0.606299 0.574803 
vn 0.165354 -0.913386 -0.377953 
vn 0.346457 -0.889764 0.299213 
vn -0.88189 -0.0787402 -0.472441 
vn -0.338583 -0.937008 -0.125984 
vn -0.811024 0.0708661 -0.574803 
vn -0.425197 0.0393701 -0.905512 
vn -0.0393701 -0.425197 -0.905512 
vn -0.425197 0.0393701 -0.905512 
vn -0.0393701 -0.425197 -0.905512 
vn -0.811024 0.0708661 -0.574803 
vn -0.0708661 -0.811024 -0.574803 
vn -0.811024 0.0708661 -0.574803 
vn 0.0708661 0.811024 -0.574803 
vn 0.0708661 0.811024 -0.574803 
vn 0.0393701 0.425197 -0.905512 
vn 0.0708661 0.811024 -0.574803 
vn 0.425197 -0.0393701 -0.905512 
vn 0.425197 -0.0393701 -0.905512 
vn 0.0393701 0.425197 -0.905512 
vn -0.0708661 -0.811024 -0.574803 
vn -0.0708661 -0.811024 -0.574803 
vn 0.811024 -0.0708661 -0.574803 
vn 0.811024 -0.0708661 -0.574803 
vn 0.811024 -0.0708661 -0.574803 
vn 0.606299 -0.551181 -0.574803 
vn 0.283465 0.314961 -0.905512 
vn 0.551181 0.606299 -0.574803 
vn 0.283465 0.314961 -0.905512 
vn -0.606299 0.551181 -0.574803 
vn 0.551181 0.606299 -0.574803 
vn -0.314961 0.283465 -0.905512 
vn -0.606299 0.551181 -0.574803 
vn -0.314961 0.283465 -0.905512 
vn -0.551181 -0.606299 -0.574803 
vn -0.606299 0.551181 -0.574803 
vn 0.551181 0.606299 -0.574803 
vn 0.314961 -0.283465 -0.905512 
vn -0.283465 -0.314961 -0.905512 
vn 0.314961 -0.283465 -0.905512 
vn -0.283465 -0.314961 -0.905512 
vn 0.606299 -0.551181 -0.574803 
vn -0.551181 -0.606299 -0.574803 
vn -0.551181 -0.606299 -0.574803 
vn 0.606299 -0.551181 -0.574803 

vt 14.0069 -37.0436 
vt 13.9931 -37.0557 
vt 14.0069 -37.0557 
vt 14.0069 -37.0324 
vt 13.9931 -37.0445 
vt 14.0069 -37.0445 
vt 14.0069 -36.985 
vt 13.9931 -37.0333 
vt 14.0069 -37.0333 
vt 13.9931 -37.0436 
vt 13.9931 -37.0445 
vt 14.0069 -37.0324 
vt 13.9931 -37.0324 
vt 13.9931 -36.985 
vt 14.0069 -36.959 
vt 13.9931 -36.9711 
vt 14.0069 -36.9711 
vt 14.0069 -36.972 
vt 13.9931 -36.9841 
vt 14.0069 -36.9841 
vt 13.9931 -36.972 
vt 13.9931 -36.959 
vt 13.9931 -36.9443 
vt 13.9931 -36.9564 
vt 14.0069 -36.9443 
vt 14.0069 -37.0291 
vt 13.9931 -37.0412 
vt 14.0069 -37.0412 
vt 14.0069 -37.0165 
vt 13.9931 -37.0286 
vt 14.0069 -37.0286 
vt 13.9931 -37.0291 
vt 13.9931 -37.0412 
vt 14.0069 -37.0291 
vt 13.9931 -37.0165 
vt 13.9931 -37.0286 
vt 14.0069 -37.0165 
vt 14.0069 -36.9676 
vt 13.9931 -37.016 
vt 14.0069 -37.016 
vt 14.0069 -36.9564 
vt 14.0069 -36.9559 
vt 13.9931 -36.968 
vt 14.0069 -36.968 
vt 13.9931 -37.016 
vt 14.0069 -36.9676 
vt 13.9931 -36.9676 
vt 13.9931 -36.9559 
vt 14.2118 -37.0069 
vt 14.2013 -36.9931 
vt 14.2013 -37.0069 
vt 14.2023 -37.0069 
vt 14.1918 -36.9931 
vt 14.1918 -37.0069 
vt 14.2863 -37.0069 
vt 14.2758 -36.9931 
vt 14.2758 -37.0069 
vt 14.2863 -36.9931 
vt 14.2023 -36.9931 
vt 14.2118 -36.9931 
vt 14.2748 -37.0069 
vt 14.2643 -36.9931 
vt 14.2643 -37.0069 
vt 14.2632 -37.0069 
vt 14.2107 -36.9931 
vt 14.2107 -37.0069 
vt 14.2632 -36.9931 
vt 14.2107 -36.9931 
vt 14.2632 -37.0069 
vt 14.2748 -36.9931 
vt 13.8066 -36.9931 
vt 13.796 -36.9931 
vt 13.8066 -37.0069 
vt 13.796 -37.0069 
vt 13.7223 -37.0069 
vt 13.7118 -36.9931 
vt 13.7118 -37.0069 
vt 13.7223 -36.9931 
vt 13.7118 -36.9931 
vt 13.7223 -37.0069 
vt 13.7861 -36.9931 
vt 13.7966 -37.0069 
vt 13.7966 -36.9931 
vt 13.7966 -37.0069 
vt 13.7861 -36.9931 
vt 13.7861 -37.0069 
vt 13.7866 -37.0069 
vt 13.734 -36.9931 
vt 13.734 -37.0069 
vt 13.7334 -37.0069 
vt 13.7229 -36.9931 
vt 13.7229 -37.0069 
vt 13.7334 -36.9931 
vt 13.7866 -36.9931 
vt 14.0069 -37.0262 
vt 13.9931 -37.0262 
vt 13.9931 -37.0382 
vt 14.0069 -37.0391 
vt 13.9931 -37.0391 
vt 13.9931 -37.0512 
vt 14.0069 -37.0512 
vt 14.0069 -36.9769 
vt 13.9931 -37.0253 
vt 14.0069 -37.0253 
vt 14.0069 -37.0262 
vt 13.9931 -37.0382 
vt 14.0069 -37.0382 
vt 13.9931 -36.9769 
vt 13.9931 -37.0253 
vt 14.0069 -36.9769 
vt 14.0069 -36.9657 
vt 13.9931 -36.9657 
vt 13.9931 -36.9778 
vt 14.0069 -36.9545 
vt 13.9931 -36.9545 
vt 13.9931 -36.9666 
vt 14.0069 -36.9778 
vt 14.0069 -36.9666 
vt 13.9931 -36.9719 
vt 13.9931 -37.0204 
vt 14.0069 -36.9719 
vt 14.0069 -37.0199 
vt 13.9931 -37.0199 
vt 13.9931 -37.032 
vt 14.0069 -37.0315 
vt 13.9931 -37.0315 
vt 13.9931 -37.0437 
vt 14.0069 -37.0437 
vt 14.0069 -37.0199 
vt 13.9931 -37.032 
vt 14.0069 -37.032 
vt 14.0069 -37.0204 
vt 14.0069 -36.9593 
vt 13.9931 -36.9593 
vt 13.9931 -36.9714 
vt 14.0069 -36.9467 
vt 13.9931 -36.9467 
vt 13.9931 -36.9588 
vt 14.0069 -36.9588 
vt 14.0069 -36.9714 
vt 13.781 -37.0069 
vt 13.7285 -36.9931 
vt 13.7285 -37.0069 
vt 13.7926 -37.0069 
vt 13.7821 -36.9931 
vt 13.7821 -37.0069 
vt 13.7926 -36.9931 
vt 13.7821 -36.9931 
vt 13.7926 -37.0069 
vt 13.7191 -36.9931 
vt 13.7296 -37.0069 
vt 13.7296 -36.9931 
vt 13.781 -36.9931 
vt 13.7285 -36.9931 
vt 13.781 -37.0069 
vt 13.7191 -37.0069 
vt 13.7201 -37.0069 
vt 13.7096 -36.9931 
vt 13.7096 -37.0069 
vt 13.8041 -37.0069 
vt 13.7936 -36.9931 
vt 13.7936 -37.0069 
vt 13.8041 -36.9931 
vt 13.7936 -36.9931 
vt 13.8041 -37.0069 
vt 13.7096 -36.9931 
vt 13.7201 -37.0069 
vt 13.7201 -36.9931 
vt 14.2062 -37.0069 
vt 14.1957 -36.9931 
vt 14.1957 -37.0069 
vt 14.2173 -37.0069 
vt 14.2067 -36.9931 
vt 14.2067 -37.0069 
vt 14.2705 -37.0069 
vt 14.2178 -36.9931 
vt 14.2178 -37.0069 
vt 14.2705 -36.9931 
vt 14.2173 -36.9931 
vt 14.2067 -36.9931 
vt 14.2173 -37.0069 
vt 14.2804 -37.0069 
vt 14.2699 -36.9931 
vt 14.2699 -37.0069 
vt 14.2804 -36.9931 
vt 14.2904 -37.0069 
vt 14.2799 -36.9931 
vt 14.2799 -37.0069 
vt 14.2904 -36.9931 
vt 14.2062 -36.9931 
vt 14.219 -37.0557 
vt 14.2704 -37.0391 
vt 14.2179 -37.0436 
vt 14.2799 -37.0262 
vt 14.2064 -37.0324 
vt 14.2074 -37.0445 
vt 14.1918 -36.985 
vt 14.1959 -37.0333 
vt 14.2715 -37.0512 
vt 14.2809 -37.0382 
vt 14.2758 -36.9778 
vt 14.2904 -37.0253 
vt 14.2023 -36.9841 
vt 14.2118 -36.9711 
vt 14.2643 -36.9666 
vt 14.2107 -36.959 
vt 14.2013 -36.972 
vt 14.2863 -36.9769 
vt 14.2748 -36.9657 
vt 14.2632 -36.9545 
vt 13.8066 -36.9719 
vt 13.7938 -37.0199 
vt 13.8043 -37.0204 
vt 13.7827 -37.0315 
vt 13.7295 -37.0412 
vt 13.7822 -37.0437 
vt 13.7301 -37.0291 
vt 13.7196 -37.0286 
vt 13.7201 -37.0165 
vt 13.7118 -36.9676 
vt 13.7096 -37.016 
vt 13.7933 -37.032 
vt 13.796 -36.9714 
vt 13.7223 -36.968 
vt 13.7861 -36.9588 
vt 13.7334 -36.9564 
vt 13.7866 -36.9467 
vt 13.734 -36.9443 
vt 13.7229 -36.9559 
vt 13.7966 -36.9593 

usemtl Cube0021Mtl

f 3831/3831/3831 3832/3832/3832 3833/3833/3833 
f 3838/3838/3838 3839/3839/3839 3840/3840/3840 
f 3822/3822/3822 3823/3823/3823 3824/3824/3824 
f 3828/3828/3828 3829/3829/3829 3830/3830/3830 
f 3835/3835/3835 3836/3836/3836 3837/3837/3837 
f 3841/3841/3841 3836/3836/3836 3835/3835/3835 
f 3816/3816/3816 3817/3817/3817 3818/3818/3818 
f 3818/3818/3818 3817/3817/3817 3834/3834/3834 
f 3819/3819/3819 3820/3820/3820 3821/3821/3821 
f 3825/3825/3825 3826/3826/3826 3827/3827/3827 
f 3800/3800/3800 3801/3801/3801 3802/3802/3802 
f 3807/3807/3807 3801/3801/3801 3800/3800/3800 
f 3797/3797/3797 3798/3798/3798 3799/3799/3799 
f 3804/3804/3804 3805/3805/3805 3806/3806/3806 
f 3811/3811/3811 3812/3812/3812 3813/3813/3813 
f 3814/3814/3814 3812/3812/3812 3811/3811/3811 
f 3794/3794/3794 3795/3795/3795 3796/3796/3796 
f 3803/3803/3803 3795/3795/3795 3794/3794/3794 
f 3808/3808/3808 3809/3809/3809 3810/3810/3810 
f 3815/3815/3815 3809/3809/3809 3808/3808/3808 
f 3880/3880/3880 3881/3881/3881 3882/3882/3882 
f 3887/3887/3887 3881/3881/3881 3880/3880/3880 
f 3874/3874/3874 3875/3875/3875 3876/3876/3876 
f 3877/3877/3877 3878/3878/3878 3879/3879/3879 
f 3883/3883/3883 3884/3884/3884 3885/3885/3885 
f 3886/3886/3886 3884/3884/3884 3883/3883/3883 
f 3857/3857/3857 3858/3858/3858 3859/3859/3859 
f 3860/3860/3860 3861/3861/3861 3862/3862/3862 
f 3864/3864/3864 3865/3865/3865 3866/3866/3866 
f 3866/3866/3866 3865/3865/3865 3867/3867/3867 
f 3868/3868/3868 3869/3869/3869 3870/3870/3870 
f 3871/3871/3871 3872/3872/3872 3873/3873/3873 
f 3842/3842/3842 3843/3843/3843 3844/3844/3844 
f 3843/3843/3843 3842/3842/3842 3853/3853/3853 
f 3854/3854/3854 3855/3855/3855 3856/3856/3856 
f 3855/3855/3855 3854/3854/3854 3863/3863/3863 
f 3845/3845/3845 3846/3846/3846 3847/3847/3847 
f 3852/3852/3852 3846/3846/3846 3845/3845/3845 
f 3848/3848/3848 3849/3849/3849 3850/3850/3850 
f 3851/3851/3851 3849/3849/3849 3848/3848/3848 
f 3895/3895/3895 3896/3896/3896 3897/3897/3897 
f 3901/3901/3901 3902/3902/3902 3903/3903/3903 
f 3888/3888/3888 3889/3889/3889 3890/3890/3890 
f 3898/3898/3898 3899/3899/3899 3900/3900/3900 
f 3904/3904/3904 3905/3905/3905 3906/3906/3906 
f 3904/3904/3904 3906/3906/3906 3910/3910/3910 
f 3891/3891/3891 3892/3892/3892 3893/3893/3893 
f 3891/3891/3891 3893/3893/3893 3894/3894/3894 
f 3907/3907/3907 3908/3908/3908 3909/3909/3909 
f 3907/3907/3907 3909/3909/3909 3911/3911/3911 
f 3912/3912/3912 3913/3913/3913 3914/3914/3914 
f 3914/3914/3914 3913/3913/3913 3925/3925/3925 
f 3915/3915/3915 3916/3916/3916 3917/3917/3917 
f 3922/3922/3922 3923/3923/3923 3924/3924/3924 
f 3926/3926/3926 3927/3927/3927 3928/3928/3928 
f 3926/3926/3926 3928/3928/3928 3933/3933/3933 
f 3918/3918/3918 3919/3919/3919 3920/3920/3920 
f 3918/3918/3918 3920/3920/3920 3921/3921/3921 
f 3929/3929/3929 3930/3930/3930 3931/3931/3931 
f 3929/3929/3929 3931/3931/3931 3932/3932/3932 
f 3934/3934/3934 3935/3935/3935 3936/3936/3936 
f 3946/3946/3946 3947/3947/3947 3948/3948/3948 
f 3937/3937/3937 3938/3938/3938 3939/3939/3939 
f 3940/3940/3940 3941/3941/3941 3942/3942/3942 
f 3943/3943/3943 3944/3944/3944 3945/3945/3945 
f 3944/3944/3944 3943/3943/3943 3949/3949/3949 
f 3968/3968/3968 3969/3969/3969 3970/3970/3970 
f 3971/3971/3971 3969/3969/3969 3968/3968/3968 
f 3950/3950/3950 3951/3951/3951 3952/3952/3952 
f 3953/3953/3953 3954/3954/3954 3955/3955/3955 
f 3956/3956/3956 3957/3957/3957 3958/3958/3958 
f 3959/3959/3959 3960/3960/3960 3961/3961/3961 
f 3965/3965/3965 3966/3966/3966 3967/3967/3967 
f 3972/3972/3972 3973/3973/3973 3974/3974/3974 
f 3975/3975/3975 3976/3976/3976 3977/3977/3977 
f 3978/3978/3978 3976/3976/3976 3975/3975/3975 
f 3962/3962/3962 3963/3963/3963 3964/3964/3964 
f 3963/3963/3963 3962/3962/3962 3983/3983/3983 
f 3979/3979/3979 3980/3980/3980 3981/3981/3981 
f 3982/3982/3982 3980/3980/3980 3979/3979/3979 
f 3984/3984/3984 3985/3985/3985 3986/3986/3986 
f 3985/3985/3985 3984/3984/3984 3992/3992/3992 
f 3987/3987/3987 3986/3986/3986 3985/3985/3985 
f 3985/3985/3985 3993/3993/3993 3987/3987/3987 
f 3986/3986/3986 3987/3987/3987 3988/3988/3988 
f 3988/3988/3988 3989/3989/3989 3986/3986/3986 
f 3988/3988/3988 3987/3987/3987 3994/3994/3994 
f 3994/3994/3994 3987/3987/3987 3995/3995/3995 
f 3995/3995/3995 4001/4001/4001 3994/3994/3994 
f 3994/3994/3994 3996/3996/3996 3988/3988/3988 
f 3990/3990/3990 3988/3988/3988 3996/3996/3996 
f 3988/3988/3988 3990/3990/3990 3991/3991/3991 
f 3996/3996/3996 3994/3994/3994 3997/3997/3997 
f 3996/3996/3996 3997/3997/3997 4000/4000/4000 
f 3994/3994/3994 3998/3998/3998 3997/3997/3997 
f 3998/3998/3998 3994/3994/3994 4002/4002/4002 
f 3998/3998/3998 3999/3999/3999 3997/3997/3997 
f 3999/3999/3999 3998/3998/3998 4003/4003/4003 
f 4004/4004/4004 4005/4005/4005 4006/4006/4006 
f 4005/4005/4005 4004/4004/4004 4016/4016/4016 
f 4023/4023/4023 4018/4018/4018 4016/4016/4016 
f 4015/4015/4015 4005/4005/4005 4007/4007/4007 
f 4007/4007/4007 4008/4008/4008 4009/4009/4009 
f 4008/4008/4008 4007/4007/4007 4010/4010/4010 
f 4005/4005/4005 4010/4010/4010 4007/4007/4007 
f 4010/4010/4010 4005/4005/4005 4012/4012/4012 
f 4012/4012/4012 4005/4005/4005 4016/4016/4016 
f 4011/4011/4011 4010/4010/4010 4012/4012/4012 
f 4012/4012/4012 4013/4013/4013 4014/4014/4014 
f 4013/4013/4013 4012/4012/4012 4017/4017/4017 
f 4012/4012/4012 4016/4016/4016 4017/4017/4017 
f 4018/4018/4018 4017/4017/4017 4016/4016/4016 
f 4017/4017/4017 4018/4018/4018 4019/4019/4019 
f 4022/4022/4022 4017/4017/4017 4019/4019/4019 
f 4020/4020/4020 4019/4019/4019 4018/4018/4018 
f 4019/4019/4019 4020/4020/4020 4021/4021/4021 

