# This file is brought to you by Roblox Corporation
# Generated by Roblox Studio

mtllib 12.mtl

g Cube0011

v -0.136026 3.85872 1.96394 
v -0.136026 3.73772 1.93367 
v -0.136026 3.64702 2.28655 
v -0.136026 3.85747 2.3283 
v -0.136026 3.85872 -2.84984 
v -0.136026 3.64702 -3.17245 
v -0.136026 3.73772 -2.81956 
v -0.136026 3.85747 -3.21419 
v -0.240559 4.02518 -2.75038 
v -0.240559 3.86638 -3.32446 
v -0.240559 3.83305 -2.76303 
v -0.24056 3.83305 1.87713 
v -0.24056 3.86638 2.43856 
v -0.24056 4.02518 1.86449 
v -0.24056 4.19538 2.40054 
v -0.378236 3.97928 -2.87521 
v -0.378236 4.30547 -2.67535 
v -0.378236 4.25288 -3.44574 
v -0.240559 4.19538 -3.28643 
v -0.378236 4.68954 -3.1782 
v -0.378236 4.30547 1.78945 
v -0.378236 4.25288 2.55985 
v -0.378236 4.68954 2.2923 
v -0.378236 3.97928 1.98931 
v -0.898562 4.44879 1.34148 
v -0.898562 6.18173 1.08436 
v -0.898562 4.80302 0.595475 
v -0.898562 6.18173 -1.97025 
v -0.898562 4.44879 -2.22738 
v -0.898562 4.80302 -1.48137 
v -1.07192 4.83959 0.0420735 
v -1.07192 6.5868 -1.10779 
v -1.07192 4.83959 -0.927968 
v -0.898562 5.69902 2.10093 
v -1.07192 6.5868 0.221893 
v -0.898562 5.69902 -2.98682 
v -0.24056 4.02518 1.86449 
v 0.353109 4.19538 2.40054 
v 0.353109 4.02518 1.86449 
v -0.136026 3.85872 1.96394 
v 0.248575 3.85747 2.3283 
v 0.248575 3.85872 1.96394 
v 0.353109 4.19538 -3.28643 
v -0.240559 4.02518 -2.75038 
v 0.353109 4.02518 -2.75038 
v 0.248575 3.85747 -3.21419 
v -0.136026 3.85872 -2.84984 
v 0.248575 3.85872 -2.84984 
v 0.490785 4.68954 -3.1782 
v -0.378236 4.30547 -2.67535 
v 0.490785 4.30547 -2.67535 
v -0.898562 5.69902 2.10093 
v 1.01111 5.69902 2.10093 
v 1.01111 6.18173 1.08436 
v -0.378236 4.30547 1.78945 
v 0.490785 4.68954 2.2923 
v 0.490785 4.30547 1.78945 
v 1.18447 6.5868 -1.10779 
v -1.07192 6.5868 -1.10779 
v 1.18447 6.5868 0.221893 
v 1.01111 5.69902 -2.98682 
v -0.898562 5.69902 -2.98682 
v 1.01111 6.18173 -1.97025 
v -0.136026 3.85747 -3.21419 
v -0.136026 3.85747 2.3283 
v -0.24056 4.19538 2.40054 
v -0.378236 4.68954 -3.1782 
v -0.240559 4.19538 -3.28643 
v -0.378236 4.68954 2.2923 
v -0.898562 6.18173 1.08436 
v -1.07192 6.5868 0.221893 
v -0.898562 6.18173 -1.97025 
v -0.24056 4.02518 1.86449 
v 0.353109 4.02518 1.86449 
v 0.353109 3.83305 1.87713 
v -0.136026 3.85872 1.96394 
v 0.248575 3.85872 1.96394 
v 0.248575 3.73772 1.93367 
v 0.248575 3.64702 -3.17245 
v -0.136026 3.64702 -3.17245 
v 0.248575 3.85747 -3.21419 
v 0.353109 3.86638 -3.32446 
v -0.240559 3.86638 -3.32446 
v 0.353109 4.19538 -3.28643 
v 0.490785 4.25288 -3.44574 
v -0.378236 4.25288 -3.44574 
v 0.490785 4.68954 -3.1782 
v -0.898562 4.80302 0.595475 
v 1.01111 6.18173 1.08436 
v 1.01111 4.80302 0.595475 
v -1.07192 4.83959 -0.927968 
v 1.18447 6.5868 -1.10779 
v 1.18447 4.83959 -0.927968 
v 1.01111 4.44879 -2.22738 
v -0.898562 5.69902 -2.98682 
v 1.01111 5.69902 -2.98682 
v -0.136026 3.85747 -3.21419 
v -0.136026 3.73772 1.93367 
v -0.24056 3.83305 1.87713 
v -0.240559 4.19538 -3.28643 
v -0.378236 4.68954 -3.1782 
v -0.898562 6.18173 1.08436 
v -1.07192 6.5868 -1.10779 
v -0.898562 4.44879 -2.22738 
v 1.01111 4.44879 -2.22738 
v 1.01111 6.18173 -1.97025 
v 1.01111 4.80302 -1.48137 
v 0.490785 3.97928 1.98931 
v 0.490785 4.68954 2.2923 
v 0.490785 4.25288 2.55985 
v 0.490785 3.97928 -2.87521 
v 0.490785 4.68954 -3.1782 
v 0.490785 4.30547 -2.67535 
v 0.490785 4.25288 -3.44574 
v 1.01111 4.44879 1.34148 
v 1.01111 4.80302 0.595475 
v 1.01111 6.18173 1.08436 
v 1.18447 4.83959 -0.927968 
v 1.18447 6.5868 0.221893 
v 1.18447 4.83959 0.0420735 
v 1.01111 5.69902 2.10093 
v 1.18447 6.5868 -1.10779 
v 1.01111 5.69902 -2.98682 
v 0.490785 4.30547 1.78945 
v 0.248575 3.64702 2.28655 
v 0.248575 3.85872 1.96394 
v 0.248575 3.85747 2.3283 
v 0.248575 3.73772 1.93367 
v 0.248575 3.64702 -3.17245 
v 0.248575 3.85872 -2.84984 
v 0.248575 3.73772 -2.81956 
v 0.248575 3.85747 -3.21419 
v 0.353109 3.86638 -3.32446 
v 0.353109 4.02518 -2.75038 
v 0.353109 3.83305 -2.76303 
v 0.353109 3.86638 2.43856 
v 0.353109 4.02518 1.86449 
v 0.353109 4.19538 2.40054 
v 0.353109 3.83305 1.87713 
v 0.353109 4.19538 -3.28643 
v -0.136026 3.73772 1.93367 
v 0.248575 3.73772 1.93367 
v 0.248575 3.64702 2.28655 
v -0.136026 3.73772 -2.81956 
v 0.248575 3.64702 -3.17245 
v 0.248575 3.73772 -2.81956 
v -0.240559 3.83305 -2.76303 
v 0.353109 3.86638 -3.32446 
v 0.353109 3.83305 -2.76303 
v -0.24056 3.83305 1.87713 
v 0.353109 3.83305 1.87713 
v 0.353109 3.86638 2.43856 
v -0.378236 4.25288 2.55985 
v 0.490785 3.97928 1.98931 
v 0.490785 4.25288 2.55985 
v 0.490785 3.97928 -2.87521 
v -0.378236 4.25288 -3.44574 
v 0.490785 4.25288 -3.44574 
v -0.136026 3.64702 -3.17245 
v -0.136026 3.64702 2.28655 
v -0.240559 3.86638 -3.32446 
v -0.24056 3.86638 2.43856 
v -0.378236 3.97928 1.98931 
v -0.378236 3.97928 -2.87521 
v 0.353109 4.19538 2.40054 
v -0.24056 3.86638 2.43856 
v 0.353109 3.86638 2.43856 
v 0.248575 3.85747 2.3283 
v -0.136026 3.64702 2.28655 
v 0.248575 3.64702 2.28655 
v -0.240559 4.02518 -2.75038 
v 0.353109 3.83305 -2.76303 
v 0.353109 4.02518 -2.75038 
v -0.136026 3.85872 -2.84984 
v 0.248575 3.73772 -2.81956 
v 0.248575 3.85872 -2.84984 
v 0.490785 4.68954 2.2923 
v -0.378236 4.25288 2.55985 
v 0.490785 4.25288 2.55985 
v -0.898562 5.69902 2.10093 
v 1.01111 4.44879 1.34148 
v 1.01111 5.69902 2.10093 
v -1.07192 6.5868 0.221893 
v 1.18447 4.83959 0.0420735 
v 1.18447 6.5868 0.221893 
v 1.01111 6.18173 -1.97025 
v -0.898562 4.80302 -1.48137 
v 1.01111 4.80302 -1.48137 
v -0.136026 3.73772 -2.81956 
v -0.24056 4.19538 2.40054 
v -0.136026 3.85747 2.3283 
v -0.240559 3.83305 -2.76303 
v -0.378236 4.68954 2.2923 
v -0.898562 4.44879 1.34148 
v -1.07192 4.83959 0.0420735 
v -0.898562 6.18173 -1.97025 

vn -1 0 0 
vn -1 0 0 
vn -1 0 0 
vn -1 0 0 
vn -1 0 0 
vn -1 0 0 
vn -1 0 0 
vn -1 0 0 
vn -1 0 0 
vn -1 0 0 
vn -1 0 0 
vn -1 0 0 
vn -1 0 0 
vn -1 0 0 
vn -1 0 0 
vn -1 0 0 
vn -1 0 0 
vn -1 0 0 
vn -1 0 0 
vn -1 0 0 
vn -1 0 0 
vn -1 0 0 
vn -1 0 0 
vn -1 0 0 
vn -1 0 0 
vn -1 0 0 
vn -1 0 0 
vn -1 0 0 
vn -1 0 0 
vn -1 0 0 
vn -1 0 0 
vn -1 0 0 
vn -1 0 0 
vn -1 0 0 
vn -1 0 0 
vn -1 0 0 
vn 0 0.952756 -0.299213 
vn 0 0.952756 -0.299213 
vn 0 0.952756 -0.299213 
vn 0 1 0 
vn 0 1 0 
vn 0 1 0 
vn 0 0.952756 0.299213 
vn 0 0.952756 0.299213 
vn 0 0.952756 0.299213 
vn 0 1 0 
vn 0 1 0 
vn 0 1 0 
vn 0 0.795276 0.606299 
vn 0 0.795276 0.606299 
vn 0 0.795276 0.606299 
vn 0 0.905512 0.433071 
vn 0 0.905512 0.433071 
vn 0 0.905512 0.433071 
vn 0 0.795276 -0.606299 
vn 0 0.795276 -0.606299 
vn 0 0.795276 -0.606299 
vn 0 1 0 
vn 0 1 0 
vn 0 1 0 
vn 0 0.905512 -0.425197 
vn 0 0.905512 -0.425197 
vn 0 0.905512 -0.425197 
vn 0 1 0 
vn 0 1 0 
vn 0 0.952756 -0.299213 
vn 0 0.795276 0.606299 
vn 0 0.952756 0.299213 
vn 0 0.795276 -0.606299 
vn 0 0.905512 0.433071 
vn 0 1 0 
vn 0 0.905512 -0.425197 
vn 0 -0.0629921 -1 
vn 0 -0.0629921 -1 
vn 0 -0.0629921 -1 
vn 0 0.244094 -0.968504 
vn 0 0.244094 -0.968504 
vn 0 0.244094 -0.968504 
vn 0 -0.19685 -0.984252 
vn 0 -0.19685 -0.984252 
vn 0 -0.19685 -0.984252 
vn 0 0.11811 -0.992126 
vn 0 0.11811 -0.992126 
vn 0 0.11811 -0.992126 
vn 0 0.519685 -0.850394 
vn 0 0.519685 -0.850394 
vn 0 0.519685 -0.850394 
vn 0 0.330709 -0.944882 
vn 0 0.330709 -0.944882 
vn 0 0.330709 -0.944882 
vn 0 -0.102362 -0.992126 
vn 0 -0.102362 -0.992126 
vn 0 -0.102362 -0.992126 
vn 0 -0.519685 -0.858268 
vn 0 -0.519685 -0.858268 
vn 0 -0.519685 -0.858268 
vn 0 -0.19685 -0.984252 
vn 0 0.244094 -0.968504 
vn 0 -0.0629921 -1 
vn 0 0.11811 -0.992126 
vn 0 0.519685 -0.850394 
vn 0 0.330709 -0.944882 
vn 0 -0.102362 -0.992126 
vn 0 -0.519685 -0.858268 
vn 1 0 0 
vn 1 0 0 
vn 1 0 0 
vn 1 0 0 
vn 1 0 0 
vn 1 0 0 
vn 1 0 0 
vn 1 0 0 
vn 1 0 0 
vn 1 0 0 
vn 1 0 0 
vn 1 0 0 
vn 1 0 0 
vn 1 0 0 
vn 1 0 0 
vn 1 0 0 
vn 1 0 0 
vn 1 0 0 
vn 1 0 0 
vn 1 0 0 
vn 1 0 0 
vn 1 0 0 
vn 1 0 0 
vn 1 0 0 
vn 1 0 0 
vn 1 0 0 
vn 1 0 0 
vn 1 0 0 
vn 1 0 0 
vn 1 0 0 
vn 1 0 0 
vn 1 0 0 
vn 1 0 0 
vn 1 0 0 
vn 1 0 0 
vn 1 0 0 
vn 0 -0.968504 -0.251969 
vn 0 -0.968504 -0.251969 
vn 0 -0.968504 -0.251969 
vn 0 -0.968504 0.251969 
vn 0 -0.968504 0.251969 
vn 0 -0.968504 0.251969 
vn 0 -1 -0.0629921 
vn 0 -1 -0.0629921 
vn 0 -1 -0.0629921 
vn 0 -1 0.0551181 
vn 0 -1 0.0551181 
vn 0 -1 0.0551181 
vn 0 -0.905512 0.433071 
vn 0 -0.905512 0.433071 
vn 0 -0.905512 0.433071 
vn 0 -0.905512 -0.433071 
vn 0 -0.905512 -0.433071 
vn 0 -0.905512 -0.433071 
vn 0 -0.968504 0.251969 
vn 0 -0.968504 -0.251969 
vn 0 -1 -0.0629921 
vn 0 -1 0.0551181 
vn 0 -0.905512 0.433071 
vn 0 -0.905512 -0.433071 
vn 0 0.11811 0.992126 
vn 0 0.11811 0.992126 
vn 0 0.11811 0.992126 
vn 0 -0.19685 0.984252 
vn 0 -0.19685 0.984252 
vn 0 -0.19685 0.984252 
vn 0 -0.0629921 1 
vn 0 -0.0629921 1 
vn 0 -0.0629921 1 
vn 0 0.244094 0.968504 
vn 0 0.244094 0.968504 
vn 0 0.244094 0.968504 
vn 0 0.519685 0.850394 
vn 0 0.519685 0.850394 
vn 0 0.519685 0.850394 
vn 0 -0.519685 0.858268 
vn 0 -0.519685 0.858268 
vn 0 -0.519685 0.858268 
vn 0 -0.102362 0.992126 
vn 0 -0.102362 0.992126 
vn 0 -0.102362 0.992126 
vn 0 0.330709 0.944882 
vn 0 0.330709 0.944882 
vn 0 0.330709 0.944882 
vn 0 0.244094 0.968504 
vn 0 0.11811 0.992126 
vn 0 -0.19685 0.984252 
vn 0 -0.0629921 1 
vn 0 0.519685 0.850394 
vn 0 -0.519685 0.858268 
vn 0 -0.102362 0.992126 
vn 0 0.330709 0.944882 

vt 36.3009 -45.1573 
vt 36.2971 -45.1724 
vt 36.3412 -45.1837 
vt 36.3464 -45.1574 
vt 35.6991 -45.1573 
vt 35.6588 -45.1837 
vt 35.7029 -45.1724 
vt 35.6536 -45.1574 
vt 35.7116 -45.1365 
vt 35.6398 -45.1563 
vt 35.71 -45.1605 
vt 36.29 -45.1605 
vt 36.3602 -45.1563 
vt 36.2884 -45.1365 
vt 36.3554 -45.1152 
vt 35.696 -45.1422 
vt 35.721 -45.1014 
vt 35.6246 -45.108 
vt 35.6446 -45.1152 
vt 35.6581 -45.0534 
vt 36.279 -45.1014 
vt 36.3754 -45.108 
vt 36.3419 -45.0534 
vt 36.304 -45.1422 
vt 36.2231 -45.0835 
vt 36.1909 -44.8669 
vt 36.1298 -45.0392 
vt 35.8091 -44.8669 
vt 35.7769 -45.0835 
vt 35.8702 -45.0392 
vt 36.0606 -45.0347 
vt 35.9169 -44.8163 
vt 35.9394 -45.0347 
vt 36.318 -44.9272 
vt 36.0831 -44.8163 
vt 35.682 -44.9272 
vt 35.9629 -45.2884 
vt 36.0371 -45.3554 
vt 36.0371 -45.2884 
vt 35.976 -45.3009 
vt 36.024 -45.3464 
vt 36.024 -45.3009 
vt 36.0371 -44.6446 
vt 35.9629 -44.7116 
vt 36.0371 -44.7116 
vt 36.024 -44.6536 
vt 35.976 -44.6991 
vt 36.024 -44.6991 
vt 36.0543 -44.6581 
vt 35.9457 -44.721 
vt 36.0543 -44.721 
vt 35.8806 -45.318 
vt 36.1194 -45.318 
vt 36.1194 -45.1909 
vt 35.9457 -45.279 
vt 36.0543 -45.3419 
vt 36.0543 -45.279 
vt 36.141 -44.9169 
vt 35.859 -44.9169 
vt 36.141 -45.0831 
vt 36.1194 -44.682 
vt 35.8806 -44.682 
vt 36.1194 -44.8091 
vt 35.976 -44.6536 
vt 35.976 -45.3464 
vt 35.9629 -45.3554 
vt 35.9457 -44.6581 
vt 35.9629 -44.6446 
vt 35.9457 -45.3419 
vt 35.8806 -45.1909 
vt 35.859 -45.0831 
vt 35.8806 -44.8091 
vt 36.0371 -45.1365 
vt 35.9629 -45.1365 
vt 35.9629 -45.1605 
vt 36.024 -45.1573 
vt 35.976 -45.1573 
vt 35.976 -45.1724 
vt 35.976 -45.1837 
vt 36.024 -45.1837 
vt 35.976 -45.1574 
vt 35.9629 -45.1563 
vt 36.0371 -45.1563 
vt 35.9629 -45.1152 
vt 35.9457 -45.108 
vt 36.0543 -45.108 
vt 35.9457 -45.0534 
vt 36.1194 -45.0392 
vt 35.8806 -44.8669 
vt 35.8806 -45.0392 
vt 36.141 -45.0347 
vt 35.859 -44.8163 
vt 35.859 -45.0347 
vt 35.8806 -45.0835 
vt 36.1194 -44.9272 
vt 35.8806 -44.9272 
vt 36.024 -45.1574 
vt 36.024 -45.1724 
vt 36.0371 -45.1605 
vt 36.0371 -45.1152 
vt 36.0543 -45.0534 
vt 36.1194 -44.8669 
vt 36.141 -44.8163 
vt 36.1194 -45.0835 
vt 36.2231 -45.0835 
vt 36.1909 -44.8669 
vt 36.1298 -45.0392 
vt 35.696 -45.1422 
vt 35.6581 -45.0534 
vt 35.6246 -45.108 
vt 36.304 -45.1422 
vt 36.3419 -45.0534 
vt 36.279 -45.1014 
vt 36.3754 -45.108 
vt 35.7769 -45.0835 
vt 35.8702 -45.0392 
vt 35.8091 -44.8669 
vt 36.0606 -45.0347 
vt 35.9169 -44.8163 
vt 35.9394 -45.0347 
vt 35.682 -44.9272 
vt 36.0831 -44.8163 
vt 36.318 -44.9272 
vt 35.721 -45.1014 
vt 35.6588 -45.1837 
vt 35.6991 -45.1573 
vt 35.6536 -45.1574 
vt 35.7029 -45.1724 
vt 36.3412 -45.1837 
vt 36.3009 -45.1573 
vt 36.2971 -45.1724 
vt 36.3464 -45.1574 
vt 36.3602 -45.1563 
vt 36.2884 -45.1365 
vt 36.29 -45.1605 
vt 35.6398 -45.1563 
vt 35.7116 -45.1365 
vt 35.6446 -45.1152 
vt 35.71 -45.1605 
vt 36.3554 -45.1152 
vt 36.024 -45.2971 
vt 35.976 -45.2971 
vt 35.976 -45.3412 
vt 36.024 -44.7029 
vt 35.976 -44.6588 
vt 35.976 -44.7029 
vt 36.0371 -44.71 
vt 35.9629 -44.6398 
vt 35.9629 -44.71 
vt 36.0371 -45.29 
vt 35.9629 -45.29 
vt 35.9629 -45.3602 
vt 36.0543 -45.3754 
vt 35.9457 -45.304 
vt 35.9457 -45.3754 
vt 35.9457 -44.696 
vt 36.0543 -44.6246 
vt 35.9457 -44.6246 
vt 36.024 -44.6588 
vt 36.024 -45.3412 
vt 36.0371 -44.6398 
vt 36.0371 -45.3602 
vt 36.0543 -45.304 
vt 36.0543 -44.696 
vt 36.0371 -45.1152 
vt 35.9629 -45.1563 
vt 36.0371 -45.1563 
vt 36.024 -45.1574 
vt 35.976 -45.1837 
vt 36.024 -45.1837 
vt 35.9629 -45.1365 
vt 36.0371 -45.1605 
vt 36.0371 -45.1365 
vt 35.976 -45.1573 
vt 36.024 -45.1724 
vt 36.024 -45.1573 
vt 36.0543 -45.0534 
vt 35.9457 -45.108 
vt 36.0543 -45.108 
vt 35.8806 -44.9272 
vt 36.1194 -45.0835 
vt 36.1194 -44.9272 
vt 35.859 -44.8163 
vt 36.141 -45.0347 
vt 36.141 -44.8163 
vt 36.1194 -44.8669 
vt 35.8806 -45.0392 
vt 36.1194 -45.0392 
vt 35.976 -45.1724 
vt 35.9629 -45.1152 
vt 35.976 -45.1574 
vt 35.9629 -45.1605 
vt 35.9457 -45.0534 
vt 35.8806 -45.0835 
vt 35.859 -45.0347 
vt 35.8806 -44.8669 

usemtl Cube0011Mtl

f 31/31/31 32/32/32 33/33/33 
f 32/32/32 31/31/31 35/35/35 
f 25/25/25 26/26/26 27/27/27 
f 26/26/26 25/25/25 34/34/34 
f 28/28/28 29/29/29 30/30/30 
f 29/29/29 28/28/28 36/36/36 
f 16/16/16 17/17/17 18/18/18 
f 17/17/17 20/20/20 18/18/18 
f 21/21/21 22/22/22 23/23/23 
f 22/22/22 21/21/21 24/24/24 
f 9/9/9 10/10/10 11/11/11 
f 9/9/9 19/19/19 10/10/10 
f 12/12/12 13/13/13 14/14/14 
f 15/15/15 14/14/14 13/13/13 
f 1/1/1 2/2/2 3/3/3 
f 4/4/4 1/1/1 3/3/3 
f 5/5/5 6/6/6 7/7/7 
f 8/8/8 6/6/6 5/5/5 
f 52/52/52 53/53/53 54/54/54 
f 54/54/54 70/70/70 52/52/52 
f 61/61/61 62/62/62 63/63/63 
f 63/63/63 62/62/62 72/72/72 
f 58/58/58 59/59/59 60/60/60 
f 60/60/60 59/59/59 71/71/71 
f 40/40/40 41/41/41 42/42/42 
f 41/41/41 40/40/40 65/65/65 
f 46/46/46 47/47/47 48/48/48 
f 47/47/47 46/46/46 64/64/64 
f 37/37/37 38/38/38 39/39/39 
f 38/38/38 37/37/37 66/66/66 
f 43/43/43 44/44/44 45/45/45 
f 44/44/44 43/43/43 68/68/68 
f 49/49/49 50/50/50 51/51/51 
f 50/50/50 49/49/49 67/67/67 
f 55/55/55 56/56/56 57/57/57 
f 56/56/56 55/55/55 69/69/69 
f 79/79/79 80/80/80 81/81/81 
f 97/97/97 81/81/81 80/80/80 
f 82/82/82 83/83/83 84/84/84 
f 100/100/100 84/84/84 83/83/83 
f 85/85/85 86/86/86 87/87/87 
f 101/101/101 87/87/87 86/86/86 
f 94/94/94 95/95/95 96/96/96 
f 95/95/95 94/94/94 104/104/104 
f 91/91/91 92/92/92 93/93/93 
f 92/92/92 91/91/91 103/103/103 
f 88/88/88 89/89/89 90/90/90 
f 89/89/89 88/88/88 102/102/102 
f 73/73/73 74/74/74 75/75/75 
f 73/73/73 75/75/75 99/99/99 
f 76/76/76 77/77/77 78/78/78 
f 76/76/76 78/78/78 98/98/98 
f 118/118/118 119/119/119 120/120/120 
f 119/119/119 118/118/118 122/122/122 
f 105/105/105 106/106/106 107/107/107 
f 123/123/123 106/106/106 105/105/105 
f 115/115/115 116/116/116 117/117/117 
f 121/121/121 115/115/115 117/117/117 
f 108/108/108 109/109/109 110/110/110 
f 124/124/124 109/109/109 108/108/108 
f 111/111/111 112/112/112 113/113/113 
f 111/111/111 114/114/114 112/112/112 
f 133/133/133 134/134/134 135/135/135 
f 134/134/134 133/133/133 140/140/140 
f 136/136/136 137/137/137 138/138/138 
f 137/137/137 136/136/136 139/139/139 
f 125/125/125 126/126/126 127/127/127 
f 126/126/126 125/125/125 128/128/128 
f 129/129/129 130/130/130 131/131/131 
f 130/130/130 129/129/129 132/132/132 
f 153/153/153 154/154/154 155/155/155 
f 154/154/154 153/153/153 163/163/163 
f 156/156/156 157/157/157 158/158/158 
f 157/157/157 156/156/156 164/164/164 
f 147/147/147 148/148/148 149/149/149 
f 161/161/161 148/148/148 147/147/147 
f 150/150/150 151/151/151 152/152/152 
f 162/162/162 150/150/150 152/152/152 
f 141/141/141 142/142/142 143/143/143 
f 160/160/160 141/141/141 143/143/143 
f 144/144/144 145/145/145 146/146/146 
f 159/159/159 145/145/145 144/144/144 
f 168/168/168 169/169/169 170/170/170 
f 168/168/168 191/191/191 169/169/169 
f 165/165/165 166/166/166 167/167/167 
f 165/165/165 190/190/190 166/166/166 
f 177/177/177 178/178/178 179/179/179 
f 177/177/177 193/193/193 178/178/178 
f 180/180/180 181/181/181 182/182/182 
f 181/181/181 180/180/180 194/194/194 
f 183/183/183 184/184/184 185/185/185 
f 184/184/184 183/183/183 195/195/195 
f 186/186/186 187/187/187 188/188/188 
f 187/187/187 186/186/186 196/196/196 
f 171/171/171 172/172/172 173/173/173 
f 172/172/172 171/171/171 192/192/192 
f 174/174/174 175/175/175 176/176/176 
f 175/175/175 174/174/174 189/189/189 

g Cube0041

v -0.378236 3.97928 1.98931 
v -0.378236 4.18982 1.63804 
v -0.378236 3.89689 1.81752 
v -0.378236 4.30547 1.78945 
v -0.481212 4.74448 2.37995 
v -0.481212 4.35529 1.42754 
v -0.481212 4.12923 1.60552 
v -0.481212 4.74448 -3.26585 
v -0.481212 4.12923 -2.49142 
v -0.481212 4.35529 -2.31344 
v -0.378236 4.30547 -2.67535 
v -0.378236 3.97928 -2.87521 
v -0.378236 4.18982 -2.52393 
v -0.378236 3.89689 -2.70341 
v -0.633595 5.18527 -3.11514 
v -0.633595 4.18173 -2.33762 
v -0.633595 4.40919 -2.0467 
v -0.481212 5.0798 2.09804 
v -0.633595 4.40919 1.1608 
v -0.633595 5.18527 2.22924 
v -0.633595 5.41272 1.93832 
v -0.633595 4.18173 1.45172 
v -0.887995 4.59137 -1.01495 
v -0.887995 6.11318 -1.99027 
v -0.887995 4.44638 -1.49917 
v -0.481212 5.0798 -2.98394 
v -0.633595 5.41272 -2.82422 
v -0.887995 6.25817 -1.50604 
v -0.898562 4.15278 1.16168 
v -0.898562 4.80302 0.595475 
v -0.898562 4.4766 0.47973 
v -0.898562 4.44879 1.34148 
v -1.07192 4.83959 -0.927968 
v -1.07192 4.46041 0.00304914 
v -1.07192 4.83959 0.0420735 
v -1.07192 4.46041 -0.888944 
v -0.898562 4.80302 -1.48137 
v -0.898562 4.15278 -2.04758 
v -0.898562 4.4766 -1.36562 
v -0.898562 4.44879 -2.22738 
v -0.887995 6.11318 1.10437 
v -0.887995 4.59137 0.129052 
v -0.887995 4.44638 0.613274 
v -0.887995 6.25817 0.620149 
v -1.01596 6.40452 0.652962 
v -1.01596 4.5867 -0.300028 
v -1.01596 4.47051 0.262049 
v -1.01596 6.5207 0.0908845 
v -1.01596 6.40452 -1.53886 
v -1.01596 4.5867 -0.585867 
v -1.01596 6.5207 -0.976779 
v -1.01596 4.47051 -1.14794 
v -0.633595 5.41272 1.93832 
v 0.746144 5.18527 2.22924 
v 0.746144 5.41272 1.93832 
v -0.378236 4.30547 1.78945 
v 0.490785 4.30547 1.78945 
v 0.490785 4.18982 1.63804 
v 0.490785 4.30547 -2.67535 
v -0.378236 4.30547 -2.67535 
v 0.490785 4.18982 -2.52393 
v 0.746144 5.18527 -3.11514 
v -0.633595 5.41272 -2.82422 
v 0.746144 5.41272 -2.82422 
v 1.00054 6.11318 -1.99027 
v -0.887995 6.11318 -1.99027 
v 1.00054 6.25817 -1.50604 
v -0.887995 6.11318 1.10437 
v 1.00054 6.11318 1.10437 
v 1.00054 6.25817 0.620149 
v -1.01596 6.40452 0.652962 
v 1.1285 6.40452 0.652962 
v 1.1285 6.5207 0.0908845 
v 1.1285 6.40452 -1.53886 
v -1.01596 6.40452 -1.53886 
v 1.1285 6.5207 -0.976779 
v -0.378236 4.18982 -2.52393 
v -0.633595 5.18527 2.22924 
v -0.378236 4.18982 1.63804 
v -0.633595 5.18527 -3.11514 
v -0.887995 6.25817 -1.50604 
v -0.887995 6.25817 0.620149 
v -1.01596 6.5207 0.0908845 
v -1.01596 6.5207 -0.976779 
v -0.898562 4.80302 0.595475 
v 1.01111 4.80302 0.595475 
v 1.01111 4.4766 0.47973 
v -0.481212 4.35529 1.42754 
v 0.593761 4.35529 1.42754 
v 0.593761 4.12923 1.60552 
v -0.378236 4.18982 1.63804 
v 0.490785 4.18982 1.63804 
v 0.490785 3.89689 1.81752 
v -1.07192 4.46041 -0.888944 
v 1.18447 4.83959 -0.927968 
v 1.18447 4.46041 -0.888944 
v -0.898562 4.15278 -2.04758 
v 1.01111 4.44879 -2.22738 
v 1.01111 4.15278 -2.04758 
v -0.633595 4.18173 -2.33762 
v 0.746144 5.18527 -3.11514 
v 0.746144 4.18173 -2.33762 
v -0.481212 5.0798 2.09804 
v 0.593761 5.0798 2.09804 
v 0.593761 4.35529 1.42754 
v -1.01596 6.5207 0.0908845 
v 1.1285 6.5207 0.0908845 
v 1.1285 4.5867 -0.300028 
v -0.887995 6.25817 0.620149 
v 1.00054 6.25817 0.620149 
v 1.00054 4.59137 0.129052 
v -0.633595 5.41272 1.93832 
v 0.746144 5.41272 1.93832 
v 0.746144 4.40919 1.1608 
v -1.01596 4.47051 -1.14794 
v 1.1285 6.40452 -1.53886 
v 1.1285 4.47051 -1.14794 
v -0.887995 4.44638 -1.49917 
v 1.00054 6.11318 -1.99027 
v 1.00054 4.44638 -1.49917 
v 0.593761 4.74448 -3.26585 
v -0.481212 5.0798 -2.98394 
v 0.593761 5.0798 -2.98394 
v -0.378236 3.89689 1.81752 
v -0.481212 4.35529 1.42754 
v -0.481212 4.12923 1.60552 
v -0.633595 4.40919 1.1608 
v -0.898562 4.4766 0.47973 
v -0.898562 4.44879 -2.22738 
v -1.07192 4.83959 -0.927968 
v -0.633595 5.18527 -3.11514 
v -0.887995 4.59137 0.129052 
v -1.01596 4.5867 -0.300028 
v -1.01596 6.40452 -1.53886 
v -0.481212 4.74448 -3.26585 
v -0.887995 6.11318 -1.99027 
v 1.18447 4.46041 -0.888944 
v 1.18447 4.83959 0.0420735 
v 1.18447 4.46041 0.00304922 
v 1.01111 4.15278 1.16168 
v 1.01111 4.4766 0.47973 
v 1.01111 4.80302 0.595475 
v 1.01111 4.44879 1.34148 
v 1.18447 4.83959 -0.927968 
v 1.01111 4.15278 -2.04758 
v 1.01111 4.80302 -1.48137 
v 1.01111 4.4766 -1.36562 
v 1.01111 4.44879 -2.22738 
v 1.00054 6.11318 -1.99027 
v 1.00054 4.59137 -1.01495 
v 1.00054 4.44638 -1.49917 
v 1.1285 4.5867 -0.300028 
v 1.1285 6.40452 0.652962 
v 1.1285 4.47051 0.262049 
v 1.1285 6.5207 0.0908845 
v 1.00054 6.11318 1.10437 
v 1.00054 4.59137 0.129052 
v 1.00054 6.25817 0.620149 
v 1.1285 4.5867 -0.585867 
v 1.1285 6.40452 -1.53886 
v 1.1285 6.5207 -0.976779 
v 1.1285 4.47051 -1.14794 
v 1.00054 6.25817 -1.50604 
v 1.00054 4.44638 0.613274 
v 0.593761 4.35529 1.42754 
v 0.593761 4.74448 2.37995 
v 0.593761 4.12923 1.60552 
v 0.490785 4.18982 1.63804 
v 0.490785 3.97928 1.98931 
v 0.490785 3.89689 1.81752 
v 0.490785 4.30547 1.78945 
v 0.593761 4.74448 -3.26585 
v 0.593761 4.35529 -2.31344 
v 0.593761 4.12923 -2.49142 
v 0.490785 4.18982 -2.52393 
v 0.490785 3.97928 -2.87521 
v 0.490785 4.30547 -2.67535 
v 0.490785 3.89689 -2.70341 
v 0.746144 5.18527 -3.11514 
v 0.746144 4.40919 -2.0467 
v 0.746144 4.18173 -2.33762 
v 0.746144 5.18527 2.22924 
v 0.746144 4.40919 1.1608 
v 0.746144 5.41272 1.93832 
v 0.593761 5.0798 2.09804 
v 0.746144 4.18173 1.45172 
v 0.746144 5.41272 -2.82422 
v 0.593761 5.0798 -2.98394 
v 0.746144 4.18173 1.45172 
v -0.633595 4.40919 1.1608 
v 0.746144 4.40919 1.1608 
v -0.481212 4.12923 1.60552 
v 0.593761 4.12923 1.60552 
v 0.593761 4.74448 2.37995 
v -0.378236 3.89689 1.81752 
v 0.490785 3.89689 1.81752 
v 0.490785 3.97928 1.98931 
v -0.633595 4.40919 -2.0467 
v 0.746144 4.18173 -2.33762 
v 0.746144 4.40919 -2.0467 
v -0.481212 4.12923 -2.49142 
v 0.593761 4.74448 -3.26585 
v 0.593761 4.12923 -2.49142 
v -0.378236 3.89689 -2.70341 
v 0.490785 3.97928 -2.87521 
v 0.490785 3.89689 -2.70341 
v -0.898562 4.4766 -1.36562 
v 1.01111 4.15278 -2.04758 
v 1.01111 4.4766 -1.36562 
v 1.1285 4.47051 0.262049 
v -1.01596 4.5867 -0.300028 
v 1.1285 4.5867 -0.300028 
v 1.01111 4.15278 1.16168 
v -0.898562 4.4766 0.47973 
v 1.01111 4.4766 0.47973 
v 1.00054 4.44638 0.613274 
v -0.887995 4.59137 0.129052 
v 1.00054 4.59137 0.129052 
v -1.07192 4.46041 0.00304914 
v 1.18447 4.46041 -0.888944 
v 1.18447 4.46041 0.00304922 
v -1.01596 4.5867 -0.585867 
v 1.1285 4.47051 -1.14794 
v 1.1285 4.5867 -0.585867 
v -0.887995 4.59137 -1.01495 
v 1.00054 4.44638 -1.49917 
v 1.00054 4.59137 -1.01495 
v -0.378236 3.97928 -2.87521 
v -0.378236 3.97928 1.98931 
v -0.633595 4.18173 1.45172 
v -0.898562 4.15278 1.16168 
v -1.07192 4.46041 -0.888944 
v -0.633595 4.18173 -2.33762 
v -0.898562 4.15278 -2.04758 
v -0.887995 4.44638 -1.49917 
v -0.481212 4.74448 2.37995 
v -0.887995 4.44638 0.613274 
v -1.01596 4.47051 0.262049 
v -0.481212 4.74448 -3.26585 
v -1.01596 4.47051 -1.14794 
v -1.07192 4.83959 0.0420735 
v 1.18447 4.46041 0.00304922 
v 1.18447 4.83959 0.0420735 
v 1.01111 4.44879 1.34148 
v -0.898562 4.15278 1.16168 
v 1.01111 4.15278 1.16168 
v 0.746144 5.18527 2.22924 
v -0.633595 4.18173 1.45172 
v 0.746144 4.18173 1.45172 
v -0.898562 4.80302 -1.48137 
v 1.01111 4.4766 -1.36562 
v 1.01111 4.80302 -1.48137 
v -0.481212 4.35529 -2.31344 
v 0.593761 4.12923 -2.49142 
v 0.593761 4.35529 -2.31344 
v -0.378236 4.18982 -2.52393 
v 0.490785 3.89689 -2.70341 
v 0.490785 4.18982 -2.52393 
v -0.481212 5.0798 -2.98394 
v 0.593761 4.35529 -2.31344 
v 0.593761 5.0798 -2.98394 
v 1.1285 6.40452 0.652962 
v -1.01596 4.47051 0.262049 
v 1.1285 4.47051 0.262049 
v 1.00054 6.11318 1.10437 
v -0.887995 4.44638 0.613274 
v 1.00054 4.44638 0.613274 
v -0.481212 5.0798 2.09804 
v 0.593761 4.74448 2.37995 
v 0.593761 5.0798 2.09804 
v -1.01596 6.5207 -0.976779 
v 1.1285 4.5867 -0.585867 
v 1.1285 6.5207 -0.976779 
v -0.887995 6.25817 -1.50604 
v 1.00054 4.59137 -1.01495 
v 1.00054 6.25817 -1.50604 
v -0.633595 5.41272 -2.82422 
v 0.746144 4.40919 -2.0467 
v 0.746144 5.41272 -2.82422 
v -0.378236 3.89689 -2.70341 
v -0.898562 4.4766 -1.36562 
v -0.898562 4.44879 1.34148 
v -1.07192 4.46041 0.00304914 
v -0.633595 4.40919 -2.0467 
v -0.481212 4.35529 -2.31344 
v -0.481212 4.12923 -2.49142 
v -0.633595 5.18527 2.22924 
v -0.481212 4.74448 2.37995 
v -0.887995 6.11318 1.10437 
v -1.01596 6.40452 0.652962 
v -0.887995 4.59137 -1.01495 
v -1.01596 4.5867 -0.585867 

vn -1 0 0 
vn -1 0 0 
vn -1 0 0 
vn -1 0 0 
vn -1 0 0 
vn -1 0 0 
vn -1 0 0 
vn -1 0 0 
vn -1 0 0 
vn -1 0 0 
vn -1 0 0 
vn -1 0 0 
vn -1 0 0 
vn -1 0 0 
vn -1 0 0 
vn -1 0 0 
vn -1 0 0 
vn -1 0 0 
vn -1 0 0 
vn -1 0 0 
vn -1 0 0 
vn -1 0 0 
vn -1 0 0 
vn -1 0 0 
vn -1 0 0 
vn -1 0 0 
vn -1 0 0 
vn -1 0 0 
vn -1 0 0 
vn -1 0 0 
vn -1 0 0 
vn -1 0 0 
vn -1 0 0 
vn -1 0 0 
vn -1 0 0 
vn -1 0 0 
vn -1 0 0 
vn -1 0 0 
vn -1 0 0 
vn -1 0 0 
vn -1 0 0 
vn -1 0 0 
vn -1 0 0 
vn -1 0 0 
vn -1 0 0 
vn -1 0 0 
vn -1 0 0 
vn -1 0 0 
vn -1 0 0 
vn -1 0 0 
vn -1 0 0 
vn -1 0 0 
vn 0 0.787402 0.614173 
vn 0 0.787402 0.614173 
vn 0 0.787402 0.614173 
vn 0 0.795276 -0.606299 
vn 0 0.795276 -0.606299 
vn 0 0.795276 -0.606299 
vn 0 0.795276 0.606299 
vn 0 0.795276 0.606299 
vn 0 0.795276 0.606299 
vn 0 0.787402 -0.614173 
vn 0 0.787402 -0.614173 
vn 0 0.787402 -0.614173 
vn 0 0.96063 -0.283465 
vn 0 0.96063 -0.283465 
vn 0 0.96063 -0.283465 
vn 0 0.96063 0.283465 
vn 0 0.96063 0.283465 
vn 0 0.96063 0.283465 
vn 0 0.976378 0.204724 
vn 0 0.976378 0.204724 
vn 0 0.976378 0.204724 
vn 0 0.976378 -0.204724 
vn 0 0.976378 -0.204724 
vn 0 0.976378 -0.204724 
vn 0 0.795276 0.606299 
vn 0 0.787402 0.614173 
vn 0 0.795276 -0.606299 
vn 0 0.787402 -0.614173 
vn 0 0.96063 -0.283465 
vn 0 0.96063 0.283465 
vn 0 0.976378 0.204724 
vn 0 0.976378 -0.204724 
vn 0 0.330709 -0.944882 
vn 0 0.330709 -0.944882 
vn 0 0.330709 -0.944882 
vn 0 -0.622047 -0.787402 
vn 0 -0.622047 -0.787402 
vn 0 -0.622047 -0.787402 
vn 0 -0.519685 -0.850394 
vn 0 -0.519685 -0.850394 
vn 0 -0.519685 -0.850394 
vn 0 -0.102362 -0.992126 
vn 0 -0.102362 -0.992126 
vn 0 -0.102362 -0.992126 
vn 0 -0.519685 -0.858268 
vn 0 -0.519685 -0.858268 
vn 0 -0.519685 -0.858268 
vn 0 -0.614173 -0.787402 
vn 0 -0.614173 -0.787402 
vn 0 -0.614173 -0.787402 
vn 0 0.677165 -0.732283 
vn 0 0.677165 -0.732283 
vn 0 0.677165 -0.732283 
vn 0 0.19685 -0.976378 
vn 0 0.19685 -0.976378 
vn 0 0.19685 -0.976378 
vn 0 0.283465 -0.96063 
vn 0 0.283465 -0.96063 
vn 0 0.283465 -0.96063 
vn 0 0.614173 -0.787402 
vn 0 0.614173 -0.787402 
vn 0 0.614173 -0.787402 
vn 0 -0.19685 -0.976378 
vn 0 -0.19685 -0.976378 
vn 0 -0.19685 -0.976378 
vn 0 -0.283465 -0.96063 
vn 0 -0.283465 -0.96063 
vn 0 -0.283465 -0.96063 
vn 0 0.645669 -0.76378 
vn 0 0.645669 -0.76378 
vn 0 0.645669 -0.76378 
vn 0 -0.519685 -0.850394 
vn 0 0.677165 -0.732283 
vn 0 -0.622047 -0.787402 
vn 0 0.614173 -0.787402 
vn 0 0.330709 -0.944882 
vn 0 -0.519685 -0.858268 
vn 0 -0.102362 -0.992126 
vn 0 -0.614173 -0.787402 
vn 0 0.283465 -0.96063 
vn 0 0.19685 -0.976378 
vn 0 -0.19685 -0.976378 
vn 0 0.645669 -0.76378 
vn 0 -0.283465 -0.96063 
vn 1 0 0 
vn 1 0 0 
vn 1 0 0 
vn 1 0 0 
vn 1 0 0 
vn 1 0 0 
vn 1 0 0 
vn 1 0 0 
vn 1 0 0 
vn 1 0 0 
vn 1 0 0 
vn 1 0 0 
vn 1 0 0 
vn 1 0 0 
vn 1 0 0 
vn 1 0 0 
vn 1 0 0 
vn 1 0 0 
vn 1 0 0 
vn 1 0 0 
vn 1 0 0 
vn 1 0 0 
vn 1 0 0 
vn 1 0 0 
vn 1 0 0 
vn 1 0 0 
vn 1 0 0 
vn 1 0 0 
vn 1 0 0 
vn 1 0 0 
vn 1 0 0 
vn 1 0 0 
vn 1 0 0 
vn 1 0 0 
vn 1 0 0 
vn 1 0 0 
vn 1 0 0 
vn 1 0 0 
vn 1 0 0 
vn 1 0 0 
vn 1 0 0 
vn 1 0 0 
vn 1 0 0 
vn 1 0 0 
vn 1 0 0 
vn 1 0 0 
vn 1 0 0 
vn 1 0 0 
vn 1 0 0 
vn 1 0 0 
vn 1 0 0 
vn 1 0 0 
vn 0 -0.787402 -0.614173 
vn 0 -0.787402 -0.614173 
vn 0 -0.787402 -0.614173 
vn 0 -0.779528 0.622047 
vn 0 -0.779528 0.622047 
vn 0 -0.779528 0.622047 
vn 0 -0.905512 0.433071 
vn 0 -0.905512 0.433071 
vn 0 -0.905512 0.433071 
vn 0 -0.787402 0.614173 
vn 0 -0.787402 0.614173 
vn 0 -0.787402 0.614173 
vn 0 -0.779528 -0.622047 
vn 0 -0.779528 -0.622047 
vn 0 -0.779528 -0.622047 
vn 0 -0.897638 -0.433071 
vn 0 -0.897638 -0.433071 
vn 0 -0.897638 -0.433071 
vn 0 -0.905512 0.425197 
vn 0 -0.905512 0.425197 
vn 0 -0.905512 0.425197 
vn 0 -0.976378 -0.204724 
vn 0 -0.976378 -0.204724 
vn 0 -0.976378 -0.204724 
vn 0 -0.905512 -0.425197 
vn 0 -0.905512 -0.425197 
vn 0 -0.905512 -0.425197 
vn 0 -0.96063 -0.283465 
vn 0 -0.96063 -0.283465 
vn 0 -0.96063 -0.283465 
vn 0 -1 0 
vn 0 -1 0 
vn 0 -1 0 
vn 0 -0.976378 0.204724 
vn 0 -0.976378 0.204724 
vn 0 -0.976378 0.204724 
vn 0 -0.96063 0.283465 
vn 0 -0.96063 0.283465 
vn 0 -0.96063 0.283465 
vn 0 -0.897638 -0.433071 
vn 0 -0.905512 0.433071 
vn 0 -0.787402 -0.614173 
vn 0 -0.905512 -0.425197 
vn 0 -1 0 
vn 0 -0.787402 0.614173 
vn 0 -0.905512 0.425197 
vn 0 -0.96063 0.283465 
vn 0 -0.779528 0.622047 
vn 0 -0.96063 -0.283465 
vn 0 -0.976378 -0.204724 
vn 0 -0.779528 -0.622047 
vn 0 -0.976378 0.204724 
vn 0 -0.102362 0.992126 
vn 0 -0.102362 0.992126 
vn 0 -0.102362 0.992126 
vn 0 -0.519685 0.858268 
vn 0 -0.519685 0.858268 
vn 0 -0.519685 0.858268 
vn 0 -0.614173 0.787402 
vn 0 -0.614173 0.787402 
vn 0 -0.614173 0.787402 
vn 0 0.330709 0.944882 
vn 0 0.330709 0.944882 
vn 0 0.330709 0.944882 
vn 0 -0.622047 0.787402 
vn 0 -0.622047 0.787402 
vn 0 -0.622047 0.787402 
vn 0 -0.519685 0.850394 
vn 0 -0.519685 0.850394 
vn 0 -0.519685 0.850394 
vn 0 0.677165 0.732283 
vn 0 0.677165 0.732283 
vn 0 0.677165 0.732283 
vn 0 -0.19685 0.976378 
vn 0 -0.19685 0.976378 
vn 0 -0.19685 0.976378 
vn 0 -0.283465 0.96063 
vn 0 -0.283465 0.96063 
vn 0 -0.283465 0.96063 
vn 0 0.645669 0.76378 
vn 0 0.645669 0.76378 
vn 0 0.645669 0.76378 
vn 0 0.19685 0.976378 
vn 0 0.19685 0.976378 
vn 0 0.19685 0.976378 
vn 0 0.283465 0.96063 
vn 0 0.283465 0.96063 
vn 0 0.283465 0.96063 
vn 0 0.614173 0.787402 
vn 0 0.614173 0.787402 
vn 0 0.614173 0.787402 
vn 0 -0.519685 0.850394 
vn 0 0.330709 0.944882 
vn 0 -0.519685 0.858268 
vn 0 -0.102362 0.992126 
vn 0 0.614173 0.787402 
vn 0 0.677165 0.732283 
vn 0 -0.622047 0.787402 
vn 0 -0.614173 0.787402 
vn 0 0.645669 0.76378 
vn 0 -0.283465 0.96063 
vn 0 -0.19685 0.976378 
vn 0 0.283465 0.96063 
vn 0 0.19685 0.976378 

vt 38.304 -29.1537 
vt 38.2601 -29.1274 
vt 38.2826 -29.164 
vt 38.279 -29.1129 
vt 38.3529 -29.058 
vt 38.2338 -29.1067 
vt 38.2561 -29.1349 
vt 37.6471 -29.058 
vt 37.7439 -29.1349 
vt 37.7662 -29.1067 
vt 37.721 -29.1129 
vt 37.696 -29.1537 
vt 37.7399 -29.1274 
vt 37.7174 -29.164 
vt 37.666 -29.0029 
vt 37.7632 -29.1284 
vt 37.7995 -29.1 
vt 38.3176 -29.0161 
vt 38.2005 -29.1 
vt 38.334 -29.0029 
vt 38.2977 -28.9745 
vt 38.2368 -29.1284 
vt 37.9285 -29.0772 
vt 37.8066 -28.887 
vt 37.868 -29.0953 
vt 37.6824 -29.0161 
vt 37.7023 -28.9745 
vt 37.8671 -28.8688 
vt 38.2006 -29.132 
vt 38.1298 -29.0507 
vt 38.1153 -29.0915 
vt 38.2231 -29.095 
vt 37.9394 -29.0462 
vt 38.0557 -29.0935 
vt 38.0606 -29.0462 
vt 37.9443 -29.0935 
vt 37.8702 -29.0507 
vt 37.7994 -29.132 
vt 37.8847 -29.0915 
vt 37.7769 -29.095 
vt 38.1934 -28.887 
vt 38.0715 -29.0772 
vt 38.132 -29.0953 
vt 38.1329 -28.8688 
vt 38.137 -28.8505 
vt 38.0179 -29.0778 
vt 38.0881 -29.0923 
vt 38.0667 -28.836 
vt 37.863 -28.8505 
vt 37.9821 -29.0778 
vt 37.9333 -28.836 
vt 37.9119 -29.0923 
vt 37.9138 -29.2977 
vt 38.0862 -29.334 
vt 38.0862 -29.2977 
vt 37.9457 -29.279 
vt 38.0543 -29.279 
vt 38.0543 -29.2601 
vt 38.0543 -28.721 
vt 37.9457 -28.721 
vt 38.0543 -28.7399 
vt 38.0862 -28.666 
vt 37.9138 -28.7023 
vt 38.0862 -28.7023 
vt 38.118 -28.8066 
vt 37.882 -28.8066 
vt 38.118 -28.8671 
vt 37.882 -29.1934 
vt 38.118 -29.1934 
vt 38.118 -29.1329 
vt 37.866 -29.137 
vt 38.134 -29.137 
vt 38.134 -29.0667 
vt 38.134 -28.863 
vt 37.866 -28.863 
vt 38.134 -28.9333 
vt 37.9457 -28.7399 
vt 37.9138 -29.334 
vt 37.9457 -29.2601 
vt 37.9138 -28.666 
vt 37.882 -28.8671 
vt 37.882 -29.1329 
vt 37.866 -29.0667 
vt 37.866 -28.9333 
vt 38.1194 -29.0507 
vt 37.8806 -29.0507 
vt 37.8806 -29.0915 
vt 38.0672 -29.1067 
vt 37.9328 -29.1067 
vt 37.9328 -29.1349 
vt 38.0543 -29.1274 
vt 37.9457 -29.1274 
vt 37.9457 -29.164 
vt 38.141 -29.0935 
vt 37.859 -29.0462 
vt 37.859 -29.0935 
vt 38.1194 -29.132 
vt 37.8806 -29.095 
vt 37.8806 -29.132 
vt 38.0862 -29.1284 
vt 37.9138 -29.0029 
vt 37.9138 -29.1284 
vt 38.0672 -29.0161 
vt 37.9328 -29.0161 
vt 37.9328 -29.1067 
vt 38.134 -28.836 
vt 37.866 -28.836 
vt 37.866 -29.0778 
vt 38.118 -28.8688 
vt 37.882 -28.8688 
vt 37.882 -29.0772 
vt 38.0862 -28.9745 
vt 37.9138 -28.9745 
vt 37.9138 -29.1 
vt 38.134 -29.0923 
vt 37.866 -28.8505 
vt 37.866 -29.0923 
vt 38.118 -29.0953 
vt 37.882 -28.887 
vt 37.882 -29.0953 
vt 37.9328 -29.058 
vt 38.0672 -29.0161 
vt 37.9328 -29.0161 
vt 38.0543 -29.164 
vt 38.0672 -29.1067 
vt 38.0672 -29.1349 
vt 38.0862 -29.1 
vt 38.1194 -29.0915 
vt 38.1194 -29.095 
vt 38.141 -29.0462 
vt 38.0862 -29.0029 
vt 38.118 -29.0772 
vt 38.134 -29.0778 
vt 38.134 -28.8505 
vt 38.0672 -29.058 
vt 38.118 -28.887 
vt 38.0557 -29.0935 
vt 37.9394 -29.0462 
vt 37.9443 -29.0935 
vt 37.7994 -29.132 
vt 37.8847 -29.0915 
vt 37.8702 -29.0507 
vt 37.7769 -29.095 
vt 38.0606 -29.0462 
vt 38.2006 -29.132 
vt 38.1298 -29.0507 
vt 38.1153 -29.0915 
vt 38.2231 -29.095 
vt 38.1934 -28.887 
vt 38.0715 -29.0772 
vt 38.132 -29.0953 
vt 37.9821 -29.0778 
vt 37.863 -28.8505 
vt 37.9119 -29.0923 
vt 37.9333 -28.836 
vt 37.8066 -28.887 
vt 37.9285 -29.0772 
vt 37.8671 -28.8688 
vt 38.0179 -29.0778 
vt 38.137 -28.8505 
vt 38.0667 -28.836 
vt 38.0881 -29.0923 
vt 38.1329 -28.8688 
vt 37.868 -29.0953 
vt 37.7662 -29.1067 
vt 37.6471 -29.058 
vt 37.7439 -29.1349 
vt 37.7399 -29.1274 
vt 37.696 -29.1537 
vt 37.7174 -29.164 
vt 37.721 -29.1129 
vt 38.3529 -29.058 
vt 38.2338 -29.1067 
vt 38.2561 -29.1349 
vt 38.2601 -29.1274 
vt 38.304 -29.1537 
vt 38.279 -29.1129 
vt 38.2826 -29.164 
vt 38.334 -29.0029 
vt 38.2005 -29.1 
vt 38.2368 -29.1284 
vt 37.666 -29.0029 
vt 37.7995 -29.1 
vt 37.7023 -28.9745 
vt 37.6824 -29.0161 
vt 37.7632 -29.1284 
vt 38.2977 -28.9745 
vt 38.3176 -29.0161 
vt 37.9138 -29.2368 
vt 38.0862 -29.2005 
vt 37.9138 -29.2005 
vt 38.0672 -29.2561 
vt 37.9328 -29.2561 
vt 37.9328 -29.3529 
vt 38.0543 -29.2826 
vt 37.9457 -29.2826 
vt 37.9457 -29.304 
vt 38.0862 -28.7995 
vt 37.9138 -28.7632 
vt 37.9138 -28.7995 
vt 38.0672 -28.7439 
vt 37.9328 -28.6471 
vt 37.9328 -28.7439 
vt 38.0543 -28.7174 
vt 37.9457 -28.696 
vt 37.9457 -28.7174 
vt 38.1194 -28.8847 
vt 37.8806 -28.7994 
vt 37.8806 -28.8847 
vt 37.866 -29.0881 
vt 38.134 -29.0179 
vt 37.866 -29.0179 
vt 37.8806 -29.2006 
vt 38.1194 -29.1153 
vt 37.8806 -29.1153 
vt 37.882 -29.132 
vt 38.118 -29.0715 
vt 37.882 -29.0715 
vt 38.141 -29.0557 
vt 37.859 -28.9443 
vt 37.859 -29.0557 
vt 38.134 -28.9821 
vt 37.866 -28.9119 
vt 37.866 -28.9821 
vt 38.118 -28.9285 
vt 37.882 -28.868 
vt 37.882 -28.9285 
vt 38.0543 -28.696 
vt 38.0543 -29.304 
vt 38.0862 -29.2368 
vt 38.1194 -29.2006 
vt 38.141 -28.9443 
vt 38.0862 -28.7632 
vt 38.1194 -28.7994 
vt 38.118 -28.868 
vt 38.0672 -29.3529 
vt 38.118 -29.132 
vt 38.134 -29.0881 
vt 38.0672 -28.6471 
vt 38.134 -28.9119 
vt 37.859 -29.0462 
vt 38.141 -29.0935 
vt 38.141 -29.0462 
vt 38.1194 -29.095 
vt 37.8806 -29.132 
vt 38.1194 -29.132 
vt 38.0862 -29.0029 
vt 37.9138 -29.1284 
vt 38.0862 -29.1284 
vt 37.8806 -29.0507 
vt 38.1194 -29.0915 
vt 38.1194 -29.0507 
vt 37.9328 -29.1067 
vt 38.0672 -29.1349 
vt 38.0672 -29.1067 
vt 37.9457 -29.1274 
vt 38.0543 -29.164 
vt 38.0543 -29.1274 
vt 37.9328 -29.0161 
vt 38.0672 -29.1067 
vt 38.0672 -29.0161 
vt 38.134 -28.8505 
vt 37.866 -29.0923 
vt 38.134 -29.0923 
vt 38.118 -28.887 
vt 37.882 -29.0953 
vt 38.118 -29.0953 
vt 37.9328 -29.0161 
vt 38.0672 -29.058 
vt 38.0672 -29.0161 
vt 37.866 -28.836 
vt 38.134 -29.0778 
vt 38.134 -28.836 
vt 37.882 -28.8688 
vt 38.118 -29.0772 
vt 38.118 -28.8688 
vt 37.9138 -28.9745 
vt 38.0862 -29.1 
vt 38.0862 -28.9745 
vt 37.9457 -29.164 
vt 37.8806 -29.0915 
vt 37.8806 -29.095 
vt 37.859 -29.0935 
vt 37.9138 -29.1 
vt 37.9328 -29.1067 
vt 37.9328 -29.1349 
vt 37.9138 -29.0029 
vt 37.9328 -29.058 
vt 37.882 -28.887 
vt 37.866 -28.8505 
vt 37.882 -29.0772 
vt 37.866 -29.0778 

usemtl Cube0041Mtl

f 229/229/229 230/230/230 231/231/231 
f 230/230/230 229/229/229 232/232/232 
f 241/241/241 242/242/242 243/243/243 
f 244/244/244 242/242/242 241/241/241 
f 245/245/245 246/246/246 247/247/247 
f 246/246/246 245/245/245 248/248/248 
f 225/225/225 226/226/226 227/227/227 
f 226/226/226 225/225/225 228/228/228 
f 233/233/233 234/234/234 235/235/235 
f 234/234/234 233/233/233 236/236/236 
f 219/219/219 220/220/220 221/221/221 
f 220/220/220 219/219/219 224/224/224 
f 237/237/237 238/238/238 239/239/239 
f 238/238/238 237/237/237 240/240/240 
f 211/211/211 212/212/212 213/213/213 
f 211/211/211 213/213/213 223/223/223 
f 215/215/215 216/216/216 217/217/217 
f 216/216/216 215/215/215 218/218/218 
f 201/201/201 202/202/202 203/203/203 
f 202/202/202 201/201/201 214/214/214 
f 204/204/204 205/205/205 206/206/206 
f 206/206/206 222/222/222 204/204/204 
f 197/197/197 198/198/198 199/199/199 
f 198/198/198 197/197/197 200/200/200 
f 207/207/207 208/208/208 209/209/209 
f 210/210/210 209/209/209 208/208/208 
f 249/249/249 250/250/250 251/251/251 
f 250/250/250 249/249/249 274/274/274 
f 258/258/258 259/259/259 260/260/260 
f 259/259/259 258/258/258 276/276/276 
f 267/267/267 268/268/268 269/269/269 
f 269/269/269 279/279/279 267/267/267 
f 270/270/270 271/271/271 272/272/272 
f 272/272/272 271/271/271 280/280/280 
f 261/261/261 262/262/262 263/263/263 
f 263/263/263 262/262/262 277/277/277 
f 264/264/264 265/265/265 266/266/266 
f 266/266/266 278/278/278 264/264/264 
f 252/252/252 253/253/253 254/254/254 
f 254/254/254 275/275/275 252/252/252 
f 255/255/255 256/256/256 257/257/257 
f 257/257/257 256/256/256 273/273/273 
f 317/317/317 318/318/318 319/319/319 
f 318/318/318 317/317/317 331/331/331 
f 296/296/296 297/297/297 298/298/298 
f 297/297/297 296/296/296 327/327/327 
f 293/293/293 294/294/294 295/295/295 
f 294/294/294 293/293/293 325/325/325 
f 314/314/314 315/315/315 316/316/316 
f 315/315/315 314/314/314 332/332/332 
f 311/311/311 312/312/312 313/313/313 
f 312/312/312 311/311/311 330/330/330 
f 290/290/290 291/291/291 292/292/292 
f 291/291/291 290/290/290 326/326/326 
f 302/302/302 303/303/303 304/304/304 
f 302/302/302 304/304/304 329/329/329 
f 305/305/305 306/306/306 307/307/307 
f 305/305/305 307/307/307 328/328/328 
f 281/281/281 282/282/282 283/283/283 
f 281/281/281 283/283/283 324/324/324 
f 284/284/284 285/285/285 286/286/286 
f 284/284/284 286/286/286 322/322/322 
f 287/287/287 288/288/288 289/289/289 
f 287/287/287 289/289/289 320/320/320 
f 308/308/308 309/309/309 310/310/310 
f 308/308/308 310/310/310 323/323/323 
f 299/299/299 300/300/300 301/301/301 
f 299/299/299 301/301/301 321/321/321 
f 333/333/333 334/334/334 335/335/335 
f 334/334/334 333/333/333 340/340/340 
f 348/348/348 349/349/349 350/350/350 
f 349/349/349 348/348/348 351/351/351 
f 355/355/355 356/356/356 357/357/357 
f 356/356/356 355/355/355 358/358/358 
f 336/336/336 337/337/337 338/338/338 
f 338/338/338 339/339/339 336/336/336 
f 341/341/341 342/342/342 343/343/343 
f 344/344/344 342/342/342 341/341/341 
f 345/345/345 346/346/346 347/347/347 
f 346/346/346 345/345/345 359/359/359 
f 352/352/352 353/353/353 354/354/354 
f 353/353/353 352/352/352 360/360/360 
f 375/375/375 376/376/376 377/377/377 
f 376/376/376 375/375/375 383/383/383 
f 378/378/378 379/379/379 380/380/380 
f 379/379/379 378/378/378 382/382/382 
f 361/361/361 362/362/362 363/363/363 
f 362/362/362 361/361/361 381/381/381 
f 368/368/368 369/369/369 370/370/370 
f 369/369/369 368/368/368 384/384/384 
f 364/364/364 365/365/365 366/366/366 
f 365/365/365 364/364/364 367/367/367 
f 371/371/371 372/372/372 373/373/373 
f 372/372/372 371/371/371 374/374/374 
f 388/388/388 389/389/389 390/390/390 
f 432/432/432 388/388/388 390/390/390 
f 397/397/397 398/398/398 399/399/399 
f 435/435/435 398/398/398 397/397/397 
f 391/391/391 392/392/392 393/393/393 
f 393/393/393 425/425/425 391/391/391 
f 400/400/400 401/401/401 402/402/402 
f 424/424/424 401/401/401 400/400/400 
f 415/415/415 416/416/416 417/417/417 
f 428/428/428 416/416/416 415/415/415 
f 406/406/406 407/407/407 408/408/408 
f 407/407/407 406/406/406 434/434/434 
f 418/418/418 419/419/419 420/420/420 
f 436/436/436 419/419/419 418/418/418 
f 412/412/412 413/413/413 414/414/414 
f 413/413/413 412/412/412 433/433/433 
f 421/421/421 422/422/422 423/423/423 
f 431/431/431 422/422/422 421/421/421 
f 403/403/403 404/404/404 405/405/405 
f 430/430/430 404/404/404 403/403/403 
f 409/409/409 410/410/410 411/411/411 
f 410/410/410 409/409/409 427/427/427 
f 385/385/385 386/386/386 387/387/387 
f 386/386/386 385/385/385 426/426/426 
f 394/394/394 395/395/395 396/396/396 
f 429/429/429 395/395/395 394/394/394 
f 464/464/464 465/465/465 466/466/466 
f 465/465/465 464/464/464 484/484/484 
f 443/443/443 444/444/444 445/445/445 
f 443/443/443 483/483/483 444/444/444 
f 440/440/440 441/441/441 442/442/442 
f 440/440/440 478/478/478 441/441/441 
f 461/461/461 462/462/462 463/463/463 
f 461/461/461 485/485/485 462/462/462 
f 458/458/458 459/459/459 460/460/460 
f 458/458/458 486/486/486 459/459/459 
f 437/437/437 438/438/438 439/439/439 
f 438/438/438 437/437/437 479/479/479 
f 467/467/467 468/468/468 469/469/469 
f 468/468/468 467/467/467 488/488/488 
f 470/470/470 471/471/471 472/472/472 
f 471/471/471 470/470/470 487/487/487 
f 446/446/446 447/447/447 448/448/448 
f 447/447/447 446/446/446 477/477/477 
f 449/449/449 450/450/450 451/451/451 
f 450/450/450 449/449/449 482/482/482 
f 452/452/452 453/453/453 454/454/454 
f 453/453/453 452/452/452 476/476/476 
f 473/473/473 474/474/474 475/475/475 
f 474/474/474 473/473/473 480/480/480 
f 455/455/455 456/456/456 457/457/457 
f 456/456/456 455/455/455 481/481/481 

g Cube1

v 0.357415 2.28269 1.24759 
v 0.357415 3.53892 0.568612 
v 0.357415 2.18069 0.983966 
v 0.357415 3.62057 0.8534 
v 0.280744 3.37942 0.520821 
v 0.280744 3.48836 0.784382 
v 0.280744 3.83852 0.661892 
v 0.280744 3.74665 0.374633 
v 0.20404 3.60066 0.122566 
v 0.20404 3.68419 0.61828 
v 0.20404 4.59798 0.453538 
v 0.357415 2.45674 -1.70104 
v 0.357415 3.71516 -1.69489 
v 0.357415 2.35474 -1.96466 
v 0.357415 3.73219 -1.39911 
v 0.280744 3.98692 -1.53801 
v 0.280744 3.57007 -1.77658 
v 0.280744 3.61839 -1.49551 
v 0.280744 3.96045 -1.83844 
v 0.20404 3.84595 -1.61449 
v 0.20404 4.76126 -2.01464 
v 0.20404 3.87346 -2.11644 
v -0.0310104 5.41859 2.8826 
v -0.0310103 5.34429 2.79331 
v -0.0310104 5.33161 2.88985 
v -0.0310103 5.43153 2.79064 
v -0.0972966 5.34582 2.60973 
v -0.0972966 5.49942 2.8093 
v -0.0972966 5.49361 2.568 
v -0.0972966 5.34592 2.81407 
v -0.0905343 5.46565 2.32651 
v -0.0905343 5.2211 2.0278 
v -0.0905343 5.32251 2.35914 
v 0.20404 4.70036 -1.4815 
v 0.20404 4.65888 -0.0795992 
v -0.0905343 5.34234 1.945 
v -0.135175 5.31758 2.25466 
v -0.135175 5.54585 2.70336 
v -0.135175 5.49511 2.18297 
v -0.543554 3.53892 0.568612 
v -0.543554 2.18069 0.983966 
v -0.543554 2.28269 1.24759 
v -0.543554 3.62057 0.8534 
v -0.620225 3.37942 0.520821 
v -0.620225 3.83852 0.661892 
v -0.620225 3.74665 0.374633 
v -0.620225 3.48836 0.784382 
v -0.543554 3.71516 -1.69489 
v -0.543554 2.45674 -1.70104 
v -0.543554 3.73219 -1.39911 
v -0.543554 2.35474 -1.96466 
v -0.620225 3.57007 -1.77658 
v -0.620225 3.98692 -1.53801 
v -0.620225 3.96045 -1.83844 
v -0.620225 3.61839 -1.49551 
v -0.69693 4.59798 0.453538 
v -0.69693 3.60066 0.122566 
v -0.69693 3.68419 0.61828 
v -0.69693 4.65888 -0.0795993 
v -0.135175 5.3544 2.70503 
v -0.69693 4.76126 -2.01464 
v -0.69693 3.84595 -1.61449 
v -0.69693 4.70036 -1.4815 
v -0.69693 3.87346 -2.11644 
v -0.395486 5.92563 -1.92886 
v -0.395486 6.38404 -3.04505 
v -0.395486 5.57062 -2.30839 
v -0.286164 6.3744 -2.57096 
v -0.286164 6.95343 -3.32288 
v -0.286164 6.18597 -3.00198 
v -0.286164 7.14187 -2.89186 
v -0.395486 6.73905 -2.66552 
v 0.656103 3.53892 0.568612 
v 0.357415 3.62057 0.8534 
v 0.656103 3.62057 0.8534 
v 0.357415 3.53892 0.568612 
v 0.357415 3.73219 -1.39911 
v 0.656103 3.71516 -1.69489 
v 0.357415 3.71516 -1.69489 
v 0.656103 3.73219 -1.39911 
v 0.732774 3.74665 0.374633 
v 0.280744 3.83852 0.661892 
v 0.732774 3.83852 0.661892 
v 0.20404 4.65888 -0.0795992 
v 0.809478 4.59798 0.453538 
v 0.809478 4.65888 -0.0795992 
v 0.280744 3.74665 0.374633 
v 0.143559 5.43153 2.79064 
v -0.0310104 5.41859 2.8826 
v 0.143559 5.41859 2.8826 
v 0.20404 4.59798 0.453538 
v 0.203083 5.34234 1.945 
v -0.0905343 5.46565 2.32651 
v 0.203083 5.46565 2.32651 
v 0.209845 5.49361 2.568 
v -0.0972966 5.49942 2.8093 
v 0.209845 5.49942 2.8093 
v 0.247723 5.49511 2.18297 
v -0.135175 5.54585 2.70336 
v 0.247723 5.54585 2.70336 
v 0.732774 3.96045 -1.83844 
v 0.280744 3.98692 -1.53801 
v 0.732774 3.98692 -1.53801 
v 0.20404 4.76126 -2.01464 
v 0.809478 4.70036 -1.4815 
v 0.809478 4.76126 -2.01464 
v 0.578021 7.7328 -2.80827 
v 0.663176 7.73734 -2.99198 
v 0.528152 7.87624 -3.05114 
v 0.442996 7.8717 -2.86743 
v 1.16906 7.93004 -2.49426 
v 1.21232 8.0067 -2.76595 
v 1.10035 8.00073 -2.52437 
v 1.28104 7.93601 -2.73584 
v 0.280744 3.96045 -1.83844 
v 0.20404 4.70036 -1.4815 
v 0.508035 6.38404 -3.04505 
v -0.395486 6.38404 -3.04505 
v 0.508035 6.73905 -2.66552 
v 0.398713 6.95343 -3.32288 
v -0.286164 7.14187 -2.89186 
v 0.398713 7.14187 -2.89186 
v 0.528152 7.87624 -3.05114 
v 0.31834 7.72435 -2.92885 
v 0.442996 7.8717 -2.86743 
v 0.403496 7.72889 -3.11256 
v 0.349683 7.94137 -2.87379 
v 0.550323 8.05214 -3.07168 
v 0.461662 7.94734 -3.11537 
v 1.30117 8.23811 -2.42541 
v 1.33139 8.32819 -2.70281 
v 1.21941 8.32221 -2.46123 
v 1.41315 8.24408 -2.66699 
v 1.30278 8.42076 -2.42015 
v 1.41476 8.42673 -2.66173 
v 1.31717 8.52711 -2.70448 
v 1.2052 8.52114 -2.4629 
v 1.28658 8.61734 -2.4228 
v 1.39856 8.62331 -2.66438 
v 1.30098 8.72369 -2.70713 
v 1.189 8.71772 -2.46555 
v 1.10761 8.62152 -2.50565 
v 1.30098 8.72369 -2.70713 
v 1.21959 8.62749 -2.74723 
v 1.10761 8.62152 -2.50565 
v 1.21959 8.62749 -2.74723 
v 1.12201 8.72787 -2.78998 
v 1.189 8.71772 -2.46555 
v 1.01003 8.7219 -2.54841 
v 1.12201 8.72787 -2.78998 
v 0.926657 8.62335 -2.58949 
v 1.01003 8.7219 -2.54841 
v 0.926657 8.62335 -2.58949 
v 0.956872 8.71343 -2.86689 
v 0.844893 8.70746 -2.62531 
v 0.644067 8.47009 -2.72426 
v 0.956872 8.71343 -2.86689 
v 0.756046 8.47606 -2.96584 
v 0.687327 8.54675 -2.99595 
v 0.644067 8.47009 -2.72426 
v 0.756046 8.47606 -2.96584 
v 0.844893 8.70746 -2.62531 
v 1.03864 8.62933 -2.83107 
v 1.03864 8.62933 -2.83107 
v 0.575348 8.54077 -2.75437 
v 0.438344 8.04617 -2.8301 
v 0.35658 8.13028 -2.86592 
v 0.53208 8.21133 -3.0762 
v 0.468559 8.13625 -3.1075 
v 0.420101 8.20536 -2.83462 
v 0.687327 8.54675 -2.99595 
v 0.351382 8.27605 -2.86473 
v 0.575348 8.54077 -2.75437 
v 0.463361 8.28202 -3.10631 
v -0.0310103 5.43153 2.79064 
v -0.168196 3.74665 0.374633 
v -0.620225 3.74665 0.374633 
v -0.168196 3.83852 0.661892 
v -0.091491 4.65888 -0.0795992 
v -0.69693 4.59798 0.453538 
v -0.091491 4.59798 0.453538 
v -0.0905343 5.34234 1.945 
v -0.0972966 5.49361 2.568 
v -0.135175 5.49511 2.18297 
v -0.244866 3.71516 -1.69489 
v -0.543554 3.71516 -1.69489 
v -0.244866 3.73219 -1.39911 
v -0.244866 3.62057 0.8534 
v -0.543554 3.53892 0.568612 
v -0.543554 3.62057 0.8534 
v -0.244866 3.53892 0.568612 
v -0.543554 3.73219 -1.39911 
v -0.620225 3.83852 0.661892 
v -0.69693 4.65888 -0.0795993 
v -0.168195 3.98692 -1.53801 
v -0.620225 3.96045 -1.83844 
v -0.620225 3.98692 -1.53801 
v -0.0914909 4.76126 -2.01464 
v -0.69693 4.70036 -1.4815 
v -0.0914909 4.70036 -1.4815 
v -0.395486 6.73905 -2.66552 
v -0.286164 6.95343 -3.32288 
v -0.205791 7.72435 -2.92885 
v -0.415603 7.87624 -3.05114 
v -0.330447 7.8717 -2.86743 
v -0.290947 7.72889 -3.11256 
v -0.168195 3.96045 -1.83844 
v -0.69693 4.76126 -2.01464 
v -0.415603 7.87624 -3.05114 
v -0.550627 7.73734 -2.99198 
v -0.465471 7.7328 -2.80827 
v -0.330447 7.8717 -2.86743 
v -1.09978 8.0067 -2.76595 
v -1.05652 7.93004 -2.49426 
v -0.987797 8.00073 -2.52437 
v -1.16849 7.93601 -2.73584 
v -0.437774 8.05214 -3.07168 
v -0.237134 7.94137 -2.87379 
v -0.349113 7.94734 -3.11537 
v -1.18843 8.72369 -2.70713 
v -0.995062 8.62152 -2.50565 
v -1.10704 8.62749 -2.74723 
v -1.10704 8.62749 -2.74723 
v -0.995062 8.62152 -2.50565 
v -1.00946 8.72787 -2.78998 
v -1.07645 8.71772 -2.46555 
v -0.897478 8.7219 -2.54841 
v -0.814108 8.62335 -2.58949 
v -1.00946 8.72787 -2.78998 
v -0.897478 8.7219 -2.54841 
v -1.18843 8.72369 -2.70713 
v -1.17403 8.61734 -2.4228 
v -1.07645 8.71772 -2.46555 
v -1.21884 8.32819 -2.70281 
v -1.18862 8.23811 -2.42541 
v -1.10686 8.32221 -2.46123 
v -1.3006 8.24408 -2.66699 
v -1.30221 8.42673 -2.66173 
v -1.19023 8.42076 -2.42015 
v -1.20462 8.52711 -2.70448 
v -1.09265 8.52114 -2.4629 
v -1.28601 8.62331 -2.66438 
v -0.844323 8.71343 -2.86689 
v -0.814108 8.62335 -2.58949 
v -0.732344 8.70746 -2.62531 
v -0.325795 8.04617 -2.8301 
v -0.419531 8.21133 -3.0762 
v -0.244031 8.13028 -2.86592 
v -0.35601 8.13625 -3.1075 
v -0.307552 8.20536 -2.83462 
v -0.238833 8.27605 -2.86473 
v -0.574778 8.54675 -2.99595 
v -0.462799 8.54077 -2.75437 
v -0.350812 8.28202 -3.10631 
v -0.574778 8.54675 -2.99595 
v -0.531518 8.47009 -2.72426 
v -0.462799 8.54077 -2.75437 
v -0.844323 8.71343 -2.86689 
v -0.531518 8.47009 -2.72426 
v -0.643497 8.47606 -2.96584 
v -0.643497 8.47606 -2.96584 
v -0.732344 8.70746 -2.62531 
v -0.926087 8.62933 -2.83107 
v -0.926087 8.62933 -2.83107 
v 0.656103 3.53892 0.568612 
v 0.656103 2.18069 0.983966 
v 0.357415 3.53892 0.568612 
v 0.280744 3.37942 0.520821 
v 0.732774 3.74665 0.374633 
v 0.732774 3.37942 0.520821 
v 0.357415 2.18069 0.983966 
v 0.280744 3.74665 0.374633 
v 0.20404 3.60066 0.122566 
v 0.809478 4.65888 -0.0795992 
v 0.809478 3.60066 0.122566 
v 0.656103 3.71516 -1.69489 
v 0.656103 2.35474 -1.96466 
v 0.357415 3.71516 -1.69489 
v 0.280744 3.57007 -1.77658 
v 0.732774 3.96045 -1.83844 
v 0.732774 3.57007 -1.77658 
v 0.357415 2.35474 -1.96466 
v 0.280744 3.96045 -1.83844 
v 0.20404 3.87346 -2.11644 
v 0.809478 4.76126 -2.01464 
v 0.809479 3.87346 -2.11644 
v -0.135175 5.31758 2.25466 
v 0.247723 5.49511 2.18297 
v 0.247723 5.31758 2.25466 
v -0.0972966 5.34582 2.60973 
v 0.209845 5.49361 2.568 
v 0.209845 5.34582 2.60973 
v 0.203083 5.2211 2.0278 
v -0.0905343 5.34234 1.945 
v 0.203083 5.34234 1.945 
v -0.0310103 5.34429 2.79331 
v 0.143559 5.43153 2.79064 
v 0.143559 5.34429 2.79331 
v 0.20404 4.65888 -0.0795992 
v 0.403496 7.72889 -3.11256 
v 0.663176 7.73734 -2.99198 
v 0.53852 7.59 -3.05341 
v 0.528152 7.87624 -3.05114 
v 0.20404 4.76126 -2.01464 
v -0.0310103 5.43153 2.79064 
v -0.543554 2.18069 0.983966 
v -0.244866 3.53892 0.568612 
v -0.244866 2.18069 0.983966 
v -0.168196 3.37942 0.520821 
v -0.620225 3.74665 0.374633 
v -0.168196 3.74665 0.374633 
v -0.543554 3.53892 0.568612 
v -0.620225 3.37942 0.520821 
v -0.244866 3.71516 -1.69489 
v -0.543554 2.35474 -1.96466 
v -0.543554 3.71516 -1.69489 
v -0.168196 3.57007 -1.77658 
v -0.620225 3.96045 -1.83844 
v -0.168195 3.96045 -1.83844 
v -0.244866 2.35474 -1.96466 
v -0.620225 3.57007 -1.77658 
v -0.69693 4.65888 -0.0795993 
v -0.0914911 3.60066 0.122566 
v -0.69693 3.60066 0.122566 
v -0.0905343 5.2211 2.0278 
v -0.0972966 5.49361 2.568 
v -0.135175 5.49511 2.18297 
v -0.091491 4.65888 -0.0795992 
v -0.091491 3.87346 -2.11644 
v -0.69693 4.76126 -2.01464 
v -0.0914909 4.76126 -2.01464 
v -0.290947 7.72889 -3.11256 
v -0.550627 7.73734 -2.99198 
v -0.415603 7.87624 -3.05114 
v -0.425971 7.59 -3.05341 
v -0.69693 3.87346 -2.11644 
v 0.732774 3.37942 0.520821 
v 0.732774 3.83852 0.661892 
v 0.732774 3.48836 0.784382 
v 0.732774 3.74665 0.374633 
v 0.656103 3.62057 0.8534 
v 0.656103 2.28269 1.24759 
v 0.656103 3.53892 0.568612 
v 0.656103 2.18069 0.983966 
v 0.809478 3.60066 0.122566 
v 0.809478 4.59798 0.453538 
v 0.809478 3.68419 0.61828 
v 0.732774 3.57007 -1.77658 
v 0.732774 3.98692 -1.53801 
v 0.732774 3.61839 -1.49551 
v 0.732774 3.96045 -1.83844 
v 0.656103 3.73219 -1.39911 
v 0.656103 2.45674 -1.70104 
v 0.656103 3.71516 -1.69489 
v 0.656103 2.35474 -1.96466 
v 0.809478 4.76126 -2.01464 
v 0.809479 3.84595 -1.61449 
v 0.809479 3.87346 -2.11644 
v 0.809478 4.65888 -0.0795992 
v 0.809478 4.70036 -1.4815 
v 0.247723 5.54585 2.70336 
v 0.247723 5.31758 2.25466 
v 0.247723 5.49511 2.18297 
v 0.247723 5.3544 2.70503 
v 0.508035 5.57062 -2.30839 
v 0.508035 6.38404 -3.04505 
v 0.508035 5.92563 -1.92886 
v 0.508035 6.73905 -2.66552 
v 0.398713 6.18597 -3.00198 
v 0.398713 6.95343 -3.32288 
v 0.398713 6.3744 -2.57096 
v 0.398713 7.14187 -2.89186 
v 0.209845 5.34582 2.60973 
v 0.209845 5.49942 2.8093 
v 0.209845 5.34592 2.81407 
v -0.168196 3.37942 0.520821 
v -0.168196 3.83852 0.661892 
v -0.168196 3.48836 0.784382 
v -0.168196 3.74665 0.374633 
v -0.244866 3.53892 0.568612 
v -0.244866 2.28269 1.24759 
v -0.244866 2.18069 0.983966 
v -0.244866 3.62057 0.8534 
v -0.244866 2.45674 -1.70104 
v -0.244866 3.71516 -1.69489 
v -0.244866 3.73219 -1.39911 
v -0.168195 3.98692 -1.53801 
v -0.168196 3.57007 -1.77658 
v -0.168195 3.96045 -1.83844 
v -0.168196 3.61839 -1.49551 
v -0.244866 2.35474 -1.96466 
v -0.0914911 3.60066 0.122566 
v -0.091491 4.59798 0.453538 
v -0.0914911 3.68419 0.61828 
v 0.203083 5.2211 2.0278 
v 0.203083 5.46565 2.32651 
v 0.203083 5.32251 2.35914 
v 0.209845 5.49361 2.568 
v 0.143559 5.34429 2.79331 
v 0.143559 5.41859 2.8826 
v 0.143559 5.33161 2.88985 
v 0.143559 5.43153 2.79064 
v 0.203083 5.34234 1.945 
v -0.091491 3.84595 -1.61449 
v -0.0914909 4.76126 -2.01464 
v -0.0914909 4.70036 -1.4815 
v -0.091491 3.87346 -2.11644 
v -0.091491 4.65888 -0.0795992 
v 0.357415 2.18069 0.983966 
v 0.656103 2.18069 0.983966 
v 0.656103 2.28269 1.24759 
v 0.357415 2.35474 -1.96466 
v 0.656103 2.35474 -1.96466 
v 0.656103 2.45674 -1.70104 
v 0.280744 3.37942 0.520821 
v 0.732774 3.37942 0.520821 
v 0.732774 3.48836 0.784382 
v 0.20404 3.68419 0.61828 
v 0.809478 3.60066 0.122566 
v 0.809478 3.68419 0.61828 
v 0.280744 3.57007 -1.77658 
v 0.732774 3.57007 -1.77658 
v 0.732774 3.61839 -1.49551 
v 0.357415 2.45674 -1.70104 
v 0.357415 2.28269 1.24759 
v 0.280744 3.48836 0.784382 
v 0.280744 3.61839 -1.49551 
v 0.20404 3.60066 0.122566 
v 0.20404 3.84595 -1.61449 
v 0.20404 3.87346 -2.11644 
v 0.809479 3.84595 -1.61449 
v 0.809479 3.87346 -2.11644 
v 0.843075 7.751 -2.94343 
v 0.642435 7.64023 -2.74553 
v 0.754414 7.6462 -2.98711 
v 0.642435 7.64023 -2.74553 
v 0.65683 7.74658 -3.02986 
v 0.754414 7.6462 -2.98711 
v 0.453365 7.58546 -2.8697 
v 0.663176 7.73734 -2.99198 
v 0.578021 7.7328 -2.80827 
v 1.05708 7.67129 -2.8462 
v 0.945099 7.66531 -2.60462 
v 0.988359 7.74197 -2.87631 
v 0.988359 7.74197 -2.87631 
v 0.812859 7.66092 -2.66603 
v 0.924838 7.66689 -2.9076 
v 0.53852 7.59 -3.05341 
v 0.508035 5.92563 -1.92886 
v -0.395486 5.57062 -2.30839 
v 0.508035 5.57062 -2.30839 
v 0.398713 6.3744 -2.57096 
v -0.286164 6.18597 -3.00198 
v 0.398713 6.18597 -3.00198 
v 0.453365 7.58546 -2.8697 
v 0.403496 7.72889 -3.11256 
v 0.53852 7.59 -3.05341 
v 0.31834 7.72435 -2.92885 
v 0.924838 7.66689 -2.9076 
v 0.812859 7.66092 -2.66603 
v 0.843075 7.751 -2.94343 
v 1.10035 8.00073 -2.52437 
v 1.41315 8.24408 -2.66699 
v 1.30117 8.23811 -2.42541 
v 1.41476 8.42673 -2.66173 
v 1.21941 8.32221 -2.46123 
v 1.33139 8.32819 -2.70281 
v 1.30278 8.42076 -2.42015 
v 1.2052 8.52114 -2.4629 
v 1.39856 8.62331 -2.66438 
v 1.28658 8.61734 -2.4228 
v 1.31717 8.52711 -2.70448 
v 1.21232 8.0067 -2.76595 
v 0.87638 7.736 -2.63473 
v 0.87638 7.736 -2.63473 
v 1.28104 7.93601 -2.73584 
v 0.945099 7.66531 -2.60462 
v 1.05708 7.67129 -2.8462 
v 1.16906 7.93004 -2.49426 
v 0.731096 7.74503 -2.70185 
v 0.731096 7.74503 -2.70185 
v 0.544851 7.74061 -2.78829 
v 0.544851 7.74061 -2.78829 
v 0.559246 7.84696 -3.07262 
v 0.65683 7.74658 -3.02986 
v 0.447267 7.84099 -2.83104 
v 0.447267 7.84099 -2.83104 
v 0.461662 7.94734 -3.11537 
v 0.559246 7.84696 -3.07262 
v 0.550323 8.05214 -3.07168 
v 0.438344 8.04617 -2.8301 
v 0.468559 8.13625 -3.1075 
v 0.35658 8.13028 -2.86592 
v 0.349683 7.94137 -2.87379 
v 0.53208 8.21133 -3.0762 
v 0.420101 8.20536 -2.83462 
v 0.463361 8.28202 -3.10631 
v 0.351382 8.27605 -2.86473 
v -0.286164 6.3744 -2.57096 
v -0.620225 3.48836 0.784382 
v -0.168196 3.37942 0.520821 
v -0.168196 3.48836 0.784382 
v -0.543554 2.45674 -1.70104 
v -0.244866 2.35474 -1.96466 
v -0.244866 2.45674 -1.70104 
v -0.620225 3.61839 -1.49551 
v -0.168196 3.57007 -1.77658 
v -0.168196 3.61839 -1.49551 
v -0.0914911 3.68419 0.61828 
v -0.69693 3.60066 0.122566 
v -0.0914911 3.60066 0.122566 
v -0.69693 3.84595 -1.61449 
v -0.091491 3.87346 -2.11644 
v -0.091491 3.84595 -1.61449 
v -0.543554 2.28269 1.24759 
v -0.244866 2.18069 0.983966 
v -0.244866 2.28269 1.24759 
v -0.543554 2.18069 0.983966 
v -0.620225 3.37942 0.520821 
v -0.620225 3.57007 -1.77658 
v -0.69693 3.68419 0.61828 
v -0.543554 2.35474 -1.96466 
v -0.395486 5.92563 -1.92886 
v -0.290947 7.72889 -3.11256 
v -0.340816 7.58546 -2.8697 
v -0.425971 7.59 -3.05341 
v -0.340816 7.58546 -2.8697 
v -0.550627 7.73734 -2.99198 
v -0.425971 7.59 -3.05341 
v -0.465471 7.7328 -2.80827 
v -0.205791 7.72435 -2.92885 
v -0.69693 3.87346 -2.11644 
v -0.529886 7.64023 -2.74553 
v -0.730525 7.751 -2.94343 
v -0.641864 7.6462 -2.98711 
v -0.544281 7.74658 -3.02986 
v -0.529886 7.64023 -2.74553 
v -0.641864 7.6462 -2.98711 
v -0.70031 7.66092 -2.66603 
v -0.875809 7.74197 -2.87631 
v -0.812289 7.66689 -2.9076 
v -0.875809 7.74197 -2.87631 
v -0.832549 7.66531 -2.60462 
v -0.944528 7.67129 -2.8462 
v -0.730525 7.751 -2.94343 
v -0.70031 7.66092 -2.66603 
v -0.812289 7.66689 -2.9076 
v -0.763831 7.736 -2.63473 
v -0.763831 7.736 -2.63473 
v -0.832549 7.66531 -2.60462 
v -1.16849 7.93601 -2.73584 
v -0.944528 7.67129 -2.8462 
v -1.05652 7.93004 -2.49426 
v -0.987797 8.00073 -2.52437 
v -1.3006 8.24408 -2.66699 
v -1.09978 8.0067 -2.76595 
v -1.18862 8.23811 -2.42541 
v -1.30221 8.42673 -2.66173 
v -1.10686 8.32221 -2.46123 
v -1.19023 8.42076 -2.42015 
v -1.21884 8.32819 -2.70281 
v -1.09265 8.52114 -2.4629 
v -1.28601 8.62331 -2.66438 
v -1.20462 8.52711 -2.70448 
v -1.17403 8.61734 -2.4228 
v -0.618547 7.74503 -2.70185 
v -0.334718 7.84099 -2.83104 
v -0.349113 7.94734 -3.11537 
v -0.237134 7.94137 -2.87379 
v -0.325795 8.04617 -2.8301 
v -0.437774 8.05214 -3.07168 
v -0.35601 8.13625 -3.1075 
v -0.244031 8.13028 -2.86592 
v -0.350812 8.28202 -3.10631 
v -0.238833 8.27605 -2.86473 
v -0.307552 8.20536 -2.83462 
v -0.419531 8.21133 -3.0762 
v -0.446697 7.84696 -3.07262 
v -0.618547 7.74503 -2.70185 
v -0.432302 7.74061 -2.78829 
v -0.446697 7.84696 -3.07262 
v -0.432302 7.74061 -2.78829 
v -0.544281 7.74658 -3.02986 
v -0.334718 7.84099 -2.83104 
v 1.16906 7.93004 -2.49426 
v 0.87638 7.736 -2.63473 
v 0.945099 7.66531 -2.60462 
v 0.87638 7.736 -2.63473 
v 0.731096 7.74503 -2.70185 
v 0.812859 7.66092 -2.66603 
v 0.794616 7.82011 -2.67055 
v 1.10035 8.00073 -2.52437 
v 0.794616 7.82011 -2.67055 
v 0.87638 7.736 -2.63473 
v 1.10035 8.00073 -2.52437 
v 1.01858 8.08484 -2.56019 
v 1.01858 8.08484 -2.56019 
v 0.697033 7.92049 -2.7133 
v 0.794616 7.82011 -2.67055 
v 0.920999 8.18522 -2.60294 
v 0.599449 8.02087 -2.75605 
v 0.697033 7.92049 -2.7133 
v 0.143559 5.41859 2.8826 
v -0.0310104 5.33161 2.88985 
v 0.143559 5.33161 2.88985 
v 0.209845 5.49942 2.8093 
v -0.0972966 5.34592 2.81407 
v 0.209845 5.34592 2.81407 
v 0.203083 5.46565 2.32651 
v -0.0905343 5.32251 2.35914 
v 0.203083 5.32251 2.35914 
v 0.247723 5.54585 2.70336 
v -0.135175 5.3544 2.70503 
v 0.247723 5.3544 2.70503 
v 0.508035 6.73905 -2.66552 
v -0.395486 5.92563 -1.92886 
v 0.508035 5.92563 -1.92886 
v 0.398713 7.14187 -2.89186 
v -0.286164 6.3744 -2.57096 
v 0.398713 6.3744 -2.57096 
v 0.794616 7.82011 -2.67055 
v 0.633512 7.84541 -2.7446 
v 0.731096 7.74503 -2.70185 
v 0.544851 7.74061 -2.78829 
v 0.731096 7.74503 -2.70185 
v 0.633512 7.84541 -2.7446 
v 0.642435 7.64023 -2.74553 
v 0.633512 7.84541 -2.7446 
v 0.447267 7.84099 -2.83104 
v 0.544851 7.74061 -2.78829 
v 0.697033 7.92049 -2.7133 
v 0.697033 7.92049 -2.7133 
v 0.535928 7.94579 -2.78735 
v 0.633512 7.84541 -2.7446 
v 0.599449 8.02087 -2.75605 
v 0.535928 7.94579 -2.78735 
v 0.535928 7.94579 -2.78735 
v 0.349683 7.94137 -2.87379 
v 0.447267 7.84099 -2.83104 
v 0.31834 7.72435 -2.92885 
v 0.578021 7.7328 -2.80827 
v 0.442996 7.8717 -2.86743 
v 0.453365 7.58546 -2.8697 
v 0.438344 8.04617 -2.8301 
v 0.599449 8.02087 -2.75605 
v 0.438344 8.04617 -2.8301 
v 0.535928 7.94579 -2.78735 
v 0.501865 8.12125 -2.7988 
v 0.920999 8.18522 -2.60294 
v 1.30278 8.42076 -2.42015 
v 1.12183 8.42259 -2.50398 
v 1.21941 8.32221 -2.46123 
v 1.01858 8.08484 -2.56019 
v 1.30117 8.23811 -2.42541 
v 1.21941 8.32221 -2.46123 
v 1.10035 8.00073 -2.52437 
v 1.2052 8.52114 -2.4629 
v 1.28658 8.61734 -2.4228 
v 1.10761 8.62152 -2.50565 
v 1.2052 8.52114 -2.4629 
v 1.189 8.71772 -2.46555 
v 1.2052 8.52114 -2.4629 
v 1.02424 8.52297 -2.54673 
v 1.12183 8.42259 -2.50398 
v 0.920999 8.18522 -2.60294 
v 1.21941 8.32221 -2.46123 
v 1.12183 8.42259 -2.50398 
v 1.01858 8.08484 -2.56019 
v 0.823415 8.2856 -2.64569 
v 1.12183 8.42259 -2.50398 
v 1.02424 8.52297 -2.54673 
v 1.10761 8.62152 -2.50565 
v 1.10761 8.62152 -2.50565 
v 0.926657 8.62335 -2.58949 
v 1.02424 8.52297 -2.54673 
v 1.01003 8.7219 -2.54841 
v 0.920999 8.18522 -2.60294 
v 1.02424 8.52297 -2.54673 
v 0.725831 8.38598 -2.68844 
v 0.823415 8.2856 -2.64569 
v 0.823415 8.2856 -2.64569 
v 0.501865 8.12125 -2.7988 
v 0.823415 8.2856 -2.64569 
v 0.725831 8.38598 -2.68844 
v 0.725831 8.38598 -2.68844 
v 0.926657 8.62335 -2.58949 
v 0.644067 8.47009 -2.72426 
v 0.926657 8.62335 -2.58949 
v 0.844893 8.70746 -2.62531 
v 0.599449 8.02087 -2.75605 
v 0.501865 8.12125 -2.7988 
v 0.725831 8.38598 -2.68844 
v 0.420101 8.20536 -2.83462 
v 0.35658 8.13028 -2.86592 
v 0.438344 8.04617 -2.8301 
v 0.501865 8.12125 -2.7988 
v 0.420101 8.20536 -2.83462 
v 0.420101 8.20536 -2.83462 
v 0.644067 8.47009 -2.72426 
v 0.351382 8.27605 -2.86473 
v 0.644067 8.47009 -2.72426 
v 0.575348 8.54077 -2.75437 
v -0.0310104 5.41859 2.8826 
v -0.0972966 5.49942 2.8093 
v -0.135175 5.54585 2.70336 
v -0.0905343 5.46565 2.32651 
v -0.395486 6.73905 -2.66552 
v -0.4869 8.02087 -2.75605 
v -0.80845 8.18522 -2.60294 
v -0.584484 7.92049 -2.7133 
v -0.520963 7.84541 -2.7446 
v -0.682067 7.82011 -2.67055 
v -0.618547 7.74503 -2.70185 
v -0.618547 7.74503 -2.70185 
v -0.682067 7.82011 -2.67055 
v -0.763831 7.736 -2.63473 
v -1.05652 7.93004 -2.49426 
v -0.832549 7.66531 -2.60462 
v -0.763831 7.736 -2.63473 
v -0.987797 8.00073 -2.52437 
v -0.763831 7.736 -2.63473 
v -0.682067 7.82011 -2.67055 
v -0.70031 7.66092 -2.66603 
v -0.987797 8.00073 -2.52437 
v -0.906033 8.08484 -2.56019 
v -0.584484 7.92049 -2.7133 
v -0.906033 8.08484 -2.56019 
v -0.682067 7.82011 -2.67055 
v -0.584484 7.92049 -2.7133 
v -0.286164 7.14187 -2.89186 
v -0.205791 7.72435 -2.92885 
v -0.330447 7.8717 -2.86743 
v -0.465471 7.7328 -2.80827 
v -0.340816 7.58546 -2.8697 
v -0.423379 7.94579 -2.78735 
v -0.334718 7.84099 -2.83104 
v -0.237134 7.94137 -2.87379 
v -0.4869 8.02087 -2.75605 
v -0.325795 8.04617 -2.8301 
v -0.389315 8.12125 -2.7988 
v -0.325795 8.04617 -2.8301 
v -0.423379 7.94579 -2.78735 
v -0.432302 7.74061 -2.78829 
v -0.520963 7.84541 -2.7446 
v -0.618547 7.74503 -2.70185 
v -0.529886 7.64023 -2.74553 
v -0.520963 7.84541 -2.7446 
v -0.432302 7.74061 -2.78829 
v -0.334718 7.84099 -2.83104 
v -0.423379 7.94579 -2.78735 
v -0.423379 7.94579 -2.78735 
v -0.584484 7.92049 -2.7133 
v -0.520963 7.84541 -2.7446 
v -0.4869 8.02087 -2.75605 
v -0.80845 8.18522 -2.60294 
v -1.10686 8.32221 -2.46123 
v -0.80845 8.18522 -2.60294 
v -1.00928 8.42259 -2.50398 
v -0.906033 8.08484 -2.56019 
v -1.00928 8.42259 -2.50398 
v -0.710866 8.2856 -2.64569 
v -0.911692 8.52297 -2.54673 
v -1.09265 8.52114 -2.4629 
v -0.911692 8.52297 -2.54673 
v -0.995062 8.62152 -2.50565 
v -0.814108 8.62335 -2.58949 
v -0.995062 8.62152 -2.50565 
v -0.911692 8.52297 -2.54673 
v -0.897478 8.7219 -2.54841 
v -1.00928 8.42259 -2.50398 
v -1.00928 8.42259 -2.50398 
v -1.19023 8.42076 -2.42015 
v -1.10686 8.32221 -2.46123 
v -0.906033 8.08484 -2.56019 
v -1.10686 8.32221 -2.46123 
v -1.18862 8.23811 -2.42541 
v -0.987797 8.00073 -2.52437 
v -1.09265 8.52114 -2.4629 
v -0.995062 8.62152 -2.50565 
v -1.17403 8.61734 -2.4228 
v -1.09265 8.52114 -2.4629 
v -1.07645 8.71772 -2.46555 
v -0.80845 8.18522 -2.60294 
v -0.307552 8.20536 -2.83462 
v -0.613282 8.38598 -2.68844 
v -0.389315 8.12125 -2.7988 
v -0.244031 8.13028 -2.86592 
v -0.389315 8.12125 -2.7988 
v -0.325795 8.04617 -2.8301 
v -0.307552 8.20536 -2.83462 
v -0.238833 8.27605 -2.86473 
v -0.531518 8.47009 -2.72426 
v -0.307552 8.20536 -2.83462 
v -0.531518 8.47009 -2.72426 
v -0.462799 8.54077 -2.75437 
v -0.389315 8.12125 -2.7988 
v -0.710866 8.2856 -2.64569 
v -0.4869 8.02087 -2.75605 
v -0.613282 8.38598 -2.68844 
v -0.911692 8.52297 -2.54673 
v -0.710866 8.2856 -2.64569 
v -0.710866 8.2856 -2.64569 
v -0.613282 8.38598 -2.68844 
v -0.531518 8.47009 -2.72426 
v -0.814108 8.62335 -2.58949 
v -0.613282 8.38598 -2.68844 
v -0.814108 8.62335 -2.58949 
v -0.732344 8.70746 -2.62531 

vn -1 0 0 
vn -1 0 0 
vn -1 0 0 
vn -1 0 0 
vn -1 0 0 
vn -1 0 0 
vn -1 0 0 
vn -1 0 0 
vn -1 0 0 
vn -1 0 0 
vn -1 0 0 
vn -1 0 0 
vn -1 0 0 
vn -1 0 0 
vn -1 0 0 
vn -1 0 0 
vn -1 0 0 
vn -1 0 0 
vn -1 0 0 
vn -1 0 0 
vn -1 0 0 
vn -1 0 0 
vn -1 0 0 
vn -1 0 0 
vn -1 0 0 
vn -1 0 0 
vn -1 0 0 
vn -1 0 0 
vn -1 0 0 
vn -1 0 0 
vn -1 0 0 
vn -1 0 0 
vn -1 0 0 
vn -1 0 0 
vn -1 0 0 
vn -1 0 0 
vn -1 0 0 
vn -1 0 0 
vn -1 0 0 
vn -1 0 0 
vn -1 0 0 
vn -1 0 0 
vn -1 0 0 
vn -1 0 0 
vn -1 0 0 
vn -1 0 0 
vn -1 0 0 
vn -1 0 0 
vn -1 0 0 
vn -1 0 0 
vn -1 0 0 
vn -1 0 0 
vn -1 0 0 
vn -1 0 0 
vn -1 0 0 
vn -1 0 0 
vn -1 0 0 
vn -1 0 0 
vn -1 0 0 
vn -1 0 0 
vn -1 0 0 
vn -1 0 0 
vn -1 0 0 
vn -1 0 0 
vn -1 0 0 
vn -1 0 0 
vn -1 0 0 
vn -1 0 0 
vn -1 0 0 
vn -1 0 0 
vn -1 0 0 
vn -1 0 0 
vn 0 0.96063 -0.275591 
vn 0 0.96063 -0.275591 
vn 0 0.96063 -0.275591 
vn 0 0.96063 -0.275591 
vn 0 1 -0.0551181 
vn 0 1 -0.0551181 
vn 0 1 -0.0551181 
vn 0 1 -0.0551181 
vn 0 0.952756 -0.307087 
vn 0 0.952756 -0.307087 
vn 0 0.952756 -0.307087 
vn 0 0.992126 0.110236 
vn 0 0.992126 0.110236 
vn 0 0.992126 0.110236 
vn 0 0.952756 -0.307087 
vn 0 0.992126 0.141732 
vn 0 0.992126 0.141732 
vn 0 0.992126 0.141732 
vn 0 0.992126 0.110236 
vn 0 0.952756 -0.307087 
vn 0 0.952756 -0.307087 
vn 0 0.952756 -0.307087 
vn 0 1 -0.023622 
vn 0 1 -0.023622 
vn 0 1 -0.023622 
vn 0 0.992126 -0.0944882 
vn 0 0.992126 -0.0944882 
vn 0 0.992126 -0.0944882 
vn 0 1 -0.0866142 
vn 0 1 -0.0866142 
vn 0 1 -0.0866142 
vn 0 0.992126 0.110236 
vn 0 0.992126 0.110236 
vn 0 0.992126 0.110236 
vn 0.614173 0.724409 0.307087 
vn 0.614173 0.724409 0.307087 
vn 0.614173 0.724409 0.307087 
vn 0.614173 0.724409 0.307087 
vn 0.614173 0.724409 0.307087 
vn 0.614173 0.724409 0.307087 
vn 0.614173 0.724409 0.307087 
vn 0.614173 0.724409 0.307087 
vn 0 1 -0.0866142 
vn 0 0.992126 0.110236 
vn 0 0.732283 -0.685039 
vn 0 0.732283 -0.685039 
vn 0 0.732283 -0.685039 
vn 0 0.913386 -0.401575 
vn 0 0.913386 -0.401575 
vn 0 0.913386 -0.401575 
vn -0.669291 0.685039 -0.291339 
vn -0.669291 0.685039 -0.291339 
vn -0.669291 0.685039 -0.291339 
vn -0.669291 0.685039 -0.291339 
vn -0.669291 0.685039 -0.291339 
vn -0.669291 0.685039 -0.291339 
vn -0.669291 0.685039 -0.291339 
vn 0.614173 0.724409 0.307087 
vn 0.614173 0.724409 0.307087 
vn 0.614173 0.724409 0.307087 
vn 0.614173 0.724409 0.307087 
vn 0.614173 0.724409 0.307087 
vn 0.614173 0.724409 0.307087 
vn 0.614173 0.724409 0.307087 
vn 0.614173 0.724409 0.307087 
vn 0.614173 0.724409 0.307087 
vn 0.614173 0.724409 0.307087 
vn 0.614173 0.724409 0.307087 
vn 0.614173 0.724409 0.307087 
vn -0.669291 0.685039 -0.291339 
vn -0.669291 0.685039 -0.291339 
vn -0.669291 0.685039 -0.291339 
vn 0.614173 0.724409 0.307087 
vn 0.614173 0.724409 0.307087 
vn 0.614173 0.724409 0.307087 
vn -0.669291 0.685039 -0.291339 
vn 0.614173 0.724409 0.307087 
vn -0.669291 0.685039 -0.291339 
vn -0.669291 0.685039 -0.291339 
vn -0.669291 0.685039 -0.291339 
vn 0.614173 0.724409 0.307087 
vn 0.614173 0.724409 0.307087 
vn 0.614173 0.724409 0.307087 
vn -0.669291 0.685039 -0.291339 
vn -0.669291 0.685039 -0.291339 
vn -0.669291 0.685039 -0.291339 
vn 0.614173 0.724409 0.307087 
vn 0.614173 0.724409 0.307087 
vn 0.614173 0.724409 0.307087 
vn -0.669291 0.685039 -0.291339 
vn -0.669291 0.685039 -0.291339 
vn 0.614173 0.724409 0.307087 
vn 0.614173 0.724409 0.307087 
vn -0.669291 0.685039 -0.291339 
vn -0.669291 0.685039 -0.291339 
vn -0.669291 0.685039 -0.291339 
vn -0.669291 0.685039 -0.291339 
vn -0.669291 0.685039 -0.291339 
vn -0.669291 0.685039 -0.291339 
vn -0.669291 0.685039 -0.291339 
vn -0.669291 0.685039 -0.291339 
vn -0.669291 0.685039 -0.291339 
vn 0 0.992126 0.141732 
vn 0 0.952756 -0.307087 
vn 0 0.952756 -0.307087 
vn 0 0.952756 -0.307087 
vn 0 0.992126 0.110236 
vn 0 0.992126 0.110236 
vn 0 0.992126 0.110236 
vn 0 0.952756 -0.307087 
vn 0 1 -0.023622 
vn 0 0.992126 -0.0944882 
vn 0 1 -0.0551181 
vn 0 1 -0.0551181 
vn 0 1 -0.0551181 
vn 0 0.96063 -0.275591 
vn 0 0.96063 -0.275591 
vn 0 0.96063 -0.275591 
vn 0 0.96063 -0.275591 
vn 0 1 -0.0551181 
vn 0 0.952756 -0.307087 
vn 0 0.992126 0.110236 
vn 0 1 -0.0866142 
vn 0 1 -0.0866142 
vn 0 1 -0.0866142 
vn 0 0.992126 0.110236 
vn 0 0.992126 0.110236 
vn 0 0.992126 0.110236 
vn 0 0.732283 -0.685039 
vn 0 0.913386 -0.401575 
vn 0.669291 0.685039 -0.291339 
vn 0.669291 0.685039 -0.291339 
vn 0.669291 0.685039 -0.291339 
vn 0.669291 0.685039 -0.291339 
vn 0 1 -0.0866142 
vn 0 0.992126 0.110236 
vn -0.614173 0.724409 0.307087 
vn -0.614173 0.724409 0.307087 
vn -0.614173 0.724409 0.307087 
vn -0.614173 0.724409 0.307087 
vn -0.614173 0.724409 0.307087 
vn -0.614173 0.724409 0.307087 
vn -0.614173 0.724409 0.307087 
vn -0.614173 0.724409 0.307087 
vn 0.669291 0.685039 -0.291339 
vn 0.669291 0.685039 -0.291339 
vn 0.669291 0.685039 -0.291339 
vn 0.669291 0.685039 -0.291339 
vn 0.669291 0.685039 -0.291339 
vn 0.669291 0.685039 -0.291339 
vn -0.614173 0.724409 0.307087 
vn -0.614173 0.724409 0.307087 
vn -0.614173 0.724409 0.307087 
vn 0.669291 0.685039 -0.291339 
vn -0.614173 0.724409 0.307087 
vn 0.669291 0.685039 -0.291339 
vn 0.669291 0.685039 -0.291339 
vn 0.669291 0.685039 -0.291339 
vn -0.614173 0.724409 0.307087 
vn -0.614173 0.724409 0.307087 
vn -0.614173 0.724409 0.307087 
vn -0.614173 0.724409 0.307087 
vn -0.614173 0.724409 0.307087 
vn -0.614173 0.724409 0.307087 
vn -0.614173 0.724409 0.307087 
vn -0.614173 0.724409 0.307087 
vn -0.614173 0.724409 0.307087 
vn -0.614173 0.724409 0.307087 
vn -0.614173 0.724409 0.307087 
vn -0.614173 0.724409 0.307087 
vn -0.614173 0.724409 0.307087 
vn -0.614173 0.724409 0.307087 
vn -0.614173 0.724409 0.307087 
vn 0.669291 0.685039 -0.291339 
vn 0.669291 0.685039 -0.291339 
vn 0.669291 0.685039 -0.291339 
vn 0.669291 0.685039 -0.291339 
vn 0.669291 0.685039 -0.291339 
vn 0.669291 0.685039 -0.291339 
vn 0.669291 0.685039 -0.291339 
vn 0.669291 0.685039 -0.291339 
vn 0.669291 0.685039 -0.291339 
vn -0.614173 0.724409 0.307087 
vn -0.614173 0.724409 0.307087 
vn -0.614173 0.724409 0.307087 
vn 0.669291 0.685039 -0.291339 
vn 0.669291 0.685039 -0.291339 
vn 0.669291 0.685039 -0.291339 
vn -0.614173 0.724409 0.307087 
vn 0.669291 0.685039 -0.291339 
vn 0.669291 0.685039 -0.291339 
vn -0.614173 0.724409 0.307087 
vn 0 -0.291339 -0.952756 
vn 0 -0.291339 -0.952756 
vn 0 -0.291339 -0.952756 
vn 0 -0.370079 -0.929134 
vn 0 -0.370079 -0.929134 
vn 0 -0.370079 -0.929134 
vn 0 -0.291339 -0.952756 
vn 0 -0.370079 -0.929134 
vn 0 -0.188976 -0.984252 
vn 0 -0.188976 -0.984252 
vn 0 -0.188976 -0.984252 
vn 0 0.19685 -0.984252 
vn 0 0.19685 -0.984252 
vn 0 0.19685 -0.984252 
vn 0 -0.15748 -0.984252 
vn 0 -0.15748 -0.984252 
vn 0 -0.15748 -0.984252 
vn 0 0.19685 -0.984252 
vn 0 -0.15748 -0.984252 
vn 0 0.11811 -0.992126 
vn 0 0.11811 -0.992126 
vn 0 0.11811 -0.992126 
vn 0 -0.377953 -0.929134 
vn 0 -0.377953 -0.929134 
vn 0 -0.377953 -0.929134 
vn 0 -0.275591 -0.96063 
vn 0 -0.275591 -0.96063 
vn 0 -0.275591 -0.96063 
vn 0 -0.566929 -0.826772 
vn 0 -0.566929 -0.826772 
vn 0 -0.566929 -0.826772 
vn 0 -0.0314961 -1 
vn 0 -0.0314961 -1 
vn 0 -0.0314961 -1 
vn 0 -0.188976 -0.984252 
vn 0.417323 0.023622 -0.905512 
vn 0.417323 0.023622 -0.905512 
vn 0.417323 0.023622 -0.905512 
vn 0.417323 0.023622 -0.905512 
vn 0 0.11811 -0.992126 
vn 0 -0.0314961 -1 
vn 0 -0.291339 -0.952756 
vn 0 -0.291339 -0.952756 
vn 0 -0.291339 -0.952756 
vn 0 -0.370079 -0.929134 
vn 0 -0.370079 -0.929134 
vn 0 -0.370079 -0.929134 
vn 0 -0.291339 -0.952756 
vn 0 -0.370079 -0.929134 
vn 0 0.19685 -0.984252 
vn 0 0.19685 -0.984252 
vn 0 0.19685 -0.984252 
vn 0 -0.15748 -0.984252 
vn 0 -0.15748 -0.984252 
vn 0 -0.15748 -0.984252 
vn 0 0.19685 -0.984252 
vn 0 -0.15748 -0.984252 
vn 0 -0.188976 -0.984252 
vn 0 -0.188976 -0.984252 
vn 0 -0.188976 -0.984252 
vn 0 -0.566929 -0.826772 
vn 0 -0.275591 -0.96063 
vn 0 -0.377953 -0.929134 
vn 0 -0.188976 -0.984252 
vn 0 0.11811 -0.992126 
vn 0 0.11811 -0.992126 
vn 0 0.11811 -0.992126 
vn -0.417323 0.023622 -0.905512 
vn -0.417323 0.023622 -0.905512 
vn -0.417323 0.023622 -0.905512 
vn -0.417323 0.023622 -0.905512 
vn 0 0.11811 -0.992126 
vn 1 0 0 
vn 1 0 0 
vn 1 0 0 
vn 1 0 0 
vn 1 0 0 
vn 1 0 0 
vn 1 0 0 
vn 1 0 0 
vn 1 0 0 
vn 1 0 0 
vn 1 0 0 
vn 1 0 0 
vn 1 0 0 
vn 1 0 0 
vn 1 0 0 
vn 1 0 0 
vn 1 0 0 
vn 1 0 0 
vn 1 0 0 
vn 1 0 0 
vn 1 0 0 
vn 1 0 0 
vn 1 0 0 
vn 1 0 0 
vn 1 0 0 
vn 1 0 0 
vn 1 0 0 
vn 1 0 0 
vn 1 0 0 
vn 1 0 0 
vn 1 0 0 
vn 1 0 0 
vn 1 0 0 
vn 1 0 0 
vn 1 0 0 
vn 1 0 0 
vn 1 0 0 
vn 1 0 0 
vn 1 0 0 
vn 1 0 0 
vn 1 0 0 
vn 1 0 0 
vn 1 0 0 
vn 1 0 0 
vn 1 0 0 
vn 1 0 0 
vn 1 0 0 
vn 1 0 0 
vn 1 0 0 
vn 1 0 0 
vn 1 0 0 
vn 1 0 0 
vn 1 0 0 
vn 1 0 0 
vn 1 0 0 
vn 1 0 0 
vn 1 0 0 
vn 1 0 0 
vn 1 0 0 
vn 1 0 0 
vn 1 0 0 
vn 1 0 0 
vn 1 0 0 
vn 1 0 0 
vn 1 0 0 
vn 1 0 0 
vn 1 0 0 
vn 1 0 0 
vn 1 0 0 
vn 1 0 0 
vn 1 0 0 
vn 1 0 0 
vn 0 -0.929134 0.362205 
vn 0 -0.929134 0.362205 
vn 0 -0.929134 0.362205 
vn 0 -0.929134 0.362205 
vn 0 -0.929134 0.362205 
vn 0 -0.929134 0.362205 
vn 0 -0.92126 0.385827 
vn 0 -0.92126 0.385827 
vn 0 -0.92126 0.385827 
vn 0 -0.984252 0.165354 
vn 0 -0.984252 0.165354 
vn 0 -0.984252 0.165354 
vn 0 -0.984252 0.173228 
vn 0 -0.984252 0.173228 
vn 0 -0.984252 0.173228 
vn 0 -0.929134 0.362205 
vn 0 -0.929134 0.362205 
vn 0 -0.92126 0.385827 
vn 0 -0.984252 0.173228 
vn 0 -0.984252 0.165354 
vn 0 -1 -0.0551181 
vn 0 -1 -0.0551181 
vn 0 -1 -0.0551181 
vn 0 -1 -0.0551181 
vn 0.669291 -0.685039 0.291339 
vn 0.669291 -0.685039 0.291339 
vn 0.669291 -0.685039 0.291339 
vn -0.614173 -0.724409 -0.307087 
vn -0.614173 -0.724409 -0.307087 
vn -0.614173 -0.724409 -0.307087 
vn 0.669291 -0.685039 0.291339 
vn 0.669291 -0.685039 0.291339 
vn 0.669291 -0.685039 0.291339 
vn -0.614173 -0.724409 -0.307087 
vn -0.614173 -0.724409 -0.307087 
vn -0.614173 -0.724409 -0.307087 
vn 0.669291 -0.685039 0.291339 
vn 0.669291 -0.685039 0.291339 
vn 0.669291 -0.685039 0.291339 
vn 0.669291 -0.685039 0.291339 
vn 0 -0.732283 0.685039 
vn 0 -0.732283 0.685039 
vn 0 -0.732283 0.685039 
vn 0 -0.913386 0.401575 
vn 0 -0.913386 0.401575 
vn 0 -0.913386 0.401575 
vn -0.614173 -0.724409 -0.307087 
vn -0.614173 -0.724409 -0.307087 
vn -0.614173 -0.724409 -0.307087 
vn -0.614173 -0.724409 -0.307087 
vn -0.614173 -0.724409 -0.307087 
vn -0.614173 -0.724409 -0.307087 
vn -0.614173 -0.724409 -0.307087 
vn 0.669291 -0.685039 0.291339 
vn 0.669291 -0.685039 0.291339 
vn 0.669291 -0.685039 0.291339 
vn 0.669291 -0.685039 0.291339 
vn 0.669291 -0.685039 0.291339 
vn 0.669291 -0.685039 0.291339 
vn 0.669291 -0.685039 0.291339 
vn 0.669291 -0.685039 0.291339 
vn 0.669291 -0.685039 0.291339 
vn 0.669291 -0.685039 0.291339 
vn 0.669291 -0.685039 0.291339 
vn 0.669291 -0.685039 0.291339 
vn -0.614173 -0.724409 -0.307087 
vn 0.669291 -0.685039 0.291339 
vn 0.669291 -0.685039 0.291339 
vn 0.669291 -0.685039 0.291339 
vn 0.669291 -0.685039 0.291339 
vn 0.669291 -0.685039 0.291339 
vn -0.614173 -0.724409 -0.307087 
vn 0.669291 -0.685039 0.291339 
vn -0.614173 -0.724409 -0.307087 
vn -0.614173 -0.724409 -0.307087 
vn -0.614173 -0.724409 -0.307087 
vn -0.614173 -0.724409 -0.307087 
vn -0.614173 -0.724409 -0.307087 
vn -0.614173 -0.724409 -0.307087 
vn -0.614173 -0.724409 -0.307087 
vn -0.614173 -0.724409 -0.307087 
vn -0.614173 -0.724409 -0.307087 
vn -0.614173 -0.724409 -0.307087 
vn -0.614173 -0.724409 -0.307087 
vn -0.614173 -0.724409 -0.307087 
vn -0.614173 -0.724409 -0.307087 
vn -0.614173 -0.724409 -0.307087 
vn -0.614173 -0.724409 -0.307087 
vn -0.614173 -0.724409 -0.307087 
vn -0.614173 -0.724409 -0.307087 
vn 0 -0.913386 0.401575 
vn 0 -0.92126 0.385827 
vn 0 -0.92126 0.385827 
vn 0 -0.92126 0.385827 
vn 0 -0.929134 0.362205 
vn 0 -0.929134 0.362205 
vn 0 -0.929134 0.362205 
vn 0 -0.984252 0.173228 
vn 0 -0.984252 0.173228 
vn 0 -0.984252 0.173228 
vn 0 -0.984252 0.165354 
vn 0 -0.984252 0.165354 
vn 0 -0.984252 0.165354 
vn 0 -1 -0.0551181 
vn 0 -1 -0.0551181 
vn 0 -1 -0.0551181 
vn 0 -0.929134 0.362205 
vn 0 -0.929134 0.362205 
vn 0 -0.929134 0.362205 
vn 0 -0.929134 0.362205 
vn 0 -0.92126 0.385827 
vn 0 -0.984252 0.173228 
vn 0 -0.984252 0.165354 
vn 0 -0.929134 0.362205 
vn 0 -0.732283 0.685039 
vn 0.614173 -0.724409 -0.307087 
vn 0.614173 -0.724409 -0.307087 
vn 0.614173 -0.724409 -0.307087 
vn -0.669291 -0.685039 0.291339 
vn -0.669291 -0.685039 0.291339 
vn -0.669291 -0.685039 0.291339 
vn -0.669291 -0.685039 0.291339 
vn 0.614173 -0.724409 -0.307087 
vn 0 -1 -0.0551181 
vn -0.669291 -0.685039 0.291339 
vn -0.669291 -0.685039 0.291339 
vn -0.669291 -0.685039 0.291339 
vn 0.614173 -0.724409 -0.307087 
vn 0.614173 -0.724409 -0.307087 
vn 0.614173 -0.724409 -0.307087 
vn -0.669291 -0.685039 0.291339 
vn -0.669291 -0.685039 0.291339 
vn -0.669291 -0.685039 0.291339 
vn 0.614173 -0.724409 -0.307087 
vn 0.614173 -0.724409 -0.307087 
vn 0.614173 -0.724409 -0.307087 
vn 0.614173 -0.724409 -0.307087 
vn 0.614173 -0.724409 -0.307087 
vn 0.614173 -0.724409 -0.307087 
vn 0.614173 -0.724409 -0.307087 
vn -0.669291 -0.685039 0.291339 
vn -0.669291 -0.685039 0.291339 
vn -0.669291 -0.685039 0.291339 
vn -0.669291 -0.685039 0.291339 
vn -0.669291 -0.685039 0.291339 
vn -0.669291 -0.685039 0.291339 
vn -0.669291 -0.685039 0.291339 
vn -0.669291 -0.685039 0.291339 
vn -0.669291 -0.685039 0.291339 
vn -0.669291 -0.685039 0.291339 
vn -0.669291 -0.685039 0.291339 
vn -0.669291 -0.685039 0.291339 
vn -0.669291 -0.685039 0.291339 
vn -0.669291 -0.685039 0.291339 
vn -0.669291 -0.685039 0.291339 
vn -0.669291 -0.685039 0.291339 
vn -0.669291 -0.685039 0.291339 
vn 0.614173 -0.724409 -0.307087 
vn 0.614173 -0.724409 -0.307087 
vn 0.614173 -0.724409 -0.307087 
vn 0.614173 -0.724409 -0.307087 
vn 0.614173 -0.724409 -0.307087 
vn 0.614173 -0.724409 -0.307087 
vn 0.614173 -0.724409 -0.307087 
vn 0.614173 -0.724409 -0.307087 
vn 0.614173 -0.724409 -0.307087 
vn 0.614173 -0.724409 -0.307087 
vn 0.614173 -0.724409 -0.307087 
vn 0.614173 -0.724409 -0.307087 
vn 0.614173 -0.724409 -0.307087 
vn -0.669291 -0.685039 0.291339 
vn 0.614173 -0.724409 -0.307087 
vn 0.614173 -0.724409 -0.307087 
vn 0.614173 -0.724409 -0.307087 
vn 0.614173 -0.724409 -0.307087 
vn 0.614173 -0.724409 -0.307087 
vn -0.417323 -0.023622 0.905512 
vn -0.417323 -0.023622 0.905512 
vn -0.417323 -0.023622 0.905512 
vn -0.417323 -0.023622 0.905512 
vn -0.417323 -0.023622 0.905512 
vn -0.417323 -0.023622 0.905512 
vn -0.417323 -0.023622 0.905512 
vn -0.417323 -0.023622 0.905512 
vn -0.417323 -0.023622 0.905512 
vn -0.417323 -0.023622 0.905512 
vn -0.417323 -0.023622 0.905512 
vn -0.417323 -0.023622 0.905512 
vn -0.417323 -0.023622 0.905512 
vn -0.417323 -0.023622 0.905512 
vn -0.417323 -0.023622 0.905512 
vn -0.417323 -0.023622 0.905512 
vn -0.417323 -0.023622 0.905512 
vn -0.417323 -0.023622 0.905512 
vn 0 0.0866142 1 
vn 0 0.0866142 1 
vn 0 0.0866142 1 
vn 0 0.0314961 1 
vn 0 0.0314961 1 
vn 0 0.0314961 1 
vn 0 0.220472 0.976378 
vn 0 0.220472 0.976378 
vn 0 0.220472 0.976378 
vn 0 0.00787402 1 
vn 0 0.00787402 1 
vn 0 0.00787402 1 
vn 0 0.669291 0.740157 
vn 0 0.669291 0.740157 
vn 0 0.669291 0.740157 
vn 0 0.385827 0.92126 
vn 0 0.385827 0.92126 
vn 0 0.385827 0.92126 
vn -0.417323 -0.023622 0.905512 
vn -0.417323 -0.023622 0.905512 
vn -0.417323 -0.023622 0.905512 
vn -0.417323 -0.023622 0.905512 
vn -0.417323 -0.023622 0.905512 
vn -0.417323 -0.023622 0.905512 
vn -0.417323 -0.023622 0.905512 
vn -0.417323 -0.023622 0.905512 
vn -0.417323 -0.023622 0.905512 
vn -0.417323 -0.023622 0.905512 
vn -0.417323 -0.023622 0.905512 
vn -0.417323 -0.023622 0.905512 
vn -0.417323 -0.023622 0.905512 
vn -0.417323 -0.023622 0.905512 
vn -0.417323 -0.023622 0.905512 
vn -0.417323 -0.023622 0.905512 
vn -0.417323 -0.023622 0.905512 
vn -0.417323 -0.023622 0.905512 
vn -0.417323 -0.023622 0.905512 
vn -0.417323 -0.023622 0.905512 
vn -0.417323 -0.023622 0.905512 
vn -0.417323 -0.023622 0.905512 
vn -0.417323 -0.023622 0.905512 
vn -0.417323 -0.023622 0.905512 
vn -0.417323 -0.023622 0.905512 
vn -0.417323 -0.023622 0.905512 
vn -0.417323 -0.023622 0.905512 
vn -0.417323 -0.023622 0.905512 
vn -0.417323 -0.023622 0.905512 
vn -0.417323 -0.023622 0.905512 
vn -0.417323 -0.023622 0.905512 
vn -0.417323 -0.023622 0.905512 
vn -0.417323 -0.023622 0.905512 
vn -0.417323 -0.023622 0.905512 
vn -0.417323 -0.023622 0.905512 
vn -0.417323 -0.023622 0.905512 
vn -0.417323 -0.023622 0.905512 
vn -0.417323 -0.023622 0.905512 
vn -0.417323 -0.023622 0.905512 
vn -0.417323 -0.023622 0.905512 
vn -0.417323 -0.023622 0.905512 
vn -0.417323 -0.023622 0.905512 
vn -0.417323 -0.023622 0.905512 
vn -0.417323 -0.023622 0.905512 
vn -0.417323 -0.023622 0.905512 
vn -0.417323 -0.023622 0.905512 
vn -0.417323 -0.023622 0.905512 
vn -0.417323 -0.023622 0.905512 
vn -0.417323 -0.023622 0.905512 
vn -0.417323 -0.023622 0.905512 
vn -0.417323 -0.023622 0.905512 
vn -0.417323 -0.023622 0.905512 
vn -0.417323 -0.023622 0.905512 
vn -0.417323 -0.023622 0.905512 
vn -0.417323 -0.023622 0.905512 
vn -0.417323 -0.023622 0.905512 
vn -0.417323 -0.023622 0.905512 
vn -0.417323 -0.023622 0.905512 
vn -0.417323 -0.023622 0.905512 
vn -0.417323 -0.023622 0.905512 
vn -0.417323 -0.023622 0.905512 
vn -0.417323 -0.023622 0.905512 
vn -0.417323 -0.023622 0.905512 
vn -0.417323 -0.023622 0.905512 
vn -0.417323 -0.023622 0.905512 
vn -0.417323 -0.023622 0.905512 
vn -0.417323 -0.023622 0.905512 
vn -0.417323 -0.023622 0.905512 
vn -0.417323 -0.023622 0.905512 
vn -0.417323 -0.023622 0.905512 
vn -0.417323 -0.023622 0.905512 
vn -0.417323 -0.023622 0.905512 
vn -0.417323 -0.023622 0.905512 
vn -0.417323 -0.023622 0.905512 
vn -0.417323 -0.023622 0.905512 
vn -0.417323 -0.023622 0.905512 
vn -0.417323 -0.023622 0.905512 
vn -0.417323 -0.023622 0.905512 
vn -0.417323 -0.023622 0.905512 
vn -0.417323 -0.023622 0.905512 
vn -0.417323 -0.023622 0.905512 
vn -0.417323 -0.023622 0.905512 
vn 0 0.0866142 1 
vn 0 0.0314961 1 
vn 0 0.00787402 1 
vn 0 0.220472 0.976378 
vn 0 0.669291 0.740157 
vn 0.417323 -0.023622 0.905512 
vn 0.417323 -0.023622 0.905512 
vn 0.417323 -0.023622 0.905512 
vn 0.417323 -0.023622 0.905512 
vn 0.417323 -0.023622 0.905512 
vn 0.417323 -0.023622 0.905512 
vn 0.417323 -0.023622 0.905512 
vn 0.417323 -0.023622 0.905512 
vn 0.417323 -0.023622 0.905512 
vn 0.417323 -0.023622 0.905512 
vn 0.417323 -0.023622 0.905512 
vn 0.417323 -0.023622 0.905512 
vn 0.417323 -0.023622 0.905512 
vn 0.417323 -0.023622 0.905512 
vn 0.417323 -0.023622 0.905512 
vn 0.417323 -0.023622 0.905512 
vn 0.417323 -0.023622 0.905512 
vn 0.417323 -0.023622 0.905512 
vn 0.417323 -0.023622 0.905512 
vn 0.417323 -0.023622 0.905512 
vn 0.417323 -0.023622 0.905512 
vn 0.417323 -0.023622 0.905512 
vn 0 0.385827 0.92126 
vn 0.417323 -0.023622 0.905512 
vn 0.417323 -0.023622 0.905512 
vn 0.417323 -0.023622 0.905512 
vn 0.417323 -0.023622 0.905512 
vn 0.417323 -0.023622 0.905512 
vn 0.417323 -0.023622 0.905512 
vn 0.417323 -0.023622 0.905512 
vn 0.417323 -0.023622 0.905512 
vn 0.417323 -0.023622 0.905512 
vn 0.417323 -0.023622 0.905512 
vn 0.417323 -0.023622 0.905512 
vn 0.417323 -0.023622 0.905512 
vn 0.417323 -0.023622 0.905512 
vn 0.417323 -0.023622 0.905512 
vn 0.417323 -0.023622 0.905512 
vn 0.417323 -0.023622 0.905512 
vn 0.417323 -0.023622 0.905512 
vn 0.417323 -0.023622 0.905512 
vn 0.417323 -0.023622 0.905512 
vn 0.417323 -0.023622 0.905512 
vn 0.417323 -0.023622 0.905512 
vn 0.417323 -0.023622 0.905512 
vn 0.417323 -0.023622 0.905512 
vn 0.417323 -0.023622 0.905512 
vn 0.417323 -0.023622 0.905512 
vn 0.417323 -0.023622 0.905512 
vn 0.417323 -0.023622 0.905512 
vn 0.417323 -0.023622 0.905512 
vn 0.417323 -0.023622 0.905512 
vn 0.417323 -0.023622 0.905512 
vn 0.417323 -0.023622 0.905512 
vn 0.417323 -0.023622 0.905512 
vn 0.417323 -0.023622 0.905512 
vn 0.417323 -0.023622 0.905512 
vn 0.417323 -0.023622 0.905512 
vn 0.417323 -0.023622 0.905512 
vn 0.417323 -0.023622 0.905512 
vn 0.417323 -0.023622 0.905512 
vn 0.417323 -0.023622 0.905512 
vn 0.417323 -0.023622 0.905512 
vn 0.417323 -0.023622 0.905512 
vn 0.417323 -0.023622 0.905512 
vn 0.417323 -0.023622 0.905512 
vn 0.417323 -0.023622 0.905512 
vn 0.417323 -0.023622 0.905512 
vn 0.417323 -0.023622 0.905512 
vn 0.417323 -0.023622 0.905512 
vn 0.417323 -0.023622 0.905512 
vn 0.417323 -0.023622 0.905512 
vn 0.417323 -0.023622 0.905512 
vn 0.417323 -0.023622 0.905512 
vn 0.417323 -0.023622 0.905512 
vn 0.417323 -0.023622 0.905512 
vn 0.417323 -0.023622 0.905512 
vn 0.417323 -0.023622 0.905512 
vn 0.417323 -0.023622 0.905512 
vn 0.417323 -0.023622 0.905512 
vn 0.417323 -0.023622 0.905512 
vn 0.417323 -0.023622 0.905512 
vn 0.417323 -0.023622 0.905512 
vn 0.417323 -0.023622 0.905512 
vn 0.417323 -0.023622 0.905512 
vn 0.417323 -0.023622 0.905512 
vn 0.417323 -0.023622 0.905512 
vn 0.417323 -0.023622 0.905512 
vn 0.417323 -0.023622 0.905512 
vn 0.417323 -0.023622 0.905512 
vn 0.417323 -0.023622 0.905512 
vn 0.417323 -0.023622 0.905512 
vn 0.417323 -0.023622 0.905512 
vn 0.417323 -0.023622 0.905512 
vn 0.417323 -0.023622 0.905512 
vn 0.417323 -0.023622 0.905512 
vn 0.417323 -0.023622 0.905512 
vn 0.417323 -0.023622 0.905512 
vn 0.417323 -0.023622 0.905512 
vn 0.417323 -0.023622 0.905512 
vn 0.417323 -0.023622 0.905512 

vt 8.18301 -13.3964 
vt 8.09814 -13.2394 
vt 8.15006 -13.4092 
vt 8.13374 -13.2292 
vt 8.09217 -13.2594 
vt 8.12511 -13.2457 
vt 8.1098 -13.202 
vt 8.07389 -13.2135 
vt 8.04239 -13.2317 
vt 8.10435 -13.2213 
vt 8.08376 -13.107 
vt 7.81443 -13.3747 
vt 7.8152 -13.2174 
vt 7.78148 -13.3874 
vt 7.85218 -13.2153 
vt 7.83481 -13.1834 
vt 7.80499 -13.2355 
vt 7.84013 -13.2295 
vt 7.79726 -13.1867 
vt 7.82525 -13.201 
vt 7.77523 -13.0866 
vt 7.76251 -13.1976 
vt 8.38739 -13.0045 
vt 8.37623 -13.0137 
vt 8.3883 -13.0153 
vt 8.37589 -13.0028 
vt 8.35328 -13.0136 
vt 8.37823 -12.9944 
vt 8.34806 -12.9951 
vt 8.37882 -13.0135 
vt 8.31788 -12.9986 
vt 8.28054 -13.0291 
vt 8.32196 -13.0165 
vt 7.84188 -13.0942 
vt 8.01711 -13.0994 
vt 8.27019 -13.014 
vt 8.3089 -13.0171 
vt 8.36498 -12.9886 
vt 8.29994 -12.9949 
vt 8.09814 -13.2394 
vt 8.15006 -13.4092 
vt 8.18301 -13.3964 
vt 8.13374 -13.2292 
vt 8.09217 -13.2594 
vt 8.1098 -13.202 
vt 8.07389 -13.2135 
vt 8.12511 -13.2457 
vt 7.8152 -13.2174 
vt 7.81443 -13.3747 
vt 7.85218 -13.2153 
vt 7.78148 -13.3874 
vt 7.80499 -13.2355 
vt 7.83481 -13.1834 
vt 7.79726 -13.1867 
vt 7.84013 -13.2295 
vt 8.08376 -13.107 
vt 8.04239 -13.2317 
vt 8.10435 -13.2213 
vt 8.01711 -13.0994 
vt 8.36519 -13.0125 
vt 7.77523 -13.0866 
vt 7.82525 -13.201 
vt 7.84188 -13.0942 
vt 7.76251 -13.1976 
vt 7.78596 -12.9411 
vt 7.64643 -12.8838 
vt 7.73852 -12.9855 
vt 7.70569 -12.885 
vt 7.6117 -12.8126 
vt 7.65182 -12.9085 
vt 7.66558 -12.7891 
vt 7.69387 -12.8394 
vt 8.07498 -13.0981 
vt 8.03764 -13.1337 
vt 8.07498 -13.1337 
vt 8.03764 -13.0981 
vt 8.03764 -12.8522 
vt 8.07498 -12.8152 
vt 8.03764 -12.8152 
vt 8.07498 -12.8522 
vt 8.08456 -13.0739 
vt 8.02806 -13.1098 
vt 8.08456 -13.1098 
vt 8.01847 -13.0171 
vt 8.09415 -13.0838 
vt 8.09415 -13.0171 
vt 8.02806 -13.0739 
vt 8.01091 -13.3759 
vt 7.98909 -13.3874 
vt 8.01091 -13.3874 
vt 8.01847 -13.0838 
vt 8.01835 -13.2702 
vt 7.98165 -13.3179 
vt 8.01835 -13.3179 
vt 8.0192 -13.3481 
vt 7.9808 -13.3782 
vt 8.0192 -13.3782 
vt 8.02393 -13.2999 
vt 7.97607 -13.365 
vt 8.02393 -13.365 
vt 8.08456 -12.7973 
vt 8.02806 -12.8348 
vt 8.08456 -12.8348 
vt 8.01847 -12.7752 
vt 8.09415 -12.8419 
vt 8.09415 -12.7752 
vt 8.06522 -12.676 
vt 8.07586 -12.6531 
vt 8.05898 -12.6457 
vt 8.04834 -12.6686 
vt 8.1391 -12.7153 
vt 8.14451 -12.6813 
vt 8.13051 -12.7115 
vt 8.1531 -12.6851 
vt 8.02806 -12.7973 
vt 8.01847 -12.8419 
vt 8.05647 -12.6464 
vt 7.94353 -12.6464 
vt 8.05647 -12.6939 
vt 8.0428 -12.6117 
vt 7.9572 -12.6656 
vt 8.0428 -12.6656 
vt 8.05898 -12.6457 
vt 8.03276 -12.661 
vt 8.04834 -12.6686 
vt 8.0434 -12.638 
vt 8.03668 -12.6678 
vt 8.06176 -12.6431 
vt 8.05067 -12.6376 
vt 8.15561 -12.7239 
vt 8.15939 -12.6892 
vt 8.14539 -12.7194 
vt 8.16961 -12.6937 
vt 8.15581 -12.7245 
vt 8.16981 -12.6943 
vt 8.15761 -12.689 
vt 8.14361 -12.7192 
vt 8.15379 -12.7242 
vt 8.16779 -12.694 
vt 8.15559 -12.6887 
vt 8.14159 -12.7189 
vt 8.13142 -12.7139 
vt 8.15559 -12.6887 
vt 8.14541 -12.6837 
vt 8.13142 -12.7139 
vt 8.14541 -12.6837 
vt 8.13322 -12.6783 
vt 8.14159 -12.7189 
vt 8.11922 -12.7085 
vt 8.13322 -12.6783 
vt 8.1088 -12.7034 
vt 8.11922 -12.7085 
vt 8.1088 -12.7034 
vt 8.11257 -12.6687 
vt 8.09858 -12.6989 
vt 8.07347 -12.6865 
vt 8.11257 -12.6687 
vt 8.08747 -12.6563 
vt 8.07888 -12.6526 
vt 8.07347 -12.6865 
vt 8.08747 -12.6563 
vt 8.09858 -12.6989 
vt 8.1228 -12.6732 
vt 8.1228 -12.6732 
vt 8.06488 -12.6828 
vt 8.04776 -12.6733 
vt 8.03754 -12.6688 
vt 8.05948 -12.6425 
vt 8.05154 -12.6386 
vt 8.04548 -12.6727 
vt 8.07888 -12.6526 
vt 8.03689 -12.669 
vt 8.06488 -12.6828 
vt 8.05089 -12.6388 
vt 7.98909 -13.3759 
vt 7.97194 -13.0739 
vt 7.91544 -13.0739 
vt 7.97194 -13.1098 
vt 7.98153 -13.0171 
vt 7.90585 -13.0838 
vt 7.98153 -13.0838 
vt 7.98165 -13.2702 
vt 7.9808 -13.3481 
vt 7.97607 -13.2999 
vt 7.96236 -12.8152 
vt 7.92502 -12.8152 
vt 7.96236 -12.8522 
vt 7.96236 -13.1337 
vt 7.92502 -13.0981 
vt 7.92502 -13.1337 
vt 7.96236 -13.0981 
vt 7.92502 -12.8522 
vt 7.91544 -13.1098 
vt 7.90585 -13.0171 
vt 7.97194 -12.8348 
vt 7.91544 -12.7973 
vt 7.91544 -12.8348 
vt 7.98153 -12.7752 
vt 7.90585 -12.8419 
vt 7.98153 -12.8419 
vt 7.94353 -12.6939 
vt 7.9572 -12.6117 
vt 7.96724 -12.661 
vt 7.94102 -12.6457 
vt 7.95166 -12.6686 
vt 7.9566 -12.638 
vt 7.97194 -12.7973 
vt 7.90585 -12.7752 
vt 7.94102 -12.6457 
vt 7.92414 -12.6531 
vt 7.93478 -12.676 
vt 7.95166 -12.6686 
vt 7.85549 -12.6813 
vt 7.8609 -12.7153 
vt 7.86949 -12.7115 
vt 7.8469 -12.6851 
vt 7.93824 -12.6431 
vt 7.96332 -12.6678 
vt 7.94933 -12.6376 
vt 7.84441 -12.6887 
vt 7.86858 -12.7139 
vt 7.85459 -12.6837 
vt 7.85459 -12.6837 
vt 7.86858 -12.7139 
vt 7.86678 -12.6783 
vt 7.85841 -12.7189 
vt 7.88078 -12.7085 
vt 7.8912 -12.7034 
vt 7.86678 -12.6783 
vt 7.88078 -12.7085 
vt 7.84441 -12.6887 
vt 7.84621 -12.7242 
vt 7.85841 -12.7189 
vt 7.84061 -12.6892 
vt 7.84439 -12.7239 
vt 7.85461 -12.7194 
vt 7.83039 -12.6937 
vt 7.83019 -12.6943 
vt 7.84419 -12.7245 
vt 7.84239 -12.689 
vt 7.85638 -12.7192 
vt 7.83221 -12.694 
vt 7.88743 -12.6687 
vt 7.8912 -12.7034 
vt 7.90142 -12.6989 
vt 7.95224 -12.6733 
vt 7.94052 -12.6425 
vt 7.96246 -12.6688 
vt 7.94846 -12.6386 
vt 7.95452 -12.6727 
vt 7.96311 -12.669 
vt 7.92112 -12.6526 
vt 7.93512 -12.6828 
vt 7.94911 -12.6388 
vt 7.92112 -12.6526 
vt 7.92653 -12.6865 
vt 7.93512 -12.6828 
vt 7.88743 -12.6687 
vt 7.92653 -12.6865 
vt 7.91253 -12.6563 
vt 7.91253 -12.6563 
vt 7.90142 -12.6989 
vt 7.8772 -12.6732 
vt 7.8772 -12.6732 
vt 7.92502 -13.2394 
vt 7.92502 -13.4092 
vt 7.96236 -13.2394 
vt 7.97194 -13.2594 
vt 7.91544 -13.2135 
vt 7.91544 -13.2594 
vt 7.96236 -13.4092 
vt 7.97194 -13.2135 
vt 7.98153 -13.2317 
vt 7.90585 -13.0994 
vt 7.90585 -13.2317 
vt 7.92502 -13.2174 
vt 7.92502 -13.3874 
vt 7.96236 -13.2174 
vt 7.97194 -13.2355 
vt 7.91544 -13.1867 
vt 7.91544 -13.2355 
vt 7.96236 -13.3874 
vt 7.97194 -13.1867 
vt 7.98153 -13.1976 
vt 7.90585 -13.0866 
vt 7.90585 -13.1976 
vt 8.02393 -13.0171 
vt 7.97607 -12.9949 
vt 7.97607 -13.0171 
vt 8.0192 -13.0136 
vt 7.9808 -12.9951 
vt 7.9808 -13.0136 
vt 7.98165 -13.0291 
vt 8.01835 -13.014 
vt 7.98165 -13.014 
vt 8.01091 -13.0137 
vt 7.98909 -13.0028 
vt 7.98909 -13.0137 
vt 7.98153 -13.0994 
vt 7.9566 -12.7157 
vt 7.92414 -12.7146 
vt 7.93972 -12.733 
vt 7.94102 -12.6973 
vt 7.98153 -13.0866 
vt 8.01091 -13.0028 
vt 8.07498 -13.4092 
vt 8.03764 -13.2394 
vt 8.03764 -13.4092 
vt 8.02806 -13.2594 
vt 8.08456 -13.2135 
vt 8.02806 -13.2135 
vt 8.07498 -13.2394 
vt 8.08456 -13.2594 
vt 8.03764 -13.2174 
vt 8.07498 -13.3874 
vt 8.07498 -13.2174 
vt 8.02806 -13.2355 
vt 8.08456 -13.1867 
vt 8.02806 -13.1867 
vt 8.03764 -13.3874 
vt 8.08456 -13.2355 
vt 8.09415 -13.0994 
vt 8.01847 -13.2317 
vt 8.09415 -13.2317 
vt 8.01835 -13.0291 
vt 8.0192 -12.9951 
vt 8.02393 -12.9949 
vt 8.01847 -13.0994 
vt 8.01847 -13.1976 
vt 8.09415 -13.0866 
vt 8.01847 -13.0866 
vt 8.0434 -12.7157 
vt 8.07586 -12.7146 
vt 8.05898 -12.6973 
vt 8.06028 -12.733 
vt 8.09415 -13.1976 
vt 7.90783 -13.2594 
vt 7.8902 -13.202 
vt 7.87489 -13.2457 
vt 7.92611 -13.2135 
vt 7.86626 -13.2292 
vt 7.81699 -13.3964 
vt 7.90186 -13.2394 
vt 7.84994 -13.4092 
vt 7.95761 -13.2317 
vt 7.91624 -13.107 
vt 7.89565 -13.2213 
vt 8.19501 -13.2355 
vt 8.16519 -13.1834 
vt 8.15987 -13.2295 
vt 8.20274 -13.1867 
vt 8.14783 -13.2153 
vt 8.18557 -13.3747 
vt 8.1848 -13.2174 
vt 8.21852 -13.3874 
vt 8.22476 -13.0866 
vt 8.17475 -13.201 
vt 8.23749 -13.1976 
vt 7.98289 -13.0994 
vt 8.15812 -13.0942 
vt 7.63502 -12.9886 
vt 7.6911 -13.0171 
vt 7.70006 -12.9949 
vt 7.63481 -13.0125 
vt 8.26148 -12.9855 
vt 8.35357 -12.8838 
vt 8.21404 -12.9411 
vt 8.30613 -12.8394 
vt 8.34818 -12.9085 
vt 8.3883 -12.8126 
vt 8.29431 -12.885 
vt 8.33442 -12.7891 
vt 7.64672 -13.0136 
vt 7.62177 -12.9944 
vt 7.62118 -13.0135 
vt 7.90783 -13.2594 
vt 7.8902 -13.202 
vt 7.87489 -13.2457 
vt 7.92611 -13.2135 
vt 7.90186 -13.2394 
vt 7.81699 -13.3964 
vt 7.84994 -13.4092 
vt 7.86626 -13.2292 
vt 8.18557 -13.3747 
vt 8.1848 -13.2174 
vt 8.14783 -13.2153 
vt 8.16519 -13.1834 
vt 8.19501 -13.2355 
vt 8.20274 -13.1867 
vt 8.15987 -13.2295 
vt 8.21852 -13.3874 
vt 7.95761 -13.2317 
vt 7.91624 -13.107 
vt 7.89565 -13.2213 
vt 7.71946 -13.0291 
vt 7.68212 -12.9986 
vt 7.67804 -13.0165 
vt 7.65194 -12.9951 
vt 7.62377 -13.0137 
vt 7.61261 -13.0045 
vt 7.6117 -13.0153 
vt 7.62411 -13.0028 
vt 7.72981 -13.014 
vt 8.17475 -13.201 
vt 8.22476 -13.0866 
vt 8.15812 -13.0942 
vt 8.23749 -13.1976 
vt 7.98289 -13.0994 
vt 7.96236 -13.1501 
vt 7.92502 -13.1501 
vt 7.92502 -13.183 
vt 7.96236 -12.7815 
vt 7.92502 -12.7815 
vt 7.92502 -12.8144 
vt 7.97194 -13.0922 
vt 7.91544 -13.0922 
vt 7.91544 -13.1251 
vt 7.98153 -13.1043 
vt 7.90585 -13.0424 
vt 7.90585 -13.1043 
vt 7.97194 -12.805 
vt 7.91544 -12.805 
vt 7.91544 -12.8401 
vt 7.96236 -12.8144 
vt 7.96236 -13.183 
vt 7.97194 -13.1251 
vt 7.97194 -12.8401 
vt 7.98153 -13.0424 
vt 7.98153 -12.8253 
vt 7.98153 -12.7625 
vt 7.90585 -12.8253 
vt 7.90585 -12.7625 
vt 7.90165 -12.6591 
vt 7.92673 -12.6839 
vt 7.91273 -12.6537 
vt 7.92673 -12.6839 
vt 7.92493 -12.6483 
vt 7.91273 -12.6537 
vt 7.95036 -12.6684 
vt 7.92414 -12.6531 
vt 7.93478 -12.676 
vt 7.8749 -12.6713 
vt 7.8889 -12.7015 
vt 7.88349 -12.6675 
vt 7.88349 -12.6675 
vt 7.90543 -12.6938 
vt 7.89143 -12.6636 
vt 7.93972 -12.6454 
vt 7.94353 -12.786 
vt 8.05647 -12.7385 
vt 7.94353 -12.7385 
vt 7.9572 -12.7057 
vt 8.0428 -12.6518 
vt 7.9572 -12.6518 
vt 7.95036 -12.6684 
vt 7.9566 -12.638 
vt 7.93972 -12.6454 
vt 7.96724 -12.661 
vt 7.89143 -12.6636 
vt 7.90543 -12.6938 
vt 7.90165 -12.6591 
vt 7.86949 -12.7115 
vt 7.83039 -12.6937 
vt 7.84439 -12.7239 
vt 7.83019 -12.6943 
vt 7.85461 -12.7194 
vt 7.84061 -12.6892 
vt 7.84419 -12.7245 
vt 7.85638 -12.7192 
vt 7.83221 -12.694 
vt 7.84621 -12.7242 
vt 7.84239 -12.689 
vt 7.85549 -12.6813 
vt 7.89749 -12.6977 
vt 7.89749 -12.6977 
vt 7.8469 -12.6851 
vt 7.8889 -12.7015 
vt 7.8749 -12.6713 
vt 7.8609 -12.7153 
vt 7.91565 -12.6893 
vt 7.91565 -12.6893 
vt 7.93893 -12.6785 
vt 7.93893 -12.6785 
vt 7.93713 -12.643 
vt 7.92493 -12.6483 
vt 7.95113 -12.6732 
vt 7.95113 -12.6732 
vt 7.94933 -12.6376 
vt 7.93713 -12.643 
vt 7.93824 -12.6431 
vt 7.95224 -12.6733 
vt 7.94846 -12.6386 
vt 7.96246 -12.6688 
vt 7.96332 -12.6678 
vt 7.94052 -12.6425 
vt 7.95452 -12.6727 
vt 7.94911 -12.6388 
vt 7.96311 -12.669 
vt 8.0428 -12.7057 
vt 8.08456 -13.1251 
vt 8.02806 -13.0922 
vt 8.02806 -13.1251 
vt 8.07498 -12.8144 
vt 8.03764 -12.7815 
vt 8.03764 -12.8144 
vt 8.08456 -12.8401 
vt 8.02806 -12.805 
vt 8.02806 -12.8401 
vt 8.01847 -13.1043 
vt 8.09415 -13.0424 
vt 8.01847 -13.0424 
vt 8.09415 -12.8253 
vt 8.01847 -12.7625 
vt 8.01847 -12.8253 
vt 8.07498 -13.183 
vt 8.03764 -13.1501 
vt 8.03764 -13.183 
vt 8.07498 -13.1501 
vt 8.08456 -13.0922 
vt 8.08456 -12.805 
vt 8.09415 -13.1043 
vt 8.07498 -12.7815 
vt 8.05647 -12.786 
vt 8.0434 -12.638 
vt 8.04964 -12.6684 
vt 8.06028 -12.6454 
vt 8.04964 -12.6684 
vt 8.07586 -12.6531 
vt 8.06028 -12.6454 
vt 8.06522 -12.676 
vt 8.03276 -12.661 
vt 8.09415 -12.7625 
vt 8.07327 -12.6839 
vt 8.09835 -12.6591 
vt 8.08727 -12.6537 
vt 8.07507 -12.6483 
vt 8.07327 -12.6839 
vt 8.08727 -12.6537 
vt 8.09457 -12.6938 
vt 8.11651 -12.6675 
vt 8.10857 -12.6636 
vt 8.11651 -12.6675 
vt 8.1111 -12.7015 
vt 8.1251 -12.6713 
vt 8.09835 -12.6591 
vt 8.09457 -12.6938 
vt 8.10857 -12.6636 
vt 8.10251 -12.6977 
vt 8.10251 -12.6977 
vt 8.1111 -12.7015 
vt 8.1531 -12.6851 
vt 8.1251 -12.6713 
vt 8.1391 -12.7153 
vt 8.13051 -12.7115 
vt 8.16961 -12.6937 
vt 8.14451 -12.6813 
vt 8.15561 -12.7239 
vt 8.16981 -12.6943 
vt 8.14539 -12.7194 
vt 8.15581 -12.7245 
vt 8.15939 -12.6892 
vt 8.14361 -12.7192 
vt 8.16779 -12.694 
vt 8.15761 -12.689 
vt 8.15379 -12.7242 
vt 8.08435 -12.6893 
vt 8.04887 -12.6732 
vt 8.05067 -12.6376 
vt 8.03668 -12.6678 
vt 8.04776 -12.6733 
vt 8.06176 -12.6431 
vt 8.05154 -12.6386 
vt 8.03754 -12.6688 
vt 8.05089 -12.6388 
vt 8.03689 -12.669 
vt 8.04548 -12.6727 
vt 8.05948 -12.6425 
vt 8.06287 -12.643 
vt 8.08435 -12.6893 
vt 8.06107 -12.6785 
vt 8.06287 -12.643 
vt 8.06107 -12.6785 
vt 8.07507 -12.6483 
vt 8.04887 -12.6732 
vt 8.1391 -12.6905 
vt 8.10251 -12.7148 
vt 8.1111 -12.7236 
vt 8.10251 -12.7148 
vt 8.08435 -12.7137 
vt 8.09457 -12.7242 
vt 8.09229 -12.7043 
vt 8.13051 -12.6817 
vt 8.09229 -12.7043 
vt 8.10251 -12.7148 
vt 8.13051 -12.6817 
vt 8.12029 -12.6712 
vt 8.12029 -12.6712 
vt 8.08009 -12.6917 
vt 8.09229 -12.7043 
vt 8.10809 -12.6586 
vt 8.0679 -12.6792 
vt 8.08009 -12.6917 
vt 8.01091 -13.0045 
vt 7.98909 -13.0153 
vt 8.01091 -13.0153 
vt 8.0192 -12.9944 
vt 7.9808 -13.0135 
vt 8.0192 -13.0135 
vt 8.01835 -12.9986 
vt 7.98165 -13.0165 
vt 8.01835 -13.0165 
vt 8.02393 -12.9886 
vt 7.97607 -13.0125 
vt 8.02393 -13.0125 
vt 8.05647 -12.8394 
vt 7.94353 -12.9411 
vt 8.05647 -12.9411 
vt 8.0428 -12.7891 
vt 7.9572 -12.885 
vt 8.0428 -12.885 
vt 8.09229 -12.7043 
vt 8.07215 -12.7011 
vt 8.08435 -12.7137 
vt 8.06107 -12.7142 
vt 8.08435 -12.7137 
vt 8.07215 -12.7011 
vt 8.07327 -12.7268 
vt 8.07215 -12.7011 
vt 8.04887 -12.7017 
vt 8.06107 -12.7142 
vt 8.08009 -12.6917 
vt 8.08009 -12.6917 
vt 8.05996 -12.6886 
vt 8.07215 -12.7011 
vt 8.0679 -12.6792 
vt 8.05996 -12.6886 
vt 8.05996 -12.6886 
vt 8.03668 -12.6891 
vt 8.04887 -12.7017 
vt 8.03276 -12.7162 
vt 8.06522 -12.7152 
vt 8.04834 -12.6978 
vt 8.04964 -12.7336 
vt 8.04776 -12.676 
vt 8.0679 -12.6792 
vt 8.04776 -12.676 
vt 8.05996 -12.6886 
vt 8.0557 -12.6666 
vt 8.10809 -12.6586 
vt 8.15581 -12.6292 
vt 8.13319 -12.629 
vt 8.14539 -12.6415 
vt 8.12029 -12.6712 
vt 8.15561 -12.652 
vt 8.14539 -12.6415 
vt 8.13051 -12.6817 
vt 8.14361 -12.6166 
vt 8.15379 -12.6046 
vt 8.13142 -12.6041 
vt 8.14361 -12.6166 
vt 8.14159 -12.5921 
vt 8.14361 -12.6166 
vt 8.121 -12.6164 
vt 8.13319 -12.629 
vt 8.10809 -12.6586 
vt 8.14539 -12.6415 
vt 8.13319 -12.629 
vt 8.12029 -12.6712 
vt 8.09589 -12.6461 
vt 8.13319 -12.629 
vt 8.121 -12.6164 
vt 8.13142 -12.6041 
vt 8.13142 -12.6041 
vt 8.1088 -12.6039 
vt 8.121 -12.6164 
vt 8.11922 -12.5915 
vt 8.10809 -12.6586 
vt 8.121 -12.6164 
vt 8.08369 -12.6335 
vt 8.09589 -12.6461 
vt 8.09589 -12.6461 
vt 8.0557 -12.6666 
vt 8.09589 -12.6461 
vt 8.08369 -12.6335 
vt 8.08369 -12.6335 
vt 8.1088 -12.6039 
vt 8.07347 -12.623 
vt 8.1088 -12.6039 
vt 8.09858 -12.5934 
vt 8.0679 -12.6792 
vt 8.0557 -12.6666 
vt 8.08369 -12.6335 
vt 8.04548 -12.6561 
vt 8.03754 -12.6655 
vt 8.04776 -12.676 
vt 8.0557 -12.6666 
vt 8.04548 -12.6561 
vt 8.04548 -12.6561 
vt 8.07347 -12.623 
vt 8.03689 -12.6473 
vt 8.07347 -12.623 
vt 8.06488 -12.6142 
vt 7.98909 -13.0045 
vt 7.9808 -12.9944 
vt 7.97607 -12.9886 
vt 7.98165 -12.9986 
vt 7.94353 -12.8394 
vt 7.9321 -12.6792 
vt 7.89191 -12.6586 
vt 7.91991 -12.6917 
vt 7.92785 -12.7011 
vt 7.90771 -12.7043 
vt 7.91565 -12.7137 
vt 7.91565 -12.7137 
vt 7.90771 -12.7043 
vt 7.89749 -12.7148 
vt 7.8609 -12.6905 
vt 7.8889 -12.7236 
vt 7.89749 -12.7148 
vt 7.86949 -12.6817 
vt 7.89749 -12.7148 
vt 7.90771 -12.7043 
vt 7.90543 -12.7242 
vt 7.86949 -12.6817 
vt 7.87971 -12.6712 
vt 7.91991 -12.6917 
vt 7.87971 -12.6712 
vt 7.90771 -12.7043 
vt 7.91991 -12.6917 
vt 7.9572 -12.7891 
vt 7.96724 -12.7162 
vt 7.95166 -12.6978 
vt 7.93478 -12.7152 
vt 7.95036 -12.7336 
vt 7.94004 -12.6886 
vt 7.95113 -12.7017 
vt 7.96332 -12.6891 
vt 7.9321 -12.6792 
vt 7.95224 -12.676 
vt 7.9443 -12.6666 
vt 7.95224 -12.676 
vt 7.94004 -12.6886 
vt 7.93893 -12.7142 
vt 7.92785 -12.7011 
vt 7.91565 -12.7137 
vt 7.92673 -12.7268 
vt 7.92785 -12.7011 
vt 7.93893 -12.7142 
vt 7.95113 -12.7017 
vt 7.94004 -12.6886 
vt 7.94004 -12.6886 
vt 7.91991 -12.6917 
vt 7.92785 -12.7011 
vt 7.9321 -12.6792 
vt 7.89191 -12.6586 
vt 7.85461 -12.6415 
vt 7.89191 -12.6586 
vt 7.86681 -12.629 
vt 7.87971 -12.6712 
vt 7.86681 -12.629 
vt 7.90411 -12.6461 
vt 7.879 -12.6164 
vt 7.85638 -12.6166 
vt 7.879 -12.6164 
vt 7.86858 -12.6041 
vt 7.8912 -12.6039 
vt 7.86858 -12.6041 
vt 7.879 -12.6164 
vt 7.88078 -12.5915 
vt 7.86681 -12.629 
vt 7.86681 -12.629 
vt 7.84419 -12.6292 
vt 7.85461 -12.6415 
vt 7.87971 -12.6712 
vt 7.85461 -12.6415 
vt 7.84439 -12.652 
vt 7.86949 -12.6817 
vt 7.85638 -12.6166 
vt 7.86858 -12.6041 
vt 7.84621 -12.6046 
vt 7.85638 -12.6166 
vt 7.85841 -12.5921 
vt 7.89191 -12.6586 
vt 7.95452 -12.6561 
vt 7.91631 -12.6335 
vt 7.9443 -12.6666 
vt 7.96246 -12.6655 
vt 7.9443 -12.6666 
vt 7.95224 -12.676 
vt 7.95452 -12.6561 
vt 7.96311 -12.6473 
vt 7.92653 -12.623 
vt 7.95452 -12.6561 
vt 7.92653 -12.623 
vt 7.93512 -12.6142 
vt 7.9443 -12.6666 
vt 7.90411 -12.6461 
vt 7.9321 -12.6792 
vt 7.91631 -12.6335 
vt 7.879 -12.6164 
vt 7.90411 -12.6461 
vt 7.90411 -12.6461 
vt 7.91631 -12.6335 
vt 7.92653 -12.623 
vt 7.8912 -12.6039 
vt 7.91631 -12.6335 
vt 7.8912 -12.6039 
vt 7.90142 -12.5934 

usemtl Cube1Mtl

f 544/544/544 545/545/545 546/546/546 
f 545/545/545 544/544/544 547/547/547 
f 549/549/549 550/550/550 551/551/551 
f 550/550/550 549/549/549 552/552/552 
f 532/532/532 533/533/533 534/534/534 
f 533/533/533 532/532/532 535/535/535 
f 540/540/540 541/541/541 542/542/542 
f 541/541/541 540/540/540 543/543/543 
f 528/528/528 529/529/529 530/530/530 
f 528/528/528 530/530/530 531/531/531 
f 536/536/536 537/537/537 538/538/538 
f 536/536/536 539/539/539 537/537/537 
f 553/553/553 554/554/554 555/555/555 
f 554/554/554 553/553/553 560/560/560 
f 556/556/556 557/557/557 558/558/558 
f 557/557/557 556/556/556 559/559/559 
f 525/525/525 526/526/526 527/527/527 
f 526/526/526 525/525/525 548/548/548 
f 515/515/515 516/516/516 517/517/517 
f 516/516/516 515/515/515 518/518/518 
f 519/519/519 520/520/520 521/521/521 
f 520/520/520 519/519/519 524/524/524 
f 511/511/511 512/512/512 513/513/513 
f 512/512/512 511/511/511 514/514/514 
f 497/497/497 498/498/498 499/499/499 
f 523/523/523 497/497/497 499/499/499 
f 508/508/508 509/509/509 510/510/510 
f 509/509/509 508/508/508 522/522/522 
f 493/493/493 494/494/494 495/495/495 
f 496/496/496 493/493/493 495/495/495 
f 504/504/504 505/505/505 506/506/506 
f 504/504/504 507/507/507 505/505/505 
f 489/489/489 490/490/490 491/491/491 
f 490/490/490 489/489/489 492/492/492 
f 500/500/500 501/501/501 502/502/502 
f 501/501/501 500/500/500 503/503/503 
f 626/626/626 627/627/627 628/628/628 
f 628/628/628 629/629/629 626/626/626 
f 719/719/719 720/720/720 721/721/721 
f 730/730/730 720/720/720 719/719/719 
f 622/622/622 623/623/623 624/624/624 
f 624/624/624 625/625/625 622/622/622 
f 633/633/633 634/634/634 635/635/635 
f 635/635/635 637/637/637 633/633/633 
f 711/711/711 712/712/712 713/713/713 
f 713/713/713 712/712/712 715/715/715 
f 726/726/726 727/727/727 728/728/728 
f 728/728/728 727/727/727 729/729/729 
f 618/618/618 619/619/619 620/620/620 
f 619/619/619 618/618/618 621/621/621 
f 641/641/641 642/642/642 643/643/643 
f 642/642/642 641/641/641 652/652/652 
f 722/722/722 723/723/723 724/724/724 
f 723/723/723 722/722/722 725/725/725 
f 731/731/731 732/732/732 733/733/733 
f 732/732/732 731/731/731 752/752/752 
f 599/599/599 600/600/600 601/601/601 
f 600/600/600 599/599/599 602/602/602 
f 647/647/647 648/648/648 649/649/649 
f 648/648/648 647/647/647 653/653/653 
f 701/701/701 702/702/702 703/703/703 
f 702/702/702 701/701/701 704/704/704 
f 743/743/743 744/744/744 745/745/745 
f 744/744/744 743/743/743 749/749/749 
f 659/659/659 660/660/660 661/661/661 
f 660/660/660 659/659/659 662/662/662 
f 739/739/739 740/740/740 741/741/741 
f 740/740/740 739/739/739 742/742/742 
f 644/644/644 645/645/645 646/646/646 
f 645/645/645 644/644/644 650/650/650 
f 655/655/655 656/656/656 657/657/657 
f 656/656/656 655/655/655 658/658/658 
f 735/735/735 736/736/736 737/737/737 
f 736/736/736 735/735/735 738/738/738 
f 746/746/746 747/747/747 748/748/748 
f 747/747/747 746/746/746 750/750/750 
f 615/615/615 616/616/616 617/617/617 
f 616/616/616 615/615/615 654/654/654 
f 638/638/638 639/639/639 640/640/640 
f 639/639/639 638/638/638 651/651/651 
f 705/705/705 706/706/706 707/707/707 
f 706/706/706 705/705/705 734/734/734 
f 716/716/716 717/717/717 718/718/718 
f 717/717/717 716/716/716 751/751/751 
f 611/611/611 612/612/612 613/613/613 
f 612/612/612 611/611/611 614/614/614 
f 691/691/691 692/692/692 693/693/693 
f 692/692/692 691/691/691 694/694/694 
f 630/630/630 631/631/631 632/632/632 
f 631/631/631 630/630/630 636/636/636 
f 708/708/708 709/709/709 710/710/710 
f 709/709/709 708/708/708 714/714/714 
f 608/608/608 609/609/609 610/610/610 
f 609/609/609 608/608/608 690/690/690 
f 595/595/595 596/596/596 597/597/597 
f 598/598/598 595/595/595 597/597/597 
f 697/697/697 698/698/698 699/699/699 
f 697/697/697 699/699/699 700/700/700 
f 605/605/605 606/606/606 607/607/607 
f 607/607/607 606/606/606 689/689/689 
f 576/576/576 577/577/577 578/578/578 
f 577/577/577 576/576/576 663/663/663 
f 583/583/583 584/584/584 585/585/585 
f 584/584/584 583/583/583 671/671/671 
f 586/586/586 587/587/587 588/588/588 
f 587/587/587 586/586/586 672/672/672 
f 572/572/572 573/573/573 574/574/574 
f 573/573/573 572/572/572 579/579/579 
f 667/667/667 668/668/668 669/669/669 
f 668/668/668 667/667/667 682/682/682 
f 592/592/592 593/593/593 594/594/594 
f 593/593/593 592/592/592 604/604/604 
f 686/686/686 687/687/687 688/688/688 
f 687/687/687 686/686/686 696/696/696 
f 580/580/580 581/581/581 582/582/582 
f 581/581/581 580/580/580 670/670/670 
f 589/589/589 590/590/590 591/591/591 
f 590/590/590 589/589/589 603/603/603 
f 683/683/683 684/684/684 685/685/685 
f 695/695/695 684/684/684 683/683/683 
f 565/565/565 566/566/566 567/567/567 
f 566/566/566 565/565/565 568/568/568 
f 673/673/673 674/674/674 675/675/675 
f 675/675/675 674/674/674 680/680/680 
f 569/569/569 570/570/570 571/571/571 
f 570/570/570 569/569/569 575/575/575 
f 664/664/664 665/665/665 666/666/666 
f 666/666/666 665/665/665 681/681/681 
f 561/561/561 562/562/562 563/563/563 
f 562/562/562 561/561/561 564/564/564 
f 676/676/676 677/677/677 678/678/678 
f 679/679/679 677/677/677 676/676/676 
f 788/788/788 789/789/789 790/790/790 
f 789/789/789 788/788/788 791/791/791 
f 820/820/820 821/821/821 822/822/822 
f 821/821/821 820/820/820 823/823/823 
f 772/772/772 773/773/773 774/774/774 
f 773/773/773 772/772/772 792/792/792 
f 817/817/817 818/818/818 819/819/819 
f 818/818/818 817/817/817 824/824/824 
f 767/767/767 768/768/768 769/769/769 
f 768/768/768 767/767/767 771/771/771 
f 805/805/805 806/806/806 807/807/807 
f 806/806/806 805/805/805 809/809/809 
f 764/764/764 765/765/765 766/766/766 
f 766/766/766 765/765/765 770/770/770 
f 802/802/802 803/803/803 804/804/804 
f 803/803/803 802/802/802 808/808/808 
f 761/761/761 762/762/762 763/763/763 
f 762/762/762 761/761/761 787/787/787 
f 810/810/810 811/811/811 812/812/812 
f 811/811/811 810/810/810 816/816/816 
f 756/756/756 757/757/757 758/758/758 
f 757/757/757 756/756/756 760/760/760 
f 797/797/797 798/798/798 799/799/799 
f 798/798/798 797/797/797 801/801/801 
f 753/753/753 754/754/754 755/755/755 
f 755/755/755 754/754/754 759/759/759 
f 794/794/794 795/795/795 796/796/796 
f 795/795/795 794/794/794 800/800/800 
f 781/781/781 782/782/782 783/783/783 
f 782/782/782 781/781/781 813/813/813 
f 775/775/775 776/776/776 777/777/777 
f 776/776/776 775/775/775 815/815/815 
f 778/778/778 779/779/779 780/780/780 
f 779/779/779 778/778/778 814/814/814 
f 784/784/784 785/785/785 786/786/786 
f 785/785/785 784/784/784 793/793/793 
f 833/833/833 834/834/834 835/835/835 
f 834/834/834 833/833/833 847/847/847 
f 844/844/844 845/845/845 846/846/846 
f 848/848/848 845/845/845 844/844/844 
f 825/825/825 826/826/826 827/827/827 
f 826/826/826 825/825/825 828/828/828 
f 836/836/836 837/837/837 838/838/838 
f 837/837/837 836/836/836 839/839/839 
f 829/829/829 830/830/830 831/831/831 
f 831/831/831 830/830/830 832/832/832 
f 840/840/840 841/841/841 842/842/842 
f 841/841/841 843/843/843 842/842/842 
f 853/853/853 854/854/854 855/855/855 
f 854/854/854 856/856/856 855/855/855 
f 857/857/857 858/858/858 859/859/859 
f 860/860/860 859/859/859 858/858/858 
f 849/849/849 850/850/850 851/851/851 
f 850/850/850 849/849/849 852/852/852 
f 861/861/861 862/862/862 863/863/863 
f 862/862/862 861/861/861 886/886/886 
f 883/883/883 884/884/884 885/885/885 
f 891/891/891 884/884/884 883/883/883 
f 887/887/887 888/888/888 889/889/889 
f 888/888/888 887/887/887 890/890/890 
f 880/880/880 881/881/881 882/882/882 
f 881/881/881 880/880/880 896/896/896 
f 892/892/892 893/893/893 894/894/894 
f 893/893/893 892/892/892 895/895/895 
f 864/864/864 865/865/865 866/866/866 
f 865/865/865 864/864/864 867/867/867 
f 875/875/875 876/876/876 877/877/877 
f 876/876/876 875/875/875 878/878/878 
f 868/868/868 869/869/869 870/870/870 
f 869/869/869 868/868/868 871/871/871 
f 872/872/872 873/873/873 874/874/874 
f 873/873/873 872/872/872 879/879/879 
f 897/897/897 898/898/898 899/899/899 
f 913/913/913 897/897/897 899/899/899 
f 1003/1003/1003 1004/1004/1004 1005/1005/1005 
f 1003/1003/1003 1006/1006/1006 1004/1004/1004 
f 900/900/900 901/901/901 902/902/902 
f 912/912/912 900/900/900 902/902/902 
f 991/991/991 992/992/992 993/993/993 
f 991/991/991 1010/1010/1010 992/992/992 
f 903/903/903 904/904/904 905/905/905 
f 914/914/914 903/903/903 905/905/905 
f 988/988/988 989/989/989 990/990/990 
f 988/988/988 1007/1007/1007 989/989/989 
f 906/906/906 907/907/907 908/908/908 
f 907/907/907 906/906/906 916/916/916 
f 997/997/997 998/998/998 999/999/999 
f 998/998/998 997/997/997 1009/1009/1009 
f 909/909/909 910/910/910 911/911/911 
f 915/915/915 909/909/909 911/911/911 
f 994/994/994 995/995/995 996/996/996 
f 994/994/994 1008/1008/1008 995/995/995 
f 917/917/917 918/918/918 919/919/919 
f 918/918/918 920/920/920 919/919/919 
f 1000/1000/1000 1001/1001/1001 1002/1002/1002 
f 1000/1000/1000 1020/1020/1020 1001/1001/1001 
f 937/937/937 938/938/938 939/939/939 
f 938/938/938 937/937/937 1011/1011/1011 
f 940/940/940 941/941/941 942/942/942 
f 941/941/941 940/940/940 987/987/987 
f 964/964/964 965/965/965 966/966/966 
f 965/965/965 964/964/964 967/967/967 
f 1038/1038/1038 1039/1039/1039 1040/1040/1040 
f 1039/1039/1039 1038/1038/1038 1041/1041/1041 
f 933/933/933 934/934/934 935/935/935 
f 934/934/934 933/933/933 963/963/963 
f 950/950/950 951/951/951 952/952/952 
f 951/951/951 950/950/950 961/961/961 
f 1027/1027/1027 1028/1028/1028 1029/1029/1029 
f 1028/1028/1028 1027/1027/1027 1037/1037/1037 
f 1042/1042/1042 1043/1043/1043 1044/1044/1044 
f 1043/1043/1043 1042/1042/1042 1045/1045/1045 
f 921/921/921 922/922/922 923/923/923 
f 922/922/922 921/921/921 969/969/969 
f 953/953/953 954/954/954 955/955/955 
f 954/954/954 953/953/953 956/956/956 
f 1021/1021/1021 1022/1022/1022 1023/1023/1023 
f 1022/1022/1022 1021/1021/1021 1067/1067/1067 
f 1046/1046/1046 1047/1047/1047 1048/1048/1048 
f 1047/1047/1047 1046/1046/1046 1049/1049/1049 
f 927/927/927 928/928/928 929/929/929 
f 928/928/928 927/927/927 936/936/936 
f 1015/1015/1015 1016/1016/1016 1017/1017/1017 
f 1016/1016/1016 1015/1015/1015 1018/1018/1018 
f 957/957/957 958/958/958 959/959/959 
f 958/958/958 957/957/957 960/960/960 
f 1050/1050/1050 1051/1051/1051 1052/1052/1052 
f 1051/1051/1051 1050/1050/1050 1053/1053/1053 
f 943/943/943 944/944/944 945/945/945 
f 944/944/944 943/943/943 946/946/946 
f 1012/1012/1012 1013/1013/1013 1014/1014/1014 
f 1013/1013/1013 1012/1012/1012 1019/1019/1019 
f 924/924/924 925/925/925 926/926/926 
f 925/925/925 924/924/924 970/970/970 
f 971/971/971 972/972/972 973/973/973 
f 972/972/972 971/971/971 974/974/974 
f 975/975/975 976/976/976 977/977/977 
f 976/976/976 975/975/975 982/982/982 
f 1024/1024/1024 1025/1025/1025 1026/1026/1026 
f 1025/1025/1025 1024/1024/1024 1068/1068/1068 
f 1055/1055/1055 1056/1056/1056 1057/1057/1057 
f 1056/1056/1056 1055/1055/1055 1066/1066/1066 
f 1069/1069/1069 1070/1070/1070 1071/1071/1071 
f 1070/1070/1070 1069/1069/1069 1072/1072/1072 
f 947/947/947 948/948/948 949/949/949 
f 949/949/949 948/948/948 968/968/968 
f 978/978/978 979/979/979 980/980/980 
f 980/980/980 979/979/979 981/981/981 
f 1033/1033/1033 1034/1034/1034 1035/1035/1035 
f 1034/1034/1034 1033/1033/1033 1054/1054/1054 
f 1058/1058/1058 1059/1059/1059 1060/1060/1060 
f 1060/1060/1060 1061/1061/1061 1058/1058/1058 
f 930/930/930 931/931/931 932/932/932 
f 932/932/932 931/931/931 962/962/962 
f 983/983/983 984/984/984 985/985/985 
f 985/985/985 984/984/984 986/986/986 
f 1030/1030/1030 1031/1031/1031 1032/1032/1032 
f 1031/1031/1031 1030/1030/1030 1036/1036/1036 
f 1062/1062/1062 1063/1063/1063 1064/1064/1064 
f 1064/1064/1064 1065/1065/1065 1062/1062/1062 
f 1094/1094/1094 1095/1095/1095 1096/1096/1096 
f 1095/1095/1095 1094/1094/1094 1192/1192/1192 
f 1100/1100/1100 1101/1101/1101 1102/1102/1102 
f 1101/1101/1101 1100/1100/1100 1193/1193/1193 
f 1091/1091/1091 1092/1092/1092 1093/1093/1093 
f 1092/1092/1092 1091/1091/1091 1191/1191/1191 
f 1097/1097/1097 1098/1098/1098 1099/1099/1099 
f 1098/1098/1098 1097/1097/1097 1194/1194/1194 
f 1073/1073/1073 1074/1074/1074 1075/1075/1075 
f 1074/1074/1074 1073/1073/1073 1083/1083/1083 
f 1076/1076/1076 1077/1077/1077 1078/1078/1078 
f 1077/1077/1077 1076/1076/1076 1079/1079/1079 
f 1080/1080/1080 1081/1081/1081 1082/1082/1082 
f 1081/1081/1081 1080/1080/1080 1084/1084/1084 
f 1085/1085/1085 1086/1086/1086 1087/1087/1087 
f 1086/1086/1086 1085/1085/1085 1137/1137/1137 
f 1088/1088/1088 1089/1089/1089 1090/1090/1090 
f 1089/1089/1089 1088/1088/1088 1169/1169/1169 
f 1109/1109/1109 1110/1110/1110 1111/1111/1111 
f 1110/1110/1110 1109/1109/1109 1119/1119/1119 
f 1112/1112/1112 1113/1113/1113 1114/1114/1114 
f 1113/1113/1113 1112/1112/1112 1115/1115/1115 
f 1116/1116/1116 1117/1117/1117 1118/1118/1118 
f 1117/1117/1117 1116/1116/1116 1124/1124/1124 
f 1120/1120/1120 1121/1121/1121 1122/1122/1122 
f 1121/1121/1121 1120/1120/1120 1123/1123/1123 
f 1125/1125/1125 1126/1126/1126 1127/1127/1127 
f 1126/1126/1126 1125/1125/1125 1132/1132/1132 
f 1133/1133/1133 1134/1134/1134 1135/1135/1135 
f 1134/1134/1134 1133/1133/1133 1136/1136/1136 
f 1138/1138/1138 1139/1139/1139 1140/1140/1140 
f 1139/1139/1139 1138/1138/1138 1145/1145/1145 
f 1141/1141/1141 1142/1142/1142 1143/1143/1143 
f 1142/1142/1142 1141/1141/1141 1144/1144/1144 
f 1146/1146/1146 1147/1147/1147 1148/1148/1148 
f 1147/1147/1147 1146/1146/1146 1149/1149/1149 
f 1150/1150/1150 1151/1151/1151 1152/1152/1152 
f 1151/1151/1151 1150/1150/1150 1160/1160/1160 
f 1153/1153/1153 1154/1154/1154 1155/1155/1155 
f 1154/1154/1154 1153/1153/1153 1156/1156/1156 
f 1157/1157/1157 1158/1158/1158 1159/1159/1159 
f 1158/1158/1158 1157/1157/1157 1165/1165/1165 
f 1161/1161/1161 1162/1162/1162 1163/1163/1163 
f 1162/1162/1162 1161/1161/1161 1164/1164/1164 
f 1166/1166/1166 1167/1167/1167 1168/1168/1168 
f 1167/1167/1167 1166/1166/1166 1176/1176/1176 
f 1170/1170/1170 1171/1171/1171 1172/1172/1172 
f 1171/1171/1171 1170/1170/1170 1178/1178/1178 
f 1173/1173/1173 1174/1174/1174 1175/1175/1175 
f 1174/1174/1174 1177/1177/1177 1175/1175/1175 
f 1179/1179/1179 1180/1180/1180 1181/1181/1181 
f 1189/1189/1189 1181/1181/1181 1180/1180/1180 
f 1182/1182/1182 1183/1183/1183 1184/1184/1184 
f 1184/1184/1184 1185/1185/1185 1182/1182/1182 
f 1186/1186/1186 1187/1187/1187 1188/1188/1188 
f 1190/1190/1190 1188/1188/1188 1187/1187/1187 
f 1196/1196/1196 1197/1197/1197 1198/1198/1198 
f 1197/1197/1197 1196/1196/1196 1290/1290/1290 
f 1199/1199/1199 1200/1200/1200 1201/1201/1201 
f 1200/1200/1200 1199/1199/1199 1217/1217/1217 
f 1202/1202/1202 1203/1203/1203 1204/1204/1204 
f 1211/1211/1211 1202/1202/1202 1204/1204/1204 
f 1205/1205/1205 1206/1206/1206 1207/1207/1207 
f 1207/1207/1207 1212/1212/1212 1205/1205/1205 
f 1208/1208/1208 1209/1209/1209 1210/1210/1210 
f 1210/1210/1210 1213/1213/1213 1208/1208/1208 
f 1214/1214/1214 1215/1215/1215 1216/1216/1216 
f 1215/1215/1215 1214/1214/1214 1243/1243/1243 
f 1223/1223/1223 1224/1224/1224 1225/1225/1225 
f 1225/1225/1225 1229/1229/1229 1223/1223/1223 
f 1226/1226/1226 1227/1227/1227 1228/1228/1228 
f 1227/1227/1227 1226/1226/1226 1230/1230/1230 
f 1231/1231/1231 1232/1232/1232 1233/1233/1233 
f 1233/1233/1233 1234/1234/1234 1231/1231/1231 
f 1235/1235/1235 1236/1236/1236 1237/1237/1237 
f 1237/1237/1237 1238/1238/1238 1235/1235/1235 
f 1239/1239/1239 1240/1240/1240 1241/1241/1241 
f 1240/1240/1240 1239/1239/1239 1242/1242/1242 
f 1244/1244/1244 1245/1245/1245 1246/1246/1246 
f 1245/1245/1245 1244/1244/1244 1247/1247/1247 
f 1248/1248/1248 1249/1249/1249 1250/1250/1250 
f 1249/1249/1249 1248/1248/1248 1271/1271/1271 
f 1251/1251/1251 1252/1252/1252 1253/1253/1253 
f 1252/1252/1252 1251/1251/1251 1258/1258/1258 
f 1254/1254/1254 1255/1255/1255 1256/1256/1256 
f 1255/1255/1255 1254/1254/1254 1257/1257/1257 
f 1259/1259/1259 1260/1260/1260 1261/1261/1261 
f 1260/1260/1260 1259/1259/1259 1266/1266/1266 
f 1262/1262/1262 1263/1263/1263 1264/1264/1264 
f 1264/1264/1264 1265/1265/1265 1262/1262/1262 
f 1267/1267/1267 1268/1268/1268 1269/1269/1269 
f 1268/1268/1268 1267/1267/1267 1270/1270/1270 
f 1272/1272/1272 1273/1273/1273 1274/1274/1274 
f 1273/1273/1273 1272/1272/1272 1282/1282/1282 
f 1275/1275/1275 1276/1276/1276 1277/1277/1277 
f 1276/1276/1276 1275/1275/1275 1278/1278/1278 
f 1279/1279/1279 1280/1280/1280 1281/1281/1281 
f 1280/1280/1280 1279/1279/1279 1283/1283/1283 
f 1284/1284/1284 1285/1285/1285 1286/1286/1286 
f 1285/1285/1285 1284/1284/1284 1291/1291/1291 
f 1287/1287/1287 1288/1288/1288 1289/1289/1289 
f 1288/1288/1288 1287/1287/1287 1295/1295/1295 
f 1292/1292/1292 1293/1293/1293 1294/1294/1294 
f 1293/1293/1293 1292/1292/1292 1296/1296/1296 
f 1128/1128/1128 1129/1129/1129 1130/1130/1130 
f 1129/1129/1129 1128/1128/1128 1131/1131/1131 
f 1219/1219/1219 1220/1220/1220 1221/1221/1221 
f 1221/1221/1221 1222/1222/1222 1219/1219/1219 
f 1106/1106/1106 1107/1107/1107 1108/1108/1108 
f 1107/1107/1107 1106/1106/1106 1218/1218/1218 
f 1103/1103/1103 1104/1104/1104 1105/1105/1105 
f 1104/1104/1104 1103/1103/1103 1195/1195/1195 

g Cube0201

v 1.00879 5.02597 1.15912 
v 1.00879 4.76721 1.25946 
v 1.00879 4.94676 1.33867 
v 1.17042 4.97642 -0.202813 
v 1.17042 5.19474 -0.421141 
v 1.17042 4.97642 -0.421141 
v 1.17042 5.19474 -0.202813 
v 1.00879 4.84642 1.07991 
v 1.00603 5.14684 1.10493 
v 1.00603 5.48218 0.974889 
v 1.00603 5.24949 0.872236 
v 1.00603 5.37953 1.20758 
v 1.002 5.24532 1.72253 
v 1.002 5.69207 1.5493 
v 1.002 5.38208 1.41254 
v 1.16734 5.57638 -0.813527 
v 1.16734 5.29344 -0.530581 
v 1.16734 5.57638 -0.530581 
v 0.995163 5.00645 -2.19455 
v 0.995163 4.84087 -2.11569 
v 0.995163 4.91973 -1.95011 
v 0.995163 5.08531 -2.02897 
v 1.16734 5.29344 -0.813527 
v 0.992577 5.51647 -1.86924 
v 0.992577 5.19969 -1.98162 
v 0.992577 5.30189 -1.76704 
v 0.992577 5.41427 -2.08383 
v 0.988814 5.5608 -2.69738 
v 0.988814 5.27493 -2.56123 
v 0.988815 5.41109 -2.27536 
v 1.002 5.55531 1.85929 
v 1.16287 6.04795 0.0538443 
v 1.16287 5.67101 -0.323096 
v 1.16287 5.67101 0.0538442 
v 1.16287 6.04795 -0.323096 
v 0.178778 6.56706 -0.00663468 
v 0.178778 6.59679 -0.318571 
v 0.178778 6.56706 -0.318571 
v 0.178778 6.59679 -0.00663468 
v 0.159728 5.76276 2.03793 
v 0.159728 5.86116 1.7657 
v 0.159728 5.73793 2.02619 
v 0.159728 5.88598 1.77744 
v -0.210599 6.16913 1.20019 
v -0.210599 5.92289 1.61391 
v -0.210599 5.96418 1.63345 
v 0.631044 6.59527 -0.733714 
v 0.631044 6.56858 -0.453687 
v 0.631044 6.59527 -0.453687 
v 0.988814 5.69695 -2.41152 
v 1.16223 6.09966 -0.460797 
v 1.16223 6.48993 -0.851065 
v 1.16223 6.09966 -0.851065 
v 1.16223 6.48993 -0.460797 
v 0.631045 6.1624 -2.04949 
v 0.631045 6.01068 -2.28636 
v 0.631045 6.13866 -2.03729 
v 0.631045 6.03441 -2.29855 
v 0.631044 6.56858 -0.733714 
v -0.210599 6.12785 1.18066 
v -0.914946 4.76721 1.25946 
v -0.914946 5.02597 1.15912 
v -0.914946 4.84642 1.07991 
v -0.914946 4.94676 1.33867 
v -0.917714 5.14684 1.10493 
v -0.917714 5.48218 0.974889 
v -0.917714 5.24949 0.872236 
v -0.917714 5.37953 1.20758 
v -1.07868 4.97642 -0.202814 
v -1.07868 5.19474 -0.421141 
v -1.07868 4.97642 -0.421141 
v -1.07868 5.19474 -0.202813 
v -0.921739 5.24532 1.72253 
v -0.921739 5.69207 1.5493 
v -0.921739 5.38208 1.41254 
v -1.08176 5.57638 -0.813527 
v -1.08176 5.29344 -0.530581 
v -1.08176 5.57638 -0.530581 
v -0.90009 4.91973 -1.95011 
v -0.90009 5.00645 -2.19455 
v -0.90009 4.84087 -2.11569 
v -0.90009 5.08531 -2.02897 
v -0.902676 5.19969 -1.98162 
v -0.902677 5.30189 -1.76704 
v -0.902677 5.51647 -1.86924 
v -0.902676 5.41427 -2.08383 
v -1.08176 5.29344 -0.813527 
v -0.906438 5.41109 -2.27536 
v -0.906438 5.5608 -2.69738 
v -0.906438 5.27493 -2.56123 
v -0.921739 5.55531 1.85929 
v -0.747911 5.92714 1.70325 
v -0.747911 5.71999 2.0513 
v -0.747911 5.75472 2.06773 
v -0.747911 5.89241 1.68682 
v -0.803749 6.60272 -0.410225 
v -0.803749 6.56113 0.0262446 
v -0.803749 6.60272 0.0262446 
v -0.803749 6.56113 -0.410225 
v -1.08624 6.04795 0.0538442 
v -1.08624 5.67101 -0.323096 
v -1.08624 5.67101 0.0538442 
v -1.08624 6.04795 -0.323096 
v -1.08687 6.48993 -0.851065 
v -1.08687 6.09966 -0.460797 
v -1.08687 6.48993 -0.460797 
v -0.849171 5.95501 -2.49611 
v -0.849171 5.73096 -2.8459 
v -0.849171 5.91996 -2.4781 
v -0.222104 6.55721 -0.495677 
v -0.222104 6.60665 -1.01451 
v -0.222104 6.55721 -1.01451 
v -0.222104 6.60665 -0.495677 
v -0.849171 5.76601 -2.86391 
v -0.906438 5.69695 -2.41152 
v -1.08687 6.09966 -0.851065 
v 1.19123 5.19474 -0.202813 
v 1.19123 5.19474 -0.421141 
v 1.17042 5.19474 -0.421141 
v 1.17042 5.19474 -0.202813 
v 1.03026 5.37953 1.20758 
v 1.03026 5.48218 0.974889 
v 1.00603 5.48218 0.974889 
v 1.0275 4.94676 1.33867 
v 1.0275 5.02597 1.15912 
v 1.00879 5.02597 1.15912 
v 1.00879 4.94676 1.33867 
v 1.00603 5.37953 1.20758 
v 1.03429 5.55531 1.85929 
v 1.002 5.69207 1.5493 
v 1.002 5.55531 1.85929 
v 1.19431 5.57638 -0.530581 
v 1.16734 5.57638 -0.813527 
v 1.16734 5.57638 -0.530581 
v 0.995163 5.00645 -2.19455 
v 1.01264 5.08531 -2.02897 
v 1.01264 5.00645 -2.19455 
v 1.01523 5.41427 -2.08383 
v 0.992577 5.51647 -1.86924 
v 1.01523 5.51647 -1.86924 
v 1.19431 5.57638 -0.813527 
v 0.995163 5.08531 -2.02897 
v 0.992577 5.41427 -2.08383 
v 0.988814 5.69695 -2.41152 
v 1.01899 5.5608 -2.69738 
v 0.988814 5.5608 -2.69738 
v 1.03429 5.69207 1.5493 
v 1.19879 6.04795 0.0538443 
v 1.16287 6.04795 -0.323096 
v 1.16287 6.04795 0.0538443 
v 1.19879 6.04795 -0.323096 
v 0.911071 6.59527 -0.453687 
v 0.631044 6.59527 -0.733714 
v 0.631044 6.59527 -0.453687 
v 0.490714 6.59679 -0.318571 
v 0.178778 6.59679 -0.318571 
v 0.490714 6.59679 -0.00663468 
v 0.447889 5.76276 2.03793 
v 0.159728 5.88598 1.77744 
v 0.159728 5.76276 2.03793 
v 0.447889 5.88598 1.77744 
v 0.178778 6.59679 -0.00663468 
v 1.19942 6.48993 -0.460797 
v 1.16223 6.48993 -0.851065 
v 1.16223 6.48993 -0.460797 
v 1.01899 5.69695 -2.41152 
v 0.911071 6.03441 -2.29855 
v 0.631045 6.03441 -2.29855 
v 0.911071 6.1624 -2.04949 
v 1.19942 6.48993 -0.851065 
v 0.911071 6.59527 -0.733714 
v 0.631045 6.1624 -2.04949 
v 0.296733 6.60665 -1.01451 
v -0.222104 6.60665 -1.01451 
v 0.296733 6.60665 -0.495677 
v 0.268694 6.16913 1.20019 
v -0.210599 5.96418 1.63345 
v 0.268694 5.96417 1.63345 
v -0.896246 4.94676 1.33867 
v -0.896246 5.02597 1.15912 
v -0.914946 4.94676 1.33867 
v -0.893479 5.37953 1.20758 
v -0.893479 5.48218 0.974889 
v -0.917714 5.37953 1.20758 
v -0.889453 5.55531 1.85929 
v -0.889453 5.69207 1.5493 
v -0.921739 5.55531 1.85929 
v -0.914946 5.02597 1.15912 
v -1.05787 5.19474 -0.202813 
v -1.05787 5.19474 -0.421141 
v -1.07868 5.19474 -0.202813 
v -1.07868 5.19474 -0.421141 
v -0.917714 5.48218 0.974889 
v -1.0548 5.57638 -0.530581 
v -1.0548 5.57638 -0.813527 
v -1.08176 5.57638 -0.530581 
v -0.882614 5.00645 -2.19455 
v -0.90009 5.08531 -2.02897 
v -0.882614 5.08531 -2.02897 
v -0.902676 5.41427 -2.08383 
v -0.880028 5.51647 -1.86924 
v -0.880028 5.41427 -2.08383 
v -0.906438 5.5608 -2.69738 
v -0.876266 5.69695 -2.41152 
v -0.876265 5.5608 -2.69738 
v -0.90009 5.00645 -2.19455 
v -0.902677 5.51647 -1.86924 
v -1.08176 5.57638 -0.813527 
v -0.921739 5.69207 1.5493 
v -0.344709 5.75472 2.06773 
v -0.747911 5.92714 1.70325 
v -0.747911 5.75472 2.06773 
v -0.344709 5.92714 1.70325 
v -0.210599 6.16913 1.20019 
v -0.367279 6.60272 0.0262447 
v -0.803749 6.60272 -0.410225 
v -0.803749 6.60272 0.0262446 
v -1.05032 6.04795 0.0538442 
v -1.05032 6.04795 -0.323096 
v -1.08624 6.04795 0.0538442 
v -1.08624 6.04795 -0.323096 
v -0.367279 6.60272 -0.410225 
v -0.849171 5.76601 -2.86391 
v -0.435654 5.95501 -2.49611 
v -0.435654 5.76601 -2.86391 
v -0.849171 5.95501 -2.49611 
v -0.222104 6.60665 -0.495677 
v -0.906438 5.69695 -2.41152 
v -1.04968 6.48993 -0.460797 
v -1.04968 6.48993 -0.851065 
v -1.08687 6.48993 -0.460797 
v -1.08687 6.48993 -0.851065 
v 1.17042 5.19474 -0.421141 
v 1.19123 4.97642 -0.421141 
v 1.17042 4.97642 -0.421141 
v 1.19123 5.19474 -0.421141 
v 1.19431 5.57638 -0.813527 
v 1.16734 5.29344 -0.813527 
v 1.16734 5.57638 -0.813527 
v 1.00603 5.24949 0.872236 
v 1.03026 5.48218 0.974889 
v 1.03026 5.24949 0.872236 
v 1.00879 5.02597 1.15912 
v 1.0275 4.84642 1.07991 
v 1.00879 4.84642 1.07991 
v 1.0275 5.02597 1.15912 
v 1.00603 5.48218 0.974889 
v 1.19431 5.29344 -0.813527 
v 1.01264 4.84087 -2.11569 
v 0.995163 5.00645 -2.19455 
v 1.01264 5.00645 -2.19455 
v 1.01523 5.19969 -1.98162 
v 0.992577 5.41427 -2.08383 
v 1.01523 5.41427 -2.08383 
v 1.01899 5.5608 -2.69738 
v 1.01899 5.27493 -2.56123 
v 0.988814 5.27493 -2.56123 
v 0.995163 4.84087 -2.11569 
v 0.992577 5.19969 -1.98162 
v 0.988814 5.5608 -2.69738 
v 1.002 5.38208 1.41254 
v 1.03429 5.69207 1.5493 
v 1.03429 5.38208 1.41254 
v 1.002 5.69207 1.5493 
v 1.16287 5.67101 -0.323096 
v 1.19879 6.04795 -0.323096 
v 1.19879 5.67101 -0.323096 
v 1.16287 6.04795 -0.323096 
v 0.178778 6.56706 -0.318571 
v 0.490714 6.59679 -0.318571 
v 0.490714 6.56706 -0.318571 
v 0.159728 5.86116 1.7657 
v 0.447889 5.88598 1.77744 
v 0.447889 5.86116 1.7657 
v 0.159728 5.88598 1.77744 
v 0.178778 6.59679 -0.318571 
v 0.631044 6.56858 -0.733714 
v 0.911071 6.59527 -0.733714 
v 0.911071 6.56858 -0.733714 
v 0.631045 6.01068 -2.28636 
v 0.911071 6.03441 -2.29855 
v 0.911071 6.01068 -2.28636 
v 1.16223 6.09966 -0.851065 
v 1.19942 6.48993 -0.851065 
v 1.19942 6.09966 -0.851065 
v 1.16223 6.48993 -0.851065 
v 0.631045 6.03441 -2.29855 
v -0.222104 6.55721 -1.01451 
v 0.296733 6.60665 -1.01451 
v 0.296733 6.55721 -1.01451 
v 0.631044 6.59527 -0.733714 
v -0.210599 6.12785 1.18066 
v 0.268694 6.16913 1.20019 
v 0.268694 6.12785 1.18066 
v -0.914946 4.84642 1.07991 
v -0.896246 5.02597 1.15912 
v -0.896246 4.84642 1.07991 
v -0.914946 5.02597 1.15912 
v -0.893479 5.48218 0.974889 
v -0.893479 5.24949 0.872236 
v -0.917714 5.48218 0.974889 
v -0.917714 5.24949 0.872236 
v -1.07868 4.97642 -0.421141 
v -1.05787 5.19474 -0.421141 
v -1.05787 4.97642 -0.421141 
v -1.07868 5.19474 -0.421141 
v -1.08176 5.57638 -0.813527 
v -1.0548 5.29344 -0.813527 
v -1.08176 5.29344 -0.813527 
v -1.0548 5.57638 -0.813527 
v -0.90009 4.84087 -2.11569 
v -0.882614 5.00645 -2.19455 
v -0.882614 4.84087 -2.11569 
v -0.902676 5.19969 -1.98162 
v -0.880028 5.41427 -2.08383 
v -0.880028 5.19969 -1.98162 
v -0.876265 5.5608 -2.69738 
v -0.876266 5.27493 -2.56123 
v -0.906438 5.5608 -2.69738 
v -0.90009 5.00645 -2.19455 
v -0.902676 5.41427 -2.08383 
v -0.906438 5.27493 -2.56123 
v -0.921739 5.69207 1.5493 
v -0.889453 5.38208 1.41254 
v -0.921739 5.38208 1.41254 
v -0.747911 5.89241 1.68682 
v -0.344709 5.92714 1.70325 
v -0.344709 5.89241 1.68682 
v -0.747911 5.92714 1.70325 
v -0.210599 6.16913 1.20019 
v -0.889453 5.69207 1.5493 
v -1.08624 6.04795 -0.323096 
v -1.05032 5.67101 -0.323096 
v -1.08624 5.67101 -0.323096 
v -1.05032 6.04795 -0.323096 
v -0.803749 6.56113 -0.410225 
v -0.367279 6.60272 -0.410225 
v -0.367279 6.56113 -0.410225 
v -0.849171 5.73096 -2.8459 
v -0.435654 5.76601 -2.86391 
v -0.435654 5.73096 -2.8459 
v -0.803749 6.60272 -0.410225 
v -0.222104 6.60665 -1.01451 
v -0.849171 5.76601 -2.86391 
v -1.08687 6.48993 -0.851065 
v -1.04968 6.09966 -0.851065 
v -1.08687 6.09966 -0.851065 
v -1.04968 6.48993 -0.851065 
v 1.19123 5.19474 -0.421141 
v 1.19123 4.97642 -0.202813 
v 1.19123 4.97642 -0.421141 
v 1.19123 5.19474 -0.202813 
v 1.03429 5.69207 1.5493 
v 1.03429 5.24532 1.72253 
v 1.03429 5.38208 1.41254 
v 1.03026 5.14684 1.10493 
v 1.03026 5.48218 0.974889 
v 1.03026 5.37953 1.20758 
v 1.0275 5.02597 1.15912 
v 1.0275 4.76721 1.25946 
v 1.0275 4.84642 1.07991 
v 1.0275 4.94676 1.33867 
v 1.03026 5.24949 0.872236 
v 1.19431 5.29344 -0.530581 
v 1.19431 5.57638 -0.813527 
v 1.19431 5.57638 -0.530581 
v 1.01523 5.19969 -1.98162 
v 1.01523 5.51647 -1.86924 
v 1.01523 5.30189 -1.76704 
v 1.19431 5.29344 -0.813527 
v 1.01899 5.5608 -2.69738 
v 1.01899 5.41109 -2.27536 
v 1.01899 5.27493 -2.56123 
v 1.01523 5.41427 -2.08383 
v 1.01264 5.00645 -2.19455 
v 1.01264 4.91973 -1.95011 
v 1.01264 4.84087 -2.11569 
v 1.01264 5.08531 -2.02897 
v 1.03429 5.55531 1.85929 
v 1.19879 5.67101 -0.323096 
v 1.19879 6.04795 0.0538443 
v 1.19879 5.67101 0.0538442 
v 1.19879 6.04795 -0.323096 
v 0.911071 6.56858 -0.733714 
v 0.911071 6.59527 -0.453687 
v 0.911071 6.56858 -0.453687 
v 0.490714 6.56706 -0.318571 
v 0.490714 6.59679 -0.00663468 
v 0.490714 6.56706 -0.00663468 
v 0.447889 5.73793 2.02619 
v 0.447889 5.86116 1.7657 
v 0.447889 5.76276 2.03793 
v 0.447889 5.88598 1.77744 
v 0.490714 6.59679 -0.318571 
v 1.19942 6.09966 -0.460797 
v 1.19942 6.48993 -0.851065 
v 1.19942 6.48993 -0.460797 
v 1.01899 5.69695 -2.41152 
v 0.911071 6.01068 -2.28636 
v 0.911071 6.1624 -2.04949 
v 0.911071 6.13866 -2.03729 
v 1.19942 6.09966 -0.851065 
v 0.911071 6.03441 -2.29855 
v 0.296733 6.55721 -1.01451 
v 0.296733 6.60665 -0.495677 
v 0.296733 6.55721 -0.495677 
v 0.911071 6.59527 -0.733714 
v 0.296733 6.60665 -1.01451 
v -0.893479 5.14684 1.10493 
v -0.893479 5.24949 0.872236 
v -0.893479 5.48218 0.974889 
v -0.893479 5.37953 1.20758 
v -0.889453 5.24532 1.72253 
v -0.889453 5.38208 1.41254 
v -0.889453 5.69207 1.5493 
v -0.896246 4.94676 1.33867 
v -0.896246 4.76721 1.25946 
v -0.896246 5.02597 1.15912 
v -0.896246 4.84642 1.07991 
v -1.05787 5.19474 -0.421141 
v -1.05787 4.97642 -0.202814 
v -1.05787 4.97642 -0.421141 
v -1.05787 5.19474 -0.202813 
v -1.0548 5.57638 -0.813527 
v -1.0548 5.57638 -0.530581 
v -1.0548 5.29344 -0.530581 
v -0.880028 5.19969 -1.98162 
v -0.880028 5.51647 -1.86924 
v -0.880028 5.30189 -1.76704 
v -0.880028 5.41427 -2.08383 
v -0.876265 5.5608 -2.69738 
v -0.876266 5.41109 -2.27536 
v -0.876266 5.27493 -2.56123 
v -0.882614 4.91973 -1.95011 
v -0.882614 5.00645 -2.19455 
v -0.882614 5.08531 -2.02897 
v -0.882614 4.84087 -2.11569 
v -1.0548 5.29344 -0.813527 
v -0.889453 5.55531 1.85929 
v -0.344709 5.92714 1.70325 
v -0.344709 5.71999 2.0513 
v -0.344709 5.89241 1.68682 
v 0.268694 5.92289 1.61391 
v 0.268694 6.16913 1.20019 
v 0.268694 5.96417 1.63345 
v 0.268694 6.12785 1.18066 
v -0.344709 5.75472 2.06773 
v -1.05032 5.67101 -0.323096 
v -1.05032 6.04795 0.0538442 
v -1.05032 5.67101 0.0538442 
v -0.367279 6.56113 -0.410225 
v -0.367279 6.60272 0.0262447 
v -0.367279 6.56113 0.0262447 
v -1.05032 6.04795 -0.323096 
v -0.435654 5.95501 -2.49611 
v -0.435654 5.73096 -2.8459 
v -0.435654 5.76601 -2.86391 
v -0.435654 5.91996 -2.4781 
v -0.367279 6.60272 -0.410225 
v -0.876266 5.69695 -2.41152 
v -1.04968 6.48993 -0.851065 
v -1.04968 6.09966 -0.460797 
v -1.04968 6.09966 -0.851065 
v -1.04968 6.48993 -0.460797 
v 1.17042 4.97642 -0.202813 
v 1.19123 4.97642 -0.421141 
v 1.19123 4.97642 -0.202813 
v 1.17042 4.97642 -0.421141 
v 1.002 5.24532 1.72253 
v 1.03429 5.38208 1.41254 
v 1.03429 5.24532 1.72253 
v 1.00603 5.14684 1.10493 
v 1.03026 5.24949 0.872236 
v 1.03026 5.14684 1.10493 
v 1.00879 4.76721 1.25946 
v 1.0275 4.84642 1.07991 
v 1.0275 4.76721 1.25946 
v 1.00879 4.84642 1.07991 
v 1.00603 5.24949 0.872236 
v 1.16734 5.29344 -0.530581 
v 1.19431 5.29344 -0.813527 
v 1.19431 5.29344 -0.530581 
v 0.995163 4.91973 -1.95011 
v 1.01264 4.84087 -2.11569 
v 1.01264 4.91973 -1.95011 
v 1.01523 5.30189 -1.76704 
v 0.992577 5.19969 -1.98162 
v 1.01523 5.19969 -1.98162 
v 1.16734 5.29344 -0.813527 
v 0.995163 4.84087 -2.11569 
v 0.992577 5.30189 -1.76704 
v 0.988815 5.41109 -2.27536 
v 0.988814 5.27493 -2.56123 
v 1.01899 5.27493 -2.56123 
v 1.002 5.38208 1.41254 
v 1.16287 5.67101 0.0538442 
v 1.19879 5.67101 -0.323096 
v 1.19879 5.67101 0.0538442 
v 1.16287 5.67101 -0.323096 
v 0.631044 6.56858 -0.453687 
v 0.911071 6.56858 -0.733714 
v 0.911071 6.56858 -0.453687 
v 0.178778 6.56706 -0.00663468 
v 0.490714 6.56706 -0.318571 
v 0.490714 6.56706 -0.00663468 
v 0.159728 5.86116 1.7657 
v 0.447889 5.73793 2.02619 
v 0.159728 5.73793 2.02619 
v 0.447889 5.86116 1.7657 
v 0.178778 6.56706 -0.318571 
v 1.16223 6.09966 -0.460797 
v 1.19942 6.09966 -0.851065 
v 1.19942 6.09966 -0.460797 
v 1.01899 5.41109 -2.27536 
v 0.631045 6.13866 -2.03729 
v 0.911071 6.01068 -2.28636 
v 0.911071 6.13866 -2.03729 
v 1.16223 6.09966 -0.851065 
v 0.631045 6.01068 -2.28636 
v -0.222104 6.55721 -0.495677 
v 0.296733 6.55721 -1.01451 
v 0.296733 6.55721 -0.495677 
v 0.631044 6.56858 -0.733714 
v -0.210599 5.92289 1.61391 
v 0.268694 6.12785 1.18066 
v 0.268694 5.92289 1.61391 
v -0.914946 4.84642 1.07991 
v -0.896246 4.76721 1.25946 
v -0.914946 4.76721 1.25946 
v -0.896246 4.84642 1.07991 
v -0.893479 5.14684 1.10493 
v -0.917714 5.24949 0.872236 
v -0.893479 5.24949 0.872236 
v -0.917714 5.14684 1.10493 
v -1.05787 4.97642 -0.202814 
v -1.07868 4.97642 -0.421141 
v -1.05787 4.97642 -0.421141 
v -1.07868 4.97642 -0.202814 
v -0.921739 5.38208 1.41254 
v -0.889453 5.24532 1.72253 
v -0.921739 5.24532 1.72253 
v -1.08176 5.29344 -0.813527 
v -1.0548 5.29344 -0.530581 
v -1.08176 5.29344 -0.530581 
v -0.882614 4.84087 -2.11569 
v -0.882614 4.91973 -1.95011 
v -0.90009 4.84087 -2.11569 
v -0.902677 5.30189 -1.76704 
v -0.880028 5.19969 -1.98162 
v -0.880028 5.30189 -1.76704 
v -0.876266 5.27493 -2.56123 
v -0.876266 5.41109 -2.27536 
v -0.906438 5.27493 -2.56123 
v -0.90009 4.91973 -1.95011 
v -0.902676 5.19969 -1.98162 
v -1.0548 5.29344 -0.813527 
v -0.889453 5.38208 1.41254 
v -0.747911 5.71999 2.0513 
v -0.344709 5.89241 1.68682 
v -0.344709 5.71999 2.0513 
v -0.210599 6.12785 1.18066 
v -0.803749 6.56113 0.0262446 
v -0.367279 6.56113 -0.410225 
v -0.367279 6.56113 0.0262447 
v -0.747911 5.89241 1.68682 
v -1.05032 5.67101 0.0538442 
v -1.08624 5.67101 -0.323096 
v -1.05032 5.67101 -0.323096 
v -1.08624 5.67101 0.0538442 
v -0.803749 6.56113 -0.410225 
v -0.849171 5.91996 -2.4781 
v -0.849171 5.73096 -2.8459 
v -0.435654 5.73096 -2.8459 
v -0.435654 5.91996 -2.4781 
v -0.222104 6.55721 -1.01451 
v -0.906438 5.41109 -2.27536 
v -1.08687 6.09966 -0.851065 
v -1.04968 6.09966 -0.460797 
v -1.08687 6.09966 -0.460797 
v -1.04968 6.09966 -0.851065 
v 1.19123 4.97642 -0.202813 
v 1.19123 5.19474 -0.202813 
v 1.17042 5.19474 -0.202813 
v 1.03026 5.37953 1.20758 
v 1.00603 5.14684 1.10493 
v 1.03026 5.14684 1.10493 
v 1.03429 5.24532 1.72253 
v 1.03429 5.55531 1.85929 
v 1.002 5.55531 1.85929 
v 1.0275 4.76721 1.25946 
v 1.0275 4.94676 1.33867 
v 1.00879 4.94676 1.33867 
v 1.00879 4.76721 1.25946 
v 1.00603 5.37953 1.20758 
v 1.002 5.24532 1.72253 
v 1.17042 4.97642 -0.202813 
v 1.19431 5.57638 -0.530581 
v 1.16734 5.29344 -0.530581 
v 1.19431 5.29344 -0.530581 
v 0.992577 5.51647 -1.86924 
v 1.01523 5.30189 -1.76704 
v 1.01523 5.51647 -1.86924 
v 1.16734 5.57638 -0.530581 
v 1.01264 5.08531 -2.02897 
v 0.995163 4.91973 -1.95011 
v 1.01264 4.91973 -1.95011 
v 0.995163 5.08531 -2.02897 
v 0.992577 5.30189 -1.76704 
v 1.01899 5.69695 -2.41152 
v 0.988815 5.41109 -2.27536 
v 1.01899 5.41109 -2.27536 
v 1.19879 6.04795 0.0538443 
v 1.16287 5.67101 0.0538442 
v 1.19879 5.67101 0.0538442 
v 1.16287 6.04795 0.0538443 
v 0.631044 6.59527 -0.453687 
v 0.911071 6.56858 -0.453687 
v 0.911071 6.59527 -0.453687 
v 0.178778 6.59679 -0.00663468 
v 0.490714 6.56706 -0.00663468 
v 0.490714 6.59679 -0.00663468 
v 0.447889 5.73793 2.02619 
v 0.159728 5.76276 2.03793 
v 0.159728 5.73793 2.02619 
v 0.447889 5.76276 2.03793 
v 0.178778 6.56706 -0.00663468 
v 0.631044 6.56858 -0.453687 
v 0.988814 5.69695 -2.41152 
v 1.16223 6.48993 -0.460797 
v 1.16223 6.09966 -0.460797 
v 1.19942 6.09966 -0.460797 
v 1.19942 6.48993 -0.460797 
v 0.631045 6.1624 -2.04949 
v 0.911071 6.13866 -2.03729 
v 0.911071 6.1624 -2.04949 
v 0.631045 6.13866 -2.03729 
v -0.222104 6.60665 -0.495677 
v 0.296733 6.55721 -0.495677 
v 0.296733 6.60665 -0.495677 
v -0.210599 5.96418 1.63345 
v 0.268694 5.92289 1.61391 
v 0.268694 5.96417 1.63345 
v -0.896246 4.94676 1.33867 
v -0.914946 4.76721 1.25946 
v -0.896246 4.76721 1.25946 
v -0.917714 5.37953 1.20758 
v -0.893479 5.14684 1.10493 
v -0.893479 5.37953 1.20758 
v -0.889453 5.55531 1.85929 
v -0.921739 5.24532 1.72253 
v -0.889453 5.24532 1.72253 
v -0.914946 4.94676 1.33867 
v -1.05787 5.19474 -0.202813 
v -1.07868 4.97642 -0.202814 
v -1.05787 4.97642 -0.202814 
v -0.917714 5.14684 1.10493 
v -0.921739 5.55531 1.85929 
v -1.07868 5.19474 -0.202813 
v -0.882614 4.91973 -1.95011 
v -0.90009 5.08531 -2.02897 
v -0.90009 4.91973 -1.95011 
v -0.882614 5.08531 -2.02897 
v -0.880028 5.51647 -1.86924 
v -0.902677 5.30189 -1.76704 
v -0.880028 5.30189 -1.76704 
v -0.902677 5.51647 -1.86924 
v -1.0548 5.29344 -0.530581 
v -1.08176 5.57638 -0.530581 
v -1.08176 5.29344 -0.530581 
v -1.0548 5.57638 -0.530581 
v -0.876266 5.41109 -2.27536 
v -0.906438 5.69695 -2.41152 
v -0.906438 5.41109 -2.27536 
v -0.747911 5.75472 2.06773 
v -0.344709 5.71999 2.0513 
v -0.344709 5.75472 2.06773 
v -0.210599 5.92289 1.61391 
v -0.803749 6.60272 0.0262446 
v -0.367279 6.56113 0.0262447 
v -0.367279 6.60272 0.0262447 
v -0.747911 5.71999 2.0513 
v -1.05032 5.67101 0.0538442 
v -1.08624 6.04795 0.0538442 
v -1.08624 5.67101 0.0538442 
v -1.05032 6.04795 0.0538442 
v -0.803749 6.56113 0.0262446 
v -0.435654 5.91996 -2.4781 
v -0.849171 5.95501 -2.49611 
v -0.849171 5.91996 -2.4781 
v -0.435654 5.95501 -2.49611 
v -0.222104 6.55721 -0.495677 
v -0.876266 5.69695 -2.41152 
v -1.04968 6.48993 -0.460797 
v -1.08687 6.09966 -0.460797 
v -1.04968 6.09966 -0.460797 
v -1.08687 6.48993 -0.460797 

vn -1 0 0 
vn -1 0 0 
vn -1 0 0 
vn -1 0 0 
vn -1 0 0 
vn -1 0 0 
vn -1 0 0 
vn -1 0 0 
vn -1 0 0 
vn -1 0 0 
vn -1 0 0 
vn -1 0 0 
vn -1 0 0 
vn -1 0 0 
vn -1 0 0 
vn -1 0 0 
vn -1 0 0 
vn -1 0 0 
vn -1 0 0 
vn -1 0 0 
vn -1 0 0 
vn -1 0 0 
vn -1 0 0 
vn -1 0 0 
vn -1 0 0 
vn -1 0 0 
vn -1 0 0 
vn -1 0 0 
vn -1 0 0 
vn -1 0 0 
vn -1 0 0 
vn -1 0 0 
vn -1 0 0 
vn -1 0 0 
vn -1 0 0 
vn -1 0 0 
vn -1 0 0 
vn -1 0 0 
vn -1 0 0 
vn -1 0 0 
vn -1 0 0 
vn -1 0 0 
vn -1 0 0 
vn -1 0 0 
vn -1 0 0 
vn -1 0 0 
vn -1 0 0 
vn -1 0 0 
vn -1 0 0 
vn -1 0 0 
vn -1 0 0 
vn -1 0 0 
vn -1 0 0 
vn -1 0 0 
vn -1 0 0 
vn -1 0 0 
vn -1 0 0 
vn -1 0 0 
vn -1 0 0 
vn -1 0 0 
vn -1 0 0 
vn -1 0 0 
vn -1 0 0 
vn -1 0 0 
vn -1 0 0 
vn -1 0 0 
vn -1 0 0 
vn -1 0 0 
vn -1 0 0 
vn -1 0 0 
vn -1 0 0 
vn -1 0 0 
vn -1 0 0 
vn -1 0 0 
vn -1 0 0 
vn -1 0 0 
vn -1 0 0 
vn -1 0 0 
vn -1 0 0 
vn -1 0 0 
vn -1 0 0 
vn -1 0 0 
vn -1 0 0 
vn -1 0 0 
vn -1 0 0 
vn -1 0 0 
vn -1 0 0 
vn -1 0 0 
vn -1 0 0 
vn -1 0 0 
vn -1 0 0 
vn -1 0 0 
vn -1 0 0 
vn -1 0 0 
vn -1 0 0 
vn -1 0 0 
vn -1 0 0 
vn -1 0 0 
vn -1 0 0 
vn -1 0 0 
vn -1 0 0 
vn -1 0 0 
vn -1 0 0 
vn -1 0 0 
vn -1 0 0 
vn -1 0 0 
vn -1 0 0 
vn -1 0 0 
vn -1 0 0 
vn -1 0 0 
vn -1 0 0 
vn -1 0 0 
vn -1 0 0 
vn -1 0 0 
vn -1 0 0 
vn -1 0 0 
vn 0 1 0 
vn 0 1 0 
vn 0 1 0 
vn 0 1 0 
vn 0 0.913386 0.401575 
vn 0 0.913386 0.401575 
vn 0 0.913386 0.401575 
vn 0 0.913386 0.401575 
vn 0 0.913386 0.401575 
vn 0 0.913386 0.401575 
vn 0 0.913386 0.401575 
vn 0 0.913386 0.401575 
vn 0 0.913386 0.401575 
vn 0 0.913386 0.401575 
vn 0 0.913386 0.401575 
vn 0 1 0 
vn 0 1 0 
vn 0 1 0 
vn 0 0.905512 -0.433071 
vn 0 0.905512 -0.433071 
vn 0 0.905512 -0.433071 
vn 0 0.905512 -0.433071 
vn 0 0.905512 -0.433071 
vn 0 0.905512 -0.433071 
vn 0 1 0 
vn 0 0.905512 -0.433071 
vn 0 0.905512 -0.433071 
vn 0 0.905512 -0.433071 
vn 0 0.905512 -0.433071 
vn 0 0.905512 -0.433071 
vn 0 0.913386 0.401575 
vn 0 1 0 
vn 0 1 0 
vn 0 1 0 
vn 0 1 0 
vn 0 1 0 
vn 0 1 0 
vn 0 1 0 
vn 0 1 0 
vn 0 1 0 
vn 0 1 0 
vn 0 0.905512 0.425197 
vn 0 0.905512 0.425197 
vn 0 0.905512 0.425197 
vn 0 0.905512 0.425197 
vn 0 1 0 
vn 0 1 0 
vn 0 1 0 
vn 0 1 0 
vn 0 0.905512 -0.433071 
vn 0 0.889764 -0.456693 
vn 0 0.889764 -0.456693 
vn 0 0.889764 -0.456693 
vn 0 1 0 
vn 0 1 0 
vn 0 0.889764 -0.456693 
vn 0 1 0 
vn 0 1 0 
vn 0 1 0 
vn 0 0.905512 0.425197 
vn 0 0.905512 0.425197 
vn 0 0.905512 0.425197 
vn 0 0.913386 0.401575 
vn 0 0.913386 0.401575 
vn 0 0.913386 0.401575 
vn 0 0.913386 0.401575 
vn 0 0.913386 0.401575 
vn 0 0.913386 0.401575 
vn 0 0.913386 0.401575 
vn 0 0.913386 0.401575 
vn 0 0.913386 0.401575 
vn 0 0.913386 0.401575 
vn 0 1 0 
vn 0 1 0 
vn 0 1 0 
vn 0 1 0 
vn 0 0.913386 0.401575 
vn 0 1 0 
vn 0 1 0 
vn 0 1 0 
vn 0 0.905512 -0.433071 
vn 0 0.905512 -0.433071 
vn 0 0.905512 -0.433071 
vn 0 0.905512 -0.433071 
vn 0 0.905512 -0.433071 
vn 0 0.905512 -0.433071 
vn 0 0.905512 -0.433071 
vn 0 0.905512 -0.433071 
vn 0 0.905512 -0.433071 
vn 0 0.905512 -0.433071 
vn 0 0.905512 -0.433071 
vn 0 1 0 
vn 0 0.913386 0.401575 
vn 0 0.905512 0.425197 
vn 0 0.905512 0.425197 
vn 0 0.905512 0.425197 
vn 0 0.905512 0.425197 
vn 0 0.905512 0.425197 
vn 0 1 0 
vn 0 1 0 
vn 0 1 0 
vn 0 1 0 
vn 0 1 0 
vn 0 1 0 
vn 0 1 0 
vn 0 1 0 
vn 0 0.889764 -0.456693 
vn 0 0.889764 -0.456693 
vn 0 0.889764 -0.456693 
vn 0 0.889764 -0.456693 
vn 0 1 0 
vn 0 0.905512 -0.433071 
vn 0 1 0 
vn 0 1 0 
vn 0 1 0 
vn 0 1 0 
vn 0 0 -1 
vn 0 0 -1 
vn 0 0 -1 
vn 0 0 -1 
vn 0 0 -1 
vn 0 0 -1 
vn 0 0 -1 
vn 0 0.401575 -0.913386 
vn 0 0.401575 -0.913386 
vn 0 0.401575 -0.913386 
vn 0 0.401575 -0.913386 
vn 0 0.401575 -0.913386 
vn 0 0.401575 -0.913386 
vn 0 0.401575 -0.913386 
vn 0 0.401575 -0.913386 
vn 0 0 -1 
vn 0 -0.433071 -0.905512 
vn 0 -0.433071 -0.905512 
vn 0 -0.433071 -0.905512 
vn 0 -0.433071 -0.905512 
vn 0 -0.433071 -0.905512 
vn 0 -0.433071 -0.905512 
vn 0 -0.433071 -0.905512 
vn 0 -0.433071 -0.905512 
vn 0 -0.433071 -0.905512 
vn 0 -0.433071 -0.905512 
vn 0 -0.433071 -0.905512 
vn 0 -0.433071 -0.905512 
vn 0 0.401575 -0.913386 
vn 0 0.401575 -0.913386 
vn 0 0.401575 -0.913386 
vn 0 0.401575 -0.913386 
vn 0 0 -1 
vn 0 0 -1 
vn 0 0 -1 
vn 0 0 -1 
vn 0 0 -1 
vn 0 0 -1 
vn 0 0 -1 
vn 0 0.425197 -0.905512 
vn 0 0.425197 -0.905512 
vn 0 0.425197 -0.905512 
vn 0 0.425197 -0.905512 
vn 0 0 -1 
vn 0 0 -1 
vn 0 0 -1 
vn 0 0 -1 
vn 0 -0.456693 -0.889764 
vn 0 -0.456693 -0.889764 
vn 0 -0.456693 -0.889764 
vn 0 0 -1 
vn 0 0 -1 
vn 0 0 -1 
vn 0 0 -1 
vn 0 -0.456693 -0.889764 
vn 0 0 -1 
vn 0 0 -1 
vn 0 0 -1 
vn 0 0 -1 
vn 0 0.425197 -0.905512 
vn 0 0.425197 -0.905512 
vn 0 0.425197 -0.905512 
vn 0 0.401575 -0.913386 
vn 0 0.401575 -0.913386 
vn 0 0.401575 -0.913386 
vn 0 0.401575 -0.913386 
vn 0 0.401575 -0.913386 
vn 0 0.401575 -0.913386 
vn 0 0.401575 -0.913386 
vn 0 0.401575 -0.913386 
vn 0 0 -1 
vn 0 0 -1 
vn 0 0 -1 
vn 0 0 -1 
vn 0 0 -1 
vn 0 0 -1 
vn 0 0 -1 
vn 0 0 -1 
vn 0 -0.433071 -0.905512 
vn 0 -0.433071 -0.905512 
vn 0 -0.433071 -0.905512 
vn 0 -0.433071 -0.905512 
vn 0 -0.433071 -0.905512 
vn 0 -0.433071 -0.905512 
vn 0 -0.433071 -0.905512 
vn 0 -0.433071 -0.905512 
vn 0 -0.433071 -0.905512 
vn 0 -0.433071 -0.905512 
vn 0 -0.433071 -0.905512 
vn 0 -0.433071 -0.905512 
vn 0 0.401575 -0.913386 
vn 0 0.401575 -0.913386 
vn 0 0.401575 -0.913386 
vn 0 0.425197 -0.905512 
vn 0 0.425197 -0.905512 
vn 0 0.425197 -0.905512 
vn 0 0.425197 -0.905512 
vn 0 0.425197 -0.905512 
vn 0 0.401575 -0.913386 
vn 0 0 -1 
vn 0 0 -1 
vn 0 0 -1 
vn 0 0 -1 
vn 0 0 -1 
vn 0 0 -1 
vn 0 0 -1 
vn 0 -0.456693 -0.889764 
vn 0 -0.456693 -0.889764 
vn 0 -0.456693 -0.889764 
vn 0 0 -1 
vn 0 0 -1 
vn 0 -0.456693 -0.889764 
vn 0 0 -1 
vn 0 0 -1 
vn 0 0 -1 
vn 0 0 -1 
vn 1 0 0 
vn 1 0 0 
vn 1 0 0 
vn 1 0 0 
vn 1 0 0 
vn 1 0 0 
vn 1 0 0 
vn 1 0 0 
vn 1 0 0 
vn 1 0 0 
vn 1 0 0 
vn 1 0 0 
vn 1 0 0 
vn 1 0 0 
vn 1 0 0 
vn 1 0 0 
vn 1 0 0 
vn 1 0 0 
vn 1 0 0 
vn 1 0 0 
vn 1 0 0 
vn 1 0 0 
vn 1 0 0 
vn 1 0 0 
vn 1 0 0 
vn 1 0 0 
vn 1 0 0 
vn 1 0 0 
vn 1 0 0 
vn 1 0 0 
vn 1 0 0 
vn 1 0 0 
vn 1 0 0 
vn 1 0 0 
vn 1 0 0 
vn 1 0 0 
vn 1 0 0 
vn 1 0 0 
vn 1 0 0 
vn 1 0 0 
vn 1 0 0 
vn 1 0 0 
vn 1 0 0 
vn 1 0 0 
vn 1 0 0 
vn 1 0 0 
vn 1 0 0 
vn 1 0 0 
vn 1 0 0 
vn 1 0 0 
vn 1 0 0 
vn 1 0 0 
vn 1 0 0 
vn 1 0 0 
vn 1 0 0 
vn 1 0 0 
vn 1 0 0 
vn 1 0 0 
vn 1 0 0 
vn 1 0 0 
vn 1 0 0 
vn 1 0 0 
vn 1 0 0 
vn 1 0 0 
vn 1 0 0 
vn 1 0 0 
vn 1 0 0 
vn 1 0 0 
vn 1 0 0 
vn 1 0 0 
vn 1 0 0 
vn 1 0 0 
vn 1 0 0 
vn 1 0 0 
vn 1 0 0 
vn 1 0 0 
vn 1 0 0 
vn 1 0 0 
vn 1 0 0 
vn 1 0 0 
vn 1 0 0 
vn 1 0 0 
vn 1 0 0 
vn 1 0 0 
vn 1 0 0 
vn 1 0 0 
vn 1 0 0 
vn 1 0 0 
vn 1 0 0 
vn 1 0 0 
vn 1 0 0 
vn 1 0 0 
vn 1 0 0 
vn 1 0 0 
vn 1 0 0 
vn 1 0 0 
vn 1 0 0 
vn 1 0 0 
vn 1 0 0 
vn 1 0 0 
vn 1 0 0 
vn 1 0 0 
vn 1 0 0 
vn 1 0 0 
vn 1 0 0 
vn 1 0 0 
vn 1 0 0 
vn 1 0 0 
vn 1 0 0 
vn 1 0 0 
vn 1 0 0 
vn 1 0 0 
vn 1 0 0 
vn 1 0 0 
vn 1 0 0 
vn 1 0 0 
vn 0 -1 0 
vn 0 -1 0 
vn 0 -1 0 
vn 0 -1 0 
vn 0 -0.913386 -0.401575 
vn 0 -0.913386 -0.401575 
vn 0 -0.913386 -0.401575 
vn 0 -0.913386 -0.401575 
vn 0 -0.913386 -0.401575 
vn 0 -0.913386 -0.401575 
vn 0 -0.913386 -0.401575 
vn 0 -0.913386 -0.401575 
vn 0 -0.913386 -0.401575 
vn 0 -0.913386 -0.401575 
vn 0 -0.913386 -0.401575 
vn 0 -1 0 
vn 0 -1 0 
vn 0 -1 0 
vn 0 -0.905512 0.433071 
vn 0 -0.905512 0.433071 
vn 0 -0.905512 0.433071 
vn 0 -0.905512 0.433071 
vn 0 -0.905512 0.433071 
vn 0 -0.905512 0.433071 
vn 0 -1 0 
vn 0 -0.905512 0.433071 
vn 0 -0.905512 0.433071 
vn 0 -0.905512 0.433071 
vn 0 -0.905512 0.433071 
vn 0 -0.905512 0.433071 
vn 0 -0.913386 -0.401575 
vn 0 -1 0 
vn 0 -1 0 
vn 0 -1 0 
vn 0 -1 0 
vn 0 -1 0 
vn 0 -1 0 
vn 0 -1 0 
vn 0 -1 0 
vn 0 -1 0 
vn 0 -1 0 
vn 0 -0.905512 -0.425197 
vn 0 -0.905512 -0.425197 
vn 0 -0.905512 -0.425197 
vn 0 -0.905512 -0.425197 
vn 0 -1 0 
vn 0 -1 0 
vn 0 -1 0 
vn 0 -1 0 
vn 0 -0.905512 0.433071 
vn 0 -0.889764 0.456693 
vn 0 -0.889764 0.456693 
vn 0 -0.889764 0.456693 
vn 0 -1 0 
vn 0 -0.889764 0.456693 
vn 0 -1 0 
vn 0 -1 0 
vn 0 -1 0 
vn 0 -1 0 
vn 0 -0.905512 -0.425197 
vn 0 -0.905512 -0.425197 
vn 0 -0.905512 -0.425197 
vn 0 -0.913386 -0.401575 
vn 0 -0.913386 -0.401575 
vn 0 -0.913386 -0.401575 
vn 0 -0.913386 -0.401575 
vn 0 -0.913386 -0.401575 
vn 0 -0.913386 -0.401575 
vn 0 -0.913386 -0.401575 
vn 0 -0.913386 -0.401575 
vn 0 -1 0 
vn 0 -1 0 
vn 0 -1 0 
vn 0 -1 0 
vn 0 -0.913386 -0.401575 
vn 0 -0.913386 -0.401575 
vn 0 -0.913386 -0.401575 
vn 0 -1 0 
vn 0 -1 0 
vn 0 -1 0 
vn 0 -0.905512 0.433071 
vn 0 -0.905512 0.433071 
vn 0 -0.905512 0.433071 
vn 0 -0.905512 0.433071 
vn 0 -0.905512 0.433071 
vn 0 -0.905512 0.433071 
vn 0 -0.905512 0.433071 
vn 0 -0.905512 0.433071 
vn 0 -0.905512 0.433071 
vn 0 -0.905512 0.433071 
vn 0 -0.905512 0.433071 
vn 0 -1 0 
vn 0 -0.913386 -0.401575 
vn 0 -0.905512 -0.425197 
vn 0 -0.905512 -0.425197 
vn 0 -0.905512 -0.425197 
vn 0 -0.905512 -0.425197 
vn 0 -1 0 
vn 0 -1 0 
vn 0 -1 0 
vn 0 -0.905512 -0.425197 
vn 0 -1 0 
vn 0 -1 0 
vn 0 -1 0 
vn 0 -1 0 
vn 0 -1 0 
vn 0 -0.889764 0.456693 
vn 0 -0.889764 0.456693 
vn 0 -0.889764 0.456693 
vn 0 -0.889764 0.456693 
vn 0 -1 0 
vn 0 -0.905512 0.433071 
vn 0 -1 0 
vn 0 -1 0 
vn 0 -1 0 
vn 0 -1 0 
vn 0 0 1 
vn 0 0 1 
vn 0 0 1 
vn 0 -0.401575 0.913386 
vn 0 -0.401575 0.913386 
vn 0 -0.401575 0.913386 
vn 0 -0.401575 0.913386 
vn 0 -0.401575 0.913386 
vn 0 -0.401575 0.913386 
vn 0 -0.401575 0.913386 
vn 0 -0.401575 0.913386 
vn 0 -0.401575 0.913386 
vn 0 -0.401575 0.913386 
vn 0 -0.401575 0.913386 
vn 0 -0.401575 0.913386 
vn 0 0 1 
vn 0 0 1 
vn 0 0 1 
vn 0 0 1 
vn 0 0.433071 0.905512 
vn 0 0.433071 0.905512 
vn 0 0.433071 0.905512 
vn 0 0 1 
vn 0 0.433071 0.905512 
vn 0 0.433071 0.905512 
vn 0 0.433071 0.905512 
vn 0 0.433071 0.905512 
vn 0 0.433071 0.905512 
vn 0 0.433071 0.905512 
vn 0 0.433071 0.905512 
vn 0 0.433071 0.905512 
vn 0 0 1 
vn 0 0 1 
vn 0 0 1 
vn 0 0 1 
vn 0 0 1 
vn 0 0 1 
vn 0 0 1 
vn 0 0 1 
vn 0 0 1 
vn 0 0 1 
vn 0 -0.425197 0.905512 
vn 0 -0.425197 0.905512 
vn 0 -0.425197 0.905512 
vn 0 -0.425197 0.905512 
vn 0 0 1 
vn 0 0 1 
vn 0 0.433071 0.905512 
vn 0 0 1 
vn 0 0 1 
vn 0 0 1 
vn 0 0 1 
vn 0 0.456693 0.889764 
vn 0 0.456693 0.889764 
vn 0 0.456693 0.889764 
vn 0 0.456693 0.889764 
vn 0 0 1 
vn 0 0 1 
vn 0 0 1 
vn 0 -0.425197 0.905512 
vn 0 -0.425197 0.905512 
vn 0 -0.425197 0.905512 
vn 0 -0.401575 0.913386 
vn 0 -0.401575 0.913386 
vn 0 -0.401575 0.913386 
vn 0 -0.401575 0.913386 
vn 0 -0.401575 0.913386 
vn 0 -0.401575 0.913386 
vn 0 -0.401575 0.913386 
vn 0 -0.401575 0.913386 
vn 0 -0.401575 0.913386 
vn 0 -0.401575 0.913386 
vn 0 0 1 
vn 0 0 1 
vn 0 0 1 
vn 0 -0.401575 0.913386 
vn 0 -0.401575 0.913386 
vn 0 0 1 
vn 0 0.433071 0.905512 
vn 0 0.433071 0.905512 
vn 0 0.433071 0.905512 
vn 0 0.433071 0.905512 
vn 0 0.433071 0.905512 
vn 0 0.433071 0.905512 
vn 0 0.433071 0.905512 
vn 0 0.433071 0.905512 
vn 0 0 1 
vn 0 0 1 
vn 0 0 1 
vn 0 0 1 
vn 0 0.433071 0.905512 
vn 0 0.433071 0.905512 
vn 0 0.433071 0.905512 
vn 0 -0.425197 0.905512 
vn 0 -0.425197 0.905512 
vn 0 -0.425197 0.905512 
vn 0 -0.425197 0.905512 
vn 0 0 1 
vn 0 0 1 
vn 0 0 1 
vn 0 -0.425197 0.905512 
vn 0 0 1 
vn 0 0 1 
vn 0 0 1 
vn 0 0 1 
vn 0 0 1 
vn 0 0.456693 0.889764 
vn 0 0.456693 0.889764 
vn 0 0.456693 0.889764 
vn 0 0.456693 0.889764 
vn 0 0 1 
vn 0 0.433071 0.905512 
vn 0 0 1 
vn 0 0 1 
vn 0 0 1 
vn 0 0 1 

vt 42.1947 -27.0826 
vt 42.2072 -27.115 
vt 42.2171 -27.0925 
vt 42.0244 -27.0888 
vt 41.9971 -27.0615 
vt 41.9971 -27.0888 
vt 42.0244 -27.0615 
vt 42.1847 -27.1051 
vt 42.1879 -27.0675 
vt 42.1716 -27.0256 
vt 42.1588 -27.0547 
vt 42.2007 -27.0384 
vt 42.2651 -27.0552 
vt 42.2434 -26.9994 
vt 42.2263 -27.0381 
vt 41.9481 -27.0138 
vt 41.9834 -27.0492 
vt 41.9834 -27.0138 
vt 41.7754 -27.0851 
vt 41.7853 -27.1058 
vt 41.806 -27.0959 
vt 41.7961 -27.0752 
vt 41.9481 -27.0492 
vt 41.8161 -27.0213 
vt 41.8021 -27.0609 
vt 41.8289 -27.0481 
vt 41.7893 -27.0341 
vt 41.7126 -27.0158 
vt 41.7296 -27.0515 
vt 41.7653 -27.0345 
vt 42.2822 -27.0165 
vt 42.0565 -26.9549 
vt 42.0094 -27.002 
vt 42.0565 -27.002 
vt 42.0094 -26.9549 
vt 42.0489 -26.89 
vt 42.0099 -26.8863 
vt 42.0099 -26.89 
vt 42.0489 -26.8863 
vt 42.3045 -26.9905 
vt 42.2705 -26.9782 
vt 42.303 -26.9936 
vt 42.2719 -26.9751 
vt 42.1998 -26.9397 
vt 42.2515 -26.9705 
vt 42.2539 -26.9653 
vt 41.958 -26.8865 
vt 41.993 -26.8898 
vt 41.993 -26.8865 
vt 41.7483 -26.9987 
vt 41.9922 -26.9484 
vt 41.9434 -26.8996 
vt 41.9434 -26.9484 
vt 41.9922 -26.8996 
vt 41.7936 -26.9406 
vt 41.764 -26.9595 
vt 41.7951 -26.9435 
vt 41.7624 -26.9566 
vt 41.958 -26.8898 
vt 42.1973 -26.9449 
vt 42.2072 -27.115 
vt 42.1947 -27.0826 
vt 42.1847 -27.1051 
vt 42.2171 -27.0925 
vt 42.1879 -27.0675 
vt 42.1716 -27.0256 
vt 42.1588 -27.0547 
vt 42.2007 -27.0384 
vt 42.0244 -27.0888 
vt 41.9971 -27.0615 
vt 41.9971 -27.0888 
vt 42.0244 -27.0615 
vt 42.2651 -27.0552 
vt 42.2434 -26.9994 
vt 42.2263 -27.0381 
vt 41.9481 -27.0138 
vt 41.9834 -27.0492 
vt 41.9834 -27.0138 
vt 41.806 -27.0959 
vt 41.7754 -27.0851 
vt 41.7853 -27.1058 
vt 41.7961 -27.0752 
vt 41.8021 -27.0609 
vt 41.8289 -27.0481 
vt 41.8161 -27.0213 
vt 41.7893 -27.0341 
vt 41.9481 -27.0492 
vt 41.7653 -27.0345 
vt 41.7126 -27.0158 
vt 41.7296 -27.0515 
vt 42.2822 -27.0165 
vt 42.2627 -26.97 
vt 42.3062 -26.9959 
vt 42.3082 -26.9915 
vt 42.2606 -26.9743 
vt 41.9985 -26.8855 
vt 42.053 -26.8907 
vt 42.053 -26.8855 
vt 41.9985 -26.8907 
vt 42.0565 -26.9549 
vt 42.0094 -27.002 
vt 42.0565 -27.002 
vt 42.0094 -26.9549 
vt 41.9434 -26.8996 
vt 41.9922 -26.9484 
vt 41.9922 -26.8996 
vt 41.7377 -26.9665 
vt 41.694 -26.9945 
vt 41.74 -26.9709 
vt 41.9878 -26.8912 
vt 41.9229 -26.885 
vt 41.9229 -26.8912 
vt 41.9878 -26.885 
vt 41.6918 -26.9901 
vt 41.7483 -26.9987 
vt 41.9434 -26.9484 
vt 42.1419 -27.0244 
vt 42.1419 -26.9971 
vt 42.1393 -26.9971 
vt 42.1393 -27.0244 
vt 42.1217 -27.2007 
vt 42.1217 -27.1716 
vt 42.1187 -27.1716 
vt 42.1214 -27.2171 
vt 42.1214 -27.1947 
vt 42.1191 -27.1947 
vt 42.1191 -27.2171 
vt 42.1187 -27.2007 
vt 42.1223 -27.2822 
vt 42.1182 -27.2434 
vt 42.1182 -27.2822 
vt 42.1423 -26.9834 
vt 42.1389 -26.9481 
vt 42.1389 -26.9834 
vt 42.1174 -26.7754 
vt 42.1195 -26.7961 
vt 42.1195 -26.7754 
vt 42.1199 -26.7893 
vt 42.117 -26.8161 
vt 42.1199 -26.8161 
vt 42.1423 -26.9481 
vt 42.1174 -26.7961 
vt 42.117 -26.7893 
vt 42.1166 -26.7483 
vt 42.1203 -26.7126 
vt 42.1166 -26.7126 
vt 42.1223 -27.2434 
vt 42.1428 -27.0565 
vt 42.1383 -27.0094 
vt 42.1383 -27.0565 
vt 42.1428 -27.0094 
vt 42.1068 -26.993 
vt 42.0718 -26.958 
vt 42.0718 -26.993 
vt 42.0543 -27.0099 
vt 42.0153 -27.0099 
vt 42.0543 -27.0489 
vt 42.049 -27.3045 
vt 42.0129 -27.2719 
vt 42.0129 -27.3045 
vt 42.049 -27.2719 
vt 42.0153 -27.0489 
vt 42.1429 -26.9922 
vt 42.1382 -26.9434 
vt 42.1382 -26.9922 
vt 42.1203 -26.7483 
vt 42.1068 -26.7624 
vt 42.0718 -26.7624 
vt 42.1068 -26.7936 
vt 42.1429 -26.9434 
vt 42.1068 -26.958 
vt 42.0718 -26.7936 
vt 42.0301 -26.9229 
vt 41.9652 -26.9229 
vt 42.0301 -26.9878 
vt 42.0266 -27.1998 
vt 41.9666 -27.2539 
vt 42.0266 -27.2539 
vt 41.8809 -27.2171 
vt 41.8809 -27.1947 
vt 41.8786 -27.2171 
vt 41.8813 -27.2007 
vt 41.8813 -27.1716 
vt 41.8783 -27.2007 
vt 41.8818 -27.2822 
vt 41.8818 -27.2434 
vt 41.8777 -27.2822 
vt 41.8786 -27.1947 
vt 41.8607 -27.0244 
vt 41.8607 -26.9971 
vt 41.8581 -27.0244 
vt 41.8581 -26.9971 
vt 41.8783 -27.1716 
vt 41.8611 -26.9834 
vt 41.8611 -26.9481 
vt 41.8577 -26.9834 
vt 41.8826 -26.7754 
vt 41.8805 -26.7961 
vt 41.8826 -26.7961 
vt 41.8801 -26.7893 
vt 41.883 -26.8161 
vt 41.883 -26.7893 
vt 41.8797 -26.7126 
vt 41.8834 -26.7483 
vt 41.8834 -26.7126 
vt 41.8805 -26.7754 
vt 41.8801 -26.8161 
vt 41.8577 -26.9481 
vt 41.8777 -27.2434 
vt 41.9499 -27.3082 
vt 41.8995 -27.2627 
vt 41.8995 -27.3082 
vt 41.9499 -27.2627 
vt 41.9666 -27.1998 
vt 41.9471 -27.053 
vt 41.8925 -26.9985 
vt 41.8925 -27.053 
vt 41.8617 -27.0565 
vt 41.8617 -27.0094 
vt 41.8572 -27.0565 
vt 41.8572 -27.0094 
vt 41.9471 -26.9985 
vt 41.8868 -26.6918 
vt 41.9385 -26.7377 
vt 41.9385 -26.6918 
vt 41.8868 -26.7377 
vt 41.9652 -26.9878 
vt 41.8797 -26.7483 
vt 41.8618 -26.9922 
vt 41.8618 -26.9434 
vt 41.8571 -26.9922 
vt 41.8571 -26.9434 
vt 41.8607 -27.0615 
vt 41.8581 -27.0888 
vt 41.8607 -27.0888 
vt 41.8581 -27.0615 
vt 41.8577 -27.0138 
vt 41.8611 -27.0492 
vt 41.8611 -27.0138 
vt 41.8813 -27.0547 
vt 41.8783 -27.0256 
vt 41.8783 -27.0547 
vt 41.8809 -27.0826 
vt 41.8786 -27.1051 
vt 41.8809 -27.1051 
vt 41.8786 -27.0826 
vt 41.8813 -27.0256 
vt 41.8577 -27.0492 
vt 41.8805 -27.1058 
vt 41.8826 -27.0851 
vt 41.8805 -27.0851 
vt 41.8801 -27.0609 
vt 41.883 -27.0341 
vt 41.8801 -27.0341 
vt 41.8797 -27.0158 
vt 41.8797 -27.0515 
vt 41.8834 -27.0515 
vt 41.8826 -27.1058 
vt 41.883 -27.0609 
vt 41.8834 -27.0158 
vt 41.8818 -27.0381 
vt 41.8777 -26.9994 
vt 41.8777 -27.0381 
vt 41.8818 -26.9994 
vt 41.8617 -27.002 
vt 41.8572 -26.9549 
vt 41.8572 -27.002 
vt 41.8617 -26.9549 
vt 41.9847 -26.89 
vt 41.9457 -26.8863 
vt 41.9457 -26.89 
vt 41.9871 -26.9782 
vt 41.951 -26.9751 
vt 41.951 -26.9782 
vt 41.9871 -26.9751 
vt 41.9847 -26.8863 
vt 41.9282 -26.8898 
vt 41.8932 -26.8865 
vt 41.8932 -26.8898 
vt 41.9282 -26.9595 
vt 41.8932 -26.9566 
vt 41.8932 -26.9595 
vt 41.8618 -26.9484 
vt 41.8571 -26.8996 
vt 41.8571 -26.9484 
vt 41.8618 -26.8996 
vt 41.9282 -26.9566 
vt 42.0348 -26.8912 
vt 41.9699 -26.885 
vt 41.9699 -26.8912 
vt 41.9282 -26.8865 
vt 42.0334 -26.9449 
vt 41.9734 -26.9397 
vt 41.9734 -26.9449 
vt 42.1214 -27.1051 
vt 42.1191 -27.0826 
vt 42.1191 -27.1051 
vt 42.1214 -27.0826 
vt 42.1187 -27.0256 
vt 42.1187 -27.0547 
vt 42.1217 -27.0256 
vt 42.1217 -27.0547 
vt 42.1419 -27.0888 
vt 42.1393 -27.0615 
vt 42.1393 -27.0888 
vt 42.1419 -27.0615 
vt 42.1423 -27.0138 
vt 42.1389 -27.0492 
vt 42.1423 -27.0492 
vt 42.1389 -27.0138 
vt 42.1195 -27.1058 
vt 42.1174 -27.0851 
vt 42.1174 -27.1058 
vt 42.1199 -27.0609 
vt 42.117 -27.0341 
vt 42.117 -27.0609 
vt 42.1166 -27.0158 
vt 42.1166 -27.0515 
vt 42.1203 -27.0158 
vt 42.1195 -27.0851 
vt 42.1199 -27.0341 
vt 42.1203 -27.0515 
vt 42.1223 -26.9994 
vt 42.1182 -27.0381 
vt 42.1223 -27.0381 
vt 42.1005 -26.9743 
vt 42.0501 -26.97 
vt 42.0501 -26.9743 
vt 42.1005 -26.97 
vt 42.0334 -26.9397 
vt 42.1182 -26.9994 
vt 42.1428 -26.9549 
vt 42.1383 -27.002 
vt 42.1428 -27.002 
vt 42.1383 -26.9549 
vt 42.1075 -26.8907 
vt 42.0529 -26.8855 
vt 42.0529 -26.8907 
vt 42.1132 -26.9945 
vt 42.0615 -26.9901 
vt 42.0615 -26.9945 
vt 42.1075 -26.8855 
vt 42.0348 -26.885 
vt 42.1132 -26.9901 
vt 42.1429 -26.8996 
vt 42.1382 -26.9484 
vt 42.1429 -26.9484 
vt 42.1382 -26.8996 
vt 42.0029 -27.0615 
vt 41.9756 -27.0888 
vt 42.0029 -27.0888 
vt 41.9756 -27.0615 
vt 41.7566 -26.9994 
vt 41.7349 -27.0552 
vt 41.7737 -27.0381 
vt 41.8121 -27.0675 
vt 41.8284 -27.0256 
vt 41.7993 -27.0384 
vt 41.8053 -27.0826 
vt 41.7928 -27.115 
vt 41.8153 -27.1051 
vt 41.7829 -27.0925 
vt 41.8412 -27.0547 
vt 42.0166 -27.0492 
vt 42.0519 -27.0138 
vt 42.0166 -27.0138 
vt 42.1979 -27.0609 
vt 42.1839 -27.0213 
vt 42.1711 -27.0481 
vt 42.0519 -27.0492 
vt 42.2874 -27.0158 
vt 42.2347 -27.0345 
vt 42.2704 -27.0515 
vt 42.2107 -27.0341 
vt 42.2246 -27.0851 
vt 42.194 -27.0959 
vt 42.2147 -27.1058 
vt 42.2039 -27.0752 
vt 41.7178 -27.0165 
vt 41.9906 -27.002 
vt 41.9435 -26.9549 
vt 41.9435 -27.002 
vt 41.9906 -26.9549 
vt 42.042 -26.8898 
vt 42.007 -26.8865 
vt 42.007 -26.8898 
vt 41.9901 -26.89 
vt 41.9511 -26.8863 
vt 41.9511 -26.89 
vt 41.697 -26.9936 
vt 41.7295 -26.9782 
vt 41.6955 -26.9905 
vt 41.7281 -26.9751 
vt 41.9901 -26.8863 
vt 42.0078 -26.9484 
vt 42.0566 -26.8996 
vt 42.0078 -26.8996 
vt 42.2517 -26.9987 
vt 42.236 -26.9595 
vt 42.2064 -26.9406 
vt 42.2049 -26.9435 
vt 42.0566 -26.9484 
vt 42.2376 -26.9566 
vt 42.0771 -26.8912 
vt 42.0122 -26.885 
vt 42.0122 -26.8912 
vt 42.042 -26.8865 
vt 42.0771 -26.885 
vt 41.8121 -27.0675 
vt 41.8412 -27.0547 
vt 41.8284 -27.0256 
vt 41.7993 -27.0384 
vt 41.7349 -27.0552 
vt 41.7737 -27.0381 
vt 41.7566 -26.9994 
vt 41.7829 -27.0925 
vt 41.7928 -27.115 
vt 41.8053 -27.0826 
vt 41.8153 -27.1051 
vt 42.0029 -27.0615 
vt 41.9756 -27.0888 
vt 42.0029 -27.0888 
vt 41.9756 -27.0615 
vt 42.0519 -27.0138 
vt 42.0166 -27.0138 
vt 42.0166 -27.0492 
vt 42.1979 -27.0609 
vt 42.1839 -27.0213 
vt 42.1711 -27.0481 
vt 42.2107 -27.0341 
vt 42.2874 -27.0158 
vt 42.2347 -27.0345 
vt 42.2704 -27.0515 
vt 42.194 -27.0959 
vt 42.2246 -27.0851 
vt 42.2039 -27.0752 
vt 42.2147 -27.1058 
vt 42.0519 -27.0492 
vt 41.7178 -27.0165 
vt 41.7373 -26.97 
vt 41.6938 -26.9959 
vt 41.7394 -26.9743 
vt 41.7485 -26.9705 
vt 41.8002 -26.9397 
vt 41.7461 -26.9653 
vt 41.8027 -26.9449 
vt 41.6918 -26.9915 
vt 41.9906 -27.002 
vt 41.9435 -26.9549 
vt 41.9435 -27.002 
vt 42.0015 -26.8907 
vt 41.947 -26.8855 
vt 41.947 -26.8907 
vt 41.9906 -26.9549 
vt 42.2623 -26.9665 
vt 42.306 -26.9945 
vt 42.3082 -26.9901 
vt 42.26 -26.9709 
vt 42.0015 -26.8855 
vt 42.2517 -26.9987 
vt 42.0566 -26.8996 
vt 42.0078 -26.9484 
vt 42.0566 -26.9484 
vt 42.0078 -26.8996 
vt 41.8607 -27.0244 
vt 41.8581 -26.9971 
vt 41.8581 -27.0244 
vt 41.8607 -26.9971 
vt 41.8818 -27.2651 
vt 41.8777 -27.2263 
vt 41.8777 -27.2651 
vt 41.8813 -27.1879 
vt 41.8783 -27.1588 
vt 41.8783 -27.1879 
vt 41.8809 -27.2072 
vt 41.8786 -27.1848 
vt 41.8786 -27.2072 
vt 41.8809 -27.1848 
vt 41.8813 -27.1588 
vt 41.8611 -26.9834 
vt 41.8577 -26.9481 
vt 41.8577 -26.9834 
vt 41.8826 -26.806 
vt 41.8805 -26.7853 
vt 41.8805 -26.806 
vt 41.8801 -26.8289 
vt 41.883 -26.8021 
vt 41.8801 -26.8021 
vt 41.8611 -26.9481 
vt 41.8826 -26.7853 
vt 41.883 -26.8289 
vt 41.8834 -26.7653 
vt 41.8834 -26.7296 
vt 41.8797 -26.7296 
vt 41.8818 -27.2263 
vt 41.8617 -27.0565 
vt 41.8572 -27.0094 
vt 41.8572 -27.0565 
vt 41.8617 -27.0094 
vt 41.9282 -26.993 
vt 41.8932 -26.958 
vt 41.8932 -26.993 
vt 41.9847 -27.0489 
vt 41.9457 -27.0099 
vt 41.9457 -27.0489 
vt 41.9871 -27.2705 
vt 41.951 -27.303 
vt 41.9871 -27.303 
vt 41.951 -27.2705 
vt 41.9847 -27.0099 
vt 41.8618 -26.9922 
vt 41.8571 -26.9434 
vt 41.8571 -26.9922 
vt 41.8797 -26.7653 
vt 41.9282 -26.7951 
vt 41.8932 -26.764 
vt 41.8932 -26.7951 
vt 41.8618 -26.9434 
vt 41.9282 -26.764 
vt 42.0348 -26.9878 
vt 41.9699 -26.9229 
vt 41.9699 -26.9878 
vt 41.9282 -26.958 
vt 42.0334 -27.2515 
vt 41.9734 -27.1973 
vt 41.9734 -27.2515 
vt 42.1214 -27.1848 
vt 42.1191 -27.2072 
vt 42.1214 -27.2072 
vt 42.1191 -27.1848 
vt 42.1187 -27.1879 
vt 42.1217 -27.1588 
vt 42.1187 -27.1588 
vt 42.1217 -27.1879 
vt 42.1393 -27.0244 
vt 42.1419 -26.9971 
vt 42.1393 -26.9971 
vt 42.1419 -27.0244 
vt 42.1223 -27.2263 
vt 42.1182 -27.2651 
vt 42.1223 -27.2651 
vt 42.1423 -26.9481 
vt 42.1389 -26.9834 
vt 42.1423 -26.9834 
vt 42.1174 -26.7853 
vt 42.1174 -26.806 
vt 42.1195 -26.7853 
vt 42.1199 -26.8289 
vt 42.117 -26.8021 
vt 42.117 -26.8289 
vt 42.1166 -26.7296 
vt 42.1166 -26.7653 
vt 42.1203 -26.7296 
vt 42.1195 -26.806 
vt 42.1199 -26.8021 
vt 42.1389 -26.9481 
vt 42.1182 -27.2263 
vt 42.1005 -27.3062 
vt 42.0501 -27.2606 
vt 42.0501 -27.3062 
vt 42.0334 -27.1973 
vt 42.1075 -27.053 
vt 42.0529 -26.9985 
vt 42.0529 -27.053 
vt 42.1005 -27.2606 
vt 42.1383 -27.0565 
vt 42.1428 -27.0094 
vt 42.1383 -27.0094 
vt 42.1428 -27.0565 
vt 42.1075 -26.9985 
vt 42.1132 -26.74 
vt 42.1132 -26.694 
vt 42.0615 -26.694 
vt 42.0615 -26.74 
vt 42.0348 -26.9229 
vt 42.1203 -26.7653 
vt 42.1429 -26.9434 
vt 42.1382 -26.9922 
vt 42.1429 -26.9922 
vt 42.1382 -26.9434 
vt 42.1419 -27.0888 
vt 42.1419 -27.0615 
vt 42.1393 -27.0615 
vt 42.1217 -27.0384 
vt 42.1187 -27.0675 
vt 42.1217 -27.0675 
vt 42.1223 -27.0552 
vt 42.1223 -27.0165 
vt 42.1182 -27.0165 
vt 42.1214 -27.115 
vt 42.1214 -27.0925 
vt 42.1191 -27.0925 
vt 42.1191 -27.115 
vt 42.1187 -27.0384 
vt 42.1182 -27.0552 
vt 42.1393 -27.0888 
vt 42.1423 -27.0138 
vt 42.1389 -27.0492 
vt 42.1423 -27.0492 
vt 42.117 -27.0213 
vt 42.1199 -27.0481 
vt 42.1199 -27.0213 
vt 42.1389 -27.0138 
vt 42.1195 -27.0752 
vt 42.1174 -27.0959 
vt 42.1195 -27.0959 
vt 42.1174 -27.0752 
vt 42.117 -27.0481 
vt 42.1203 -26.9987 
vt 42.1166 -27.0345 
vt 42.1203 -27.0345 
vt 42.1428 -26.9549 
vt 42.1383 -27.002 
vt 42.1428 -27.002 
vt 42.1383 -26.9549 
vt 42.0718 -26.8865 
vt 42.1068 -26.8898 
vt 42.1068 -26.8865 
vt 42.0153 -26.8863 
vt 42.0543 -26.89 
vt 42.0543 -26.8863 
vt 42.049 -26.9936 
vt 42.0129 -26.9905 
vt 42.0129 -26.9936 
vt 42.049 -26.9905 
vt 42.0153 -26.89 
vt 42.0718 -26.8898 
vt 42.1166 -26.9987 
vt 42.1382 -26.8996 
vt 42.1382 -26.9484 
vt 42.1429 -26.9484 
vt 42.1429 -26.8996 
vt 42.0718 -26.9406 
vt 42.1068 -26.9435 
vt 42.1068 -26.9406 
vt 42.0718 -26.9435 
vt 41.9652 -26.885 
vt 42.0301 -26.8912 
vt 42.0301 -26.885 
vt 41.9666 -26.9653 
vt 42.0266 -26.9705 
vt 42.0266 -26.9653 
vt 41.8809 -27.0925 
vt 41.8786 -27.115 
vt 41.8809 -27.115 
vt 41.8783 -27.0384 
vt 41.8813 -27.0675 
vt 41.8813 -27.0384 
vt 41.8818 -27.0165 
vt 41.8777 -27.0552 
vt 41.8818 -27.0552 
vt 41.8786 -27.0925 
vt 41.8607 -27.0615 
vt 41.8581 -27.0888 
vt 41.8607 -27.0888 
vt 41.8783 -27.0675 
vt 41.8777 -27.0165 
vt 41.8581 -27.0615 
vt 41.8826 -27.0959 
vt 41.8805 -27.0752 
vt 41.8805 -27.0959 
vt 41.8826 -27.0752 
vt 41.883 -27.0213 
vt 41.8801 -27.0481 
vt 41.883 -27.0481 
vt 41.8801 -27.0213 
vt 41.8611 -27.0492 
vt 41.8577 -27.0138 
vt 41.8577 -27.0492 
vt 41.8611 -27.0138 
vt 41.8834 -27.0345 
vt 41.8797 -26.9987 
vt 41.8797 -27.0345 
vt 41.8995 -26.9915 
vt 41.9499 -26.9959 
vt 41.9499 -26.9915 
vt 41.9666 -26.9705 
vt 41.8925 -26.8855 
vt 41.9471 -26.8907 
vt 41.9471 -26.8855 
vt 41.8995 -26.9959 
vt 41.8617 -27.002 
vt 41.8572 -26.9549 
vt 41.8572 -27.002 
vt 41.8617 -26.9549 
vt 41.8925 -26.8907 
vt 41.9385 -26.9709 
vt 41.8868 -26.9665 
vt 41.8868 -26.9709 
vt 41.9385 -26.9665 
vt 41.9652 -26.8912 
vt 41.8834 -26.9987 
vt 41.8618 -26.8996 
vt 41.8571 -26.9484 
vt 41.8618 -26.9484 
vt 41.8571 -26.8996 

usemtl Cube0201Mtl

f 1396/1396/1396 1397/1397/1397 1398/1398/1398 
f 1396/1396/1396 1399/1399/1399 1397/1397/1397 
f 1400/1400/1400 1401/1401/1401 1402/1402/1402 
f 1401/1401/1401 1400/1400/1400 1412/1412/1412 
f 1372/1372/1372 1373/1373/1373 1374/1374/1374 
f 1373/1373/1373 1372/1372/1372 1383/1383/1383 
f 1365/1365/1365 1366/1366/1366 1367/1367/1367 
f 1366/1366/1366 1365/1365/1365 1368/1368/1368 
f 1369/1369/1369 1370/1370/1370 1371/1371/1371 
f 1370/1370/1370 1369/1369/1369 1387/1387/1387 
f 1361/1361/1361 1362/1362/1362 1363/1363/1363 
f 1362/1362/1362 1361/1361/1361 1364/1364/1364 
f 1357/1357/1357 1358/1358/1358 1359/1359/1359 
f 1358/1358/1358 1357/1357/1357 1360/1360/1360 
f 1384/1384/1384 1385/1385/1385 1386/1386/1386 
f 1385/1385/1385 1384/1384/1384 1411/1411/1411 
f 1379/1379/1379 1380/1380/1380 1381/1381/1381 
f 1382/1382/1382 1379/1379/1379 1381/1381/1381 
f 1375/1375/1375 1376/1376/1376 1377/1377/1377 
f 1376/1376/1376 1375/1375/1375 1378/1378/1378 
f 1403/1403/1403 1404/1404/1404 1405/1405/1405 
f 1404/1404/1404 1403/1403/1403 1410/1410/1410 
f 1392/1392/1392 1393/1393/1393 1394/1394/1394 
f 1393/1393/1393 1392/1392/1392 1395/1395/1395 
f 1388/1388/1388 1389/1389/1389 1390/1390/1390 
f 1389/1389/1389 1388/1388/1388 1391/1391/1391 
f 1406/1406/1406 1407/1407/1407 1408/1408/1408 
f 1407/1407/1407 1406/1406/1406 1409/1409/1409 
f 1340/1340/1340 1341/1341/1341 1342/1342/1342 
f 1341/1341/1341 1340/1340/1340 1356/1356/1356 
f 1336/1336/1336 1337/1337/1337 1338/1338/1338 
f 1337/1337/1337 1336/1336/1336 1339/1339/1339 
f 1332/1332/1332 1333/1333/1333 1334/1334/1334 
f 1333/1333/1333 1332/1332/1332 1335/1335/1335 
f 1343/1343/1343 1344/1344/1344 1345/1345/1345 
f 1344/1344/1344 1343/1343/1343 1355/1355/1355 
f 1351/1351/1351 1352/1352/1352 1353/1353/1353 
f 1352/1352/1352 1351/1351/1351 1354/1354/1354 
f 1324/1324/1324 1325/1325/1325 1326/1326/1326 
f 1324/1324/1324 1326/1326/1326 1346/1346/1346 
f 1320/1320/1320 1321/1321/1321 1322/1322/1322 
f 1321/1321/1321 1320/1320/1320 1323/1323/1323 
f 1315/1315/1315 1316/1316/1316 1317/1317/1317 
f 1315/1315/1315 1317/1317/1317 1318/1318/1318 
f 1309/1309/1309 1310/1310/1310 1311/1311/1311 
f 1310/1310/1310 1309/1309/1309 1327/1327/1327 
f 1305/1305/1305 1306/1306/1306 1307/1307/1307 
f 1306/1306/1306 1305/1305/1305 1308/1308/1308 
f 1297/1297/1297 1298/1298/1298 1299/1299/1299 
f 1298/1298/1298 1297/1297/1297 1304/1304/1304 
f 1328/1328/1328 1329/1329/1329 1330/1330/1330 
f 1329/1329/1329 1328/1328/1328 1331/1331/1331 
f 1347/1347/1347 1348/1348/1348 1349/1349/1349 
f 1348/1348/1348 1347/1347/1347 1350/1350/1350 
f 1312/1312/1312 1313/1313/1313 1314/1314/1314 
f 1313/1313/1313 1312/1312/1312 1319/1319/1319 
f 1300/1300/1300 1301/1301/1301 1302/1302/1302 
f 1301/1301/1301 1300/1300/1300 1303/1303/1303 
f 1519/1519/1519 1520/1520/1520 1521/1521/1521 
f 1520/1520/1520 1519/1519/1519 1522/1522/1522 
f 1463/1463/1463 1464/1464/1464 1465/1465/1465 
f 1465/1465/1465 1464/1464/1464 1468/1468/1468 
f 1472/1472/1472 1473/1473/1473 1474/1474/1474 
f 1473/1473/1473 1472/1472/1472 1510/1510/1510 
f 1506/1506/1506 1507/1507/1507 1508/1508/1508 
f 1509/1509/1509 1507/1507/1507 1506/1506/1506 
f 1454/1454/1454 1455/1455/1455 1456/1456/1456 
f 1455/1455/1455 1454/1454/1454 1457/1457/1457 
f 1469/1469/1469 1470/1470/1470 1471/1471/1471 
f 1471/1471/1471 1470/1470/1470 1523/1523/1523 
f 1511/1511/1511 1512/1512/1512 1513/1513/1513 
f 1518/1518/1518 1512/1512/1512 1511/1511/1511 
f 1451/1451/1451 1452/1452/1452 1453/1453/1453 
f 1453/1453/1453 1452/1452/1452 1458/1458/1458 
f 1448/1448/1448 1449/1449/1449 1450/1450/1450 
f 1467/1467/1467 1449/1449/1449 1448/1448/1448 
f 1440/1440/1440 1441/1441/1441 1442/1442/1442 
f 1441/1441/1441 1440/1440/1440 1462/1462/1462 
f 1499/1499/1499 1500/1500/1500 1501/1501/1501 
f 1500/1500/1500 1499/1499/1499 1524/1524/1524 
f 1459/1459/1459 1460/1460/1460 1461/1461/1461 
f 1459/1459/1459 1466/1466/1466 1460/1460/1460 
f 1525/1525/1525 1526/1526/1526 1527/1527/1527 
f 1528/1528/1528 1527/1527/1527 1526/1526/1526 
f 1425/1425/1425 1426/1426/1426 1427/1427/1427 
f 1425/1425/1425 1443/1443/1443 1426/1426/1426 
f 1481/1481/1481 1482/1482/1482 1483/1483/1483 
f 1505/1505/1505 1483/1483/1483 1482/1482/1482 
f 1434/1434/1434 1435/1435/1435 1436/1436/1436 
f 1435/1435/1435 1434/1434/1434 1439/1439/1439 
f 1496/1496/1496 1497/1497/1497 1498/1498/1498 
f 1497/1497/1497 1496/1496/1496 1503/1503/1503 
f 1444/1444/1444 1445/1445/1445 1446/1446/1446 
f 1444/1444/1444 1447/1447/1447 1445/1445/1445 
f 1514/1514/1514 1515/1515/1515 1516/1516/1516 
f 1517/1517/1517 1516/1516/1516 1515/1515/1515 
f 1417/1417/1417 1418/1418/1418 1419/1419/1419 
f 1417/1417/1417 1419/1419/1419 1424/1424/1424 
f 1478/1478/1478 1479/1479/1479 1480/1480/1480 
f 1489/1489/1489 1480/1480/1480 1479/1479/1479 
f 1431/1431/1431 1432/1432/1432 1433/1433/1433 
f 1432/1432/1432 1431/1431/1431 1438/1438/1438 
f 1493/1493/1493 1494/1494/1494 1495/1495/1495 
f 1494/1494/1494 1493/1493/1493 1502/1502/1502 
f 1420/1420/1420 1421/1421/1421 1422/1422/1422 
f 1420/1420/1420 1422/1422/1422 1423/1423/1423 
f 1475/1475/1475 1476/1476/1476 1477/1477/1477 
f 1484/1484/1484 1477/1477/1477 1476/1476/1476 
f 1428/1428/1428 1429/1429/1429 1430/1430/1430 
f 1428/1428/1428 1437/1437/1437 1429/1429/1429 
f 1490/1490/1490 1491/1491/1491 1492/1492/1492 
f 1504/1504/1504 1492/1492/1492 1491/1491/1491 
f 1413/1413/1413 1414/1414/1414 1415/1415/1415 
f 1413/1413/1413 1415/1415/1415 1416/1416/1416 
f 1485/1485/1485 1486/1486/1486 1487/1487/1487 
f 1488/1488/1488 1487/1487/1487 1486/1486/1486 
f 1635/1635/1635 1636/1636/1636 1637/1637/1637 
f 1636/1636/1636 1635/1635/1635 1640/1640/1640 
f 1551/1551/1551 1552/1552/1552 1553/1553/1553 
f 1553/1553/1553 1556/1556/1556 1551/1551/1551 
f 1613/1613/1613 1614/1614/1614 1615/1615/1615 
f 1615/1615/1615 1614/1614/1614 1618/1618/1618 
f 1545/1545/1545 1546/1546/1546 1547/1547/1547 
f 1546/1546/1546 1545/1545/1545 1554/1554/1554 
f 1607/1607/1607 1608/1608/1608 1609/1609/1609 
f 1608/1608/1608 1607/1607/1607 1616/1616/1616 
f 1548/1548/1548 1549/1549/1549 1550/1550/1550 
f 1549/1549/1549 1548/1548/1548 1555/1555/1555 
f 1610/1610/1610 1611/1611/1611 1612/1612/1612 
f 1611/1611/1611 1610/1610/1610 1617/1617/1617 
f 1576/1576/1576 1577/1577/1577 1578/1578/1578 
f 1577/1577/1577 1576/1576/1576 1583/1583/1583 
f 1584/1584/1584 1585/1585/1585 1586/1586/1586 
f 1585/1585/1585 1584/1584/1584 1639/1639/1639 
f 1579/1579/1579 1580/1580/1580 1581/1581/1581 
f 1580/1580/1580 1579/1579/1579 1582/1582/1582 
f 1641/1641/1641 1642/1642/1642 1643/1643/1643 
f 1644/1644/1644 1642/1642/1642 1641/1641/1641 
f 1533/1533/1533 1534/1534/1534 1535/1535/1535 
f 1534/1534/1534 1533/1533/1533 1544/1544/1544 
f 1603/1603/1603 1604/1604/1604 1605/1605/1605 
f 1606/1606/1606 1604/1604/1604 1603/1603/1603 
f 1573/1573/1573 1574/1574/1574 1575/1575/1575 
f 1574/1574/1574 1573/1573/1573 1587/1587/1587 
f 1529/1529/1529 1530/1530/1530 1531/1531/1531 
f 1530/1530/1530 1529/1529/1529 1532/1532/1532 
f 1599/1599/1599 1600/1600/1600 1601/1601/1601 
f 1600/1600/1600 1599/1599/1599 1602/1602/1602 
f 1632/1632/1632 1633/1633/1633 1634/1634/1634 
f 1633/1633/1633 1632/1632/1632 1638/1638/1638 
f 1561/1561/1561 1562/1562/1562 1563/1563/1563 
f 1562/1562/1562 1561/1561/1561 1564/1564/1564 
f 1628/1628/1628 1629/1629/1629 1630/1630/1630 
f 1631/1631/1631 1629/1629/1629 1628/1628/1628 
f 1565/1565/1565 1566/1566/1566 1567/1567/1567 
f 1566/1566/1566 1565/1565/1565 1572/1572/1572 
f 1588/1588/1588 1589/1589/1589 1590/1590/1590 
f 1589/1589/1589 1588/1588/1588 1626/1626/1626 
f 1536/1536/1536 1537/1537/1537 1538/1538/1538 
f 1537/1537/1537 1536/1536/1536 1543/1543/1543 
f 1595/1595/1595 1596/1596/1596 1597/1597/1597 
f 1597/1597/1597 1596/1596/1596 1598/1598/1598 
f 1539/1539/1539 1540/1540/1540 1541/1541/1541 
f 1540/1540/1540 1539/1539/1539 1542/1542/1542 
f 1591/1591/1591 1592/1592/1592 1593/1593/1593 
f 1592/1592/1592 1591/1591/1591 1594/1594/1594 
f 1557/1557/1557 1558/1558/1558 1559/1559/1559 
f 1558/1558/1558 1557/1557/1557 1560/1560/1560 
f 1619/1619/1619 1620/1620/1620 1621/1621/1621 
f 1627/1627/1627 1620/1620/1620 1619/1619/1619 
f 1622/1622/1622 1623/1623/1623 1624/1624/1624 
f 1623/1623/1623 1622/1622/1622 1625/1625/1625 
f 1568/1568/1568 1569/1569/1569 1570/1570/1570 
f 1569/1569/1569 1568/1568/1568 1571/1571/1571 
f 1676/1676/1676 1677/1677/1677 1678/1678/1678 
f 1677/1677/1677 1676/1676/1676 1679/1679/1679 
f 1691/1691/1691 1692/1692/1692 1693/1693/1693 
f 1692/1692/1692 1691/1691/1691 1698/1698/1698 
f 1660/1660/1660 1661/1661/1661 1662/1662/1662 
f 1661/1661/1661 1660/1660/1660 1666/1666/1666 
f 1645/1645/1645 1646/1646/1646 1647/1647/1647 
f 1646/1646/1646 1645/1645/1645 1648/1648/1648 
f 1649/1649/1649 1650/1650/1650 1651/1651/1651 
f 1650/1650/1650 1649/1649/1649 1675/1675/1675 
f 1652/1652/1652 1653/1653/1653 1654/1654/1654 
f 1653/1653/1653 1652/1652/1652 1659/1659/1659 
f 1655/1655/1655 1656/1656/1656 1657/1657/1657 
f 1656/1656/1656 1655/1655/1655 1658/1658/1658 
f 1667/1667/1667 1668/1668/1668 1669/1669/1669 
f 1668/1668/1668 1667/1667/1667 1694/1694/1694 
f 1663/1663/1663 1664/1664/1664 1665/1665/1665 
f 1664/1664/1664 1663/1663/1663 1670/1670/1670 
f 1671/1671/1671 1672/1672/1672 1673/1673/1673 
f 1672/1672/1672 1671/1671/1671 1674/1674/1674 
f 1680/1680/1680 1681/1681/1681 1682/1682/1682 
f 1681/1681/1681 1680/1680/1680 1703/1703/1703 
f 1695/1695/1695 1696/1696/1696 1697/1697/1697 
f 1696/1696/1696 1695/1695/1695 1699/1699/1699 
f 1683/1683/1683 1684/1684/1684 1685/1685/1685 
f 1684/1684/1684 1683/1683/1683 1690/1690/1690 
f 1686/1686/1686 1687/1687/1687 1688/1688/1688 
f 1688/1688/1688 1687/1687/1687 1689/1689/1689 
f 1700/1700/1700 1701/1701/1701 1702/1702/1702 
f 1701/1701/1701 1700/1700/1700 1704/1704/1704 
f 1739/1739/1739 1740/1740/1740 1741/1741/1741 
f 1740/1740/1740 1739/1739/1739 1742/1742/1742 
f 1736/1736/1736 1737/1737/1737 1738/1738/1738 
f 1737/1737/1737 1736/1736/1736 1743/1743/1743 
f 1747/1747/1747 1748/1748/1748 1749/1749/1749 
f 1748/1748/1748 1747/1747/1747 1755/1755/1755 
f 1751/1751/1751 1752/1752/1752 1753/1753/1753 
f 1752/1752/1752 1751/1751/1751 1754/1754/1754 
f 1727/1727/1727 1728/1728/1728 1729/1729/1729 
f 1728/1728/1728 1727/1727/1727 1756/1756/1756 
f 1723/1723/1723 1724/1724/1724 1725/1725/1725 
f 1724/1724/1724 1723/1723/1723 1726/1726/1726 
f 1730/1730/1730 1731/1731/1731 1732/1732/1732 
f 1731/1731/1731 1730/1730/1730 1733/1733/1733 
f 1709/1709/1709 1710/1710/1710 1711/1711/1711 
f 1735/1735/1735 1709/1709/1709 1711/1711/1711 
f 1705/1705/1705 1706/1706/1706 1707/1707/1707 
f 1708/1708/1708 1705/1705/1705 1707/1707/1707 
f 1712/1712/1712 1713/1713/1713 1714/1714/1714 
f 1713/1713/1713 1715/1715/1715 1714/1714/1714 
f 1744/1744/1744 1745/1745/1745 1746/1746/1746 
f 1745/1745/1745 1744/1744/1744 1750/1750/1750 
f 1757/1757/1757 1758/1758/1758 1759/1759/1759 
f 1757/1757/1757 1760/1760/1760 1758/1758/1758 
f 1720/1720/1720 1721/1721/1721 1722/1722/1722 
f 1720/1720/1720 1722/1722/1722 1734/1734/1734 
f 1716/1716/1716 1717/1717/1717 1718/1718/1718 
f 1716/1716/1716 1719/1719/1719 1717/1717/1717 
f 1761/1761/1761 1762/1762/1762 1763/1763/1763 
f 1761/1761/1761 1764/1764/1764 1762/1762/1762 
f 1831/1831/1831 1832/1832/1832 1833/1833/1833 
f 1832/1832/1832 1831/1831/1831 1834/1834/1834 
f 1776/1776/1776 1777/1777/1777 1778/1778/1778 
f 1776/1776/1776 1785/1785/1785 1777/1777/1777 
f 1838/1838/1838 1839/1839/1839 1840/1840/1840 
f 1839/1839/1839 1838/1838/1838 1852/1852/1852 
f 1771/1771/1771 1772/1772/1772 1773/1773/1773 
f 1772/1772/1772 1771/1771/1771 1774/1774/1774 
f 1823/1823/1823 1824/1824/1824 1825/1825/1825 
f 1824/1824/1824 1823/1823/1823 1826/1826/1826 
f 1779/1779/1779 1780/1780/1780 1781/1781/1781 
f 1779/1779/1779 1786/1786/1786 1780/1780/1780 
f 1792/1792/1792 1793/1793/1793 1794/1794/1794 
f 1793/1793/1793 1792/1792/1792 1795/1795/1795 
f 1841/1841/1841 1842/1842/1842 1843/1843/1843 
f 1850/1850/1850 1843/1843/1843 1842/1842/1842 
f 1862/1862/1862 1863/1863/1863 1864/1864/1864 
f 1863/1863/1863 1862/1862/1862 1865/1865/1865 
f 1768/1768/1768 1769/1769/1769 1770/1770/1770 
f 1768/1768/1768 1775/1775/1775 1769/1769/1769 
f 1827/1827/1827 1828/1828/1828 1829/1829/1829 
f 1828/1828/1828 1827/1827/1827 1830/1830/1830 
f 1782/1782/1782 1783/1783/1783 1784/1784/1784 
f 1783/1783/1783 1782/1782/1782 1787/1787/1787 
f 1844/1844/1844 1845/1845/1845 1846/1846/1846 
f 1845/1845/1845 1844/1844/1844 1851/1851/1851 
f 1807/1807/1807 1808/1808/1808 1809/1809/1809 
f 1807/1807/1807 1814/1814/1814 1808/1808/1808 
f 1873/1873/1873 1874/1874/1874 1875/1875/1875 
f 1874/1874/1874 1873/1873/1873 1876/1876/1876 
f 1765/1765/1765 1766/1766/1766 1767/1767/1767 
f 1765/1765/1765 1791/1791/1791 1766/1766/1766 
f 1835/1835/1835 1836/1836/1836 1837/1837/1837 
f 1836/1836/1836 1835/1835/1835 1853/1853/1853 
f 1788/1788/1788 1789/1789/1789 1790/1790/1790 
f 1788/1788/1788 1790/1790/1790 1810/1810/1810 
f 1847/1847/1847 1848/1848/1848 1849/1849/1849 
f 1872/1872/1872 1849/1849/1849 1848/1848/1848 
f 1816/1816/1816 1817/1817/1817 1818/1818/1818 
f 1816/1816/1816 1871/1871/1871 1817/1817/1817 
f 1858/1858/1858 1859/1859/1859 1860/1860/1860 
f 1858/1858/1858 1866/1866/1866 1859/1859/1859 
f 1799/1799/1799 1800/1800/1800 1801/1801/1801 
f 1799/1799/1799 1806/1806/1806 1800/1800/1800 
f 1796/1796/1796 1797/1797/1797 1798/1798/1798 
f 1796/1796/1796 1819/1819/1819 1797/1797/1797 
f 1820/1820/1820 1821/1821/1821 1822/1822/1822 
f 1820/1820/1820 1857/1857/1857 1821/1821/1821 
f 1854/1854/1854 1855/1855/1855 1856/1856/1856 
f 1854/1854/1854 1861/1861/1861 1855/1855/1855 
f 1802/1802/1802 1803/1803/1803 1804/1804/1804 
f 1803/1803/1803 1802/1802/1802 1805/1805/1805 
f 1811/1811/1811 1812/1812/1812 1813/1813/1813 
f 1811/1811/1811 1815/1815/1815 1812/1812/1812 
f 1867/1867/1867 1868/1868/1868 1869/1869/1869 
f 1867/1867/1867 1869/1869/1869 1870/1870/1870 
f 1970/1970/1970 1971/1971/1971 1972/1972/1972 
f 1971/1971/1971 1970/1970/1970 1977/1977/1977 
f 1918/1918/1918 1919/1919/1919 1920/1920/1920 
f 1919/1919/1919 1918/1918/1918 1921/1921/1921 
f 1883/1883/1883 1884/1884/1884 1885/1885/1885 
f 1885/1885/1885 1891/1891/1891 1883/1883/1883 
f 1945/1945/1945 1946/1946/1946 1947/1947/1947 
f 1953/1953/1953 1946/1946/1946 1945/1945/1945 
f 1886/1886/1886 1887/1887/1887 1888/1888/1888 
f 1888/1888/1888 1889/1889/1889 1886/1886/1886 
f 1939/1939/1939 1940/1940/1940 1941/1941/1941 
f 1948/1948/1948 1940/1940/1940 1939/1939/1939 
f 1936/1936/1936 1937/1937/1937 1938/1938/1938 
f 1937/1937/1937 1936/1936/1936 1973/1973/1973 
f 1880/1880/1880 1881/1881/1881 1882/1882/1882 
f 1881/1881/1881 1880/1880/1880 1890/1890/1890 
f 1942/1942/1942 1943/1943/1943 1944/1944/1944 
f 1943/1943/1943 1942/1942/1942 1952/1952/1952 
f 1908/1908/1908 1909/1909/1909 1910/1910/1910 
f 1909/1909/1909 1908/1908/1908 1911/1911/1911 
f 1978/1978/1978 1979/1979/1979 1980/1980/1980 
f 1979/1979/1979 1978/1978/1978 1981/1981/1981 
f 1974/1974/1974 1975/1975/1975 1976/1976/1976 
f 1975/1975/1975 1974/1974/1974 1982/1982/1982 
f 1915/1915/1915 1916/1916/1916 1917/1917/1917 
f 1916/1916/1916 1915/1915/1915 1922/1922/1922 
f 1877/1877/1877 1878/1878/1878 1879/1879/1879 
f 1879/1879/1879 1892/1892/1892 1877/1877/1877 
f 1949/1949/1949 1950/1950/1950 1951/1951/1951 
f 1954/1954/1954 1950/1950/1950 1949/1949/1949 
f 1912/1912/1912 1913/1913/1913 1914/1914/1914 
f 1913/1913/1913 1912/1912/1912 1923/1923/1923 
f 1925/1925/1925 1926/1926/1926 1927/1927/1927 
f 1927/1927/1927 1928/1928/1928 1925/1925/1925 
f 1989/1989/1989 1990/1990/1990 1991/1991/1991 
f 1992/1992/1992 1990/1990/1990 1989/1989/1989 
f 1933/1933/1933 1934/1934/1934 1935/1935/1935 
f 1934/1934/1934 1933/1933/1933 1987/1987/1987 
f 1893/1893/1893 1894/1894/1894 1895/1895/1895 
f 1894/1894/1894 1893/1893/1893 1899/1899/1899 
f 1963/1963/1963 1964/1964/1964 1965/1965/1965 
f 1964/1964/1964 1963/1963/1963 1966/1966/1966 
f 1929/1929/1929 1930/1930/1930 1931/1931/1931 
f 1930/1930/1930 1929/1929/1929 1932/1932/1932 
f 1896/1896/1896 1897/1897/1897 1898/1898/1898 
f 1897/1897/1897 1896/1896/1896 1904/1904/1904 
f 1959/1959/1959 1960/1960/1960 1961/1961/1961 
f 1962/1962/1962 1960/1960/1960 1959/1959/1959 
f 1900/1900/1900 1901/1901/1901 1902/1902/1902 
f 1901/1901/1901 1900/1900/1900 1903/1903/1903 
f 1955/1955/1955 1956/1956/1956 1957/1957/1957 
f 1956/1956/1956 1955/1955/1955 1958/1958/1958 
f 1983/1983/1983 1984/1984/1984 1985/1985/1985 
f 1984/1984/1984 1983/1983/1983 1986/1986/1986 
f 1905/1905/1905 1906/1906/1906 1907/1907/1907 
f 1906/1906/1906 1905/1905/1905 1924/1924/1924 
f 1967/1967/1967 1968/1968/1968 1969/1969/1969 
f 1968/1968/1968 1967/1967/1967 1988/1988/1988 

g Cube0101

v 0.357415 2.31669 1.33546 
v 0.357415 3.62057 0.8534 
v 0.357415 2.28269 1.24759 
v 0.357415 3.64779 0.948329 
v 0.280744 3.83852 0.661892 
v 0.280744 3.5973 1.04794 
v 0.280744 3.9304 0.949151 
v 0.280744 3.48836 0.784382 
v 0.20404 3.68419 0.61828 
v 0.20404 3.76772 1.11399 
v 0.20404 4.53708 0.986675 
v 0.20404 4.59798 0.453538 
v 0.357415 2.49074 -1.61317 
v 0.357415 3.73219 -1.39911 
v 0.357415 2.45674 -1.70104 
v 0.357415 3.73787 -1.30052 
v 0.280744 3.98692 -1.53801 
v 0.280744 3.66671 -1.21445 
v 0.280744 4.01338 -1.23758 
v 0.280744 3.61839 -1.49551 
v 0.20404 3.81844 -1.11254 
v 0.20404 4.70036 -1.4815 
v 0.20404 3.84595 -1.61449 
v 0.20404 4.63946 -0.948362 
v -0.0310104 5.33161 2.88985 
v -0.0310103 5.25704 2.79598 
v -0.0310104 5.24463 2.89709 
v -0.0310103 5.34429 2.79331 
v -0.0972966 5.19803 2.65147 
v -0.0972966 5.34592 2.81407 
v -0.0972966 5.34582 2.60973 
v -0.135175 5.3544 2.70503 
v -0.135175 5.14006 2.32634 
v -0.135175 5.16296 2.70669 
v -0.0972966 5.19242 2.81885 
v -0.135175 5.31758 2.25466 
v -0.0905343 5.32251 2.35914 
v -0.0905343 5.09987 2.1106 
v -0.0905344 5.17938 2.39177 
v -0.0905343 5.2211 2.0278 
v -0.150553 6.82218 -4.59904 
v -0.150553 6.76284 -4.24305 
v -0.150553 6.84122 -4.24723 
v -0.150553 6.7438 -4.59486 
v -0.255661 6.76516 -4.03523 
v -0.255661 6.86788 -4.2549 
v -0.255661 6.74967 -4.24859 
v -0.543554 3.62057 0.8534 
v -0.543554 2.28269 1.24759 
v -0.543554 2.31669 1.33546 
v -0.543554 3.64779 0.948329 
v -0.620225 3.83852 0.661892 
v -0.620225 3.5973 1.04794 
v -0.620225 3.9304 0.949151 
v -0.620225 3.48836 0.784382 
v -0.69693 4.53708 0.986675 
v -0.69693 3.68419 0.61828 
v -0.69693 3.76772 1.11399 
v -0.620225 3.98692 -1.53801 
v -0.620225 3.66671 -1.21445 
v -0.620225 4.01338 -1.23758 
v -0.543554 3.73219 -1.39911 
v -0.543554 2.45674 -1.70104 
v -0.543554 2.49074 -1.61317 
v -0.543554 3.73787 -1.30052 
v -0.620225 3.61839 -1.49551 
v -0.69693 3.81844 -1.11254 
v -0.69693 4.70036 -1.4815 
v -0.69693 3.84595 -1.61449 
v -0.69693 4.59798 0.453538 
v -0.286164 6.18597 -3.00198 
v -0.286164 6.86752 -3.51938 
v -0.286164 6.10006 -3.19849 
v -0.286164 6.95343 -3.32288 
v -0.395486 5.57062 -2.30839 
v -0.395486 6.12183 -3.32536 
v -0.395486 5.30841 -2.5887 
v -0.69693 4.63946 -0.948362 
v -0.395486 6.38404 -3.04505 
v -0.42885 6.9792 -3.21462 
v -0.42885 6.73728 -3.7895 
v -0.42885 6.77344 -3.20196 
v -0.255661 6.88338 -4.04153 
v -0.354299 6.904 -4.06378 
v -0.354299 6.76879 -3.74216 
v -0.354299 6.92439 -3.75046 
v -0.354299 6.7484 -4.05549 
v -0.42885 6.94303 -3.80216 
v 0.732774 3.83852 0.661892 
v 0.280744 3.9304 0.949151 
v 0.732774 3.9304 0.949151 
v 0.656103 3.62057 0.8534 
v 0.357415 3.64779 0.948329 
v 0.656103 3.64779 0.948329 
v 0.357415 3.62057 0.8534 
v 0.280744 3.83852 0.661892 
v 0.656103 3.73219 -1.39911 
v 0.357415 3.73787 -1.30052 
v 0.656103 3.73787 -1.30052 
v 0.357415 3.73219 -1.39911 
v 0.280744 4.01338 -1.23758 
v 0.732774 3.98692 -1.53801 
v 0.280744 3.98692 -1.53801 
v 0.732774 4.01338 -1.23758 
v 0.20404 4.59798 0.453538 
v 0.809478 4.53708 0.986675 
v 0.809478 4.59798 0.453538 
v 0.809478 4.63946 -0.948362 
v 0.20404 4.70036 -1.4815 
v 0.20404 4.63946 -0.948362 
v 0.20404 4.53708 0.986675 
v 0.809478 4.70036 -1.4815 
v 0.508035 6.12183 -3.32536 
v -0.395486 6.38404 -3.04505 
v 0.508035 6.38404 -3.04505 
v 0.398713 6.86752 -3.51938 
v -0.286164 6.95343 -3.32288 
v 0.398713 6.95343 -3.32288 
v -0.286164 6.86752 -3.51938 
v -0.244866 3.62057 0.8534 
v -0.543554 3.62057 0.8534 
v -0.244866 3.64779 0.948329 
v -0.543554 3.64779 0.948329 
v -0.168196 3.9304 0.949151 
v -0.620225 3.83852 0.661892 
v -0.620225 3.9304 0.949151 
v -0.168196 3.83852 0.661892 
v -0.244866 3.73219 -1.39911 
v -0.543554 3.73219 -1.39911 
v -0.244866 3.73787 -1.30052 
v -0.543554 3.73787 -1.30052 
v -0.168195 3.98692 -1.53801 
v -0.620225 3.98692 -1.53801 
v -0.168195 4.01338 -1.23758 
v -0.0914909 4.70036 -1.4815 
v -0.69693 4.63946 -0.948362 
v -0.091491 4.63946 -0.948362 
v -0.091491 4.59798 0.453538 
v -0.69693 4.53708 0.986675 
v -0.091491 4.53708 0.986675 
v -0.69693 4.59798 0.453538 
v -0.69693 4.70036 -1.4815 
v -0.395486 6.12183 -3.32536 
v -0.620225 4.01338 -1.23758 
v 0.988359 7.74197 -2.87631 
v 1.28104 7.93601 -2.73584 
v 1.05708 7.67129 -2.8462 
v 0.843075 7.751 -2.94343 
v 0.988359 7.74197 -2.87631 
v 0.924838 7.66689 -2.9076 
v 0.906595 7.82608 -2.91213 
v 0.906595 7.82608 -2.91213 
v 1.21232 8.0067 -2.76595 
v 0.988359 7.74197 -2.87631 
v 1.21232 8.0067 -2.76595 
v 1.13056 8.09081 -2.80177 
v 1.13056 8.09081 -2.80177 
v 0.906595 7.82608 -2.91213 
v 0.809011 7.92646 -2.95488 
v 1.03298 8.19119 -2.84452 
v 0.809011 7.92646 -2.95488 
v 0.711428 8.02684 -2.99763 
v -0.0972966 5.19803 2.65147 
v 0.209845 5.34582 2.60973 
v 0.209845 5.19803 2.65147 
v -0.135175 5.14006 2.32634 
v 0.247723 5.31758 2.25466 
v 0.247723 5.14006 2.32634 
v -0.0905343 5.09987 2.1106 
v 0.203083 5.2211 2.0278 
v 0.203083 5.09987 2.1106 
v -0.0310103 5.25704 2.79598 
v 0.143559 5.34429 2.79331 
v 0.143559 5.25704 2.79598 
v 0.508035 6.12183 -3.32536 
v 0.508035 5.30841 -2.5887 
v -0.395486 5.30841 -2.5887 
v 0.843075 7.751 -2.94343 
v 0.745491 7.85138 -2.98618 
v 0.906595 7.82608 -2.91213 
v 0.809011 7.92646 -2.95488 
v 0.843075 7.751 -2.94343 
v 0.65683 7.74658 -3.02986 
v 0.745491 7.85138 -2.98618 
v 0.754414 7.6462 -2.98711 
v 0.559246 7.84696 -3.07262 
v 0.745491 7.85138 -2.98618 
v 0.65683 7.74658 -3.02986 
v 0.647907 7.95176 -3.02893 
v 0.745491 7.85138 -2.98618 
v 0.647907 7.95176 -3.02893 
v 0.809011 7.92646 -2.95488 
v 0.711428 8.02684 -2.99763 
v 0.647907 7.95176 -3.02893 
v 0.550323 8.05214 -3.07168 
v 0.711428 8.02684 -2.99763 
v 0.461662 7.94734 -3.11537 
v 0.647907 7.95176 -3.02893 
v 0.559246 7.84696 -3.07262 
v 0.398713 6.86752 -3.51938 
v 0.398713 6.10006 -3.19849 
v -0.286164 6.10006 -3.19849 
v -0.255661 6.74967 -4.24859 
v 0.36821 6.86788 -4.2549 
v 0.36821 6.74967 -4.24859 
v -0.150553 6.7438 -4.59486 
v 0.263101 6.82218 -4.59904 
v 0.263101 6.7438 -4.59486 
v -0.354299 6.7484 -4.05549 
v 0.466848 6.904 -4.06378 
v 0.466848 6.7484 -4.05549 
v 0.550323 8.05214 -3.07168 
v -0.42885 6.94303 -3.80216 
v 0.541399 6.94303 -3.80216 
v 0.541399 6.73728 -3.7895 
v 0.613844 8.12722 -3.04038 
v 1.33139 8.32819 -2.70281 
v 1.2338 8.42857 -2.74556 
v 1.41476 8.42673 -2.66173 
v 1.41315 8.24408 -2.66699 
v 1.13056 8.09081 -2.80177 
v 1.33139 8.32819 -2.70281 
v 1.21232 8.0067 -2.76595 
v 1.31717 8.52711 -2.70448 
v 1.31717 8.52711 -2.70448 
v 1.21959 8.62749 -2.74723 
v 1.39856 8.62331 -2.66438 
v 1.30098 8.72369 -2.70713 
v 1.2338 8.42857 -2.74556 
v 1.13622 8.52895 -2.78831 
v 1.31717 8.52711 -2.70448 
v 1.21959 8.62749 -2.74723 
v 1.03298 8.19119 -2.84452 
v 1.2338 8.42857 -2.74556 
v 1.33139 8.32819 -2.70281 
v 1.13056 8.09081 -2.80177 
v 1.2338 8.42857 -2.74556 
v 1.03298 8.19119 -2.84452 
v 0.935394 8.29157 -2.88727 
v 1.13622 8.52895 -2.78831 
v 1.13622 8.52895 -2.78831 
v 1.03864 8.62933 -2.83107 
v 1.21959 8.62749 -2.74723 
v 1.12201 8.72787 -2.78999 
v 0.83781 8.39195 -2.93002 
v 1.03864 8.62933 -2.83107 
v 1.13622 8.52895 -2.78831 
v 1.03298 8.19119 -2.84452 
v 0.935394 8.29157 -2.88727 
v 0.613844 8.12722 -3.04038 
v 0.83781 8.39195 -2.93002 
v 0.935394 8.29157 -2.88727 
v 0.935394 8.29157 -2.88727 
v 1.03864 8.62933 -2.83107 
v 0.756046 8.47606 -2.96584 
v 0.956872 8.71343 -2.86689 
v 0.83781 8.39195 -2.93002 
v 0.711428 8.02684 -2.99763 
v 0.53208 8.21133 -3.0762 
v 0.83781 8.39195 -2.93002 
v 0.613844 8.12722 -3.04038 
v 0.468559 8.13625 -3.1075 
v 0.613844 8.12722 -3.04038 
v 0.550323 8.05214 -3.07168 
v 0.53208 8.21133 -3.0762 
v 0.463361 8.28202 -3.10631 
v 0.756046 8.47606 -2.96584 
v 0.53208 8.21133 -3.0762 
v 0.756046 8.47606 -2.96584 
v 0.687327 8.54675 -2.99595 
v -0.0310103 5.34429 2.79331 
v -0.0972966 5.34582 2.60973 
v -0.135175 5.31758 2.25466 
v -0.0905343 5.2211 2.0278 
v -0.544281 7.74658 -3.02986 
v -0.730525 7.751 -2.94343 
v -0.632942 7.85138 -2.98618 
v -0.920428 8.19119 -2.84452 
v -0.598878 8.02684 -2.99763 
v -0.696462 7.92646 -2.95488 
v -0.794046 7.82608 -2.91213 
v -0.632942 7.85138 -2.98618 
v -0.730525 7.751 -2.94343 
v -0.696462 7.92646 -2.95488 
v -0.730525 7.751 -2.94343 
v -0.875809 7.74197 -2.87631 
v -0.794046 7.82608 -2.91213 
v -1.16849 7.93601 -2.73584 
v -0.875809 7.74197 -2.87631 
v -0.944528 7.67129 -2.8462 
v -1.09978 8.0067 -2.76595 
v -0.794046 7.82608 -2.91213 
v -0.875809 7.74197 -2.87631 
v -0.812289 7.66689 -2.9076 
v -1.09978 8.0067 -2.76595 
v -1.01801 8.09081 -2.80177 
v -1.01801 8.09081 -2.80177 
v -0.696462 7.92646 -2.95488 
v -0.794046 7.82608 -2.91213 
v -0.641864 7.6462 -2.98711 
v -0.395486 6.12183 -3.32536 
v -0.286164 6.86752 -3.51938 
v -0.150553 6.82218 -4.59904 
v -0.42885 6.73728 -3.7895 
v -0.354299 6.904 -4.06378 
v -0.255661 6.86788 -4.2549 
v -0.349113 7.94734 -3.11537 
v -0.535358 7.95176 -3.02893 
v -0.437774 8.05214 -3.07168 
v -0.696462 7.92646 -2.95488 
v -0.535358 7.95176 -3.02893 
v -0.632942 7.85138 -2.98618 
v -0.446697 7.84696 -3.07262 
v -0.632942 7.85138 -2.98618 
v -0.535358 7.95176 -3.02893 
v -0.544281 7.74658 -3.02986 
v -0.446697 7.84696 -3.07262 
v -0.598878 8.02684 -2.99763 
v -0.598878 8.02684 -2.99763 
v -0.437774 8.05214 -3.07168 
v -0.535358 7.95176 -3.02893 
v -0.501294 8.12722 -3.04038 
v -0.920428 8.19119 -2.84452 
v -1.21884 8.32819 -2.70281 
v -1.12125 8.42857 -2.74556 
v -1.01801 8.09081 -2.80177 
v -1.12125 8.42857 -2.74556 
v -0.822844 8.29157 -2.88727 
v -0.920428 8.19119 -2.84452 
v -1.02367 8.52895 -2.78831 
v -1.02367 8.52895 -2.78831 
v -1.20462 8.52711 -2.70448 
v -1.10704 8.62749 -2.74723 
v -1.10704 8.62749 -2.74723 
v -0.926087 8.62933 -2.83107 
v -1.02367 8.52895 -2.78831 
v -1.00946 8.72787 -2.78999 
v -1.12125 8.42857 -2.74556 
v -1.30221 8.42673 -2.66173 
v -1.12125 8.42857 -2.74556 
v -1.21884 8.32819 -2.70281 
v -1.01801 8.09081 -2.80177 
v -1.3006 8.24408 -2.66699 
v -1.21884 8.32819 -2.70281 
v -1.09978 8.0067 -2.76595 
v -1.20462 8.52711 -2.70448 
v -1.28601 8.62331 -2.66438 
v -1.10704 8.62749 -2.74723 
v -1.20462 8.52711 -2.70448 
v -1.18843 8.72369 -2.70713 
v -0.72526 8.39195 -2.93002 
v -1.02367 8.52895 -2.78831 
v -0.926087 8.62933 -2.83107 
v -0.72526 8.39195 -2.93002 
v -0.419531 8.21133 -3.0762 
v -0.501294 8.12722 -3.04038 
v -0.501294 8.12722 -3.04038 
v -0.35601 8.13625 -3.1075 
v -0.437774 8.05214 -3.07168 
v -0.419531 8.21133 -3.0762 
v -0.643497 8.47606 -2.96584 
v -0.350812 8.28202 -3.10631 
v -0.419531 8.21133 -3.0762 
v -0.643497 8.47606 -2.96584 
v -0.574778 8.54675 -2.99595 
v -0.822844 8.29157 -2.88727 
v -0.501294 8.12722 -3.04038 
v -0.598878 8.02684 -2.99763 
v -0.920428 8.19119 -2.84452 
v -0.822844 8.29157 -2.88727 
v -0.72526 8.39195 -2.93002 
v -0.822844 8.29157 -2.88727 
v -0.643497 8.47606 -2.96584 
v -0.926087 8.62933 -2.83107 
v -0.844323 8.71343 -2.86689 
v -0.72526 8.39195 -2.93002 
v 0.732774 3.83852 0.661892 
v 0.732774 3.5973 1.04794 
v 0.732774 3.48836 0.784382 
v 0.809478 3.68419 0.61828 
v 0.809478 4.53708 0.986675 
v 0.809478 3.76772 1.11399 
v 0.732774 3.9304 0.949151 
v 0.656103 3.62057 0.8534 
v 0.656103 2.31669 1.33546 
v 0.656103 2.28269 1.24759 
v 0.656103 3.64779 0.948329 
v 0.809478 4.59798 0.453538 
v 0.732774 3.98692 -1.53801 
v 0.732774 3.66671 -1.21445 
v 0.732774 3.61839 -1.49551 
v 0.809478 3.81844 -1.11254 
v 0.809479 3.84595 -1.61449 
v 0.809478 4.70036 -1.4815 
v 0.732774 4.01338 -1.23758 
v 0.656103 2.45674 -1.70104 
v 0.656103 3.73219 -1.39911 
v 0.656103 2.49074 -1.61317 
v 0.656103 3.73787 -1.30052 
v 0.809478 4.63946 -0.948362 
v 0.508035 5.30841 -2.5887 
v 0.508035 6.12183 -3.32536 
v 0.508035 5.57062 -2.30839 
v 0.541399 6.73728 -3.7895 
v 0.541399 6.9792 -3.21462 
v 0.541399 6.77344 -3.20196 
v 0.508035 6.38404 -3.04505 
v 0.398713 6.10006 -3.19849 
v 0.398713 6.86752 -3.51938 
v 0.398713 6.18597 -3.00198 
v 0.398713 6.95343 -3.32288 
v 0.541399 6.94303 -3.80216 
v 0.466848 6.904 -4.06378 
v 0.466848 6.76879 -3.74216 
v 0.466848 6.7484 -4.05549 
v 0.466848 6.92439 -3.75046 
v 0.36821 6.76516 -4.03523 
v 0.36821 6.86788 -4.2549 
v 0.36821 6.88338 -4.04153 
v 0.36821 6.74967 -4.24859 
v 0.263101 6.82218 -4.59904 
v 0.263101 6.76284 -4.24305 
v 0.263101 6.7438 -4.59486 
v -0.168196 3.5973 1.04794 
v -0.168196 3.83852 0.661892 
v -0.168196 3.9304 0.949151 
v -0.0914911 3.68419 0.61828 
v -0.091491 4.53708 0.986675 
v -0.0914911 3.76772 1.11399 
v -0.168196 3.48836 0.784382 
v -0.244866 3.62057 0.8534 
v -0.244866 2.31669 1.33546 
v -0.244866 2.28269 1.24759 
v -0.244866 3.64779 0.948329 
v -0.168196 3.66671 -1.21445 
v -0.168195 3.98692 -1.53801 
v -0.168195 4.01338 -1.23758 
v -0.168196 3.61839 -1.49551 
v -0.0914909 4.70036 -1.4815 
v -0.091491 3.81844 -1.11254 
v -0.091491 3.84595 -1.61449 
v -0.244866 3.73219 -1.39911 
v -0.244866 2.49074 -1.61317 
v -0.244866 2.45674 -1.70104 
v -0.244866 3.73787 -1.30052 
v -0.091491 4.59798 0.453538 
v 0.247723 5.14006 2.32634 
v 0.247723 5.3544 2.70503 
v 0.247723 5.16296 2.70669 
v 0.209845 5.34592 2.81407 
v 0.209845 5.19803 2.65147 
v 0.209845 5.34582 2.60973 
v 0.209845 5.19242 2.81885 
v 0.143559 5.25704 2.79598 
v 0.143559 5.33161 2.88985 
v 0.143559 5.24463 2.89709 
v 0.143559 5.34429 2.79331 
v 0.247723 5.31758 2.25466 
v 0.203083 5.2211 2.0278 
v 0.203083 5.32251 2.35914 
v 0.203083 5.09987 2.1106 
v 0.263101 6.84122 -4.24723 
v 0.203083 5.17938 2.39177 
v -0.091491 4.63946 -0.948362 
v 0.280744 3.48836 0.784382 
v 0.732774 3.48836 0.784382 
v 0.732774 3.5973 1.04794 
v 0.20404 3.76772 1.11399 
v 0.809478 3.68419 0.61828 
v 0.809478 3.76772 1.11399 
v 0.357415 2.28269 1.24759 
v 0.656103 2.28269 1.24759 
v 0.656103 2.31669 1.33546 
v 0.357415 2.31669 1.33546 
v 0.280744 3.5973 1.04794 
v 0.20404 3.68419 0.61828 
v 0.357415 2.45674 -1.70104 
v 0.656103 2.45674 -1.70104 
v 0.656103 2.49074 -1.61317 
v 0.280744 3.61839 -1.49551 
v 0.732774 3.61839 -1.49551 
v 0.732774 3.66671 -1.21445 
v 0.357415 2.49074 -1.61317 
v 0.280744 3.66671 -1.21445 
v 0.20404 3.81844 -1.11254 
v 0.20404 3.84595 -1.61449 
v 0.809478 3.81844 -1.11254 
v 0.809479 3.84595 -1.61449 
v 0.247723 5.16296 2.70669 
v -0.135175 5.14006 2.32634 
v 0.247723 5.14006 2.32634 
v 0.508035 5.57062 -2.30839 
v -0.395486 5.30841 -2.5887 
v 0.508035 5.30841 -2.5887 
v 0.209845 5.19242 2.81885 
v -0.0972966 5.19803 2.65147 
v 0.209845 5.19803 2.65147 
v 0.203083 5.17938 2.39177 
v -0.0905343 5.09987 2.1106 
v 0.203083 5.09987 2.1106 
v 0.143559 5.24463 2.89709 
v -0.0310103 5.25704 2.79598 
v 0.143559 5.25704 2.79598 
v 0.398713 6.18597 -3.00198 
v -0.286164 6.10006 -3.19849 
v 0.398713 6.10006 -3.19849 
v -0.42885 6.77344 -3.20196 
v 0.541399 6.73728 -3.7895 
v 0.541399 6.77344 -3.20196 
v -0.354299 6.76879 -3.74216 
v 0.466848 6.7484 -4.05549 
v 0.466848 6.76879 -3.74216 
v -0.255661 6.76516 -4.03523 
v 0.36821 6.74967 -4.24859 
v 0.36821 6.76516 -4.03523 
v -0.150553 6.76284 -4.24305 
v 0.263101 6.7438 -4.59486 
v 0.263101 6.76284 -4.24305 
v -0.0310104 5.24463 2.89709 
v -0.543554 2.31669 1.33546 
v -0.244866 2.28269 1.24759 
v -0.244866 2.31669 1.33546 
v -0.620225 3.5973 1.04794 
v -0.168196 3.48836 0.784382 
v -0.168196 3.5973 1.04794 
v -0.543554 2.28269 1.24759 
v -0.620225 3.48836 0.784382 
v -0.69693 3.68419 0.61828 
v -0.0914911 3.76772 1.11399 
v -0.69693 3.76772 1.11399 
v -0.0914911 3.68419 0.61828 
v -0.543554 2.49074 -1.61317 
v -0.244866 2.45674 -1.70104 
v -0.244866 2.49074 -1.61317 
v -0.620225 3.66671 -1.21445 
v -0.168196 3.61839 -1.49551 
v -0.168196 3.66671 -1.21445 
v -0.543554 2.45674 -1.70104 
v -0.620225 3.61839 -1.49551 
v -0.69693 3.81844 -1.11254 
v -0.091491 3.84595 -1.61449 
v -0.091491 3.81844 -1.11254 
v -0.0905344 5.17938 2.39177 
v -0.0972966 5.19242 2.81885 
v -0.135175 5.16296 2.70669 
v -0.69693 3.84595 -1.61449 
v -0.395486 5.57062 -2.30839 
v -0.286164 6.18597 -3.00198 
v -0.150553 6.7438 -4.59486 
v -0.255661 6.74967 -4.24859 
v -0.354299 6.7484 -4.05549 
v -0.42885 6.73728 -3.7895 
v 0.732774 3.9304 0.949151 
v 0.280744 3.5973 1.04794 
v 0.732774 3.5973 1.04794 
v 0.809478 4.53708 0.986675 
v 0.20404 3.76772 1.11399 
v 0.809478 3.76772 1.11399 
v 0.357415 3.64779 0.948329 
v 0.656103 2.31669 1.33546 
v 0.656103 3.64779 0.948329 
v 0.357415 2.31669 1.33546 
v 0.280744 3.9304 0.949151 
v 0.357415 3.73787 -1.30052 
v 0.656103 2.49074 -1.61317 
v 0.656103 3.73787 -1.30052 
v 0.732774 4.01338 -1.23758 
v 0.280744 3.66671 -1.21445 
v 0.732774 3.66671 -1.21445 
v 0.357415 2.49074 -1.61317 
v 0.280744 4.01338 -1.23758 
v 0.809478 4.63946 -0.948362 
v 0.20404 3.81844 -1.11254 
v 0.809478 3.81844 -1.11254 
v 0.247723 5.3544 2.70503 
v -0.135175 5.16296 2.70669 
v 0.247723 5.16296 2.70669 
v 0.209845 5.34592 2.81407 
v -0.0972966 5.19242 2.81885 
v 0.209845 5.19242 2.81885 
v -0.0905343 5.32251 2.35914 
v 0.203083 5.17938 2.39177 
v 0.203083 5.32251 2.35914 
v 0.143559 5.33161 2.88985 
v -0.0310104 5.24463 2.89709 
v 0.143559 5.24463 2.89709 
v 0.20404 4.53708 0.986675 
v 0.20404 4.63946 -0.948362 
v -0.354299 6.92439 -3.75046 
v 0.466848 6.76879 -3.74216 
v 0.466848 6.92439 -3.75046 
v -0.255661 6.88338 -4.04153 
v 0.36821 6.76516 -4.03523 
v 0.36821 6.88338 -4.04153 
v -0.150553 6.84122 -4.24723 
v 0.263101 6.76284 -4.24305 
v 0.263101 6.84122 -4.24723 
v -0.0310104 5.33161 2.88985 
v -0.244866 3.64779 0.948329 
v -0.543554 2.31669 1.33546 
v -0.244866 2.31669 1.33546 
v -0.543554 3.64779 0.948329 
v -0.168196 3.5973 1.04794 
v -0.620225 3.9304 0.949151 
v -0.620225 3.5973 1.04794 
v -0.0914911 3.76772 1.11399 
v -0.69693 4.53708 0.986675 
v -0.69693 3.76772 1.11399 
v -0.168196 3.9304 0.949151 
v -0.244866 3.73787 -1.30052 
v -0.543554 2.49074 -1.61317 
v -0.244866 2.49074 -1.61317 
v -0.620225 4.01338 -1.23758 
v -0.168196 3.66671 -1.21445 
v -0.168195 4.01338 -1.23758 
v -0.543554 3.73787 -1.30052 
v -0.620225 3.66671 -1.21445 
v -0.091491 3.81844 -1.11254 
v -0.69693 4.63946 -0.948362 
v -0.69693 3.81844 -1.11254 
v -0.0905344 5.17938 2.39177 
v -0.0972966 5.34592 2.81407 
v -0.135175 5.3544 2.70503 
v -0.091491 4.53708 0.986675 
v -0.091491 4.63946 -0.948362 
v -0.150553 6.76284 -4.24305 
v -0.255661 6.76516 -4.03523 
v -0.354299 6.76879 -3.74216 

vn -1 0 0 
vn -1 0 0 
vn -1 0 0 
vn -1 0 0 
vn -1 0 0 
vn -1 0 0 
vn -1 0 0 
vn -1 0 0 
vn -1 0 0 
vn -1 0 0 
vn -1 0 0 
vn -1 0 0 
vn -1 0 0 
vn -1 0 0 
vn -1 0 0 
vn -1 0 0 
vn -1 0 0 
vn -1 0 0 
vn -1 0 0 
vn -1 0 0 
vn -1 0 0 
vn -1 0 0 
vn -1 0 0 
vn -1 0 0 
vn -1 0 0 
vn -1 0 0 
vn -1 0 0 
vn -1 0 0 
vn -1 0 0 
vn -1 0 0 
vn -1 0 0 
vn -1 0 0 
vn -1 0 0 
vn -1 0 0 
vn -1 0 0 
vn -1 0 0 
vn -1 0 0 
vn -1 0 0 
vn -1 0 0 
vn -1 0 0 
vn -1 0 0 
vn -1 0 0 
vn -1 0 0 
vn -1 0 0 
vn -1 0 0 
vn -1 0 0 
vn -1 0 0 
vn -1 0 0 
vn -1 0 0 
vn -1 0 0 
vn -1 0 0 
vn -1 0 0 
vn -1 0 0 
vn -1 0 0 
vn -1 0 0 
vn -1 0 0 
vn -1 0 0 
vn -1 0 0 
vn -1 0 0 
vn -1 0 0 
vn -1 0 0 
vn -1 0 0 
vn -1 0 0 
vn -1 0 0 
vn -1 0 0 
vn -1 0 0 
vn -1 0 0 
vn -1 0 0 
vn -1 0 0 
vn -1 0 0 
vn -1 0 0 
vn -1 0 0 
vn -1 0 0 
vn -1 0 0 
vn -1 0 0 
vn -1 0 0 
vn -1 0 0 
vn -1 0 0 
vn -1 0 0 
vn -1 0 0 
vn -1 0 0 
vn -1 0 0 
vn -1 0 0 
vn -1 0 0 
vn -1 0 0 
vn -1 0 0 
vn -1 0 0 
vn -1 0 0 
vn 0 0.952756 -0.307087 
vn 0 0.952756 -0.307087 
vn 0 0.952756 -0.307087 
vn 0 0.96063 -0.275591 
vn 0 0.96063 -0.275591 
vn 0 0.96063 -0.275591 
vn 0 0.96063 -0.275591 
vn 0 0.952756 -0.307087 
vn 0 1 -0.0551181 
vn 0 1 -0.0551181 
vn 0 1 -0.0551181 
vn 0 1 -0.0551181 
vn 0 1 -0.0866142 
vn 0 1 -0.0866142 
vn 0 1 -0.0866142 
vn 0 1 -0.0866142 
vn 0 0.992126 0.110236 
vn 0 0.992126 0.110236 
vn 0 0.992126 0.110236 
vn 0 0.992126 0.110236 
vn 0 0.992126 0.110236 
vn 0 0.992126 0.110236 
vn 0 0.992126 0.110236 
vn 0 0.992126 0.110236 
vn 0 0.732283 -0.685039 
vn 0 0.732283 -0.685039 
vn 0 0.732283 -0.685039 
vn 0 0.913386 -0.401575 
vn 0 0.913386 -0.401575 
vn 0 0.913386 -0.401575 
vn 0 0.913386 -0.401575 
vn 0 0.96063 -0.275591 
vn 0 0.96063 -0.275591 
vn 0 0.96063 -0.275591 
vn 0 0.96063 -0.275591 
vn 0 0.952756 -0.307087 
vn 0 0.952756 -0.307087 
vn 0 0.952756 -0.307087 
vn 0 0.952756 -0.307087 
vn 0 1 -0.0551181 
vn 0 1 -0.0551181 
vn 0 1 -0.0551181 
vn 0 1 -0.0551181 
vn 0 1 -0.0866142 
vn 0 1 -0.0866142 
vn 0 1 -0.0866142 
vn 0 0.992126 0.110236 
vn 0 0.992126 0.110236 
vn 0 0.992126 0.110236 
vn 0 0.992126 0.110236 
vn 0 0.992126 0.110236 
vn 0 0.992126 0.110236 
vn 0 0.992126 0.110236 
vn 0 0.992126 0.110236 
vn 0 0.732283 -0.685039 
vn 0 1 -0.0866142 
vn 0.417323 0.023622 -0.905512 
vn 0.417323 0.023622 -0.905512 
vn 0.417323 0.023622 -0.905512 
vn 0.417323 0.023622 -0.905512 
vn 0.417323 0.023622 -0.905512 
vn 0.417323 0.023622 -0.905512 
vn 0.417323 0.023622 -0.905512 
vn 0.417323 0.023622 -0.905512 
vn 0.417323 0.023622 -0.905512 
vn 0.417323 0.023622 -0.905512 
vn 0.417323 0.023622 -0.905512 
vn 0.417323 0.023622 -0.905512 
vn 0.417323 0.023622 -0.905512 
vn 0.417323 0.023622 -0.905512 
vn 0.417323 0.023622 -0.905512 
vn 0.417323 0.023622 -0.905512 
vn 0.417323 0.023622 -0.905512 
vn 0.417323 0.023622 -0.905512 
vn 0 -0.275591 -0.96063 
vn 0 -0.275591 -0.96063 
vn 0 -0.275591 -0.96063 
vn 0 -0.370079 -0.929134 
vn 0 -0.370079 -0.929134 
vn 0 -0.370079 -0.929134 
vn 0 -0.566929 -0.826772 
vn 0 -0.566929 -0.826772 
vn 0 -0.566929 -0.826772 
vn 0 -0.0314961 -1 
vn 0 -0.0314961 -1 
vn 0 -0.0314961 -1 
vn 0 -0.669291 -0.740157 
vn 0 -0.669291 -0.740157 
vn 0 -0.669291 -0.740157 
vn 0.417323 0.023622 -0.905512 
vn 0.417323 0.023622 -0.905512 
vn 0.417323 0.023622 -0.905512 
vn 0.417323 0.023622 -0.905512 
vn 0.417323 0.023622 -0.905512 
vn 0.417323 0.023622 -0.905512 
vn 0.417323 0.023622 -0.905512 
vn 0.417323 0.023622 -0.905512 
vn 0.417323 0.023622 -0.905512 
vn 0.417323 0.023622 -0.905512 
vn 0.417323 0.023622 -0.905512 
vn 0.417323 0.023622 -0.905512 
vn 0.417323 0.023622 -0.905512 
vn 0.417323 0.023622 -0.905512 
vn 0.417323 0.023622 -0.905512 
vn 0.417323 0.023622 -0.905512 
vn 0.417323 0.023622 -0.905512 
vn 0.417323 0.023622 -0.905512 
vn 0.417323 0.023622 -0.905512 
vn 0.417323 0.023622 -0.905512 
vn 0.417323 0.023622 -0.905512 
vn 0.417323 0.023622 -0.905512 
vn 0 -0.385827 -0.92126 
vn 0 -0.385827 -0.92126 
vn 0 -0.385827 -0.92126 
vn 0 -0.0551181 -1 
vn 0 -0.0551181 -1 
vn 0 -0.0551181 -1 
vn 0 -0.0551181 -1 
vn 0 -0.0551181 -1 
vn 0 -0.0551181 -1 
vn 0 -0.0551181 -1 
vn 0 -0.0551181 -1 
vn 0 -0.0551181 -1 
vn 0.417323 0.023622 -0.905512 
vn 0 -0.0629921 -1 
vn 0 -0.0629921 -1 
vn 0 -0.0629921 -1 
vn 0.417323 0.023622 -0.905512 
vn 0.417323 0.023622 -0.905512 
vn 0.417323 0.023622 -0.905512 
vn 0.417323 0.023622 -0.905512 
vn 0.417323 0.023622 -0.905512 
vn 0.417323 0.023622 -0.905512 
vn 0.417323 0.023622 -0.905512 
vn 0.417323 0.023622 -0.905512 
vn 0.417323 0.023622 -0.905512 
vn 0.417323 0.023622 -0.905512 
vn 0.417323 0.023622 -0.905512 
vn 0.417323 0.023622 -0.905512 
vn 0.417323 0.023622 -0.905512 
vn 0.417323 0.023622 -0.905512 
vn 0.417323 0.023622 -0.905512 
vn 0.417323 0.023622 -0.905512 
vn 0.417323 0.023622 -0.905512 
vn 0.417323 0.023622 -0.905512 
vn 0.417323 0.023622 -0.905512 
vn 0.417323 0.023622 -0.905512 
vn 0.417323 0.023622 -0.905512 
vn 0.417323 0.023622 -0.905512 
vn 0.417323 0.023622 -0.905512 
vn 0.417323 0.023622 -0.905512 
vn 0.417323 0.023622 -0.905512 
vn 0.417323 0.023622 -0.905512 
vn 0.417323 0.023622 -0.905512 
vn 0.417323 0.023622 -0.905512 
vn 0.417323 0.023622 -0.905512 
vn 0.417323 0.023622 -0.905512 
vn 0.417323 0.023622 -0.905512 
vn 0.417323 0.023622 -0.905512 
vn 0.417323 0.023622 -0.905512 
vn 0.417323 0.023622 -0.905512 
vn 0.417323 0.023622 -0.905512 
vn 0.417323 0.023622 -0.905512 
vn 0.417323 0.023622 -0.905512 
vn 0.417323 0.023622 -0.905512 
vn 0.417323 0.023622 -0.905512 
vn 0.417323 0.023622 -0.905512 
vn 0.417323 0.023622 -0.905512 
vn 0.417323 0.023622 -0.905512 
vn 0.417323 0.023622 -0.905512 
vn 0.417323 0.023622 -0.905512 
vn 0.417323 0.023622 -0.905512 
vn 0.417323 0.023622 -0.905512 
vn 0.417323 0.023622 -0.905512 
vn 0.417323 0.023622 -0.905512 
vn 0.417323 0.023622 -0.905512 
vn 0.417323 0.023622 -0.905512 
vn 0.417323 0.023622 -0.905512 
vn 0.417323 0.023622 -0.905512 
vn 0.417323 0.023622 -0.905512 
vn 0.417323 0.023622 -0.905512 
vn 0.417323 0.023622 -0.905512 
vn 0 -0.0314961 -1 
vn 0 -0.275591 -0.96063 
vn 0 -0.370079 -0.929134 
vn 0 -0.566929 -0.826772 
vn -0.417323 0.023622 -0.905512 
vn -0.417323 0.023622 -0.905512 
vn -0.417323 0.023622 -0.905512 
vn -0.417323 0.023622 -0.905512 
vn -0.417323 0.023622 -0.905512 
vn -0.417323 0.023622 -0.905512 
vn -0.417323 0.023622 -0.905512 
vn -0.417323 0.023622 -0.905512 
vn -0.417323 0.023622 -0.905512 
vn -0.417323 0.023622 -0.905512 
vn -0.417323 0.023622 -0.905512 
vn -0.417323 0.023622 -0.905512 
vn -0.417323 0.023622 -0.905512 
vn -0.417323 0.023622 -0.905512 
vn -0.417323 0.023622 -0.905512 
vn -0.417323 0.023622 -0.905512 
vn -0.417323 0.023622 -0.905512 
vn -0.417323 0.023622 -0.905512 
vn -0.417323 0.023622 -0.905512 
vn -0.417323 0.023622 -0.905512 
vn -0.417323 0.023622 -0.905512 
vn -0.417323 0.023622 -0.905512 
vn -0.417323 0.023622 -0.905512 
vn -0.417323 0.023622 -0.905512 
vn -0.417323 0.023622 -0.905512 
vn -0.417323 0.023622 -0.905512 
vn 0 -0.669291 -0.740157 
vn 0 -0.385827 -0.92126 
vn 0 -0.0551181 -1 
vn 0 -0.0629921 -1 
vn 0 -0.0551181 -1 
vn 0 -0.0551181 -1 
vn -0.417323 0.023622 -0.905512 
vn -0.417323 0.023622 -0.905512 
vn -0.417323 0.023622 -0.905512 
vn -0.417323 0.023622 -0.905512 
vn -0.417323 0.023622 -0.905512 
vn -0.417323 0.023622 -0.905512 
vn -0.417323 0.023622 -0.905512 
vn -0.417323 0.023622 -0.905512 
vn -0.417323 0.023622 -0.905512 
vn -0.417323 0.023622 -0.905512 
vn -0.417323 0.023622 -0.905512 
vn -0.417323 0.023622 -0.905512 
vn -0.417323 0.023622 -0.905512 
vn -0.417323 0.023622 -0.905512 
vn -0.417323 0.023622 -0.905512 
vn -0.417323 0.023622 -0.905512 
vn -0.417323 0.023622 -0.905512 
vn -0.417323 0.023622 -0.905512 
vn -0.417323 0.023622 -0.905512 
vn -0.417323 0.023622 -0.905512 
vn -0.417323 0.023622 -0.905512 
vn -0.417323 0.023622 -0.905512 
vn -0.417323 0.023622 -0.905512 
vn -0.417323 0.023622 -0.905512 
vn -0.417323 0.023622 -0.905512 
vn -0.417323 0.023622 -0.905512 
vn -0.417323 0.023622 -0.905512 
vn -0.417323 0.023622 -0.905512 
vn -0.417323 0.023622 -0.905512 
vn -0.417323 0.023622 -0.905512 
vn -0.417323 0.023622 -0.905512 
vn -0.417323 0.023622 -0.905512 
vn -0.417323 0.023622 -0.905512 
vn -0.417323 0.023622 -0.905512 
vn -0.417323 0.023622 -0.905512 
vn -0.417323 0.023622 -0.905512 
vn -0.417323 0.023622 -0.905512 
vn -0.417323 0.023622 -0.905512 
vn -0.417323 0.023622 -0.905512 
vn -0.417323 0.023622 -0.905512 
vn -0.417323 0.023622 -0.905512 
vn -0.417323 0.023622 -0.905512 
vn -0.417323 0.023622 -0.905512 
vn -0.417323 0.023622 -0.905512 
vn -0.417323 0.023622 -0.905512 
vn -0.417323 0.023622 -0.905512 
vn -0.417323 0.023622 -0.905512 
vn -0.417323 0.023622 -0.905512 
vn -0.417323 0.023622 -0.905512 
vn -0.417323 0.023622 -0.905512 
vn -0.417323 0.023622 -0.905512 
vn -0.417323 0.023622 -0.905512 
vn -0.417323 0.023622 -0.905512 
vn -0.417323 0.023622 -0.905512 
vn -0.417323 0.023622 -0.905512 
vn -0.417323 0.023622 -0.905512 
vn -0.417323 0.023622 -0.905512 
vn -0.417323 0.023622 -0.905512 
vn -0.417323 0.023622 -0.905512 
vn -0.417323 0.023622 -0.905512 
vn -0.417323 0.023622 -0.905512 
vn -0.417323 0.023622 -0.905512 
vn -0.417323 0.023622 -0.905512 
vn -0.417323 0.023622 -0.905512 
vn -0.417323 0.023622 -0.905512 
vn -0.417323 0.023622 -0.905512 
vn -0.417323 0.023622 -0.905512 
vn -0.417323 0.023622 -0.905512 
vn -0.417323 0.023622 -0.905512 
vn -0.417323 0.023622 -0.905512 
vn 1 0 0 
vn 1 0 0 
vn 1 0 0 
vn 1 0 0 
vn 1 0 0 
vn 1 0 0 
vn 1 0 0 
vn 1 0 0 
vn 1 0 0 
vn 1 0 0 
vn 1 0 0 
vn 1 0 0 
vn 1 0 0 
vn 1 0 0 
vn 1 0 0 
vn 1 0 0 
vn 1 0 0 
vn 1 0 0 
vn 1 0 0 
vn 1 0 0 
vn 1 0 0 
vn 1 0 0 
vn 1 0 0 
vn 1 0 0 
vn 1 0 0 
vn 1 0 0 
vn 1 0 0 
vn 1 0 0 
vn 1 0 0 
vn 1 0 0 
vn 1 0 0 
vn 1 0 0 
vn 1 0 0 
vn 1 0 0 
vn 1 0 0 
vn 1 0 0 
vn 1 0 0 
vn 1 0 0 
vn 1 0 0 
vn 1 0 0 
vn 1 0 0 
vn 1 0 0 
vn 1 0 0 
vn 1 0 0 
vn 1 0 0 
vn 1 0 0 
vn 1 0 0 
vn 1 0 0 
vn 1 0 0 
vn 1 0 0 
vn 1 0 0 
vn 1 0 0 
vn 1 0 0 
vn 1 0 0 
vn 1 0 0 
vn 1 0 0 
vn 1 0 0 
vn 1 0 0 
vn 1 0 0 
vn 1 0 0 
vn 1 0 0 
vn 1 0 0 
vn 1 0 0 
vn 1 0 0 
vn 1 0 0 
vn 1 0 0 
vn 1 0 0 
vn 1 0 0 
vn 1 0 0 
vn 1 0 0 
vn 1 0 0 
vn 1 0 0 
vn 1 0 0 
vn 1 0 0 
vn 1 0 0 
vn 1 0 0 
vn 1 0 0 
vn 1 0 0 
vn 1 0 0 
vn 1 0 0 
vn 1 0 0 
vn 1 0 0 
vn 1 0 0 
vn 1 0 0 
vn 1 0 0 
vn 1 0 0 
vn 1 0 0 
vn 1 0 0 
vn 0 -0.92126 0.385827 
vn 0 -0.92126 0.385827 
vn 0 -0.92126 0.385827 
vn 0 -0.984252 0.165354 
vn 0 -0.984252 0.165354 
vn 0 -0.984252 0.165354 
vn 0 -0.929134 0.362205 
vn 0 -0.929134 0.362205 
vn 0 -0.929134 0.362205 
vn 0 -0.929134 0.362205 
vn 0 -0.92126 0.385827 
vn 0 -0.984252 0.165354 
vn 0 -0.929134 0.362205 
vn 0 -0.929134 0.362205 
vn 0 -0.929134 0.362205 
vn 0 -0.984252 0.173228 
vn 0 -0.984252 0.173228 
vn 0 -0.984252 0.173228 
vn 0 -0.929134 0.362205 
vn 0 -0.984252 0.173228 
vn 0 -1 -0.0551181 
vn 0 -1 -0.0551181 
vn 0 -1 -0.0551181 
vn 0 -1 -0.0551181 
vn 0 -1 0.0629921 
vn 0 -1 0.0629921 
vn 0 -1 0.0629921 
vn 0 -0.732283 0.685039 
vn 0 -0.732283 0.685039 
vn 0 -0.732283 0.685039 
vn 0 -1 -0.0314961 
vn 0 -1 -0.0314961 
vn 0 -1 -0.0314961 
vn 0 -0.96063 0.275591 
vn 0 -0.96063 0.275591 
vn 0 -0.96063 0.275591 
vn 0 -0.992126 -0.11811 
vn 0 -0.992126 -0.11811 
vn 0 -0.992126 -0.11811 
vn 0 -0.913386 0.401575 
vn 0 -0.913386 0.401575 
vn 0 -0.913386 0.401575 
vn 0 -1 0.0629921 
vn 0 -1 0.0629921 
vn 0 -1 0.0629921 
vn 0 -1 0.0629921 
vn 0 -1 0.0629921 
vn 0 -1 0.0629921 
vn 0 -1 0.0708661 
vn 0 -1 0.0708661 
vn 0 -1 0.0708661 
vn 0 -1 0.0551181 
vn 0 -1 0.0551181 
vn 0 -1 0.0551181 
vn 0 -0.992126 -0.11811 
vn 0 -0.929134 0.362205 
vn 0 -0.929134 0.362205 
vn 0 -0.929134 0.362205 
vn 0 -0.92126 0.385827 
vn 0 -0.92126 0.385827 
vn 0 -0.92126 0.385827 
vn 0 -0.929134 0.362205 
vn 0 -0.92126 0.385827 
vn 0 -0.984252 0.165354 
vn 0 -0.984252 0.165354 
vn 0 -0.984252 0.165354 
vn 0 -0.984252 0.165354 
vn 0 -0.929134 0.362205 
vn 0 -0.929134 0.362205 
vn 0 -0.929134 0.362205 
vn 0 -0.984252 0.173228 
vn 0 -0.984252 0.173228 
vn 0 -0.984252 0.173228 
vn 0 -0.929134 0.362205 
vn 0 -0.984252 0.173228 
vn 0 -1 -0.0551181 
vn 0 -1 -0.0551181 
vn 0 -1 -0.0551181 
vn 0 -0.96063 0.275591 
vn 0 -1 -0.0314961 
vn 0 -1 0.0629921 
vn 0 -1 -0.0551181 
vn 0 -0.732283 0.685039 
vn 0 -0.913386 0.401575 
vn 0 -1 0.0551181 
vn 0 -1 0.0708661 
vn 0 -1 0.0629921 
vn 0 -1 0.0629921 
vn 0 0.283465 0.96063 
vn 0 0.283465 0.96063 
vn 0 0.283465 0.96063 
vn 0 0.165354 0.984252 
vn 0 0.165354 0.984252 
vn 0 0.165354 0.984252 
vn 0 0.283465 0.96063 
vn 0 0.283465 0.96063 
vn 0 0.283465 0.96063 
vn 0 0.283465 0.96063 
vn 0 0.283465 0.96063 
vn 0 -0.244094 0.968504 
vn 0 -0.244094 0.968504 
vn 0 -0.244094 0.968504 
vn 0 0.0629921 1 
vn 0 0.0629921 1 
vn 0 0.0629921 1 
vn 0 -0.244094 0.968504 
vn 0 0.0629921 1 
vn 0 -0.19685 0.984252 
vn 0 -0.19685 0.984252 
vn 0 -0.19685 0.984252 
vn 0 0.00787402 1 
vn 0 0.00787402 1 
vn 0 0.00787402 1 
vn 0 0.0314961 1 
vn 0 0.0314961 1 
vn 0 0.0314961 1 
vn 0 0.220472 0.976378 
vn 0 0.220472 0.976378 
vn 0 0.220472 0.976378 
vn 0 0.0866142 1 
vn 0 0.0866142 1 
vn 0 0.0866142 1 
vn 0 0.165354 0.984252 
vn 0 -0.19685 0.984252 
vn 0 0.0551181 1 
vn 0 0.0551181 1 
vn 0 0.0551181 1 
vn 0 0.0551181 1 
vn 0 0.0551181 1 
vn 0 0.0551181 1 
vn 0 0.0551181 1 
vn 0 0.0551181 1 
vn 0 0.0551181 1 
vn 0 0.0866142 1 
vn 0 0.283465 0.96063 
vn 0 0.283465 0.96063 
vn 0 0.283465 0.96063 
vn 0 0.283465 0.96063 
vn 0 0.283465 0.96063 
vn 0 0.283465 0.96063 
vn 0 0.283465 0.96063 
vn 0 0.165354 0.984252 
vn 0 0.165354 0.984252 
vn 0 0.165354 0.984252 
vn 0 0.283465 0.96063 
vn 0 -0.244094 0.968504 
vn 0 -0.244094 0.968504 
vn 0 -0.244094 0.968504 
vn 0 0.0629921 1 
vn 0 0.0629921 1 
vn 0 0.0629921 1 
vn 0 -0.244094 0.968504 
vn 0 0.0629921 1 
vn 0 -0.19685 0.984252 
vn 0 -0.19685 0.984252 
vn 0 -0.19685 0.984252 
vn 0 0.220472 0.976378 
vn 0 0.0314961 1 
vn 0 0.00787402 1 
vn 0 0.165354 0.984252 
vn 0 -0.19685 0.984252 
vn 0 0.0551181 1 
vn 0 0.0551181 1 
vn 0 0.0551181 1 

vt 0.273304 -39.3986 
vt 0.213047 -39.2356 
vt 0.26232 -39.4028 
vt 0.224913 -39.2322 
vt 0.189108 -39.2083 
vt 0.237365 -39.2385 
vt 0.225015 -39.1969 
vt 0.204419 -39.2521 
vt 0.183657 -39.2276 
vt 0.245621 -39.2172 
vt 0.229706 -39.121 
vt 0.163064 -39.1134 
vt -0.0952745 -39.3768 
vt -0.0685176 -39.2216 
vt -0.106259 -39.3811 
vt -0.0561937 -39.2209 
vt -0.0858801 -39.1898 
vt -0.0454344 -39.2298 
vt -0.0483263 -39.1865 
vt -0.0805674 -39.2359 
vt -0.0326963 -39.2109 
vt -0.0788158 -39.1006 
vt -0.0954398 -39.2074 
vt -0.0121737 -39.1082 
vt 0.467603 -39.0217 
vt 0.455869 -39.031 
vt 0.468508 -39.0326 
vt 0.455535 -39.0201 
vt 0.437805 -39.0384 
vt 0.458131 -39.0199 
vt 0.432588 -39.0199 
vt 0.4445 -39.0189 
vt 0.397164 -39.0457 
vt 0.444708 -39.0428 
vt 0.458727 -39.0391 
vt 0.388204 -39.0235 
vt 0.401264 -39.0228 
vt 0.370196 -39.0507 
vt 0.405343 -39.0407 
vt 0.359847 -39.0355 
vt -0.468508 -38.8354 
vt -0.424009 -38.8428 
vt -0.424532 -38.833 
vt -0.467986 -38.8452 
vt -0.398032 -38.8425 
vt -0.42549 -38.8297 
vt -0.424702 -38.8445 
vt 0.213047 -39.2356 
vt 0.26232 -39.4028 
vt 0.273304 -39.3986 
vt 0.224913 -39.2322 
vt 0.189108 -39.2083 
vt 0.237365 -39.2385 
vt 0.225015 -39.1969 
vt 0.204419 -39.2521 
vt 0.229706 -39.121 
vt 0.183657 -39.2276 
vt 0.245621 -39.2172 
vt -0.0858801 -39.1898 
vt -0.0454344 -39.2298 
vt -0.0483263 -39.1865 
vt -0.0685176 -39.2216 
vt -0.106259 -39.3811 
vt -0.0952745 -39.3768 
vt -0.0561937 -39.2209 
vt -0.0805674 -39.2359 
vt -0.0326963 -39.2109 
vt -0.0788158 -39.1006 
vt -0.0954398 -39.2074 
vt 0.163064 -39.1134 
vt -0.268876 -38.9149 
vt -0.333551 -38.8297 
vt -0.293439 -38.9257 
vt -0.308988 -38.819 
vt -0.182177 -38.9918 
vt -0.309299 -38.9229 
vt -0.217216 -39.0246 
vt -0.0121737 -39.1082 
vt -0.27426 -38.8902 
vt -0.295456 -38.8158 
vt -0.367315 -38.846 
vt -0.293873 -38.8415 
vt -0.39882 -38.8277 
vt -0.401601 -38.8252 
vt -0.361399 -38.8421 
vt -0.362436 -38.8226 
vt -0.400564 -38.8446 
vt -0.368898 -38.8203 
vt 0.0845624 -39.1891 
vt 0.0280587 -39.225 
vt 0.0845624 -39.225 
vt 0.0749785 -39.213 
vt 0.0376425 -39.2249 
vt 0.0749785 -39.2249 
vt 0.0376425 -39.213 
vt 0.0280587 -39.1891 
vt 0.0749786 -38.9315 
vt 0.0376425 -38.9438 
vt 0.0749786 -38.9438 
vt 0.0376425 -38.9315 
vt 0.0280587 -38.9517 
vt 0.0845624 -38.9141 
vt 0.0280587 -38.9141 
vt 0.0845624 -38.9517 
vt 0.0184706 -39.1631 
vt 0.0941505 -39.2297 
vt 0.0941505 -39.1631 
vt 0.0941505 -38.9878 
vt 0.0184707 -38.9212 
vt 0.0184706 -38.9878 
vt 0.0184706 -39.2297 
vt 0.0941505 -38.9212 
vt 0.05647 -38.6907 
vt -0.0564701 -38.7257 
vt 0.05647 -38.7257 
vt 0.0428048 -38.6664 
vt -0.0428048 -38.691 
vt 0.0428048 -38.691 
vt -0.0428048 -38.6664 
vt -0.0376426 -39.213 
vt -0.0749786 -39.213 
vt -0.0376426 -39.2249 
vt -0.0749786 -39.2249 
vt -0.0280588 -39.225 
vt -0.0845625 -39.1891 
vt -0.0845625 -39.225 
vt -0.0280588 -39.1891 
vt -0.0376426 -38.9315 
vt -0.0749786 -38.9315 
vt -0.0376426 -38.9438 
vt -0.0749786 -38.9438 
vt -0.0280588 -38.9141 
vt -0.0845624 -38.9141 
vt -0.0280588 -38.9517 
vt -0.0184707 -38.9212 
vt -0.0941505 -38.9878 
vt -0.0184707 -38.9878 
vt -0.0184707 -39.1631 
vt -0.0941505 -39.2297 
vt -0.0184707 -39.2297 
vt -0.0941505 -39.1631 
vt -0.0941505 -38.9212 
vt -0.0564701 -38.6907 
vt -0.0845624 -38.9517 
vt -0.116511 -38.7204 
vt -0.153096 -38.6962 
vt -0.1251 -38.7292 
vt -0.09835 -38.7193 
vt -0.116511 -38.7204 
vt -0.10857 -38.7298 
vt -0.10629 -38.7099 
vt -0.10629 -38.7099 
vt -0.144506 -38.6873 
vt -0.116511 -38.7204 
vt -0.144506 -38.6873 
vt -0.134286 -38.6768 
vt -0.134286 -38.6768 
vt -0.10629 -38.7099 
vt -0.0940921 -38.6974 
vt -0.122088 -38.6643 
vt -0.0940921 -38.6974 
vt -0.0818941 -38.6848 
vt 0.0191964 -39.0384 
vt -0.0191963 -39.0199 
vt -0.0191963 -39.0384 
vt 0.0239312 -39.0457 
vt -0.0239311 -39.0235 
vt -0.0239311 -39.0457 
vt 0.0183511 -39.0507 
vt -0.0183511 -39.0355 
vt -0.0183511 -39.0507 
vt 0.0109106 -39.031 
vt -0.0109106 -39.0201 
vt -0.0109106 -39.031 
vt -0.05647 -38.9229 
vt -0.05647 -39.0246 
vt 0.0564701 -39.0246 
vt -0.09835 -38.7193 
vt -0.086152 -38.7067 
vt -0.10629 -38.7099 
vt -0.0940921 -38.6974 
vt -0.09835 -38.7193 
vt -0.0750694 -38.7198 
vt -0.086152 -38.7067 
vt -0.0872674 -38.7324 
vt -0.0628715 -38.7073 
vt -0.086152 -38.7067 
vt -0.0750694 -38.7198 
vt -0.0739541 -38.6942 
vt -0.086152 -38.7067 
vt -0.0739541 -38.6942 
vt -0.0940921 -38.6974 
vt -0.0818941 -38.6848 
vt -0.0739541 -38.6942 
vt -0.0617561 -38.6816 
vt -0.0818941 -38.6848 
vt -0.0506734 -38.6947 
vt -0.0739541 -38.6942 
vt -0.0628715 -38.7073 
vt -0.0428048 -38.8297 
vt -0.0428048 -38.9257 
vt 0.0428048 -38.9257 
vt 0.0389919 -38.8445 
vt -0.0389919 -38.8297 
vt -0.0389919 -38.8445 
vt 0.0258534 -38.8452 
vt -0.0258534 -38.8354 
vt -0.0258534 -38.8452 
vt 0.0513218 -38.8446 
vt -0.0513217 -38.8252 
vt -0.0513217 -38.8446 
vt -0.0617561 -38.6816 
vt 0.0606406 -38.8203 
vt -0.0606406 -38.8203 
vt -0.0606406 -38.846 
vt -0.0696961 -38.6723 
vt -0.159389 -38.6471 
vt -0.147191 -38.6346 
vt -0.16981 -38.6348 
vt -0.16961 -38.6576 
vt -0.134286 -38.6768 
vt -0.159389 -38.6471 
vt -0.144506 -38.6873 
vt -0.157612 -38.6223 
vt -0.157612 -38.6223 
vt -0.145414 -38.6097 
vt -0.167786 -38.6102 
vt -0.155588 -38.5977 
vt -0.147191 -38.6346 
vt -0.134993 -38.622 
vt -0.157612 -38.6223 
vt -0.145414 -38.6097 
vt -0.122088 -38.6643 
vt -0.147191 -38.6346 
vt -0.159389 -38.6471 
vt -0.134286 -38.6768 
vt -0.147191 -38.6346 
vt -0.122088 -38.6643 
vt -0.10989 -38.6517 
vt -0.134993 -38.622 
vt -0.134993 -38.622 
vt -0.122795 -38.6095 
vt -0.145414 -38.6097 
vt -0.133216 -38.5972 
vt -0.0976919 -38.6392 
vt -0.122795 -38.6095 
vt -0.134993 -38.622 
vt -0.122088 -38.6643 
vt -0.10989 -38.6517 
vt -0.0696961 -38.6723 
vt -0.0976919 -38.6392 
vt -0.10989 -38.6517 
vt -0.10989 -38.6517 
vt -0.122795 -38.6095 
vt -0.0874714 -38.6287 
vt -0.112575 -38.599 
vt -0.0976919 -38.6392 
vt -0.0818941 -38.6848 
vt -0.0594757 -38.6617 
vt -0.0976919 -38.6392 
vt -0.0696961 -38.6723 
vt -0.0515356 -38.6711 
vt -0.0696961 -38.6723 
vt -0.0617561 -38.6816 
vt -0.0594757 -38.6617 
vt -0.0508858 -38.6529 
vt -0.0874714 -38.6287 
vt -0.0594757 -38.6617 
vt -0.0874714 -38.6287 
vt -0.0788816 -38.6198 
vt 0.0109106 -39.0201 
vt 0.0191964 -39.0199 
vt 0.0239312 -39.0235 
vt 0.0183511 -39.0355 
vt 0.0750694 -38.7198 
vt 0.09835 -38.7193 
vt 0.086152 -38.7067 
vt 0.122088 -38.6643 
vt 0.0818941 -38.6848 
vt 0.0940921 -38.6974 
vt 0.10629 -38.7099 
vt 0.086152 -38.7067 
vt 0.09835 -38.7193 
vt 0.0940921 -38.6974 
vt 0.09835 -38.7193 
vt 0.116511 -38.7204 
vt 0.10629 -38.7099 
vt 0.153096 -38.6962 
vt 0.116511 -38.7204 
vt 0.1251 -38.7292 
vt 0.144506 -38.6873 
vt 0.10629 -38.7099 
vt 0.116511 -38.7204 
vt 0.10857 -38.7298 
vt 0.144506 -38.6873 
vt 0.134286 -38.6768 
vt 0.134286 -38.6768 
vt 0.0940921 -38.6974 
vt 0.10629 -38.7099 
vt 0.0872674 -38.7324 
vt 0.0564701 -38.9229 
vt 0.0428048 -38.8297 
vt 0.0258534 -38.8354 
vt 0.0606406 -38.846 
vt 0.0513218 -38.8252 
vt 0.0389919 -38.8297 
vt 0.0506734 -38.6947 
vt 0.073954 -38.6942 
vt 0.0617561 -38.6816 
vt 0.0940921 -38.6974 
vt 0.073954 -38.6942 
vt 0.086152 -38.7067 
vt 0.0628714 -38.7073 
vt 0.086152 -38.7067 
vt 0.073954 -38.6942 
vt 0.0750694 -38.7198 
vt 0.0628714 -38.7073 
vt 0.0818941 -38.6848 
vt 0.0818941 -38.6848 
vt 0.0617561 -38.6816 
vt 0.073954 -38.6942 
vt 0.0696961 -38.6723 
vt 0.122088 -38.6643 
vt 0.159389 -38.6471 
vt 0.147191 -38.6346 
vt 0.134286 -38.6768 
vt 0.147191 -38.6346 
vt 0.10989 -38.6517 
vt 0.122088 -38.6643 
vt 0.134993 -38.622 
vt 0.134993 -38.622 
vt 0.157612 -38.6223 
vt 0.145414 -38.6097 
vt 0.145414 -38.6097 
vt 0.122795 -38.6095 
vt 0.134993 -38.622 
vt 0.133216 -38.5972 
vt 0.147191 -38.6346 
vt 0.16981 -38.6348 
vt 0.147191 -38.6346 
vt 0.159389 -38.6471 
vt 0.134286 -38.6768 
vt 0.16961 -38.6576 
vt 0.159389 -38.6471 
vt 0.144506 -38.6873 
vt 0.157612 -38.6223 
vt 0.167786 -38.6102 
vt 0.145414 -38.6097 
vt 0.157612 -38.6223 
vt 0.155588 -38.5977 
vt 0.0976919 -38.6392 
vt 0.134993 -38.622 
vt 0.122795 -38.6095 
vt 0.0976919 -38.6392 
vt 0.0594757 -38.6617 
vt 0.0696961 -38.6723 
vt 0.0696961 -38.6723 
vt 0.0515356 -38.6711 
vt 0.0617561 -38.6816 
vt 0.0594757 -38.6617 
vt 0.0874714 -38.6287 
vt 0.0508858 -38.6529 
vt 0.0594757 -38.6617 
vt 0.0874714 -38.6287 
vt 0.0788816 -38.6198 
vt 0.10989 -38.6517 
vt 0.0696961 -38.6723 
vt 0.0818941 -38.6848 
vt 0.122088 -38.6643 
vt 0.10989 -38.6517 
vt 0.0976919 -38.6392 
vt 0.10989 -38.6517 
vt 0.0874714 -38.6287 
vt 0.122795 -38.6095 
vt 0.112575 -38.599 
vt 0.0976919 -38.6392 
vt -0.189108 -39.2083 
vt -0.237365 -39.2385 
vt -0.204419 -39.2521 
vt -0.183657 -39.2276 
vt -0.229706 -39.121 
vt -0.245621 -39.2172 
vt -0.225015 -39.1969 
vt -0.213047 -39.2356 
vt -0.273304 -39.3986 
vt -0.26232 -39.4028 
vt -0.224913 -39.2322 
vt -0.163064 -39.1134 
vt 0.0858801 -39.1898 
vt 0.0454344 -39.2298 
vt 0.0805674 -39.2359 
vt 0.0326963 -39.2109 
vt 0.0954398 -39.2074 
vt 0.0788158 -39.1006 
vt 0.0483263 -39.1865 
vt 0.106259 -39.3811 
vt 0.0685176 -39.2216 
vt 0.0952745 -39.3768 
vt 0.0561937 -39.2209 
vt 0.0121737 -39.1082 
vt 0.217216 -39.0246 
vt 0.309299 -38.9229 
vt 0.182177 -38.9918 
vt 0.367315 -38.846 
vt 0.295456 -38.8158 
vt 0.293873 -38.8415 
vt 0.27426 -38.8902 
vt 0.293439 -38.9257 
vt 0.333551 -38.8297 
vt 0.268876 -38.9149 
vt 0.308988 -38.819 
vt 0.368898 -38.8203 
vt 0.401601 -38.8252 
vt 0.361399 -38.8421 
vt 0.400564 -38.8446 
vt 0.362436 -38.8226 
vt 0.398032 -38.8425 
vt 0.42549 -38.8297 
vt 0.39882 -38.8277 
vt 0.424702 -38.8445 
vt 0.468508 -38.8354 
vt 0.424009 -38.8428 
vt 0.467986 -38.8452 
vt -0.237365 -39.2385 
vt -0.189108 -39.2083 
vt -0.225015 -39.1969 
vt -0.183657 -39.2276 
vt -0.229706 -39.121 
vt -0.245621 -39.2172 
vt -0.204419 -39.2521 
vt -0.213047 -39.2356 
vt -0.273304 -39.3986 
vt -0.26232 -39.4028 
vt -0.224913 -39.2322 
vt 0.0454344 -39.2298 
vt 0.0858801 -39.1898 
vt 0.0483263 -39.1865 
vt 0.0805674 -39.2359 
vt 0.0788158 -39.1006 
vt 0.0326963 -39.2109 
vt 0.0954398 -39.2074 
vt 0.0685176 -39.2216 
vt 0.0952745 -39.3768 
vt 0.106259 -39.3811 
vt 0.0561937 -39.2209 
vt -0.163064 -39.1134 
vt -0.397164 -39.0457 
vt -0.4445 -39.0189 
vt -0.444708 -39.0428 
vt -0.458131 -39.0199 
vt -0.437805 -39.0384 
vt -0.432588 -39.0199 
vt -0.458727 -39.0391 
vt -0.455869 -39.031 
vt -0.467603 -39.0217 
vt -0.468508 -39.0326 
vt -0.455535 -39.0201 
vt -0.388204 -39.0235 
vt -0.359847 -39.0355 
vt -0.401264 -39.0228 
vt -0.370196 -39.0507 
vt 0.424532 -38.833 
vt -0.405343 -39.0407 
vt 0.0121737 -39.1082 
vt -0.0280587 -39.2044 
vt -0.0845624 -39.2044 
vt -0.0845624 -39.2374 
vt -0.0184706 -39.2456 
vt -0.0941505 -39.1837 
vt -0.0941505 -39.2456 
vt -0.0376425 -39.2623 
vt -0.0749785 -39.2623 
vt -0.0749785 -39.2733 
vt -0.0376425 -39.2733 
vt -0.0280587 -39.2374 
vt -0.0184706 -39.1837 
vt -0.0376425 -38.8937 
vt -0.0749785 -38.8937 
vt -0.0749785 -38.9047 
vt -0.0280587 -38.9194 
vt -0.0845624 -38.9194 
vt -0.0845624 -38.9546 
vt -0.0376425 -38.9047 
vt -0.0280587 -38.9546 
vt -0.0184706 -38.9673 
vt -0.0184706 -38.9046 
vt -0.0941505 -38.9673 
vt -0.0941505 -38.9046 
vt -0.0239311 -39.4447 
vt 0.0239312 -39.3972 
vt -0.0239311 -39.3972 
vt -0.05647 -38.8178 
vt 0.0564701 -38.7828 
vt -0.05647 -38.7828 
vt -0.0191963 -39.4587 
vt 0.0191964 -39.4378 
vt -0.0191963 -39.4378 
vt -0.0183511 -39.4053 
vt 0.0183511 -39.3702 
vt -0.0183511 -39.3702 
vt -0.0109106 -39.4685 
vt 0.0109106 -39.4559 
vt -0.0109106 -39.4559 
vt -0.0428048 -38.7311 
vt 0.0428048 -38.7066 
vt -0.0428048 -38.7066 
vt 0.0606406 -38.7061 
vt -0.0606406 -38.6327 
vt -0.0606406 -38.7061 
vt 0.0513218 -38.6386 
vt -0.0513217 -38.5994 
vt -0.0513217 -38.6386 
vt 0.0389919 -38.602 
vt -0.0389919 -38.5753 
vt -0.0389919 -38.602 
vt 0.0258534 -38.576 
vt -0.0258534 -38.532 
vt -0.0258534 -38.576 
vt 0.0109106 -39.4685 
vt 0.0749786 -39.2733 
vt 0.0376426 -39.2623 
vt 0.0376426 -39.2733 
vt 0.0845625 -39.2374 
vt 0.0280588 -39.2044 
vt 0.0280588 -39.2374 
vt 0.0749786 -39.2623 
vt 0.0845625 -39.2044 
vt 0.0941506 -39.1837 
vt 0.0184707 -39.2456 
vt 0.0941506 -39.2456 
vt 0.0184707 -39.1837 
vt 0.0749786 -38.9047 
vt 0.0376426 -38.8937 
vt 0.0376426 -38.9047 
vt 0.0845625 -38.9546 
vt 0.0280588 -38.9194 
vt 0.0280588 -38.9546 
vt 0.0749786 -38.8937 
vt 0.0845625 -38.9194 
vt 0.0941505 -38.9673 
vt 0.0184707 -38.9046 
vt 0.0184707 -38.9673 
vt 0.0183511 -39.4053 
vt 0.0191964 -39.4587 
vt 0.0239312 -39.4447 
vt 0.0941505 -38.9046 
vt 0.0564701 -38.8178 
vt 0.0428048 -38.7311 
vt 0.0258534 -38.532 
vt 0.0389919 -38.5753 
vt 0.0513218 -38.5994 
vt 0.0606406 -38.6327 
vt 0.0845624 -39.1969 
vt 0.0280587 -39.2385 
vt 0.0845624 -39.2385 
vt 0.0941505 -39.121 
vt 0.0184706 -39.2172 
vt 0.0941505 -39.2172 
vt 0.0376425 -39.2322 
vt 0.0749785 -39.3986 
vt 0.0749785 -39.2322 
vt 0.0376425 -39.3986 
vt 0.0280587 -39.1969 
vt 0.0376425 -39.2209 
vt 0.0749785 -39.3768 
vt 0.0749786 -39.2209 
vt 0.0845624 -39.1865 
vt 0.0280587 -39.2298 
vt 0.0845624 -39.2298 
vt 0.0376425 -39.3768 
vt 0.0280587 -39.1865 
vt 0.0941505 -39.1082 
vt 0.0184706 -39.2109 
vt 0.0941505 -39.2109 
vt 0.0239311 -39.0189 
vt -0.0239312 -39.0428 
vt 0.0239311 -39.0428 
vt 0.0191963 -39.0199 
vt -0.0191964 -39.0391 
vt 0.0191963 -39.0391 
vt -0.0183511 -39.0228 
vt 0.0183511 -39.0407 
vt 0.0183511 -39.0228 
vt 0.0109106 -39.0217 
vt -0.0109106 -39.0326 
vt 0.0109106 -39.0326 
vt 0.0184706 -39.121 
vt 0.0184706 -39.1082 
vt -0.0513218 -38.8226 
vt 0.0513217 -38.8421 
vt 0.0513217 -38.8226 
vt -0.0389919 -38.8277 
vt 0.0389919 -38.8425 
vt 0.0389919 -38.8277 
vt -0.0258534 -38.833 
vt 0.0258534 -38.8428 
vt 0.0258534 -38.833 
vt -0.0109106 -39.0217 
vt -0.0376426 -39.2322 
vt -0.0749786 -39.3986 
vt -0.0376426 -39.3986 
vt -0.0749786 -39.2322 
vt -0.0280588 -39.2385 
vt -0.0845625 -39.1969 
vt -0.0845625 -39.2385 
vt -0.0184707 -39.2172 
vt -0.0941505 -39.121 
vt -0.0941506 -39.2172 
vt -0.0280588 -39.1969 
vt -0.0376426 -39.2209 
vt -0.0749786 -39.3768 
vt -0.0376426 -39.3768 
vt -0.0845624 -39.1865 
vt -0.0280588 -39.2298 
vt -0.0280588 -39.1865 
vt -0.0749786 -39.2209 
vt -0.0845625 -39.2298 
vt -0.0184707 -39.2109 
vt -0.0941505 -39.1082 
vt -0.0941505 -39.2109 
vt -0.0183511 -39.0407 
vt -0.0191964 -39.0199 
vt -0.0239312 -39.0189 
vt -0.0184707 -39.121 
vt -0.0184707 -39.1082 
vt -0.0258534 -38.8428 
vt -0.0389919 -38.8425 
vt -0.0513218 -38.8421 

usemtl Cube0101Mtl

f 2048/2048/2048 2049/2049/2049 2050/2050/2050 
f 2049/2049/2049 2048/2048/2048 2062/2062/2062 
f 2059/2059/2059 2060/2060/2060 2061/2061/2061 
f 2060/2060/2060 2059/2059/2059 2070/2070/2070 
f 2044/2044/2044 2045/2045/2045 2046/2046/2046 
f 2044/2044/2044 2047/2047/2047 2045/2045/2045 
f 2051/2051/2051 2052/2052/2052 2053/2053/2053 
f 2052/2052/2052 2051/2051/2051 2058/2058/2058 
f 2040/2040/2040 2041/2041/2041 2042/2042/2042 
f 2040/2040/2040 2042/2042/2042 2043/2043/2043 
f 2054/2054/2054 2055/2055/2055 2056/2056/2056 
f 2054/2054/2054 2056/2056/2056 2057/2057/2057 
f 2072/2072/2072 2073/2073/2073 2074/2074/2074 
f 2073/2073/2073 2072/2072/2072 2080/2080/2080 
f 2067/2067/2067 2068/2068/2068 2069/2069/2069 
f 2068/2068/2068 2067/2067/2067 2071/2071/2071 
f 2076/2076/2076 2077/2077/2077 2078/2078/2078 
f 2077/2077/2077 2076/2076/2076 2079/2079/2079 
f 2063/2063/2063 2064/2064/2064 2065/2065/2065 
f 2064/2064/2064 2063/2063/2063 2066/2066/2066 
f 2037/2037/2037 2038/2038/2038 2039/2039/2039 
f 2038/2038/2038 2037/2037/2037 2075/2075/2075 
f 2033/2033/2033 2034/2034/2034 2035/2035/2035 
f 2034/2034/2034 2033/2033/2033 2036/2036/2036 
f 2024/2024/2024 2025/2025/2025 2026/2026/2026 
f 2025/2025/2025 2024/2024/2024 2028/2028/2028 
f 2021/2021/2021 2022/2022/2022 2023/2023/2023 
f 2022/2022/2022 2021/2021/2021 2027/2027/2027 
f 2029/2029/2029 2030/2030/2030 2031/2031/2031 
f 2030/2030/2030 2029/2029/2029 2032/2032/2032 
f 2017/2017/2017 2018/2018/2018 2019/2019/2019 
f 2018/2018/2018 2017/2017/2017 2020/2020/2020 
f 2001/2001/2001 2002/2002/2002 2003/2003/2003 
f 2004/2004/2004 2001/2001/2001 2003/2003/2003 
f 2013/2013/2013 2014/2014/2014 2015/2015/2015 
f 2014/2014/2014 2013/2013/2013 2016/2016/2016 
f 1997/1997/1997 1998/1998/1998 1999/1999/1999 
f 1998/1998/1998 1997/1997/1997 2000/2000/2000 
f 2009/2009/2009 2010/2010/2010 2011/2011/2011 
f 2010/2010/2010 2009/2009/2009 2012/2012/2012 
f 1993/1993/1993 1994/1994/1994 1995/1995/1995 
f 1994/1994/1994 1993/1993/1993 1996/1996/1996 
f 2005/2005/2005 2006/2006/2006 2007/2007/2007 
f 2006/2006/2006 2005/2005/2005 2008/2008/2008 
f 2108/2108/2108 2109/2109/2109 2110/2110/2110 
f 2109/2109/2109 2108/2108/2108 2111/2111/2111 
f 2105/2105/2105 2106/2106/2106 2107/2107/2107 
f 2106/2106/2106 2105/2105/2105 2135/2135/2135 
f 2097/2097/2097 2098/2098/2098 2099/2099/2099 
f 2098/2098/2098 2097/2097/2097 2103/2103/2103 
f 2130/2130/2130 2131/2131/2131 2132/2132/2132 
f 2131/2131/2131 2130/2130/2130 2133/2133/2133 
f 2100/2100/2100 2101/2101/2101 2102/2102/2102 
f 2101/2101/2101 2100/2100/2100 2104/2104/2104 
f 2127/2127/2127 2128/2128/2128 2129/2129/2129 
f 2128/2128/2128 2127/2127/2127 2134/2134/2134 
f 2093/2093/2093 2094/2094/2094 2095/2095/2095 
f 2094/2094/2094 2093/2093/2093 2096/2096/2096 
f 2124/2124/2124 2125/2125/2125 2126/2126/2126 
f 2126/2126/2126 2125/2125/2125 2136/2136/2136 
f 2089/2089/2089 2090/2090/2090 2091/2091/2091 
f 2090/2090/2090 2089/2089/2089 2092/2092/2092 
f 2120/2120/2120 2121/2121/2121 2122/2122/2122 
f 2122/2122/2122 2121/2121/2121 2123/2123/2123 
f 2081/2081/2081 2082/2082/2082 2083/2083/2083 
f 2082/2082/2082 2081/2081/2081 2088/2088/2088 
f 2116/2116/2116 2117/2117/2117 2118/2118/2118 
f 2119/2119/2119 2117/2117/2117 2116/2116/2116 
f 2084/2084/2084 2085/2085/2085 2086/2086/2086 
f 2085/2085/2085 2084/2084/2084 2087/2087/2087 
f 2112/2112/2112 2113/2113/2113 2114/2114/2114 
f 2114/2114/2114 2113/2113/2113 2115/2115/2115 
f 2198/2198/2198 2199/2199/2199 2200/2200/2200 
f 2199/2199/2199 2198/2198/2198 2295/2295/2295 
f 2195/2195/2195 2196/2196/2196 2197/2197/2197 
f 2196/2196/2196 2195/2195/2195 2298/2298/2298 
f 2167/2167/2167 2168/2168/2168 2169/2169/2169 
f 2293/2293/2293 2167/2167/2167 2169/2169/2169 
f 2201/2201/2201 2202/2202/2202 2203/2203/2203 
f 2202/2202/2202 2201/2201/2201 2297/2297/2297 
f 2205/2205/2205 2206/2206/2206 2207/2207/2207 
f 2205/2205/2205 2207/2207/2207 2296/2296/2296 
f 2192/2192/2192 2193/2193/2193 2194/2194/2194 
f 2294/2294/2294 2192/2192/2192 2194/2194/2194 
f 2137/2137/2137 2138/2138/2138 2139/2139/2139 
f 2138/2138/2138 2137/2137/2137 2147/2147/2147 
f 2140/2140/2140 2141/2141/2141 2142/2142/2142 
f 2141/2141/2141 2140/2140/2140 2143/2143/2143 
f 2144/2144/2144 2145/2145/2145 2146/2146/2146 
f 2145/2145/2145 2144/2144/2144 2148/2148/2148 
f 2149/2149/2149 2150/2150/2150 2151/2151/2151 
f 2151/2151/2151 2240/2240/2240 2149/2149/2149 
f 2152/2152/2152 2153/2153/2153 2154/2154/2154 
f 2154/2154/2154 2241/2241/2241 2152/2152/2152 
f 2170/2170/2170 2171/2171/2171 2172/2172/2172 
f 2171/2171/2171 2173/2173/2173 2172/2172/2172 
f 2174/2174/2174 2175/2175/2175 2176/2176/2176 
f 2175/2175/2175 2174/2174/2174 2177/2177/2177 
f 2178/2178/2178 2179/2179/2179 2180/2180/2180 
f 2179/2179/2179 2178/2178/2178 2181/2181/2181 
f 2182/2182/2182 2183/2183/2183 2184/2184/2184 
f 2183/2183/2183 2185/2185/2185 2184/2184/2184 
f 2186/2186/2186 2187/2187/2187 2188/2188/2188 
f 2187/2187/2187 2208/2208/2208 2188/2188/2188 
f 2189/2189/2189 2190/2190/2190 2191/2191/2191 
f 2190/2190/2190 2189/2189/2189 2204/2204/2204 
f 2209/2209/2209 2210/2210/2210 2211/2211/2211 
f 2210/2210/2210 2216/2216/2216 2211/2211/2211 
f 2212/2212/2212 2213/2213/2213 2214/2214/2214 
f 2213/2213/2213 2212/2212/2212 2215/2215/2215 
f 2217/2217/2217 2218/2218/2218 2219/2219/2219 
f 2218/2218/2218 2220/2220/2220 2219/2219/2219 
f 2221/2221/2221 2222/2222/2222 2223/2223/2223 
f 2222/2222/2222 2224/2224/2224 2223/2223/2223 
f 2225/2225/2225 2226/2226/2226 2227/2227/2227 
f 2227/2227/2227 2228/2228/2228 2225/2225/2225 
f 2229/2229/2229 2230/2230/2230 2231/2231/2231 
f 2231/2231/2231 2232/2232/2232 2229/2229/2229 
f 2233/2233/2233 2234/2234/2234 2235/2235/2235 
f 2234/2234/2234 2236/2236/2236 2235/2235/2235 
f 2237/2237/2237 2238/2238/2238 2239/2239/2239 
f 2239/2239/2239 2245/2245/2245 2237/2237/2237 
f 2242/2242/2242 2243/2243/2243 2244/2244/2244 
f 2244/2244/2244 2250/2250/2250 2242/2242/2242 
f 2246/2246/2246 2247/2247/2247 2248/2248/2248 
f 2247/2247/2247 2246/2246/2246 2249/2249/2249 
f 2251/2251/2251 2252/2252/2252 2253/2253/2253 
f 2252/2252/2252 2251/2251/2251 2261/2261/2261 
f 2254/2254/2254 2255/2255/2255 2256/2256/2256 
f 2255/2255/2255 2254/2254/2254 2257/2257/2257 
f 2258/2258/2258 2259/2259/2259 2260/2260/2260 
f 2259/2259/2259 2258/2258/2258 2262/2262/2262 
f 2267/2267/2267 2268/2268/2268 2269/2269/2269 
f 2268/2268/2268 2267/2267/2267 2292/2292/2292 
f 2270/2270/2270 2271/2271/2271 2272/2272/2272 
f 2271/2271/2271 2270/2270/2270 2362/2362/2362 
f 2273/2273/2273 2274/2274/2274 2275/2275/2275 
f 2274/2274/2274 2273/2273/2273 2276/2276/2276 
f 2277/2277/2277 2278/2278/2278 2279/2279/2279 
f 2278/2278/2278 2277/2277/2277 2286/2286/2286 
f 2280/2280/2280 2281/2281/2281 2282/2282/2282 
f 2281/2281/2281 2280/2280/2280 2287/2287/2287 
f 2283/2283/2283 2284/2284/2284 2285/2285/2285 
f 2284/2284/2284 2283/2283/2283 2288/2288/2288 
f 2289/2289/2289 2290/2290/2290 2291/2291/2291 
f 2290/2290/2290 2289/2289/2289 2361/2361/2361 
f 2299/2299/2299 2300/2300/2300 2301/2301/2301 
f 2300/2300/2300 2299/2299/2299 2309/2309/2309 
f 2302/2302/2302 2303/2303/2303 2304/2304/2304 
f 2303/2303/2303 2302/2302/2302 2310/2310/2310 
f 2305/2305/2305 2306/2306/2306 2307/2307/2307 
f 2306/2306/2306 2305/2305/2305 2308/2308/2308 
f 2311/2311/2311 2312/2312/2312 2313/2313/2313 
f 2312/2312/2312 2311/2311/2311 2314/2314/2314 
f 2315/2315/2315 2316/2316/2316 2317/2317/2317 
f 2316/2316/2316 2315/2315/2315 2318/2318/2318 
f 2319/2319/2319 2320/2320/2320 2321/2321/2321 
f 2320/2320/2320 2319/2319/2319 2322/2322/2322 
f 2323/2323/2323 2324/2324/2324 2325/2325/2325 
f 2324/2324/2324 2323/2323/2323 2330/2330/2330 
f 2326/2326/2326 2327/2327/2327 2328/2328/2328 
f 2327/2327/2327 2326/2326/2326 2329/2329/2329 
f 2331/2331/2331 2332/2332/2332 2333/2333/2333 
f 2332/2332/2332 2331/2331/2331 2338/2338/2338 
f 2334/2334/2334 2335/2335/2335 2336/2336/2336 
f 2335/2335/2335 2334/2334/2334 2337/2337/2337 
f 2339/2339/2339 2340/2340/2340 2341/2341/2341 
f 2340/2340/2340 2339/2339/2339 2342/2342/2342 
f 2343/2343/2343 2344/2344/2344 2345/2345/2345 
f 2344/2344/2344 2343/2343/2343 2364/2364/2364 
f 2346/2346/2346 2347/2347/2347 2348/2348/2348 
f 2347/2347/2347 2346/2346/2346 2356/2356/2356 
f 2349/2349/2349 2350/2350/2350 2351/2351/2351 
f 2350/2350/2350 2349/2349/2349 2352/2352/2352 
f 2353/2353/2353 2354/2354/2354 2355/2355/2355 
f 2354/2354/2354 2353/2353/2353 2357/2357/2357 
f 2358/2358/2358 2359/2359/2359 2360/2360/2360 
f 2359/2359/2359 2358/2358/2358 2363/2363/2363 
f 2365/2365/2365 2366/2366/2366 2367/2367/2367 
f 2366/2366/2366 2365/2365/2365 2368/2368/2368 
f 2161/2161/2161 2162/2162/2162 2163/2163/2163 
f 2162/2162/2162 2161/2161/2161 2266/2266/2266 
f 2158/2158/2158 2159/2159/2159 2160/2160/2160 
f 2159/2159/2159 2158/2158/2158 2265/2265/2265 
f 2155/2155/2155 2156/2156/2156 2157/2157/2157 
f 2156/2156/2156 2155/2155/2155 2264/2264/2264 
f 2164/2164/2164 2165/2165/2165 2166/2166/2166 
f 2165/2165/2165 2164/2164/2164 2263/2263/2263 
f 2372/2372/2372 2373/2373/2373 2374/2374/2374 
f 2373/2373/2373 2372/2372/2372 2380/2380/2380 
f 2384/2384/2384 2385/2385/2385 2386/2386/2386 
f 2392/2392/2392 2384/2384/2384 2386/2386/2386 
f 2369/2369/2369 2370/2370/2370 2371/2371/2371 
f 2370/2370/2370 2369/2369/2369 2375/2375/2375 
f 2381/2381/2381 2382/2382/2382 2383/2383/2383 
f 2381/2381/2381 2387/2387/2387 2382/2382/2382 
f 2376/2376/2376 2377/2377/2377 2378/2378/2378 
f 2379/2379/2379 2377/2377/2377 2376/2376/2376 
f 2388/2388/2388 2389/2389/2389 2390/2390/2390 
f 2391/2391/2391 2390/2390/2390 2389/2389/2389 
f 2396/2396/2396 2397/2397/2397 2398/2398/2398 
f 2397/2397/2397 2396/2396/2396 2404/2404/2404 
f 2393/2393/2393 2394/2394/2394 2395/2395/2395 
f 2394/2394/2394 2399/2399/2399 2395/2395/2395 
f 2405/2405/2405 2406/2406/2406 2407/2407/2407 
f 2406/2406/2406 2405/2405/2405 2408/2408/2408 
f 2400/2400/2400 2401/2401/2401 2402/2402/2402 
f 2403/2403/2403 2402/2402/2402 2401/2401/2401 
f 2409/2409/2409 2410/2410/2410 2411/2411/2411 
f 2410/2410/2410 2409/2409/2409 2412/2412/2412 
f 2413/2413/2413 2414/2414/2414 2415/2415/2415 
f 2414/2414/2414 2413/2413/2413 2454/2454/2454 
f 2439/2439/2439 2440/2440/2440 2441/2441/2441 
f 2440/2440/2440 2439/2439/2439 2450/2450/2450 
f 2442/2442/2442 2443/2443/2443 2444/2444/2444 
f 2443/2443/2443 2442/2442/2442 2445/2445/2445 
f 2451/2451/2451 2452/2452/2452 2453/2453/2453 
f 2453/2453/2453 2452/2452/2452 2455/2455/2455 
f 2446/2446/2446 2447/2447/2447 2448/2448/2448 
f 2447/2447/2447 2446/2446/2446 2449/2449/2449 
f 2419/2419/2419 2420/2420/2420 2421/2421/2421 
f 2420/2420/2420 2419/2419/2419 2438/2438/2438 
f 2431/2431/2431 2432/2432/2432 2433/2433/2433 
f 2432/2432/2432 2431/2431/2431 2456/2456/2456 
f 2416/2416/2416 2417/2417/2417 2418/2418/2418 
f 2417/2417/2417 2416/2416/2416 2422/2422/2422 
f 2427/2427/2427 2428/2428/2428 2429/2429/2429 
f 2428/2428/2428 2427/2427/2427 2430/2430/2430 
f 2423/2423/2423 2424/2424/2424 2425/2425/2425 
f 2424/2424/2424 2423/2423/2423 2426/2426/2426 
f 2434/2434/2434 2435/2435/2435 2436/2436/2436 
f 2435/2435/2435 2434/2434/2434 2437/2437/2437 
f 2463/2463/2463 2464/2464/2464 2465/2465/2465 
f 2465/2465/2465 2466/2466/2466 2463/2463/2463 
f 2512/2512/2512 2513/2513/2513 2514/2514/2514 
f 2518/2518/2518 2513/2513/2513 2512/2512/2512 
f 2469/2469/2469 2470/2470/2470 2471/2471/2471 
f 2471/2471/2471 2475/2475/2475 2469/2469/2469 
f 2524/2524/2524 2525/2525/2525 2526/2526/2526 
f 2530/2530/2530 2525/2525/2525 2524/2524/2524 
f 2457/2457/2457 2458/2458/2458 2459/2459/2459 
f 2467/2467/2467 2457/2457/2457 2459/2459/2459 
f 2515/2515/2515 2516/2516/2516 2517/2517/2517 
f 2515/2515/2515 2519/2519/2519 2516/2516/2516 
f 2460/2460/2460 2461/2461/2461 2462/2462/2462 
f 2461/2461/2461 2460/2460/2460 2468/2468/2468 
f 2520/2520/2520 2521/2521/2521 2522/2522/2522 
f 2521/2521/2521 2520/2520/2520 2523/2523/2523 
f 2472/2472/2472 2473/2473/2473 2474/2474/2474 
f 2476/2476/2476 2472/2472/2472 2474/2474/2474 
f 2527/2527/2527 2528/2528/2528 2529/2529/2529 
f 2527/2527/2527 2531/2531/2531 2528/2528/2528 
f 2477/2477/2477 2478/2478/2478 2479/2479/2479 
f 2478/2478/2478 2480/2480/2480 2479/2479/2479 
f 2532/2532/2532 2533/2533/2533 2534/2534/2534 
f 2532/2532/2532 2538/2538/2538 2533/2533/2533 
f 2490/2490/2490 2491/2491/2491 2492/2492/2492 
f 2491/2491/2491 2490/2490/2490 2535/2535/2535 
f 2481/2481/2481 2482/2482/2482 2483/2483/2483 
f 2482/2482/2482 2481/2481/2481 2537/2537/2537 
f 2487/2487/2487 2488/2488/2488 2489/2489/2489 
f 2488/2488/2488 2487/2487/2487 2536/2536/2536 
f 2493/2493/2493 2494/2494/2494 2495/2495/2495 
f 2494/2494/2494 2493/2493/2493 2511/2511/2511 
f 2484/2484/2484 2485/2485/2485 2486/2486/2486 
f 2485/2485/2485 2484/2484/2484 2539/2539/2539 
f 2499/2499/2499 2500/2500/2500 2501/2501/2501 
f 2499/2499/2499 2544/2544/2544 2500/2500/2500 
f 2508/2508/2508 2509/2509/2509 2510/2510/2510 
f 2508/2508/2508 2541/2541/2541 2509/2509/2509 
f 2502/2502/2502 2503/2503/2503 2504/2504/2504 
f 2543/2543/2543 2503/2503/2503 2502/2502/2502 
f 2496/2496/2496 2497/2497/2497 2498/2498/2498 
f 2497/2497/2497 2496/2496/2496 2540/2540/2540 
f 2505/2505/2505 2506/2506/2506 2507/2507/2507 
f 2542/2542/2542 2506/2506/2506 2505/2505/2505 
f 2576/2576/2576 2577/2577/2577 2578/2578/2578 
f 2577/2577/2577 2576/2576/2576 2590/2590/2590 
f 2570/2570/2570 2571/2571/2571 2572/2572/2572 
f 2571/2571/2571 2570/2570/2570 2614/2614/2614 
f 2567/2567/2567 2568/2568/2568 2569/2569/2569 
f 2568/2568/2568 2567/2567/2567 2615/2615/2615 
f 2573/2573/2573 2574/2574/2574 2575/2575/2575 
f 2574/2574/2574 2573/2573/2573 2613/2613/2613 
f 2548/2548/2548 2549/2549/2549 2550/2550/2550 
f 2548/2548/2548 2579/2579/2579 2549/2549/2549 
f 2598/2598/2598 2599/2599/2599 2600/2600/2600 
f 2599/2599/2599 2598/2598/2598 2616/2616/2616 
f 2545/2545/2545 2546/2546/2546 2547/2547/2547 
f 2545/2545/2545 2555/2555/2555 2546/2546/2546 
f 2595/2595/2595 2596/2596/2596 2597/2597/2597 
f 2596/2596/2596 2595/2595/2595 2601/2601/2601 
f 2551/2551/2551 2552/2552/2552 2553/2553/2553 
f 2552/2552/2552 2551/2551/2551 2554/2554/2554 
f 2591/2591/2591 2592/2592/2592 2593/2593/2593 
f 2592/2592/2592 2591/2591/2591 2594/2594/2594 
f 2564/2564/2564 2565/2565/2565 2566/2566/2566 
f 2564/2564/2564 2580/2580/2580 2565/2565/2565 
f 2610/2610/2610 2611/2611/2611 2612/2612/2612 
f 2611/2611/2611 2610/2610/2610 2617/2617/2617 
f 2556/2556/2556 2557/2557/2557 2558/2558/2558 
f 2557/2557/2557 2556/2556/2556 2562/2562/2562 
f 2602/2602/2602 2603/2603/2603 2604/2604/2604 
f 2603/2603/2603 2602/2602/2602 2608/2608/2608 
f 2559/2559/2559 2560/2560/2560 2561/2561/2561 
f 2559/2559/2559 2563/2563/2563 2560/2560/2560 
f 2605/2605/2605 2606/2606/2606 2607/2607/2607 
f 2606/2606/2606 2605/2605/2605 2609/2609/2609 
f 2581/2581/2581 2582/2582/2582 2583/2583/2583 
f 2582/2582/2582 2581/2581/2581 2620/2620/2620 
f 2584/2584/2584 2585/2585/2585 2586/2586/2586 
f 2585/2585/2585 2584/2584/2584 2619/2619/2619 
f 2587/2587/2587 2588/2588/2588 2589/2589/2589 
f 2588/2588/2588 2587/2587/2587 2618/2618/2618 

g Cube0141

v 0.278928 2.34446 1.35313 
v 0.219361 2.01385 0.830059 
v 0.278928 2.02039 1.38983 
v 0.56374 2.19074 0.487779 
v 0.506759 2.01385 0.830059 
v 0.506759 2.31101 0.797855 
v 0.219361 2.31101 0.797855 
v 0.276343 2.19074 0.487779 
v 0.276343 2.00689 0.507704 
v 0.56374 2.00689 0.507704 
v 0.506759 2.20148 -2.10772 
v 0.56374 2.37836 -2.45 
v 0.56374 2.19451 -2.43008 
v 0.278929 2.53208 -1.58465 
v 0.219361 2.20148 -2.10772 
v 0.278928 2.20801 -1.54796 
v 0.276343 2.37836 -2.45 
v 0.276343 2.19451 -2.43008 
v 0.506759 2.49863 -2.13993 
v 0.468593 2.49232 1.41577 
v 0.406597 2.43752 1.26644 
v 0.473146 2.41566 1.41832 
v 0.46863 2.62295 -1.43541 
v 0.406696 2.63612 -1.59791 
v 0.472452 2.55326 -1.47065 
v 0.422977 2.62928 1.23799 
v 0.421347 2.81933 -1.53021 
v 0.219361 2.49863 -2.13993 
v -0.103865 7.18305 -4.61688 
v -0.103865 6.90108 -4.68992 
v -0.103865 6.90284 -4.60303 
v -0.103865 7.27629 -4.70553 
v -0.103865 7.29213 -4.36166 
v -0.103865 7.18305 -4.61688 
v -0.103865 7.19697 -4.35974 
v -0.622041 2.34446 1.35313 
v -0.681608 2.01385 0.830059 
v -0.622041 2.02039 1.38983 
v -0.337228 2.19074 0.487779 
v -0.39421 2.01385 0.830059 
v -0.39421 2.31101 0.797855 
v -0.681608 2.31101 0.797855 
v -0.624626 2.19074 0.487779 
v -0.681608 2.01385 0.830059 
v -0.681608 2.31101 0.797855 
v -0.624626 2.00689 0.507704 
v -0.39421 2.20148 -2.10772 
v -0.337228 2.37836 -2.45 
v -0.337228 2.19451 -2.43008 
v -0.337228 2.00689 0.507704 
v -0.681608 2.20148 -2.10772 
v -0.624626 2.37836 -2.45 
v -0.624626 2.19451 -2.43008 
v -0.622041 2.53208 -1.58465 
v -0.681608 2.20148 -2.10772 
v -0.62204 2.20801 -1.54796 
v -0.441407 2.49232 1.41577 
v -0.503402 2.43752 1.26644 
v -0.436853 2.41566 1.41832 
v -0.441369 2.62295 -1.43541 
v -0.503303 2.63612 -1.59791 
v -0.437547 2.55326 -1.47065 
v -0.487022 2.62928 1.23799 
v -0.488652 2.81933 -1.53021 
v -0.681608 2.49863 -2.13993 
v -0.103865 7.18305 -4.61688 
v -0.103865 7.29213 -4.36166 
v -0.103865 7.27629 -4.70553 
v -0.39421 2.49863 -2.13993 
v -0.681608 2.49863 -2.13993 
v 0.506759 2.31101 0.797855 
v 0.734589 2.34446 1.35313 
v 0.794156 2.31101 0.797855 
v 0.506759 2.34446 1.35313 
v 0.278928 2.34446 1.35313 
v 0.219361 2.31101 0.797855 
v 0.737175 2.19074 0.487779 
v 0.506759 2.31101 0.797855 
v 0.794156 2.31101 0.797855 
v 0.56374 2.19074 0.487779 
v 0.506759 2.49863 -2.13993 
v 0.737175 2.37836 -2.45 
v 0.56374 2.37836 -2.45 
v 0.449777 2.19074 0.487779 
v 0.219361 2.31101 0.797855 
v 0.276343 2.19074 0.487779 
v 0.219361 2.49863 -2.13993 
v 0.449777 2.37836 -2.45 
v 0.276343 2.37836 -2.45 
v 0.734589 2.53208 -1.58465 
v 0.506759 2.49863 -2.13993 
v 0.506759 2.53208 -1.58465 
v 0.422977 2.62928 1.23799 
v 0.553955 2.49232 1.41577 
v 0.599571 2.62928 1.23799 
v 0.468593 2.49232 1.41577 
v 0.278929 2.53208 -1.58465 
v 0.794156 2.49863 -2.13993 
v 0.794156 2.49863 -2.13993 
v 0.219361 2.49863 -2.13993 
v 0.216414 7.29213 -4.36166 
v 0.216414 7.27629 -4.70553 
v -0.103865 7.27629 -4.70553 
v -0.103865 7.29213 -4.36166 
v -0.16638 2.34446 1.35313 
v -0.106813 2.31101 0.797855 
v -0.39421 2.31101 0.797855 
v -0.39421 2.34446 1.35313 
v -0.622041 2.34446 1.35313 
v -0.681608 2.31101 0.797855 
v -0.106813 2.31101 0.797855 
v -0.337228 2.19074 0.487779 
v -0.39421 2.31101 0.797855 
v -0.163794 2.19074 0.487779 
v -0.337228 2.37836 -2.45 
v -0.106813 2.49863 -2.13993 
v -0.163794 2.37836 -2.45 
v -0.624626 2.19074 0.487779 
v -0.451192 2.19074 0.487779 
v -0.681608 2.31101 0.797855 
v -0.624626 2.37836 -2.45 
v -0.39421 2.49863 -2.13993 
v -0.451192 2.37836 -2.45 
v -0.16638 2.53208 -1.58465 
v -0.39421 2.49863 -2.13993 
v -0.39421 2.53208 -1.58465 
v -0.310428 2.62928 1.23799 
v -0.441407 2.49232 1.41577 
v -0.356044 2.49232 1.41577 
v -0.487022 2.62928 1.23799 
v -0.622041 2.53208 -1.58465 
v -0.106813 2.49863 -2.13993 
v -0.681608 2.49863 -2.13993 
v -0.681608 2.49863 -2.13993 
v 0.56374 2.19074 0.487779 
v 0.737175 2.19074 0.487779 
v 0.737175 2.00689 0.507704 
v 0.56374 2.00689 0.507704 
v 0.276343 2.19074 0.487779 
v 0.449777 2.00689 0.507704 
v 0.276343 2.00689 0.507704 
v 0.449777 2.19074 0.487779 
v 0.56374 2.37836 -2.45 
v 0.737175 2.19451 -2.43008 
v 0.56374 2.19451 -2.43008 
v 0.276343 2.37836 -2.45 
v 0.449777 2.19451 -2.43008 
v 0.276343 2.19451 -2.43008 
v 0.737175 2.37836 -2.45 
v 0.422977 2.62928 1.23799 
v 0.599571 2.62928 1.23799 
v 0.615951 2.43752 1.26644 
v 0.421347 2.81933 -1.53021 
v 0.601201 2.81933 -1.53021 
v 0.615852 2.63612 -1.59791 
v 0.406597 2.43752 1.26644 
v 0.406696 2.63612 -1.59791 
v 0.449777 2.37836 -2.45 
v 0.216414 7.27629 -4.70553 
v 0.216414 6.90108 -4.68992 
v -0.103865 6.90108 -4.68992 
v -0.103865 7.27629 -4.70553 
v -0.337228 2.00689 0.507704 
v -0.163794 2.19074 0.487779 
v -0.163794 2.00689 0.507704 
v -0.337228 2.19074 0.487779 
v -0.624626 2.00689 0.507704 
v -0.451192 2.19074 0.487779 
v -0.451192 2.00689 0.507704 
v -0.624626 2.19074 0.487779 
v -0.337228 2.19451 -2.43008 
v -0.163794 2.37836 -2.45 
v -0.163794 2.19451 -2.43008 
v -0.624626 2.19451 -2.43008 
v -0.451192 2.37836 -2.45 
v -0.451192 2.19451 -2.43008 
v -0.337228 2.37836 -2.45 
v -0.503402 2.43752 1.26644 
v -0.310428 2.62928 1.23799 
v -0.294048 2.43752 1.26644 
v -0.487022 2.62928 1.23799 
v -0.308798 2.81933 -1.53021 
v -0.503303 2.63612 -1.59791 
v -0.488652 2.81933 -1.53021 
v -0.294147 2.63612 -1.59791 
v -0.624626 2.37836 -2.45 
v 0.737175 2.19074 0.487779 
v 0.794156 2.31101 0.797855 
v 0.794156 2.01385 0.830059 
v 0.734589 2.34446 1.35313 
v 0.794156 2.01385 0.830059 
v 0.794156 2.31101 0.797855 
v 0.734589 2.02039 1.38983 
v 0.449777 2.19074 0.487779 
v 0.506759 2.31101 0.797855 
v 0.506759 2.01385 0.830059 
v 0.449777 2.00689 0.507704 
v 0.737175 2.00689 0.507704 
v 0.737175 2.37836 -2.45 
v 0.794156 2.20148 -2.10772 
v 0.737175 2.19451 -2.43008 
v 0.794156 2.20148 -2.10772 
v 0.734589 2.53208 -1.58465 
v 0.734589 2.20801 -1.54796 
v 0.449777 2.37836 -2.45 
v 0.506759 2.20148 -2.10772 
v 0.449777 2.19451 -2.43008 
v 0.794156 2.49863 -2.13993 
v 0.553955 2.49232 1.41577 
v 0.615951 2.43752 1.26644 
v 0.599571 2.62928 1.23799 
v 0.553917 2.62295 -1.43541 
v 0.615852 2.63612 -1.59791 
v 0.601201 2.81933 -1.53021 
v 0.550096 2.55326 -1.47065 
v 0.549402 2.41566 1.41832 
v 0.794156 2.49863 -2.13993 
v 0.506759 2.49863 -2.13993 
v 0.216414 6.90108 -4.68992 
v 0.216414 7.27629 -4.70553 
v 0.216414 7.18305 -4.61688 
v 0.216414 6.90284 -4.60303 
v 0.216414 7.18305 -4.61688 
v 0.216414 7.29213 -4.36166 
v 0.216414 7.19697 -4.35974 
v -0.106813 2.01385 0.830059 
v -0.163794 2.19074 0.487779 
v -0.106813 2.31101 0.797855 
v -0.16638 2.34446 1.35313 
v -0.16638 2.02039 1.38983 
v -0.39421 2.01385 0.830059 
v -0.451192 2.19074 0.487779 
v -0.39421 2.31101 0.797855 
v -0.451192 2.00689 0.507704 
v -0.163794 2.37836 -2.45 
v -0.106813 2.20148 -2.10772 
v -0.163794 2.19451 -2.43008 
v -0.163794 2.00689 0.507704 
v -0.451192 2.37836 -2.45 
v -0.39421 2.20148 -2.10772 
v -0.451192 2.19451 -2.43008 
v -0.16638 2.53208 -1.58465 
v -0.16638 2.20801 -1.54796 
v -0.294048 2.43752 1.26644 
v -0.310428 2.62928 1.23799 
v -0.356044 2.49232 1.41577 
v -0.294147 2.63612 -1.59791 
v -0.308798 2.81933 -1.53021 
v -0.356082 2.62295 -1.43541 
v -0.359904 2.55326 -1.47065 
v -0.360597 2.41566 1.41832 
v -0.106813 2.49863 -2.13993 
v 0.216414 7.27629 -4.70553 
v -0.39421 2.49863 -2.13993 
v 0.56374 2.00689 0.507704 
v 0.794156 2.01385 0.830059 
v 0.506759 2.01385 0.830059 
v 0.794156 2.01385 0.830059 
v 0.734589 2.02039 1.38983 
v 0.506759 2.01385 0.830059 
v 0.506759 2.02039 1.38983 
v 0.278928 2.02039 1.38983 
v 0.219361 2.01385 0.830059 
v 0.219361 2.01385 0.830059 
v 0.449777 2.00689 0.507704 
v 0.737175 2.00689 0.507704 
v 0.794156 2.20148 -2.10772 
v 0.56374 2.19451 -2.43008 
v 0.737175 2.19451 -2.43008 
v 0.449777 2.19451 -2.43008 
v 0.219361 2.20148 -2.10772 
v 0.276343 2.19451 -2.43008 
v 0.276343 2.00689 0.507704 
v 0.506759 2.20148 -2.10772 
v 0.406597 2.43752 1.26644 
v 0.615951 2.43752 1.26644 
v 0.549402 2.41566 1.41832 
v 0.406696 2.63612 -1.59791 
v 0.615852 2.63612 -1.59791 
v 0.550096 2.55326 -1.47065 
v 0.472452 2.55326 -1.47065 
v 0.278928 2.20801 -1.54796 
v 0.506759 2.20148 -2.10772 
v 0.506759 2.20801 -1.54796 
v 0.473146 2.41566 1.41832 
v 0.734589 2.20801 -1.54796 
v 0.794156 2.20148 -2.10772 
v 0.219361 2.20148 -2.10772 
v -0.103865 6.90108 -4.68992 
v 0.216414 6.90108 -4.68992 
v 0.216414 6.90284 -4.60303 
v -0.103865 6.90284 -4.60303 
v -0.337228 2.00689 0.507704 
v -0.106813 2.01385 0.830059 
v -0.39421 2.01385 0.830059 
v -0.16638 2.02039 1.38983 
v -0.39421 2.01385 0.830059 
v -0.106813 2.01385 0.830059 
v -0.39421 2.02039 1.38983 
v -0.622041 2.02039 1.38983 
v -0.681608 2.01385 0.830059 
v -0.681608 2.01385 0.830059 
v -0.451192 2.00689 0.507704 
v -0.163794 2.00689 0.507704 
v -0.106813 2.20148 -2.10772 
v -0.337228 2.19451 -2.43008 
v -0.163794 2.19451 -2.43008 
v -0.451192 2.19451 -2.43008 
v -0.681608 2.20148 -2.10772 
v -0.624626 2.19451 -2.43008 
v -0.624626 2.00689 0.507704 
v -0.39421 2.20148 -2.10772 
v -0.436853 2.41566 1.41832 
v -0.294048 2.43752 1.26644 
v -0.360597 2.41566 1.41832 
v -0.437547 2.55326 -1.47065 
v -0.294147 2.63612 -1.59791 
v -0.359904 2.55326 -1.47065 
v -0.503402 2.43752 1.26644 
v -0.503303 2.63612 -1.59791 
v -0.39421 2.20148 -2.10772 
v -0.16638 2.20801 -1.54796 
v -0.39421 2.20801 -1.54796 
v -0.106813 2.20148 -2.10772 
v -0.62204 2.20801 -1.54796 
v -0.681608 2.20148 -2.10772 
v 0.506759 2.34446 1.35313 
v 0.734589 2.02039 1.38983 
v 0.734589 2.34446 1.35313 
v 0.506759 2.02039 1.38983 
v 0.278928 2.34446 1.35313 
v 0.278928 2.02039 1.38983 
v 0.506759 2.53208 -1.58465 
v 0.734589 2.20801 -1.54796 
v 0.734589 2.53208 -1.58465 
v 0.506759 2.20801 -1.54796 
v 0.278929 2.53208 -1.58465 
v 0.278928 2.20801 -1.54796 
v 0.553955 2.49232 1.41577 
v 0.473146 2.41566 1.41832 
v 0.549402 2.41566 1.41832 
v 0.46863 2.62295 -1.43541 
v 0.550096 2.55326 -1.47065 
v 0.553917 2.62295 -1.43541 
v 0.468593 2.49232 1.41577 
v 0.472452 2.55326 -1.47065 
v 0.601201 2.81933 -1.53021 
v 0.421347 2.81933 -1.53021 
v 0.216414 7.29213 -4.36166 
v -0.103865 7.19697 -4.35974 
v 0.216414 7.19697 -4.35974 
v -0.103865 7.29213 -4.36166 
v -0.16638 2.34446 1.35313 
v -0.39421 2.02039 1.38983 
v -0.16638 2.02039 1.38983 
v -0.39421 2.34446 1.35313 
v -0.622041 2.02039 1.38983 
v -0.622041 2.34446 1.35313 
v -0.16638 2.53208 -1.58465 
v -0.39421 2.20801 -1.54796 
v -0.16638 2.20801 -1.54796 
v -0.39421 2.53208 -1.58465 
v -0.62204 2.20801 -1.54796 
v -0.622041 2.53208 -1.58465 
v -0.441407 2.49232 1.41577 
v -0.360597 2.41566 1.41832 
v -0.356044 2.49232 1.41577 
v -0.437547 2.55326 -1.47065 
v -0.356082 2.62295 -1.43541 
v -0.441369 2.62295 -1.43541 
v -0.436853 2.41566 1.41832 
v -0.359904 2.55326 -1.47065 
v -0.488652 2.81933 -1.53021 
v -0.308798 2.81933 -1.53021 

vn -0.543307 0.629921 0.551181 
vn -0.740157 -0.677165 -0.00787402 
vn -0.535433 -0.543307 0.637795 
vn -0.527559 0.417323 -0.740157 
vn 0 -1 -0.0708661 
vn 0 0.96063 -0.275591 
vn -0.700787 0.692913 -0.165354 
vn -0.527559 0.417323 -0.740157 
vn -0.519685 -0.622047 -0.582677 
vn -0.519685 -0.622047 -0.582677 
vn 0 -1 -0.0708661 
vn -0.527559 0.417323 -0.740157 
vn -0.519685 -0.622047 -0.582677 
vn -0.543307 0.629921 0.551181 
vn -0.740157 -0.677165 -0.00787402 
vn -0.535433 -0.543307 0.637795 
vn -0.527559 0.417323 -0.740157 
vn -0.519685 -0.622047 -0.582677 
vn 0 0.96063 -0.275591 
vn -0.488189 0.377953 0.787402 
vn -0.732283 -0.527559 -0.433071 
vn -0.448819 -0.622047 0.637795 
vn -0.480315 -0.0314961 0.874016 
vn -0.716535 -0.283465 -0.637795 
vn -0.448819 -0.84252 0.291339 
vn -0.590551 0.708661 -0.393701 
vn -0.590551 0.80315 -0.023622 
vn -0.700787 0.692913 -0.165354 
vn -1 0 0 
vn -1 0 0 
vn -1 0 0 
vn -1 0 0 
vn -1 0 0 
vn -1 0 0 
vn -1 0 0 
vn -0.543307 0.629921 0.551181 
vn -0.740157 -0.677165 -0.00787402 
vn -0.535433 -0.543307 0.637795 
vn -0.527559 0.417323 -0.740157 
vn 0 -1 -0.0708661 
vn 0 0.96063 -0.275591 
vn -0.700787 0.692913 -0.165354 
vn -0.527559 0.417323 -0.740157 
vn -0.740157 -0.677165 -0.00787402 
vn -0.700787 0.692913 -0.165354 
vn -0.519685 -0.622047 -0.582677 
vn 0 -1 -0.0708661 
vn -0.527559 0.417323 -0.740157 
vn -0.519685 -0.622047 -0.582677 
vn -0.519685 -0.622047 -0.582677 
vn -0.740157 -0.677165 -0.00787402 
vn -0.527559 0.417323 -0.740157 
vn -0.519685 -0.622047 -0.582677 
vn -0.543307 0.629921 0.551181 
vn -0.740157 -0.677165 -0.00787402 
vn -0.535433 -0.543307 0.637795 
vn -0.488189 0.377953 0.787402 
vn -0.732283 -0.527559 -0.433071 
vn -0.448819 -0.622047 0.637795 
vn -0.480315 -0.0314961 0.874016 
vn -0.716535 -0.283465 -0.637795 
vn -0.448819 -0.84252 0.291339 
vn -0.590551 0.708661 -0.393701 
vn -0.590551 0.80315 -0.023622 
vn -0.700787 0.692913 -0.165354 
vn -1 0 0 
vn -1 0 0 
vn -1 0 0 
vn 0 0.96063 -0.275591 
vn -0.700787 0.692913 -0.165354 
vn 0 0.96063 -0.275591 
vn 0.543307 0.629921 0.551181 
vn 0.700787 0.692913 -0.165354 
vn 0 0.76378 0.645669 
vn -0.543307 0.629921 0.551181 
vn -0.700787 0.692913 -0.165354 
vn 0.527559 0.417323 -0.740157 
vn 0 0.96063 -0.275591 
vn 0.700787 0.692913 -0.165354 
vn -0.527559 0.417323 -0.740157 
vn 0 0.96063 -0.275591 
vn 0.527559 0.417323 -0.740157 
vn -0.527559 0.417323 -0.740157 
vn 0.527559 0.417323 -0.740157 
vn -0.700787 0.692913 -0.165354 
vn -0.527559 0.417323 -0.740157 
vn -0.700787 0.692913 -0.165354 
vn 0.527559 0.417323 -0.740157 
vn -0.527559 0.417323 -0.740157 
vn 0.543307 0.629921 0.551181 
vn 0 0.96063 -0.275591 
vn 0 0.76378 0.645669 
vn -0.590551 0.708661 -0.393701 
vn 0.488189 0.377953 0.787402 
vn 0.590551 0.708661 -0.393701 
vn -0.488189 0.377953 0.787402 
vn -0.543307 0.629921 0.551181 
vn 0.700787 0.692913 -0.165354 
vn 0.700787 0.692913 -0.165354 
vn -0.700787 0.692913 -0.165354 
vn 0 1 -0.0472441 
vn 0 1 -0.0472441 
vn 0 1 -0.0472441 
vn 0 1 -0.0472441 
vn 0.543307 0.629921 0.551181 
vn 0.700787 0.692913 -0.165354 
vn 0 0.96063 -0.275591 
vn 0 0.76378 0.645669 
vn -0.543307 0.629921 0.551181 
vn -0.700787 0.692913 -0.165354 
vn 0.700787 0.692913 -0.165354 
vn -0.527559 0.417323 -0.740157 
vn 0 0.96063 -0.275591 
vn 0.527559 0.417323 -0.740157 
vn -0.527559 0.417323 -0.740157 
vn 0.700787 0.692913 -0.165354 
vn 0.527559 0.417323 -0.740157 
vn -0.527559 0.417323 -0.740157 
vn 0.527559 0.417323 -0.740157 
vn -0.700787 0.692913 -0.165354 
vn -0.527559 0.417323 -0.740157 
vn 0 0.96063 -0.275591 
vn 0.527559 0.417323 -0.740157 
vn 0.543307 0.629921 0.551181 
vn 0 0.96063 -0.275591 
vn 0 0.76378 0.645669 
vn 0.590551 0.708661 -0.393701 
vn -0.488189 0.377953 0.787402 
vn 0.488189 0.377953 0.787402 
vn -0.590551 0.708661 -0.393701 
vn -0.543307 0.629921 0.551181 
vn 0.700787 0.692913 -0.165354 
vn -0.700787 0.692913 -0.165354 
vn -0.700787 0.692913 -0.165354 
vn -0.527559 0.417323 -0.740157 
vn 0.527559 0.417323 -0.740157 
vn 0.519685 -0.622047 -0.582677 
vn -0.519685 -0.622047 -0.582677 
vn -0.527559 0.417323 -0.740157 
vn 0.519685 -0.622047 -0.582677 
vn -0.519685 -0.622047 -0.582677 
vn 0.527559 0.417323 -0.740157 
vn -0.527559 0.417323 -0.740157 
vn 0.519685 -0.622047 -0.582677 
vn -0.519685 -0.622047 -0.582677 
vn -0.527559 0.417323 -0.740157 
vn 0.519685 -0.622047 -0.582677 
vn -0.519685 -0.622047 -0.582677 
vn 0.527559 0.417323 -0.740157 
vn -0.590551 0.708661 -0.393701 
vn 0.590551 0.708661 -0.393701 
vn 0.732283 -0.527559 -0.433071 
vn -0.590551 0.80315 -0.023622 
vn 0.590551 0.80315 -0.023622 
vn 0.716535 -0.283465 -0.637795 
vn -0.732283 -0.527559 -0.433071 
vn -0.716535 -0.283465 -0.637795 
vn 0.527559 0.417323 -0.740157 
vn 0 -0.0393701 -1 
vn 0 -0.0393701 -1 
vn 0 -0.0393701 -1 
vn 0 -0.0393701 -1 
vn -0.519685 -0.622047 -0.582677 
vn 0.527559 0.417323 -0.740157 
vn 0.519685 -0.622047 -0.582677 
vn -0.527559 0.417323 -0.740157 
vn -0.519685 -0.622047 -0.582677 
vn 0.527559 0.417323 -0.740157 
vn 0.519685 -0.622047 -0.582677 
vn -0.527559 0.417323 -0.740157 
vn -0.519685 -0.622047 -0.582677 
vn 0.527559 0.417323 -0.740157 
vn 0.519685 -0.622047 -0.582677 
vn -0.519685 -0.622047 -0.582677 
vn 0.527559 0.417323 -0.740157 
vn 0.519685 -0.622047 -0.582677 
vn -0.527559 0.417323 -0.740157 
vn -0.732283 -0.527559 -0.433071 
vn 0.590551 0.708661 -0.393701 
vn 0.732283 -0.527559 -0.433071 
vn -0.590551 0.708661 -0.393701 
vn 0.590551 0.80315 -0.023622 
vn -0.716535 -0.283465 -0.637795 
vn -0.590551 0.80315 -0.023622 
vn 0.716535 -0.283465 -0.637795 
vn -0.527559 0.417323 -0.740157 
vn 0.527559 0.417323 -0.740157 
vn 0.700787 0.692913 -0.165354 
vn 0.740157 -0.677165 -0.00787402 
vn 0.543307 0.629921 0.551181 
vn 0.740157 -0.677165 -0.00787402 
vn 0.700787 0.692913 -0.165354 
vn 0.535433 -0.543307 0.637795 
vn 0.527559 0.417323 -0.740157 
vn 0 0.96063 -0.275591 
vn 0 -1 -0.0708661 
vn 0.519685 -0.622047 -0.582677 
vn 0.519685 -0.622047 -0.582677 
vn 0.527559 0.417323 -0.740157 
vn 0.740157 -0.677165 -0.00787402 
vn 0.519685 -0.622047 -0.582677 
vn 0.740157 -0.677165 -0.00787402 
vn 0.543307 0.629921 0.551181 
vn 0.535433 -0.543307 0.637795 
vn 0.527559 0.417323 -0.740157 
vn 0 -1 -0.0708661 
vn 0.519685 -0.622047 -0.582677 
vn 0.700787 0.692913 -0.165354 
vn 0.488189 0.377953 0.787402 
vn 0.732283 -0.527559 -0.433071 
vn 0.590551 0.708661 -0.393701 
vn 0.480315 -0.0314961 0.874016 
vn 0.716535 -0.283465 -0.637795 
vn 0.590551 0.80315 -0.023622 
vn 0.448819 -0.84252 0.291339 
vn 0.448819 -0.622047 0.637795 
vn 0.700787 0.692913 -0.165354 
vn 0 0.96063 -0.275591 
vn 1 0 0 
vn 1 0 0 
vn 1 0 0 
vn 1 0 0 
vn 1 0 0 
vn 1 0 0 
vn 1 0 0 
vn 0.740157 -0.677165 -0.00787402 
vn 0.527559 0.417323 -0.740157 
vn 0.700787 0.692913 -0.165354 
vn 0.543307 0.629921 0.551181 
vn 0.535433 -0.543307 0.637795 
vn 0 -1 -0.0708661 
vn 0.527559 0.417323 -0.740157 
vn 0 0.96063 -0.275591 
vn 0.519685 -0.622047 -0.582677 
vn 0.527559 0.417323 -0.740157 
vn 0.740157 -0.677165 -0.00787402 
vn 0.519685 -0.622047 -0.582677 
vn 0.519685 -0.622047 -0.582677 
vn 0.527559 0.417323 -0.740157 
vn 0 -1 -0.0708661 
vn 0.519685 -0.622047 -0.582677 
vn 0.543307 0.629921 0.551181 
vn 0.535433 -0.543307 0.637795 
vn 0.732283 -0.527559 -0.433071 
vn 0.590551 0.708661 -0.393701 
vn 0.488189 0.377953 0.787402 
vn 0.716535 -0.283465 -0.637795 
vn 0.590551 0.80315 -0.023622 
vn 0.480315 -0.0314961 0.874016 
vn 0.448819 -0.84252 0.291339 
vn 0.448819 -0.622047 0.637795 
vn 0.700787 0.692913 -0.165354 
vn 1 0 0 
vn 0 0.96063 -0.275591 
vn -0.519685 -0.622047 -0.582677 
vn 0.740157 -0.677165 -0.00787402 
vn 0 -1 -0.0708661 
vn 0.740157 -0.677165 -0.00787402 
vn 0.535433 -0.543307 0.637795 
vn 0 -1 -0.0708661 
vn 0 -0.661417 0.748031 
vn -0.535433 -0.543307 0.637795 
vn -0.740157 -0.677165 -0.00787402 
vn -0.740157 -0.677165 -0.00787402 
vn 0.519685 -0.622047 -0.582677 
vn 0.519685 -0.622047 -0.582677 
vn 0.740157 -0.677165 -0.00787402 
vn -0.519685 -0.622047 -0.582677 
vn 0.519685 -0.622047 -0.582677 
vn 0.519685 -0.622047 -0.582677 
vn -0.740157 -0.677165 -0.00787402 
vn -0.519685 -0.622047 -0.582677 
vn -0.519685 -0.622047 -0.582677 
vn 0 -1 -0.0708661 
vn -0.732283 -0.527559 -0.433071 
vn 0.732283 -0.527559 -0.433071 
vn 0.448819 -0.622047 0.637795 
vn -0.716535 -0.283465 -0.637795 
vn 0.716535 -0.283465 -0.637795 
vn 0.448819 -0.84252 0.291339 
vn -0.448819 -0.84252 0.291339 
vn -0.535433 -0.543307 0.637795 
vn 0 -1 -0.0708661 
vn 0 -0.661417 0.748031 
vn -0.448819 -0.622047 0.637795 
vn 0.535433 -0.543307 0.637795 
vn 0.740157 -0.677165 -0.00787402 
vn -0.740157 -0.677165 -0.00787402 
vn 0 -1 0.023622 
vn 0 -1 0.023622 
vn 0 -1 0.023622 
vn 0 -1 0.023622 
vn -0.519685 -0.622047 -0.582677 
vn 0.740157 -0.677165 -0.00787402 
vn 0 -1 -0.0708661 
vn 0.535433 -0.543307 0.637795 
vn 0 -1 -0.0708661 
vn 0.740157 -0.677165 -0.00787402 
vn 0 -0.661417 0.748031 
vn -0.535433 -0.543307 0.637795 
vn -0.740157 -0.677165 -0.00787402 
vn -0.740157 -0.677165 -0.00787402 
vn 0.519685 -0.622047 -0.582677 
vn 0.519685 -0.622047 -0.582677 
vn 0.740157 -0.677165 -0.00787402 
vn -0.519685 -0.622047 -0.582677 
vn 0.519685 -0.622047 -0.582677 
vn 0.519685 -0.622047 -0.582677 
vn -0.740157 -0.677165 -0.00787402 
vn -0.519685 -0.622047 -0.582677 
vn -0.519685 -0.622047 -0.582677 
vn 0 -1 -0.0708661 
vn -0.448819 -0.622047 0.637795 
vn 0.732283 -0.527559 -0.433071 
vn 0.448819 -0.622047 0.637795 
vn -0.448819 -0.84252 0.291339 
vn 0.716535 -0.283465 -0.637795 
vn 0.448819 -0.84252 0.291339 
vn -0.732283 -0.527559 -0.433071 
vn -0.716535 -0.283465 -0.637795 
vn 0 -1 -0.0708661 
vn 0.535433 -0.543307 0.637795 
vn 0 -0.661417 0.748031 
vn 0.740157 -0.677165 -0.00787402 
vn -0.535433 -0.543307 0.637795 
vn -0.740157 -0.677165 -0.00787402 
vn 0 0.76378 0.645669 
vn 0.535433 -0.543307 0.637795 
vn 0.543307 0.629921 0.551181 
vn 0 -0.661417 0.748031 
vn -0.543307 0.629921 0.551181 
vn -0.535433 -0.543307 0.637795 
vn 0 0.76378 0.645669 
vn 0.535433 -0.543307 0.637795 
vn 0.543307 0.629921 0.551181 
vn 0 -0.661417 0.748031 
vn -0.543307 0.629921 0.551181 
vn -0.535433 -0.543307 0.637795 
vn 0.488189 0.377953 0.787402 
vn -0.448819 -0.622047 0.637795 
vn 0.448819 -0.622047 0.637795 
vn -0.480315 -0.0314961 0.874016 
vn 0.448819 -0.84252 0.291339 
vn 0.480315 -0.0314961 0.874016 
vn -0.488189 0.377953 0.787402 
vn -0.448819 -0.84252 0.291339 
vn 0.590551 0.80315 -0.023622 
vn -0.590551 0.80315 -0.023622 
vn 0 0.023622 1 
vn 0 0.023622 1 
vn 0 0.023622 1 
vn 0 0.023622 1 
vn 0.543307 0.629921 0.551181 
vn 0 -0.661417 0.748031 
vn 0.535433 -0.543307 0.637795 
vn 0 0.76378 0.645669 
vn -0.535433 -0.543307 0.637795 
vn -0.543307 0.629921 0.551181 
vn 0.543307 0.629921 0.551181 
vn 0 -0.661417 0.748031 
vn 0.535433 -0.543307 0.637795 
vn 0 0.76378 0.645669 
vn -0.535433 -0.543307 0.637795 
vn -0.543307 0.629921 0.551181 
vn -0.488189 0.377953 0.787402 
vn 0.448819 -0.622047 0.637795 
vn 0.488189 0.377953 0.787402 
vn -0.448819 -0.84252 0.291339 
vn 0.480315 -0.0314961 0.874016 
vn -0.480315 -0.0314961 0.874016 
vn -0.448819 -0.622047 0.637795 
vn 0.448819 -0.84252 0.291339 
vn -0.590551 0.80315 -0.023622 
vn 0.590551 0.80315 -0.023622 

vt 22.3746 -35.2881 
vt 22.3092 -35.3295 
vt 22.3792 -35.3286 
vt 22.2664 -35.3073 
vt 22.3092 -35.3295 
vt 22.3052 -35.2923 
vt 22.3052 -35.2923 
vt 22.2664 -35.3073 
vt 22.2689 -35.3303 
vt 22.2689 -35.3303 
vt 21.942 -35.306 
vt 21.8992 -35.2839 
vt 21.9017 -35.3069 
vt 22.0074 -35.2647 
vt 21.942 -35.306 
vt 22.012 -35.3052 
vt 21.8992 -35.2839 
vt 21.9017 -35.3069 
vt 21.938 -35.2689 
vt 22.3824 -35.2696 
vt 22.3638 -35.2765 
vt 22.3827 -35.2792 
vt 22.026 -35.2533 
vt 22.0057 -35.2517 
vt 22.0216 -35.262 
vt 22.3602 -35.2525 
vt 22.0142 -35.2288 
vt 21.938 -35.2689 
vt 21.6283 -34.6833 
vt 21.6192 -34.7186 
vt 21.6301 -34.7183 
vt 21.6173 -34.6717 
vt 21.6602 -34.6697 
vt 21.6283 -34.6833 
vt 21.6605 -34.6816 
vt 22.3746 -35.2881 
vt 22.3092 -35.3295 
vt 22.3792 -35.3286 
vt 22.2664 -35.3073 
vt 22.3092 -35.3295 
vt 22.3052 -35.2923 
vt 22.3052 -35.2923 
vt 22.2664 -35.3073 
vt 22.3092 -35.3295 
vt 22.3052 -35.2923 
vt 22.2689 -35.3303 
vt 21.942 -35.306 
vt 21.8992 -35.2839 
vt 21.9017 -35.3069 
vt 22.2689 -35.3303 
vt 21.942 -35.306 
vt 21.8992 -35.2839 
vt 21.9017 -35.3069 
vt 22.0074 -35.2647 
vt 21.942 -35.306 
vt 22.012 -35.3052 
vt 22.3824 -35.2696 
vt 22.3638 -35.2765 
vt 22.3827 -35.2792 
vt 22.026 -35.2533 
vt 22.0057 -35.2517 
vt 22.0216 -35.262 
vt 22.3602 -35.2525 
vt 22.0142 -35.2288 
vt 21.938 -35.2689 
vt 21.6283 -34.6833 
vt 21.6602 -34.6697 
vt 21.6173 -34.6717 
vt 21.938 -35.2689 
vt 21.938 -35.2689 
vt 22.0563 -35.3052 
vt 22.0848 -35.3746 
vt 22.0922 -35.3052 
vt 22.0563 -35.3746 
vt 22.0278 -35.3746 
vt 22.0204 -35.3052 
vt 22.0851 -35.2664 
vt 22.0563 -35.3052 
vt 22.0922 -35.3052 
vt 22.0634 -35.2664 
vt 22.0563 -34.938 
vt 22.0851 -34.8992 
vt 22.0634 -34.8992 
vt 22.0492 -35.2664 
vt 22.0204 -35.3052 
vt 22.0275 -35.2664 
vt 22.0204 -34.938 
vt 22.0492 -34.8992 
vt 22.0275 -34.8992 
vt 22.0848 -35.0074 
vt 22.0563 -34.938 
vt 22.0563 -35.0074 
vt 22.0458 -35.3602 
vt 22.0622 -35.3824 
vt 22.0679 -35.3602 
vt 22.0515 -35.3824 
vt 22.0278 -35.0074 
vt 22.0922 -34.938 
vt 22.0922 -34.938 
vt 22.0204 -34.938 
vt 22.02 -34.6602 
vt 22.02 -34.6173 
vt 21.98 -34.6173 
vt 21.98 -34.6602 
vt 21.9722 -35.3746 
vt 21.9796 -35.3052 
vt 21.9437 -35.3052 
vt 21.9437 -35.3746 
vt 21.9152 -35.3746 
vt 21.9078 -35.3052 
vt 21.9796 -35.3052 
vt 21.9508 -35.2664 
vt 21.9437 -35.3052 
vt 21.9725 -35.2664 
vt 21.9508 -34.8992 
vt 21.9796 -34.938 
vt 21.9725 -34.8992 
vt 21.9149 -35.2664 
vt 21.9366 -35.2664 
vt 21.9078 -35.3052 
vt 21.9149 -34.8992 
vt 21.9437 -34.938 
vt 21.9366 -34.8992 
vt 21.9722 -35.0074 
vt 21.9437 -34.938 
vt 21.9437 -35.0074 
vt 21.9542 -35.3602 
vt 21.9378 -35.3824 
vt 21.9485 -35.3824 
vt 21.9321 -35.3602 
vt 21.9152 -35.0074 
vt 21.9796 -34.938 
vt 21.9078 -34.938 
vt 21.9078 -34.938 
vt 21.9366 -35.3073 
vt 21.9149 -35.3073 
vt 21.9149 -35.3303 
vt 21.9366 -35.3303 
vt 21.9725 -35.3073 
vt 21.9508 -35.3303 
vt 21.9725 -35.3303 
vt 21.9508 -35.3073 
vt 21.9366 -35.2839 
vt 21.9149 -35.3069 
vt 21.9366 -35.3069 
vt 21.9725 -35.2839 
vt 21.9508 -35.3069 
vt 21.9725 -35.3069 
vt 21.9149 -35.2839 
vt 21.9542 -35.2525 
vt 21.9321 -35.2525 
vt 21.93 -35.2765 
vt 21.9544 -35.2288 
vt 21.9319 -35.2288 
vt 21.9301 -35.2517 
vt 21.9562 -35.2765 
vt 21.9562 -35.2517 
vt 21.9508 -35.2839 
vt 21.98 -34.6717 
vt 21.98 -34.7186 
vt 22.02 -34.7186 
vt 22.02 -34.6717 
vt 22.0492 -35.3303 
vt 22.0275 -35.3073 
vt 22.0275 -35.3303 
vt 22.0492 -35.3073 
vt 22.0851 -35.3303 
vt 22.0634 -35.3073 
vt 22.0634 -35.3303 
vt 22.0851 -35.3073 
vt 22.0492 -35.3069 
vt 22.0275 -35.2839 
vt 22.0275 -35.3069 
vt 22.0851 -35.3069 
vt 22.0634 -35.2839 
vt 22.0634 -35.3069 
vt 22.0492 -35.2839 
vt 22.07 -35.2765 
vt 22.0458 -35.2525 
vt 22.0438 -35.2765 
vt 22.0679 -35.2525 
vt 22.0456 -35.2288 
vt 22.0699 -35.2517 
vt 22.0681 -35.2288 
vt 22.0438 -35.2517 
vt 22.0851 -35.2839 
vt 21.7336 -35.3073 
vt 21.6948 -35.2923 
vt 21.6908 -35.3295 
vt 21.6254 -35.2881 
vt 21.6908 -35.3295 
vt 21.6948 -35.2923 
vt 21.6208 -35.3286 
vt 21.7336 -35.3073 
vt 21.6948 -35.2923 
vt 21.6908 -35.3295 
vt 21.7311 -35.3303 
vt 21.7311 -35.3303 
vt 22.1008 -35.2839 
vt 22.058 -35.306 
vt 22.0983 -35.3069 
vt 22.058 -35.306 
vt 21.9926 -35.2647 
vt 21.988 -35.3052 
vt 22.1008 -35.2839 
vt 22.058 -35.306 
vt 22.0983 -35.3069 
vt 22.062 -35.2689 
vt 21.6176 -35.2696 
vt 21.6362 -35.2765 
vt 21.6398 -35.2525 
vt 21.974 -35.2533 
vt 21.9943 -35.2517 
vt 21.9858 -35.2288 
vt 21.9784 -35.262 
vt 21.6173 -35.2792 
vt 22.062 -35.2689 
vt 22.062 -35.2689 
vt 22.3808 -34.7186 
vt 22.3827 -34.6717 
vt 22.3717 -34.6833 
vt 22.3699 -34.7183 
vt 22.3717 -34.6833 
vt 22.3398 -34.6697 
vt 22.3395 -34.6816 
vt 21.6908 -35.3295 
vt 21.7336 -35.3073 
vt 21.6948 -35.2923 
vt 21.6254 -35.2881 
vt 21.6208 -35.3286 
vt 21.6908 -35.3295 
vt 21.7336 -35.3073 
vt 21.6948 -35.2923 
vt 21.7311 -35.3303 
vt 22.1008 -35.2839 
vt 22.058 -35.306 
vt 22.0983 -35.3069 
vt 21.7311 -35.3303 
vt 22.1008 -35.2839 
vt 22.058 -35.306 
vt 22.0983 -35.3069 
vt 21.9926 -35.2647 
vt 21.988 -35.3052 
vt 21.6362 -35.2765 
vt 21.6398 -35.2525 
vt 21.6176 -35.2696 
vt 21.9943 -35.2517 
vt 21.9858 -35.2288 
vt 21.974 -35.2533 
vt 21.9784 -35.262 
vt 21.6173 -35.2792 
vt 22.062 -35.2689 
vt 22.3827 -34.6717 
vt 22.062 -35.2689 
vt 21.9366 -35.2689 
vt 21.9078 -35.3092 
vt 21.9437 -35.3092 
vt 21.9078 -35.3092 
vt 21.9152 -35.3792 
vt 21.9437 -35.3092 
vt 21.9437 -35.3792 
vt 21.9722 -35.3792 
vt 21.9796 -35.3092 
vt 21.9796 -35.3092 
vt 21.9508 -35.2689 
vt 21.9149 -35.2689 
vt 21.9078 -34.942 
vt 21.9366 -34.9017 
vt 21.9149 -34.9017 
vt 21.9508 -34.9017 
vt 21.9796 -34.942 
vt 21.9725 -34.9017 
vt 21.9725 -35.2689 
vt 21.9437 -34.942 
vt 21.9562 -35.3638 
vt 21.93 -35.3638 
vt 21.9384 -35.3827 
vt 21.9562 -35.0057 
vt 21.9301 -35.0057 
vt 21.9383 -35.0216 
vt 21.948 -35.0216 
vt 21.9722 -35.012 
vt 21.9437 -34.942 
vt 21.9437 -35.012 
vt 21.9479 -35.3827 
vt 21.9152 -35.012 
vt 21.9078 -34.942 
vt 21.9796 -34.942 
vt 22.02 -34.6192 
vt 21.98 -34.6192 
vt 21.98 -34.6301 
vt 22.02 -34.6301 
vt 22.0492 -35.2689 
vt 22.0204 -35.3092 
vt 22.0563 -35.3092 
vt 22.0278 -35.3792 
vt 22.0563 -35.3092 
vt 22.0204 -35.3092 
vt 22.0563 -35.3792 
vt 22.0848 -35.3792 
vt 22.0922 -35.3092 
vt 22.0922 -35.3092 
vt 22.0634 -35.2689 
vt 22.0275 -35.2689 
vt 22.0204 -34.942 
vt 22.0492 -34.9017 
vt 22.0275 -34.9017 
vt 22.0634 -34.9017 
vt 22.0922 -34.942 
vt 22.0851 -34.9017 
vt 22.0851 -35.2689 
vt 22.0563 -34.942 
vt 22.0616 -35.3827 
vt 22.0438 -35.3638 
vt 22.0521 -35.3827 
vt 22.0617 -35.0216 
vt 22.0438 -35.0057 
vt 22.052 -35.0216 
vt 22.07 -35.3638 
vt 22.0699 -35.0057 
vt 22.0563 -34.942 
vt 22.0278 -35.012 
vt 22.0563 -35.012 
vt 22.0204 -34.942 
vt 22.0848 -35.012 
vt 22.0922 -34.942 
vt 22.0563 -35.2881 
vt 22.0848 -35.3286 
vt 22.0848 -35.2881 
vt 22.0563 -35.3286 
vt 22.0278 -35.2881 
vt 22.0278 -35.3286 
vt 22.0563 -35.2647 
vt 22.0848 -35.3052 
vt 22.0848 -35.2647 
vt 22.0563 -35.3052 
vt 22.0278 -35.2647 
vt 22.0278 -35.3052 
vt 22.0622 -35.2696 
vt 22.0521 -35.2792 
vt 22.0616 -35.2792 
vt 22.0515 -35.2533 
vt 22.0617 -35.262 
vt 22.0622 -35.2533 
vt 22.0515 -35.2696 
vt 22.052 -35.262 
vt 22.0681 -35.2288 
vt 22.0456 -35.2288 
vt 22.02 -34.6697 
vt 21.98 -34.6816 
vt 22.02 -34.6816 
vt 21.98 -34.6697 
vt 21.9722 -35.2881 
vt 21.9437 -35.3286 
vt 21.9722 -35.3286 
vt 21.9437 -35.2881 
vt 21.9152 -35.3286 
vt 21.9152 -35.2881 
vt 21.9722 -35.2647 
vt 21.9437 -35.3052 
vt 21.9722 -35.3052 
vt 21.9437 -35.2647 
vt 21.9152 -35.3052 
vt 21.9152 -35.2647 
vt 21.9378 -35.2696 
vt 21.9479 -35.2792 
vt 21.9485 -35.2696 
vt 21.9383 -35.262 
vt 21.9485 -35.2533 
vt 21.9378 -35.2533 
vt 21.9384 -35.2792 
vt 21.948 -35.262 
vt 21.9319 -35.2288 
vt 21.9544 -35.2288 

usemtl Cube0141Mtl

f 2677/2677/2677 2678/2678/2678 2679/2679/2679 
f 2678/2678/2678 2677/2677/2677 2683/2683/2683 
f 2671/2671/2671 2672/2672/2672 2673/2673/2673 
f 2672/2672/2672 2671/2671/2671 2690/2690/2690 
f 2656/2656/2656 2657/2657/2657 2658/2658/2658 
f 2657/2657/2657 2656/2656/2656 2662/2662/2662 
f 2667/2667/2667 2668/2668/2668 2669/2669/2669 
f 2668/2668/2668 2667/2667/2667 2689/2689/2689 
f 2674/2674/2674 2675/2675/2675 2676/2676/2676 
f 2675/2675/2675 2674/2674/2674 2685/2685/2685 
f 2640/2640/2640 2641/2641/2641 2642/2642/2642 
f 2640/2640/2640 2646/2646/2646 2641/2641/2641 
f 2663/2663/2663 2664/2664/2664 2665/2665/2665 
f 2664/2664/2664 2663/2663/2663 2666/2666/2666 
f 2680/2680/2680 2681/2681/2681 2682/2682/2682 
f 2681/2681/2681 2680/2680/2680 2684/2684/2684 
f 2649/2649/2649 2650/2650/2650 2651/2651/2651 
f 2650/2650/2650 2649/2649/2649 2652/2652/2652 
f 2653/2653/2653 2654/2654/2654 2655/2655/2655 
f 2686/2686/2686 2687/2687/2687 2688/2688/2688 
f 2659/2659/2659 2660/2660/2660 2661/2661/2661 
f 2660/2660/2660 2659/2659/2659 2670/2670/2670 
f 2621/2621/2621 2622/2622/2622 2623/2623/2623 
f 2621/2621/2621 2627/2627/2627 2622/2622/2622 
f 2628/2628/2628 2622/2622/2622 2627/2627/2627 
f 2622/2622/2622 2628/2628/2628 2629/2629/2629 
f 2634/2634/2634 2635/2635/2635 2636/2636/2636 
f 2634/2634/2634 2648/2648/2648 2635/2635/2635 
f 2637/2637/2637 2635/2635/2635 2648/2648/2648 
f 2635/2635/2635 2637/2637/2637 2638/2638/2638 
f 2631/2631/2631 2632/2632/2632 2633/2633/2633 
f 2632/2632/2632 2631/2631/2631 2639/2639/2639 
f 2643/2643/2643 2644/2644/2644 2645/2645/2645 
f 2644/2644/2644 2643/2643/2643 2647/2647/2647 
f 2624/2624/2624 2625/2625/2625 2626/2626/2626 
f 2625/2625/2625 2624/2624/2624 2630/2630/2630 
f 2721/2721/2721 2722/2722/2722 2723/2723/2723 
f 2721/2721/2721 2723/2723/2723 2724/2724/2724 
f 2713/2713/2713 2714/2714/2714 2715/2715/2715 
f 2714/2714/2714 2713/2713/2713 2716/2716/2716 
f 2747/2747/2747 2748/2748/2748 2749/2749/2749 
f 2748/2748/2748 2747/2747/2747 2750/2750/2750 
f 2701/2701/2701 2702/2702/2702 2703/2703/2703 
f 2702/2702/2702 2701/2701/2701 2719/2719/2719 
f 2708/2708/2708 2707/2707/2707 2701/2701/2701 
f 2707/2707/2707 2708/2708/2708 2709/2709/2709 
f 2735/2735/2735 2736/2736/2736 2737/2737/2737 
f 2736/2736/2736 2735/2735/2735 2742/2742/2742 
f 2741/2741/2741 2742/2742/2742 2743/2743/2743 
f 2742/2742/2742 2741/2741/2741 2754/2754/2754 
f 2710/2710/2710 2711/2711/2711 2712/2712/2712 
f 2711/2711/2711 2710/2710/2710 2718/2718/2718 
f 2711/2711/2711 2717/2717/2717 2712/2712/2712 
f 2717/2717/2717 2711/2711/2711 2720/2720/2720 
f 2744/2744/2744 2745/2745/2745 2746/2746/2746 
f 2744/2744/2744 2752/2752/2752 2745/2745/2745 
f 2745/2745/2745 2751/2751/2751 2746/2746/2746 
f 2751/2751/2751 2745/2745/2745 2753/2753/2753 
f 2691/2691/2691 2692/2692/2692 2693/2693/2693 
f 2692/2692/2692 2691/2691/2691 2694/2694/2694 
f 2691/2691/2691 2695/2695/2695 2694/2694/2694 
f 2695/2695/2695 2691/2691/2691 2696/2696/2696 
f 2725/2725/2725 2726/2726/2726 2727/2727/2727 
f 2725/2725/2725 2727/2727/2727 2728/2728/2728 
f 2727/2727/2727 2729/2729/2729 2728/2728/2728 
f 2729/2729/2729 2727/2727/2727 2730/2730/2730 
f 2697/2697/2697 2698/2698/2698 2699/2699/2699 
f 2698/2698/2698 2697/2697/2697 2700/2700/2700 
f 2704/2704/2704 2705/2705/2705 2698/2698/2698 
f 2705/2705/2705 2704/2704/2704 2706/2706/2706 
f 2731/2731/2731 2732/2732/2732 2733/2733/2733 
f 2732/2732/2732 2731/2731/2731 2734/2734/2734 
f 2733/2733/2733 2738/2738/2738 2740/2740/2740 
f 2738/2738/2738 2733/2733/2733 2739/2739/2739 
f 2779/2779/2779 2780/2780/2780 2781/2781/2781 
f 2782/2782/2782 2779/2779/2779 2781/2781/2781 
f 2763/2763/2763 2764/2764/2764 2765/2765/2765 
f 2763/2763/2763 2769/2769/2769 2764/2764/2764 
f 2766/2766/2766 2767/2767/2767 2768/2768/2768 
f 2766/2766/2766 2778/2778/2778 2767/2767/2767 
f 2791/2791/2791 2792/2792/2792 2793/2793/2793 
f 2792/2792/2792 2791/2791/2791 2797/2797/2797 
f 2794/2794/2794 2795/2795/2795 2796/2796/2796 
f 2795/2795/2795 2794/2794/2794 2806/2806/2806 
f 2773/2773/2773 2774/2774/2774 2775/2775/2775 
f 2773/2773/2773 2775/2775/2775 2777/2777/2777 
f 2802/2802/2802 2803/2803/2803 2804/2804/2804 
f 2803/2803/2803 2802/2802/2802 2805/2805/2805 
f 2755/2755/2755 2756/2756/2756 2757/2757/2757 
f 2755/2755/2755 2757/2757/2757 2758/2758/2758 
f 2759/2759/2759 2760/2760/2760 2761/2761/2761 
f 2759/2759/2759 2762/2762/2762 2760/2760/2760 
f 2783/2783/2783 2784/2784/2784 2785/2785/2785 
f 2784/2784/2784 2783/2783/2783 2786/2786/2786 
f 2787/2787/2787 2788/2788/2788 2789/2789/2789 
f 2788/2788/2788 2787/2787/2787 2790/2790/2790 
f 2770/2770/2770 2771/2771/2771 2772/2772/2772 
f 2770/2770/2770 2772/2772/2772 2776/2776/2776 
f 2798/2798/2798 2799/2799/2799 2800/2800/2800 
f 2799/2799/2799 2798/2798/2798 2801/2801/2801 
f 2829/2829/2829 2830/2830/2830 2831/2831/2831 
f 2830/2830/2830 2829/2829/2829 2836/2836/2836 
f 2819/2819/2819 2820/2820/2820 2821/2821/2821 
f 2819/2819/2819 2828/2828/2828 2820/2820/2820 
f 2810/2810/2810 2811/2811/2811 2812/2812/2812 
f 2811/2811/2811 2810/2810/2810 2813/2813/2813 
f 2825/2825/2825 2826/2826/2826 2827/2827/2827 
f 2825/2825/2825 2838/2838/2838 2826/2826/2826 
f 2822/2822/2822 2823/2823/2823 2824/2824/2824 
f 2823/2823/2823 2822/2822/2822 2837/2837/2837 
f 2864/2864/2864 2865/2865/2865 2866/2866/2866 
f 2864/2864/2864 2866/2866/2866 2871/2871/2871 
f 2807/2807/2807 2808/2808/2808 2809/2809/2809 
f 2807/2807/2807 2809/2809/2809 2818/2818/2818 
f 2832/2832/2832 2833/2833/2833 2834/2834/2834 
f 2833/2833/2833 2832/2832/2832 2835/2835/2835 
f 2839/2839/2839 2840/2840/2840 2841/2841/2841 
f 2839/2839/2839 2841/2841/2841 2842/2842/2842 
f 2843/2843/2843 2844/2844/2844 2845/2845/2845 
f 2844/2844/2844 2843/2843/2843 2873/2873/2873 
f 2814/2814/2814 2815/2815/2815 2816/2816/2816 
f 2814/2814/2814 2816/2816/2816 2817/2817/2817 
f 2846/2846/2846 2847/2847/2847 2848/2848/2848 
f 2847/2847/2847 2846/2846/2846 2858/2858/2858 
f 2849/2849/2849 2846/2846/2846 2848/2848/2848 
f 2846/2846/2846 2849/2849/2849 2850/2850/2850 
f 2855/2855/2855 2856/2856/2856 2857/2857/2857 
f 2856/2856/2856 2855/2855/2855 2872/2872/2872 
f 2862/2862/2862 2856/2856/2856 2872/2872/2872 
f 2856/2856/2856 2862/2862/2862 2863/2863/2863 
f 2859/2859/2859 2860/2860/2860 2861/2861/2861 
f 2860/2860/2860 2859/2859/2859 2874/2874/2874 
f 2867/2867/2867 2868/2868/2868 2869/2869/2869 
f 2870/2870/2870 2867/2867/2867 2869/2869/2869 
f 2851/2851/2851 2852/2852/2852 2853/2853/2853 
f 2852/2852/2852 2851/2851/2851 2854/2854/2854 
f 2875/2875/2875 2876/2876/2876 2877/2877/2877 
f 2876/2876/2876 2875/2875/2875 2886/2886/2886 
f 2884/2884/2884 2885/2885/2885 2877/2877/2877 
f 2885/2885/2885 2884/2884/2884 2893/2893/2893 
f 2913/2913/2913 2914/2914/2914 2915/2915/2915 
f 2914/2914/2914 2913/2913/2913 2924/2924/2924 
f 2922/2922/2922 2923/2923/2923 2915/2915/2915 
f 2923/2923/2923 2922/2922/2922 2931/2931/2931 
f 2878/2878/2878 2879/2879/2879 2880/2880/2880 
f 2881/2881/2881 2880/2880/2880 2879/2879/2879 
f 2882/2882/2882 2880/2880/2880 2881/2881/2881 
f 2880/2880/2880 2882/2882/2882 2883/2883/2883 
f 2916/2916/2916 2917/2917/2917 2918/2918/2918 
f 2917/2917/2917 2916/2916/2916 2919/2919/2919 
f 2920/2920/2920 2917/2917/2917 2919/2919/2919 
f 2920/2920/2920 2921/2921/2921 2917/2917/2917 
f 2898/2898/2898 2899/2899/2899 2900/2900/2900 
f 2901/2901/2901 2898/2898/2898 2900/2900/2900 
f 2936/2936/2936 2937/2937/2937 2938/2938/2938 
f 2936/2936/2936 2940/2940/2940 2937/2937/2937 
f 2902/2902/2902 2903/2903/2903 2904/2904/2904 
f 2903/2903/2903 2902/2902/2902 2908/2908/2908 
f 2904/2904/2904 2903/2903/2903 2906/2906/2906 
f 2907/2907/2907 2906/2906/2906 2903/2903/2903 
f 2941/2941/2941 2942/2942/2942 2943/2943/2943 
f 2942/2942/2942 2941/2941/2941 2944/2944/2944 
f 2945/2945/2945 2941/2941/2941 2943/2943/2943 
f 2945/2945/2945 2946/2946/2946 2941/2941/2941 
f 2887/2887/2887 2888/2888/2888 2889/2889/2889 
f 2888/2888/2888 2887/2887/2887 2894/2894/2894 
f 2891/2891/2891 2890/2890/2890 2894/2894/2894 
f 2890/2890/2890 2891/2891/2891 2892/2892/2892 
f 2925/2925/2925 2926/2926/2926 2927/2927/2927 
f 2926/2926/2926 2925/2925/2925 2932/2932/2932 
f 2929/2929/2929 2928/2928/2928 2932/2932/2932 
f 2928/2928/2928 2929/2929/2929 2930/2930/2930 
f 2895/2895/2895 2896/2896/2896 2897/2897/2897 
f 2905/2905/2905 2895/2895/2895 2897/2897/2897 
f 2933/2933/2933 2934/2934/2934 2935/2935/2935 
f 2933/2933/2933 2939/2939/2939 2934/2934/2934 
f 2909/2909/2909 2910/2910/2910 2911/2911/2911 
f 2911/2911/2911 2912/2912/2912 2909/2909/2909 
f 2959/2959/2959 2960/2960/2960 2961/2961/2961 
f 2959/2959/2959 2965/2965/2965 2960/2960/2960 
f 2985/2985/2985 2986/2986/2986 2987/2987/2987 
f 2986/2986/2986 2985/2985/2985 2991/2991/2991 
f 2947/2947/2947 2948/2948/2948 2949/2949/2949 
f 2948/2948/2948 2947/2947/2947 2950/2950/2950 
f 2951/2951/2951 2950/2950/2950 2947/2947/2947 
f 2950/2950/2950 2951/2951/2951 2952/2952/2952 
f 2973/2973/2973 2974/2974/2974 2975/2975/2975 
f 2974/2974/2974 2973/2973/2973 2976/2976/2976 
f 2976/2976/2976 2977/2977/2977 2974/2974/2974 
f 2977/2977/2977 2976/2976/2976 2978/2978/2978 
f 2962/2962/2962 2963/2963/2963 2964/2964/2964 
f 2963/2963/2963 2962/2962/2962 2966/2966/2966 
f 2967/2967/2967 2962/2962/2962 2964/2964/2964 
f 2967/2967/2967 2968/2968/2968 2962/2962/2962 
f 2988/2988/2988 2989/2989/2989 2990/2990/2990 
f 2989/2989/2989 2988/2988/2988 2992/2992/2992 
f 2989/2989/2989 2993/2993/2993 2990/2990/2990 
f 2993/2993/2993 2989/2989/2989 2994/2994/2994 
f 2953/2953/2953 2954/2954/2954 2955/2955/2955 
f 2954/2954/2954 2953/2953/2953 2956/2956/2956 
f 2957/2957/2957 2956/2956/2956 2953/2953/2953 
f 2956/2956/2956 2957/2957/2957 2958/2958/2958 
f 2979/2979/2979 2980/2980/2980 2981/2981/2981 
f 2980/2980/2980 2979/2979/2979 2982/2982/2982 
f 2982/2982/2982 2983/2983/2983 2980/2980/2980 
f 2983/2983/2983 2982/2982/2982 2984/2984/2984 
f 2969/2969/2969 2970/2970/2970 2971/2971/2971 
f 2969/2969/2969 2972/2972/2972 2970/2970/2970 

g Cube0021

v 0.541399 6.9792 -3.21462 
v 0.541399 6.8096 -2.61442 
v 0.541399 6.77344 -3.20196 
v 0.36821 7.41215 -4.28181 
v 0.36821 6.88338 -4.04153 
v 0.36821 6.86788 -4.2549 
v 0.466848 7.56838 -4.09921 
v 0.466848 6.92439 -3.75046 
v 0.466848 6.904 -4.06378 
v -0.42885 6.8096 -2.61442 
v 0.541399 6.77344 -3.20196 
v 0.541399 6.8096 -2.61442 
v 0.36821 7.42764 -4.06845 
v -0.255661 6.88338 -4.04153 
v 0.36821 6.88338 -4.04153 
v -0.354299 6.904 -4.06378 
v 0.466848 7.56838 -4.09921 
v 0.466848 6.904 -4.06378 
v -0.150553 7.2021 -4.26507 
v 0.263101 6.84122 -4.24723 
v 0.263101 7.2021 -4.26507 
v 0.263101 7.18305 -4.61688 
v 0.263101 6.84122 -4.24723 
v 0.263101 6.82218 -4.59904 
v 0.263101 7.18305 -4.61688 
v 0.263101 6.82218 -4.59904 
v 0.216414 6.90284 -4.60303 
v 0.263101 7.2021 -4.26507 
v 0.216414 7.18305 -4.61688 
v -0.103865 6.90284 -4.60303 
v -0.255661 6.86788 -4.2549 
v 0.36821 7.41215 -4.28181 
v 0.36821 6.86788 -4.2549 
v 0.216414 7.19697 -4.35974 
v 0.263101 7.18305 -4.61688 
v 0.216414 7.18305 -4.61688 
v 0.541399 7.829 -2.67002 
v 0.541399 6.94303 -3.80216 
v 0.541399 7.75668 -3.8451 
v 0.541399 7.829 -2.67002 
v 0.541399 7.75668 -3.8451 
v -0.42885 7.75668 -3.8451 
v -0.354299 7.58878 -3.78588 
v 0.466848 6.92439 -3.75046 
v 0.466848 7.58878 -3.78588 
v -0.42885 7.829 -2.67002 
v 0.541399 6.8096 -2.61442 
v 0.541399 7.829 -2.67002 
v 0.541399 6.94303 -3.80216 
v -0.42885 7.75668 -3.8451 
v 0.541399 7.75668 -3.8451 
v 0.263101 7.2021 -4.26507 
v 0.36821 7.42764 -4.06845 
v 0.466848 7.58878 -3.78588 
v -0.354299 7.56838 -4.09921 
v 0.466848 7.58878 -3.78588 
v 0.466848 7.56838 -4.09921 
v -0.103865 7.19697 -4.35974 
v 0.36821 7.41215 -4.28181 
v -0.255661 7.41215 -4.28181 
v 0.36821 7.42764 -4.06845 
v -0.150553 7.2021 -4.26507 
v -0.42885 6.77344 -3.20196 
v -0.354299 6.92439 -3.75046 
v -0.42885 6.8096 -2.61442 
v -0.255661 6.88338 -4.04153 
v -0.255661 7.41215 -4.28181 
v -0.255661 6.86788 -4.2549 
v -0.42885 6.8096 -2.61442 
v -0.42885 6.9792 -3.21462 
v -0.42885 6.77344 -3.20196 
v -0.354299 6.92439 -3.75046 
v -0.354299 7.56838 -4.09921 
v -0.354299 6.904 -4.06378 
v -0.150553 6.84122 -4.24723 
v -0.150553 6.82218 -4.59904 
v -0.150553 7.18305 -4.61688 
v -0.103865 7.18305 -4.61688 
v -0.103865 7.18305 -4.61688 
v -0.150553 7.18305 -4.61688 
v -0.150553 6.84122 -4.24723 
v -0.150553 7.18305 -4.61688 
v -0.150553 6.82218 -4.59904 
v -0.150553 7.2021 -4.26507 
v -0.42885 6.94303 -3.80216 
v -0.354299 7.58878 -3.78588 
v -0.42885 7.829 -2.67002 
v -0.42885 7.75668 -3.8451 
v -0.42885 7.829 -2.67002 
v -0.42885 6.94303 -3.80216 
v -0.354299 7.58878 -3.78588 
v -0.255661 7.41215 -4.28181 
v -0.255661 7.42764 -4.06845 
v -0.255661 7.42764 -4.06845 
v -0.255661 7.42764 -4.06845 
v -0.354299 7.56838 -4.09921 

vn 1 0 0 
vn 1 0 0 
vn 1 0 0 
vn 1 0 0 
vn 1 0 0 
vn 1 0 0 
vn 1 0 0 
vn 1 0 0 
vn 1 0 0 
vn 0 -1 0.0629921 
vn 0 -1 0.0629921 
vn 0 -1 0.0629921 
vn 0 0.0472441 1 
vn 0 0.0472441 1 
vn 0 0.0472441 1 
vn 0 -0.0551181 -1 
vn 0 -0.0551181 -1 
vn 0 -0.0551181 -1 
vn 0 0.0472441 1 
vn 0 0.0472441 1 
vn 0 0.0472441 1 
vn 1 0 0 
vn 1 0 0 
vn 1 0 0 
vn 0 -0.0472441 -1 
vn 0 -0.0472441 -1 
vn 0 -0.0472441 -1 
vn 1 0 0 
vn 0 -0.0472441 -1 
vn 0 -0.0472441 -1 
vn 0 -0.0472441 -1 
vn 0 -0.0472441 -1 
vn 0 -0.0472441 -1 
vn 0 1 -0.0551181 
vn 0 1 -0.0551181 
vn 0 1 -0.0551181 
vn 1 0 0 
vn 1 0 0 
vn 1 0 0 
vn 0 1 -0.0629921 
vn 0 1 -0.0629921 
vn 0 1 -0.0629921 
vn 0 0.0551181 1 
vn 0 0.0551181 1 
vn 0 0.0551181 1 
vn 0 0.0551181 1 
vn 0 0.0551181 1 
vn 0 0.0551181 1 
vn 0 -0.0551181 -1 
vn 0 -0.0551181 -1 
vn 0 -0.0551181 -1 
vn 0 1 -0.0551181 
vn 1 0 0 
vn 1 0 0 
vn 0 1 -0.0629921 
vn 0 1 -0.0629921 
vn 0 1 -0.0629921 
vn 0 1 -0.0551181 
vn 0 1 -0.0708661 
vn 0 1 -0.0708661 
vn 0 1 -0.0708661 
vn 0 1 -0.0551181 
vn 0 -1 0.0629921 
vn 0 0.0551181 1 
vn 0 0.0551181 1 
vn -1 0 0 
vn -1 0 0 
vn -1 0 0 
vn -1 0 0 
vn -1 0 0 
vn -1 0 0 
vn -1 0 0 
vn -1 0 0 
vn -1 0 0 
vn 0 0.0472441 1 
vn 0 -0.0472441 -1 
vn 0 -0.0472441 -1 
vn 0 -0.0472441 -1 
vn 0 1 -0.0551181 
vn 0 1 -0.0551181 
vn -1 0 0 
vn -1 0 0 
vn -1 0 0 
vn -1 0 0 
vn 0 -0.0551181 -1 
vn -1 0 0 
vn 0 1 -0.0629921 
vn -1 0 0 
vn -1 0 0 
vn -1 0 0 
vn 0 1 -0.0629921 
vn 0 -0.0472441 -1 
vn 0 1 -0.0708661 
vn 0 0.0472441 1 
vn -1 0 0 
vn 0 -0.0551181 -1 

vt 0.540934 0.172841 
vt 0.598983 0.34239 
vt 0.600164 0.173255 
vt 0.881592 0.160283 
vt 0.943043 0.00512427 
vt 0.881592 0.00370586 
vt 0.783967 0.194876 
vt 0.87418 0.00476342 
vt 0.783967 0.00370586 
vt 0.776556 0.00370586 
vt 0.607576 0.282754 
vt 0.776556 0.282754 
vt 0.974414 0.349802 
vt 0.817932 0.52917 
vt 0.817932 0.349802 
vt 0.290166 0.886449 
vt 0.481201 0.650339 
vt 0.290166 0.650339 
vt 0.976307 0.920528 
vt 0.872552 0.801599 
vt 0.976307 0.801599 
vt 0.576571 0.983532 
vt 0.677804 0.880186 
vt 0.576571 0.879714 
vt 0.887722 0.203346 
vt 0.783967 0.203346 
vt 0.807157 0.216769 
vt 0.677804 0.984004 
vt 0.887722 0.216769 
vt 0.807157 0.308852 
vt 0.10133 0.874541 
vt 0.257812 0.695172 
vt 0.10133 0.695172 
vt 0.969074 0.308864 
vt 0.895133 0.322289 
vt 0.895133 0.308864 
vt 0.305641 0.34239 
vt 0.542115 0.00370586 
vt 0.308003 0.00411934 
vt 0.282754 0.349802 
vt 0.282754 0.687761 
vt 0.00370587 0.687761 
vt 0.767605 0.872302 
vt 0.576571 0.636192 
vt 0.767605 0.636192 
vt 0.290166 0.642927 
vt 0.569159 0.349802 
vt 0.569159 0.642927 
vt 0.576571 0.349802 
vt 0.81052 0.62878 
vt 0.81052 0.349802 
vt 0.996294 0.322289 
vt 0.943043 0.161701 
vt 0.87418 0.195934 
vt 0.775017 0.636192 
vt 0.865141 0.872384 
vt 0.775017 0.872384 
vt 0.969074 0.21677 
vt 0.488613 0.829833 
vt 0.488613 0.650339 
vt 0.549999 0.829833 
vt 0.996294 0.203346 
vt 0.607576 0.00370586 
vt 0.576571 0.872302 
vt 0.290166 0.349802 
vt 0.934004 0.63761 
vt 0.872553 0.792769 
vt 0.872553 0.636192 
vt 0.297048 0.34239 
vt 0.238999 0.172841 
vt 0.298229 0.173255 
vt 0.0939185 0.69623 
vt 0.00370586 0.886343 
vt 0.00370585 0.695172 
vt 0.872552 0.920528 
vt 0.783967 0.322275 
vt 0.887722 0.322275 
vt 0.887722 0.308852 
vt 0.895133 0.21677 
vt 0.895133 0.203346 
vt 0.865141 0.880268 
vt 0.763907 0.983614 
vt 0.763907 0.879796 
vt 0.865141 0.984086 
vt 0.576571 0.62878 
vt 0.0939185 0.8874 
vt 0.00370585 0.349802 
vt 0.00606775 0.0041194 
vt 0.00370583 0.34239 
vt 0.24018 0.00370586 
vt 0.865141 0.636192 
vt 0.257812 0.874541 
vt 0.549999 0.650339 
vt 0.974414 0.52917 
vt 0.934004 0.794188 
vt 0.481201 0.886449 

usemtl Cube0021Mtl

f 3040/3040/3040 3041/3041/3041 3042/3042/3042 
f 3041/3041/3041 3040/3040/3040 3059/3059/3059 
f 3019/3019/3019 3020/3020/3020 3021/3021/3021 
f 3019/3019/3019 3021/3021/3021 3023/3023/3023 
f 3024/3024/3024 3021/3021/3021 3020/3020/3020 
f 3024/3024/3024 3020/3020/3020 3070/3070/3070 
f 3070/3070/3070 3071/3071/3071 3024/3024/3024 
f 3024/3024/3024 3071/3071/3071 3072/3072/3072 
f 3034/3034/3034 3035/3035/3035 3036/3036/3036 
f 3034/3034/3034 3036/3036/3036 3081/3081/3081 
f 3063/3063/3063 3064/3064/3064 3065/3065/3065 
f 3064/3064/3064 3063/3063/3063 3083/3083/3083 
f 3082/3082/3082 3064/3064/3064 3083/3083/3083 
f 3064/3064/3064 3082/3082/3082 3084/3084/3084 
f 2995/2995/2995 2996/2996/2996 2997/2997/2997 
f 2996/2996/2996 2995/2995/2995 3031/3031/3031 
f 3033/3033/3033 3031/3031/3031 2995/2995/2995 
f 2995/2995/2995 3032/3032/3032 3033/3033/3033 
f 3004/3004/3004 3005/3005/3005 3006/3006/3006 
f 3004/3004/3004 3057/3057/3057 3005/3005/3005 
f 3066/3066/3066 3067/3067/3067 3068/3068/3068 
f 3067/3067/3067 3066/3066/3066 3080/3080/3080 
f 3001/3001/3001 3002/3002/3002 3003/3003/3003 
f 3002/3002/3002 3001/3001/3001 3048/3048/3048 
f 3049/3049/3049 3050/3050/3050 3051/3051/3051 
f 3050/3050/3050 3049/3049/3049 3085/3085/3085 
f 3025/3025/3025 3026/3026/3026 3027/3027/3027 
f 3026/3026/3026 3025/3025/3025 3086/3086/3086 
f 3060/3060/3060 3061/3061/3061 3062/3062/3062 
f 3061/3061/3061 3060/3060/3060 3089/3089/3089 
f 2998/2998/2998 2999/2999/2999 3000/3000/3000 
f 2999/2999/2999 2998/2998/2998 3047/3047/3047 
f 3053/3053/3053 3054/3054/3054 3055/3055/3055 
f 3055/3055/3055 3054/3054/3054 3087/3087/3087 
f 3075/3075/3075 3076/3076/3076 3077/3077/3077 
f 3076/3076/3076 3075/3075/3075 3078/3078/3078 
f 3016/3016/3016 3017/3017/3017 3018/3018/3018 
f 3017/3017/3017 3016/3016/3016 3022/3022/3022 
f 3037/3037/3037 3038/3038/3038 3039/3039/3039 
f 3038/3038/3038 3037/3037/3037 3058/3058/3058 
f 3010/3010/3010 3011/3011/3011 3012/3012/3012 
f 3011/3011/3011 3010/3010/3010 3090/3090/3090 
f 3028/3028/3028 3029/3029/3029 3030/3030/3030 
f 3029/3029/3029 3028/3028/3028 3046/3046/3046 
f 3052/3052/3052 3046/3046/3046 3028/3028/3028 
f 3056/3056/3056 3046/3046/3046 3052/3052/3052 
f 3052/3052/3052 3074/3074/3074 3056/3056/3056 
f 3052/3052/3052 3073/3073/3073 3074/3074/3074 
f 3043/3043/3043 3044/3044/3044 3045/3045/3045 
f 3044/3044/3044 3043/3043/3043 3079/3079/3079 
f 3007/3007/3007 3008/3008/3008 3009/3009/3009 
f 3008/3008/3008 3007/3007/3007 3088/3088/3088 
f 3013/3013/3013 3014/3014/3014 3015/3015/3015 
f 3014/3014/3014 3013/3013/3013 3069/3069/3069 

