# This file is brought to you by Roblox Corporation
# Generated by Roblox Studio

mtllib 19.mtl

g Borbardillo1

v -0.875632 3.56879 -2.76489 
v -0.853254 3.56879 -2.70616 
v -0.875632 3.51413 -2.76489 
v -0.875632 3.56879 -2.53803 
v -0.853254 3.56879 -2.4793 
v -0.875632 3.51413 -2.53803 
v -0.853254 3.77027 -2.70616 
v -0.853254 3.71561 -2.70616 
v -0.875632 3.71561 -2.76489 
v -0.875632 3.77027 -2.76489 
v -0.853254 3.51413 -2.70616 
v -0.84801 3.5811 -2.79201 
v -0.836121 3.5811 -2.70163 
v -0.84801 3.50181 -2.79201 
v -0.84801 3.5811 -2.56515 
v -0.836121 3.5811 -2.47477 
v -0.84801 3.50181 -2.56515 
v -0.84801 3.78258 -2.79201 
v -0.836121 3.78258 -2.70163 
v -0.84801 3.70329 -2.79201 
v -0.84801 3.78258 -2.56515 
v -0.836121 3.78258 -2.47477 
v -0.84801 3.70329 -2.56515 
v -0.875632 3.77027 -2.53803 
v -0.853254 3.77027 -2.4793 
v -0.875632 3.71561 -2.53803 
v -0.853254 3.51413 -2.4793 
v -0.875632 3.56879 -2.33873 
v -0.853254 3.56879 -2.28 
v -0.875632 3.51413 -2.33873 
v -0.853254 3.71561 -2.4793 
v -0.875632 3.77027 -2.33873 
v -0.853254 3.77027 -2.28 
v -0.875632 3.71561 -2.33873 
v -0.853254 3.71561 -2.28 
v -0.853254 3.51413 -2.28 
v -0.84801 3.5811 -2.36585 
v -0.836121 3.5811 -2.27548 
v -0.84801 3.50181 -2.36585 
v -0.84801 3.78258 -2.36585 
v -0.836121 3.78258 -2.27548 
v -0.84801 3.70329 -2.36585 
v -0.853254 4.00838 -2.28 
v -0.853254 3.95372 -2.28 
v -0.875632 3.95372 -2.33873 
v -0.875632 4.00838 -2.76489 
v -0.853254 4.00838 -2.70616 
v -0.875632 3.95372 -2.76489 
v -0.853254 3.95372 -2.70616 
v -0.853254 4.24283 -2.70616 
v -0.853254 4.18816 -2.70616 
v -0.875632 4.18816 -2.76489 
v -0.875632 4.24283 -2.76489 
v -0.853254 4.45163 -2.70616 
v -0.853254 4.39697 -2.70616 
v -0.875632 4.39697 -2.76489 
v -0.84801 4.02069 -2.79201 
v -0.836121 4.02069 -2.70163 
v -0.84801 3.9414 -2.79201 
v -0.84801 4.02069 -2.56515 
v -0.836121 4.02069 -2.47477 
v -0.84801 3.9414 -2.56515 
v -0.84801 4.25514 -2.79201 
v -0.836121 4.25514 -2.70163 
v -0.84801 4.17585 -2.79201 
v -0.84801 4.25514 -2.56515 
v -0.836121 4.25514 -2.47477 
v -0.84801 4.17585 -2.56515 
v -0.875632 4.00838 -2.53803 
v -0.853254 4.00838 -2.4793 
v -0.875632 3.95372 -2.53803 
v -0.853254 3.95372 -2.4793 
v -0.875632 4.00838 -2.33873 
v -0.875632 4.24283 -2.33873 
v -0.853254 4.24283 -2.28 
v -0.875632 4.18816 -2.33873 
v -0.875632 4.24283 -2.53803 
v -0.853254 4.24283 -2.4793 
v -0.875632 4.18816 -2.53803 
v -0.853254 4.18816 -2.4793 
v -0.84801 4.02069 -2.36585 
v -0.836121 4.02069 -2.27548 
v -0.84801 3.9414 -2.36585 
v -0.84801 4.25514 -2.36585 
v -0.836121 4.25514 -2.27548 
v -0.84801 4.17585 -2.36585 
v -0.853254 4.45163 -2.28 
v -0.853254 4.39697 -2.28 
v -0.875632 4.39697 -2.33873 
v -0.836121 3.50181 -2.70163 
v -0.806122 3.59564 -2.80685 
v -0.806122 3.59564 -2.68228 
v -0.806122 3.48728 -2.80685 
v -0.836121 3.50181 -2.47477 
v -0.836121 3.70329 -2.70163 
v -0.806122 3.79712 -2.80685 
v -0.806122 3.79712 -2.68228 
v -0.806122 3.68876 -2.80685 
v -0.806122 3.48728 -2.68228 
v -0.806122 3.68876 -2.68228 
v -0.806122 3.59564 -2.57999 
v -0.806122 3.59564 -2.45542 
v -0.806122 3.48728 -2.57999 
v -0.806122 3.79712 -2.57999 
v -0.806122 3.79712 -2.45542 
v -0.806122 3.68876 -2.57999 
v -0.806122 4.03523 -2.68228 
v -0.806122 3.92687 -2.68228 
v -0.806122 3.92687 -2.80685 
v -0.836121 3.70329 -2.47477 
v -0.806122 3.48728 -2.45542 
v -0.836121 3.50181 -2.27548 
v -0.836121 3.70329 -2.27548 
v -0.836121 3.9414 -2.47477 
v -0.806122 3.68876 -2.45542 
v -0.806122 3.59564 -2.38069 
v -0.806122 3.59564 -2.25612 
v -0.806122 3.48728 -2.38069 
v -0.806122 3.79712 -2.38069 
v -0.806122 3.79712 -2.25612 
v -0.806122 3.68876 -2.38069 
v -0.806122 4.03523 -2.45542 
v -0.806122 3.92687 -2.45542 
v -0.806122 3.92687 -2.57999 
v -0.836121 3.9414 -2.27548 
v -0.806122 4.03523 -2.80685 
v -0.836121 3.9414 -2.70163 
v -0.836121 4.17585 -2.70163 
v -0.836121 4.46394 -2.70163 
v -0.836121 4.38465 -2.70163 
v -0.84801 4.38465 -2.79201 
v -0.806122 4.26968 -2.80685 
v -0.806122 4.26967 -2.68228 
v -0.806122 4.16131 -2.80685 
v -0.806122 4.03523 -2.57999 
v -0.806122 4.16131 -2.68228 
v -0.806122 4.47848 -2.68228 
v -0.806122 4.37012 -2.68228 
v -0.806122 4.37012 -2.80685 
v -0.806122 4.26968 -2.57999 
v -0.806122 4.26968 -2.45542 
v -0.806122 4.16131 -2.57999 
v -0.836121 4.17585 -2.47477 
v -0.836121 4.17585 -2.27548 
v -0.836121 4.46394 -2.47477 
v -0.836121 4.38465 -2.47477 
v -0.84801 4.38465 -2.56515 
v -0.836121 4.46394 -2.27548 
v -0.836121 4.38465 -2.27548 
v -0.84801 4.38465 -2.36585 
v -0.806122 4.16131 -2.45542 
v -0.806122 4.03523 -2.38069 
v -0.806122 4.03523 -2.25612 
v -0.806122 3.92687 -2.38069 
v -0.806122 4.26968 -2.38069 
v -0.806122 4.26967 -2.25612 
v -0.806122 4.16131 -2.38069 
v -0.806122 4.47848 -2.45542 
v -0.806122 4.37012 -2.45542 
v -0.806122 4.37012 -2.57999 
v -0.853254 4.18816 -2.28 
v -3.87705 3.63611 -1.56787 
v -3.87705 3.4386 -1.70475 
v -3.87705 3.63611 -1.70475 
v -3.87705 3.4386 -1.56787 
v -3.87705 3.83362 -1.70475 
v -3.87705 3.63611 -1.56787 
v -3.87705 3.63611 -1.70475 
v -4.04179 3.99837 -1.70475 
v -4.04179 3.84122 -1.56787 
v -4.04179 3.84122 -1.70475 
v -2.18858 3.99837 -1.70475 
v -2.18858 3.84122 -1.56787 
v -2.18858 3.84122 -1.70475 
v -0.875632 3.56879 -2.11508 
v -0.853254 3.56879 -2.05635 
v -0.875632 3.51413 -2.11508 
v -2.02383 3.63611 -1.56787 
v -2.02383 3.4386 -1.70475 
v -2.02383 3.63611 -1.70475 
v -2.02383 3.83362 -1.70475 
v -2.02383 3.63611 -1.56787 
v -2.02383 3.63611 -1.70475 
v -0.875632 3.77027 -2.11508 
v -0.853254 3.77027 -2.05635 
v -0.875632 3.71561 -2.11508 
v -2.02383 3.4386 -1.56787 
v -3.87705 3.83362 -1.56787 
v -3.87705 3.63611 -1.56787 
v -3.87705 3.83362 -1.70475 
v -3.49212 4.31178 -0.793551 
v -3.49212 3.52133 -0.480676 
v -3.49212 3.52133 -0.793551 
v -3.49212 4.31178 -1.4193 
v -3.49212 3.52133 -1.10643 
v -3.49212 3.52133 -1.4193 
v -4.33442 3.58668 -1.4193 
v -4.33442 4.24644 -1.36491 
v -4.33442 3.58668 -1.36491 
v -2.4812 3.58668 -1.4193 
v -2.4812 4.24644 -1.36491 
v -2.4812 3.58668 -1.36491 
v -2.02383 3.83362 -1.56787 
v -2.02383 3.63611 -1.56787 
v -2.02383 3.83362 -1.70475 
v -1.63891 4.31178 -0.793551 
v -1.63891 3.52133 -0.480676 
v -1.63891 3.52133 -0.793551 
v -1.63891 4.31178 -1.4193 
v -1.63891 3.52133 -1.10643 
v -1.63891 3.52133 -1.4193 
v -4.04179 3.99837 -1.56787 
v -3.87265 4.20348 -1.70475 
v -3.87265 4.00597 -1.56787 
v -3.87265 4.00597 -1.70475 
v -2.18858 3.99837 -1.56787 
v -2.01944 4.20348 -1.70475 
v -2.01944 4.00597 -1.56787 
v -2.01944 4.00597 -1.70475 
v -3.87265 4.40099 -1.70475 
v -3.87265 4.20348 -1.56787 
v -2.01944 4.40099 -1.70475 
v -2.01944 4.20348 -1.56787 
v -0.875632 4.00838 -2.11508 
v -0.853254 4.00838 -2.05635 
v -0.875632 3.95372 -2.11508 
v -0.875632 4.24283 -2.11508 
v -0.853254 4.24283 -2.05635 
v -0.875632 4.18816 -2.11508 
v -2.01944 4.40099 -1.56787 
v -4.33442 4.24644 -1.4193 
v -3.49212 4.31178 -1.10643 
v -3.87265 4.40099 -1.56787 
v -3.49212 4.31178 -0.480676 
v -2.4812 4.24644 -1.4193 
v -1.63891 4.31178 -0.480676 
v -1.63891 4.31178 -1.10643 
v -0.853254 3.95372 -2.05635 
v -0.84801 3.5811 -2.1422 
v -0.836121 3.5811 -2.05183 
v -0.84801 3.50181 -2.1422 
v -0.836121 3.50181 -2.05183 
v -0.836121 3.78258 -2.05183 
v -0.836121 3.70329 -2.05183 
v -0.84801 3.70329 -2.1422 
v -0.84801 3.78258 -2.1422 
v -0.806122 3.48728 -2.25612 
v -0.806122 3.68876 -2.25612 
v -0.806122 3.59564 -2.15704 
v -0.806122 3.59564 -2.03247 
v -0.806122 3.48728 -2.15704 
v -0.806122 3.79712 -2.15704 
v -0.806122 3.79712 -2.03247 
v -0.806122 3.68876 -2.15704 
v -0.806122 3.92687 -2.25612 
v -0.853254 3.51413 -2.05635 
v -0.806122 3.48728 -2.03247 
v -0.806122 3.68876 -2.03247 
v -0.853254 3.71561 -2.05635 
v -0.334824 3.83242 4.33835 
v -0.823082 3.83242 3.66895 
v -0.334824 4.12285 4.33835 
v 7.26172e-17 4.39359 3.72134 
v -4.24563e-17 3.45394 3.81368 
v 1.03818e-17 3.8854 3.20984 
v 0.180834 3.04617 3.85163 
v 0.180834 4.22615 3.39577 
v 0.180834 3.43788 4.2243 
v 0.180834 3.43788 4.2243 
v 0.180834 4.22615 3.39577 
v 0.180834 3.82958 4.59698 
v 2.01637e-17 3.96527 4.32216 
v -0.806122 4.03523 -2.03247 
v -0.806122 3.92687 -2.03247 
v -0.806122 3.92687 -2.15704 
v -0.84801 4.02069 -2.1422 
v -0.836121 4.02069 -2.05183 
v -0.84801 3.9414 -2.1422 
v -0.836121 3.9414 -2.05183 
v -0.836121 4.25514 -2.05183 
v -0.836121 4.17585 -2.05183 
v -0.84801 4.17585 -2.1422 
v -0.84801 4.25514 -2.1422 
v -0.806122 4.16131 -2.25612 
v -0.806122 4.03523 -2.15704 
v -0.806122 4.26968 -2.15704 
v -0.806122 4.26968 -2.03247 
v -0.806122 4.16131 -2.15704 
v -0.806122 4.47848 -2.25612 
v -0.806122 4.37012 -2.25612 
v -0.806122 4.37012 -2.38069 
v -0.836121 4.46394 -2.05183 
v -0.836121 4.38465 -2.05183 
v -0.84801 4.38465 -2.1422 
v -0.853254 4.18816 -2.05635 
v -0.806122 4.16131 -2.03247 
v -0.688356 4.43778 0.0644538 
v -0.688356 4.09664 -1.1693 
v -0.688356 4.43778 -1.1693 
v -0.806122 4.47848 -2.03247 
v -0.806122 4.37012 -2.03247 
v -0.806122 4.37012 -2.15704 
v -0.688356 4.09664 0.0644538 
v -0.823082 4.12285 3.66895 
v 0.180834 3.82958 4.59698 
v 0.180834 4.61786 3.76845 
v 0.180834 4.22129 4.96965 
v 0.180834 4.61786 3.76845 
v -0.853254 4.45163 -2.4793 
v -0.853254 4.39697 -2.4793 
v -0.875632 4.39697 -2.53803 
v -0.84801 4.46394 -2.79201 
v -0.875632 4.45163 -2.76489 
v -0.84801 4.46394 -2.56515 
v -0.834659 4.5761 -2.71758 
v -0.843531 4.58498 -2.81295 
v -0.775492 4.63527 -2.71758 
v -0.806122 4.47848 -2.80685 
v -0.82312 4.54287 -2.82862 
v -0.74226 4.62373 -2.69715 
v -0.82312 4.54287 -2.69715 
v -0.806122 4.47848 -2.57999 
v -0.74226 4.62373 -2.82862 
v -0.784364 4.64414 -2.57354 
v -0.775492 4.63527 -2.47817 
v -0.843531 4.58498 -2.57354 
v -0.875632 4.45163 -2.53803 
v -0.84801 4.46394 -2.36585 
v -0.875632 4.45163 -2.33873 
v -0.834659 4.5761 -2.26785 
v -0.843531 4.58498 -2.36322 
v -0.775492 4.63527 -2.26785 
v -0.834659 4.5761 -2.47817 
v -0.806122 4.47848 -2.38069 
v -0.74226 4.62373 -2.37889 
v -0.82312 4.54287 -2.24743 
v -0.82312 4.54287 -2.37889 
v -0.74226 4.62373 -2.24743 
v -0.784364 4.64414 -2.36322 
v -0.784364 4.64414 -2.81295 
v -0.812446 4.67223 -2.80773 
v -0.803574 4.66335 -2.71235 
v -0.775492 4.63527 -2.71758 
v -0.838257 4.59808 -2.72236 
v -0.814163 4.65557 -2.78433 
v -0.797465 4.63887 -2.72236 
v -0.797465 4.63887 -2.72236 
v -0.814163 4.65557 -2.78433 
v -0.842998 4.6844 -2.76879 
v -0.826299 4.6677 -2.70682 
v -0.784364 4.64414 -2.81295 
v -0.74226 4.62373 -2.69715 
v -0.74226 4.62373 -2.82862 
v -0.777535 4.65901 -2.82862 
v -0.777535 4.65901 -2.58921 
v -0.74226 4.62373 -2.45775 
v -0.74226 4.62373 -2.58921 
v -0.777535 4.65901 -2.69715 
v -0.812446 4.67223 -2.56832 
v -0.775492 4.63527 -2.47817 
v -0.784364 4.64414 -2.57354 
v -0.803574 4.66335 -2.47295 
v -0.838257 4.59808 -2.48295 
v -0.814163 4.65557 -2.54492 
v -0.797464 4.63887 -2.48295 
v -0.838257 4.59808 -2.27263 
v -0.814163 4.65557 -2.3346 
v -0.797465 4.63887 -2.27263 
v -0.812446 4.67223 -2.358 
v -0.803574 4.66335 -2.26263 
v -0.775492 4.63527 -2.26785 
v -0.797465 4.63887 -2.27263 
v -0.842998 4.6844 -2.31906 
v -0.826299 4.6677 -2.25709 
v -0.784364 4.64414 -2.36322 
v -0.777535 4.65901 -2.37889 
v -0.74226 4.62373 -2.24743 
v -0.74226 4.62373 -2.37889 
v -0.777535 4.65901 -2.24743 
v -0.777535 4.65901 -2.45775 
v -0.580592 4.66486 -2.28 
v -0.580592 4.68723 -2.33873 
v -0.580592 4.72587 -2.324 
v -0.553745 4.665 -2.80685 
v -0.553745 4.61772 -2.68228 
v -0.553745 4.61772 -2.80685 
v -0.553745 4.665 -2.68228 
v -0.56828 4.69725 -2.56019 
v -0.56828 4.64772 -2.47477 
v -0.56828 4.65961 -2.56515 
v -0.56828 4.69725 -2.78705 
v -0.56828 4.64772 -2.70163 
v -0.56828 4.65961 -2.79201 
v -0.553745 4.665 -2.57999 
v -0.553745 4.61772 -2.45542 
v -0.553745 4.61772 -2.57999 
v -0.199521 4.665 -2.80685 
v -0.199521 4.61772 -2.68228 
v -0.199521 4.61772 -2.80685 
v -0.199521 4.665 -2.57999 
v -0.199521 4.61772 -2.45542 
v -0.199521 4.61772 -2.57999 
v -0.199521 4.665 -2.68228 
v -0.214056 4.69725 -2.56019 
v -0.214056 4.64772 -2.47477 
v -0.214056 4.65961 -2.56515 
v -0.553745 4.665 -2.45542 
v -0.553745 4.665 -2.38069 
v -0.553745 4.61772 -2.25612 
v -0.553745 4.61772 -2.38069 
v -0.553745 4.665 -2.25612 
v -0.56828 4.69724 -2.3609 
v -0.56828 4.64772 -2.27548 
v -0.56828 4.65961 -2.36585 
v -0.214056 4.69724 -2.3609 
v -0.214056 4.64772 -2.27548 
v -0.214056 4.65961 -2.36585 
v -0.199521 4.665 -2.45542 
v -0.199521 4.665 -2.15704 
v -0.199521 4.61772 -2.03247 
v -0.199521 4.61772 -2.15704 
v -0.199521 4.665 -2.38069 
v -0.199521 4.61772 -2.25612 
v -0.199521 4.61772 -2.38069 
v -0.199521 4.665 -2.25612 
v -0.214056 4.69725 -2.78705 
v -0.214056 4.64772 -2.70163 
v -0.214056 4.65961 -2.79201 
v -0.56828 4.68536 -2.69668 
v -0.580592 4.66486 -2.4793 
v -0.580592 4.68723 -2.53803 
v -0.580592 4.72587 -2.5233 
v -0.580592 4.66486 -2.70616 
v -0.580592 4.68723 -2.76489 
v -0.580592 4.72587 -2.75016 
v -0.580592 4.7035 -2.69144 
v -0.226368 4.66486 -2.70616 
v -0.226368 4.68723 -2.76489 
v -0.226368 4.72587 -2.75016 
v -0.214056 4.68536 -2.69668 
v -0.226368 4.66486 -2.4793 
v -0.226368 4.68723 -2.53803 
v -0.226368 4.72587 -2.5233 
v -0.226368 4.7035 -2.69144 
v -0.56828 4.68536 -2.46982 
v -0.56828 4.68536 -2.27052 
v -0.580592 4.7035 -2.26528 
v -0.580592 4.7035 -2.46458 
v -0.226368 4.7035 -2.46458 
v -0.226368 4.66486 -2.28 
v -0.226368 4.68723 -2.33873 
v -0.226368 4.72587 -2.324 
v -0.214056 4.68536 -2.27052 
v -0.214056 4.68536 -2.46982 
v -0.226368 4.7035 -2.26528 
v -0.553745 4.665 -2.15704 
v -0.553745 4.61772 -2.03247 
v -0.553745 4.61772 -2.15704 
v -0.875632 4.45163 -2.11508 
v -0.853254 4.45163 -2.05635 
v -0.875632 4.39697 -2.11508 
v -0.853254 4.39697 -2.05635 
v -0.84801 4.46394 -2.1422 
v -0.784364 4.64414 -2.1272 
v -0.834659 4.5761 -2.03183 
v -0.843531 4.58498 -2.1272 
v -0.806122 4.47848 -2.15704 
v -0.74226 4.62373 -2.14287 
v -0.74226 4.62373 -2.01141 
v -0.82312 4.54287 -2.14287 
v -0.553745 4.665 -2.03247 
v -0.812446 4.67223 -2.12198 
v -0.775492 4.63527 -2.03183 
v -0.784364 4.64414 -2.1272 
v -0.214056 4.69724 -2.13725 
v -0.214056 4.64772 -2.05183 
v -0.214056 4.65961 -2.1422 
v -0.199521 4.665 -2.03247 
v -0.838257 4.59808 -2.03661 
v -0.814163 4.65557 -2.09858 
v -0.797464 4.63887 -2.03661 
v -0.82312 4.54287 -2.01141 
v -0.803574 4.66335 -2.02661 
v -0.797464 4.63887 -2.03661 
v -0.842997 4.6844 -2.08304 
v -0.826299 4.6677 -2.02107 
v -0.642151 5.02596 -1.63669 
v -0.642151 4.05714 0.548098 
v -0.642151 4.49001 -1.73816 
v -0.642151 4.59309 0.649572 
v -0.62847 4.42603 1.53196 
v -0.62847 4.86228 -0.13576 
v -0.62847 4.54235 1.55399 
v -0.62847 4.61524 -0.319525 
v -0.62847 4.74596 -0.157785 
v -0.62847 4.5902 -0.187274 
v -0.56828 4.69724 -2.13725 
v -0.56828 4.64772 -2.05183 
v -0.56828 4.65961 -2.1422 
v -0.56828 4.68536 -2.04687 
v -0.62847 5.05393 -1.78442 
v -0.62847 4.49001 -1.73816 
v -0.62847 4.51798 -1.88589 
v -0.580592 4.66486 -2.05635 
v -0.580592 4.68723 -2.11508 
v -0.580592 4.72587 -2.10035 
v -0.580592 4.7035 -2.04163 
v -0.226368 4.66486 -2.05635 
v -0.226368 4.68723 -2.11508 
v -0.226368 4.72587 -2.10035 
v -0.107396 5.03292 -1.67343 
v -0.107396 4.48286 -1.77758 
v -0.107396 4.49692 -1.85182 
v -0.214056 4.68536 -2.04687 
v -0.226368 4.7035 -2.04163 
v -0.62847 5.02596 -1.63669 
v -0.62847 4.90531 -0.999444 
v -0.62847 4.56659 -0.894222 
v -0.62847 4.59754 -1.05771 
v -0.62847 4.87436 -0.835951 
v -0.62847 4.87436 -0.835951 
v -0.62847 4.88732 -0.268011 
v -0.62847 4.771 -0.290035 
v -0.62847 4.99068 -0.813927 
v -0.62847 4.771 -0.290035 
v -0.116036 4.55682 0.910201 
v -0.116036 4.97806 -0.816316 
v -0.116036 4.64791 0.927447 
v -0.116036 4.88697 -0.833562 
v -0.107396 5.04698 -1.74767 
v 8.61234e-17 4.50388 -1.88856 
v 7.39381e-17 4.40438 -1.75437 
v 7.73635e-17 4.43235 -1.90211 
v 8.2698e-17 4.47591 -1.74083 
v 1.5006e-16 5.02596 -1.63669 
v 1.30015e-16 4.86228 -0.13576 
v 1.18836e-16 4.771 -0.290035 
v 1.33082e-16 4.88732 -0.268011 
v 1.31494e-16 4.87436 -0.835951 
v 1.33082e-16 4.88732 -0.268011 
v 1.18836e-16 4.771 -0.290035 
v 1.53486e-16 5.05393 -1.78442 
v 0.107396 5.02596 -1.63669 
v 0.107396 4.47591 -1.74083 
v 0.107396 4.50388 -1.88856 
v 0.107396 5.05393 -1.78442 
v 0.116036 4.99068 -0.813927 
v 0.109082 4.77078 -0.288803 
v 0.116036 4.87436 -0.835951 
v 1.1577e-16 4.74596 -0.157785 
v 1.34853e-16 4.90178 4.23284 
v 8.27837e-17 4.47661 4.83063 
v 1.0844e-16 4.6861 0.862745 
v 9.4277e-17 4.57046 0.989151 
v 9.41941e-17 4.56978 0.863371 
v 1.08523e-16 4.68678 0.988525 
v 9.41941e-17 4.56978 0.863371 
v 1.1577e-16 4.74596 -0.157785 
v 1.0844e-16 4.6861 0.862745 
v 0.109082 4.74574 -0.156553 
v 0.106834 4.68352 0.865885 
v 0.106834 4.5672 0.866511 
v 0.109082 4.86206 -0.134528 
v 1.30015e-16 4.86228 -0.13576 
v 0.109082 4.8871 -0.266779 
v 1.31494e-16 4.87436 -0.835951 
v 1.35285e-16 4.90531 -0.999444 
v 1.4574e-16 4.99068 -0.813927 
v 1.4574e-16 4.99068 -0.813927 
v 1.97088e-16 5.40997 4.74434 
v 1.45404e-16 4.98794 5.33911 
v 1.49531e-16 5.02164 -0.97742 
v 1.64306e-16 5.14229 -1.61466 
v 1.67732e-16 5.17026 -1.76239 
v 0.159308 5.26738 5.94398 
v 0.159308 5.71089 4.97535 
v 0.159308 5.96181 5.21408 
v 0.159308 5.01645 5.70525 
v 0.056424 5.8622 5.87278 
v 0.056424 5.70511 6.21585 
v 0.056424 5.61624 6.13129 
v 0.0304991 5.71075 6.18364 
v 0.0304991 5.89173 6.08961 
v 0.0304991 5.75878 6.22935 
v 0.0304991 5.84369 6.0439 
v 0.056424 5.95107 5.95733 
v 0.084179 5.46795 6.02462 
v 0.084179 5.8349 5.63894 
v 0.084179 5.96748 5.76508 
v 0.127988 5.23247 5.87236 
v 0.127988 5.99197 5.47775 
v 0.127988 5.43406 6.06416 
v 0.127988 5.79038 5.28596 
v 0.084179 5.60054 6.15077 
v 0.180834 5.00956 4.14112 
v 0.853394 3.59564 -2.80685 
v 0.853394 3.59564 -2.68228 
v 0.853394 3.48728 -2.80685 
v 0.853394 3.48728 -2.68228 
v 0.853394 3.79712 -2.68228 
v 0.853394 3.68876 -2.68228 
v 0.853394 3.68876 -2.80685 
v 0.853394 3.79712 -2.80685 
v 0.853394 3.59564 -2.57999 
v 0.853394 3.59564 -2.45542 
v 0.853394 3.48728 -2.57999 
v 0.873753 3.5811 -2.69668 
v 0.873753 3.50181 -2.69668 
v 0.885643 3.50181 -2.78705 
v 0.873753 3.5811 -2.46982 
v 0.873753 3.50181 -2.46982 
v 0.885643 3.50181 -2.56019 
v 0.873753 3.78258 -2.69668 
v 0.873753 3.70329 -2.69668 
v 0.885643 3.70329 -2.78705 
v 0.873753 3.78258 -2.46982 
v 0.873753 3.70329 -2.46982 
v 0.885643 3.70329 -2.56019 
v 0.853394 3.48728 -2.45542 
v 0.853394 3.59564 -2.38069 
v 0.853394 3.59564 -2.25612 
v 0.853394 3.48728 -2.38069 
v 0.853394 3.59564 -2.15704 
v 0.853394 3.59564 -2.03247 
v 0.853394 3.48728 -2.15704 
v 0.853394 3.79712 -2.45542 
v 0.853394 3.68876 -2.45542 
v 0.853394 3.68876 -2.57999 
v 0.817098 4.61772 -2.86085 
v 0.817098 3.31638 -1.58591 
v 0.817098 3.31638 -2.86085 
v 0.853394 3.48728 -2.25612 
v 0.873753 3.5811 -2.27052 
v 0.873753 3.50181 -2.27052 
v 0.885643 3.50181 -2.3609 
v 0.853394 3.79712 -2.25612 
v 0.853394 3.68876 -2.25612 
v 0.853394 3.68876 -2.38069 
v 0.873753 3.78258 -2.27052 
v 0.873753 3.70329 -2.27052 
v 0.885643 3.70329 -2.3609 
v 0.853394 3.79712 -2.38069 
v 0.853394 4.03523 -2.68228 
v 0.853394 3.92687 -2.68228 
v 0.853394 3.92687 -2.80685 
v 0.853394 3.79712 -2.57999 
v 0.853394 4.03523 -2.80685 
v 0.853394 4.26967 -2.68228 
v 0.853394 4.16131 -2.68228 
v 0.853394 4.16131 -2.80685 
v 0.853394 4.03523 -2.57999 
v 0.853394 4.03523 -2.45542 
v 0.853394 3.92687 -2.57999 
v 0.873753 4.02069 -2.69668 
v 0.873753 3.9414 -2.69668 
v 0.885643 3.9414 -2.78705 
v 0.873753 4.02069 -2.46982 
v 0.873753 3.9414 -2.46982 
v 0.885643 3.9414 -2.56019 
v 0.873753 4.25514 -2.69668 
v 0.873753 4.17585 -2.69668 
v 0.885643 4.17585 -2.78705 
v 0.873753 4.25514 -2.46982 
v 0.873753 4.17585 -2.46982 
v 0.885643 4.17585 -2.56019 
v 0.853394 3.92687 -2.45542 
v 0.853394 3.79712 -2.15704 
v 0.853394 3.79712 -2.03247 
v 0.853394 3.68876 -2.15704 
v 0.853394 4.03523 -2.15704 
v 0.853394 4.03523 -2.03247 
v 0.853394 3.92687 -2.15704 
v 0.853394 4.03523 -2.38069 
v 0.853394 4.03523 -2.25612 
v 0.853394 3.92687 -2.38069 
v 0.853394 4.26968 -2.45542 
v 0.853394 4.16131 -2.45542 
v 0.853394 4.16131 -2.57999 
v 0.853394 3.92687 -2.25612 
v 0.873753 4.02069 -2.27052 
v 0.873753 3.9414 -2.27052 
v 0.885643 3.9414 -2.3609 
v 0.853394 4.26967 -2.25612 
v 0.853394 4.16131 -2.25612 
v 0.853394 4.16131 -2.38069 
v 0.873753 4.25514 -2.27052 
v 0.873753 4.17585 -2.27052 
v 0.885643 4.17585 -2.3609 
v 0.885643 3.5811 -2.13725 
v 0.873753 3.5811 -2.04687 
v 0.885643 3.50181 -2.13725 
v 0.885643 3.5811 -2.78705 
v 0.885643 3.5811 -2.56019 
v 0.885643 3.78258 -2.78705 
v 0.885643 3.78258 -2.56019 
v 0.891895 3.56879 -2.69144 
v 0.891895 3.51413 -2.69144 
v 0.914273 3.51413 -2.75016 
v 0.914273 3.56879 -2.75016 
v 0.914273 3.56879 -2.5233 
v 0.891895 3.56879 -2.46458 
v 0.914273 3.51413 -2.5233 
v 0.891895 3.77027 -2.69144 
v 0.891895 3.71561 -2.69144 
v 0.914273 3.71561 -2.75016 
v 0.914273 3.77027 -2.75016 
v 0.914273 3.77027 -2.5233 
v 0.891895 3.77027 -2.46458 
v 0.914273 3.71561 -2.5233 
v 0.891895 3.51413 -2.46458 
v 0.885643 3.5811 -2.3609 
v 0.891895 3.71561 -2.46458 
v 0.885643 3.78258 -2.3609 
v 0.891895 3.56879 -2.26528 
v 0.891895 3.51413 -2.26528 
v 0.914273 3.51413 -2.324 
v 0.914273 3.56879 -2.324 
v 0.891895 3.77027 -2.26528 
v 0.891895 3.71561 -2.26528 
v 0.914273 3.71561 -2.324 
v 0.914273 3.77027 -2.324 
v 0.891895 4.00838 -2.46458 
v 0.891895 3.95372 -2.46458 
v 0.914273 3.95372 -2.5233 
v 0.885643 4.02069 -2.78705 
v 0.885643 4.02069 -2.56019 
v 0.885643 4.25514 -2.78705 
v 0.885643 4.25514 -2.56019 
v 0.891895 4.00838 -2.69144 
v 0.891895 3.95372 -2.69144 
v 0.914273 3.95372 -2.75016 
v 0.914273 4.00838 -2.75016 
v 0.891895 4.24283 -2.69144 
v 0.891895 4.18816 -2.69144 
v 0.914273 4.18816 -2.75016 
v 0.914273 4.24283 -2.75016 
v 0.914273 4.00838 -2.5233 
v 0.885643 4.02069 -2.3609 
v 0.891895 4.00838 -2.26528 
v 0.891895 3.95372 -2.26528 
v 0.914273 3.95372 -2.324 
v 0.891895 4.24283 -2.46458 
v 0.891895 4.18816 -2.46458 
v 0.914273 4.18816 -2.5233 
v 0.885643 4.25514 -2.3609 
v 0.891895 4.24283 -2.26528 
v 0.891895 4.18816 -2.26528 
v 0.914273 4.18816 -2.324 
v 0.914273 4.00838 -2.324 
v 0.914273 4.24283 -2.324 
v 0.914273 4.24283 -2.5233 
v 0.885643 4.02069 -2.13725 
v 0.873753 4.02069 -2.04687 
v 0.885643 3.9414 -2.13725 
v 0.853394 3.48728 -2.03247 
v 0.853394 3.68876 -2.03247 
v 0.817098 4.61772 -1.05632 
v 0.817098 3.31638 -0.526731 
v 0.817098 3.31638 -1.05632 
v 0.817098 4.61772 -1.58591 
v 0.873753 3.50181 -2.04687 
v 0.873753 3.78258 -2.04687 
v 0.873753 3.70329 -2.04687 
v 0.885643 3.70329 -2.13725 
v 0.891895 3.56879 -2.04163 
v 0.891895 3.51413 -2.04163 
v 0.914273 3.51413 -2.10035 
v 0.891895 3.77027 -2.04163 
v 0.891895 3.71561 -2.04163 
v 0.914273 3.71561 -2.10035 
v 0.885643 3.78258 -2.13725 
v 0.817098 4.61772 -0.52673 
v 0.817098 3.31638 0.00285792 
v 0.76781 3.31638 4.78734 
v 0.76781 3.0443 -2.829 
v 0.76781 3.31638 -2.829 
v 0.76781 3.04429 4.78734 
v 0.180834 3.83444 3.0231 
v 0.737415 3.32504 3.34402 
v 0.737415 4.49947 4.76397 
v 0.737415 3.32504 4.76397 
v 0.777226 4.54367 2.5437 
v 0.777226 3.30583 3.04109 
v 0.777226 3.30583 2.5437 
v 0.817098 4.61772 1.66349 
v 0.817098 3.31638 2.2413 
v 0.817098 3.31638 1.66349 
v 0.817098 4.61772 0.532447 
v 0.817098 3.31638 1.34011 
v 0.817098 3.31638 0.532447 
v 0.817098 4.61772 0.00285816 
v 0.548988 4.4315 3.80125 
v 0.57145 3.51056 3.89339 
v 0.652443 3.94202 3.28955 
v 0.853394 3.92687 -2.03247 
v 0.853394 4.26968 -2.03247 
v 0.853394 4.16131 -2.03247 
v 0.853394 4.16131 -2.15704 
v 0.873753 4.25514 -2.04687 
v 0.873753 4.17585 -2.04687 
v 0.885643 4.17585 -2.13725 
v 0.873753 3.9414 -2.04687 
v 0.891895 4.00838 -2.04163 
v 0.891895 3.95372 -2.04163 
v 0.914273 3.95372 -2.10035 
v 0.891895 4.24283 -2.04163 
v 0.891895 4.18816 -2.04163 
v 0.914273 4.18816 -2.10035 
v 0.885643 4.25514 -2.13725 
v 0.737415 4.49947 3.34402 
v 0.467409 4.00319 4.40503 
v 0.777226 4.54367 3.0411 
v 0.817098 4.61772 2.2413 
v 0.817098 4.61772 1.34011 
v 0.914273 4.24283 -2.10035 
v 0.914273 3.56879 -2.10035 
v 2.18098 3.63611 -1.70475 
v 2.18098 3.4386 -1.56787 
v 2.18098 3.4386 -1.70475 
v 2.18098 3.83362 -1.70475 
v 2.18098 3.63611 -1.56787 
v 2.18098 3.63611 -1.70475 
v 0.914273 3.77027 -2.10035 
v 2.18098 3.63611 -1.56787 
v 4.03419 3.63611 -1.70475 
v 4.03419 3.4386 -1.56787 
v 4.03419 3.4386 -1.70475 
v 4.03419 3.63611 -1.56787 
v 4.03419 3.83362 -1.70475 
v 2.18098 3.83362 -1.56787 
v 4.03419 3.83362 -1.56787 
v 2.55711 4.31178 -1.10643 
v 2.55711 3.52133 -1.10643 
v 2.55711 3.52133 -1.4193 
v 2.55711 4.31178 -0.480676 
v 2.55711 3.52133 -0.480676 
v 2.55711 3.52133 -0.793551 
v 1.71482 4.24644 -1.4193 
v 1.71482 3.58668 -1.36491 
v 1.71482 3.58668 -1.4193 
v 2.01183 3.99837 -1.56787 
v 2.01183 3.84122 -1.56787 
v 2.01183 3.84122 -1.70475 
v 3.56803 4.24644 -1.4193 
v 3.56803 3.58668 -1.36491 
v 3.56803 3.58668 -1.4193 
v 4.41032 4.31178 -0.480676 
v 4.41032 3.52133 -0.480676 
v 4.41032 3.52133 -0.793551 
v 4.41032 4.31178 -1.10643 
v 4.41032 3.52133 -1.10643 
v 4.41032 3.52133 -1.4193 
v 3.86505 3.99837 -1.56787 
v 3.86505 3.84122 -1.56787 
v 3.86505 3.84122 -1.70475 
v 3.54071 4.12285 4.93386 
v 3.26399 3.83242 5.28809 
v 3.54071 3.83242 4.93386 
v 0.914273 4.00838 -2.10035 
v 2.01183 3.99837 -1.70475 
v 1.71482 4.24644 -1.36491 
v 2.17658 4.20348 -1.56787 
v 2.17658 4.00597 -1.70475 
v 2.17658 4.20348 -1.70475 
v 2.17658 4.00597 -1.56787 
v 3.86505 3.99837 -1.70475 
v 4.0298 4.00597 -1.70475 
v 4.0298 4.20348 -1.56787 
v 4.0298 4.00597 -1.56787 
v 4.0298 4.20348 -1.70475 
v 3.56803 4.24644 -1.36491 
v 2.78926 4.12285 4.30646 
v 2.58515 3.83242 4.60346 
v 2.78926 3.83242 4.30646 
v 2.58515 4.12285 4.60347 
v 2.55711 4.31178 -0.793551 
v 2.55711 4.31178 -1.4193 
v 3.26399 4.12285 5.28809 
v 4.41032 4.31178 -0.793551 
v 4.41032 4.31178 -1.4193 
v 5.19568 4.43778 -1.1693 
v 5.19568 4.09664 0.0644538 
v 5.19568 4.09664 -1.1693 
v 0.853394 4.26968 -2.38069 
v 0.307881 4.61772 -2.80685 
v 0.307881 4.665 -2.68228 
v 0.307881 4.61772 -2.68228 
v 0.307881 4.665 -2.45542 
v 0.307881 4.61772 -2.57999 
v 0.307881 4.665 -2.57999 
v 0.307881 4.665 -2.80685 
v 0.293345 4.69725 -2.56019 
v 0.293345 4.64772 -2.47477 
v 0.293345 4.65961 -2.56515 
v 0.662105 4.665 -2.68228 
v 0.662105 4.61772 -2.80685 
v 0.662105 4.665 -2.80685 
v 0.777535 4.65901 -2.82862 
v 0.777535 4.65901 -2.69715 
v 0.858395 4.57815 -2.82862 
v 0.777535 4.65901 -2.45775 
v 0.858395 4.57815 -2.58921 
v 0.777535 4.65901 -2.58921 
v 0.662105 4.61772 -2.68228 
v 0.662105 4.665 -2.45542 
v 0.662105 4.61772 -2.57999 
v 0.662105 4.665 -2.57999 
v 0.307881 4.61772 -2.45542 
v 0.307881 4.665 -2.25612 
v 0.307881 4.61772 -2.38069 
v 0.307881 4.665 -2.38069 
v 0.307881 4.61772 -2.25612 
v 0.293345 4.69724 -2.3609 
v 0.293345 4.64772 -2.27548 
v 0.293345 4.65961 -2.36585 
v 0.64757 4.69724 -2.3609 
v 0.64757 4.64772 -2.27548 
v 0.64757 4.65961 -2.36585 
v 0.662105 4.61772 -2.45542 
v 0.777535 4.65901 -2.24743 
v 0.858395 4.57815 -2.37889 
v 0.777535 4.65901 -2.37889 
v 0.662105 4.61772 -2.38069 
v 0.662105 4.665 -2.25612 
v 0.662105 4.61772 -2.25612 
v 0.662105 4.665 -2.38069 
v 0.64757 4.69725 -2.56019 
v 0.64757 4.64772 -2.47477 
v 0.64757 4.65961 -2.56515 
v 0.293345 4.69725 -2.78705 
v 0.293345 4.64772 -2.70163 
v 0.293345 4.65961 -2.79201 
v 0.281033 4.72587 -2.5233 
v 0.281033 4.66486 -2.4793 
v 0.281033 4.68723 -2.53803 
v 0.281033 4.72587 -2.75016 
v 0.281033 4.66486 -2.70616 
v 0.281033 4.68723 -2.76489 
v 0.281033 4.7035 -2.69144 
v 0.293345 4.68536 -2.69668 
v 0.64757 4.69725 -2.78705 
v 0.64757 4.64772 -2.70163 
v 0.64757 4.65961 -2.79201 
v 0.64757 4.68536 -2.69668 
v 0.635258 4.72587 -2.75016 
v 0.635258 4.66486 -2.70616 
v 0.635258 4.68723 -2.76489 
v 0.635258 4.7035 -2.69144 
v 0.635258 4.72587 -2.5233 
v 0.635258 4.66486 -2.4793 
v 0.635258 4.68723 -2.53803 
v 0.293345 4.68536 -2.46982 
v 0.293345 4.68536 -2.27052 
v 0.281033 4.72587 -2.324 
v 0.281033 4.66486 -2.28 
v 0.281033 4.68723 -2.33873 
v 0.281033 4.7035 -2.46458 
v 0.635258 4.7035 -2.46458 
v 0.64757 4.68536 -2.27052 
v 0.64757 4.68536 -2.46982 
v 0.635258 4.72587 -2.324 
v 0.635258 4.66486 -2.28 
v 0.635258 4.68723 -2.33873 
v 0.812446 4.67223 -2.358 
v 0.803574 4.66335 -2.26263 
v 0.871613 4.61306 -2.358 
v 0.853394 4.26968 -2.80685 
v 0.853394 4.26968 -2.57999 
v 0.853394 4.47848 -2.68228 
v 0.853394 4.37012 -2.68228 
v 0.853394 4.37012 -2.80685 
v 0.853394 4.47848 -2.80685 
v 0.873753 4.46394 -2.69668 
v 0.873753 4.38465 -2.69668 
v 0.885643 4.38465 -2.78705 
v 0.914273 4.45163 -2.75016 
v 0.891895 4.45163 -2.69144 
v 0.914273 4.39697 -2.75016 
v 0.891895 4.39697 -2.69144 
v 0.885643 4.46394 -2.78705 
v 0.885643 4.46394 -2.56019 
v 0.873753 4.46394 -2.46982 
v 0.885643 4.38465 -2.56019 
v 0.914273 4.45163 -2.5233 
v 0.891895 4.45163 -2.46458 
v 0.914273 4.39697 -2.5233 
v 0.853394 4.47848 -2.45542 
v 0.853394 4.37012 -2.45542 
v 0.853394 4.37012 -2.57999 
v 0.853394 4.47848 -2.25612 
v 0.853394 4.37012 -2.25612 
v 0.853394 4.37012 -2.38069 
v 0.873753 4.38465 -2.46982 
v 0.853394 4.47848 -2.38069 
v 0.873753 4.46394 -2.27052 
v 0.873753 4.38465 -2.27052 
v 0.885643 4.38465 -2.3609 
v 0.891895 4.39697 -2.46458 
v 0.914273 4.45163 -2.324 
v 0.891895 4.45163 -2.26528 
v 0.914273 4.39697 -2.324 
v 0.885643 4.46394 -2.3609 
v 0.853394 4.47848 -2.57999 
v 0.82312 4.54287 -2.82862 
v 0.858395 4.57815 -2.69715 
v 0.82312 4.54287 -2.69715 
v 0.858395 4.57815 -2.58921 
v 0.858395 4.57815 -2.45775 
v 0.82312 4.54287 -2.58921 
v 0.858395 4.57815 -2.69715 
v 0.867091 4.62691 -2.70682 
v 0.842998 4.6844 -2.76879 
v 0.826299 4.6677 -2.70682 
v 0.858395 4.57815 -2.82862 
v 0.88379 4.64361 -2.76879 
v 0.838257 4.59808 -2.72236 
v 0.854955 4.61478 -2.78433 
v 0.812446 4.67223 -2.56832 
v 0.862741 4.60419 -2.47295 
v 0.871613 4.61306 -2.56832 
v 0.88379 4.64361 -2.76879 
v 0.88379 4.64361 -2.52938 
v 0.838257 4.59808 -2.48295 
v 0.854955 4.61478 -2.54492 
v 0.82312 4.54287 -2.45775 
v 0.858395 4.57815 -2.37889 
v 0.82312 4.54287 -2.24743 
v 0.82312 4.54287 -2.37889 
v 0.858395 4.57815 -2.45775 
v 0.867091 4.62691 -2.46741 
v 0.842997 4.6844 -2.52938 
v 0.826299 4.6677 -2.46741 
v 0.842998 4.6844 -2.31906 
v 0.826299 4.6677 -2.25709 
v 0.88379 4.64361 -2.31906 
v 0.834659 4.5761 -2.26785 
v 0.871613 4.61306 -2.358 
v 0.862741 4.60419 -2.26263 
v 0.88379 4.64361 -2.31906 
v 0.838257 4.59808 -2.27263 
v 0.854955 4.61478 -2.3346 
v 0.88379 4.64361 -2.52938 
v 0.862741 4.60419 -2.26263 
v 0.307881 4.665 -2.03247 
v 0.307881 4.61772 -2.15704 
v 0.307881 4.665 -2.15704 
v 0.293345 4.69724 -2.13725 
v 0.293345 4.64772 -2.05183 
v 0.293345 4.65961 -2.1422 
v 0.293345 4.68536 -2.04687 
v 0.281033 4.72587 -2.10035 
v 0.281033 4.66486 -2.05635 
v 0.281033 4.68723 -2.11508 
v 0.307881 4.61772 -2.03247 
v 0.662105 4.665 -2.03247 
v 0.662105 4.61772 -2.15704 
v 0.662105 4.665 -2.15704 
v 0.662105 4.61772 -2.03247 
v 0.64757 4.69724 -2.13725 
v 0.64757 4.64772 -2.05183 
v 0.64757 4.65961 -2.1422 
v 0.64757 4.68536 -2.04687 
v 0.768706 4.40066 -1.75508 
v 0.768706 4.42863 -1.90281 
v 0.768706 4.51798 -1.88589 
v 0.445532 4.92098 4.31295 
v 0.467409 4.00319 4.40503 
v 0.548988 4.4315 3.80125 
v 0.363368 4.49581 4.91666 
v 0.713914 4.67437 0.862808 
v 0.713914 4.55872 0.989214 
v 0.713914 4.55804 0.863434 
v 0.650414 5.03292 -1.67343 
v 0.650414 4.48286 -1.77758 
v 0.650414 4.49692 -1.85182 
v 0.713914 4.67504 0.988588 
v 0.768706 4.74596 -0.157785 
v 0.768706 4.5902 -0.187275 
v 0.768706 4.61524 -0.319525 
v 0.768706 4.87436 -0.835951 
v 0.768706 4.56659 -0.894222 
v 0.768706 4.59754 -1.05772 
v 0.768706 4.49001 -1.73816 
v 0.768706 4.51798 -1.88589 
v 0.768706 5.05393 -1.78442 
v 0.635258 4.72587 -2.10035 
v 0.635258 4.66486 -2.05635 
v 0.635258 4.68723 -2.11508 
v 0.281033 4.7035 -2.04163 
v 0.635258 4.7035 -2.04163 
v 0.281033 4.7035 -2.26528 
v 0.635258 4.7035 -2.26528 
v 0.650414 5.04698 -1.74767 
v 0.768706 5.02596 -1.63669 
v 0.768706 5.05393 -1.78442 
v 0.768706 5.14229 -1.61466 
v 0.768706 5.02596 -1.63669 
v 0.768706 5.17026 -1.76239 
v 0.768706 4.90531 -0.999444 
v 0.180834 5.40127 4.51379 
v 0.180834 4.22129 4.96965 
v 0.180834 5.00956 4.14112 
v 0.180834 4.613 5.34233 
v 0.180834 4.613 5.34233 
v 0.180834 5.79297 4.88647 
v 0.180834 5.0047 5.715 
v 0.180834 5.40127 4.51379 
v 0.363368 4.49581 4.91666 
v 0.342077 5.41047 4.82466 
v 0.259327 4.98843 5.4283 
v 0.62847 4.55682 0.910201 
v 0.62847 4.97806 -0.816316 
v 0.62847 4.64791 0.927447 
v 0.62847 4.88697 -0.833562 
v 0.445532 4.92098 4.31295 
v 0.768706 4.90531 -0.999444 
v 0.768706 5.14229 -1.61466 
v 0.768706 5.02164 -0.97742 
v 0.853394 4.26968 -2.15704 
v 0.853394 4.47848 -2.15704 
v 0.853394 4.47848 -2.03247 
v 0.853394 4.37012 -2.15704 
v 0.858395 4.57815 -2.14287 
v 0.82312 4.54287 -2.01141 
v 0.82312 4.54287 -2.14287 
v 0.858395 4.57815 -2.24743 
v 0.853394 4.37012 -2.03247 
v 0.891895 4.39697 -2.26528 
v 0.873753 4.46394 -2.04687 
v 0.873753 4.38465 -2.04687 
v 0.885643 4.38465 -2.13725 
v 0.914273 4.45163 -2.10035 
v 0.891895 4.45163 -2.04163 
v 0.914273 4.39697 -2.10035 
v 0.885643 4.46394 -2.13725 
v 0.891895 4.39697 -2.04163 
v 0.768706 4.49001 -1.73816 
v 2.17658 4.40099 -1.56787 
v 2.17658 4.40099 -1.70475 
v 0.858395 4.57815 -2.01141 
v 0.834659 4.5761 -2.03183 
v 0.871613 4.61306 -2.12198 
v 0.862741 4.60419 -2.02661 
v 4.0298 4.40099 -1.56787 
v 5.19568 4.43778 0.0644538 
v 4.0298 4.40099 -1.70475 
v 0.768706 4.42603 1.53196 
v 0.768706 4.86228 -0.13576 
v 0.768706 4.54235 1.55399 
v 0.88379 4.64361 -2.08304 
v 0.838257 4.59808 -2.03661 
v 0.854955 4.61478 -2.09858 
v 0.862741 4.60419 -2.02661 
v 0.871613 4.61306 -2.12198 
v 0.803574 4.66335 -2.02661 
v 0.777535 4.65901 -2.01141 
v 0.858395 4.57815 -2.14287 
v 0.777535 4.65901 -2.14287 
v 0.812446 4.67223 -2.12198 
v 0.867091 4.62691 -2.25709 
v 0.867091 4.62691 -2.02107 
v 0.867091 4.62691 -2.25709 
v 0.842997 4.6844 -2.08304 
v 0.867091 4.62691 -2.02107 
v 0.88379 4.64361 -2.08304 
v 0.768706 5.02596 -1.63669 
v 0.768706 4.99068 -0.813927 
v 0.768706 4.771 -0.290035 
v 0.768706 4.87436 -0.835951 
v 0.768706 4.88732 -0.268011 
v 0.768706 4.87436 -0.835951 
v 0.768706 4.90531 -0.999444 
v 0.768706 5.02164 -0.97742 
v 0.768706 4.99068 -0.813927 
v 0.768706 4.74596 -0.157785 
v 0.768706 4.771 -0.290035 
v 0.768706 4.88732 -0.268011 
v 0.768706 4.86228 -0.13576 
v -0.853254 3.56879 -2.70616 
v -0.875632 3.56879 -2.76489 
v -0.914273 3.56879 -2.75016 
v -0.891895 3.56879 -2.69144 
v -0.853254 3.77027 -2.70616 
v -0.914273 3.77027 -2.75016 
v -0.891895 3.77027 -2.69144 
v -0.875632 3.77027 -2.76489 
v -0.853254 3.56879 -2.4793 
v -0.875632 3.56879 -2.53803 
v -0.914273 3.56879 -2.5233 
v -0.836121 3.5811 -2.70163 
v -0.885643 3.5811 -2.78705 
v -0.873753 3.5811 -2.69668 
v -0.836121 3.5811 -2.47477 
v -0.885643 3.5811 -2.56019 
v -0.873753 3.5811 -2.46982 
v -0.853254 3.77027 -2.4793 
v -0.875632 3.77027 -2.53803 
v -0.914273 3.77027 -2.5233 
v -0.836121 3.78258 -2.70163 
v -0.885643 3.78258 -2.78705 
v -0.873753 3.78258 -2.69668 
v -0.836121 3.78258 -2.47477 
v -0.885643 3.78258 -2.56019 
v -0.873753 3.78258 -2.46982 
v -0.891895 3.56879 -2.46458 
v -0.853254 3.56879 -2.28 
v -0.914273 3.56879 -2.324 
v -0.891895 3.56879 -2.26528 
v -0.891895 3.77027 -2.46458 
v -0.853254 3.77027 -2.28 
v -0.914273 3.77027 -2.324 
v -0.891895 3.77027 -2.26528 
v -0.875632 3.56879 -2.33873 
v -0.836121 3.5811 -2.27548 
v -0.84801 3.5811 -2.36585 
v -0.885643 3.5811 -2.3609 
v -0.873753 3.5811 -2.27052 
v -0.875632 3.77027 -2.33873 
v -0.836121 3.78258 -2.27548 
v -0.885643 3.78258 -2.3609 
v -0.873753 3.78258 -2.27052 
v -0.853254 4.00838 -2.4793 
v -0.914273 4.00838 -2.5233 
v -0.891895 4.00838 -2.46458 
v -0.853254 4.00838 -2.70616 
v -0.875632 4.00838 -2.76489 
v -0.914273 4.00838 -2.75016 
v -0.891895 4.00838 -2.69144 
v -0.853254 4.24283 -2.70616 
v -0.914273 4.24283 -2.75016 
v -0.891895 4.24283 -2.69144 
v -0.875632 4.24283 -2.76489 
v -0.875632 4.00838 -2.53803 
v -0.836121 4.02069 -2.70163 
v -0.885643 4.02069 -2.78705 
v -0.873753 4.02069 -2.69668 
v -0.836121 4.02069 -2.47477 
v -0.84801 4.02069 -2.56515 
v -0.885643 4.02069 -2.56019 
v -0.853254 4.24283 -2.4793 
v -0.875632 4.24283 -2.53803 
v -0.914273 4.24283 -2.5233 
v -0.836121 4.25514 -2.70163 
v -0.885643 4.25514 -2.78705 
v -0.873753 4.25514 -2.69668 
v -0.873753 4.02069 -2.46982 
v -0.853254 4.00838 -2.28 
v -0.875632 4.00838 -2.33873 
v -0.914273 4.00838 -2.324 
v -0.891895 4.00838 -2.26528 
v -0.853254 4.24283 -2.28 
v -0.914273 4.24283 -2.324 
v -0.891895 4.24283 -2.26528 
v -0.891895 4.24283 -2.46458 
v -0.875632 4.24283 -2.33873 
v -0.836121 4.02069 -2.27548 
v -0.885643 4.02069 -2.3609 
v -0.873753 4.02069 -2.27052 
v -0.836121 4.25514 -2.47477 
v -0.885643 4.25514 -2.56019 
v -0.873753 4.25514 -2.46982 
v -0.836121 4.25514 -2.27548 
v -0.885643 4.25514 -2.3609 
v -0.873753 4.25514 -2.27052 
v -0.84801 4.25514 -2.79201 
v -0.84801 3.5811 -2.79201 
v -0.84801 3.5811 -2.56515 
v -0.853394 3.59564 -2.80685 
v -0.853394 3.59564 -2.68228 
v -0.806122 3.59564 -2.68228 
v -0.84801 3.78258 -2.79201 
v -0.853394 3.79712 -2.80685 
v -0.853394 3.79712 -2.68228 
v -0.806122 3.79712 -2.68228 
v -0.806122 3.59564 -2.80685 
v -0.806122 3.59564 -2.45542 
v -0.806122 3.59564 -2.57999 
v -0.853394 3.59564 -2.57999 
v -0.806122 3.79712 -2.80685 
v -0.806122 3.79712 -2.45542 
v -0.806122 3.79712 -2.57999 
v -0.853394 3.79712 -2.57999 
v -0.84801 3.78258 -2.56515 
v -0.853394 3.59564 -2.45542 
v -0.853394 3.59564 -2.38069 
v -0.853394 3.59564 -2.25612 
v -0.806122 3.59564 -2.25612 
v -0.84801 3.78258 -2.36585 
v -0.853394 3.79712 -2.45542 
v -0.853394 3.79712 -2.38069 
v -0.853394 3.79712 -2.25612 
v -0.806122 3.79712 -2.25612 
v -0.806122 3.59564 -2.38069 
v -0.806122 3.59564 -2.03247 
v -0.806122 3.59564 -2.15704 
v -0.853394 3.59564 -2.15704 
v -0.806122 3.79712 -2.03247 
v -0.806122 3.79712 -2.15704 
v -0.853394 3.79712 -2.15704 
v -0.806122 3.79712 -2.38069 
v -0.84801 4.02069 -2.79201 
v -0.853394 4.03523 -2.80685 
v -0.853394 4.03523 -2.68228 
v -0.806122 4.03523 -2.68228 
v -0.84801 4.25514 -2.56515 
v -0.853394 4.26968 -2.80685 
v -0.853394 4.26967 -2.68228 
v -0.806122 4.26967 -2.68228 
v -0.853394 4.26968 -2.57999 
v -0.853394 4.26968 -2.45542 
v -0.806122 4.26968 -2.45542 
v -0.806122 4.03523 -2.80685 
v -0.806122 4.03523 -2.45542 
v -0.806122 4.03523 -2.57999 
v -0.853394 4.03523 -2.57999 
v -0.806122 4.26968 -2.80685 
v -0.806122 4.26968 -2.57999 
v -0.853394 4.03523 -2.45542 
v -0.84801 4.02069 -2.36585 
v -0.853394 4.03523 -2.38069 
v -0.853394 4.03523 -2.25612 
v -0.806122 4.03523 -2.25612 
v -0.84801 4.25514 -2.36585 
v -0.853394 4.26968 -2.38069 
v -0.853394 4.26967 -2.25612 
v -0.806122 4.26967 -2.25612 
v -0.806122 4.26968 -2.38069 
v -0.806122 4.03523 -2.38069 
v -0.806122 4.03523 -2.03247 
v -0.806122 4.03523 -2.15704 
v -0.853394 4.03523 -2.15704 
v -0.806122 4.26968 -2.03247 
v -0.806122 4.26968 -2.15704 
v -0.853394 4.26968 -2.15704 
v -0.836121 4.25514 -2.05183 
v -0.84801 4.25514 -2.1422 
v -0.885643 4.25514 -2.13725 
v -3.87705 3.83362 -1.56787 
v -3.87705 3.83362 -1.70475 
v -4.03419 3.83362 -1.70475 
v -4.2393 3.99837 -1.56787 
v -4.2393 3.99837 -1.70475 
v -4.43681 3.99837 -1.70475 
v -4.04179 3.99837 -1.56787 
v -4.04179 3.99837 -1.70475 
v -3.66754 3.99837 -1.56787 
v -3.86505 3.99837 -1.70475 
v -3.86505 3.99837 -1.56787 
v -3.66754 3.99837 -1.70475 
v -2.38609 3.99837 -1.56787 
v -2.38609 3.99837 -1.70475 
v -2.5836 3.99837 -1.70475 
v -2.18858 3.99837 -1.56787 
v -2.18858 3.99837 -1.70475 
v -3.47003 3.99837 -1.56787 
v -3.66754 3.99837 -1.70475 
v -3.66754 3.99837 -1.56787 
v -3.47003 3.99837 -1.70475 
v -2.18098 3.83362 -1.56787 
v -2.02383 3.83362 -1.56787 
v -2.18098 3.83362 -1.70475 
v -4.03419 3.83362 -1.56787 
v -4.33442 3.58668 -1.36491 
v -3.56803 3.58668 -1.4193 
v -4.33442 3.58668 -1.4193 
v -4.43681 3.99837 -1.56787 
v -3.56803 3.58668 -1.36491 
v -2.5836 3.99837 -1.56787 
v -2.4812 3.58668 -1.36491 
v -1.71482 3.58668 -1.4193 
v -2.4812 3.58668 -1.4193 
v -2.89635 4.12285 4.71107 
v -3.21487 4.12285 4.8212 
v -2.93562 4.12285 5.18162 
v -2.93562 4.12285 5.18162 
v -3.21487 4.12285 4.8212 
v -3.26399 4.12285 5.28809 
v -4.41032 4.31178 -1.10643 
v -3.49212 4.31178 -1.10643 
v -4.41032 4.31178 -1.4193 
v -4.41032 4.31178 -0.480676 
v -3.49212 4.31178 -0.480676 
v -4.41032 4.31178 -0.793551 
v -4.55177 4.43778 -1.1693 
v -5.19568 4.43778 0.0644538 
v -4.55177 4.43778 0.0644538 
v -3.90787 4.43778 -1.1693 
v -3.90787 4.43778 0.0644538 
v -3.49212 4.31178 -1.4193 
v -3.49212 4.31178 -0.793551 
v -2.55711 4.31178 -0.480676 
v -1.63891 4.31178 -0.480676 
v -2.55711 4.31178 -0.793551 
v -2.55711 4.31178 -1.10643 
v -1.63891 4.31178 -1.10643 
v -2.55711 4.31178 -1.4193 
v -2.62006 4.43778 -1.1693 
v -3.26397 4.43778 0.0644538 
v -2.62006 4.43778 0.0644538 
v -3.26397 4.43778 -1.1693 
v -2.61463 4.12285 5.07755 
v -3.54071 4.12285 4.93386 
v -2.58515 4.12285 4.60347 
v -2.89635 4.12285 4.71107 
v -2.61463 4.12285 5.07755 
v -2.78926 4.12285 4.30646 
v -2.58515 4.12285 4.60347 
v -2.30101 4.12285 4.97586 
v -2.30101 4.12285 4.97586 
v -1.80946 4.12285 4.81648 
v -2.29772 4.12285 4.14708 
v -2.30101 4.12285 4.97586 
v -2.78926 4.12285 4.30646 
v -1.97616 4.43778 0.0644538 
v -1.97616 4.43778 -1.1693 
v -2.02383 3.83362 -1.70475 
v -0.853254 3.56879 -2.05635 
v -0.875632 3.56879 -2.11508 
v -0.914273 3.56879 -2.10035 
v -0.836121 3.5811 -2.05183 
v -0.885643 3.5811 -2.13725 
v -0.873753 3.5811 -2.04687 
v -0.853254 3.77027 -2.05635 
v -0.875632 3.77027 -2.11508 
v -0.914273 3.77027 -2.10035 
v -0.853254 4.00838 -2.05635 
v -0.875632 4.00838 -2.11508 
v -0.914273 4.00838 -2.10035 
v -0.836121 3.78258 -2.05183 
v -0.885643 3.78258 -2.13725 
v -0.873753 3.78258 -2.04687 
v -0.84801 3.5811 -2.1422 
v -0.853394 3.59564 -2.03247 
v -0.84801 3.78258 -2.1422 
v -0.853394 3.79712 -2.03247 
v -0.891895 3.56879 -2.04163 
v -1.81432 3.99837 -1.56787 
v -2.01183 3.99837 -1.70475 
v -2.01183 3.99837 -1.56787 
v -1.71482 3.58668 -1.36491 
v -1.81432 3.99837 -1.70475 
v -1.61681 3.99837 -1.56787 
v -1.81432 3.99837 -1.70475 
v -1.81432 3.99837 -1.56787 
v -1.61681 3.99837 -1.70475 
v 0.76781 3.31638 4.78734 
v -0.76781 3.31638 -2.829 
v -0.76781 3.31638 4.78734 
v -0.891895 3.77027 -2.04163 
v -0.891895 4.00838 -2.04163 
v -0.836121 4.02069 -2.05183 
v -0.84801 4.02069 -2.1422 
v -0.885643 4.02069 -2.13725 
v -0.853254 4.24283 -2.05635 
v -0.914273 4.24283 -2.10035 
v -0.891895 4.24283 -2.04163 
v -1.63891 4.31178 -0.793551 
v -1.63891 4.31178 -1.4193 
v -0.688356 4.43778 0.0644538 
v -0.688356 4.43778 -1.1693 
v -1.33226 4.43778 0.0644538 
v -0.875632 4.24283 -2.11508 
v -0.873753 4.02069 -2.04687 
v -0.853394 4.03523 -2.03247 
v -0.873753 4.25514 -2.04687 
v -0.853394 4.26968 -2.03247 
v -1.33226 4.43778 -1.1693 
v -1.80617 4.12285 3.9877 
v -2.29772 4.12285 4.14708 
v -1.80946 4.12285 4.81648 
v -1.31792 4.12285 4.6571 
v -1.31463 4.12285 3.82833 
v -1.80617 4.12285 3.9877 
v -1.31792 4.12285 4.6571 
v -0.82637 4.12285 4.49773 
v -0.823082 4.12285 3.66895 
v -1.31463 4.12285 3.82833 
v -0.82637 4.12285 4.49773 
v 7.26172e-17 4.39359 3.72134 
v 1.03818e-17 3.8854 3.20984 
v -0.652443 3.94202 3.28955 
v -0.334824 4.12285 4.33835 
v -0.548988 4.4315 3.80125 
v -0.853254 4.45163 -2.70616 
v -0.875632 4.45163 -2.76489 
v -0.914273 4.45163 -2.75016 
v -0.891895 4.45163 -2.69144 
v -0.853254 4.45163 -2.4793 
v -0.875632 4.45163 -2.53803 
v -0.914273 4.45163 -2.5233 
v -0.836121 4.46394 -2.70163 
v -0.885643 4.46394 -2.78705 
v -0.873753 4.46394 -2.69668 
v -0.836121 4.46394 -2.47477 
v -0.885643 4.46394 -2.56019 
v -0.873753 4.46394 -2.46982 
v -0.84801 4.46394 -2.79201 
v -0.84801 4.46394 -2.56515 
v -0.853394 4.47848 -2.80685 
v -0.853394 4.47848 -2.68228 
v -0.806122 4.47848 -2.68228 
v -0.806122 4.47848 -2.80685 
v -0.891895 4.45163 -2.46458 
v -0.853254 4.45163 -2.28 
v -0.875632 4.45163 -2.33873 
v -0.914273 4.45163 -2.324 
v -0.891895 4.45163 -2.26528 
v -0.853254 4.45163 -2.05635 
v -0.875632 4.45163 -2.11508 
v -0.914273 4.45163 -2.10035 
v -0.836121 4.46394 -2.27548 
v -0.885643 4.46394 -2.3609 
v -0.873753 4.46394 -2.27052 
v -0.836121 4.46394 -2.05183 
v -0.885643 4.46394 -2.13725 
v -0.873753 4.46394 -2.04687 
v -0.84801 4.46394 -2.36585 
v -0.84801 4.46394 -2.1422 
v -0.853394 4.47848 -2.38069 
v -0.853394 4.47848 -2.25612 
v -0.806122 4.47848 -2.25612 
v -0.806122 4.47848 -2.38069 
v -0.853394 4.47848 -2.57999 
v -0.853394 4.47848 -2.45542 
v -0.806122 4.47848 -2.45542 
v -0.862741 4.60419 -2.71235 
v -0.812446 4.67223 -2.80773 
v -0.871613 4.61306 -2.80773 
v -0.806122 4.47848 -2.57999 
v -0.812446 4.67223 -2.56832 
v -0.862741 4.60419 -2.47295 
v -0.803574 4.66335 -2.47295 
v -0.803574 4.66335 -2.71235 
v -0.797464 4.63887 -2.48295 
v -0.814163 4.65557 -2.54492 
v -0.842997 4.6844 -2.52938 
v -0.662105 4.665 -2.68228 
v -0.553745 4.665 -2.68228 
v -0.662105 4.665 -2.80685 
v -0.662105 4.665 -2.45542 
v -0.553745 4.665 -2.45542 
v -0.662105 4.665 -2.57999 
v -0.64757 4.68536 -2.46982 
v -0.56828 4.68536 -2.46982 
v -0.64757 4.69725 -2.56019 
v -0.64757 4.68536 -2.69668 
v -0.56828 4.68536 -2.69668 
v -0.64757 4.69725 -2.78705 
v -0.826299 4.6677 -2.46741 
v -0.806122 4.47848 -2.03247 
v -0.806122 4.47848 -2.15704 
v -0.853394 4.47848 -2.15704 
v -0.853394 4.47848 -2.03247 
v -0.74226 4.62373 -2.01141 
v -0.74226 4.62373 -2.14287 
v -0.777535 4.65901 -2.14287 
v -0.797465 4.63887 -2.27263 
v -0.814163 4.65557 -2.3346 
v -0.842998 4.6844 -2.31906 
v -0.662105 4.665 -2.25612 
v -0.553745 4.665 -2.25612 
v -0.662105 4.665 -2.38069 
v -0.662105 4.665 -2.03247 
v -0.553745 4.665 -2.03247 
v -0.662105 4.665 -2.15704 
v -0.64757 4.68536 -2.04687 
v -0.56828 4.68536 -2.04687 
v -0.64757 4.69724 -2.13725 
v -0.64757 4.68536 -2.27052 
v -0.56828 4.68536 -2.27052 
v -0.64757 4.69724 -2.3609 
v -0.635258 4.7035 -2.26528 
v -0.580592 4.7035 -2.26528 
v -0.635258 4.72587 -2.324 
v -0.553745 4.665 -2.57999 
v -0.307881 4.665 -2.45542 
v -0.199521 4.665 -2.45542 
v -0.307881 4.665 -2.57999 
v -0.553745 4.665 -2.80685 
v -0.307881 4.665 -2.68228 
v -0.199521 4.665 -2.68228 
v -0.307881 4.665 -2.80685 
v -0.293345 4.68536 -2.69668 
v -0.214056 4.68536 -2.69668 
v -0.293345 4.69725 -2.78705 
v -0.199521 4.665 -2.57999 
v -0.199521 4.665 -2.25612 
v -0.199521 4.665 -2.38069 
v -0.307881 4.665 -2.38069 
v -0.199521 4.665 -2.80685 
v -0.293345 4.68536 -2.46982 
v -0.214056 4.68536 -2.46982 
v -0.293345 4.69725 -2.56019 
v -0.553745 4.665 -2.38069 
v -0.553745 4.665 -2.15704 
v -0.307881 4.665 -2.03247 
v -0.199521 4.665 -2.03247 
v -0.307881 4.665 -2.15704 
v -0.307881 4.665 -2.25612 
v -0.56828 4.69724 -2.13725 
v -0.293345 4.68536 -2.27052 
v -0.214056 4.68536 -2.27052 
v -0.293345 4.69724 -2.3609 
v -0.199521 4.665 -2.15704 
v -0.293345 4.68536 -2.04687 
v -0.214056 4.68536 -2.04687 
v -0.293345 4.69724 -2.13725 
v -0.214056 4.69724 -2.13725 
v -0.56828 4.69724 -2.3609 
v -0.56828 4.69725 -2.78705 
v -0.56828 4.69725 -2.56019 
v -0.635258 4.7035 -2.69144 
v -0.580592 4.7035 -2.69144 
v -0.635258 4.72587 -2.75016 
v -0.580592 4.72587 -2.75016 
v -0.281033 4.7035 -2.69144 
v -0.226368 4.7035 -2.69144 
v -0.281033 4.72587 -2.75016 
v -0.214056 4.69725 -2.78705 
v -0.214056 4.69725 -2.56019 
v -0.226368 4.7035 -2.46458 
v -0.226368 4.72587 -2.5233 
v -0.281033 4.72587 -2.5233 
v -0.226368 4.72587 -2.75016 
v -0.580592 4.7035 -2.46458 
v -0.580592 4.72587 -2.5233 
v -0.635258 4.72587 -2.5233 
v -0.635258 4.7035 -2.46458 
v -0.281033 4.7035 -2.46458 
v -0.580592 4.7035 -2.04163 
v -0.580592 4.72587 -2.10035 
v -0.635258 4.72587 -2.10035 
v -0.580592 4.72587 -2.324 
v -0.281033 4.7035 -2.26528 
v -0.226368 4.7035 -2.26528 
v -0.281033 4.72587 -2.324 
v -0.214056 4.69724 -2.3609 
v -0.226368 4.7035 -2.04163 
v -0.226368 4.72587 -2.10035 
v -0.281033 4.72587 -2.10035 
v -0.226368 4.72587 -2.324 
v -0.797464 4.63887 -2.03661 
v -0.814163 4.65557 -2.09858 
v -0.842997 4.6844 -2.08304 
v -0.891895 4.45163 -2.04163 
v -0.842997 4.6844 -2.08304 
v -0.867091 4.62691 -2.02107 
v -0.826299 4.6677 -2.02107 
v -0.858395 4.57815 -2.01141 
v -0.777535 4.65901 -2.01141 
v -0.858395 4.57815 -2.14287 
v -0.62847 4.49001 -1.73816 
v -0.107396 4.47591 -1.74083 
v -0.62847 4.51798 -1.88589 
v -0.777535 4.65901 -2.01141 
v -0.635258 4.7035 -2.04163 
v -5.19568 4.43778 -1.1693 
v -0.62847 4.54235 1.55399 
v -0.768706 4.86228 -0.13576 
v -0.768706 4.54235 1.55399 
v -0.642151 4.59309 0.649572 
v -0.642151 5.02596 -1.63669 
v -0.755024 4.59309 0.649572 
v -0.62847 4.86228 -0.13576 
v -0.713914 4.67504 0.988588 
v -0.106834 4.68352 0.865885 
v -0.713914 4.67437 0.862808 
v -0.713914 4.67504 0.988588 
v -0.106834 4.6842 0.991664 
v -0.106834 4.68352 0.865885 
v 1.34853e-16 4.90178 4.23284 
v -0.548988 4.4315 3.80125 
v -0.445532 4.92098 4.31295 
v -0.62847 4.86228 -0.13576 
v -0.768706 4.88732 -0.268011 
v -0.768706 4.86228 -0.13576 
v -0.768706 5.02164 -0.97742 
v -0.62847 5.14229 -1.61466 
v -0.768706 5.14229 -1.61466 
v -0.62847 5.02164 -0.97742 
v -0.62847 5.17026 -1.76239 
v -0.768706 5.14229 -1.61466 
v -0.62847 5.14229 -1.61466 
v -0.768706 5.17026 -1.76239 
v -0.650414 5.03292 -1.67343 
v -0.107396 5.03292 -1.67343 
v -0.650414 5.04698 -1.74767 
v -0.107396 5.04698 -1.74767 
v -0.116036 5.02164 -0.97742 
v -0.107396 5.14229 -1.61466 
v -0.107396 5.14229 -1.61466 
v -0.62847 5.17026 -1.76239 
v -0.62847 5.14229 -1.61466 
v -0.768706 4.99068 -0.813927 
v -0.62847 5.02164 -0.97742 
v -0.768706 5.02164 -0.97742 
v -0.755024 5.02596 -1.63669 
v -0.62847 4.88732 -0.268011 
v -0.768706 4.99068 -0.813927 
v -0.768706 4.88732 -0.268011 
v -0.62847 4.99068 -0.813927 
v -0.62847 4.99068 -0.813927 
v -0.62847 4.88732 -0.268011 
v -0.62847 4.86228 -0.13576 
v -0.109082 4.8871 -0.266779 
v -0.62847 4.88732 -0.268011 
v -0.116036 4.99068 -0.813927 
v -0.62847 5.02164 -0.97742 
v -0.62847 4.99068 -0.813927 
v -0.116036 5.02164 -0.97742 
v -0.109082 4.86206 -0.134528 
v -0.107396 4.50388 -1.88856 
v -0.62847 4.51798 -1.88589 
v -0.107396 4.47591 -1.74083 
v -0.817098 4.61772 -0.52673 
v 0.817098 4.61772 -0.52673 
v -0.817098 4.61772 -1.05632 
v -0.817098 4.61772 -1.05632 
v 0.817098 4.61772 -1.05632 
v -0.817098 4.61772 -1.58591 
v 0.817098 4.61772 -1.58591 
v -0.817098 4.61772 -2.86085 
v -0.817098 4.61772 0.00285828 
v 0.817098 4.61772 0.00285816 
v -0.817098 4.61772 -0.52673 
v -0.281033 4.7035 -2.04163 
v -0.109082 4.86206 -0.134528 
v 1.0844e-16 4.6861 0.862745 
v 1.30015e-16 4.86228 -0.13576 
v 1.30015e-16 4.86228 -0.13576 
v -0.109082 4.8871 -0.266779 
v -0.109082 4.86206 -0.134528 
v 1.33082e-16 4.88732 -0.268011 
v -0.817098 4.61772 0.532447 
v 0.817098 4.61772 0.532447 
v -0.817098 4.61772 0.00285828 
v -0.777226 4.54367 3.0411 
v 0.777226 4.54367 3.0411 
v -0.777226 4.54367 2.5437 
v -0.737415 4.49947 4.76397 
v 0.737415 4.49947 3.34402 
v -0.737415 4.49947 3.34402 
v -0.817098 4.61772 2.2413 
v 0.817098 4.61772 2.2413 
v -0.817098 4.61772 1.66349 
v -0.817098 4.61772 1.34011 
v 0.817098 4.61772 1.34011 
v 7.26172e-17 4.39359 3.72134 
v 1.08523e-16 4.68678 0.988525 
v -0.106834 4.68352 0.865885 
v -0.106834 4.6842 0.991664 
v -0.106834 4.68352 0.865885 
v 1.08523e-16 4.68678 0.988525 
v 1.0844e-16 4.6861 0.862745 
v -0.106834 4.68352 0.865885 
v 1.4574e-16 4.99068 -0.813927 
v -0.109082 4.8871 -0.266779 
v 1.33082e-16 4.88732 -0.268011 
v 1.4574e-16 4.99068 -0.813927 
v -0.116036 4.99068 -0.813927 
v 1.97088e-16 5.40997 4.74434 
v 1.34853e-16 4.90178 4.23284 
v -0.445532 4.92098 4.31295 
v -0.107396 5.17026 -1.76239 
v 1.49531e-16 5.02164 -0.97742 
v -0.107396 5.14229 -1.61466 
v -0.116036 5.02164 -0.97742 
v 1.64306e-16 5.14229 -1.61466 
v 1.49531e-16 5.02164 -0.97742 
v 1.64306e-16 5.14229 -1.61466 
v -0.107396 5.17026 -1.76239 
v -0.107396 5.14229 -1.61466 
v 1.67732e-16 5.17026 -1.76239 
v -0.342077 5.41047 4.82466 
v -0.342077 5.41047 4.82466 
v 1.45404e-16 4.98794 5.33911 
v 1.97088e-16 5.40997 4.74434 
v -0.259327 4.98843 5.4283 
v -0.180834 5.0047 5.715 
v 0.180834 5.79297 4.88647 
v -0.180834 5.79297 4.88647 
v -0.159308 5.26738 5.94398 
v 0.159308 5.96181 5.21408 
v -0.159308 5.96181 5.21408 
v -0.127988 5.43406 6.06416 
v 0.127988 5.99197 5.47775 
v -0.127988 5.99197 5.47775 
v -0.0841791 5.60054 6.15077 
v 0.084179 5.96748 5.76508 
v -0.0841791 5.96748 5.76508 
v -0.0304992 5.75878 6.22935 
v 0.0304991 5.89173 6.08961 
v -0.0304992 5.89173 6.08961 
v -0.0564241 5.70511 6.21585 
v 0.056424 5.95107 5.95733 
v -0.0564241 5.95107 5.95733 
v 0.0304991 5.75878 6.22935 
v 0.806122 3.59564 -2.68228 
v 0.853394 3.59564 -2.80685 
v 0.806122 3.59564 -2.80685 
v 0.806122 3.59564 -2.45542 
v 0.853394 3.59564 -2.57999 
v 0.806122 3.59564 -2.57999 
v 0.806122 3.79712 -2.45542 
v 0.853394 3.79712 -2.57999 
v 0.806122 3.79712 -2.57999 
v 0.806122 3.79712 -2.68228 
v 0.853394 3.79712 -2.80685 
v 0.806122 3.79712 -2.80685 
v 0.853394 3.59564 -2.68228 
v 0.836121 3.5811 -2.70163 
v 0.885643 3.5811 -2.78705 
v 0.84801 3.5811 -2.79201 
v 0.836121 3.5811 -2.47477 
v 0.885643 3.5811 -2.56019 
v 0.84801 3.5811 -2.56515 
v 0.836121 3.78258 -2.70163 
v 0.885643 3.78258 -2.78705 
v 0.84801 3.78258 -2.79201 
v 0.853394 3.79712 -2.68228 
v 0.836121 3.78258 -2.47477 
v 0.885643 3.78258 -2.56019 
v 0.84801 3.78258 -2.56515 
v 0.806122 3.59564 -2.25612 
v 0.853394 3.59564 -2.38069 
v 0.806122 3.59564 -2.38069 
v 0.806122 3.59564 -2.03247 
v 0.853394 3.59564 -2.15704 
v 0.806122 3.59564 -2.15704 
v 0.806122 3.79712 -2.03247 
v 0.853394 3.79712 -2.15704 
v 0.806122 3.79712 -2.15704 
v 0.806122 3.79712 -2.25612 
v 0.853394 3.79712 -2.38069 
v 0.806122 3.79712 -2.38069 
v 0.853394 3.59564 -2.45542 
v 0.836121 3.5811 -2.27548 
v 0.885643 3.5811 -2.3609 
v 0.84801 3.5811 -2.36585 
v 0.853394 3.59564 -2.25612 
v 0.836121 3.78258 -2.27548 
v 0.885643 3.78258 -2.3609 
v 0.84801 3.78258 -2.36585 
v 0.853394 3.79712 -2.25612 
v 0.853394 3.79712 -2.45542 
v 0.806122 4.03523 -2.68228 
v 0.853394 4.03523 -2.80685 
v 0.806122 4.03523 -2.80685 
v 0.806122 4.03523 -2.45542 
v 0.853394 4.03523 -2.57999 
v 0.806122 4.03523 -2.57999 
v 0.806122 4.26967 -2.68228 
v 0.853394 4.26968 -2.80685 
v 0.806122 4.26968 -2.80685 
v 0.806122 4.26968 -2.45542 
v 0.853394 4.26968 -2.57999 
v 0.806122 4.26968 -2.57999 
v 0.853394 4.03523 -2.68228 
v 0.836121 4.02069 -2.70163 
v 0.885643 4.02069 -2.78705 
v 0.84801 4.02069 -2.79201 
v 0.836121 4.25514 -2.70163 
v 0.885643 4.25514 -2.78705 
v 0.84801 4.25514 -2.79201 
v 0.836121 4.25514 -2.47477 
v 0.885643 4.25514 -2.56019 
v 0.84801 4.25514 -2.56515 
v 0.853394 4.26967 -2.68228 
v 0.853394 4.03523 -2.45542 
v 0.806122 4.03523 -2.25612 
v 0.853394 4.03523 -2.38069 
v 0.806122 4.03523 -2.38069 
v 0.806122 4.03523 -2.03247 
v 0.853394 4.03523 -2.15704 
v 0.806122 4.03523 -2.15704 
v 0.806122 4.26967 -2.25612 
v 0.853394 4.26968 -2.38069 
v 0.806122 4.26968 -2.38069 
v 0.806122 4.26968 -2.03247 
v 0.853394 4.26968 -2.15704 
v 0.806122 4.26968 -2.15704 
v 0.853394 4.26968 -2.45542 
v 0.853394 4.03523 -2.25612 
v 0.836121 4.25514 -2.27548 
v 0.885643 4.25514 -2.3609 
v 0.84801 4.25514 -2.36585 
v 0.853394 4.26967 -2.25612 
v 0.836121 4.02069 -2.27548 
v 0.885643 4.02069 -2.3609 
v 0.84801 4.02069 -2.36585 
v 0.873753 3.5811 -2.69668 
v 0.875632 3.56879 -2.53803 
v 0.853254 3.56879 -2.4793 
v 0.914273 3.56879 -2.5233 
v 0.873753 3.5811 -2.46982 
v 0.873753 3.78258 -2.69668 
v 0.875632 3.77027 -2.53803 
v 0.853254 3.77027 -2.4793 
v 0.914273 3.77027 -2.5233 
v 0.875632 3.56879 -2.76489 
v 0.853254 3.56879 -2.70616 
v 0.914273 3.56879 -2.75016 
v 0.891895 3.56879 -2.69144 
v 0.875632 3.77027 -2.76489 
v 0.853254 3.77027 -2.70616 
v 0.914273 3.77027 -2.75016 
v 0.891895 3.77027 -2.69144 
v 0.873753 3.78258 -2.46982 
v 0.875632 3.56879 -2.33873 
v 0.853254 3.56879 -2.28 
v 0.914273 3.56879 -2.324 
v 0.873753 3.5811 -2.27052 
v 0.875632 3.77027 -2.33873 
v 0.853254 3.77027 -2.28 
v 0.914273 3.77027 -2.324 
v 0.873753 3.78258 -2.27052 
v 0.891895 3.56879 -2.46458 
v 0.891895 3.56879 -2.26528 
v 0.891895 3.77027 -2.46458 
v 0.891895 3.77027 -2.26528 
v 0.891895 4.00838 -2.69144 
v 0.914273 4.00838 -2.75016 
v 0.853254 4.00838 -2.70616 
v 0.873753 4.02069 -2.69668 
v 0.836121 4.02069 -2.47477 
v 0.885643 4.02069 -2.56019 
v 0.84801 4.02069 -2.56515 
v 0.873753 4.02069 -2.46982 
v 0.873753 4.25514 -2.69668 
v 0.875632 4.00838 -2.53803 
v 0.853254 4.00838 -2.4793 
v 0.914273 4.00838 -2.5233 
v 0.875632 4.00838 -2.76489 
v 0.875632 4.24283 -2.53803 
v 0.853254 4.24283 -2.4793 
v 0.914273 4.24283 -2.5233 
v 0.875632 4.24283 -2.76489 
v 0.853254 4.24283 -2.70616 
v 0.914273 4.24283 -2.75016 
v 0.891895 4.24283 -2.69144 
v 0.873753 4.25514 -2.46982 
v 0.875632 4.00838 -2.33873 
v 0.853254 4.00838 -2.28 
v 0.914273 4.00838 -2.324 
v 0.873753 4.02069 -2.27052 
v 0.875632 4.24283 -2.33873 
v 0.853254 4.24283 -2.28 
v 0.914273 4.24283 -2.324 
v 0.873753 4.25514 -2.27052 
v 0.891895 4.00838 -2.46458 
v 0.891895 4.00838 -2.26528 
v 0.891895 4.24283 -2.26528 
v 0.891895 4.24283 -2.46458 
v 0.836121 4.25514 -2.05183 
v 0.885643 4.25514 -2.13725 
v 0.84801 4.25514 -2.1422 
v 0.836121 3.5811 -2.05183 
v 0.885643 3.5811 -2.13725 
v 0.84801 3.5811 -2.1422 
v 0.853394 3.59564 -2.03247 
v 0.836121 3.78258 -2.05183 
v 0.885643 3.78258 -2.13725 
v 0.84801 3.78258 -2.1422 
v 0.853394 3.79712 -2.03247 
v 0.873753 3.5811 -2.04687 
v 0.875632 3.56879 -2.11508 
v 0.853254 3.56879 -2.05635 
v 0.914273 3.56879 -2.10035 
v 0.875632 3.77027 -2.11508 
v 0.853254 3.77027 -2.05635 
v 0.914273 3.77027 -2.10035 
v 0.873753 3.78258 -2.04687 
v 0.875632 4.00838 -2.11508 
v 0.853254 4.00838 -2.05635 
v 0.914273 4.00838 -2.10035 
v 0.891895 3.56879 -2.04163 
v 0.891895 3.77027 -2.04163 
v 0.76781 3.31638 -2.829 
v 1.61681 3.99837 -1.56787 
v 1.81432 3.99837 -1.70475 
v 1.61681 3.99837 -1.70475 
v 0.891895 4.00838 -2.04163 
v 1.81432 3.99837 -1.56787 
v 2.4812 3.58668 -1.36491 
v 1.71482 3.58668 -1.4193 
v 1.71482 3.58668 -1.36491 
v 1.81432 3.99837 -1.56787 
v 2.01183 3.99837 -1.56787 
v 2.01183 3.99837 -1.70475 
v 1.81432 3.99837 -1.56787 
v 2.01183 3.99837 -1.70475 
v 1.81432 3.99837 -1.70475 
v 0.836121 4.02069 -2.05183 
v 0.885643 4.02069 -2.13725 
v 0.84801 4.02069 -2.1422 
v 0.873753 4.02069 -2.04687 
v 0.853394 4.03523 -2.03247 
v 0.873753 4.25514 -2.04687 
v 0.853394 4.26968 -2.03247 
v 0.875632 4.24283 -2.11508 
v 0.853254 4.24283 -2.05635 
v 0.914273 4.24283 -2.10035 
v 0.891895 4.24283 -2.04163 
v 1.63891 4.31178 -0.480676 
v 2.55711 4.31178 -0.793551 
v 1.63891 4.31178 -0.793551 
v 1.63891 4.31178 -1.10643 
v 2.55711 4.31178 -1.4193 
v 1.63891 4.31178 -1.4193 
v 0.688356 4.43778 -1.1693 
v 0.688356 4.43778 0.0644538 
v 1.33226 4.43778 0.0644538 
v 1.33226 4.43778 -1.1693 
v 1.97616 4.43778 0.0644538 
v 7.26172e-17 4.39359 3.72134 
v 0.652443 3.94202 3.28955 
v 1.03818e-17 3.8854 3.20984 
v 0.334824 4.12285 4.33835 
v 0.82637 4.12285 4.49773 
v 0.823082 4.12285 3.66895 
v 1.31463 4.12285 3.82833 
v 0.548988 4.4315 3.80125 
v 0.82637 4.12285 4.49773 
v 1.31792 4.12285 4.6571 
v 1.31463 4.12285 3.82833 
v 1.80617 4.12285 3.9877 
v 1.31792 4.12285 4.6571 
v 1.80946 4.12285 4.81648 
v 1.80617 4.12285 3.9877 
v 2.29772 4.12285 4.14708 
v 2.02383 3.83362 -1.56787 
v 2.18098 3.83362 -1.70475 
v 2.02383 3.83362 -1.70475 
v 2.18858 3.99837 -1.56787 
v 2.38609 3.99837 -1.70475 
v 2.18858 3.99837 -1.70475 
v 2.38609 3.99837 -1.56787 
v 2.5836 3.99837 -1.70475 
v 3.47003 3.99837 -1.56787 
v 3.66754 3.99837 -1.70475 
v 3.47003 3.99837 -1.70475 
v 3.66754 3.99837 -1.56787 
v 3.66754 3.99837 -1.56787 
v 3.86505 3.99837 -1.70475 
v 3.66754 3.99837 -1.70475 
v 3.87705 3.83362 -1.56787 
v 4.03419 3.83362 -1.70475 
v 3.87705 3.83362 -1.70475 
v 4.04179 3.99837 -1.56787 
v 4.2393 3.99837 -1.70475 
v 4.04179 3.99837 -1.70475 
v 4.2393 3.99837 -1.56787 
v 4.43681 3.99837 -1.70475 
v 3.66754 3.99837 -1.56787 
v 3.86505 3.99837 -1.56787 
v 3.86505 3.99837 -1.70475 
v 2.18098 3.83362 -1.56787 
v 2.4812 3.58668 -1.4193 
v 4.33442 3.58668 -1.36491 
v 3.56803 3.58668 -1.4193 
v 3.56803 3.58668 -1.36491 
v 2.5836 3.99837 -1.56787 
v 4.03419 3.83362 -1.56787 
v 4.33442 3.58668 -1.4193 
v 4.43681 3.99837 -1.56787 
v 2.93562 4.12285 5.18162 
v 3.26399 4.12285 5.28809 
v 3.21487 4.12285 4.8212 
v 2.55711 4.31178 -1.10643 
v 2.55711 4.31178 -0.480676 
v 1.97616 4.43778 -1.1693 
v 2.62006 4.43778 0.0644538 
v 2.62006 4.43778 -1.1693 
v 3.26397 4.43778 0.0644538 
v 3.49212 4.31178 -1.10643 
v 4.41032 4.31178 -1.4193 
v 3.49212 4.31178 -1.4193 
v 3.49212 4.31178 -0.480676 
v 4.41032 4.31178 -0.793551 
v 3.49212 4.31178 -0.793551 
v 4.41032 4.31178 -0.480676 
v 4.41032 4.31178 -1.10643 
v 4.55177 4.43778 -1.1693 
v 4.55177 4.43778 0.0644538 
v 5.19568 4.43778 0.0644538 
v 3.90787 4.43778 -1.1693 
v 3.90787 4.43778 0.0644538 
v 1.80946 4.12285 4.81648 
v 2.30101 4.12285 4.97586 
v 2.29772 4.12285 4.14708 
v 2.30101 4.12285 4.97586 
v 2.61463 4.12285 5.07755 
v 2.58515 4.12285 4.60347 
v 2.78926 4.12285 4.30646 
v 2.30101 4.12285 4.97586 
v 2.58515 4.12285 4.60347 
v 2.78926 4.12285 4.30646 
v 2.89635 4.12285 4.71107 
v 2.61463 4.12285 5.07755 
v 2.93562 4.12285 5.18162 
v 2.89635 4.12285 4.71107 
v 3.21487 4.12285 4.8212 
v 3.54071 4.12285 4.93386 
v 3.26397 4.43778 -1.1693 
v 0.199521 4.665 -2.68228 
v 0.307881 4.665 -2.80685 
v 0.199521 4.665 -2.80685 
v 0.199521 4.665 -2.45542 
v 0.307881 4.665 -2.57999 
v 0.199521 4.665 -2.57999 
v 0.293345 4.68536 -2.46982 
v 0.293345 4.69725 -2.56019 
v 0.214056 4.68536 -2.46982 
v 0.293345 4.68536 -2.69668 
v 0.293345 4.69725 -2.78705 
v 0.214056 4.68536 -2.69668 
v 0.307881 4.665 -2.68228 
v 0.307881 4.665 -2.45542 
v 0.817098 4.61772 -2.86085 
v 0.553745 4.665 -2.45542 
v 0.662105 4.665 -2.57999 
v 0.553745 4.665 -2.57999 
v 0.553745 4.665 -2.68228 
v 0.662105 4.665 -2.80685 
v 0.553745 4.665 -2.80685 
v 0.199521 4.665 -2.25612 
v 0.307881 4.665 -2.38069 
v 0.199521 4.665 -2.38069 
v 0.293345 4.68536 -2.27052 
v 0.293345 4.69724 -2.3609 
v 0.214056 4.68536 -2.27052 
v 0.199521 4.665 -2.03247 
v 0.307881 4.665 -2.15704 
v 0.199521 4.665 -2.15704 
v 0.214056 4.68536 -2.04687 
v 0.293345 4.69724 -2.13725 
v 0.214056 4.69724 -2.13725 
v 0.214056 4.69724 -2.3609 
v 0.293345 4.68536 -2.04687 
v 0.307881 4.665 -2.25612 
v 0.553745 4.665 -2.03247 
v 0.662105 4.665 -2.15704 
v 0.553745 4.665 -2.15704 
v 0.553745 4.665 -2.25612 
v 0.662105 4.665 -2.38069 
v 0.553745 4.665 -2.38069 
v 0.56828 4.68536 -2.04687 
v 0.64757 4.69724 -2.13725 
v 0.56828 4.69724 -2.13725 
v 0.56828 4.68536 -2.27052 
v 0.64757 4.69724 -2.3609 
v 0.56828 4.69724 -2.3609 
v 0.214056 4.69725 -2.78705 
v 0.214056 4.69725 -2.56019 
v 0.281033 4.7035 -2.69144 
v 0.281033 4.72587 -2.75016 
v 0.226368 4.7035 -2.69144 
v 0.226368 4.72587 -2.75016 
v 0.56828 4.68536 -2.69668 
v 0.64757 4.69725 -2.78705 
v 0.56828 4.69725 -2.78705 
v 0.635258 4.7035 -2.69144 
v 0.635258 4.72587 -2.75016 
v 0.580592 4.7035 -2.69144 
v 0.56828 4.68536 -2.46982 
v 0.64757 4.69725 -2.56019 
v 0.56828 4.69725 -2.56019 
v 0.580592 4.7035 -2.46458 
v 0.635258 4.72587 -2.5233 
v 0.580592 4.72587 -2.5233 
v 0.580592 4.72587 -2.75016 
v 0.226368 4.7035 -2.46458 
v 0.281033 4.72587 -2.5233 
v 0.226368 4.72587 -2.5233 
v 0.281033 4.7035 -2.46458 
v 0.281033 4.7035 -2.26528 
v 0.281033 4.72587 -2.324 
v 0.226368 4.7035 -2.26528 
v 0.226368 4.7035 -2.04163 
v 0.281033 4.72587 -2.10035 
v 0.226368 4.72587 -2.10035 
v 0.226368 4.72587 -2.324 
v 0.580592 4.7035 -2.26528 
v 0.635258 4.72587 -2.324 
v 0.580592 4.72587 -2.324 
v 0.635258 4.7035 -2.26528 
v 0.635258 4.7035 -2.46458 
v 0.580592 4.7035 -2.04163 
v 0.635258 4.72587 -2.10035 
v 0.580592 4.72587 -2.10035 
v 0.64757 4.68536 -2.69668 
v 0.836121 4.46394 -2.70163 
v 0.885643 4.46394 -2.78705 
v 0.84801 4.46394 -2.79201 
v 0.873753 4.46394 -2.69668 
v 0.836121 4.46394 -2.47477 
v 0.885643 4.46394 -2.56019 
v 0.84801 4.46394 -2.56515 
v 0.806122 4.47848 -2.68228 
v 0.853394 4.47848 -2.80685 
v 0.806122 4.47848 -2.80685 
v 0.873753 4.46394 -2.46982 
v 0.875632 4.45163 -2.76489 
v 0.853254 4.45163 -2.70616 
v 0.914273 4.45163 -2.75016 
v 0.891895 4.45163 -2.69144 
v 0.891895 4.45163 -2.46458 
v 0.914273 4.45163 -2.5233 
v 0.853254 4.45163 -2.4793 
v 0.875632 4.45163 -2.53803 
v 0.806122 4.47848 -2.25612 
v 0.853394 4.47848 -2.38069 
v 0.806122 4.47848 -2.38069 
v 0.836121 4.46394 -2.27548 
v 0.885643 4.46394 -2.3609 
v 0.84801 4.46394 -2.36585 
v 0.873753 4.46394 -2.04687 
v 0.885643 4.46394 -2.13725 
v 0.836121 4.46394 -2.05183 
v 0.84801 4.46394 -2.1422 
v 0.853394 4.47848 -2.25612 
v 0.873753 4.46394 -2.27052 
v 0.875632 4.45163 -2.33873 
v 0.853254 4.45163 -2.28 
v 0.914273 4.45163 -2.324 
v 0.875632 4.45163 -2.11508 
v 0.853254 4.45163 -2.05635 
v 0.914273 4.45163 -2.10035 
v 0.891895 4.45163 -2.26528 
v 0.853394 4.47848 -2.68228 
v 0.814163 4.65557 -2.54492 
v 0.797464 4.63887 -2.48295 
v 0.842997 4.6844 -2.52938 
v 0.662105 4.665 -2.45542 
v 0.662105 4.665 -2.68228 
v 0.64757 4.68536 -2.46982 
v 0.806122 4.47848 -2.45542 
v 0.853394 4.47848 -2.57999 
v 0.806122 4.47848 -2.57999 
v 0.812446 4.67223 -2.80773 
v 0.862741 4.60419 -2.71235 
v 0.871613 4.61306 -2.80773 
v 0.853394 4.47848 -2.45542 
v 0.862741 4.60419 -2.47295 
v 0.812446 4.67223 -2.56832 
v 0.803574 4.66335 -2.47295 
v 0.803574 4.66335 -2.71235 
v 0.826299 4.6677 -2.46741 
v 0.662105 4.665 -2.25612 
v 0.662105 4.665 -2.03247 
v 0.64757 4.68536 -2.04687 
v 0.64757 4.68536 -2.27052 
v 0.74226 4.62373 -2.01141 
v 0.777535 4.65901 -2.14287 
v 0.74226 4.62373 -2.14287 
v 0.853394 4.47848 -2.03247 
v 0.853394 4.47848 -2.15704 
v 0.806122 4.47848 -2.03247 
v 0.806122 4.47848 -2.15704 
v 0.814163 4.65557 -2.3346 
v 0.797465 4.63887 -2.27263 
v 0.842998 4.6844 -2.31906 
v 0.307881 4.665 -2.03247 
v 0.281033 4.7035 -2.04163 
v 1.30015e-16 4.86228 -0.13576 
v 0.109082 4.86206 -0.134528 
v 0.109082 4.8871 -0.266779 
v 1.33082e-16 4.88732 -0.268011 
v 0.817098 4.61772 -1.05632 
v 0.107396 4.47591 -1.74083 
v 0.62847 4.51798 -1.88589 
v 0.107396 4.50388 -1.88856 
v 0.817098 4.61772 0.00285816 
v 0.817098 4.61772 -0.52673 
v 0.62847 4.86228 -0.13576 
v 0.109082 4.8871 -0.266779 
v 0.109082 4.86206 -0.134528 
v 1.0844e-16 4.6861 0.862745 
v 0.109082 4.86206 -0.134528 
v 1.30015e-16 4.86228 -0.13576 
v 0.106834 4.68352 0.865885 
v 1.08523e-16 4.68678 0.988525 
v 0.106834 4.6842 0.991664 
v 1.34853e-16 4.90178 4.23284 
v 0.548988 4.4315 3.80125 
v 7.26172e-17 4.39359 3.72134 
v 1.0844e-16 4.6861 0.862745 
v 0.106834 4.68352 0.865885 
v 0.737415 4.49947 4.76397 
v 0.777226 4.54367 2.5437 
v 0.817098 4.61772 1.66349 
v 0.109082 4.8871 -0.266779 
v 1.4574e-16 4.99068 -0.813927 
v 1.33082e-16 4.88732 -0.268011 
v 0.107396 5.14229 -1.61466 
v 0.116036 5.02164 -0.97742 
v 0.107396 5.14229 -1.61466 
v 0.107396 5.17026 -1.76239 
v 0.116036 5.02164 -0.97742 
v 0.116036 4.99068 -0.813927 
v 0.116036 4.99068 -0.813927 
v 0.116036 5.02164 -0.97742 
v 0.62847 5.14229 -1.61466 
v 0.107396 5.14229 -1.61466 
v 0.107396 5.14229 -1.61466 
v 0.62847 5.17026 -1.76239 
v 0.107396 5.17026 -1.76239 
v 1.97088e-16 5.40997 4.74434 
v 0.445532 4.92098 4.31295 
v 1.34853e-16 4.90178 4.23284 
v 0.159308 5.26738 5.94398 
v 0.127988 5.43406 6.06416 
v 0.084179 5.60054 6.15077 
v 0.056424 5.70511 6.21585 
v 0.180834 5.0047 5.715 
v 0.342077 5.41047 4.82466 
v 1.45404e-16 4.98794 5.33911 
v 0.259327 4.98843 5.4283 
v 0.342077 5.41047 4.82466 
v 1.97088e-16 5.40997 4.74434 
v 0.62847 5.02164 -0.97742 
v 0.777535 4.65901 -2.01141 
v 0.107396 4.47591 -1.74083 
v 0.62847 4.49001 -1.73816 
v 0.62847 4.51798 -1.88589 
v 0.814163 4.65557 -2.09858 
v 0.797464 4.63887 -2.03661 
v 0.842997 4.6844 -2.08304 
v 0.635258 4.7035 -2.04163 
v 0.858395 4.57815 -2.01141 
v 0.858395 4.57815 -2.14287 
v 0.777535 4.65901 -2.01141 
v 0.891895 4.45163 -2.04163 
v 0.867091 4.62691 -2.02107 
v 0.842997 4.6844 -2.08304 
v 0.826299 4.6677 -2.02107 
v 5.19568 4.43778 -1.1693 
v 0.106834 4.68352 0.865885 
v 0.713914 4.67504 0.988588 
v 0.713914 4.67437 0.862808 
v 0.768706 4.86228 -0.13576 
v 0.62847 4.54235 1.55399 
v 0.768706 4.54235 1.55399 
v 0.106834 4.6842 0.991664 
v 0.755024 4.59309 0.649572 
v 0.642151 5.02596 -1.63669 
v 0.642151 4.59309 0.649572 
v 0.445532 4.92098 4.31295 
v 0.107396 5.03292 -1.67343 
v 0.650414 5.04698 -1.74767 
v 0.107396 5.04698 -1.74767 
v 0.650414 5.03292 -1.67343 
v 0.62847 5.02164 -0.97742 
v 0.62847 5.14229 -1.61466 
v 0.62847 5.14229 -1.61466 
v 0.768706 5.14229 -1.61466 
v 0.62847 5.17026 -1.76239 
v 0.768706 5.02164 -0.97742 
v 0.768706 4.99068 -0.813927 
v 0.768706 5.02164 -0.97742 
v 0.62847 5.02164 -0.97742 
v 0.768706 5.14229 -1.61466 
v 0.768706 5.17026 -1.76239 
v 0.755024 5.02596 -1.63669 
v 0.62847 4.88732 -0.268011 
v 0.768706 4.99068 -0.813927 
v 0.62847 4.99068 -0.813927 
v 0.62847 4.88732 -0.268011 
v 0.62847 4.99068 -0.813927 
v 0.62847 4.99068 -0.813927 
v 0.62847 4.86228 -0.13576 
v 0.768706 4.88732 -0.268011 
v 0.62847 4.88732 -0.268011 
v 0.62847 4.86228 -0.13576 
v 0.768706 4.86228 -0.13576 
v 0.768706 4.88732 -0.268011 
v -0.891895 3.56879 -2.69144 
v -0.853254 3.51413 -2.70616 
v -0.853254 3.56879 -2.70616 
v -0.891895 3.51413 -2.69144 
v -0.853254 3.71561 -2.70616 
v -0.891895 3.77027 -2.69144 
v -0.891895 3.71561 -2.69144 
v -0.853254 3.77027 -2.70616 
v -0.891895 3.56879 -2.46458 
v -0.853254 3.51413 -2.4793 
v -0.853254 3.56879 -2.4793 
v -0.836121 3.50181 -2.70163 
v -0.873753 3.5811 -2.69668 
v -0.873753 3.50181 -2.69668 
v -0.836121 3.50181 -2.47477 
v -0.873753 3.5811 -2.46982 
v -0.873753 3.50181 -2.46982 
v -0.836121 3.70329 -2.47477 
v -0.873753 3.78258 -2.46982 
v -0.873753 3.70329 -2.46982 
v -0.891895 3.77027 -2.46458 
v -0.853254 3.71561 -2.4793 
v -0.853254 3.77027 -2.4793 
v -0.891895 3.51413 -2.46458 
v -0.891895 3.56879 -2.26528 
v -0.853254 3.51413 -2.28 
v -0.853254 3.56879 -2.28 
v -0.891895 3.51413 -2.26528 
v -0.853254 3.71561 -2.28 
v -0.891895 3.77027 -2.26528 
v -0.891895 3.71561 -2.26528 
v -0.891895 3.71561 -2.46458 
v -0.853254 3.77027 -2.28 
v -0.836121 3.50181 -2.27548 
v -0.873753 3.5811 -2.27052 
v -0.873753 3.50181 -2.27052 
v -0.891895 3.56879 -2.04163 
v -0.853254 3.51413 -2.05635 
v -0.853254 3.56879 -2.05635 
v -0.836121 3.70329 -2.27548 
v -0.873753 3.78258 -2.27052 
v -0.873753 3.70329 -2.27052 
v -0.891895 3.77027 -2.04163 
v -0.853254 3.71561 -2.05635 
v -0.853254 3.77027 -2.05635 
v -0.836121 3.9414 -2.47477 
v -0.873753 4.02069 -2.46982 
v -0.873753 3.9414 -2.46982 
v -0.891895 4.00838 -2.69144 
v -0.853254 3.95372 -2.70616 
v -0.853254 4.00838 -2.70616 
v -0.891895 3.95372 -2.69144 
v -0.853254 4.18816 -2.70616 
v -0.891895 4.24283 -2.69144 
v -0.891895 4.18816 -2.69144 
v -0.853254 4.24283 -2.70616 
v -0.891895 4.00838 -2.46458 
v -0.853254 3.95372 -2.4793 
v -0.853254 4.00838 -2.4793 
v -0.836121 3.9414 -2.70163 
v -0.873753 4.02069 -2.69668 
v -0.873753 3.9414 -2.69668 
v -0.836121 4.17585 -2.70163 
v -0.873753 4.25514 -2.69668 
v -0.873753 4.17585 -2.69668 
v -0.836121 4.17585 -2.47477 
v -0.873753 4.25514 -2.46982 
v -0.873753 4.17585 -2.46982 
v -0.891895 4.24283 -2.46458 
v -0.853254 4.18816 -2.4793 
v -0.853254 4.24283 -2.4793 
v -0.891895 3.95372 -2.46458 
v -0.891895 4.00838 -2.26528 
v -0.853254 3.95372 -2.28 
v -0.853254 4.00838 -2.28 
v -0.891895 3.95372 -2.26528 
v -0.853254 4.18816 -2.28 
v -0.891895 4.24283 -2.26528 
v -0.891895 4.18816 -2.26528 
v -0.891895 4.18816 -2.46458 
v -0.853254 4.24283 -2.28 
v -0.891895 4.00838 -2.04163 
v -0.853254 3.95372 -2.05635 
v -0.853254 4.00838 -2.05635 
v -0.836121 4.17585 -2.27548 
v -0.873753 4.25514 -2.27052 
v -0.873753 4.17585 -2.27052 
v -0.891895 4.24283 -2.04163 
v -0.853254 4.18816 -2.05635 
v -0.853254 4.24283 -2.05635 
v -0.836121 3.9414 -2.27548 
v -0.873753 4.02069 -2.27052 
v -0.873753 3.9414 -2.27052 
v -0.836121 3.5811 -2.70163 
v -0.836121 3.5811 -2.47477 
v -0.836121 3.70329 -2.70163 
v -0.873753 3.78258 -2.69668 
v -0.873753 3.70329 -2.69668 
v -0.836121 3.78258 -2.70163 
v -0.806122 3.68876 -2.68228 
v -0.853394 3.79712 -2.68228 
v -0.853394 3.68876 -2.68228 
v -0.806122 3.48728 -2.68228 
v -0.853394 3.59564 -2.68228 
v -0.853394 3.48728 -2.68228 
v -0.806122 3.48728 -2.45542 
v -0.853394 3.59564 -2.45542 
v -0.853394 3.48728 -2.45542 
v -0.806122 3.59564 -2.68228 
v -0.806122 3.68876 -2.45542 
v -0.853394 3.79712 -2.45542 
v -0.853394 3.68876 -2.45542 
v -0.806122 3.59564 -2.45542 
v -0.836121 3.5811 -2.27548 
v -0.836121 3.50181 -2.05183 
v -0.873753 3.5811 -2.04687 
v -0.873753 3.50181 -2.04687 
v -0.836121 3.70329 -2.05183 
v -0.873753 3.78258 -2.04687 
v -0.873753 3.70329 -2.04687 
v -0.836121 3.78258 -2.27548 
v -0.836121 3.5811 -2.05183 
v -0.806122 3.48728 -2.25612 
v -0.853394 3.59564 -2.25612 
v -0.853394 3.48728 -2.25612 
v -0.806122 3.59564 -2.25612 
v -0.806122 3.68876 -2.25612 
v -0.853394 3.79712 -2.25612 
v -0.853394 3.68876 -2.25612 
v -0.836121 3.78258 -2.47477 
v -0.836121 4.02069 -2.70163 
v -0.806122 3.92687 -2.68228 
v -0.853394 4.03523 -2.68228 
v -0.853394 3.92687 -2.68228 
v -0.836121 4.02069 -2.47477 
v -0.806122 4.16131 -2.68228 
v -0.853394 4.26967 -2.68228 
v -0.853394 4.16131 -2.68228 
v -0.806122 3.92687 -2.45542 
v -0.853394 4.03523 -2.45542 
v -0.853394 3.92687 -2.45542 
v -0.806122 3.79712 -2.68228 
v -0.806122 3.79712 -2.45542 
v -0.806122 4.03523 -2.68228 
v -0.806122 4.03523 -2.45542 
v -0.806122 4.16131 -2.45542 
v -0.853394 4.26968 -2.45542 
v -0.853394 4.16131 -2.45542 
v -0.836121 4.02069 -2.27548 
v -0.836121 3.78258 -2.05183 
v -0.873753 4.02069 -2.04687 
v -0.836121 3.9414 -2.05183 
v -0.836121 4.02069 -2.05183 
v -0.836121 4.25514 -2.27548 
v -0.806122 3.92687 -2.25612 
v -0.853394 4.03523 -2.25612 
v -0.853394 3.92687 -2.25612 
v -0.806122 3.79712 -2.25612 
v -0.806122 4.03523 -2.25612 
v -0.806122 4.16131 -2.25612 
v -0.853394 4.26967 -2.25612 
v -0.853394 4.16131 -2.25612 
v -0.873753 3.9414 -2.04687 
v -3.87705 3.4386 -1.56787 
v -4.03419 3.63611 -1.56787 
v -4.03419 3.4386 -1.56787 
v -3.87705 3.63611 -1.56787 
v -4.03419 3.83362 -1.56787 
v -4.03419 3.63611 -1.56787 
v -4.2393 3.84122 -1.56787 
v -4.43681 3.99837 -1.56787 
v -4.43681 3.84122 -1.56787 
v -4.04179 3.84122 -1.56787 
v -4.2393 3.99837 -1.56787 
v -4.03419 3.63611 -1.56787 
v -3.87705 3.4386 -1.56787 
v -3.87705 3.63611 -1.56787 
v -2.02383 3.4386 -1.56787 
v -2.18098 3.63611 -1.56787 
v -2.18098 3.4386 -1.56787 
v -2.02383 3.63611 -1.56787 
v -2.18098 3.83362 -1.56787 
v -2.18098 3.63611 -1.56787 
v -3.87705 3.83362 -1.56787 
v -2.38609 3.84122 -1.56787 
v -2.5836 3.99837 -1.56787 
v -2.5836 3.84122 -1.56787 
v -2.18858 3.84122 -1.56787 
v -2.38609 3.99837 -1.56787 
v -3.86505 3.99837 -1.56787 
v -3.86505 3.84122 -1.56787 
v -3.66754 3.84122 -1.56787 
v -3.49212 4.31178 -0.480676 
v -4.41032 3.52133 -0.480676 
v -3.49212 3.52133 -0.480676 
v -3.66754 3.99837 -1.56787 
v -3.66754 3.84122 -1.56787 
v -3.47003 3.84122 -1.56787 
v -4.04179 3.99837 -1.56787 
v -2.93562 4.12285 5.18162 
v -3.26399 3.83242 5.28809 
v -2.93562 3.83242 5.18162 
v -2.30101 4.12285 4.97586 
v -2.61463 3.83242 5.07755 
v -2.30101 3.83242 4.97586 
v -2.61463 4.12285 5.07755 
v -2.93562 3.83242 5.18162 
v -2.61463 3.83242 5.07755 
v -2.30101 3.83242 4.97586 
v -2.30101 4.12285 4.97586 
v -3.66754 3.99837 -1.56787 
v -4.41032 4.31178 -0.480676 
v -3.87265 4.20348 -1.56787 
v -4.0298 4.00597 -1.56787 
v -3.87265 4.00597 -1.56787 
v -4.0298 4.20348 -1.56787 
v -3.47003 3.99837 -1.56787 
v -2.18858 3.99837 -1.56787 
v -2.55711 4.31178 -0.480676 
v -2.55711 3.52133 -0.480676 
v -1.63891 4.31178 -0.480676 
v -2.62006 4.09664 0.0644538 
v -3.26397 4.43778 0.0644538 
v -3.26397 4.09664 0.0644538 
v -1.97616 4.09664 0.0644538 
v -2.62006 4.43778 0.0644538 
v -4.55177 4.09664 0.0644538 
v -5.19568 4.43778 0.0644538 
v -5.19568 4.09664 0.0644538 
v -2.93562 4.12285 5.18162 
v -3.26399 4.12285 5.28809 
v -3.90787 4.09664 0.0644538 
v -4.55177 4.43778 0.0644538 
v -3.90787 4.43778 0.0644538 
v -2.61463 4.12285 5.07755 
v -2.30101 4.12285 4.97586 
v -2.30101 3.83242 4.97586 
v -1.80946 4.12285 4.81648 
v -2.30101 4.12285 4.97586 
v -2.30101 4.12285 4.97586 
v -2.30101 4.12285 4.97586 
v -2.78926 4.12285 4.30646 
v -2.01944 4.20348 -1.56787 
v -2.17658 4.20348 -1.56787 
v -2.17658 4.00597 -1.56787 
v -0.891895 3.51413 -2.04163 
v -2.18098 3.63611 -1.56787 
v -2.02383 3.4386 -1.56787 
v -2.02383 3.63611 -1.56787 
v -2.02383 3.83362 -1.56787 
v -2.01183 3.99837 -1.56787 
v -2.01183 3.84122 -1.56787 
v -1.81432 3.84122 -1.56787 
v -0.891895 3.71561 -2.04163 
v -0.806122 3.48728 -2.03247 
v -0.853394 3.59564 -2.03247 
v -0.853394 3.48728 -2.03247 
v -0.806122 3.59564 -2.03247 
v -0.806122 3.68876 -2.03247 
v -0.853394 3.79712 -2.03247 
v -0.853394 3.68876 -2.03247 
v -0.806122 3.79712 -2.03247 
v -1.81432 3.99837 -1.56787 
v -1.81432 3.84122 -1.56787 
v -1.61681 3.84122 -1.56787 
v -1.63891 3.52133 -0.480676 
v 0.76781 3.04429 4.78734 
v -0.76781 3.31638 4.78734 
v -0.76781 3.04429 4.78734 
v -1.80946 3.83242 4.81648 
v -0.334824 4.12285 4.33835 
v -0.82637 3.83242 4.49773 
v -0.334824 3.83242 4.33835 
v 0.737415 3.32504 4.76397 
v -0.737415 4.49947 4.76397 
v -0.737415 3.32504 4.76397 
v 0.180834 3.04617 3.85163 
v -0.180834 3.43788 4.2243 
v -0.180834 3.04617 3.85163 
v 0.180834 3.43788 4.2243 
v -0.180834 3.82958 4.59698 
v -0.180834 3.43788 4.2243 
v 2.01637e-17 3.96527 4.32216 
v -0.57145 3.51056 3.89339 
v -4.24563e-17 3.45394 3.81368 
v -0.82637 4.12285 4.49773 
v -1.31792 3.83242 4.6571 
v -0.82637 3.83242 4.49773 
v -1.81432 3.99837 -1.56787 
v -1.61681 3.99837 -1.56787 
v -0.891895 3.95372 -2.04163 
v -2.01944 4.00597 -1.56787 
v -0.891895 4.18816 -2.04163 
v -0.806122 3.92687 -2.03247 
v -0.853394 4.03523 -2.03247 
v -0.853394 3.92687 -2.03247 
v -0.806122 4.03523 -2.03247 
v -0.806122 4.16131 -2.03247 
v -0.853394 4.26968 -2.03247 
v -0.853394 4.16131 -2.03247 
v -0.836121 4.17585 -2.05183 
v -0.873753 4.25514 -2.04687 
v -0.873753 4.17585 -2.04687 
v -0.688356 4.09664 0.0644538 
v -1.33226 4.43778 0.0644538 
v -1.33226 4.09664 0.0644538 
v -1.31792 4.12285 4.6571 
v -1.80946 3.83242 4.81648 
v -1.31792 3.83242 4.6571 
v -1.80946 4.12285 4.81648 
v -1.31792 4.12285 4.6571 
v -1.97616 4.43778 0.0644538 
v -0.82637 4.12285 4.49773 
v 0.180834 3.82958 4.59698 
v -0.180834 4.22129 4.96965 
v -0.180834 3.82958 4.59698 
v 8.27837e-17 4.47661 4.83063 
v -0.467409 4.00319 4.40503 
v 2.01637e-17 3.96527 4.32216 
v 0.817098 4.61772 2.2413 
v -0.817098 4.61772 2.2413 
v -0.817098 3.31638 2.2413 
v -0.836121 4.25514 -2.70163 
v -0.836121 4.38465 -2.70163 
v -0.873753 4.46394 -2.69668 
v -0.873753 4.38465 -2.69668 
v -0.853254 4.39697 -2.70616 
v -0.891895 4.45163 -2.69144 
v -0.891895 4.39697 -2.69144 
v -0.853254 4.45163 -2.70616 
v -0.891895 4.45163 -2.46458 
v -0.853254 4.39697 -2.4793 
v -0.853254 4.45163 -2.4793 
v -0.836121 4.46394 -2.70163 
v -0.806122 4.26967 -2.68228 
v -0.836121 4.25514 -2.47477 
v -0.806122 4.37012 -2.68228 
v -0.853394 4.47848 -2.68228 
v -0.853394 4.37012 -2.68228 
v -0.873753 4.46394 -2.46982 
v -0.836121 4.38465 -2.47477 
v -0.836121 4.46394 -2.47477 
v -0.873753 4.38465 -2.46982 
v -0.891895 4.39697 -2.46458 
v -0.836121 4.38465 -2.27548 
v -0.873753 4.46394 -2.27052 
v -0.873753 4.38465 -2.27052 
v -0.853254 4.39697 -2.28 
v -0.891895 4.45163 -2.26528 
v -0.891895 4.39697 -2.26528 
v -0.853254 4.45163 -2.28 
v -0.836121 4.46394 -2.27548 
v -0.806122 4.26968 -2.45542 
v -0.806122 4.26967 -2.25612 
v -0.806122 4.37012 -2.25612 
v -0.853394 4.47848 -2.25612 
v -0.853394 4.37012 -2.25612 
v -0.806122 4.37012 -2.45542 
v -0.853394 4.47848 -2.45542 
v -0.853394 4.37012 -2.45542 
v -0.806122 4.47848 -2.25612 
v -0.806122 4.47848 -2.68228 
v -0.834659 4.5761 -2.47817 
v -0.803574 4.66335 -2.47295 
v -0.862741 4.60419 -2.47295 
v -0.834659 4.5761 -2.71758 
v -0.803574 4.66335 -2.71235 
v -0.862741 4.60419 -2.71235 
v -0.838257 4.59808 -2.72236 
v -0.826299 4.6677 -2.70682 
v -0.867091 4.62691 -2.70682 
v -0.797465 4.63887 -2.72236 
v -0.74226 4.62373 -2.69715 
v -0.858395 4.57815 -2.69715 
v -0.82312 4.54287 -2.69715 
v -0.775492 4.63527 -2.47817 
v -0.775492 4.63527 -2.71758 
v -0.838257 4.59808 -2.48295 
v -0.797464 4.63887 -2.48295 
v -0.826299 4.6677 -2.46741 
v -0.867091 4.62691 -2.46741 
v -0.806122 4.47848 -2.45542 
v -0.775492 4.63527 -2.26785 
v -0.862741 4.60419 -2.26263 
v -0.834659 4.5761 -2.26785 
v -0.838257 4.59808 -2.27263 
v -0.826299 4.6677 -2.25709 
v -0.867091 4.62691 -2.25709 
v -0.797465 4.63887 -2.27263 
v -0.82312 4.54287 -2.24743 
v -0.777535 4.65901 -2.24743 
v -0.858395 4.57815 -2.24743 
v -0.74226 4.62373 -2.45775 
v -0.858395 4.57815 -2.45775 
v -0.82312 4.54287 -2.45775 
v -0.777535 4.65901 -2.45775 
v -0.803574 4.66335 -2.26263 
v -0.777535 4.65901 -2.69715 
v -0.553745 4.665 -2.68228 
v -0.662105 4.61772 -2.68228 
v -0.553745 4.61772 -2.68228 
v -0.553745 4.665 -2.45542 
v -0.662105 4.665 -2.45542 
v -0.662105 4.61772 -2.45542 
v -0.662105 4.665 -2.68228 
v -0.56828 4.68536 -2.46982 
v -0.64757 4.64772 -2.47477 
v -0.56828 4.64772 -2.47477 
v -0.553745 4.61772 -2.45542 
v -0.199521 4.665 -2.68228 
v -0.307881 4.61772 -2.68228 
v -0.199521 4.61772 -2.68228 
v -0.307881 4.665 -2.68228 
v -0.214056 4.68536 -2.46982 
v -0.293345 4.64772 -2.47477 
v -0.214056 4.64772 -2.47477 
v -0.214056 4.68536 -2.69668 
v -0.293345 4.64772 -2.70163 
v -0.214056 4.64772 -2.70163 
v -0.199521 4.665 -2.45542 
v -0.307881 4.61772 -2.45542 
v -0.199521 4.61772 -2.45542 
v -0.553745 4.665 -2.25612 
v -0.662105 4.61772 -2.25612 
v -0.553745 4.61772 -2.25612 
v -0.74226 4.62373 -2.24743 
v -0.662105 4.665 -2.25612 
v -0.56828 4.68536 -2.27052 
v -0.64757 4.64772 -2.27548 
v -0.56828 4.64772 -2.27548 
v -0.307881 4.665 -2.45542 
v -0.199521 4.665 -2.25612 
v -0.307881 4.61772 -2.25612 
v -0.199521 4.61772 -2.25612 
v -0.307881 4.665 -2.25612 
v -0.214056 4.68536 -2.27052 
v -0.293345 4.64772 -2.27548 
v -0.214056 4.64772 -2.27548 
v -0.56828 4.68536 -2.69668 
v -0.64757 4.64772 -2.70163 
v -0.56828 4.64772 -2.70163 
v -0.64757 4.68536 -2.69668 
v -0.64757 4.68536 -2.46982 
v -0.580592 4.7035 -2.69144 
v -0.635258 4.66486 -2.70616 
v -0.580592 4.66486 -2.70616 
v -0.635258 4.7035 -2.69144 
v -0.580592 4.7035 -2.46458 
v -0.635258 4.66486 -2.4793 
v -0.580592 4.66486 -2.4793 
v -0.293345 4.68536 -2.69668 
v -0.226368 4.7035 -2.46458 
v -0.281033 4.66486 -2.4793 
v -0.226368 4.66486 -2.4793 
v -0.226368 4.7035 -2.69144 
v -0.281033 4.66486 -2.70616 
v -0.226368 4.66486 -2.70616 
v -0.281033 4.7035 -2.69144 
v -0.293345 4.68536 -2.46982 
v -0.580592 4.7035 -2.26528 
v -0.635258 4.66486 -2.28 
v -0.580592 4.66486 -2.28 
v -0.64757 4.68536 -2.27052 
v -0.635258 4.7035 -2.46458 
v -0.635258 4.7035 -2.26528 
v -0.293345 4.68536 -2.27052 
v -0.226368 4.7035 -2.26528 
v -0.281033 4.66486 -2.28 
v -0.226368 4.66486 -2.28 
v -0.281033 4.7035 -2.46458 
v -0.281033 4.7035 -2.26528 
v -0.891895 4.45163 -2.04163 
v -0.853254 4.39697 -2.05635 
v -0.853254 4.45163 -2.05635 
v -3.87265 4.40099 -1.56787 
v -2.01944 4.40099 -1.56787 
v -4.0298 4.40099 -1.56787 
v -2.17658 4.40099 -1.56787 
v -0.891895 4.39697 -2.04163 
v -0.836121 4.25514 -2.05183 
v -0.806122 4.26968 -2.03247 
v -0.806122 4.37012 -2.03247 
v -0.853394 4.47848 -2.03247 
v -0.853394 4.37012 -2.03247 
v -0.836121 4.38465 -2.05183 
v -0.873753 4.46394 -2.04687 
v -0.873753 4.38465 -2.04687 
v -0.642151 4.05714 0.548098 
v -0.755024 4.59309 0.649572 
v -0.755024 4.05714 0.548098 
v -0.688356 4.43778 0.0644538 
v -0.642151 4.59309 0.649572 
v -0.62847 4.40066 -1.75508 
v -0.768706 4.49001 -1.73816 
v -0.768706 4.40066 -1.75508 
v -0.836121 4.46394 -2.05183 
v -0.834659 4.5761 -2.03183 
v -0.803574 4.66335 -2.02661 
v -0.862741 4.60419 -2.02661 
v -0.797464 4.63887 -2.03661 
v -0.867091 4.62691 -2.02107 
v -0.838257 4.59808 -2.03661 
v -0.826299 4.6677 -2.02107 
v -0.806122 4.47848 -2.03247 
v -0.82312 4.54287 -2.01141 
v -0.777535 4.65901 -2.01141 
v -0.858395 4.57815 -2.01141 
v -0.74226 4.62373 -2.01141 
v -0.775492 4.63527 -2.03183 
v -0.553745 4.665 -2.03247 
v -0.662105 4.665 -2.03247 
v -0.662105 4.61772 -2.03247 
v -0.62847 4.49001 -1.73816 
v -0.62847 4.49001 -1.73816 
v -0.768706 5.02596 -1.63669 
v -0.768706 4.49001 -1.73816 
v -0.62847 4.42603 1.53196 
v -0.768706 4.54235 1.55399 
v -0.768706 4.42603 1.53196 
v -0.62847 4.56659 -0.894222 
v -0.768706 4.87436 -0.835951 
v -0.768706 4.56659 -0.894222 
v -0.768706 4.74596 -0.157785 
v -0.768706 4.5902 -0.187275 
v -0.62847 4.74596 -0.157785 
v -0.62847 4.87436 -0.835951 
v -0.62847 4.54235 1.55399 
v -0.62847 4.5902 -0.187274 
v -0.62847 5.02596 -1.63669 
v -0.56828 4.68536 -2.04687 
v -0.64757 4.68536 -2.04687 
v -0.64757 4.64772 -2.05183 
v -0.107396 4.47591 -1.74083 
v -0.62847 4.40066 -1.75508 
v -0.107396 4.40438 -1.75437 
v -0.62847 4.40066 -1.75508 
v -0.107396 4.47591 -1.74083 
v -0.62847 4.49001 -1.73816 
v -0.553745 4.61772 -2.03247 
v -0.56828 4.64772 -2.05183 
v -0.199521 4.665 -2.03247 
v -0.307881 4.665 -2.03247 
v -0.307881 4.61772 -2.03247 
v 8.2698e-17 4.47591 -1.74083 
v -0.107396 4.40438 -1.75437 
v 7.39381e-17 4.40438 -1.75437 
v -0.107396 4.47591 -1.74083 
v -0.199521 4.61772 -2.03247 
v -0.214056 4.68536 -2.04687 
v -0.293345 4.64772 -2.05183 
v -0.214056 4.64772 -2.05183 
v 1.5006e-16 5.02596 -1.63669 
v -0.107396 4.47591 -1.74083 
v 8.2698e-17 4.47591 -1.74083 
v -0.62847 4.55682 0.910201 
v -0.116036 4.55682 0.910201 
v -0.62847 4.64791 0.927447 
v -0.106834 4.56788 0.99229 
v -0.713914 4.67504 0.988588 
v -0.713914 4.55872 0.989214 
v -0.116036 4.64791 0.927447 
v -0.106834 4.6842 0.991664 
v 1.45404e-16 4.98794 5.33911 
v -0.363368 4.49581 4.91666 
v 8.27837e-17 4.47661 4.83063 
v 0.180834 4.22129 4.96965 
v -0.180834 4.613 5.34233 
v -0.180834 4.22129 4.96965 
v 9.4277e-17 4.57046 0.989151 
v -0.106834 4.6842 0.991664 
v -0.106834 4.56788 0.99229 
v 1.08523e-16 4.68678 0.988525 
v -0.107396 4.48286 -1.77758 
v -0.650414 5.03292 -1.67343 
v -0.650414 4.48286 -1.77758 
v -0.580592 4.7035 -2.04163 
v -0.635258 4.66486 -2.05635 
v -0.580592 4.66486 -2.05635 
v -0.293345 4.68536 -2.04687 
v -0.635258 4.7035 -2.04163 
v -0.107396 5.03292 -1.67343 
v -0.226368 4.7035 -2.04163 
v -0.281033 4.7035 -2.04163 
v -0.281033 4.66486 -2.05635 
v -0.226368 4.66486 -2.05635 
v -0.107396 5.02596 -1.63669 
v -0.107396 5.14229 -1.61466 
v -0.107396 5.02596 -1.63669 
v 1.5006e-16 5.02596 -1.63669 
v 1.64306e-16 5.14229 -1.61466 
v -0.62847 4.87436 -0.835951 
v -0.116036 4.87436 -0.835951 
v -0.62847 4.99068 -0.813927 
v -0.109082 4.86206 -0.134528 
v -0.62847 4.74596 -0.157785 
v -0.109082 4.74574 -0.156553 
v 0.180834 4.613 5.34233 
v -0.180834 5.0047 5.715 
v -0.180834 4.613 5.34233 
v -0.62847 4.86228 -0.13576 
v -0.116036 4.99068 -0.813927 
v 0.159308 5.26738 5.94398 
v -0.159308 5.26738 5.94398 
v -0.159308 5.01645 5.70525 
v 0.127988 5.43406 6.06416 
v -0.127988 5.43406 6.06416 
v -0.127988 5.23247 5.87236 
v 0.084179 5.60054 6.15077 
v -0.0841791 5.60054 6.15077 
v -0.0841791 5.46795 6.02462 
v 0.056424 5.70511 6.21585 
v -0.0564241 5.70511 6.21585 
v -0.0564241 5.61624 6.13129 
v 0.0304991 5.75878 6.22935 
v -0.0304992 5.75878 6.22935 
v -0.0304992 5.71075 6.18364 
v 0.853394 3.59564 -2.68228 
v 0.806122 3.48728 -2.68228 
v 0.853394 3.48728 -2.68228 
v 0.806122 3.59564 -2.68228 
v 0.806122 3.59564 -2.45542 
v 0.806122 3.48728 -2.45542 
v 0.853394 3.59564 -2.45542 
v 0.853394 3.79712 -2.68228 
v 0.806122 3.68876 -2.68228 
v 0.853394 3.68876 -2.68228 
v 0.836121 3.5811 -2.70163 
v 0.836121 3.50181 -2.70163 
v 0.873753 3.5811 -2.69668 
v 0.836121 3.5811 -2.47477 
v 0.836121 3.50181 -2.47477 
v 0.873753 3.5811 -2.46982 
v 0.873753 3.50181 -2.46982 
v 0.836121 3.78258 -2.70163 
v 0.836121 3.70329 -2.70163 
v 0.873753 3.78258 -2.69668 
v 0.836121 3.78258 -2.47477 
v 0.836121 3.70329 -2.47477 
v 0.873753 3.78258 -2.46982 
v 0.853394 3.48728 -2.45542 
v 0.853394 3.59564 -2.25612 
v 0.806122 3.48728 -2.25612 
v 0.853394 3.48728 -2.25612 
v 0.806122 3.59564 -2.25612 
v 0.853394 3.79712 -2.25612 
v 0.806122 3.68876 -2.25612 
v 0.853394 3.68876 -2.25612 
v 0.853394 3.79712 -2.45542 
v 0.806122 3.68876 -2.45542 
v 0.853394 3.68876 -2.45542 
v 0.836121 3.5811 -2.05183 
v 0.836121 3.50181 -2.05183 
v 0.873753 3.5811 -2.04687 
v 0.836121 3.5811 -2.27548 
v 0.836121 3.50181 -2.27548 
v 0.873753 3.5811 -2.27052 
v 0.873753 3.78258 -2.04687 
v 0.836121 3.70329 -2.05183 
v 0.873753 3.70329 -2.04687 
v 0.836121 3.78258 -2.27548 
v 0.836121 3.70329 -2.27548 
v 0.873753 3.78258 -2.27052 
v 0.836121 3.78258 -2.05183 
v 0.806122 3.79712 -2.25612 
v 0.806122 3.79712 -2.68228 
v 0.806122 3.79712 -2.45542 
v 0.853394 4.03523 -2.45542 
v 0.806122 3.92687 -2.45542 
v 0.853394 3.92687 -2.45542 
v 0.806122 4.03523 -2.68228 
v 0.806122 3.92687 -2.68228 
v 0.853394 4.03523 -2.68228 
v 0.853394 3.92687 -2.68228 
v 0.836121 4.02069 -2.70163 
v 0.836121 3.9414 -2.70163 
v 0.873753 4.02069 -2.69668 
v 0.836121 4.02069 -2.47477 
v 0.836121 3.9414 -2.47477 
v 0.873753 4.02069 -2.46982 
v 0.853394 4.26967 -2.68228 
v 0.806122 4.16131 -2.68228 
v 0.853394 4.16131 -2.68228 
v 0.836121 4.25514 -2.70163 
v 0.836121 4.17585 -2.70163 
v 0.873753 4.25514 -2.69668 
v 0.806122 4.03523 -2.45542 
v 0.853394 4.03523 -2.25612 
v 0.806122 3.92687 -2.25612 
v 0.853394 3.92687 -2.25612 
v 0.806122 4.03523 -2.25612 
v 0.853394 4.26967 -2.25612 
v 0.806122 4.16131 -2.25612 
v 0.853394 4.16131 -2.25612 
v 0.853394 4.26968 -2.45542 
v 0.806122 4.16131 -2.45542 
v 0.853394 4.16131 -2.45542 
v 0.836121 4.02069 -2.05183 
v 0.836121 3.9414 -2.05183 
v 0.873753 4.02069 -2.04687 
v 0.873753 4.02069 -2.27052 
v 0.836121 3.9414 -2.27548 
v 0.873753 3.9414 -2.27052 
v 0.836121 4.02069 -2.27548 
v 0.836121 4.25514 -2.27548 
v 0.836121 4.17585 -2.27548 
v 0.873753 4.25514 -2.27052 
v 0.873753 3.50181 -2.69668 
v 0.873753 3.70329 -2.69668 
v 0.891895 3.56879 -2.46458 
v 0.853254 3.56879 -2.4793 
v 0.853254 3.51413 -2.4793 
v 0.873753 3.70329 -2.46982 
v 0.891895 3.77027 -2.46458 
v 0.853254 3.77027 -2.4793 
v 0.853254 3.71561 -2.4793 
v 0.891895 3.56879 -2.69144 
v 0.853254 3.56879 -2.70616 
v 0.853254 3.51413 -2.70616 
v 0.891895 3.51413 -2.69144 
v 0.891895 3.51413 -2.46458 
v 0.891895 3.77027 -2.69144 
v 0.853254 3.71561 -2.70616 
v 0.891895 3.71561 -2.69144 
v 0.853254 3.77027 -2.70616 
v 0.891895 3.71561 -2.46458 
v 0.873753 3.50181 -2.27052 
v 0.891895 3.56879 -2.04163 
v 0.853254 3.56879 -2.05635 
v 0.853254 3.51413 -2.05635 
v 0.873753 3.70329 -2.27052 
v 0.891895 3.77027 -2.04163 
v 0.853254 3.77027 -2.05635 
v 0.853254 3.71561 -2.05635 
v 0.891895 3.77027 -2.26528 
v 0.853254 3.77027 -2.28 
v 0.853254 3.71561 -2.28 
v 0.891895 3.56879 -2.26528 
v 0.853254 3.51413 -2.28 
v 0.891895 3.51413 -2.26528 
v 0.853254 3.56879 -2.28 
v 0.891895 3.71561 -2.26528 
v 0.873753 3.9414 -2.46982 
v 0.873753 3.9414 -2.69668 
v 0.891895 4.00838 -2.46458 
v 0.853254 4.00838 -2.4793 
v 0.853254 3.95372 -2.4793 
v 0.873753 4.17585 -2.69668 
v 0.873753 4.25514 -2.46982 
v 0.836121 4.17585 -2.47477 
v 0.873753 4.17585 -2.46982 
v 0.891895 4.24283 -2.46458 
v 0.853254 4.24283 -2.4793 
v 0.853254 4.18816 -2.4793 
v 0.891895 4.00838 -2.69144 
v 0.853254 4.00838 -2.70616 
v 0.853254 3.95372 -2.70616 
v 0.891895 3.95372 -2.69144 
v 0.891895 4.24283 -2.69144 
v 0.853254 4.18816 -2.70616 
v 0.891895 4.18816 -2.69144 
v 0.853254 4.24283 -2.70616 
v 0.891895 3.95372 -2.46458 
v 0.891895 4.00838 -2.26528 
v 0.853254 4.00838 -2.28 
v 0.853254 3.95372 -2.28 
v 0.891895 4.00838 -2.04163 
v 0.853254 4.00838 -2.05635 
v 0.853254 3.95372 -2.05635 
v 0.873753 4.17585 -2.27052 
v 0.891895 4.24283 -2.04163 
v 0.853254 4.24283 -2.05635 
v 0.853254 4.18816 -2.05635 
v 0.891895 4.24283 -2.26528 
v 0.853254 4.24283 -2.28 
v 0.853254 4.18816 -2.28 
v 0.891895 3.95372 -2.26528 
v 0.891895 4.18816 -2.26528 
v 0.891895 4.18816 -2.46458 
v 0.873753 3.9414 -2.04687 
v 0.853394 3.59564 -2.03247 
v 0.806122 3.48728 -2.03247 
v 0.853394 3.48728 -2.03247 
v 0.806122 3.59564 -2.03247 
v 0.853394 3.79712 -2.03247 
v 0.806122 3.68876 -2.03247 
v 0.853394 3.68876 -2.03247 
v 0.806122 3.79712 -2.03247 
v 0.873753 3.50181 -2.04687 
v 0.891895 3.51413 -2.04163 
v 2.02383 3.4386 -1.56787 
v 2.18098 3.63611 -1.56787 
v 2.02383 3.63611 -1.56787 
v 0.891895 3.71561 -2.04163 
v 2.02383 3.63611 -1.56787 
v 2.18098 3.83362 -1.56787 
v 2.02383 3.83362 -1.56787 
v 2.01183 3.99837 -1.56787 
v 1.81432 3.84122 -1.56787 
v 2.01183 3.84122 -1.56787 
v 0.180834 3.43788 4.2243 
v 0.76781 3.31638 4.78734 
v 0.57145 3.51056 3.89339 
v 2.01637e-17 3.96527 4.32216 
v -4.24563e-17 3.45394 3.81368 
v 0.180834 3.82958 4.59698 
v 0.817098 3.31638 2.2413 
v 1.81432 3.99837 -1.56787 
v 1.61681 3.84122 -1.56787 
v 1.81432 3.84122 -1.56787 
v 1.63891 4.31178 -0.480676 
v 1.63891 3.52133 -0.480676 
v 2.55711 3.52133 -0.480676 
v 1.80946 4.12285 4.81648 
v 1.80946 3.83242 4.81648 
v 2.30101 3.83242 4.97586 
v 0.334824 4.12285 4.33835 
v 0.334824 3.83242 4.33835 
v 0.82637 3.83242 4.49773 
v 1.31792 4.12285 4.6571 
v 1.31792 3.83242 4.6571 
v 1.80946 3.83242 4.81648 
v 0.853394 4.03523 -2.03247 
v 0.806122 3.92687 -2.03247 
v 0.853394 3.92687 -2.03247 
v 0.806122 4.03523 -2.03247 
v 0.853394 4.26968 -2.03247 
v 0.806122 4.16131 -2.03247 
v 0.853394 4.16131 -2.03247 
v 0.873753 4.25514 -2.04687 
v 0.836121 4.17585 -2.05183 
v 0.873753 4.17585 -2.04687 
v 0.891895 3.95372 -2.04163 
v 1.81432 3.99837 -1.56787 
v 1.81432 3.84122 -1.56787 
v 2.01183 3.99837 -1.56787 
v 1.61681 3.99837 -1.56787 
v 2.17658 4.00597 -1.56787 
v 2.01944 4.20348 -1.56787 
v 2.01944 4.00597 -1.56787 
v 0.891895 4.18816 -2.04163 
v 1.33226 4.43778 0.0644538 
v 0.688356 4.09664 0.0644538 
v 1.33226 4.09664 0.0644538 
v 0.82637 4.12285 4.49773 
v 0.180834 4.22129 4.96965 
v 0.737415 4.49947 4.76397 
v 0.467409 4.00319 4.40503 
v 8.27837e-17 4.47661 4.83063 
v 2.01637e-17 3.96527 4.32216 
v 0.82637 4.12285 4.49773 
v 0.82637 3.83242 4.49773 
v 1.31792 3.83242 4.6571 
v 1.31792 4.12285 4.6571 
v 1.80946 4.12285 4.81648 
v 1.97616 4.43778 0.0644538 
v 1.97616 4.09664 0.0644538 
v 2.17658 4.20348 -1.56787 
v 2.18098 3.4386 -1.56787 
v 2.18098 3.83362 -1.56787 
v 2.02383 3.63611 -1.56787 
v 2.18098 3.63611 -1.56787 
v 2.38609 3.99837 -1.56787 
v 2.18858 3.84122 -1.56787 
v 2.38609 3.84122 -1.56787 
v 2.5836 3.99837 -1.56787 
v 2.5836 3.84122 -1.56787 
v 3.87705 3.4386 -1.56787 
v 4.03419 3.63611 -1.56787 
v 3.87705 3.63611 -1.56787 
v 4.03419 3.4386 -1.56787 
v 4.03419 3.83362 -1.56787 
v 3.87705 3.63611 -1.56787 
v 4.03419 3.63611 -1.56787 
v 3.87705 3.63611 -1.56787 
v 4.03419 3.83362 -1.56787 
v 3.87705 3.83362 -1.56787 
v 4.2393 3.99837 -1.56787 
v 4.04179 3.84122 -1.56787 
v 4.2393 3.84122 -1.56787 
v 4.43681 3.99837 -1.56787 
v 4.43681 3.84122 -1.56787 
v 2.30101 3.83242 4.97586 
v 2.58515 3.83242 4.60346 
v 2.30101 4.12285 4.97586 
v 2.30101 3.83242 4.97586 
v 2.61463 3.83242 5.07755 
v 2.61463 4.12285 5.07755 
v 2.61463 3.83242 5.07755 
v 2.93562 3.83242 5.18162 
v 2.93562 4.12285 5.18162 
v 2.93562 3.83242 5.18162 
v 3.26399 3.83242 5.28809 
v 3.66754 3.99837 -1.56787 
v 3.47003 3.84122 -1.56787 
v 3.66754 3.84122 -1.56787 
v 3.49212 4.31178 -0.480676 
v 3.49212 3.52133 -0.480676 
v 4.41032 3.52133 -0.480676 
v 3.86505 3.99837 -1.56787 
v 3.66754 3.84122 -1.56787 
v 3.86505 3.84122 -1.56787 
v 4.04179 3.99837 -1.56787 
v 2.18858 3.99837 -1.56787 
v 2.55711 4.31178 -0.480676 
v 2.62006 4.43778 0.0644538 
v 2.62006 4.09664 0.0644538 
v 3.47003 3.99837 -1.56787 
v 3.66754 3.99837 -1.56787 
v 3.66754 3.84122 -1.56787 
v 3.86505 3.99837 -1.56787 
v 4.41032 4.31178 -0.480676 
v 4.0298 4.00597 -1.56787 
v 3.87265 4.20348 -1.56787 
v 3.87265 4.00597 -1.56787 
v 4.0298 4.20348 -1.56787 
v 5.19568 4.43778 0.0644538 
v 4.55177 4.09664 0.0644538 
v 5.19568 4.09664 0.0644538 
v 2.30101 4.12285 4.97586 
v 2.30101 4.12285 4.97586 
v 2.30101 3.83242 4.97586 
v 2.30101 4.12285 4.97586 
v 2.61463 4.12285 5.07755 
v 2.93562 4.12285 5.18162 
v 3.26397 4.43778 0.0644538 
v 3.26397 4.09664 0.0644538 
v 3.26399 4.12285 5.28809 
v 3.90787 4.43778 0.0644538 
v 3.90787 4.09664 0.0644538 
v 4.55177 4.43778 0.0644538 
v 0.836121 4.25514 -2.47477 
v 0.307881 4.61772 -2.68228 
v 0.199521 4.665 -2.68228 
v 0.199521 4.61772 -2.68228 
v 0.307881 4.665 -2.68228 
v 0.293345 4.64772 -2.47477 
v 0.214056 4.68536 -2.46982 
v 0.214056 4.64772 -2.47477 
v 0.293345 4.64772 -2.70163 
v 0.214056 4.68536 -2.69668 
v 0.214056 4.64772 -2.70163 
v 0.662105 4.61772 -2.68228 
v 0.553745 4.665 -2.68228 
v 0.553745 4.61772 -2.68228 
v 0.74226 4.62373 -2.45775 
v 0.858395 4.57815 -2.45775 
v 0.777535 4.65901 -2.45775 
v 0.662105 4.61772 -2.45542 
v 0.553745 4.665 -2.45542 
v 0.553745 4.61772 -2.45542 
v 0.662105 4.665 -2.68228 
v 0.64757 4.64772 -2.47477 
v 0.56828 4.68536 -2.46982 
v 0.56828 4.64772 -2.47477 
v 0.307881 4.61772 -2.45542 
v 0.199521 4.665 -2.45542 
v 0.199521 4.61772 -2.45542 
v 0.307881 4.61772 -2.25612 
v 0.199521 4.665 -2.25612 
v 0.199521 4.61772 -2.25612 
v 0.307881 4.665 -2.25612 
v 0.307881 4.665 -2.45542 
v 0.293345 4.64772 -2.27548 
v 0.214056 4.68536 -2.27052 
v 0.214056 4.64772 -2.27548 
v 0.662105 4.61772 -2.25612 
v 0.553745 4.665 -2.25612 
v 0.553745 4.61772 -2.25612 
v 0.662105 4.665 -2.25612 
v 0.82312 4.54287 -2.24743 
v 0.777535 4.65901 -2.24743 
v 0.74226 4.62373 -2.24743 
v 0.662105 4.665 -2.45542 
v 0.64757 4.64772 -2.27548 
v 0.56828 4.68536 -2.27052 
v 0.56828 4.64772 -2.27548 
v 0.64757 4.64772 -2.70163 
v 0.56828 4.68536 -2.69668 
v 0.56828 4.64772 -2.70163 
v 0.293345 4.68536 -2.69668 
v 0.281033 4.66486 -2.4793 
v 0.226368 4.7035 -2.46458 
v 0.226368 4.66486 -2.4793 
v 0.281033 4.66486 -2.70616 
v 0.226368 4.7035 -2.69144 
v 0.226368 4.66486 -2.70616 
v 0.281033 4.7035 -2.69144 
v 0.293345 4.68536 -2.46982 
v 0.64757 4.68536 -2.69668 
v 0.635258 4.66486 -2.4793 
v 0.580592 4.7035 -2.46458 
v 0.580592 4.66486 -2.4793 
v 0.635258 4.66486 -2.70616 
v 0.580592 4.7035 -2.69144 
v 0.580592 4.66486 -2.70616 
v 0.635258 4.7035 -2.69144 
v 0.64757 4.68536 -2.46982 
v 0.281033 4.66486 -2.28 
v 0.226368 4.7035 -2.26528 
v 0.226368 4.66486 -2.28 
v 0.293345 4.68536 -2.27052 
v 0.281033 4.7035 -2.46458 
v 0.281033 4.7035 -2.26528 
v 0.635258 4.66486 -2.28 
v 0.580592 4.7035 -2.26528 
v 0.580592 4.66486 -2.28 
v 0.64757 4.68536 -2.27052 
v 0.635258 4.7035 -2.46458 
v 0.635258 4.7035 -2.26528 
v 0.74226 4.62373 -2.69715 
v 0.858395 4.57815 -2.69715 
v 0.777535 4.65901 -2.69715 
v 0.806122 4.26967 -2.68228 
v 0.853394 4.47848 -2.68228 
v 0.806122 4.37012 -2.68228 
v 0.853394 4.37012 -2.68228 
v 0.836121 4.46394 -2.70163 
v 0.836121 4.38465 -2.70163 
v 0.873753 4.46394 -2.69668 
v 0.836121 4.46394 -2.47477 
v 0.836121 4.38465 -2.47477 
v 0.873753 4.46394 -2.46982 
v 0.873753 4.38465 -2.69668 
v 0.891895 4.45163 -2.69144 
v 0.853254 4.39697 -2.70616 
v 0.891895 4.39697 -2.69144 
v 0.873753 4.38465 -2.46982 
v 0.891895 4.45163 -2.46458 
v 0.853254 4.45163 -2.4793 
v 0.853254 4.39697 -2.4793 
v 0.853254 4.45163 -2.70616 
v 0.891895 4.39697 -2.46458 
v 0.806122 4.26968 -2.45542 
v 0.806122 4.26967 -2.25612 
v 0.853394 4.47848 -2.25612 
v 0.806122 4.37012 -2.25612 
v 0.853394 4.37012 -2.25612 
v 0.853394 4.47848 -2.45542 
v 0.806122 4.37012 -2.45542 
v 0.853394 4.37012 -2.45542 
v 0.873753 4.46394 -2.27052 
v 0.836121 4.38465 -2.27548 
v 0.873753 4.38465 -2.27052 
v 0.891895 4.45163 -2.26528 
v 0.853254 4.39697 -2.28 
v 0.891895 4.39697 -2.26528 
v 0.891895 4.45163 -2.04163 
v 0.853254 4.45163 -2.05635 
v 0.853254 4.39697 -2.05635 
v 0.853254 4.45163 -2.28 
v 0.836121 4.46394 -2.27548 
v 0.82312 4.54287 -2.69715 
v 0.834659 4.5761 -2.47817 
v 0.803574 4.66335 -2.47295 
v 0.775492 4.63527 -2.47817 
v 0.834659 4.5761 -2.71758 
v 0.803574 4.66335 -2.71235 
v 0.775492 4.63527 -2.71758 
v 0.838257 4.59808 -2.48295 
v 0.826299 4.6677 -2.46741 
v 0.797464 4.63887 -2.48295 
v 0.838257 4.59808 -2.72236 
v 0.826299 4.6677 -2.70682 
v 0.797465 4.63887 -2.72236 
v 0.806122 4.47848 -2.68228 
v 0.862741 4.60419 -2.47295 
v 0.862741 4.60419 -2.71235 
v 0.867091 4.62691 -2.70682 
v 0.867091 4.62691 -2.46741 
v 0.82312 4.54287 -2.45775 
v 0.858395 4.57815 -2.24743 
v 0.775492 4.63527 -2.26785 
v 0.862741 4.60419 -2.26263 
v 0.803574 4.66335 -2.26263 
v 0.838257 4.59808 -2.27263 
v 0.826299 4.6677 -2.25709 
v 0.797465 4.63887 -2.27263 
v 0.806122 4.47848 -2.45542 
v 0.806122 4.47848 -2.25612 
v 0.834659 4.5761 -2.26785 
v 0.867091 4.62691 -2.25709 
v 0.281033 4.66486 -2.05635 
v 0.226368 4.7035 -2.04163 
v 0.226368 4.66486 -2.05635 
v 0.107396 4.40438 -1.75437 
v 0.107396 4.47591 -1.74083 
v 0.307881 4.61772 -2.03247 
v 0.199521 4.665 -2.03247 
v 0.199521 4.61772 -2.03247 
v 0.293345 4.64772 -2.05183 
v 0.214056 4.68536 -2.04687 
v 0.214056 4.64772 -2.05183 
v 0.307881 4.665 -2.03247 
v 0.62847 4.40066 -1.75508 
v 0.107396 4.47591 -1.74083 
v 0.107396 4.40438 -1.75437 
v 0.107396 4.47591 -1.74083 
v 0.62847 4.40066 -1.75508 
v 0.62847 4.49001 -1.73816 
v 0.662105 4.61772 -2.03247 
v 0.553745 4.665 -2.03247 
v 0.553745 4.61772 -2.03247 
v 0.64757 4.64772 -2.05183 
v 0.56828 4.68536 -2.04687 
v 0.56828 4.64772 -2.05183 
v 0.107396 4.47591 -1.74083 
v 0.106834 4.6842 0.991664 
v 9.4277e-17 4.57046 0.989151 
v 0.106834 4.56788 0.99229 
v 0.180834 4.613 5.34233 
v 1.08523e-16 4.68678 0.988525 
v 0.363368 4.49581 4.91666 
v 1.45404e-16 4.98794 5.33911 
v 8.27837e-17 4.47661 4.83063 
v 0.116036 4.55682 0.910201 
v 0.62847 4.64791 0.927447 
v 0.116036 4.64791 0.927447 
v 0.62847 4.55682 0.910201 
v 0.713914 4.67504 0.988588 
v 0.106834 4.56788 0.99229 
v 0.713914 4.55872 0.989214 
v 0.106834 4.6842 0.991664 
v 0.650414 5.03292 -1.67343 
v 0.107396 4.48286 -1.77758 
v 0.650414 4.48286 -1.77758 
v 0.281033 4.7035 -2.04163 
v 0.107396 5.02596 -1.63669 
v 0.107396 5.14229 -1.61466 
v 0.107396 5.02596 -1.63669 
v 0.293345 4.68536 -2.04687 
v 0.635258 4.66486 -2.05635 
v 0.580592 4.7035 -2.04163 
v 0.580592 4.66486 -2.05635 
v 0.635258 4.7035 -2.04163 
v 0.107396 5.03292 -1.67343 
v 0.62847 4.99068 -0.813927 
v 0.116036 4.87436 -0.835951 
v 0.62847 4.87436 -0.835951 
v 0.116036 4.99068 -0.813927 
v 0.127988 5.23247 5.87236 
v 0.084179 5.46795 6.02462 
v 0.056424 5.61624 6.13129 
v 0.0304991 5.71075 6.18364 
v 0.159308 5.01645 5.70525 
v 0.62847 4.74596 -0.157785 
v 0.109082 4.86206 -0.134528 
v 0.109082 4.74574 -0.156553 
v 0.62847 4.86228 -0.13576 
v 0.180834 5.0047 5.715 
v 0.64757 4.68536 -2.04687 
v 0.836121 4.25514 -2.05183 
v 0.806122 4.26968 -2.03247 
v 0.853394 4.47848 -2.03247 
v 0.806122 4.37012 -2.03247 
v 0.853394 4.37012 -2.03247 
v 0.873753 4.46394 -2.04687 
v 0.836121 4.38465 -2.05183 
v 0.873753 4.38465 -2.04687 
v 0.891895 4.39697 -2.04163 
v 2.01944 4.40099 -1.56787 
v 3.87265 4.40099 -1.56787 
v 2.17658 4.40099 -1.56787 
v 4.0298 4.40099 -1.56787 
v 0.688356 4.43778 0.0644538 
v 0.755024 4.59309 0.649572 
v 0.642151 4.05714 0.548098 
v 0.755024 4.05714 0.548098 
v 0.642151 4.59309 0.649572 
v 0.768706 4.49001 -1.73816 
v 0.62847 4.40066 -1.75508 
v 0.768706 4.40066 -1.75508 
v 0.858395 4.57815 -2.01141 
v 0.777535 4.65901 -2.01141 
v 0.82312 4.54287 -2.01141 
v 0.74226 4.62373 -2.01141 
v 0.834659 4.5761 -2.03183 
v 0.803574 4.66335 -2.02661 
v 0.775492 4.63527 -2.03183 
v 0.662105 4.665 -2.03247 
v 0.806122 4.47848 -2.03247 
v 0.836121 4.46394 -2.05183 
v 0.862741 4.60419 -2.02661 
v 0.867091 4.62691 -2.02107 
v 0.797464 4.63887 -2.03661 
v 0.838257 4.59808 -2.03661 
v 0.826299 4.6677 -2.02107 
v 0.62847 4.49001 -1.73816 
v 0.62847 4.74596 -0.157785 
v 0.62847 4.5902 -0.187274 
v 0.768706 4.5902 -0.187275 
v 0.768706 4.54235 1.55399 
v 0.62847 4.54235 1.55399 
v 0.62847 4.42603 1.53196 
v 0.62847 4.56659 -0.894222 
v 0.768706 4.87436 -0.835951 
v 0.62847 4.87436 -0.835951 
v 0.62847 5.02596 -1.63669 
v 0.62847 4.49001 -1.73816 
v 0.768706 5.02596 -1.63669 
v 0.768706 4.49001 -1.73816 
v 0.768706 4.42603 1.53196 
v 0.768706 4.56659 -0.894222 
v 0.768706 4.74596 -0.157785 
v -0.914273 3.51413 -2.75016 
v -0.891895 3.56879 -2.69144 
v -0.914273 3.56879 -2.75016 
v -0.891895 3.51413 -2.69144 
v -0.914273 3.51413 -2.5233 
v -0.891895 3.56879 -2.46458 
v -0.914273 3.56879 -2.5233 
v -0.914273 3.77027 -2.75016 
v -0.914273 3.71561 -2.75016 
v -0.891895 3.77027 -2.69144 
v -0.891895 3.71561 -2.69144 
v -0.885643 3.5811 -2.78705 
v -0.885643 3.50181 -2.78705 
v -0.873753 3.5811 -2.69668 
v -0.885643 3.5811 -2.56019 
v -0.885643 3.50181 -2.56019 
v -0.873753 3.5811 -2.46982 
v -0.885643 3.78258 -2.78705 
v -0.885643 3.70329 -2.78705 
v -0.873753 3.78258 -2.69668 
v -0.914273 3.77027 -2.5233 
v -0.914273 3.71561 -2.5233 
v -0.891895 3.77027 -2.46458 
v -0.891895 3.51413 -2.46458 
v -0.914273 3.51413 -2.324 
v -0.891895 3.56879 -2.26528 
v -0.914273 3.56879 -2.324 
v -0.891895 3.71561 -2.46458 
v -0.914273 3.77027 -2.324 
v -0.914273 3.71561 -2.324 
v -0.891895 3.77027 -2.26528 
v -0.891895 3.51413 -2.26528 
v -0.885643 3.5811 -2.3609 
v -0.885643 3.50181 -2.3609 
v -0.873753 3.5811 -2.27052 
v -0.891895 3.71561 -2.26528 
v -0.885643 3.78258 -2.3609 
v -0.885643 3.70329 -2.3609 
v -0.873753 3.78258 -2.27052 
v -0.885643 3.78258 -2.56019 
v -0.885643 3.70329 -2.56019 
v -0.873753 3.78258 -2.46982 
v -0.914273 4.00838 -2.75016 
v -0.914273 3.95372 -2.75016 
v -0.891895 4.00838 -2.69144 
v -0.914273 4.00838 -2.5233 
v -0.914273 3.95372 -2.5233 
v -0.891895 4.00838 -2.46458 
v -0.914273 4.24283 -2.75016 
v -0.914273 4.18816 -2.75016 
v -0.891895 4.24283 -2.69144 
v -0.914273 4.24283 -2.5233 
v -0.914273 4.18816 -2.5233 
v -0.891895 4.24283 -2.46458 
v -0.891895 4.18816 -2.69144 
v -0.891895 3.95372 -2.69144 
v -0.885643 4.02069 -2.78705 
v -0.885643 3.9414 -2.78705 
v -0.873753 4.02069 -2.69668 
v -0.885643 4.02069 -2.56019 
v -0.885643 3.9414 -2.56019 
v -0.873753 4.02069 -2.46982 
v -0.891895 3.95372 -2.46458 
v -0.914273 4.00838 -2.324 
v -0.914273 3.95372 -2.324 
v -0.891895 4.00838 -2.26528 
v -0.891895 4.24283 -2.26528 
v -0.914273 4.18816 -2.324 
v -0.891895 4.18816 -2.26528 
v -0.891895 4.18816 -2.46458 
v -0.914273 4.24283 -2.324 
v -0.891895 3.95372 -2.26528 
v -0.873753 4.02069 -2.27052 
v -0.885643 3.9414 -2.3609 
v -0.873753 3.9414 -2.27052 
v -0.885643 4.02069 -2.3609 
v -0.885643 4.02069 -2.13725 
v -0.885643 3.9414 -2.13725 
v -0.873753 4.02069 -2.04687 
v -0.873753 3.50181 -2.27052 
v -0.873753 3.50181 -2.69668 
v -0.873753 3.50181 -2.46982 
v -0.853394 3.48728 -2.80685 
v -0.853394 3.59564 -2.68228 
v -0.853394 3.59564 -2.80685 
v -0.873753 3.70329 -2.69668 
v -0.853394 3.48728 -2.68228 
v -0.853394 3.48728 -2.57999 
v -0.853394 3.59564 -2.45542 
v -0.853394 3.59564 -2.57999 
v -0.853394 3.79712 -2.68228 
v -0.853394 3.68876 -2.80685 
v -0.853394 3.68876 -2.68228 
v -0.853394 3.79712 -2.57999 
v -0.853394 3.68876 -2.57999 
v -0.853394 3.79712 -2.45542 
v -0.873753 3.70329 -2.46982 
v -0.853394 3.48728 -2.45542 
v -0.853394 3.48728 -2.38069 
v -0.853394 3.59564 -2.25612 
v -0.853394 3.59564 -2.38069 
v -0.853394 3.68876 -2.45542 
v -0.873753 3.70329 -2.27052 
v -0.853394 3.79712 -2.38069 
v -0.853394 3.68876 -2.38069 
v -0.853394 3.79712 -2.25612 
v -0.853394 3.48728 -2.25612 
v -0.853394 3.59564 -2.15704 
v -0.853394 3.48728 -2.15704 
v -0.853394 3.59564 -2.03247 
v -0.853394 3.68876 -2.25612 
v -0.853394 3.79712 -2.80685 
v -0.873753 3.9414 -2.69668 
v -0.873753 3.9414 -2.46982 
v -0.873753 4.25514 -2.69668 
v -0.885643 4.17585 -2.78705 
v -0.873753 4.17585 -2.69668 
v -0.873753 4.25514 -2.46982 
v -0.885643 4.17585 -2.56019 
v -0.873753 4.17585 -2.46982 
v -0.853394 4.03523 -2.80685 
v -0.853394 3.92687 -2.80685 
v -0.853394 4.03523 -2.68228 
v -0.853394 3.92687 -2.68228 
v -0.853394 4.03523 -2.57999 
v -0.853394 3.92687 -2.57999 
v -0.853394 4.03523 -2.45542 
v -0.853394 4.26967 -2.68228 
v -0.853394 4.16131 -2.80685 
v -0.853394 4.16131 -2.68228 
v -0.853394 3.92687 -2.45542 
v -0.853394 4.03523 -2.38069 
v -0.853394 3.92687 -2.38069 
v -0.853394 4.03523 -2.25612 
v -0.853394 3.92687 -2.25612 
v -0.853394 4.26968 -2.45542 
v -0.853394 4.16131 -2.57999 
v -0.853394 4.16131 -2.45542 
v -0.873753 4.25514 -2.27052 
v -0.885643 4.17585 -2.3609 
v -0.873753 4.17585 -2.27052 
v -0.853394 4.26967 -2.25612 
v -0.853394 4.16131 -2.38069 
v -0.853394 4.16131 -2.25612 
v -0.853394 3.68876 -2.15704 
v -0.853394 3.79712 -2.03247 
v -0.853394 3.79712 -2.15704 
v -0.853394 3.92687 -2.15704 
v -0.853394 4.03523 -2.03247 
v -0.853394 4.03523 -2.15704 
v -0.817098 4.61772 -2.86085 
v -0.817098 3.31638 -2.86085 
v -0.817098 4.61772 -1.58591 
v -0.885643 3.78258 -2.13725 
v -0.885643 3.70329 -2.13725 
v -0.873753 3.78258 -2.04687 
v -4.03419 3.4386 -1.56787 
v -4.03419 3.63611 -1.70475 
v -4.03419 3.4386 -1.70475 
v -4.03419 3.63611 -1.56787 
v -4.03419 3.63611 -1.56787 
v -4.03419 3.83362 -1.70475 
v -4.03419 3.63611 -1.70475 
v -3.86505 3.99837 -1.56787 
v -3.86505 3.84122 -1.70475 
v -3.86505 3.84122 -1.56787 
v -2.18098 3.4386 -1.56787 
v -2.18098 3.63611 -1.70475 
v -2.18098 3.4386 -1.70475 
v -2.18098 3.63611 -1.56787 
v -2.18098 3.63611 -1.56787 
v -2.18098 3.83362 -1.70475 
v -2.18098 3.63611 -1.70475 
v -2.01183 3.99837 -1.56787 
v -2.01183 3.84122 -1.70475 
v -2.01183 3.84122 -1.56787 
v -2.18098 3.83362 -1.70475 
v -2.18098 3.63611 -1.56787 
v -2.18098 3.83362 -1.56787 
v -4.03419 3.83362 -1.70475 
v -4.03419 3.63611 -1.56787 
v -4.03419 3.83362 -1.56787 
v -4.41032 4.31178 -0.480676 
v -4.41032 3.52133 -0.793551 
v -4.41032 3.52133 -0.480676 
v -4.41032 4.31178 -1.10643 
v -4.41032 3.52133 -1.4193 
v -4.41032 3.52133 -1.10643 
v -3.56803 4.24644 -1.4193 
v -3.56803 3.58668 -1.4193 
v -3.56803 3.58668 -1.36491 
v -3.26399 3.83242 5.28809 
v -3.54071 4.12285 4.93386 
v -3.54071 3.83242 4.93386 
v -2.55711 4.31178 -0.480676 
v -2.55711 3.52133 -0.793551 
v -2.55711 3.52133 -0.480676 
v -2.55711 4.31178 -1.10643 
v -2.55711 3.52133 -1.4193 
v -2.55711 3.52133 -1.10643 
v -1.71482 4.24644 -1.4193 
v -1.71482 3.58668 -1.4193 
v -1.71482 3.58668 -1.36491 
v -2.58515 3.83242 4.60346 
v -2.78926 4.12285 4.30646 
v -2.78926 3.83242 4.30646 
v -3.86505 3.99837 -1.70475 
v -4.0298 4.20348 -1.56787 
v -4.0298 4.00597 -1.70475 
v -4.0298 4.00597 -1.56787 
v -4.0298 4.20348 -1.70475 
v -2.17658 4.20348 -1.56787 
v -2.17658 4.20348 -1.70475 
v -2.17658 4.00597 -1.70475 
v -2.17658 4.00597 -1.56787 
v -2.01183 3.99837 -1.70475 
v -0.914273 4.00838 -2.10035 
v -0.914273 3.95372 -2.10035 
v -0.891895 4.00838 -2.04163 
v -0.914273 4.24283 -2.10035 
v -0.914273 4.18816 -2.10035 
v -0.891895 4.24283 -2.04163 
v -3.56803 4.24644 -1.36491 
v -4.41032 4.31178 -0.793551 
v -3.26399 4.12285 5.28809 
v -4.41032 4.31178 -1.4193 
v -5.19568 4.09664 0.0644538 
v -5.19568 4.43778 -1.1693 
v -5.19568 4.09664 -1.1693 
v -2.58515 4.12285 4.60347 
v -1.71482 4.24644 -1.36491 
v -2.55711 4.31178 -0.793551 
v -2.55711 4.31178 -1.4193 
v -0.914273 3.77027 -2.10035 
v -0.914273 3.71561 -2.10035 
v -0.891895 3.77027 -2.04163 
v -0.914273 3.51413 -2.10035 
v -0.891895 3.56879 -2.04163 
v -0.914273 3.56879 -2.10035 
v -0.891895 3.51413 -2.04163 
v -0.885643 3.5811 -2.13725 
v -0.885643 3.50181 -2.13725 
v -0.873753 3.5811 -2.04687 
v -0.891895 3.71561 -2.04163 
v -0.873753 3.50181 -2.04687 
v -0.853394 3.48728 -2.03247 
v -0.853394 3.68876 -2.03247 
v -0.873753 3.70329 -2.04687 
v -0.817098 4.61772 -0.52673 
v -0.817098 3.31638 -1.05632 
v -0.817098 3.31638 -0.526731 
v -0.817098 4.61772 1.34011 
v -0.817098 3.31638 0.532447 
v -0.817098 3.31638 1.34011 
v -0.817098 4.61772 2.2413 
v -0.817098 3.31638 1.66349 
v -0.817098 3.31638 2.2413 
v -0.817098 4.61772 0.532447 
v -0.817098 3.31638 0.00285804 
v -0.817098 4.61772 0.00285828 
v -0.777226 4.54367 3.0411 
v -0.777226 3.30583 2.5437 
v -0.777226 3.30583 3.04109 
v -0.76781 3.04429 4.78734 
v -0.76781 3.31638 -2.829 
v -0.76781 3.0443 -2.829 
v -0.76781 3.31638 4.78734 
v -0.737415 4.49947 3.34402 
v -0.737415 3.32504 3.34402 
v -0.737415 3.32504 4.76397 
v -0.817098 4.61772 -1.05632 
v -0.817098 3.31638 -1.58591 
v -0.873753 3.9414 -2.04687 
v -0.891895 3.95372 -2.04163 
v -0.873753 4.25514 -2.04687 
v -0.885643 4.17585 -2.13725 
v -0.873753 4.17585 -2.04687 
v -0.891895 4.18816 -2.04163 
v -0.853394 3.92687 -2.03247 
v -0.853394 4.26968 -2.03247 
v -0.853394 4.16131 -2.15704 
v -0.853394 4.16131 -2.03247 
v -0.817098 4.61772 1.66349 
v -0.777226 4.54367 2.5437 
v -0.57145 3.51056 3.89339 
v -0.548988 4.4315 3.80125 
v -0.652443 3.94202 3.28955 
v -0.467409 4.00319 4.40503 
v -0.737415 4.49947 4.76397 
v -0.885643 4.25514 -2.3609 
v -0.885643 4.25514 -2.78705 
v -0.891895 4.45163 -2.69144 
v -0.914273 4.39697 -2.75016 
v -0.891895 4.39697 -2.69144 
v -0.914273 4.45163 -2.75016 
v -0.885643 4.46394 -2.78705 
v -0.885643 4.38465 -2.78705 
v -0.873753 4.46394 -2.69668 
v -0.873753 4.38465 -2.69668 
v -0.853394 4.26968 -2.80685 
v -0.853394 4.26968 -2.57999 
v -0.853394 4.47848 -2.68228 
v -0.853394 4.37012 -2.80685 
v -0.853394 4.37012 -2.68228 
v -0.885643 4.25514 -2.56019 
v -0.891895 4.45163 -2.46458 
v -0.914273 4.39697 -2.5233 
v -0.891895 4.39697 -2.46458 
v -0.914273 4.39697 -2.324 
v -0.891895 4.45163 -2.26528 
v -0.914273 4.45163 -2.324 
v -0.914273 4.45163 -2.5233 
v -0.885643 4.46394 -2.3609 
v -0.885643 4.38465 -2.3609 
v -0.873753 4.46394 -2.27052 
v -0.873753 4.46394 -2.46982 
v -0.885643 4.38465 -2.56019 
v -0.873753 4.38465 -2.46982 
v -0.853394 4.26968 -2.38069 
v -0.853394 4.47848 -2.45542 
v -0.853394 4.37012 -2.57999 
v -0.853394 4.37012 -2.45542 
v -0.873753 4.38465 -2.27052 
v -0.885643 4.46394 -2.56019 
v -0.853394 4.47848 -2.80685 
v -0.853394 4.47848 -2.57999 
v -0.838257 4.59808 -2.72236 
v -0.88379 4.64361 -2.76879 
v -0.854955 4.61478 -2.78433 
v -0.867091 4.62691 -2.70682 
v -0.842998 4.6844 -2.76879 
v -0.88379 4.64361 -2.76879 
v -0.858395 4.57815 -2.69715 
v -0.858395 4.57815 -2.82862 
v -0.82312 4.54287 -2.82862 
v -0.82312 4.54287 -2.69715 
v -0.858395 4.57815 -2.45775 
v -0.858395 4.57815 -2.58921 
v -0.82312 4.54287 -2.58921 
v -0.826299 4.6677 -2.70682 
v -0.862741 4.60419 -2.47295 
v -0.812446 4.67223 -2.56832 
v -0.871613 4.61306 -2.56832 
v -0.853394 4.47848 -2.38069 
v -0.853394 4.37012 -2.38069 
v -0.853394 4.47848 -2.25612 
v -0.838257 4.59808 -2.27263 
v -0.88379 4.64361 -2.31906 
v -0.854955 4.61478 -2.3346 
v -0.838257 4.59808 -2.48295 
v -0.88379 4.64361 -2.52938 
v -0.854955 4.61478 -2.54492 
v -0.867091 4.62691 -2.46741 
v -0.842997 4.6844 -2.52938 
v -0.88379 4.64361 -2.52938 
v -0.826299 4.6677 -2.25709 
v -0.842998 4.6844 -2.31906 
v -0.88379 4.64361 -2.31906 
v -0.82312 4.54287 -2.24743 
v -0.858395 4.57815 -2.37889 
v -0.82312 4.54287 -2.37889 
v -0.82312 4.54287 -2.45775 
v -0.826299 4.6677 -2.46741 
v -0.777535 4.65901 -2.69715 
v -0.858395 4.57815 -2.82862 
v -0.858395 4.57815 -2.69715 
v -0.777535 4.65901 -2.82862 
v -0.777535 4.65901 -2.45775 
v -0.777535 4.65901 -2.58921 
v -0.858395 4.57815 -2.58921 
v -0.662105 4.665 -2.68228 
v -0.662105 4.61772 -2.80685 
v -0.662105 4.61772 -2.68228 
v -0.662105 4.665 -2.80685 
v -0.662105 4.665 -2.45542 
v -0.662105 4.665 -2.57999 
v -0.662105 4.61772 -2.57999 
v -0.307881 4.665 -2.68228 
v -0.307881 4.61772 -2.80685 
v -0.307881 4.61772 -2.68228 
v -0.307881 4.665 -2.45542 
v -0.307881 4.665 -2.57999 
v -0.307881 4.61772 -2.57999 
v -0.307881 4.665 -2.80685 
v -0.858395 4.57815 -2.45775 
v -0.662105 4.61772 -2.45542 
v -0.777535 4.65901 -2.24743 
v -0.777535 4.65901 -2.37889 
v -0.858395 4.57815 -2.37889 
v -0.662105 4.665 -2.25612 
v -0.662105 4.665 -2.38069 
v -0.662105 4.61772 -2.38069 
v -0.803574 4.66335 -2.26263 
v -0.812446 4.67223 -2.358 
v -0.871613 4.61306 -2.358 
v -0.64757 4.64772 -2.27548 
v -0.64757 4.69724 -2.3609 
v -0.64757 4.65961 -2.36585 
v -0.307881 4.61772 -2.45542 
v -0.307881 4.665 -2.25612 
v -0.307881 4.665 -2.38069 
v -0.307881 4.61772 -2.38069 
v -0.293345 4.64772 -2.27548 
v -0.293345 4.69724 -2.3609 
v -0.293345 4.65961 -2.36585 
v -0.293345 4.64772 -2.47477 
v -0.293345 4.69725 -2.56019 
v -0.293345 4.65961 -2.56515 
v -0.64757 4.64772 -2.70163 
v -0.64757 4.69725 -2.78705 
v -0.64757 4.65961 -2.79201 
v -0.64757 4.64772 -2.47477 
v -0.64757 4.69725 -2.56019 
v -0.64757 4.65961 -2.56515 
v -0.64757 4.68536 -2.69668 
v -0.635258 4.66486 -2.70616 
v -0.635258 4.72587 -2.75016 
v -0.635258 4.68723 -2.76489 
v -0.635258 4.7035 -2.69144 
v -0.293345 4.64772 -2.70163 
v -0.293345 4.69725 -2.78705 
v -0.293345 4.65961 -2.79201 
v -0.293345 4.68536 -2.69668 
v -0.281033 4.66486 -2.70616 
v -0.281033 4.72587 -2.75016 
v -0.281033 4.68723 -2.76489 
v -0.635258 4.66486 -2.4793 
v -0.635258 4.72587 -2.5233 
v -0.635258 4.68723 -2.53803 
v -0.64757 4.68536 -2.46982 
v -0.64757 4.68536 -2.27052 
v -0.635258 4.66486 -2.28 
v -0.635258 4.72587 -2.324 
v -0.635258 4.68723 -2.33873 
v -0.635258 4.7035 -2.46458 
v -0.293345 4.68536 -2.46982 
v -0.293345 4.68536 -2.27052 
v -0.281033 4.66486 -2.4793 
v -0.281033 4.72587 -2.5233 
v -0.281033 4.68723 -2.53803 
v -0.281033 4.7035 -2.46458 
v -0.662105 4.61772 -2.25612 
v -0.891895 4.39697 -2.26528 
v -0.885643 4.25514 -2.13725 
v -0.914273 4.39697 -2.10035 
v -0.891895 4.45163 -2.04163 
v -0.914273 4.45163 -2.10035 
v -0.885643 4.46394 -2.13725 
v -0.885643 4.38465 -2.13725 
v -0.873753 4.46394 -2.04687 
v -0.873753 4.38465 -2.04687 
v -0.853394 4.26968 -2.15704 
v -0.853394 4.37012 -2.25612 
v -0.853394 4.37012 -2.15704 
v -0.853394 4.47848 -2.03247 
v -0.853394 4.47848 -2.15704 
v -0.853394 4.37012 -2.03247 
v -4.0298 4.40099 -1.56787 
v -5.19568 4.43778 0.0644538 
v -4.0298 4.40099 -1.70475 
v -2.17658 4.40099 -1.56787 
v -2.17658 4.40099 -1.70475 
v -0.891895 4.39697 -2.04163 
v -0.768706 4.40066 -1.75508 
v -0.768706 4.51798 -1.88589 
v -0.768706 4.42863 -1.90281 
v -0.768706 4.49001 -1.73816 
v -0.858395 4.57815 -2.14287 
v -0.82312 4.54287 -2.01141 
v -0.858395 4.57815 -2.01141 
v -0.871613 4.61306 -2.358 
v -0.834659 4.5761 -2.26785 
v -0.862741 4.60419 -2.26263 
v -0.838257 4.59808 -2.03661 
v -0.88379 4.64361 -2.08304 
v -0.854955 4.61478 -2.09858 
v -0.867091 4.62691 -2.25709 
v -0.867091 4.62691 -2.25709 
v -0.862741 4.60419 -2.26263 
v -0.858395 4.57815 -2.24743 
v -0.777535 4.65901 -2.01141 
v -0.777535 4.65901 -2.14287 
v -0.858395 4.57815 -2.14287 
v -0.803574 4.66335 -2.02661 
v -0.812446 4.67223 -2.12198 
v -0.871613 4.61306 -2.12198 
v -0.867091 4.62691 -2.02107 
v -0.842997 4.6844 -2.08304 
v -0.88379 4.64361 -2.08304 
v -0.871613 4.61306 -2.12198 
v -0.834659 4.5761 -2.03183 
v -0.862741 4.60419 -2.02661 
v -0.867091 4.62691 -2.02107 
v -0.862741 4.60419 -2.02661 
v -0.768706 4.87436 -0.835951 
v -0.768706 4.771 -0.290035 
v -0.768706 4.99068 -0.813927 
v -0.768706 4.88732 -0.268011 
v -0.768706 4.54235 1.55399 
v -0.768706 4.86228 -0.13576 
v -0.768706 4.42603 1.53196 
v -0.768706 4.74596 -0.157785 
v -0.768706 4.61524 -0.319525 
v -0.768706 4.5902 -0.187275 
v -0.768706 4.74596 -0.157785 
v -0.768706 4.87436 -0.835951 
v -0.768706 5.02164 -0.97742 
v -0.768706 4.90531 -0.999444 
v -0.307881 4.61772 -2.25612 
v -0.662105 4.665 -2.03247 
v -0.662105 4.665 -2.15704 
v -0.662105 4.61772 -2.15704 
v -0.64757 4.64772 -2.05183 
v -0.64757 4.69724 -2.13725 
v -0.64757 4.65961 -2.1422 
v -0.64757 4.68536 -2.04687 
v -0.307881 4.665 -2.03247 
v -0.307881 4.665 -2.15704 
v -0.307881 4.61772 -2.15704 
v -0.307881 4.61772 -2.03247 
v -0.293345 4.64772 -2.05183 
v -0.293345 4.69724 -2.13725 
v -0.293345 4.65961 -2.1422 
v -0.293345 4.68536 -2.04687 
v -0.662105 4.61772 -2.03247 
v -0.713914 4.67437 0.862808 
v -0.713914 4.55804 0.863434 
v -0.713914 4.55872 0.989214 
v -0.768706 4.87436 -0.835951 
v -0.768706 4.59754 -1.05772 
v -0.768706 4.56659 -0.894222 
v -0.768706 4.49001 -1.73816 
v -0.768706 5.05393 -1.78442 
v -0.768706 4.51798 -1.88589 
v -0.713914 4.67504 0.988588 
v -0.467409 4.00319 4.40503 
v -0.445532 4.92098 4.31295 
v -0.548988 4.4315 3.80125 
v -0.363368 4.49581 4.91666 
v -0.650414 5.03292 -1.67343 
v -0.650414 4.49692 -1.85182 
v -0.650414 4.48286 -1.77758 
v -0.635258 4.66486 -2.05635 
v -0.635258 4.72587 -2.10035 
v -0.635258 4.68723 -2.11508 
v -0.768706 5.02596 -1.63669 
v -0.768706 5.02596 -1.63669 
v -0.768706 4.90531 -0.999444 
v -0.768706 5.14229 -1.61466 
v -0.768706 5.14229 -1.61466 
v -0.768706 5.05393 -1.78442 
v -0.768706 5.02596 -1.63669 
v -0.768706 5.17026 -1.76239 
v -0.768706 5.02164 -0.97742 
v -0.635258 4.7035 -2.04163 
v -0.635258 4.7035 -2.26528 
v -0.650414 5.04698 -1.74767 
v -0.768706 4.90531 -0.999444 
v -0.768706 4.771 -0.290035 
v -0.768706 4.99068 -0.813927 
v -0.62847 4.88697 -0.833562 
v -0.62847 4.55682 0.910201 
v -0.62847 4.97806 -0.816316 
v -0.62847 4.64791 0.927447 
v -0.363368 4.49581 4.91666 
v -0.342077 5.41047 4.82466 
v -0.445532 4.92098 4.31295 
v -0.259327 4.98843 5.4283 
v -0.281033 4.7035 -2.69144 
v 0.806122 3.48728 -2.80685 
v 0.806122 3.59564 -2.68228 
v 0.806122 3.59564 -2.80685 
v 0.806122 3.48728 -2.57999 
v 0.806122 3.59564 -2.45542 
v 0.806122 3.59564 -2.57999 
v 0.806122 3.79712 -2.57999 
v 0.806122 3.68876 -2.57999 
v 0.806122 3.79712 -2.45542 
v 0.806122 3.79712 -2.80685 
v 0.806122 3.68876 -2.80685 
v 0.806122 3.79712 -2.68228 
v 0.806122 3.48728 -2.68228 
v 0.836121 3.5811 -2.70163 
v 0.84801 3.50181 -2.79201 
v 0.836121 3.50181 -2.70163 
v 0.806122 3.68876 -2.68228 
v 0.836121 3.78258 -2.70163 
v 0.84801 3.70329 -2.79201 
v 0.836121 3.70329 -2.70163 
v 0.836121 3.5811 -2.47477 
v 0.84801 3.50181 -2.56515 
v 0.836121 3.50181 -2.47477 
v 0.806122 3.48728 -2.45542 
v 0.806122 3.48728 -2.38069 
v 0.806122 3.59564 -2.25612 
v 0.806122 3.59564 -2.38069 
v 0.806122 3.68876 -2.45542 
v 0.806122 4.03523 -2.45542 
v 0.806122 3.92687 -2.57999 
v 0.806122 3.92687 -2.45542 
v 0.806122 3.79712 -2.38069 
v 0.806122 3.68876 -2.38069 
v 0.806122 3.79712 -2.25612 
v 0.836121 3.5811 -2.27548 
v 0.84801 3.50181 -2.36585 
v 0.836121 3.50181 -2.27548 
v 0.836121 3.78258 -2.47477 
v 0.84801 3.70329 -2.56515 
v 0.836121 3.70329 -2.47477 
v 0.836121 3.78258 -2.27548 
v 0.84801 3.70329 -2.36585 
v 0.836121 3.70329 -2.27548 
v 0.806122 4.03523 -2.68228 
v 0.806122 3.92687 -2.80685 
v 0.806122 3.92687 -2.68228 
v 0.806122 4.03523 -2.80685 
v 0.806122 4.03523 -2.57999 
v 0.806122 4.26967 -2.68228 
v 0.806122 4.16131 -2.80685 
v 0.806122 4.16131 -2.68228 
v 0.806122 4.26968 -2.80685 
v 0.806122 4.47848 -2.68228 
v 0.806122 4.37012 -2.80685 
v 0.806122 4.37012 -2.68228 
v 0.836121 4.02069 -2.70163 
v 0.84801 3.9414 -2.79201 
v 0.836121 3.9414 -2.70163 
v 0.836121 4.25514 -2.70163 
v 0.84801 4.17585 -2.79201 
v 0.836121 4.17585 -2.70163 
v 0.836121 4.46394 -2.70163 
v 0.84801 4.38465 -2.79201 
v 0.836121 4.38465 -2.70163 
v 0.806122 4.26968 -2.57999 
v 0.806122 4.16131 -2.57999 
v 0.806122 4.26968 -2.45542 
v 0.806122 4.16131 -2.45542 
v 0.806122 4.03523 -2.38069 
v 0.806122 3.92687 -2.38069 
v 0.806122 4.03523 -2.25612 
v 0.806122 4.26968 -2.38069 
v 0.806122 4.16131 -2.38069 
v 0.806122 4.26967 -2.25612 
v 0.806122 4.47848 -2.45542 
v 0.806122 4.37012 -2.57999 
v 0.806122 4.37012 -2.45542 
v 0.836121 4.02069 -2.47477 
v 0.84801 3.9414 -2.56515 
v 0.836121 3.9414 -2.47477 
v 0.836121 4.02069 -2.27548 
v 0.84801 3.9414 -2.36585 
v 0.836121 3.9414 -2.27548 
v 0.836121 4.25514 -2.27548 
v 0.84801 4.17585 -2.36585 
v 0.836121 4.17585 -2.27548 
v 0.836121 4.25514 -2.47477 
v 0.84801 4.17585 -2.56515 
v 0.836121 4.17585 -2.47477 
v 0.84801 4.02069 -2.36585 
v 0.84801 3.5811 -2.79201 
v 0.853254 3.56879 -2.70616 
v 0.875632 3.51413 -2.76489 
v 0.853254 3.51413 -2.70616 
v 0.84801 3.5811 -2.56515 
v 0.84801 3.78258 -2.56515 
v 0.853254 3.77027 -2.70616 
v 0.875632 3.71561 -2.76489 
v 0.853254 3.71561 -2.70616 
v 0.875632 3.51413 -2.53803 
v 0.853254 3.56879 -2.4793 
v 0.875632 3.56879 -2.53803 
v 0.875632 3.56879 -2.76489 
v 0.875632 3.77027 -2.76489 
v 0.875632 3.77027 -2.53803 
v 0.875632 3.71561 -2.53803 
v 0.853254 3.77027 -2.4793 
v 0.853254 3.51413 -2.4793 
v 0.84801 3.5811 -2.36585 
v 0.853254 3.71561 -2.4793 
v 0.84801 3.78258 -2.36585 
v 0.853254 3.77027 -2.28 
v 0.875632 3.71561 -2.33873 
v 0.853254 3.71561 -2.28 
v 0.853254 3.56879 -2.28 
v 0.875632 3.51413 -2.33873 
v 0.853254 3.51413 -2.28 
v 0.875632 3.56879 -2.33873 
v 0.875632 3.77027 -2.33873 
v 0.84801 3.78258 -2.79201 
v 0.84801 4.02069 -2.79201 
v 0.84801 4.02069 -2.56515 
v 0.84801 4.25514 -2.79201 
v 0.84801 4.25514 -2.56515 
v 0.853254 4.00838 -2.70616 
v 0.875632 3.95372 -2.76489 
v 0.853254 3.95372 -2.70616 
v 0.875632 4.00838 -2.76489 
v 0.853254 4.24283 -2.70616 
v 0.875632 4.18816 -2.76489 
v 0.853254 4.18816 -2.70616 
v 0.875632 4.24283 -2.76489 
v 0.875632 4.00838 -2.53803 
v 0.875632 3.95372 -2.53803 
v 0.853254 4.00838 -2.4793 
v 0.853254 3.95372 -2.4793 
v 0.853254 4.00838 -2.28 
v 0.875632 3.95372 -2.33873 
v 0.853254 3.95372 -2.28 
v 0.853254 4.24283 -2.4793 
v 0.875632 4.18816 -2.53803 
v 0.853254 4.18816 -2.4793 
v 0.84801 4.25514 -2.36585 
v 0.853254 4.24283 -2.28 
v 0.875632 4.18816 -2.33873 
v 0.853254 4.18816 -2.28 
v 0.875632 4.00838 -2.33873 
v 0.875632 4.24283 -2.33873 
v 0.875632 4.24283 -2.53803 
v 0.806122 3.48728 -2.25612 
v 0.806122 3.68876 -2.25612 
v 0.806122 3.59564 -2.15704 
v 0.806122 3.48728 -2.15704 
v 0.806122 3.59564 -2.03247 
v 0.806122 3.68876 -2.15704 
v 0.806122 3.79712 -2.03247 
v 0.806122 3.79712 -2.15704 
v 0.806122 3.92687 -2.25612 
v 0.836121 3.5811 -2.05183 
v 0.84801 3.50181 -2.1422 
v 0.836121 3.50181 -2.05183 
v 0.84801 3.5811 -2.1422 
v 0.836121 3.78258 -2.05183 
v 0.84801 3.70329 -2.1422 
v 0.836121 3.70329 -2.05183 
v 0.84801 3.78258 -2.1422 
v 0.853254 3.56879 -2.05635 
v 0.875632 3.51413 -2.11508 
v 0.853254 3.51413 -2.05635 
v -0.180834 3.04617 3.85163 
v -0.180834 4.22615 3.39577 
v -0.180834 3.83444 3.0231 
v -0.180834 3.43788 4.2243 
v -0.180834 3.82958 4.59698 
v -0.180834 4.22615 3.39577 
v -0.180834 3.43788 4.2243 
v 0.334824 4.12285 4.33835 
v 0.823082 3.83242 3.66895 
v 0.334824 3.83242 4.33835 
v 0.806122 3.48728 -2.03247 
v 0.806122 3.68876 -2.03247 
v 0.853254 3.77027 -2.05635 
v 0.875632 3.71561 -2.11508 
v 0.853254 3.71561 -2.05635 
v 0.806122 4.03523 -2.03247 
v 0.806122 3.92687 -2.15704 
v 0.806122 3.92687 -2.03247 
v 0.836121 4.02069 -2.05183 
v 0.84801 3.9414 -2.1422 
v 0.836121 3.9414 -2.05183 
v 0.806122 4.16131 -2.25612 
v 0.806122 4.03523 -2.15704 
v 0.806122 4.16131 -2.15704 
v 0.806122 4.26968 -2.03247 
v 0.806122 4.26968 -2.15704 
v 0.806122 4.47848 -2.25612 
v 0.806122 4.37012 -2.38069 
v 0.806122 4.37012 -2.25612 
v 0.836121 4.25514 -2.05183 
v 0.84801 4.17585 -2.1422 
v 0.836121 4.17585 -2.05183 
v 0.84801 4.02069 -2.1422 
v 0.875632 4.24283 -2.11508 
v 0.875632 4.18816 -2.11508 
v 0.853254 4.24283 -2.05635 
v 0.84801 4.25514 -2.1422 
v 0.853254 4.00838 -2.05635 
v 0.875632 3.95372 -2.11508 
v 0.853254 3.95372 -2.05635 
v 0.823082 4.12285 3.66895 
v -0.180834 4.22129 4.96965 
v -0.180834 4.61786 3.76845 
v -0.180834 3.82958 4.59698 
v -0.180834 4.61786 3.76845 
v 0.688356 4.43778 0.0644538 
v 0.688356 4.43778 -1.1693 
v 0.688356 4.09664 -1.1693 
v 0.688356 4.09664 0.0644538 
v 0.806122 4.16131 -2.03247 
v 0.853254 4.18816 -2.05635 
v 0.806122 4.47848 -2.03247 
v 0.806122 4.37012 -2.15704 
v 0.806122 4.37012 -2.03247 
v 0.875632 3.56879 -2.11508 
v 2.02383 3.4386 -1.70475 
v 2.02383 3.63611 -1.56787 
v 2.02383 3.63611 -1.70475 
v 2.02383 3.4386 -1.56787 
v 2.02383 3.83362 -1.70475 
v 0.875632 3.77027 -2.11508 
v 2.18858 3.84122 -1.56787 
v 2.18858 3.99837 -1.70475 
v 2.18858 3.84122 -1.70475 
v 3.87705 3.4386 -1.70475 
v 3.87705 3.63611 -1.56787 
v 3.87705 3.63611 -1.70475 
v 3.87705 3.83362 -1.70475 
v 4.04179 3.84122 -1.56787 
v 4.04179 3.99837 -1.70475 
v 4.04179 3.84122 -1.70475 
v 3.87705 3.4386 -1.56787 
v 2.02383 3.83362 -1.56787 
v 1.63891 4.31178 -0.793551 
v 1.63891 3.52133 -0.793551 
v 1.63891 3.52133 -0.480676 
v 1.63891 4.31178 -1.4193 
v 1.63891 3.52133 -1.4193 
v 1.63891 3.52133 -1.10643 
v 2.4812 4.24644 -1.36491 
v 2.4812 3.58668 -1.4193 
v 2.4812 3.58668 -1.36491 
v 3.49212 4.31178 -1.4193 
v 3.49212 3.52133 -1.4193 
v 3.49212 3.52133 -1.10643 
v 3.87705 3.83362 -1.56787 
v 3.49212 4.31178 -0.793551 
v 3.49212 3.52133 -0.793551 
v 3.49212 3.52133 -0.480676 
v 4.33442 4.24644 -1.36491 
v 4.33442 3.58668 -1.4193 
v 4.33442 3.58668 -1.36491 
v 4.04179 3.99837 -1.56787 
v 0.875632 4.00838 -2.11508 
v 2.01944 4.00597 -1.56787 
v 2.01944 4.20348 -1.70475 
v 2.01944 4.00597 -1.70475 
v 2.01944 4.20348 -1.56787 
v 2.01944 4.40099 -1.70475 
v 2.18858 3.99837 -1.56787 
v 3.87265 4.00597 -1.56787 
v 3.87265 4.20348 -1.70475 
v 3.87265 4.00597 -1.70475 
v 3.87265 4.20348 -1.56787 
v 3.87265 4.40099 -1.70475 
v 3.87265 4.40099 -1.56787 
v 1.63891 4.31178 -0.480676 
v 1.63891 4.31178 -1.10643 
v 2.01944 4.40099 -1.56787 
v 2.4812 4.24644 -1.4193 
v 4.33442 4.24644 -1.4193 
v 3.49212 4.31178 -0.480676 
v 3.49212 4.31178 -1.10643 
v 0.836121 4.46394 -2.05183 
v 0.84801 4.38465 -2.1422 
v 0.836121 4.38465 -2.05183 
v 0.199521 4.61772 -2.68228 
v 0.199521 4.665 -2.80685 
v 0.199521 4.61772 -2.80685 
v 0.199521 4.61772 -2.45542 
v 0.199521 4.665 -2.57999 
v 0.199521 4.61772 -2.57999 
v 0.199521 4.665 -2.68228 
v 0.214056 4.64772 -2.70163 
v 0.214056 4.69725 -2.78705 
v 0.214056 4.65961 -2.79201 
v 0.553745 4.61772 -2.68228 
v 0.553745 4.665 -2.80685 
v 0.553745 4.61772 -2.80685 
v 0.553745 4.61772 -2.45542 
v 0.553745 4.665 -2.57999 
v 0.553745 4.61772 -2.57999 
v 0.74226 4.62373 -2.45775 
v 0.777535 4.65901 -2.58921 
v 0.74226 4.62373 -2.58921 
v 0.553745 4.665 -2.68228 
v 0.214056 4.64772 -2.47477 
v 0.214056 4.69725 -2.56019 
v 0.214056 4.65961 -2.56515 
v 0.199521 4.61772 -2.25612 
v 0.199521 4.665 -2.38069 
v 0.199521 4.61772 -2.38069 
v 0.199521 4.665 -2.25612 
v 0.199521 4.665 -2.45542 
v 0.214056 4.64772 -2.27548 
v 0.214056 4.69724 -2.3609 
v 0.214056 4.65961 -2.36585 
v 0.553745 4.665 -2.45542 
v 0.553745 4.61772 -2.25612 
v 0.553745 4.665 -2.38069 
v 0.553745 4.61772 -2.38069 
v 0.56828 4.64772 -2.27548 
v 0.56828 4.69724 -2.3609 
v 0.56828 4.65961 -2.36585 
v 0.56828 4.64772 -2.47477 
v 0.56828 4.69725 -2.56019 
v 0.56828 4.65961 -2.56515 
v 0.56828 4.64772 -2.70163 
v 0.56828 4.69725 -2.78705 
v 0.56828 4.65961 -2.79201 
v 0.214056 4.68536 -2.69668 
v 0.226368 4.66486 -2.4793 
v 0.226368 4.72587 -2.5233 
v 0.226368 4.68723 -2.53803 
v 0.226368 4.66486 -2.70616 
v 0.226368 4.72587 -2.75016 
v 0.226368 4.68723 -2.76489 
v 0.226368 4.7035 -2.69144 
v 0.56828 4.68536 -2.69668 
v 0.580592 4.66486 -2.4793 
v 0.580592 4.72587 -2.5233 
v 0.580592 4.68723 -2.53803 
v 0.580592 4.66486 -2.70616 
v 0.580592 4.72587 -2.75016 
v 0.580592 4.68723 -2.76489 
v 0.580592 4.7035 -2.69144 
v 0.214056 4.68536 -2.46982 
v -0.281033 4.66486 -2.28 
v -0.281033 4.72587 -2.324 
v -0.281033 4.68723 -2.33873 
v 0.214056 4.68536 -2.27052 
v 0.226368 4.66486 -2.28 
v 0.226368 4.72587 -2.324 
v 0.226368 4.68723 -2.33873 
v 0.226368 4.7035 -2.46458 
v 0.56828 4.68536 -2.46982 
v 0.56828 4.68536 -2.27052 
v 0.580592 4.66486 -2.28 
v 0.580592 4.72587 -2.324 
v 0.580592 4.68723 -2.33873 
v 0.580592 4.7035 -2.46458 
v 0.74226 4.62373 -2.24743 
v 0.777535 4.65901 -2.37889 
v 0.74226 4.62373 -2.37889 
v 0.806122 4.47848 -2.80685 
v 0.806122 4.47848 -2.57999 
v 0.74226 4.62373 -2.69715 
v 0.82312 4.54287 -2.82862 
v 0.82312 4.54287 -2.69715 
v 0.74226 4.62373 -2.82862 
v 0.84801 4.46394 -2.79201 
v 0.853254 4.45163 -2.70616 
v 0.875632 4.39697 -2.76489 
v 0.853254 4.39697 -2.70616 
v 0.875632 4.45163 -2.76489 
v 0.84801 4.46394 -2.56515 
v 0.84801 4.38465 -2.56515 
v 0.836121 4.46394 -2.47477 
v 0.875632 4.39697 -2.53803 
v 0.853254 4.45163 -2.4793 
v 0.875632 4.45163 -2.53803 
v 0.836121 4.38465 -2.47477 
v 0.836121 4.46394 -2.27548 
v 0.84801 4.38465 -2.36585 
v 0.836121 4.38465 -2.27548 
v 0.806122 4.47848 -2.38069 
v 0.82312 4.54287 -2.24743 
v 0.74226 4.62373 -2.37889 
v 0.82312 4.54287 -2.37889 
v 0.84801 4.46394 -2.36585 
v 0.853254 4.39697 -2.4793 
v 0.853254 4.45163 -2.28 
v 0.875632 4.39697 -2.33873 
v 0.853254 4.39697 -2.28 
v 0.875632 4.45163 -2.33873 
v 0.775492 4.63527 -2.26785 
v 0.843531 4.58498 -2.36322 
v 0.834659 4.5761 -2.26785 
v 0.74226 4.62373 -2.69715 
v 0.777535 4.65901 -2.82862 
v 0.74226 4.62373 -2.82862 
v 0.777535 4.65901 -2.69715 
v 0.775492 4.63527 -2.71758 
v 0.812446 4.67223 -2.80773 
v 0.784364 4.64414 -2.81295 
v 0.803574 4.66335 -2.71235 
v 0.775492 4.63527 -2.71758 
v 0.784364 4.64414 -2.81295 
v 0.843531 4.58498 -2.81295 
v 0.834659 4.5761 -2.71758 
v 0.814163 4.65557 -2.78433 
v 0.838257 4.59808 -2.72236 
v 0.797465 4.63887 -2.72236 
v 0.797465 4.63887 -2.72236 
v 0.842998 4.6844 -2.76879 
v 0.814163 4.65557 -2.78433 
v 0.826299 4.6677 -2.70682 
v 0.775492 4.63527 -2.47817 
v 0.812446 4.67223 -2.56832 
v 0.784364 4.64414 -2.57354 
v 0.777535 4.65901 -2.45775 
v 0.775492 4.63527 -2.26785 
v 0.812446 4.67223 -2.358 
v 0.784364 4.64414 -2.36322 
v 0.803574 4.66335 -2.47295 
v 0.775492 4.63527 -2.47817 
v 0.784364 4.64414 -2.57354 
v 0.843531 4.58498 -2.57354 
v 0.834659 4.5761 -2.47817 
v 0.784364 4.64414 -2.36322 
v 0.814163 4.65557 -2.54492 
v 0.838257 4.59808 -2.48295 
v 0.797464 4.63887 -2.48295 
v 0.553745 4.665 -2.25612 
v 0.199521 4.61772 -2.03247 
v 0.199521 4.665 -2.15704 
v 0.199521 4.61772 -2.15704 
v 0.199521 4.665 -2.03247 
v -0.281033 4.66486 -2.05635 
v -0.281033 4.72587 -2.10035 
v -0.281033 4.68723 -2.11508 
v -0.281033 4.7035 -2.26528 
v 0.214056 4.64772 -2.05183 
v 0.214056 4.69724 -2.13725 
v 0.214056 4.65961 -2.1422 
v 0.214056 4.68536 -2.04687 
v 0.226368 4.66486 -2.05635 
v 0.226368 4.72587 -2.10035 
v 0.226368 4.68723 -2.11508 
v 0.226368 4.7035 -2.26528 
v -0.281033 4.7035 -2.04163 
v -0.180834 5.00956 4.14112 
v -0.180834 4.613 5.34233 
v -0.180834 5.00956 4.14112 
v -0.180834 4.22129 4.96965 
v -0.106834 4.68352 0.865885 
v -0.109082 4.74574 -0.156553 
v -0.106834 4.5672 0.866511 
v -0.109082 4.86206 -0.134528 
v -0.107396 5.02596 -1.63669 
v -0.107396 4.50388 -1.88856 
v -0.107396 4.47591 -1.74083 
v 0.107396 5.03292 -1.67343 
v 0.107396 4.49692 -1.85182 
v 0.107396 4.48286 -1.77758 
v 0.226368 4.7035 -2.04163 
v 0.116036 4.97806 -0.816316 
v 0.116036 4.55682 0.910201 
v 0.116036 4.64791 0.927447 
v 0.116036 4.88697 -0.833562 
v -0.180834 5.40127 4.51379 
v -0.180834 5.0047 5.715 
v -0.180834 5.79297 4.88647 
v -0.180834 4.613 5.34233 
v -0.180834 5.40127 4.51379 
v -0.159308 5.71089 4.97535 
v -0.159308 5.26738 5.94398 
v -0.159308 5.96181 5.21408 
v -0.109082 4.77078 -0.288803 
v -0.116036 4.99068 -0.813927 
v -0.116036 4.87436 -0.835951 
v 0.107396 5.04698 -1.74767 
v -0.107396 5.05393 -1.78442 
v -0.109082 4.8871 -0.266779 
v -0.159308 5.01645 5.70525 
v -0.127988 5.23247 5.87236 
v -0.127988 5.99197 5.47775 
v -0.127988 5.79038 5.28596 
v -0.127988 5.43406 6.06416 
v -0.0841791 5.96748 5.76508 
v -0.0841791 5.46795 6.02462 
v -0.0841791 5.60054 6.15077 
v -0.0841791 5.8349 5.63894 
v -0.0564241 5.8622 5.87278 
v -0.0564241 5.70511 6.21585 
v -0.0564241 5.95107 5.95733 
v -0.0564241 5.61624 6.13129 
v -0.0304992 5.89173 6.08961 
v -0.0304992 5.71075 6.18364 
v -0.0304992 5.75878 6.22935 
v -0.0304992 5.84369 6.0439 
v 0.553745 4.665 -2.15704 
v 0.553745 4.61772 -2.03247 
v 0.553745 4.665 -2.03247 
v 0.74226 4.62373 -2.24743 
v 0.82312 4.54287 -2.14287 
v 0.74226 4.62373 -2.01141 
v 0.74226 4.62373 -2.14287 
v 0.553745 4.61772 -2.15704 
v 0.777535 4.65901 -2.24743 
v 0.806122 4.47848 -2.15704 
v 0.875632 4.39697 -2.11508 
v 0.853254 4.45163 -2.05635 
v 0.875632 4.45163 -2.11508 
v 0.84801 4.46394 -2.1422 
v 0.814163 4.65557 -2.3346 
v 0.838257 4.59808 -2.27263 
v 0.797465 4.63887 -2.27263 
v 0.834659 4.5761 -2.03183 
v 0.784364 4.64414 -2.1272 
v 0.843531 4.58498 -2.1272 
v 0.642151 4.05714 0.548098 
v 0.642151 5.02596 -1.63669 
v 0.642151 4.49001 -1.73816 
v 0.642151 4.59309 0.649572 
v 0.62847 4.86228 -0.13576 
v 0.62847 4.42603 1.53196 
v 0.62847 4.54235 1.55399 
v 0.62847 4.74596 -0.157785 
v 0.62847 4.61524 -0.319525 
v 0.62847 4.5902 -0.187274 
v 0.775492 4.63527 -2.03183 
v 0.812446 4.67223 -2.12198 
v 0.784364 4.64414 -2.1272 
v 0.853254 4.39697 -2.05635 
v 0.82312 4.54287 -2.01141 
v 0.814163 4.65557 -2.09858 
v 0.838257 4.59808 -2.03661 
v 0.797464 4.63887 -2.03661 
v 0.803574 4.66335 -2.02661 
v 0.56828 4.64772 -2.05183 
v 0.56828 4.69724 -2.13725 
v 0.56828 4.65961 -2.1422 
v 0.56828 4.68536 -2.04687 
v 0.580592 4.66486 -2.05635 
v 0.580592 4.72587 -2.10035 
v 0.580592 4.68723 -2.11508 
v 0.580592 4.7035 -2.26528 
v 0.580592 4.7035 -2.04163 
v 0.803574 4.66335 -2.26263 
v 0.826299 4.6677 -2.02107 
v 0.842997 4.6844 -2.08304 
v 0.797464 4.63887 -2.03661 
v 0.826299 4.6677 -2.25709 
v 0.842998 4.6844 -2.31906 
v 0.797465 4.63887 -2.27263 
v 0.62847 4.49001 -1.73816 
v 0.62847 5.05393 -1.78442 
v 0.62847 4.51798 -1.88589 
v 0.62847 4.56659 -0.894222 
v 0.62847 4.87436 -0.835951 
v 0.62847 4.90531 -0.999444 
v 0.62847 5.02596 -1.63669 
v 0.62847 4.88732 -0.268011 
v 0.62847 4.99068 -0.813927 
v 0.62847 4.87436 -0.835951 
v 0.62847 4.771 -0.290035 
v 0.62847 4.59754 -1.05771 
v 0.62847 4.771 -0.290035 
v -0.853254 3.51413 -2.70616 
v -0.914273 3.51413 -2.75016 
v -0.875632 3.51413 -2.76489 
v -0.891895 3.51413 -2.69144 
v -0.914273 3.71561 -2.75016 
v -0.853254 3.71561 -2.70616 
v -0.891895 3.71561 -2.69144 
v -0.875632 3.71561 -2.76489 
v -0.853254 3.51413 -2.4793 
v -0.914273 3.51413 -2.5233 
v -0.875632 3.51413 -2.53803 
v -0.836121 3.50181 -2.70163 
v -0.885643 3.50181 -2.78705 
v -0.84801 3.50181 -2.79201 
v -0.873753 3.50181 -2.69668 
v -0.885643 3.70329 -2.78705 
v -0.836121 3.70329 -2.70163 
v -0.873753 3.70329 -2.69668 
v -0.836121 3.70329 -2.47477 
v -0.885643 3.70329 -2.56019 
v -0.84801 3.70329 -2.56515 
v -0.885643 3.50181 -2.56019 
v -0.836121 3.50181 -2.47477 
v -0.873753 3.50181 -2.46982 
v -0.891895 3.51413 -2.46458 
v -0.914273 3.51413 -2.324 
v -0.853254 3.51413 -2.28 
v -0.891895 3.51413 -2.26528 
v -0.875632 3.51413 -2.33873 
v -0.853254 3.51413 -2.05635 
v -0.914273 3.51413 -2.10035 
v -0.875632 3.51413 -2.11508 
v -0.873753 3.70329 -2.46982 
v -0.885643 3.50181 -2.3609 
v -0.836121 3.50181 -2.27548 
v -0.873753 3.50181 -2.27052 
v -0.885643 3.70329 -2.3609 
v -0.836121 3.70329 -2.27548 
v -0.873753 3.70329 -2.27052 
v -0.84801 3.70329 -2.36585 
v -0.885643 3.70329 -2.13725 
v -0.836121 3.70329 -2.05183 
v -0.873753 3.70329 -2.04687 
v -0.914273 3.71561 -2.324 
v -0.853254 3.71561 -2.28 
v -0.891895 3.71561 -2.26528 
v -0.914273 3.95372 -2.75016 
v -0.853254 3.95372 -2.70616 
v -0.891895 3.95372 -2.69144 
v -0.914273 3.71561 -2.5233 
v -0.853254 3.71561 -2.4793 
v -0.891895 3.71561 -2.46458 
v -0.914273 3.95372 -2.5233 
v -0.853254 3.95372 -2.4793 
v -0.891895 3.95372 -2.46458 
v -0.875632 3.95372 -2.76489 
v -0.875632 3.71561 -2.53803 
v -0.885643 3.9414 -2.78705 
v -0.836121 3.9414 -2.70163 
v -0.873753 3.9414 -2.69668 
v -0.885643 3.9414 -2.56019 
v -0.836121 3.9414 -2.47477 
v -0.873753 3.9414 -2.46982 
v -0.875632 3.95372 -2.53803 
v -0.885643 4.17585 -2.78705 
v -0.836121 4.17585 -2.70163 
v -0.873753 4.17585 -2.69668 
v -0.836121 3.9414 -2.27548 
v -0.885643 3.9414 -2.3609 
v -0.84801 3.9414 -2.36585 
v -0.875632 3.71561 -2.33873 
v -0.853254 3.71561 -2.05635 
v -0.914273 3.71561 -2.10035 
v -0.875632 3.71561 -2.11508 
v -0.914273 3.95372 -2.324 
v -0.853254 3.95372 -2.28 
v -0.891895 3.95372 -2.26528 
v -0.875632 3.95372 -2.33873 
v -0.853254 3.95372 -2.05635 
v -0.914273 3.95372 -2.10035 
v -0.875632 3.95372 -2.11508 
v -0.873753 3.9414 -2.27052 
v -0.885643 3.9414 -2.13725 
v -0.836121 3.9414 -2.05183 
v -0.873753 3.9414 -2.04687 
v -0.885643 4.17585 -2.3609 
v -0.836121 4.17585 -2.27548 
v -0.873753 4.17585 -2.27052 
v -0.84801 3.50181 -2.56515 
v -0.853394 3.48728 -2.68228 
v -0.853394 3.48728 -2.80685 
v -0.806122 3.48728 -2.80685 
v -0.853394 3.48728 -2.45542 
v -0.853394 3.48728 -2.57999 
v -0.806122 3.48728 -2.57999 
v -0.853394 3.68876 -2.68228 
v -0.853394 3.68876 -2.80685 
v -0.806122 3.68876 -2.80685 
v -0.84801 3.70329 -2.79201 
v -0.853394 3.68876 -2.45542 
v -0.853394 3.68876 -2.57999 
v -0.806122 3.68876 -2.57999 
v -0.806122 3.48728 -2.68228 
v -0.806122 3.48728 -2.45542 
v -0.806122 3.68876 -2.68228 
v -0.806122 3.68876 -2.45542 
v -0.817098 3.31638 -2.86085 
v 0.817098 3.31638 -2.86085 
v -0.817098 3.31638 -1.58591 
v -0.853394 3.48728 -2.25612 
v -0.853394 3.48728 -2.38069 
v -0.806122 3.48728 -2.38069 
v -0.84801 3.50181 -2.36585 
v -0.836121 3.50181 -2.05183 
v -0.885643 3.50181 -2.13725 
v -0.84801 3.50181 -2.1422 
v -0.84801 3.70329 -2.1422 
v -0.853394 3.68876 -2.25612 
v -0.853394 3.68876 -2.38069 
v -0.806122 3.68876 -2.38069 
v -0.806122 3.48728 -2.25612 
v -0.853394 3.48728 -2.03247 
v -0.853394 3.48728 -2.15704 
v -0.806122 3.48728 -2.15704 
v -0.806122 3.68876 -2.25612 
v -0.853394 3.68876 -2.03247 
v -0.853394 3.68876 -2.15704 
v -0.806122 3.68876 -2.15704 
v -0.853394 3.92687 -2.45542 
v -0.853394 3.92687 -2.57999 
v -0.806122 3.92687 -2.57999 
v -0.853394 3.92687 -2.68228 
v -0.853394 3.92687 -2.80685 
v -0.806122 3.92687 -2.80685 
v -0.84801 3.9414 -2.79201 
v -0.84801 3.9414 -2.56515 
v -0.84801 4.17585 -2.79201 
v -0.853394 4.16131 -2.68228 
v -0.853394 4.16131 -2.80685 
v -0.806122 4.16131 -2.80685 
v -0.806122 3.92687 -2.68228 
v -0.806122 3.92687 -2.45542 
v -0.806122 4.16131 -2.68228 
v -0.853394 4.16131 -2.45542 
v -0.853394 4.16131 -2.57999 
v -0.806122 4.16131 -2.57999 
v -0.806122 4.16131 -2.45542 
v -0.853394 3.92687 -2.25612 
v -0.853394 3.92687 -2.38069 
v -0.806122 3.92687 -2.38069 
v -0.84801 3.9414 -2.1422 
v -0.853394 4.16131 -2.25612 
v -0.853394 4.16131 -2.38069 
v -0.806122 4.16131 -2.38069 
v -0.84801 4.17585 -2.36585 
v -0.853394 3.92687 -2.03247 
v -0.853394 3.92687 -2.15704 
v -0.806122 3.92687 -2.15704 
v -0.806122 3.92687 -2.25612 
v -0.806122 4.16131 -2.25612 
v -0.853394 4.16131 -2.03247 
v -0.853394 4.16131 -2.15704 
v -0.806122 4.16131 -2.15704 
v -0.873753 3.50181 -2.04687 
v -4.43681 3.84122 -1.70475 
v -4.2393 3.84122 -1.70475 
v -4.43681 3.84122 -1.56787 
v -4.41032 3.52133 -1.4193 
v -3.49212 3.52133 -1.10643 
v -4.41032 3.52133 -1.10643 
v -4.2393 3.84122 -1.70475 
v -4.04179 3.84122 -1.70475 
v -4.2393 3.84122 -1.56787 
v -4.04179 3.84122 -1.56787 
v -3.49212 3.52133 -1.4193 
v -2.55711 3.52133 -1.4193 
v -1.63891 3.52133 -1.10643 
v -2.55711 3.52133 -1.10643 
v -4.41032 3.52133 -0.793551 
v -3.49212 3.52133 -0.793551 
v -3.49212 3.52133 -0.480676 
v -2.5836 3.84122 -1.70475 
v -2.38609 3.84122 -1.70475 
v -2.5836 3.84122 -1.56787 
v -2.38609 3.84122 -1.56787 
v -4.41032 3.52133 -0.480676 
v -3.21487 3.83242 4.8212 
v -3.26399 3.83242 5.28809 
v -3.54071 3.83242 4.93386 
v -2.93562 3.83242 5.18162 
v -2.89635 3.83242 4.71107 
v -2.93562 3.83242 5.18162 
v -3.21487 3.83242 4.8212 
v -2.61463 3.83242 5.07755 
v -2.58515 3.83242 4.60346 
v -2.61463 3.83242 5.07755 
v -2.89635 3.83242 4.71107 
v -2.55711 3.52133 -0.793551 
v -1.63891 3.52133 -0.480676 
v -2.55711 3.52133 -0.480676 
v -2.78926 3.83242 4.30646 
v -2.30101 3.83242 4.97586 
v -2.58515 3.83242 4.60346 
v -2.30101 3.83242 4.97586 
v -2.29772 3.83242 4.14708 
v -2.30101 3.83242 4.97586 
v -2.78926 3.83242 4.30646 
v -4.2393 3.84122 -1.56787 
v -3.66754 3.84122 -1.70475 
v -3.86505 3.84122 -1.56787 
v -3.86505 3.84122 -1.70475 
v -3.86505 3.84122 -1.56787 
v -3.66754 3.84122 -1.70475 
v -3.66754 3.84122 -1.56787 
v -3.87265 4.00597 -1.70475 
v -4.0298 4.00597 -1.56787 
v -4.0298 4.00597 -1.70475 
v -3.87265 4.00597 -1.56787 
v -3.47003 3.84122 -1.70475 
v -3.66754 3.84122 -1.56787 
v -3.66754 3.84122 -1.70475 
v -2.38609 3.84122 -1.70475 
v -2.18858 3.84122 -1.70475 
v -2.38609 3.84122 -1.56787 
v -2.18858 3.84122 -1.56787 
v -3.47003 3.84122 -1.56787 
v -2.62006 4.09664 -1.1693 
v -2.62006 4.09664 0.0644538 
v -3.26397 4.09664 -1.1693 
v -3.90787 4.09664 -1.1693 
v -3.90787 4.09664 0.0644538 
v -4.55177 4.09664 -1.1693 
v -5.19568 4.09664 -1.1693 
v -4.55177 4.09664 0.0644538 
v -5.19568 4.09664 0.0644538 
v -3.26397 4.09664 0.0644538 
v -1.97616 4.09664 0.0644538 
v -1.97616 4.09664 -1.1693 
v -1.80946 3.83242 4.81648 
v -0.891895 3.51413 -2.04163 
v -1.63891 3.52133 -0.793551 
v -1.63891 3.52133 -1.4193 
v -0.891895 3.71561 -2.04163 
v -0.806122 3.48728 -2.03247 
v 0.817098 3.31638 -1.58591 
v -0.817098 3.31638 -1.05632 
v -0.817098 3.31638 -0.526731 
v 0.817098 3.31638 0.00285792 
v -0.817098 3.31638 0.00285804 
v 0.817098 3.31638 -0.526731 
v -0.806122 3.68876 -2.03247 
v 0.817098 3.31638 0.532447 
v -0.817098 3.31638 0.532447 
v -0.817098 3.31638 1.34011 
v -0.817098 3.31638 1.66349 
v 0.817098 3.31638 2.2413 
v -0.817098 3.31638 2.2413 
v -0.652443 3.94202 3.28955 
v -4.24563e-17 3.45394 3.81368 
v -0.57145 3.51056 3.89339 
v -0.57145 3.51056 3.89339 
v 2.01637e-17 3.96527 4.32216 
v -0.467409 4.00319 4.40503 
v -0.777226 3.30583 2.5437 
v 0.777226 3.30583 2.5437 
v -0.777226 3.30583 3.04109 
v -0.76781 3.0443 -2.829 
v 0.76781 3.04429 4.78734 
v -0.76781 3.04429 4.78734 
v -0.180834 3.83444 3.0231 
v 0.180834 3.04617 3.85163 
v -0.180834 3.04617 3.85163 
v -0.737415 3.32504 3.34402 
v 0.737415 3.32504 4.76397 
v -0.737415 3.32504 4.76397 
v 1.03818e-17 3.8854 3.20984 
v -1.80617 3.83242 3.9877 
v -1.80946 3.83242 4.81648 
v -2.29772 3.83242 4.14708 
v -1.81432 3.84122 -1.70475 
v -2.01183 3.84122 -1.56787 
v -2.01183 3.84122 -1.70475 
v -1.81432 3.84122 -1.56787 
v -2.01944 4.00597 -1.70475 
v -2.17658 4.00597 -1.56787 
v -2.17658 4.00597 -1.70475 
v -2.01944 4.00597 -1.56787 
v -1.61681 3.84122 -1.70475 
v -1.81432 3.84122 -1.56787 
v -1.81432 3.84122 -1.70475 
v -0.806122 3.92687 -2.03247 
v -1.61681 3.84122 -1.56787 
v -0.891895 3.95372 -2.04163 
v -0.806122 4.16131 -2.03247 
v -1.33226 4.09664 -1.1693 
v -1.33226 4.09664 0.0644538 
v -1.31463 3.83242 3.82833 
v -1.31792 3.83242 4.6571 
v -1.80617 3.83242 3.9877 
v -1.31792 3.83242 4.6571 
v -0.82637 3.83242 4.49773 
v -0.688356 4.09664 0.0644538 
v -0.82637 3.83242 4.49773 
v -0.823082 3.83242 3.66895 
v -0.334824 3.83242 4.33835 
v -1.31463 3.83242 3.82833 
v -0.688356 4.09664 -1.1693 
v -0.836121 4.17585 -2.47477 
v -0.885643 4.17585 -2.56019 
v -0.84801 4.17585 -2.56515 
v -0.914273 4.18816 -2.75016 
v -0.853254 4.18816 -2.70616 
v -0.891895 4.18816 -2.69144 
v -0.873753 4.17585 -2.46982 
v -0.875632 4.18816 -2.76489 
v -0.853254 4.18816 -2.4793 
v -0.914273 4.18816 -2.5233 
v -0.875632 4.18816 -2.53803 
v -0.836121 4.38465 -2.70163 
v -0.885643 4.38465 -2.78705 
v -0.84801 4.38465 -2.79201 
v -0.853394 4.37012 -2.68228 
v -0.853394 4.37012 -2.80685 
v -0.806122 4.37012 -2.80685 
v -0.853394 4.37012 -2.45542 
v -0.853394 4.37012 -2.57999 
v -0.806122 4.37012 -2.57999 
v -0.806122 4.37012 -2.68228 
v -0.836121 4.38465 -2.47477 
v -0.885643 4.38465 -2.56019 
v -0.84801 4.38465 -2.56515 
v -0.873753 4.38465 -2.46982 
v -0.853254 4.18816 -2.28 
v -0.914273 4.18816 -2.324 
v -0.875632 4.18816 -2.33873 
v -0.891895 4.18816 -2.26528 
v -0.891895 4.18816 -2.46458 
v -0.885643 4.38465 -2.3609 
v -0.836121 4.38465 -2.27548 
v -0.873753 4.38465 -2.27052 
v -0.84801 4.38465 -2.36585 
v -0.853394 4.37012 -2.25612 
v -0.853394 4.37012 -2.38069 
v -0.806122 4.37012 -2.38069 
v -0.806122 4.37012 -2.25612 
v -0.853394 4.37012 -2.03247 
v -0.853394 4.37012 -2.15704 
v -0.806122 4.37012 -2.15704 
v -0.806122 4.37012 -2.45542 
v -0.873753 4.38465 -2.69668 
v -0.853254 4.39697 -2.70616 
v -0.914273 4.39697 -2.75016 
v -0.875632 4.39697 -2.76489 
v -0.891895 4.39697 -2.69144 
v -0.853254 4.39697 -2.4793 
v -0.914273 4.39697 -2.5233 
v -0.875632 4.39697 -2.53803 
v -0.88379 4.64361 -2.76879 
v -0.838257 4.59808 -2.72236 
v -0.867091 4.62691 -2.70682 
v -0.871613 4.61306 -2.80773 
v -0.834659 4.5761 -2.71758 
v -0.862741 4.60419 -2.71235 
v -0.843531 4.58498 -2.81295 
v -0.834659 4.5761 -2.47817 
v -0.871613 4.61306 -2.56832 
v -0.843531 4.58498 -2.57354 
v -0.814163 4.65557 -2.54492 
v -0.838257 4.59808 -2.48295 
v -0.854955 4.61478 -2.54492 
v -0.814163 4.65557 -2.78433 
v -0.838257 4.59808 -2.72236 
v -0.854955 4.61478 -2.78433 
v -0.862741 4.60419 -2.47295 
v -0.891895 4.39697 -2.46458 
v -0.914273 4.39697 -2.324 
v -0.853254 4.39697 -2.28 
v -0.891895 4.39697 -2.26528 
v -0.875632 4.39697 -2.33873 
v -0.88379 4.64361 -2.52938 
v -0.838257 4.59808 -2.48295 
v -0.867091 4.62691 -2.46741 
v -0.834659 4.5761 -2.26785 
v -0.871613 4.61306 -2.358 
v -0.843531 4.58498 -2.36322 
v -0.858395 4.57815 -2.37889 
v -0.82312 4.54287 -2.24743 
v -0.858395 4.57815 -2.24743 
v -0.82312 4.54287 -2.58921 
v -0.74226 4.62373 -2.45775 
v -0.82312 4.54287 -2.45775 
v -0.814163 4.65557 -2.3346 
v -0.838257 4.59808 -2.27263 
v -0.854955 4.61478 -2.3346 
v -0.74226 4.62373 -2.58921 
v -0.662105 4.61772 -2.80685 
v -0.553745 4.61772 -2.80685 
v -0.553745 4.61772 -2.68228 
v -0.662105 4.61772 -2.68228 
v -0.64757 4.65961 -2.56515 
v -0.56828 4.64772 -2.47477 
v -0.64757 4.64772 -2.47477 
v -0.64757 4.65961 -2.79201 
v -0.56828 4.64772 -2.70163 
v -0.64757 4.64772 -2.70163 
v -0.662105 4.61772 -2.57999 
v -0.553745 4.61772 -2.57999 
v -0.553745 4.61772 -2.45542 
v -0.307881 4.61772 -2.80685 
v -0.199521 4.61772 -2.68228 
v -0.307881 4.61772 -2.68228 
v -0.307881 4.61772 -2.57999 
v -0.199521 4.61772 -2.57999 
v -0.199521 4.61772 -2.45542 
v -0.199521 4.61772 -2.80685 
v -0.293345 4.65961 -2.56515 
v -0.214056 4.64772 -2.47477 
v -0.293345 4.64772 -2.47477 
v -0.662105 4.61772 -2.45542 
v -0.662105 4.61772 -2.38069 
v -0.553745 4.61772 -2.25612 
v -0.662105 4.61772 -2.25612 
v -0.662105 4.61772 -2.15704 
v -0.553745 4.61772 -2.15704 
v -0.553745 4.61772 -2.03247 
v -0.553745 4.61772 -2.38069 
v -0.64757 4.65961 -2.36585 
v -0.56828 4.64772 -2.27548 
v -0.64757 4.64772 -2.27548 
v -0.307881 4.61772 -2.45542 
v -0.307881 4.61772 -2.38069 
v -0.199521 4.61772 -2.25612 
v -0.307881 4.61772 -2.25612 
v -0.307881 4.61772 -2.15704 
v -0.199521 4.61772 -2.15704 
v -0.199521 4.61772 -2.03247 
v -0.199521 4.61772 -2.38069 
v -0.293345 4.65961 -2.36585 
v -0.214056 4.64772 -2.27548 
v -0.293345 4.64772 -2.27548 
v -0.293345 4.65961 -2.79201 
v -0.214056 4.64772 -2.70163 
v -0.293345 4.64772 -2.70163 
v -0.56828 4.65961 -2.79201 
v -0.635258 4.68723 -2.76489 
v -0.580592 4.66486 -2.70616 
v -0.635258 4.66486 -2.70616 
v -0.635258 4.68723 -2.53803 
v -0.580592 4.68723 -2.53803 
v -0.580592 4.66486 -2.4793 
v -0.580592 4.68723 -2.76489 
v -0.56828 4.65961 -2.56515 
v -0.214056 4.65961 -2.79201 
v -0.214056 4.65961 -2.56515 
v -0.281033 4.68723 -2.76489 
v -0.226368 4.66486 -2.70616 
v -0.281033 4.66486 -2.70616 
v -0.226368 4.68723 -2.76489 
v -0.281033 4.68723 -2.53803 
v -0.226368 4.68723 -2.53803 
v -0.226368 4.66486 -2.4793 
v -0.635258 4.66486 -2.4793 
v -0.56828 4.65961 -2.36585 
v -0.635258 4.68723 -2.33873 
v -0.580592 4.66486 -2.28 
v -0.635258 4.66486 -2.28 
v -0.580592 4.68723 -2.33873 
v -0.281033 4.66486 -2.4793 
v -0.214056 4.65961 -2.36585 
v -0.281033 4.68723 -2.33873 
v -0.226368 4.66486 -2.28 
v -0.281033 4.66486 -2.28 
v -0.226368 4.68723 -2.33873 
v -0.64757 4.65961 -2.1422 
v -0.56828 4.65961 -2.1422 
v -0.56828 4.64772 -2.05183 
v -0.853254 4.18816 -2.05635 
v -0.914273 4.18816 -2.10035 
v -0.875632 4.18816 -2.11508 
v -0.891895 4.18816 -2.04163 
v -0.914273 4.39697 -2.10035 
v -0.853254 4.39697 -2.05635 
v -0.891895 4.39697 -2.04163 
v -0.875632 4.39697 -2.11508 
v -0.885643 4.17585 -2.13725 
v -0.836121 4.17585 -2.05183 
v -0.873753 4.17585 -2.04687 
v -0.84801 4.17585 -2.1422 
v -0.806122 4.37012 -2.03247 
v -0.885643 4.38465 -2.13725 
v -0.836121 4.38465 -2.05183 
v -0.873753 4.38465 -2.04687 
v -0.84801 4.38465 -2.1422 
v -0.768706 4.42863 -1.90281 
v -0.62847 4.42863 -1.90281 
v -0.62847 4.40066 -1.75508 
v -4.33442 4.24644 -1.4193 
v -3.56803 4.24644 -1.4193 
v -3.56803 4.24644 -1.36491 
v -4.33442 4.24644 -1.36491 
v -2.4812 4.24644 -1.4193 
v -1.71482 4.24644 -1.36491 
v -2.4812 4.24644 -1.36491 
v -1.71482 4.24644 -1.4193 
v -0.768706 4.40066 -1.75508 
v -0.642151 4.49001 -1.73816 
v -0.642151 4.05714 0.548098 
v -0.755024 4.49001 -1.73816 
v -0.755024 4.05714 0.548098 
v -0.650414 4.49692 -1.85182 
v -0.107396 4.49692 -1.85182 
v -0.650414 4.48286 -1.77758 
v -0.768706 4.42603 1.53196 
v -0.62847 4.74596 -0.157785 
v -0.62847 4.42603 1.53196 
v -0.82312 4.54287 -2.01141 
v -0.858395 4.57815 -2.14287 
v -0.82312 4.54287 -2.14287 
v -0.834659 4.5761 -2.03183 
v -0.871613 4.61306 -2.12198 
v -0.843531 4.58498 -2.1272 
v -0.834659 4.5761 -2.03183 
v -0.784364 4.64414 -2.1272 
v -0.775492 4.63527 -2.03183 
v -0.814163 4.65557 -2.09858 
v -0.838257 4.59808 -2.03661 
v -0.854955 4.61478 -2.09858 
v -0.62847 5.02596 -1.63669 
v -0.768706 4.90531 -0.999444 
v -0.768706 5.02596 -1.63669 
v -0.62847 4.90531 -0.999444 
v -0.64757 4.64772 -2.05183 
v -0.662105 4.61772 -2.03247 
v -0.635258 4.68723 -2.11508 
v -0.580592 4.66486 -2.05635 
v -0.635258 4.66486 -2.05635 
v -0.580592 4.68723 -2.11508 
v -0.62847 4.59754 -1.05771 
v -0.768706 4.56659 -0.894222 
v -0.768706 4.59754 -1.05772 
v -0.62847 4.56659 -0.894222 
v -0.62847 4.61524 -0.319525 
v -0.768706 4.5902 -0.187275 
v -0.768706 4.61524 -0.319525 
v -0.768706 4.74596 -0.157785 
v -0.62847 4.87436 -0.835951 
v -0.768706 4.771 -0.290035 
v -0.768706 4.87436 -0.835951 
v -0.62847 4.771 -0.290035 
v -0.106834 4.5672 0.866511 
v -0.713914 4.55872 0.989214 
v -0.713914 4.55804 0.863434 
v -0.62847 4.5902 -0.187274 
v -0.116036 4.90531 -0.999444 
v -0.62847 4.87436 -0.835951 
v -0.62847 4.90531 -0.999444 
v -0.62847 5.02596 -1.63669 
v -0.107396 4.43235 -1.90211 
v -0.62847 4.40066 -1.75508 
v -0.62847 4.42863 -1.90281 
v -0.62847 4.40066 -1.75508 
v -0.107396 4.43235 -1.90211 
v -0.107396 4.40438 -1.75437 
v -0.307881 4.61772 -2.03247 
v -0.293345 4.65961 -2.1422 
v -0.214056 4.64772 -2.05183 
v -0.293345 4.64772 -2.05183 
v -0.281033 4.68723 -2.11508 
v -0.226368 4.66486 -2.05635 
v -0.281033 4.66486 -2.05635 
v 7.73635e-17 4.43235 -1.90211 
v -0.107396 4.40438 -1.75437 
v -0.107396 4.43235 -1.90211 
v 7.39381e-17 4.40438 -1.75437 
v -0.214056 4.65961 -2.1422 
v -0.226368 4.68723 -2.11508 
v -0.107396 4.48286 -1.77758 
v -0.106834 4.56788 0.99229 
v -0.467409 4.00319 4.40503 
v 8.27837e-17 4.47661 4.83063 
v -0.363368 4.49581 4.91666 
v -0.62847 4.88697 -0.833562 
v -0.116036 4.55682 0.910201 
v -0.62847 4.55682 0.910201 
v -0.62847 4.74596 -0.157785 
v -0.109082 4.77078 -0.288803 
v -0.109082 4.74574 -0.156553 
v -0.109082 4.74574 -0.156553 
v 9.41941e-17 4.56978 0.863371 
v -0.106834 4.5672 0.866511 
v -0.106834 4.5672 0.866511 
v 9.4277e-17 4.57046 0.989151 
v -0.106834 4.56788 0.99229 
v 9.41941e-17 4.56978 0.863371 
v 1.1577e-16 4.74596 -0.157785 
v -0.109082 4.77078 -0.288803 
v 1.1577e-16 4.74596 -0.157785 
v -0.109082 4.74574 -0.156553 
v -0.107396 5.02596 -1.63669 
v -0.116036 4.87436 -0.835951 
v -0.62847 5.02596 -1.63669 
v -0.107396 5.05393 -1.78442 
v -0.107396 5.02596 -1.63669 
v -0.62847 5.05393 -1.78442 
v 1.35285e-16 4.90531 -0.999444 
v -0.116036 4.87436 -0.835951 
v -0.116036 4.90531 -0.999444 
v 1.31494e-16 4.87436 -0.835951 
v 1.31494e-16 4.87436 -0.835951 
v -0.109082 4.77078 -0.288803 
v -0.116036 4.87436 -0.835951 
v -0.107396 5.02596 -1.63669 
v 1.35285e-16 4.90531 -0.999444 
v -0.116036 4.90531 -0.999444 
v 1.5006e-16 5.02596 -1.63669 
v 1.18836e-16 4.771 -0.290035 
v -0.116036 4.88697 -0.833562 
v -0.62847 4.771 -0.290035 
v -0.363368 4.49581 4.91666 
v 1.45404e-16 4.98794 5.33911 
v -0.259327 4.98843 5.4283 
v 0.159308 5.71089 4.97535 
v -0.159308 5.01645 5.70525 
v -0.159308 5.71089 4.97535 
v 0.127988 5.79038 5.28596 
v -0.127988 5.23247 5.87236 
v -0.127988 5.79038 5.28596 
v 1.18836e-16 4.771 -0.290035 
v 0.084179 5.8349 5.63894 
v -0.0841791 5.46795 6.02462 
v -0.0841791 5.8349 5.63894 
v 0.056424 5.8622 5.87278 
v -0.0564241 5.61624 6.13129 
v -0.0564241 5.8622 5.87278 
v 0.0304991 5.84369 6.0439 
v -0.0304992 5.71075 6.18364 
v -0.0304992 5.84369 6.0439 
v 0.806122 3.48728 -2.80685 
v 0.853394 3.48728 -2.68228 
v 0.806122 3.48728 -2.68228 
v 0.806122 3.48728 -2.57999 
v 0.853394 3.48728 -2.45542 
v 0.806122 3.48728 -2.45542 
v 0.853394 3.48728 -2.57999 
v 0.806122 3.68876 -2.80685 
v 0.853394 3.68876 -2.68228 
v 0.806122 3.68876 -2.68228 
v 0.853394 3.68876 -2.57999 
v 0.853394 3.68876 -2.45542 
v 0.806122 3.68876 -2.57999 
v 0.853394 3.48728 -2.80685 
v 0.885643 3.50181 -2.78705 
v 0.836121 3.50181 -2.70163 
v 0.84801 3.50181 -2.79201 
v 0.885643 3.50181 -2.56019 
v 0.836121 3.50181 -2.47477 
v 0.84801 3.50181 -2.56515 
v 0.853394 3.68876 -2.80685 
v 0.806122 3.68876 -2.45542 
v 0.853394 3.48728 -2.38069 
v 0.853394 3.48728 -2.25612 
v 0.806122 3.48728 -2.38069 
v 0.806122 3.48728 -2.25612 
v 0.806122 3.68876 -2.38069 
v 0.853394 3.68876 -2.25612 
v 0.806122 3.68876 -2.25612 
v 0.853394 3.68876 -2.38069 
v 0.853394 3.68876 -2.15704 
v 0.853394 3.68876 -2.03247 
v 0.806122 3.68876 -2.15704 
v 0.853394 3.48728 -2.15704 
v 0.853394 3.48728 -2.03247 
v 0.806122 3.48728 -2.15704 
v 0.885643 3.50181 -2.13725 
v 0.836121 3.50181 -2.05183 
v 0.84801 3.50181 -2.1422 
v 0.885643 3.50181 -2.3609 
v 0.836121 3.50181 -2.27548 
v 0.84801 3.50181 -2.36585 
v 0.885643 3.70329 -2.13725 
v 0.836121 3.70329 -2.05183 
v 0.84801 3.70329 -2.1422 
v 0.853394 3.92687 -2.57999 
v 0.853394 3.92687 -2.45542 
v 0.806122 3.92687 -2.57999 
v 0.806122 3.92687 -2.80685 
v 0.853394 3.92687 -2.68228 
v 0.806122 3.92687 -2.68228 
v 0.806122 3.92687 -2.45542 
v 0.806122 4.16131 -2.80685 
v 0.853394 4.16131 -2.68228 
v 0.806122 4.16131 -2.68228 
v 0.806122 4.16131 -2.57999 
v 0.853394 4.16131 -2.45542 
v 0.806122 4.16131 -2.45542 
v 0.853394 4.16131 -2.57999 
v 0.853394 3.92687 -2.80685 
v 0.885643 3.9414 -2.56019 
v 0.836121 3.9414 -2.47477 
v 0.84801 3.9414 -2.56515 
v 0.853394 4.16131 -2.80685 
v 0.885643 4.17585 -2.78705 
v 0.836121 4.17585 -2.70163 
v 0.84801 4.17585 -2.79201 
v 0.853394 3.92687 -2.38069 
v 0.853394 3.92687 -2.25612 
v 0.806122 3.92687 -2.38069 
v 0.806122 3.92687 -2.25612 
v 0.853394 3.92687 -2.15704 
v 0.853394 3.92687 -2.03247 
v 0.806122 3.92687 -2.15704 
v 0.806122 4.16131 -2.38069 
v 0.853394 4.16131 -2.25612 
v 0.806122 4.16131 -2.25612 
v 0.853394 4.16131 -2.38069 
v 0.853394 4.16131 -2.15704 
v 0.853394 4.16131 -2.03247 
v 0.806122 4.16131 -2.15704 
v 0.885643 3.9414 -2.13725 
v 0.836121 3.9414 -2.05183 
v 0.84801 3.9414 -2.1422 
v 0.885643 3.9414 -2.3609 
v 0.836121 3.9414 -2.27548 
v 0.84801 3.9414 -2.36585 
v 0.885643 4.17585 -2.3609 
v 0.836121 4.17585 -2.27548 
v 0.84801 4.17585 -2.36585 
v 0.885643 3.70329 -2.56019 
v 0.836121 3.70329 -2.47477 
v 0.84801 3.70329 -2.56515 
v 0.873753 3.50181 -2.69668 
v 0.873753 3.50181 -2.46982 
v 0.885643 3.70329 -2.78705 
v 0.836121 3.70329 -2.70163 
v 0.84801 3.70329 -2.79201 
v 0.873753 3.70329 -2.69668 
v 0.873753 3.70329 -2.46982 
v 0.914273 3.51413 -2.75016 
v 0.853254 3.51413 -2.70616 
v 0.875632 3.51413 -2.76489 
v 0.914273 3.51413 -2.5233 
v 0.853254 3.51413 -2.4793 
v 0.875632 3.51413 -2.53803 
v 0.891895 3.51413 -2.69144 
v 0.914273 3.71561 -2.75016 
v 0.853254 3.71561 -2.70616 
v 0.875632 3.71561 -2.76489 
v 0.891895 3.51413 -2.46458 
v 0.873753 3.50181 -2.27052 
v 0.873753 3.50181 -2.04687 
v 0.885643 3.70329 -2.3609 
v 0.836121 3.70329 -2.27548 
v 0.84801 3.70329 -2.36585 
v 0.873753 3.70329 -2.04687 
v 0.873753 3.70329 -2.27052 
v 0.914273 3.51413 -2.324 
v 0.853254 3.51413 -2.28 
v 0.875632 3.51413 -2.33873 
v 0.914273 3.51413 -2.10035 
v 0.853254 3.51413 -2.05635 
v 0.875632 3.51413 -2.11508 
v 0.891895 3.51413 -2.26528 
v 0.914273 3.71561 -2.324 
v 0.853254 3.71561 -2.28 
v 0.875632 3.71561 -2.33873 
v 0.891895 3.71561 -2.69144 
v 0.885643 3.9414 -2.78705 
v 0.836121 3.9414 -2.70163 
v 0.84801 3.9414 -2.79201 
v 0.873753 3.9414 -2.69668 
v 0.873753 3.9414 -2.46982 
v 0.873753 4.17585 -2.69668 
v 0.914273 3.71561 -2.5233 
v 0.853254 3.71561 -2.4793 
v 0.875632 3.71561 -2.53803 
v 0.914273 3.95372 -2.5233 
v 0.853254 3.95372 -2.4793 
v 0.875632 3.95372 -2.53803 
v 0.891895 3.71561 -2.46458 
v 0.914273 3.95372 -2.75016 
v 0.853254 3.95372 -2.70616 
v 0.875632 3.95372 -2.76489 
v 0.891895 3.95372 -2.69144 
v 0.891895 3.95372 -2.46458 
v 0.873753 3.9414 -2.27052 
v 0.873753 3.9414 -2.04687 
v 0.914273 3.95372 -2.324 
v 0.853254 3.95372 -2.28 
v 0.875632 3.95372 -2.33873 
v 0.873753 4.17585 -2.27052 
v 0.914273 3.71561 -2.10035 
v 0.853254 3.71561 -2.05635 
v 0.875632 3.71561 -2.11508 
v 0.891895 3.71561 -2.26528 
v 0.914273 3.95372 -2.10035 
v 0.853254 3.95372 -2.05635 
v 0.875632 3.95372 -2.11508 
v 0.891895 3.95372 -2.26528 
v 0.806122 3.92687 -2.03247 
v 0.817098 3.31638 -1.05632 
v 0.806122 3.48728 -2.03247 
v 0.806122 3.68876 -2.03247 
v 0.891895 3.51413 -2.04163 
v 2.55711 3.52133 -0.793551 
v 1.63891 3.52133 -0.480676 
v 1.63891 3.52133 -0.793551 
v 2.55711 3.52133 -1.4193 
v 1.63891 3.52133 -1.10643 
v 1.63891 3.52133 -1.4193 
v 0.891895 3.71561 -2.04163 
v 0.76781 3.0443 -2.829 
v 0.737415 3.32504 3.34402 
v 0.180834 3.83444 3.0231 
v 0.652443 3.94202 3.28955 
v -4.24563e-17 3.45394 3.81368 
v 1.03818e-17 3.8854 3.20984 
v 0.777226 3.30583 3.04109 
v 0.817098 3.31638 1.34011 
v 0.817098 3.31638 1.66349 
v 0.57145 3.51056 3.89339 
v 2.01637e-17 3.96527 4.32216 
v 0.57145 3.51056 3.89339 
v 0.467409 4.00319 4.40503 
v 0.891895 3.95372 -2.04163 
v 1.61681 3.84122 -1.70475 
v 1.81432 3.84122 -1.56787 
v 1.61681 3.84122 -1.56787 
v 1.33226 4.09664 -1.1693 
v 0.688356 4.09664 0.0644538 
v 0.688356 4.09664 -1.1693 
v 0.806122 4.16131 -2.03247 
v 1.81432 3.84122 -1.70475 
v 1.81432 3.84122 -1.70475 
v 2.01183 3.84122 -1.70475 
v 2.01183 3.84122 -1.56787 
v 1.81432 3.84122 -1.70475 
v 2.01183 3.84122 -1.56787 
v 1.81432 3.84122 -1.56787 
v 2.01944 4.00597 -1.70475 
v 2.17658 4.00597 -1.56787 
v 2.01944 4.00597 -1.56787 
v 2.17658 4.00597 -1.70475 
v 1.97616 4.09664 -1.1693 
v 1.33226 4.09664 0.0644538 
v 0.823082 3.83242 3.66895 
v 0.82637 3.83242 4.49773 
v 0.334824 3.83242 4.33835 
v 1.31463 3.83242 3.82833 
v 1.31792 3.83242 4.6571 
v 0.82637 3.83242 4.49773 
v 1.31463 3.83242 3.82833 
v 1.80617 3.83242 3.9877 
v 1.80617 3.83242 3.9877 
v 1.80946 3.83242 4.81648 
v 1.31792 3.83242 4.6571 
v 2.29772 3.83242 4.14708 
v 1.97616 4.09664 0.0644538 
v 2.30101 3.83242 4.97586 
v 2.18858 3.84122 -1.70475 
v 2.38609 3.84122 -1.56787 
v 2.18858 3.84122 -1.56787 
v 2.55711 3.52133 -1.10643 
v 2.38609 3.84122 -1.70475 
v 2.38609 3.84122 -1.70475 
v 2.5836 3.84122 -1.56787 
v 2.38609 3.84122 -1.56787 
v 2.5836 3.84122 -1.70475 
v 4.41032 3.52133 -1.4193 
v 3.49212 3.52133 -1.10643 
v 3.49212 3.52133 -1.4193 
v 4.41032 3.52133 -0.793551 
v 3.49212 3.52133 -0.480676 
v 3.49212 3.52133 -0.793551 
v 4.41032 3.52133 -1.10643 
v 4.43681 3.84122 -1.70475 
v 4.43681 3.84122 -1.56787 
v 4.2393 3.84122 -1.70475 
v 2.55711 3.52133 -0.480676 
v 2.30101 3.83242 4.97586 
v 2.78926 3.83242 4.30646 
v 2.58515 3.83242 4.60346 
v 2.58515 3.83242 4.60346 
v 2.61463 3.83242 5.07755 
v 2.30101 3.83242 4.97586 
v 2.89635 3.83242 4.71107 
v 2.78926 3.83242 4.30646 
v 2.93562 3.83242 5.18162 
v 4.41032 3.52133 -0.480676 
v 3.21487 3.83242 4.8212 
v 3.21487 3.83242 4.8212 
v 3.26399 3.83242 5.28809 
v 2.93562 3.83242 5.18162 
v 3.54071 3.83242 4.93386 
v 4.2393 3.84122 -1.70475 
v 4.2393 3.84122 -1.56787 
v 4.04179 3.84122 -1.70475 
v 3.66754 3.84122 -1.70475 
v 3.86505 3.84122 -1.70475 
v 3.86505 3.84122 -1.56787 
v 3.66754 3.84122 -1.56787 
v 3.47003 3.84122 -1.70475 
v 3.66754 3.84122 -1.56787 
v 3.47003 3.84122 -1.56787 
v 3.66754 3.84122 -1.70475 
v 3.87265 4.00597 -1.70475 
v 4.0298 4.00597 -1.56787 
v 3.87265 4.00597 -1.56787 
v 4.04179 3.84122 -1.56787 
v 4.2393 3.84122 -1.56787 
v 4.0298 4.00597 -1.70475 
v 4.55177 4.09664 -1.1693 
v 3.90787 4.09664 0.0644538 
v 3.90787 4.09664 -1.1693 
v 3.26397 4.09664 -1.1693 
v 2.62006 4.09664 0.0644538 
v 2.62006 4.09664 -1.1693 
v 3.26397 4.09664 0.0644538 
v 4.55177 4.09664 0.0644538 
v 5.19568 4.09664 -1.1693 
v 5.19568 4.09664 0.0644538 
v 0.885643 4.17585 -2.13725 
v 0.836121 4.17585 -2.05183 
v 0.84801 4.17585 -2.1422 
v 0.307881 4.61772 -2.80685 
v 0.199521 4.61772 -2.68228 
v 0.199521 4.61772 -2.80685 
v 0.307881 4.61772 -2.57999 
v 0.199521 4.61772 -2.45542 
v 0.199521 4.61772 -2.57999 
v 0.214056 4.64772 -2.47477 
v 0.293345 4.65961 -2.56515 
v 0.293345 4.64772 -2.47477 
v 0.214056 4.64772 -2.70163 
v 0.293345 4.65961 -2.79201 
v 0.293345 4.64772 -2.70163 
v 0.307881 4.61772 -2.68228 
v 0.82312 4.54287 -2.58921 
v 0.74226 4.62373 -2.45775 
v 0.74226 4.62373 -2.58921 
v 0.662105 4.61772 -2.57999 
v 0.553745 4.61772 -2.45542 
v 0.553745 4.61772 -2.57999 
v 0.662105 4.61772 -2.80685 
v 0.553745 4.61772 -2.68228 
v 0.553745 4.61772 -2.80685 
v 0.662105 4.61772 -2.68228 
v 0.56828 4.64772 -2.47477 
v 0.64757 4.65961 -2.56515 
v 0.64757 4.64772 -2.47477 
v 0.307881 4.61772 -2.38069 
v 0.199521 4.61772 -2.25612 
v 0.199521 4.61772 -2.38069 
v 0.307881 4.61772 -2.25612 
v 0.307881 4.61772 -2.45542 
v 0.214056 4.64772 -2.27548 
v 0.293345 4.65961 -2.36585 
v 0.293345 4.64772 -2.27548 
v 0.662105 4.61772 -2.38069 
v 0.553745 4.61772 -2.25612 
v 0.553745 4.61772 -2.38069 
v 0.662105 4.61772 -2.25612 
v 0.662105 4.61772 -2.15704 
v 0.553745 4.61772 -2.03247 
v 0.553745 4.61772 -2.15704 
v 0.662105 4.61772 -2.45542 
v 0.56828 4.64772 -2.27548 
v 0.64757 4.65961 -2.36585 
v 0.64757 4.64772 -2.27548 
v 0.56828 4.64772 -2.70163 
v 0.64757 4.65961 -2.79201 
v 0.64757 4.64772 -2.70163 
v 0.214056 4.65961 -2.79201 
v 0.214056 4.65961 -2.56515 
v 0.226368 4.66486 -2.70616 
v 0.281033 4.68723 -2.76489 
v 0.281033 4.66486 -2.70616 
v 0.226368 4.68723 -2.76489 
v 0.56828 4.65961 -2.79201 
v 0.580592 4.66486 -2.70616 
v 0.635258 4.68723 -2.76489 
v 0.635258 4.66486 -2.70616 
v 0.56828 4.65961 -2.56515 
v 0.635258 4.68723 -2.53803 
v 0.580592 4.66486 -2.4793 
v 0.580592 4.68723 -2.53803 
v 0.580592 4.68723 -2.76489 
v 0.281033 4.68723 -2.53803 
v 0.226368 4.66486 -2.4793 
v 0.226368 4.68723 -2.53803 
v 0.281033 4.66486 -2.4793 
v 0.214056 4.65961 -2.36585 
v 0.226368 4.66486 -2.28 
v 0.281033 4.68723 -2.33873 
v 0.281033 4.66486 -2.28 
v 0.226368 4.68723 -2.33873 
v 0.56828 4.65961 -2.36585 
v 0.635258 4.66486 -2.4793 
v 0.580592 4.66486 -2.28 
v 0.635258 4.68723 -2.33873 
v 0.635258 4.66486 -2.28 
v 0.580592 4.68723 -2.33873 
v 0.82312 4.54287 -2.45775 
v 0.806122 4.37012 -2.80685 
v 0.853394 4.37012 -2.68228 
v 0.806122 4.37012 -2.68228 
v 0.853394 4.37012 -2.57999 
v 0.853394 4.37012 -2.45542 
v 0.806122 4.37012 -2.57999 
v 0.853394 4.37012 -2.80685 
v 0.885643 4.38465 -2.78705 
v 0.836121 4.38465 -2.70163 
v 0.84801 4.38465 -2.79201 
v 0.885643 4.17585 -2.56019 
v 0.836121 4.17585 -2.47477 
v 0.84801 4.17585 -2.56515 
v 0.914273 4.18816 -2.75016 
v 0.853254 4.18816 -2.70616 
v 0.875632 4.18816 -2.76489 
v 0.891895 4.18816 -2.69144 
v 0.885643 4.38465 -2.56019 
v 0.836121 4.38465 -2.47477 
v 0.84801 4.38465 -2.56515 
v 0.873753 4.38465 -2.69668 
v 0.914273 4.18816 -2.5233 
v 0.853254 4.18816 -2.4793 
v 0.875632 4.18816 -2.53803 
v 0.853394 4.37012 -2.38069 
v 0.853394 4.37012 -2.25612 
v 0.806122 4.37012 -2.38069 
v 0.806122 4.37012 -2.25612 
v 0.806122 4.37012 -2.45542 
v 0.853394 4.37012 -2.15704 
v 0.853394 4.37012 -2.03247 
v 0.806122 4.37012 -2.15704 
v 0.873753 4.17585 -2.46982 
v 0.914273 4.18816 -2.324 
v 0.853254 4.18816 -2.28 
v 0.875632 4.18816 -2.33873 
v 0.891895 4.18816 -2.26528 
v 0.891895 4.18816 -2.46458 
v 0.836121 4.38465 -2.27548 
v 0.885643 4.38465 -2.3609 
v 0.873753 4.38465 -2.27052 
v 0.84801 4.38465 -2.36585 
v 0.871613 4.61306 -2.80773 
v 0.834659 4.5761 -2.71758 
v 0.843531 4.58498 -2.81295 
v 0.871613 4.61306 -2.56832 
v 0.834659 4.5761 -2.47817 
v 0.843531 4.58498 -2.57354 
v 0.838257 4.59808 -2.48295 
v 0.814163 4.65557 -2.54492 
v 0.854955 4.61478 -2.54492 
v 0.838257 4.59808 -2.72236 
v 0.814163 4.65557 -2.78433 
v 0.854955 4.61478 -2.78433 
v 0.862741 4.60419 -2.71235 
v 0.914273 4.39697 -2.75016 
v 0.853254 4.39697 -2.70616 
v 0.875632 4.39697 -2.76489 
v 0.914273 4.39697 -2.5233 
v 0.853254 4.39697 -2.4793 
v 0.875632 4.39697 -2.53803 
v 0.891895 4.39697 -2.69144 
v 0.838257 4.59808 -2.72236 
v 0.88379 4.64361 -2.76879 
v 0.867091 4.62691 -2.70682 
v 0.862741 4.60419 -2.47295 
v 0.871613 4.61306 -2.358 
v 0.834659 4.5761 -2.26785 
v 0.843531 4.58498 -2.36322 
v 0.82312 4.54287 -2.24743 
v 0.858395 4.57815 -2.37889 
v 0.858395 4.57815 -2.24743 
v 0.838257 4.59808 -2.27263 
v 0.814163 4.65557 -2.3346 
v 0.854955 4.61478 -2.3346 
v 0.838257 4.59808 -2.48295 
v 0.88379 4.64361 -2.52938 
v 0.867091 4.62691 -2.46741 
v 0.873753 4.38465 -2.46982 
v 0.914273 4.39697 -2.324 
v 0.853254 4.39697 -2.28 
v 0.875632 4.39697 -2.33873 
v 0.891895 4.39697 -2.46458 
v 0.891895 4.39697 -2.26528 
v 0.307881 4.61772 -2.15704 
v 0.199521 4.61772 -2.03247 
v 0.199521 4.61772 -2.15704 
v 0.107396 4.43235 -1.90211 
v 0.107396 4.40438 -1.75437 
v 0.293345 4.65961 -2.1422 
v 0.214056 4.64772 -2.05183 
v 0.214056 4.65961 -2.1422 
v 0.281033 4.68723 -2.11508 
v 0.226368 4.66486 -2.05635 
v 0.226368 4.68723 -2.11508 
v 0.281033 4.66486 -2.05635 
v 0.107396 4.43235 -1.90211 
v 0.62847 4.42863 -1.90281 
v 0.62847 4.40066 -1.75508 
v 0.107396 4.43235 -1.90211 
v 0.62847 4.40066 -1.75508 
v 0.107396 4.40438 -1.75437 
v 0.307881 4.61772 -2.03247 
v 0.293345 4.64772 -2.05183 
v 0.107396 4.49692 -1.85182 
v 0.650414 4.48286 -1.77758 
v 0.107396 4.48286 -1.77758 
v 9.41941e-17 4.56978 0.863371 
v 0.106834 4.5672 0.866511 
v 9.4277e-17 4.57046 0.989151 
v 0.106834 4.56788 0.99229 
v 0.109082 4.74574 -0.156553 
v 0.106834 4.5672 0.866511 
v 9.41941e-17 4.56978 0.863371 
v 1.1577e-16 4.74596 -0.157785 
v 1.1577e-16 4.74596 -0.157785 
v 0.109082 4.77078 -0.288803 
v 0.109082 4.74574 -0.156553 
v 0.106834 4.5672 0.866511 
v 0.713914 4.55872 0.989214 
v 0.106834 4.56788 0.99229 
v 8.27837e-17 4.47661 4.83063 
v 0.467409 4.00319 4.40503 
v 0.363368 4.49581 4.91666 
v 0.62847 4.88697 -0.833562 
v 0.62847 4.55682 0.910201 
v 0.116036 4.55682 0.910201 
v 0.109082 4.77078 -0.288803 
v 0.62847 4.74596 -0.157785 
v 0.109082 4.74574 -0.156553 
v 1.18836e-16 4.771 -0.290035 
v 0.116036 4.87436 -0.835951 
v 0.116036 4.87436 -0.835951 
v 0.109082 4.77078 -0.288803 
v 1.31494e-16 4.87436 -0.835951 
v 0.107396 5.02596 -1.63669 
v 0.116036 4.90531 -0.999444 
v 0.116036 4.90531 -0.999444 
v 0.107396 5.02596 -1.63669 
v 0.62847 5.02596 -1.63669 
v 0.116036 4.90531 -0.999444 
v 0.62847 4.87436 -0.835951 
v 0.116036 4.87436 -0.835951 
v 0.107396 5.05393 -1.78442 
v 0.62847 5.02596 -1.63669 
v 0.107396 5.02596 -1.63669 
v 0.62847 5.05393 -1.78442 
v 1.18836e-16 4.771 -0.290035 
v 0.127988 5.23247 5.87236 
v 0.084179 5.46795 6.02462 
v 0.056424 5.61624 6.13129 
v 0.0304991 5.71075 6.18364 
v 0.159308 5.01645 5.70525 
v 0.62847 4.771 -0.290035 
v 0.116036 4.88697 -0.833562 
v 1.45404e-16 4.98794 5.33911 
v 0.363368 4.49581 4.91666 
v 0.259327 4.98843 5.4283 
v 0.62847 4.90531 -0.999444 
v 0.873753 4.17585 -2.04687 
v 0.806122 4.37012 -2.03247 
v 0.885643 4.38465 -2.13725 
v 0.836121 4.38465 -2.05183 
v 0.84801 4.38465 -2.1422 
v 0.768706 4.42863 -1.90281 
v 0.62847 4.40066 -1.75508 
v 0.62847 4.42863 -1.90281 
v 0.873753 4.38465 -2.04687 
v 0.914273 4.18816 -2.10035 
v 0.853254 4.18816 -2.05635 
v 0.875632 4.18816 -2.11508 
v 0.891895 4.18816 -2.04163 
v 0.914273 4.39697 -2.10035 
v 0.853254 4.39697 -2.05635 
v 0.875632 4.39697 -2.11508 
v 0.891895 4.39697 -2.04163 
v 0.650414 4.49692 -1.85182 
v 0.642151 4.05714 0.548098 
v 0.642151 4.49001 -1.73816 
v 0.755024 4.49001 -1.73816 
v 0.755024 4.05714 0.548098 
v 0.768706 4.40066 -1.75508 
v 0.62847 4.74596 -0.157785 
v 0.768706 4.42603 1.53196 
v 0.62847 4.42603 1.53196 
v 1.71482 4.24644 -1.4193 
v 2.4812 4.24644 -1.4193 
v 1.71482 4.24644 -1.36491 
v 2.4812 4.24644 -1.36491 
v 3.56803 4.24644 -1.4193 
v 4.33442 4.24644 -1.4193 
v 3.56803 4.24644 -1.36491 
v 4.33442 4.24644 -1.36491 
v 0.713914 4.55804 0.863434 
v 0.64757 4.65961 -2.1422 
v 0.56828 4.64772 -2.05183 
v 0.56828 4.65961 -2.1422 
v 0.64757 4.64772 -2.05183 
v 0.580592 4.66486 -2.05635 
v 0.635258 4.68723 -2.11508 
v 0.635258 4.66486 -2.05635 
v 0.580592 4.68723 -2.11508 
v 0.662105 4.61772 -2.03247 
v 0.871613 4.61306 -2.12198 
v 0.834659 4.5761 -2.03183 
v 0.843531 4.58498 -2.1272 
v 0.784364 4.64414 -2.1272 
v 0.834659 4.5761 -2.03183 
v 0.775492 4.63527 -2.03183 
v 0.838257 4.59808 -2.03661 
v 0.814163 4.65557 -2.09858 
v 0.854955 4.61478 -2.09858 
v 0.768706 4.90531 -0.999444 
v 0.62847 5.02596 -1.63669 
v 0.768706 5.02596 -1.63669 
v 0.62847 4.90531 -0.999444 
v 0.62847 4.59754 -1.05771 
v 0.768706 4.56659 -0.894222 
v 0.62847 4.56659 -0.894222 
v 0.62847 4.61524 -0.319525 
v 0.768706 4.5902 -0.187275 
v 0.62847 4.5902 -0.187274 
v 0.62847 4.87436 -0.835951 
v 0.768706 4.771 -0.290035 
v 0.62847 4.771 -0.290035 
v 0.768706 4.87436 -0.835951 
v 0.768706 4.59754 -1.05772 
v 0.768706 4.61524 -0.319525 
v 0.768706 4.74596 -0.157785 
v -0.875632 3.56879 -2.76489 
v -0.875632 3.51413 -2.76489 
v -0.914273 3.51413 -2.75016 
v -0.914273 3.56879 -2.75016 
v -0.875632 3.77027 -2.76489 
v -0.875632 3.71561 -2.76489 
v -0.914273 3.71561 -2.75016 
v -0.914273 3.77027 -2.75016 
v -0.885643 3.50181 -2.78705 
v -0.885643 3.5811 -2.78705 
v -0.84801 3.5811 -2.79201 
v -0.84801 3.50181 -2.79201 
v -0.84801 3.5811 -2.56515 
v -0.84801 3.50181 -2.56515 
v -0.885643 3.50181 -2.56019 
v -0.885643 3.5811 -2.56019 
v -0.84801 3.78258 -2.79201 
v -0.84801 3.70329 -2.79201 
v -0.885643 3.70329 -2.78705 
v -0.875632 3.56879 -2.53803 
v -0.875632 3.51413 -2.53803 
v -0.914273 3.51413 -2.5233 
v -0.914273 3.56879 -2.5233 
v -0.914273 3.56879 -2.324 
v -0.875632 3.56879 -2.33873 
v -0.914273 3.51413 -2.324 
v -0.914273 3.77027 -2.5233 
v -0.875632 3.77027 -2.53803 
v -0.914273 3.71561 -2.5233 
v -0.914273 3.77027 -2.324 
v -0.875632 3.77027 -2.33873 
v -0.914273 3.71561 -2.324 
v -0.875632 3.71561 -2.53803 
v -0.885643 3.50181 -2.3609 
v -0.885643 3.5811 -2.3609 
v -0.84801 3.5811 -2.36585 
v -0.875632 3.51413 -2.33873 
v -0.84801 3.78258 -2.36585 
v -0.84801 3.70329 -2.36585 
v -0.885643 3.70329 -2.3609 
v -0.875632 3.71561 -2.33873 
v -0.885643 3.78258 -2.3609 
v -0.875632 4.00838 -2.76489 
v -0.875632 3.95372 -2.76489 
v -0.914273 3.95372 -2.75016 
v -0.914273 4.00838 -2.75016 
v -0.875632 4.24283 -2.76489 
v -0.875632 4.18816 -2.76489 
v -0.914273 4.18816 -2.75016 
v -0.914273 4.24283 -2.75016 
v -0.885643 3.78258 -2.78705 
v -0.84801 4.02069 -2.56515 
v -0.84801 3.9414 -2.56515 
v -0.885643 3.9414 -2.56019 
v -0.885643 3.70329 -2.56019 
v -0.885643 3.78258 -2.56019 
v -0.84801 3.78258 -2.56515 
v -0.885643 3.9414 -2.78705 
v -0.885643 4.02069 -2.78705 
v -0.84801 4.02069 -2.79201 
v -0.885643 4.02069 -2.56019 
v -0.875632 4.00838 -2.53803 
v -0.875632 3.95372 -2.53803 
v -0.914273 3.95372 -2.5233 
v -0.914273 4.00838 -2.5233 
v -0.914273 4.00838 -2.324 
v -0.875632 4.00838 -2.33873 
v -0.914273 3.95372 -2.324 
v -0.914273 4.24283 -2.324 
v -0.875632 4.24283 -2.33873 
v -0.914273 4.18816 -2.324 
v -0.914273 4.24283 -2.5233 
v -0.875632 4.24283 -2.53803 
v -0.914273 4.18816 -2.5233 
v -0.875632 4.18816 -2.53803 
v -0.875632 3.95372 -2.33873 
v -0.885643 3.9414 -2.3609 
v -0.885643 4.02069 -2.3609 
v -0.84801 4.02069 -2.36585 
v -0.875632 4.18816 -2.33873 
v -0.84801 3.9414 -2.79201 
v -0.853394 3.48728 -2.80685 
v -0.853394 3.59564 -2.80685 
v -0.806122 3.59564 -2.80685 
v -0.853394 3.48728 -2.57999 
v -0.853394 3.59564 -2.57999 
v -0.806122 3.59564 -2.57999 
v -0.853394 3.68876 -2.80685 
v -0.853394 3.79712 -2.80685 
v -0.806122 3.79712 -2.80685 
v -0.853394 3.68876 -2.57999 
v -0.853394 3.79712 -2.57999 
v -0.806122 3.79712 -2.57999 
v -0.806122 3.48728 -2.80685 
v 0.76781 3.31638 -2.829 
v -0.76781 3.0443 -2.829 
v -0.76781 3.31638 -2.829 
v -0.806122 3.48728 -2.57999 
v -0.806122 3.68876 -2.80685 
v -0.806122 3.68876 -2.57999 
v -0.84801 3.70329 -2.56515 
v -0.84801 3.50181 -2.36585 
v -0.84801 3.5811 -2.1422 
v -0.84801 3.50181 -2.1422 
v -0.885643 3.50181 -2.13725 
v -0.853394 3.48728 -2.38069 
v -0.853394 3.59564 -2.38069 
v -0.806122 3.59564 -2.38069 
v -0.84801 3.78258 -2.1422 
v -0.84801 3.70329 -2.1422 
v -0.885643 3.70329 -2.13725 
v -0.853394 3.48728 -2.15704 
v -0.853394 3.59564 -2.15704 
v -0.806122 3.59564 -2.15704 
v -0.806122 3.48728 -2.38069 
v -0.806122 3.48728 -2.15704 
v -0.806122 3.79712 -2.38069 
v -0.806122 3.68876 -2.38069 
v -0.853394 3.68876 -2.38069 
v -0.806122 3.79712 -2.15704 
v -0.806122 3.68876 -2.15704 
v -0.853394 3.68876 -2.15704 
v -0.853394 3.79712 -2.38069 
v -0.853394 3.92687 -2.80685 
v -0.853394 4.03523 -2.80685 
v -0.806122 4.03523 -2.80685 
v -0.853394 3.92687 -2.57999 
v -0.853394 4.03523 -2.57999 
v -0.806122 4.03523 -2.57999 
v -0.84801 4.25514 -2.79201 
v -0.84801 4.17585 -2.79201 
v -0.885643 4.17585 -2.78705 
v -0.84801 4.25514 -2.56515 
v -0.84801 4.17585 -2.56515 
v -0.885643 4.17585 -2.56019 
v -0.806122 3.92687 -2.80685 
v 0.817098 4.61772 -2.86085 
v -0.817098 3.31638 -2.86085 
v -0.817098 4.61772 -2.86085 
v -0.806122 3.92687 -2.57999 
v -0.806122 4.26968 -2.80685 
v -0.806122 4.16131 -2.80685 
v -0.853394 4.16131 -2.80685 
v -0.806122 4.26968 -2.57999 
v -0.806122 4.16131 -2.57999 
v -0.853394 4.16131 -2.57999 
v -0.806122 4.03523 -2.38069 
v -0.806122 3.92687 -2.38069 
v -0.853394 3.92687 -2.38069 
v -0.84801 3.9414 -2.36585 
v -0.853394 3.79712 -2.15704 
v -0.853394 4.03523 -2.38069 
v -0.84801 4.25514 -2.36585 
v -0.84801 4.17585 -2.36585 
v -0.885643 4.17585 -2.3609 
v -0.853394 3.92687 -2.15704 
v -0.853394 4.03523 -2.15704 
v -0.806122 4.03523 -2.15704 
v -0.806122 3.92687 -2.15704 
v -0.806122 4.26968 -2.38069 
v -0.806122 4.16131 -2.38069 
v -0.853394 4.16131 -2.38069 
v -0.806122 4.26968 -2.15704 
v -0.806122 4.16131 -2.15704 
v -0.853394 4.16131 -2.15704 
v -0.84801 4.02069 -2.1422 
v -0.84801 3.9414 -2.1422 
v -0.885643 3.9414 -2.13725 
v -4.03419 3.63611 -1.70475 
v -3.87705 3.4386 -1.70475 
v -4.03419 3.4386 -1.70475 
v -4.03419 3.83362 -1.70475 
v -3.87705 3.63611 -1.70475 
v -4.03419 3.63611 -1.70475 
v -4.43681 3.99837 -1.70475 
v -4.2393 3.84122 -1.70475 
v -4.43681 3.84122 -1.70475 
v -4.2393 3.99837 -1.70475 
v -4.04179 3.84122 -1.70475 
v -3.87705 3.83362 -1.70475 
v -3.87705 3.63611 -1.70475 
v -2.5836 3.99837 -1.70475 
v -2.38609 3.84122 -1.70475 
v -2.5836 3.84122 -1.70475 
v -3.86505 3.99837 -1.70475 
v -3.66754 3.84122 -1.70475 
v -3.86505 3.84122 -1.70475 
v -3.66754 3.99837 -1.70475 
v -3.47003 3.84122 -1.70475 
v -3.66754 3.84122 -1.70475 
v -2.38609 3.99837 -1.70475 
v -2.18858 3.84122 -1.70475 
v -3.49212 3.52133 -1.4193 
v -4.41032 3.52133 -1.4193 
v -4.33442 3.58668 -1.4193 
v -3.56803 3.58668 -1.4193 
v -4.33442 4.24644 -1.4193 
v -3.49212 4.31178 -1.4193 
v -3.54071 4.12285 4.93386 
v -3.21487 3.83242 4.8212 
v -3.54071 3.83242 4.93386 
v -2.55711 3.52133 -1.4193 
v -2.4812 4.24644 -1.4193 
v -2.4812 3.58668 -1.4193 
v -3.21487 4.12285 4.8212 
v -2.89635 3.83242 4.71107 
v -3.21487 3.83242 4.8212 
v -2.89635 3.83242 4.71107 
v -2.58515 4.12285 4.60347 
v -2.58515 3.83242 4.60346 
v -2.78926 3.83242 4.30646 
v -2.29772 4.12285 4.14708 
v -2.29772 3.83242 4.14708 
v -2.18858 3.99837 -1.70475 
v -4.04179 3.99837 -1.70475 
v -4.41032 4.31178 -1.4193 
v -4.0298 4.20348 -1.70475 
v -3.87265 4.00597 -1.70475 
v -4.0298 4.00597 -1.70475 
v -3.87265 4.20348 -1.70475 
v -3.66754 3.99837 -1.70475 
v -3.47003 3.99837 -1.70475 
v -3.56803 4.24644 -1.4193 
v -2.55711 4.31178 -1.4193 
v -5.19568 4.09664 -1.1693 
v -4.55177 4.43778 -1.1693 
v -4.55177 4.09664 -1.1693 
v -3.21487 4.12285 4.8212 
v -3.90787 4.43778 -1.1693 
v -3.90787 4.09664 -1.1693 
v -3.26397 4.43778 -1.1693 
v -3.26397 4.09664 -1.1693 
v -2.89635 4.12285 4.71107 
v -2.89635 4.12285 4.71107 
v -2.78926 4.12285 4.30646 
v -2.62006 4.43778 -1.1693 
v -2.62006 4.09664 -1.1693 
v -1.63891 3.52133 -1.4193 
v -2.18098 3.63611 -1.70475 
v -2.02383 3.4386 -1.70475 
v -2.18098 3.4386 -1.70475 
v -2.02383 3.63611 -1.70475 
v -2.18098 3.83362 -1.70475 
v -2.02383 3.63611 -1.70475 
v -2.18098 3.63611 -1.70475 
v -0.914273 3.77027 -2.10035 
v -0.875632 3.77027 -2.11508 
v -0.914273 3.71561 -2.10035 
v -0.914273 3.56879 -2.10035 
v -0.875632 3.56879 -2.11508 
v -0.914273 3.51413 -2.10035 
v -0.885643 3.5811 -2.13725 
v -0.875632 3.51413 -2.11508 
v -0.875632 3.71561 -2.11508 
v -0.885643 3.78258 -2.13725 
v -2.02383 3.83362 -1.70475 
v -2.01183 3.99837 -1.70475 
v -1.81432 3.84122 -1.70475 
v -2.01183 3.84122 -1.70475 
v -1.71482 3.58668 -1.4193 
v -1.81432 3.99837 -1.70475 
v -1.61681 3.84122 -1.70475 
v -1.81432 3.84122 -1.70475 
v -2.29772 4.12285 4.14708 
v -1.80617 3.83242 3.9877 
v -2.29772 3.83242 4.14708 
v -1.63891 4.31178 -1.4193 
v -0.737415 4.49947 3.34402 
v 0.737415 3.32504 3.34402 
v -0.737415 3.32504 3.34402 
v -1.80617 4.12285 3.9877 
v -1.31463 3.83242 3.82833 
v -1.80617 3.83242 3.9877 
v -1.31463 4.12285 3.82833 
v -0.823082 3.83242 3.66895 
v -1.31463 3.83242 3.82833 
v -1.81432 3.99837 -1.70475 
v -0.914273 4.00838 -2.10035 
v -0.875632 4.00838 -2.11508 
v -0.914273 3.95372 -2.10035 
v -1.61681 3.99837 -1.70475 
v -2.17658 4.20348 -1.70475 
v -2.01944 4.00597 -1.70475 
v -2.17658 4.00597 -1.70475 
v -0.914273 4.24283 -2.10035 
v -0.875632 4.24283 -2.11508 
v -0.914273 4.18816 -2.10035 
v -0.875632 3.95372 -2.11508 
v -0.84801 4.25514 -2.1422 
v -0.84801 4.17585 -2.1422 
v -0.885643 4.17585 -2.13725 
v -0.885643 4.02069 -2.13725 
v -0.875632 4.18816 -2.11508 
v -0.885643 4.25514 -2.13725 
v -2.01944 4.20348 -1.70475 
v -1.71482 4.24644 -1.4193 
v -1.80617 4.12285 3.9877 
v -1.97616 4.43778 -1.1693 
v -1.97616 4.09664 -1.1693 
v -1.33226 4.43778 -1.1693 
v -1.33226 4.09664 -1.1693 
v -1.31463 4.12285 3.82833 
v -0.180834 4.22615 3.39577 
v 0.180834 3.83444 3.0231 
v -0.180834 3.83444 3.0231 
v -0.823082 4.12285 3.66895 
v -0.688356 4.43778 -1.1693 
v -0.688356 4.09664 -1.1693 
v -0.885643 4.25514 -2.56019 
v -0.885643 4.25514 -2.78705 
v -0.875632 4.45163 -2.76489 
v -0.875632 4.39697 -2.76489 
v -0.914273 4.39697 -2.75016 
v -0.914273 4.45163 -2.75016 
v -0.885643 4.38465 -2.78705 
v -0.885643 4.46394 -2.78705 
v -0.84801 4.46394 -2.79201 
v -0.84801 4.38465 -2.79201 
v -0.853394 4.26968 -2.80685 
v -0.853394 4.26968 -2.57999 
v -0.806122 4.47848 -2.80685 
v -0.806122 4.37012 -2.80685 
v -0.853394 4.37012 -2.80685 
v -0.806122 4.47848 -2.57999 
v -0.806122 4.37012 -2.57999 
v -0.853394 4.37012 -2.57999 
v -0.84801 4.46394 -2.56515 
v -0.84801 4.38465 -2.56515 
v -0.885643 4.38465 -2.56019 
v -0.875632 4.45163 -2.53803 
v -0.875632 4.39697 -2.53803 
v -0.914273 4.39697 -2.5233 
v -0.875632 4.45163 -2.33873 
v -0.875632 4.39697 -2.33873 
v -0.914273 4.39697 -2.324 
v -0.914273 4.45163 -2.324 
v -0.914273 4.45163 -2.5233 
v -0.885643 4.25514 -2.3609 
v -0.853394 4.26968 -2.38069 
v -0.806122 4.47848 -2.38069 
v -0.806122 4.37012 -2.38069 
v -0.853394 4.37012 -2.38069 
v -0.84801 4.46394 -2.36585 
v -0.84801 4.38465 -2.36585 
v -0.885643 4.38465 -2.3609 
v -0.885643 4.46394 -2.3609 
v -0.885643 4.46394 -2.56019 
v -0.853394 4.47848 -2.80685 
v -0.853394 4.47848 -2.57999 
v -0.842998 4.6844 -2.76879 
v -0.854955 4.61478 -2.78433 
v -0.88379 4.64361 -2.76879 
v -0.814163 4.65557 -2.78433 
v -0.871613 4.61306 -2.80773 
v -0.784364 4.64414 -2.81295 
v -0.843531 4.58498 -2.81295 
v -0.858395 4.57815 -2.82862 
v -0.74226 4.62373 -2.82862 
v -0.82312 4.54287 -2.82862 
v -0.858395 4.57815 -2.58921 
v -0.74226 4.62373 -2.58921 
v -0.82312 4.54287 -2.58921 
v -0.871613 4.61306 -2.56832 
v -0.784364 4.64414 -2.57354 
v -0.843531 4.58498 -2.57354 
v -0.812446 4.67223 -2.80773 
v -0.812446 4.67223 -2.56832 
v -0.842997 4.6844 -2.52938 
v -0.854955 4.61478 -2.54492 
v -0.88379 4.64361 -2.52938 
v -0.853394 4.47848 -2.38069 
v -0.842998 4.6844 -2.31906 
v -0.854955 4.61478 -2.3346 
v -0.88379 4.64361 -2.31906 
v -0.814163 4.65557 -2.54492 
v -0.814163 4.65557 -2.3346 
v -0.858395 4.57815 -2.37889 
v -0.74226 4.62373 -2.37889 
v -0.82312 4.54287 -2.37889 
v -0.871613 4.61306 -2.358 
v -0.784364 4.64414 -2.36322 
v -0.843531 4.58498 -2.36322 
v -0.812446 4.67223 -2.358 
v -0.777535 4.65901 -2.37889 
v -0.777535 4.65901 -2.82862 
v -0.777535 4.65901 -2.58921 
v -0.662105 4.665 -2.57999 
v -0.553745 4.61772 -2.57999 
v -0.662105 4.61772 -2.57999 
v -0.662105 4.665 -2.80685 
v -0.553745 4.61772 -2.80685 
v -0.662105 4.61772 -2.80685 
v -0.64757 4.69725 -2.78705 
v -0.56828 4.65961 -2.79201 
v -0.64757 4.65961 -2.79201 
v -0.307881 4.665 -2.80685 
v -0.199521 4.61772 -2.80685 
v -0.307881 4.61772 -2.80685 
v -0.553745 4.665 -2.57999 
v -0.553745 4.665 -2.80685 
v -0.199521 4.665 -2.80685 
v -0.307881 4.665 -2.57999 
v -0.199521 4.61772 -2.57999 
v -0.307881 4.61772 -2.57999 
v -0.662105 4.665 -2.38069 
v -0.553745 4.61772 -2.38069 
v -0.662105 4.61772 -2.38069 
v -0.553745 4.665 -2.38069 
v -0.64757 4.69724 -2.3609 
v -0.56828 4.65961 -2.36585 
v -0.64757 4.65961 -2.36585 
v -0.64757 4.69725 -2.56019 
v -0.56828 4.65961 -2.56515 
v -0.64757 4.65961 -2.56515 
v -0.307881 4.665 -2.38069 
v -0.199521 4.61772 -2.38069 
v -0.307881 4.61772 -2.38069 
v -0.199521 4.665 -2.57999 
v -0.199521 4.665 -2.38069 
v -0.293345 4.69724 -2.3609 
v -0.214056 4.65961 -2.36585 
v -0.293345 4.65961 -2.36585 
v -0.293345 4.69725 -2.56019 
v -0.214056 4.65961 -2.56515 
v -0.293345 4.65961 -2.56515 
v -0.293345 4.69725 -2.78705 
v -0.214056 4.65961 -2.79201 
v -0.293345 4.65961 -2.79201 
v -0.56828 4.69725 -2.78705 
v -0.56828 4.69725 -2.56019 
v -0.635258 4.72587 -2.75016 
v -0.580592 4.68723 -2.76489 
v -0.635258 4.68723 -2.76489 
v -0.580592 4.72587 -2.75016 
v -0.281033 4.72587 -2.75016 
v -0.226368 4.68723 -2.76489 
v -0.281033 4.68723 -2.76489 
v -0.214056 4.69725 -2.78705 
v -0.214056 4.69725 -2.56019 
v -0.281033 4.72587 -2.5233 
v -0.226368 4.68723 -2.53803 
v -0.281033 4.68723 -2.53803 
v -0.226368 4.72587 -2.75016 
v -0.635258 4.72587 -2.5233 
v -0.580592 4.68723 -2.53803 
v -0.635258 4.68723 -2.53803 
v -0.56828 4.69724 -2.3609 
v -0.635258 4.72587 -2.324 
v -0.580592 4.68723 -2.33873 
v -0.635258 4.68723 -2.33873 
v -0.580592 4.72587 -2.324 
v -0.580592 4.72587 -2.5233 
v -0.281033 4.72587 -2.324 
v -0.226368 4.68723 -2.33873 
v -0.281033 4.68723 -2.33873 
v -0.214056 4.69724 -2.3609 
v -0.226368 4.72587 -2.324 
v -0.226368 4.72587 -2.5233 
v -0.662105 4.665 -2.15704 
v -0.553745 4.61772 -2.15704 
v -0.662105 4.61772 -2.15704 
v -4.0298 4.40099 -1.70475 
v -2.17658 4.40099 -1.70475 
v -3.87265 4.40099 -1.70475 
v -2.01944 4.40099 -1.70475 
v -0.853394 4.26968 -2.15704 
v -0.806122 4.47848 -2.15704 
v -0.806122 4.37012 -2.15704 
v -0.853394 4.37012 -2.15704 
v -0.84801 4.46394 -2.1422 
v -0.84801 4.38465 -2.1422 
v -0.885643 4.38465 -2.13725 
v -0.875632 4.45163 -2.11508 
v -0.875632 4.39697 -2.11508 
v -0.914273 4.39697 -2.10035 
v -5.19568 4.43778 -1.1693 
v -0.914273 4.45163 -2.10035 
v -0.853394 4.47848 -2.15704 
v -0.885643 4.46394 -2.13725 
v -0.842997 4.6844 -2.08304 
v -0.854955 4.61478 -2.09858 
v -0.88379 4.64361 -2.08304 
v -0.814163 4.65557 -2.09858 
v -0.871613 4.61306 -2.12198 
v -0.784364 4.64414 -2.1272 
v -0.843531 4.58498 -2.1272 
v -0.777535 4.65901 -2.14287 
v -0.82312 4.54287 -2.14287 
v -0.858395 4.57815 -2.14287 
v -0.768706 4.42863 -1.90281 
v -0.62847 4.51798 -1.88589 
v -0.62847 4.42863 -1.90281 
v -0.74226 4.62373 -2.14287 
v -0.812446 4.67223 -2.12198 
v -0.768706 4.51798 -1.88589 
v -0.62847 4.90531 -0.999444 
v -0.768706 4.59754 -1.05772 
v -0.768706 4.90531 -0.999444 
v -0.768706 4.771 -0.290035 
v -0.62847 4.61524 -0.319525 
v -0.768706 4.61524 -0.319525 
v -0.62847 5.05393 -1.78442 
v -0.768706 4.51798 -1.88589 
v -0.768706 5.05393 -1.78442 
v -0.62847 5.17026 -1.76239 
v -0.768706 5.05393 -1.78442 
v -0.768706 5.17026 -1.76239 
v -0.755024 5.02596 -1.63669 
v -0.642151 4.49001 -1.73816 
v -0.755024 4.49001 -1.73816 
v -0.62847 4.59754 -1.05771 
v -0.642151 5.02596 -1.63669 
v -0.62847 5.05393 -1.78442 
v -0.62847 4.771 -0.290035 
v -0.553745 4.665 -2.15704 
v -0.64757 4.69724 -2.13725 
v -0.56828 4.65961 -2.1422 
v -0.64757 4.65961 -2.1422 
v -0.56828 4.69724 -2.13725 
v -0.635258 4.72587 -2.10035 
v -0.580592 4.68723 -2.11508 
v -0.635258 4.68723 -2.11508 
v -0.307881 4.665 -2.15704 
v -0.199521 4.61772 -2.15704 
v -0.307881 4.61772 -2.15704 
v -0.199521 4.665 -2.15704 
v -0.293345 4.69724 -2.13725 
v -0.214056 4.65961 -2.1422 
v -0.293345 4.65961 -2.1422 
v -0.214056 4.69724 -2.13725 
v -0.281033 4.72587 -2.10035 
v -0.226368 4.68723 -2.11508 
v -0.281033 4.68723 -2.11508 
v -0.107396 4.43235 -1.90211 
v -0.62847 4.42863 -1.90281 
v -0.107396 4.50388 -1.88856 
v -0.62847 4.51798 -1.88589 
v -0.713914 4.67437 0.862808 
v -0.106834 4.5672 0.866511 
v -0.713914 4.55804 0.863434 
v -0.106834 4.68352 0.865885 
v -0.62847 4.51798 -1.88589 
v -0.107396 4.50388 -1.88856 
v 7.73635e-17 4.43235 -1.90211 
v -0.107396 4.43235 -1.90211 
v -0.180834 4.61786 3.76845 
v 0.180834 4.22615 3.39577 
v -0.180834 4.22615 3.39577 
v 8.61234e-17 4.50388 -1.88856 
v -0.107396 5.05393 -1.78442 
v 8.61234e-17 4.50388 -1.88856 
v -0.107396 4.50388 -1.88856 
v -0.226368 4.72587 -2.10035 
v -0.580592 4.72587 -2.10035 
v -0.62847 4.97806 -0.816316 
v -0.116036 4.88697 -0.833562 
v -0.62847 4.88697 -0.833562 
v -0.116036 4.97806 -0.816316 
v -0.107396 5.17026 -1.76239 
v -0.62847 5.05393 -1.78442 
v -0.62847 5.17026 -1.76239 
v -0.62847 4.771 -0.290035 
v -0.109082 4.8871 -0.266779 
v -0.109082 4.77078 -0.288803 
v 1.53486e-16 5.05393 -1.78442 
v -0.107396 5.05393 -1.78442 
v -0.107396 5.05393 -1.78442 
v 1.67732e-16 5.17026 -1.76239 
v 1.53486e-16 5.05393 -1.78442 
v -0.107396 5.17026 -1.76239 
v -0.109082 4.8871 -0.266779 
v -0.62847 4.771 -0.290035 
v -0.62847 4.88732 -0.268011 
v 0.180834 5.00956 4.14112 
v -0.180834 4.61786 3.76845 
v -0.180834 5.00956 4.14112 
v 0.180834 5.40127 4.51379 
v -0.180834 5.00956 4.14112 
v -0.180834 5.40127 4.51379 
v 0.180834 5.79297 4.88647 
v -0.180834 5.40127 4.51379 
v -0.180834 5.79297 4.88647 
v -0.159308 5.96181 5.21408 
v 0.159308 5.71089 4.97535 
v -0.159308 5.71089 4.97535 
v -0.127988 5.99197 5.47775 
v 0.127988 5.79038 5.28596 
v -0.127988 5.79038 5.28596 
v -0.0304992 5.89173 6.08961 
v 0.0304991 5.84369 6.0439 
v -0.0304992 5.84369 6.0439 
v -0.0841791 5.96748 5.76508 
v 0.084179 5.8349 5.63894 
v -0.0841791 5.8349 5.63894 
v -0.0564241 5.95107 5.95733 
v 0.056424 5.8622 5.87278 
v -0.0564241 5.8622 5.87278 
v 0.0304991 5.89173 6.08961 
v 0.76781 3.0443 -2.829 
v 0.806122 3.59564 -2.57999 
v 0.853394 3.48728 -2.57999 
v 0.806122 3.48728 -2.57999 
v 0.806122 3.79712 -2.57999 
v 0.853394 3.68876 -2.57999 
v 0.806122 3.68876 -2.57999 
v 0.817098 3.31638 -2.86085 
v 0.806122 3.59564 -2.80685 
v 0.853394 3.48728 -2.80685 
v 0.806122 3.48728 -2.80685 
v 0.853394 3.59564 -2.80685 
v 0.853394 3.59564 -2.57999 
v 0.806122 3.79712 -2.80685 
v 0.853394 3.68876 -2.80685 
v 0.806122 3.68876 -2.80685 
v 0.84801 3.78258 -2.79201 
v 0.885643 3.70329 -2.78705 
v 0.84801 3.70329 -2.79201 
v 0.84801 3.5811 -2.56515 
v 0.885643 3.50181 -2.56019 
v 0.84801 3.50181 -2.56515 
v 0.806122 3.59564 -2.38069 
v 0.853394 3.48728 -2.38069 
v 0.806122 3.48728 -2.38069 
v 0.806122 3.59564 -2.15704 
v 0.853394 3.48728 -2.15704 
v 0.806122 3.48728 -2.15704 
v 0.806122 3.79712 -2.38069 
v 0.853394 3.68876 -2.38069 
v 0.806122 3.68876 -2.38069 
v 0.806122 3.79712 -2.15704 
v 0.853394 3.68876 -2.15704 
v 0.806122 3.68876 -2.15704 
v 0.853394 3.59564 -2.38069 
v 0.84801 3.78258 -2.56515 
v 0.885643 3.70329 -2.56019 
v 0.84801 3.70329 -2.56515 
v 0.853394 3.59564 -2.15704 
v 0.853394 3.79712 -2.38069 
v 0.853394 3.79712 -2.15704 
v 0.853394 3.79712 -2.80685 
v 0.806122 4.03523 -2.80685 
v 0.853394 3.92687 -2.80685 
v 0.806122 3.92687 -2.80685 
v 0.806122 4.03523 -2.57999 
v 0.853394 3.92687 -2.57999 
v 0.806122 3.92687 -2.57999 
v 0.806122 4.26968 -2.57999 
v 0.853394 4.16131 -2.57999 
v 0.806122 4.16131 -2.57999 
v 0.806122 4.26968 -2.80685 
v 0.853394 4.16131 -2.80685 
v 0.806122 4.16131 -2.80685 
v 0.853394 3.79712 -2.57999 
v 0.853394 4.03523 -2.80685 
v 0.84801 4.02069 -2.79201 
v 0.885643 3.9414 -2.78705 
v 0.84801 3.9414 -2.79201 
v 0.853394 4.03523 -2.57999 
v 0.84801 4.25514 -2.79201 
v 0.885643 4.17585 -2.78705 
v 0.84801 4.17585 -2.79201 
v 0.84801 4.02069 -2.56515 
v 0.885643 3.9414 -2.56019 
v 0.84801 3.9414 -2.56515 
v 0.806122 4.03523 -2.38069 
v 0.853394 3.92687 -2.38069 
v 0.806122 3.92687 -2.38069 
v 0.806122 4.03523 -2.15704 
v 0.853394 3.92687 -2.15704 
v 0.806122 3.92687 -2.15704 
v 0.806122 4.26968 -2.15704 
v 0.853394 4.16131 -2.15704 
v 0.806122 4.16131 -2.15704 
v 0.806122 4.26968 -2.38069 
v 0.853394 4.16131 -2.38069 
v 0.806122 4.16131 -2.38069 
v 0.853394 4.03523 -2.38069 
v 0.853394 4.03523 -2.15704 
v 0.84801 4.25514 -2.1422 
v 0.885643 4.17585 -2.13725 
v 0.84801 4.17585 -2.1422 
v 0.84801 4.25514 -2.56515 
v 0.885643 4.17585 -2.56019 
v 0.84801 4.17585 -2.56515 
v 0.84801 3.5811 -2.79201 
v 0.885643 3.50181 -2.78705 
v 0.84801 3.50181 -2.79201 
v 0.885643 3.5811 -2.78705 
v 0.875632 3.56879 -2.76489 
v 0.914273 3.51413 -2.75016 
v 0.875632 3.51413 -2.76489 
v 0.885643 3.5811 -2.56019 
v 0.885643 3.78258 -2.78705 
v 0.875632 3.77027 -2.76489 
v 0.914273 3.71561 -2.75016 
v 0.875632 3.71561 -2.76489 
v 0.914273 3.56879 -2.75016 
v 0.875632 3.56879 -2.53803 
v 0.914273 3.51413 -2.5233 
v 0.875632 3.51413 -2.53803 
v 0.875632 3.77027 -2.53803 
v 0.914273 3.71561 -2.5233 
v 0.875632 3.71561 -2.53803 
v 0.914273 3.77027 -2.75016 
v 0.914273 3.56879 -2.5233 
v 0.84801 3.5811 -2.36585 
v 0.885643 3.50181 -2.3609 
v 0.84801 3.50181 -2.36585 
v 0.885643 3.5811 -2.3609 
v 0.84801 3.78258 -2.36585 
v 0.885643 3.70329 -2.3609 
v 0.84801 3.70329 -2.36585 
v 0.885643 3.78258 -2.3609 
v 0.875632 3.56879 -2.33873 
v 0.914273 3.51413 -2.324 
v 0.875632 3.51413 -2.33873 
v 0.875632 3.77027 -2.33873 
v 0.914273 3.71561 -2.324 
v 0.875632 3.71561 -2.33873 
v 0.914273 3.56879 -2.324 
v 0.914273 3.77027 -2.5233 
v 0.914273 3.77027 -2.324 
v 0.885643 3.78258 -2.56019 
v 0.885643 4.02069 -2.78705 
v 0.875632 4.00838 -2.76489 
v 0.914273 3.95372 -2.75016 
v 0.875632 3.95372 -2.76489 
v 0.885643 4.02069 -2.56019 
v 0.885643 4.25514 -2.56019 
v 0.875632 4.24283 -2.76489 
v 0.914273 4.18816 -2.75016 
v 0.875632 4.18816 -2.76489 
v 0.914273 4.00838 -2.75016 
v 0.875632 4.00838 -2.53803 
v 0.914273 3.95372 -2.5233 
v 0.875632 3.95372 -2.53803 
v 0.875632 4.24283 -2.53803 
v 0.914273 4.18816 -2.5233 
v 0.875632 4.18816 -2.53803 
v 0.914273 4.24283 -2.75016 
v 0.914273 4.00838 -2.5233 
v 0.84801 4.02069 -2.36585 
v 0.885643 3.9414 -2.3609 
v 0.84801 3.9414 -2.36585 
v 0.875632 4.00838 -2.33873 
v 0.914273 3.95372 -2.324 
v 0.875632 3.95372 -2.33873 
v 0.885643 4.02069 -2.3609 
v 0.84801 4.25514 -2.36585 
v 0.885643 4.17585 -2.3609 
v 0.84801 4.17585 -2.36585 
v 0.875632 4.24283 -2.33873 
v 0.914273 4.18816 -2.324 
v 0.875632 4.18816 -2.33873 
v 0.914273 4.00838 -2.324 
v 0.914273 4.24283 -2.324 
v 0.914273 4.24283 -2.5233 
v 0.84801 3.5811 -2.1422 
v 0.885643 3.50181 -2.13725 
v 0.84801 3.50181 -2.1422 
v 0.885643 3.5811 -2.13725 
v 0.875632 3.56879 -2.11508 
v 0.914273 3.51413 -2.10035 
v 0.875632 3.51413 -2.11508 
v 0.84801 3.78258 -2.1422 
v 0.885643 3.70329 -2.13725 
v 0.84801 3.70329 -2.1422 
v 0.885643 3.78258 -2.13725 
v 0.875632 3.77027 -2.11508 
v 0.914273 3.71561 -2.10035 
v 0.875632 3.71561 -2.11508 
v 0.914273 3.56879 -2.10035 
v 2.18098 3.63611 -1.70475 
v 2.18098 3.4386 -1.70475 
v 2.02383 3.4386 -1.70475 
v 2.18098 3.83362 -1.70475 
v 2.18098 3.63611 -1.70475 
v 2.02383 3.63611 -1.70475 
v 0.914273 3.77027 -2.10035 
v 2.02383 3.63611 -1.70475 
v 1.61681 3.84122 -1.70475 
v 1.81432 3.99837 -1.70475 
v 1.81432 3.84122 -1.70475 
v 1.63891 3.52133 -1.4193 
v 1.63891 4.31178 -1.4193 
v 1.71482 3.58668 -1.4193 
v 1.31463 3.83242 3.82833 
v 1.80617 4.12285 3.9877 
v 1.80617 3.83242 3.9877 
v 0.823082 3.83242 3.66895 
v 1.31463 4.12285 3.82833 
v 1.31463 3.83242 3.82833 
v 2.4812 3.58668 -1.4193 
v 1.63891 3.52133 -1.4193 
v 1.71482 3.58668 -1.4193 
v 2.02383 3.83362 -1.70475 
v 2.18098 3.83362 -1.70475 
v 2.02383 3.63611 -1.70475 
v 2.55711 3.52133 -1.4193 
v 1.81432 3.84122 -1.70475 
v 2.01183 3.99837 -1.70475 
v 2.01183 3.84122 -1.70475 
v 1.80617 3.83242 3.9877 
v 2.29772 4.12285 4.14708 
v 2.29772 3.83242 4.14708 
v 1.81432 3.99837 -1.70475 
v 0.84801 4.02069 -2.1422 
v 0.885643 3.9414 -2.13725 
v 0.84801 3.9414 -2.1422 
v 0.875632 4.00838 -2.11508 
v 0.914273 3.95372 -2.10035 
v 0.875632 3.95372 -2.11508 
v 0.885643 4.02069 -2.13725 
v 0.875632 4.24283 -2.11508 
v 0.914273 4.18816 -2.10035 
v 0.875632 4.18816 -2.11508 
v 0.914273 4.00838 -2.10035 
v 1.61681 3.99837 -1.70475 
v 2.01944 4.00597 -1.70475 
v 2.17658 4.20348 -1.70475 
v 2.17658 4.00597 -1.70475 
v 2.01944 4.20348 -1.70475 
v 0.914273 4.24283 -2.10035 
v 1.71482 4.24644 -1.4193 
v 0.180834 4.22615 3.39577 
v 0.823082 4.12285 3.66895 
v 0.737415 4.49947 3.34402 
v 0.688356 4.43778 -1.1693 
v 1.33226 4.09664 -1.1693 
v 0.688356 4.09664 -1.1693 
v 1.31463 4.12285 3.82833 
v 1.80617 4.12285 3.9877 
v 1.33226 4.43778 -1.1693 
v 1.97616 4.09664 -1.1693 
v 1.97616 4.43778 -1.1693 
v 2.62006 4.09664 -1.1693 
v 2.38609 3.99837 -1.70475 
v 2.18858 3.84122 -1.70475 
v 2.18858 3.99837 -1.70475 
v 3.87705 3.63611 -1.70475 
v 4.03419 3.63611 -1.70475 
v 3.87705 3.4386 -1.70475 
v 2.38609 3.84122 -1.70475 
v 2.5836 3.99837 -1.70475 
v 2.5836 3.84122 -1.70475 
v 3.66754 3.84122 -1.70475 
v 3.86505 3.99837 -1.70475 
v 3.86505 3.84122 -1.70475 
v 3.87705 3.83362 -1.70475 
v 4.03419 3.83362 -1.70475 
v 3.87705 3.63611 -1.70475 
v 4.03419 3.4386 -1.70475 
v 4.03419 3.83362 -1.70475 
v 4.03419 3.63611 -1.70475 
v 3.87705 3.63611 -1.70475 
v 4.04179 3.84122 -1.70475 
v 4.2393 3.99837 -1.70475 
v 4.2393 3.84122 -1.70475 
v 4.43681 3.99837 -1.70475 
v 4.43681 3.84122 -1.70475 
v 3.47003 3.84122 -1.70475 
v 3.66754 3.99837 -1.70475 
v 3.66754 3.84122 -1.70475 
v 2.4812 4.24644 -1.4193 
v 2.55711 3.52133 -1.4193 
v 2.4812 3.58668 -1.4193 
v 2.89635 3.83242 4.71107 
v 3.21487 4.12285 4.8212 
v 3.21487 3.83242 4.8212 
v 3.21487 3.83242 4.8212 
v 3.54071 4.12285 4.93386 
v 3.54071 3.83242 4.93386 
v 2.58515 4.12285 4.60347 
v 2.89635 3.83242 4.71107 
v 2.58515 3.83242 4.60346 
v 3.49212 3.52133 -1.4193 
v 3.49212 4.31178 -1.4193 
v 3.56803 3.58668 -1.4193 
v 3.49212 3.52133 -1.4193 
v 4.33442 3.58668 -1.4193 
v 4.41032 3.52133 -1.4193 
v 3.56803 3.58668 -1.4193 
v 4.33442 4.24644 -1.4193 
v 4.41032 3.52133 -1.4193 
v 4.33442 3.58668 -1.4193 
v 2.29772 4.12285 4.14708 
v 2.78926 3.83242 4.30646 
v 2.29772 3.83242 4.14708 
v 3.66754 3.99837 -1.70475 
v 3.47003 3.99837 -1.70475 
v 2.55711 4.31178 -1.4193 
v 4.0298 4.20348 -1.70475 
v 3.87265 4.00597 -1.70475 
v 3.87265 4.20348 -1.70475 
v 4.04179 3.99837 -1.70475 
v 4.41032 4.31178 -1.4193 
v 4.0298 4.00597 -1.70475 
v 3.56803 4.24644 -1.4193 
v 2.89635 4.12285 4.71107 
v 2.89635 4.12285 4.71107 
v 2.78926 4.12285 4.30646 
v 2.62006 4.43778 -1.1693 
v 3.26397 4.09664 -1.1693 
v 3.21487 4.12285 4.8212 
v 3.26397 4.43778 -1.1693 
v 3.90787 4.09664 -1.1693 
v 3.90787 4.43778 -1.1693 
v 4.55177 4.09664 -1.1693 
v 4.55177 4.43778 -1.1693 
v 5.19568 4.09664 -1.1693 
v 0.885643 4.25514 -2.78705 
v 0.199521 4.61772 -2.80685 
v 0.307881 4.665 -2.80685 
v 0.307881 4.61772 -2.80685 
v 0.199521 4.61772 -2.57999 
v 0.307881 4.665 -2.57999 
v 0.307881 4.61772 -2.57999 
v 0.199521 4.665 -2.80685 
v 0.214056 4.65961 -2.79201 
v 0.293345 4.69725 -2.78705 
v 0.293345 4.65961 -2.79201 
v 0.662105 4.665 -2.80685 
v 0.553745 4.61772 -2.80685 
v 0.553745 4.665 -2.80685 
v 0.74226 4.62373 -2.58921 
v 0.777535 4.65901 -2.58921 
v 0.858395 4.57815 -2.58921 
v 0.553745 4.61772 -2.57999 
v 0.662105 4.665 -2.57999 
v 0.662105 4.61772 -2.57999 
v 0.662105 4.61772 -2.80685 
v 0.553745 4.665 -2.57999 
v 0.199521 4.665 -2.57999 
v 0.199521 4.61772 -2.38069 
v 0.307881 4.665 -2.38069 
v 0.307881 4.61772 -2.38069 
v 0.199521 4.665 -2.38069 
v 0.214056 4.65961 -2.36585 
v 0.293345 4.69724 -2.3609 
v 0.293345 4.65961 -2.36585 
v 0.214056 4.65961 -2.56515 
v 0.293345 4.69725 -2.56019 
v 0.293345 4.65961 -2.56515 
v 0.662105 4.665 -2.38069 
v 0.553745 4.61772 -2.38069 
v 0.553745 4.665 -2.38069 
v 0.662105 4.61772 -2.38069 
v 0.74226 4.62373 -2.37889 
v 0.777535 4.65901 -2.37889 
v 0.858395 4.57815 -2.37889 
v 0.56828 4.65961 -2.36585 
v 0.64757 4.69724 -2.3609 
v 0.64757 4.65961 -2.36585 
v 0.56828 4.65961 -2.56515 
v 0.64757 4.69725 -2.56019 
v 0.64757 4.65961 -2.56515 
v 0.56828 4.65961 -2.79201 
v 0.64757 4.69725 -2.78705 
v 0.64757 4.65961 -2.79201 
v 0.214056 4.69725 -2.78705 
v 0.214056 4.69725 -2.56019 
v 0.226368 4.68723 -2.76489 
v 0.281033 4.72587 -2.75016 
v 0.281033 4.68723 -2.76489 
v 0.226368 4.72587 -2.75016 
v 0.226368 4.68723 -2.53803 
v 0.281033 4.72587 -2.5233 
v 0.281033 4.68723 -2.53803 
v 0.56828 4.69725 -2.78705 
v 0.56828 4.69725 -2.56019 
v 0.580592 4.68723 -2.76489 
v 0.635258 4.72587 -2.75016 
v 0.635258 4.68723 -2.76489 
v 0.580592 4.72587 -2.75016 
v 0.580592 4.68723 -2.53803 
v 0.635258 4.72587 -2.5233 
v 0.635258 4.68723 -2.53803 
v 0.214056 4.69724 -2.3609 
v 0.226368 4.68723 -2.33873 
v 0.281033 4.72587 -2.324 
v 0.281033 4.68723 -2.33873 
v 0.226368 4.72587 -2.324 
v 0.226368 4.72587 -2.5233 
v 0.56828 4.69724 -2.3609 
v 0.580592 4.68723 -2.33873 
v 0.635258 4.72587 -2.324 
v 0.635258 4.68723 -2.33873 
v 0.580592 4.72587 -2.324 
v 0.580592 4.72587 -2.5233 
v 0.74226 4.62373 -2.82862 
v 0.777535 4.65901 -2.82862 
v 0.858395 4.57815 -2.82862 
v 0.853394 4.26968 -2.80685 
v 0.853394 4.26968 -2.57999 
v 0.806122 4.47848 -2.80685 
v 0.853394 4.37012 -2.80685 
v 0.806122 4.37012 -2.80685 
v 0.806122 4.47848 -2.57999 
v 0.853394 4.37012 -2.57999 
v 0.806122 4.37012 -2.57999 
v 0.84801 4.46394 -2.79201 
v 0.885643 4.38465 -2.78705 
v 0.84801 4.38465 -2.79201 
v 0.875632 4.45163 -2.76489 
v 0.914273 4.39697 -2.75016 
v 0.875632 4.39697 -2.76489 
v 0.84801 4.46394 -2.56515 
v 0.885643 4.38465 -2.56019 
v 0.84801 4.38465 -2.56515 
v 0.914273 4.45163 -2.75016 
v 0.885643 4.46394 -2.78705 
v 0.875632 4.45163 -2.53803 
v 0.914273 4.39697 -2.5233 
v 0.875632 4.39697 -2.53803 
v 0.853394 4.26968 -2.38069 
v 0.885643 4.25514 -2.3609 
v 0.806122 4.47848 -2.38069 
v 0.853394 4.37012 -2.38069 
v 0.806122 4.37012 -2.38069 
v 0.84801 4.46394 -2.36585 
v 0.885643 4.38465 -2.3609 
v 0.84801 4.38465 -2.36585 
v 0.885643 4.46394 -2.3609 
v 0.875632 4.45163 -2.33873 
v 0.914273 4.39697 -2.324 
v 0.875632 4.39697 -2.33873 
v 0.914273 4.45163 -2.324 
v 0.914273 4.45163 -2.5233 
v 0.885643 4.46394 -2.56019 
v 0.82312 4.54287 -2.82862 
v 0.82312 4.54287 -2.58921 
v 0.843531 4.58498 -2.57354 
v 0.784364 4.64414 -2.57354 
v 0.871613 4.61306 -2.56832 
v 0.784364 4.64414 -2.81295 
v 0.812446 4.67223 -2.80773 
v 0.871613 4.61306 -2.80773 
v 0.843531 4.58498 -2.81295 
v 0.853394 4.47848 -2.80685 
v 0.853394 4.47848 -2.57999 
v 0.854955 4.61478 -2.78433 
v 0.842998 4.6844 -2.76879 
v 0.88379 4.64361 -2.76879 
v 0.814163 4.65557 -2.78433 
v 0.812446 4.67223 -2.56832 
v 0.82312 4.54287 -2.37889 
v 0.843531 4.58498 -2.36322 
v 0.784364 4.64414 -2.36322 
v 0.871613 4.61306 -2.358 
v 0.812446 4.67223 -2.358 
v 0.842997 4.6844 -2.52938 
v 0.854955 4.61478 -2.54492 
v 0.814163 4.65557 -2.54492 
v 0.842998 4.6844 -2.31906 
v 0.854955 4.61478 -2.3346 
v 0.814163 4.65557 -2.3346 
v 0.853394 4.47848 -2.38069 
v 0.88379 4.64361 -2.52938 
v 0.88379 4.64361 -2.31906 
v 0.853394 4.47848 -2.15704 
v 0.853394 4.37012 -2.15704 
v 0.806122 4.47848 -2.15704 
v 0.307881 4.665 -2.15704 
v 0.199521 4.61772 -2.15704 
v 0.199521 4.665 -2.15704 
v 0.214056 4.65961 -2.1422 
v 0.293345 4.69724 -2.13725 
v 0.293345 4.65961 -2.1422 
v 0.214056 4.69724 -2.13725 
v 0.226368 4.68723 -2.11508 
v 0.281033 4.72587 -2.10035 
v 0.281033 4.68723 -2.11508 
v 0.307881 4.61772 -2.15704 
v 0.553745 4.61772 -2.15704 
v 0.662105 4.665 -2.15704 
v 0.662105 4.61772 -2.15704 
v 0.553745 4.665 -2.15704 
v 0.56828 4.65961 -2.1422 
v 0.64757 4.69724 -2.13725 
v 0.64757 4.65961 -2.1422 
v 0.56828 4.69724 -2.13725 
v 0.580592 4.68723 -2.11508 
v 0.635258 4.72587 -2.10035 
v 0.635258 4.68723 -2.11508 
v 0.107396 4.50388 -1.88856 
v 0.107396 4.43235 -1.90211 
v 0.180834 4.61786 3.76845 
v 0.107396 5.05393 -1.78442 
v 0.107396 4.50388 -1.88856 
v 0.107396 4.50388 -1.88856 
v 0.62847 4.42863 -1.90281 
v 0.107396 4.43235 -1.90211 
v 0.62847 4.51798 -1.88589 
v 0.768706 4.42863 -1.90281 
v 0.62847 4.42863 -1.90281 
v 0.62847 4.51798 -1.88589 
v 0.106834 4.5672 0.866511 
v 0.713914 4.67437 0.862808 
v 0.713914 4.55804 0.863434 
v 0.106834 4.68352 0.865885 
v 0.226368 4.72587 -2.10035 
v 0.107396 5.05393 -1.78442 
v 0.107396 5.17026 -1.76239 
v 0.62847 5.05393 -1.78442 
v 0.107396 5.05393 -1.78442 
v 0.107396 5.17026 -1.76239 
v 0.116036 4.97806 -0.816316 
v 0.62847 4.97806 -0.816316 
v 0.116036 4.88697 -0.833562 
v 0.580592 4.72587 -2.10035 
v 0.62847 4.771 -0.290035 
v 0.768706 4.771 -0.290035 
v 0.62847 4.61524 -0.319525 
v 0.62847 4.88697 -0.833562 
v 0.62847 5.17026 -1.76239 
v 0.109082 4.8871 -0.266779 
v 0.62847 4.771 -0.290035 
v 0.109082 4.77078 -0.288803 
v 0.159308 5.96181 5.21408 
v 0.056424 5.95107 5.95733 
v 0.084179 5.96748 5.76508 
v 0.127988 5.99197 5.47775 
v 0.180834 4.61786 3.76845 
v 0.62847 4.88732 -0.268011 
v 0.180834 5.00956 4.14112 
v 0.180834 5.40127 4.51379 
v 0.62847 5.05393 -1.78442 
v 0.768706 4.51798 -1.88589 
v 0.62847 4.51798 -1.88589 
v 0.853394 4.26968 -2.15704 
v 0.885643 4.25514 -2.13725 
v 2.17658 4.40099 -1.70475 
v 2.01944 4.40099 -1.70475 
v 0.806122 4.37012 -2.15704 
v 1.71482 4.24644 -1.4193 
v 2.55711 4.31178 -1.4193 
v 2.4812 4.24644 -1.4193 
v 3.56803 4.24644 -1.4193 
v 4.41032 4.31178 -1.4193 
v 4.33442 4.24644 -1.4193 
v 4.0298 4.40099 -1.70475 
v 3.87265 4.40099 -1.70475 
v 3.49212 4.31178 -1.4193 
v 1.63891 4.31178 -1.4193 
v 5.19568 4.43778 -1.1693 
v 0.84801 4.46394 -2.1422 
v 0.885643 4.38465 -2.13725 
v 0.84801 4.38465 -2.1422 
v 0.82312 4.54287 -2.14287 
v 0.777535 4.65901 -2.14287 
v 0.858395 4.57815 -2.14287 
v 0.74226 4.62373 -2.14287 
v 0.843531 4.58498 -2.1272 
v 0.784364 4.64414 -2.1272 
v 0.871613 4.61306 -2.12198 
v 0.812446 4.67223 -2.12198 
v 0.842997 4.6844 -2.08304 
v 0.854955 4.61478 -2.09858 
v 0.814163 4.65557 -2.09858 
v 0.875632 4.45163 -2.11508 
v 0.914273 4.39697 -2.10035 
v 0.875632 4.39697 -2.11508 
v 0.914273 4.45163 -2.10035 
v 0.885643 4.46394 -2.13725 
v 0.88379 4.64361 -2.08304 
v 0.768706 4.51798 -1.88589 
v 0.642151 4.49001 -1.73816 
v 0.755024 5.02596 -1.63669 
v 0.755024 4.49001 -1.73816 
v 0.62847 4.90531 -0.999444 
v 0.768706 4.59754 -1.05772 
v 0.62847 4.59754 -1.05771 
v 0.642151 5.02596 -1.63669 
v 0.62847 5.17026 -1.76239 
v 0.768706 5.05393 -1.78442 
v 0.62847 5.05393 -1.78442 
v 0.768706 5.05393 -1.78442 
v 0.768706 4.61524 -0.319525 
v 0.768706 4.90531 -0.999444 
v 0.768706 5.17026 -1.76239 

vn 0.937008 0 -0.354331 
vn 0.937008 0 -0.354331 
vn 0.937008 0 -0.354331 
vn 0.937008 0 -0.354331 
vn 0.937008 0 -0.354331 
vn 0.937008 0 -0.354331 
vn 0.937008 0 -0.354331 
vn 0.937008 0 -0.354331 
vn 0.937008 0 -0.354331 
vn 0.937008 0 -0.354331 
vn 0.937008 0 -0.354331 
vn 0.992126 0 -0.133858 
vn 0.992126 0 -0.133858 
vn 0.992126 0 -0.133858 
vn 0.992126 0 -0.133858 
vn 0.992126 0 -0.133858 
vn 0.992126 0 -0.133858 
vn 0.992126 0 -0.133858 
vn 0.992126 0 -0.133858 
vn 0.992126 0 -0.133858 
vn 0.992126 0 -0.133858 
vn 0.992126 0 -0.133858 
vn 0.992126 0 -0.133858 
vn 0.937008 0 -0.354331 
vn 0.937008 0 -0.354331 
vn 0.937008 0 -0.354331 
vn 0.937008 0 -0.354331 
vn 0.937008 0 -0.354331 
vn 0.937008 0 -0.354331 
vn 0.937008 0 -0.354331 
vn 0.937008 0 -0.354331 
vn 0.937008 0 -0.354331 
vn 0.937008 0 -0.354331 
vn 0.937008 0 -0.354331 
vn 0.937008 0 -0.354331 
vn 0.937008 0 -0.354331 
vn 0.992126 0 -0.133858 
vn 0.992126 0 -0.133858 
vn 0.992126 0 -0.133858 
vn 0.992126 0 -0.133858 
vn 0.992126 0 -0.133858 
vn 0.992126 0 -0.133858 
vn 0.937008 0 -0.354331 
vn 0.937008 0 -0.354331 
vn 0.937008 0 -0.354331 
vn 0.937008 0 -0.354331 
vn 0.937008 0 -0.354331 
vn 0.937008 0 -0.354331 
vn 0.937008 0 -0.354331 
vn 0.937008 0 -0.354331 
vn 0.937008 0 -0.354331 
vn 0.937008 0 -0.354331 
vn 0.937008 0 -0.354331 
vn 0.937008 0 -0.354331 
vn 0.937008 0 -0.354331 
vn 0.937008 0 -0.354331 
vn 0.992126 0 -0.133858 
vn 0.992126 0 -0.133858 
vn 0.992126 0 -0.133858 
vn 0.992126 0 -0.133858 
vn 0.992126 0 -0.133858 
vn 0.992126 0 -0.133858 
vn 0.992126 0 -0.133858 
vn 0.992126 0 -0.133858 
vn 0.992126 0 -0.133858 
vn 0.992126 0 -0.133858 
vn 0.992126 0 -0.133858 
vn 0.992126 0 -0.133858 
vn 0.937008 0 -0.354331 
vn 0.937008 0 -0.354331 
vn 0.937008 0 -0.354331 
vn 0.937008 0 -0.354331 
vn 0.937008 0 -0.354331 
vn 0.937008 0 -0.354331 
vn 0.937008 0 -0.354331 
vn 0.937008 0 -0.354331 
vn 0.937008 0 -0.354331 
vn 0.937008 0 -0.354331 
vn 0.937008 0 -0.354331 
vn 0.937008 0 -0.354331 
vn 0.992126 0 -0.133858 
vn 0.992126 0 -0.133858 
vn 0.992126 0 -0.133858 
vn 0.992126 0 -0.133858 
vn 0.992126 0 -0.133858 
vn 0.992126 0 -0.133858 
vn 0.937008 0 -0.354331 
vn 0.937008 0 -0.354331 
vn 0.937008 0 -0.354331 
vn 0.992126 0 -0.133858 
vn 1 0 0 
vn 1 0 0 
vn 1 0 0 
vn 0.992126 0 -0.133858 
vn 0.992126 0 -0.133858 
vn 1 0 0 
vn 1 0 0 
vn 1 0 0 
vn 1 0 0 
vn 1 0 0 
vn 1 0 0 
vn 1 0 0 
vn 1 0 0 
vn 1 0 0 
vn 1 0 0 
vn 1 0 0 
vn 1 0 0 
vn 1 0 0 
vn 1 0 0 
vn 0.992126 0 -0.133858 
vn 1 0 0 
vn 0.992126 0 -0.133858 
vn 0.992126 0 -0.133858 
vn 0.992126 0 -0.133858 
vn 1 0 0 
vn 1 0 0 
vn 1 0 0 
vn 1 0 0 
vn 1 0 0 
vn 1 0 0 
vn 1 0 0 
vn 1 0 0 
vn 1 0 0 
vn 1 0 0 
vn 0.992126 0 -0.133858 
vn 1 0 0 
vn 0.992126 0 -0.133858 
vn 0.992126 0 -0.133858 
vn 0.992126 0 -0.133858 
vn 0.992126 0 -0.133858 
vn 0.992126 0 -0.133858 
vn 1 0 0 
vn 1 0 0 
vn 1 0 0 
vn 1 0 0 
vn 1 0 0 
vn 1 0 0 
vn 1 0 0 
vn 1 0 0 
vn 1 0 0 
vn 1 0 0 
vn 1 0 0 
vn 0.992126 0 -0.133858 
vn 0.992126 0 -0.133858 
vn 0.992126 0 -0.133858 
vn 0.992126 0 -0.133858 
vn 0.992126 0 -0.133858 
vn 0.992126 0 -0.133858 
vn 0.992126 0 -0.133858 
vn 0.992126 0 -0.133858 
vn 1 0 0 
vn 1 0 0 
vn 1 0 0 
vn 1 0 0 
vn 1 0 0 
vn 1 0 0 
vn 1 0 0 
vn 1 0 0 
vn 1 0 0 
vn 1 0 0 
vn 0.937008 0 -0.354331 
vn 1 0 0 
vn 1 0 0 
vn 1 0 0 
vn 1 0 0 
vn 1 0 0 
vn 1 0 0 
vn 1 0 0 
vn 1 0 0 
vn 1 0 0 
vn 1 0 0 
vn 1 0 0 
vn 1 0 0 
vn 1 0 0 
vn 0.937008 0 -0.354331 
vn 0.937008 0 -0.354331 
vn 0.937008 0 -0.354331 
vn 1 0 0 
vn 1 0 0 
vn 1 0 0 
vn 1 0 0 
vn 1 0 0 
vn 1 0 0 
vn 0.937008 0 -0.354331 
vn 0.937008 0 -0.354331 
vn 0.937008 0 -0.354331 
vn 1 0 0 
vn 1 0 0 
vn 1 0 0 
vn 1 0 0 
vn 1 0 0 
vn 1 0 0 
vn 1 0 0 
vn 1 0 0 
vn 1 0 0 
vn 1 0 0 
vn 1 0 0 
vn 1 0 0 
vn 1 0 0 
vn 1 0 0 
vn 1 0 0 
vn 1 0 0 
vn 1 0 0 
vn 1 0 0 
vn 1 0 0 
vn 1 0 0 
vn 1 0 0 
vn 1 0 0 
vn 1 0 0 
vn 1 0 0 
vn 1 0 0 
vn 1 0 0 
vn 1 0 0 
vn 1 0 0 
vn 1 0 0 
vn 1 0 0 
vn 1 0 0 
vn 1 0 0 
vn 1 0 0 
vn 1 0 0 
vn 1 0 0 
vn 1 0 0 
vn 1 0 0 
vn 0.937008 0 -0.354331 
vn 0.937008 0 -0.354331 
vn 0.937008 0 -0.354331 
vn 0.937008 0 -0.354331 
vn 0.937008 0 -0.354331 
vn 0.937008 0 -0.354331 
vn 1 0 0 
vn 1 0 0 
vn 1 0 0 
vn 1 0 0 
vn 1 0 0 
vn 1 0 0 
vn 1 0 0 
vn 1 0 0 
vn 0.937008 0 -0.354331 
vn 0.992126 0 -0.133858 
vn 0.992126 0 -0.133858 
vn 0.992126 0 -0.133858 
vn 0.992126 0 -0.133858 
vn 0.992126 0 -0.133858 
vn 0.992126 0 -0.133858 
vn 0.992126 0 -0.133858 
vn 0.992126 0 -0.133858 
vn 1 0 0 
vn 1 0 0 
vn 1 0 0 
vn 1 0 0 
vn 1 0 0 
vn 1 0 0 
vn 1 0 0 
vn 1 0 0 
vn 1 0 0 
vn 0.937008 0 -0.354331 
vn 1 0 0 
vn 1 0 0 
vn 0.937008 0 -0.354331 
vn 0.811024 0 -0.590551 
vn 0.811024 0 -0.590551 
vn 0.811024 0 -0.590551 
vn 1 0 0 
vn 1 0 0 
vn 1 0 0 
vn 1 0 0 
vn 1 0 0 
vn 1 0 0 
vn 1 0 0 
vn 1 0 0 
vn 1 0 0 
vn 1 0 0 
vn 1 0 0 
vn 1 0 0 
vn 1 0 0 
vn 0.992126 0 -0.133858 
vn 0.992126 0 -0.133858 
vn 0.992126 0 -0.133858 
vn 0.992126 0 -0.133858 
vn 0.992126 0 -0.133858 
vn 0.992126 0 -0.133858 
vn 0.992126 0 -0.133858 
vn 0.992126 0 -0.133858 
vn 1 0 0 
vn 1 0 0 
vn 1 0 0 
vn 1 0 0 
vn 1 0 0 
vn 1 0 0 
vn 1 0 0 
vn 1 0 0 
vn 0.992126 0 -0.133858 
vn 0.992126 0 -0.133858 
vn 0.992126 0 -0.133858 
vn 0.937008 0 -0.354331 
vn 1 0 0 
vn 1 0 0 
vn 1 0 0 
vn 1 0 0 
vn 1 0 0 
vn 1 0 0 
vn 1 0 0 
vn 1 0 0 
vn 0.811024 0 -0.590551 
vn 1 0 0 
vn 1 0 0 
vn 1 0 0 
vn 1 0 0 
vn 0.937008 0 -0.354331 
vn 0.937008 0 -0.354331 
vn 0.937008 0 -0.354331 
vn 0.992126 0 -0.133858 
vn 0.937008 0 -0.354331 
vn 0.992126 0 -0.133858 
vn 0.700787 -0.700787 -0.133858 
vn 0.700787 -0.700787 -0.133858 
vn 0.700787 -0.700787 -0.133858 
vn 1 0 0 
vn 0.708661 -0.708661 0 
vn 0.708661 -0.708661 0 
vn 0.708661 -0.708661 0 
vn 1 0 0 
vn 0.708661 -0.708661 0 
vn 0.700787 -0.700787 -0.133858 
vn 0.700787 -0.700787 -0.133858 
vn 0.700787 -0.700787 -0.133858 
vn 0.937008 0 -0.354331 
vn 0.992126 0 -0.133858 
vn 0.937008 0 -0.354331 
vn 0.700787 -0.700787 -0.133858 
vn 0.700787 -0.700787 -0.133858 
vn 0.700787 -0.700787 -0.133858 
vn 0.700787 -0.700787 -0.133858 
vn 1 0 0 
vn 0.708661 -0.708661 0 
vn 0.708661 -0.708661 0 
vn 0.708661 -0.708661 0 
vn 0.708661 -0.708661 0 
vn 0.700787 -0.700787 -0.133858 
vn 0.700787 -0.700787 -0.133858 
vn 0.708661 0.708661 0 
vn 0.708661 0.708661 0 
vn 0.708661 0.708661 0 
vn 0.661417 -0.661417 -0.354331 
vn 0.661417 -0.661417 -0.354331 
vn 0.661417 -0.661417 -0.354331 
vn 0.708661 0.708661 0 
vn 0.708661 0.708661 0 
vn 0.708661 0.708661 0 
vn 0.708661 0.708661 0 
vn 0.708661 0.708661 0 
vn 0.708661 0.708661 0 
vn 0.708661 0.708661 0 
vn 0.708661 0.708661 0 
vn 0.708661 0.708661 0 
vn 0.708661 0.708661 0 
vn 0.708661 0.708661 0 
vn 0.708661 0.708661 0 
vn 0.708661 0.708661 0 
vn 0.708661 0.708661 0 
vn 0.708661 0.708661 0 
vn 0.708661 0.708661 0 
vn 0.661417 -0.661417 -0.354331 
vn 0.661417 -0.661417 -0.354331 
vn 0.661417 -0.661417 -0.354331 
vn 0.661417 -0.661417 -0.354331 
vn 0.661417 -0.661417 -0.354331 
vn 0.661417 -0.661417 -0.354331 
vn 0.708661 0.708661 0 
vn 0.708661 0.708661 0 
vn 0.708661 0.708661 0 
vn 0.708661 0.708661 0 
vn 0.708661 0.708661 0 
vn 0.708661 0.708661 0 
vn 0.708661 0.708661 0 
vn 0.708661 0.708661 0 
vn 0.708661 0.708661 0 
vn 0.708661 0.708661 0 
vn 0.708661 0.708661 0 
vn 0.708661 0.708661 0 
vn 1 0 0 
vn 1 0 0 
vn 1 0 0 
vn 1 0 0 
vn 1 0 0 
vn 1 0 0 
vn 1 0 0 
vn 1 0 0 
vn 1 0 0 
vn 1 0 0 
vn 1 0 0 
vn 1 0 0 
vn 1 0 0 
vn 1 0 0 
vn 1 0 0 
vn 1 0 0 
vn 1 0 0 
vn 1 0 0 
vn 1 0 0 
vn 1 0 0 
vn 1 0 0 
vn 1 0 0 
vn 1 0 0 
vn 1 0 0 
vn 1 0 0 
vn 1 0 0 
vn 1 0 0 
vn 1 0 0 
vn 1 0 0 
vn 1 0 0 
vn 1 0 0 
vn 1 0 0 
vn 1 0 0 
vn 1 0 0 
vn 1 0 0 
vn 1 0 0 
vn 1 0 0 
vn 1 0 0 
vn 1 0 0 
vn 1 0 0 
vn 1 0 0 
vn 1 0 0 
vn 1 0 0 
vn 1 0 0 
vn 1 0 0 
vn 1 0 0 
vn 1 0 0 
vn 1 0 0 
vn 1 0 0 
vn 1 0 0 
vn 1 0 0 
vn 1 0 0 
vn 1 0 0 
vn 1 0 0 
vn 1 0 0 
vn 1 0 0 
vn 1 0 0 
vn 1 0 0 
vn 1 0 0 
vn 1 0 0 
vn 1 0 0 
vn 1 0 0 
vn 1 0 0 
vn 1 0 0 
vn 1 0 0 
vn 1 0 0 
vn 1 0 0 
vn 1 0 0 
vn 1 0 0 
vn 1 0 0 
vn 1 0 0 
vn 1 0 0 
vn 1 0 0 
vn 1 0 0 
vn 1 0 0 
vn 1 0 0 
vn 1 0 0 
vn 1 0 0 
vn 0.937008 0 -0.354331 
vn 0.937008 0 -0.354331 
vn 0.937008 0 -0.354331 
vn 0.937008 0 -0.354331 
vn 0.992126 0 -0.133858 
vn 0.700787 -0.700787 -0.133858 
vn 0.700787 -0.700787 -0.133858 
vn 0.700787 -0.700787 -0.133858 
vn 1 0 0 
vn 0.708661 -0.708661 0 
vn 0.708661 -0.708661 0 
vn 0.708661 -0.708661 0 
vn 1 0 0 
vn 0.708661 0.708661 0 
vn 0.708661 0.708661 0 
vn 0.708661 0.708661 0 
vn 1 0 0 
vn 1 0 0 
vn 1 0 0 
vn 1 0 0 
vn 0.661417 -0.661417 -0.354331 
vn 0.661417 -0.661417 -0.354331 
vn 0.661417 -0.661417 -0.354331 
vn 0.708661 -0.708661 0 
vn 0.708661 0.708661 0 
vn 0.708661 0.708661 0 
vn 0.708661 0.708661 0 
vn 0.708661 0.708661 0 
vn 1 0 0 
vn 1 0 0 
vn 1 0 0 
vn 1 0 0 
vn 1 0 0 
vn 1 0 0 
vn 1 0 0 
vn 1 0 0 
vn 1 0 0 
vn 1 0 0 
vn 1 0 0 
vn 1 0 0 
vn 1 0 0 
vn 1 0 0 
vn 1 0 0 
vn 1 0 0 
vn 1 0 0 
vn 1 0 0 
vn 1 0 0 
vn 1 0 0 
vn 1 0 0 
vn 1 0 0 
vn 1 0 0 
vn 1 0 0 
vn 1 0 0 
vn 1 0 0 
vn 1 0 0 
vn 1 0 0 
vn 1 0 0 
vn 1 0 0 
vn 1 0 0 
vn 1 0 0 
vn 1 0 0 
vn 1 0 0 
vn 1 0 0 
vn 1 0 0 
vn 1 0 0 
vn 1 0 0 
vn 1 0 0 
vn 1 0 0 
vn 1 0 0 
vn 1 0 0 
vn 1 0 0 
vn 1 0 0 
vn 1 0 0 
vn 1 0 0 
vn 1 0 0 
vn 1 0 0 
vn 1 0 0 
vn 1 0 0 
vn 1 0 0 
vn 1 0 0 
vn 1 0 0 
vn 1 0 0 
vn 1 0 0 
vn 1 0 0 
vn 1 0 0 
vn 1 0 0 
vn 1 0 0 
vn 1 0 0 
vn 1 0 0.015748 
vn 1 0 0.015748 
vn 1 0 0.015748 
vn 1 0 0 
vn 1 0 0 
vn 1 0 0 
vn 1 0 0 
vn 1 0 0 
vn 1 0 0 
vn 1 0 0 
vn 1 0 0 
vn 1 0 0 
vn 1 0 0 
vn 1 0 0 
vn 1 0 0 
vn 1 0 0 
vn 1 0 0 
vn 1 0 0 
vn 1 0 0.015748 
vn 1 0 0 
vn 1 0 0 
vn 1 0 0 
vn 1 0 0 
vn 1 0 0 
vn 1 0 0 
vn 1 0 0 
vn 1 0 0 
vn 1 0 0 
vn 1 0 0 
vn 1 0 0 
vn 1 0 0 
vn 1 0 0 
vn 1 0 0 
vn 1 0 0 
vn 1 0 0 
vn 1 0 0 
vn 1 0 0 
vn 1 0 0 
vn 1 0 0 
vn 1 0 0 
vn 1 0 0 
vn 1 0 0 
vn 1 0 0 
vn 1 0 0 
vn 1 0 0 
vn 1 0 0 
vn 1 0 0 
vn 1 0 0 
vn 1 0 0 
vn 1 0 0 
vn 1 0 0 
vn 1 0 0 
vn 1 0 0 
vn 1 0 0 
vn 1 0 0 
vn 1 0 0 
vn 1 0 0 
vn 1 0 0 
vn 1 0 0 
vn 1 0 0 
vn 0.992126 0 0.133858 
vn 0.992126 0 0.133858 
vn 0.992126 0 0.133858 
vn 0.992126 0 0.133858 
vn 0.992126 0 0.133858 
vn 0.992126 0 0.133858 
vn 0.992126 0 0.133858 
vn 0.992126 0 0.133858 
vn 0.992126 0 0.133858 
vn 0.992126 0 0.133858 
vn 0.992126 0 0.133858 
vn 0.992126 0 0.133858 
vn 1 0 0 
vn 1 0 0 
vn 1 0 0 
vn 1 0 0 
vn 1 0 0 
vn 1 0 0 
vn 1 0 0 
vn 1 0 0 
vn 1 0 0 
vn 1 0 0 
vn 1 0 0 
vn 1 0 0 
vn 1 0 0 
vn 1 0 0 
vn 0.992126 0 0.133858 
vn 0.992126 0 0.133858 
vn 0.992126 0 0.133858 
vn 1 0 0 
vn 1 0 0 
vn 1 0 0 
vn 0.992126 0 0.133858 
vn 0.992126 0 0.133858 
vn 0.992126 0 0.133858 
vn 1 0 0 
vn 1 0 0 
vn 1 0 0 
vn 1 0 0 
vn 1 0 0 
vn 1 0 0 
vn 1 0 0 
vn 1 0 0 
vn 1 0 0 
vn 1 0 0 
vn 1 0 0 
vn 1 0 0 
vn 0.992126 0 0.133858 
vn 0.992126 0 0.133858 
vn 0.992126 0 0.133858 
vn 0.992126 0 0.133858 
vn 0.992126 0 0.133858 
vn 0.992126 0 0.133858 
vn 0.992126 0 0.133858 
vn 0.992126 0 0.133858 
vn 0.992126 0 0.133858 
vn 0.992126 0 0.133858 
vn 0.992126 0 0.133858 
vn 0.992126 0 0.133858 
vn 1 0 0 
vn 1 0 0 
vn 1 0 0 
vn 1 0 0 
vn 1 0 0 
vn 1 0 0 
vn 1 0 0 
vn 1 0 0 
vn 1 0 0 
vn 1 0 0 
vn 1 0 0 
vn 1 0 0 
vn 1 0 0 
vn 1 0 0 
vn 0.992126 0 0.133858 
vn 0.992126 0 0.133858 
vn 0.992126 0 0.133858 
vn 1 0 0 
vn 1 0 0 
vn 1 0 0 
vn 0.992126 0 0.133858 
vn 0.992126 0 0.133858 
vn 0.992126 0 0.133858 
vn 0.992126 0 0.133858 
vn 0.992126 0 0.133858 
vn 0.992126 0 0.133858 
vn 0.992126 0 0.133858 
vn 0.992126 0 0.133858 
vn 0.992126 0 0.133858 
vn 0.992126 0 0.133858 
vn 0.937008 0 0.354331 
vn 0.937008 0 0.354331 
vn 0.937008 0 0.354331 
vn 0.937008 0 0.354331 
vn 0.937008 0 0.354331 
vn 0.937008 0 0.354331 
vn 0.937008 0 0.354331 
vn 0.937008 0 0.354331 
vn 0.937008 0 0.354331 
vn 0.937008 0 0.354331 
vn 0.937008 0 0.354331 
vn 0.937008 0 0.354331 
vn 0.937008 0 0.354331 
vn 0.937008 0 0.354331 
vn 0.937008 0 0.354331 
vn 0.992126 0 0.133858 
vn 0.937008 0 0.354331 
vn 0.992126 0 0.133858 
vn 0.937008 0 0.354331 
vn 0.937008 0 0.354331 
vn 0.937008 0 0.354331 
vn 0.937008 0 0.354331 
vn 0.937008 0 0.354331 
vn 0.937008 0 0.354331 
vn 0.937008 0 0.354331 
vn 0.937008 0 0.354331 
vn 0.937008 0 0.354331 
vn 0.937008 0 0.354331 
vn 0.937008 0 0.354331 
vn 0.992126 0 0.133858 
vn 0.992126 0 0.133858 
vn 0.992126 0 0.133858 
vn 0.992126 0 0.133858 
vn 0.937008 0 0.354331 
vn 0.937008 0 0.354331 
vn 0.937008 0 0.354331 
vn 0.937008 0 0.354331 
vn 0.937008 0 0.354331 
vn 0.937008 0 0.354331 
vn 0.937008 0 0.354331 
vn 0.937008 0 0.354331 
vn 0.937008 0 0.354331 
vn 0.992126 0 0.133858 
vn 0.937008 0 0.354331 
vn 0.937008 0 0.354331 
vn 0.937008 0 0.354331 
vn 0.937008 0 0.354331 
vn 0.937008 0 0.354331 
vn 0.937008 0 0.354331 
vn 0.992126 0 0.133858 
vn 0.937008 0 0.354331 
vn 0.937008 0 0.354331 
vn 0.937008 0 0.354331 
vn 0.937008 0 0.354331 
vn 0.937008 0 0.354331 
vn 0.937008 0 0.354331 
vn 0.992126 0 0.133858 
vn 0.992126 0 0.133858 
vn 0.992126 0 0.133858 
vn 1 0 0 
vn 1 0 0 
vn 1 0 0 
vn 1 0 0 
vn 1 0 0 
vn 1 0 0 
vn 0.992126 0 0.133858 
vn 0.992126 0 0.133858 
vn 0.992126 0 0.133858 
vn 0.992126 0 0.133858 
vn 0.937008 0 0.354331 
vn 0.937008 0 0.354331 
vn 0.937008 0 0.354331 
vn 0.937008 0 0.354331 
vn 0.937008 0 0.354331 
vn 0.937008 0 0.354331 
vn 0.992126 0 0.133858 
vn 1 0 0 
vn 1 0 0 
vn 1 0 0 
vn 1 0 0 
vn 1 0 0 
vn 1 0 0 
vn 1 0 0 
vn 1 0 0 
vn 1 0 0 
vn 1 0 0 
vn 1 0 0 
vn 1 0 0 
vn 1 0 0 
vn 1 0 0 
vn 1 0 0 
vn 1 0 0 
vn 1 0 0 
vn 1 0 0 
vn 1 0 0 
vn 1 0 0 
vn 0.984252 0.0393701 0.165354 
vn 0.984252 0.0393701 0.165354 
vn 0.984252 0.0393701 0.165354 
vn 1 0 0 
vn 1 0 0 
vn 1 0 0 
vn 1 0 0 
vn 0.992126 0 0.133858 
vn 0.992126 0 0.133858 
vn 0.992126 0 0.133858 
vn 0.992126 0 0.133858 
vn 0.937008 0 0.354331 
vn 0.937008 0 0.354331 
vn 0.937008 0 0.354331 
vn 0.937008 0 0.354331 
vn 0.937008 0 0.354331 
vn 0.937008 0 0.354331 
vn 0.992126 0 0.133858 
vn 1 0 0 
vn 0.984252 0.0393701 0.165354 
vn 1 0 0 
vn 1 0 0 
vn 1 0 0 
vn 0.937008 0 0.354331 
vn 0.937008 0 0.354331 
vn 1 0 0 
vn 1 0 0 
vn 1 0 0 
vn 1 0 0 
vn 1 0 0 
vn 1 0 0 
vn 0.937008 0 0.354331 
vn 1 0 0 
vn 1 0 0 
vn 1 0 0 
vn 1 0 0 
vn 1 0 0 
vn 1 0 0 
vn 1 0 0 
vn 1 0 0 
vn 1 0 0 
vn 1 0 0 
vn 1 0 0 
vn 1 0 0 
vn 1 0 0 
vn 1 0 0 
vn 1 0 0 
vn 1 0 0 
vn 1 0 0 
vn 1 0 0 
vn 1 0 0 
vn 1 0 0 
vn 1 0 0 
vn 1 0 0 
vn 1 0 0 
vn 1 0 0 
vn 1 0 0 
vn 1 0 0 
vn 1 0 0 
vn 1 0 0 
vn 1 0 0 
vn 1 0 0 
vn 1 0 0 
vn 1 0 0 
vn 0.787402 0 0.614173 
vn 0.787402 0 0.614173 
vn 0.787402 0 0.614173 
vn 0.937008 0 0.354331 
vn 1 0 0 
vn 1 0 0 
vn 1 0 0 
vn 1 0 0 
vn 1 0 0 
vn 1 0 0 
vn 1 0 0 
vn 1 0 0 
vn 1 0 0 
vn 1 0 0 
vn 1 0 0 
vn 1 0 0 
vn 0.826772 0 0.566929 
vn 0.826772 0 0.566929 
vn 0.826772 0 0.566929 
vn 0.826772 0 0.566929 
vn 1 0 0 
vn 1 0 0 
vn 0.787402 0 0.614173 
vn 1 0 0 
vn 1 0 0 
vn 1 0 0 
vn 1 0 0 
vn 1 0 0 
vn 1 0 0 
vn 1 0 0 
vn 1 0 0 
vn 1 0 0 
vn 1 0 0 
vn 1 0 0 
vn 1 0 0 
vn 1 0 0 
vn 1 0 0 
vn 1 0 0 
vn 1 0 0 
vn 1 0 0 
vn 1 0 0 
vn 1 0 0 
vn 0.708661 0.708661 0 
vn 0.708661 0.708661 0 
vn 0.708661 0.708661 0 
vn 0.708661 0.708661 0 
vn 0.708661 0.708661 0 
vn 0.708661 0.708661 0 
vn 1 0 0 
vn 1 0 0 
vn 1 0 0 
vn 1 0 0 
vn 1 0 0 
vn 1 0 0 
vn 1 0 0 
vn 1 0 0 
vn 1 0 0 
vn 1 0 0 
vn 1 0 0 
vn 1 0 0 
vn 1 0 0 
vn 1 0 0 
vn 1 0 0 
vn 1 0 0 
vn 0.708661 0.708661 0 
vn 0.708661 0.708661 0 
vn 0.708661 0.708661 0 
vn 1 0 0 
vn 1 0 0 
vn 1 0 0 
vn 1 0 0 
vn 1 0 0 
vn 1 0 0 
vn 1 0 0 
vn 1 0 0 
vn 1 0 0 
vn 1 0 0 
vn 1 0 0 
vn 1 0 0 
vn 1 0 0 
vn 1 0 0 
vn 1 0 0 
vn 1 0 0 
vn 1 0 0 
vn 1 0 0 
vn 1 0 0 
vn 1 0 0 
vn 1 0 0 
vn 1 0 0 
vn 1 0 0 
vn 1 0 0 
vn 1 0 0 
vn 1 0 0 
vn 1 0 0 
vn 1 0 0 
vn 1 0 0 
vn 1 0 0 
vn 1 0 0 
vn 1 0 0 
vn 1 0 0 
vn 1 0 0 
vn 1 0 0 
vn 1 0 0 
vn 1 0 0 
vn 1 0 0 
vn 1 0 0 
vn 1 0 0 
vn 1 0 0 
vn 0.700787 0.700787 0.133858 
vn 0.700787 0.700787 0.133858 
vn 0.700787 0.700787 0.133858 
vn 1 0 0 
vn 1 0 0 
vn 1 0 0 
vn 1 0 0 
vn 1 0 0 
vn 1 0 0 
vn 0.992126 0 0.133858 
vn 0.992126 0 0.133858 
vn 0.992126 0 0.133858 
vn 0.937008 0 0.354331 
vn 0.937008 0 0.354331 
vn 0.937008 0 0.354331 
vn 0.937008 0 0.354331 
vn 0.992126 0 0.133858 
vn 0.992126 0 0.133858 
vn 0.992126 0 0.133858 
vn 0.992126 0 0.133858 
vn 0.937008 0 0.354331 
vn 0.937008 0 0.354331 
vn 0.937008 0 0.354331 
vn 1 0 0 
vn 1 0 0 
vn 1 0 0 
vn 1 0 0 
vn 1 0 0 
vn 1 0 0 
vn 0.992126 0 0.133858 
vn 1 0 0 
vn 0.992126 0 0.133858 
vn 0.992126 0 0.133858 
vn 0.992126 0 0.133858 
vn 0.937008 0 0.354331 
vn 0.937008 0 0.354331 
vn 0.937008 0 0.354331 
vn 0.937008 0 0.354331 
vn 0.992126 0 0.133858 
vn 1 0 0 
vn 0.708661 -0.708661 0 
vn 0.708661 -0.708661 0 
vn 0.708661 -0.708661 0 
vn 0.708661 -0.708661 0 
vn 0.708661 -0.708661 0 
vn 0.708661 -0.708661 0 
vn 0.708661 0.708661 0 
vn 0.661417 0.661417 0.354331 
vn 0.661417 0.661417 0.354331 
vn 0.661417 0.661417 0.354331 
vn 0.708661 -0.708661 0 
vn 0.708661 -0.708661 0 
vn 0.708661 -0.708661 0 
vn 0.708661 -0.708661 0 
vn 0.700787 0.700787 0.133858 
vn 0.700787 0.700787 0.133858 
vn 0.700787 0.700787 0.133858 
vn 0.661417 0.661417 0.354331 
vn 0.708661 -0.708661 0 
vn 0.708661 -0.708661 0 
vn 0.708661 -0.708661 0 
vn 0.708661 -0.708661 0 
vn 0.708661 -0.708661 0 
vn 0.708661 -0.708661 0 
vn 0.708661 -0.708661 0 
vn 0.708661 0.708661 0 
vn 0.661417 0.661417 0.354331 
vn 0.661417 0.661417 0.354331 
vn 0.661417 0.661417 0.354331 
vn 0.661417 0.661417 0.354331 
vn 0.661417 0.661417 0.354331 
vn 0.661417 0.661417 0.354331 
vn 0.708661 -0.708661 0 
vn 0.708661 -0.708661 0 
vn 0.708661 -0.708661 0 
vn 0.708661 -0.708661 0 
vn 0.708661 -0.708661 0 
vn 0.708661 -0.708661 0 
vn 0.661417 0.661417 0.354331 
vn 0.700787 0.700787 0.133858 
vn 1 0 0 
vn 1 0 0 
vn 1 0 0 
vn 1 0 0 
vn 1 0 0 
vn 1 0 0 
vn 1 0 0 
vn 1 0 0 
vn 1 0 0 
vn 1 0 0 
vn 1 0 0 
vn 1 0 0 
vn 1 0 0 
vn 1 0 0 
vn 1 0 0 
vn 1 0 0 
vn 1 0 0 
vn 1 0 0 
vn 1 0 0 
vn 1 0 0 
vn 1 0 0 
vn 1 0 0 
vn 0.984252 0.0393701 0.165354 
vn 0.984252 0.0393701 0.165354 
vn 0.984252 0.0393701 0.165354 
vn 0.984252 0.0393701 0.165354 
vn 1 0 0 
vn 1 0 0 
vn 1 0 0 
vn 1 0 0 
vn 1 0 0 
vn 1 0 0 
vn 1 0 0 
vn 1 0 0 
vn 1 0 0 
vn 1 0 0 
vn 1 0 0 
vn 1 0 0 
vn 1 0 0 
vn 1 0 0 
vn 1 0 0 
vn 1 0 0 
vn 1 0 0 
vn 1 0 0 
vn 1 0 0 
vn 1 0 0 
vn 1 0 0 
vn 1 0 0 
vn 1 0 0 
vn 1 0 0 
vn 1 0 0 
vn 1 0 0 
vn 1 0 0 
vn 1 0 0 
vn 1 0 0 
vn 1 0 0 
vn 1 0 0 
vn 1 0 0 
vn 1 0 0 
vn 1 0 0 
vn 1 0 0 
vn 1 0 0 
vn 1 0 0 
vn 1 0 0 
vn 0.984252 0.0393701 0.165354 
vn 0.984252 0.0393701 0.165354 
vn 0.984252 0.0393701 0.165354 
vn 1 0 0 
vn 1 0 0 
vn 1 0 0 
vn 1 0 0 
vn 0.984252 0.0393701 0.165354 
vn 1 0 0 
vn 1 0 0 
vn 1 0 0 
vn 1 0 0 
vn 1 0 0 
vn 1 0 0 
vn 1 0 0 
vn 0.708661 -0.708661 0 
vn 0.708661 -0.708661 0 
vn 0.708661 -0.708661 0 
vn 0.708661 0.708661 0 
vn 1 0 0 
vn 0.937008 0 0.354331 
vn 0.992126 0 0.133858 
vn 0.992126 0 0.133858 
vn 0.992126 0 0.133858 
vn 0.937008 0 0.354331 
vn 0.937008 0 0.354331 
vn 0.937008 0 0.354331 
vn 0.992126 0 0.133858 
vn 0.937008 0 0.354331 
vn 1 0 0 
vn 1 0 0 
vn 1 0 0 
vn 0.708661 -0.708661 0 
vn 0.708661 -0.708661 0 
vn 0.708661 -0.708661 0 
vn 0.708661 -0.708661 0 
vn 1 0 0 
vn 1 0 0 
vn 1 0 0 
vn 1 0 0 
vn 1 0 0 
vn 1 0 0 
vn 0.708661 -0.708661 0 
vn 0.708661 -0.708661 0 
vn 0.708661 -0.708661 0 
vn 0.700787 0.700787 0.133858 
vn 0.700787 0.700787 0.133858 
vn 0.700787 0.700787 0.133858 
vn 0.708661 0.708661 0 
vn 0.708661 0.708661 0 
vn 0.708661 0.708661 0 
vn 0.700787 0.700787 0.133858 
vn 0.661417 0.661417 0.354331 
vn 0.708661 -0.708661 0 
vn 0.708661 -0.708661 0 
vn 0.661417 0.661417 0.354331 
vn 0.661417 0.661417 0.354331 
vn 0.661417 0.661417 0.354331 
vn 1 0 0 
vn 1 0 0 
vn 1 0 0 
vn 1 0 0 
vn 1 0 0 
vn 1 0 0 
vn 1 0 0 
vn 1 0 0 
vn 1 0 0 
vn 1 0 0 
vn 1 0 0 
vn 1 0 0 
vn 1 0 0 
vn 0 1 0 
vn 0 1 0 
vn 0 1 0 
vn 0 1 0 
vn 0 1 0 
vn 0 1 0 
vn 0 1 0 
vn 0 1 0 
vn 0 1 0 
vn 0 1 0 
vn 0 1 0 
vn 0 1 0 
vn 0 1 0 
vn 0 1 0 
vn 0 1 0 
vn 0 1 0 
vn 0 1 0 
vn 0 1 0 
vn 0 1 0 
vn 0 1 0 
vn 0 1 0 
vn 0 1 0 
vn 0 1 0 
vn 0 1 0 
vn 0 1 0 
vn 0 1 0 
vn 0 1 0 
vn 0 1 0 
vn 0 1 0 
vn 0 1 0 
vn 0 1 0 
vn 0 1 0 
vn 0 1 0 
vn 0 1 0 
vn 0 1 0 
vn 0 1 0 
vn 0 1 0 
vn 0 1 0 
vn 0 1 0 
vn 0 1 0 
vn 0 1 0 
vn 0 1 0 
vn 0 1 0 
vn 0 1 0 
vn 0 1 0 
vn 0 1 0 
vn 0 1 0 
vn 0 1 0 
vn 0 1 0 
vn 0 1 0 
vn 0 1 0 
vn 0 1 0 
vn 0 1 0 
vn 0 1 0 
vn 0 1 0 
vn 0 1 0 
vn 0 1 0 
vn 0 1 0 
vn 0 1 0 
vn 0 1 0 
vn 0 1 0 
vn 0 1 0 
vn 0 1 0 
vn 0 1 0 
vn 0 1 0 
vn 0 1 0 
vn 0 1 0 
vn 0 1 0 
vn 0 1 0 
vn 0 1 0 
vn 0 1 0 
vn 0 1 0 
vn 0 1 0 
vn 0 1 0 
vn 0 1 0 
vn 0 1 0 
vn 0 1 0 
vn 0 1 0 
vn 0 1 0 
vn 0 1 0 
vn 0 1 0 
vn 0 1 0 
vn 0 1 0 
vn 0 1 0 
vn 0 1 0 
vn 0 1 0 
vn 0 1 0 
vn 0 1 0 
vn 0 1 0 
vn 0 1 0 
vn 0 1 0 
vn 0 1 0 
vn 0 1 0 
vn 0 1 0 
vn 0 1 0 
vn 0 1 0 
vn 0 1 0 
vn 0 1 0 
vn 0 1 0 
vn 0 1 0 
vn 0 1 0 
vn 0 1 0 
vn 0 1 0 
vn 0 1 0 
vn 0 1 0 
vn 0 1 0 
vn 0 1 0 
vn 0 1 0 
vn 0 1 0 
vn 0 1 0 
vn 0 1 0 
vn 0 1 0 
vn 0 1 0 
vn 0 1 0 
vn 0 1 0 
vn 0 1 0 
vn 0 1 0 
vn 0 1 0 
vn 0 1 0 
vn 0 1 0 
vn 0 1 0 
vn 0 1 0 
vn 0 1 0 
vn 0 1 0 
vn 0 1 0 
vn 0 1 0 
vn 0 1 0 
vn 0 1 0 
vn 0 1 0 
vn 0 1 0 
vn 0 1 0 
vn 0 1 0 
vn 0 1 0 
vn 0 1 0 
vn 0 1 0 
vn 0 1 0 
vn 0 1 0 
vn 0 1 0 
vn 0 1 0 
vn 0 1 0 
vn 0 1 0 
vn 0 1 0 
vn 0 1 0 
vn 0 1 0 
vn 0 1 0 
vn 0 1 0 
vn 0 1 0 
vn 0 1 0 
vn 0 1 0 
vn 0 1 0 
vn 0 1 0 
vn 0 1 0 
vn 0 1 0 
vn 0 1 0 
vn 0 1 0 
vn 0 1 0 
vn 0 1 0 
vn 0 1 0 
vn 0 1 0 
vn 0 1 0 
vn 0 1 0 
vn 0 1 0 
vn 0 1 0 
vn 0 1 0 
vn 0 1 0 
vn 0 1 0 
vn 0 1 0 
vn 0 1 0 
vn 0 1 0 
vn 0 1 0 
vn 0 1 0 
vn 0 1 0 
vn 0 1 0 
vn 0 1 0 
vn 0 1 0 
vn 0 1 0 
vn 0 1 0 
vn 0 1 0 
vn 0 1 0 
vn 0 1 0 
vn 0 1 0 
vn 0 1 0 
vn 0 1 0 
vn 0 1 0 
vn 0 1 0 
vn 0 1 0 
vn 0 1 0 
vn 0 1 0 
vn 0 1 0 
vn 0 1 0 
vn 0 1 0 
vn 0 1 0 
vn 0 1 0 
vn 0 1 0 
vn 0 1 0 
vn 0 1 0 
vn 0 1 0 
vn 0 1 0 
vn 0 1 0 
vn 0 1 0 
vn 0 1 0 
vn 0 1 0 
vn 0 1 0 
vn 0 1 0 
vn 0 1 0 
vn 0 1 0 
vn 0 1 0 
vn 0 1 0 
vn 0 1 0 
vn 0 1 0 
vn 0 1 0 
vn 0 1 0 
vn 0 1 0 
vn 0 1 0 
vn 0 1 0 
vn 0 1 0 
vn 0 1 0 
vn 0 1 0 
vn 0 1 0 
vn 0 1 0 
vn 0 1 0 
vn 0 1 0 
vn 0 1 0 
vn 0 1 0 
vn 0 1 0 
vn 0 1 0 
vn 0 1 0 
vn 0 1 0 
vn 0 1 0 
vn 0 1 0 
vn 0 1 0 
vn 0 1 0 
vn 0 1 0 
vn 0 1 0 
vn 0 1 0 
vn 0 1 0 
vn 0 1 0 
vn 0 1 0 
vn 0 1 0 
vn 0 1 0 
vn 0 1 0 
vn 0 1 0 
vn 0 1 0 
vn 0 1 0 
vn 0 1 0 
vn 0 1 0 
vn 0 1 0 
vn 0 1 0 
vn 0 1 0 
vn 0 1 0 
vn 0 1 0 
vn 0 1 0 
vn 0 1 0 
vn 0 1 0 
vn 0 1 0 
vn 0 1 0 
vn 0 1 0 
vn 0 1 0 
vn 0 1 0 
vn 0 1 0 
vn 0 1 0 
vn 0 1 0 
vn 0 1 0 
vn 0 1 0 
vn 0 1 0 
vn 0 1 0 
vn 0 1 0 
vn 0 1 0 
vn 0 1 0 
vn 0 1 0 
vn 0 1 0 
vn 0 1 0 
vn 0 1 0 
vn 0 1 0 
vn 0 1 0 
vn 0 1 0 
vn 0 1 0 
vn 0 1 0 
vn 0 1 0 
vn 0 1 0 
vn 0 1 0 
vn 0 1 0 
vn 0 1 0 
vn 0 1 0 
vn 0 1 0 
vn 0 1 0 
vn 0 1 0 
vn 0 1 0 
vn 0 1 0 
vn 0 1 0 
vn 0 1 0 
vn 0 1 0 
vn 0 1 0 
vn 0 1 0 
vn 0 1 0 
vn 0 1 0 
vn 0 1 0 
vn 0 1 0 
vn 0 1 0 
vn 0 1 0 
vn -0.0393701 0.716535 -0.692913 
vn -0.0393701 0.716535 -0.692913 
vn -0.0393701 0.716535 -0.692913 
vn 0 1 0 
vn -0.0393701 0.716535 -0.692913 
vn 0 1 0 
vn 0 1 0 
vn 0 1 0 
vn 0 1 0 
vn 0 1 0 
vn 0 1 0 
vn 0 1 0 
vn 0 1 0 
vn 0 1 0 
vn 0 1 0 
vn 0 1 0 
vn 0 1 0 
vn 0 1 0 
vn 0 1 0 
vn 0 1 0 
vn 0 1 0 
vn 0 1 0 
vn 0 1 0 
vn 0 1 0 
vn 0 1 0 
vn 0 1 0 
vn 0 1 0 
vn 0 1 0 
vn 0 1 0 
vn 0 1 0 
vn 0 1 0 
vn 0 1 0 
vn 0 1 0 
vn 0 1 0 
vn 0 1 0 
vn 0 1 0 
vn 0 1 0 
vn 0 1 0 
vn 0 1 0 
vn 0 1 0 
vn 0 1 0 
vn 0 1 0 
vn 0 1 0 
vn 0 1 0 
vn 0 1 0 
vn 0 1 0 
vn 0 1 0 
vn -0.700787 0.700787 0.133858 
vn -0.700787 0.700787 0.133858 
vn -0.700787 0.700787 0.133858 
vn 0 1 0 
vn -0.700787 0.700787 0.133858 
vn -0.700787 0.700787 0.133858 
vn -0.700787 0.700787 0.133858 
vn -0.700787 0.700787 0.133858 
vn 0.708661 0.708661 0 
vn 0.708661 0.708661 0 
vn 0.708661 0.708661 0 
vn 0 1 0 
vn 0 1 0 
vn 0 1 0 
vn 0 1 0 
vn 0 1 0 
vn 0 1 0 
vn 0 0.992126 0.133858 
vn 0 0.992126 0.133858 
vn 0 0.992126 0.133858 
vn 0 0.992126 0.133858 
vn 0 0.992126 0.133858 
vn 0 0.992126 0.133858 
vn 0.708661 0.708661 0 
vn 0 1 0 
vn 0 1 0 
vn 0 1 0 
vn 0 1 0 
vn 0.708661 0.708661 0 
vn 0.708661 0.708661 0 
vn 0.708661 0.708661 0 
vn 0.708661 0.708661 0 
vn 0.708661 0.708661 0 
vn 0.708661 0.708661 0 
vn 0 1 0 
vn 0 1 0 
vn 0 1 0 
vn 0 1 0 
vn 0 1 0 
vn 0 1 0 
vn 0 0.992126 0.133858 
vn 0 0.992126 0.133858 
vn 0 0.992126 0.133858 
vn 0 0.992126 0.133858 
vn 0 0.992126 0.133858 
vn 0 0.992126 0.133858 
vn 0 0.937008 0.354331 
vn 0 0.937008 0.354331 
vn 0 0.937008 0.354331 
vn 0 1 0 
vn 0 1 0 
vn 0 1 0 
vn 0 1 0 
vn 0 1 0 
vn 0 1 0 
vn 0 1 0 
vn 0 1 0 
vn 0 0.992126 0.133858 
vn 0 0.992126 0.133858 
vn 0 0.992126 0.133858 
vn 0 1 0 
vn 0 1 0 
vn 0 1 0 
vn 0 1 0 
vn 0 1 0 
vn 0 0.992126 0.133858 
vn 0 0.992126 0.133858 
vn 0 0.992126 0.133858 
vn 0 1 0 
vn 0 1 0 
vn 0 1 0 
vn 0 1 0 
vn 0 1 0 
vn 0 1 0 
vn 0 0.992126 0.133858 
vn 0 0.992126 0.133858 
vn 0 0.992126 0.133858 
vn 0 0.992126 0.133858 
vn 0 1 0 
vn 0 0.992126 0.133858 
vn 0 0.992126 0.133858 
vn 0 0.992126 0.133858 
vn 0 0.992126 0.133858 
vn 0 0.992126 0.133858 
vn 0 0.992126 0.133858 
vn 0 0.992126 0.133858 
vn 0 0.937008 0.354331 
vn 0 0.937008 0.354331 
vn 0 0.937008 0.354331 
vn 0 0.937008 0.354331 
vn 0 0.937008 0.354331 
vn 0 0.937008 0.354331 
vn 0 0.937008 0.354331 
vn 0 0.992126 0.133858 
vn 0 0.992126 0.133858 
vn 0 0.937008 0.354331 
vn 0 0.937008 0.354331 
vn 0 0.937008 0.354331 
vn 0 0.937008 0.354331 
vn 0 0.937008 0.354331 
vn 0 0.937008 0.354331 
vn 0 0.937008 0.354331 
vn 0 0.937008 0.354331 
vn 0 0.937008 0.354331 
vn 0 0.937008 0.354331 
vn 0 0.937008 0.354331 
vn 0 0.937008 0.354331 
vn 0 0.937008 0.354331 
vn 0 0.937008 0.354331 
vn 0 0.937008 0.354331 
vn 0 0.937008 0.354331 
vn 0 0.992126 0.133858 
vn 0 0.937008 0.354331 
vn 0 0.937008 0.354331 
vn 0 0.937008 0.354331 
vn 0 0.937008 0.354331 
vn 0.708661 0.708661 0 
vn 0.708661 0.708661 0 
vn 0.708661 0.708661 0 
vn 0 1 0 
vn -0.661417 0.661417 0.354331 
vn -0.661417 0.661417 0.354331 
vn -0.661417 0.661417 0.354331 
vn -0.708661 0.708661 0 
vn -0.708661 0.708661 0 
vn -0.708661 0.708661 0 
vn 0.0314961 0.984252 0.188976 
vn 0.0314961 0.984252 0.188976 
vn 0.0314961 0.984252 0.188976 
vn 0.708661 0.708661 0 
vn 0 0.937008 0.354331 
vn 0 1 0 
vn 0 0.984252 0.188976 
vn 0 0.984252 0.188976 
vn 0 0.984252 0.188976 
vn 0 0.984252 0.188976 
vn 0 0.984252 0.188976 
vn 0 0.984252 0.188976 
vn 0 0.984252 0.188976 
vn -0.015748 1 -0.00787402 
vn -0.015748 1 -0.00787402 
vn -0.015748 1 -0.00787402 
vn -0.015748 1 -0.00787402 
vn -0.015748 1 -0.00787402 
vn -0.015748 1 -0.00787402 
vn -0.0708661 0.716535 -0.692913 
vn -0.0708661 0.716535 -0.692913 
vn -0.0708661 0.716535 -0.692913 
vn 0 0.984252 0.188976 
vn 0 0.984252 0.188976 
vn 0 0.984252 0.188976 
vn 0 0.984252 0.188976 
vn 0 0.984252 0.188976 
vn 0 0.984252 0.188976 
vn 0 0.984252 0.188976 
vn 0 0.984252 0.188976 
vn 0 0.984252 0.188976 
vn 0 0.984252 0.188976 
vn 0 0.984252 0.188976 
vn 0 0.984252 0.188976 
vn 0 0.984252 0.188976 
vn 0 0.984252 0.188976 
vn 0 0.984252 0.188976 
vn 0 0.984252 0.188976 
vn 0 0.984252 0.188976 
vn 0 0.984252 0.188976 
vn 0 0.984252 0.188976 
vn 0 0.984252 0.188976 
vn 0 0.984252 0.188976 
vn 0 0.984252 0.188976 
vn 0 0.984252 0.188976 
vn 0 0.984252 0.188976 
vn 0 0.984252 0.188976 
vn 0 0.984252 0.188976 
vn 0 0.984252 0.188976 
vn 0 0.984252 0.188976 
vn 0 0.984252 0.188976 
vn 0 0.984252 0.188976 
vn 0 0.984252 0.188976 
vn 0 0.984252 0.188976 
vn 0 0.984252 0.188976 
vn 0 0.984252 0.188976 
vn 0 0.984252 0.188976 
vn 0 0.984252 0.188976 
vn 0 0.984252 0.188976 
vn 0 0.984252 0.188976 
vn 0.0314961 0.984252 0.188976 
vn 0.0314961 0.984252 0.188976 
vn 0.0314961 0.984252 0.188976 
vn 0 1 0 
vn 0 1 0 
vn 0 1 0 
vn 0 1 0 
vn 0 1 0 
vn 0 1 0 
vn 0 1 0 
vn 0 1 0 
vn 0 1 0 
vn 0 1 0 
vn 0 1 0 
vn 0 0.937008 0.354331 
vn -0.00787402 0.984252 0.173228 
vn -0.00787402 0.984252 0.173228 
vn -0.00787402 0.984252 0.173228 
vn 0 0.984252 0.188976 
vn 0 0.984252 0.188976 
vn 0 0.984252 0.188976 
vn 0 0.984252 0.188976 
vn 0 1 0 
vn 0 1 0 
vn 0 1 0 
vn 0 1 0 
vn 0 1 0 
vn 0 1 0 
vn 0 1 0 
vn 0 1 0 
vn 0 1 0 
vn 0 1 0 
vn 0 1 0 
vn 0 1 0 
vn 0 1 0 
vn 0 1 0 
vn -0.0708661 0.716535 -0.692913 
vn -0.023622 1 -0.00787402 
vn -0.023622 1 -0.00787402 
vn -0.023622 1 -0.00787402 
vn -0.023622 1 -0.00787402 
vn -0.023622 1 -0.00787402 
vn -0.023622 1 -0.00787402 
vn -0.00787402 0.984252 0.173228 
vn 0 0.984252 0.188976 
vn 0 0.984252 0.188976 
vn 0 0.984252 0.188976 
vn 0 0.984252 0.188976 
vn 0 0.984252 0.188976 
vn -0.11811 0.716535 -0.685039 
vn -0.11811 0.716535 -0.685039 
vn -0.11811 0.716535 -0.685039 
vn 0 0.984252 0.188976 
vn 0 0.984252 0.188976 
vn 0 0.984252 0.188976 
vn 0 0.984252 0.188976 
vn 0 0.984252 0.188976 
vn 0 0.984252 0.188976 
vn 0 0.984252 0.188976 
vn 0 0.984252 0.188976 
vn 0 0.984252 0.188976 
vn 0 0.984252 0.188976 
vn -0.11811 0.716535 -0.685039 
vn 0.15748 0.811024 0.559055 
vn 0.15748 0.811024 0.559055 
vn 0.15748 0.811024 0.559055 
vn 0.15748 0.811024 0.559055 
vn 0 0.724409 0.692913 
vn 0 0.724409 0.692913 
vn 0 0.724409 0.692913 
vn 0 0.724409 0.692913 
vn 0 0.724409 0.692913 
vn 0 0.724409 0.692913 
vn 0 0.724409 0.692913 
vn 0 0.724409 0.692913 
vn 0 0.724409 0.692913 
vn 0 0.724409 0.692913 
vn 0 0.724409 0.692913 
vn 0 0.724409 0.692913 
vn 0 0.724409 0.692913 
vn 0 0.724409 0.692913 
vn 0 0.724409 0.692913 
vn 0 0.724409 0.692913 
vn 0 0.724409 0.692913 
vn 0 0.724409 0.692913 
vn 0 0.724409 0.692913 
vn 0 1 0 
vn 0 1 0 
vn 0 1 0 
vn 0 1 0 
vn 0 1 0 
vn 0 1 0 
vn 0 1 0 
vn 0 1 0 
vn 0 1 0 
vn 0 1 0 
vn 0 1 0 
vn 0 1 0 
vn 0 1 0 
vn 0 1 0 
vn 0 1 0 
vn 0 1 0 
vn 0 1 0 
vn 0 1 0 
vn 0 1 0 
vn 0 1 0 
vn 0 1 0 
vn 0 1 0 
vn 0 1 0 
vn 0 1 0 
vn 0 1 0 
vn 0 1 0 
vn 0 1 0 
vn 0 1 0 
vn 0 1 0 
vn 0 1 0 
vn 0 1 0 
vn 0 1 0 
vn 0 1 0 
vn 0 1 0 
vn 0 1 0 
vn 0 1 0 
vn 0 1 0 
vn 0 1 0 
vn 0 1 0 
vn 0 1 0 
vn 0 1 0 
vn 0 1 0 
vn 0 1 0 
vn 0 1 0 
vn 0 1 0 
vn 0 1 0 
vn 0 1 0 
vn 0 1 0 
vn 0 1 0 
vn 0 1 0 
vn 0 1 0 
vn 0 1 0 
vn 0 1 0 
vn 0 1 0 
vn 0 1 0 
vn 0 1 0 
vn 0 1 0 
vn 0 1 0 
vn 0 1 0 
vn 0 1 0 
vn 0 1 0 
vn 0 1 0 
vn 0 1 0 
vn 0 1 0 
vn 0 1 0 
vn 0 1 0 
vn 0 1 0 
vn 0 1 0 
vn 0 1 0 
vn 0 1 0 
vn 0 1 0 
vn 0 1 0 
vn 0 1 0 
vn 0 1 0 
vn 0 1 0 
vn 0 1 0 
vn 0 1 0 
vn 0 1 0 
vn 0 1 0 
vn 0 1 0 
vn 0 1 0 
vn 0 1 0 
vn 0 1 0 
vn 0 1 0 
vn 0 1 0 
vn 0 1 0 
vn 0 1 0 
vn 0 1 0 
vn 0 1 0 
vn 0 1 0 
vn 0 1 0 
vn 0 1 0 
vn 0 1 0 
vn 0 1 0 
vn 0 1 0 
vn 0 1 0 
vn 0 1 0 
vn 0 1 0 
vn 0 1 0 
vn 0 1 0 
vn 0 1 0 
vn 0 1 0 
vn 0 1 0 
vn 0 1 0 
vn 0 1 0 
vn 0 1 0 
vn 0 1 0 
vn 0 1 0 
vn 0 1 0 
vn 0 1 0 
vn 0 1 0 
vn 0 1 0 
vn 0 1 0 
vn 0 1 0 
vn 0 1 0 
vn 0 1 0 
vn 0 1 0 
vn 0 1 0 
vn 0 1 0 
vn 0 1 0 
vn 0 1 0 
vn 0 1 0 
vn 0 1 0 
vn 0 1 0 
vn 0 1 0 
vn 0 1 0 
vn 0 1 0 
vn 0 1 0 
vn 0 1 0 
vn 0 1 0 
vn 0 1 0 
vn 0 1 0 
vn 0 1 0 
vn 0 1 0 
vn 0 1 0 
vn 0 1 0 
vn 0 1 0 
vn 0 1 0 
vn 0 1 0 
vn 0 1 0 
vn 0 1 0 
vn 0 1 0 
vn 0 1 0 
vn 0 1 0 
vn 0 1 0 
vn 0 1 0 
vn 0 1 0 
vn 0 1 0 
vn 0 1 0 
vn 0 1 0 
vn 0 1 0 
vn 0 1 0 
vn 0 1 0 
vn 0 1 0 
vn 0 1 0 
vn 0 1 0 
vn 0 1 0 
vn 0 1 0 
vn 0 1 0 
vn 0 1 0 
vn 0 1 0 
vn 0 1 0 
vn 0 1 0 
vn 0 1 0 
vn 0 1 0 
vn 0 1 0 
vn 0 1 0 
vn 0 1 0 
vn 0 1 0 
vn 0 1 0 
vn 0 1 0 
vn 0 1 0 
vn 0 1 0 
vn 0 1 0 
vn 0 1 0 
vn 0 1 0 
vn 0 1 0 
vn 0 1 0 
vn 0 1 0 
vn 0 1 0 
vn 0 1 0 
vn 0 1 0 
vn 0 1 0 
vn 0 1 0 
vn 0 1 0 
vn 0 1 0 
vn 0 1 0 
vn 0 1 0 
vn 0 1 0 
vn 0 1 0 
vn 0 1 0 
vn 0 1 0 
vn 0 1 0 
vn 0 1 0 
vn 0 1 0 
vn 0 1 0 
vn 0 1 0 
vn 0 1 0 
vn 0 1 0 
vn 0 1 0 
vn 0 1 0 
vn 0 1 0 
vn 0 1 0 
vn 0 1 0 
vn 0 1 0 
vn 0 1 0 
vn 0 1 0 
vn 0 1 0 
vn 0 1 0 
vn 0 1 0 
vn 0 1 0 
vn 0 1 0 
vn 0 1 0 
vn 0 1 0 
vn 0 1 0 
vn 0 1 0 
vn 0 1 0 
vn 0.0393701 0.716535 -0.692913 
vn 0.0393701 0.716535 -0.692913 
vn 0.0393701 0.716535 -0.692913 
vn 0 1 0 
vn 0 1 0 
vn 0 1 0 
vn 0 1 0 
vn 0.0393701 0.716535 -0.692913 
vn 0 1 0 
vn 0 1 0 
vn 0 1 0 
vn 0 1 0 
vn 0 1 0 
vn 0 1 0 
vn 0 1 0 
vn 0 1 0 
vn 0 1 0 
vn 0 1 0 
vn 0 1 0 
vn 0 1 0 
vn 0 1 0 
vn 0 1 0 
vn 0 1 0 
vn 0 1 0 
vn 0 1 0 
vn 0 1 0 
vn 0 1 0 
vn 0 1 0 
vn 0 1 0 
vn 0 1 0 
vn 0 1 0 
vn 0 1 0 
vn 0 1 0 
vn 0 1 0 
vn 0 1 0 
vn 0 1 0 
vn 0 1 0 
vn 0 1 0 
vn 0 1 0 
vn 0 1 0 
vn 0 1 0 
vn 0 1 0 
vn 0 1 0 
vn 0 1 0 
vn 0 1 0 
vn 0 1 0 
vn 0 1 0 
vn 0 1 0 
vn 0 1 0 
vn 0 1 0 
vn 0 1 0 
vn 0 1 0 
vn 0 1 0 
vn 0 1 0 
vn 0 1 0 
vn 0 1 0 
vn 0 1 0 
vn 0 1 0 
vn 0 1 0 
vn 0 1 0 
vn 0 1 0 
vn 0 1 0 
vn 0 1 0 
vn 0 1 0 
vn 0 1 0 
vn 0 1 0 
vn 0 1 0 
vn 0 1 0 
vn 0 1 0 
vn 0 1 0 
vn 0 1 0 
vn 0 1 0 
vn 0 1 0 
vn 0 1 0 
vn 0 1 0 
vn 0 1 0 
vn 0 1 0 
vn 0 1 0 
vn 0 1 0 
vn 0 1 0 
vn 0 1 0 
vn 0 1 0 
vn 0 1 0 
vn 0 1 0 
vn 0 1 0 
vn 0 1 0 
vn 0 1 0 
vn 0 1 0 
vn 0 1 0 
vn 0 1 0 
vn 0 1 0 
vn 0 1 0 
vn 0 1 0 
vn 0 1 0 
vn 0 1 0 
vn 0 1 0 
vn 0 0.992126 0.133858 
vn 0 0.992126 0.133858 
vn 0 0.992126 0.133858 
vn 0 0.992126 0.133858 
vn 0 0.992126 0.133858 
vn 0 0.992126 0.133858 
vn 0 1 0 
vn 0 1 0 
vn 0 1 0 
vn 0 1 0 
vn 0 1 0 
vn 0 1 0 
vn 0 1 0 
vn 0 1 0 
vn 0 1 0 
vn 0 1 0 
vn 0 1 0 
vn 0 1 0 
vn 0 0.992126 0.133858 
vn 0 0.992126 0.133858 
vn 0 0.992126 0.133858 
vn 0 1 0 
vn 0 1 0 
vn 0 1 0 
vn 0 0.992126 0.133858 
vn 0 0.992126 0.133858 
vn 0 0.992126 0.133858 
vn 0 0.992126 0.133858 
vn 0 0.992126 0.133858 
vn 0 1 0 
vn 0 1 0 
vn 0 1 0 
vn 0 1 0 
vn 0 1 0 
vn 0 1 0 
vn 0 1 0 
vn 0 0.992126 0.133858 
vn 0 0.992126 0.133858 
vn 0 0.992126 0.133858 
vn 0 0.992126 0.133858 
vn 0 0.992126 0.133858 
vn 0 0.992126 0.133858 
vn 0 0.992126 0.133858 
vn 0 0.992126 0.133858 
vn 0 0.937008 0.354331 
vn 0 0.937008 0.354331 
vn 0 0.937008 0.354331 
vn 0 0.937008 0.354331 
vn 0 0.992126 0.133858 
vn 0 0.992126 0.133858 
vn 0 0.992126 0.133858 
vn 0 0.937008 0.354331 
vn 0 0.937008 0.354331 
vn 0 0.937008 0.354331 
vn 0 0.992126 0.133858 
vn 0 0.992126 0.133858 
vn 0 0.992126 0.133858 
vn 0 0.937008 0.354331 
vn 0 0.937008 0.354331 
vn 0 0.937008 0.354331 
vn 0 0.937008 0.354331 
vn 0 0.937008 0.354331 
vn 0 0.937008 0.354331 
vn 0 0.937008 0.354331 
vn 0 0.937008 0.354331 
vn 0 0.937008 0.354331 
vn 0 0.937008 0.354331 
vn 0 0.937008 0.354331 
vn 0 0.937008 0.354331 
vn 0 0.937008 0.354331 
vn 0 0.937008 0.354331 
vn 0 0.937008 0.354331 
vn 0 0.937008 0.354331 
vn 0 0.937008 0.354331 
vn 0 0.937008 0.354331 
vn 0 0.937008 0.354331 
vn 0 0.937008 0.354331 
vn 0 0.937008 0.354331 
vn 0 0.937008 0.354331 
vn 0 0.937008 0.354331 
vn 0 0.992126 0.133858 
vn 0 1 0 
vn 0 1 0 
vn 0 1 0 
vn 0 1 0 
vn 0 1 0 
vn 0 1 0 
vn 0 1 0 
vn 0 1 0 
vn 0 1 0 
vn 0 1 0 
vn 0 1 0 
vn 0 1 0 
vn 0 1 0 
vn 0 1 0 
vn 0 1 0 
vn 0 1 0 
vn 0 1 0 
vn 0 1 0 
vn 0 1 0 
vn 0 1 0 
vn 0 1 0 
vn 0 1 0 
vn 0 1 0 
vn 0 1 0 
vn 0 1 0 
vn 0 1 0 
vn 0 1 0 
vn 0 1 0 
vn 0 1 0 
vn 0 1 0 
vn 0 1 0 
vn 0 1 0 
vn 0 1 0 
vn 0 1 0 
vn 0 1 0 
vn 0 1 0 
vn 0 1 0 
vn 0 1 0 
vn 0 1 0 
vn -0.708661 0.708661 0 
vn -0.708661 0.708661 0 
vn -0.708661 0.708661 0 
vn 0 1 0 
vn 0 1 0 
vn 0 0.992126 0.133858 
vn 0 1 0 
vn 0 1 0 
vn 0 1 0 
vn 0.700787 0.700787 0.133858 
vn 0.700787 0.700787 0.133858 
vn 0.700787 0.700787 0.133858 
vn 0 1 0 
vn 0.700787 0.700787 0.133858 
vn 0.700787 0.700787 0.133858 
vn 0.700787 0.700787 0.133858 
vn 0.700787 0.700787 0.133858 
vn -0.708661 0.708661 0 
vn 0 1 0 
vn 0 1 0 
vn 0 0.992126 0.133858 
vn 0 0.992126 0.133858 
vn -0.708661 0.708661 0 
vn -0.708661 0.708661 0 
vn -0.708661 0.708661 0 
vn 0 1 0 
vn 0 1 0 
vn 0 1 0 
vn 0 1 0 
vn -0.708661 0.708661 0 
vn -0.708661 0.708661 0 
vn -0.708661 0.708661 0 
vn 0 1 0 
vn 0 0.937008 0.354331 
vn 0 0.984252 0.188976 
vn 0 0.984252 0.188976 
vn 0 0.984252 0.188976 
vn 0 0.984252 0.188976 
vn 0 1 0 
vn -0.0314961 0.984252 0.188976 
vn -0.0314961 0.984252 0.188976 
vn -0.0314961 0.984252 0.188976 
vn 0 1 0 
vn 0 1 0 
vn 0 0.984252 0.188976 
vn 0 0.984252 0.188976 
vn 0 0.984252 0.188976 
vn 0.00787402 0.984252 0.173228 
vn 0.00787402 0.984252 0.173228 
vn 0.00787402 0.984252 0.173228 
vn 0.023622 1 -0.00787402 
vn 0.023622 1 -0.00787402 
vn 0.023622 1 -0.00787402 
vn 0.0708661 0.716535 -0.692913 
vn 0.0708661 0.716535 -0.692913 
vn 0.0708661 0.716535 -0.692913 
vn 0.023622 1 -0.00787402 
vn 0.00787402 0.984252 0.173228 
vn 0 1 0 
vn 0 1 0 
vn 0 1 0 
vn 0 0.984252 0.188976 
vn 0 0.984252 0.188976 
vn 0 0.984252 0.188976 
vn 0 0.984252 0.188976 
vn 0 0.984252 0.188976 
vn 0 0.984252 0.188976 
vn 0 0.984252 0.188976 
vn 0 0.984252 0.188976 
vn 0 0.984252 0.188976 
vn 0 0.984252 0.188976 
vn 0 0.984252 0.188976 
vn 0 0.984252 0.188976 
vn 0 0.984252 0.188976 
vn 0 0.984252 0.188976 
vn 0 0.984252 0.188976 
vn 0 0.984252 0.188976 
vn 0.11811 0.716535 -0.685039 
vn 0.11811 0.716535 -0.685039 
vn 0.11811 0.716535 -0.685039 
vn 0 0.724409 0.692913 
vn 0 0.724409 0.692913 
vn 0 0.724409 0.692913 
vn 0 0.724409 0.692913 
vn 0 0.724409 0.692913 
vn -0.15748 0.811024 0.559055 
vn -0.15748 0.811024 0.559055 
vn -0.15748 0.811024 0.559055 
vn 0.11811 0.716535 -0.685039 
vn -0.15748 0.811024 0.559055 
vn 0 0.984252 0.188976 
vn -0.708661 0.708661 0 
vn -0.0314961 0.984252 0.188976 
vn -0.0314961 0.984252 0.188976 
vn -0.0314961 0.984252 0.188976 
vn -0.708661 0.708661 0 
vn -0.708661 0.708661 0 
vn -0.708661 0.708661 0 
vn 0 0.937008 0.354331 
vn 0.708661 0.708661 0 
vn 0.708661 0.708661 0 
vn 0.708661 0.708661 0 
vn 0 1 0 
vn 0.661417 0.661417 0.354331 
vn 0.661417 0.661417 0.354331 
vn 0.661417 0.661417 0.354331 
vn 0 1 0 
vn 0.015748 1 -0.00787402 
vn 0.015748 1 -0.00787402 
vn 0.015748 1 -0.00787402 
vn 0 0.984252 0.188976 
vn 0 0.984252 0.188976 
vn 0 0.984252 0.188976 
vn 0.015748 1 -0.00787402 
vn 0 0.984252 0.188976 
vn 0 0.984252 0.188976 
vn 0 0.984252 0.188976 
vn 0.0708661 0.716535 -0.692913 
vn 0 0.984252 0.188976 
vn 0 0.984252 0.188976 
vn 0 0.984252 0.188976 
vn 0 0.984252 0.188976 
vn 0 0.984252 0.188976 
vn 0 0.984252 0.188976 
vn 0 0.984252 0.188976 
vn 0 0.984252 0.188976 
vn 0 0.984252 0.188976 
vn 0 0.984252 0.188976 
vn 0 0.984252 0.188976 
vn 0 0.984252 0.188976 
vn 0 0.984252 0.188976 
vn 0 0.984252 0.188976 
vn 0 0.984252 0.188976 
vn 0 0.984252 0.188976 
vn 0 0.984252 0.188976 
vn 0 0.984252 0.188976 
vn 0 0.984252 0.188976 
vn 0 0.984252 0.188976 
vn 0 0.984252 0.188976 
vn 0 0.984252 0.188976 
vn 0 0.984252 0.188976 
vn 0 0.984252 0.188976 
vn 0 0.984252 0.188976 
vn 0 0.984252 0.188976 
vn 0 0.984252 0.188976 
vn 0 0.984252 0.188976 
vn 0.354331 0 0.937008 
vn 0.354331 0 0.937008 
vn 0.354331 0 0.937008 
vn 0.354331 0 0.937008 
vn 0.354331 0 0.937008 
vn 0.354331 0 0.937008 
vn 0.354331 0 0.937008 
vn 0.354331 0 0.937008 
vn 0.354331 0 0.937008 
vn 0.354331 0 0.937008 
vn 0.354331 0 0.937008 
vn 0.133858 0 0.992126 
vn 0.133858 0 0.992126 
vn 0.133858 0 0.992126 
vn 0.133858 0 0.992126 
vn 0.133858 0 0.992126 
vn 0.133858 0 0.992126 
vn 0.133858 0 0.992126 
vn 0.133858 0 0.992126 
vn 0.133858 0 0.992126 
vn 0.354331 0 0.937008 
vn 0.354331 0 0.937008 
vn 0.354331 0 0.937008 
vn 0.354331 0 0.937008 
vn 0.354331 0 0.937008 
vn 0.354331 0 0.937008 
vn 0.354331 0 0.937008 
vn 0.354331 0 0.937008 
vn 0.354331 0 0.937008 
vn 0.354331 0 0.937008 
vn 0.354331 0 0.937008 
vn 0.354331 0 0.937008 
vn 0.354331 0 0.937008 
vn 0.133858 0 0.992126 
vn 0.133858 0 0.992126 
vn 0.133858 0 0.992126 
vn 0.354331 0 0.937008 
vn 0.354331 0 0.937008 
vn 0.354331 0 0.937008 
vn 0.133858 0 0.992126 
vn 0.133858 0 0.992126 
vn 0.133858 0 0.992126 
vn 0.354331 0 0.937008 
vn 0.354331 0 0.937008 
vn 0.354331 0 0.937008 
vn 0.133858 0 0.992126 
vn 0.133858 0 0.992126 
vn 0.133858 0 0.992126 
vn 0.354331 0 0.937008 
vn 0.354331 0 0.937008 
vn 0.354331 0 0.937008 
vn 0.354331 0 0.937008 
vn 0.354331 0 0.937008 
vn 0.354331 0 0.937008 
vn 0.354331 0 0.937008 
vn 0.354331 0 0.937008 
vn 0.354331 0 0.937008 
vn 0.354331 0 0.937008 
vn 0.354331 0 0.937008 
vn 0.133858 0 0.992126 
vn 0.133858 0 0.992126 
vn 0.133858 0 0.992126 
vn 0.133858 0 0.992126 
vn 0.133858 0 0.992126 
vn 0.133858 0 0.992126 
vn 0.133858 0 0.992126 
vn 0.133858 0 0.992126 
vn 0.133858 0 0.992126 
vn 0.354331 0 0.937008 
vn 0.354331 0 0.937008 
vn 0.354331 0 0.937008 
vn 0.354331 0 0.937008 
vn 0.354331 0 0.937008 
vn 0.354331 0 0.937008 
vn 0.354331 0 0.937008 
vn 0.354331 0 0.937008 
vn 0.354331 0 0.937008 
vn 0.354331 0 0.937008 
vn 0.354331 0 0.937008 
vn 0.354331 0 0.937008 
vn 0.354331 0 0.937008 
vn 0.354331 0 0.937008 
vn 0.354331 0 0.937008 
vn 0.354331 0 0.937008 
vn 0.133858 0 0.992126 
vn 0.133858 0 0.992126 
vn 0.133858 0 0.992126 
vn 0.354331 0 0.937008 
vn 0.354331 0 0.937008 
vn 0.354331 0 0.937008 
vn 0.133858 0 0.992126 
vn 0.133858 0 0.992126 
vn 0.133858 0 0.992126 
vn 0.133858 0 0.992126 
vn 0.133858 0 0.992126 
vn 0.133858 0 0.992126 
vn 0.133858 0 0.992126 
vn 0.133858 0 0.992126 
vn 0.133858 0 0.992126 
vn 0 0 1 
vn 0 0 1 
vn 0 0 1 
vn 0 0 1 
vn 0 0 1 
vn 0 0 1 
vn 0 0 1 
vn 0 0 1 
vn 0 0 1 
vn 0 0 1 
vn 0 0 1 
vn 0 0 1 
vn 0 0 1 
vn 0 0 1 
vn 0.133858 0 0.992126 
vn 0.133858 0 0.992126 
vn 0.133858 0 0.992126 
vn 0.133858 0 0.992126 
vn 0.133858 0 0.992126 
vn 0.133858 0 0.992126 
vn 0.133858 0 0.992126 
vn 0.133858 0 0.992126 
vn 0.133858 0 0.992126 
vn 0 0 1 
vn 0 0 1 
vn 0 0 1 
vn 0 0 1 
vn 0 0 1 
vn 0 0 1 
vn 0 0 1 
vn 0.133858 0 0.992126 
vn 0.133858 0 0.992126 
vn 0 0 1 
vn 0 0 1 
vn 0 0 1 
vn 0.133858 0 0.992126 
vn 0 0 1 
vn 0 0 1 
vn 0 0 1 
vn 0 0 1 
vn 0 0 1 
vn 0 0 1 
vn 0 0 1 
vn 0 0 1 
vn 0 0 1 
vn 0 0 1 
vn 0 0 1 
vn 0 0 1 
vn 0 0 1 
vn 0.133858 0 0.992126 
vn 0.133858 0 0.992126 
vn 0.133858 0 0.992126 
vn 0.133858 0 0.992126 
vn 0.133858 0 0.992126 
vn 0.133858 0 0.992126 
vn 0 0 1 
vn 0 0 1 
vn 0 0 1 
vn 0 0 1 
vn 0 0 1 
vn 0 0 1 
vn 0 0 1 
vn 0 0 1 
vn 0.133858 0 0.992126 
vn 0 0 1 
vn 0 0 1 
vn 0 0 1 
vn 0 0 1 
vn 0 0 1 
vn 0 0 1 
vn 0 0 1 
vn 0 0 1 
vn 0 0 1 
vn 0 0 1 
vn 0 0 1 
vn 0 0 1 
vn 0 0 1 
vn 0 0 1 
vn 0 0 1 
vn 0 0 1 
vn 0 0 1 
vn 0 0 1 
vn 0 0 1 
vn 0 0 1 
vn 0 0 1 
vn 0 0 1 
vn 0 0 1 
vn 0 0 1 
vn 0 0 1 
vn 0 0 1 
vn 0 0 1 
vn 0 0 1 
vn 0 0 1 
vn 0 0 1 
vn 0 0 1 
vn 0 0 1 
vn 0 0 1 
vn 0 0 1 
vn 0 0 1 
vn 0 0 1 
vn 0.307087 0 0.952756 
vn 0.307087 0 0.952756 
vn 0.307087 0 0.952756 
vn 0.307087 0 0.952756 
vn 0.307087 0 0.952756 
vn 0.307087 0 0.952756 
vn 0.307087 0 0.952756 
vn 0.307087 0 0.952756 
vn 0.307087 0 0.952756 
vn 0 1 0 
vn 0 1 0 
vn 0 0 1 
vn 0 0 1 
vn 0 0 1 
vn 0 0 1 
vn 0 0 1 
vn 0 0 1 
vn 0 0 1 
vn 0 0 1 
vn 0 0 1 
vn 0 0 1 
vn 0 0 1 
vn 0 0 1 
vn 0 0 1 
vn 0 0 1 
vn 0 0 1 
vn 0 0 1 
vn 0 0 1 
vn 0 0 1 
vn 0 0 1 
vn 0.307087 0 0.952756 
vn 0.307087 0 0.952756 
vn 0 0 1 
vn 0 0 1 
vn 0 0 1 
vn 0.307087 0 0.952756 
vn 0 1 0 
vn 0.307087 0 0.952756 
vn 0.307087 0 0.952756 
vn 0.307087 0 0.952756 
vn 0 1 0 
vn 0 1 0 
vn 0 1 0 
vn 0 0 1 
vn 0 0 1 
vn 0 0 1 
vn 0.354331 0 0.937008 
vn 0 0 1 
vn 0 0 1 
vn 0 0 1 
vn 0 0 1 
vn 0 0 1 
vn 0 0 1 
vn 0 0 1 
vn 0.354331 0 0.937008 
vn 0 0 1 
vn 0 0 1 
vn 0 0 1 
vn 0 0 1 
vn 0 0 1 
vn 0 0 1 
vn 0 0 1 
vn 0 0 1 
vn 0 0 1 
vn 0 0 1 
vn 0 0 1 
vn 0 0 1 
vn 0 0 1 
vn 0 0 1 
vn 0 0 1 
vn 0.307087 0 0.952756 
vn 0.307087 0 0.952756 
vn 0.307087 0 0.952756 
vn 0.307087 0 0.952756 
vn 0 0 1 
vn 0 0 1 
vn 0 0 1 
vn 0 -0.692913 0.724409 
vn 0 -0.692913 0.724409 
vn 0 -0.692913 0.724409 
vn 0 -0.692913 0.724409 
vn 0 -0.692913 0.724409 
vn 0 -0.692913 0.724409 
vn 0.0472441 -0.716535 0.700787 
vn 0.0472441 -0.716535 0.700787 
vn 0.0472441 -0.716535 0.700787 
vn 0.307087 0 0.952756 
vn 0.307087 0 0.952756 
vn 0.307087 0 0.952756 
vn 0 0 1 
vn 0 0 1 
vn 0.354331 0 0.937008 
vn 0 0 1 
vn 0.354331 0 0.937008 
vn 0 0 1 
vn 0 0 1 
vn 0 0 1 
vn 0 0 1 
vn 0 0 1 
vn 0 0 1 
vn 0 0 1 
vn 0.133858 0 0.992126 
vn 0.133858 0 0.992126 
vn 0.133858 0 0.992126 
vn 0 0 1 
vn 0 0 1 
vn 0 0 1 
vn 0.307087 0 0.952756 
vn 0.307087 0 0.952756 
vn 0.307087 0 0.952756 
vn 0.307087 0 0.952756 
vn 0.307087 0 0.952756 
vn 0 0 1 
vn 0.307087 0 0.952756 
vn 0 -0.692913 0.724409 
vn 0 -0.692913 0.724409 
vn 0 -0.692913 0.724409 
vn 0.0944882 -0.716535 0.692913 
vn 0.0944882 -0.716535 0.692913 
vn 0.0944882 -0.716535 0.692913 
vn 0 0 1 
vn 0 0 1 
vn 0 0 1 
vn 0.133858 0 0.992126 
vn 0.133858 0 0.992126 
vn 0.133858 0 0.992126 
vn 0.133858 0 0.992126 
vn 0.354331 0 0.937008 
vn 0.354331 0 0.937008 
vn 0.354331 0 0.937008 
vn 0.354331 0 0.937008 
vn 0.354331 0 0.937008 
vn 0.354331 0 0.937008 
vn 0.354331 0 0.937008 
vn 0.133858 0 0.992126 
vn 0 0 1 
vn 0.133858 0 0.992126 
vn 0 0 1 
vn 0 0 1 
vn 0 0 1 
vn 0.133858 0 0.992126 
vn 0.133858 0 0.992126 
vn 0.133858 0 0.992126 
vn 0.133858 0 0.992126 
vn 0.354331 0 0.937008 
vn 0.133858 0 0.992126 
vn 0.133858 0 0.992126 
vn 0.133858 0 0.992126 
vn 0.354331 0 0.937008 
vn 0.354331 0 0.937008 
vn 0.354331 0 0.937008 
vn 0.354331 0 0.937008 
vn 0.133858 0 0.992126 
vn 0 0 1 
vn 0 0 1 
vn 0 0 1 
vn 0 0 1 
vn 0 0 1 
vn 0 0 1 
vn 0 0 1 
vn 0 0 1 
vn 0 0 1 
vn 0 0 1 
vn 0.0944882 -0.0944882 0.992126 
vn 0.0944882 -0.0944882 0.992126 
vn 0.0944882 -0.0944882 0.992126 
vn 0.0944882 -0.0944882 0.992126 
vn 0.0944882 -0.0944882 0.992126 
vn 0.0944882 -0.0944882 0.992126 
vn 0.251969 -0.251969 0.937008 
vn 0.251969 -0.251969 0.937008 
vn 0.251969 -0.251969 0.937008 
vn 0.251969 -0.251969 0.937008 
vn 0 0 1 
vn 0 0 1 
vn 0 0 1 
vn 0.0944882 -0.0944882 0.992126 
vn 0.0944882 -0.0944882 0.992126 
vn 0.251969 -0.251969 0.937008 
vn 0.251969 -0.251969 0.937008 
vn 0.251969 -0.251969 0.937008 
vn 0.251969 -0.251969 0.937008 
vn 0 0 1 
vn 0.0944882 -0.0944882 0.992126 
vn 0.0944882 -0.0944882 0.992126 
vn 0.0944882 -0.0944882 0.992126 
vn 0.251969 -0.251969 0.937008 
vn 0.251969 -0.251969 0.937008 
vn 0.251969 -0.251969 0.937008 
vn 0.251969 -0.251969 0.937008 
vn 0 0 1 
vn 0 0 1 
vn 0 0 1 
vn 0 0 1 
vn 0 0 1 
vn 0 0 1 
vn 0 0 1 
vn 0.0944882 -0.0944882 0.992126 
vn 0 0 1 
vn 0 0 1 
vn 0 0 1 
vn 0 0 1 
vn 0 0 1 
vn 0 0 1 
vn 0 0 1 
vn 0 0 1 
vn 0 -0.133858 0.992126 
vn 0 -0.133858 0.992126 
vn 0 -0.133858 0.992126 
vn 0 0 1 
vn 0 0 1 
vn 0 0 1 
vn 0 0 1 
vn 0 0 1 
vn 0 -0.133858 0.992126 
vn 0 -0.133858 0.992126 
vn 0 -0.133858 0.992126 
vn 0 -0.133858 0.992126 
vn 0 -0.133858 0.992126 
vn 0 -0.133858 0.992126 
vn 0 0 1 
vn 0 0 1 
vn 0 0 1 
vn 0 0 1 
vn 0 0 1 
vn 0 0 1 
vn 0 0 1 
vn 0 0 1 
vn 0 -0.133858 0.992126 
vn 0 -0.133858 0.992126 
vn 0 -0.133858 0.992126 
vn 0 0 1 
vn 0 0 1 
vn 0 0 1 
vn 0 0 1 
vn 0 0 1 
vn 0 -0.133858 0.992126 
vn 0 -0.133858 0.992126 
vn 0 -0.133858 0.992126 
vn 0 -0.133858 0.992126 
vn 0 -0.133858 0.992126 
vn 0 -0.133858 0.992126 
vn 0 -0.133858 0.992126 
vn 0 -0.133858 0.992126 
vn 0 -0.354331 0.937008 
vn 0 -0.354331 0.937008 
vn 0 -0.354331 0.937008 
vn 0 -0.354331 0.937008 
vn 0 -0.354331 0.937008 
vn 0 -0.354331 0.937008 
vn 0 -0.354331 0.937008 
vn 0 -0.133858 0.992126 
vn 0 -0.354331 0.937008 
vn 0 -0.354331 0.937008 
vn 0 -0.354331 0.937008 
vn 0 -0.354331 0.937008 
vn 0 -0.354331 0.937008 
vn 0 -0.354331 0.937008 
vn 0 -0.354331 0.937008 
vn 0 -0.133858 0.992126 
vn 0 -0.354331 0.937008 
vn 0 -0.354331 0.937008 
vn 0 -0.354331 0.937008 
vn 0 -0.133858 0.992126 
vn 0 -0.354331 0.937008 
vn 0 -0.354331 0.937008 
vn 0 -0.133858 0.992126 
vn 0 -0.354331 0.937008 
vn 0 -0.354331 0.937008 
vn 0 -0.354331 0.937008 
vn 0 -0.354331 0.937008 
vn 0 -0.354331 0.937008 
vn 0.354331 0 0.937008 
vn 0.354331 0 0.937008 
vn 0.354331 0 0.937008 
vn 0 0 1 
vn 0 0 1 
vn 0 0 1 
vn 0 0 1 
vn 0.354331 0 0.937008 
vn 0.133858 0 0.992126 
vn 0 0 1 
vn 0 0 1 
vn 0 0 1 
vn 0 0 1 
vn 0.133858 0 0.992126 
vn 0.133858 0 0.992126 
vn 0.133858 0 0.992126 
vn 0 -0.188976 0.984252 
vn 0 -0.188976 0.984252 
vn 0 -0.188976 0.984252 
vn 0 0 1 
vn 0 -0.188976 0.984252 
vn 0 -0.188976 0.984252 
vn 0 -0.188976 0.984252 
vn 0 -0.188976 0.984252 
vn 0.133858 0 0.992126 
vn 0.0944882 -0.0944882 0.992126 
vn 0.0944882 -0.0944882 0.992126 
vn 0.0944882 -0.0944882 0.992126 
vn 0.251969 -0.251969 0.937008 
vn 0.251969 -0.251969 0.937008 
vn 0.251969 -0.251969 0.937008 
vn 0.251969 -0.251969 0.937008 
vn 0 0 1 
vn 0 0 1 
vn 0 0 1 
vn 0 0 1 
vn 0 0 1 
vn 0.0944882 -0.0944882 0.992126 
vn 0 0 1 
vn 0 0 1 
vn 0 0 1 
vn 0 -0.188976 0.984252 
vn 0 -0.188976 0.984252 
vn 0 -0.188976 0.984252 
vn 0 -0.188976 0.984252 
vn 0 -0.188976 0.984252 
vn 0 -0.188976 0.984252 
vn 0 -0.188976 0.984252 
vn 0 -0.188976 0.984252 
vn 0 -0.188976 0.984252 
vn 0 -0.188976 0.984252 
vn 0 -0.188976 0.984252 
vn 0 -0.188976 0.984252 
vn 0 -0.188976 0.984252 
vn 0 -0.188976 0.984252 
vn 0 -0.188976 0.984252 
vn 0 -0.188976 0.984252 
vn 0 -0.188976 0.984252 
vn 0 -0.133858 0.992126 
vn 0 -0.133858 0.992126 
vn 0 -0.133858 0.992126 
vn 0 -0.188976 0.984252 
vn 0 -0.188976 0.984252 
vn 0 -0.188976 0.984252 
vn 0 -0.188976 0.984252 
vn 0 -0.188976 0.984252 
vn 0 -0.188976 0.984252 
vn 0 0 1 
vn 0 -0.133858 0.992126 
vn 0 0 1 
vn 0 0 1 
vn 0 0 1 
vn 0 -0.188976 0.984252 
vn 0 -0.188976 0.984252 
vn 0 -0.188976 0.984252 
vn 0 -0.188976 0.984252 
vn 0 0 1 
vn 0 -0.133858 0.992126 
vn 0 -0.133858 0.992126 
vn 0 -0.133858 0.992126 
vn 0 -0.188976 0.984252 
vn 0 -0.188976 0.984252 
vn 0 -0.188976 0.984252 
vn 0 -0.188976 0.984252 
vn 0 -0.188976 0.984252 
vn 0 -0.188976 0.984252 
vn -0.00787402 0.00787402 1 
vn -0.00787402 0.00787402 1 
vn -0.00787402 0.00787402 1 
vn 0 -0.188976 0.984252 
vn -0.00787402 0.00787402 1 
vn 0.173228 -0.708661 0.685039 
vn 0.173228 -0.708661 0.685039 
vn 0.173228 -0.708661 0.685039 
vn 0 -0.692913 0.724409 
vn 0 -0.692913 0.724409 
vn 0 -0.692913 0.724409 
vn 0.0314961 0.00787402 1 
vn 0.0314961 0.00787402 1 
vn 0.0314961 0.00787402 1 
vn 0.0314961 0.00787402 1 
vn 0 -0.188976 0.984252 
vn 0 -0.188976 0.984252 
vn 0 -0.188976 0.984252 
vn 0 -0.354331 0.937008 
vn 0 -0.354331 0.937008 
vn 0 -0.354331 0.937008 
vn 0 -0.133858 0.992126 
vn 0 -0.354331 0.937008 
vn 0 -0.188976 0.984252 
vn 0 -0.354331 0.937008 
vn 0 -0.354331 0.937008 
vn 0 -0.354331 0.937008 
vn 0 -0.354331 0.937008 
vn 0 -0.188976 0.984252 
vn 0 -0.188976 0.984252 
vn 0 -0.188976 0.984252 
vn 0 -0.188976 0.984252 
vn 0 -0.188976 0.984252 
vn 0 -0.188976 0.984252 
vn 0 -0.188976 0.984252 
vn 0 -0.188976 0.984252 
vn 0 -0.188976 0.984252 
vn 0 -0.188976 0.984252 
vn 0 -0.188976 0.984252 
vn 0 -0.692913 0.724409 
vn 0 -0.692913 0.724409 
vn 0 -0.692913 0.724409 
vn 0 -0.188976 0.984252 
vn 0 -0.188976 0.984252 
vn 0 -0.692913 0.724409 
vn 0 -0.692913 0.724409 
vn 0 -0.692913 0.724409 
vn 0 -0.692913 0.724409 
vn 0 -0.692913 0.724409 
vn 0 -0.692913 0.724409 
vn 0 -0.692913 0.724409 
vn 0 -0.692913 0.724409 
vn 0 -0.692913 0.724409 
vn 0 -0.692913 0.724409 
vn 0 -0.692913 0.724409 
vn 0 -0.692913 0.724409 
vn 0 -0.692913 0.724409 
vn 0 -0.692913 0.724409 
vn 0 -0.692913 0.724409 
vn 0 0 1 
vn 0 0 1 
vn 0 0 1 
vn 0 0 1 
vn 0 0 1 
vn 0 0 1 
vn 0 0 1 
vn 0 0 1 
vn 0 0 1 
vn 0 0 1 
vn -0.133858 0 0.992126 
vn -0.133858 0 0.992126 
vn -0.133858 0 0.992126 
vn -0.133858 0 0.992126 
vn -0.133858 0 0.992126 
vn -0.133858 0 0.992126 
vn -0.133858 0 0.992126 
vn -0.133858 0 0.992126 
vn -0.133858 0 0.992126 
vn -0.133858 0 0.992126 
vn -0.133858 0 0.992126 
vn -0.133858 0 0.992126 
vn -0.133858 0 0.992126 
vn 0 0 1 
vn 0 0 1 
vn 0 0 1 
vn 0 0 1 
vn 0 0 1 
vn 0 0 1 
vn 0 0 1 
vn 0 0 1 
vn 0 0 1 
vn 0 0 1 
vn 0 0 1 
vn -0.133858 0 0.992126 
vn -0.133858 0 0.992126 
vn -0.133858 0 0.992126 
vn -0.133858 0 0.992126 
vn -0.133858 0 0.992126 
vn -0.133858 0 0.992126 
vn -0.133858 0 0.992126 
vn -0.133858 0 0.992126 
vn -0.133858 0 0.992126 
vn -0.133858 0 0.992126 
vn -0.133858 0 0.992126 
vn -0.133858 0 0.992126 
vn -0.133858 0 0.992126 
vn 0 0 1 
vn 0 0 1 
vn 0 0 1 
vn 0 0 1 
vn 0 0 1 
vn 0 0 1 
vn 0 0 1 
vn 0 0 1 
vn 0 0 1 
vn 0 0 1 
vn -0.133858 0 0.992126 
vn -0.133858 0 0.992126 
vn -0.133858 0 0.992126 
vn -0.133858 0 0.992126 
vn -0.133858 0 0.992126 
vn -0.133858 0 0.992126 
vn 0 0 1 
vn 0 0 1 
vn 0 0 1 
vn -0.133858 0 0.992126 
vn -0.133858 0 0.992126 
vn -0.133858 0 0.992126 
vn 0 0 1 
vn 0 0 1 
vn 0 0 1 
vn 0 0 1 
vn 0 0 1 
vn 0 0 1 
vn 0 0 1 
vn 0 0 1 
vn 0 0 1 
vn 0 0 1 
vn 0 0 1 
vn -0.133858 0 0.992126 
vn -0.133858 0 0.992126 
vn -0.133858 0 0.992126 
vn -0.133858 0 0.992126 
vn -0.133858 0 0.992126 
vn -0.133858 0 0.992126 
vn -0.133858 0 0.992126 
vn -0.133858 0 0.992126 
vn -0.133858 0 0.992126 
vn -0.133858 0 0.992126 
vn -0.133858 0 0.992126 
vn -0.133858 0 0.992126 
vn -0.354331 0 0.937008 
vn -0.354331 0 0.937008 
vn -0.354331 0 0.937008 
vn -0.133858 0 0.992126 
vn -0.354331 0 0.937008 
vn -0.354331 0 0.937008 
vn -0.354331 0 0.937008 
vn -0.354331 0 0.937008 
vn -0.354331 0 0.937008 
vn -0.354331 0 0.937008 
vn -0.354331 0 0.937008 
vn -0.354331 0 0.937008 
vn -0.354331 0 0.937008 
vn -0.354331 0 0.937008 
vn -0.354331 0 0.937008 
vn -0.354331 0 0.937008 
vn -0.354331 0 0.937008 
vn -0.133858 0 0.992126 
vn -0.354331 0 0.937008 
vn -0.354331 0 0.937008 
vn -0.354331 0 0.937008 
vn -0.133858 0 0.992126 
vn -0.354331 0 0.937008 
vn -0.354331 0 0.937008 
vn -0.354331 0 0.937008 
vn -0.354331 0 0.937008 
vn -0.354331 0 0.937008 
vn -0.354331 0 0.937008 
vn -0.354331 0 0.937008 
vn -0.354331 0 0.937008 
vn -0.354331 0 0.937008 
vn -0.354331 0 0.937008 
vn -0.354331 0 0.937008 
vn -0.133858 0 0.992126 
vn -0.133858 0 0.992126 
vn -0.354331 0 0.937008 
vn -0.354331 0 0.937008 
vn -0.354331 0 0.937008 
vn -0.133858 0 0.992126 
vn -0.133858 0 0.992126 
vn -0.133858 0 0.992126 
vn -0.133858 0 0.992126 
vn -0.354331 0 0.937008 
vn -0.354331 0 0.937008 
vn -0.354331 0 0.937008 
vn -0.354331 0 0.937008 
vn -0.354331 0 0.937008 
vn -0.354331 0 0.937008 
vn -0.354331 0 0.937008 
vn -0.354331 0 0.937008 
vn -0.354331 0 0.937008 
vn -0.354331 0 0.937008 
vn -0.354331 0 0.937008 
vn -0.354331 0 0.937008 
vn -0.354331 0 0.937008 
vn -0.354331 0 0.937008 
vn -0.354331 0 0.937008 
vn -0.354331 0 0.937008 
vn -0.354331 0 0.937008 
vn -0.354331 0 0.937008 
vn -0.133858 0 0.992126 
vn -0.354331 0 0.937008 
vn -0.354331 0 0.937008 
vn -0.354331 0 0.937008 
vn -0.354331 0 0.937008 
vn -0.354331 0 0.937008 
vn -0.354331 0 0.937008 
vn -0.354331 0 0.937008 
vn -0.354331 0 0.937008 
vn -0.354331 0 0.937008 
vn -0.133858 0 0.992126 
vn 0 0 1 
vn 0 0 1 
vn 0 0 1 
vn 0 0 1 
vn 0 0 1 
vn 0 0 1 
vn 0 0 1 
vn 0 0 1 
vn -0.133858 0 0.992126 
vn -0.354331 0 0.937008 
vn 0 0 1 
vn 0 0 1 
vn 0 0 1 
vn -0.354331 0 0.937008 
vn 0 0 1 
vn 0 0 1 
vn 0 0 1 
vn 0 0 1 
vn 0 0 1 
vn 0 0 1 
vn 0 -0.692913 0.724409 
vn 0 0 1 
vn -0.0472441 -0.716535 0.700787 
vn -0.0472441 -0.716535 0.700787 
vn -0.0472441 -0.716535 0.700787 
vn 0 -0.692913 0.724409 
vn 0 0 1 
vn 0 0 1 
vn 0 0 1 
vn 0 0 1 
vn 0 0 1 
vn 0 0 1 
vn 0 0 1 
vn -0.307087 0 0.952756 
vn -0.307087 0 0.952756 
vn -0.307087 0 0.952756 
vn -0.307087 0 0.952756 
vn -0.307087 0 0.952756 
vn -0.307087 0 0.952756 
vn -0.307087 0 0.952756 
vn -0.307087 0 0.952756 
vn -0.307087 0 0.952756 
vn 0 0 1 
vn 0 0 1 
vn 0 0 1 
vn 0 0 1 
vn 0 0 1 
vn 0 0 1 
vn 0 0 1 
vn -0.133858 0 0.992126 
vn -0.133858 0 0.992126 
vn -0.133858 0 0.992126 
vn -0.354331 0 0.937008 
vn 0 0 1 
vn 0 0 1 
vn 0 0 1 
vn 0 0 1 
vn 0 0 1 
vn 0 0 1 
vn 0 0 1 
vn -0.354331 0 0.937008 
vn 0 0 1 
vn 0 0 1 
vn 0 0 1 
vn -0.307087 0 0.952756 
vn 0 -0.692913 0.724409 
vn 0 0 1 
vn -0.0944882 -0.716535 0.692913 
vn -0.0944882 -0.716535 0.692913 
vn -0.0944882 -0.716535 0.692913 
vn -0.307087 0 0.952756 
vn -0.307087 0 0.952756 
vn -0.307087 0 0.952756 
vn -0.307087 0 0.952756 
vn -0.307087 0 0.952756 
vn 0 0 1 
vn 0 0 1 
vn 0 0 1 
vn 0 0 1 
vn 0 0 1 
vn 0 0 1 
vn 0 0 1 
vn 0 0 1 
vn 0 0 1 
vn 0 0 1 
vn 0 0 1 
vn 0 0 1 
vn 0 0 1 
vn 0 0 1 
vn 0 0 1 
vn 0 0 1 
vn 0 0 1 
vn 0 0 1 
vn 0 0 1 
vn 0 0 1 
vn 0 0 1 
vn 0 0 1 
vn 0 0 1 
vn 0 0 1 
vn 0 0 1 
vn 0 0 1 
vn 0 0 1 
vn 0 -1 0 
vn 0 -1 0 
vn -0.307087 0 0.952756 
vn -0.307087 0 0.952756 
vn -0.307087 0 0.952756 
vn -0.307087 0 0.952756 
vn -0.307087 0 0.952756 
vn -0.307087 0 0.952756 
vn -0.307087 0 0.952756 
vn -0.307087 0 0.952756 
vn -0.307087 0 0.952756 
vn 0 0 1 
vn 0 0 1 
vn 0 0 1 
vn 0 0 1 
vn 0 0 1 
vn 0 0 1 
vn 0 0 1 
vn 0 0 1 
vn 0 0 1 
vn 0 0 1 
vn 0 0 1 
vn 0 0 1 
vn 0 0 1 
vn 0 0 1 
vn 0 0 1 
vn 0 0 1 
vn 0 0 1 
vn 0 0 1 
vn 0 0 1 
vn 0 0 1 
vn 0 0 1 
vn 0 0 1 
vn 0 0 1 
vn 0 0 1 
vn 0 0 1 
vn 0 0 1 
vn -0.307087 0 0.952756 
vn 0 1 0 
vn 0 1 0 
vn 0 1 0 
vn -0.307087 0 0.952756 
vn -0.307087 0 0.952756 
vn 0 0 1 
vn 0 0 1 
vn -0.307087 0 0.952756 
vn 0 0 1 
vn 0 0 1 
vn 0 0 1 
vn -0.133858 0 0.992126 
vn 0 0 1 
vn 0 0 1 
vn 0 0 1 
vn 0 0 1 
vn 0 -0.133858 0.992126 
vn 0 -0.133858 0.992126 
vn 0 -0.133858 0.992126 
vn 0 -0.133858 0.992126 
vn 0 -0.133858 0.992126 
vn 0 -0.133858 0.992126 
vn 0 0 1 
vn 0 0 1 
vn 0 0 1 
vn 0 0 1 
vn 0 0 1 
vn 0 0 1 
vn 0 0 1 
vn 0 0 1 
vn 0 0 1 
vn 0 0 1 
vn 0 -0.133858 0.992126 
vn 0 -0.133858 0.992126 
vn 0 -0.133858 0.992126 
vn 0 0 1 
vn 0 0 1 
vn 0 0 1 
vn 0 0 1 
vn 0 0 1 
vn 0 0 1 
vn 0 0 1 
vn 0 0 1 
vn 0 -0.133858 0.992126 
vn 0 -0.133858 0.992126 
vn 0 -0.133858 0.992126 
vn 0 0 1 
vn 0 0 1 
vn 0 0 1 
vn 0 0 1 
vn 0 0 1 
vn 0 0 1 
vn 0 0 1 
vn 0 0 1 
vn 0 -0.133858 0.992126 
vn 0 -0.133858 0.992126 
vn 0 -0.133858 0.992126 
vn 0 -0.133858 0.992126 
vn 0 -0.133858 0.992126 
vn 0 -0.133858 0.992126 
vn 0 -0.133858 0.992126 
vn 0 -0.354331 0.937008 
vn 0 -0.354331 0.937008 
vn 0 -0.354331 0.937008 
vn 0 -0.354331 0.937008 
vn 0 -0.354331 0.937008 
vn 0 -0.354331 0.937008 
vn 0 -0.354331 0.937008 
vn 0 -0.133858 0.992126 
vn 0 -0.133858 0.992126 
vn 0 -0.354331 0.937008 
vn 0 -0.354331 0.937008 
vn 0 -0.354331 0.937008 
vn 0 -0.354331 0.937008 
vn 0 -0.354331 0.937008 
vn 0 -0.354331 0.937008 
vn 0 -0.354331 0.937008 
vn 0 -0.133858 0.992126 
vn 0 -0.354331 0.937008 
vn 0 -0.354331 0.937008 
vn 0 -0.354331 0.937008 
vn 0 -0.133858 0.992126 
vn 0 -0.354331 0.937008 
vn 0 -0.354331 0.937008 
vn 0 -0.354331 0.937008 
vn 0 -0.354331 0.937008 
vn 0 -0.354331 0.937008 
vn 0 -0.133858 0.992126 
vn 0 -0.354331 0.937008 
vn 0 -0.354331 0.937008 
vn 0 0 1 
vn 0 0 1 
vn 0 0 1 
vn 0 0 1 
vn 0 0 1 
vn 0 0 1 
vn 0 0 1 
vn -0.133858 0 0.992126 
vn -0.133858 0 0.992126 
vn -0.133858 0 0.992126 
vn -0.133858 0 0.992126 
vn -0.133858 0 0.992126 
vn -0.133858 0 0.992126 
vn -0.133858 0 0.992126 
vn -0.354331 0 0.937008 
vn -0.354331 0 0.937008 
vn -0.354331 0 0.937008 
vn -0.133858 0 0.992126 
vn -0.354331 0 0.937008 
vn -0.354331 0 0.937008 
vn -0.354331 0 0.937008 
vn -0.354331 0 0.937008 
vn -0.354331 0 0.937008 
vn 0 0 1 
vn 0 0 1 
vn 0 0 1 
vn 0 0 1 
vn 0 0 1 
vn 0 0 1 
vn 0 0 1 
vn 0 0 1 
vn -0.133858 0 0.992126 
vn -0.133858 0 0.992126 
vn -0.133858 0 0.992126 
vn -0.354331 0 0.937008 
vn -0.354331 0 0.937008 
vn -0.354331 0 0.937008 
vn -0.354331 0 0.937008 
vn -0.354331 0 0.937008 
vn -0.354331 0 0.937008 
vn -0.354331 0 0.937008 
vn -0.133858 0 0.992126 
vn 0 0 1 
vn -0.0944882 -0.0944882 0.992126 
vn -0.0944882 -0.0944882 0.992126 
vn -0.0944882 -0.0944882 0.992126 
vn -0.0944882 -0.0944882 0.992126 
vn -0.0944882 -0.0944882 0.992126 
vn -0.0944882 -0.0944882 0.992126 
vn -0.251969 -0.251969 0.937008 
vn -0.251969 -0.251969 0.937008 
vn -0.251969 -0.251969 0.937008 
vn -0.251969 -0.251969 0.937008 
vn -0.251969 -0.251969 0.937008 
vn -0.251969 -0.251969 0.937008 
vn 0 0 1 
vn -0.0944882 -0.0944882 0.992126 
vn -0.0944882 -0.0944882 0.992126 
vn -0.251969 -0.251969 0.937008 
vn -0.251969 -0.251969 0.937008 
vn 0 0 1 
vn 0 0 1 
vn -0.0944882 -0.0944882 0.992126 
vn -0.0944882 -0.0944882 0.992126 
vn -0.0944882 -0.0944882 0.992126 
vn -0.251969 -0.251969 0.937008 
vn -0.251969 -0.251969 0.937008 
vn -0.251969 -0.251969 0.937008 
vn 0 0 1 
vn 0 0 1 
vn -0.0944882 -0.0944882 0.992126 
vn -0.251969 -0.251969 0.937008 
vn 0 -0.354331 0.937008 
vn 0 -0.354331 0.937008 
vn 0 -0.354331 0.937008 
vn 0 -0.188976 0.984252 
vn 0 -0.188976 0.984252 
vn 0 0 1 
vn 0 0 1 
vn 0 0 1 
vn 0 -0.133858 0.992126 
vn 0 -0.133858 0.992126 
vn 0 -0.133858 0.992126 
vn 0 0 1 
vn 0 -0.188976 0.984252 
vn 0 -0.188976 0.984252 
vn 0 -0.188976 0.984252 
vn 0 -0.188976 0.984252 
vn 0 -0.188976 0.984252 
vn 0 -0.188976 0.984252 
vn 0 0 1 
vn 0 0 1 
vn 0 0 1 
vn 0 -0.133858 0.992126 
vn 0 -0.133858 0.992126 
vn 0 -0.133858 0.992126 
vn 0 -0.188976 0.984252 
vn -0.0314961 0.00787402 1 
vn -0.0314961 0.00787402 1 
vn -0.0314961 0.00787402 1 
vn 0 -0.692913 0.724409 
vn -0.0314961 0.00787402 1 
vn -0.173228 -0.708661 0.685039 
vn -0.173228 -0.708661 0.685039 
vn -0.173228 -0.708661 0.685039 
vn 0 -0.188976 0.984252 
vn 0 -0.188976 0.984252 
vn 0 -0.188976 0.984252 
vn 0 -0.188976 0.984252 
vn 0.00787402 0.00787402 1 
vn 0.00787402 0.00787402 1 
vn 0.00787402 0.00787402 1 
vn 0.00787402 0.00787402 1 
vn 0 -0.188976 0.984252 
vn 0 -0.188976 0.984252 
vn 0 -0.188976 0.984252 
vn 0 -0.354331 0.937008 
vn 0 -0.188976 0.984252 
vn 0 -0.188976 0.984252 
vn 0 -0.188976 0.984252 
vn 0 -0.133858 0.992126 
vn 0 -0.354331 0.937008 
vn 0 -0.354331 0.937008 
vn 0 -0.354331 0.937008 
vn 0 -0.354331 0.937008 
vn 0 -0.188976 0.984252 
vn 0 -0.188976 0.984252 
vn 0 -0.188976 0.984252 
vn 0 -0.188976 0.984252 
vn 0 -0.188976 0.984252 
vn 0 -0.692913 0.724409 
vn 0 -0.692913 0.724409 
vn 0 -0.692913 0.724409 
vn 0 -0.692913 0.724409 
vn 0 -0.692913 0.724409 
vn 0 -0.188976 0.984252 
vn 0 -0.188976 0.984252 
vn 0 -0.188976 0.984252 
vn 0 -0.188976 0.984252 
vn 0 -0.692913 0.724409 
vn 0 -0.133858 0.992126 
vn -0.133858 0 0.992126 
vn 0 0 1 
vn 0 0 1 
vn 0 0 1 
vn 0 0 1 
vn -0.133858 0 0.992126 
vn -0.133858 0 0.992126 
vn -0.133858 0 0.992126 
vn -0.354331 0 0.937008 
vn 0 0 1 
vn 0 0 1 
vn 0 0 1 
vn 0 0 1 
vn 0 0 1 
vn 0 -0.188976 0.984252 
vn 0 -0.188976 0.984252 
vn 0 -0.188976 0.984252 
vn 0 -0.188976 0.984252 
vn 0 -0.188976 0.984252 
vn 0 -0.188976 0.984252 
vn 0 -0.188976 0.984252 
vn 0 0 1 
vn 0 0 1 
vn 0 0 1 
vn 0 0 1 
vn -0.0944882 -0.0944882 0.992126 
vn -0.0944882 -0.0944882 0.992126 
vn -0.0944882 -0.0944882 0.992126 
vn 0 0 1 
vn 0 0 1 
vn -0.133858 0 0.992126 
vn -0.0944882 -0.0944882 0.992126 
vn -0.251969 -0.251969 0.937008 
vn -0.251969 -0.251969 0.937008 
vn -0.251969 -0.251969 0.937008 
vn -0.251969 -0.251969 0.937008 
vn 0 -0.188976 0.984252 
vn 0 -0.188976 0.984252 
vn 0 -0.188976 0.984252 
vn 0 -0.188976 0.984252 
vn 0 -0.188976 0.984252 
vn 0 -0.188976 0.984252 
vn 0 -0.188976 0.984252 
vn 0 -0.188976 0.984252 
vn 0 -0.188976 0.984252 
vn 0 -0.188976 0.984252 
vn 0 -0.188976 0.984252 
vn 0 -0.188976 0.984252 
vn 0 -0.188976 0.984252 
vn 0 -0.188976 0.984252 
vn 0 -0.188976 0.984252 
vn 0 -0.188976 0.984252 
vn 0 -0.188976 0.984252 
vn -0.937008 0 0.354331 
vn -0.937008 0 0.354331 
vn -0.937008 0 0.354331 
vn -0.937008 0 0.354331 
vn -0.937008 0 0.354331 
vn -0.937008 0 0.354331 
vn -0.937008 0 0.354331 
vn -0.937008 0 0.354331 
vn -0.937008 0 0.354331 
vn -0.937008 0 0.354331 
vn -0.937008 0 0.354331 
vn -0.992126 0 0.133858 
vn -0.992126 0 0.133858 
vn -0.992126 0 0.133858 
vn -0.992126 0 0.133858 
vn -0.992126 0 0.133858 
vn -0.992126 0 0.133858 
vn -0.992126 0 0.133858 
vn -0.992126 0 0.133858 
vn -0.992126 0 0.133858 
vn -0.937008 0 0.354331 
vn -0.937008 0 0.354331 
vn -0.937008 0 0.354331 
vn -0.937008 0 0.354331 
vn -0.937008 0 0.354331 
vn -0.937008 0 0.354331 
vn -0.937008 0 0.354331 
vn -0.937008 0 0.354331 
vn -0.937008 0 0.354331 
vn -0.937008 0 0.354331 
vn -0.937008 0 0.354331 
vn -0.937008 0 0.354331 
vn -0.992126 0 0.133858 
vn -0.992126 0 0.133858 
vn -0.992126 0 0.133858 
vn -0.937008 0 0.354331 
vn -0.992126 0 0.133858 
vn -0.992126 0 0.133858 
vn -0.992126 0 0.133858 
vn -0.992126 0 0.133858 
vn -0.992126 0 0.133858 
vn -0.992126 0 0.133858 
vn -0.937008 0 0.354331 
vn -0.937008 0 0.354331 
vn -0.937008 0 0.354331 
vn -0.937008 0 0.354331 
vn -0.937008 0 0.354331 
vn -0.937008 0 0.354331 
vn -0.937008 0 0.354331 
vn -0.937008 0 0.354331 
vn -0.937008 0 0.354331 
vn -0.937008 0 0.354331 
vn -0.937008 0 0.354331 
vn -0.937008 0 0.354331 
vn -0.937008 0 0.354331 
vn -0.937008 0 0.354331 
vn -0.992126 0 0.133858 
vn -0.992126 0 0.133858 
vn -0.992126 0 0.133858 
vn -0.992126 0 0.133858 
vn -0.992126 0 0.133858 
vn -0.992126 0 0.133858 
vn -0.937008 0 0.354331 
vn -0.937008 0 0.354331 
vn -0.937008 0 0.354331 
vn -0.937008 0 0.354331 
vn -0.937008 0 0.354331 
vn -0.937008 0 0.354331 
vn -0.937008 0 0.354331 
vn -0.937008 0 0.354331 
vn -0.937008 0 0.354331 
vn -0.937008 0 0.354331 
vn -0.992126 0 0.133858 
vn -0.992126 0 0.133858 
vn -0.992126 0 0.133858 
vn -0.992126 0 0.133858 
vn -0.992126 0 0.133858 
vn -0.992126 0 0.133858 
vn -0.992126 0 0.133858 
vn -0.992126 0 0.133858 
vn -0.992126 0 0.133858 
vn -0.992126 0 0.133858 
vn -1 0 0 
vn -1 0 0 
vn -1 0 0 
vn -0.992126 0 0.133858 
vn -1 0 0 
vn -1 0 0 
vn -1 0 0 
vn -1 0 0 
vn -1 0 0 
vn -1 0 0 
vn -1 0 0 
vn -1 0 0 
vn -1 0 0 
vn -1 0 0 
vn -0.992126 0 0.133858 
vn -1 0 0 
vn -1 0 0 
vn -1 0 0 
vn -1 0 0 
vn -1 0 0 
vn -0.992126 0 0.133858 
vn -1 0 0 
vn -1 0 0 
vn -1 0 0 
vn -1 0 0 
vn -1 0 0 
vn -1 0 0 
vn -1 0 0 
vn -1 0 0 
vn -1 0 0 
vn -0.992126 0 0.133858 
vn -0.992126 0 0.133858 
vn -0.992126 0 0.133858 
vn -0.992126 0 0.133858 
vn -0.992126 0 0.133858 
vn -0.992126 0 0.133858 
vn -0.992126 0 0.133858 
vn -0.992126 0 0.133858 
vn -1 0 0 
vn -1 0 0 
vn -1 0 0 
vn -1 0 0 
vn -1 0 0 
vn -1 0 0 
vn -1 0 0 
vn -1 0 0 
vn -1 0 0 
vn -1 0 0 
vn -1 0 0 
vn -1 0 0 
vn -1 0 0 
vn -1 0 0 
vn -1 0 0 
vn -1 0 0 
vn -1 0 0 
vn -1 0 0 
vn -0.992126 0 0.133858 
vn -0.992126 0 0.133858 
vn -0.992126 0 0.133858 
vn -1 0 0 
vn -1 0 0 
vn -1 0 0 
vn -1 0 0 
vn -1 0 0 
vn -1 0 0 
vn -1 0 0 
vn -1 0 0 
vn -1 0 0 
vn -1 0 0 
vn -1 0 0 
vn -1 0 0 
vn -0.992126 0 0.133858 
vn -0.992126 0 0.133858 
vn -0.992126 0 0.133858 
vn -1 0 0 
vn -1 0 0 
vn -1 0 0 
vn -1 0 0 
vn -1 0 0 
vn -1 0 0 
vn -1 0 0 
vn -1 0 0 
vn -1 0 0 
vn -1 0 0 
vn -1 0 0 
vn -1 0 0 
vn -1 0 0 
vn -1 0 0 
vn -1 0 0 
vn -1 0 0 
vn -1 0 0 
vn -1 0 0 
vn -1 0 0 
vn -1 0 0 
vn -1 0 0 
vn -1 0 0 
vn -1 0 0 
vn -1 0 0 
vn -1 0 0 
vn -1 0 0 
vn -1 0 0 
vn -1 0 0 
vn -1 0 0 
vn -1 0 0 
vn -1 0 0 
vn -1 0 0 
vn -1 0 0 
vn -1 0 0 
vn -1 0 0 
vn -0.787402 0 0.614173 
vn -0.787402 0 0.614173 
vn -0.787402 0 0.614173 
vn -1 0 0 
vn -1 0 0 
vn -1 0 0 
vn -1 0 0 
vn -1 0 0 
vn -1 0 0 
vn -1 0 0 
vn -1 0 0 
vn -1 0 0 
vn -0.826772 0 0.566929 
vn -0.826772 0 0.566929 
vn -0.826772 0 0.566929 
vn -1 0 0 
vn -1 0 0 
vn -1 0 0 
vn -1 0 0 
vn -1 0 0 
vn -1 0 0 
vn -1 0 0 
vn -1 0 0 
vn -1 0 0 
vn -1 0 0 
vn -0.937008 0 0.354331 
vn -0.937008 0 0.354331 
vn -0.937008 0 0.354331 
vn -0.937008 0 0.354331 
vn -0.937008 0 0.354331 
vn -0.937008 0 0.354331 
vn -1 0 0 
vn -1 0 0 
vn -0.787402 0 0.614173 
vn -1 0 0 
vn -1 0 0 
vn -1 0 0 
vn -1 0 0 
vn -0.826772 0 0.566929 
vn -1 0 0 
vn -1 0 0 
vn -1 0 0 
vn -0.937008 0 0.354331 
vn -0.937008 0 0.354331 
vn -0.937008 0 0.354331 
vn -0.937008 0 0.354331 
vn -0.937008 0 0.354331 
vn -0.937008 0 0.354331 
vn -0.937008 0 0.354331 
vn -0.992126 0 0.133858 
vn -0.992126 0 0.133858 
vn -0.992126 0 0.133858 
vn -0.937008 0 0.354331 
vn -0.992126 0 0.133858 
vn -1 0 0 
vn -1 0 0 
vn -0.992126 0 0.133858 
vn -1 0 0 
vn -1 0 0 
vn -1 0 0 
vn -1 0 0 
vn -1 0 0 
vn -1 0 0 
vn -1 0 0 
vn -1 0 0 
vn -1 0 0 
vn -1 0 0 
vn -1 0 0 
vn -1 0 0 
vn -1 0 0 
vn -1 0 0 
vn -1 0 0 
vn -1 0 0 
vn -1 0 0 
vn -1 0 0 
vn -1 0 0 
vn -1 0 0 
vn -1 0 0 
vn -1 0 0 
vn -1 0 0 
vn -1 0 0 
vn -0.992126 0 0.133858 
vn -0.937008 0 0.354331 
vn -0.992126 0 0.133858 
vn -0.992126 0 0.133858 
vn -0.992126 0 0.133858 
vn -0.937008 0 0.354331 
vn -1 0 0 
vn -1 0 0 
vn -1 0 0 
vn -1 0 0 
vn -1 0 0 
vn -1 0 0 
vn -0.984252 0.0393701 0.165354 
vn -0.984252 0.0393701 0.165354 
vn -0.984252 0.0393701 0.165354 
vn -0.984252 0.0393701 0.165354 
vn -1 0 0 
vn -0.992126 0 0.133858 
vn -0.992126 0 0.133858 
vn -0.937008 0 0.354331 
vn -0.937008 0 0.354331 
vn -0.937008 0 0.354331 
vn -0.937008 0 0.354331 
vn -0.992126 0 0.133858 
vn -0.992126 0 0.133858 
vn -0.992126 0 0.133858 
vn -0.992126 0 0.133858 
vn -1 0 0 
vn -1 0 0 
vn -1 0 0 
vn -1 0 0 
vn -1 0 0 
vn -0.992126 0 0.133858 
vn -0.937008 0 0.354331 
vn -0.937008 0 0.354331 
vn -0.937008 0 0.354331 
vn -0.937008 0 0.354331 
vn -0.937008 0 0.354331 
vn -0.937008 0 0.354331 
vn -0.937008 0 0.354331 
vn -0.992126 0 0.133858 
vn -0.992126 0 0.133858 
vn -0.992126 0 0.133858 
vn -0.992126 0 0.133858 
vn -0.992126 0 0.133858 
vn -0.992126 0 0.133858 
vn -1 0 0 
vn -1 0 0 
vn -1 0 0 
vn -1 0 0 
vn -0.992126 0 0.133858 
vn -0.992126 0 0.133858 
vn -1 0 0 
vn -1 0 0 
vn -0.708661 -0.708661 0 
vn -0.708661 -0.708661 0 
vn -0.708661 -0.708661 0 
vn -0.661417 0.661417 0.354331 
vn -0.661417 0.661417 0.354331 
vn -0.661417 0.661417 0.354331 
vn -0.708661 -0.708661 0 
vn -0.708661 -0.708661 0 
vn -0.708661 -0.708661 0 
vn -0.708661 -0.708661 0 
vn -0.708661 -0.708661 0 
vn -0.708661 -0.708661 0 
vn -0.708661 -0.708661 0 
vn -0.661417 0.661417 0.354331 
vn -0.700787 0.700787 0.133858 
vn -0.700787 0.700787 0.133858 
vn -0.700787 0.700787 0.133858 
vn -1 0 0 
vn -1 0 0 
vn -1 0 0 
vn -0.708661 -0.708661 0 
vn -0.708661 -0.708661 0 
vn -0.708661 -0.708661 0 
vn -0.708661 -0.708661 0 
vn -0.708661 -0.708661 0 
vn -0.708661 -0.708661 0 
vn -0.661417 0.661417 0.354331 
vn -0.661417 0.661417 0.354331 
vn -0.661417 0.661417 0.354331 
vn -0.661417 0.661417 0.354331 
vn -0.661417 0.661417 0.354331 
vn -0.661417 0.661417 0.354331 
vn -0.708661 -0.708661 0 
vn -0.708661 -0.708661 0 
vn -0.708661 -0.708661 0 
vn -0.708661 -0.708661 0 
vn -0.661417 0.661417 0.354331 
vn -0.708661 0.708661 0 
vn -0.708661 0.708661 0 
vn -0.708661 0.708661 0 
vn -0.708661 0.708661 0 
vn -0.708661 0.708661 0 
vn -0.708661 0.708661 0 
vn -0.708661 0.708661 0 
vn -1 0 0 
vn -1 0 0 
vn -1 0 0 
vn -1 0 0 
vn -1 0 0 
vn -1 0 0 
vn -1 0 0 
vn -1 0 0 
vn -1 0 0 
vn -1 0 0 
vn -1 0 0 
vn -1 0 0 
vn -1 0 0 
vn -1 0 0 
vn -0.708661 0.708661 0 
vn -1 0 0 
vn -0.708661 0.708661 0 
vn -0.708661 0.708661 0 
vn -0.708661 0.708661 0 
vn -1 0 0 
vn -1 0 0 
vn -1 0 0 
vn -0.700787 0.700787 0.133858 
vn -0.700787 0.700787 0.133858 
vn -0.700787 0.700787 0.133858 
vn -1 0 0 
vn -1 0 0 
vn -1 0 0 
vn -1 0 0 
vn -1 0 0 
vn -1 0 0 
vn -1 0 0 
vn -1 0 0 
vn -1 0 0 
vn -1 0 0 
vn -1 0 0 
vn -1 0 0 
vn -1 0 0 
vn -1 0 0 
vn -1 0 0 
vn -1 0 0 
vn -1 0 0 
vn -1 0 0 
vn -1 0 0 
vn -1 0 0 
vn -1 0 0 
vn -1 0 0 
vn -1 0 0 
vn -1 0 0 
vn -1 0 0 
vn -1 0 0 
vn -1 0 0 
vn -1 0 0 
vn -1 0 0 
vn -1 0 0 
vn -1 0 0 
vn -1 0 0 
vn -1 0 0 
vn -1 0 0 
vn -1 0 0 
vn -1 0 0 
vn -1 0 0 
vn -1 0 0 
vn -1 0 0 
vn -1 0 0 
vn -1 0 0 
vn -1 0 0 
vn -1 0 0 
vn -1 0 0 
vn -1 0 0 
vn -1 0 0 
vn -1 0 0 
vn -0.937008 0 0.354331 
vn -0.992126 0 0.133858 
vn -0.937008 0 0.354331 
vn -0.937008 0 0.354331 
vn -0.937008 0 0.354331 
vn -0.992126 0 0.133858 
vn -0.992126 0 0.133858 
vn -0.992126 0 0.133858 
vn -0.992126 0 0.133858 
vn -1 0 0 
vn -1 0 0 
vn -1 0 0 
vn -1 0 0 
vn -1 0 0 
vn -1 0 0 
vn -1 0 0 
vn -1 0 0 
vn -1 0 0 
vn -1 0 0 
vn -1 0 0 
vn -0.937008 0 0.354331 
vn -1 0 0 
vn -1 0 0 
vn -1 0 0 
vn -1 0 0 
vn -0.708661 -0.708661 0 
vn -0.708661 -0.708661 0 
vn -0.708661 -0.708661 0 
vn -0.708661 -0.708661 0 
vn -0.708661 -0.708661 0 
vn -0.708661 -0.708661 0 
vn -0.708661 -0.708661 0 
vn -0.708661 -0.708661 0 
vn -0.708661 -0.708661 0 
vn -0.708661 -0.708661 0 
vn -0.661417 0.661417 0.354331 
vn -0.700787 0.700787 0.133858 
vn -0.708661 0.708661 0 
vn -0.708661 0.708661 0 
vn -0.708661 0.708661 0 
vn -0.708661 0.708661 0 
vn -0.700787 0.700787 0.133858 
vn -0.700787 0.700787 0.133858 
vn -0.700787 0.700787 0.133858 
vn -0.661417 0.661417 0.354331 
vn -0.661417 0.661417 0.354331 
vn -0.661417 0.661417 0.354331 
vn -0.708661 -0.708661 0 
vn -0.708661 -0.708661 0 
vn -0.708661 -0.708661 0 
vn -0.708661 -0.708661 0 
vn -0.700787 0.700787 0.133858 
vn -1 0 0 
vn -1 0 0 
vn -1 0 0 
vn -1 0 0 
vn -1 0 0 
vn -1 0 0 
vn -1 0 0 
vn -1 0 0 
vn -1 0 0 
vn -1 0 0 
vn -1 0 0 
vn -1 0 0 
vn -1 0 0 
vn -1 0 0 
vn -1 0 0 
vn -1 0 0 
vn -1 0 0 
vn -1 0 0 
vn -1 0 0 
vn -1 0 0 
vn -1 0 0 
vn -1 0 0 
vn -1 0 0 
vn -1 0 0 
vn -1 0 0 
vn -1 0 0 
vn -1 0 0 
vn -1 0 0 
vn -1 0 0 
vn -1 0 0 
vn -1 0 0 
vn -1 0 0 
vn -1 0 0 
vn -1 0 0 
vn -1 0 0 
vn -1 0 0 
vn -1 0 0 
vn -1 0 0 
vn -1 0 0 
vn -1 0 0 
vn -1 0 0 
vn -0.984252 0.0393701 0.165354 
vn -0.984252 0.0393701 0.165354 
vn -0.984252 0.0393701 0.165354 
vn -0.984252 0.0393701 0.165354 
vn -1 0 0 
vn -1 0 0 
vn -1 0 0 
vn -1 0 0 
vn -1 0 0 
vn -1 0 0 
vn -1 0 0 
vn -1 0 0 
vn -1 0 0 
vn -1 0 0 
vn -1 0 0 
vn -1 0 0 
vn -1 0 0 
vn -1 0 0 
vn -1 0 0 
vn -1 0 0 
vn -1 0 0 
vn -1 0 0 
vn -1 0 0 
vn -1 0 0 
vn -1 0 0 
vn -1 0 0 
vn -1 0 0 
vn -1 0 0 
vn -1 0 0 
vn -0.984252 0.0393701 0.165354 
vn -0.984252 0.0393701 0.165354 
vn -0.984252 0.0393701 0.165354 
vn -0.984252 0.0393701 0.165354 
vn -1 0 0 
vn -1 0 0 
vn -1 0 0 
vn -1 0 0 
vn -1 0 0 
vn -1 0 0 
vn -1 0 0 
vn -1 0 0 
vn -1 0 0 
vn -1 0 0 
vn -1 0 0 
vn -1 0 0 
vn -1 0 0 
vn -1 0 0 
vn -0.992126 0 -0.133858 
vn -0.992126 0 -0.133858 
vn -0.992126 0 -0.133858 
vn -1 0 0 
vn -0.992126 0 -0.133858 
vn -0.992126 0 -0.133858 
vn -0.992126 0 -0.133858 
vn -0.992126 0 -0.133858 
vn -0.992126 0 -0.133858 
vn -0.992126 0 -0.133858 
vn -1 0 0 
vn -1 0 0 
vn -1 0 0 
vn -1 0 0 
vn -1 0 0 
vn -1 0 0 
vn -1 0 0 
vn -1 0 0 
vn -1 0 0 
vn -1 0 0 
vn -1 0 0 
vn -0.992126 0 -0.133858 
vn -0.992126 0 -0.133858 
vn -0.992126 0 -0.133858 
vn -0.992126 0 -0.133858 
vn -0.992126 0 -0.133858 
vn -0.992126 0 -0.133858 
vn -0.992126 0 -0.133858 
vn -0.992126 0 -0.133858 
vn -0.992126 0 -0.133858 
vn -1 0 0 
vn -1 0 0 
vn -1 0 0 
vn -1 0 0 
vn -1 0 0 
vn -1 0 0 
vn -1 0 0 
vn -1 0 0 
vn -1 0 0 
vn -1 0 0 
vn -1 0 0 
vn -1 0 0 
vn -0.992126 0 -0.133858 
vn -0.992126 0 -0.133858 
vn -0.992126 0 -0.133858 
vn -0.992126 0 -0.133858 
vn -0.992126 0 -0.133858 
vn -0.992126 0 -0.133858 
vn -0.992126 0 -0.133858 
vn -0.992126 0 -0.133858 
vn -0.992126 0 -0.133858 
vn -1 0 0 
vn -1 0 0 
vn -1 0 0 
vn -1 0 0 
vn -1 0 0 
vn -1 0 0 
vn -1 0 0 
vn -1 0 0 
vn -1 0 0 
vn -1 0 0 
vn -1 0 0 
vn -1 0 0 
vn -1 0 0 
vn -0.992126 0 -0.133858 
vn -0.992126 0 -0.133858 
vn -0.992126 0 -0.133858 
vn -0.992126 0 -0.133858 
vn -0.992126 0 -0.133858 
vn -0.992126 0 -0.133858 
vn -0.992126 0 -0.133858 
vn -0.992126 0 -0.133858 
vn -0.992126 0 -0.133858 
vn -0.992126 0 -0.133858 
vn -0.992126 0 -0.133858 
vn -0.992126 0 -0.133858 
vn -0.992126 0 -0.133858 
vn -0.992126 0 -0.133858 
vn -0.937008 0 -0.354331 
vn -0.937008 0 -0.354331 
vn -0.937008 0 -0.354331 
vn -0.992126 0 -0.133858 
vn -0.992126 0 -0.133858 
vn -0.937008 0 -0.354331 
vn -0.937008 0 -0.354331 
vn -0.937008 0 -0.354331 
vn -0.937008 0 -0.354331 
vn -0.937008 0 -0.354331 
vn -0.937008 0 -0.354331 
vn -0.937008 0 -0.354331 
vn -0.937008 0 -0.354331 
vn -0.937008 0 -0.354331 
vn -0.937008 0 -0.354331 
vn -0.937008 0 -0.354331 
vn -0.937008 0 -0.354331 
vn -0.992126 0 -0.133858 
vn -0.937008 0 -0.354331 
vn -0.992126 0 -0.133858 
vn -0.937008 0 -0.354331 
vn -0.937008 0 -0.354331 
vn -0.937008 0 -0.354331 
vn -0.937008 0 -0.354331 
vn -0.937008 0 -0.354331 
vn -0.937008 0 -0.354331 
vn -0.937008 0 -0.354331 
vn -0.937008 0 -0.354331 
vn -0.992126 0 -0.133858 
vn -0.992126 0 -0.133858 
vn -0.992126 0 -0.133858 
vn -0.992126 0 -0.133858 
vn -0.992126 0 -0.133858 
vn -0.937008 0 -0.354331 
vn -0.937008 0 -0.354331 
vn -0.937008 0 -0.354331 
vn -0.937008 0 -0.354331 
vn -0.937008 0 -0.354331 
vn -0.937008 0 -0.354331 
vn -0.937008 0 -0.354331 
vn -0.937008 0 -0.354331 
vn -0.937008 0 -0.354331 
vn -0.937008 0 -0.354331 
vn -0.937008 0 -0.354331 
vn -0.937008 0 -0.354331 
vn -0.937008 0 -0.354331 
vn -0.937008 0 -0.354331 
vn -0.937008 0 -0.354331 
vn -0.937008 0 -0.354331 
vn -0.937008 0 -0.354331 
vn -0.937008 0 -0.354331 
vn -0.992126 0 -0.133858 
vn -0.937008 0 -0.354331 
vn -0.937008 0 -0.354331 
vn -0.937008 0 -0.354331 
vn -0.937008 0 -0.354331 
vn -0.937008 0 -0.354331 
vn -0.937008 0 -0.354331 
vn -1 0 0 
vn -1 0 0 
vn -1 0 0 
vn -1 0 0 
vn -1 0 0 
vn -1 0 0 
vn -1 0 0 
vn -1 0 0 
vn -1 0 0 
vn -0.992126 0 -0.133858 
vn -0.992126 0 -0.133858 
vn -0.992126 0 -0.133858 
vn -0.992126 0 -0.133858 
vn -0.992126 0 -0.133858 
vn -0.992126 0 -0.133858 
vn -0.992126 0 -0.133858 
vn -0.992126 0 -0.133858 
vn -0.937008 0 -0.354331 
vn -0.937008 0 -0.354331 
vn -0.937008 0 -0.354331 
vn -1 0 0 
vn -1 0 0 
vn -1 0 0 
vn -1 0 0 
vn -1 0 0 
vn -1 0 0 
vn -1 0 0 
vn -0.811024 0 -0.590551 
vn -0.811024 0 -0.590551 
vn -0.811024 0 -0.590551 
vn -1 0 0 
vn -1 0 0 
vn -0.937008 0 -0.354331 
vn -0.937008 0 -0.354331 
vn -0.937008 0 -0.354331 
vn -1 0 0 
vn -1 0 0 
vn -1 0 0 
vn -0.992126 0 -0.133858 
vn -0.992126 0 -0.133858 
vn -0.992126 0 -0.133858 
vn -1 0 0 
vn -1 0 0 
vn -1 0 0 
vn -1 0 0 
vn -1 0 0 
vn -1 0 0 
vn -1 0 0 
vn -1 0 0 
vn -0.992126 0 -0.133858 
vn -0.992126 0 -0.133858 
vn -0.992126 0 -0.133858 
vn -0.992126 0 -0.133858 
vn -0.937008 0 -0.354331 
vn -0.937008 0 -0.354331 
vn -0.937008 0 -0.354331 
vn -0.992126 0 -0.133858 
vn -0.937008 0 -0.354331 
vn -0.937008 0 -0.354331 
vn -0.937008 0 -0.354331 
vn -0.811024 0 -0.590551 
vn -1 0 0 
vn -1 0 0 
vn -1 0 0 
vn -1 0 0 
vn -1 0 0 
vn -1 0 0 
vn -1 0 0 
vn -1 0 0 
vn -1 0 0 
vn -0.937008 0 -0.354331 
vn -1 0 0 
vn -1 0 0 
vn -1 0 0 
vn -0.937008 0 -0.354331 
vn -1 0 0 
vn -1 0 0 
vn -1 0 0 
vn -1 0 0 
vn -1 0 0 
vn -0.937008 0 -0.354331 
vn -1 0 0 
vn -1 0 0 
vn -1 0 0 
vn -1 0 0 
vn -1 0 0 
vn -1 0 0 
vn -1 0 0 
vn -1 0 0 
vn -1 0 0 
vn -1 0 0 
vn -1 0 0 
vn -1 0 0 
vn -1 0 0 
vn -1 0 0 
vn -1 0 0 
vn -1 0 0 
vn -1 0 0 
vn -1 0 0 
vn -1 0 0 
vn -1 0 0 
vn -1 0 0 
vn -1 0 0 
vn -1 0 0 
vn -1 0 0 
vn -1 0 0 
vn -1 0 0 
vn -1 0 0 
vn -1 0 0 
vn -1 0 0 
vn -1 0 0 
vn -1 0 0 
vn -1 0 0 
vn -0.937008 0 -0.354331 
vn -1 0 0 
vn -1 0 0 
vn -1 0 0 
vn -1 0 0 
vn -1 0 0 
vn -1 0 0 
vn -1 0 0 
vn -1 0 0 
vn -1 0 0 
vn -1 0 0 
vn -1 0 0 
vn -1 0 0 
vn -1 0 0 
vn -1 0 0 
vn -1 0 0 
vn -1 0 0 
vn -1 0 0 
vn -1 0 0 
vn -1 0 0 
vn -0.992126 0 -0.133858 
vn -0.992126 0 -0.133858 
vn -0.992126 0 -0.133858 
vn -1 0 0 
vn -1 0 0 
vn -1 0 0 
vn -1 0 0 
vn -1 0 0 
vn -1 0 0 
vn -1 0 0 
vn -1 0 0 
vn -1 0 0 
vn -1 0 0 
vn -1 0 0 
vn -1 0 0 
vn -1 0 0 
vn -1 0 0 
vn -1 0 0 
vn -1 0 0 
vn -0.708661 0.708661 0 
vn -0.708661 0.708661 0 
vn -0.708661 0.708661 0 
vn -1 0 0 
vn -1 0 0 
vn -1 0 0 
vn -1 0 0 
vn -1 0 0 
vn -1 0 0 
vn -1 0 0 
vn -1 0 0 
vn -1 0 0 
vn -1 0 0 
vn -1 0 0 
vn -1 0 0 
vn -1 0 0 
vn -1 0 0 
vn -1 0 0 
vn -1 0 0 
vn -1 0 0 
vn -1 0 0 
vn -1 0 0 
vn -1 0 0 
vn -1 0 0 
vn -1 0 0 
vn -1 0 0 
vn -1 0 0 
vn -1 0 0 
vn -1 0 0 
vn -1 0 0 
vn -1 0 0 
vn -1 0 0 
vn -1 0 0 
vn -1 0 0 
vn -1 0 0 
vn -1 0 0 
vn -1 0 0 
vn -1 0 0 
vn -1 0 0 
vn -1 0 0 
vn -1 0 0 
vn -1 0 0 
vn -1 0 0 
vn -1 0 0 
vn -1 0 0 
vn -1 0 0 
vn -1 0 0 
vn -1 0 0 
vn -1 0 0 
vn -1 0 0 
vn -1 0 0 
vn -1 0 0 
vn -1 0 0 
vn -1 0 0 
vn -1 0 0 
vn -1 0 0 
vn -1 0 0 
vn -1 0 0 
vn -1 0 0 
vn -0.708661 0.708661 0 
vn -0.708661 0.708661 0 
vn -0.708661 0.708661 0 
vn -1 0 0 
vn -1 0 0 
vn -0.708661 -0.708661 0 
vn -0.708661 -0.708661 0 
vn -0.708661 -0.708661 0 
vn -0.708661 -0.708661 0 
vn -0.992126 0 -0.133858 
vn -0.937008 0 -0.354331 
vn -0.937008 0 -0.354331 
vn -0.937008 0 -0.354331 
vn -0.937008 0 -0.354331 
vn -0.992126 0 -0.133858 
vn -0.992126 0 -0.133858 
vn -0.992126 0 -0.133858 
vn -0.937008 0 -0.354331 
vn -0.937008 0 -0.354331 
vn -0.937008 0 -0.354331 
vn -0.992126 0 -0.133858 
vn -0.992126 0 -0.133858 
vn -0.992126 0 -0.133858 
vn -0.992126 0 -0.133858 
vn -1 0 0 
vn -0.708661 -0.708661 0 
vn -0.708661 -0.708661 0 
vn -0.708661 -0.708661 0 
vn -0.992126 0 -0.133858 
vn -0.937008 0 -0.354331 
vn -0.937008 0 -0.354331 
vn -0.937008 0 -0.354331 
vn -0.937008 0 -0.354331 
vn -0.937008 0 -0.354331 
vn -0.700787 -0.700787 -0.133858 
vn -0.700787 -0.700787 -0.133858 
vn -0.700787 -0.700787 -0.133858 
vn -0.708661 0.708661 0 
vn -0.708661 0.708661 0 
vn -0.708661 0.708661 0 
vn -0.708661 0.708661 0 
vn -0.708661 0.708661 0 
vn -0.708661 0.708661 0 
vn -0.708661 0.708661 0 
vn -0.708661 0.708661 0 
vn -0.700787 -0.700787 -0.133858 
vn -0.700787 -0.700787 -0.133858 
vn -0.700787 -0.700787 -0.133858 
vn -0.700787 -0.700787 -0.133858 
vn -0.661417 -0.661417 -0.354331 
vn -0.661417 -0.661417 -0.354331 
vn -0.661417 -0.661417 -0.354331 
vn -0.708661 0.708661 0 
vn -0.708661 0.708661 0 
vn -0.708661 0.708661 0 
vn -0.708661 0.708661 0 
vn -0.708661 0.708661 0 
vn -0.708661 0.708661 0 
vn -0.708661 0.708661 0 
vn -0.708661 0.708661 0 
vn -0.708661 0.708661 0 
vn -0.708661 0.708661 0 
vn -0.708661 0.708661 0 
vn -0.708661 0.708661 0 
vn -0.700787 -0.700787 -0.133858 
vn -0.700787 -0.700787 -0.133858 
vn -0.700787 -0.700787 -0.133858 
vn -0.700787 -0.700787 -0.133858 
vn -0.700787 -0.700787 -0.133858 
vn -0.661417 -0.661417 -0.354331 
vn -0.661417 -0.661417 -0.354331 
vn -0.661417 -0.661417 -0.354331 
vn -1 0 0 
vn -1 0 0 
vn -1 0 0 
vn -1 0 0 
vn -1 0 0 
vn -1 0 0 
vn -1 0 0 
vn -1 0 0 
vn -1 0 0 
vn -1 0 0 
vn -1 0 0 
vn -1 0 0 
vn -1 0 0 
vn -1 0 0 
vn -1 0 0 
vn -1 0 0 
vn -1 0 0 
vn -1 0 0 
vn -1 0 0 
vn -1 0 0 
vn -1 0 0 
vn -1 0 0 
vn -1 0 0 
vn -1 0 0 
vn -1 0 0 
vn -1 0 0 
vn -1 0 0 
vn -1 0 0 
vn -1 0 0 
vn -1 0 0 
vn -1 0 0 
vn -1 0 0 
vn -1 0 0 
vn -1 0 0 
vn -1 0 0 
vn -1 0 0 
vn -1 0 0 
vn -1 0 0 
vn -1 0 0 
vn -1 0 0 
vn -1 0 0 
vn -1 0 0 
vn -1 0 0 
vn -1 0 0 
vn -1 0 0 
vn -1 0 0.015748 
vn -1 0 0.015748 
vn -1 0 0.015748 
vn -1 0 0 
vn -1 0 0 
vn -1 0 0.015748 
vn -1 0 0 
vn -1 0 0 
vn -1 0 0 
vn -1 0 0 
vn -1 0 0 
vn -1 0 0 
vn -1 0 0 
vn -1 0 0 
vn -1 0 0 
vn -1 0 0 
vn -1 0 0 
vn -1 0 0 
vn -1 0 0 
vn -1 0 0 
vn -1 0 0 
vn -1 0 0 
vn -1 0 0 
vn -1 0 0 
vn -1 0 0 
vn -1 0 0 
vn -0.708661 -0.708661 0 
vn -0.708661 -0.708661 0 
vn -0.708661 -0.708661 0 
vn -0.708661 -0.708661 0 
vn -1 0 0 
vn -0.708661 0.708661 0 
vn -1 0 0 
vn -0.937008 0 -0.354331 
vn -0.937008 0 -0.354331 
vn -0.937008 0 -0.354331 
vn -0.992126 0 -0.133858 
vn -0.661417 -0.661417 -0.354331 
vn -0.661417 -0.661417 -0.354331 
vn -0.661417 -0.661417 -0.354331 
vn -0.700787 -0.700787 -0.133858 
vn -0.700787 -0.700787 -0.133858 
vn -0.700787 -0.700787 -0.133858 
vn -1 0 0 
vn -1 0 0 
vn -1 0 0 
vn -1 0 0 
vn -1 0 0 
vn -1 0 0 
vn -1 0 0 
vn -1 0 0 
vn -1 0 0 
vn -1 0 0 
vn -0.708661 0.708661 0 
vn -0.708661 0.708661 0 
vn -0.708661 0.708661 0 
vn -0.937008 0 -0.354331 
vn -0.708661 -0.708661 0 
vn -0.661417 -0.661417 -0.354331 
vn -0.661417 -0.661417 -0.354331 
vn -0.661417 -0.661417 -0.354331 
vn -0.708661 0.708661 0 
vn -1 0 0 
vn -1 0 0 
vn -1 0 0 
vn -1 0 0 
vn -1 0 0 
vn -1 0 0 
vn -1 0 0 
vn -1 0 0 
vn -1 0 0 
vn -0.708661 0.708661 0 
vn -0.708661 0.708661 0 
vn -0.708661 0.708661 0 
vn -0.708661 0.708661 0 
vn -0.708661 0.708661 0 
vn -0.708661 0.708661 0 
vn -0.708661 0.708661 0 
vn -1 0 0 
vn -1 0 0 
vn -1 0 0 
vn -1 0 0 
vn -1 0 0 
vn -1 0 0 
vn -1 0 0 
vn -1 0 0 
vn -1 0 0 
vn -1 0 0 
vn -1 0 0 
vn -1 0 0 
vn -1 0 0 
vn 0 -1 0 
vn 0 -1 0 
vn 0 -1 0 
vn 0 -1 0 
vn 0 -1 0 
vn 0 -1 0 
vn 0 -1 0 
vn 0 -1 0 
vn 0 -1 0 
vn 0 -1 0 
vn 0 -1 0 
vn 0 -1 0 
vn 0 -1 0 
vn 0 -1 0 
vn 0 -1 0 
vn 0 -1 0 
vn 0 -1 0 
vn 0 -1 0 
vn 0 -1 0 
vn 0 -1 0 
vn 0 -1 0 
vn 0 -1 0 
vn 0 -1 0 
vn 0 -1 0 
vn 0 -1 0 
vn 0 -1 0 
vn 0 -1 0 
vn 0 -1 0 
vn 0 -1 0 
vn 0 -1 0 
vn 0 -1 0 
vn 0 -1 0 
vn 0 -1 0 
vn 0 -1 0 
vn 0 -1 0 
vn 0 -1 0 
vn 0 -1 0 
vn 0 -1 0 
vn 0 -1 0 
vn 0 -1 0 
vn 0 -1 0 
vn 0 -1 0 
vn 0 -1 0 
vn 0 -1 0 
vn 0 -1 0 
vn 0 -1 0 
vn 0 -1 0 
vn 0 -1 0 
vn 0 -1 0 
vn 0 -1 0 
vn 0 -1 0 
vn 0 -1 0 
vn 0 -1 0 
vn 0 -1 0 
vn 0 -1 0 
vn 0 -1 0 
vn 0 -1 0 
vn 0 -1 0 
vn 0 -1 0 
vn 0 -1 0 
vn 0 -1 0 
vn 0 -1 0 
vn 0 -1 0 
vn 0 -1 0 
vn 0 -1 0 
vn 0 -1 0 
vn 0 -1 0 
vn 0 -1 0 
vn 0 -1 0 
vn 0 -1 0 
vn 0 -1 0 
vn 0 -1 0 
vn 0 -1 0 
vn 0 -1 0 
vn 0 -1 0 
vn 0 -1 0 
vn 0 -1 0 
vn 0 -1 0 
vn 0 -1 0 
vn 0 -1 0 
vn 0 -1 0 
vn 0 -1 0 
vn 0 -1 0 
vn 0 -1 0 
vn 0 -1 0 
vn 0 -1 0 
vn 0 -1 0 
vn 0 -1 0 
vn 0 -1 0 
vn 0 -1 0 
vn 0 -1 0 
vn 0 -1 0 
vn 0 -1 0 
vn 0 -1 0 
vn 0 -1 0 
vn 0 -1 0 
vn 0 -1 0 
vn 0 -1 0 
vn 0 -1 0 
vn 0 -1 0 
vn 0 -1 0 
vn 0 -1 0 
vn 0 -1 0 
vn 0 -1 0 
vn 0 -1 0 
vn 0 -1 0 
vn 0 -1 0 
vn 0 -1 0 
vn 0 -1 0 
vn 0 -1 0 
vn 0 -1 0 
vn 0 -1 0 
vn 0 -1 0 
vn 0 -1 0 
vn 0 -1 0 
vn 0 -1 0 
vn 0 -1 0 
vn 0 -1 0 
vn 0 -1 0 
vn 0 -1 0 
vn 0 -1 0 
vn 0 -1 0 
vn 0 -1 0 
vn 0 -1 0 
vn 0 -1 0 
vn 0 -1 0 
vn 0 -1 0 
vn 0 -1 0 
vn 0 -1 0 
vn 0 -1 0 
vn 0 -1 0 
vn 0 -1 0 
vn 0 -1 0 
vn 0 -1 0 
vn 0 -1 0 
vn 0 -1 0 
vn 0 -1 0 
vn 0 -1 0 
vn 0 -1 0 
vn 0 -1 0 
vn 0 -1 0 
vn 0 -1 0 
vn 0 -1 0 
vn 0 -1 0 
vn 0 -1 0 
vn 0 -1 0 
vn 0 -1 0 
vn 0 -1 0 
vn 0 -1 0 
vn 0 -1 0 
vn 0 -1 0 
vn 0 -1 0 
vn 0 -1 0 
vn 0 -1 0 
vn 0 -1 0 
vn 0 -1 0 
vn 0 -1 0 
vn 0 -1 0 
vn 0 -1 0 
vn 0 -1 0 
vn 0 -1 0 
vn 0 -1 0 
vn 0 -1 0 
vn 0 -1 0 
vn 0 -1 0 
vn 0 -1 0 
vn 0 -1 0 
vn 0 -1 0 
vn 0 -1 0 
vn 0 -1 0 
vn 0 -1 0 
vn 0 -1 0 
vn 0 -1 0 
vn 0 -1 0 
vn 0 -1 0 
vn 0 -1 0 
vn 0 -1 0 
vn 0 -1 0 
vn 0 -1 0 
vn 0 -1 0 
vn 0 -1 0 
vn 0 -1 0 
vn 0 -1 0 
vn 0 -1 0 
vn 0 -1 0 
vn 0 -1 0 
vn 0 -1 0 
vn 0 -1 0 
vn 0 -1 0 
vn 0 -1 0 
vn 0 -1 0 
vn 0 -1 0 
vn 0 -1 0 
vn 0 -1 0 
vn 0 -1 0 
vn 0 -1 0 
vn 0 -1 0 
vn 0 -1 0 
vn 0 -1 0 
vn 0 -1 0 
vn 0 -1 0 
vn 0 -1 0 
vn 0 -1 0 
vn 0 -1 0 
vn 0 -1 0 
vn 0 -1 0 
vn 0 -1 0 
vn 0 -1 0 
vn 0 -1 0 
vn 0 -1 0 
vn 0 -1 0 
vn 0 -1 0 
vn 0 -1 0 
vn 0 -1 0 
vn 0 -1 0 
vn 0 -1 0 
vn 0 -1 0 
vn 0 -1 0 
vn 0 -1 0 
vn 0 -1 0 
vn 0 -1 0 
vn 0 -1 0 
vn 0 -1 0 
vn 0 -1 0 
vn 0 -1 0 
vn 0 -1 0 
vn 0 -1 0 
vn 0 -1 0 
vn 0 -1 0 
vn 0 -1 0 
vn 0 -1 0 
vn 0 -1 0 
vn 0 -1 0 
vn 0 -1 0 
vn 0 -1 0 
vn 0 -1 0 
vn 0 -1 0 
vn 0 -1 0 
vn 0 -1 0 
vn 0 -1 0 
vn 0 -1 0 
vn 0 -1 0 
vn 0 -1 0 
vn 0 -1 0 
vn 0 -1 0 
vn 0 -1 0 
vn 0 -1 0 
vn 0 -1 0 
vn 0 -1 0 
vn 0 -1 0 
vn 0 -1 0 
vn 0 -1 0 
vn 0 -1 0 
vn 0 -1 0 
vn 0 -1 0 
vn 0 -1 0 
vn 0 -1 0 
vn -0.149606 -0.811024 -0.566929 
vn -0.149606 -0.811024 -0.566929 
vn -0.149606 -0.811024 -0.566929 
vn 0.0472441 -0.716535 0.700787 
vn 0.0472441 -0.716535 0.700787 
vn 0.0472441 -0.716535 0.700787 
vn 0 -1 0 
vn 0 -1 0 
vn 0 -1 0 
vn 0 -1 0 
vn 0 -1 0 
vn 0 -1 0 
vn 0 -0.724409 -0.692913 
vn 0 -0.724409 -0.692913 
vn 0 -0.724409 -0.692913 
vn 0 -1 0 
vn 0 -1 0 
vn 0 -1 0 
vn -0.149606 -0.811024 -0.566929 
vn 0 -1 0 
vn 0 -1 0 
vn 0 -1 0 
vn 0 -1 0 
vn 0 -1 0 
vn 0 -1 0 
vn 0 -1 0 
vn 0 -1 0 
vn 0 -1 0 
vn 0 -1 0 
vn 0 -1 0 
vn 0 -1 0 
vn 0 -1 0 
vn 0 -1 0 
vn 0 -1 0 
vn 0 -1 0 
vn 0 -1 0 
vn 0 -1 0 
vn 0 -1 0 
vn 0 -1 0 
vn 0 -1 0 
vn 0 -1 0 
vn 0 -1 0 
vn 0 -1 0 
vn 0 -1 0 
vn 0 -1 0 
vn 0 -1 0 
vn 0 -1 0 
vn 0 -1 0 
vn 0 -1 0 
vn 0 -1 0 
vn 0 -1 0 
vn 0 -1 0 
vn 0 -1 0 
vn 0 -1 0 
vn 0 -1 0 
vn 0 -1 0 
vn 0 -1 0 
vn 0 -1 0 
vn 0 -1 0 
vn 0 -1 0 
vn 0 -1 0 
vn 0 -1 0 
vn 0 -1 0 
vn 0 -1 0 
vn 0 -1 0 
vn 0 -1 0 
vn 0 -1 0 
vn 0 -1 0 
vn 0 -1 0 
vn 0 -1 0 
vn 0 -1 0 
vn 0 -1 0 
vn 0 -1 0 
vn 0 -1 0 
vn 0 -1 0 
vn 0 -1 0 
vn 0 -1 0 
vn 0 -1 0 
vn 0 -1 0 
vn 0 -1 0 
vn 0 -1 0 
vn 0 -1 0 
vn 0 -1 0 
vn 0 -1 0 
vn 0 -1 0 
vn 0 -1 0 
vn 0 -1 0 
vn 0 -1 0 
vn 0 -1 0 
vn 0 -1 0 
vn 0 -1 0 
vn 0 -1 0 
vn 0 -1 0 
vn 0 -1 0 
vn 0 -1 0 
vn 0 -1 0 
vn 0 -1 0 
vn 0 -1 0 
vn 0 -1 0 
vn 0 -1 0 
vn -0.708661 -0.708661 0 
vn -0.708661 -0.708661 0 
vn -0.708661 -0.708661 0 
vn -0.708661 -0.708661 0 
vn -0.708661 -0.708661 0 
vn -0.708661 -0.708661 0 
vn -0.708661 -0.708661 0 
vn -0.708661 -0.708661 0 
vn -0.708661 -0.708661 0 
vn -0.708661 -0.708661 0 
vn 0.661417 -0.661417 -0.354331 
vn 0.661417 -0.661417 -0.354331 
vn 0.661417 -0.661417 -0.354331 
vn 0.661417 -0.661417 -0.354331 
vn 0.661417 -0.661417 -0.354331 
vn 0.661417 -0.661417 -0.354331 
vn -0.708661 -0.708661 0 
vn 0 -1 0 
vn 0 -1 0 
vn 0 -1 0 
vn 0 -1 0 
vn 0 -1 0 
vn -0.708661 -0.708661 0 
vn -0.708661 -0.708661 0 
vn -0.708661 -0.708661 0 
vn -0.708661 -0.708661 0 
vn -0.708661 -0.708661 0 
vn -0.708661 -0.708661 0 
vn -0.708661 -0.708661 0 
vn -0.708661 -0.708661 0 
vn -0.708661 -0.708661 0 
vn 0.708661 -0.708661 0 
vn 0.708661 -0.708661 0 
vn 0.708661 -0.708661 0 
vn 0.661417 -0.661417 -0.354331 
vn 0.661417 -0.661417 -0.354331 
vn 0.661417 -0.661417 -0.354331 
vn 0.708661 -0.708661 0 
vn 0 -1 0 
vn 0 -1 0 
vn 0 -1 0 
vn 0 -1 0 
vn 0 -0.992126 -0.133858 
vn 0 -0.992126 -0.133858 
vn 0 -0.992126 -0.133858 
vn 0 -0.992126 -0.133858 
vn 0 -0.992126 -0.133858 
vn 0 -0.992126 -0.133858 
vn 0 -1 0 
vn 0 -1 0 
vn 0 -1 0 
vn 0 -1 0 
vn 0 -1 0 
vn 0 -1 0 
vn 0 -1 0 
vn 0 -1 0 
vn 0 -1 0 
vn 0 -1 0 
vn 0 -0.992126 -0.133858 
vn 0 -0.992126 -0.133858 
vn 0 -0.992126 -0.133858 
vn 0 -1 0 
vn 0 -1 0 
vn 0 -1 0 
vn 0 -1 0 
vn 0 -1 0 
vn 0 -1 0 
vn 0 -1 0 
vn 0 -1 0 
vn 0 -0.992126 -0.133858 
vn 0 -0.992126 -0.133858 
vn 0 -0.992126 -0.133858 
vn 0 -1 0 
vn 0 -1 0 
vn 0 -1 0 
vn 0 -1 0 
vn 0 -1 0 
vn 0 -1 0 
vn 0 -1 0 
vn 0 -1 0 
vn 0 -0.992126 -0.133858 
vn 0 -0.992126 -0.133858 
vn 0 -0.992126 -0.133858 
vn 0 -0.992126 -0.133858 
vn 0 -0.992126 -0.133858 
vn 0 -0.992126 -0.133858 
vn 0 -0.992126 -0.133858 
vn 0 -0.937008 -0.354331 
vn 0 -0.937008 -0.354331 
vn 0 -0.937008 -0.354331 
vn 0 -0.937008 -0.354331 
vn 0 -0.937008 -0.354331 
vn 0 -0.937008 -0.354331 
vn 0 -0.937008 -0.354331 
vn 0 -0.992126 -0.133858 
vn 0 -0.992126 -0.133858 
vn 0 -0.992126 -0.133858 
vn 0 -0.937008 -0.354331 
vn 0 -0.937008 -0.354331 
vn 0 -0.937008 -0.354331 
vn 0 -0.937008 -0.354331 
vn 0 -0.937008 -0.354331 
vn 0 -0.937008 -0.354331 
vn 0 -0.937008 -0.354331 
vn 0 -0.937008 -0.354331 
vn 0 -0.992126 -0.133858 
vn 0 -0.937008 -0.354331 
vn 0 -0.937008 -0.354331 
vn 0 -0.937008 -0.354331 
vn 0 -0.937008 -0.354331 
vn 0 -0.937008 -0.354331 
vn 0 -0.992126 -0.133858 
vn 0 -0.937008 -0.354331 
vn 0 -0.937008 -0.354331 
vn 0 -0.937008 -0.354331 
vn 0 -0.937008 -0.354331 
vn 0 -0.992126 -0.133858 
vn 0 -0.992126 -0.133858 
vn 0 -0.992126 -0.133858 
vn 0 -1 0 
vn 0 -1 0 
vn 0 -1 0 
vn 0 -1 0 
vn 0 -1 0 
vn 0 -1 0 
vn 0 -1 0 
vn 0 -1 0 
vn 0 -1 0 
vn 0 -1 0 
vn 0 -1 0 
vn 0 -1 0 
vn 0 -1 0 
vn 0 -1 0 
vn 0 -1 0 
vn 0 -1 0 
vn 0 -1 0 
vn 0 -0.984252 -0.188976 
vn 0 -0.984252 -0.188976 
vn 0 -0.984252 -0.188976 
vn 0 -1 0 
vn 0 -1 0 
vn 0 -1 0 
vn 0 -1 0 
vn 0 -1 0 
vn 0 -1 0 
vn 0 -1 0 
vn 0 -1 0 
vn 0 -0.984252 -0.188976 
vn 0 -0.984252 -0.188976 
vn 0 -0.984252 -0.188976 
vn 0 -0.984252 -0.188976 
vn 0 -0.984252 -0.188976 
vn 0 -0.984252 -0.188976 
vn 0 -0.984252 -0.188976 
vn 0 -0.984252 -0.188976 
vn 0 -0.984252 -0.188976 
vn 0 -0.984252 -0.188976 
vn 0 -0.984252 -0.188976 
vn -0.708661 -0.708661 0 
vn -0.708661 -0.708661 0 
vn -0.708661 -0.708661 0 
vn -0.708661 -0.708661 0 
vn -0.708661 -0.708661 0 
vn -0.708661 -0.708661 0 
vn 0.700787 -0.700787 -0.133858 
vn 0.700787 -0.700787 -0.133858 
vn 0.700787 -0.700787 -0.133858 
vn 0.661417 -0.661417 -0.354331 
vn 0.661417 -0.661417 -0.354331 
vn 0.661417 -0.661417 -0.354331 
vn 0 -0.984252 -0.188976 
vn 0 -0.984252 -0.188976 
vn 0 -0.984252 -0.188976 
vn 0 -0.984252 -0.188976 
vn 0 -0.992126 -0.133858 
vn 0 -1 0 
vn 0 -0.937008 -0.354331 
vn 0 -0.937008 -0.354331 
vn 0 -0.937008 -0.354331 
vn 0 -0.937008 -0.354331 
vn 0 -0.984252 -0.188976 
vn 0 -0.984252 -0.188976 
vn 0 -0.984252 -0.188976 
vn 0 -0.984252 -0.188976 
vn 0 -0.984252 -0.188976 
vn 0 -0.984252 -0.188976 
vn 0 -0.984252 -0.188976 
vn 0 -0.984252 -0.188976 
vn 0 -0.984252 -0.188976 
vn 0 -0.984252 -0.188976 
vn 0 -0.984252 -0.188976 
vn 0 -0.984252 -0.188976 
vn 0.015748 -1 0.00787402 
vn 0.015748 -1 0.00787402 
vn 0.015748 -1 0.00787402 
vn 0 -0.984252 -0.188976 
vn 0 -0.984252 -0.188976 
vn 0 -0.984252 -0.188976 
vn 0 -0.984252 -0.188976 
vn 0 -0.984252 -0.188976 
vn 0.00787402 -0.984252 -0.188976 
vn 0.00787402 -0.984252 -0.188976 
vn 0.00787402 -0.984252 -0.188976 
vn 0.00787402 -0.984252 -0.188976 
vn 0.00787402 -0.984252 -0.188976 
vn 0.00787402 -0.984252 -0.188976 
vn 0 -1 0 
vn 0 -0.992126 -0.133858 
vn 0 -0.992126 -0.133858 
vn 0 -0.992126 -0.133858 
vn 0 -0.937008 -0.354331 
vn 0 -0.937008 -0.354331 
vn 0 -0.937008 -0.354331 
vn 0 -0.984252 -0.188976 
vn 0 -0.984252 -0.188976 
vn 0 -0.984252 -0.188976 
vn 0 -0.984252 -0.188976 
vn 0 -0.992126 -0.133858 
vn 0 -0.937008 -0.354331 
vn 0 -0.984252 -0.188976 
vn 0.015748 -1 0.00787402 
vn 0.0944882 -0.716535 0.692913 
vn 0.0944882 -0.716535 0.692913 
vn 0.0944882 -0.716535 0.692913 
vn 0 -0.984252 -0.188976 
vn 0 -0.984252 -0.188976 
vn 0 -0.984252 -0.188976 
vn 0 -0.984252 -0.188976 
vn 0 -0.984252 -0.188976 
vn 0 -0.984252 -0.188976 
vn 0.00787402 -0.984252 -0.173228 
vn 0.00787402 -0.984252 -0.173228 
vn 0.00787402 -0.984252 -0.173228 
vn 0.023622 -1 0.00787402 
vn 0.023622 -1 0.00787402 
vn 0.023622 -1 0.00787402 
vn 0.023622 -1 0.00787402 
vn 0.00787402 -0.984252 -0.173228 
vn 0 -0.984252 -0.188976 
vn 0 -0.984252 -0.188976 
vn 0 -0.984252 -0.188976 
vn 0 -0.984252 -0.188976 
vn 0 -0.984252 -0.188976 
vn 0 -0.984252 -0.188976 
vn 0 -0.984252 -0.188976 
vn 0 -0.984252 -0.188976 
vn 0 -0.984252 -0.188976 
vn 0 -0.984252 -0.188976 
vn 0 -0.984252 -0.188976 
vn 0 -0.984252 -0.188976 
vn 0 -0.984252 -0.188976 
vn 0 -0.984252 -0.188976 
vn 0 -0.984252 -0.188976 
vn 0 -0.984252 -0.188976 
vn 0 -0.984252 -0.188976 
vn 0 -0.984252 -0.188976 
vn 0 -0.984252 -0.188976 
vn 0 -0.984252 -0.188976 
vn 0 -0.984252 -0.188976 
vn 0 -0.984252 -0.188976 
vn 0 -0.984252 -0.188976 
vn 0.173228 -0.708661 0.685039 
vn 0.173228 -0.708661 0.685039 
vn 0.173228 -0.708661 0.685039 
vn 0 -0.724409 -0.692913 
vn 0 -0.724409 -0.692913 
vn 0 -0.724409 -0.692913 
vn 0 -0.724409 -0.692913 
vn 0 -0.724409 -0.692913 
vn 0 -0.724409 -0.692913 
vn 0 -0.984252 -0.188976 
vn 0 -0.724409 -0.692913 
vn 0 -0.724409 -0.692913 
vn 0 -0.724409 -0.692913 
vn 0 -0.724409 -0.692913 
vn 0 -0.724409 -0.692913 
vn 0 -0.724409 -0.692913 
vn 0 -0.724409 -0.692913 
vn 0 -0.724409 -0.692913 
vn 0 -0.724409 -0.692913 
vn 0 -1 0 
vn 0 -1 0 
vn 0 -1 0 
vn 0 -1 0 
vn 0 -1 0 
vn 0 -1 0 
vn 0 -1 0 
vn 0 -1 0 
vn 0 -1 0 
vn 0 -1 0 
vn 0 -1 0 
vn 0 -1 0 
vn 0 -1 0 
vn 0 -1 0 
vn 0 -1 0 
vn 0 -1 0 
vn 0 -1 0 
vn 0 -1 0 
vn 0 -1 0 
vn 0 -1 0 
vn 0 -1 0 
vn 0 -1 0 
vn 0 -1 0 
vn 0 -1 0 
vn 0 -1 0 
vn 0 -1 0 
vn 0 -1 0 
vn 0 -1 0 
vn 0 -1 0 
vn 0 -1 0 
vn 0 -1 0 
vn 0 -1 0 
vn 0 -1 0 
vn 0 -1 0 
vn 0 -1 0 
vn 0 -1 0 
vn 0 -1 0 
vn 0 -1 0 
vn 0 -1 0 
vn 0 -1 0 
vn 0 -1 0 
vn 0 -1 0 
vn 0 -1 0 
vn 0 -1 0 
vn 0 -1 0 
vn 0 -1 0 
vn 0 -1 0 
vn 0 -1 0 
vn 0 -1 0 
vn 0 -1 0 
vn 0 -1 0 
vn 0 -1 0 
vn 0 -1 0 
vn 0 -1 0 
vn 0 -1 0 
vn 0 -1 0 
vn 0 -1 0 
vn 0 -1 0 
vn 0 -1 0 
vn 0 -1 0 
vn 0 -1 0 
vn 0 -1 0 
vn 0 -1 0 
vn 0 -1 0 
vn 0 -1 0 
vn 0 -1 0 
vn 0 -1 0 
vn 0 -1 0 
vn 0 -1 0 
vn 0 -1 0 
vn 0 -1 0 
vn 0 -1 0 
vn 0 -1 0 
vn 0 -1 0 
vn 0 -1 0 
vn 0 -1 0 
vn 0 -1 0 
vn 0 -1 0 
vn 0 -1 0 
vn 0 -1 0 
vn 0 -1 0 
vn 0 -1 0 
vn 0 -1 0 
vn 0 -1 0 
vn 0 -1 0 
vn 0 -1 0 
vn 0 -1 0 
vn 0 -1 0 
vn 0 -1 0 
vn 0 -1 0 
vn 0 -1 0 
vn 0 -1 0 
vn 0 -1 0 
vn 0 -1 0 
vn 0 -1 0 
vn 0 -1 0 
vn 0 -1 0 
vn 0 -1 0 
vn 0 -1 0 
vn 0 -1 0 
vn 0 -1 0 
vn 0 -1 0 
vn 0 -1 0 
vn 0 -1 0 
vn 0 -1 0 
vn 0 -1 0 
vn 0 -1 0 
vn 0 -1 0 
vn 0 -1 0 
vn 0 -1 0 
vn 0 -1 0 
vn 0 -1 0 
vn 0 -1 0 
vn 0 -1 0 
vn 0 -1 0 
vn 0 -1 0 
vn 0 -1 0 
vn 0 -1 0 
vn 0 -1 0 
vn 0 -1 0 
vn 0 -1 0 
vn 0 -1 0 
vn 0 -1 0 
vn 0 -1 0 
vn 0 -1 0 
vn 0 -1 0 
vn 0 -1 0 
vn 0 -1 0 
vn 0 -1 0 
vn 0 -1 0 
vn 0 -1 0 
vn 0 -1 0 
vn 0 -1 0 
vn 0 -1 0 
vn 0 -1 0 
vn 0 -1 0 
vn 0 -1 0 
vn 0 -1 0 
vn 0 -1 0 
vn 0 -1 0 
vn 0 -1 0 
vn 0 -1 0 
vn 0 -1 0 
vn 0 -1 0 
vn 0 -1 0 
vn 0 -1 0 
vn 0 -1 0 
vn 0 -1 0 
vn 0 -1 0 
vn 0 -1 0 
vn 0 -1 0 
vn 0 -1 0 
vn 0 -1 0 
vn 0 -1 0 
vn 0 -1 0 
vn 0 -1 0 
vn 0 -1 0 
vn 0 -1 0 
vn 0 -1 0 
vn 0 -1 0 
vn 0 -1 0 
vn 0 -1 0 
vn 0 -1 0 
vn 0 -1 0 
vn 0 -1 0 
vn 0 -1 0 
vn 0 -1 0 
vn 0 -1 0 
vn 0 -1 0 
vn 0 -1 0 
vn 0 -1 0 
vn 0 -1 0 
vn 0 -1 0 
vn 0 -1 0 
vn 0 -1 0 
vn 0 -0.724409 -0.692913 
vn 0.149606 -0.811024 -0.566929 
vn 0.149606 -0.811024 -0.566929 
vn 0.149606 -0.811024 -0.566929 
vn 0 -1 0 
vn 0 -1 0 
vn 0 -1 0 
vn 0.149606 -0.811024 -0.566929 
vn -0.0472441 -0.716535 0.700787 
vn -0.0472441 -0.716535 0.700787 
vn -0.0472441 -0.716535 0.700787 
vn 0 -1 0 
vn 0 -1 0 
vn 0 -1 0 
vn 0 -1 0 
vn 0 -1 0 
vn 0 -1 0 
vn 0 -1 0 
vn 0 -1 0 
vn 0 -1 0 
vn 0 -1 0 
vn 0 -1 0 
vn 0 -1 0 
vn 0 -1 0 
vn 0 -1 0 
vn 0 -1 0 
vn 0 -1 0 
vn 0 -1 0 
vn 0 -1 0 
vn 0 -1 0 
vn 0 -1 0 
vn 0 -1 0 
vn 0 -1 0 
vn 0 -1 0 
vn 0 -1 0 
vn 0 -1 0 
vn 0 -1 0 
vn 0 -1 0 
vn 0 -1 0 
vn 0 -1 0 
vn 0 -1 0 
vn 0 -1 0 
vn 0 -1 0 
vn 0 -1 0 
vn 0 -1 0 
vn 0 -1 0 
vn 0 -1 0 
vn 0 -1 0 
vn 0 -1 0 
vn 0 -1 0 
vn 0 -1 0 
vn 0 -1 0 
vn 0 -1 0 
vn 0 -1 0 
vn 0 -1 0 
vn 0 -1 0 
vn 0 -1 0 
vn 0 -1 0 
vn 0 -1 0 
vn 0 -1 0 
vn 0 -1 0 
vn 0 -1 0 
vn 0 -1 0 
vn 0 -1 0 
vn 0 -1 0 
vn 0 -1 0 
vn 0 -1 0 
vn 0 -1 0 
vn 0 -1 0 
vn 0 -1 0 
vn 0 -1 0 
vn 0 -1 0 
vn 0 -1 0 
vn 0 -1 0 
vn 0 -1 0 
vn 0 -1 0 
vn 0 -1 0 
vn 0 -1 0 
vn 0 -1 0 
vn 0 -1 0 
vn 0 -1 0 
vn 0 -1 0 
vn 0 -1 0 
vn 0 -1 0 
vn 0 -1 0 
vn 0 -1 0 
vn 0 -1 0 
vn 0 -1 0 
vn 0 -1 0 
vn 0 -1 0 
vn 0 -1 0 
vn 0 -1 0 
vn 0 -1 0 
vn 0 -1 0 
vn 0 -1 0 
vn 0 -1 0 
vn 0 -1 0 
vn 0 -1 0 
vn 0 -1 0 
vn 0 -1 0 
vn 0 -1 0 
vn 0 -1 0 
vn 0 -1 0 
vn 0 -1 0 
vn 0 -1 0 
vn 0 -1 0 
vn 0 -1 0 
vn 0 -1 0 
vn 0 -1 0 
vn 0 -1 0 
vn 0 -1 0 
vn 0 -1 0 
vn 0 -1 0 
vn 0 -1 0 
vn 0 -1 0 
vn 0 -1 0 
vn 0 -1 0 
vn 0 -0.992126 -0.133858 
vn 0 -0.992126 -0.133858 
vn 0 -0.992126 -0.133858 
vn 0 -0.992126 -0.133858 
vn 0 -0.992126 -0.133858 
vn 0 -0.992126 -0.133858 
vn 0 -1 0 
vn -0.708661 -0.708661 0 
vn -0.708661 -0.708661 0 
vn -0.708661 -0.708661 0 
vn 0 -1 0 
vn 0 -1 0 
vn 0 -1 0 
vn 0 -1 0 
vn 0 -1 0 
vn 0 -1 0 
vn 0 -1 0 
vn 0 -0.992126 -0.133858 
vn 0 -0.992126 -0.133858 
vn 0 -0.992126 -0.133858 
vn 0 -1 0 
vn 0 -1 0 
vn 0 -1 0 
vn 0 -1 0 
vn 0 -1 0 
vn 0 -0.992126 -0.133858 
vn 0 -0.992126 -0.133858 
vn 0 -0.992126 -0.133858 
vn 0 -1 0 
vn 0 -1 0 
vn 0 -1 0 
vn 0 -1 0 
vn 0 -1 0 
vn 0 -1 0 
vn 0 -1 0 
vn 0 -1 0 
vn 0 -0.992126 -0.133858 
vn 0 -0.992126 -0.133858 
vn 0 -0.992126 -0.133858 
vn 0 -0.992126 -0.133858 
vn 0 -0.992126 -0.133858 
vn 0 -0.992126 -0.133858 
vn 0 -0.992126 -0.133858 
vn 0 -0.992126 -0.133858 
vn 0 -0.937008 -0.354331 
vn 0 -0.937008 -0.354331 
vn 0 -0.937008 -0.354331 
vn 0 -0.937008 -0.354331 
vn 0 -0.992126 -0.133858 
vn 0 -0.937008 -0.354331 
vn 0 -0.937008 -0.354331 
vn 0 -0.937008 -0.354331 
vn 0 -0.992126 -0.133858 
vn 0 -0.937008 -0.354331 
vn 0 -0.937008 -0.354331 
vn 0 -0.937008 -0.354331 
vn 0 -0.937008 -0.354331 
vn 0 -0.937008 -0.354331 
vn 0 -0.937008 -0.354331 
vn 0 -0.937008 -0.354331 
vn 0 -0.937008 -0.354331 
vn 0 -0.992126 -0.133858 
vn 0 -0.937008 -0.354331 
vn 0 -0.937008 -0.354331 
vn 0 -0.937008 -0.354331 
vn 0 -0.937008 -0.354331 
vn 0 -0.992126 -0.133858 
vn 0 -0.937008 -0.354331 
vn 0 -0.937008 -0.354331 
vn 0 -0.937008 -0.354331 
vn 0 -0.937008 -0.354331 
vn 0 -0.937008 -0.354331 
vn -0.708661 -0.708661 0 
vn 0 -1 0 
vn 0 -1 0 
vn 0 -1 0 
vn 0 -1 0 
vn 0 -1 0 
vn 0 -1 0 
vn 0 -1 0 
vn 0 -1 0 
vn 0 -1 0 
vn 0 -1 0 
vn 0 -1 0 
vn 0 -1 0 
vn 0 -1 0 
vn 0 -1 0 
vn 0 -1 0 
vn 0 -1 0 
vn 0 -1 0 
vn 0 -1 0 
vn 0 -1 0 
vn 0 -1 0 
vn 0 -1 0 
vn 0 -1 0 
vn 0 -1 0 
vn 0 -1 0 
vn 0 -1 0 
vn 0 -1 0 
vn 0 -1 0 
vn 0 -1 0 
vn 0 -1 0 
vn 0 -1 0 
vn 0 -1 0 
vn 0 -1 0 
vn 0 -1 0 
vn 0 -1 0 
vn 0 -1 0 
vn 0 -1 0 
vn 0 -1 0 
vn 0 -1 0 
vn 0 -1 0 
vn 0 -1 0 
vn 0 -1 0 
vn 0 -1 0 
vn 0.708661 -0.708661 0 
vn 0.708661 -0.708661 0 
vn 0.708661 -0.708661 0 
vn 0.708661 -0.708661 0 
vn 0.708661 -0.708661 0 
vn 0.708661 -0.708661 0 
vn -0.661417 -0.661417 -0.354331 
vn -0.661417 -0.661417 -0.354331 
vn -0.661417 -0.661417 -0.354331 
vn -0.661417 -0.661417 -0.354331 
vn -0.661417 -0.661417 -0.354331 
vn -0.661417 -0.661417 -0.354331 
vn 0.708661 -0.708661 0 
vn 0 -1 0 
vn 0 -1 0 
vn 0 -1 0 
vn 0 -1 0 
vn 0 -1 0 
vn 0 -1 0 
vn 0 -1 0 
vn 0.708661 -0.708661 0 
vn 0.708661 -0.708661 0 
vn 0.708661 -0.708661 0 
vn 0.708661 -0.708661 0 
vn 0.708661 -0.708661 0 
vn 0.708661 -0.708661 0 
vn 0.708661 -0.708661 0 
vn 0.708661 -0.708661 0 
vn 0.708661 -0.708661 0 
vn 0.708661 -0.708661 0 
vn -0.661417 -0.661417 -0.354331 
vn -0.661417 -0.661417 -0.354331 
vn -0.661417 -0.661417 -0.354331 
vn 0.708661 -0.708661 0 
vn 0.708661 -0.708661 0 
vn 0.708661 -0.708661 0 
vn 0 -1 0 
vn 0 -1 0 
vn 0 -1 0 
vn 0 -1 0 
vn 0 -1 0 
vn 0 -1 0 
vn 0 -1 0 
vn 0 -1 0 
vn 0 -1 0 
vn 0 -0.984252 -0.188976 
vn 0 -0.984252 -0.188976 
vn 0 -0.992126 -0.133858 
vn 0 -0.992126 -0.133858 
vn 0 -0.992126 -0.133858 
vn 0 -0.937008 -0.354331 
vn 0 -0.937008 -0.354331 
vn 0 -0.937008 -0.354331 
vn 0 -0.937008 -0.354331 
vn -0.00787402 -0.984252 -0.188976 
vn -0.00787402 -0.984252 -0.188976 
vn -0.00787402 -0.984252 -0.188976 
vn -0.00787402 -0.984252 -0.188976 
vn -0.00787402 -0.984252 -0.188976 
vn -0.00787402 -0.984252 -0.188976 
vn 0 -1 0 
vn 0 -0.992126 -0.133858 
vn 0 -0.984252 -0.188976 
vn 0 -0.984252 -0.188976 
vn 0 -0.984252 -0.188976 
vn -0.023622 -1 0.00787402 
vn -0.023622 -1 0.00787402 
vn -0.023622 -1 0.00787402 
vn -0.023622 -1 0.00787402 
vn -0.00787402 -0.984252 -0.173228 
vn -0.00787402 -0.984252 -0.173228 
vn -0.00787402 -0.984252 -0.173228 
vn -0.00787402 -0.984252 -0.173228 
vn 0 -0.984252 -0.188976 
vn 0 -0.984252 -0.188976 
vn 0 -0.984252 -0.188976 
vn -0.015748 -1 0.00787402 
vn -0.015748 -1 0.00787402 
vn -0.015748 -1 0.00787402 
vn -0.0944882 -0.716535 0.692913 
vn -0.0944882 -0.716535 0.692913 
vn -0.0944882 -0.716535 0.692913 
vn 0 -0.984252 -0.188976 
vn 0 -0.984252 -0.188976 
vn 0 -0.984252 -0.188976 
vn 0 -0.984252 -0.188976 
vn 0 -0.984252 -0.188976 
vn 0 -0.984252 -0.188976 
vn 0 -0.984252 -0.188976 
vn 0 -0.984252 -0.188976 
vn 0 -0.984252 -0.188976 
vn 0 -0.984252 -0.188976 
vn 0 -0.984252 -0.188976 
vn 0 -0.984252 -0.188976 
vn 0 -0.984252 -0.188976 
vn 0 -0.984252 -0.188976 
vn 0 -0.984252 -0.188976 
vn 0 -0.984252 -0.188976 
vn 0 -0.984252 -0.188976 
vn 0 -0.984252 -0.188976 
vn 0 -0.984252 -0.188976 
vn 0 -0.984252 -0.188976 
vn 0 -0.984252 -0.188976 
vn 0 -0.984252 -0.188976 
vn 0 -0.984252 -0.188976 
vn 0 -0.984252 -0.188976 
vn 0 -0.724409 -0.692913 
vn 0 -0.724409 -0.692913 
vn 0 -0.724409 -0.692913 
vn 0 -0.724409 -0.692913 
vn 0 -0.724409 -0.692913 
vn 0 -0.984252 -0.188976 
vn 0 -0.984252 -0.188976 
vn -0.173228 -0.708661 0.685039 
vn -0.173228 -0.708661 0.685039 
vn -0.173228 -0.708661 0.685039 
vn 0 -0.984252 -0.188976 
vn 0 -1 0 
vn 0 -1 0 
vn 0 -1 0 
vn 0 -1 0 
vn 0 -1 0 
vn 0 -0.984252 -0.188976 
vn 0 -0.984252 -0.188976 
vn 0 -0.984252 -0.188976 
vn 0 -1 0 
vn 0 -1 0 
vn 0 -1 0 
vn 0 -1 0 
vn 0 -1 0 
vn 0 -1 0 
vn 0 -1 0 
vn 0 -1 0 
vn 0 -1 0 
vn 0 -0.984252 -0.188976 
vn 0 -0.984252 -0.188976 
vn 0 -0.984252 -0.188976 
vn 0 -0.984252 -0.188976 
vn 0 -0.984252 -0.188976 
vn 0 -0.984252 -0.188976 
vn 0 -0.984252 -0.188976 
vn 0 -0.984252 -0.188976 
vn 0 -0.984252 -0.188976 
vn 0 -1 0 
vn 0 -1 0 
vn 0 -1 0 
vn 0 -1 0 
vn 0 -1 0 
vn 0 -1 0 
vn 0 -1 0 
vn 0 -1 0 
vn -0.015748 -1 0.00787402 
vn 0 -0.992126 -0.133858 
vn 0 -0.992126 -0.133858 
vn 0 -0.992126 -0.133858 
vn 0 -0.992126 -0.133858 
vn 0 -0.937008 -0.354331 
vn 0 -0.937008 -0.354331 
vn 0 -0.937008 -0.354331 
vn 0 -0.937008 -0.354331 
vn 0 -1 0 
vn 0.708661 -0.708661 0 
vn 0.708661 -0.708661 0 
vn 0.708661 -0.708661 0 
vn -0.700787 -0.700787 -0.133858 
vn -0.700787 -0.700787 -0.133858 
vn -0.700787 -0.700787 -0.133858 
vn -0.661417 -0.661417 -0.354331 
vn -0.661417 -0.661417 -0.354331 
vn -0.661417 -0.661417 -0.354331 
vn 0 -0.984252 -0.188976 
vn 0 -0.984252 -0.188976 
vn 0 -0.984252 -0.188976 
vn 0 -0.984252 -0.188976 
vn 0 -0.984252 -0.188976 
vn 0 -0.984252 -0.188976 
vn 0 -0.984252 -0.188976 
vn 0 -0.984252 -0.188976 
vn 0 -0.984252 -0.188976 
vn 0 -0.984252 -0.188976 
vn 0 -0.984252 -0.188976 
vn 0 -0.984252 -0.188976 
vn 0 -0.984252 -0.188976 
vn 0 -0.984252 -0.188976 
vn 0 -0.984252 -0.188976 
vn 0 -0.984252 -0.188976 
vn 0 -0.984252 -0.188976 
vn -0.354331 0 -0.937008 
vn -0.354331 0 -0.937008 
vn -0.354331 0 -0.937008 
vn -0.354331 0 -0.937008 
vn -0.354331 0 -0.937008 
vn -0.354331 0 -0.937008 
vn -0.354331 0 -0.937008 
vn -0.354331 0 -0.937008 
vn -0.133858 0 -0.992126 
vn -0.133858 0 -0.992126 
vn -0.133858 0 -0.992126 
vn -0.133858 0 -0.992126 
vn -0.133858 0 -0.992126 
vn -0.133858 0 -0.992126 
vn -0.133858 0 -0.992126 
vn -0.133858 0 -0.992126 
vn -0.133858 0 -0.992126 
vn -0.133858 0 -0.992126 
vn -0.133858 0 -0.992126 
vn -0.354331 0 -0.937008 
vn -0.354331 0 -0.937008 
vn -0.354331 0 -0.937008 
vn -0.354331 0 -0.937008 
vn -0.354331 0 -0.937008 
vn -0.354331 0 -0.937008 
vn -0.354331 0 -0.937008 
vn -0.354331 0 -0.937008 
vn -0.354331 0 -0.937008 
vn -0.354331 0 -0.937008 
vn -0.354331 0 -0.937008 
vn -0.354331 0 -0.937008 
vn -0.354331 0 -0.937008 
vn -0.354331 0 -0.937008 
vn -0.133858 0 -0.992126 
vn -0.133858 0 -0.992126 
vn -0.133858 0 -0.992126 
vn -0.354331 0 -0.937008 
vn -0.133858 0 -0.992126 
vn -0.133858 0 -0.992126 
vn -0.133858 0 -0.992126 
vn -0.354331 0 -0.937008 
vn -0.133858 0 -0.992126 
vn -0.354331 0 -0.937008 
vn -0.354331 0 -0.937008 
vn -0.354331 0 -0.937008 
vn -0.354331 0 -0.937008 
vn -0.354331 0 -0.937008 
vn -0.354331 0 -0.937008 
vn -0.354331 0 -0.937008 
vn -0.354331 0 -0.937008 
vn -0.133858 0 -0.992126 
vn -0.133858 0 -0.992126 
vn -0.133858 0 -0.992126 
vn -0.133858 0 -0.992126 
vn -0.133858 0 -0.992126 
vn -0.133858 0 -0.992126 
vn -0.133858 0 -0.992126 
vn -0.133858 0 -0.992126 
vn -0.133858 0 -0.992126 
vn -0.133858 0 -0.992126 
vn -0.133858 0 -0.992126 
vn -0.354331 0 -0.937008 
vn -0.354331 0 -0.937008 
vn -0.354331 0 -0.937008 
vn -0.354331 0 -0.937008 
vn -0.354331 0 -0.937008 
vn -0.354331 0 -0.937008 
vn -0.354331 0 -0.937008 
vn -0.354331 0 -0.937008 
vn -0.354331 0 -0.937008 
vn -0.354331 0 -0.937008 
vn -0.354331 0 -0.937008 
vn -0.354331 0 -0.937008 
vn -0.354331 0 -0.937008 
vn -0.354331 0 -0.937008 
vn -0.354331 0 -0.937008 
vn -0.133858 0 -0.992126 
vn -0.133858 0 -0.992126 
vn -0.133858 0 -0.992126 
vn -0.354331 0 -0.937008 
vn -0.133858 0 -0.992126 
vn 0 0 -1 
vn 0 0 -1 
vn 0 0 -1 
vn 0 0 -1 
vn 0 0 -1 
vn 0 0 -1 
vn 0 0 -1 
vn 0 0 -1 
vn 0 0 -1 
vn 0 0 -1 
vn 0 0 -1 
vn 0 0 -1 
vn 0 0 -1 
vn 0 0 -1 
vn 0 0 -1 
vn 0 0 -1 
vn 0 0 -1 
vn 0 0 -1 
vn 0 0 -1 
vn -0.133858 0 -0.992126 
vn -0.133858 0 -0.992126 
vn -0.133858 0 -0.992126 
vn -0.133858 0 -0.992126 
vn -0.133858 0 -0.992126 
vn 0 0 -1 
vn 0 0 -1 
vn 0 0 -1 
vn -0.133858 0 -0.992126 
vn -0.133858 0 -0.992126 
vn -0.133858 0 -0.992126 
vn 0 0 -1 
vn 0 0 -1 
vn 0 0 -1 
vn 0 0 -1 
vn 0 0 -1 
vn 0 0 -1 
vn 0 0 -1 
vn 0 0 -1 
vn 0 0 -1 
vn 0 0 -1 
vn 0 0 -1 
vn 0 0 -1 
vn 0 0 -1 
vn 0 0 -1 
vn 0 0 -1 
vn 0 0 -1 
vn 0 0 -1 
vn 0 0 -1 
vn -0.133858 0 -0.992126 
vn -0.133858 0 -0.992126 
vn -0.133858 0 -0.992126 
vn -0.133858 0 -0.992126 
vn -0.133858 0 -0.992126 
vn -0.133858 0 -0.992126 
vn 0 0 -1 
vn 0 0 -1 
vn 0 0 -1 
vn 0 0 -1 
vn 0 0 -1 
vn 0 0 -1 
vn 0 0 -1 
vn 0 0 -1 
vn 0 0 -1 
vn 0 0 -1 
vn 0 0 -1 
vn 0 0 -1 
vn 0 0 -1 
vn 0 0 -1 
vn -0.133858 0 -0.992126 
vn 0 0 -1 
vn 0 0 -1 
vn -0.133858 0 -0.992126 
vn -0.133858 0 -0.992126 
vn -0.133858 0 -0.992126 
vn 0 0 -1 
vn 0 0 -1 
vn 0 0 -1 
vn 0 0 -1 
vn 0 0 -1 
vn 0 0 -1 
vn 0 0 -1 
vn 0 0 -1 
vn 0 0 -1 
vn 0 0 -1 
vn -0.133858 0 -0.992126 
vn -0.133858 0 -0.992126 
vn -0.133858 0 -0.992126 
vn 0 0 -1 
vn 0 0 -1 
vn 0 0 -1 
vn 0 0 -1 
vn 0 0 -1 
vn 0 0 -1 
vn 0 0 -1 
vn 0 0 -1 
vn 0 0 -1 
vn 0 0 -1 
vn 0 0 -1 
vn 0 0 -1 
vn 0 0 -1 
vn 0 0 -1 
vn 0 0 -1 
vn 0 0 -1 
vn 0 0 -1 
vn 0 0 -1 
vn 0 0 -1 
vn 0 0 -1 
vn 0 0 -1 
vn 0 0 -1 
vn 0 0 -1 
vn 0 0 -1 
vn 0 0 -1 
vn 0 0 -1 
vn 0 0 -1 
vn 0 0 -1 
vn 0 0 -1 
vn 0 0 -1 
vn -0.322835 0 -0.944882 
vn -0.322835 0 -0.944882 
vn -0.322835 0 -0.944882 
vn 0 0 -1 
vn 0 0 -1 
vn 0 0 -1 
vn -0.322835 0 -0.944882 
vn -0.322835 0 -0.944882 
vn -0.322835 0 -0.944882 
vn -0.322835 0 -0.944882 
vn -0.322835 0 -0.944882 
vn -0.322835 0 -0.944882 
vn -0.307087 0 -0.952756 
vn -0.307087 0 -0.952756 
vn -0.307087 0 -0.952756 
vn 0 0 -1 
vn 0 0 -1 
vn 0 0 -1 
vn 0 0 -1 
vn 0 0 -1 
vn 0 0 -1 
vn 0 0 -1 
vn 0 0 -1 
vn 0 0 -1 
vn 0 0 -1 
vn 0 0 -1 
vn 0 0 -1 
vn 0 0 -1 
vn 0 0 -1 
vn -0.322835 0 -0.944882 
vn 0 0 -1 
vn 0 0 -1 
vn 0 0 -1 
vn 0 0 -1 
vn -0.322835 0 -0.944882 
vn -0.322835 0 -0.944882 
vn -0.307087 0 -0.952756 
vn 0 0 -1 
vn 0 0 -1 
vn 0 0 -1 
vn 0 0 -1 
vn 0 0 -1 
vn 0 0 -1 
vn 0 0 -1 
vn 0 0 -1 
vn 0 0 -1 
vn 0 0 -1 
vn -0.354331 0 -0.937008 
vn -0.354331 0 -0.937008 
vn -0.354331 0 -0.937008 
vn -0.354331 0 -0.937008 
vn -0.354331 0 -0.937008 
vn -0.354331 0 -0.937008 
vn -0.133858 0 -0.992126 
vn -0.354331 0 -0.937008 
vn -0.354331 0 -0.937008 
vn -0.133858 0 -0.992126 
vn 0 0 -1 
vn 0 0 -1 
vn 0 0 -1 
vn 0 0 -1 
vn 0 0 -1 
vn 0 0 -1 
vn 0 0 -1 
vn 0 0 -1 
vn -0.307087 0 -0.952756 
vn -0.307087 0 -0.952756 
vn -0.307087 0 -0.952756 
vn 0 0 -1 
vn 0 0 -1 
vn 0 0 -1 
vn 0 0 -1 
vn -0.307087 0 -0.952756 
vn -0.307087 0 -0.952756 
vn -0.307087 0 -0.952756 
vn -0.307087 0 -0.952756 
vn -0.307087 0 -0.952756 
vn -0.307087 0 -0.952756 
vn 0 0 -1 
vn -0.354331 0 -0.937008 
vn -0.354331 0 -0.937008 
vn -0.354331 0 -0.937008 
vn 0 0 -1 
vn 0 0 -1 
vn 0 0 -1 
vn 0 0 -1 
vn -0.354331 0 -0.937008 
vn -0.354331 0 -0.937008 
vn -0.354331 0 -0.937008 
vn -0.354331 0 -0.937008 
vn -0.133858 0 -0.992126 
vn -0.133858 0 -0.992126 
vn -0.133858 0 -0.992126 
vn -0.133858 0 -0.992126 
vn -0.354331 0 -0.937008 
vn -0.133858 0 -0.992126 
vn 0 0 -1 
vn 0 0 -1 
vn -0.307087 0 -0.952756 
vn 0 0 -1 
vn 0 0 -1 
vn 0 0 -1 
vn 0 0 -1 
vn -0.307087 0 -0.952756 
vn 0 0.692913 -0.724409 
vn 0 0.692913 -0.724409 
vn 0 0.692913 -0.724409 
vn -0.307087 0 -0.952756 
vn 0 0 -1 
vn 0 0 -1 
vn -0.133858 0 -0.992126 
vn -0.133858 0 -0.992126 
vn -0.354331 0 -0.937008 
vn -0.354331 0 -0.937008 
vn -0.354331 0 -0.937008 
vn -0.354331 0 -0.937008 
vn -0.133858 0 -0.992126 
vn -0.133858 0 -0.992126 
vn -0.133858 0 -0.992126 
vn -0.133858 0 -0.992126 
vn 0 0 -1 
vn 0 0 -1 
vn 0 0 -1 
vn 0 0 -1 
vn 0 0 -1 
vn 0 0 -1 
vn 0 0 -1 
vn 0 0 -1 
vn -0.133858 0 -0.992126 
vn -0.133858 0 -0.992126 
vn -0.133858 0 -0.992126 
vn -0.354331 0 -0.937008 
vn -0.354331 0 -0.937008 
vn -0.354331 0 -0.937008 
vn -0.354331 0 -0.937008 
vn -0.354331 0 -0.937008 
vn -0.354331 0 -0.937008 
vn -0.354331 0 -0.937008 
vn -0.354331 0 -0.937008 
vn -0.133858 0 -0.992126 
vn 0 0 -1 
vn 0 0 -1 
vn 0 0 -1 
vn 0 0 -1 
vn -0.133858 0 -0.992126 
vn -0.133858 0 -0.992126 
vn -0.133858 0 -0.992126 
vn -0.133858 0 -0.992126 
vn -0.133858 0 -0.992126 
vn 0 0 -1 
vn 0 0 -1 
vn -0.251969 0.251969 -0.937008 
vn -0.251969 0.251969 -0.937008 
vn -0.251969 0.251969 -0.937008 
vn -0.251969 0.251969 -0.937008 
vn -0.0944882 0.0944882 -0.992126 
vn -0.0944882 0.0944882 -0.992126 
vn -0.0944882 0.0944882 -0.992126 
vn 0 0 -1 
vn 0 0 -1 
vn 0 0 -1 
vn 0 0 -1 
vn 0 0 -1 
vn 0 0 -1 
vn -0.0944882 0.0944882 -0.992126 
vn -0.0944882 0.0944882 -0.992126 
vn -0.0944882 0.0944882 -0.992126 
vn -0.0944882 0.0944882 -0.992126 
vn -0.0944882 0.0944882 -0.992126 
vn -0.251969 0.251969 -0.937008 
vn -0.251969 0.251969 -0.937008 
vn -0.251969 0.251969 -0.937008 
vn 0 0 -1 
vn -0.251969 0.251969 -0.937008 
vn -0.251969 0.251969 -0.937008 
vn -0.251969 0.251969 -0.937008 
vn -0.251969 0.251969 -0.937008 
vn -0.251969 0.251969 -0.937008 
vn 0 0 -1 
vn 0 0 -1 
vn 0 0 -1 
vn -0.0944882 0.0944882 -0.992126 
vn -0.0944882 0.0944882 -0.992126 
vn -0.0944882 0.0944882 -0.992126 
vn -0.0944882 0.0944882 -0.992126 
vn 0 0 -1 
vn 0 0 -1 
vn 0 0 -1 
vn 0 0 -1 
vn 0 0 -1 
vn 0 0 -1 
vn 0 0 -1 
vn 0 0 -1 
vn 0 0 -1 
vn 0 0.133858 -0.992126 
vn 0 0.133858 -0.992126 
vn 0 0.133858 -0.992126 
vn 0 0 -1 
vn 0 0 -1 
vn 0 0 -1 
vn 0 0 -1 
vn 0 0 -1 
vn 0 0 -1 
vn 0 0 -1 
vn 0 0 -1 
vn 0 0 -1 
vn 0 0 -1 
vn 0 0 -1 
vn 0 0 -1 
vn 0 0 -1 
vn 0 0.133858 -0.992126 
vn 0 0.133858 -0.992126 
vn 0 0.133858 -0.992126 
vn 0 0.133858 -0.992126 
vn 0 0.133858 -0.992126 
vn 0 0.133858 -0.992126 
vn 0 0 -1 
vn 0 0 -1 
vn 0 0 -1 
vn 0 0 -1 
vn 0 0 -1 
vn 0 0.133858 -0.992126 
vn 0 0.133858 -0.992126 
vn 0 0.133858 -0.992126 
vn 0 0.133858 -0.992126 
vn 0 0.133858 -0.992126 
vn 0 0.133858 -0.992126 
vn 0 0.133858 -0.992126 
vn 0 0.133858 -0.992126 
vn 0 0.133858 -0.992126 
vn 0 0.133858 -0.992126 
vn 0 0.133858 -0.992126 
vn 0 0.354331 -0.937008 
vn 0 0.354331 -0.937008 
vn 0 0.354331 -0.937008 
vn 0 0.354331 -0.937008 
vn 0 0.354331 -0.937008 
vn 0 0.354331 -0.937008 
vn 0 0.354331 -0.937008 
vn 0 0.133858 -0.992126 
vn 0 0.133858 -0.992126 
vn 0 0.354331 -0.937008 
vn 0 0.354331 -0.937008 
vn 0 0.354331 -0.937008 
vn 0 0.354331 -0.937008 
vn 0 0.354331 -0.937008 
vn 0 0.354331 -0.937008 
vn 0 0.354331 -0.937008 
vn 0 0.133858 -0.992126 
vn 0 0.354331 -0.937008 
vn 0 0.354331 -0.937008 
vn 0 0.354331 -0.937008 
vn 0 0.354331 -0.937008 
vn 0 0.354331 -0.937008 
vn 0 0.354331 -0.937008 
vn 0 0.354331 -0.937008 
vn 0 0.354331 -0.937008 
vn 0 0.133858 -0.992126 
vn 0 0.354331 -0.937008 
vn 0 0.354331 -0.937008 
vn 0 0 -1 
vn 0 0 -1 
vn 0 0 -1 
vn 0 0 -1 
vn 0 0 -1 
vn 0 0 -1 
vn 0 0 -1 
vn 0 0 -1 
vn 0 0 -1 
vn 0 0 -1 
vn 0 0 -1 
vn -0.133858 0 -0.992126 
vn -0.133858 0 -0.992126 
vn -0.133858 0 -0.992126 
vn -0.354331 0 -0.937008 
vn -0.354331 0 -0.937008 
vn -0.354331 0 -0.937008 
vn 0 0 -1 
vn -0.354331 0 -0.937008 
vn 0 0 -1 
vn -0.133858 0 -0.992126 
vn -0.251969 0.251969 -0.937008 
vn -0.251969 0.251969 -0.937008 
vn -0.251969 0.251969 -0.937008 
vn -0.251969 0.251969 -0.937008 
vn -0.0944882 0.0944882 -0.992126 
vn -0.0944882 0.0944882 -0.992126 
vn -0.0944882 0.0944882 -0.992126 
vn 0 0 -1 
vn 0 0 -1 
vn 0 0 -1 
vn 0 0.188976 -0.984252 
vn 0 0.188976 -0.984252 
vn 0 0.188976 -0.984252 
vn 0 0 -1 
vn -0.0944882 0.0944882 -0.992126 
vn 0 0.188976 -0.984252 
vn 0 0.188976 -0.984252 
vn 0 0.188976 -0.984252 
vn 0 0.188976 -0.984252 
vn 0 0.188976 -0.984252 
vn 0 0.188976 -0.984252 
vn 0 0.188976 -0.984252 
vn 0 0.188976 -0.984252 
vn 0 0.188976 -0.984252 
vn 0 0.188976 -0.984252 
vn 0 0.188976 -0.984252 
vn 0 0.188976 -0.984252 
vn 0 0.188976 -0.984252 
vn 0 0.188976 -0.984252 
vn 0 0.188976 -0.984252 
vn 0 0.188976 -0.984252 
vn 0 0.188976 -0.984252 
vn 0 0.188976 -0.984252 
vn 0 0.188976 -0.984252 
vn 0 0.188976 -0.984252 
vn 0 0 -1 
vn 0 0.133858 -0.992126 
vn 0 0.133858 -0.992126 
vn 0 0.133858 -0.992126 
vn 0 0.133858 -0.992126 
vn 0 0.354331 -0.937008 
vn 0 0.354331 -0.937008 
vn 0 0.354331 -0.937008 
vn 0 0 -1 
vn 0 0 -1 
vn 0 0 -1 
vn 0 0 -1 
vn 0 0.133858 -0.992126 
vn 0 0.133858 -0.992126 
vn 0 0.133858 -0.992126 
vn 0 0.133858 -0.992126 
vn 0 0.354331 -0.937008 
vn 0 0.354331 -0.937008 
vn 0 0.354331 -0.937008 
vn 0 0.188976 -0.984252 
vn 0 0.188976 -0.984252 
vn 0 0.188976 -0.984252 
vn 0 0.188976 -0.984252 
vn 0.00787402 -0.00787402 -1 
vn 0.00787402 -0.00787402 -1 
vn 0.00787402 -0.00787402 -1 
vn 0.00787402 -0.00787402 -1 
vn 0 0.188976 -0.984252 
vn 0 0.188976 -0.984252 
vn 0 0.188976 -0.984252 
vn 0 0.188976 -0.984252 
vn 0 0.692913 -0.724409 
vn 0 0.692913 -0.724409 
vn 0 0.692913 -0.724409 
vn 0 0.188976 -0.984252 
vn 0 0.188976 -0.984252 
vn 0 0.188976 -0.984252 
vn 0 0.188976 -0.984252 
vn 0 0.354331 -0.937008 
vn 0 0.354331 -0.937008 
vn 0 0.188976 -0.984252 
vn 0 0.188976 -0.984252 
vn 0 0.188976 -0.984252 
vn 0 0.188976 -0.984252 
vn 0 0.188976 -0.984252 
vn 0 0.188976 -0.984252 
vn 0 0.188976 -0.984252 
vn 0 0.188976 -0.984252 
vn 0 0.188976 -0.984252 
vn 0 0.188976 -0.984252 
vn 0 0.188976 -0.984252 
vn 0 0.188976 -0.984252 
vn 0 0.188976 -0.984252 
vn 0 0.188976 -0.984252 
vn 0 0.188976 -0.984252 
vn 0 0.188976 -0.984252 
vn 0 0.188976 -0.984252 
vn 0 0.188976 -0.984252 
vn 0 0.188976 -0.984252 
vn 0 0.692913 -0.724409 
vn 0 0.692913 -0.724409 
vn 0 0.692913 -0.724409 
vn 0 0.692913 -0.724409 
vn 0 0.692913 -0.724409 
vn 0 0.692913 -0.724409 
vn 0 0.692913 -0.724409 
vn 0 0.692913 -0.724409 
vn 0 0.692913 -0.724409 
vn 0 0.692913 -0.724409 
vn 0 0.692913 -0.724409 
vn 0 0.692913 -0.724409 
vn 0 0.692913 -0.724409 
vn 0 0.692913 -0.724409 
vn 0 0.692913 -0.724409 
vn 0 0.692913 -0.724409 
vn 0 0.692913 -0.724409 
vn 0 0.692913 -0.724409 
vn 0 0.692913 -0.724409 
vn 0 0.692913 -0.724409 
vn 0 0.692913 -0.724409 
vn 0 0.692913 -0.724409 
vn 0 0.692913 -0.724409 
vn 0 0.692913 -0.724409 
vn 0 0.692913 -0.724409 
vn 0 0 -1 
vn 0 0 -1 
vn 0 0 -1 
vn 0 0 -1 
vn 0 0 -1 
vn 0 0 -1 
vn 0 0 -1 
vn 0 0 -1 
vn 0 0 -1 
vn 0 0 -1 
vn 0 0 -1 
vn 0 0 -1 
vn 0 0 -1 
vn 0 0 -1 
vn 0 0 -1 
vn 0 0 -1 
vn 0.133858 0 -0.992126 
vn 0.133858 0 -0.992126 
vn 0.133858 0 -0.992126 
vn 0.133858 0 -0.992126 
vn 0.133858 0 -0.992126 
vn 0.133858 0 -0.992126 
vn 0 0 -1 
vn 0 0 -1 
vn 0 0 -1 
vn 0 0 -1 
vn 0 0 -1 
vn 0 0 -1 
vn 0 0 -1 
vn 0 0 -1 
vn 0 0 -1 
vn 0 0 -1 
vn 0 0 -1 
vn 0 0 -1 
vn 0 0 -1 
vn 0.133858 0 -0.992126 
vn 0.133858 0 -0.992126 
vn 0.133858 0 -0.992126 
vn 0 0 -1 
vn 0 0 -1 
vn 0 0 -1 
vn 0 0 -1 
vn 0 0 -1 
vn 0 0 -1 
vn 0 0 -1 
vn 0 0 -1 
vn 0 0 -1 
vn 0 0 -1 
vn 0 0 -1 
vn 0 0 -1 
vn 0 0 -1 
vn 0 0 -1 
vn 0 0 -1 
vn 0 0 -1 
vn 0 0 -1 
vn 0 0 -1 
vn 0.133858 0 -0.992126 
vn 0.133858 0 -0.992126 
vn 0.133858 0 -0.992126 
vn 0 0 -1 
vn 0.133858 0 -0.992126 
vn 0.133858 0 -0.992126 
vn 0.133858 0 -0.992126 
vn 0.133858 0 -0.992126 
vn 0.133858 0 -0.992126 
vn 0.133858 0 -0.992126 
vn 0 0 -1 
vn 0 0 -1 
vn 0 0 -1 
vn 0 0 -1 
vn 0 0 -1 
vn 0 0 -1 
vn 0 0 -1 
vn 0 0 -1 
vn 0 0 -1 
vn 0 0 -1 
vn 0 0 -1 
vn 0 0 -1 
vn 0 0 -1 
vn 0 0 -1 
vn 0.133858 0 -0.992126 
vn 0.133858 0 -0.992126 
vn 0.133858 0 -0.992126 
vn 0.133858 0 -0.992126 
vn 0.133858 0 -0.992126 
vn 0.133858 0 -0.992126 
vn 0.133858 0 -0.992126 
vn 0.133858 0 -0.992126 
vn 0.133858 0 -0.992126 
vn 0.133858 0 -0.992126 
vn 0.354331 0 -0.937008 
vn 0.354331 0 -0.937008 
vn 0.354331 0 -0.937008 
vn 0.133858 0 -0.992126 
vn 0.133858 0 -0.992126 
vn 0.354331 0 -0.937008 
vn 0.354331 0 -0.937008 
vn 0.354331 0 -0.937008 
vn 0.354331 0 -0.937008 
vn 0.354331 0 -0.937008 
vn 0.354331 0 -0.937008 
vn 0.354331 0 -0.937008 
vn 0.354331 0 -0.937008 
vn 0.354331 0 -0.937008 
vn 0.354331 0 -0.937008 
vn 0.354331 0 -0.937008 
vn 0.354331 0 -0.937008 
vn 0.133858 0 -0.992126 
vn 0.133858 0 -0.992126 
vn 0.133858 0 -0.992126 
vn 0.133858 0 -0.992126 
vn 0.133858 0 -0.992126 
vn 0.133858 0 -0.992126 
vn 0.133858 0 -0.992126 
vn 0.133858 0 -0.992126 
vn 0.354331 0 -0.937008 
vn 0.354331 0 -0.937008 
vn 0.354331 0 -0.937008 
vn 0.354331 0 -0.937008 
vn 0.354331 0 -0.937008 
vn 0.354331 0 -0.937008 
vn 0.354331 0 -0.937008 
vn 0.354331 0 -0.937008 
vn 0.354331 0 -0.937008 
vn 0.133858 0 -0.992126 
vn 0.133858 0 -0.992126 
vn 0.354331 0 -0.937008 
vn 0.354331 0 -0.937008 
vn 0.354331 0 -0.937008 
vn 0.133858 0 -0.992126 
vn 0.133858 0 -0.992126 
vn 0.354331 0 -0.937008 
vn 0.354331 0 -0.937008 
vn 0.354331 0 -0.937008 
vn 0.354331 0 -0.937008 
vn 0.354331 0 -0.937008 
vn 0.354331 0 -0.937008 
vn 0.354331 0 -0.937008 
vn 0.354331 0 -0.937008 
vn 0.354331 0 -0.937008 
vn 0.354331 0 -0.937008 
vn 0.354331 0 -0.937008 
vn 0.354331 0 -0.937008 
vn 0.133858 0 -0.992126 
vn 0.133858 0 -0.992126 
vn 0.133858 0 -0.992126 
vn 0.354331 0 -0.937008 
vn 0.354331 0 -0.937008 
vn 0.354331 0 -0.937008 
vn 0.133858 0 -0.992126 
vn 0.133858 0 -0.992126 
vn 0.133858 0 -0.992126 
vn 0.133858 0 -0.992126 
vn 0.354331 0 -0.937008 
vn 0.354331 0 -0.937008 
vn 0.354331 0 -0.937008 
vn 0.354331 0 -0.937008 
vn 0.354331 0 -0.937008 
vn 0.354331 0 -0.937008 
vn 0.133858 0 -0.992126 
vn 0.133858 0 -0.992126 
vn 0.133858 0 -0.992126 
vn 0.133858 0 -0.992126 
vn 0.354331 0 -0.937008 
vn 0.354331 0 -0.937008 
vn 0.354331 0 -0.937008 
vn 0.133858 0 -0.992126 
vn 0.133858 0 -0.992126 
vn 0.133858 0 -0.992126 
vn 0.133858 0 -0.992126 
vn 0.354331 0 -0.937008 
vn 0.354331 0 -0.937008 
vn 0.354331 0 -0.937008 
vn 0.354331 0 -0.937008 
vn 0 0 -1 
vn 0 0 -1 
vn 0 0 -1 
vn 0 0 -1 
vn 0 0 -1 
vn 0 0 -1 
vn 0.354331 0 -0.937008 
vn 0 0 -1 
vn 0 0 -1 
vn 0 0 -1 
vn 0 0 -1 
vn 0 0 -1 
vn 0 0 -1 
vn 0 0 -1 
vn 0.307087 0 -0.952756 
vn 0.307087 0 -0.952756 
vn 0.307087 0 -0.952756 
vn 0.307087 0 -0.952756 
vn 0.307087 0 -0.952756 
vn 0.307087 0 -0.952756 
vn 0 0 -1 
vn 0 0 -1 
vn 0 0 -1 
vn 0 0 -1 
vn 0 0 -1 
vn 0 0 -1 
vn 0 0 -1 
vn 0 0 -1 
vn 0 0 -1 
vn 0 0 -1 
vn 0.307087 0 -0.952756 
vn 0.307087 0 -0.952756 
vn 0.307087 0 -0.952756 
vn 0 0 -1 
vn 0.133858 0 -0.992126 
vn 0.133858 0 -0.992126 
vn 0.133858 0 -0.992126 
vn 0.354331 0 -0.937008 
vn 0.354331 0 -0.937008 
vn 0.354331 0 -0.937008 
vn 0.133858 0 -0.992126 
vn 0.354331 0 -0.937008 
vn 0.354331 0 -0.937008 
vn 0.354331 0 -0.937008 
vn 0.354331 0 -0.937008 
vn 0 0 -1 
vn 0 0 -1 
vn 0 0 -1 
vn 0 0 -1 
vn 0 0 -1 
vn 0.354331 0 -0.937008 
vn 0 0 -1 
vn 0 0.692913 -0.724409 
vn 0.307087 0 -0.952756 
vn 0 0 -1 
vn 0 0 -1 
vn 0 0 -1 
vn 0 0 -1 
vn 0.307087 0 -0.952756 
vn 0.307087 0 -0.952756 
vn 0 0 -1 
vn 0 0 -1 
vn 0 0 -1 
vn 0 0 -1 
vn 0 0 -1 
vn 0 0 -1 
vn 0 0 -1 
vn 0 0 -1 
vn 0 0 -1 
vn 0 0 -1 
vn 0 0 -1 
vn 0 0 -1 
vn 0 0 -1 
vn 0 0 -1 
vn 0 0 -1 
vn 0 0 -1 
vn 0 0 -1 
vn 0 0 -1 
vn 0 0 -1 
vn 0 0 -1 
vn 0 0 -1 
vn 0 0 -1 
vn 0 0 -1 
vn 0 0 -1 
vn 0 0 -1 
vn 0 0 -1 
vn 0 0 -1 
vn 0 0 -1 
vn 0 0 -1 
vn 0 0 -1 
vn 0 0 -1 
vn 0 0 -1 
vn 0 0 -1 
vn 0 0 -1 
vn 0.322835 0 -0.944882 
vn 0.322835 0 -0.944882 
vn 0.322835 0 -0.944882 
vn 0.322835 0 -0.944882 
vn 0.322835 0 -0.944882 
vn 0.322835 0 -0.944882 
vn 0.322835 0 -0.944882 
vn 0.322835 0 -0.944882 
vn 0.322835 0 -0.944882 
vn 0 0 -1 
vn 0 0 -1 
vn 0 0 -1 
vn 0 0 -1 
vn 0 0 -1 
vn 0 0 -1 
vn 0 0 -1 
vn 0 0 -1 
vn 0 0 -1 
vn 0 0 -1 
vn 0.307087 0 -0.952756 
vn 0.307087 0 -0.952756 
vn 0.307087 0 -0.952756 
vn 0 0 -1 
vn 0 0 -1 
vn 0 0 -1 
vn 0 0 -1 
vn 0 0 -1 
vn 0 0 -1 
vn 0 0 -1 
vn 0 0 -1 
vn 0 0 -1 
vn 0 0 -1 
vn 0.322835 0 -0.944882 
vn 0.322835 0 -0.944882 
vn 0.307087 0 -0.952756 
vn 0 0 -1 
vn 0 0 -1 
vn 0.322835 0 -0.944882 
vn 0 0 -1 
vn 0 0 -1 
vn 0 0 -1 
vn 0 0 -1 
vn 0 0 -1 
vn 0 0 -1 
vn 0.133858 0 -0.992126 
vn 0 0 -1 
vn 0 0 -1 
vn 0 0 -1 
vn 0 0 -1 
vn 0 0 -1 
vn 0 0 -1 
vn 0 0 -1 
vn 0 0.133858 -0.992126 
vn 0 0.133858 -0.992126 
vn 0 0.133858 -0.992126 
vn 0 0 -1 
vn 0 0 -1 
vn 0 0 -1 
vn 0 0 -1 
vn 0 0 -1 
vn 0 0 -1 
vn 0 0 -1 
vn 0 0 -1 
vn 0 0 -1 
vn 0 0 -1 
vn 0 0 -1 
vn 0 0 -1 
vn 0 0 -1 
vn 0 0 -1 
vn 0 0 -1 
vn 0 0 -1 
vn 0 0.133858 -0.992126 
vn 0 0.133858 -0.992126 
vn 0 0.133858 -0.992126 
vn 0 0.133858 -0.992126 
vn 0 0.133858 -0.992126 
vn 0 0.133858 -0.992126 
vn 0 0 -1 
vn 0 0 -1 
vn 0 0 -1 
vn 0 0 -1 
vn 0 0 -1 
vn 0 0 -1 
vn 0 0 -1 
vn 0 0.133858 -0.992126 
vn 0 0.133858 -0.992126 
vn 0 0.133858 -0.992126 
vn 0 0.133858 -0.992126 
vn 0 0.133858 -0.992126 
vn 0 0.133858 -0.992126 
vn 0 0.133858 -0.992126 
vn 0 0.133858 -0.992126 
vn 0 0.133858 -0.992126 
vn 0 0.133858 -0.992126 
vn 0 0.133858 -0.992126 
vn 0 0.354331 -0.937008 
vn 0 0.354331 -0.937008 
vn 0 0.354331 -0.937008 
vn 0 0.354331 -0.937008 
vn 0 0.354331 -0.937008 
vn 0 0.354331 -0.937008 
vn 0 0.354331 -0.937008 
vn 0 0.133858 -0.992126 
vn 0 0.133858 -0.992126 
vn 0 0.354331 -0.937008 
vn 0 0.354331 -0.937008 
vn 0 0.354331 -0.937008 
vn 0 0.354331 -0.937008 
vn 0 0.354331 -0.937008 
vn 0 0.354331 -0.937008 
vn 0 0.354331 -0.937008 
vn 0 0.133858 -0.992126 
vn 0 0.354331 -0.937008 
vn 0 0.354331 -0.937008 
vn 0 0.354331 -0.937008 
vn 0 0.354331 -0.937008 
vn 0 0.354331 -0.937008 
vn 0 0.133858 -0.992126 
vn 0 0.354331 -0.937008 
vn 0 0.354331 -0.937008 
vn 0 0.354331 -0.937008 
vn 0 0.354331 -0.937008 
vn 0 0.354331 -0.937008 
vn 0 0 -1 
vn 0 0 -1 
vn 0 0 -1 
vn 0 0 -1 
vn 0 0 -1 
vn 0 0 -1 
vn 0 0 -1 
vn 0 0 -1 
vn 0 0 -1 
vn 0 0 -1 
vn 0 0 -1 
vn 0.133858 0 -0.992126 
vn 0.133858 0 -0.992126 
vn 0.133858 0 -0.992126 
vn 0.354331 0 -0.937008 
vn 0.354331 0 -0.937008 
vn 0.354331 0 -0.937008 
vn 0.133858 0 -0.992126 
vn 0.133858 0 -0.992126 
vn 0.133858 0 -0.992126 
vn 0.354331 0 -0.937008 
vn 0.133858 0 -0.992126 
vn 0.354331 0 -0.937008 
vn 0.354331 0 -0.937008 
vn 0.354331 0 -0.937008 
vn 0 0 -1 
vn 0.133858 0 -0.992126 
vn 0 0 -1 
vn 0 0 -1 
vn 0 0 -1 
vn 0.133858 0 -0.992126 
vn 0.133858 0 -0.992126 
vn 0.133858 0 -0.992126 
vn 0.133858 0 -0.992126 
vn 0.354331 0 -0.937008 
vn 0.354331 0 -0.937008 
vn 0.354331 0 -0.937008 
vn 0.354331 0 -0.937008 
vn 0.354331 0 -0.937008 
vn 0.133858 0 -0.992126 
vn 0 0 -1 
vn 0 0 -1 
vn 0.0944882 0.0944882 -0.992126 
vn 0.0944882 0.0944882 -0.992126 
vn 0.0944882 0.0944882 -0.992126 
vn 0.0944882 0.0944882 -0.992126 
vn 0.0944882 0.0944882 -0.992126 
vn 0.0944882 0.0944882 -0.992126 
vn 0.0944882 0.0944882 -0.992126 
vn 0 0 -1 
vn 0 0 -1 
vn 0.251969 0.251969 -0.937008 
vn 0.251969 0.251969 -0.937008 
vn 0.251969 0.251969 -0.937008 
vn 0.251969 0.251969 -0.937008 
vn 0.0944882 0.0944882 -0.992126 
vn 0 0 -1 
vn 0.0944882 0.0944882 -0.992126 
vn 0.0944882 0.0944882 -0.992126 
vn 0.0944882 0.0944882 -0.992126 
vn 0.0944882 0.0944882 -0.992126 
vn 0.251969 0.251969 -0.937008 
vn 0.251969 0.251969 -0.937008 
vn 0.251969 0.251969 -0.937008 
vn 0.251969 0.251969 -0.937008 
vn 0.251969 0.251969 -0.937008 
vn 0.251969 0.251969 -0.937008 
vn 0 0 -1 
vn 0.251969 0.251969 -0.937008 
vn 0.251969 0.251969 -0.937008 
vn 0 0 -1 
vn 0 0 -1 
vn 0 0 -1 
vn 0 0 -1 
vn 0 0 -1 
vn 0 0 -1 
vn 0 0.133858 -0.992126 
vn 0 0.133858 -0.992126 
vn 0 0.133858 -0.992126 
vn 0 0.133858 -0.992126 
vn 0 0.354331 -0.937008 
vn 0 0.354331 -0.937008 
vn 0 0.354331 -0.937008 
vn 0 0 -1 
vn 0 0 -1 
vn 0 0 -1 
vn 0 0 -1 
vn 0 0 -1 
vn 0 0.133858 -0.992126 
vn 0 0.133858 -0.992126 
vn 0 0.133858 -0.992126 
vn 0 0.133858 -0.992126 
vn 0 0.354331 -0.937008 
vn 0 0.354331 -0.937008 
vn 0 0.354331 -0.937008 
vn 0 0.188976 -0.984252 
vn 0 0.188976 -0.984252 
vn 0 0.692913 -0.724409 
vn 0 0.188976 -0.984252 
vn 0 0.188976 -0.984252 
vn 0 0.188976 -0.984252 
vn 0 0.188976 -0.984252 
vn 0 0.188976 -0.984252 
vn 0 0.188976 -0.984252 
vn 0 0.188976 -0.984252 
vn 0 0.188976 -0.984252 
vn 0 0.188976 -0.984252 
vn -0.00787402 -0.00787402 -1 
vn -0.00787402 -0.00787402 -1 
vn -0.00787402 -0.00787402 -1 
vn -0.00787402 -0.00787402 -1 
vn 0 0.354331 -0.937008 
vn 0 0.188976 -0.984252 
vn 0 0.188976 -0.984252 
vn 0 0.188976 -0.984252 
vn 0 0.188976 -0.984252 
vn 0 0.188976 -0.984252 
vn 0 0.188976 -0.984252 
vn 0 0.188976 -0.984252 
vn 0 0.188976 -0.984252 
vn 0 0.354331 -0.937008 
vn 0 0.188976 -0.984252 
vn 0 0.188976 -0.984252 
vn 0 0.188976 -0.984252 
vn 0 0.188976 -0.984252 
vn 0 0.188976 -0.984252 
vn 0 0.188976 -0.984252 
vn 0 0.188976 -0.984252 
vn 0 0.188976 -0.984252 
vn 0 0.692913 -0.724409 
vn 0 0.692913 -0.724409 
vn 0 0.692913 -0.724409 
vn 0 0.692913 -0.724409 
vn 0 0.692913 -0.724409 
vn 0 0.188976 -0.984252 
vn 0 0.692913 -0.724409 
vn 0 0.692913 -0.724409 
vn 0 0.188976 -0.984252 
vn 0 0.188976 -0.984252 
vn 0 0.188976 -0.984252 
vn 0 0 -1 
vn 0.133858 0 -0.992126 
vn 0 0 -1 
vn 0 0 -1 
vn 0 0 -1 
vn 0 0 -1 
vn 0 0 -1 
vn 0 0 -1 
vn 0 0 -1 
vn 0 0 -1 
vn 0 0 -1 
vn 0 0 -1 
vn 0 0 -1 
vn 0 0 -1 
vn 0 0 -1 
vn 0 0 -1 
vn 0.133858 0 -0.992126 
vn 0.133858 0 -0.992126 
vn 0.133858 0 -0.992126 
vn 0 0 -1 
vn 0 0 -1 
vn 0 0 -1 
vn 0 0 -1 
vn 0.0944882 0.0944882 -0.992126 
vn 0.0944882 0.0944882 -0.992126 
vn 0.0944882 0.0944882 -0.992126 
vn 0.0944882 0.0944882 -0.992126 
vn 0.251969 0.251969 -0.937008 
vn 0.251969 0.251969 -0.937008 
vn 0.251969 0.251969 -0.937008 
vn 0.354331 0 -0.937008 
vn 0.354331 0 -0.937008 
vn 0.354331 0 -0.937008 
vn 0.354331 0 -0.937008 
vn 0.133858 0 -0.992126 
vn 0.251969 0.251969 -0.937008 
vn 0 0.188976 -0.984252 
vn 0 0.188976 -0.984252 
vn 0 0.188976 -0.984252 
vn 0 0.188976 -0.984252 
vn 0 0.188976 -0.984252 
vn 0 0.188976 -0.984252 
vn 0 0.188976 -0.984252 
vn 0 0.188976 -0.984252 
vn 0 0.188976 -0.984252 
vn 0 0.188976 -0.984252 
vn 0 0.188976 -0.984252 
vn 0 0.188976 -0.984252 
vn 0 0.188976 -0.984252 
vn 0 0.188976 -0.984252 
vn 0 0.188976 -0.984252 

vt 26.5561 0.881333 
vt 26.5488 0.881333 
vt 26.5561 0.874499 
vt 26.5278 0.881333 
vt 26.5204 0.881333 
vt 26.5278 0.874499 
vt 26.5488 0.906517 
vt 26.5488 0.899684 
vt 26.5561 0.899684 
vt 26.5561 0.906517 
vt 26.5488 0.874499 
vt 26.5595 0.882872 
vt 26.5482 0.882872 
vt 26.5595 0.87296 
vt 26.5312 0.882872 
vt 26.5199 0.882872 
vt 26.5312 0.87296 
vt 26.5595 0.908056 
vt 26.5482 0.908056 
vt 26.5595 0.898145 
vt 26.5312 0.908056 
vt 26.5199 0.908056 
vt 26.5312 0.898145 
vt 26.5278 0.906517 
vt 26.5204 0.906517 
vt 26.5278 0.899684 
vt 26.5204 0.874499 
vt 26.5029 0.881333 
vt 26.4955 0.881333 
vt 26.5029 0.874499 
vt 26.5204 0.899684 
vt 26.5029 0.906517 
vt 26.4955 0.906517 
vt 26.5029 0.899684 
vt 26.4955 0.899684 
vt 26.4955 0.874499 
vt 26.5063 0.882872 
vt 26.495 0.882872 
vt 26.5063 0.87296 
vt 26.5063 0.908056 
vt 26.495 0.908056 
vt 26.5063 0.898145 
vt 26.4955 0.936281 
vt 26.4955 0.929448 
vt 26.5029 0.929448 
vt 26.5561 0.936281 
vt 26.5488 0.936281 
vt 26.5561 0.929448 
vt 26.5488 0.929448 
vt 26.5488 0.965587 
vt 26.5488 0.958754 
vt 26.5561 0.958754 
vt 26.5561 0.965587 
vt 26.5488 0.991688 
vt 26.5488 0.984854 
vt 26.5561 0.984854 
vt 26.5595 0.93782 
vt 26.5482 0.93782 
vt 26.5595 0.927909 
vt 26.5312 0.93782 
vt 26.5199 0.93782 
vt 26.5312 0.927909 
vt 26.5595 0.967126 
vt 26.5482 0.967126 
vt 26.5595 0.957215 
vt 26.5312 0.967126 
vt 26.5199 0.967126 
vt 26.5312 0.957215 
vt 26.5278 0.936281 
vt 26.5204 0.936281 
vt 26.5278 0.929448 
vt 26.5204 0.929448 
vt 26.5029 0.936281 
vt 26.5029 0.965587 
vt 26.4955 0.965587 
vt 26.5029 0.958754 
vt 26.5278 0.965587 
vt 26.5204 0.965587 
vt 26.5278 0.958754 
vt 26.5204 0.958754 
vt 26.5063 0.93782 
vt 26.495 0.93782 
vt 26.5063 0.927909 
vt 26.5063 0.967126 
vt 26.495 0.967126 
vt 26.5063 0.957215 
vt 26.4955 0.991688 
vt 26.4955 0.984854 
vt 26.5029 0.984854 
vt 26.5482 0.87296 
vt 26.5614 0.884689 
vt 26.5458 0.884689 
vt 26.5614 0.871144 
vt 26.5199 0.87296 
vt 26.5482 0.898145 
vt 26.5614 0.909873 
vt 26.5458 0.909873 
vt 26.5614 0.896328 
vt 26.5458 0.871144 
vt 26.5458 0.896328 
vt 26.533 0.884689 
vt 26.5175 0.884689 
vt 26.533 0.871144 
vt 26.533 0.909873 
vt 26.5175 0.909873 
vt 26.533 0.896328 
vt 26.5458 0.939637 
vt 26.5458 0.926092 
vt 26.5614 0.926092 
vt 26.5199 0.898145 
vt 26.5175 0.871144 
vt 26.495 0.87296 
vt 26.495 0.898145 
vt 26.5199 0.927909 
vt 26.5175 0.896328 
vt 26.5081 0.884689 
vt 26.4925 0.884689 
vt 26.5081 0.871144 
vt 26.5081 0.909873 
vt 26.4925 0.909873 
vt 26.5081 0.896328 
vt 26.5175 0.939637 
vt 26.5175 0.926092 
vt 26.533 0.926092 
vt 26.495 0.927909 
vt 26.5614 0.939637 
vt 26.5482 0.927909 
vt 26.5482 0.957215 
vt 26.5482 0.993227 
vt 26.5482 0.983315 
vt 26.5595 0.983315 
vt 26.5614 0.968943 
vt 26.5458 0.968943 
vt 26.5614 0.955398 
vt 26.533 0.939637 
vt 26.5458 0.955398 
vt 26.5458 0.995044 
vt 26.5458 0.981499 
vt 26.5614 0.981499 
vt 26.533 0.968943 
vt 26.5175 0.968943 
vt 26.533 0.955398 
vt 26.5199 0.957215 
vt 26.495 0.957215 
vt 26.5199 0.993227 
vt 26.5199 0.983315 
vt 26.5312 0.983315 
vt 26.495 0.993227 
vt 26.495 0.983315 
vt 26.5063 0.983315 
vt 26.5175 0.955398 
vt 26.5081 0.939637 
vt 26.4925 0.939637 
vt 26.5081 0.926092 
vt 26.5081 0.968943 
vt 26.4925 0.968943 
vt 26.5081 0.955398 
vt 26.5175 0.995044 
vt 26.5175 0.981499 
vt 26.533 0.981499 
vt 26.4955 0.958754 
vt 26.4065 0.889747 
vt 26.4236 0.865059 
vt 26.4236 0.889747 
vt 26.4065 0.865059 
vt 26.4236 0.914436 
vt 26.4065 0.889747 
vt 26.4236 0.889747 
vt 26.4236 0.935029 
vt 26.4065 0.915386 
vt 26.4236 0.915386 
vt 26.4236 0.935029 
vt 26.4065 0.915386 
vt 26.4236 0.915386 
vt 26.4749 0.881333 
vt 26.4676 0.881333 
vt 26.4749 0.874499 
vt 26.4065 0.889747 
vt 26.4236 0.865059 
vt 26.4236 0.889747 
vt 26.4236 0.914436 
vt 26.4065 0.889747 
vt 26.4236 0.889747 
vt 26.4749 0.906517 
vt 26.4676 0.906517 
vt 26.4749 0.899684 
vt 26.4065 0.865059 
vt 26.4065 0.914436 
vt 26.4065 0.889747 
vt 26.4236 0.914436 
vt 26.3097 0.974207 
vt 26.2706 0.8754 
vt 26.3097 0.8754 
vt 26.3879 0.974207 
vt 26.3488 0.8754 
vt 26.3879 0.8754 
vt 26.3879 0.883568 
vt 26.3811 0.966038 
vt 26.3811 0.883568 
vt 26.3879 0.883568 
vt 26.3811 0.966038 
vt 26.3811 0.883568 
vt 26.4065 0.914436 
vt 26.4065 0.889747 
vt 26.4236 0.914436 
vt 26.3097 0.974207 
vt 26.2706 0.8754 
vt 26.3097 0.8754 
vt 26.3879 0.974207 
vt 26.3488 0.8754 
vt 26.3879 0.8754 
vt 26.4065 0.935029 
vt 26.4236 0.960669 
vt 26.4065 0.93598 
vt 26.4236 0.93598 
vt 26.4065 0.935029 
vt 26.4236 0.960669 
vt 26.4065 0.93598 
vt 26.4236 0.93598 
vt 26.4236 0.985357 
vt 26.4065 0.960669 
vt 26.4236 0.985357 
vt 26.4065 0.960669 
vt 26.4749 0.936281 
vt 26.4676 0.936281 
vt 26.4749 0.929448 
vt 26.4749 0.965587 
vt 26.4676 0.965587 
vt 26.4749 0.958754 
vt 26.4065 0.985357 
vt 26.3879 0.966038 
vt 26.3488 0.974207 
vt 26.4065 0.985357 
vt 26.2706 0.974207 
vt 26.3879 0.966038 
vt 26.2706 0.974207 
vt 26.3488 0.974207 
vt 26.4676 0.929448 
vt 26.4783 0.882872 
vt 26.467 0.882872 
vt 26.4783 0.87296 
vt 26.467 0.87296 
vt 26.467 0.908056 
vt 26.467 0.898145 
vt 26.4783 0.898145 
vt 26.4783 0.908056 
vt 26.4925 0.871144 
vt 26.4925 0.896328 
vt 26.4802 0.884689 
vt 26.4646 0.884689 
vt 26.4802 0.871144 
vt 26.4802 0.909873 
vt 26.4646 0.909873 
vt 26.4802 0.896328 
vt 26.4925 0.926092 
vt 26.4676 0.874499 
vt 26.4646 0.871144 
vt 26.4646 0.896328 
vt 26.4676 0.899684 
vt 25.6682 0.914286 
vt 25.7519 0.914286 
vt 25.6682 0.95059 
vt 25.7454 0.984432 
vt 25.7338 0.866976 
vt 25.8093 0.920909 
vt 25.7291 0.816005 
vt 25.7861 0.963502 
vt 25.6825 0.864968 
vt 25.6825 0.864968 
vt 25.7861 0.963502 
vt 25.6359 0.913931 
vt 25.6703 0.930893 
vt 26.4646 0.939637 
vt 26.4646 0.926092 
vt 26.4802 0.926092 
vt 26.4783 0.93782 
vt 26.467 0.93782 
vt 26.4783 0.927909 
vt 26.467 0.927909 
vt 26.467 0.967126 
vt 26.467 0.957215 
vt 26.4783 0.957215 
vt 26.4783 0.967126 
vt 26.4925 0.955398 
vt 26.4802 0.939637 
vt 26.4802 0.968943 
vt 26.4646 0.968943 
vt 26.4802 0.955398 
vt 26.4925 0.995044 
vt 26.4925 0.981499 
vt 26.5081 0.981499 
vt 26.467 0.993227 
vt 26.467 0.983315 
vt 26.4783 0.983315 
vt 26.4676 0.958754 
vt 26.4646 0.955398 
vt 26.2025 0.989957 
vt 26.3567 0.947313 
vt 26.3567 0.989957 
vt 26.4646 0.995044 
vt 26.4646 0.981499 
vt 26.4802 0.981499 
vt 26.2025 0.947313 
vt 25.7519 0.95059 
vt 25.6359 0.913931 
vt 25.7395 1.01247 
vt 25.5893 0.962895 
vt 25.7395 1.01247 
vt 26.5204 0.991688 
vt 26.5204 0.984854 
vt 26.5278 0.984854 
vt 26.5595 0.993227 
vt 26.5561 0.991688 
vt 26.5312 0.993227 
vt 26.5502 1.00725 
vt 26.5622 1.00836 
vt 26.5502 1.01464 
vt 26.5614 0.995044 
vt 26.5641 1.00309 
vt 26.5477 1.0132 
vt 26.5477 1.00309 
vt 26.533 0.995044 
vt 26.5641 1.0132 
vt 26.5322 1.01575 
vt 26.5203 1.01464 
vt 26.5322 1.00836 
vt 26.5278 0.991688 
vt 26.5063 0.993227 
vt 26.5029 0.991688 
vt 26.494 1.00725 
vt 26.5059 1.00836 
vt 26.494 1.01464 
vt 26.5203 1.00725 
vt 26.5081 0.995044 
vt 26.5079 1.0132 
vt 26.4915 1.00309 
vt 26.5079 1.00309 
vt 26.4915 1.0132 
vt 26.5059 1.01575 
vt 26.5622 1.01575 
vt 26.5615 1.01926 
vt 26.5496 1.01815 
vt 26.5502 1.01464 
vt 26.5508 1.00999 
vt 26.5586 1.01718 
vt 26.5508 1.01509 
vt 26.5508 1.01509 
vt 26.5586 1.01718 
vt 26.5566 1.02078 
vt 26.5489 1.0187 
vt 26.5622 1.01575 
vt 26.5477 1.0132 
vt 26.5641 1.0132 
vt 26.5641 1.01761 
vt 26.5342 1.01761 
vt 26.5177 1.0132 
vt 26.5342 1.0132 
vt 26.5477 1.01761 
vt 26.5316 1.01926 
vt 26.5203 1.01464 
vt 26.5322 1.01575 
vt 26.5196 1.01815 
vt 26.5209 1.00999 
vt 26.5286 1.01718 
vt 26.5209 1.01509 
vt 26.4946 1.00999 
vt 26.5024 1.01718 
vt 26.4946 1.01509 
vt 26.5053 1.01926 
vt 26.4934 1.01815 
vt 26.494 1.01464 
vt 26.4946 1.01509 
vt 26.5004 1.02078 
vt 26.4927 1.0187 
vt 26.5059 1.01575 
vt 26.5079 1.01761 
vt 26.4915 1.0132 
vt 26.5079 1.0132 
vt 26.4915 1.01761 
vt 26.5177 1.01761 
vt 26.4955 1.01834 
vt 26.5029 1.02114 
vt 26.501 1.02597 
vt 26.5614 1.01836 
vt 26.5458 1.01245 
vt 26.5614 1.01245 
vt 26.5458 1.01836 
vt 26.5306 1.02239 
vt 26.5199 1.0162 
vt 26.5312 1.01769 
vt 26.5589 1.02239 
vt 26.5482 1.0162 
vt 26.5595 1.01769 
vt 26.533 1.01836 
vt 26.5175 1.01245 
vt 26.533 1.01245 
vt 26.5614 1.01836 
vt 26.5458 1.01245 
vt 26.5614 1.01245 
vt 26.533 1.01836 
vt 26.5175 1.01245 
vt 26.533 1.01245 
vt 26.5458 1.01836 
vt 26.5306 1.02239 
vt 26.5199 1.0162 
vt 26.5312 1.01769 
vt 26.5175 1.01836 
vt 26.5081 1.01836 
vt 26.4925 1.01245 
vt 26.5081 1.01245 
vt 26.4925 1.01836 
vt 26.5056 1.02239 
vt 26.495 1.0162 
vt 26.5063 1.01769 
vt 26.5056 1.02239 
vt 26.495 1.0162 
vt 26.5063 1.01769 
vt 26.5175 1.01836 
vt 26.4802 1.01836 
vt 26.4646 1.01245 
vt 26.4802 1.01245 
vt 26.5081 1.01836 
vt 26.4925 1.01245 
vt 26.5081 1.01245 
vt 26.4925 1.01836 
vt 26.5589 1.02239 
vt 26.5482 1.0162 
vt 26.5595 1.01769 
vt 26.5476 1.0209 
vt 26.5204 1.01834 
vt 26.5278 1.02114 
vt 26.5259 1.02597 
vt 26.5488 1.01834 
vt 26.5561 1.02114 
vt 26.5543 1.02597 
vt 26.547 1.02317 
vt 26.5488 1.01834 
vt 26.5561 1.02114 
vt 26.5543 1.02597 
vt 26.5476 1.0209 
vt 26.5204 1.01834 
vt 26.5278 1.02114 
vt 26.5259 1.02597 
vt 26.547 1.02317 
vt 26.5193 1.0209 
vt 26.4943 1.0209 
vt 26.4937 1.02317 
vt 26.5186 1.02317 
vt 26.5186 1.02317 
vt 26.4955 1.01834 
vt 26.5029 1.02114 
vt 26.501 1.02597 
vt 26.4943 1.0209 
vt 26.5193 1.0209 
vt 26.4937 1.02317 
vt 26.4802 1.01836 
vt 26.4646 1.01245 
vt 26.4802 1.01245 
vt 26.4749 0.991688 
vt 26.4676 0.991688 
vt 26.4749 0.984854 
vt 26.4676 0.984854 
vt 26.4783 0.993227 
vt 26.4764 1.01575 
vt 26.4645 1.00725 
vt 26.4764 1.00836 
vt 26.4802 0.995044 
vt 26.4784 1.0132 
vt 26.462 1.0132 
vt 26.4784 1.00309 
vt 26.4646 1.01836 
vt 26.4758 1.01926 
vt 26.4645 1.01464 
vt 26.4764 1.01575 
vt 26.4777 1.02239 
vt 26.467 1.0162 
vt 26.4783 1.01769 
vt 26.4646 1.01836 
vt 26.4651 1.00999 
vt 26.4729 1.01718 
vt 26.4651 1.01509 
vt 26.462 1.00309 
vt 26.4639 1.01815 
vt 26.4651 1.01509 
vt 26.4709 1.02078 
vt 26.4632 1.0187 
vt 26.4151 1.06348 
vt 26.142 0.942376 
vt 26.4278 0.996485 
vt 26.1293 1.00937 
vt 26.019 0.988487 
vt 26.2275 1.04302 
vt 26.0163 1.00303 
vt 26.2505 1.01214 
vt 26.2303 1.02848 
vt 26.2339 1.00901 
vt 26.4777 1.02239 
vt 26.467 1.0162 
vt 26.4783 1.01769 
vt 26.4664 1.0209 
vt 26.4336 1.06698 
vt 26.4278 0.996485 
vt 26.4463 0.999981 
vt 26.4676 1.01834 
vt 26.4749 1.02114 
vt 26.4731 1.02597 
vt 26.4657 1.02317 
vt 26.4676 1.01834 
vt 26.4749 1.02114 
vt 26.4731 1.02597 
vt 26.4197 1.06435 
vt 26.4327 0.995591 
vt 26.442 0.997349 
vt 26.4664 1.0209 
vt 26.4657 1.02317 
vt 26.4151 1.06348 
vt 26.3355 1.0484 
vt 26.3223 1.00606 
vt 26.3427 1.00993 
vt 26.315 1.04453 
vt 26.315 1.04453 
vt 26.244 1.04615 
vt 26.2468 1.03161 
vt 26.3123 1.05907 
vt 26.2468 1.03161 
vt 26.0968 1.00484 
vt 26.3126 1.05749 
vt 26.0946 1.01622 
vt 26.3147 1.04611 
vt 26.429 1.06611 
vt 26.4466 0.998218 
vt 26.4298 0.985781 
vt 26.4483 0.989277 
vt 26.4281 0.994722 
vt 26.4151 1.06348 
vt 26.2275 1.04302 
vt 26.2468 1.03161 
vt 26.244 1.04615 
vt 26.315 1.04453 
vt 26.244 1.04615 
vt 26.2468 1.03161 
vt 26.4336 1.06698 
vt 26.4151 1.06348 
vt 26.4281 0.994722 
vt 26.4466 0.998218 
vt 26.4336 1.06698 
vt 26.3123 1.05907 
vt 26.2466 1.03158 
vt 26.315 1.04453 
vt 26.2303 1.02848 
vt 25.6814 1.04796 
vt 25.6067 0.994809 
vt 26.1027 1.021 
vt 26.0869 1.00654 
vt 26.1026 1.00646 
vt 26.087 1.02108 
vt 26.1026 1.00646 
vt 26.2303 1.02848 
vt 26.1027 1.021 
vt 26.2301 1.02845 
vt 26.1023 1.02067 
vt 26.1022 1.00613 
vt 26.2273 1.04299 
vt 26.2275 1.04302 
vt 26.2439 1.04612 
vt 26.315 1.04453 
vt 26.3355 1.0484 
vt 26.3123 1.05907 
vt 26.3123 1.05907 
vt 25.6175 1.11148 
vt 25.5431 1.05873 
vt 26.3327 1.06294 
vt 26.4124 1.07802 
vt 26.4308 1.08152 
vt 25.4675 1.09366 
vt 25.5886 1.14909 
vt 25.5588 1.18046 
vt 25.4974 1.06229 
vt 25.4764 1.16801 
vt 25.4335 1.14837 
vt 25.4441 1.13726 
vt 25.4376 1.14908 
vt 25.4493 1.1717 
vt 25.4319 1.15508 
vt 25.455 1.1657 
vt 25.4659 1.17912 
vt 25.4575 1.11873 
vt 25.5057 1.1646 
vt 25.4899 1.18117 
vt 25.4765 1.08929 
vt 25.5258 1.18423 
vt 25.4525 1.11449 
vt 25.5498 1.15903 
vt 25.4417 1.1353 
vt 25.6929 1.06143 
vt 26.5614 0.884689 
vt 26.5458 0.884689 
vt 26.5614 0.871144 
vt 26.5458 0.871144 
vt 26.5458 0.909873 
vt 26.5458 0.896328 
vt 26.5614 0.896328 
vt 26.5614 0.909873 
vt 26.533 0.884689 
vt 26.5175 0.884689 
vt 26.533 0.871144 
vt 26.5476 0.882872 
vt 26.5476 0.87296 
vt 26.5589 0.87296 
vt 26.5193 0.882872 
vt 26.5193 0.87296 
vt 26.5306 0.87296 
vt 26.5476 0.908056 
vt 26.5476 0.898145 
vt 26.5589 0.898145 
vt 26.5193 0.908056 
vt 26.5193 0.898145 
vt 26.5306 0.898145 
vt 26.5175 0.871144 
vt 26.5081 0.884689 
vt 26.4925 0.884689 
vt 26.5081 0.871144 
vt 26.4802 0.884689 
vt 26.4646 0.884689 
vt 26.4802 0.871144 
vt 26.5175 0.909873 
vt 26.5175 0.896328 
vt 26.533 0.896328 
vt 26.5681 1.01245 
vt 26.4088 0.849782 
vt 26.5681 0.849782 
vt 26.4925 0.871144 
vt 26.4943 0.882872 
vt 26.4943 0.87296 
vt 26.5056 0.87296 
vt 26.4925 0.909873 
vt 26.4925 0.896328 
vt 26.5081 0.896328 
vt 26.4943 0.908056 
vt 26.4943 0.898145 
vt 26.5056 0.898145 
vt 26.5081 0.909873 
vt 26.5458 0.939637 
vt 26.5458 0.926092 
vt 26.5614 0.926092 
vt 26.533 0.909873 
vt 26.5614 0.939637 
vt 26.5458 0.968943 
vt 26.5458 0.955398 
vt 26.5614 0.955398 
vt 26.533 0.939637 
vt 26.5175 0.939637 
vt 26.533 0.926092 
vt 26.5476 0.93782 
vt 26.5476 0.927909 
vt 26.5589 0.927909 
vt 26.5193 0.93782 
vt 26.5193 0.927909 
vt 26.5306 0.927909 
vt 26.5476 0.967126 
vt 26.5476 0.957215 
vt 26.5589 0.957215 
vt 26.5193 0.967126 
vt 26.5193 0.957215 
vt 26.5306 0.957215 
vt 26.5175 0.926092 
vt 26.4802 0.909873 
vt 26.4646 0.909873 
vt 26.4802 0.896328 
vt 26.4802 0.939637 
vt 26.4646 0.939637 
vt 26.4802 0.926092 
vt 26.5081 0.939637 
vt 26.4925 0.939637 
vt 26.5081 0.926092 
vt 26.5175 0.968943 
vt 26.5175 0.955398 
vt 26.533 0.955398 
vt 26.4925 0.926092 
vt 26.4943 0.93782 
vt 26.4943 0.927909 
vt 26.5056 0.927909 
vt 26.4925 0.968943 
vt 26.4925 0.955398 
vt 26.5081 0.955398 
vt 26.4943 0.967126 
vt 26.4943 0.957215 
vt 26.5056 0.957215 
vt 26.4777 0.882872 
vt 26.4664 0.882872 
vt 26.4777 0.87296 
vt 26.5589 0.882872 
vt 26.5306 0.882872 
vt 26.5589 0.908056 
vt 26.5306 0.908056 
vt 26.547 0.881333 
vt 26.547 0.874499 
vt 26.5543 0.874499 
vt 26.5543 0.881333 
vt 26.5259 0.881333 
vt 26.5186 0.881333 
vt 26.5259 0.874499 
vt 26.547 0.906517 
vt 26.547 0.899684 
vt 26.5543 0.899684 
vt 26.5543 0.906517 
vt 26.5259 0.906517 
vt 26.5186 0.906517 
vt 26.5259 0.899684 
vt 26.5186 0.874499 
vt 26.5056 0.882872 
vt 26.5186 0.899684 
vt 26.5056 0.908056 
vt 26.4937 0.881333 
vt 26.4937 0.874499 
vt 26.501 0.874499 
vt 26.501 0.881333 
vt 26.4937 0.906517 
vt 26.4937 0.899684 
vt 26.501 0.899684 
vt 26.501 0.906517 
vt 26.5186 0.936281 
vt 26.5186 0.929448 
vt 26.5259 0.929448 
vt 26.5589 0.93782 
vt 26.5306 0.93782 
vt 26.5589 0.967126 
vt 26.5306 0.967126 
vt 26.547 0.936281 
vt 26.547 0.929448 
vt 26.5543 0.929448 
vt 26.5543 0.936281 
vt 26.547 0.965587 
vt 26.547 0.958754 
vt 26.5543 0.958754 
vt 26.5543 0.965587 
vt 26.5259 0.936281 
vt 26.5056 0.93782 
vt 26.4937 0.936281 
vt 26.4937 0.929448 
vt 26.501 0.929448 
vt 26.5186 0.965587 
vt 26.5186 0.958754 
vt 26.5259 0.958754 
vt 26.5056 0.967126 
vt 26.4937 0.965587 
vt 26.4937 0.958754 
vt 26.501 0.958754 
vt 26.501 0.936281 
vt 26.501 0.965587 
vt 26.5259 0.965587 
vt 26.4777 0.93782 
vt 26.4664 0.93782 
vt 26.4777 0.927909 
vt 26.4646 0.871144 
vt 26.4646 0.896328 
vt 26.3426 1.01245 
vt 26.2764 0.849782 
vt 26.3426 0.849782 
vt 26.4088 1.01245 
vt 26.4664 0.87296 
vt 26.4664 0.908056 
vt 26.4664 0.898145 
vt 26.4777 0.898145 
vt 26.4657 0.881333 
vt 26.4657 0.874499 
vt 26.4731 0.874499 
vt 26.4657 0.906517 
vt 26.4657 0.899684 
vt 26.4731 0.899684 
vt 26.4777 0.908056 
vt 26.2764 1.01245 
vt 26.2102 0.849782 
vt 25.6121 0.849781 
vt 26.5642 0.815771 
vt 26.5642 0.849782 
vt 25.6121 0.81577 
vt 25.8326 0.914539 
vt 25.7925 0.850863 
vt 25.615 0.997667 
vt 25.615 0.850863 
vt 25.8926 1.00319 
vt 25.8304 0.848462 
vt 25.8926 0.848462 
vt 26.0026 1.01245 
vt 25.9304 0.849781 
vt 26.0026 0.849781 
vt 26.144 1.01245 
vt 26.043 0.849781 
vt 26.144 0.849781 
vt 26.2102 1.01245 
vt 25.7354 0.989171 
vt 25.7239 0.874054 
vt 25.7993 0.927986 
vt 26.4646 0.926092 
vt 26.4646 0.968943 
vt 26.4646 0.955398 
vt 26.4802 0.955398 
vt 26.4664 0.967126 
vt 26.4664 0.957215 
vt 26.4777 0.957215 
vt 26.4664 0.927909 
vt 26.4657 0.936281 
vt 26.4657 0.929448 
vt 26.4731 0.929448 
vt 26.4657 0.965587 
vt 26.4657 0.958754 
vt 26.4731 0.958754 
vt 26.4777 0.967126 
vt 25.7925 0.997667 
vt 25.6599 0.935632 
vt 25.8304 1.00319 
vt 25.9304 1.01245 
vt 26.043 1.01245 
vt 26.4731 0.965587 
vt 26.4731 0.881333 
vt 26.4236 0.889747 
vt 26.4065 0.865059 
vt 26.4236 0.865059 
vt 26.4236 0.914436 
vt 26.4065 0.889747 
vt 26.4236 0.889747 
vt 26.4731 0.906517 
vt 26.4065 0.889747 
vt 26.4236 0.889747 
vt 26.4065 0.865059 
vt 26.4236 0.865059 
vt 26.4065 0.889747 
vt 26.4236 0.914436 
vt 26.4065 0.914436 
vt 26.4065 0.914436 
vt 26.3488 0.974207 
vt 26.3488 0.8754 
vt 26.3879 0.8754 
vt 26.2706 0.974207 
vt 26.2706 0.8754 
vt 26.3097 0.8754 
vt 26.3879 0.966038 
vt 26.3811 0.883568 
vt 26.3879 0.883568 
vt 26.4065 0.935029 
vt 26.4065 0.915386 
vt 26.4236 0.915386 
vt 26.3879 0.966038 
vt 26.3811 0.883568 
vt 26.3879 0.883568 
vt 26.2706 0.974207 
vt 26.2706 0.8754 
vt 26.3097 0.8754 
vt 26.3488 0.974207 
vt 26.3488 0.8754 
vt 26.3879 0.8754 
vt 26.4065 0.935029 
vt 26.4065 0.915386 
vt 26.4236 0.915386 
vt 25.5938 0.95059 
vt 25.5495 0.914286 
vt 25.5938 0.914286 
vt 26.4731 0.936281 
vt 26.4236 0.935029 
vt 26.3811 0.966038 
vt 26.4065 0.960669 
vt 26.4236 0.93598 
vt 26.4236 0.960669 
vt 26.4065 0.93598 
vt 26.4236 0.935029 
vt 26.4236 0.93598 
vt 26.4065 0.960669 
vt 26.4065 0.93598 
vt 26.4236 0.960669 
vt 26.3811 0.966038 
vt 25.6722 0.95059 
vt 25.6351 0.914286 
vt 25.6722 0.914286 
vt 25.6351 0.95059 
vt 26.3097 0.974207 
vt 26.3879 0.974207 
vt 25.5495 0.95059 
vt 26.3097 0.974207 
vt 26.3879 0.974207 
vt 26.3567 0.989957 
vt 26.2025 0.947313 
vt 26.3567 0.947313 
vt 26.5081 0.968943 
vt 26.5614 1.01245 
vt 26.5458 1.01836 
vt 26.5458 1.01245 
vt 26.5175 1.01836 
vt 26.533 1.01245 
vt 26.533 1.01836 
vt 26.5614 1.01836 
vt 26.5306 1.02239 
vt 26.5199 1.0162 
vt 26.5312 1.01769 
vt 26.5458 1.01836 
vt 26.5614 1.01245 
vt 26.5614 1.01836 
vt 26.5641 1.01761 
vt 26.5477 1.01761 
vt 26.5641 1.0075 
vt 26.5177 1.01761 
vt 26.5342 1.0075 
vt 26.5342 1.01761 
vt 26.5458 1.01245 
vt 26.5175 1.01836 
vt 26.533 1.01245 
vt 26.533 1.01836 
vt 26.5175 1.01245 
vt 26.4925 1.01836 
vt 26.5081 1.01245 
vt 26.5081 1.01836 
vt 26.4925 1.01245 
vt 26.5056 1.02239 
vt 26.495 1.0162 
vt 26.5063 1.01769 
vt 26.5056 1.02239 
vt 26.495 1.0162 
vt 26.5063 1.01769 
vt 26.5175 1.01245 
vt 26.4915 1.01761 
vt 26.5079 1.0075 
vt 26.5079 1.01761 
vt 26.5081 1.01245 
vt 26.4925 1.01836 
vt 26.4925 1.01245 
vt 26.5081 1.01836 
vt 26.5306 1.02239 
vt 26.5199 1.0162 
vt 26.5312 1.01769 
vt 26.5589 1.02239 
vt 26.5482 1.0162 
vt 26.5595 1.01769 
vt 26.5259 1.02597 
vt 26.5204 1.01834 
vt 26.5278 1.02114 
vt 26.5543 1.02597 
vt 26.5488 1.01834 
vt 26.5561 1.02114 
vt 26.547 1.02317 
vt 26.5476 1.0209 
vt 26.5589 1.02239 
vt 26.5482 1.0162 
vt 26.5595 1.01769 
vt 26.5476 1.0209 
vt 26.5543 1.02597 
vt 26.5488 1.01834 
vt 26.5561 1.02114 
vt 26.547 1.02317 
vt 26.5259 1.02597 
vt 26.5204 1.01834 
vt 26.5278 1.02114 
vt 26.5193 1.0209 
vt 26.4943 1.0209 
vt 26.501 1.02597 
vt 26.4955 1.01834 
vt 26.5029 1.02114 
vt 26.5186 1.02317 
vt 26.5186 1.02317 
vt 26.4943 1.0209 
vt 26.5193 1.0209 
vt 26.501 1.02597 
vt 26.4955 1.01834 
vt 26.5029 1.02114 
vt 26.5053 1.01926 
vt 26.4934 1.01815 
vt 26.5053 1.01187 
vt 26.5614 0.968943 
vt 26.533 0.968943 
vt 26.5458 0.995044 
vt 26.5458 0.981499 
vt 26.5614 0.981499 
vt 26.5614 0.995044 
vt 26.5476 0.993227 
vt 26.5476 0.983315 
vt 26.5589 0.983315 
vt 26.5543 0.991688 
vt 26.547 0.991688 
vt 26.5543 0.984854 
vt 26.547 0.984854 
vt 26.5589 0.993227 
vt 26.5306 0.993227 
vt 26.5193 0.993227 
vt 26.5306 0.983315 
vt 26.5259 0.991688 
vt 26.5186 0.991688 
vt 26.5259 0.984854 
vt 26.5175 0.995044 
vt 26.5175 0.981499 
vt 26.533 0.981499 
vt 26.4925 0.995044 
vt 26.4925 0.981499 
vt 26.5081 0.981499 
vt 26.5193 0.983315 
vt 26.5081 0.995044 
vt 26.4943 0.993227 
vt 26.4943 0.983315 
vt 26.5056 0.983315 
vt 26.5186 0.984854 
vt 26.501 0.991688 
vt 26.4937 0.991688 
vt 26.501 0.984854 
vt 26.5056 0.993227 
vt 26.533 0.995044 
vt 26.5641 1.00309 
vt 26.5477 1.0075 
vt 26.5477 1.00309 
vt 26.5342 1.0075 
vt 26.5177 1.0075 
vt 26.5342 1.00309 
vt 26.5477 1.0075 
vt 26.5489 1.0136 
vt 26.5566 1.02078 
vt 26.5489 1.0187 
vt 26.5641 1.0075 
vt 26.5566 1.01568 
vt 26.5508 1.00999 
vt 26.5586 1.01208 
vt 26.5316 1.01926 
vt 26.5196 1.01076 
vt 26.5316 1.01187 
vt 26.5566 1.01568 
vt 26.5267 1.01568 
vt 26.5209 1.00999 
vt 26.5286 1.01208 
vt 26.5177 1.00309 
vt 26.5079 1.0075 
vt 26.4915 1.00309 
vt 26.5079 1.00309 
vt 26.5177 1.0075 
vt 26.519 1.0136 
vt 26.5267 1.02078 
vt 26.519 1.0187 
vt 26.5004 1.02078 
vt 26.4927 1.0187 
vt 26.5004 1.01568 
vt 26.494 1.00725 
vt 26.5053 1.01187 
vt 26.4934 1.01076 
vt 26.5004 1.01568 
vt 26.4946 1.00999 
vt 26.5024 1.01208 
vt 26.5267 1.01568 
vt 26.4934 1.01076 
vt 26.4646 1.01836 
vt 26.4802 1.01245 
vt 26.4802 1.01836 
vt 26.4777 1.02239 
vt 26.467 1.0162 
vt 26.4783 1.01769 
vt 26.4664 1.0209 
vt 26.4731 1.02597 
vt 26.4676 1.01834 
vt 26.4749 1.02114 
vt 26.4646 1.01245 
vt 26.4646 1.01836 
vt 26.4802 1.01245 
vt 26.4802 1.01836 
vt 26.4646 1.01245 
vt 26.4777 1.02239 
vt 26.467 1.0162 
vt 26.4783 1.01769 
vt 26.4664 1.0209 
vt 26.4299 0.985317 
vt 26.4484 0.988813 
vt 26.4463 0.999981 
vt 25.6714 1.05036 
vt 25.6599 0.935632 
vt 25.7354 0.989171 
vt 25.5959 0.99721 
vt 26.1027 1.01953 
vt 26.0869 1.00507 
vt 26.1026 1.00499 
vt 26.4197 1.06435 
vt 26.4327 0.995591 
vt 26.442 0.997349 
vt 26.087 1.01961 
vt 26.2303 1.02848 
vt 26.2339 1.00901 
vt 26.2505 1.01214 
vt 26.315 1.04453 
vt 26.3223 1.00606 
vt 26.3427 1.00993 
vt 26.4278 0.996485 
vt 26.4463 0.999981 
vt 26.4336 1.06698 
vt 26.4731 1.02597 
vt 26.4676 1.01834 
vt 26.4749 1.02114 
vt 26.4657 1.02317 
vt 26.4657 1.02317 
vt 26.4937 1.02317 
vt 26.4937 1.02317 
vt 26.429 1.06611 
vt 26.4151 1.06348 
vt 26.4336 1.06698 
vt 26.4124 1.07802 
vt 26.4151 1.06348 
vt 26.4308 1.08152 
vt 26.3355 1.0484 
vt 25.6463 1.11039 
vt 25.5893 0.962895 
vt 25.6929 1.06143 
vt 25.5427 1.01186 
vt 25.5427 1.01186 
vt 25.5997 1.15936 
vt 25.4962 1.06082 
vt 25.6463 1.11039 
vt 25.5959 0.99721 
vt 25.6074 1.11154 
vt 25.532 1.05879 
vt 26.0968 1.00484 
vt 26.3126 1.05749 
vt 26.0946 1.01622 
vt 26.3147 1.04611 
vt 25.6714 1.05036 
vt 26.3355 1.0484 
vt 26.4124 1.07802 
vt 26.3327 1.06294 
vt 26.4802 0.968943 
vt 26.4802 0.995044 
vt 26.4646 0.995044 
vt 26.4802 0.981499 
vt 26.4784 1.0075 
vt 26.462 1.00309 
vt 26.4784 1.00309 
vt 26.4915 1.0075 
vt 26.4646 0.981499 
vt 26.4937 0.984854 
vt 26.4664 0.993227 
vt 26.4664 0.983315 
vt 26.4777 0.983315 
vt 26.4731 0.991688 
vt 26.4657 0.991688 
vt 26.4731 0.984854 
vt 26.4777 0.993227 
vt 26.4657 0.984854 
vt 26.4278 0.996485 
vt 26.4065 0.985357 
vt 26.4236 0.985357 
vt 26.462 1.0075 
vt 26.4645 1.00725 
vt 26.4758 1.01187 
vt 26.4639 1.01076 
vt 26.4065 0.985357 
vt 26.2025 0.989957 
vt 26.4236 0.985357 
vt 26.019 0.988487 
vt 26.2275 1.04302 
vt 26.0163 1.00303 
vt 26.4709 1.01568 
vt 26.4651 1.00999 
vt 26.4729 1.01208 
vt 26.4639 1.01076 
vt 26.4758 1.01187 
vt 26.4639 1.01815 
vt 26.462 1.01761 
vt 26.4784 1.0075 
vt 26.4784 1.01761 
vt 26.4758 1.01926 
vt 26.4927 1.0136 
vt 26.4632 1.0136 
vt 26.4927 1.0136 
vt 26.4709 1.02078 
vt 26.4632 1.0136 
vt 26.4709 1.01568 
vt 26.4151 1.06348 
vt 26.3123 1.05907 
vt 26.2468 1.03161 
vt 26.315 1.04453 
vt 26.244 1.04615 
vt 26.315 1.04453 
vt 26.3355 1.0484 
vt 26.3327 1.06294 
vt 26.3123 1.05907 
vt 26.2303 1.02848 
vt 26.2468 1.03161 
vt 26.244 1.04615 
vt 26.2275 1.04302 
vt 26.1067 0.451199 
vt 26.1095 0.443858 
vt 26.1143 0.445699 
vt 26.1115 0.453039 
vt 26.1067 0.451199 
vt 26.1143 0.445699 
vt 26.1115 0.453039 
vt 26.1095 0.443858 
vt 26.1067 0.479556 
vt 26.1095 0.472216 
vt 26.1143 0.474056 
vt 26.1045 0.451765 
vt 26.1107 0.441087 
vt 26.1092 0.452384 
vt 26.1045 0.480122 
vt 26.1107 0.469444 
vt 26.1092 0.480741 
vt 26.1067 0.479556 
vt 26.1095 0.472216 
vt 26.1143 0.474056 
vt 26.1045 0.451765 
vt 26.1107 0.441087 
vt 26.1092 0.452384 
vt 26.1045 0.480122 
vt 26.1107 0.469444 
vt 26.1092 0.480741 
vt 26.1115 0.481397 
vt 26.1067 0.504468 
vt 26.1143 0.498968 
vt 26.1115 0.506309 
vt 26.1115 0.481397 
vt 26.1067 0.504468 
vt 26.1143 0.498968 
vt 26.1115 0.506309 
vt 26.1095 0.497128 
vt 26.1045 0.505034 
vt 26.106 0.493738 
vt 26.1107 0.494357 
vt 26.1092 0.505653 
vt 26.1095 0.497128 
vt 26.1045 0.505034 
vt 26.1107 0.494357 
vt 26.1092 0.505653 
vt 26.1067 0.479556 
vt 26.1143 0.474056 
vt 26.1115 0.481397 
vt 26.1067 0.451199 
vt 26.1095 0.443858 
vt 26.1143 0.445699 
vt 26.1115 0.453039 
vt 26.1067 0.451199 
vt 26.1143 0.445699 
vt 26.1115 0.453039 
vt 26.1095 0.443858 
vt 26.1095 0.472216 
vt 26.1045 0.451765 
vt 26.1107 0.441087 
vt 26.1092 0.452384 
vt 26.1045 0.480122 
vt 26.106 0.468826 
vt 26.1107 0.469444 
vt 26.1067 0.479556 
vt 26.1095 0.472216 
vt 26.1143 0.474056 
vt 26.1045 0.451765 
vt 26.1107 0.441087 
vt 26.1092 0.452384 
vt 26.1092 0.480741 
vt 26.1067 0.504468 
vt 26.1095 0.497128 
vt 26.1143 0.498968 
vt 26.1115 0.506309 
vt 26.1067 0.504468 
vt 26.1143 0.498968 
vt 26.1115 0.506309 
vt 26.1115 0.481397 
vt 26.1095 0.497128 
vt 26.1045 0.505034 
vt 26.1107 0.494357 
vt 26.1092 0.505653 
vt 26.1045 0.480122 
vt 26.1107 0.469444 
vt 26.1092 0.480741 
vt 26.1045 0.505034 
vt 26.1107 0.494357 
vt 26.1092 0.505653 
vt 26.106 0.440468 
vt 26.106 0.440468 
vt 26.106 0.468826 
vt 26.1067 0.438613 
vt 26.1067 0.454184 
vt 26.1008 0.454184 
vt 26.106 0.440468 
vt 26.1067 0.438613 
vt 26.1067 0.454184 
vt 26.1008 0.454184 
vt 26.1008 0.438613 
vt 26.1008 0.482542 
vt 26.1008 0.46697 
vt 26.1067 0.46697 
vt 26.1008 0.438613 
vt 26.1008 0.482542 
vt 26.1008 0.46697 
vt 26.1067 0.46697 
vt 26.106 0.468826 
vt 26.1067 0.482542 
vt 26.1067 0.491882 
vt 26.1067 0.507454 
vt 26.1008 0.507454 
vt 26.106 0.493738 
vt 26.1067 0.482542 
vt 26.1067 0.491882 
vt 26.1067 0.507454 
vt 26.1008 0.507454 
vt 26.1008 0.491882 
vt 26.1008 0.53541 
vt 26.1008 0.519839 
vt 26.1067 0.519839 
vt 26.1008 0.53541 
vt 26.1008 0.519839 
vt 26.1067 0.519839 
vt 26.1008 0.491882 
vt 26.106 0.440468 
vt 26.1067 0.438613 
vt 26.1067 0.454184 
vt 26.1008 0.454184 
vt 26.106 0.468826 
vt 26.1067 0.438613 
vt 26.1067 0.454184 
vt 26.1008 0.454184 
vt 26.1067 0.46697 
vt 26.1067 0.482542 
vt 26.1008 0.482542 
vt 26.1008 0.438613 
vt 26.1008 0.482542 
vt 26.1008 0.46697 
vt 26.1067 0.46697 
vt 26.1008 0.438613 
vt 26.1008 0.46697 
vt 26.1067 0.482542 
vt 26.106 0.493738 
vt 26.1067 0.491882 
vt 26.1067 0.507454 
vt 26.1008 0.507454 
vt 26.106 0.493738 
vt 26.1067 0.491882 
vt 26.1067 0.507454 
vt 26.1008 0.507454 
vt 26.1008 0.491882 
vt 26.1008 0.491882 
vt 26.1008 0.53541 
vt 26.1008 0.519839 
vt 26.1067 0.519839 
vt 26.1008 0.53541 
vt 26.1008 0.519839 
vt 26.1067 0.519839 
vt 26.1045 0.532991 
vt 26.106 0.521694 
vt 26.1107 0.522313 
vt 26.4846 0.593485 
vt 26.4846 0.576375 
vt 26.5043 0.576375 
vt 26.5299 0.593485 
vt 26.5299 0.576375 
vt 26.5546 0.576375 
vt 26.5052 0.593485 
vt 26.5052 0.576375 
vt 26.4584 0.593485 
vt 26.4831 0.576375 
vt 26.4831 0.593485 
vt 26.4584 0.576375 
vt 26.2983 0.593485 
vt 26.2983 0.576375 
vt 26.323 0.576375 
vt 26.2736 0.593485 
vt 26.2736 0.576375 
vt 26.4338 0.593485 
vt 26.4584 0.576375 
vt 26.4584 0.593485 
vt 26.4338 0.576375 
vt 26.2726 0.593485 
vt 26.253 0.593485 
vt 26.2726 0.576375 
vt 26.5043 0.593485 
vt 26.5418 0.618855 
vt 26.446 0.612056 
vt 26.5418 0.612056 
vt 26.5546 0.593485 
vt 26.446 0.618855 
vt 26.323 0.593485 
vt 26.3102 0.618855 
vt 26.2144 0.612056 
vt 26.3102 0.612056 
vt 26.362 1.37835 
vt 26.4019 1.39212 
vt 26.367 1.43717 
vt 26.367 1.43717 
vt 26.4019 1.39212 
vt 26.408 1.45048 
vt 26.5513 0.651166 
vt 26.4365 0.651166 
vt 26.5513 0.612056 
vt 26.5513 0.729384 
vt 26.4365 0.729384 
vt 26.5513 0.690275 
vt 26.569 0.643307 
vt 26.6495 0.797526 
vt 26.569 0.797526 
vt 26.4885 0.643307 
vt 26.4885 0.797526 
vt 26.4365 0.612056 
vt 26.4365 0.690275 
vt 26.3196 0.729384 
vt 26.2049 0.729384 
vt 26.3196 0.690275 
vt 26.3196 0.651166 
vt 26.2049 0.651166 
vt 26.3196 0.612056 
vt 26.3275 0.643307 
vt 26.408 0.797526 
vt 26.3275 0.797526 
vt 26.408 0.643307 
vt 26.3268 1.42416 
vt 26.4426 1.4062 
vt 26.3231 1.3649 
vt 26.362 1.37835 
vt 26.3268 1.42416 
vt 26.3487 1.32778 
vt 26.3231 1.3649 
vt 26.2876 1.41145 
vt 26.2876 1.41145 
vt 26.2262 1.39153 
vt 26.2872 1.30785 
vt 26.2876 1.41145 
vt 26.3487 1.32778 
vt 26.247 0.797526 
vt 26.247 0.643307 
vt 26.253 0.576375 
vt 26.1067 0.532424 
vt 26.1095 0.525084 
vt 26.1143 0.526924 
vt 26.1045 0.532991 
vt 26.1107 0.522313 
vt 26.1092 0.533609 
vt 26.1067 0.532424 
vt 26.1095 0.525084 
vt 26.1143 0.526924 
vt 26.1067 0.532424 
vt 26.1095 0.525084 
vt 26.1143 0.526924 
vt 26.1045 0.532991 
vt 26.1107 0.522313 
vt 26.1092 0.533609 
vt 26.106 0.521694 
vt 26.1067 0.53541 
vt 26.106 0.521694 
vt 26.1067 0.53541 
vt 26.1115 0.534265 
vt 26.2268 0.593485 
vt 26.2515 0.576375 
vt 26.2515 0.593485 
vt 26.2144 0.618855 
vt 26.2268 0.576375 
vt 26.2021 0.593485 
vt 26.2268 0.576375 
vt 26.2268 0.593485 
vt 26.2021 0.576375 
vt 25.904 1.38789 
vt 26.096 0.435843 
vt 26.096 1.38789 
vt 26.1115 0.534265 
vt 26.1115 0.534265 
vt 26.1045 0.532991 
vt 26.106 0.521694 
vt 26.1107 0.522313 
vt 26.1067 0.532424 
vt 26.1143 0.526924 
vt 26.1115 0.534265 
vt 26.2049 0.690275 
vt 26.2049 0.612056 
vt 26.086 0.797526 
vt 26.086 0.643307 
vt 26.1665 0.797526 
vt 26.1095 0.525084 
vt 26.1092 0.533609 
vt 26.1067 0.53541 
vt 26.1092 0.533609 
vt 26.1067 0.53541 
vt 26.1665 0.643307 
vt 26.2258 1.28793 
vt 26.2872 1.30785 
vt 26.2262 1.39153 
vt 26.1647 1.37161 
vt 26.1643 1.26801 
vt 26.2258 1.28793 
vt 26.1647 1.37161 
vt 26.1033 1.35168 
vt 26.1029 1.24809 
vt 26.1643 1.26801 
vt 26.1033 1.35168 
vt 26 1.25464 
vt 26 1.1907 
vt 26.0816 1.20066 
vt 26.0419 1.33176 
vt 26.0686 1.26463 
vt 26.1067 0.451199 
vt 26.1095 0.443858 
vt 26.1143 0.445699 
vt 26.1115 0.453039 
vt 26.1067 0.479556 
vt 26.1095 0.472216 
vt 26.1143 0.474056 
vt 26.1045 0.451765 
vt 26.1107 0.441087 
vt 26.1092 0.452384 
vt 26.1045 0.480122 
vt 26.1107 0.469444 
vt 26.1092 0.480741 
vt 26.106 0.440468 
vt 26.106 0.468826 
vt 26.1067 0.438613 
vt 26.1067 0.454184 
vt 26.1008 0.454184 
vt 26.1008 0.438613 
vt 26.1115 0.481397 
vt 26.1067 0.504468 
vt 26.1095 0.497128 
vt 26.1143 0.498968 
vt 26.1115 0.506309 
vt 26.1067 0.532424 
vt 26.1095 0.525084 
vt 26.1143 0.526924 
vt 26.1045 0.505034 
vt 26.1107 0.494357 
vt 26.1092 0.505653 
vt 26.1045 0.532991 
vt 26.1107 0.522313 
vt 26.1092 0.533609 
vt 26.106 0.493738 
vt 26.106 0.521694 
vt 26.1067 0.491882 
vt 26.1067 0.507454 
vt 26.1008 0.507454 
vt 26.1008 0.491882 
vt 26.1067 0.46697 
vt 26.1067 0.482542 
vt 26.1008 0.482542 
vt 26.1078 0.450424 
vt 26.1016 0.438503 
vt 26.109 0.438503 
vt 26.1008 0.46697 
vt 26.1016 0.468429 
vt 26.1078 0.48035 
vt 26.1004 0.48035 
vt 26.1004 0.450424 
vt 26.0997 0.4791 
vt 26.1018 0.471353 
vt 26.1054 0.473296 
vt 26.0828 0.454184 
vt 26.0692 0.454184 
vt 26.0828 0.438613 
vt 26.0828 0.482542 
vt 26.0692 0.482542 
vt 26.0828 0.46697 
vt 26.0809 0.480741 
vt 26.071 0.480741 
vt 26.0809 0.469444 
vt 26.0809 0.452384 
vt 26.071 0.452384 
vt 26.0809 0.441087 
vt 26.1033 0.481042 
vt 26.1008 0.53541 
vt 26.1008 0.519839 
vt 26.1067 0.519839 
vt 26.1067 0.53541 
vt 26.0928 0.538043 
vt 26.0928 0.52161 
vt 26.0972 0.52161 
vt 26.0997 0.50539 
vt 26.1018 0.497643 
vt 26.1054 0.499586 
vt 26.0828 0.507454 
vt 26.0692 0.507454 
vt 26.0828 0.491882 
vt 26.0828 0.53541 
vt 26.0692 0.53541 
vt 26.0828 0.519839 
vt 26.0809 0.53361 
vt 26.071 0.53361 
vt 26.0809 0.522313 
vt 26.0809 0.505653 
vt 26.071 0.505653 
vt 26.0809 0.494357 
vt 26.0794 0.506309 
vt 26.0726 0.506309 
vt 26.0794 0.498968 
vt 26.0692 0.46697 
vt 26.0385 0.482542 
vt 26.0249 0.482542 
vt 26.0385 0.46697 
vt 26.0692 0.438613 
vt 26.0385 0.454184 
vt 26.0249 0.454184 
vt 26.0385 0.438613 
vt 26.0367 0.452384 
vt 26.0268 0.452384 
vt 26.0367 0.441087 
vt 26.0249 0.46697 
vt 26.0249 0.507454 
vt 26.0249 0.491882 
vt 26.0385 0.491882 
vt 26.0249 0.438613 
vt 26.0367 0.480741 
vt 26.0268 0.480741 
vt 26.0367 0.469444 
vt 26.0692 0.491882 
vt 26.0692 0.519839 
vt 26.0385 0.53541 
vt 26.0249 0.53541 
vt 26.0385 0.519839 
vt 26.0385 0.507454 
vt 26.071 0.522313 
vt 26.0367 0.505653 
vt 26.0268 0.505653 
vt 26.0367 0.494357 
vt 26.0249 0.519839 
vt 26.0367 0.53361 
vt 26.0268 0.53361 
vt 26.0367 0.522313 
vt 26.0268 0.522313 
vt 26.071 0.494357 
vt 26.071 0.441087 
vt 26.071 0.469444 
vt 26.0794 0.453039 
vt 26.0726 0.453039 
vt 26.0794 0.445699 
vt 26.0726 0.445699 
vt 26.0351 0.453039 
vt 26.0283 0.453039 
vt 26.0351 0.445699 
vt 26.0268 0.441087 
vt 26.0268 0.469444 
vt 26.0283 0.481397 
vt 26.0283 0.474056 
vt 26.0351 0.474056 
vt 26.0283 0.445699 
vt 26.0726 0.481397 
vt 26.0726 0.474056 
vt 26.0794 0.474056 
vt 26.0794 0.481397 
vt 26.0351 0.481397 
vt 26.0726 0.534265 
vt 26.0726 0.526924 
vt 26.0794 0.526924 
vt 26.0726 0.498968 
vt 26.0351 0.506309 
vt 26.0283 0.506309 
vt 26.0351 0.498968 
vt 26.0268 0.494357 
vt 26.0283 0.534265 
vt 26.0283 0.526924 
vt 26.0351 0.526924 
vt 26.0283 0.498968 
vt 26.0997 0.534892 
vt 26.1018 0.527146 
vt 26.1054 0.529088 
vt 26.1115 0.534265 
vt 26.1054 0.529088 
vt 26.1084 0.536835 
vt 26.1033 0.536835 
vt 26.1073 0.538043 
vt 26.0972 0.538043 
vt 26.1073 0.52161 
vt 26.0786 0.572199 
vt 26.0134 0.571865 
vt 26.0786 0.553732 
vt 26.0972 0.538043 
vt 26.0794 0.534265 
vt 26.6495 0.643307 
vt 26.0786 0.983717 
vt 26.0961 0.772499 
vt 26.0961 0.983717 
vt 26.0803 0.870665 
vt 26.0803 0.584883 
vt 26.0944 0.870665 
vt 26.0786 0.772499 
vt 26.0892 0.913042 
vt 26.0134 0.897704 
vt 26.0892 0.89732 
vt 26.0892 0.913042 
vt 26.0134 0.913427 
vt 26.0134 0.897704 
vt 26 1.31857 
vt 26.0686 1.26463 
vt 26.0557 1.32859 
vt 26.0786 0.772499 
vt 26.0961 0.755967 
vt 26.0961 0.772499 
vt 26.0961 0.667291 
vt 26.0786 0.587636 
vt 26.0961 0.587636 
vt 26.0786 0.667291 
vt 26.0786 0.56917 
vt 26.0961 0.587636 
vt 26.0786 0.587636 
vt 26.0961 0.56917 
vt 26.0813 0.58029 
vt 26.0134 0.58029 
vt 26.0813 0.571009 
vt 26.0134 0.571009 
vt 26.0145 0.667291 
vt 26.0134 0.587636 
vt 26.0134 0.587636 
vt 26.0786 0.56917 
vt 26.0786 0.587636 
vt 26.0961 0.687728 
vt 26.0786 0.667291 
vt 26.0961 0.667291 
vt 26.0944 0.584883 
vt 26.0786 0.755967 
vt 26.0961 0.687728 
vt 26.0961 0.755967 
vt 26.0786 0.687728 
vt 26.0786 0.687728 
vt 26.0786 0.755967 
vt 26.0786 0.772499 
vt 26.0136 0.756121 
vt 26.0786 0.755967 
vt 26.0145 0.687728 
vt 26.0786 0.667291 
vt 26.0786 0.687728 
vt 26.0145 0.667291 
vt 26.0136 0.772653 
vt 26.0134 0.553398 
vt 26.0786 0.553732 
vt 26.0134 0.571865 
vt 26.1021 0.723627 
vt 25.8979 0.723627 
vt 26.1021 0.657429 
vt 26.1021 0.657429 
vt 25.8979 0.657429 
vt 26.1021 0.59123 
vt 25.8979 0.59123 
vt 26.1021 0.431863 
vt 26.1021 0.789826 
vt 25.8979 0.789826 
vt 26.1021 0.723627 
vt 26.0351 0.534265 
vt 26.0136 0.772653 
vt 26 0.897312 
vt 26 0.772499 
vt 26 0.772499 
vt 26.0136 0.756121 
vt 26.0136 0.772653 
vt 26 0.755967 
vt 26.1021 0.856025 
vt 25.8979 0.856025 
vt 26.1021 0.789826 
vt 26.0972 1.16961 
vt 25.9028 1.16961 
vt 26.0972 1.10743 
vt 26.0922 1.38496 
vt 25.9078 1.20747 
vt 26.0922 1.20747 
vt 26.1021 1.06963 
vt 25.8979 1.06963 
vt 26.1021 0.997405 
vt 26.1021 0.956983 
vt 25.8979 0.956983 
vt 26 1.25464 
vt 26 0.913034 
vt 26.0134 0.897704 
vt 26.0134 0.913427 
vt 26.0134 0.897704 
vt 26 0.913034 
vt 26 0.897312 
vt 26.0134 0.897704 
vt 26 0.687728 
vt 26.0136 0.756121 
vt 26 0.755967 
vt 26 0.687728 
vt 26.0145 0.687728 
vt 26 1.38251 
vt 26 1.31857 
vt 26.0557 1.32859 
vt 26.0134 0.56917 
vt 26 0.667291 
vt 26.0134 0.587636 
vt 26.0145 0.667291 
vt 26 0.587636 
vt 26 0.667291 
vt 26 0.587636 
vt 26.0134 0.56917 
vt 26.0134 0.587636 
vt 26 0.56917 
vt 26.0428 1.39255 
vt 26.0428 1.39255 
vt 26 1.45686 
vt 26 1.38251 
vt 26.0324 1.46801 
vt 26.0226 1.50384 
vt 25.9774 1.40028 
vt 26.0226 1.40028 
vt 26.0199 1.53247 
vt 25.9801 1.44123 
vt 26.0199 1.44123 
vt 26.016 1.54749 
vt 25.984 1.47419 
vt 26.016 1.47419 
vt 26.0105 1.55831 
vt 25.9895 1.5101 
vt 26.0105 1.5101 
vt 26.0038 1.56814 
vt 25.9962 1.55067 
vt 26.0038 1.55067 
vt 26.0071 1.56645 
vt 25.9929 1.53413 
vt 26.0071 1.53413 
vt 25.9962 1.56814 
vt 25.8992 0.454184 
vt 25.8933 0.438613 
vt 25.8992 0.438613 
vt 25.8992 0.482542 
vt 25.8933 0.46697 
vt 25.8992 0.46697 
vt 25.8992 0.482542 
vt 25.8933 0.46697 
vt 25.8992 0.46697 
vt 25.8992 0.454184 
vt 25.8933 0.438613 
vt 25.8992 0.438613 
vt 25.8933 0.454184 
vt 25.8955 0.451765 
vt 25.8893 0.441087 
vt 25.894 0.440468 
vt 25.8955 0.480122 
vt 25.8893 0.469444 
vt 25.894 0.468826 
vt 25.8955 0.451765 
vt 25.8893 0.441087 
vt 25.894 0.440468 
vt 25.8933 0.454184 
vt 25.8955 0.480122 
vt 25.8893 0.469444 
vt 25.894 0.468826 
vt 25.8992 0.507454 
vt 25.8933 0.491882 
vt 25.8992 0.491882 
vt 25.8992 0.53541 
vt 25.8933 0.519839 
vt 25.8992 0.519839 
vt 25.8992 0.53541 
vt 25.8933 0.519839 
vt 25.8992 0.519839 
vt 25.8992 0.507454 
vt 25.8933 0.491882 
vt 25.8992 0.491882 
vt 25.8933 0.482542 
vt 25.8955 0.505034 
vt 25.8893 0.494357 
vt 25.894 0.493738 
vt 25.8933 0.507454 
vt 25.8955 0.505034 
vt 25.8893 0.494357 
vt 25.894 0.493738 
vt 25.8933 0.507454 
vt 25.8933 0.482542 
vt 25.8992 0.454184 
vt 25.8933 0.438613 
vt 25.8992 0.438613 
vt 25.8992 0.482542 
vt 25.8933 0.46697 
vt 25.8992 0.46697 
vt 25.8992 0.454184 
vt 25.8933 0.438613 
vt 25.8992 0.438613 
vt 25.8992 0.482542 
vt 25.8933 0.46697 
vt 25.8992 0.46697 
vt 25.8933 0.454184 
vt 25.8955 0.451765 
vt 25.8893 0.441087 
vt 25.894 0.440468 
vt 25.8955 0.451765 
vt 25.8893 0.441087 
vt 25.894 0.440468 
vt 25.8955 0.480122 
vt 25.8893 0.469444 
vt 25.894 0.468826 
vt 25.8933 0.454184 
vt 25.8933 0.482542 
vt 25.8992 0.507454 
vt 25.8933 0.491882 
vt 25.8992 0.491882 
vt 25.8992 0.53541 
vt 25.8933 0.519839 
vt 25.8992 0.519839 
vt 25.8992 0.507454 
vt 25.8933 0.491882 
vt 25.8992 0.491882 
vt 25.8992 0.53541 
vt 25.8933 0.519839 
vt 25.8992 0.519839 
vt 25.8933 0.482542 
vt 25.8933 0.507454 
vt 25.8955 0.505034 
vt 25.8893 0.494357 
vt 25.894 0.493738 
vt 25.8933 0.507454 
vt 25.8955 0.505034 
vt 25.8893 0.494357 
vt 25.894 0.493738 
vt 25.8908 0.452384 
vt 25.8905 0.472216 
vt 25.8933 0.479556 
vt 25.8857 0.474056 
vt 25.8908 0.480741 
vt 25.8908 0.452384 
vt 25.8905 0.472216 
vt 25.8933 0.479556 
vt 25.8857 0.474056 
vt 25.8905 0.443858 
vt 25.8933 0.451199 
vt 25.8857 0.445699 
vt 25.8885 0.453039 
vt 25.8905 0.443858 
vt 25.8933 0.451199 
vt 25.8857 0.445699 
vt 25.8885 0.453039 
vt 25.8908 0.480741 
vt 25.8905 0.497128 
vt 25.8933 0.504468 
vt 25.8857 0.498968 
vt 25.8908 0.505653 
vt 25.8905 0.497128 
vt 25.8933 0.504468 
vt 25.8857 0.498968 
vt 25.8908 0.505653 
vt 25.8885 0.481397 
vt 25.8885 0.506309 
vt 25.8885 0.481397 
vt 25.8885 0.506309 
vt 25.8885 0.453039 
vt 25.8857 0.445699 
vt 25.8933 0.451199 
vt 25.8908 0.452384 
vt 25.8955 0.480122 
vt 25.8893 0.469444 
vt 25.894 0.468826 
vt 25.8908 0.480741 
vt 25.8908 0.452384 
vt 25.8905 0.472216 
vt 25.8933 0.479556 
vt 25.8857 0.474056 
vt 25.8905 0.443858 
vt 25.8905 0.472216 
vt 25.8933 0.479556 
vt 25.8857 0.474056 
vt 25.8905 0.443858 
vt 25.8933 0.451199 
vt 25.8857 0.445699 
vt 25.8885 0.453039 
vt 25.8908 0.480741 
vt 25.8905 0.497128 
vt 25.8933 0.504468 
vt 25.8857 0.498968 
vt 25.8908 0.505653 
vt 25.8905 0.497128 
vt 25.8933 0.504468 
vt 25.8857 0.498968 
vt 25.8908 0.505653 
vt 25.8885 0.481397 
vt 25.8885 0.506309 
vt 25.8885 0.506309 
vt 25.8885 0.481397 
vt 25.8955 0.532991 
vt 25.8893 0.522313 
vt 25.894 0.521694 
vt 25.8955 0.532991 
vt 25.8893 0.522313 
vt 25.894 0.521694 
vt 25.8933 0.53541 
vt 25.8955 0.532991 
vt 25.8893 0.522313 
vt 25.894 0.521694 
vt 25.8933 0.53541 
vt 25.8908 0.533609 
vt 25.8905 0.525084 
vt 25.8933 0.532424 
vt 25.8857 0.526924 
vt 25.8905 0.525084 
vt 25.8933 0.532424 
vt 25.8857 0.526924 
vt 25.8908 0.533609 
vt 25.8905 0.525084 
vt 25.8933 0.532424 
vt 25.8857 0.526924 
vt 25.8885 0.534265 
vt 25.8885 0.534265 
vt 25.904 0.435843 
vt 25.7979 0.593485 
vt 25.7732 0.576375 
vt 25.7979 0.576375 
vt 25.8885 0.534265 
vt 25.7732 0.593485 
vt 25.6898 0.618855 
vt 25.7856 0.612056 
vt 25.7856 0.618855 
vt 25.7732 0.593485 
vt 25.7485 0.593485 
vt 25.7485 0.576375 
vt 25.7732 0.593485 
vt 25.7485 0.576375 
vt 25.7732 0.576375 
vt 25.8955 0.532991 
vt 25.8893 0.522313 
vt 25.894 0.521694 
vt 25.8908 0.533609 
vt 25.8933 0.53541 
vt 25.8908 0.533609 
vt 25.8933 0.53541 
vt 25.8905 0.525084 
vt 25.8933 0.532424 
vt 25.8857 0.526924 
vt 25.8885 0.534265 
vt 25.7951 0.729384 
vt 25.6804 0.690275 
vt 25.7951 0.690275 
vt 25.7951 0.651166 
vt 25.6804 0.612056 
vt 25.7951 0.612056 
vt 25.914 0.643307 
vt 25.914 0.797526 
vt 25.8335 0.797526 
vt 25.8335 0.643307 
vt 25.753 0.797526 
vt 26 1.25464 
vt 25.9184 1.20066 
vt 26 1.1907 
vt 25.9581 1.33176 
vt 25.8967 1.35168 
vt 25.8971 1.24809 
vt 25.8357 1.26801 
vt 25.9314 1.26463 
vt 25.8967 1.35168 
vt 25.8353 1.37161 
vt 25.8357 1.26801 
vt 25.7742 1.28793 
vt 25.8353 1.37161 
vt 25.7738 1.39153 
vt 25.7742 1.28793 
vt 25.7128 1.30785 
vt 25.747 0.593485 
vt 25.7274 0.576375 
vt 25.747 0.576375 
vt 25.7264 0.593485 
vt 25.7017 0.576375 
vt 25.7264 0.576375 
vt 25.7017 0.593485 
vt 25.677 0.576375 
vt 25.5662 0.593485 
vt 25.5416 0.576375 
vt 25.5662 0.576375 
vt 25.5416 0.593485 
vt 25.5416 0.593485 
vt 25.5169 0.576375 
vt 25.5416 0.576375 
vt 25.5154 0.593485 
vt 25.4957 0.576375 
vt 25.5154 0.576375 
vt 25.4948 0.593485 
vt 25.4701 0.576375 
vt 25.4948 0.576375 
vt 25.4701 0.593485 
vt 25.4454 0.576375 
vt 25.5416 0.593485 
vt 25.5169 0.593485 
vt 25.5169 0.576375 
vt 25.7274 0.593485 
vt 25.6898 0.612056 
vt 25.4582 0.618855 
vt 25.554 0.612056 
vt 25.554 0.618855 
vt 25.677 0.593485 
vt 25.4957 0.593485 
vt 25.4582 0.612056 
vt 25.4454 0.593485 
vt 25.633 1.43717 
vt 25.592 1.45048 
vt 25.5981 1.39212 
vt 25.6804 0.651166 
vt 25.6804 0.729384 
vt 25.753 0.643307 
vt 25.6725 0.797526 
vt 25.6725 0.643307 
vt 25.592 0.797526 
vt 25.5635 0.651166 
vt 25.4487 0.612056 
vt 25.5635 0.612056 
vt 25.5635 0.729384 
vt 25.4487 0.690275 
vt 25.5635 0.690275 
vt 25.4487 0.729384 
vt 25.4487 0.651166 
vt 25.431 0.643307 
vt 25.431 0.797526 
vt 25.3505 0.797526 
vt 25.5115 0.643307 
vt 25.5115 0.797526 
vt 25.7738 1.39153 
vt 25.7124 1.41145 
vt 25.7128 1.30785 
vt 25.7124 1.41145 
vt 25.6732 1.42416 
vt 25.6769 1.3649 
vt 25.6513 1.32778 
vt 25.7124 1.41145 
vt 25.6769 1.3649 
vt 25.6513 1.32778 
vt 25.638 1.37835 
vt 25.6732 1.42416 
vt 25.633 1.43717 
vt 25.638 1.37835 
vt 25.5981 1.39212 
vt 25.5574 1.4062 
vt 25.592 0.643307 
vt 25.9751 0.454184 
vt 25.9615 0.438613 
vt 25.9751 0.438613 
vt 25.9751 0.482542 
vt 25.9615 0.46697 
vt 25.9751 0.46697 
vt 25.9633 0.480741 
vt 25.9633 0.469444 
vt 25.9732 0.480741 
vt 25.9633 0.452384 
vt 25.9633 0.441087 
vt 25.9732 0.452384 
vt 25.9615 0.454184 
vt 25.9615 0.482542 
vt 25.8979 0.431863 
vt 25.9308 0.482542 
vt 25.9172 0.46697 
vt 25.9308 0.46697 
vt 25.9308 0.454184 
vt 25.9172 0.438613 
vt 25.9308 0.438613 
vt 25.9751 0.507454 
vt 25.9615 0.491882 
vt 25.9751 0.491882 
vt 25.9633 0.505653 
vt 25.9633 0.494357 
vt 25.9732 0.505653 
vt 25.9751 0.53541 
vt 25.9615 0.519839 
vt 25.9751 0.519839 
vt 25.9732 0.53361 
vt 25.9633 0.522313 
vt 25.9732 0.522313 
vt 25.9732 0.494357 
vt 25.9633 0.53361 
vt 25.9615 0.507454 
vt 25.9308 0.53541 
vt 25.9172 0.519839 
vt 25.9308 0.519839 
vt 25.9308 0.507454 
vt 25.9172 0.491882 
vt 25.9308 0.491882 
vt 25.929 0.53361 
vt 25.9191 0.522313 
vt 25.929 0.522313 
vt 25.929 0.505653 
vt 25.9191 0.494357 
vt 25.929 0.494357 
vt 25.9732 0.441087 
vt 25.9732 0.469444 
vt 25.9649 0.453039 
vt 25.9649 0.445699 
vt 25.9717 0.453039 
vt 25.9717 0.445699 
vt 25.929 0.452384 
vt 25.9191 0.441087 
vt 25.929 0.441087 
vt 25.9206 0.453039 
vt 25.9206 0.445699 
vt 25.9274 0.453039 
vt 25.929 0.480741 
vt 25.9191 0.469444 
vt 25.929 0.469444 
vt 25.9274 0.481397 
vt 25.9206 0.474056 
vt 25.9274 0.474056 
vt 25.9274 0.445699 
vt 25.9717 0.481397 
vt 25.9649 0.474056 
vt 25.9717 0.474056 
vt 25.9649 0.481397 
vt 25.9649 0.506309 
vt 25.9649 0.498968 
vt 25.9717 0.506309 
vt 25.9717 0.534265 
vt 25.9649 0.526924 
vt 25.9717 0.526924 
vt 25.9717 0.498968 
vt 25.9274 0.506309 
vt 25.9206 0.498968 
vt 25.9274 0.498968 
vt 25.9206 0.506309 
vt 25.9206 0.481397 
vt 25.9274 0.534265 
vt 25.9206 0.526924 
vt 25.9274 0.526924 
vt 25.9191 0.452384 
vt 25.8955 0.451765 
vt 25.8893 0.441087 
vt 25.894 0.440468 
vt 25.8908 0.452384 
vt 25.8955 0.480122 
vt 25.8893 0.469444 
vt 25.894 0.468826 
vt 25.8992 0.454184 
vt 25.8933 0.438613 
vt 25.8992 0.438613 
vt 25.8908 0.480741 
vt 25.8905 0.443858 
vt 25.8933 0.451199 
vt 25.8857 0.445699 
vt 25.8885 0.453039 
vt 25.8885 0.481397 
vt 25.8857 0.474056 
vt 25.8933 0.479556 
vt 25.8905 0.472216 
vt 25.8992 0.507454 
vt 25.8933 0.491882 
vt 25.8992 0.491882 
vt 25.8955 0.505034 
vt 25.8893 0.494357 
vt 25.894 0.493738 
vt 25.8908 0.533609 
vt 25.8893 0.522313 
vt 25.8955 0.532991 
vt 25.894 0.521694 
vt 25.8933 0.507454 
vt 25.8908 0.505653 
vt 25.8905 0.497128 
vt 25.8933 0.504468 
vt 25.8857 0.498968 
vt 25.8905 0.525084 
vt 25.8933 0.532424 
vt 25.8857 0.526924 
vt 25.8885 0.506309 
vt 25.8933 0.454184 
vt 25.8982 0.471353 
vt 25.9003 0.4791 
vt 25.8946 0.473296 
vt 25.9172 0.482542 
vt 25.9172 0.454184 
vt 25.9191 0.480741 
vt 25.8992 0.482542 
vt 25.8933 0.46697 
vt 25.8992 0.46697 
vt 25.8984 0.438503 
vt 25.8922 0.450424 
vt 25.891 0.438503 
vt 25.8933 0.482542 
vt 25.8922 0.48035 
vt 25.8984 0.468429 
vt 25.8996 0.48035 
vt 25.8996 0.450424 
vt 25.8967 0.481042 
vt 25.9172 0.507454 
vt 25.9172 0.53541 
vt 25.9191 0.53361 
vt 25.9191 0.505653 
vt 25.9072 0.538043 
vt 25.9028 0.52161 
vt 25.9072 0.52161 
vt 25.8933 0.53541 
vt 25.8933 0.519839 
vt 25.8992 0.53541 
vt 25.8992 0.519839 
vt 25.8982 0.497643 
vt 25.9003 0.50539 
vt 25.8946 0.499586 
vt 25.9615 0.53541 
vt 25.9649 0.534265 
vt 26 0.772499 
vt 25.9864 0.772653 
vt 25.9864 0.756121 
vt 26 0.755967 
vt 25.8979 0.657429 
vt 25.9866 0.571865 
vt 25.9214 0.553732 
vt 25.9866 0.553398 
vt 25.8979 0.789826 
vt 25.8979 0.723627 
vt 25.9214 0.772499 
vt 25.9864 0.756121 
vt 25.9864 0.772653 
vt 26 0.897312 
vt 25.9864 0.772653 
vt 26 0.772499 
vt 25.9866 0.897704 
vt 26 0.913034 
vt 25.9866 0.913427 
vt 26 1.31857 
vt 25.9314 1.26463 
vt 26 1.25464 
vt 26 0.897312 
vt 25.9866 0.897704 
vt 25.9078 1.38496 
vt 25.9028 1.10743 
vt 25.8979 0.997404 
vt 25.9864 0.756121 
vt 26 0.687728 
vt 26 0.755967 
vt 25.9866 0.587636 
vt 25.9855 0.667291 
vt 25.9866 0.587636 
vt 25.9866 0.56917 
vt 25.9855 0.667291 
vt 25.9855 0.687728 
vt 25.9855 0.687728 
vt 25.9855 0.667291 
vt 25.9214 0.587636 
vt 25.9866 0.587636 
vt 25.9866 0.587636 
vt 25.9214 0.56917 
vt 25.9866 0.56917 
vt 26 1.38251 
vt 25.9443 1.32859 
vt 26 1.31857 
vt 25.9801 1.53247 
vt 25.984 1.54749 
vt 25.9895 1.55831 
vt 25.9929 1.56645 
vt 25.9774 1.50384 
vt 25.9572 1.39255 
vt 26 1.45686 
vt 25.9676 1.46801 
vt 25.9572 1.39255 
vt 26 1.38251 
vt 25.9214 0.667291 
vt 25.9028 0.538043 
vt 25.9866 0.571865 
vt 25.9214 0.572199 
vt 25.9214 0.553732 
vt 25.8982 0.527146 
vt 25.9003 0.534892 
vt 25.8946 0.529088 
vt 25.9206 0.534265 
vt 25.8927 0.538043 
vt 25.8927 0.52161 
vt 25.9028 0.538043 
vt 25.8885 0.534265 
vt 25.8916 0.536835 
vt 25.8946 0.529088 
vt 25.8967 0.536835 
vt 25.3505 0.643307 
vt 25.9866 0.897704 
vt 25.9108 0.913042 
vt 25.9108 0.89732 
vt 25.9039 0.772499 
vt 25.9214 0.983717 
vt 25.9039 0.983717 
vt 25.9866 0.913427 
vt 25.9056 0.870665 
vt 25.9197 0.584883 
vt 25.9197 0.870665 
vt 25.9443 1.32859 
vt 25.9866 0.58029 
vt 25.9187 0.571009 
vt 25.9866 0.571009 
vt 25.9187 0.58029 
vt 25.9214 0.667291 
vt 25.9214 0.587636 
vt 25.9214 0.587636 
vt 25.9039 0.587636 
vt 25.9214 0.56917 
vt 25.9039 0.667291 
vt 25.9039 0.687728 
vt 25.9039 0.667291 
vt 25.9214 0.667291 
vt 25.9039 0.587636 
vt 25.9039 0.56917 
vt 25.9056 0.584883 
vt 25.9214 0.755967 
vt 25.9039 0.687728 
vt 25.9214 0.687728 
vt 25.9214 0.755967 
vt 25.9214 0.687728 
vt 25.9214 0.687728 
vt 25.9214 0.772499 
vt 25.9039 0.755967 
vt 25.9214 0.755967 
vt 25.9214 0.772499 
vt 25.9039 0.772499 
vt 25.9039 0.755967 
vt 25.8885 0.881333 
vt 25.8933 0.874499 
vt 25.8933 0.881333 
vt 25.8885 0.874499 
vt 25.8933 0.899684 
vt 25.8885 0.906517 
vt 25.8885 0.899684 
vt 25.8933 0.906517 
vt 25.8885 0.881333 
vt 25.8933 0.874499 
vt 25.8933 0.881333 
vt 25.8955 0.87296 
vt 25.8908 0.882872 
vt 25.8908 0.87296 
vt 25.8955 0.87296 
vt 25.8908 0.882872 
vt 25.8908 0.87296 
vt 25.8955 0.898145 
vt 25.8908 0.908056 
vt 25.8908 0.898145 
vt 25.8885 0.906517 
vt 25.8933 0.899684 
vt 25.8933 0.906517 
vt 25.8885 0.874499 
vt 25.8885 0.881333 
vt 25.8933 0.874499 
vt 25.8933 0.881333 
vt 25.8885 0.874499 
vt 25.8933 0.899684 
vt 25.8885 0.906517 
vt 25.8885 0.899684 
vt 25.8885 0.899684 
vt 25.8933 0.906517 
vt 25.8955 0.87296 
vt 25.8908 0.882872 
vt 25.8908 0.87296 
vt 25.8885 0.881333 
vt 25.8933 0.874499 
vt 25.8933 0.881333 
vt 25.8955 0.898145 
vt 25.8908 0.908056 
vt 25.8908 0.898145 
vt 25.8885 0.906517 
vt 25.8933 0.899684 
vt 25.8933 0.906517 
vt 25.8955 0.927909 
vt 25.8908 0.93782 
vt 25.8908 0.927909 
vt 25.8885 0.936281 
vt 25.8933 0.929448 
vt 25.8933 0.936281 
vt 25.8885 0.929448 
vt 25.8933 0.958754 
vt 25.8885 0.965587 
vt 25.8885 0.958754 
vt 25.8933 0.965587 
vt 25.8885 0.936281 
vt 25.8933 0.929448 
vt 25.8933 0.936281 
vt 25.8955 0.927909 
vt 25.8908 0.93782 
vt 25.8908 0.927909 
vt 25.8955 0.957215 
vt 25.8908 0.967126 
vt 25.8908 0.957215 
vt 25.8955 0.957215 
vt 25.8908 0.967126 
vt 25.8908 0.957215 
vt 25.8885 0.965587 
vt 25.8933 0.958754 
vt 25.8933 0.965587 
vt 25.8885 0.929448 
vt 25.8885 0.936281 
vt 25.8933 0.929448 
vt 25.8933 0.936281 
vt 25.8885 0.929448 
vt 25.8933 0.958754 
vt 25.8885 0.965587 
vt 25.8885 0.958754 
vt 25.8885 0.958754 
vt 25.8933 0.965587 
vt 25.8885 0.936281 
vt 25.8933 0.929448 
vt 25.8933 0.936281 
vt 25.8955 0.957215 
vt 25.8908 0.967126 
vt 25.8908 0.957215 
vt 25.8885 0.965587 
vt 25.8933 0.958754 
vt 25.8933 0.965587 
vt 25.8955 0.927909 
vt 25.8908 0.93782 
vt 25.8908 0.927909 
vt 25.8955 0.882872 
vt 25.8955 0.882872 
vt 25.8955 0.898145 
vt 25.8908 0.908056 
vt 25.8908 0.898145 
vt 25.8955 0.908056 
vt 25.8992 0.896328 
vt 25.8933 0.909873 
vt 25.8933 0.896328 
vt 25.8992 0.871144 
vt 25.8933 0.884689 
vt 25.8933 0.871144 
vt 25.8992 0.871144 
vt 25.8933 0.884689 
vt 25.8933 0.871144 
vt 25.8992 0.884689 
vt 25.8992 0.896328 
vt 25.8933 0.909873 
vt 25.8933 0.896328 
vt 25.8992 0.884689 
vt 25.8955 0.882872 
vt 25.8955 0.87296 
vt 25.8908 0.882872 
vt 25.8908 0.87296 
vt 25.8955 0.898145 
vt 25.8908 0.908056 
vt 25.8908 0.898145 
vt 25.8955 0.908056 
vt 25.8955 0.882872 
vt 25.8992 0.871144 
vt 25.8933 0.884689 
vt 25.8933 0.871144 
vt 25.8992 0.884689 
vt 25.8992 0.896328 
vt 25.8933 0.909873 
vt 25.8933 0.896328 
vt 25.8955 0.908056 
vt 25.8955 0.93782 
vt 25.8992 0.926092 
vt 25.8933 0.939637 
vt 25.8933 0.926092 
vt 25.8955 0.93782 
vt 25.8992 0.955398 
vt 25.8933 0.968943 
vt 25.8933 0.955398 
vt 25.8992 0.926092 
vt 25.8933 0.939637 
vt 25.8933 0.926092 
vt 25.8992 0.909873 
vt 25.8992 0.909873 
vt 25.8992 0.939637 
vt 25.8992 0.939637 
vt 25.8992 0.955398 
vt 25.8933 0.968943 
vt 25.8933 0.955398 
vt 25.8955 0.93782 
vt 25.8955 0.908056 
vt 25.8908 0.93782 
vt 25.8955 0.927909 
vt 25.8955 0.93782 
vt 25.8955 0.967126 
vt 25.8992 0.926092 
vt 25.8933 0.939637 
vt 25.8933 0.926092 
vt 25.8992 0.909873 
vt 25.8992 0.939637 
vt 25.8992 0.955398 
vt 25.8933 0.968943 
vt 25.8933 0.955398 
vt 25.8908 0.927909 
vt 25.5154 0.865059 
vt 25.4957 0.889747 
vt 25.4957 0.865059 
vt 25.5154 0.889747 
vt 25.4957 0.914436 
vt 25.4957 0.889747 
vt 25.4701 0.915386 
vt 25.4454 0.935029 
vt 25.4454 0.915386 
vt 25.4948 0.915386 
vt 25.4701 0.935029 
vt 25.4957 0.889747 
vt 25.5154 0.865059 
vt 25.5154 0.889747 
vt 25.747 0.865059 
vt 25.7274 0.889747 
vt 25.7274 0.865059 
vt 25.747 0.889747 
vt 25.7274 0.914436 
vt 25.7274 0.889747 
vt 25.5154 0.914436 
vt 25.7017 0.915386 
vt 25.677 0.935029 
vt 25.677 0.915386 
vt 25.7264 0.915386 
vt 25.7017 0.935029 
vt 25.5169 0.935029 
vt 25.5169 0.915386 
vt 25.5416 0.915386 
vt 25.5635 0.974207 
vt 25.4487 0.8754 
vt 25.5635 0.8754 
vt 25.5416 0.935029 
vt 25.5416 0.915386 
vt 25.5662 0.915386 
vt 25.4948 0.935029 
vt 25.633 0.95059 
vt 25.592 0.914286 
vt 25.633 0.914286 
vt 25.7124 0.95059 
vt 25.6732 0.914286 
vt 25.7124 0.914286 
vt 25.6732 0.95059 
vt 25.633 0.914286 
vt 25.6732 0.914286 
vt 25.7124 0.914286 
vt 25.7124 0.95059 
vt 25.5416 0.935029 
vt 25.4487 0.974207 
vt 25.5159 0.960669 
vt 25.4963 0.93598 
vt 25.5159 0.93598 
vt 25.4963 0.960669 
vt 25.5662 0.935029 
vt 25.7264 0.935029 
vt 25.6804 0.974207 
vt 25.6804 0.8754 
vt 25.7951 0.974207 
vt 25.6725 0.947313 
vt 25.592 0.989957 
vt 25.592 0.947313 
vt 25.753 0.947313 
vt 25.6725 0.989957 
vt 25.431 0.947313 
vt 25.3505 0.989957 
vt 25.3505 0.947313 
vt 25.633 0.95059 
vt 25.592 0.95059 
vt 25.5115 0.947313 
vt 25.431 0.989957 
vt 25.5115 0.989957 
vt 25.6732 0.95059 
vt 25.7124 0.95059 
vt 25.7124 0.914286 
vt 25.7738 0.95059 
vt 25.7124 0.95059 
vt 25.7124 0.95059 
vt 25.7124 0.95059 
vt 25.6513 0.95059 
vt 25.7476 0.960669 
vt 25.7279 0.960669 
vt 25.7279 0.93598 
vt 25.8885 0.874499 
vt 25.7274 0.889747 
vt 25.747 0.865059 
vt 25.747 0.889747 
vt 25.747 0.914436 
vt 25.7485 0.935029 
vt 25.7485 0.915386 
vt 25.7732 0.915386 
vt 25.8885 0.899684 
vt 25.8992 0.871144 
vt 25.8933 0.884689 
vt 25.8933 0.871144 
vt 25.8992 0.884689 
vt 25.8992 0.896328 
vt 25.8933 0.909873 
vt 25.8933 0.896328 
vt 25.8992 0.909873 
vt 25.7732 0.935029 
vt 25.7732 0.915386 
vt 25.7979 0.915386 
vt 25.7951 0.8754 
vt 26.096 0.81577 
vt 25.904 0.849781 
vt 25.904 0.81577 
vt 25.7738 0.914286 
vt 25.9581 0.95059 
vt 25.8967 0.914286 
vt 25.9581 0.914286 
vt 26.0922 0.850863 
vt 25.9078 0.997667 
vt 25.9078 0.850863 
vt 26.0226 0.816005 
vt 25.9774 0.864968 
vt 25.9774 0.816005 
vt 26.0226 0.864968 
vt 25.9774 0.913931 
vt 25.9774 0.864968 
vt 26 0.930893 
vt 25.9286 0.874054 
vt 26 0.866976 
vt 25.8967 0.95059 
vt 25.8353 0.914286 
vt 25.8967 0.914286 
vt 25.7732 0.935029 
vt 25.7979 0.935029 
vt 25.8885 0.929448 
vt 25.7476 0.93598 
vt 25.8885 0.958754 
vt 25.8992 0.926092 
vt 25.8933 0.939637 
vt 25.8933 0.926092 
vt 25.8992 0.939637 
vt 25.8992 0.955398 
vt 25.8933 0.968943 
vt 25.8933 0.955398 
vt 25.8955 0.957215 
vt 25.8908 0.967126 
vt 25.8908 0.957215 
vt 25.914 0.947313 
vt 25.8335 0.989957 
vt 25.8335 0.947313 
vt 25.8353 0.95059 
vt 25.7738 0.914286 
vt 25.8353 0.914286 
vt 25.7738 0.95059 
vt 25.8353 0.95059 
vt 25.753 0.989957 
vt 25.8967 0.95059 
vt 26.0226 0.913931 
vt 25.9774 0.962895 
vt 25.9774 0.913931 
vt 26 0.994809 
vt 25.9416 0.935632 
vt 26 0.930893 
vt 26.1021 1.01245 
vt 25.8979 1.01245 
vt 25.8979 0.849781 
vt 25.8955 0.967126 
vt 25.8955 0.983315 
vt 25.8908 0.993227 
vt 25.8908 0.983315 
vt 25.8933 0.984854 
vt 25.8885 0.991688 
vt 25.8885 0.984854 
vt 25.8933 0.991688 
vt 25.8885 0.991688 
vt 25.8933 0.984854 
vt 25.8933 0.991688 
vt 25.8955 0.993227 
vt 25.8992 0.968943 
vt 25.8955 0.967126 
vt 25.8992 0.981499 
vt 25.8933 0.995044 
vt 25.8933 0.981499 
vt 25.8908 0.993227 
vt 25.8955 0.983315 
vt 25.8955 0.993227 
vt 25.8908 0.983315 
vt 25.8885 0.984854 
vt 25.8955 0.983315 
vt 25.8908 0.993227 
vt 25.8908 0.983315 
vt 25.8933 0.984854 
vt 25.8885 0.991688 
vt 25.8885 0.984854 
vt 25.8933 0.991688 
vt 25.8955 0.993227 
vt 25.8992 0.968943 
vt 25.8992 0.968943 
vt 25.8992 0.981499 
vt 25.8933 0.995044 
vt 25.8933 0.981499 
vt 25.8992 0.981499 
vt 25.8933 0.995044 
vt 25.8933 0.981499 
vt 25.8992 0.995044 
vt 25.8992 0.995044 
vt 25.8957 1.00725 
vt 25.8996 1.01815 
vt 25.8922 1.01076 
vt 25.8957 1.00725 
vt 25.8996 1.01815 
vt 25.8922 1.01076 
vt 25.8952 1.00999 
vt 25.8967 1.0187 
vt 25.8916 1.0136 
vt 25.9003 1.01509 
vt 25.9072 1.0132 
vt 25.8927 1.0075 
vt 25.8971 1.00309 
vt 25.9031 1.01464 
vt 25.9031 1.01464 
vt 25.8952 1.00999 
vt 25.9003 1.01509 
vt 25.8967 1.0187 
vt 25.8916 1.0136 
vt 25.8992 0.995044 
vt 25.9031 1.01464 
vt 25.8922 1.01076 
vt 25.8957 1.00725 
vt 25.8952 1.00999 
vt 25.8967 1.0187 
vt 25.8916 1.0136 
vt 25.9003 1.01509 
vt 25.8971 1.00309 
vt 25.9028 1.01761 
vt 25.8927 1.0075 
vt 25.9072 1.0132 
vt 25.8927 1.0075 
vt 25.8971 1.00309 
vt 25.9028 1.01761 
vt 25.8996 1.01815 
vt 25.9028 1.01761 
vt 25.9308 1.01836 
vt 25.9172 1.01245 
vt 25.9308 1.01245 
vt 25.9308 1.01836 
vt 25.9172 1.01836 
vt 25.9172 1.01245 
vt 25.9172 1.01836 
vt 25.929 1.0209 
vt 25.9191 1.0162 
vt 25.929 1.0162 
vt 25.9308 1.01245 
vt 25.9751 1.01836 
vt 25.9615 1.01245 
vt 25.9751 1.01245 
vt 25.9615 1.01836 
vt 25.9732 1.0209 
vt 25.9633 1.0162 
vt 25.9732 1.0162 
vt 25.9732 1.0209 
vt 25.9633 1.0162 
vt 25.9732 1.0162 
vt 25.9751 1.01836 
vt 25.9615 1.01245 
vt 25.9751 1.01245 
vt 25.9308 1.01836 
vt 25.9172 1.01245 
vt 25.9308 1.01245 
vt 25.9072 1.0132 
vt 25.9172 1.01836 
vt 25.929 1.0209 
vt 25.9191 1.0162 
vt 25.929 1.0162 
vt 25.9615 1.01836 
vt 25.9751 1.01836 
vt 25.9615 1.01245 
vt 25.9751 1.01245 
vt 25.9615 1.01836 
vt 25.9732 1.0209 
vt 25.9633 1.0162 
vt 25.9732 1.0162 
vt 25.929 1.0209 
vt 25.9191 1.0162 
vt 25.929 1.0162 
vt 25.9191 1.0209 
vt 25.9191 1.0209 
vt 25.9274 1.02317 
vt 25.9206 1.01834 
vt 25.9274 1.01834 
vt 25.9206 1.02317 
vt 25.9274 1.02317 
vt 25.9206 1.01834 
vt 25.9274 1.01834 
vt 25.9633 1.0209 
vt 25.9717 1.02317 
vt 25.9649 1.01834 
vt 25.9717 1.01834 
vt 25.9717 1.02317 
vt 25.9649 1.01834 
vt 25.9717 1.01834 
vt 25.9649 1.02317 
vt 25.9633 1.0209 
vt 25.9274 1.02317 
vt 25.9206 1.01834 
vt 25.9274 1.01834 
vt 25.9191 1.0209 
vt 25.9206 1.02317 
vt 25.9206 1.02317 
vt 25.9633 1.0209 
vt 25.9717 1.02317 
vt 25.9649 1.01834 
vt 25.9717 1.01834 
vt 25.9649 1.02317 
vt 25.9649 1.02317 
vt 25.8885 0.991688 
vt 25.8933 0.984854 
vt 25.8933 0.991688 
vt 25.5159 0.985357 
vt 25.7476 0.985357 
vt 25.4963 0.985357 
vt 25.7279 0.985357 
vt 25.8885 0.984854 
vt 25.8955 0.967126 
vt 25.8992 0.968943 
vt 25.8992 0.981499 
vt 25.8933 0.995044 
vt 25.8933 0.981499 
vt 25.8955 0.983315 
vt 25.8908 0.993227 
vt 25.8908 0.983315 
vt 25.9197 0.942376 
vt 25.9056 1.00937 
vt 25.9056 0.942376 
vt 25.914 0.989957 
vt 25.9197 1.00937 
vt 25.9214 0.985317 
vt 25.9039 0.996485 
vt 25.9039 0.985317 
vt 25.8955 0.993227 
vt 25.8957 1.00725 
vt 25.8996 1.01815 
vt 25.8922 1.01076 
vt 25.9003 1.01509 
vt 25.8916 1.0136 
vt 25.8952 1.00999 
vt 25.8967 1.0187 
vt 25.8992 0.995044 
vt 25.8971 1.00309 
vt 25.9028 1.01761 
vt 25.8927 1.0075 
vt 25.9072 1.0132 
vt 25.9031 1.01464 
vt 25.9308 1.01836 
vt 25.9172 1.01836 
vt 25.9172 1.01245 
vt 25.9214 0.996485 
vt 25.9214 0.996485 
vt 25.9039 1.06348 
vt 25.9039 0.996485 
vt 25.9214 0.988487 
vt 25.9039 1.00303 
vt 25.9039 0.988487 
vt 25.9214 1.00606 
vt 25.9039 1.04453 
vt 25.9039 1.00606 
vt 25.9039 1.02848 
vt 25.9039 1.00901 
vt 25.9214 1.02848 
vt 25.9214 1.04453 
vt 25.9214 1.00303 
vt 25.9214 1.00901 
vt 25.9214 1.06348 
vt 25.929 1.0209 
vt 25.9191 1.0209 
vt 25.9191 1.0162 
vt 25.9866 0.994722 
vt 25.9214 0.985317 
vt 25.9866 0.985781 
vt 25.9214 0.985317 
vt 25.9866 0.994722 
vt 25.9214 0.996485 
vt 25.9308 1.01245 
vt 25.929 1.0162 
vt 25.9751 1.01836 
vt 25.9615 1.01836 
vt 25.9615 1.01245 
vt 26 0.994722 
vt 25.9866 0.985781 
vt 26 0.985781 
vt 25.9866 0.994722 
vt 25.9751 1.01245 
vt 25.9732 1.0209 
vt 25.9633 1.0162 
vt 25.9732 1.0162 
vt 26 1.06348 
vt 25.9866 0.994722 
vt 26 0.994722 
vt 25.9214 1.00484 
vt 25.9855 1.00484 
vt 25.9214 1.01622 
vt 25.9866 1.00622 
vt 25.9108 1.01961 
vt 25.9108 1.00507 
vt 25.9855 1.01622 
vt 25.9866 1.02076 
vt 26 1.05873 
vt 25.9546 0.99721 
vt 26 0.994809 
vt 26.0226 0.962895 
vt 25.9774 1.01186 
vt 25.9774 0.962895 
vt 26 1.00654 
vt 25.9866 1.02076 
vt 25.9866 1.00622 
vt 26 1.02108 
vt 25.9866 0.995591 
vt 25.9187 1.06435 
vt 25.9187 0.995591 
vt 25.9274 1.02317 
vt 25.9206 1.01834 
vt 25.9274 1.01834 
vt 25.9633 1.0209 
vt 25.9206 1.02317 
vt 25.9866 1.06435 
vt 25.9717 1.02317 
vt 25.9649 1.02317 
vt 25.9649 1.01834 
vt 25.9717 1.01834 
vt 25.9866 1.06348 
vt 25.9866 1.07802 
vt 25.9866 1.06348 
vt 26 1.06348 
vt 26 1.07802 
vt 25.9214 1.04453 
vt 25.9855 1.04453 
vt 25.9214 1.05907 
vt 25.9864 1.04299 
vt 25.9214 1.02848 
vt 25.9864 1.02845 
vt 26.0226 1.01186 
vt 25.9774 1.06082 
vt 25.9774 1.01186 
vt 25.9214 1.04302 
vt 25.9855 1.05907 
vt 26.0199 1.09366 
vt 25.9801 1.09366 
vt 25.9801 1.06229 
vt 26.016 1.11449 
vt 25.984 1.11449 
vt 25.984 1.08929 
vt 26.0105 1.1353 
vt 25.9895 1.1353 
vt 25.9895 1.11873 
vt 26.0071 1.14837 
vt 25.9929 1.14837 
vt 25.9929 1.13726 
vt 26.0038 1.15508 
vt 25.9962 1.15508 
vt 25.9962 1.14908 
vt 26.1067 0.884689 
vt 26.1008 0.871144 
vt 26.1067 0.871144 
vt 26.1008 0.884689 
vt 26.1008 0.884689 
vt 26.1008 0.871144 
vt 26.1067 0.884689 
vt 26.1067 0.909873 
vt 26.1008 0.896328 
vt 26.1067 0.896328 
vt 26.1045 0.882872 
vt 26.1045 0.87296 
vt 26.1092 0.882872 
vt 26.1045 0.882872 
vt 26.1045 0.87296 
vt 26.1092 0.882872 
vt 26.1092 0.87296 
vt 26.1045 0.908056 
vt 26.1045 0.898145 
vt 26.1092 0.908056 
vt 26.1045 0.908056 
vt 26.1045 0.898145 
vt 26.1092 0.908056 
vt 26.1067 0.871144 
vt 26.1067 0.884689 
vt 26.1008 0.871144 
vt 26.1067 0.871144 
vt 26.1008 0.884689 
vt 26.1067 0.909873 
vt 26.1008 0.896328 
vt 26.1067 0.896328 
vt 26.1067 0.909873 
vt 26.1008 0.896328 
vt 26.1067 0.896328 
vt 26.1045 0.882872 
vt 26.1045 0.87296 
vt 26.1092 0.882872 
vt 26.1045 0.882872 
vt 26.1045 0.87296 
vt 26.1092 0.882872 
vt 26.1092 0.908056 
vt 26.1045 0.898145 
vt 26.1092 0.898145 
vt 26.1045 0.908056 
vt 26.1045 0.898145 
vt 26.1092 0.908056 
vt 26.1045 0.908056 
vt 26.1008 0.909873 
vt 26.1008 0.909873 
vt 26.1008 0.909873 
vt 26.1067 0.939637 
vt 26.1008 0.926092 
vt 26.1067 0.926092 
vt 26.1008 0.939637 
vt 26.1008 0.926092 
vt 26.1067 0.939637 
vt 26.1067 0.926092 
vt 26.1045 0.93782 
vt 26.1045 0.927909 
vt 26.1092 0.93782 
vt 26.1045 0.93782 
vt 26.1045 0.927909 
vt 26.1092 0.93782 
vt 26.1067 0.968943 
vt 26.1008 0.955398 
vt 26.1067 0.955398 
vt 26.1045 0.967126 
vt 26.1045 0.957215 
vt 26.1092 0.967126 
vt 26.1008 0.939637 
vt 26.1067 0.939637 
vt 26.1008 0.926092 
vt 26.1067 0.926092 
vt 26.1008 0.939637 
vt 26.1067 0.968943 
vt 26.1008 0.955398 
vt 26.1067 0.955398 
vt 26.1067 0.968943 
vt 26.1008 0.955398 
vt 26.1067 0.955398 
vt 26.1045 0.93782 
vt 26.1045 0.927909 
vt 26.1092 0.93782 
vt 26.1092 0.93782 
vt 26.1045 0.927909 
vt 26.1092 0.927909 
vt 26.1045 0.93782 
vt 26.1045 0.967126 
vt 26.1045 0.957215 
vt 26.1092 0.967126 
vt 26.1092 0.87296 
vt 26.1092 0.898145 
vt 26.1115 0.881333 
vt 26.1067 0.881333 
vt 26.1067 0.874499 
vt 26.1092 0.898145 
vt 26.1115 0.906517 
vt 26.1067 0.906517 
vt 26.1067 0.899684 
vt 26.1115 0.881333 
vt 26.1067 0.881333 
vt 26.1067 0.874499 
vt 26.1115 0.874499 
vt 26.1115 0.874499 
vt 26.1115 0.906517 
vt 26.1067 0.899684 
vt 26.1115 0.899684 
vt 26.1067 0.906517 
vt 26.1115 0.899684 
vt 26.1092 0.87296 
vt 26.1115 0.881333 
vt 26.1067 0.881333 
vt 26.1067 0.874499 
vt 26.1092 0.898145 
vt 26.1115 0.906517 
vt 26.1067 0.906517 
vt 26.1067 0.899684 
vt 26.1115 0.906517 
vt 26.1067 0.906517 
vt 26.1067 0.899684 
vt 26.1115 0.881333 
vt 26.1067 0.874499 
vt 26.1115 0.874499 
vt 26.1067 0.881333 
vt 26.1115 0.899684 
vt 26.1092 0.927909 
vt 26.1092 0.927909 
vt 26.1115 0.936281 
vt 26.1067 0.936281 
vt 26.1067 0.929448 
vt 26.1092 0.957215 
vt 26.1092 0.967126 
vt 26.1045 0.957215 
vt 26.1092 0.957215 
vt 26.1115 0.965587 
vt 26.1067 0.965587 
vt 26.1067 0.958754 
vt 26.1115 0.936281 
vt 26.1067 0.936281 
vt 26.1067 0.929448 
vt 26.1115 0.929448 
vt 26.1115 0.965587 
vt 26.1067 0.958754 
vt 26.1115 0.958754 
vt 26.1067 0.965587 
vt 26.1115 0.929448 
vt 26.1115 0.936281 
vt 26.1067 0.936281 
vt 26.1067 0.929448 
vt 26.1115 0.936281 
vt 26.1067 0.936281 
vt 26.1067 0.929448 
vt 26.1092 0.957215 
vt 26.1115 0.965587 
vt 26.1067 0.965587 
vt 26.1067 0.958754 
vt 26.1115 0.965587 
vt 26.1067 0.965587 
vt 26.1067 0.958754 
vt 26.1115 0.929448 
vt 26.1115 0.958754 
vt 26.1115 0.958754 
vt 26.1092 0.927909 
vt 26.1067 0.884689 
vt 26.1008 0.871144 
vt 26.1067 0.871144 
vt 26.1008 0.884689 
vt 26.1067 0.909873 
vt 26.1008 0.896328 
vt 26.1067 0.896328 
vt 26.1008 0.909873 
vt 26.1092 0.87296 
vt 26.1115 0.874499 
vt 26.253 0.865059 
vt 26.2726 0.889747 
vt 26.253 0.889747 
vt 26.1115 0.899684 
vt 26.253 0.889747 
vt 26.2726 0.914436 
vt 26.253 0.914436 
vt 26.2515 0.935029 
vt 26.2268 0.915386 
vt 26.2515 0.915386 
vt 26.0226 0.864968 
vt 26.096 0.849781 
vt 26.0714 0.874054 
vt 26 0.930893 
vt 26 0.866976 
vt 26.0226 0.913931 
vt 26.1021 0.849781 
vt 26.2268 0.935029 
vt 26.2021 0.915386 
vt 26.2268 0.915386 
vt 26.2049 0.974207 
vt 26.2049 0.8754 
vt 26.3196 0.8754 
vt 26.2262 0.95059 
vt 26.2262 0.914286 
vt 26.2876 0.914286 
vt 26.0419 0.95059 
vt 26.0419 0.914286 
vt 26.1033 0.914286 
vt 26.1647 0.95059 
vt 26.1647 0.914286 
vt 26.2262 0.914286 
vt 26.1067 0.939637 
vt 26.1008 0.926092 
vt 26.1067 0.926092 
vt 26.1008 0.939637 
vt 26.1067 0.968943 
vt 26.1008 0.955398 
vt 26.1067 0.955398 
vt 26.1092 0.967126 
vt 26.1045 0.957215 
vt 26.1092 0.957215 
vt 26.1115 0.929448 
vt 26.2268 0.935029 
vt 26.2268 0.915386 
vt 26.2515 0.935029 
vt 26.2021 0.935029 
vt 26.2721 0.93598 
vt 26.2524 0.960669 
vt 26.2524 0.93598 
vt 26.1115 0.958754 
vt 26.1665 0.989957 
vt 26.086 0.947313 
vt 26.1665 0.947313 
vt 26.1033 0.95059 
vt 26.0226 0.962895 
vt 26.0922 0.997667 
vt 26.0584 0.935632 
vt 26 0.994809 
vt 26 0.930893 
vt 26.1033 0.95059 
vt 26.1033 0.914286 
vt 26.1647 0.914286 
vt 26.1647 0.95059 
vt 26.2262 0.95059 
vt 26.247 0.989957 
vt 26.247 0.947313 
vt 26.2721 0.960669 
vt 26.2726 0.865059 
vt 26.2726 0.914436 
vt 26.253 0.889747 
vt 26.2726 0.889747 
vt 26.2983 0.935029 
vt 26.2736 0.915386 
vt 26.2983 0.915386 
vt 26.323 0.935029 
vt 26.323 0.915386 
vt 26.4846 0.865059 
vt 26.5043 0.889747 
vt 26.4846 0.889747 
vt 26.5043 0.865059 
vt 26.5043 0.914436 
vt 26.4846 0.889747 
vt 26.5043 0.889747 
vt 26.4846 0.889747 
vt 26.5043 0.914436 
vt 26.4846 0.914436 
vt 26.5299 0.935029 
vt 26.5052 0.915386 
vt 26.5299 0.915386 
vt 26.5546 0.935029 
vt 26.5546 0.915386 
vt 26.2876 0.914286 
vt 26.3231 0.914286 
vt 26.2876 0.95059 
vt 26.2876 0.914286 
vt 26.3268 0.914286 
vt 26.3268 0.95059 
vt 26.3268 0.914286 
vt 26.367 0.914286 
vt 26.367 0.95059 
vt 26.367 0.914286 
vt 26.408 0.914286 
vt 26.4584 0.935029 
vt 26.4338 0.915386 
vt 26.4584 0.915386 
vt 26.4365 0.974207 
vt 26.4365 0.8754 
vt 26.5513 0.8754 
vt 26.4831 0.935029 
vt 26.4584 0.915386 
vt 26.4831 0.915386 
vt 26.5052 0.935029 
vt 26.2736 0.935029 
vt 26.3196 0.974207 
vt 26.3275 0.989957 
vt 26.3275 0.947313 
vt 26.4338 0.935029 
vt 26.4584 0.935029 
vt 26.4584 0.915386 
vt 26.4831 0.935029 
vt 26.5513 0.974207 
vt 26.5037 0.93598 
vt 26.4841 0.960669 
vt 26.4841 0.93598 
vt 26.5037 0.960669 
vt 26.6495 0.989957 
vt 26.569 0.947313 
vt 26.6495 0.947313 
vt 26.2876 0.95059 
vt 26.2876 0.95059 
vt 26.2876 0.914286 
vt 26.2876 0.95059 
vt 26.3268 0.95059 
vt 26.367 0.95059 
vt 26.408 0.989957 
vt 26.408 0.947313 
vt 26.408 0.95059 
vt 26.4885 0.989957 
vt 26.4885 0.947313 
vt 26.569 0.989957 
vt 26.1045 0.967126 
vt 26.0385 1.01245 
vt 26.0249 1.01836 
vt 26.0249 1.01245 
vt 26.0385 1.01836 
vt 26.0367 1.0162 
vt 26.0268 1.0209 
vt 26.0268 1.0162 
vt 26.0367 1.0162 
vt 26.0268 1.0209 
vt 26.0268 1.0162 
vt 26.0828 1.01245 
vt 26.0692 1.01836 
vt 26.0692 1.01245 
vt 26.0928 1.0132 
vt 26.1073 1.0075 
vt 26.0972 1.01761 
vt 26.0828 1.01245 
vt 26.0692 1.01836 
vt 26.0692 1.01245 
vt 26.0828 1.01836 
vt 26.0809 1.0162 
vt 26.071 1.0209 
vt 26.071 1.0162 
vt 26.0385 1.01245 
vt 26.0249 1.01836 
vt 26.0249 1.01245 
vt 26.0385 1.01245 
vt 26.0249 1.01836 
vt 26.0249 1.01245 
vt 26.0385 1.01836 
vt 26.0385 1.01836 
vt 26.0367 1.0162 
vt 26.0268 1.0209 
vt 26.0268 1.0162 
vt 26.0828 1.01245 
vt 26.0692 1.01836 
vt 26.0692 1.01245 
vt 26.0828 1.01836 
vt 26.1029 1.00309 
vt 26.0972 1.01761 
vt 26.0928 1.0132 
vt 26.0828 1.01836 
vt 26.0809 1.0162 
vt 26.071 1.0209 
vt 26.071 1.0162 
vt 26.0809 1.0162 
vt 26.071 1.0209 
vt 26.071 1.0162 
vt 26.0367 1.0209 
vt 26.0351 1.01834 
vt 26.0283 1.02317 
vt 26.0283 1.01834 
vt 26.0351 1.01834 
vt 26.0283 1.02317 
vt 26.0283 1.01834 
vt 26.0351 1.02317 
vt 26.0367 1.0209 
vt 26.0809 1.0209 
vt 26.0794 1.01834 
vt 26.0726 1.02317 
vt 26.0726 1.01834 
vt 26.0794 1.01834 
vt 26.0726 1.02317 
vt 26.0726 1.01834 
vt 26.0794 1.02317 
vt 26.0809 1.0209 
vt 26.0351 1.01834 
vt 26.0283 1.02317 
vt 26.0283 1.01834 
vt 26.0367 1.0209 
vt 26.0351 1.02317 
vt 26.0351 1.02317 
vt 26.0794 1.01834 
vt 26.0726 1.02317 
vt 26.0726 1.01834 
vt 26.0809 1.0209 
vt 26.0794 1.02317 
vt 26.0794 1.02317 
vt 26.0928 1.0132 
vt 26.1073 1.0075 
vt 26.0972 1.01761 
vt 26.1008 0.968943 
vt 26.1067 0.995044 
vt 26.1008 0.981499 
vt 26.1067 0.981499 
vt 26.1045 0.993227 
vt 26.1045 0.983315 
vt 26.1092 0.993227 
vt 26.1045 0.993227 
vt 26.1045 0.983315 
vt 26.1092 0.993227 
vt 26.1092 0.983315 
vt 26.1115 0.991688 
vt 26.1067 0.984854 
vt 26.1115 0.984854 
vt 26.1092 0.983315 
vt 26.1115 0.991688 
vt 26.1067 0.991688 
vt 26.1067 0.984854 
vt 26.1067 0.991688 
vt 26.1115 0.984854 
vt 26.1008 0.968943 
vt 26.1008 0.968943 
vt 26.1067 0.995044 
vt 26.1008 0.981499 
vt 26.1067 0.981499 
vt 26.1067 0.995044 
vt 26.1008 0.981499 
vt 26.1067 0.981499 
vt 26.1092 0.993227 
vt 26.1045 0.983315 
vt 26.1092 0.983315 
vt 26.1115 0.991688 
vt 26.1067 0.984854 
vt 26.1115 0.984854 
vt 26.1115 0.991688 
vt 26.1067 0.991688 
vt 26.1067 0.984854 
vt 26.1067 0.991688 
vt 26.1045 0.993227 
vt 26.1029 1.00309 
vt 26.1043 1.00725 
vt 26.1004 1.01815 
vt 26.0969 1.01464 
vt 26.1043 1.00725 
vt 26.1004 1.01815 
vt 26.0969 1.01464 
vt 26.1048 1.00999 
vt 26.1033 1.0187 
vt 26.0997 1.01509 
vt 26.1048 1.00999 
vt 26.1033 1.0187 
vt 26.0997 1.01509 
vt 26.1008 0.995044 
vt 26.1078 1.01076 
vt 26.1078 1.01076 
vt 26.1084 1.0136 
vt 26.1084 1.0136 
vt 26.1029 1.00309 
vt 26.1073 1.0075 
vt 26.0969 1.01464 
vt 26.1078 1.01076 
vt 26.1004 1.01815 
vt 26.1048 1.00999 
vt 26.1033 1.0187 
vt 26.0997 1.01509 
vt 26.1008 0.995044 
vt 26.1008 0.995044 
vt 26.1043 1.00725 
vt 26.1084 1.0136 
vt 26.0351 1.01834 
vt 26.0283 1.02317 
vt 26.0283 1.01834 
vt 26.0134 0.985781 
vt 26.0134 0.994722 
vt 26.0385 1.01245 
vt 26.0249 1.01836 
vt 26.0249 1.01245 
vt 26.0367 1.0162 
vt 26.0268 1.0209 
vt 26.0268 1.0162 
vt 26.0385 1.01836 
vt 26.0786 0.985317 
vt 26.0134 0.994722 
vt 26.0134 0.985781 
vt 26.0134 0.994722 
vt 26.0786 0.985317 
vt 26.0786 0.996485 
vt 26.0828 1.01245 
vt 26.0692 1.01836 
vt 26.0692 1.01245 
vt 26.0809 1.0162 
vt 26.071 1.0209 
vt 26.071 1.0162 
vt 26.0134 0.994722 
vt 26.0134 1.02076 
vt 26 1.00654 
vt 26.0134 1.00622 
vt 26.0226 1.01186 
vt 26 1.02108 
vt 26.0454 0.99721 
vt 26 1.05873 
vt 26 0.994809 
vt 26.0145 1.00484 
vt 26.0786 1.01622 
vt 26.0145 1.01622 
vt 26.0786 1.00484 
vt 26.0892 1.01961 
vt 26.0134 1.00622 
vt 26.0892 1.00507 
vt 26.0134 1.02076 
vt 26.0813 1.06435 
vt 26.0134 0.995591 
vt 26.0813 0.995591 
vt 26.0351 1.02317 
vt 26.0134 1.06348 
vt 26.0134 1.07802 
vt 26.0134 1.06348 
vt 26.0367 1.0209 
vt 26.0794 1.01834 
vt 26.0726 1.02317 
vt 26.0726 1.01834 
vt 26.0794 1.02317 
vt 26.0134 1.06435 
vt 26.0786 1.05907 
vt 26.0145 1.04453 
vt 26.0786 1.04453 
vt 26.0145 1.05907 
vt 26.016 1.08929 
vt 26.0105 1.11873 
vt 26.0071 1.13726 
vt 26.0038 1.14908 
vt 26.0199 1.06229 
vt 26.0786 1.02848 
vt 26.0136 1.04299 
vt 26.0136 1.02845 
vt 26.0786 1.04302 
vt 26.0226 1.06082 
vt 26.0809 1.0209 
vt 26.1045 0.967126 
vt 26.1008 0.968943 
vt 26.1067 0.995044 
vt 26.1008 0.981499 
vt 26.1067 0.981499 
vt 26.1092 0.993227 
vt 26.1045 0.983315 
vt 26.1092 0.983315 
vt 26.1115 0.984854 
vt 26.2524 0.985357 
vt 26.4841 0.985357 
vt 26.2721 0.985357 
vt 26.5037 0.985357 
vt 26.086 0.989957 
vt 26.0944 1.00937 
vt 26.0803 0.942376 
vt 26.0944 0.942376 
vt 26.0803 1.00937 
vt 26.0961 0.996485 
vt 26.0786 0.985317 
vt 26.0961 0.985317 
vt 26.1073 1.0075 
vt 26.0972 1.01761 
vt 26.1029 1.00309 
vt 26.0928 1.0132 
vt 26.1043 1.00725 
vt 26.1004 1.01815 
vt 26.0969 1.01464 
vt 26.0828 1.01836 
vt 26.1008 0.995044 
vt 26.1045 0.993227 
vt 26.1078 1.01076 
vt 26.1084 1.0136 
vt 26.0997 1.01509 
vt 26.1048 1.00999 
vt 26.1033 1.0187 
vt 26.0786 0.996485 
vt 26.0786 1.02848 
vt 26.0786 1.00901 
vt 26.0961 1.00901 
vt 26.0961 1.00303 
vt 26.0786 1.00303 
vt 26.0786 0.988487 
vt 26.0786 1.00606 
vt 26.0961 1.04453 
vt 26.0786 1.04453 
vt 26.0786 1.06348 
vt 26.0786 0.996485 
vt 26.0961 1.06348 
vt 26.0961 0.996485 
vt 26.0961 0.988487 
vt 26.0961 1.00606 
vt 26.0961 1.02848 
vt 25.4457 0.874499 
vt 25.453 0.881333 
vt 25.4457 0.881333 
vt 25.453 0.874499 
vt 25.4741 0.874499 
vt 25.4814 0.881333 
vt 25.4741 0.881333 
vt 25.4457 0.906517 
vt 25.4457 0.899684 
vt 25.453 0.906517 
vt 25.453 0.899684 
vt 25.4411 0.882872 
vt 25.4411 0.87296 
vt 25.4524 0.882872 
vt 25.4694 0.882872 
vt 25.4694 0.87296 
vt 25.4807 0.882872 
vt 25.4411 0.908056 
vt 25.4411 0.898145 
vt 25.4524 0.908056 
vt 25.4741 0.906517 
vt 25.4741 0.899684 
vt 25.4814 0.906517 
vt 25.4814 0.874499 
vt 25.499 0.874499 
vt 25.5063 0.881333 
vt 25.499 0.881333 
vt 25.4814 0.899684 
vt 25.499 0.906517 
vt 25.499 0.899684 
vt 25.5063 0.906517 
vt 25.5063 0.874499 
vt 25.4944 0.882872 
vt 25.4944 0.87296 
vt 25.5057 0.882872 
vt 25.5063 0.899684 
vt 25.4944 0.908056 
vt 25.4944 0.898145 
vt 25.5057 0.908056 
vt 25.4694 0.908056 
vt 25.4694 0.898145 
vt 25.4807 0.908056 
vt 25.4457 0.936281 
vt 25.4457 0.929448 
vt 25.453 0.936281 
vt 25.4741 0.936281 
vt 25.4741 0.929448 
vt 25.4814 0.936281 
vt 25.4457 0.965587 
vt 25.4457 0.958754 
vt 25.453 0.965587 
vt 25.4741 0.965587 
vt 25.4741 0.958754 
vt 25.4814 0.965587 
vt 25.453 0.958754 
vt 25.453 0.929448 
vt 25.4411 0.93782 
vt 25.4411 0.927909 
vt 25.4524 0.93782 
vt 25.4694 0.93782 
vt 25.4694 0.927909 
vt 25.4807 0.93782 
vt 25.4814 0.929448 
vt 25.499 0.936281 
vt 25.499 0.929448 
vt 25.5063 0.936281 
vt 25.5063 0.965587 
vt 25.499 0.958754 
vt 25.5063 0.958754 
vt 25.4814 0.958754 
vt 25.499 0.965587 
vt 25.5063 0.929448 
vt 25.5057 0.93782 
vt 25.4944 0.927909 
vt 25.5057 0.927909 
vt 25.4944 0.93782 
vt 25.5223 0.93782 
vt 25.5223 0.927909 
vt 25.5336 0.93782 
vt 25.5057 0.87296 
vt 25.4524 0.87296 
vt 25.4807 0.87296 
vt 25.4386 0.871144 
vt 25.4542 0.884689 
vt 25.4386 0.884689 
vt 25.4524 0.898145 
vt 25.4542 0.871144 
vt 25.467 0.871144 
vt 25.4825 0.884689 
vt 25.467 0.884689 
vt 25.4542 0.909873 
vt 25.4386 0.896328 
vt 25.4542 0.896328 
vt 25.467 0.909873 
vt 25.467 0.896328 
vt 25.4825 0.909873 
vt 25.4807 0.898145 
vt 25.4825 0.871144 
vt 25.4919 0.871144 
vt 25.5075 0.884689 
vt 25.4919 0.884689 
vt 25.4825 0.896328 
vt 25.5057 0.898145 
vt 25.4919 0.909873 
vt 25.4919 0.896328 
vt 25.5075 0.909873 
vt 25.5075 0.871144 
vt 25.5198 0.884689 
vt 25.5198 0.871144 
vt 25.5354 0.884689 
vt 25.5075 0.896328 
vt 25.4386 0.909873 
vt 25.4524 0.927909 
vt 25.4807 0.927909 
vt 25.4524 0.967126 
vt 25.4411 0.957215 
vt 25.4524 0.957215 
vt 25.4807 0.967126 
vt 25.4694 0.957215 
vt 25.4807 0.957215 
vt 25.4386 0.939637 
vt 25.4386 0.926092 
vt 25.4542 0.939637 
vt 25.4542 0.926092 
vt 25.467 0.939637 
vt 25.467 0.926092 
vt 25.4825 0.939637 
vt 25.4542 0.968943 
vt 25.4386 0.955398 
vt 25.4542 0.955398 
vt 25.4825 0.926092 
vt 25.4919 0.939637 
vt 25.4919 0.926092 
vt 25.5075 0.939637 
vt 25.5075 0.926092 
vt 25.4825 0.968943 
vt 25.467 0.955398 
vt 25.4825 0.955398 
vt 25.5057 0.967126 
vt 25.4944 0.957215 
vt 25.5057 0.957215 
vt 25.5075 0.968943 
vt 25.4919 0.955398 
vt 25.5075 0.955398 
vt 25.5198 0.896328 
vt 25.5354 0.909873 
vt 25.5198 0.909873 
vt 25.5198 0.926092 
vt 25.5354 0.939637 
vt 25.5198 0.939637 
vt 25.4319 1.01245 
vt 25.4319 0.849782 
vt 25.5912 1.01245 
vt 25.5223 0.908056 
vt 25.5223 0.898145 
vt 25.5336 0.908056 
vt 25.5935 0.865059 
vt 25.5764 0.889747 
vt 25.5764 0.865059 
vt 25.5935 0.889747 
vt 25.5935 0.889747 
vt 25.5764 0.914436 
vt 25.5764 0.889747 
vt 25.5935 0.935029 
vt 25.5764 0.915386 
vt 25.5935 0.915386 
vt 25.5935 0.865059 
vt 25.5764 0.889747 
vt 25.5764 0.865059 
vt 25.5935 0.889747 
vt 25.5935 0.889747 
vt 25.5764 0.914436 
vt 25.5764 0.889747 
vt 25.5935 0.935029 
vt 25.5764 0.915386 
vt 25.5935 0.915386 
vt 25.5764 0.914436 
vt 25.5935 0.889747 
vt 25.5935 0.914436 
vt 25.5764 0.914436 
vt 25.5935 0.889747 
vt 25.5935 0.914436 
vt 25.7294 0.974207 
vt 25.6903 0.8754 
vt 25.7294 0.8754 
vt 25.6512 0.974207 
vt 25.6121 0.8754 
vt 25.6512 0.8754 
vt 25.6121 0.966038 
vt 25.6121 0.883568 
vt 25.6189 0.883568 
vt 26.4505 0.914286 
vt 26.4062 0.95059 
vt 26.4062 0.914286 
vt 25.7294 0.974207 
vt 25.6903 0.8754 
vt 25.7294 0.8754 
vt 25.6512 0.974207 
vt 25.6121 0.8754 
vt 25.6512 0.8754 
vt 25.6121 0.966038 
vt 25.6121 0.883568 
vt 25.6189 0.883568 
vt 26.3649 0.914286 
vt 26.3278 0.95059 
vt 26.3278 0.914286 
vt 25.5764 0.935029 
vt 25.5935 0.960669 
vt 25.5764 0.93598 
vt 25.5935 0.93598 
vt 25.5764 0.960669 
vt 25.5935 0.960669 
vt 25.5764 0.960669 
vt 25.5764 0.93598 
vt 25.5935 0.93598 
vt 25.5764 0.935029 
vt 25.5269 0.936281 
vt 25.5269 0.929448 
vt 25.5343 0.936281 
vt 25.5269 0.965587 
vt 25.5269 0.958754 
vt 25.5343 0.965587 
vt 25.6189 0.966038 
vt 25.6903 0.974207 
vt 26.4505 0.95059 
vt 25.6121 0.974207 
vt 25.7975 0.947313 
vt 25.6433 0.989957 
vt 25.6433 0.947313 
vt 26.3649 0.95059 
vt 25.6189 0.966038 
vt 25.6903 0.974207 
vt 25.6121 0.974207 
vt 25.5269 0.906517 
vt 25.5269 0.899684 
vt 25.5343 0.906517 
vt 25.5269 0.874499 
vt 25.5343 0.881333 
vt 25.5269 0.881333 
vt 25.5343 0.874499 
vt 25.5223 0.882872 
vt 25.5223 0.87296 
vt 25.5336 0.882872 
vt 25.5343 0.899684 
vt 25.5336 0.87296 
vt 25.5354 0.871144 
vt 25.5354 0.896328 
vt 25.5336 0.898145 
vt 25.7236 1.01245 
vt 25.6574 0.849782 
vt 25.7236 0.849782 
vt 25.957 1.01245 
vt 25.856 0.849781 
vt 25.957 0.849781 
vt 26.0696 1.01245 
vt 25.9974 0.849781 
vt 26.0696 0.849781 
vt 25.856 1.01245 
vt 25.7898 0.849782 
vt 25.7898 1.01245 
vt 26.1696 1.00319 
vt 26.1074 0.848462 
vt 26.1696 0.848462 
vt 26.3879 0.81577 
vt 25.4358 0.849782 
vt 25.4358 0.815771 
vt 26.3879 0.849781 
vt 26.2075 0.997667 
vt 26.2075 0.850863 
vt 26.385 0.850863 
vt 25.6574 1.01245 
vt 25.5912 0.849782 
vt 25.5336 0.927909 
vt 25.5343 0.929448 
vt 25.5336 0.967126 
vt 25.5223 0.957215 
vt 25.5336 0.957215 
vt 25.5343 0.958754 
vt 25.5354 0.926092 
vt 25.5354 0.968943 
vt 25.5198 0.955398 
vt 25.5354 0.955398 
vt 25.9974 1.01245 
vt 26.1074 1.00319 
vt 26.2761 0.874054 
vt 26.2646 0.989171 
vt 26.2007 0.927986 
vt 26.3401 0.935632 
vt 26.385 0.997667 
vt 25.4944 0.967126 
vt 25.4411 0.967126 
vt 25.453 0.991688 
vt 25.4457 0.984854 
vt 25.453 0.984854 
vt 25.4457 0.991688 
vt 25.4411 0.993227 
vt 25.4411 0.983315 
vt 25.4524 0.993227 
vt 25.4524 0.983315 
vt 25.4386 0.968943 
vt 25.467 0.968943 
vt 25.4542 0.995044 
vt 25.4386 0.981499 
vt 25.4542 0.981499 
vt 25.4694 0.967126 
vt 25.4814 0.991688 
vt 25.4741 0.984854 
vt 25.4814 0.984854 
vt 25.499 0.984854 
vt 25.5063 0.991688 
vt 25.499 0.991688 
vt 25.4741 0.991688 
vt 25.4944 0.993227 
vt 25.4944 0.983315 
vt 25.5057 0.993227 
vt 25.4807 0.993227 
vt 25.4694 0.983315 
vt 25.4807 0.983315 
vt 25.4919 0.968943 
vt 25.4825 0.995044 
vt 25.467 0.981499 
vt 25.4825 0.981499 
vt 25.5057 0.983315 
vt 25.4694 0.993227 
vt 25.4386 0.995044 
vt 25.467 0.995044 
vt 25.4492 1.00999 
vt 25.4434 1.01568 
vt 25.4414 1.01208 
vt 25.4511 1.0136 
vt 25.4434 1.02078 
vt 25.4434 1.01568 
vt 25.4523 1.0075 
vt 25.4359 1.0075 
vt 25.4359 1.00309 
vt 25.4523 1.00309 
vt 25.4823 1.0075 
vt 25.4658 1.0075 
vt 25.4658 1.00309 
vt 25.4511 1.0187 
vt 25.4804 1.01076 
vt 25.4684 1.01926 
vt 25.4684 1.01187 
vt 25.4919 0.995044 
vt 25.4919 0.981499 
vt 25.5075 0.995044 
vt 25.5054 1.00999 
vt 25.4996 1.01568 
vt 25.4976 1.01208 
vt 25.4791 1.00999 
vt 25.4733 1.01568 
vt 25.4714 1.01208 
vt 25.481 1.0136 
vt 25.4733 1.02078 
vt 25.4733 1.01568 
vt 25.5073 1.0187 
vt 25.4996 1.02078 
vt 25.4996 1.01568 
vt 25.5085 1.00309 
vt 25.4921 1.0075 
vt 25.4921 1.00309 
vt 25.4823 1.00309 
vt 25.481 1.0187 
vt 25.4523 1.01761 
vt 25.4359 1.0075 
vt 25.4523 1.0075 
vt 25.4359 1.01761 
vt 25.4823 1.01761 
vt 25.4658 1.01761 
vt 25.4658 1.0075 
vt 25.4542 1.01836 
vt 25.4386 1.01245 
vt 25.4542 1.01245 
vt 25.4386 1.01836 
vt 25.4825 1.01836 
vt 25.467 1.01836 
vt 25.467 1.01245 
vt 25.4542 1.01836 
vt 25.4386 1.01245 
vt 25.4542 1.01245 
vt 25.4825 1.01836 
vt 25.467 1.01836 
vt 25.467 1.01245 
vt 25.4386 1.01836 
vt 25.4823 1.0075 
vt 25.4825 1.01245 
vt 25.5085 1.01761 
vt 25.4921 1.01761 
vt 25.4921 1.0075 
vt 25.5075 1.01836 
vt 25.4919 1.01836 
vt 25.4919 1.01245 
vt 25.5066 1.01815 
vt 25.4947 1.01926 
vt 25.4947 1.01187 
vt 25.505 1.0162 
vt 25.4944 1.02239 
vt 25.4937 1.01769 
vt 25.4825 1.01245 
vt 25.5075 1.01836 
vt 25.4919 1.01836 
vt 25.4919 1.01245 
vt 25.505 1.0162 
vt 25.4944 1.02239 
vt 25.4937 1.01769 
vt 25.4801 1.0162 
vt 25.4694 1.02239 
vt 25.4688 1.01769 
vt 25.4518 1.0162 
vt 25.4411 1.02239 
vt 25.4405 1.01769 
vt 25.4801 1.0162 
vt 25.4694 1.02239 
vt 25.4688 1.01769 
vt 25.4524 1.0209 
vt 25.4512 1.01834 
vt 25.4457 1.02597 
vt 25.4439 1.02114 
vt 25.453 1.02317 
vt 25.4518 1.0162 
vt 25.4411 1.02239 
vt 25.4405 1.01769 
vt 25.4524 1.0209 
vt 25.4512 1.01834 
vt 25.4457 1.02597 
vt 25.4439 1.02114 
vt 25.4796 1.01834 
vt 25.4741 1.02597 
vt 25.4722 1.02114 
vt 25.4807 1.0209 
vt 25.5057 1.0209 
vt 25.5045 1.01834 
vt 25.499 1.02597 
vt 25.4971 1.02114 
vt 25.4814 1.02317 
vt 25.4807 1.0209 
vt 25.5057 1.0209 
vt 25.4796 1.01834 
vt 25.4741 1.02597 
vt 25.4722 1.02114 
vt 25.4814 1.02317 
vt 25.5075 1.01245 
vt 25.5063 0.984854 
vt 25.5223 0.967126 
vt 25.5269 0.984854 
vt 25.5343 0.991688 
vt 25.5269 0.991688 
vt 25.5223 0.993227 
vt 25.5223 0.983315 
vt 25.5336 0.993227 
vt 25.5336 0.983315 
vt 25.5198 0.968943 
vt 25.5075 0.981499 
vt 25.5198 0.981499 
vt 25.5354 0.995044 
vt 25.5198 0.995044 
vt 25.5354 0.981499 
vt 25.5935 0.985357 
vt 25.7975 0.989957 
vt 25.5764 0.985357 
vt 25.5935 0.985357 
vt 25.5764 0.985357 
vt 25.5343 0.984854 
vt 25.5701 0.985317 
vt 25.5537 0.999981 
vt 25.5516 0.988813 
vt 25.5722 0.996485 
vt 25.5216 1.0075 
vt 25.538 1.00309 
vt 25.538 1.0075 
vt 25.4947 1.01187 
vt 25.506 1.00725 
vt 25.5066 1.01076 
vt 25.5349 1.00999 
vt 25.5291 1.01568 
vt 25.5271 1.01208 
vt 25.5073 1.0136 
vt 25.5073 1.0136 
vt 25.5066 1.01076 
vt 25.5085 1.0075 
vt 25.538 1.01761 
vt 25.5216 1.01761 
vt 25.5216 1.0075 
vt 25.5361 1.01815 
vt 25.5242 1.01926 
vt 25.5242 1.01187 
vt 25.5368 1.0136 
vt 25.5291 1.02078 
vt 25.5291 1.01568 
vt 25.5242 1.01187 
vt 25.5355 1.00725 
vt 25.5361 1.01076 
vt 25.5368 1.0136 
vt 25.5361 1.01076 
vt 25.685 1.04453 
vt 25.7532 1.03161 
vt 25.6877 1.05907 
vt 25.756 1.04615 
vt 25.9837 1.00303 
vt 25.7725 1.04302 
vt 25.981 0.988487 
vt 25.7697 1.02848 
vt 25.7495 1.01214 
vt 25.7661 1.00901 
vt 25.7697 1.02848 
vt 25.685 1.04453 
vt 25.6673 1.06294 
vt 25.6645 1.0484 
vt 25.5075 1.01245 
vt 25.5354 1.01836 
vt 25.5198 1.01836 
vt 25.5198 1.01245 
vt 25.533 1.0162 
vt 25.5223 1.02239 
vt 25.5217 1.01769 
vt 25.5336 1.0209 
vt 25.5354 1.01836 
vt 25.5198 1.01836 
vt 25.5198 1.01245 
vt 25.5354 1.01245 
vt 25.533 1.0162 
vt 25.5223 1.02239 
vt 25.5217 1.01769 
vt 25.5336 1.0209 
vt 25.5354 1.01245 
vt 25.8973 1.01953 
vt 25.8974 1.00499 
vt 25.9131 1.00507 
vt 25.685 1.04453 
vt 25.6573 1.00993 
vt 25.6777 1.00606 
vt 25.5722 0.996485 
vt 25.5664 1.06698 
vt 25.5537 0.999981 
vt 25.913 1.01961 
vt 26.3401 0.935632 
vt 26.3286 1.05036 
vt 26.2646 0.989171 
vt 26.4041 0.99721 
vt 25.5803 1.06435 
vt 25.558 0.997349 
vt 25.5673 0.995591 
vt 25.5324 1.01834 
vt 25.5269 1.02597 
vt 25.5251 1.02114 
vt 25.5849 1.06348 
vt 25.5849 1.06348 
vt 25.6645 1.0484 
vt 25.5876 1.07802 
vt 25.5876 1.07802 
vt 25.5664 1.06698 
vt 25.5849 1.06348 
vt 25.5692 1.08152 
vt 25.6673 1.06294 
vt 25.5343 1.02317 
vt 25.5063 1.02317 
vt 25.571 1.06611 
vt 25.6645 1.0484 
vt 25.7532 1.03161 
vt 25.6877 1.05907 
vt 25.6853 1.04611 
vt 25.9032 1.00484 
vt 25.6874 1.05749 
vt 25.9054 1.01622 
vt 26.4041 0.99721 
vt 26.3926 1.11154 
vt 26.3286 1.05036 
vt 26.468 1.05879 
vt 25.453 1.02317 
vt 25.4386 0.871144 
vt 25.4542 0.884689 
vt 25.4386 0.884689 
vt 25.467 0.871144 
vt 25.4825 0.884689 
vt 25.467 0.884689 
vt 25.467 0.909873 
vt 25.467 0.896328 
vt 25.4825 0.909873 
vt 25.4386 0.909873 
vt 25.4386 0.896328 
vt 25.4542 0.909873 
vt 25.4542 0.871144 
vt 25.4518 0.882872 
vt 25.4405 0.87296 
vt 25.4518 0.87296 
vt 25.4542 0.896328 
vt 25.4518 0.908056 
vt 25.4405 0.898145 
vt 25.4518 0.898145 
vt 25.4801 0.882872 
vt 25.4688 0.87296 
vt 25.4801 0.87296 
vt 25.4825 0.871144 
vt 25.4919 0.871144 
vt 25.5075 0.884689 
vt 25.4919 0.884689 
vt 25.4825 0.896328 
vt 25.4825 0.939637 
vt 25.467 0.926092 
vt 25.4825 0.926092 
vt 25.4919 0.909873 
vt 25.4919 0.896328 
vt 25.5075 0.909873 
vt 25.505 0.882872 
vt 25.4937 0.87296 
vt 25.505 0.87296 
vt 25.4801 0.908056 
vt 25.4688 0.898145 
vt 25.4801 0.898145 
vt 25.505 0.908056 
vt 25.4937 0.898145 
vt 25.505 0.898145 
vt 25.4542 0.939637 
vt 25.4386 0.926092 
vt 25.4542 0.926092 
vt 25.4386 0.939637 
vt 25.467 0.939637 
vt 25.4542 0.968943 
vt 25.4386 0.955398 
vt 25.4542 0.955398 
vt 25.4386 0.968943 
vt 25.4542 0.995044 
vt 25.4386 0.981499 
vt 25.4542 0.981499 
vt 25.4518 0.93782 
vt 25.4405 0.927909 
vt 25.4518 0.927909 
vt 25.4518 0.967126 
vt 25.4405 0.957215 
vt 25.4518 0.957215 
vt 25.4518 0.993227 
vt 25.4405 0.983315 
vt 25.4518 0.983315 
vt 25.467 0.968943 
vt 25.467 0.955398 
vt 25.4825 0.968943 
vt 25.4825 0.955398 
vt 25.4919 0.939637 
vt 25.4919 0.926092 
vt 25.5075 0.939637 
vt 25.4919 0.968943 
vt 25.4919 0.955398 
vt 25.5075 0.968943 
vt 25.4825 0.995044 
vt 25.467 0.981499 
vt 25.4825 0.981499 
vt 25.4801 0.93782 
vt 25.4688 0.927909 
vt 25.4801 0.927909 
vt 25.505 0.93782 
vt 25.4937 0.927909 
vt 25.505 0.927909 
vt 25.505 0.967126 
vt 25.4937 0.957215 
vt 25.505 0.957215 
vt 25.4801 0.967126 
vt 25.4688 0.957215 
vt 25.4801 0.957215 
vt 25.4937 0.93782 
vt 25.4405 0.882872 
vt 25.4512 0.881333 
vt 25.4439 0.874499 
vt 25.4512 0.874499 
vt 25.4688 0.882872 
vt 25.4688 0.908056 
vt 25.4512 0.906517 
vt 25.4439 0.899684 
vt 25.4512 0.899684 
vt 25.4722 0.874499 
vt 25.4796 0.881333 
vt 25.4722 0.881333 
vt 25.4439 0.881333 
vt 25.4439 0.906517 
vt 25.4722 0.906517 
vt 25.4722 0.899684 
vt 25.4796 0.906517 
vt 25.4796 0.874499 
vt 25.4937 0.882872 
vt 25.4796 0.899684 
vt 25.4937 0.908056 
vt 25.5045 0.906517 
vt 25.4971 0.899684 
vt 25.5045 0.899684 
vt 25.5045 0.881333 
vt 25.4971 0.874499 
vt 25.5045 0.874499 
vt 25.4971 0.881333 
vt 25.4971 0.906517 
vt 25.4405 0.908056 
vt 25.4405 0.93782 
vt 25.4688 0.93782 
vt 25.4405 0.967126 
vt 25.4688 0.967126 
vt 25.4512 0.936281 
vt 25.4439 0.929448 
vt 25.4512 0.929448 
vt 25.4439 0.936281 
vt 25.4512 0.965587 
vt 25.4439 0.958754 
vt 25.4512 0.958754 
vt 25.4439 0.965587 
vt 25.4722 0.936281 
vt 25.4722 0.929448 
vt 25.4796 0.936281 
vt 25.4796 0.929448 
vt 25.5045 0.936281 
vt 25.4971 0.929448 
vt 25.5045 0.929448 
vt 25.4796 0.965587 
vt 25.4722 0.958754 
vt 25.4796 0.958754 
vt 25.4937 0.967126 
vt 25.5045 0.965587 
vt 25.4971 0.958754 
vt 25.5045 0.958754 
vt 25.4971 0.936281 
vt 25.4971 0.965587 
vt 25.4722 0.965587 
vt 25.5075 0.871144 
vt 25.5075 0.896328 
vt 25.5198 0.884689 
vt 25.5198 0.871144 
vt 25.5354 0.884689 
vt 25.5198 0.896328 
vt 25.5354 0.909873 
vt 25.5198 0.909873 
vt 25.5075 0.926092 
vt 25.533 0.882872 
vt 25.5217 0.87296 
vt 25.533 0.87296 
vt 25.5217 0.882872 
vt 25.533 0.908056 
vt 25.5217 0.898145 
vt 25.533 0.898145 
vt 25.5217 0.908056 
vt 25.5324 0.881333 
vt 25.5251 0.874499 
vt 25.5324 0.874499 
vt 26.2709 0.816005 
vt 26.2139 0.963502 
vt 26.1674 0.914539 
vt 26.3175 0.864968 
vt 26.3641 0.913931 
vt 26.2139 0.963502 
vt 26.3175 0.864968 
vt 26.3318 0.95059 
vt 26.2481 0.914286 
vt 26.3318 0.914286 
vt 25.5354 0.871144 
vt 25.5354 0.896328 
vt 25.5324 0.906517 
vt 25.5251 0.899684 
vt 25.5324 0.899684 
vt 25.5354 0.939637 
vt 25.5198 0.926092 
vt 25.5354 0.926092 
vt 25.533 0.93782 
vt 25.5217 0.927909 
vt 25.533 0.927909 
vt 25.5075 0.955398 
vt 25.5198 0.939637 
vt 25.5198 0.955398 
vt 25.5354 0.968943 
vt 25.5198 0.968943 
vt 25.5075 0.995044 
vt 25.4919 0.981499 
vt 25.5075 0.981499 
vt 25.533 0.967126 
vt 25.5217 0.957215 
vt 25.533 0.957215 
vt 25.5217 0.93782 
vt 25.5251 0.965587 
vt 25.5251 0.958754 
vt 25.5324 0.965587 
vt 25.5217 0.967126 
vt 25.5324 0.936281 
vt 25.5251 0.929448 
vt 25.5324 0.929448 
vt 26.2481 0.95059 
vt 26.4107 0.962895 
vt 26.2605 1.01247 
vt 26.3641 0.913931 
vt 26.2605 1.01247 
vt 25.7975 0.989957 
vt 25.6433 0.989957 
vt 25.6433 0.947313 
vt 25.7975 0.947313 
vt 25.5354 0.955398 
vt 25.5324 0.958754 
vt 25.5354 0.995044 
vt 25.5198 0.981499 
vt 25.5354 0.981499 
vt 25.5251 0.881333 
vt 25.5764 0.865059 
vt 25.5935 0.889747 
vt 25.5764 0.889747 
vt 25.5935 0.865059 
vt 25.5764 0.914436 
vt 25.5251 0.906517 
vt 25.5935 0.915386 
vt 25.5764 0.935029 
vt 25.5764 0.915386 
vt 25.5764 0.865059 
vt 25.5935 0.889747 
vt 25.5764 0.889747 
vt 25.5764 0.914436 
vt 25.5935 0.915386 
vt 25.5764 0.935029 
vt 25.5764 0.915386 
vt 25.5935 0.865059 
vt 25.5935 0.914436 
vt 25.6903 0.974207 
vt 25.6903 0.8754 
vt 25.7294 0.8754 
vt 25.6121 0.974207 
vt 25.6121 0.8754 
vt 25.6512 0.8754 
vt 25.6189 0.966038 
vt 25.6121 0.883568 
vt 25.6189 0.883568 
vt 25.6121 0.974207 
vt 25.6121 0.8754 
vt 25.6512 0.8754 
vt 25.5935 0.914436 
vt 25.6903 0.974207 
vt 25.6903 0.8754 
vt 25.7294 0.8754 
vt 25.6189 0.966038 
vt 25.6121 0.883568 
vt 25.6189 0.883568 
vt 25.5935 0.935029 
vt 25.5251 0.936281 
vt 25.5935 0.93598 
vt 25.5764 0.960669 
vt 25.5764 0.93598 
vt 25.5935 0.960669 
vt 25.5764 0.985357 
vt 25.5935 0.935029 
vt 25.5935 0.93598 
vt 25.5764 0.960669 
vt 25.5764 0.93598 
vt 25.5935 0.960669 
vt 25.5764 0.985357 
vt 25.5935 0.985357 
vt 25.7294 0.974207 
vt 25.6512 0.974207 
vt 25.5935 0.985357 
vt 25.6121 0.966038 
vt 25.6121 0.966038 
vt 25.7294 0.974207 
vt 25.6512 0.974207 
vt 25.533 0.993227 
vt 25.5217 0.983315 
vt 25.533 0.983315 
vt 25.4542 1.01245 
vt 25.4386 1.01836 
vt 25.4386 1.01245 
vt 25.4825 1.01245 
vt 25.467 1.01836 
vt 25.467 1.01245 
vt 25.4542 1.01836 
vt 25.4518 1.0162 
vt 25.4411 1.02239 
vt 25.4405 1.01769 
vt 25.4542 1.01245 
vt 25.4386 1.01836 
vt 25.4386 1.01245 
vt 25.4825 1.01245 
vt 25.467 1.01836 
vt 25.467 1.01245 
vt 25.4823 1.0132 
vt 25.4658 1.01761 
vt 25.4658 1.0132 
vt 25.4542 1.01836 
vt 25.4801 1.0162 
vt 25.4694 1.02239 
vt 25.4688 1.01769 
vt 25.5075 1.01245 
vt 25.4919 1.01836 
vt 25.4919 1.01245 
vt 25.5075 1.01836 
vt 25.4825 1.01836 
vt 25.505 1.0162 
vt 25.4944 1.02239 
vt 25.4937 1.01769 
vt 25.4825 1.01836 
vt 25.5075 1.01245 
vt 25.4919 1.01836 
vt 25.4919 1.01245 
vt 25.505 1.0162 
vt 25.4944 1.02239 
vt 25.4937 1.01769 
vt 25.4801 1.0162 
vt 25.4694 1.02239 
vt 25.4688 1.01769 
vt 25.4518 1.0162 
vt 25.4411 1.02239 
vt 25.4405 1.01769 
vt 25.4524 1.0209 
vt 25.4796 1.01834 
vt 25.4741 1.02597 
vt 25.4722 1.02114 
vt 25.4512 1.01834 
vt 25.4457 1.02597 
vt 25.4439 1.02114 
vt 25.453 1.02317 
vt 25.4524 1.0209 
vt 25.4796 1.01834 
vt 25.4741 1.02597 
vt 25.4722 1.02114 
vt 25.4512 1.01834 
vt 25.4457 1.02597 
vt 25.4439 1.02114 
vt 25.453 1.02317 
vt 25.4807 1.0209 
vt 25.5045 1.01834 
vt 25.499 1.02597 
vt 25.4971 1.02114 
vt 25.5057 1.0209 
vt 25.5045 1.01834 
vt 25.499 1.02597 
vt 25.4971 1.02114 
vt 25.4814 1.02317 
vt 25.4807 1.0209 
vt 25.5057 1.0209 
vt 25.5045 1.01834 
vt 25.499 1.02597 
vt 25.4971 1.02114 
vt 25.4814 1.02317 
vt 25.5085 1.0132 
vt 25.4921 1.01761 
vt 25.4921 1.0132 
vt 25.4386 0.995044 
vt 25.467 0.995044 
vt 25.4523 1.0132 
vt 25.4359 1.00309 
vt 25.4523 1.00309 
vt 25.4359 1.0132 
vt 25.4405 0.993227 
vt 25.4512 0.991688 
vt 25.4439 0.984854 
vt 25.4512 0.984854 
vt 25.4439 0.991688 
vt 25.4688 0.993227 
vt 25.4688 0.983315 
vt 25.4801 0.993227 
vt 25.4722 0.984854 
vt 25.4796 0.991688 
vt 25.4722 0.991688 
vt 25.4801 0.983315 
vt 25.505 0.993227 
vt 25.4937 0.983315 
vt 25.505 0.983315 
vt 25.4919 0.995044 
vt 25.5085 1.00309 
vt 25.4921 1.0132 
vt 25.4921 1.00309 
vt 25.4937 0.993227 
vt 25.4796 0.984854 
vt 25.5045 0.991688 
vt 25.4971 0.984854 
vt 25.5045 0.984854 
vt 25.4971 0.991688 
vt 25.506 1.01464 
vt 25.4941 1.00836 
vt 25.506 1.00725 
vt 25.4523 1.0132 
vt 25.4359 1.01761 
vt 25.4359 1.0132 
vt 25.4523 1.01761 
vt 25.4498 1.01464 
vt 25.4385 1.01926 
vt 25.4378 1.01575 
vt 25.4504 1.01815 
vt 25.4498 1.01464 
vt 25.4378 1.01575 
vt 25.4378 1.00836 
vt 25.4498 1.00725 
vt 25.4414 1.01718 
vt 25.4492 1.00999 
vt 25.4492 1.01509 
vt 25.4492 1.01509 
vt 25.4434 1.02078 
vt 25.4414 1.01718 
vt 25.4511 1.0187 
vt 25.4797 1.01464 
vt 25.4684 1.01926 
vt 25.4678 1.01575 
vt 25.4823 1.01761 
vt 25.506 1.01464 
vt 25.4947 1.01926 
vt 25.4941 1.01575 
vt 25.4804 1.01815 
vt 25.4797 1.01464 
vt 25.4678 1.01575 
vt 25.4678 1.00836 
vt 25.4797 1.00725 
vt 25.4941 1.01575 
vt 25.4714 1.01718 
vt 25.4791 1.00999 
vt 25.4791 1.01509 
vt 25.5075 1.01836 
vt 25.5354 1.01245 
vt 25.5198 1.01836 
vt 25.5198 1.01245 
vt 25.5354 1.01836 
vt 25.5324 1.01834 
vt 25.5269 1.02597 
vt 25.5251 1.02114 
vt 25.5063 1.02317 
vt 25.533 1.0162 
vt 25.5223 1.02239 
vt 25.5217 1.01769 
vt 25.5336 1.0209 
vt 25.5324 1.01834 
vt 25.5269 1.02597 
vt 25.5251 1.02114 
vt 25.5063 1.02317 
vt 25.5343 1.02317 
vt 26.3071 1.06143 
vt 26.4573 1.01186 
vt 26.3071 1.06143 
vt 26.4107 0.962895 
vt 25.8977 1.02067 
vt 25.7699 1.02845 
vt 25.8978 1.00613 
vt 25.7727 1.04299 
vt 25.5849 1.06348 
vt 25.5534 0.998218 
vt 25.5719 0.994722 
vt 25.5803 1.06435 
vt 25.558 0.997349 
vt 25.5673 0.995591 
vt 25.5343 1.02317 
vt 25.6874 1.05749 
vt 25.9032 1.00484 
vt 25.9054 1.01622 
vt 25.6853 1.04611 
vt 26.3537 1.11039 
vt 26.5038 1.06082 
vt 26.4003 1.15936 
vt 26.4573 1.01186 
vt 26.3537 1.11039 
vt 26.4114 1.14909 
vt 26.5325 1.09366 
vt 26.4412 1.18046 
vt 25.7534 1.03158 
vt 25.6877 1.05907 
vt 25.685 1.04453 
vt 25.571 1.06611 
vt 25.5664 1.06698 
vt 25.7561 1.04612 
vt 26.5026 1.06229 
vt 26.5235 1.08929 
vt 26.4742 1.18423 
vt 26.4502 1.15903 
vt 26.5475 1.11449 
vt 26.5101 1.18117 
vt 26.5425 1.11873 
vt 26.5583 1.1353 
vt 26.4943 1.1646 
vt 26.5236 1.16801 
vt 26.5665 1.14837 
vt 26.5341 1.17912 
vt 26.5559 1.13726 
vt 26.5507 1.1717 
vt 26.5624 1.14908 
vt 26.5681 1.15508 
vt 26.545 1.1657 
vt 25.5198 1.01836 
vt 25.5354 1.01245 
vt 25.5354 1.01836 
vt 25.5085 1.0132 
vt 25.5216 1.00309 
vt 25.538 1.0132 
vt 25.5216 1.0132 
vt 25.5198 1.01245 
vt 25.5085 1.01761 
vt 25.5198 0.995044 
vt 25.5251 0.984854 
vt 25.5324 0.991688 
vt 25.5251 0.991688 
vt 25.5217 0.993227 
vt 25.4976 1.01718 
vt 25.5054 1.00999 
vt 25.5054 1.01509 
vt 25.5355 1.00725 
vt 25.5236 1.01575 
vt 25.5236 1.00836 
vt 25.858 0.942376 
vt 25.5849 1.06348 
vt 25.5722 0.996485 
vt 25.8707 1.00937 
vt 25.7725 1.04302 
vt 25.981 0.988487 
vt 25.9837 1.00303 
vt 25.7697 1.02848 
vt 25.7495 1.01214 
vt 25.7661 1.00901 
vt 25.5355 1.01464 
vt 25.5242 1.01926 
vt 25.5236 1.01575 
vt 25.5324 0.984854 
vt 25.538 1.00309 
vt 25.5271 1.01718 
vt 25.5349 1.00999 
vt 25.5349 1.01509 
vt 25.5361 1.01815 
vt 25.533 1.0162 
vt 25.5223 1.02239 
vt 25.5217 1.01769 
vt 25.5336 1.0209 
vt 25.5324 1.01834 
vt 25.5269 1.02597 
vt 25.5251 1.02114 
vt 25.5063 1.02317 
vt 25.5343 1.02317 
vt 25.5066 1.01815 
vt 25.5368 1.0187 
vt 25.5291 1.02078 
vt 25.5349 1.01509 
vt 25.5073 1.0187 
vt 25.4996 1.02078 
vt 25.5054 1.01509 
vt 25.5722 0.996485 
vt 25.5664 1.06698 
vt 25.5537 0.999981 
vt 25.6777 1.00606 
vt 25.685 1.04453 
vt 25.6645 1.0484 
vt 25.5849 1.06348 
vt 25.756 1.04615 
vt 25.6877 1.05907 
vt 25.685 1.04453 
vt 25.7532 1.03161 
vt 25.6573 1.00993 
vt 25.7532 1.03161 
vt 25.8933 0.451199 
vt 25.8857 0.445699 
vt 25.8905 0.443858 
vt 25.8885 0.453039 
vt 25.8857 0.445699 
vt 25.8933 0.451199 
vt 25.8885 0.453039 
vt 25.8905 0.443858 
vt 25.8933 0.479556 
vt 25.8857 0.474056 
vt 25.8905 0.472216 
vt 25.8955 0.451765 
vt 25.8893 0.441087 
vt 25.894 0.440468 
vt 25.8908 0.452384 
vt 25.8893 0.441087 
vt 25.8955 0.451765 
vt 25.8908 0.452384 
vt 25.8955 0.480122 
vt 25.8893 0.469444 
vt 25.894 0.468826 
vt 25.8893 0.469444 
vt 25.8955 0.480122 
vt 25.8908 0.480741 
vt 25.8885 0.481397 
vt 25.8857 0.498968 
vt 25.8933 0.504468 
vt 25.8885 0.506309 
vt 25.8905 0.497128 
vt 25.8933 0.532424 
vt 25.8857 0.526924 
vt 25.8905 0.525084 
vt 25.8908 0.480741 
vt 25.8893 0.494357 
vt 25.8955 0.505034 
vt 25.8908 0.505653 
vt 25.8893 0.494357 
vt 25.8955 0.505034 
vt 25.8908 0.505653 
vt 25.894 0.493738 
vt 25.8893 0.522313 
vt 25.8955 0.532991 
vt 25.8908 0.533609 
vt 25.8857 0.498968 
vt 25.8933 0.504468 
vt 25.8885 0.506309 
vt 25.8857 0.445699 
vt 25.8933 0.451199 
vt 25.8885 0.453039 
vt 25.8857 0.474056 
vt 25.8933 0.479556 
vt 25.8885 0.481397 
vt 25.8857 0.474056 
vt 25.8933 0.479556 
vt 25.8885 0.481397 
vt 25.8905 0.443858 
vt 25.8905 0.472216 
vt 25.8893 0.441087 
vt 25.8955 0.451765 
vt 25.8908 0.452384 
vt 25.8893 0.469444 
vt 25.8955 0.480122 
vt 25.8908 0.480741 
vt 25.8905 0.472216 
vt 25.8893 0.441087 
vt 25.8955 0.451765 
vt 25.8908 0.452384 
vt 25.8955 0.505034 
vt 25.8893 0.494357 
vt 25.894 0.493738 
vt 25.8905 0.497128 
vt 25.8933 0.532424 
vt 25.8857 0.526924 
vt 25.8905 0.525084 
vt 25.8857 0.498968 
vt 25.8933 0.504468 
vt 25.8885 0.506309 
vt 25.8905 0.497128 
vt 25.8933 0.532424 
vt 25.8857 0.526924 
vt 25.8905 0.525084 
vt 25.8908 0.505653 
vt 25.8893 0.522313 
vt 25.8955 0.532991 
vt 25.8908 0.533609 
vt 25.8893 0.494357 
vt 25.8955 0.505034 
vt 25.8908 0.505653 
vt 25.894 0.468826 
vt 25.8933 0.454184 
vt 25.8933 0.438613 
vt 25.8992 0.438613 
vt 25.8933 0.482542 
vt 25.8933 0.46697 
vt 25.8992 0.46697 
vt 25.8933 0.454184 
vt 25.8933 0.438613 
vt 25.8992 0.438613 
vt 25.894 0.440468 
vt 25.8933 0.482542 
vt 25.8933 0.46697 
vt 25.8992 0.46697 
vt 25.8992 0.454184 
vt 25.8992 0.482542 
vt 25.8992 0.454184 
vt 25.8992 0.482542 
vt 25.8979 0.431863 
vt 26.1021 0.431863 
vt 25.8979 0.59123 
vt 25.8933 0.507454 
vt 25.8933 0.491882 
vt 25.8992 0.491882 
vt 25.894 0.493738 
vt 25.8955 0.532991 
vt 25.8893 0.522313 
vt 25.894 0.521694 
vt 25.894 0.521694 
vt 25.8933 0.507454 
vt 25.8933 0.491882 
vt 25.8992 0.491882 
vt 25.8992 0.507454 
vt 25.8933 0.53541 
vt 25.8933 0.519839 
vt 25.8992 0.519839 
vt 25.8992 0.507454 
vt 25.8933 0.53541 
vt 25.8933 0.519839 
vt 25.8992 0.519839 
vt 25.8933 0.482542 
vt 25.8933 0.46697 
vt 25.8992 0.46697 
vt 25.8933 0.454184 
vt 25.8933 0.438613 
vt 25.8992 0.438613 
vt 25.894 0.440468 
vt 25.894 0.468826 
vt 25.894 0.440468 
vt 25.8933 0.454184 
vt 25.8933 0.438613 
vt 25.8992 0.438613 
vt 25.8992 0.454184 
vt 25.8992 0.482542 
vt 25.8992 0.454184 
vt 25.8933 0.482542 
vt 25.8933 0.46697 
vt 25.8992 0.46697 
vt 25.8992 0.482542 
vt 25.8933 0.507454 
vt 25.8933 0.491882 
vt 25.8992 0.491882 
vt 25.894 0.521694 
vt 25.8933 0.507454 
vt 25.8933 0.491882 
vt 25.8992 0.491882 
vt 25.894 0.493738 
vt 25.8933 0.53541 
vt 25.8933 0.519839 
vt 25.8992 0.519839 
vt 25.8992 0.507454 
vt 25.8992 0.507454 
vt 25.8933 0.53541 
vt 25.8933 0.519839 
vt 25.8992 0.519839 
vt 25.8908 0.533609 
vt 25.4454 0.576375 
vt 25.4701 0.576375 
vt 25.4454 0.593485 
vt 25.4487 0.612056 
vt 25.5635 0.651166 
vt 25.4487 0.651166 
vt 25.4701 0.576375 
vt 25.4948 0.576375 
vt 25.4701 0.593485 
vt 25.4948 0.593485 
vt 25.5635 0.612056 
vt 25.6804 0.612056 
vt 25.7951 0.651166 
vt 25.6804 0.651166 
vt 25.4487 0.690275 
vt 25.5635 0.690275 
vt 25.5635 0.729384 
vt 25.677 0.576375 
vt 25.7017 0.576375 
vt 25.677 0.593485 
vt 25.7017 0.593485 
vt 25.4487 0.729384 
vt 25.5981 1.39212 
vt 25.592 1.45048 
vt 25.5574 1.4062 
vt 25.633 1.43717 
vt 25.638 1.37835 
vt 25.633 1.43717 
vt 25.5981 1.39212 
vt 25.6732 1.42416 
vt 25.6769 1.3649 
vt 25.6732 1.42416 
vt 25.638 1.37835 
vt 25.6804 0.690275 
vt 25.7951 0.729384 
vt 25.6804 0.729384 
vt 25.6513 1.32778 
vt 25.7124 1.41145 
vt 25.6769 1.3649 
vt 25.7124 1.41145 
vt 25.7128 1.30785 
vt 25.7124 1.41145 
vt 25.6513 1.32778 
vt 25.4701 0.593485 
vt 25.5416 0.576375 
vt 25.5169 0.593485 
vt 25.5169 0.576375 
vt 25.5169 0.593485 
vt 25.5416 0.576375 
vt 25.5416 0.593485 
vt 25.5159 0.576375 
vt 25.4963 0.593485 
vt 25.4963 0.576375 
vt 25.5159 0.593485 
vt 25.5662 0.576375 
vt 25.5416 0.593485 
vt 25.5416 0.576375 
vt 25.7017 0.576375 
vt 25.7264 0.576375 
vt 25.7017 0.593485 
vt 25.7264 0.593485 
vt 25.5662 0.593485 
vt 25.6725 0.643307 
vt 25.6725 0.797526 
vt 25.592 0.643307 
vt 25.5115 0.643307 
vt 25.5115 0.797526 
vt 25.431 0.643307 
vt 25.3505 0.643307 
vt 25.431 0.797526 
vt 25.3505 0.797526 
vt 25.592 0.797526 
vt 25.753 0.797526 
vt 25.753 0.643307 
vt 25.7738 1.39153 
vt 25.8885 0.534265 
vt 25.7951 0.690275 
vt 25.7951 0.612056 
vt 25.8885 0.534265 
vt 25.8992 0.53541 
vt 26.1021 0.59123 
vt 25.8979 0.657429 
vt 25.8979 0.723627 
vt 26.1021 0.789826 
vt 25.8979 0.789826 
vt 26.1021 0.723627 
vt 25.8992 0.53541 
vt 26.1021 0.856025 
vt 25.8979 0.856025 
vt 25.8979 0.956983 
vt 25.8979 0.997404 
vt 26.1021 1.06963 
vt 25.8979 1.06963 
vt 25.9184 1.20066 
vt 26 1.26618 
vt 25.9286 1.27614 
vt 25.9286 1.27614 
vt 26 1.32974 
vt 25.9416 1.3401 
vt 25.9028 1.10743 
vt 26.0972 1.10743 
vt 25.9028 1.16961 
vt 25.904 0.435843 
vt 26.096 1.38789 
vt 25.904 1.38789 
vt 25.9774 1.16736 
vt 26.0226 1.27092 
vt 25.9774 1.27092 
vt 25.9078 1.20747 
vt 26.0922 1.38496 
vt 25.9078 1.38496 
vt 26 1.1907 
vt 25.7742 1.28793 
vt 25.7738 1.39153 
vt 25.7128 1.30785 
vt 25.7732 0.576375 
vt 25.7485 0.593485 
vt 25.7485 0.576375 
vt 25.7732 0.593485 
vt 25.7476 0.576375 
vt 25.7279 0.593485 
vt 25.7279 0.576375 
vt 25.7476 0.593485 
vt 25.7979 0.576375 
vt 25.7732 0.593485 
vt 25.7732 0.576375 
vt 25.8992 0.53541 
vt 25.7979 0.593485 
vt 25.8885 0.534265 
vt 25.8992 0.53541 
vt 25.8335 0.643307 
vt 25.8335 0.797526 
vt 25.8357 1.26801 
vt 25.8353 1.37161 
vt 25.7742 1.28793 
vt 25.8353 1.37161 
vt 25.8967 1.35168 
vt 25.914 0.797526 
vt 25.8967 1.35168 
vt 25.8971 1.24809 
vt 25.9581 1.33176 
vt 25.8357 1.26801 
vt 25.914 0.643307 
vt 25.8955 0.480122 
vt 25.8893 0.469444 
vt 25.894 0.468826 
vt 25.8857 0.445699 
vt 25.8933 0.451199 
vt 25.8885 0.453039 
vt 25.8908 0.480741 
vt 25.8905 0.443858 
vt 25.8933 0.479556 
vt 25.8857 0.474056 
vt 25.8905 0.472216 
vt 25.8955 0.451765 
vt 25.8893 0.441087 
vt 25.894 0.440468 
vt 25.8933 0.454184 
vt 25.8933 0.438613 
vt 25.8992 0.438613 
vt 25.8933 0.482542 
vt 25.8933 0.46697 
vt 25.8992 0.46697 
vt 25.8992 0.454184 
vt 25.8955 0.480122 
vt 25.8893 0.469444 
vt 25.894 0.468826 
vt 25.8908 0.480741 
vt 25.8933 0.504468 
vt 25.8857 0.498968 
vt 25.8905 0.497128 
vt 25.8885 0.506309 
vt 25.8885 0.481397 
vt 25.8893 0.494357 
vt 25.8955 0.505034 
vt 25.8908 0.505653 
vt 25.894 0.493738 
vt 25.8933 0.507454 
vt 25.8933 0.491882 
vt 25.8992 0.491882 
vt 25.8992 0.507454 
vt 25.8933 0.53541 
vt 25.8933 0.519839 
vt 25.8992 0.519839 
vt 25.8992 0.482542 
vt 25.8908 0.452384 
vt 25.8933 0.451199 
vt 25.8857 0.445699 
vt 25.8905 0.443858 
vt 25.8885 0.453039 
vt 25.8933 0.479556 
vt 25.8857 0.474056 
vt 25.8905 0.472216 
vt 25.8895 0.44337 
vt 25.8952 0.449174 
vt 25.8916 0.451116 
vt 25.891 0.438503 
vt 25.8957 0.449771 
vt 25.8922 0.450424 
vt 25.8946 0.43785 
vt 25.8957 0.479697 
vt 25.891 0.468429 
vt 25.8946 0.467776 
vt 25.8982 0.471353 
vt 25.8952 0.4791 
vt 25.8931 0.471353 
vt 25.8982 0.441427 
vt 25.8952 0.449174 
vt 25.8931 0.441427 
vt 25.8922 0.48035 
vt 25.8885 0.481397 
vt 25.8857 0.498968 
vt 25.8933 0.504468 
vt 25.8885 0.506309 
vt 25.8905 0.497128 
vt 25.8895 0.473296 
vt 25.8952 0.4791 
vt 25.8916 0.481042 
vt 25.8957 0.505987 
vt 25.891 0.494719 
vt 25.8946 0.494066 
vt 25.8927 0.492108 
vt 25.8971 0.508541 
vt 25.8927 0.508541 
vt 25.8971 0.465818 
vt 25.9072 0.48225 
vt 25.8971 0.48225 
vt 25.8982 0.497643 
vt 25.8952 0.50539 
vt 25.8931 0.497643 
vt 25.9072 0.465818 
vt 25.9172 0.438613 
vt 25.9308 0.438613 
vt 25.9308 0.454184 
vt 25.9172 0.454184 
vt 25.9191 0.468826 
vt 25.929 0.480122 
vt 25.9191 0.480122 
vt 25.9191 0.440468 
vt 25.929 0.451765 
vt 25.9191 0.451765 
vt 25.9172 0.46697 
vt 25.9308 0.46697 
vt 25.9308 0.482542 
vt 25.9615 0.438613 
vt 25.9751 0.454184 
vt 25.9615 0.454184 
vt 25.9615 0.46697 
vt 25.9751 0.46697 
vt 25.9751 0.482542 
vt 25.9751 0.438613 
vt 25.9633 0.468826 
vt 25.9732 0.480122 
vt 25.9633 0.480122 
vt 25.9172 0.482542 
vt 25.9172 0.491882 
vt 25.9308 0.507454 
vt 25.9172 0.507454 
vt 25.9172 0.519839 
vt 25.9308 0.519839 
vt 25.9308 0.53541 
vt 25.9308 0.491882 
vt 25.9191 0.493738 
vt 25.929 0.505034 
vt 25.9191 0.505034 
vt 25.9615 0.482542 
vt 25.9615 0.491882 
vt 25.9751 0.507454 
vt 25.9615 0.507454 
vt 25.9615 0.519839 
vt 25.9751 0.519839 
vt 25.9751 0.53541 
vt 25.9751 0.491882 
vt 25.9633 0.493738 
vt 25.9732 0.505034 
vt 25.9633 0.505034 
vt 25.9633 0.440468 
vt 25.9732 0.451765 
vt 25.9633 0.451765 
vt 25.929 0.440468 
vt 25.9206 0.443858 
vt 25.9274 0.451199 
vt 25.9206 0.451199 
vt 25.9206 0.472216 
vt 25.9274 0.472216 
vt 25.9274 0.479556 
vt 25.9274 0.443858 
vt 25.929 0.468826 
vt 25.9732 0.440468 
vt 25.9732 0.468826 
vt 25.9649 0.443858 
vt 25.9717 0.451199 
vt 25.9649 0.451199 
vt 25.9717 0.443858 
vt 25.9649 0.472216 
vt 25.9717 0.472216 
vt 25.9717 0.479556 
vt 25.9206 0.479556 
vt 25.929 0.493738 
vt 25.9206 0.497128 
vt 25.9274 0.504468 
vt 25.9206 0.504468 
vt 25.9274 0.497128 
vt 25.9649 0.479556 
vt 25.9732 0.493738 
vt 25.9649 0.497128 
vt 25.9717 0.504468 
vt 25.9649 0.504468 
vt 25.9717 0.497128 
vt 25.9191 0.521694 
vt 25.929 0.521694 
vt 25.929 0.532991 
vt 25.8933 0.532424 
vt 25.8857 0.526924 
vt 25.8905 0.525084 
vt 25.8885 0.534265 
vt 25.8857 0.526924 
vt 25.8933 0.532424 
vt 25.8885 0.534265 
vt 25.8905 0.525084 
vt 25.8893 0.522313 
vt 25.8955 0.532991 
vt 25.8908 0.533609 
vt 25.894 0.521694 
vt 25.8992 0.53541 
vt 25.8893 0.522313 
vt 25.8955 0.532991 
vt 25.8908 0.533609 
vt 25.894 0.521694 
vt 25.9039 0.551618 
vt 25.9214 0.551618 
vt 25.9214 0.570084 
vt 25.4582 0.612056 
vt 25.554 0.612056 
vt 25.554 0.618855 
vt 25.4582 0.618855 
vt 25.6898 0.612056 
vt 25.7856 0.618855 
vt 25.6898 0.618855 
vt 25.7856 0.612056 
vt 25.9039 0.570084 
vt 25.9197 0.572199 
vt 25.9197 0.857981 
vt 25.9056 0.572199 
vt 25.9056 0.857981 
vt 25.9187 0.557991 
vt 25.9866 0.557991 
vt 25.9187 0.567272 
vt 25.9039 0.980964 
vt 25.9214 0.769746 
vt 25.9214 0.980964 
vt 25.8971 0.538043 
vt 25.8927 0.52161 
vt 25.8971 0.52161 
vt 25.8957 0.53549 
vt 25.891 0.524222 
vt 25.8946 0.523568 
vt 25.8957 0.53549 
vt 25.902 0.523568 
vt 25.9031 0.53549 
vt 25.8982 0.527146 
vt 25.8952 0.534892 
vt 25.8931 0.527146 
vt 25.9214 0.584883 
vt 25.9039 0.664538 
vt 25.9039 0.584883 
vt 25.9214 0.664538 
vt 25.9191 0.532991 
vt 25.9172 0.53541 
vt 25.9206 0.525084 
vt 25.9274 0.532424 
vt 25.9206 0.532424 
vt 25.9274 0.525084 
vt 25.9214 0.657254 
vt 25.9039 0.677691 
vt 25.9039 0.657254 
vt 25.9214 0.677691 
vt 25.9214 0.749528 
vt 25.9039 0.766059 
vt 25.9039 0.749528 
vt 25.9039 0.769746 
vt 25.9214 0.684975 
vt 25.9039 0.753214 
vt 25.9039 0.684975 
vt 25.9214 0.753214 
vt 25.9866 0.897783 
vt 25.9108 0.913121 
vt 25.9108 0.897398 
vt 25.9214 0.766059 
vt 25.9855 0.664538 
vt 25.9214 0.684975 
vt 25.9214 0.664538 
vt 25.9214 0.584883 
vt 25.9866 0.551705 
vt 25.9214 0.570084 
vt 25.9214 0.551618 
vt 25.9214 0.570084 
vt 25.9866 0.551705 
vt 25.9866 0.570172 
vt 25.9615 0.53541 
vt 25.9633 0.521694 
vt 25.9732 0.532991 
vt 25.9633 0.532991 
vt 25.9649 0.525084 
vt 25.9717 0.532424 
vt 25.9649 0.532424 
vt 26 0.551705 
vt 25.9866 0.570172 
vt 25.9866 0.551705 
vt 26 0.570172 
vt 25.9732 0.521694 
vt 25.9717 0.525084 
vt 25.9866 0.567272 
vt 25.9866 0.913505 
vt 25.9416 1.3401 
vt 26 1.3933 
vt 25.9546 1.40405 
vt 25.9214 0.685274 
vt 25.9855 0.903244 
vt 25.9214 0.903244 
vt 25.9214 0.769746 
vt 25.9864 0.753368 
vt 25.9864 0.7699 
vt 25.9864 0.7699 
vt 26 0.89739 
vt 25.9866 0.897783 
vt 25.9866 0.897783 
vt 26 0.913113 
vt 25.9866 0.913505 
vt 26 0.89739 
vt 26 0.769746 
vt 25.9864 0.753368 
vt 26 0.769746 
vt 25.9864 0.7699 
vt 25.9866 0.584883 
vt 25.9855 0.684975 
vt 25.9214 0.584883 
vt 25.9866 0.566416 
vt 25.9866 0.584883 
vt 25.9214 0.566416 
vt 26 0.664538 
vt 25.9855 0.684975 
vt 25.9855 0.664538 
vt 26 0.684975 
vt 26 0.684975 
vt 25.9864 0.753368 
vt 25.9855 0.684975 
vt 25.9866 0.584883 
vt 26 0.664538 
vt 25.9855 0.664538 
vt 26 0.584883 
vt 26 0.753214 
vt 25.9855 0.685274 
vt 25.9214 0.753214 
vt 25.9546 1.40405 
vt 26 1.45686 
vt 25.9676 1.46801 
vt 26.0199 1.41139 
vt 25.9801 1.50262 
vt 25.9801 1.41139 
vt 26.016 1.45021 
vt 25.984 1.52351 
vt 25.984 1.45021 
vt 26 0.753214 
vt 26.0105 1.49434 
vt 25.9895 1.54255 
vt 25.9895 1.49434 
vt 26.0071 1.52357 
vt 25.9929 1.55588 
vt 25.9929 1.52357 
vt 26.0038 1.54496 
vt 25.9962 1.56242 
vt 25.9962 1.54496 
vt 26.1008 0.438613 
vt 26.1067 0.454184 
vt 26.1008 0.454184 
vt 26.1008 0.46697 
vt 26.1067 0.482542 
vt 26.1008 0.482542 
vt 26.1067 0.46697 
vt 26.1008 0.438613 
vt 26.1067 0.454184 
vt 26.1008 0.454184 
vt 26.1067 0.46697 
vt 26.1067 0.482542 
vt 26.1008 0.46697 
vt 26.1067 0.438613 
vt 26.1107 0.441087 
vt 26.1045 0.451765 
vt 26.106 0.440468 
vt 26.1107 0.469444 
vt 26.1045 0.480122 
vt 26.106 0.468826 
vt 26.1067 0.438613 
vt 26.1008 0.482542 
vt 26.1067 0.491882 
vt 26.1067 0.507454 
vt 26.1008 0.491882 
vt 26.1008 0.507454 
vt 26.1008 0.491882 
vt 26.1067 0.507454 
vt 26.1008 0.507454 
vt 26.1067 0.491882 
vt 26.1067 0.519839 
vt 26.1067 0.53541 
vt 26.1008 0.519839 
vt 26.1067 0.519839 
vt 26.1067 0.53541 
vt 26.1008 0.519839 
vt 26.1107 0.522313 
vt 26.1045 0.532991 
vt 26.106 0.521694 
vt 26.1107 0.494357 
vt 26.1045 0.505034 
vt 26.106 0.493738 
vt 26.1107 0.522313 
vt 26.1045 0.532991 
vt 26.106 0.521694 
vt 26.1067 0.46697 
vt 26.1067 0.482542 
vt 26.1008 0.46697 
vt 26.1008 0.438613 
vt 26.1067 0.454184 
vt 26.1008 0.454184 
vt 26.1008 0.482542 
vt 26.1008 0.438613 
vt 26.1067 0.454184 
vt 26.1008 0.454184 
vt 26.1008 0.46697 
vt 26.1067 0.482542 
vt 26.1008 0.482542 
vt 26.1067 0.46697 
vt 26.1067 0.438613 
vt 26.1107 0.469444 
vt 26.1045 0.480122 
vt 26.106 0.468826 
vt 26.1067 0.438613 
vt 26.1107 0.441087 
vt 26.1045 0.451765 
vt 26.106 0.440468 
vt 26.1067 0.491882 
vt 26.1067 0.507454 
vt 26.1008 0.491882 
vt 26.1008 0.507454 
vt 26.1067 0.519839 
vt 26.1067 0.53541 
vt 26.1008 0.519839 
vt 26.1008 0.491882 
vt 26.1067 0.507454 
vt 26.1008 0.507454 
vt 26.1067 0.491882 
vt 26.1067 0.519839 
vt 26.1067 0.53541 
vt 26.1008 0.519839 
vt 26.1107 0.522313 
vt 26.1045 0.532991 
vt 26.106 0.521694 
vt 26.1107 0.494357 
vt 26.1045 0.505034 
vt 26.106 0.493738 
vt 26.1107 0.494357 
vt 26.1045 0.505034 
vt 26.106 0.493738 
vt 26.1107 0.469444 
vt 26.1045 0.480122 
vt 26.106 0.468826 
vt 26.1092 0.452384 
vt 26.1092 0.480741 
vt 26.1107 0.441087 
vt 26.1045 0.451765 
vt 26.106 0.440468 
vt 26.1092 0.452384 
vt 26.1092 0.480741 
vt 26.1143 0.445699 
vt 26.1067 0.451199 
vt 26.1095 0.443858 
vt 26.1143 0.474056 
vt 26.1067 0.479556 
vt 26.1095 0.472216 
vt 26.1115 0.453039 
vt 26.1143 0.445699 
vt 26.1067 0.451199 
vt 26.1095 0.443858 
vt 26.1115 0.481397 
vt 26.1092 0.505653 
vt 26.1092 0.533609 
vt 26.1107 0.494357 
vt 26.1045 0.505034 
vt 26.106 0.493738 
vt 26.1092 0.533609 
vt 26.1092 0.505653 
vt 26.1143 0.498968 
vt 26.1067 0.504468 
vt 26.1095 0.497128 
vt 26.1143 0.526924 
vt 26.1067 0.532424 
vt 26.1095 0.525084 
vt 26.1115 0.506309 
vt 26.1143 0.498968 
vt 26.1067 0.504468 
vt 26.1095 0.497128 
vt 26.1115 0.453039 
vt 26.1107 0.441087 
vt 26.1045 0.451765 
vt 26.106 0.440468 
vt 26.1092 0.452384 
vt 26.1092 0.480741 
vt 26.1092 0.452384 
vt 26.1143 0.474056 
vt 26.1067 0.479556 
vt 26.1095 0.472216 
vt 26.1143 0.474056 
vt 26.1067 0.479556 
vt 26.1095 0.472216 
vt 26.1115 0.481397 
vt 26.1143 0.445699 
vt 26.1067 0.451199 
vt 26.1095 0.443858 
vt 26.1115 0.453039 
vt 26.1115 0.481397 
vt 26.1092 0.505653 
vt 26.1092 0.533609 
vt 26.1143 0.498968 
vt 26.1067 0.504468 
vt 26.1095 0.497128 
vt 26.1092 0.505653 
vt 26.1143 0.526924 
vt 26.1067 0.532424 
vt 26.1095 0.525084 
vt 26.1115 0.506309 
vt 26.1143 0.526924 
vt 26.1067 0.532424 
vt 26.1095 0.525084 
vt 26.1115 0.506309 
vt 26.1008 0.53541 
vt 26.1021 0.657429 
vt 26.1008 0.53541 
vt 26.1008 0.53541 
vt 26.1115 0.534265 
vt 26.3196 0.690275 
vt 26.2049 0.729384 
vt 26.2049 0.690275 
vt 26.3196 0.612056 
vt 26.2049 0.651166 
vt 26.2049 0.612056 
vt 26.1115 0.534265 
vt 26.096 0.435843 
vt 26.0922 1.20747 
vt 26.0226 1.16736 
vt 26.0816 1.20066 
vt 26 1.26618 
vt 26 1.1907 
vt 26.0972 1.16961 
vt 26.1021 0.956983 
vt 26.1021 0.997404 
vt 26.0714 1.27614 
vt 26 1.32974 
vt 26.0714 1.27614 
vt 26.0584 1.3401 
vt 26.1115 0.534265 
vt 26.2021 0.576375 
vt 26.2268 0.593485 
vt 26.2021 0.593485 
vt 26.1665 0.643307 
vt 26.086 0.797526 
vt 26.086 0.643307 
vt 26.1008 0.53541 
vt 26.2268 0.576375 
vt 26.2268 0.576375 
vt 26.2515 0.576375 
vt 26.2515 0.593485 
vt 26.2268 0.576375 
vt 26.2515 0.593485 
vt 26.2268 0.593485 
vt 26.2524 0.576375 
vt 26.2721 0.593485 
vt 26.2524 0.593485 
vt 26.2721 0.576375 
vt 26.247 0.643307 
vt 26.1665 0.797526 
vt 26.1029 1.24809 
vt 26.1033 1.35168 
vt 26.0419 1.33176 
vt 26.1643 1.26801 
vt 26.1647 1.37161 
vt 26.1033 1.35168 
vt 26.1643 1.26801 
vt 26.2258 1.28793 
vt 26.2258 1.28793 
vt 26.2262 1.39153 
vt 26.1647 1.37161 
vt 26.2872 1.30785 
vt 26.247 0.797526 
vt 26.2876 1.41145 
vt 26.2736 0.576375 
vt 26.2983 0.593485 
vt 26.2736 0.593485 
vt 26.3196 0.651166 
vt 26.2983 0.576375 
vt 26.2983 0.576375 
vt 26.323 0.593485 
vt 26.2983 0.593485 
vt 26.323 0.576375 
vt 26.5513 0.612056 
vt 26.4365 0.651166 
vt 26.4365 0.612056 
vt 26.5513 0.690275 
vt 26.4365 0.729384 
vt 26.4365 0.690275 
vt 26.5513 0.651166 
vt 26.5546 0.576375 
vt 26.5546 0.593485 
vt 26.5299 0.576375 
vt 26.3196 0.729384 
vt 26.2876 1.41145 
vt 26.3487 1.32778 
vt 26.3231 1.3649 
vt 26.3231 1.3649 
vt 26.3268 1.42416 
vt 26.2876 1.41145 
vt 26.362 1.37835 
vt 26.3487 1.32778 
vt 26.367 1.43717 
vt 26.5513 0.729384 
vt 26.4019 1.39212 
vt 26.4019 1.39212 
vt 26.408 1.45048 
vt 26.367 1.43717 
vt 26.4426 1.4062 
vt 26.5299 0.576375 
vt 26.5299 0.593485 
vt 26.5052 0.576375 
vt 26.4584 0.576375 
vt 26.4831 0.576375 
vt 26.4831 0.593485 
vt 26.4584 0.593485 
vt 26.4338 0.576375 
vt 26.4584 0.593485 
vt 26.4338 0.593485 
vt 26.4584 0.576375 
vt 26.4841 0.576375 
vt 26.5037 0.593485 
vt 26.4841 0.593485 
vt 26.5052 0.593485 
vt 26.5299 0.593485 
vt 26.5037 0.576375 
vt 26.569 0.643307 
vt 26.4885 0.797526 
vt 26.4885 0.643307 
vt 26.408 0.643307 
vt 26.3275 0.797526 
vt 26.3275 0.643307 
vt 26.408 0.797526 
vt 26.569 0.797526 
vt 26.6495 0.643307 
vt 26.6495 0.797526 
vt 26.1107 0.522313 
vt 26.1045 0.532991 
vt 26.106 0.521694 
vt 26.0385 0.438613 
vt 26.0249 0.454184 
vt 26.0249 0.438613 
vt 26.0385 0.46697 
vt 26.0249 0.482542 
vt 26.0249 0.46697 
vt 26.0268 0.480122 
vt 26.0367 0.468826 
vt 26.0367 0.480122 
vt 26.0268 0.451765 
vt 26.0367 0.440468 
vt 26.0367 0.451765 
vt 26.0385 0.454184 
vt 26.1029 0.465818 
vt 26.0928 0.48225 
vt 26.0928 0.465818 
vt 26.0828 0.46697 
vt 26.0692 0.482542 
vt 26.0692 0.46697 
vt 26.0828 0.438613 
vt 26.0692 0.454184 
vt 26.0692 0.438613 
vt 26.0828 0.454184 
vt 26.071 0.480122 
vt 26.0809 0.468826 
vt 26.0809 0.480122 
vt 26.0385 0.491882 
vt 26.0249 0.507454 
vt 26.0249 0.491882 
vt 26.0385 0.507454 
vt 26.0385 0.482542 
vt 26.0268 0.505034 
vt 26.0367 0.493738 
vt 26.0367 0.505034 
vt 26.0828 0.491882 
vt 26.0692 0.507454 
vt 26.0692 0.491882 
vt 26.0828 0.507454 
vt 26.0828 0.519839 
vt 26.0692 0.53541 
vt 26.0692 0.519839 
vt 26.0828 0.482542 
vt 26.071 0.505034 
vt 26.0809 0.493738 
vt 26.0809 0.505034 
vt 26.071 0.451765 
vt 26.0809 0.440468 
vt 26.0809 0.451765 
vt 26.0268 0.440468 
vt 26.0268 0.468826 
vt 26.0283 0.451199 
vt 26.0351 0.443858 
vt 26.0351 0.451199 
vt 26.0283 0.443858 
vt 26.071 0.440468 
vt 26.0726 0.451199 
vt 26.0794 0.443858 
vt 26.0794 0.451199 
vt 26.071 0.468826 
vt 26.0794 0.472216 
vt 26.0726 0.479556 
vt 26.0726 0.472216 
vt 26.0726 0.443858 
vt 26.0351 0.472216 
vt 26.0283 0.479556 
vt 26.0283 0.472216 
vt 26.0351 0.479556 
vt 26.0268 0.493738 
vt 26.0283 0.504468 
vt 26.0351 0.497128 
vt 26.0351 0.504468 
vt 26.0283 0.497128 
vt 26.071 0.493738 
vt 26.0794 0.479556 
vt 26.0726 0.504468 
vt 26.0794 0.497128 
vt 26.0794 0.504468 
vt 26.0726 0.497128 
vt 26.1029 0.48225 
vt 26.1008 0.438613 
vt 26.1067 0.454184 
vt 26.1008 0.454184 
vt 26.1067 0.46697 
vt 26.1067 0.482542 
vt 26.1008 0.46697 
vt 26.1067 0.438613 
vt 26.1107 0.441087 
vt 26.1045 0.451765 
vt 26.106 0.440468 
vt 26.1107 0.469444 
vt 26.1045 0.480122 
vt 26.106 0.468826 
vt 26.1143 0.445699 
vt 26.1067 0.451199 
vt 26.1095 0.443858 
vt 26.1115 0.453039 
vt 26.1107 0.469444 
vt 26.1045 0.480122 
vt 26.106 0.468826 
vt 26.1092 0.452384 
vt 26.1143 0.474056 
vt 26.1067 0.479556 
vt 26.1095 0.472216 
vt 26.1067 0.491882 
vt 26.1067 0.507454 
vt 26.1008 0.491882 
vt 26.1008 0.507454 
vt 26.1008 0.482542 
vt 26.1067 0.519839 
vt 26.1067 0.53541 
vt 26.1008 0.519839 
vt 26.1092 0.480741 
vt 26.1143 0.498968 
vt 26.1067 0.504468 
vt 26.1095 0.497128 
vt 26.1115 0.506309 
vt 26.1115 0.481397 
vt 26.1045 0.505034 
vt 26.1107 0.494357 
vt 26.1092 0.505653 
vt 26.106 0.493738 
vt 26.109 0.438503 
vt 26.1043 0.449771 
vt 26.1054 0.43785 
vt 26.109 0.468429 
vt 26.1043 0.479697 
vt 26.1054 0.467776 
vt 26.1048 0.4791 
vt 26.1018 0.471353 
vt 26.1069 0.471353 
vt 26.1048 0.449174 
vt 26.1018 0.441427 
vt 26.1069 0.441427 
vt 26.1078 0.450424 
vt 26.1143 0.445699 
vt 26.1067 0.451199 
vt 26.1095 0.443858 
vt 26.1143 0.474056 
vt 26.1067 0.479556 
vt 26.1095 0.472216 
vt 26.1115 0.453039 
vt 26.1048 0.449174 
vt 26.1105 0.44337 
vt 26.1084 0.451116 
vt 26.1078 0.48035 
vt 26.109 0.494719 
vt 26.1043 0.505987 
vt 26.1054 0.494066 
vt 26.1029 0.508541 
vt 26.1073 0.492108 
vt 26.1073 0.508541 
vt 26.1048 0.50539 
vt 26.1018 0.497643 
vt 26.1069 0.497643 
vt 26.1048 0.4791 
vt 26.1105 0.473296 
vt 26.1084 0.481042 
vt 26.1092 0.480741 
vt 26.1143 0.498968 
vt 26.1067 0.504468 
vt 26.1095 0.497128 
vt 26.1115 0.481397 
vt 26.1115 0.506309 
vt 26.0385 0.519839 
vt 26.0249 0.53541 
vt 26.0249 0.519839 
vt 26.0134 0.551705 
vt 26.0134 0.570172 
vt 26.0367 0.521694 
vt 26.0268 0.532991 
vt 26.0268 0.521694 
vt 26.0351 0.525084 
vt 26.0283 0.532424 
vt 26.0283 0.525084 
vt 26.0351 0.532424 
vt 26.0134 0.551705 
vt 26.0786 0.551618 
vt 26.0786 0.570084 
vt 26.0134 0.551705 
vt 26.0786 0.570084 
vt 26.0134 0.570172 
vt 26.0385 0.53541 
vt 26.0367 0.532991 
vt 26.0134 0.557991 
vt 26.0813 0.567272 
vt 26.0134 0.567272 
vt 26 0.89739 
vt 26.0134 0.897783 
vt 26 0.913113 
vt 26.0134 0.913505 
vt 26.0136 0.7699 
vt 26.0134 0.897783 
vt 26 0.89739 
vt 26 0.769746 
vt 26 0.769746 
vt 26.0136 0.753368 
vt 26.0136 0.7699 
vt 26.0134 0.897783 
vt 26.0892 0.913121 
vt 26.0134 0.913505 
vt 26 1.3933 
vt 26.0584 1.3401 
vt 26.0454 1.40405 
vt 26.0786 0.685274 
vt 26.0786 0.903244 
vt 26.0145 0.903244 
vt 26.0136 0.753368 
vt 26.0786 0.769746 
vt 26.0136 0.7699 
vt 26 0.753214 
vt 26.0145 0.684975 
vt 26.0145 0.684975 
vt 26.0136 0.753368 
vt 26 0.684975 
vt 26.0134 0.584883 
vt 26.0145 0.664538 
vt 26.0145 0.664538 
vt 26.0134 0.584883 
vt 26.0786 0.584883 
vt 26.0145 0.664538 
vt 26.0786 0.684975 
vt 26.0145 0.684975 
vt 26.0134 0.566416 
vt 26.0786 0.584883 
vt 26.0134 0.584883 
vt 26.0786 0.566416 
vt 26 0.753214 
vt 26.016 1.52351 
vt 26.0105 1.54255 
vt 26.0071 1.55588 
vt 26.0038 1.56242 
vt 26.0199 1.50262 
vt 26.0786 0.753214 
vt 26.0145 0.685274 
vt 26 1.45686 
vt 26.0454 1.40405 
vt 26.0324 1.46801 
vt 26.0786 0.664538 
vt 26.1092 0.533609 
vt 26.1008 0.53541 
vt 26.1107 0.522313 
vt 26.1045 0.532991 
vt 26.106 0.521694 
vt 26.0961 0.551618 
vt 26.0786 0.570084 
vt 26.0786 0.551618 
vt 26.1092 0.533609 
vt 26.1143 0.526924 
vt 26.1067 0.532424 
vt 26.1095 0.525084 
vt 26.1115 0.534265 
vt 26.1143 0.526924 
vt 26.1067 0.532424 
vt 26.1095 0.525084 
vt 26.1115 0.534265 
vt 26.0813 0.557991 
vt 26.0803 0.857981 
vt 26.0803 0.572199 
vt 26.0944 0.572199 
vt 26.0944 0.857981 
vt 26.0961 0.570084 
vt 26.0786 0.769746 
vt 26.0961 0.980964 
vt 26.0786 0.980964 
vt 26.2144 0.612056 
vt 26.3102 0.612056 
vt 26.2144 0.618855 
vt 26.3102 0.618855 
vt 26.446 0.612056 
vt 26.5418 0.612056 
vt 26.446 0.618855 
vt 26.5418 0.618855 
vt 26.0892 0.897398 
vt 26.0809 0.521694 
vt 26.071 0.532991 
vt 26.071 0.521694 
vt 26.0809 0.532991 
vt 26.0726 0.532424 
vt 26.0794 0.525084 
vt 26.0794 0.532424 
vt 26.0726 0.525084 
vt 26.0828 0.53541 
vt 26.109 0.524222 
vt 26.1043 0.53549 
vt 26.1054 0.523568 
vt 26.098 0.523568 
vt 26.1043 0.53549 
vt 26.0969 0.53549 
vt 26.1048 0.534892 
vt 26.1018 0.527146 
vt 26.1069 0.527146 
vt 26.0961 0.664538 
vt 26.0786 0.584883 
vt 26.0961 0.584883 
vt 26.0786 0.664538 
vt 26.0786 0.657254 
vt 26.0961 0.677691 
vt 26.0786 0.677691 
vt 26.0786 0.749528 
vt 26.0961 0.766059 
vt 26.0786 0.766059 
vt 26.0786 0.684975 
vt 26.0961 0.753214 
vt 26.0786 0.753214 
vt 26.0961 0.684975 
vt 26.0961 0.657254 
vt 26.0961 0.749528 
vt 26.0961 0.769746 
vt 26.1095 0.881333 
vt 26.1095 0.874499 
vt 26.1143 0.874499 
vt 26.1143 0.881333 
vt 26.1095 0.906517 
vt 26.1095 0.899684 
vt 26.1143 0.899684 
vt 26.1143 0.906517 
vt 26.1107 0.87296 
vt 26.1107 0.882872 
vt 26.106 0.882872 
vt 26.106 0.87296 
vt 26.106 0.882872 
vt 26.106 0.87296 
vt 26.1107 0.87296 
vt 26.1107 0.882872 
vt 26.106 0.908056 
vt 26.106 0.898145 
vt 26.1107 0.898145 
vt 26.1095 0.881333 
vt 26.1095 0.874499 
vt 26.1143 0.874499 
vt 26.1143 0.881333 
vt 26.1143 0.881333 
vt 26.1095 0.881333 
vt 26.1143 0.874499 
vt 26.1143 0.906517 
vt 26.1095 0.906517 
vt 26.1143 0.899684 
vt 26.1143 0.906517 
vt 26.1095 0.906517 
vt 26.1143 0.899684 
vt 26.1095 0.899684 
vt 26.1107 0.87296 
vt 26.1107 0.882872 
vt 26.106 0.882872 
vt 26.1095 0.874499 
vt 26.106 0.908056 
vt 26.106 0.898145 
vt 26.1107 0.898145 
vt 26.1095 0.899684 
vt 26.1107 0.908056 
vt 26.1095 0.936281 
vt 26.1095 0.929448 
vt 26.1143 0.929448 
vt 26.1143 0.936281 
vt 26.1095 0.965587 
vt 26.1095 0.958754 
vt 26.1143 0.958754 
vt 26.1143 0.965587 
vt 26.1107 0.908056 
vt 26.106 0.93782 
vt 26.106 0.927909 
vt 26.1107 0.927909 
vt 26.1107 0.898145 
vt 26.1107 0.908056 
vt 26.106 0.908056 
vt 26.1107 0.927909 
vt 26.1107 0.93782 
vt 26.106 0.93782 
vt 26.1107 0.93782 
vt 26.1095 0.936281 
vt 26.1095 0.929448 
vt 26.1143 0.929448 
vt 26.1143 0.936281 
vt 26.1143 0.936281 
vt 26.1095 0.936281 
vt 26.1143 0.929448 
vt 26.1143 0.965587 
vt 26.1095 0.965587 
vt 26.1143 0.958754 
vt 26.1143 0.965587 
vt 26.1095 0.965587 
vt 26.1143 0.958754 
vt 26.1095 0.958754 
vt 26.1095 0.929448 
vt 26.1107 0.927909 
vt 26.1107 0.93782 
vt 26.106 0.93782 
vt 26.1095 0.958754 
vt 26.106 0.927909 
vt 26.1067 0.871144 
vt 26.1067 0.884689 
vt 26.1008 0.884689 
vt 26.1067 0.871144 
vt 26.1067 0.884689 
vt 26.1008 0.884689 
vt 26.1067 0.896328 
vt 26.1067 0.909873 
vt 26.1008 0.909873 
vt 26.1067 0.896328 
vt 26.1067 0.909873 
vt 26.1008 0.909873 
vt 26.1008 0.871144 
vt 25.904 0.849782 
vt 26.096 0.815771 
vt 26.096 0.849782 
vt 26.1008 0.871144 
vt 26.1008 0.896328 
vt 26.1008 0.896328 
vt 26.106 0.898145 
vt 26.106 0.87296 
vt 26.106 0.882872 
vt 26.106 0.87296 
vt 26.1107 0.87296 
vt 26.1067 0.871144 
vt 26.1067 0.884689 
vt 26.1008 0.884689 
vt 26.106 0.908056 
vt 26.106 0.898145 
vt 26.1107 0.898145 
vt 26.1067 0.871144 
vt 26.1067 0.884689 
vt 26.1008 0.884689 
vt 26.1008 0.871144 
vt 26.1008 0.871144 
vt 26.1008 0.909873 
vt 26.1008 0.896328 
vt 26.1067 0.896328 
vt 26.1008 0.909873 
vt 26.1008 0.896328 
vt 26.1067 0.896328 
vt 26.1067 0.909873 
vt 26.1067 0.926092 
vt 26.1067 0.939637 
vt 26.1008 0.939637 
vt 26.1067 0.926092 
vt 26.1067 0.939637 
vt 26.1008 0.939637 
vt 26.106 0.967126 
vt 26.106 0.957215 
vt 26.1107 0.957215 
vt 26.106 0.967126 
vt 26.106 0.957215 
vt 26.1107 0.957215 
vt 26.1008 0.926092 
vt 25.8979 1.01245 
vt 26.1021 0.849782 
vt 26.1021 1.01245 
vt 26.1008 0.926092 
vt 26.1008 0.968943 
vt 26.1008 0.955398 
vt 26.1067 0.955398 
vt 26.1008 0.968943 
vt 26.1008 0.955398 
vt 26.1067 0.955398 
vt 26.1008 0.939637 
vt 26.1008 0.926092 
vt 26.1067 0.926092 
vt 26.106 0.927909 
vt 26.1067 0.909873 
vt 26.1067 0.939637 
vt 26.106 0.967126 
vt 26.106 0.957215 
vt 26.1107 0.957215 
vt 26.1067 0.926092 
vt 26.1067 0.939637 
vt 26.1008 0.939637 
vt 26.1008 0.926092 
vt 26.1008 0.968943 
vt 26.1008 0.955398 
vt 26.1067 0.955398 
vt 26.1008 0.968943 
vt 26.1008 0.955398 
vt 26.1067 0.955398 
vt 26.106 0.93782 
vt 26.106 0.927909 
vt 26.1107 0.927909 
vt 26.5043 0.889747 
vt 26.4846 0.865059 
vt 26.5043 0.865059 
vt 26.5043 0.914436 
vt 26.4846 0.889747 
vt 26.5043 0.889747 
vt 26.5546 0.935029 
vt 26.5299 0.915386 
vt 26.5546 0.915386 
vt 26.5299 0.935029 
vt 26.5052 0.915386 
vt 26.4846 0.914436 
vt 26.4846 0.889747 
vt 26.323 0.935029 
vt 26.2983 0.915386 
vt 26.323 0.915386 
vt 26.4831 0.935029 
vt 26.4584 0.915386 
vt 26.4831 0.915386 
vt 26.4584 0.935029 
vt 26.4338 0.915386 
vt 26.4584 0.915386 
vt 26.2983 0.935029 
vt 26.2736 0.915386 
vt 26.4365 0.8754 
vt 26.5513 0.8754 
vt 26.5418 0.883568 
vt 26.446 0.883568 
vt 26.5418 0.966038 
vt 26.4365 0.974207 
vt 26.4426 0.95059 
vt 26.4019 0.914286 
vt 26.4426 0.914286 
vt 26.3196 0.8754 
vt 26.3102 0.966038 
vt 26.3102 0.883568 
vt 26.4019 0.95059 
vt 26.362 0.914286 
vt 26.4019 0.914286 
vt 26.362 0.914286 
vt 26.3231 0.95059 
vt 26.3231 0.914286 
vt 26.3487 0.914286 
vt 26.2872 0.95059 
vt 26.2872 0.914286 
vt 26.2736 0.935029 
vt 26.5052 0.935029 
vt 26.5513 0.974207 
vt 26.5037 0.960669 
vt 26.4841 0.93598 
vt 26.5037 0.93598 
vt 26.4841 0.960669 
vt 26.4584 0.935029 
vt 26.4338 0.935029 
vt 26.446 0.966038 
vt 26.3196 0.974207 
vt 26.6495 0.947313 
vt 26.569 0.989957 
vt 26.569 0.947313 
vt 26.4019 0.95059 
vt 26.4885 0.989957 
vt 26.4885 0.947313 
vt 26.408 0.989957 
vt 26.408 0.947313 
vt 26.362 0.95059 
vt 26.362 0.95059 
vt 26.3487 0.95059 
vt 26.3275 0.989957 
vt 26.3275 0.947313 
vt 26.2049 0.8754 
vt 26.2726 0.889747 
vt 26.253 0.865059 
vt 26.2726 0.865059 
vt 26.253 0.889747 
vt 26.2726 0.914436 
vt 26.253 0.889747 
vt 26.2726 0.889747 
vt 26.1143 0.906517 
vt 26.1095 0.906517 
vt 26.1143 0.899684 
vt 26.1143 0.881333 
vt 26.1095 0.881333 
vt 26.1143 0.874499 
vt 26.1107 0.882872 
vt 26.1095 0.874499 
vt 26.1095 0.899684 
vt 26.1107 0.908056 
vt 26.253 0.914436 
vt 26.2515 0.935029 
vt 26.2268 0.915386 
vt 26.2515 0.915386 
vt 26.2144 0.883568 
vt 26.2268 0.935029 
vt 26.2021 0.915386 
vt 26.2268 0.915386 
vt 26.2872 0.95059 
vt 26.2258 0.914286 
vt 26.2872 0.914286 
vt 26.2049 0.974207 
vt 26.0922 0.997667 
vt 25.9078 0.850863 
vt 26.0922 0.850863 
vt 26.2258 0.95059 
vt 26.1643 0.914286 
vt 26.2258 0.914286 
vt 26.1643 0.95059 
vt 26.1029 0.914286 
vt 26.1643 0.914286 
vt 26.2268 0.935029 
vt 26.1143 0.936281 
vt 26.1095 0.936281 
vt 26.1143 0.929448 
vt 26.2021 0.935029 
vt 26.2721 0.960669 
vt 26.2524 0.93598 
vt 26.2721 0.93598 
vt 26.1143 0.965587 
vt 26.1095 0.965587 
vt 26.1143 0.958754 
vt 26.1095 0.929448 
vt 26.106 0.967126 
vt 26.106 0.957215 
vt 26.1107 0.957215 
vt 26.1107 0.93782 
vt 26.1095 0.958754 
vt 26.1107 0.967126 
vt 26.2524 0.960669 
vt 26.2144 0.966038 
vt 26.2258 0.95059 
vt 26.247 0.989957 
vt 26.247 0.947313 
vt 26.1665 0.989957 
vt 26.1665 0.947313 
vt 26.1643 0.95059 
vt 26.0226 0.963502 
vt 25.9774 0.914539 
vt 26.0226 0.914539 
vt 26.1029 0.95059 
vt 26.086 0.989957 
vt 26.086 0.947313 
vt 26.1107 0.967126 
vt 26.1107 0.967126 
vt 26.1095 0.991688 
vt 26.1095 0.984854 
vt 26.1143 0.984854 
vt 26.1143 0.991688 
vt 26.1107 0.983315 
vt 26.1107 0.993227 
vt 26.106 0.993227 
vt 26.106 0.983315 
vt 26.1067 0.968943 
vt 26.1067 0.968943 
vt 26.1008 0.995044 
vt 26.1008 0.981499 
vt 26.1067 0.981499 
vt 26.1008 0.995044 
vt 26.1008 0.981499 
vt 26.1067 0.981499 
vt 26.106 0.993227 
vt 26.106 0.983315 
vt 26.1107 0.983315 
vt 26.1095 0.991688 
vt 26.1095 0.984854 
vt 26.1143 0.984854 
vt 26.1095 0.991688 
vt 26.1095 0.984854 
vt 26.1143 0.984854 
vt 26.1143 0.991688 
vt 26.1143 0.991688 
vt 26.1107 0.967126 
vt 26.1067 0.968943 
vt 26.1008 0.995044 
vt 26.1008 0.981499 
vt 26.1067 0.981499 
vt 26.106 0.993227 
vt 26.106 0.983315 
vt 26.1107 0.983315 
vt 26.1107 0.993227 
vt 26.1107 0.993227 
vt 26.1067 0.995044 
vt 26.1067 0.995044 
vt 26.1054 1.02078 
vt 26.1069 1.01208 
vt 26.1105 1.01568 
vt 26.1018 1.01718 
vt 26.109 1.01187 
vt 26.098 1.01575 
vt 26.1054 1.00836 
vt 26.1073 1.0075 
vt 26.0928 1.0132 
vt 26.1029 1.00309 
vt 26.1073 1.0075 
vt 26.0928 1.0132 
vt 26.1029 1.00309 
vt 26.109 1.01187 
vt 26.098 1.01575 
vt 26.1054 1.00836 
vt 26.1016 1.01926 
vt 26.1016 1.01926 
vt 26.1054 1.02078 
vt 26.1069 1.01208 
vt 26.1105 1.01568 
vt 26.1067 0.995044 
vt 26.1054 1.02078 
vt 26.1069 1.01208 
vt 26.1105 1.01568 
vt 26.1018 1.01718 
vt 26.1018 1.01718 
vt 26.1073 1.0075 
vt 26.0928 1.0132 
vt 26.1029 1.00309 
vt 26.109 1.01187 
vt 26.098 1.01575 
vt 26.1054 1.00836 
vt 26.1016 1.01926 
vt 26.0972 1.01761 
vt 26.0972 1.01761 
vt 26.0972 1.01761 
vt 26.0828 1.01836 
vt 26.0692 1.01245 
vt 26.0828 1.01245 
vt 26.0828 1.01836 
vt 26.0692 1.01245 
vt 26.0828 1.01245 
vt 26.0809 1.02239 
vt 26.071 1.01769 
vt 26.0809 1.01769 
vt 26.0385 1.01836 
vt 26.0249 1.01245 
vt 26.0385 1.01245 
vt 26.0692 1.01836 
vt 26.0692 1.01836 
vt 26.0249 1.01836 
vt 26.0385 1.01836 
vt 26.0249 1.01245 
vt 26.0385 1.01245 
vt 26.0828 1.01836 
vt 26.0692 1.01245 
vt 26.0828 1.01245 
vt 26.0692 1.01836 
vt 26.0809 1.02239 
vt 26.071 1.01769 
vt 26.0809 1.01769 
vt 26.0809 1.02239 
vt 26.071 1.01769 
vt 26.0809 1.01769 
vt 26.0385 1.01836 
vt 26.0249 1.01245 
vt 26.0385 1.01245 
vt 26.0249 1.01836 
vt 26.0249 1.01836 
vt 26.0367 1.02239 
vt 26.0268 1.01769 
vt 26.0367 1.01769 
vt 26.0367 1.02239 
vt 26.0268 1.01769 
vt 26.0367 1.01769 
vt 26.0367 1.02239 
vt 26.0268 1.01769 
vt 26.0367 1.01769 
vt 26.071 1.02239 
vt 26.071 1.02239 
vt 26.0794 1.02597 
vt 26.0726 1.02114 
vt 26.0794 1.02114 
vt 26.0726 1.02597 
vt 26.0351 1.02597 
vt 26.0283 1.02114 
vt 26.0351 1.02114 
vt 26.0268 1.02239 
vt 26.0268 1.02239 
vt 26.0351 1.02597 
vt 26.0283 1.02114 
vt 26.0351 1.02114 
vt 26.0283 1.02597 
vt 26.0794 1.02597 
vt 26.0726 1.02114 
vt 26.0794 1.02114 
vt 26.071 1.02239 
vt 26.0794 1.02597 
vt 26.0726 1.02114 
vt 26.0794 1.02114 
vt 26.0726 1.02597 
vt 26.0726 1.02597 
vt 26.0351 1.02597 
vt 26.0283 1.02114 
vt 26.0351 1.02114 
vt 26.0268 1.02239 
vt 26.0283 1.02597 
vt 26.0283 1.02597 
vt 26.0828 1.01836 
vt 26.0692 1.01245 
vt 26.0828 1.01245 
vt 26.5037 0.985357 
vt 26.2721 0.985357 
vt 26.4841 0.985357 
vt 26.2524 0.985357 
vt 26.1067 0.968943 
vt 26.1008 0.995044 
vt 26.1008 0.981499 
vt 26.1067 0.981499 
vt 26.106 0.993227 
vt 26.106 0.983315 
vt 26.1107 0.983315 
vt 26.1095 0.991688 
vt 26.1095 0.984854 
vt 26.1143 0.984854 
vt 26.6495 0.989957 
vt 26.1143 0.991688 
vt 26.1067 0.995044 
vt 26.1107 0.993227 
vt 26.1054 1.02078 
vt 26.1069 1.01208 
vt 26.1105 1.01568 
vt 26.1018 1.01718 
vt 26.109 1.01187 
vt 26.098 1.01575 
vt 26.1054 1.00836 
vt 26.0972 1.01761 
vt 26.1029 1.00309 
vt 26.1073 1.0075 
vt 26.0961 0.988813 
vt 26.0786 0.999981 
vt 26.0786 0.988813 
vt 26.0928 1.0132 
vt 26.1016 1.01926 
vt 26.0961 0.999981 
vt 26.0786 1.0484 
vt 26.0961 1.00993 
vt 26.0961 1.0484 
vt 26.0961 1.03161 
vt 26.0786 1.01214 
vt 26.0961 1.01214 
vt 26.0786 1.06698 
vt 26.0961 0.999981 
vt 26.0961 1.06698 
vt 26.0786 1.08152 
vt 26.0961 1.06698 
vt 26.0961 1.08152 
vt 26.0944 1.06348 
vt 26.0803 0.996485 
vt 26.0944 0.996485 
vt 26.0786 1.00993 
vt 26.0803 1.06348 
vt 26.0786 1.06698 
vt 26.0786 1.03161 
vt 26.0692 1.01836 
vt 26.0809 1.02239 
vt 26.071 1.01769 
vt 26.0809 1.01769 
vt 26.071 1.02239 
vt 26.0794 1.02597 
vt 26.0726 1.02114 
vt 26.0794 1.02114 
vt 26.0385 1.01836 
vt 26.0249 1.01245 
vt 26.0385 1.01245 
vt 26.0249 1.01836 
vt 26.0367 1.02239 
vt 26.0268 1.01769 
vt 26.0367 1.01769 
vt 26.0268 1.02239 
vt 26.0351 1.02597 
vt 26.0283 1.02114 
vt 26.0351 1.02114 
vt 26.0134 0.989277 
vt 26.0786 0.988813 
vt 26.0134 0.998218 
vt 26.0786 0.999981 
vt 26.0892 1.01953 
vt 26.0134 1.00613 
vt 26.0892 1.00499 
vt 26.0134 1.02067 
vt 26.0786 0.999981 
vt 26.0134 0.998218 
vt 26 0.989277 
vt 26.0134 0.989277 
vt 26.0226 1.01247 
vt 25.9774 0.963502 
vt 26.0226 0.963502 
vt 26 0.998218 
vt 26.0134 1.06698 
vt 26 0.998218 
vt 26.0134 0.998218 
vt 26.0283 1.02597 
vt 26.0726 1.02597 
vt 26.0786 1.05749 
vt 26.0145 1.04611 
vt 26.0786 1.04611 
vt 26.0145 1.05749 
vt 26.0134 1.08152 
vt 26.0786 1.06698 
vt 26.0786 1.08152 
vt 26.0786 1.03161 
vt 26.0136 1.04612 
vt 26.0136 1.03158 
vt 26 1.06698 
vt 26.0134 1.06698 
vt 26.0134 1.06698 
vt 26 1.08152 
vt 26 1.06698 
vt 26.0134 1.08152 
vt 26.0136 1.04612 
vt 26.0786 1.03161 
vt 26.0786 1.04615 
vt 25.9774 1.06143 
vt 26.0226 1.01247 
vt 26.0226 1.06143 
vt 25.9774 1.11039 
vt 26.0226 1.06143 
vt 26.0226 1.11039 
vt 25.9774 1.15936 
vt 26.0226 1.11039 
vt 26.0226 1.15936 
vt 26.0199 1.18046 
vt 25.9801 1.14909 
vt 26.0199 1.14909 
vt 26.016 1.18423 
vt 25.984 1.15903 
vt 26.016 1.15903 
vt 26.0038 1.1717 
vt 25.9962 1.1657 
vt 26.0038 1.1657 
vt 26.0105 1.18117 
vt 25.9895 1.1646 
vt 26.0105 1.1646 
vt 26.0071 1.17912 
vt 25.9929 1.16801 
vt 26.0071 1.16801 
vt 25.9962 1.1717 
vt 25.904 0.815771 
vt 25.8992 0.884689 
vt 25.8933 0.871144 
vt 25.8992 0.871144 
vt 25.8992 0.909873 
vt 25.8933 0.896328 
vt 25.8992 0.896328 
vt 25.8979 0.849782 
vt 25.8992 0.884689 
vt 25.8933 0.871144 
vt 25.8992 0.871144 
vt 25.8933 0.884689 
vt 25.8933 0.884689 
vt 25.8992 0.909873 
vt 25.8933 0.896328 
vt 25.8992 0.896328 
vt 25.894 0.908056 
vt 25.8893 0.898145 
vt 25.894 0.898145 
vt 25.894 0.882872 
vt 25.8893 0.87296 
vt 25.894 0.87296 
vt 25.8992 0.884689 
vt 25.8933 0.871144 
vt 25.8992 0.871144 
vt 25.8992 0.884689 
vt 25.8933 0.871144 
vt 25.8992 0.871144 
vt 25.8992 0.909873 
vt 25.8933 0.896328 
vt 25.8992 0.896328 
vt 25.8992 0.909873 
vt 25.8933 0.896328 
vt 25.8992 0.896328 
vt 25.8933 0.884689 
vt 25.894 0.908056 
vt 25.8893 0.898145 
vt 25.894 0.898145 
vt 25.8933 0.884689 
vt 25.8933 0.909873 
vt 25.8933 0.909873 
vt 25.8933 0.909873 
vt 25.8992 0.939637 
vt 25.8933 0.926092 
vt 25.8992 0.926092 
vt 25.8992 0.939637 
vt 25.8933 0.926092 
vt 25.8992 0.926092 
vt 25.8992 0.968943 
vt 25.8933 0.955398 
vt 25.8992 0.955398 
vt 25.8992 0.968943 
vt 25.8933 0.955398 
vt 25.8992 0.955398 
vt 25.8933 0.909873 
vt 25.8933 0.939637 
vt 25.894 0.93782 
vt 25.8893 0.927909 
vt 25.894 0.927909 
vt 25.8933 0.939637 
vt 25.894 0.967126 
vt 25.8893 0.957215 
vt 25.894 0.957215 
vt 25.894 0.93782 
vt 25.8893 0.927909 
vt 25.894 0.927909 
vt 25.8992 0.939637 
vt 25.8933 0.926092 
vt 25.8992 0.926092 
vt 25.8992 0.939637 
vt 25.8933 0.926092 
vt 25.8992 0.926092 
vt 25.8992 0.968943 
vt 25.8933 0.955398 
vt 25.8992 0.955398 
vt 25.8992 0.968943 
vt 25.8933 0.955398 
vt 25.8992 0.955398 
vt 25.8933 0.939637 
vt 25.8933 0.939637 
vt 25.894 0.967126 
vt 25.8893 0.957215 
vt 25.894 0.957215 
vt 25.894 0.967126 
vt 25.8893 0.957215 
vt 25.894 0.957215 
vt 25.894 0.882872 
vt 25.8893 0.87296 
vt 25.894 0.87296 
vt 25.8893 0.882872 
vt 25.8905 0.881333 
vt 25.8857 0.874499 
vt 25.8905 0.874499 
vt 25.8893 0.882872 
vt 25.8893 0.908056 
vt 25.8905 0.906517 
vt 25.8857 0.899684 
vt 25.8905 0.899684 
vt 25.8857 0.881333 
vt 25.8905 0.881333 
vt 25.8857 0.874499 
vt 25.8905 0.874499 
vt 25.8905 0.906517 
vt 25.8857 0.899684 
vt 25.8905 0.899684 
vt 25.8857 0.906517 
vt 25.8857 0.881333 
vt 25.894 0.882872 
vt 25.8893 0.87296 
vt 25.894 0.87296 
vt 25.8893 0.882872 
vt 25.894 0.908056 
vt 25.8893 0.898145 
vt 25.894 0.898145 
vt 25.8893 0.908056 
vt 25.8905 0.881333 
vt 25.8857 0.874499 
vt 25.8905 0.874499 
vt 25.8905 0.906517 
vt 25.8857 0.899684 
vt 25.8905 0.899684 
vt 25.8857 0.881333 
vt 25.8857 0.906517 
vt 25.8857 0.906517 
vt 25.8893 0.908056 
vt 25.8893 0.93782 
vt 25.8905 0.936281 
vt 25.8857 0.929448 
vt 25.8905 0.929448 
vt 25.8893 0.93782 
vt 25.8893 0.967126 
vt 25.8905 0.965587 
vt 25.8857 0.958754 
vt 25.8905 0.958754 
vt 25.8857 0.936281 
vt 25.8905 0.936281 
vt 25.8857 0.929448 
vt 25.8905 0.929448 
vt 25.8905 0.965587 
vt 25.8857 0.958754 
vt 25.8905 0.958754 
vt 25.8857 0.965587 
vt 25.8857 0.936281 
vt 25.894 0.93782 
vt 25.8893 0.927909 
vt 25.894 0.927909 
vt 25.8905 0.936281 
vt 25.8857 0.929448 
vt 25.8905 0.929448 
vt 25.8893 0.93782 
vt 25.894 0.967126 
vt 25.8893 0.957215 
vt 25.894 0.957215 
vt 25.8905 0.965587 
vt 25.8857 0.958754 
vt 25.8905 0.958754 
vt 25.8857 0.936281 
vt 25.8857 0.965587 
vt 25.8857 0.965587 
vt 25.894 0.882872 
vt 25.8893 0.87296 
vt 25.894 0.87296 
vt 25.8893 0.882872 
vt 25.8905 0.881333 
vt 25.8857 0.874499 
vt 25.8905 0.874499 
vt 25.894 0.908056 
vt 25.8893 0.898145 
vt 25.894 0.898145 
vt 25.8893 0.908056 
vt 25.8905 0.906517 
vt 25.8857 0.899684 
vt 25.8905 0.899684 
vt 25.8857 0.881333 
vt 25.7274 0.889747 
vt 25.7274 0.865059 
vt 25.747 0.865059 
vt 25.7274 0.914436 
vt 25.7274 0.889747 
vt 25.747 0.889747 
vt 25.8857 0.906517 
vt 25.747 0.889747 
vt 25.7979 0.915386 
vt 25.7732 0.935029 
vt 25.7732 0.915386 
vt 25.7951 0.8754 
vt 25.7951 0.974207 
vt 25.7856 0.883568 
vt 25.8357 0.914286 
vt 25.7742 0.95059 
vt 25.7742 0.914286 
vt 25.8971 0.914286 
vt 25.8357 0.95059 
vt 25.8357 0.914286 
vt 25.6898 0.883568 
vt 25.7951 0.8754 
vt 25.7856 0.883568 
vt 25.747 0.914436 
vt 25.7274 0.914436 
vt 25.747 0.889747 
vt 25.6804 0.8754 
vt 25.7732 0.915386 
vt 25.7485 0.935029 
vt 25.7485 0.915386 
vt 25.7742 0.914286 
vt 25.7128 0.95059 
vt 25.7128 0.914286 
vt 25.7732 0.935029 
vt 25.894 0.93782 
vt 25.8893 0.927909 
vt 25.894 0.927909 
vt 25.8905 0.936281 
vt 25.8857 0.929448 
vt 25.8905 0.929448 
vt 25.8893 0.93782 
vt 25.8905 0.965587 
vt 25.8857 0.958754 
vt 25.8905 0.958754 
vt 25.8857 0.936281 
vt 25.7979 0.935029 
vt 25.7476 0.93598 
vt 25.7279 0.960669 
vt 25.7279 0.93598 
vt 25.7476 0.960669 
vt 25.8857 0.965587 
vt 25.7856 0.966038 
vt 25.9774 0.963502 
vt 25.8971 0.95059 
vt 25.9078 0.997667 
vt 25.914 0.989957 
vt 25.8335 0.947313 
vt 25.914 0.947313 
vt 25.8357 0.95059 
vt 25.7742 0.95059 
vt 25.8335 0.989957 
vt 25.753 0.947313 
vt 25.753 0.989957 
vt 25.6725 0.947313 
vt 25.7017 0.935029 
vt 25.7264 0.915386 
vt 25.7264 0.935029 
vt 25.5154 0.889747 
vt 25.4957 0.889747 
vt 25.5154 0.865059 
vt 25.7017 0.915386 
vt 25.677 0.935029 
vt 25.677 0.915386 
vt 25.5416 0.915386 
vt 25.5169 0.935029 
vt 25.5169 0.915386 
vt 25.5154 0.914436 
vt 25.4957 0.914436 
vt 25.5154 0.889747 
vt 25.4957 0.865059 
vt 25.4957 0.914436 
vt 25.4957 0.889747 
vt 25.5154 0.889747 
vt 25.4948 0.915386 
vt 25.4701 0.935029 
vt 25.4701 0.915386 
vt 25.4454 0.935029 
vt 25.4454 0.915386 
vt 25.5662 0.915386 
vt 25.5416 0.935029 
vt 25.5416 0.915386 
vt 25.6898 0.966038 
vt 25.6804 0.8754 
vt 25.6898 0.883568 
vt 25.638 0.914286 
vt 25.5981 0.95059 
vt 25.5981 0.914286 
vt 25.5981 0.914286 
vt 25.5574 0.95059 
vt 25.5574 0.914286 
vt 25.6769 0.95059 
vt 25.638 0.914286 
vt 25.6769 0.914286 
vt 25.5635 0.8754 
vt 25.5635 0.974207 
vt 25.554 0.883568 
vt 25.5635 0.8754 
vt 25.4582 0.883568 
vt 25.4487 0.8754 
vt 25.554 0.883568 
vt 25.4582 0.966038 
vt 25.4487 0.8754 
vt 25.4582 0.883568 
vt 25.7128 0.95059 
vt 25.6513 0.914286 
vt 25.7128 0.914286 
vt 25.5416 0.935029 
vt 25.5662 0.935029 
vt 25.6804 0.974207 
vt 25.4963 0.960669 
vt 25.5159 0.93598 
vt 25.5159 0.960669 
vt 25.4948 0.935029 
vt 25.4487 0.974207 
vt 25.4963 0.93598 
vt 25.554 0.966038 
vt 25.638 0.95059 
vt 25.638 0.95059 
vt 25.6513 0.95059 
vt 25.6725 0.989957 
vt 25.592 0.947313 
vt 25.5981 0.95059 
vt 25.592 0.989957 
vt 25.5115 0.947313 
vt 25.5115 0.989957 
vt 25.431 0.947313 
vt 25.431 0.989957 
vt 25.3505 0.947313 
vt 25.8893 0.967126 
vt 25.9751 1.01245 
vt 25.9615 1.01836 
vt 25.9615 1.01245 
vt 25.9751 1.01245 
vt 25.9615 1.01836 
vt 25.9615 1.01245 
vt 25.9751 1.01836 
vt 25.9732 1.01769 
vt 25.9633 1.02239 
vt 25.9633 1.01769 
vt 25.9172 1.01836 
vt 25.9308 1.01245 
vt 25.9308 1.01836 
vt 25.9072 1.0132 
vt 25.9028 1.01761 
vt 25.8927 1.0075 
vt 25.9308 1.01245 
vt 25.9172 1.01836 
vt 25.9172 1.01245 
vt 25.9172 1.01245 
vt 25.9308 1.01836 
vt 25.9751 1.01836 
vt 25.9751 1.01245 
vt 25.9615 1.01836 
vt 25.9615 1.01245 
vt 25.9751 1.01836 
vt 25.9732 1.01769 
vt 25.9633 1.02239 
vt 25.9633 1.01769 
vt 25.9732 1.01769 
vt 25.9633 1.02239 
vt 25.9633 1.01769 
vt 25.9172 1.01836 
vt 25.9308 1.01245 
vt 25.9308 1.01836 
vt 25.9172 1.01245 
vt 25.9072 1.0132 
vt 25.9028 1.01761 
vt 25.8927 1.0075 
vt 25.929 1.01769 
vt 25.9191 1.02239 
vt 25.9191 1.01769 
vt 25.929 1.01769 
vt 25.9191 1.02239 
vt 25.9191 1.01769 
vt 25.929 1.01769 
vt 25.9191 1.02239 
vt 25.9191 1.01769 
vt 25.9732 1.02239 
vt 25.9732 1.02239 
vt 25.9717 1.02114 
vt 25.9649 1.02597 
vt 25.9649 1.02114 
vt 25.9717 1.02597 
vt 25.9717 1.02114 
vt 25.9649 1.02597 
vt 25.9649 1.02114 
vt 25.929 1.02239 
vt 25.929 1.02239 
vt 25.9274 1.02114 
vt 25.9206 1.02597 
vt 25.9206 1.02114 
vt 25.9274 1.02597 
vt 25.9274 1.02114 
vt 25.9206 1.02597 
vt 25.9206 1.02114 
vt 25.9732 1.02239 
vt 25.9717 1.02114 
vt 25.9649 1.02597 
vt 25.9649 1.02114 
vt 25.9717 1.02597 
vt 25.9717 1.02597 
vt 25.929 1.02239 
vt 25.9274 1.02114 
vt 25.9206 1.02597 
vt 25.9206 1.02114 
vt 25.9274 1.02597 
vt 25.9274 1.02597 
vt 25.9072 1.0132 
vt 25.9028 1.01761 
vt 25.8927 1.0075 
vt 25.8933 0.968943 
vt 25.8933 0.968943 
vt 25.8992 0.995044 
vt 25.8933 0.981499 
vt 25.8992 0.981499 
vt 25.8992 0.995044 
vt 25.8933 0.981499 
vt 25.8992 0.981499 
vt 25.894 0.993227 
vt 25.8893 0.983315 
vt 25.894 0.983315 
vt 25.8905 0.991688 
vt 25.8857 0.984854 
vt 25.8905 0.984854 
vt 25.894 0.993227 
vt 25.8893 0.983315 
vt 25.894 0.983315 
vt 25.8857 0.991688 
vt 25.8893 0.993227 
vt 25.8905 0.991688 
vt 25.8857 0.984854 
vt 25.8905 0.984854 
vt 25.8933 0.968943 
vt 25.8893 0.967126 
vt 25.8992 0.995044 
vt 25.8933 0.981499 
vt 25.8992 0.981499 
vt 25.894 0.993227 
vt 25.8893 0.983315 
vt 25.894 0.983315 
vt 25.8893 0.993227 
vt 25.8905 0.991688 
vt 25.8857 0.984854 
vt 25.8905 0.984854 
vt 25.8857 0.991688 
vt 25.8857 0.991688 
vt 25.8893 0.993227 
vt 25.8971 1.00309 
vt 25.8971 1.00309 
vt 25.8946 1.00836 
vt 25.902 1.01575 
vt 25.891 1.01187 
vt 25.902 1.01575 
vt 25.8984 1.01926 
vt 25.891 1.01187 
vt 25.8946 1.00836 
vt 25.8933 0.995044 
vt 25.8933 0.995044 
vt 25.8931 1.01208 
vt 25.8946 1.02078 
vt 25.8895 1.01568 
vt 25.8982 1.01718 
vt 25.8984 1.01926 
vt 25.8971 1.00309 
vt 25.8946 1.00836 
vt 25.902 1.01575 
vt 25.891 1.01187 
vt 25.8984 1.01926 
vt 25.8946 1.02078 
vt 25.8931 1.01208 
vt 25.8982 1.01718 
vt 25.8946 1.02078 
vt 25.8931 1.01208 
vt 25.8982 1.01718 
vt 25.8933 0.995044 
vt 25.8895 1.01568 
vt 25.8895 1.01568 
vt 25.8933 0.995044 
vt 25.8933 0.981499 
vt 25.8992 0.995044 
vt 25.9615 1.01836 
vt 25.9751 1.01245 
vt 25.9751 1.01836 
vt 25.9732 1.01769 
vt 25.9633 1.02239 
vt 25.9633 1.01769 
vt 25.9732 1.02239 
vt 25.9717 1.02114 
vt 25.9649 1.02597 
vt 25.9649 1.02114 
vt 25.9615 1.01245 
vt 25.9308 1.01245 
vt 25.9172 1.01836 
vt 25.9172 1.01245 
vt 25.9308 1.01836 
vt 25.929 1.01769 
vt 25.9191 1.02239 
vt 25.9191 1.01769 
vt 25.929 1.02239 
vt 25.9274 1.02114 
vt 25.9206 1.02597 
vt 25.9206 1.02114 
vt 25.9866 0.998218 
vt 25.9866 0.989277 
vt 25.9774 1.01247 
vt 25.9866 1.06698 
vt 25.9866 0.998218 
vt 25.9866 0.998218 
vt 25.9214 0.988813 
vt 25.9866 0.989277 
vt 25.9214 0.999981 
vt 25.9039 0.988813 
vt 25.9214 0.988813 
vt 25.9214 0.999981 
vt 25.9866 1.00613 
vt 25.9108 1.01953 
vt 25.9108 1.00499 
vt 25.9866 1.02067 
vt 25.9717 1.02597 
vt 25.9866 1.06698 
vt 25.9866 1.08152 
vt 25.9214 1.06698 
vt 25.9866 1.06698 
vt 25.9866 1.08152 
vt 25.9855 1.05749 
vt 25.9214 1.05749 
vt 25.9855 1.04611 
vt 25.9274 1.02597 
vt 25.9214 1.03161 
vt 25.9039 1.03161 
vt 25.9214 1.01214 
vt 25.9214 1.04611 
vt 25.9214 1.08152 
vt 25.9864 1.04612 
vt 25.9214 1.03161 
vt 25.9864 1.03158 
vt 25.9801 1.18046 
vt 25.9929 1.17912 
vt 25.9895 1.18117 
vt 25.984 1.18423 
vt 25.9774 1.01247 
vt 25.9214 1.04615 
vt 25.9774 1.06143 
vt 25.9774 1.11039 
vt 25.9214 1.06698 
vt 25.9039 0.999981 
vt 25.9214 0.999981 
vt 25.8933 0.968943 
vt 25.8893 0.967126 
vt 25.7279 0.985357 
vt 25.7476 0.985357 
vt 25.8992 0.981499 
vt 25.7856 0.966038 
vt 25.6804 0.974207 
vt 25.6898 0.966038 
vt 25.554 0.966038 
vt 25.4487 0.974207 
vt 25.4582 0.966038 
vt 25.4963 0.985357 
vt 25.5159 0.985357 
vt 25.5635 0.974207 
vt 25.7951 0.974207 
vt 25.3505 0.989957 
vt 25.894 0.993227 
vt 25.8893 0.983315 
vt 25.894 0.983315 
vt 25.8971 1.00309 
vt 25.9028 1.01761 
vt 25.8927 1.0075 
vt 25.9072 1.0132 
vt 25.8946 1.00836 
vt 25.902 1.01575 
vt 25.891 1.01187 
vt 25.8984 1.01926 
vt 25.8946 1.02078 
vt 25.8931 1.01208 
vt 25.8982 1.01718 
vt 25.8905 0.991688 
vt 25.8857 0.984854 
vt 25.8905 0.984854 
vt 25.8857 0.991688 
vt 25.8893 0.993227 
vt 25.8895 1.01568 
vt 25.9039 0.999981 
vt 25.9197 0.996485 
vt 25.9056 1.06348 
vt 25.9056 0.996485 
vt 25.9214 1.0484 
vt 25.9039 1.00993 
vt 25.9214 1.00993 
vt 25.9197 1.06348 
vt 25.9214 1.08152 
vt 25.9039 1.06698 
vt 25.9214 1.06698 
vt 25.9039 1.06698 
vt 25.9039 1.01214 
vt 25.9039 1.0484 
vt 25.9039 1.08152 

usemtl Borbardillo1Mtl

f 856/856/856 857/857/857 858/858/858 
f 856/856/856 878/878/878 857/857/857 
f 872/872/872 873/873/873 874/874/874 
f 873/873/873 872/872/872 875/875/875 
f 881/881/881 882/882/882 883/883/883 
f 881/881/881 1145/1145/1145 882/882/882 
f 847/847/847 848/848/848 849/849/849 
f 849/849/849 879/879/879 847/847/847 
f 850/850/850 851/851/851 852/852/852 
f 852/852/852 880/880/880 850/850/850 
f 825/825/825 826/826/826 827/827/827 
f 826/826/826 825/825/825 828/828/828 
f 829/829/829 828/828/828 825/825/825 
f 828/828/828 829/829/829 831/831/831 
f 867/867/867 868/868/868 869/869/869 
f 868/868/868 867/867/867 870/870/870 
f 870/870/870 1144/1144/1144 868/868/868 
f 1144/1144/1144 870/870/870 1146/1146/1146 
f 853/853/853 854/854/854 855/855/855 
f 866/866/866 853/853/853 855/855/855 
f 844/844/844 845/845/845 846/846/846 
f 871/871/871 845/845/845 844/844/844 
f 832/832/832 833/833/833 834/834/834 
f 834/834/834 877/877/877 832/832/832 
f 835/835/835 836/836/836 837/837/837 
f 837/837/837 876/876/876 835/835/835 
f 817/817/817 818/818/818 819/819/819 
f 818/818/818 817/817/817 824/824/824 
f 820/820/820 821/821/821 822/822/822 
f 821/821/821 820/820/820 830/830/830 
f 862/862/862 863/863/863 864/864/864 
f 863/863/863 862/862/862 865/865/865 
f 864/864/864 1138/1138/1138 862/862/862 
f 1138/1138/1138 864/864/864 1139/1139/1139 
f 841/841/841 842/842/842 843/843/843 
f 860/860/860 841/841/841 843/843/843 
f 838/838/838 839/839/839 840/840/840 
f 861/861/861 839/839/839 838/838/838 
f 792/792/792 793/793/793 794/794/794 
f 793/793/793 792/792/792 811/811/811 
f 1066/1066/1066 1067/1067/1067 1068/1068/1068 
f 1067/1067/1067 1066/1066/1066 1069/1069/1069 
f 1108/1108/1108 1109/1109/1109 1110/1110/1110 
f 1109/1109/1109 1108/1108/1108 1115/1115/1115 
f 596/596/596 597/597/597 598/598/598 
f 597/597/597 599/599/599 598/598/598 
f 600/600/600 601/601/601 602/602/602 
f 603/603/603 600/600/600 602/602/602 
f 604/604/604 605/605/605 606/606/606 
f 605/605/605 619/619/619 606/606/606 
f 620/620/620 621/621/621 622/622/622 
f 621/621/621 632/632/632 622/622/622 
f 623/623/623 624/624/624 625/625/625 
f 624/624/624 755/755/755 625/625/625 
f 626/626/626 627/627/627 628/628/628 
f 646/646/646 626/626/626 628/628/628 
f 636/636/636 637/637/637 638/638/638 
f 642/642/642 636/636/636 638/638/638 
f 643/643/643 644/644/644 645/645/645 
f 647/647/647 643/643/643 645/645/645 
f 648/648/648 649/649/649 650/650/650 
f 967/967/967 648/648/648 650/650/650 
f 651/651/651 652/652/652 653/653/653 
f 652/652/652 666/666/666 653/653/653 
f 667/667/667 668/668/668 669/669/669 
f 668/668/668 756/756/756 669/669/669 
f 670/670/670 671/671/671 672/672/672 
f 671/671/671 795/795/795 672/672/672 
f 673/673/673 674/674/674 675/675/675 
f 674/674/674 679/679/679 675/675/675 
f 676/676/676 677/677/677 678/678/678 
f 968/968/968 676/676/676 678/678/678 
f 683/683/683 684/684/684 685/685/685 
f 884/884/884 683/683/683 685/685/685 
f 796/796/796 797/797/797 798/798/798 
f 1119/1119/1119 796/796/796 798/798/798 
f 969/969/969 970/970/970 971/971/971 
f 972/972/972 969/969/969 971/971/971 
f 987/987/987 988/988/988 989/989/989 
f 1003/1003/1003 987/987/987 989/989/989 
f 990/990/990 991/991/991 992/992/992 
f 994/994/994 990/990/990 992/992/992 
f 1120/1120/1120 1121/1121/1121 1122/1122/1122 
f 1121/1121/1121 1127/1127/1127 1122/1122/1122 
f 898/898/898 899/899/899 900/900/900 
f 899/899/899 1010/1010/1010 900/900/900 
f 901/901/901 902/902/902 903/903/903 
f 1029/1029/1029 902/902/902 901/901/901 
f 920/920/920 921/921/921 922/922/922 
f 1126/1126/1126 921/921/921 920/920/920 
f 1156/1156/1156 1157/1157/1157 1158/1158/1158 
f 629/629/629 630/630/630 631/631/631 
f 760/760/760 630/630/630 629/629/629 
f 760/760/760 759/759/759 630/630/630 
f 757/757/757 759/759/759 760/760/760 
f 757/757/757 758/758/758 759/759/759 
f 772/772/772 758/758/758 757/757/757 
f 772/772/772 773/773/773 758/758/758 
f 791/791/791 773/773/773 772/772/772 
f 791/791/791 790/790/790 773/773/773 
f 788/788/788 790/790/790 791/791/791 
f 788/788/788 789/789/789 790/790/790 
f 814/814/814 789/789/789 788/788/788 
f 785/785/785 786/786/786 787/787/787 
f 813/813/813 786/786/786 785/785/785 
f 689/689/689 690/690/690 691/691/691 
f 690/690/690 761/761/761 691/691/691 
f 752/752/752 753/753/753 754/754/754 
f 753/753/753 802/802/802 754/754/754 
f 762/762/762 763/763/763 764/764/764 
f 771/771/771 762/762/762 764/764/764 
f 799/799/799 800/800/800 801/801/801 
f 809/809/809 799/799/799 801/801/801 
f 1129/1129/1129 1130/1130/1130 1131/1131/1131 
f 1135/1135/1135 1129/1129/1129 1131/1131/1131 
f 1153/1153/1153 1154/1154/1154 1155/1155/1155 
f 1159/1159/1159 1155/1155/1155 1154/1154/1154 
f 782/782/782 783/783/783 784/784/784 
f 812/812/812 783/783/783 782/782/782 
f 633/633/633 634/634/634 635/635/635 
f 711/711/711 633/633/633 635/635/635 
f 639/639/639 640/640/640 641/641/641 
f 713/713/713 639/639/639 641/641/641 
f 680/680/680 681/681/681 682/682/682 
f 738/738/738 680/680/680 682/682/682 
f 686/686/686 687/687/687 688/688/688 
f 745/745/745 686/686/686 688/688/688 
f 995/995/995 996/996/996 997/997/997 
f 1002/1002/1002 995/995/995 997/997/997 
f 774/774/774 775/775/775 776/776/776 
f 775/775/775 774/774/774 777/777/777 
f 964/964/964 965/965/965 966/966/966 
f 1043/1043/1043 966/966/966 965/965/965 
f 1063/1063/1063 1064/1064/1064 1065/1065/1065 
f 1065/1065/1065 1137/1137/1137 1063/1063/1063 
f 1077/1077/1077 1078/1078/1078 1079/1079/1079 
f 1077/1077/1077 1079/1079/1079 1168/1168/1168 
f 1167/1167/1167 1168/1168/1168 1169/1169/1169 
f 1168/1168/1168 1167/1167/1167 1170/1170/1170 
f 1148/1148/1148 1147/1147/1147 1077/1077/1077 
f 1147/1147/1147 1148/1148/1148 1149/1149/1149 
f 1080/1080/1080 1081/1081/1081 1082/1082/1082 
f 1080/1080/1080 1082/1082/1082 1099/1099/1099 
f 1083/1083/1083 1084/1084/1084 1085/1085/1085 
f 1094/1094/1094 1083/1083/1083 1085/1085/1085 
f 1095/1095/1095 1096/1096/1096 1097/1097/1097 
f 1096/1096/1096 1095/1095/1095 1098/1098/1098 
f 1116/1116/1116 1117/1117/1117 1118/1118/1118 
f 1117/1117/1117 1116/1116/1116 1166/1166/1166 
f 1171/1171/1171 1172/1172/1172 1173/1173/1173 
f 1173/1173/1173 1174/1174/1174 1171/1171/1171 
f 1175/1175/1175 1176/1176/1176 1177/1177/1177 
f 1177/1177/1177 1178/1178/1178 1175/1175/1175 
f 610/610/610 611/611/611 612/612/612 
f 693/693/693 610/610/610 612/612/612 
f 616/616/616 617/617/617 618/618/618 
f 695/695/695 616/616/616 618/618/618 
f 657/657/657 658/658/658 659/659/659 
f 726/726/726 657/657/657 659/659/659 
f 663/663/663 664/664/664 665/665/665 
f 728/728/728 663/663/663 665/665/665 
f 981/981/981 982/982/982 983/983/983 
f 982/982/982 993/993/993 983/983/983 
f 779/779/779 780/780/780 781/781/781 
f 780/780/780 779/779/779 810/810/810 
f 1018/1018/1018 1019/1019/1019 1020/1020/1020 
f 607/607/607 608/608/608 609/609/609 
f 692/692/692 607/607/607 609/609/609 
f 613/613/613 614/614/614 615/615/615 
f 694/694/694 613/613/613 615/615/615 
f 654/654/654 655/655/655 656/656/656 
f 725/725/725 654/654/654 656/656/656 
f 660/660/660 661/661/661 662/662/662 
f 727/727/727 660/660/660 662/662/662 
f 973/973/973 974/974/974 975/975/975 
f 980/980/980 973/973/973 975/975/975 
f 1070/1070/1070 1071/1071/1071 1072/1072/1072 
f 1076/1076/1076 1071/1071/1071 1070/1070/1070 
f 765/765/765 766/766/766 767/767/767 
f 816/816/816 765/765/765 767/767/767 
f 768/768/768 769/769/769 770/770/770 
f 823/823/823 768/768/768 770/770/770 
f 803/803/803 804/804/804 805/805/805 
f 859/859/859 803/803/803 805/805/805 
f 806/806/806 807/807/807 808/808/808 
f 815/815/815 806/806/806 808/808/808 
f 1132/1132/1132 1133/1133/1133 1134/1134/1134 
f 1133/1133/1133 1136/1136/1136 1134/1134/1134 
f 1163/1163/1163 1164/1164/1164 1165/1165/1165 
f 895/895/895 896/896/896 897/897/897 
f 896/896/896 895/895/895 904/904/904 
f 905/905/905 906/906/906 907/907/907 
f 906/906/906 905/905/905 919/919/919 
f 923/923/923 924/924/924 925/925/925 
f 924/924/924 923/923/923 926/926/926 
f 1055/1055/1055 1056/1056/1056 1057/1057/1057 
f 1056/1056/1056 1055/1055/1055 1058/1058/1058 
f 916/916/916 917/917/917 918/918/918 
f 917/917/917 916/916/916 959/959/959 
f 927/927/927 928/928/928 929/929/929 
f 928/928/928 927/927/927 960/960/960 
f 941/941/941 942/942/942 943/943/943 
f 942/942/942 941/941/941 944/944/944 
f 1059/1059/1059 1060/1060/1060 1061/1061/1061 
f 1060/1060/1060 1059/1059/1059 1062/1062/1062 
f 1073/1073/1073 1074/1074/1074 1075/1075/1075 
f 1075/1075/1075 1093/1093/1093 1073/1073/1073 
f 945/945/945 946/946/946 947/947/947 
f 946/946/946 945/945/945 948/948/948 
f 949/949/949 950/950/950 951/951/951 
f 950/950/950 949/949/949 958/958/958 
f 961/961/961 962/962/962 963/963/963 
f 962/962/962 961/961/961 1092/1092/1092 
f 1086/1086/1086 1087/1087/1087 1088/1088/1088 
f 1087/1087/1087 1086/1086/1086 1090/1090/1090 
f 1111/1111/1111 1112/1112/1112 1113/1113/1113 
f 1112/1112/1112 1111/1111/1111 1114/1114/1114 
f 714/714/714 715/715/715 716/716/716 
f 717/717/717 714/714/714 716/716/716 
f 718/718/718 719/719/719 720/720/720 
f 721/721/721 718/718/718 720/720/720 
f 739/739/739 740/740/740 741/741/741 
f 749/749/749 739/739/739 741/741/741 
f 746/746/746 747/747/747 748/748/748 
f 750/750/750 746/746/746 748/748/748 
f 999/999/999 1000/1000/1000 1001/1001/1001 
f 1000/1000/1000 1128/1128/1128 1001/1001/1001 
f 1033/1033/1033 1034/1034/1034 1035/1035/1035 
f 1160/1160/1160 1035/1035/1035 1034/1034/1034 
f 700/700/700 701/701/701 702/702/702 
f 701/701/701 710/710/710 702/702/702 
f 707/707/707 708/708/708 709/709/709 
f 708/708/708 712/712/712 709/709/709 
f 722/722/722 723/723/723 724/724/724 
f 737/737/737 722/722/722 724/724/724 
f 742/742/742 743/743/743 744/744/744 
f 751/751/751 742/742/742 744/744/744 
f 984/984/984 985/985/985 986/986/986 
f 985/985/985 998/998/998 986/986/986 
f 1030/1030/1030 1031/1031/1031 1032/1032/1032 
f 1031/1031/1031 1030/1030/1030 1042/1042/1042 
f 696/696/696 697/697/697 698/698/698 
f 699/699/699 696/696/696 698/698/698 
f 703/703/703 704/704/704 705/705/705 
f 706/706/706 703/703/703 705/705/705 
f 729/729/729 730/730/730 731/731/731 
f 732/732/732 729/729/729 731/731/731 
f 733/733/733 734/734/734 735/735/735 
f 736/736/736 733/733/733 735/735/735 
f 976/976/976 977/977/977 978/978/978 
f 977/977/977 979/979/979 978/978/978 
f 1004/1004/1004 1005/1005/1005 1006/1006/1006 
f 1005/1005/1005 1004/1004/1004 1014/1014/1014 
f 1007/1007/1007 1008/1008/1008 1009/1009/1009 
f 1009/1009/1009 1008/1008/1008 1025/1025/1025 
f 1026/1026/1026 1027/1027/1027 1028/1028/1028 
f 1123/1123/1123 1124/1124/1124 1125/1125/1125 
f 1124/1124/1124 1123/1123/1123 1140/1140/1140 
f 1011/1011/1011 1012/1012/1012 1013/1013/1013 
f 1012/1012/1012 1011/1011/1011 1021/1021/1021 
f 1036/1036/1036 1037/1037/1037 1038/1038/1038 
f 1141/1141/1141 1142/1142/1142 1143/1143/1143 
f 1015/1015/1015 1016/1016/1016 1017/1017/1017 
f 1022/1022/1022 1023/1023/1023 1024/1024/1024 
f 1039/1039/1039 1040/1040/1040 1041/1041/1041 
f 1040/1040/1040 1039/1039/1039 1162/1162/1162 
f 1150/1150/1150 1151/1151/1151 1152/1152/1152 
f 1151/1151/1151 1150/1150/1150 1161/1161/1161 
f 885/885/885 886/886/886 887/887/887 
f 886/886/886 885/885/885 891/891/891 
f 888/888/888 889/889/889 890/890/890 
f 889/889/889 888/888/888 908/908/908 
f 909/909/909 910/910/910 911/911/911 
f 910/910/910 909/909/909 912/912/912 
f 1044/1044/1044 1045/1045/1045 1046/1046/1046 
f 1045/1045/1045 1044/1044/1044 1054/1054/1054 
f 892/892/892 893/893/893 894/894/894 
f 893/893/893 892/892/892 952/952/952 
f 913/913/913 914/914/914 915/915/915 
f 914/914/914 913/913/913 953/953/953 
f 930/930/930 931/931/931 932/932/932 
f 931/931/931 930/930/930 940/940/940 
f 1047/1047/1047 1048/1048/1048 1049/1049/1049 
f 1048/1048/1048 1047/1047/1047 1050/1050/1050 
f 933/933/933 934/934/934 935/935/935 
f 934/934/934 933/933/933 957/957/957 
f 936/936/936 937/937/937 938/938/938 
f 937/937/937 936/936/936 939/939/939 
f 954/954/954 955/955/955 956/956/956 
f 955/955/955 954/954/954 1091/1091/1091 
f 1051/1051/1051 1052/1052/1052 1053/1053/1053 
f 1052/1052/1052 1051/1051/1051 1089/1089/1089 
f 266/266/266 267/267/267 268/268/268 
f 267/267/267 266/266/266 778/778/778 
f 269/269/269 270/270/270 271/271/271 
f 270/270/270 308/308/308 271/271/271 
f 305/305/305 306/306/306 307/307/307 
f 306/306/306 595/595/595 307/307/307 
f 1100/1100/1100 1101/1101/1101 1102/1102/1102 
f 1101/1101/1101 1100/1100/1100 1103/1103/1103 
f 1104/1104/1104 1105/1105/1105 1106/1106/1106 
f 1105/1105/1105 1104/1104/1104 1107/1107/1107 
f 575/575/575 576/576/576 577/577/577 
f 576/576/576 575/575/575 578/578/578 
f 547/547/547 548/548/548 549/549/549 
f 548/548/548 547/547/547 565/565/565 
f 590/590/590 591/591/591 592/592/592 
f 590/590/590 593/593/593 591/591/591 
f 560/560/560 561/561/561 562/562/562 
f 561/561/561 560/560/560 563/563/563 
f 543/543/543 544/544/544 545/545/545 
f 545/545/545 546/546/546 543/543/543 
f 587/587/587 588/588/588 589/589/589 
f 587/587/587 589/589/589 594/594/594 
f 579/579/579 580/580/580 581/581/581 
f 580/580/580 579/579/579 586/586/586 
f 582/582/582 583/583/583 584/584/584 
f 582/582/582 585/585/585 583/583/583 
f 263/263/263 264/264/264 265/265/265 
f 264/264/264 263/263/263 272/272/272 
f 551/551/551 272/272/272 263/263/263 
f 272/272/272 551/551/551 552/552/552 
f 570/570/570 552/552/552 551/551/551 
f 552/552/552 570/570/570 571/571/571 
f 531/531/531 532/532/532 533/533/533 
f 532/532/532 531/531/531 534/534/534 
f 531/531/531 535/535/535 534/534/534 
f 535/535/535 531/531/531 542/542/542 
f 542/542/542 573/573/573 535/535/535 
f 573/573/573 542/542/542 574/574/574 
f 536/536/536 537/537/537 538/538/538 
f 536/536/536 550/550/550 537/537/537 
f 539/539/539 540/540/540 541/541/541 
f 540/540/540 539/539/539 569/569/569 
f 553/553/553 554/554/554 555/555/555 
f 554/554/554 553/553/553 556/556/556 
f 557/557/557 558/558/558 559/559/559 
f 559/559/559 558/558/558 564/564/564 
f 566/566/566 567/567/567 568/568/568 
f 568/568/568 567/567/567 572/572/572 
f 511/511/511 512/512/512 513/513/513 
f 513/513/513 530/530/530 511/511/511 
f 526/526/526 527/527/527 528/528/528 
f 527/527/527 526/526/526 529/529/529 
f 397/397/397 398/398/398 399/399/399 
f 397/397/397 403/403/403 398/398/398 
f 400/400/400 401/401/401 402/402/402 
f 400/400/400 418/418/418 401/401/401 
f 419/419/419 420/420/420 421/421/421 
f 419/419/419 478/478/478 420/420/420 
f 422/422/422 423/423/423 424/424/424 
f 422/422/422 425/425/425 423/423/423 
f 404/404/404 405/405/405 406/406/406 
f 404/404/404 454/454/454 405/405/405 
f 415/415/415 416/416/416 417/417/417 
f 415/415/415 453/453/453 416/416/416 
f 426/426/426 427/427/427 428/428/428 
f 426/426/426 440/440/440 427/427/427 
f 475/475/475 476/476/476 477/477/477 
f 475/475/475 514/514/514 476/476/476 
f 437/437/437 438/438/438 439/439/439 
f 439/439/439 444/444/444 437/437/437 
f 441/441/441 442/442/442 443/443/443 
f 443/443/443 449/449/449 441/441/441 
f 450/450/450 451/451/451 452/452/452 
f 452/452/452 455/455/455 450/450/450 
f 508/508/508 509/509/509 510/510/510 
f 510/510/510 515/515/515 508/508/508 
f 352/352/352 353/353/353 354/354/354 
f 354/354/354 358/358/358 352/352/352 
f 355/355/355 356/356/356 357/357/357 
f 355/355/355 380/380/380 356/356/356 
f 376/376/376 377/377/377 378/378/378 
f 376/376/376 379/379/379 377/377/377 
f 341/341/341 342/342/342 343/343/343 
f 341/341/341 343/343/343 351/351/351 
f 359/359/359 360/360/360 361/361/361 
f 359/359/359 362/362/362 360/360/360 
f 369/369/369 370/370/370 371/371/371 
f 369/369/369 371/371/371 375/375/375 
f 472/472/472 473/473/473 474/474/474 
f 472/472/472 483/483/483 473/473/473 
f 347/347/347 348/348/348 349/349/349 
f 349/349/349 350/350/350 347/347/347 
f 372/372/372 373/373/373 374/374/374 
f 484/484/484 485/485/485 486/486/486 
f 344/344/344 345/345/345 346/346/346 
f 1/1/1 2/2/2 3/3/3 
f 2/2/2 11/11/11 3/3/3 
f 7/7/7 8/8/8 9/9/9 
f 10/10/10 7/7/7 9/9/9 
f 46/46/46 47/47/47 48/48/48 
f 47/47/47 49/49/49 48/48/48 
f 50/50/50 51/51/51 52/52/52 
f 53/53/53 50/50/50 52/52/52 
f 54/54/54 55/55/55 56/56/56 
f 313/313/313 54/54/54 56/56/56 
f 363/363/363 364/364/364 365/365/365 
f 4/4/4 5/5/5 6/6/6 
f 5/5/5 27/27/27 6/6/6 
f 24/24/24 25/25/25 26/26/26 
f 25/25/25 31/31/31 26/26/26 
f 69/69/69 70/70/70 71/71/71 
f 70/70/70 72/72/72 71/71/71 
f 77/77/77 78/78/78 79/79/79 
f 78/78/78 80/80/80 79/79/79 
f 309/309/309 310/310/310 311/311/311 
f 327/327/327 309/309/309 311/311/311 
f 366/366/366 367/367/367 368/368/368 
f 28/28/28 29/29/29 30/30/30 
f 29/29/29 36/36/36 30/30/30 
f 32/32/32 33/33/33 34/34/34 
f 33/33/33 35/35/35 34/34/34 
f 43/43/43 44/44/44 45/45/45 
f 73/73/73 43/43/43 45/45/45 
f 74/74/74 75/75/75 76/76/76 
f 75/75/75 161/161/161 76/76/76 
f 87/87/87 88/88/88 89/89/89 
f 329/329/329 87/87/87 89/89/89 
f 479/479/479 480/480/480 481/481/481 
f 384/384/384 385/385/385 386/386/386 
f 384/384/384 387/387/387 385/385/385 
f 394/394/394 395/395/395 396/396/396 
f 394/394/394 407/407/407 395/395/395 
f 408/408/408 409/409/409 410/410/410 
f 408/408/408 411/411/411 409/409/409 
f 456/456/456 457/457/457 458/458/458 
f 456/456/456 471/471/471 457/457/457 
f 388/388/388 389/389/389 390/390/390 
f 388/388/388 445/445/445 389/389/389 
f 391/391/391 392/392/392 393/393/393 
f 391/391/391 429/429/429 392/392/392 
f 412/412/412 413/413/413 414/414/414 
f 412/412/412 446/446/446 413/413/413 
f 497/497/497 498/498/498 499/499/499 
f 497/497/497 500/500/500 498/498/498 
f 381/381/381 382/382/382 383/383/383 
f 383/383/383 447/447/447 381/381/381 
f 430/430/430 431/431/431 432/432/432 
f 432/432/432 448/448/448 430/430/430 
f 433/433/433 434/434/434 435/435/435 
f 435/435/435 436/436/436 433/433/433 
f 504/504/504 505/505/505 506/506/506 
f 506/506/506 507/507/507 504/504/504 
f 315/315/315 316/316/316 317/317/317 
f 340/340/340 317/317/317 316/316/316 
f 175/175/175 176/176/176 177/177/177 
f 176/176/176 256/256/256 177/177/177 
f 184/184/184 185/185/185 186/186/186 
f 185/185/185 259/259/259 186/186/186 
f 224/224/224 225/225/225 226/226/226 
f 225/225/225 238/238/238 226/226/226 
f 227/227/227 228/228/228 229/229/229 
f 228/228/228 295/295/295 229/229/229 
f 459/459/459 460/460/460 461/461/461 
f 460/460/460 462/462/462 461/461/461 
f 491/491/491 492/492/492 493/493/493 
f 492/492/492 491/491/491 495/495/495 
f 494/494/494 495/495/495 496/496/496 
f 495/495/495 494/494/494 525/525/525 
f 501/501/501 502/502/502 503/503/503 
f 502/502/502 501/501/501 516/516/516 
f 517/517/517 518/518/518 519/519/519 
f 518/518/518 517/517/517 520/520/520 
f 521/521/521 522/522/522 523/523/523 
f 522/522/522 521/521/521 524/524/524 
f 324/324/324 325/325/325 326/326/326 
f 333/333/333 326/326/326 325/325/325 
f 487/487/487 488/488/488 489/489/489 
f 488/488/488 487/487/487 490/490/490 
f 330/330/330 331/331/331 332/332/332 
f 339/339/339 332/332/332 331/331/331 
f 12/12/12 13/13/13 14/14/14 
f 13/13/13 90/90/90 14/14/14 
f 18/18/18 19/19/19 20/20/20 
f 19/19/19 95/95/95 20/20/20 
f 57/57/57 58/58/58 59/59/59 
f 58/58/58 127/127/127 59/59/59 
f 63/63/63 64/64/64 65/65/65 
f 64/64/64 128/128/128 65/65/65 
f 129/129/129 130/130/130 131/131/131 
f 312/312/312 129/129/129 131/131/131 
f 297/297/297 298/298/298 299/299/299 
f 298/298/298 297/297/297 303/303/303 
f 464/464/464 465/465/465 466/466/466 
f 15/15/15 16/16/16 17/17/17 
f 16/16/16 94/94/94 17/17/17 
f 21/21/21 22/22/22 23/23/23 
f 22/22/22 110/110/110 23/23/23 
f 60/60/60 61/61/61 62/62/62 
f 61/61/61 114/114/114 62/62/62 
f 66/66/66 67/67/67 68/68/68 
f 67/67/67 143/143/143 68/68/68 
f 145/145/145 146/146/146 147/147/147 
f 314/314/314 145/145/145 147/147/147 
f 37/37/37 38/38/38 39/39/39 
f 38/38/38 112/112/112 39/39/39 
f 40/40/40 41/41/41 42/42/42 
f 41/41/41 113/113/113 42/42/42 
f 81/81/81 82/82/82 83/83/83 
f 82/82/82 125/125/125 83/83/83 
f 84/84/84 85/85/85 86/86/86 
f 85/85/85 144/144/144 86/86/86 
f 148/148/148 149/149/149 150/150/150 
f 328/328/328 148/148/148 150/150/150 
f 319/319/319 320/320/320 321/321/321 
f 319/319/319 323/323/323 320/320/320 
f 335/335/335 336/336/336 337/337/337 
f 336/336/336 335/335/335 338/338/338 
f 468/468/468 469/469/469 470/470/470 
f 469/469/469 482/482/482 470/470/470 
f 239/239/239 240/240/240 241/241/241 
f 240/240/240 242/242/242 241/241/241 
f 243/243/243 244/244/244 245/245/245 
f 246/246/246 243/243/243 245/245/245 
f 276/276/276 277/277/277 278/278/278 
f 277/277/277 279/279/279 278/278/278 
f 280/280/280 281/281/281 282/282/282 
f 283/283/283 280/280/280 282/282/282 
f 292/292/292 293/293/293 294/294/294 
f 463/463/463 292/292/292 294/294/294 
f 91/91/91 92/92/92 93/93/93 
f 92/92/92 99/99/99 93/93/93 
f 96/96/96 97/97/97 98/98/98 
f 97/97/97 100/100/100 98/98/98 
f 101/101/101 102/102/102 103/103/103 
f 102/102/102 111/111/111 103/103/103 
f 104/104/104 105/105/105 106/106/106 
f 105/105/105 115/115/115 106/106/106 
f 107/107/107 108/108/108 109/109/109 
f 126/126/126 107/107/107 109/109/109 
f 116/116/116 117/117/117 118/118/118 
f 117/117/117 247/247/247 118/118/118 
f 119/119/119 120/120/120 121/121/121 
f 120/120/120 248/248/248 121/121/121 
f 122/122/122 123/123/123 124/124/124 
f 135/135/135 122/122/122 124/124/124 
f 132/132/132 133/133/133 134/134/134 
f 133/133/133 136/136/136 134/134/134 
f 137/137/137 138/138/138 139/139/139 
f 318/318/318 137/137/137 139/139/139 
f 140/140/140 141/141/141 142/142/142 
f 141/141/141 151/151/151 142/142/142 
f 152/152/152 153/153/153 154/154/154 
f 153/153/153 255/255/255 154/154/154 
f 155/155/155 156/156/156 157/157/157 
f 156/156/156 284/284/284 157/157/157 
f 158/158/158 159/159/159 160/160/160 
f 322/322/322 158/158/158 160/160/160 
f 249/249/249 250/250/250 251/251/251 
f 250/250/250 257/257/257 251/251/251 
f 252/252/252 253/253/253 254/254/254 
f 253/253/253 258/258/258 254/254/254 
f 273/273/273 274/274/274 275/275/275 
f 285/285/285 273/273/273 275/275/275 
f 286/286/286 287/287/287 288/288/288 
f 287/287/287 296/296/296 288/288/288 
f 289/289/289 290/290/290 291/291/291 
f 334/334/334 289/289/289 291/291/291 
f 300/300/300 301/301/301 302/302/302 
f 467/467/467 300/300/300 302/302/302 
f 206/206/206 207/207/207 208/208/208 
f 207/207/207 206/206/206 236/236/236 
f 209/209/209 210/210/210 211/211/211 
f 237/237/237 210/210/210 209/209/209 
f 217/217/217 218/218/218 219/219/219 
f 217/217/217 223/223/223 218/218/218 
f 222/222/222 223/223/223 217/217/217 
f 222/222/222 230/230/230 223/223/223 
f 178/178/178 179/179/179 180/180/180 
f 179/179/179 178/178/178 187/187/187 
f 181/181/181 182/182/182 183/183/183 
f 203/203/203 204/204/204 205/205/205 
f 172/172/172 173/173/173 174/174/174 
f 172/172/172 216/216/216 173/173/173 
f 200/200/200 201/201/201 202/202/202 
f 201/201/201 200/200/200 235/235/235 
f 191/191/191 192/192/192 193/193/193 
f 192/192/192 191/191/191 234/234/234 
f 194/194/194 195/195/195 196/196/196 
f 232/232/232 195/195/195 194/194/194 
f 260/260/260 261/261/261 262/262/262 
f 304/304/304 262/262/262 261/261/261 
f 162/162/162 163/163/163 164/164/164 
f 163/163/163 162/162/162 165/165/165 
f 166/166/166 167/167/167 168/168/168 
f 188/188/188 189/189/189 190/190/190 
f 213/213/213 214/214/214 215/215/215 
f 213/213/213 221/221/221 214/214/214 
f 220/220/220 221/221/221 213/213/213 
f 220/220/220 233/233/233 221/221/221 
f 169/169/169 170/170/170 171/171/171 
f 169/169/169 212/212/212 170/170/170 
f 197/197/197 198/198/198 199/199/199 
f 198/198/198 197/197/197 231/231/231 
f 1791/1791/1791 1792/1792/1792 1793/1793/1793 
f 1797/1797/1797 1792/1792/1792 1791/1791/1791 
f 1794/1794/1794 1795/1795/1795 1796/1796/1796 
f 2314/2314/2314 1795/1795/1795 1794/1794/1794 
f 1788/1788/1788 1789/1789/1789 1790/1790/1790 
f 2313/2313/2313 1789/1789/1789 1788/1788/1788 
f 1785/1785/1785 1786/1786/1786 1787/1787/1787 
f 2312/2312/2312 1786/1786/1786 1785/1785/1785 
f 1782/1782/1782 1783/1783/1783 1784/1784/1784 
f 1783/1783/1783 1782/1782/1782 2311/2311/2311 
f 1779/1779/1779 1780/1780/1780 1781/1781/1781 
f 2315/2315/2315 1780/1780/1780 1779/1779/1779 
f 1775/1775/1775 1776/1776/1776 1777/1777/1777 
f 1776/1776/1776 1775/1775/1775 1778/1778/1778 
f 2316/2316/2316 2317/2317/2317 2318/2318/2318 
f 2317/2317/2317 2316/2316/2316 2320/2320/2320 
f 1649/1649/1649 1650/1650/1650 1651/1651/1651 
f 2330/2330/2330 2331/2331/2331 2332/2332/2332 
f 1658/1658/1658 1659/1659/1659 1660/1660/1660 
f 1659/1659/1659 1658/1658/1658 1664/1664/1664 
f 1674/1674/1674 1675/1675/1675 1676/1676/1676 
f 1675/1675/1675 1674/1674/1674 1703/1703/1703 
f 1677/1677/1677 1678/1678/1678 1679/1679/1679 
f 1680/1680/1680 1678/1678/1678 1677/1677/1677 
f 1689/1689/1689 1678/1678/1678 1680/1680/1680 
f 1678/1678/1678 1689/1689/1689 1690/1690/1690 
f 1681/1681/1681 1682/1682/1682 1683/1683/1683 
f 1682/1682/1682 1681/1681/1681 1684/1684/1684 
f 1691/1691/1691 1692/1692/1692 1693/1693/1693 
f 1692/1692/1692 1691/1691/1691 1764/1764/1764 
f 1694/1694/1694 1695/1695/1695 1696/1696/1696 
f 1702/1702/1702 1695/1695/1695 1694/1694/1694 
f 1698/1698/1698 1699/1699/1699 1700/1700/1700 
f 1699/1699/1699 1698/1698/1698 1701/1701/1701 
f 1704/1704/1704 1705/1705/1705 1706/1706/1706 
f 1705/1705/1705 1704/1704/1704 1711/1711/1711 
f 1707/1707/1707 1708/1708/1708 1709/1709/1709 
f 1708/1708/1708 1707/1707/1707 1710/1710/1710 
f 1759/1759/1759 1710/1710/1710 1707/1707/1707 
f 1710/1710/1710 1759/1759/1759 1769/1769/1769 
f 1759/1759/1759 2296/2296/2296 1769/1769/1769 
f 1759/1759/1759 2300/2300/2300 2296/2296/2296 
f 2300/2300/2300 2321/2321/2321 2296/2296/2296 
f 2300/2300/2300 2369/2369/2369 2321/2321/2321 
f 1730/1730/1730 1731/1731/1731 1732/1732/1732 
f 1731/1731/1731 1730/1730/1730 1733/1733/1733 
f 1756/1756/1756 1757/1757/1757 1758/1758/1758 
f 1757/1757/1757 1756/1756/1756 1760/1760/1760 
f 1765/1765/1765 1766/1766/1766 1767/1767/1767 
f 1766/1766/1766 1765/1765/1765 1768/1768/1768 
f 1765/1765/1765 2295/2295/2295 1768/1768/1768 
f 2299/2299/2299 2295/2295/2295 1765/1765/1765 
f 1770/1770/1770 1771/1771/1771 1772/1772/1772 
f 1771/1771/1771 1770/1770/1770 1773/1773/1773 
f 1770/1770/1770 2298/2298/2298 1773/1773/1773 
f 1770/1770/1770 2297/2297/2297 2298/2298/2298 
f 2265/2265/2265 2266/2266/2266 2267/2267/2267 
f 2265/2265/2265 2267/2267/2267 2268/2268/2268 
f 2275/2275/2275 2276/2276/2276 2277/2277/2277 
f 2276/2276/2276 2275/2275/2275 2368/2368/2368 
f 2292/2292/2292 2293/2293/2293 2294/2294/2294 
f 2293/2293/2293 2292/2292/2292 2301/2301/2301 
f 2302/2302/2302 2303/2303/2303 2304/2304/2304 
f 2303/2303/2303 2302/2302/2302 2353/2353/2353 
f 2358/2358/2358 2303/2303/2303 2353/2353/2353 
f 2303/2303/2303 2358/2358/2358 2362/2362/2362 
f 2305/2305/2305 2306/2306/2306 2307/2307/2307 
f 2305/2305/2305 2354/2354/2354 2306/2306/2306 
f 2341/2341/2341 2342/2342/2342 2343/2343/2343 
f 2342/2342/2342 2341/2341/2341 2374/2374/2374 
f 2355/2355/2355 2356/2356/2356 2357/2357/2357 
f 2356/2356/2356 2363/2363/2363 2357/2357/2357 
f 2359/2359/2359 2360/2360/2360 2361/2361/2361 
f 2370/2370/2370 2359/2359/2359 2361/2361/2361 
f 2365/2365/2365 2366/2366/2366 2367/2367/2367 
f 2366/2366/2366 2365/2365/2365 2376/2376/2376 
f 2371/2371/2371 2372/2372/2372 2373/2373/2373 
f 2372/2372/2372 2371/2371/2371 2375/2375/2375 
f 1727/1727/1727 1728/1728/1728 1729/1729/1729 
f 1728/1728/1728 1727/1727/1727 1755/1755/1755 
f 2278/2278/2278 2279/2279/2279 2280/2280/2280 
f 2279/2279/2279 2278/2278/2278 2288/2288/2288 
f 1530/1530/1530 1531/1531/1531 1532/1532/1532 
f 2244/2244/2244 2245/2245/2245 2246/2246/2246 
f 1526/1526/1526 1527/1527/1527 1528/1528/1528 
f 1527/1527/1527 1526/1526/1526 1533/1533/1533 
f 2240/2240/2240 2241/2241/2241 2242/2242/2242 
f 2241/2241/2241 2240/2240/2240 2247/2247/2247 
f 1661/1661/1661 1662/1662/1662 1663/1663/1663 
f 1663/1663/1663 1662/1662/1662 1697/1697/1697 
f 1685/1685/1685 1686/1686/1686 1687/1687/1687 
f 1688/1688/1688 1687/1687/1687 1686/1686/1686 
f 2345/2345/2345 2346/2346/2346 2347/2347/2347 
f 2346/2346/2346 2345/2345/2345 2364/2364/2364 
f 2349/2349/2349 2350/2350/2350 2351/2351/2351 
f 2349/2349/2349 2352/2352/2352 2350/2350/2350 
f 1646/1646/1646 1647/1647/1647 1648/1648/1648 
f 2334/2334/2334 2335/2335/2335 2336/2336/2336 
f 1749/1749/1749 1750/1750/1750 1751/1751/1751 
f 1752/1752/1752 1753/1753/1753 1754/1754/1754 
f 2281/2281/2281 2282/2282/2282 2283/2283/2283 
f 2282/2282/2282 2281/2281/2281 2287/2287/2287 
f 1665/1665/1665 1666/1666/1666 1667/1667/1667 
f 1668/1668/1668 1669/1669/1669 1670/1670/1670 
f 2338/2338/2338 2339/2339/2339 2340/2340/2340 
f 2339/2339/2339 2338/2338/2338 2344/2344/2344 
f 1537/1537/1537 1538/1538/1538 1539/1539/1539 
f 1538/1538/1538 1579/1579/1579 1539/1539/1539 
f 1540/1540/1540 1541/1541/1541 1542/1542/1542 
f 1541/1541/1541 1575/1575/1575 1542/1542/1542 
f 1560/1560/1560 1561/1561/1561 1562/1562/1562 
f 1561/1561/1561 1594/1594/1594 1562/1562/1562 
f 1563/1563/1563 1564/1564/1564 1565/1565/1565 
f 1564/1564/1564 1595/1595/1595 1565/1565/1565 
f 1576/1576/1576 1577/1577/1577 1578/1578/1578 
f 1577/1577/1577 1586/1586/1586 1578/1578/1578 
f 1580/1580/1580 1581/1581/1581 1582/1582/1582 
f 1581/1581/1581 1590/1590/1590 1582/1582/1582 
f 1587/1587/1587 1588/1588/1588 1589/1589/1589 
f 1599/1599/1599 1587/1587/1587 1589/1589/1589 
f 1596/1596/1596 1597/1597/1597 1598/1598/1598 
f 1597/1597/1597 1604/1604/1604 1598/1598/1598 
f 2105/2105/2105 2106/2106/2106 2107/2107/2107 
f 2117/2117/2117 2106/2106/2106 2105/2105/2105 
f 2108/2108/2108 2109/2109/2109 2110/2110/2110 
f 2118/2118/2118 2109/2109/2109 2108/2108/2108 
f 2120/2120/2120 2121/2121/2121 2122/2122/2122 
f 2234/2234/2234 2121/2121/2121 2120/2120/2120 
f 2123/2123/2123 2124/2124/2124 2125/2125/2125 
f 2235/2235/2235 2124/2124/2124 2123/2123/2123 
f 2126/2126/2126 2127/2127/2127 2128/2128/2128 
f 2140/2140/2140 2127/2127/2127 2126/2126/2126 
f 2132/2132/2132 2133/2133/2133 2134/2134/2134 
f 2263/2263/2263 2133/2133/2133 2132/2132/2132 
f 2141/2141/2141 2142/2142/2142 2143/2143/2143 
f 2250/2250/2250 2142/2142/2142 2141/2141/2141 
f 2144/2144/2144 2145/2145/2145 2146/2146/2146 
f 2249/2249/2249 2145/2145/2145 2144/2144/2144 
f 1715/1715/1715 1716/1716/1716 1717/1717/1717 
f 2269/2269/2269 1717/1717/1717 1716/1716/1716 
f 1718/1718/1718 1719/1719/1719 1720/1720/1720 
f 1721/1721/1721 1720/1720/1720 1719/1719/1719 
f 1720/1720/1720 1721/1721/1721 1722/1722/1722 
f 1721/1721/1721 2119/2119/2119 1722/1722/1722 
f 1723/1723/1723 1724/1724/1724 1725/1725/1725 
f 2274/2274/2274 1725/1725/1725 1724/1724/1724 
f 1734/1734/1734 1735/1735/1735 1736/1736/1736 
f 2273/2273/2273 1736/1736/1736 1735/1735/1735 
f 1735/1735/1735 1734/1734/1734 1747/1747/1747 
f 1746/1746/1746 1747/1747/1747 1734/1734/1734 
f 1743/1743/1743 1744/1744/1744 1745/1745/1745 
f 2291/2291/2291 1745/1745/1745 1744/1744/1744 
f 1566/1566/1566 1567/1567/1567 1568/1568/1568 
f 1567/1567/1567 1600/1600/1600 1568/1568/1568 
f 1605/1605/1605 1606/1606/1606 1607/1607/1607 
f 1606/1606/1606 1608/1608/1608 1607/1607/1607 
f 2135/2135/2135 2136/2136/2136 2137/2137/2137 
f 2139/2139/2139 2136/2136/2136 2135/2135/2135 
f 2147/2147/2147 2148/2148/2148 2149/2149/2149 
f 2148/2148/2148 2147/2147/2147 2251/2251/2251 
f 1569/1569/1569 1570/1570/1570 1571/1571/1571 
f 1570/1570/1570 1609/1609/1609 1571/1571/1571 
f 1601/1601/1601 1602/1602/1602 1603/1603/1603 
f 1602/1602/1602 1637/1637/1637 1603/1603/1603 
f 1737/1737/1737 1738/1738/1738 1739/1739/1739 
f 2290/2290/2290 1739/1739/1739 1738/1738/1738 
f 2129/2129/2129 2130/2130/2130 2131/2131/2131 
f 2131/2131/2131 2130/2130/2130 2138/2138/2138 
f 2150/2150/2150 2151/2151/2151 2152/2152/2152 
f 2151/2151/2151 2150/2150/2150 2252/2252/2252 
f 1543/1543/1543 1544/1544/1544 1545/1545/1545 
f 1544/1544/1544 1611/1611/1611 1545/1545/1545 
f 1591/1591/1591 1592/1592/1592 1593/1593/1593 
f 1592/1592/1592 1620/1620/1620 1593/1593/1593 
f 2111/2111/2111 2112/2112/2112 2113/2113/2113 
f 2113/2113/2113 2112/2112/2112 2154/2154/2154 
f 2165/2165/2165 2166/2166/2166 2167/2167/2167 
f 2166/2166/2166 2165/2165/2165 2236/2236/2236 
f 1740/1740/1740 1741/1741/1741 1742/1742/1742 
f 1740/1740/1740 2289/2289/2289 1741/1741/1741 
f 1546/1546/1546 1547/1547/1547 1548/1548/1548 
f 1547/1547/1547 1610/1610/1610 1548/1548/1548 
f 1583/1583/1583 1584/1584/1584 1585/1585/1585 
f 1584/1584/1584 1619/1619/1619 1585/1585/1585 
f 2114/2114/2114 2115/2115/2115 2116/2116/2116 
f 2116/2116/2116 2115/2115/2115 2153/2153/2153 
f 2159/2159/2159 2160/2160/2160 2161/2161/2161 
f 2160/2160/2160 2159/2159/2159 2191/2191/2191 
f 1499/1499/1499 1500/1500/1500 1501/1501/1501 
f 1501/1501/1501 1502/1502/1502 1499/1499/1499 
f 1519/1519/1519 1520/1520/1520 1521/1521/1521 
f 1521/1521/1521 1522/1522/1522 1519/1519/1519 
f 1523/1523/1523 1524/1524/1524 1525/1525/1525 
f 1525/1525/1525 1529/1529/1529 1523/1523/1523 
f 1550/1550/1550 1551/1551/1551 1552/1552/1552 
f 1552/1552/1552 1553/1553/1553 1550/1550/1550 
f 2199/2199/2199 2200/2200/2200 2201/2201/2201 
f 2230/2230/2230 2200/2200/2200 2199/2199/2199 
f 2211/2211/2211 2212/2212/2212 2213/2213/2213 
f 2221/2221/2221 2212/2212/2212 2211/2211/2211 
f 2237/2237/2237 2238/2238/2238 2239/2239/2239 
f 2243/2243/2243 2238/2238/2238 2237/2237/2237 
f 2256/2256/2256 2257/2257/2257 2258/2258/2258 
f 2258/2258/2258 2257/2257/2257 2259/2259/2259 
f 1491/1491/1491 1492/1492/1492 1493/1493/1493 
f 1491/1491/1491 1497/1497/1497 1492/1492/1492 
f 1494/1494/1494 1495/1495/1495 1496/1496/1496 
f 1494/1494/1494 1498/1498/1498 1495/1495/1495 
f 1511/1511/1511 1512/1512/1512 1513/1513/1513 
f 1511/1511/1511 1517/1517/1517 1512/1512/1512 
f 1514/1514/1514 1515/1515/1515 1516/1516/1516 
f 1514/1514/1514 1518/1518/1518 1515/1515/1515 
f 2192/2192/2192 2193/2193/2193 2194/2194/2194 
f 2195/2195/2195 2193/2193/2193 2192/2192/2192 
f 2196/2196/2196 2197/2197/2197 2198/2198/2198 
f 2202/2202/2202 2197/2197/2197 2196/2196/2196 
f 2214/2214/2214 2215/2215/2215 2216/2216/2216 
f 2222/2222/2222 2215/2215/2215 2214/2214/2214 
f 2217/2217/2217 2218/2218/2218 2219/2219/2219 
f 2219/2219/2219 2218/2218/2218 2220/2220/2220 
f 1484/1484/1484 1485/1485/1485 1486/1486/1486 
f 1484/1484/1484 1486/1486/1486 1487/1487/1487 
f 1488/1488/1488 1489/1489/1489 1490/1490/1490 
f 1488/1488/1488 1490/1490/1490 1503/1503/1503 
f 1504/1504/1504 1505/1505/1505 1506/1506/1506 
f 1504/1504/1504 1506/1506/1506 1507/1507/1507 
f 1508/1508/1508 1509/1509/1509 1510/1510/1510 
f 1508/1508/1508 1510/1510/1510 1645/1645/1645 
f 2203/2203/2203 2204/2204/2204 2205/2205/2205 
f 2206/2206/2206 2205/2205/2205 2204/2204/2204 
f 2207/2207/2207 2208/2208/2208 2209/2209/2209 
f 2210/2210/2210 2209/2209/2209 2208/2208/2208 
f 2223/2223/2223 2224/2224/2224 2225/2225/2225 
f 2229/2229/2229 2225/2225/2225 2224/2224/2224 
f 2226/2226/2226 2227/2227/2227 2228/2228/2228 
f 2333/2333/2333 2228/2228/2228 2227/2227/2227 
f 1384/1384/1384 1385/1385/1385 1386/1386/1386 
f 1385/1385/1385 1384/1384/1384 1657/1657/1657 
f 1386/1386/1386 1387/1387/1387 1384/1384/1384 
f 1387/1387/1387 1386/1386/1386 1388/1388/1388 
f 1388/1388/1388 1400/1400/1400 1387/1387/1387 
f 1400/1400/1400 1388/1388/1388 1398/1398/1398 
f 1398/1398/1398 1397/1397/1397 1400/1400/1400 
f 1397/1397/1397 1398/1398/1398 1399/1399/1399 
f 1399/1399/1399 1415/1415/1415 1397/1397/1397 
f 1414/1414/1414 1415/1415/1415 1399/1399/1399 
f 1414/1414/1414 1467/1467/1467 1415/1415/1415 
f 1461/1461/1461 1467/1467/1467 1414/1414/1414 
f 1461/1461/1461 1460/1460/1460 1467/1467/1467 
f 1459/1459/1459 1460/1460/1460 1461/1461/1461 
f 2010/2010/2010 2011/2011/2011 2012/2012/2012 
f 2012/2012/2012 2013/2013/2013 2010/2010/2010 
f 2013/2013/2013 2012/2012/2012 2014/2014/2014 
f 2014/2014/2014 2071/2071/2071 2013/2013/2013 
f 2071/2071/2071 2014/2014/2014 2072/2072/2072 
f 2072/2072/2072 2073/2073/2073 2071/2071/2071 
f 2073/2073/2073 2072/2072/2072 2074/2074/2074 
f 2074/2074/2074 2104/2104/2104 2073/2073/2073 
f 2104/2104/2104 2074/2074/2074 2087/2087/2087 
f 2087/2087/2087 2086/2086/2086 2104/2104/2104 
f 2086/2086/2086 2087/2087/2087 2084/2084/2084 
f 2084/2084/2084 2083/2083/2083 2086/2086/2086 
f 2083/2083/2083 2084/2084/2084 2085/2085/2085 
f 2085/2085/2085 2337/2337/2337 2083/2083/2083 
f 1630/1630/1630 1631/1631/1631 1632/1632/1632 
f 1656/1656/1656 1630/1630/1630 1632/1632/1632 
f 1638/1638/1638 1639/1639/1639 1640/1640/1640 
f 1726/1726/1726 1638/1638/1638 1640/1640/1640 
f 2179/2179/2179 2180/2180/2180 2181/2181/2181 
f 2264/2264/2264 2180/2180/2180 2179/2179/2179 
f 2188/2188/2188 2189/2189/2189 2190/2190/2190 
f 2329/2329/2329 2189/2189/2189 2188/2188/2188 
f 1652/1652/1652 1653/1653/1653 1654/1654/1654 
f 1712/1712/1712 1713/1713/1713 1714/1714/1714 
f 2270/2270/2270 2271/2271/2271 2272/2272/2272 
f 2323/2323/2323 2324/2324/2324 2325/2325/2325 
f 1378/1378/1378 1379/1379/1379 1380/1380/1380 
f 1389/1389/1389 1380/1380/1380 1379/1379/1379 
f 1381/1381/1381 1382/1382/1382 1383/1383/1383 
f 1390/1390/1390 1383/1383/1383 1382/1382/1382 
f 1391/1391/1391 1392/1392/1392 1393/1393/1393 
f 1457/1457/1457 1393/1393/1393 1392/1392/1392 
f 1394/1394/1394 1395/1395/1395 1396/1396/1396 
f 1458/1458/1458 1396/1396/1396 1395/1395/1395 
f 2004/2004/2004 2005/2005/2005 2006/2006/2006 
f 2004/2004/2004 2070/2070/2070 2005/2005/2005 
f 2007/2007/2007 2008/2008/2008 2009/2009/2009 
f 2007/2007/2007 2069/2069/2069 2008/2008/2008 
f 2075/2075/2075 2076/2076/2076 2077/2077/2077 
f 2075/2075/2075 2082/2082/2082 2076/2076/2076 
f 2078/2078/2078 2079/2079/2079 2080/2080/2080 
f 2078/2078/2078 2081/2081/2081 2079/2079/2079 
f 1572/1572/1572 1573/1573/1573 1574/1574/1574 
f 1573/1573/1573 1633/1633/1633 1574/1574/1574 
f 1634/1634/1634 1635/1635/1635 1636/1636/1636 
f 1635/1635/1635 1641/1641/1641 1636/1636/1636 
f 2176/2176/2176 2177/2177/2177 2178/2178/2178 
f 2178/2178/2178 2177/2177/2177 2182/2182/2182 
f 2183/2183/2183 2184/2184/2184 2185/2185/2185 
f 2186/2186/2186 2184/2184/2184 2183/2183/2183 
f 1306/1306/1306 1307/1307/1307 1308/1308/1308 
f 1308/1308/1308 1316/1316/1316 1306/1306/1306 
f 1309/1309/1309 1310/1310/1310 1311/1311/1311 
f 1311/1311/1311 1317/1317/1317 1309/1309/1309 
f 1324/1324/1324 1325/1325/1325 1326/1326/1326 
f 1326/1326/1326 1327/1327/1327 1324/1324/1324 
f 1332/1332/1332 1333/1333/1333 1334/1334/1334 
f 1334/1334/1334 1466/1466/1466 1332/1332/1332 
f 1852/1852/1852 1853/1853/1853 1854/1854/1854 
f 1868/1868/1868 1853/1853/1853 1852/1852/1852 
f 1855/1855/1855 1856/1856/1856 1857/1857/1857 
f 1882/1882/1882 1856/1856/1856 1855/1855/1855 
f 1876/1876/1876 1877/1877/1877 1878/1878/1878 
f 1887/1887/1887 1877/1877/1877 1876/1876/1876 
f 1879/1879/1879 1880/1880/1880 1881/1881/1881 
f 1999/1999/1999 1880/1880/1880 1879/1879/1879 
f 1243/1243/1243 1244/1244/1244 1245/1245/1245 
f 1243/1243/1243 1265/1265/1265 1244/1244/1244 
f 1259/1259/1259 1260/1260/1260 1261/1261/1261 
f 1259/1259/1259 1305/1305/1305 1260/1260/1260 
f 1262/1262/1262 1263/1263/1263 1264/1264/1264 
f 1262/1262/1262 1323/1323/1323 1263/1263/1263 
f 1335/1335/1335 1336/1336/1336 1337/1337/1337 
f 1335/1335/1335 1337/1337/1337 1465/1465/1465 
f 1862/1862/1862 1863/1863/1863 1864/1864/1864 
f 1929/1929/1929 1863/1863/1863 1862/1862/1862 
f 1865/1865/1865 1866/1866/1866 1867/1867/1867 
f 1941/1941/1941 1866/1866/1866 1865/1865/1865 
f 1884/1884/1884 1885/1885/1885 1886/1886/1886 
f 1949/1949/1949 1885/1885/1885 1884/1884/1884 
f 1954/1954/1954 1955/1955/1955 1956/1956/1956 
f 1998/1998/1998 1955/1955/1955 1954/1954/1954 
f 1229/1229/1229 1230/1230/1230 1231/1231/1231 
f 1229/1229/1229 1232/1232/1232 1230/1230/1230 
f 1240/1240/1240 1241/1241/1241 1242/1242/1242 
f 1240/1240/1240 1242/1242/1242 1254/1254/1254 
f 1251/1251/1251 1252/1252/1252 1253/1253/1253 
f 1251/1251/1251 1255/1255/1255 1252/1252/1252 
f 1454/1454/1454 1455/1455/1455 1456/1456/1456 
f 1454/1454/1454 1462/1462/1462 1455/1455/1455 
f 1934/1934/1934 1935/1935/1935 1936/1936/1936 
f 1953/1953/1953 1936/1936/1936 1935/1935/1935 
f 1937/1937/1937 1938/1938/1938 1939/1939/1939 
f 1940/1940/1940 1939/1939/1939 1938/1938/1938 
f 1946/1946/1946 1947/1947/1947 1948/1948/1948 
f 1952/1952/1952 1948/1948/1948 1947/1947/1947 
f 2000/2000/2000 2001/2001/2001 2002/2002/2002 
f 2003/2003/2003 2002/2002/2002 2001/2001/2001 
f 1621/1621/1621 1622/1622/1622 1623/1623/1623 
f 1629/1629/1629 1621/1621/1621 1623/1623/1623 
f 1625/1625/1625 1626/1626/1626 1627/1627/1627 
f 1628/1628/1628 1625/1625/1625 1627/1627/1627 
f 2168/2168/2168 2169/2169/2169 2170/2170/2170 
f 2187/2187/2187 2169/2169/2169 2168/2168/2168 
f 2172/2172/2172 2173/2173/2173 2174/2174/2174 
f 2175/2175/2175 2173/2173/2173 2172/2172/2172 
f 1612/1612/1612 1613/1613/1613 1614/1614/1614 
f 1613/1613/1613 1615/1615/1615 1614/1614/1614 
f 1616/1616/1616 1617/1617/1617 1618/1618/1618 
f 1617/1617/1617 1624/1624/1624 1618/1618/1618 
f 2155/2155/2155 2156/2156/2156 2157/2157/2157 
f 2157/2157/2157 2156/2156/2156 2158/2158/2158 
f 2162/2162/2162 2163/2163/2163 2164/2164/2164 
f 2164/2164/2164 2163/2163/2163 2171/2171/2171 
f 1372/1372/1372 1373/1373/1373 1374/1374/1374 
f 1401/1401/1401 1372/1372/1372 1374/1374/1374 
f 1375/1375/1375 1376/1376/1376 1377/1377/1377 
f 1376/1376/1376 1402/1402/1402 1377/1377/1377 
f 1403/1403/1403 1404/1404/1404 1405/1405/1405 
f 1409/1409/1409 1403/1403/1403 1405/1405/1405 
f 1406/1406/1406 1407/1407/1407 1408/1408/1408 
f 1410/1410/1410 1411/1411/1411 1412/1412/1412 
f 1411/1411/1411 1413/1413/1413 1412/1412/1412 
f 1468/1468/1468 1469/1469/1469 1470/1470/1470 
f 1471/1471/1471 1468/1468/1468 1470/1470/1470 
f 1472/1472/1472 1473/1473/1473 1474/1474/1474 
f 1475/1475/1475 1472/1472/1472 1474/1474/1474 
f 1476/1476/1476 1477/1477/1477 1478/1478/1478 
f 1482/1482/1482 1476/1476/1476 1478/1478/1478 
f 2018/2018/2018 2019/2019/2019 2020/2020/2020 
f 2020/2020/2020 2019/2019/2019 2021/2021/2021 
f 2023/2023/2023 2024/2024/2024 2025/2025/2025 
f 2025/2025/2025 2024/2024/2024 2026/2026/2026 
f 2027/2027/2027 2028/2028/2028 2029/2029/2029 
f 2029/2029/2029 2028/2028/2028 2030/2030/2030 
f 2066/2066/2066 2067/2067/2067 2068/2068/2068 
f 2068/2068/2068 2067/2067/2067 2103/2103/2103 
f 2088/2088/2088 2089/2089/2089 2090/2090/2090 
f 2090/2090/2090 2089/2089/2089 2097/2097/2097 
f 2091/2091/2091 2092/2092/2092 2093/2093/2093 
f 2093/2093/2093 2092/2092/2092 2098/2098/2098 
f 2094/2094/2094 2095/2095/2095 2096/2096/2096 
f 2099/2099/2099 2100/2100/2100 2101/2101/2101 
f 2101/2101/2101 2100/2100/2100 2102/2102/2102 
f 1302/1302/1302 1303/1303/1303 1304/1304/1304 
f 1304/1304/1304 1312/1312/1312 1302/1302/1302 
f 1313/1313/1313 1314/1314/1314 1315/1315/1315 
f 1315/1315/1315 1318/1318/1318 1313/1313/1313 
f 1320/1320/1320 1321/1321/1321 1322/1322/1322 
f 1322/1322/1322 1328/1328/1328 1320/1320/1320 
f 1329/1329/1329 1330/1330/1330 1331/1331/1331 
f 1331/1331/1331 1464/1464/1464 1329/1329/1329 
f 1846/1846/1846 1847/1847/1847 1848/1848/1848 
f 1858/1858/1858 1847/1847/1847 1846/1846/1846 
f 1849/1849/1849 1850/1850/1850 1851/1851/1851 
f 1869/1869/1869 1850/1850/1850 1849/1849/1849 
f 1870/1870/1870 1871/1871/1871 1872/1872/1872 
f 1883/1883/1883 1871/1871/1871 1870/1870/1870 
f 1873/1873/1873 1874/1874/1874 1875/1875/1875 
f 1997/1997/1997 1874/1874/1874 1873/1873/1873 
f 1554/1554/1554 1555/1555/1555 1556/1556/1556 
f 1556/1556/1556 1655/1655/1655 1554/1554/1554 
f 2253/2253/2253 2254/2254/2254 2255/2255/2255 
f 2322/2322/2322 2254/2254/2254 2253/2253/2253 
f 1234/1234/1234 1235/1235/1235 1236/1236/1236 
f 1234/1234/1234 1301/1301/1301 1235/1235/1235 
f 1237/1237/1237 1238/1238/1238 1239/1239/1239 
f 1237/1237/1237 1239/1239/1239 1246/1246/1246 
f 1256/1256/1256 1257/1257/1257 1258/1258/1258 
f 1256/1256/1256 1319/1319/1319 1257/1257/1257 
f 1451/1451/1451 1452/1452/1452 1453/1453/1453 
f 1451/1451/1451 1453/1453/1453 1463/1463/1463 
f 1859/1859/1859 1860/1860/1860 1861/1861/1861 
f 1924/1924/1924 1860/1860/1860 1859/1859/1859 
f 1888/1888/1888 1889/1889/1889 1890/1890/1890 
f 1945/1945/1945 1889/1889/1889 1888/1888/1888 
f 1925/1925/1925 1926/1926/1926 1927/1927/1927 
f 1928/1928/1928 1926/1926/1926 1925/1925/1925 
f 1993/1993/1993 1994/1994/1994 1995/1995/1995 
f 1996/1996/1996 1994/1994/1994 1993/1993/1993 
f 1222/1222/1222 1223/1223/1223 1224/1224/1224 
f 1222/1222/1222 1233/1233/1233 1223/1223/1223 
f 1225/1225/1225 1226/1226/1226 1227/1227/1227 
f 1225/1225/1225 1227/1227/1227 1228/1228/1228 
f 1247/1247/1247 1248/1248/1248 1249/1249/1249 
f 1247/1247/1247 1249/1249/1249 1250/1250/1250 
f 1426/1426/1426 1427/1427/1427 1428/1428/1428 
f 1426/1426/1426 1428/1428/1428 1450/1450/1450 
f 1921/1921/1921 1922/1922/1922 1923/1923/1923 
f 1933/1933/1933 1923/1923/1923 1922/1922/1922 
f 1930/1930/1930 1931/1931/1931 1932/1932/1932 
f 1950/1950/1950 1932/1932/1932 1931/1931/1931 
f 1942/1942/1942 1943/1943/1943 1944/1944/1944 
f 1951/1951/1951 1944/1944/1944 1943/1943/1943 
f 1973/1973/1973 1974/1974/1974 1975/1975/1975 
f 1982/1982/1982 1975/1975/1975 1974/1974/1974 
f 1341/1341/1341 1342/1342/1342 1343/1343/1343 
f 1366/1366/1366 1341/1341/1341 1343/1343/1343 
f 1341/1341/1341 1344/1344/1344 1342/1342/1342 
f 1344/1344/1344 1345/1345/1345 1342/1342/1342 
f 1346/1346/1346 1347/1347/1347 1348/1348/1348 
f 1347/1347/1347 1346/1346/1346 1349/1349/1349 
f 1350/1350/1350 1351/1351/1351 1352/1352/1352 
f 1368/1368/1368 1350/1350/1350 1352/1352/1352 
f 1350/1350/1350 1353/1353/1353 1351/1351/1351 
f 1353/1353/1353 1354/1354/1354 1351/1351/1351 
f 1355/1355/1355 1356/1356/1356 1357/1357/1357 
f 1356/1356/1356 1355/1355/1355 1358/1358/1358 
f 1437/1437/1437 1438/1438/1438 1439/1439/1439 
f 1438/1438/1438 1437/1437/1437 1441/1441/1441 
f 1442/1442/1442 1443/1443/1443 1444/1444/1444 
f 1443/1443/1443 1442/1442/1442 1445/1445/1445 
f 1979/1979/1979 1980/1980/1980 1981/1981/1981 
f 1979/1979/1979 1983/1983/1983 1980/1980/1980 
f 1987/1987/1987 1988/1988/1988 1989/1989/1989 
f 1990/1990/1990 1991/1991/1991 1992/1992/1992 
f 2034/2034/2034 2035/2035/2035 2036/2036/2036 
f 2035/2035/2035 2034/2034/2034 2037/2037/2037 
f 2037/2037/2037 2038/2038/2038 2035/2035/2035 
f 2062/2062/2062 2038/2038/2038 2037/2037/2037 
f 2039/2039/2039 2040/2040/2040 2041/2041/2041 
f 2039/2039/2039 2042/2042/2042 2040/2040/2040 
f 2043/2043/2043 2044/2044/2044 2045/2045/2045 
f 2049/2049/2049 2050/2050/2050 2051/2051/2051 
f 2052/2052/2052 2050/2050/2050 2049/2049/2049 
f 2052/2052/2052 2053/2053/2053 2050/2050/2050 
f 2065/2065/2065 2053/2053/2053 2052/2052/2052 
f 2054/2054/2054 2055/2055/2055 2056/2056/2056 
f 1534/1534/1534 1535/1535/1535 1536/1536/1536 
f 1534/1534/1534 1536/1536/1536 1549/1549/1549 
f 1557/1557/1557 1558/1558/1558 1559/1559/1559 
f 1642/1642/1642 1643/1643/1643 1644/1644/1644 
f 2231/2231/2231 2232/2232/2232 2233/2233/2233 
f 2248/2248/2248 2233/2233/2233 2232/2232/2232 
f 2260/2260/2260 2261/2261/2261 2262/2262/2262 
f 2326/2326/2326 2327/2327/2327 2328/2328/2328 
f 1338/1338/1338 1339/1339/1339 1340/1340/1340 
f 1362/1362/1362 1338/1338/1338 1340/1340/1340 
f 1359/1359/1359 1360/1360/1360 1361/1361/1361 
f 1360/1360/1360 1416/1416/1416 1361/1361/1361 
f 2031/2031/2031 2032/2032/2032 2033/2033/2033 
f 2057/2057/2057 2032/2032/2032 2031/2031/2031 
f 2046/2046/2046 2047/2047/2047 2048/2048/2048 
f 2063/2063/2063 2047/2047/2047 2046/2046/2046 
f 1272/1272/1272 1273/1273/1273 1274/1274/1274 
f 1274/1274/1274 1279/1279/1279 1272/1272/1272 
f 1280/1280/1280 1281/1281/1281 1282/1282/1282 
f 1282/1282/1282 1289/1289/1289 1280/1280/1280 
f 1290/1290/1290 1291/1291/1291 1292/1292/1292 
f 1292/1292/1292 1300/1300/1300 1290/1290/1290 
f 1297/1297/1297 1298/1298/1298 1299/1299/1299 
f 1299/1299/1299 1435/1435/1435 1297/1297/1297 
f 1804/1804/1804 1805/1805/1805 1806/1806/1806 
f 1845/1845/1845 1805/1805/1805 1804/1804/1804 
f 1807/1807/1807 1808/1808/1808 1809/1809/1809 
f 1820/1820/1820 1808/1808/1808 1807/1807/1807 
f 1830/1830/1830 1831/1831/1831 1832/1832/1832 
f 1964/1964/1964 1831/1831/1831 1830/1830/1830 
f 1833/1833/1833 1834/1834/1834 1835/1835/1835 
f 1844/1844/1844 1834/1834/1834 1833/1833/1833 
f 1199/1199/1199 1200/1200/1200 1201/1201/1201 
f 1199/1199/1199 1271/1271/1271 1200/1200/1200 
f 1202/1202/1202 1203/1203/1203 1204/1204/1204 
f 1202/1202/1202 1283/1283/1283 1203/1203/1203 
f 1219/1219/1219 1220/1220/1220 1221/1221/1221 
f 1219/1219/1219 1288/1288/1288 1220/1220/1220 
f 1429/1429/1429 1430/1430/1430 1431/1431/1431 
f 1429/1429/1429 1434/1434/1434 1430/1430/1430 
f 1817/1817/1817 1818/1818/1818 1819/1819/1819 
f 1896/1896/1896 1818/1818/1818 1817/1817/1817 
f 1821/1821/1821 1822/1822/1822 1823/1823/1823 
f 1908/1908/1908 1822/1822/1822 1821/1821/1821 
f 1841/1841/1841 1842/1842/1842 1843/1843/1843 
f 1916/1916/1916 1842/1842/1842 1841/1841/1841 
f 1961/1961/1961 1962/1962/1962 1963/1963/1963 
f 1972/1972/1972 1962/1962/1962 1961/1961/1961 
f 1183/1183/1183 1184/1184/1184 1185/1185/1185 
f 1183/1183/1183 1186/1186/1186 1184/1184/1184 
f 1196/1196/1196 1197/1197/1197 1198/1198/1198 
f 1196/1196/1196 1198/1198/1198 1209/1209/1209 
f 1210/1210/1210 1211/1211/1211 1212/1212/1212 
f 1210/1210/1210 1218/1218/1218 1211/1211/1211 
f 1423/1423/1423 1424/1424/1424 1425/1425/1425 
f 1423/1423/1423 1425/1425/1425 1449/1449/1449 
f 1897/1897/1897 1898/1898/1898 1899/1899/1899 
f 1919/1919/1919 1899/1899/1899 1898/1898/1898 
f 1904/1904/1904 1905/1905/1905 1906/1906/1906 
f 1907/1907/1907 1906/1906/1906 1905/1905/1905 
f 1913/1913/1913 1914/1914/1914 1915/1915/1915 
f 1920/1920/1920 1915/1915/1915 1914/1914/1914 
f 1969/1969/1969 1970/1970/1970 1971/1971/1971 
f 1977/1977/1977 1971/1971/1971 1970/1970/1970 
f 1268/1268/1268 1269/1269/1269 1270/1270/1270 
f 1270/1270/1270 1275/1275/1275 1268/1268/1268 
f 1276/1276/1276 1277/1277/1277 1278/1278/1278 
f 1278/1278/1278 1284/1284/1284 1276/1276/1276 
f 1285/1285/1285 1286/1286/1286 1287/1287/1287 
f 1287/1287/1287 1293/1293/1293 1285/1285/1285 
f 1294/1294/1294 1295/1295/1295 1296/1296/1296 
f 1296/1296/1296 1433/1433/1433 1294/1294/1294 
f 1798/1798/1798 1799/1799/1799 1800/1800/1800 
f 1810/1810/1810 1799/1799/1799 1798/1798/1798 
f 1801/1801/1801 1802/1802/1802 1803/1803/1803 
f 1836/1836/1836 1802/1802/1802 1801/1801/1801 
f 1824/1824/1824 1825/1825/1825 1826/1826/1826 
f 1840/1840/1840 1825/1825/1825 1824/1824/1824 
f 1827/1827/1827 1828/1828/1828 1829/1829/1829 
f 1960/1960/1960 1828/1828/1828 1827/1827/1827 
f 1363/1363/1363 1364/1364/1364 1365/1365/1365 
f 1363/1363/1363 1367/1367/1367 1364/1364/1364 
f 1369/1369/1369 1370/1370/1370 1371/1371/1371 
f 1369/1369/1369 1440/1440/1440 1370/1370/1370 
f 1984/1984/1984 1985/1985/1985 1986/1986/1986 
f 1985/1985/1985 1984/1984/1984 2058/2058/2058 
f 2059/2059/2059 2060/2060/2060 2061/2061/2061 
f 2060/2060/2060 2059/2059/2059 2064/2064/2064 
f 1190/1190/1190 1191/1191/1191 1192/1192/1192 
f 1190/1190/1190 1266/1266/1266 1191/1191/1191 
f 1193/1193/1193 1194/1194/1194 1195/1195/1195 
f 1193/1193/1193 1267/1267/1267 1194/1194/1194 
f 1214/1214/1214 1215/1215/1215 1216/1216/1216 
f 1214/1214/1214 1216/1216/1216 1217/1217/1217 
f 1420/1420/1420 1421/1421/1421 1422/1422/1422 
f 1420/1420/1420 1432/1432/1432 1421/1421/1421 
f 1811/1811/1811 1812/1812/1812 1813/1813/1813 
f 1891/1891/1891 1812/1812/1812 1811/1811/1811 
f 1814/1814/1814 1815/1815/1815 1816/1816/1816 
f 1895/1895/1895 1815/1815/1815 1814/1814/1814 
f 1837/1837/1837 1838/1838/1838 1839/1839/1839 
f 1912/1912/1912 1838/1838/1838 1837/1837/1837 
f 1957/1957/1957 1958/1958/1958 1959/1959/1959 
f 1965/1965/1965 1958/1958/1958 1957/1957/1957 
f 1179/1179/1179 1180/1180/1180 1181/1181/1181 
f 1179/1179/1179 1181/1181/1181 1182/1182/1182 
f 1187/1187/1187 1188/1188/1188 1189/1189/1189 
f 1187/1187/1187 1189/1189/1189 1205/1205/1205 
f 1206/1206/1206 1207/1207/1207 1208/1208/1208 
f 1206/1206/1206 1213/1213/1213 1207/1207/1207 
f 1417/1417/1417 1418/1418/1418 1419/1419/1419 
f 1417/1417/1417 1419/1419/1419 1436/1436/1436 
f 1892/1892/1892 1893/1893/1893 1894/1894/1894 
f 1917/1917/1917 1894/1894/1894 1893/1893/1893 
f 1900/1900/1900 1901/1901/1901 1902/1902/1902 
f 1903/1903/1903 1902/1902/1902 1901/1901/1901 
f 1909/1909/1909 1910/1910/1910 1911/1911/1911 
f 1918/1918/1918 1911/1911/1911 1910/1910/1910 
f 1966/1966/1966 1967/1967/1967 1968/1968/1968 
f 1976/1976/1976 1968/1968/1968 1967/1967/1967 
f 1446/1446/1446 1447/1447/1447 1448/1448/1448 
f 1447/1447/1447 1446/1446/1446 1978/1978/1978 
f 1761/1761/1761 1762/1762/1762 1763/1763/1763 
f 1761/1761/1761 1763/1763/1763 1774/1774/1774 
f 2308/2308/2308 2309/2309/2309 2310/2310/2310 
f 2319/2319/2319 2309/2309/2309 2308/2308/2308 
f 1671/1671/1671 1672/1672/1672 1673/1673/1673 
f 1671/1671/1671 1748/1748/1748 1672/1672/1672 
f 2284/2284/2284 2285/2285/2285 2286/2286/2286 
f 2348/2348/2348 2285/2285/2285 2284/2284/2284 
f 1479/1479/1479 1480/1480/1480 1481/1481/1481 
f 1479/1479/1479 1481/1481/1481 1483/1483/1483 
f 2015/2015/2015 2016/2016/2016 2017/2017/2017 
f 2022/2022/2022 2016/2016/2016 2015/2015/2015 
f 2643/2643/2643 2644/2644/2644 2645/2645/2645 
f 2644/2644/2644 2643/2643/2643 3177/3177/3177 
f 2650/2650/2650 2651/2651/2651 2652/2652/2652 
f 2651/2651/2651 2650/2650/2650 3222/3222/3222 
f 2576/2576/2576 2577/2577/2577 2578/2578/2578 
f 2607/2607/2607 2577/2577/2577 2576/2576/2576 
f 2579/2579/2579 2580/2580/2580 2581/2581/2581 
f 2611/2611/2611 2580/2580/2580 2579/2579/2579 
f 2582/2582/2582 2583/2583/2583 2584/2584/2584 
f 2606/2606/2606 2583/2583/2583 2582/2582/2582 
f 2585/2585/2585 2585/2585/2585 2586/2586/2586 
f 2586/2586/2586 2612/2612/2612 2585/2585/2585 
f 2613/2613/2613 2614/2614/2614 2615/2615/2615 
f 2614/2614/2614 2613/2613/2613 2646/2646/2646 
f 2647/2647/2647 2648/2648/2648 2649/2649/2649 
f 2689/2689/2689 2648/2648/2648 2647/2647/2647 
f 2662/2662/2662 2663/2663/2663 2664/2664/2664 
f 2687/2687/2687 2663/2663/2663 2662/2662/2662 
f 2683/2683/2683 2684/2684/2684 2685/2685/2685 
f 2684/2684/2684 2683/2683/2683 2686/2686/2686 
f 3189/3189/3189 3190/3190/3190 3191/3191/3191 
f 3295/3295/3295 3189/3189/3189 3191/3191/3191 
f 3192/3192/3192 3193/3193/3193 3194/3194/3194 
f 3220/3220/3220 3192/3192/3192 3194/3194/3194 
f 3195/3195/3195 3196/3196/3196 3197/3197/3197 
f 3230/3230/3230 3195/3195/3195 3197/3197/3197 
f 3226/3226/3226 3227/3227/3227 3228/3228/3228 
f 3229/3229/3229 3226/3226/3226 3228/3228/3228 
f 3260/3260/3260 3261/3261/3261 3262/3262/3262 
f 3299/3299/3299 3260/3260/3260 3262/3262/3262 
f 3263/3263/3263 3264/3264/3264 3265/3265/3265 
f 3300/3300/3300 3263/3263/3263 3265/3265/3265 
f 3266/3266/3266 3267/3267/3267 3268/3268/3268 
f 3303/3303/3303 3266/3266/3266 3268/3268/3268 
f 2653/2653/2653 2654/2654/2654 2655/2655/2655 
f 2654/2654/2654 2653/2653/2653 3176/3176/3176 
f 2656/2656/2656 2657/2657/2657 2658/2658/2658 
f 2657/2657/2657 2656/2656/2656 3181/3181/3181 
f 2690/2690/2690 2691/2691/2691 2692/2692/2692 
f 2691/2691/2691 2690/2690/2690 3221/3221/3221 
f 2942/2942/2942 2943/2943/2943 2944/2944/2944 
f 2943/2943/2943 2942/2942/2942 3486/3486/3486 
f 2973/2973/2973 2974/2974/2974 2975/2975/2975 
f 2974/2974/2974 2973/2973/2973 3525/3525/3525 
f 2978/2978/2978 2979/2979/2979 2980/2980/2980 
f 2978/2978/2978 2980/2980/2980 3520/3520/3520 
f 2981/2981/2981 2982/2982/2982 2983/2983/2983 
f 2981/2981/2981 2983/2983/2983 3516/3516/3516 
f 2984/2984/2984 2985/2985/2985 2986/2986/2986 
f 2984/2984/2984 2986/2986/2986 3517/3517/3517 
f 2987/2987/2987 2988/2988/2988 2989/2989/2989 
f 2987/2987/2987 2989/2989/2989 3518/3518/3518 
f 2990/2990/2990 2991/2991/2991 2992/2992/2992 
f 2990/2990/2990 2992/2992/2992 3519/3519/3519 
f 2659/2659/2659 2660/2660/2660 2661/2661/2661 
f 3178/3178/3178 3179/3179/3179 3180/3180/3180 
f 2693/2693/2693 2694/2694/2694 2695/2695/2695 
f 3223/3223/3223 3224/3224/3224 3225/3225/3225 
f 2939/2939/2939 2940/2940/2940 2941/2941/2941 
f 3488/3488/3488 3489/3489/3489 3490/3490/3490 
f 2696/2696/2696 2697/2697/2697 2698/2698/2698 
f 2696/2696/2696 2698/2698/2698 3182/3182/3182 
f 2893/2893/2893 2894/2894/2894 2895/2895/2895 
f 2894/2894/2894 2893/2893/2893 2903/2903/2903 
f 3567/3567/3567 3568/3568/3568 3569/3569/3569 
f 3567/3567/3567 3569/3569/3569 3577/3577/3577 
f 2934/2934/2934 2935/2935/2935 2936/2936/2936 
f 2935/2935/2935 2934/2934/2934 2938/2938/2938 
f 3495/3495/3495 3496/3496/3496 3497/3497/3497 
f 3495/3495/3495 3498/3498/3498 3496/3496/3496 
f 2945/2945/2945 2946/2946/2946 2947/2947/2947 
f 2946/2946/2946 2945/2945/2945 2948/2948/2948 
f 3483/3483/3483 3484/3484/3484 3485/3485/3485 
f 3483/3483/3483 3487/3487/3487 3484/3484/3484 
f 2931/2931/2931 2932/2932/2932 2933/2933/2933 
f 2937/2937/2937 2933/2933/2933 2932/2932/2932 
f 3491/3491/3491 3492/3492/3492 3493/3493/3493 
f 3492/3492/3492 3491/3491/3491 3494/3494/3494 
f 2864/2864/2864 2865/2865/2865 2866/2866/2866 
f 2865/2865/2865 2864/2864/2864 2868/2868/2868 
f 3541/3541/3541 3542/3542/3542 3543/3543/3543 
f 3544/3544/3544 3542/3542/3542 3541/3541/3541 
f 2598/2598/2598 2599/2599/2599 2600/2600/2600 
f 2610/2610/2610 2600/2600/2600 2599/2599/2599 
f 2599/2599/2599 2598/2598/2598 2602/2602/2602 
f 2600/2600/2600 2610/2610/2610 2608/2608/2608 
f 2601/2601/2601 2602/2602/2602 2598/2598/2598 
f 2609/2609/2609 2608/2608/2608 2610/2610/2610 
f 2602/2602/2602 2601/2601/2601 2688/2688/2688 
f 2608/2608/2608 2609/2609/2609 2603/2603/2603 
f 2604/2604/2604 2603/2603/2603 2609/2609/2609 
f 2603/2603/2603 2604/2604/2604 2605/2605/2605 
f 2682/2682/2682 2688/2688/2688 2601/2601/2601 
f 2688/2688/2688 2682/2682/2682 2681/2681/2681 
f 2680/2680/2680 2681/2681/2681 2682/2682/2682 
f 2681/2681/2681 2680/2680/2680 2867/2867/2867 
f 3217/3217/3217 3218/3218/3218 3219/3219/3219 
f 3217/3217/3217 3540/3540/3540 3218/3218/3218 
f 3231/3231/3231 3217/3217/3217 3219/3219/3219 
f 3231/3231/3231 3219/3219/3219 3232/3232/3232 
f 3281/3281/3281 3231/3231/3231 3232/3232/3232 
f 3281/3281/3281 3232/3232/3232 3282/3282/3282 
f 3301/3301/3301 3281/3281/3281 3282/3282/3282 
f 3301/3301/3301 3282/3282/3282 3302/3302/3302 
f 3304/3304/3304 3301/3301/3301 3302/3302/3302 
f 3304/3304/3304 3302/3302/3302 3305/3305/3305 
f 3306/3306/3306 3304/3304/3304 3305/3305/3305 
f 3306/3306/3306 3305/3305/3305 3293/3293/3293 
f 3292/3292/3292 3306/3306/3306 3293/3293/3293 
f 3292/3292/3292 3293/3293/3293 3294/3294/3294 
f 2899/2899/2899 2900/2900/2900 2901/2901/2901 
f 2901/2901/2901 2900/2900/2900 2904/2904/2904 
f 2970/2970/2970 2971/2971/2971 2972/2972/2972 
f 2971/2971/2971 2970/2970/2970 2976/2976/2976 
f 3521/3521/3521 3522/3522/3522 3523/3523/3523 
f 3522/3522/3522 3521/3521/3521 3524/3524/3524 
f 3564/3564/3564 3565/3565/3565 3566/3566/3566 
f 3579/3579/3579 3564/3564/3564 3566/3566/3566 
f 2569/2569/2569 2570/2570/2570 2571/2571/2571 
f 2588/2588/2588 2570/2570/2570 2569/2569/2569 
f 2595/2595/2595 2596/2596/2596 2597/2597/2597 
f 2597/2597/2597 2596/2596/2596 2642/2642/2642 
f 3186/3186/3186 3187/3187/3187 3188/3188/3188 
f 3280/3280/3280 3186/3186/3186 3188/3188/3188 
f 3272/3272/3272 3273/3273/3273 3274/3274/3274 
f 3287/3287/3287 3272/3272/3272 3274/3274/3274 
f 2896/2896/2896 2897/2897/2897 2898/2898/2898 
f 2897/2897/2897 2896/2896/2896 2902/2902/2902 
f 2967/2967/2967 2968/2968/2968 2969/2969/2969 
f 2977/2977/2977 2969/2969/2969 2968/2968/2968 
f 3512/3512/3512 3513/3513/3513 3514/3514/3514 
f 3512/3512/3512 3515/3515/3515 3513/3513/3513 
f 3570/3570/3570 3571/3571/3571 3572/3572/3572 
f 3571/3571/3571 3570/3570/3570 3578/3578/3578 
f 2616/2616/2616 2617/2617/2617 2618/2618/2618 
f 3296/3296/3296 3297/3297/3297 3298/3298/3298 
f 2540/2540/2540 2541/2541/2541 2542/2542/2542 
f 2543/2543/2543 2544/2544/2544 2545/2545/2545 
f 2544/2544/2544 2543/2543/2543 2560/2560/2560 
f 2546/2546/2546 2547/2547/2547 2548/2548/2548 
f 2547/2547/2547 2546/2546/2546 2550/2550/2550 
f 2549/2549/2549 2550/2550/2550 2546/2546/2546 
f 2550/2550/2550 2549/2549/2549 2575/2575/2575 
f 2551/2551/2551 2552/2552/2552 2553/2553/2553 
f 2554/2554/2554 2555/2555/2555 2556/2556/2556 
f 2557/2557/2557 2558/2558/2558 2559/2559/2559 
f 2558/2558/2558 2557/2557/2557 2626/2626/2626 
f 2561/2561/2561 2562/2562/2562 2563/2563/2563 
f 2562/2562/2562 2561/2561/2561 2565/2565/2565 
f 2564/2564/2564 2565/2565/2565 2561/2561/2561 
f 2565/2565/2565 2564/2564/2564 2594/2594/2594 
f 2566/2566/2566 2567/2567/2567 2568/2568/2568 
f 2587/2587/2587 2566/2566/2566 2568/2568/2568 
f 2572/2572/2572 2573/2573/2573 2574/2574/2574 
f 2593/2593/2593 2572/2572/2572 2574/2574/2574 
f 2589/2589/2589 2590/2590/2590 2591/2591/2591 
f 2589/2589/2589 2592/2592/2592 2590/2590/2590 
f 2851/2851/2851 2592/2592/2592 2589/2589/2589 
f 2851/2851/2851 2853/2853/2853 2592/2592/2592 
f 2619/2619/2619 2620/2620/2620 2621/2621/2621 
f 2619/2619/2619 2621/2621/2621 2668/2668/2668 
f 2852/2852/2852 2620/2620/2620 2619/2619/2619 
f 2852/2852/2852 2854/2854/2854 2620/2620/2620 
f 2623/2623/2623 2624/2624/2624 2625/2625/2625 
f 2627/2627/2627 2628/2628/2628 2629/2629/2629 
f 2665/2665/2665 2627/2627/2627 2629/2629/2629 
f 2639/2639/2639 2640/2640/2640 2641/2641/2641 
f 2666/2666/2666 2639/2639/2639 2641/2641/2641 
f 3166/3166/3166 3167/3167/3167 3168/3168/3168 
f 3167/3167/3167 3166/3166/3166 3234/3234/3234 
f 3170/3170/3170 3171/3171/3171 3172/3172/3172 
f 3173/3173/3173 3174/3174/3174 3175/3175/3175 
f 3183/3183/3183 3184/3184/3184 3185/3185/3185 
f 3212/3212/3212 3184/3184/3184 3183/3183/3183 
f 3209/3209/3209 3210/3210/3210 3211/3211/3211 
f 3213/3213/3213 3214/3214/3214 3215/3215/3215 
f 3214/3214/3214 3213/3213/3213 3233/3233/3233 
f 3233/3233/3233 3536/3536/3536 3214/3214/3214 
f 3536/3536/3536 3233/3233/3233 3538/3538/3538 
f 3235/3235/3235 3236/3236/3236 3237/3237/3237 
f 3238/3238/3238 3239/3239/3239 3240/3240/3240 
f 3238/3238/3238 3279/3279/3279 3239/3239/3239 
f 3241/3241/3241 3238/3238/3238 3240/3240/3240 
f 3241/3241/3241 3240/3240/3240 3242/3242/3242 
f 3243/3243/3243 3244/3244/3244 3245/3245/3245 
f 3244/3244/3244 3243/3243/3243 3246/3246/3246 
f 3247/3247/3247 3248/3248/3248 3249/3249/3249 
f 3250/3250/3250 3251/3251/3251 3252/3252/3252 
f 3253/3253/3253 3254/3254/3254 3255/3255/3255 
f 3253/3253/3253 3278/3278/3278 3254/3254/3254 
f 3256/3256/3256 3253/3253/3253 3255/3255/3255 
f 3256/3256/3256 3255/3255/3255 3257/3257/3257 
f 3258/3258/3258 3259/3259/3259 3258/3258/3258 
f 3269/3269/3269 3270/3270/3270 3271/3271/3271 
f 3283/3283/3283 3270/3270/3270 3269/3269/3269 
f 3275/3275/3275 3276/3276/3276 3277/3277/3277 
f 3284/3284/3284 3285/3285/3285 3286/3286/3286 
f 3288/3288/3288 3289/3289/3289 3290/3290/3290 
f 3289/3289/3289 3288/3288/3288 3291/3291/3291 
f 3291/3291/3291 3537/3537/3537 3289/3289/3289 
f 3537/3537/3537 3291/3291/3291 3539/3539/3539 
f 2869/2869/2869 2870/2870/2870 2871/2871/2871 
f 2870/2870/2870 2869/2869/2869 2889/2889/2889 
f 2890/2890/2890 2891/2891/2891 2892/2892/2892 
f 2891/2891/2891 2890/2890/2890 2905/2905/2905 
f 2909/2909/2909 2910/2910/2910 2911/2911/2911 
f 2912/2912/2912 2913/2913/2913 2914/2914/2914 
f 2920/2920/2920 2921/2921/2921 2922/2922/2922 
f 2923/2923/2923 2921/2921/2921 2920/2920/2920 
f 2920/2920/2920 2922/2922/2922 3461/3461/3461 
f 3462/3462/3462 2920/2920/2920 3461/3461/3461 
f 2928/2928/2928 2929/2929/2929 2930/2930/2930 
f 2962/2962/2962 2929/2929/2929 2928/2928/2928 
f 2928/2928/2928 2930/2930/2930 3482/3482/3482 
f 3482/3482/3482 3503/3503/3503 2928/2928/2928 
f 2963/2963/2963 2964/2964/2964 2965/2965/2965 
f 2966/2966/2966 2963/2963/2963 2965/2965/2965 
f 2966/2966/2966 2965/2965/2965 3504/3504/3504 
f 3504/3504/3504 2965/2965/2965 3505/3505/3505 
f 3470/3470/3470 3471/3471/3471 3472/3472/3472 
f 3473/3473/3473 3474/3474/3474 3475/3475/3475 
f 3545/3545/3545 3546/3546/3546 3547/3547/3547 
f 3545/3545/3545 3563/3563/3563 3546/3546/3546 
f 3573/3573/3573 3574/3574/3574 3575/3575/3575 
f 3575/3575/3575 3574/3574/3574 3576/3576/3576 
f 2949/2949/2949 2950/2950/2950 2951/2951/2951 
f 2950/2950/2950 2949/2949/2949 2957/2957/2957 
f 3499/3499/3499 3500/3500/3500 3501/3501/3501 
f 3499/3499/3499 3511/3511/3511 3500/3500/3500 
f 2881/2881/2881 2882/2882/2882 2883/2883/2883 
f 2881/2881/2881 2884/2884/2884 2882/2882/2882 
f 3548/3548/3548 3549/3549/3549 3550/3550/3550 
f 3550/3550/3550 3549/3549/3549 3551/3551/3551 
f 2631/2631/2631 2632/2632/2632 2633/2633/2633 
f 2632/2632/2632 2631/2631/2631 2634/2634/2634 
f 2635/2635/2635 2636/2636/2636 2637/2637/2637 
f 2636/2636/2636 2635/2635/2635 2638/2638/2638 
f 2670/2670/2670 2671/2671/2671 2672/2672/2672 
f 2671/2671/2671 2670/2670/2670 2673/2673/2673 
f 2674/2674/2674 2675/2675/2675 2676/2676/2676 
f 2675/2675/2675 2674/2674/2674 2857/2857/2857 
f 2858/2858/2858 2859/2859/2859 2860/2860/2860 
f 2859/2859/2859 2858/2858/2858 2880/2880/2880 
f 2886/2886/2886 2887/2887/2887 2888/2888/2888 
f 2886/2886/2886 2888/2888/2888 2915/2915/2915 
f 2917/2917/2917 2918/2918/2918 2919/2919/2919 
f 2917/2917/2917 2919/2919/2919 2924/2924/2924 
f 3156/3156/3156 3157/3157/3157 3158/3158/3158 
f 3159/3159/3159 3157/3157/3157 3156/3156/3156 
f 3160/3160/3160 3161/3161/3161 3162/3162/3162 
f 3163/3163/3163 3161/3161/3161 3160/3160/3160 
f 3198/3198/3198 3199/3199/3199 3200/3200/3200 
f 3201/3201/3201 3199/3199/3199 3198/3198/3198 
f 3202/3202/3202 3203/3203/3203 3204/3204/3204 
f 3528/3528/3528 3203/3203/3203 3202/3202/3202 
f 3463/3463/3463 3464/3464/3464 3465/3465/3465 
f 3464/3464/3464 3463/3463/3463 3469/3469/3469 
f 3476/3476/3476 3477/3477/3477 3478/3478/3478 
f 3477/3477/3477 3476/3476/3476 3555/3555/3555 
f 3529/3529/3529 3530/3530/3530 3531/3531/3531 
f 3556/3556/3556 3530/3530/3530 3529/3529/3529 
f 2906/2906/2906 2907/2907/2907 2908/2908/2908 
f 2906/2906/2906 2908/2908/2908 2916/2916/2916 
f 2925/2925/2925 2926/2926/2926 2927/2927/2927 
f 2925/2925/2925 2955/2955/2955 2926/2926/2926 
f 3466/3466/3466 3467/3467/3467 3468/3468/3468 
f 3467/3467/3467 3466/3466/3466 3506/3506/3506 
f 3479/3479/3479 3480/3480/3480 3481/3481/3481 
f 3480/3480/3480 3479/3479/3479 3526/3526/3526 
f 2873/2873/2873 2874/2874/2874 2875/2875/2875 
f 2873/2873/2873 2885/2885/2885 2874/2874/2874 
f 3552/3552/3552 3553/3553/3553 3554/3554/3554 
f 3558/3558/3558 3553/3553/3553 3552/3552/3552 
f 2491/2491/2491 2492/2492/2492 2493/2493/2493 
f 2492/2492/2492 2491/2491/2491 2498/2498/2498 
f 2494/2494/2494 2495/2495/2495 2496/2496/2496 
f 2495/2495/2495 2494/2494/2494 2526/2526/2526 
f 2527/2527/2527 2528/2528/2528 2529/2529/2529 
f 2528/2528/2528 2527/2527/2527 2539/2539/2539 
f 2677/2677/2677 2678/2678/2678 2679/2679/2679 
f 2678/2678/2678 2677/2677/2677 2856/2856/2856 
f 2861/2861/2861 2862/2862/2862 2863/2863/2863 
f 2862/2862/2862 2861/2861/2861 2872/2872/2872 
f 2952/2952/2952 2953/2953/2953 2954/2954/2954 
f 2952/2952/2952 2956/2956/2956 2953/2953/2953 
f 2958/2958/2958 2959/2959/2959 2960/2960/2960 
f 2958/2958/2958 2960/2960/2960 2961/2961/2961 
f 3027/3027/3027 3028/3028/3028 3029/3029/3029 
f 3029/3029/3029 3028/3028/3028 3164/3164/3164 
f 3033/3033/3033 3034/3034/3034 3035/3035/3035 
f 3039/3039/3039 3034/3034/3034 3033/3033/3033 
f 3073/3073/3073 3074/3074/3074 3075/3075/3075 
f 3075/3075/3075 3074/3074/3074 3155/3155/3155 
f 3205/3205/3205 3206/3206/3206 3207/3207/3207 
f 3527/3527/3527 3206/3206/3206 3205/3205/3205 
f 3458/3458/3458 3459/3459/3459 3460/3460/3460 
f 3459/3459/3459 3458/3458/3458 3502/3502/3502 
f 3507/3507/3507 3508/3508/3508 3509/3509/3509 
f 3508/3508/3508 3507/3507/3507 3510/3510/3510 
f 3532/3532/3532 3533/3533/3533 3534/3534/3534 
f 3557/3557/3557 3533/3533/3533 3532/3532/3532 
f 2766/2766/2766 2767/2767/2767 2768/2768/2768 
f 2766/2766/2766 2802/2802/2802 2767/2767/2767 
f 3346/3346/3346 3347/3347/3347 3348/3348/3348 
f 3447/3447/3447 3347/3347/3347 3346/3346/3346 
f 2499/2499/2499 2500/2500/2500 2501/2501/2501 
f 2500/2500/2500 2499/2499/2499 2502/2502/2502 
f 2503/2503/2503 2504/2504/2504 2505/2505/2505 
f 2504/2504/2504 2503/2503/2503 2534/2534/2534 
f 2531/2531/2531 2532/2532/2532 2533/2533/2533 
f 2532/2532/2532 2531/2531/2531 2535/2535/2535 
f 2536/2536/2536 2537/2537/2537 2538/2538/2538 
f 2537/2537/2537 2536/2536/2536 2730/2730/2730 
f 2731/2731/2731 2732/2732/2732 2733/2733/2733 
f 2732/2732/2732 2731/2731/2731 2737/2737/2737 
f 2799/2799/2799 2800/2800/2800 2801/2801/2801 
f 2799/2799/2799 2803/2803/2803 2800/2800/2800 
f 2808/2808/2808 2809/2809/2809 2810/2810/2810 
f 2808/2808/2808 2811/2811/2811 2809/2809/2809 
f 3017/3017/3017 3018/3018/3018 3019/3019/3019 
f 3020/3020/3020 3018/3018/3018 3017/3017/3017 
f 3021/3021/3021 3022/3022/3022 3023/3023/3023 
f 3040/3040/3040 3022/3022/3022 3021/3021/3021 
f 3063/3063/3063 3064/3064/3064 3065/3065/3065 
f 3066/3066/3066 3064/3064/3064 3063/3063/3063 
f 3067/3067/3067 3068/3068/3068 3069/3069/3069 
f 3410/3410/3410 3068/3068/3068 3067/3067/3067 
f 3334/3334/3334 3335/3335/3335 3336/3336/3336 
f 3335/3335/3335 3334/3334/3334 3337/3337/3337 
f 3342/3342/3342 3343/3343/3343 3344/3344/3344 
f 3343/3343/3343 3342/3342/3342 3345/3345/3345 
f 3411/3411/3411 3412/3412/3412 3413/3413/3413 
f 3455/3455/3455 3412/3412/3412 3411/3411/3411 
f 2876/2876/2876 2877/2877/2877 2878/2878/2878 
f 2877/2877/2877 2876/2876/2876 2879/2879/2879 
f 3559/3559/3559 3560/3560/3560 3561/3561/3561 
f 3560/3560/3560 3559/3559/3559 3562/3562/3562 
f 2413/2413/2413 2414/2414/2414 2415/2415/2415 
f 2414/2414/2414 2413/2413/2413 2622/2622/2622 
f 2419/2419/2419 2420/2420/2420 2421/2421/2421 
f 2420/2420/2420 2419/2419/2419 2630/2630/2630 
f 2458/2458/2458 2459/2459/2459 2460/2460/2460 
f 2459/2459/2459 2458/2458/2458 2667/2667/2667 
f 2464/2464/2464 2465/2465/2465 2466/2466/2466 
f 2465/2465/2465 2464/2464/2464 2669/2669/2669 
f 2848/2848/2848 2849/2849/2849 2850/2850/2850 
f 2849/2849/2849 2848/2848/2848 2855/2855/2855 
f 3103/3103/3103 3104/3104/3104 3105/3105/3105 
f 3103/3103/3103 3105/3105/3105 3165/3165/3165 
f 3107/3107/3107 3108/3108/3108 3109/3109/3109 
f 3107/3107/3107 3109/3109/3109 3169/3169/3169 
f 3142/3142/3142 3143/3143/3143 3144/3144/3144 
f 3142/3142/3142 3144/3144/3144 3208/3208/3208 
f 3146/3146/3146 3147/3147/3147 3148/3148/3148 
f 3146/3146/3146 3148/3148/3148 3216/3216/3216 
f 3423/3423/3423 3424/3424/3424 3425/3425/3425 
f 3423/3423/3423 3425/3425/3425 3535/3535/3535 
f 2804/2804/2804 2805/2805/2805 2806/2806/2806 
f 2804/2804/2804 2839/2839/2839 2805/2805/2805 
f 2812/2812/2812 2813/2813/2813 2814/2814/2814 
f 2812/2812/2812 2842/2842/2842 2813/2813/2813 
f 3339/3339/3339 3340/3340/3340 3341/3341/3341 
f 3340/3340/3340 3339/3339/3339 3377/3377/3377 
f 3350/3350/3350 3351/3351/3351 3352/3352/3352 
f 3351/3351/3351 3350/3350/3350 3383/3383/3383 
f 2836/2836/2836 2837/2837/2837 2838/2838/2838 
f 2836/2836/2836 2841/2841/2841 2837/2837/2837 
f 2843/2843/2843 2844/2844/2844 2845/2845/2845 
f 2843/2843/2843 2847/2847/2847 2844/2844/2844 
f 3374/3374/3374 3375/3375/3375 3376/3376/3376 
f 3375/3375/3375 3374/3374/3374 3379/3379/3379 
f 3380/3380/3380 3381/3381/3381 3382/3382/3382 
f 3381/3381/3381 3380/3380/3380 3385/3385/3385 
f 2759/2759/2759 2760/2760/2760 2761/2761/2761 
f 2760/2760/2760 2759/2759/2759 2773/2773/2773 
f 3448/3448/3448 3449/3449/3449 3450/3450/3450 
f 3449/3449/3449 3448/3448/3448 3456/3456/3456 
f 2410/2410/2410 2411/2411/2411 2412/2412/2412 
f 2411/2411/2411 2410/2410/2410 2490/2490/2490 
f 2416/2416/2416 2417/2417/2417 2418/2418/2418 
f 2417/2417/2417 2416/2416/2416 2497/2497/2497 
f 2461/2461/2461 2462/2462/2462 2463/2463/2463 
f 2462/2462/2462 2461/2461/2461 2530/2530/2530 
f 2467/2467/2467 2468/2468/2468 2469/2469/2469 
f 2468/2468/2468 2467/2467/2467 2525/2525/2525 
f 2721/2721/2721 2722/2722/2722 2723/2723/2723 
f 2722/2722/2722 2721/2721/2721 2728/2728/2728 
f 3030/3030/3030 3031/3031/3031 3032/3032/3032 
f 3032/3032/3032 3031/3031/3031 3102/3102/3102 
f 3036/3036/3036 3037/3037/3037 3038/3038/3038 
f 3038/3038/3038 3037/3037/3037 3106/3106/3106 
f 3076/3076/3076 3077/3077/3077 3078/3078/3078 
f 3079/3079/3079 3077/3077/3077 3076/3076/3076 
f 3080/3080/3080 3081/3081/3081 3082/3082/3082 
f 3082/3082/3082 3081/3081/3081 3145/3145/3145 
f 3417/3417/3417 3418/3418/3418 3419/3419/3419 
f 3427/3427/3427 3418/3418/3418 3417/3417/3417 
f 2482/2482/2482 2483/2483/2483 2484/2484/2484 
f 2483/2483/2483 2482/2482/2482 2489/2489/2489 
f 2486/2486/2486 2487/2487/2487 2488/2488/2488 
f 2487/2487/2487 2486/2486/2486 2519/2519/2519 
f 2515/2515/2515 2516/2516/2516 2517/2517/2517 
f 2516/2516/2516 2515/2515/2515 2521/2521/2521 
f 2522/2522/2522 2523/2523/2523 2524/2524/2524 
f 2523/2523/2523 2522/2522/2522 2729/2729/2729 
f 2734/2734/2734 2735/2735/2735 2736/2736/2736 
f 2735/2735/2735 2734/2734/2734 2758/2758/2758 
f 2769/2769/2769 2770/2770/2770 2771/2771/2771 
f 2770/2770/2770 2769/2769/2769 2772/2772/2772 
f 2778/2778/2778 2779/2779/2779 2780/2780/2780 
f 2778/2778/2778 2780/2780/2780 2785/2785/2785 
f 2796/2796/2796 2797/2797/2797 2798/2798/2798 
f 2796/2796/2796 2807/2807/2807 2797/2797/2797 
f 2997/2997/2997 2998/2998/2998 2999/2999/2999 
f 2999/2999/2999 2998/2998/2998 3016/3016/3016 
f 3024/3024/3024 3025/3025/3025 3026/3026/3026 
f 3042/3042/3042 3025/3025/3025 3024/3024/3024 
f 3043/3043/3043 3044/3044/3044 3045/3045/3045 
f 3062/3062/3062 3044/3044/3044 3043/3043/3043 
f 3070/3070/3070 3071/3071/3071 3072/3072/3072 
f 3409/3409/3409 3071/3071/3071 3070/3070/3070 
f 3321/3321/3321 3322/3322/3322 3323/3323/3323 
f 3322/3322/3322 3321/3321/3321 3446/3446/3446 
f 3324/3324/3324 3325/3325/3325 3326/3326/3326 
f 3325/3325/3325 3324/3324/3324 3349/3349/3349 
f 3331/3331/3331 3332/3332/3332 3333/3333/3333 
f 3332/3332/3332 3331/3331/3331 3338/3338/3338 
f 3414/3414/3414 3415/3415/3415 3416/3416/3416 
f 3454/3454/3454 3415/3415/3415 3414/3414/3414 
f 2762/2762/2762 2763/2763/2763 2764/2764/2764 
f 2762/2762/2762 2765/2765/2765 2763/2763/2763 
f 3451/3451/3451 3452/3452/3452 3453/3453/3453 
f 3457/3457/3457 3452/3452/3452 3451/3451/3451 
f 2401/2401/2401 2402/2402/2402 2403/2403/2403 
f 2402/2402/2402 2401/2401/2401 2404/2404/2404 
f 2405/2405/2405 2406/2406/2406 2407/2407/2407 
f 2406/2406/2406 2405/2405/2405 2409/2409/2409 
f 2449/2449/2449 2450/2450/2450 2451/2451/2451 
f 2450/2450/2450 2449/2449/2449 2452/2452/2452 
f 2453/2453/2453 2454/2454/2454 2455/2455/2455 
f 2454/2454/2454 2453/2453/2453 2457/2457/2457 
f 2724/2724/2724 2725/2725/2725 2726/2726/2726 
f 2725/2725/2725 2724/2724/2724 2727/2727/2727 
f 2782/2782/2782 2783/2783/2783 2784/2784/2784 
f 2782/2782/2782 2819/2819/2819 2783/2783/2783 
f 2790/2790/2790 2791/2791/2791 2792/2792/2792 
f 2790/2790/2790 2835/2835/2835 2791/2791/2791 
f 3110/3110/3110 3111/3111/3111 3112/3112/3112 
f 3110/3110/3110 3112/3112/3112 3117/3117/3117 
f 3113/3113/3113 3114/3114/3114 3115/3115/3115 
f 3113/3113/3113 3116/3116/3116 3114/3114/3114 
f 3139/3139/3139 3140/3140/3140 3141/3141/3141 
f 3139/3139/3139 3141/3141/3141 3152/3152/3152 
f 3149/3149/3149 3150/3150/3150 3151/3151/3151 
f 3149/3149/3149 3151/3151/3151 3153/3153/3153 
f 3312/3312/3312 3313/3313/3313 3314/3314/3314 
f 3313/3313/3313 3312/3312/3312 3364/3364/3364 
f 3328/3328/3328 3329/3329/3329 3330/3330/3330 
f 3329/3329/3329 3328/3328/3328 3373/3373/3373 
f 3420/3420/3420 3421/3421/3421 3422/3422/3422 
f 3420/3420/3420 3426/3426/3426 3421/3421/3421 
f 2824/2824/2824 2825/2825/2825 2826/2826/2826 
f 2824/2824/2824 2840/2840/2840 2825/2825/2825 
f 2828/2828/2828 2829/2829/2829 2830/2830/2830 
f 2828/2828/2828 2846/2846/2846 2829/2829/2829 
f 3357/3357/3357 3358/3358/3358 3359/3359/3359 
f 3358/3358/3358 3357/3357/3357 3378/3378/3378 
f 3366/3366/3366 3367/3367/3367 3368/3368/3368 
f 3367/3367/3367 3366/3366/3366 3384/3384/3384 
f 2391/2391/2391 2392/2392/2392 2393/2393/2393 
f 2392/2392/2392 2391/2391/2391 2471/2471/2471 
f 2394/2394/2394 2395/2395/2395 2396/2396/2396 
f 2395/2395/2395 2394/2394/2394 2506/2506/2506 
f 2422/2422/2422 2423/2423/2423 2424/2424/2424 
f 2423/2423/2423 2422/2422/2422 2511/2511/2511 
f 2442/2442/2442 2443/2443/2443 2444/2444/2444 
f 2443/2443/2443 2442/2442/2442 2712/2712/2712 
f 2716/2716/2716 2717/2717/2717 2718/2718/2718 
f 2717/2717/2717 2716/2716/2716 2719/2719/2719 
f 2739/2739/2739 2740/2740/2740 2741/2741/2741 
f 2739/2739/2739 2752/2752/2752 2740/2740/2740 
f 3006/3006/3006 3007/3007/3007 3008/3008/3008 
f 3008/3008/3008 3007/3007/3007 3009/3009/3009 
f 3013/3013/3013 3014/3014/3014 3015/3015/3015 
f 3015/3015/3015 3014/3014/3014 3088/3088/3088 
f 3053/3053/3053 3054/3054/3054 3055/3055/3055 
f 3055/3055/3055 3054/3054/3054 3118/3118/3118 
f 3124/3124/3124 3125/3125/3125 3126/3126/3126 
f 3307/3307/3307 3125/3125/3125 3124/3124/3124 
f 3396/3396/3396 3397/3397/3397 3398/3398/3398 
f 3398/3398/3398 3397/3397/3397 3403/3403/3403 
f 3429/3429/3429 3430/3430/3430 3431/3431/3431 
f 3442/3442/3442 3430/3430/3430 3429/3429/3429 
f 2476/2476/2476 2477/2477/2477 2478/2478/2478 
f 2477/2477/2477 2476/2476/2476 2518/2518/2518 
f 2479/2479/2479 2480/2480/2480 2481/2481/2481 
f 2480/2480/2480 2479/2479/2479 2485/2485/2485 
f 2508/2508/2508 2509/2509/2509 2510/2510/2510 
f 2509/2509/2509 2508/2508/2508 2520/2520/2520 
f 2512/2512/2512 2513/2513/2513 2514/2514/2514 
f 2513/2513/2513 2512/2512/2512 2711/2711/2711 
f 2713/2713/2713 2714/2714/2714 2715/2715/2715 
f 2714/2714/2714 2713/2713/2713 2738/2738/2738 
f 2775/2775/2775 2776/2776/2776 2777/2777/2777 
f 2775/2775/2775 2781/2781/2781 2776/2776/2776 
f 2786/2786/2786 2787/2787/2787 2788/2788/2788 
f 2786/2786/2786 2789/2789/2789 2787/2787/2787 
f 2993/2993/2993 2994/2994/2994 2995/2995/2995 
f 2996/2996/2996 2994/2994/2994 2993/2993/2993 
f 3000/3000/3000 3001/3001/3001 3002/3002/3002 
f 3041/3041/3041 3001/3001/3001 3000/3000/3000 
f 3046/3046/3046 3047/3047/3047 3048/3048/3048 
f 3048/3048/3048 3047/3047/3047 3049/3049/3049 
f 3056/3056/3056 3057/3057/3057 3058/3058/3058 
f 3389/3389/3389 3057/3057/3057 3056/3056/3056 
f 3308/3308/3308 3309/3309/3309 3310/3310/3310 
f 3309/3309/3309 3308/3308/3308 3311/3311/3311 
f 3318/3318/3318 3319/3319/3319 3320/3320/3320 
f 3319/3319/3319 3318/3318/3318 3327/3327/3327 
f 3390/3390/3390 3391/3391/3391 3392/3392/3392 
f 3441/3441/3441 3391/3391/3391 3390/3390/3390 
f 2385/2385/2385 2386/2386/2386 2387/2387/2387 
f 2386/2386/2386 2385/2385/2385 2400/2400/2400 
f 2397/2397/2397 2398/2398/2398 2399/2399/2399 
f 2398/2398/2398 2397/2397/2397 2408/2408/2408 
f 2433/2433/2433 2434/2434/2434 2435/2435/2435 
f 2434/2434/2434 2433/2433/2433 2448/2448/2448 
f 2445/2445/2445 2446/2446/2446 2447/2447/2447 
f 2446/2446/2446 2445/2445/2445 2456/2456/2456 
f 2707/2707/2707 2708/2708/2708 2709/2709/2709 
f 2708/2708/2708 2707/2707/2707 2720/2720/2720 
f 2749/2749/2749 2750/2750/2750 2751/2751/2751 
f 2750/2750/2750 2749/2749/2749 2774/2774/2774 
f 3386/3386/3386 3387/3387/3387 3388/3388/3388 
f 3387/3387/3387 3386/3386/3386 3428/3428/3428 
f 2754/2754/2754 2755/2755/2755 2756/2756/2756 
f 2754/2754/2754 2756/2756/2756 2757/2757/2757 
f 3085/3085/3085 3086/3086/3086 3087/3087/3087 
f 3085/3085/3085 3087/3087/3087 3096/3096/3096 
f 3089/3089/3089 3090/3090/3090 3091/3091/3091 
f 3089/3089/3089 3091/3091/3091 3101/3101/3101 
f 3120/3120/3120 3121/3121/3121 3122/3122/3122 
f 3120/3120/3120 3122/3122/3122 3138/3138/3138 
f 3127/3127/3127 3128/3128/3128 3129/3129/3129 
f 3127/3127/3127 3129/3129/3129 3154/3154/3154 
f 3404/3404/3404 3405/3405/3405 3406/3406/3406 
f 3404/3404/3404 3406/3406/3406 3408/3408/3408 
f 3435/3435/3435 3436/3436/3436 3437/3437/3437 
f 3445/3445/3445 3436/3436/3436 3435/3435/3435 
f 2793/2793/2793 2794/2794/2794 2795/2795/2795 
f 2793/2793/2793 2827/2827/2827 2794/2794/2794 
f 2815/2815/2815 2816/2816/2816 2817/2817/2817 
f 2815/2815/2815 2818/2818/2818 2816/2816/2816 
f 3315/3315/3315 3316/3316/3316 3317/3317/3317 
f 3316/3316/3316 3315/3315/3315 3356/3356/3356 
f 3353/3353/3353 3354/3354/3354 3355/3355/3355 
f 3354/3354/3354 3353/3353/3353 3365/3365/3365 
f 2820/2820/2820 2821/2821/2821 2822/2822/2822 
f 2820/2820/2820 2823/2823/2823 2821/2821/2821 
f 2831/2831/2831 2832/2832/2832 2833/2833/2833 
f 2831/2831/2831 2834/2834/2834 2832/2832/2832 
f 3360/3360/3360 3361/3361/3361 3362/3362/3362 
f 3361/3361/3361 3360/3360/3360 3363/3363/3363 
f 3369/3369/3369 3370/3370/3370 3371/3371/3371 
f 3370/3370/3370 3369/3369/3369 3372/3372/3372 
f 2388/2388/2388 2389/2389/2389 2390/2390/2390 
f 2389/2389/2389 2388/2388/2388 2470/2470/2470 
f 2436/2436/2436 2437/2437/2437 2438/2438/2438 
f 2437/2437/2437 2436/2436/2436 2507/2507/2507 
f 2439/2439/2439 2440/2440/2440 2441/2441/2441 
f 2440/2440/2440 2439/2439/2439 2699/2699/2699 
f 2472/2472/2472 2473/2473/2473 2474/2474/2474 
f 2473/2473/2473 2472/2472/2472 2475/2475/2475 
f 2700/2700/2700 2701/2701/2701 2702/2702/2702 
f 2701/2701/2701 2700/2700/2700 2710/2710/2710 
f 3003/3003/3003 3004/3004/3004 3005/3005/3005 
f 3005/3005/3005 3004/3004/3004 3083/3083/3083 
f 3010/3010/3010 3011/3011/3011 3012/3012/3012 
f 3012/3012/3012 3011/3011/3011 3084/3084/3084 
f 3050/3050/3050 3051/3051/3051 3052/3052/3052 
f 3052/3052/3052 3051/3051/3051 3119/3119/3119 
f 3059/3059/3059 3060/3060/3060 3061/3061/3061 
f 3061/3061/3061 3060/3060/3060 3123/3123/3123 
f 3393/3393/3393 3394/3394/3394 3395/3395/3395 
f 3395/3395/3395 3394/3394/3394 3399/3399/3399 
f 2742/2742/2742 2743/2743/2743 2744/2744/2744 
f 2742/2742/2742 2753/2753/2753 2743/2743/2743 
f 3432/3432/3432 3433/3433/3433 3434/3434/3434 
f 3443/3443/3443 3433/3433/3433 3432/3432/3432 
f 2377/2377/2377 2378/2378/2378 2379/2379/2379 
f 2378/2378/2378 2377/2377/2377 2380/2380/2380 
f 2381/2381/2381 2382/2382/2382 2383/2383/2383 
f 2382/2382/2382 2381/2381/2381 2384/2384/2384 
f 2425/2425/2425 2426/2426/2426 2427/2427/2427 
f 2426/2426/2426 2425/2425/2425 2428/2428/2428 
f 2429/2429/2429 2430/2430/2430 2431/2431/2431 
f 2430/2430/2430 2429/2429/2429 2432/2432/2432 
f 2703/2703/2703 2704/2704/2704 2705/2705/2705 
f 2704/2704/2704 2703/2703/2703 2706/2706/2706 
f 3092/3092/3092 3093/3093/3093 3094/3094/3094 
f 3092/3092/3092 3094/3094/3094 3095/3095/3095 
f 3097/3097/3097 3098/3098/3098 3099/3099/3099 
f 3097/3097/3097 3100/3100/3100 3098/3098/3098 
f 3130/3130/3130 3131/3131/3131 3132/3132/3132 
f 3130/3130/3130 3132/3132/3132 3133/3133/3133 
f 3134/3134/3134 3135/3135/3135 3136/3136/3136 
f 3134/3134/3134 3137/3137/3137 3135/3135/3135 
f 3400/3400/3400 3401/3401/3401 3402/3402/3402 
f 3400/3400/3400 3407/3407/3407 3401/3401/3401 
f 2745/2745/2745 2746/2746/2746 2747/2747/2747 
f 2745/2745/2745 2748/2748/2748 2746/2746/2746 
f 3438/3438/3438 3439/3439/3439 3440/3440/3440 
f 3444/3444/3444 3439/3439/3439 3438/3438/3438 
f 3771/3771/3771 3772/3772/3772 3773/3773/3773 
f 3772/3772/3772 3771/3771/3771 3804/3804/3804 
f 3783/3783/3783 3784/3784/3784 3785/3785/3785 
f 3784/3784/3784 3783/3783/3783 3809/3809/3809 
f 3806/3806/3806 3807/3807/3807 3808/3808/3808 
f 3807/3807/3807 3806/3806/3806 4038/4038/4038 
f 3762/3762/3762 3763/3763/3763 3764/3764/3764 
f 3763/3763/3763 3762/3762/3762 3803/3803/3803 
f 3765/3765/3765 3766/3766/3766 3767/3767/3767 
f 3766/3766/3766 3765/3765/3765 3805/3805/3805 
f 3736/3736/3736 3737/3737/3737 3738/3738/3738 
f 3737/3737/3737 3736/3736/3736 3739/3739/3739 
f 3740/3740/3740 3741/3741/3741 3742/3742/3742 
f 3759/3759/3759 3760/3760/3760 3761/3761/3761 
f 3787/3787/3787 3788/3788/3788 3789/3789/3789 
f 3787/3787/3787 3790/3790/3790 3788/3788/3788 
f 4037/4037/4037 3790/3790/3790 3787/3787/3787 
f 4037/4037/4037 4039/4039/4039 3790/3790/3790 
f 3743/3743/3743 3744/3744/3744 3745/3745/3745 
f 3786/3786/3786 3744/3744/3744 3743/3743/3743 
f 3768/3768/3768 3769/3769/3769 3770/3770/3770 
f 3770/3770/3770 3802/3802/3802 3768/3768/3768 
f 3774/3774/3774 3775/3775/3775 3776/3776/3776 
f 3775/3775/3775 3774/3774/3774 3811/3811/3811 
f 3777/3777/3777 3778/3778/3778 3779/3779/3779 
f 3778/3778/3778 3777/3777/3777 3812/3812/3812 
f 3746/3746/3746 3747/3747/3747 3748/3748/3748 
f 3747/3747/3747 3746/3746/3746 3749/3749/3749 
f 3750/3750/3750 3751/3751/3751 3752/3752/3752 
f 3756/3756/3756 3757/3757/3757 3758/3758/3758 
f 3791/3791/3791 3792/3792/3792 3793/3793/3793 
f 3791/3791/3791 3793/3793/3793 3794/3794/3794 
f 4040/4040/4040 3792/3792/3792 3791/3791/3791 
f 4040/4040/4040 4041/4041/4041 3792/3792/3792 
f 3753/3753/3753 3754/3754/3754 3755/3755/3755 
f 3795/3795/3795 3754/3754/3754 3753/3753/3753 
f 3780/3780/3780 3781/3781/3781 3782/3782/3782 
f 3782/3782/3782 3810/3810/3810 3780/3780/3780 
f 4144/4144/4144 4145/4145/4145 4146/4146/4146 
f 4144/4144/4144 4147/4147/4147 4145/4145/4145 
f 3864/3864/3864 3865/3865/3865 3866/3866/3866 
f 3864/3864/3864 3867/3867/3867 3865/3865/3865 
f 4115/4115/4115 4116/4116/4116 4117/4117/4117 
f 4115/4115/4115 4118/4118/4118 4116/4116/4116 
f 3943/3943/3943 3944/3944/3944 3945/3945/3945 
f 3946/3946/3946 3944/3944/3944 3943/3943/3943 
f 3947/3947/3947 3948/3948/3948 3949/3949/3949 
f 3964/3964/3964 3947/3947/3947 3949/3949/3949 
f 3966/3966/3966 3967/3967/3967 3968/3968/3968 
f 4059/4059/4059 3966/3966/3966 3968/3968/3968 
f 4060/4060/4060 4061/4061/4061 4062/4062/4062 
f 3662/3662/3662 3663/3663/3663 3664/3664/3664 
f 3663/3663/3663 3662/3662/3662 3666/3666/3666 
f 3667/3667/3667 3668/3668/3668 3669/3669/3669 
f 3668/3668/3668 3667/3667/3667 3677/3677/3677 
f 3670/3670/3670 3671/3671/3671 3672/3672/3672 
f 3691/3691/3691 3671/3671/3671 3670/3670/3670 
f 3673/3673/3673 3674/3674/3674 3675/3675/3675 
f 3675/3675/3675 3674/3674/3674 3681/3681/3681 
f 3678/3678/3678 3679/3679/3679 3680/3680/3680 
f 3679/3679/3679 3678/3678/3678 3686/3686/3686 
f 3683/3683/3683 3684/3684/3684 3685/3685/3685 
f 3685/3685/3685 3684/3684/3684 3690/3690/3690 
f 3687/3687/3687 3688/3688/3688 3689/3689/3689 
f 3689/3689/3689 3688/3688/3688 3825/3825/3825 
f 3700/3700/3700 3701/3701/3701 3702/3702/3702 
f 3702/3702/3702 3701/3701/3701 3703/3703/3703 
f 3704/3704/3704 3705/3705/3705 3706/3706/3706 
f 3706/3706/3706 3705/3705/3705 3710/3710/3710 
f 3707/3707/3707 3708/3708/3708 3709/3709/3709 
f 3879/3879/3879 3708/3708/3708 3707/3707/3707 
f 3711/3711/3711 3712/3712/3712 3713/3713/3713 
f 3713/3713/3713 3712/3712/3712 3714/3714/3714 
f 3715/3715/3715 3716/3716/3716 3717/3717/3717 
f 3880/3880/3880 3716/3716/3716 3715/3715/3715 
f 3721/3721/3721 3722/3722/3722 3723/3723/3723 
f 3898/3898/3898 3722/3722/3722 3721/3721/3721 
f 3724/3724/3724 3725/3725/3725 3726/3726/3726 
f 3725/3725/3725 3724/3724/3724 3826/3826/3826 
f 3727/3727/3727 3728/3728/3728 3729/3729/3729 
f 3728/3728/3728 3727/3727/3727 3858/3858/3858 
f 3859/3859/3859 3860/3860/3860 3861/3861/3861 
f 3860/3860/3860 3859/3859/3859 4031/4031/4031 
f 3881/3881/3881 3882/3882/3882 3883/3883/3883 
f 3904/3904/3904 3882/3882/3882 3881/3881/3881 
f 3899/3899/3899 3900/3900/3900 3901/3901/3901 
f 3905/3905/3905 3900/3900/3900 3899/3899/3899 
f 3923/3923/3923 3924/3924/3924 3925/3925/3925 
f 3925/3925/3925 3924/3924/3924 4032/4032/4032 
f 4033/4033/4033 4034/4034/4034 4035/4035/4035 
f 4034/4034/4034 4033/4033/4033 4036/4036/4036 
f 4063/4063/4063 4064/4064/4064 4065/4065/4065 
f 4063/4063/4063 4065/4065/4065 4073/4073/4073 
f 3656/3656/3656 3657/3657/3657 3658/3658/3658 
f 3658/3658/3658 3657/3657/3657 3852/3852/3852 
f 3730/3730/3730 3731/3731/3731 3732/3732/3732 
f 3732/3732/3732 3731/3731/3731 3851/3851/3851 
f 3732/3732/3732 3851/3851/3851 3850/3850/3850 
f 3850/3850/3850 3851/3851/3851 3829/3829/3829 
f 3850/3850/3850 3829/3829/3829 3828/3828/3828 
f 3828/3828/3828 3829/3829/3829 3830/3830/3830 
f 3828/3828/3828 3830/3830/3830 3839/3839/3839 
f 3839/3839/3839 3830/3830/3830 3838/3838/3838 
f 3839/3839/3839 3838/3838/3838 3837/3837/3837 
f 3837/3837/3837 3838/3838/3838 3832/3832/3832 
f 3837/3837/3837 3832/3832/3832 3831/3831/3831 
f 3831/3831/3831 3832/3832/3832 3833/3833/3833 
f 3733/3733/3733 3734/3734/3734 3735/3735/3735 
f 3735/3735/3735 3734/3734/3734 3827/3827/3827 
f 3820/3820/3820 3821/3821/3821 3822/3822/3822 
f 3822/3822/3822 3821/3821/3821 3824/3824/3824 
f 3834/3834/3834 3835/3835/3835 3836/3836/3836 
f 3862/3862/3862 3835/3835/3835 3834/3834/3834 
f 3854/3854/3854 3855/3855/3855 3856/3856/3856 
f 4023/4023/4023 3855/3855/3855 3854/3854/3854 
f 4027/4027/4027 4028/4028/4028 4029/4029/4029 
f 4029/4029/4029 4028/4028/4028 4030/4030/4030 
f 3972/3972/3972 3973/3973/3973 3974/3974/3974 
f 3972/3972/3972 3974/3974/3974 4058/4058/4058 
f 3612/3612/3612 3613/3613/3613 3614/3614/3614 
f 3614/3614/3614 3613/3613/3613 3659/3659/3659 
f 3616/3616/3616 3617/3617/3617 3618/3618/3618 
f 3618/3618/3618 3617/3617/3617 3682/3682/3682 
f 3652/3652/3652 3653/3653/3653 3654/3654/3654 
f 3655/3655/3655 3653/3653/3653 3652/3652/3652 
f 3718/3718/3718 3719/3719/3719 3720/3720/3720 
f 3869/3869/3869 3719/3719/3719 3718/3718/3718 
f 3892/3892/3892 3893/3893/3893 3894/3894/3894 
f 3894/3894/3894 3893/3893/3893 3902/3902/3902 
f 3840/3840/3840 3841/3841/3841 3842/3842/3842 
f 3863/3863/3863 3841/3841/3841 3840/3840/3840 
f 3843/3843/3843 3844/3844/3844 3845/3845/3845 
f 3844/3844/3844 3843/3843/3843 3846/3846/3846 
f 4043/4043/4043 4044/4044/4044 4045/4045/4045 
f 4044/4044/4044 4043/4043/4043 4046/4046/4046 
f 4074/4074/4074 4075/4075/4075 4076/4076/4076 
f 4077/4077/4077 4076/4076/4076 4075/4075/4075 
f 4084/4084/4084 4077/4077/4077 4075/4075/4075 
f 4077/4077/4077 4084/4084/4084 4079/4079/4079 
f 4084/4084/4084 4080/4080/4080 4079/4079/4079 
f 4078/4078/4078 4079/4079/4079 4080/4080/4080 
f 4081/4081/4081 4082/4082/4082 4083/4083/4083 
f 4138/4138/4138 4082/4082/4082 4081/4081/4081 
f 4085/4085/4085 4086/4086/4086 4087/4087/4087 
f 4086/4086/4086 4085/4085/4085 4139/4139/4139 
f 4108/4108/4108 4109/4109/4109 4110/4110/4110 
f 4137/4137/4137 4109/4109/4109 4108/4108/4108 
f 4111/4111/4111 4112/4112/4112 4113/4113/4113 
f 4112/4112/4112 4111/4111/4111 4125/4125/4125 
f 4126/4126/4126 4127/4127/4127 4128/4128/4128 
f 4133/4133/4133 4128/4128/4128 4127/4127/4127 
f 4129/4129/4129 4130/4130/4130 4131/4131/4131 
f 4130/4130/4130 4129/4129/4129 4132/4132/4132 
f 3920/3920/3920 3921/3921/3921 3922/3922/3922 
f 3594/3594/3594 3595/3595/3595 3596/3596/3596 
f 3596/3596/3596 3595/3595/3595 3661/3661/3661 
f 3619/3619/3619 3620/3620/3620 3621/3621/3621 
f 3621/3621/3621 3620/3620/3620 3676/3676/3676 
f 3639/3639/3639 3640/3640/3640 3641/3641/3641 
f 3641/3641/3641 3640/3640/3640 3693/3693/3693 
f 3697/3697/3697 3698/3698/3698 3699/3699/3699 
f 3884/3884/3884 3698/3698/3698 3697/3697/3697 
f 3895/3895/3895 3896/3896/3896 3897/3897/3897 
f 3903/3903/3903 3896/3896/3896 3895/3895/3895 
f 3847/3847/3847 3848/3848/3848 3849/3849/3849 
f 3868/3868/3868 3847/3847/3847 3849/3849/3849 
f 3591/3591/3591 3592/3592/3592 3593/3593/3593 
f 3593/3593/3593 3592/3592/3592 3660/3660/3660 
f 3597/3597/3597 3598/3598/3598 3599/3599/3599 
f 3599/3599/3599 3598/3598/3598 3665/3665/3665 
f 3636/3636/3636 3637/3637/3637 3638/3638/3638 
f 3638/3638/3638 3637/3637/3637 3692/3692/3692 
f 3694/3694/3694 3695/3695/3695 3696/3696/3696 
f 3870/3870/3870 3695/3695/3695 3694/3694/3694 
f 3875/3875/3875 3876/3876/3876 3877/3877/3877 
f 3877/3877/3877 3876/3876/3876 3878/3878/3878 
f 4105/4105/4105 4106/4106/4106 4107/4107/4107 
f 4114/4114/4114 4105/4105/4105 4107/4107/4107 
f 4066/4066/4066 4067/4067/4067 4068/4068/4068 
f 3796/3796/3796 3797/3797/3797 3798/3798/3798 
f 3798/3798/3798 3797/3797/3797 3853/3853/3853 
f 3799/3799/3799 3800/3800/3800 3801/3801/3801 
f 3801/3801/3801 3800/3800/3800 3857/3857/3857 
f 3813/3813/3813 3814/3814/3814 3815/3815/3815 
f 3815/3815/3815 3814/3814/3814 3823/3823/3823 
f 3816/3816/3816 3817/3817/3817 3818/3818/3818 
f 3817/3817/3817 3816/3816/3816 3819/3819/3819 
f 4024/4024/4024 4025/4025/4025 4026/4026/4026 
f 4025/4025/4025 4024/4024/4024 4042/4042/4042 
f 3950/3950/3950 3951/3951/3951 3952/3952/3952 
f 3950/3950/3950 3953/3953/3953 3951/3951/3951 
f 3954/3954/3954 3955/3955/3955 3956/3956/3956 
f 3954/3954/3954 3956/3956/3956 3965/3965/3965 
f 3969/3969/3969 3970/3970/3970 3971/3971/3971 
f 3969/3969/3969 3971/3971/3971 4021/4021/4021 
f 4089/4089/4089 4090/4090/4090 4091/4091/4091 
f 4089/4089/4089 4091/4091/4091 4104/4104/4104 
f 3975/3975/3975 3976/3976/3976 3977/3977/3977 
f 3976/3976/3976 3975/3975/3975 4010/4010/4010 
f 3988/3988/3988 3989/3989/3989 3990/3990/3990 
f 3989/3989/3989 3988/3988/3988 3994/3994/3994 
f 3991/3991/3991 3992/3992/3992 3993/3993/3993 
f 3992/3992/3992 3991/3991/3991 4009/4009/4009 
f 4092/4092/4092 4093/4093/4093 4094/4094/4094 
f 4093/4093/4093 4092/4092/4092 4095/4095/4095 
f 4119/4119/4119 4120/4120/4120 4121/4121/4121 
f 4136/4136/4136 4120/4120/4120 4119/4119/4119 
f 3995/3995/3995 3996/3996/3996 3997/3997/3997 
f 3996/3996/3996 3995/3995/3995 3998/3998/3998 
f 4006/4006/4006 4007/4007/4007 4008/4008/4008 
f 4007/4007/4007 4006/4006/4006 4014/4014/4014 
f 4011/4011/4011 4012/4012/4012 4013/4013/4013 
f 4012/4012/4012 4011/4011/4011 4135/4135/4135 
f 4122/4122/4122 4123/4123/4123 4124/4124/4124 
f 4123/4123/4123 4122/4122/4122 4134/4134/4134 
f 4140/4140/4140 4141/4141/4141 4142/4142/4142 
f 4143/4143/4143 4142/4142/4142 4141/4141/4141 
f 3935/3935/3935 3936/3936/3936 3937/3937/3937 
f 3935/3935/3935 3937/3937/3937 4057/4057/4057 
f 3604/3604/3604 3605/3605/3605 3606/3606/3606 
f 3605/3605/3605 3604/3604/3604 3611/3611/3611 
f 3608/3608/3608 3609/3609/3609 3610/3610/3610 
f 3610/3610/3610 3609/3609/3609 3615/3615/3615 
f 3643/3643/3643 3644/3644/3644 3645/3645/3645 
f 3645/3645/3645 3644/3644/3644 3651/3651/3651 
f 3646/3646/3646 3647/3647/3647 3648/3648/3648 
f 3650/3650/3650 3647/3647/3647 3646/3646/3646 
f 3888/3888/3888 3889/3889/3889 3890/3890/3890 
f 3889/3889/3889 3888/3888/3888 4022/4022/4022 
f 3932/3932/3932 3933/3933/3933 3934/3934/3934 
f 3933/3933/3933 3932/3932/3932 3942/3942/3942 
f 3584/3584/3584 3585/3585/3585 3586/3586/3586 
f 3585/3585/3585 3584/3584/3584 3603/3603/3603 
f 3600/3600/3600 3601/3601/3601 3602/3602/3602 
f 3602/3602/3602 3601/3601/3601 3607/3607/3607 
f 3625/3625/3625 3626/3626/3626 3627/3627/3627 
f 3627/3627/3627 3626/3626/3626 3642/3642/3642 
f 3631/3631/3631 3632/3632/3632 3633/3633/3633 
f 3633/3633/3633 3632/3632/3632 3649/3649/3649 
f 3885/3885/3885 3886/3886/3886 3887/3887/3887 
f 3886/3886/3886 3885/3885/3885 3891/3891/3891 
f 3580/3580/3580 3581/3581/3581 3582/3582/3582 
f 3581/3581/3581 3580/3580/3580 3583/3583/3583 
f 3587/3587/3587 3588/3588/3588 3589/3589/3589 
f 3589/3589/3589 3588/3588/3588 3590/3590/3590 
f 3622/3622/3622 3623/3623/3623 3624/3624/3624 
f 3624/3624/3624 3623/3623/3623 3635/3635/3635 
f 3628/3628/3628 3629/3629/3629 3630/3630/3630 
f 3630/3630/3630 3629/3629/3629 3634/3634/3634 
f 3871/3871/3871 3872/3872/3872 3873/3873/3873 
f 3872/3872/3872 3871/3871/3871 3874/3874/3874 
f 3909/3909/3909 3910/3910/3910 3911/3911/3911 
f 3910/3910/3910 3909/3909/3909 3919/3919/3919 
f 3912/3912/3912 3913/3913/3913 3914/3914/3914 
f 3912/3912/3912 3914/3914/3914 3915/3915/3915 
f 3916/3916/3916 3917/3917/3917 3918/3918/3918 
f 3918/3918/3918 3941/3941/3941 3916/3916/3916 
f 3938/3938/3938 3939/3939/3939 3940/3940/3940 
f 4047/4047/4047 4048/4048/4048 4049/4049/4049 
f 4050/4050/4050 4051/4051/4051 4052/4052/4052 
f 4069/4069/4069 4070/4070/4070 4071/4071/4071 
f 3906/3906/3906 3907/3907/3907 3908/3908/3908 
f 3926/3926/3926 3927/3927/3927 3928/3928/3928 
f 3927/3927/3927 3926/3926/3926 4056/4056/4056 
f 3929/3929/3929 3930/3930/3930 3931/3931/3931 
f 4053/4053/4053 4054/4054/4054 4055/4055/4055 
f 4054/4054/4054 4053/4053/4053 4072/4072/4072 
f 3957/3957/3957 3958/3958/3958 3959/3959/3959 
f 3957/3957/3957 3963/3963/3963 3958/3958/3958 
f 3960/3960/3960 3961/3961/3961 3962/3962/3962 
f 3960/3960/3960 3962/3962/3962 3978/3978/3978 
f 3979/3979/3979 3980/3980/3980 3981/3981/3981 
f 3979/3979/3979 3981/3981/3981 4088/4088/4088 
f 4096/4096/4096 4097/4097/4097 4098/4098/4098 
f 4096/4096/4096 4098/4098/4098 4099/4099/4099 
f 3982/3982/3982 3983/3983/3983 3984/3984/3984 
f 3983/3983/3983 3982/3982/3982 4016/4016/4016 
f 3985/3985/3985 3986/3986/3986 3987/3987/3987 
f 3986/3986/3986 3985/3985/3985 4015/4015/4015 
f 3999/3999/3999 4000/4000/4000 4001/4001/4001 
f 4000/4000/4000 3999/3999/3999 4002/4002/4002 
f 4100/4100/4100 4101/4101/4101 4102/4102/4102 
f 4101/4101/4101 4100/4100/4100 4103/4103/4103 
f 4003/4003/4003 4004/4004/4004 4005/4005/4005 
f 4004/4004/4004 4003/4003/4003 4148/4148/4148 
f 4017/4017/4017 4018/4018/4018 4019/4019/4019 
f 4018/4018/4018 4017/4017/4017 4020/4020/4020 
f 4495/4495/4495 4496/4496/4496 4497/4497/4497 
f 4496/4496/4496 4495/4495/4495 4589/4589/4589 
f 4586/4586/4586 4587/4587/4587 4588/4588/4588 
f 4587/4587/4587 4586/4586/4586 4598/4598/4598 
f 4318/4318/4318 4319/4319/4319 4320/4320/4320 
f 4321/4321/4321 4319/4319/4319 4318/4318/4318 
f 4322/4322/4322 4323/4323/4323 4324/4324/4324 
f 4323/4323/4323 4322/4322/4322 4362/4362/4362 
f 4359/4359/4359 4360/4360/4360 4361/4361/4361 
f 4360/4360/4360 4359/4359/4359 4599/4599/4599 
f 4600/4600/4600 4601/4601/4601 4602/4602/4602 
f 4601/4601/4601 4600/4600/4600 4618/4618/4618 
f 4619/4619/4619 4620/4620/4620 4621/4621/4621 
f 4621/4621/4621 4620/4620/4620 4622/4622/4622 
f 4623/4623/4623 4624/4624/4624 4625/4625/4625 
f 4624/4624/4624 4623/4623/4623 4632/4632/4632 
f 4633/4633/4633 4634/4634/4634 4635/4635/4635 
f 4634/4634/4634 4633/4633/4633 4636/4636/4636 
f 4626/4626/4626 4627/4627/4627 4628/4628/4628 
f 4627/4627/4627 4626/4626/4626 4631/4631/4631 
f 4603/4603/4603 4604/4604/4604 4605/4605/4605 
f 4604/4604/4604 4603/4603/4603 4606/4606/4606 
f 4607/4607/4607 4608/4608/4608 4609/4609/4609 
f 4630/4630/4630 4608/4608/4608 4607/4607/4607 
f 4637/4637/4637 4638/4638/4638 4639/4639/4639 
f 4638/4638/4638 4637/4637/4637 4640/4640/4640 
f 4641/4641/4641 4642/4642/4642 4643/4643/4643 
f 4642/4642/4642 4641/4641/4641 4644/4644/4644 
f 4645/4645/4645 4646/4646/4646 4647/4647/4647 
f 4646/4646/4646 4645/4645/4645 4648/4648/4648 
f 4610/4610/4610 4611/4611/4611 4612/4612/4612 
f 4629/4629/4629 4611/4611/4611 4610/4610/4610 
f 4614/4614/4614 4615/4615/4615 4616/4616/4616 
f 4615/4615/4615 4614/4614/4614 4617/4617/4617 
f 4434/4434/4434 4435/4435/4435 4436/4436/4436 
f 4435/4435/4435 4434/4434/4434 4440/4440/4440 
f 4437/4437/4437 4438/4438/4438 4439/4439/4439 
f 4438/4438/4438 4437/4437/4437 4461/4461/4461 
f 4457/4457/4457 4458/4458/4458 4459/4459/4459 
f 4458/4458/4458 4457/4457/4457 4460/4460/4460 
f 4582/4582/4582 4583/4583/4583 4584/4584/4584 
f 4583/4583/4583 4582/4582/4582 4585/4585/4585 
f 4441/4441/4441 4442/4442/4442 4443/4443/4443 
f 4442/4442/4442 4441/4441/4441 4478/4478/4478 
f 4454/4454/4454 4455/4455/4455 4456/4456/4456 
f 4455/4455/4455 4454/4454/4454 4494/4494/4494 
f 4462/4462/4462 4463/4463/4463 4464/4464/4464 
f 4463/4463/4463 4462/4462/4462 4498/4498/4498 
f 4590/4590/4590 4591/4591/4591 4592/4592/4592 
f 4591/4591/4591 4590/4590/4590 4593/4593/4593 
f 4479/4479/4479 4480/4480/4480 4481/4481/4481 
f 4480/4480/4480 4479/4479/4479 4502/4502/4502 
f 4482/4482/4482 4483/4483/4483 4484/4484/4484 
f 4483/4483/4483 4482/4482/4482 4485/4485/4485 
f 4499/4499/4499 4500/4500/4500 4501/4501/4501 
f 4500/4500/4500 4499/4499/4499 4597/4597/4597 
f 4594/4594/4594 4595/4595/4595 4596/4596/4596 
f 4595/4595/4595 4594/4594/4594 4613/4613/4613 
f 4450/4450/4450 4451/4451/4451 4452/4452/4452 
f 4451/4451/4451 4450/4450/4450 4568/4568/4568 
f 4509/4509/4509 4510/4510/4510 4511/4511/4511 
f 4510/4510/4510 4509/4509/4509 4657/4657/4657 
f 4546/4546/4546 4547/4547/4547 4548/4548/4548 
f 4549/4549/4549 4547/4547/4547 4546/4546/4546 
f 4550/4550/4550 4551/4551/4551 4552/4552/4552 
f 4551/4551/4551 4550/4550/4550 4553/4553/4553 
f 4565/4565/4565 4566/4566/4566 4567/4567/4567 
f 4566/4566/4566 4565/4565/4565 4572/4572/4572 
f 4569/4569/4569 4570/4570/4570 4571/4571/4571 
f 4570/4570/4570 4569/4569/4569 4697/4697/4697 
f 4679/4679/4679 4680/4680/4680 4681/4681/4681 
f 4680/4680/4680 4679/4679/4679 4687/4687/4687 
f 4561/4561/4561 4562/4562/4562 4563/4563/4563 
f 4564/4564/4564 4562/4562/4562 4561/4561/4561 
f 4698/4698/4698 4699/4699/4699 4700/4700/4700 
f 4701/4701/4701 4702/4702/4702 4703/4703/4703 
f 4558/4558/4558 4559/4559/4559 4560/4560/4560 
f 4240/4240/4240 4241/4241/4241 4242/4242/4242 
f 4241/4241/4241 4240/4240/4240 4251/4251/4251 
f 4245/4245/4245 4246/4246/4246 4247/4247/4247 
f 4252/4252/4252 4246/4246/4246 4245/4245/4245 
f 4273/4273/4273 4274/4274/4274 4275/4275/4275 
f 4276/4276/4276 4274/4274/4274 4273/4273/4273 
f 4277/4277/4277 4278/4278/4278 4279/4279/4279 
f 4280/4280/4280 4278/4278/4278 4277/4277/4277 
f 4519/4519/4519 4520/4520/4520 4521/4521/4521 
f 4520/4520/4520 4519/4519/4519 4522/4522/4522 
f 4578/4578/4578 4579/4579/4579 4580/4580/4580 
f 4248/4248/4248 4249/4249/4249 4250/4250/4250 
f 4249/4249/4249 4248/4248/4248 4256/4256/4256 
f 4253/4253/4253 4254/4254/4254 4255/4255/4255 
f 4255/4255/4255 4254/4254/4254 4258/4258/4258 
f 4281/4281/4281 4282/4282/4282 4283/4283/4283 
f 4283/4283/4283 4282/4282/4282 4284/4284/4284 
f 4288/4288/4288 4289/4289/4289 4290/4290/4290 
f 4297/4297/4297 4289/4289/4289 4288/4288/4288 
f 4526/4526/4526 4527/4527/4527 4528/4528/4528 
f 4527/4527/4527 4526/4526/4526 4538/4538/4538 
f 4663/4663/4663 4664/4664/4664 4665/4665/4665 
f 4444/4444/4444 4445/4445/4445 4446/4446/4446 
f 4445/4445/4445 4444/4444/4444 4453/4453/4453 
f 4447/4447/4447 4448/4448/4448 4449/4449/4449 
f 4448/4448/4448 4447/4447/4447 4465/4465/4465 
f 4466/4466/4466 4467/4467/4467 4468/4468/4468 
f 4467/4467/4467 4466/4466/4466 4581/4581/4581 
f 4649/4649/4649 4650/4650/4650 4651/4651/4651 
f 4650/4650/4650 4649/4649/4649 4656/4656/4656 
f 4260/4260/4260 4261/4261/4261 4262/4262/4262 
f 4267/4267/4267 4261/4261/4261 4260/4260/4260 
f 4263/4263/4263 4264/4264/4264 4265/4265/4265 
f 4264/4264/4264 4263/4263/4263 4266/4266/4266 
f 4285/4285/4285 4286/4286/4286 4287/4287/4287 
f 4295/4295/4295 4286/4286/4286 4285/4285/4285 
f 4292/4292/4292 4293/4293/4293 4294/4294/4294 
f 4296/4296/4296 4293/4293/4293 4292/4292/4292 
f 4539/4539/4539 4540/4540/4540 4541/4541/4541 
f 4540/4540/4540 4539/4539/4539 4542/4542/4542 
f 4469/4469/4469 4470/4470/4470 4471/4471/4471 
f 4470/4470/4470 4469/4469/4469 4504/4504/4504 
f 4472/4472/4472 4473/4473/4473 4474/4474/4474 
f 4473/4473/4473 4472/4472/4472 4503/4503/4503 
f 4475/4475/4475 4476/4476/4476 4477/4477/4477 
f 4476/4476/4476 4475/4475/4475 4486/4486/4486 
f 4688/4688/4688 4689/4689/4689 4690/4690/4690 
f 4689/4689/4689 4688/4688/4688 4691/4691/4691 
f 4487/4487/4487 4488/4488/4488 4489/4489/4489 
f 4488/4488/4488 4487/4487/4487 4508/4508/4508 
f 4490/4490/4490 4491/4491/4491 4492/4492/4492 
f 4491/4491/4491 4490/4490/4490 4493/4493/4493 
f 4505/4505/4505 4506/4506/4506 4507/4507/4507 
f 4506/4506/4506 4505/4505/4505 4695/4695/4695 
f 4684/4684/4684 4685/4685/4685 4686/4686/4686 
f 4692/4692/4692 4693/4693/4693 4694/4694/4694 
f 4693/4693/4693 4692/4692/4692 4696/4696/4696 
f 4554/4554/4554 4555/4555/4555 4556/4556/4556 
f 4554/4554/4554 4556/4556/4556 4557/4557/4557 
f 4673/4673/4673 4674/4674/4674 4675/4675/4675 
f 4674/4674/4674 4673/4673/4673 4676/4676/4676 
f 4676/4676/4676 4677/4677/4677 4678/4678/4678 
f 4677/4677/4677 4676/4676/4676 4716/4716/4716 
f 4704/4704/4704 4705/4705/4705 4706/4706/4706 
f 4705/4705/4705 4704/4704/4704 4710/4710/4710 
f 4707/4707/4707 4708/4708/4708 4709/4709/4709 
f 4709/4709/4709 4715/4715/4715 4707/4707/4707 
f 4711/4711/4711 4712/4712/4712 4713/4713/4713 
f 4711/4711/4711 4713/4713/4713 4714/4714/4714 
f 4315/4315/4315 4316/4316/4316 4317/4317/4317 
f 4316/4316/4316 4315/4315/4315 4372/4372/4372 
f 4330/4330/4330 4331/4331/4331 4332/4332/4332 
f 4378/4378/4378 4331/4331/4331 4330/4330/4330 
f 4351/4351/4351 4352/4352/4352 4353/4353/4353 
f 4353/4353/4353 4352/4352/4352 4368/4368/4368 
f 4355/4355/4355 4356/4356/4356 4357/4357/4357 
f 4411/4411/4411 4356/4356/4356 4355/4355/4355 
f 4659/4659/4659 4660/4660/4660 4661/4661/4661 
f 4660/4660/4660 4659/4659/4659 4682/4682/4682 
f 4669/4669/4669 4670/4670/4670 4671/4671/4671 
f 4670/4670/4670 4669/4669/4669 4672/4672/4672 
f 4573/4573/4573 4574/4574/4574 4575/4575/4575 
f 4573/4573/4573 4575/4575/4575 4576/4576/4576 
f 4543/4543/4543 4544/4544/4544 4545/4545/4545 
f 4543/4543/4543 4577/4577/4577 4544/4544/4544 
f 4162/4162/4162 4163/4163/4163 4164/4164/4164 
f 4239/4239/4239 4163/4163/4163 4162/4162/4162 
f 4166/4166/4166 4167/4167/4167 4168/4168/4168 
f 4268/4268/4268 4167/4167/4167 4166/4166/4166 
f 4204/4204/4204 4205/4205/4205 4206/4206/4206 
f 4269/4269/4269 4205/4205/4205 4204/4204/4204 
f 4207/4207/4207 4208/4208/4208 4209/4209/4209 
f 4271/4271/4271 4208/4208/4208 4207/4207/4207 
f 4210/4210/4210 4211/4211/4211 4212/4212/4212 
f 4518/4518/4518 4211/4211/4211 4210/4210/4210 
f 4363/4363/4363 4364/4364/4364 4365/4365/4365 
f 4363/4363/4363 4365/4365/4365 4366/4366/4366 
f 4666/4666/4666 4667/4667/4667 4668/4668/4668 
f 4169/4169/4169 4170/4170/4170 4171/4171/4171 
f 4243/4243/4243 4170/4170/4170 4169/4169/4169 
f 4186/4186/4186 4187/4187/4187 4188/4188/4188 
f 4244/4244/4244 4187/4187/4187 4186/4186/4186 
f 4226/4226/4226 4227/4227/4227 4228/4228/4228 
f 4270/4270/4270 4227/4227/4227 4226/4226/4226 
f 4235/4235/4235 4236/4236/4236 4237/4237/4237 
f 4272/4272/4272 4236/4236/4236 4235/4235/4235 
f 4523/4523/4523 4524/4524/4524 4525/4525/4525 
f 4525/4525/4525 4524/4524/4524 4529/4529/4529 
f 4514/4514/4514 4515/4515/4515 4516/4516/4516 
f 4515/4515/4515 4514/4514/4514 4517/4517/4517 
f 4534/4534/4534 4535/4535/4535 4536/4536/4536 
f 4535/4535/4535 4534/4534/4534 4652/4652/4652 
f 4653/4653/4653 4654/4654/4654 4655/4655/4655 
f 4654/4654/4654 4653/4653/4653 4683/4683/4683 
f 4183/4183/4183 4184/4184/4184 4185/4185/4185 
f 4257/4257/4257 4184/4184/4184 4183/4183/4183 
f 4189/4189/4189 4190/4190/4190 4191/4191/4191 
f 4259/4259/4259 4190/4190/4190 4189/4189/4189 
f 4229/4229/4229 4230/4230/4230 4231/4231/4231 
f 4238/4238/4238 4230/4230/4230 4229/4229/4229 
f 4232/4232/4232 4233/4233/4233 4234/4234/4234 
f 4291/4291/4291 4233/4233/4233 4232/4232/4232 
f 4530/4530/4530 4531/4531/4531 4532/4532/4532 
f 4537/4537/4537 4531/4531/4531 4530/4530/4530 
f 4307/4307/4307 4308/4308/4308 4309/4309/4309 
f 4310/4310/4310 4308/4308/4308 4307/4307/4307 
f 4311/4311/4311 4312/4312/4312 4313/4313/4313 
f 4314/4314/4314 4312/4312/4312 4311/4311/4311 
f 4336/4336/4336 4337/4337/4337 4338/4338/4338 
f 4350/4350/4350 4337/4337/4337 4336/4336/4336 
f 4347/4347/4347 4348/4348/4348 4349/4349/4349 
f 4354/4354/4354 4348/4348/4348 4347/4347/4347 
f 4431/4431/4431 4432/4432/4432 4433/4433/4433 
f 4662/4662/4662 4432/4432/4432 4431/4431/4431 
f 4149/4149/4149 4150/4150/4150 4151/4151/4151 
f 4150/4150/4150 4149/4149/4149 4161/4161/4161 
f 4152/4152/4152 4153/4153/4153 4154/4154/4154 
f 4153/4153/4153 4152/4152/4152 4172/4172/4172 
f 4155/4155/4155 4156/4156/4156 4157/4157/4157 
f 4157/4157/4157 4156/4156/4156 4176/4176/4176 
f 4158/4158/4158 4159/4159/4159 4160/4160/4160 
f 4160/4160/4160 4159/4159/4159 4165/4165/4165 
f 4173/4173/4173 4174/4174/4174 4175/4175/4175 
f 4174/4174/4174 4173/4173/4173 4298/4298/4298 
f 4177/4177/4177 4178/4178/4178 4179/4179/4179 
f 4196/4196/4196 4178/4178/4178 4177/4177/4177 
f 4180/4180/4180 4181/4181/4181 4182/4182/4182 
f 4182/4182/4182 4181/4181/4181 4299/4299/4299 
f 4192/4192/4192 4193/4193/4193 4194/4194/4194 
f 4195/4195/4195 4193/4193/4193 4192/4192/4192 
f 4197/4197/4197 4198/4198/4198 4199/4199/4199 
f 4200/4200/4200 4198/4198/4198 4197/4197/4197 
f 4201/4201/4201 4202/4202/4202 4203/4203/4203 
f 4512/4512/4512 4202/4202/4202 4201/4201/4201 
f 4213/4213/4213 4214/4214/4214 4215/4215/4215 
f 4215/4215/4215 4214/4214/4214 4216/4216/4216 
f 4217/4217/4217 4218/4218/4218 4219/4219/4219 
f 4219/4219/4219 4218/4218/4218 4306/4306/4306 
f 4220/4220/4220 4221/4221/4221 4222/4222/4222 
f 4222/4222/4222 4221/4221/4221 4339/4339/4339 
f 4223/4223/4223 4224/4224/4224 4225/4225/4225 
f 4513/4513/4513 4224/4224/4224 4223/4223/4223 
f 4300/4300/4300 4301/4301/4301 4302/4302/4302 
f 4302/4302/4302 4301/4301/4301 4328/4328/4328 
f 4303/4303/4303 4304/4304/4304 4305/4305/4305 
f 4304/4304/4304 4303/4303/4303 4329/4329/4329 
f 4333/4333/4333 4334/4334/4334 4335/4335/4335 
f 4334/4334/4334 4333/4333/4333 4340/4340/4340 
f 4341/4341/4341 4342/4342/4342 4343/4343/4343 
f 4342/4342/4342 4341/4341/4341 4367/4367/4367 
f 4344/4344/4344 4345/4345/4345 4346/4346/4346 
f 4533/4533/4533 4345/4345/4345 4344/4344/4344 
f 4369/4369/4369 4370/4370/4370 4371/4371/4371 
f 4370/4370/4370 4369/4369/4369 4658/4658/4658 
f 4391/4391/4391 4392/4392/4392 4393/4393/4393 
f 4393/4393/4393 4424/4424/4424 4391/4391/4391 
f 4394/4394/4394 4395/4395/4395 4396/4396/4396 
f 4396/4396/4396 4425/4425/4425 4394/4394/4394 
f 4412/4412/4412 4413/4413/4413 4414/4414/4414 
f 4413/4413/4413 4412/4412/4412 4415/4415/4415 
f 4415/4415/4415 4416/4416/4416 4413/4413/4413 
f 4416/4416/4416 4415/4415/4415 4426/4426/4426 
f 4373/4373/4373 4374/4374/4374 4375/4375/4375 
f 4374/4374/4374 4373/4373/4373 4376/4376/4376 
f 4377/4377/4377 4375/4375/4375 4374/4374/4374 
f 4390/4390/4390 4377/4377/4377 4374/4374/4374 
f 4379/4379/4379 4380/4380/4380 4381/4381/4381 
f 4380/4380/4380 4379/4379/4379 4417/4417/4417 
f 4397/4397/4397 4398/4398/4398 4399/4399/4399 
f 4427/4427/4427 4398/4398/4398 4397/4397/4397 
f 4400/4400/4400 4401/4401/4401 4402/4402/4402 
f 4402/4402/4402 4430/4430/4430 4400/4400/4400 
f 4404/4404/4404 4405/4405/4405 4406/4406/4406 
f 4406/4406/4406 4429/4429/4429 4404/4404/4404 
f 4325/4325/4325 4326/4326/4326 4327/4327/4327 
f 4325/4325/4325 4358/4358/4358 4326/4326/4326 
f 4382/4382/4382 4383/4383/4383 4384/4384/4384 
f 4383/4383/4383 4382/4382/4382 4389/4389/4389 
f 4385/4385/4385 4384/4384/4384 4383/4383/4383 
f 4403/4403/4403 4385/4385/4385 4383/4383/4383 
f 4418/4418/4418 4419/4419/4419 4420/4420/4420 
f 4419/4419/4419 4418/4418/4418 4421/4421/4421 
f 4421/4421/4421 4422/4422/4422 4419/4419/4419 
f 4422/4422/4422 4421/4421/4421 4423/4423/4423 
f 4386/4386/4386 4387/4387/4387 4388/4388/4388 
f 4387/4387/4387 4386/4386/4386 4410/4410/4410 
f 4407/4407/4407 4408/4408/4408 4409/4409/4409 
f 4428/4428/4428 4408/4408/4408 4407/4407/4407 
f 4977/4977/4977 4978/4978/4978 4979/4979/4979 
f 5537/5537/5537 5538/5538/5538 5539/5539/5539 
f 5295/5295/5295 5296/5296/5296 5297/5297/5297 
f 5840/5840/5840 5841/5841/5841 5842/5842/5842 
f 5335/5335/5335 5336/5336/5336 5337/5337/5337 
f 5874/5874/5874 5875/5875/5875 5876/5876/5876 
f 4983/4983/4983 4984/4984/4984 4985/4985/4985 
f 5527/5527/5527 4984/4984/4984 4983/4983/4983 
f 4980/4980/4980 4981/4981/4981 4982/4982/4982 
f 5533/5533/5533 4982/4982/4982 4981/4981/4981 
f 4823/4823/4823 4824/4824/4824 4825/4825/4825 
f 4824/4824/4824 4961/4961/4961 4825/4825/4825 
f 4825/4825/4825 4961/4961/4961 4962/4962/4962 
f 5516/5516/5516 4962/4962/4962 4961/4961/4961 
f 4966/4966/4966 4962/4962/4962 5516/5516/5516 
f 4962/4962/4962 4966/4966/4966 4963/4963/4963 
f 4964/4964/4964 4963/4963/4963 4966/4966/4966 
f 4963/4963/4963 4964/4964/4964 4965/4965/4965 
f 4968/4968/4968 4965/4965/4965 4964/4964/4964 
f 4965/4965/4965 4968/4968/4968 4969/4969/4969 
f 4969/4969/4969 4968/4968/4968 4970/4970/4970 
f 5534/5534/5534 4970/4970/4970 4968/4968/4968 
f 4971/4971/4971 4972/4972/4972 4973/4973/4973 
f 4972/4972/4972 4971/4971/4971 5535/5535/5535 
f 4989/4989/4989 4990/4990/4990 4991/4991/4991 
f 5528/5528/5528 4990/4990/4990 4989/4989/4989 
f 4806/4806/4806 4807/4807/4807 4808/4808/4808 
f 4808/4808/4808 4819/4819/4819 4806/4806/4806 
f 4809/4809/4809 4810/4810/4810 4811/4811/4811 
f 4811/4811/4811 4820/4820/4820 4809/4809/4809 
f 4826/4826/4826 4827/4827/4827 4828/4828/4828 
f 4828/4828/4828 4837/4837/4837 4826/4826/4826 
f 4838/4838/4838 4839/4839/4839 4840/4840/4840 
f 4840/4840/4840 4960/4960/4960 4838/4838/4838 
f 5354/5354/5354 5355/5355/5355 5356/5356/5356 
f 5367/5367/5367 5355/5355/5355 5354/5354/5354 
f 5357/5357/5357 5358/5358/5358 5359/5359/5359 
f 5360/5360/5360 5358/5358/5358 5357/5357/5357 
f 5376/5376/5376 5377/5377/5377 5378/5378/5378 
f 5378/5378/5378 5377/5377/5377 5379/5379/5379 
f 5387/5387/5387 5388/5388/5388 5389/5389/5389 
f 5389/5389/5389 5388/5388/5388 5517/5517/5517 
f 4728/4728/4728 4729/4729/4729 4730/4730/4730 
f 4729/4729/4729 4728/4728/4728 4731/4731/4731 
f 4738/4738/4738 4739/4739/4739 4740/4740/4740 
f 4739/4739/4739 4738/4738/4738 4805/4805/4805 
f 4750/4750/4750 4751/4751/4751 4752/4752/4752 
f 4751/4751/4751 4750/4750/4750 4829/4829/4829 
f 4830/4830/4830 4831/4831/4831 4832/4832/4832 
f 4831/4831/4831 4830/4830/4830 4880/4880/4880 
f 5368/5368/5368 5369/5369/5369 5370/5370/5370 
f 5369/5369/5369 5368/5368/5368 5447/5447/5447 
f 5371/5371/5371 5372/5372/5372 5373/5373/5373 
f 5372/5372/5372 5371/5371/5371 5448/5448/5448 
f 5390/5390/5390 5391/5391/5391 5392/5392/5392 
f 5391/5391/5391 5390/5390/5390 5466/5466/5466 
f 5393/5393/5393 5394/5394/5394 5395/5395/5395 
f 5394/5394/5394 5393/5393/5393 5465/5465/5465 
f 4717/4717/4717 4718/4718/4718 4719/4719/4719 
f 4718/4718/4718 4717/4717/4717 4720/4720/4720 
f 4725/4725/4725 4726/4726/4726 4727/4727/4727 
f 4726/4726/4726 4725/4725/4725 4741/4741/4741 
f 4742/4742/4742 4743/4743/4743 4744/4744/4744 
f 4743/4743/4743 4742/4742/4742 4745/4745/4745 
f 4746/4746/4746 4747/4747/4747 4748/4748/4748 
f 4747/4747/4747 4746/4746/4746 4956/4956/4956 
f 5454/5454/5454 5455/5455/5455 5456/5456/5456 
f 5455/5455/5455 5454/5454/5454 5460/5460/5460 
f 5457/5457/5457 5458/5458/5458 5459/5459/5459 
f 5458/5458/5458 5457/5457/5457 5464/5464/5464 
f 5472/5472/5472 5473/5473/5473 5474/5474/5474 
f 5473/5473/5473 5472/5472/5472 5478/5478/5478 
f 5475/5475/5475 5476/5476/5476 5477/5477/5477 
f 5476/5476/5476 5475/5475/5475 5519/5519/5519 
f 4884/4884/4884 4885/4885/4885 4886/4886/4886 
f 4884/4884/4884 4891/4891/4891 4885/4885/4885 
f 4892/4892/4892 4893/4893/4893 4894/4894/4894 
f 4892/4892/4892 4958/4958/4958 4893/4893/4893 
f 4895/4895/4895 4896/4896/4896 4897/4897/4897 
f 4895/4895/4895 4897/4897/4897 4902/4902/4902 
f 4914/4914/4914 4915/4915/4915 4916/4916/4916 
f 4914/4914/4914 4957/4957/4957 4915/4915/4915 
f 5520/5520/5520 5521/5521/5521 5522/5522/5522 
f 5521/5521/5521 5520/5520/5520 5594/5594/5594 
f 5523/5523/5523 5524/5524/5524 5525/5525/5525 
f 5524/5524/5524 5523/5523/5523 5578/5578/5578 
f 5584/5584/5584 5585/5585/5585 5586/5586/5586 
f 5585/5585/5585 5584/5584/5584 5590/5590/5590 
f 5587/5587/5587 5588/5588/5588 5589/5589/5589 
f 5588/5588/5588 5587/5587/5587 5604/5604/5604 
f 4812/4812/4812 4813/4813/4813 4814/4814/4814 
f 4814/4814/4814 4821/4821/4821 4812/4812/4812 
f 4816/4816/4816 4817/4817/4817 4818/4818/4818 
f 4818/4818/4818 4822/4822/4822 4816/4816/4816 
f 4834/4834/4834 4835/4835/4835 4836/4836/4836 
f 4836/4836/4836 4841/4841/4841 4834/4834/4834 
f 4842/4842/4842 4843/4843/4843 4844/4844/4844 
f 4844/4844/4844 4967/4967/4967 4842/4842/4842 
f 5361/5361/5361 5362/5362/5362 5363/5363/5363 
f 5374/5374/5374 5362/5362/5362 5361/5361/5361 
f 5364/5364/5364 5365/5365/5365 5366/5366/5366 
f 5366/5366/5366 5365/5365/5365 5375/5375/5375 
f 5380/5380/5380 5381/5381/5381 5382/5382/5382 
f 5383/5383/5383 5381/5381/5381 5380/5380/5380 
f 5384/5384/5384 5385/5385/5385 5386/5386/5386 
f 5386/5386/5386 5385/5385/5385 5518/5518/5518 
f 4732/4732/4732 4733/4733/4733 4734/4734/4734 
f 4733/4733/4733 4732/4732/4732 4815/4815/4815 
f 4735/4735/4735 4736/4736/4736 4737/4737/4737 
f 4736/4736/4736 4735/4735/4735 4749/4749/4749 
f 4753/4753/4753 4754/4754/4754 4755/4755/4755 
f 4754/4754/4754 4753/4753/4753 4756/4756/4756 
f 4757/4757/4757 4758/4758/4758 4759/4759/4759 
f 4758/4758/4758 4757/4757/4757 4833/4833/4833 
f 5396/5396/5396 5397/5397/5397 5398/5398/5398 
f 5397/5397/5397 5396/5396/5396 5470/5470/5470 
f 5444/5444/5444 5445/5445/5445 5446/5446/5446 
f 5445/5445/5445 5444/5444/5444 5453/5453/5453 
f 5449/5449/5449 5450/5450/5450 5451/5451/5451 
f 5450/5450/5450 5449/5449/5449 5452/5452/5452 
f 5467/5467/5467 5468/5468/5468 5469/5469/5469 
f 5468/5468/5468 5467/5467/5467 5471/5471/5471 
f 4721/4721/4721 4722/4722/4722 4723/4723/4723 
f 4722/4722/4722 4721/4721/4721 4724/4724/4724 
f 4760/4760/4760 4761/4761/4761 4762/4762/4762 
f 4761/4761/4761 4760/4760/4760 4787/4787/4787 
f 4766/4766/4766 4767/4767/4767 4768/4768/4768 
f 4767/4767/4767 4766/4766/4766 4773/4773/4773 
f 4788/4788/4788 4789/4789/4789 4790/4790/4790 
f 4789/4789/4789 4788/4788/4788 4959/4959/4959 
f 5461/5461/5461 5462/5462/5462 5463/5463/5463 
f 5462/5462/5462 5461/5461/5461 5482/5482/5482 
f 5479/5479/5479 5480/5480/5480 5481/5481/5481 
f 5480/5480/5480 5479/5479/5479 5510/5510/5510 
f 5489/5489/5489 5490/5490/5490 5491/5491/5491 
f 5490/5490/5490 5489/5489/5489 5495/5495/5495 
f 5507/5507/5507 5508/5508/5508 5509/5509/5509 
f 5508/5508/5508 5507/5507/5507 5526/5526/5526 
f 4903/4903/4903 4904/4904/4904 4905/4905/4905 
f 4904/4904/4904 4903/4903/4903 4906/4906/4906 
f 4907/4907/4907 4908/4908/4908 4909/4909/4909 
f 4908/4908/4908 4907/4907/4907 4910/4910/4910 
f 4911/4911/4911 4912/4912/4912 4913/4913/4913 
f 4912/4912/4912 4911/4911/4911 4920/4920/4920 
f 4917/4917/4917 4918/4918/4918 4919/4919/4919 
f 4921/4921/4921 4922/4922/4922 4923/4923/4923 
f 4922/4922/4922 4921/4921/4921 4955/4955/4955 
f 4993/4993/4993 4994/4994/4994 4995/4995/4995 
f 4994/4994/4994 4993/4993/4993 5016/5016/5016 
f 5013/5013/5013 5014/5014/5014 5015/5015/5015 
f 5014/5014/5014 5013/5013/5013 5017/5017/5017 
f 5019/5019/5019 5020/5020/5020 5021/5021/5021 
f 5020/5020/5020 5019/5019/5019 5022/5022/5022 
f 5561/5561/5561 5562/5562/5562 5563/5563/5563 
f 5562/5562/5562 5561/5561/5561 5567/5567/5567 
f 5564/5564/5564 5565/5565/5565 5566/5566/5566 
f 5565/5565/5565 5564/5564/5564 5568/5568/5568 
f 5569/5569/5569 5570/5570/5570 5571/5571/5571 
f 5570/5570/5570 5569/5569/5569 5572/5572/5572 
f 5572/5572/5572 5574/5574/5574 5570/5570/5570 
f 5574/5574/5574 5572/5572/5572 5602/5602/5602 
f 5595/5595/5595 5596/5596/5596 5597/5597/5597 
f 5598/5598/5598 5599/5599/5599 5600/5600/5600 
f 5599/5599/5599 5598/5598/5598 5601/5601/5601 
f 5601/5601/5601 5603/5603/5603 5599/5599/5599 
f 5603/5603/5603 5601/5601/5601 5605/5605/5605 
f 5606/5606/5606 5607/5607/5607 5608/5608/5608 
f 5607/5607/5607 5606/5606/5606 5609/5609/5609 
f 4881/4881/4881 4882/4882/4882 4883/4883/4883 
f 4882/4882/4882 4924/4924/4924 4883/4883/4883 
f 4887/4887/4887 4888/4888/4888 4889/4889/4889 
f 4888/4888/4888 4890/4890/4890 4889/4889/4889 
f 4898/4898/4898 4899/4899/4899 4900/4900/4900 
f 4899/4899/4899 4901/4901/4901 4900/4900/4900 
f 4925/4925/4925 4926/4926/4926 4927/4927/4927 
f 4928/4928/4928 4929/4929/4929 4930/4930/4930 
f 4935/4935/4935 4936/4936/4936 4937/4937/4937 
f 4936/4936/4936 4935/4935/4935 4942/4942/4942 
f 4938/4938/4938 4939/4939/4939 4940/4940/4940 
f 4939/4939/4939 4941/4941/4941 4940/4940/4940 
f 4996/4996/4996 4997/4997/4997 4998/4998/4998 
f 4997/4997/4997 4996/4996/4996 4999/4999/4999 
f 5004/5004/5004 5005/5005/5005 5006/5006/5006 
f 5005/5005/5005 5004/5004/5004 5008/5008/5008 
f 5541/5541/5541 5542/5542/5542 5543/5543/5543 
f 5541/5541/5541 5548/5548/5548 5542/5542/5542 
f 5549/5549/5549 5550/5550/5550 5551/5551/5551 
f 5552/5552/5552 5553/5553/5553 5554/5554/5554 
f 5575/5575/5575 5576/5576/5576 5577/5577/5577 
f 5576/5576/5576 5575/5575/5575 5579/5579/5579 
f 5580/5580/5580 5581/5581/5581 5582/5582/5582 
f 5583/5583/5583 5581/5581/5581 5580/5580/5580 
f 5591/5591/5591 5592/5592/5592 5593/5593/5593 
f 5593/5593/5593 5592/5592/5592 5625/5625/5625 
f 5610/5610/5610 5611/5611/5611 5612/5612/5612 
f 5612/5612/5612 5611/5611/5611 5624/5624/5624 
f 5613/5613/5613 5614/5614/5614 5615/5615/5615 
f 5613/5613/5613 5615/5615/5615 5616/5616/5616 
f 5617/5617/5617 5618/5618/5618 5619/5619/5619 
f 5617/5617/5617 5620/5620/5620 5618/5618/5618 
f 5102/5102/5102 5103/5103/5103 5104/5104/5104 
f 5232/5232/5232 5233/5233/5233 5234/5234/5234 
f 5788/5788/5788 5789/5789/5789 5790/5790/5790 
f 5077/5077/5077 5078/5078/5078 5079/5079/5079 
f 5078/5078/5078 5077/5077/5077 5080/5080/5080 
f 5081/5081/5081 5082/5082/5082 5083/5083/5083 
f 5082/5082/5082 5081/5081/5081 5090/5090/5090 
f 5099/5099/5099 5100/5100/5100 5101/5101/5101 
f 5235/5235/5235 5236/5236/5236 5237/5237/5237 
f 5761/5761/5761 5762/5762/5762 5763/5763/5763 
f 5762/5762/5762 5761/5761/5761 5773/5773/5773 
f 5764/5764/5764 5765/5765/5765 5766/5766/5766 
f 5765/5765/5765 5764/5764/5764 5784/5784/5784 
f 5785/5785/5785 5786/5786/5786 5787/5787/5787 
f 5922/5922/5922 5923/5923/5923 5924/5924/5924 
f 5074/5074/5074 5075/5075/5075 5076/5076/5076 
f 5096/5096/5096 5097/5097/5097 5098/5098/5098 
f 5781/5781/5781 5782/5782/5782 5783/5783/5783 
f 5794/5794/5794 5795/5795/5795 5796/5796/5796 
f 4845/4845/4845 4846/4846/4846 4847/4847/4847 
f 4847/4847/4847 4858/4858/4858 4845/4845/4845 
f 4848/4848/4848 4849/4849/4849 4850/4850/4850 
f 4850/4850/4850 4857/4857/4857 4848/4848/4848 
f 4864/4864/4864 4865/4865/4865 4866/4866/4866 
f 4866/4866/4866 4875/4875/4875 4864/4864/4864 
f 4872/4872/4872 4873/4873/4873 4874/4874/4874 
f 4874/4874/4874 5007/5007/5007 4872/4872/4872 
f 5399/5399/5399 5400/5400/5400 5401/5401/5401 
f 5401/5401/5401 5400/5400/5400 5405/5405/5405 
f 5402/5402/5402 5403/5403/5403 5404/5404/5404 
f 5413/5413/5413 5403/5403/5403 5402/5402/5402 
f 5421/5421/5421 5422/5422/5422 5423/5423/5423 
f 5423/5423/5423 5422/5422/5422 5424/5424/5424 
f 5425/5425/5425 5426/5426/5426 5427/5427/5427 
f 5427/5427/5427 5426/5426/5426 5515/5515/5515 
f 4774/4774/4774 4775/4775/4775 4776/4776/4776 
f 4775/4775/4775 4774/4774/4774 4851/4851/4851 
f 4777/4777/4777 4778/4778/4778 4779/4779/4779 
f 4778/4778/4778 4777/4777/4777 4852/4852/4852 
f 4784/4784/4784 4785/4785/4785 4786/4786/4786 
f 4785/4785/4785 4784/4784/4784 4798/4798/4798 
f 4799/4799/4799 4800/4800/4800 4801/4801/4801 
f 4800/4800/4800 4799/4799/4799 4867/4867/4867 
f 5414/5414/5414 5415/5415/5415 5416/5416/5416 
f 5415/5415/5415 5414/5414/5414 5487/5487/5487 
f 5435/5435/5435 5436/5436/5436 5437/5437/5437 
f 5436/5436/5436 5435/5435/5435 5502/5502/5502 
f 5438/5438/5438 5439/5439/5439 5440/5440/5440 
f 5439/5439/5439 5438/5438/5438 5501/5501/5501 
f 5483/5483/5483 5484/5484/5484 5485/5485/5485 
f 5484/5484/5484 5483/5483/5483 5486/5486/5486 
f 4763/4763/4763 4764/4764/4764 4765/4765/4765 
f 4764/4764/4764 4763/4763/4763 4772/4772/4772 
f 4769/4769/4769 4770/4770/4770 4771/4771/4771 
f 4770/4770/4770 4769/4769/4769 4780/4780/4780 
f 4791/4791/4791 4792/4792/4792 4793/4793/4793 
f 4792/4792/4792 4791/4791/4791 4794/4794/4794 
f 4795/4795/4795 4796/4796/4796 4797/4797/4797 
f 4796/4796/4796 4795/4795/4795 5009/5009/5009 
f 5492/5492/5492 5493/5493/5493 5494/5494/5494 
f 5493/5493/5493 5492/5492/5492 5500/5500/5500 
f 5496/5496/5496 5497/5497/5497 5498/5498/5498 
f 5497/5497/5497 5496/5496/5496 5499/5499/5499 
f 5503/5503/5503 5504/5504/5504 5505/5505/5505 
f 5504/5504/5504 5503/5503/5503 5514/5514/5514 
f 5511/5511/5511 5512/5512/5512 5513/5513/5513 
f 5512/5512/5512 5511/5511/5511 5540/5540/5540 
f 4931/4931/4931 4932/4932/4932 4933/4933/4933 
f 4932/4932/4932 4931/4931/4931 4934/4934/4934 
f 5000/5000/5000 5001/5001/5001 5002/5002/5002 
f 5001/5001/5001 5000/5000/5000 5003/5003/5003 
f 5555/5555/5555 5556/5556/5556 5557/5557/5557 
f 5555/5555/5555 5558/5558/5558 5556/5556/5556 
f 5621/5621/5621 5622/5622/5622 5623/5623/5623 
f 5621/5621/5621 5626/5626/5626 5622/5622/5622 
f 4943/4943/4943 4944/4944/4944 4945/4945/4945 
f 4945/4945/4945 4944/4944/4944 4952/4952/4952 
f 4943/4943/4943 4953/4953/4953 4944/4944/4944 
f 4945/4945/4945 4952/4952/4952 4946/4946/4946 
f 4954/4954/4954 4953/4953/4953 4943/4943/4943 
f 4946/4946/4946 4952/4952/4952 4947/4947/4947 
f 4954/4954/4954 5012/5012/5012 4953/4953/4953 
f 4946/4946/4946 4947/4947/4947 4948/4948/4948 
f 5011/5011/5011 5012/5012/5012 4954/4954/4954 
f 5011/5011/5011 5018/5018/5018 5012/5012/5012 
f 5023/5023/5023 5018/5018/5018 5011/5011/5011 
f 4948/4948/4948 4947/4947/4947 4950/4950/4950 
f 4948/4948/4948 4950/4950/4950 4949/4949/4949 
f 4949/4949/4949 4950/4950/4950 4951/4951/4951 
f 5544/5544/5544 5545/5545/5545 5546/5546/5546 
f 5545/5545/5545 5544/5544/5544 5560/5560/5560 
f 5559/5559/5559 5560/5560/5560 5544/5544/5544 
f 5560/5560/5560 5559/5559/5559 5573/5573/5573 
f 5632/5632/5632 5573/5573/5573 5559/5559/5559 
f 5573/5573/5573 5632/5632/5632 5631/5631/5631 
f 5630/5630/5630 5631/5631/5631 5632/5632/5632 
f 5631/5631/5631 5630/5630/5630 5633/5633/5633 
f 5629/5629/5629 5633/5633/5633 5630/5630/5630 
f 5633/5633/5633 5629/5629/5629 5628/5628/5628 
f 5627/5627/5627 5628/5628/5628 5629/5629/5629 
f 5628/5628/5628 5627/5627/5627 5634/5634/5634 
f 5635/5635/5635 5634/5634/5634 5627/5627/5627 
f 5634/5634/5634 5635/5635/5635 5636/5636/5636 
f 5161/5161/5161 5162/5162/5162 5163/5163/5163 
f 5161/5161/5161 5167/5167/5167 5162/5162/5162 
f 5171/5171/5171 5172/5172/5172 5173/5173/5173 
f 5171/5171/5171 5174/5174/5174 5172/5172/5172 
f 5690/5690/5690 5691/5691/5691 5692/5692/5692 
f 5691/5691/5691 5690/5690/5690 5693/5693/5693 
f 5695/5695/5695 5696/5696/5696 5697/5697/5697 
f 5696/5696/5696 5695/5695/5695 5702/5702/5702 
f 4854/4854/4854 4855/4855/4855 4856/4856/4856 
f 4856/4856/4856 4859/4859/4859 4854/4854/4854 
f 4860/4860/4860 4861/4861/4861 4862/4862/4862 
f 4862/4862/4862 4863/4863/4863 4860/4860/4860 
f 4868/4868/4868 4869/4869/4869 4870/4870/4870 
f 4870/4870/4870 4876/4876/4876 4868/4868/4868 
f 4877/4877/4877 4878/4878/4878 4879/4879/4879 
f 4879/4879/4879 5010/5010/5010 4877/4877/4877 
f 5406/5406/5406 5407/5407/5407 5408/5408/5408 
f 5417/5417/5417 5407/5407/5407 5406/5406/5406 
f 5409/5409/5409 5410/5410/5410 5411/5411/5411 
f 5412/5412/5412 5410/5410/5410 5409/5409/5409 
f 5428/5428/5428 5429/5429/5429 5430/5430/5430 
f 5431/5431/5431 5429/5429/5429 5428/5428/5428 
f 5432/5432/5432 5433/5433/5433 5434/5434/5434 
f 5434/5434/5434 5433/5433/5433 5547/5547/5547 
f 4781/4781/4781 4782/4782/4782 4783/4783/4783 
f 4782/4782/4782 4781/4781/4781 4853/4853/4853 
f 4802/4802/4802 4803/4803/4803 4804/4804/4804 
f 4803/4803/4803 4802/4802/4802 4871/4871/4871 
f 5024/5024/5024 5025/5025/5025 5026/5026/5026 
f 5025/5025/5025 5024/5024/5024 5030/5030/5030 
f 5201/5201/5201 5202/5202/5202 5203/5203/5203 
f 5202/5202/5202 5201/5201/5201 5204/5204/5204 
f 5418/5418/5418 5419/5419/5419 5420/5420/5420 
f 5419/5419/5419 5418/5418/5418 5488/5488/5488 
f 5441/5441/5441 5442/5442/5442 5443/5443/5443 
f 5442/5442/5442 5441/5441/5441 5506/5506/5506 
f 5637/5637/5637 5638/5638/5638 5639/5639/5639 
f 5638/5638/5638 5637/5637/5637 5878/5878/5878 
f 5729/5729/5729 5730/5730/5730 5731/5731/5731 
f 5730/5730/5730 5729/5729/5729 5751/5751/5751 
f 5027/5027/5027 5028/5028/5028 5029/5029/5029 
f 5028/5028/5028 5027/5027/5027 5031/5031/5031 
f 5032/5032/5032 5033/5033/5033 5034/5034/5034 
f 5033/5033/5033 5032/5032/5032 5053/5053/5053 
f 5049/5049/5049 5050/5050/5050 5051/5051/5051 
f 5050/5050/5050 5049/5049/5049 5052/5052/5052 
f 5193/5193/5193 5194/5194/5194 5195/5195/5195 
f 5194/5194/5194 5193/5193/5193 5196/5196/5196 
f 5732/5732/5732 5733/5733/5733 5734/5734/5734 
f 5733/5733/5733 5732/5732/5732 5735/5735/5735 
f 5740/5740/5740 5741/5741/5741 5742/5742/5742 
f 5741/5741/5741 5740/5740/5740 5756/5756/5756 
f 5752/5752/5752 5753/5753/5753 5754/5754/5754 
f 5753/5753/5753 5752/5752/5752 5755/5755/5755 
f 5887/5887/5887 5888/5888/5888 5889/5889/5889 
f 5888/5888/5888 5887/5887/5887 5890/5890/5890 
f 5164/5164/5164 5165/5165/5165 5166/5166/5166 
f 5164/5164/5164 5166/5166/5166 5178/5178/5178 
f 5175/5175/5175 5176/5176/5176 5177/5177/5177 
f 5175/5175/5175 5177/5177/5177 5184/5184/5184 
f 5699/5699/5699 5700/5700/5700 5701/5701/5701 
f 5700/5700/5700 5699/5699/5699 5713/5713/5713 
f 5703/5703/5703 5704/5704/5704 5705/5705/5705 
f 5704/5704/5704 5703/5703/5703 5706/5706/5706 
f 5213/5213/5213 5214/5214/5214 5215/5215/5215 
f 5213/5213/5213 5215/5215/5215 5216/5216/5216 
f 5217/5217/5217 5218/5218/5218 5219/5219/5219 
f 5218/5218/5218 5217/5217/5217 5220/5220/5220 
f 5904/5904/5904 5905/5905/5905 5906/5906/5906 
f 5907/5907/5907 5906/5906/5906 5905/5905/5905 
f 5908/5908/5908 5909/5909/5909 5910/5910/5910 
f 5911/5911/5911 5910/5910/5910 5909/5909/5909 
f 5180/5180/5180 5181/5181/5181 5182/5182/5182 
f 5180/5180/5180 5183/5183/5183 5181/5181/5181 
f 5186/5186/5186 5187/5187/5187 5188/5188/5188 
f 5186/5186/5186 5189/5189/5189 5187/5187/5187 
f 5708/5708/5708 5709/5709/5709 5710/5710/5710 
f 5709/5709/5709 5708/5708/5708 5711/5711/5711 
f 5714/5714/5714 5715/5715/5715 5716/5716/5716 
f 5715/5715/5715 5714/5714/5714 5717/5717/5717 
f 5210/5210/5210 5211/5211/5211 5212/5212/5212 
f 5210/5210/5210 5212/5212/5212 5221/5221/5221 
f 5274/5274/5274 5275/5275/5275 5276/5276/5276 
f 5277/5277/5277 5278/5278/5278 5279/5279/5279 
f 5287/5287/5287 5288/5288/5288 5289/5289/5289 
f 5288/5288/5288 5287/5287/5287 5290/5290/5290 
f 5287/5287/5287 5807/5807/5807 5290/5290/5290 
f 5287/5287/5287 5806/5806/5806 5807/5807/5807 
f 5815/5815/5815 5816/5816/5816 5817/5817/5817 
f 5818/5818/5818 5819/5819/5819 5820/5820/5820 
f 5883/5883/5883 5884/5884/5884 5885/5885/5885 
f 5884/5884/5884 5883/5883/5883 5900/5900/5900 
f 5250/5250/5250 5251/5251/5251 5252/5252/5252 
f 5250/5250/5250 5253/5253/5253 5251/5251/5251 
f 5284/5284/5284 5285/5285/5285 5286/5286/5286 
f 5284/5284/5284 5292/5292/5292 5285/5285/5285 
f 5811/5811/5811 5812/5812/5812 5813/5813/5813 
f 5812/5812/5812 5811/5811/5811 5814/5814/5814 
f 5917/5917/5917 5918/5918/5918 5919/5919/5919 
f 5918/5918/5918 5917/5917/5917 5920/5920/5920 
f 5038/5038/5038 5039/5039/5039 5040/5040/5040 
f 5040/5040/5040 5044/5044/5044 5038/5038/5038 
f 5041/5041/5041 5042/5042/5042 5043/5043/5043 
f 5043/5043/5043 5065/5065/5065 5041/5041/5041 
f 5058/5058/5058 5059/5059/5059 5060/5060/5060 
f 5060/5060/5060 5061/5061/5061 5058/5058/5058 
f 5062/5062/5062 5063/5063/5063 5064/5064/5064 
f 5064/5064/5064 5205/5205/5205 5062/5062/5062 
f 5719/5719/5719 5720/5720/5720 5721/5721/5721 
f 5725/5725/5725 5720/5720/5720 5719/5719/5719 
f 5722/5722/5722 5723/5723/5723 5724/5724/5724 
f 5724/5724/5724 5723/5723/5723 5747/5747/5747 
f 5743/5743/5743 5744/5744/5744 5745/5745/5745 
f 5745/5745/5745 5744/5744/5744 5746/5746/5746 
f 5748/5748/5748 5749/5749/5749 5750/5750/5750 
f 5750/5750/5750 5749/5749/5749 5879/5879/5879 
f 5035/5035/5035 5036/5036/5036 5037/5037/5037 
f 5036/5036/5036 5035/5035/5035 5066/5066/5066 
f 5045/5045/5045 5046/5046/5046 5047/5047/5047 
f 5046/5046/5046 5045/5045/5045 5048/5048/5048 
f 5054/5054/5054 5055/5055/5055 5056/5056/5056 
f 5055/5055/5055 5054/5054/5054 5057/5057/5057 
f 5206/5206/5206 5207/5207/5207 5208/5208/5208 
f 5207/5207/5207 5206/5206/5206 5209/5209/5209 
f 5226/5226/5226 5227/5227/5227 5228/5228/5228 
f 5293/5293/5293 5228/5228/5228 5227/5227/5227 
f 5726/5726/5726 5727/5727/5727 5728/5728/5728 
f 5727/5727/5727 5726/5726/5726 5739/5739/5739 
f 5736/5736/5736 5737/5737/5737 5738/5738/5738 
f 5737/5737/5737 5736/5736/5736 5797/5797/5797 
f 5757/5757/5757 5758/5758/5758 5759/5759/5759 
f 5758/5758/5758 5757/5757/5757 5760/5760/5760 
f 5823/5823/5823 5824/5824/5824 5825/5825/5825 
f 5823/5823/5823 5895/5895/5895 5824/5824/5824 
f 5880/5880/5880 5881/5881/5881 5882/5882/5882 
f 5881/5881/5881 5880/5880/5880 5886/5886/5886 
f 5067/5067/5067 5068/5068/5068 5069/5069/5069 
f 5068/5068/5068 5067/5067/5067 5070/5070/5070 
f 5071/5071/5071 5072/5072/5072 5073/5073/5073 
f 5072/5072/5072 5071/5071/5071 5091/5091/5091 
f 5092/5092/5092 5093/5093/5093 5094/5094/5094 
f 5093/5093/5093 5092/5092/5092 5095/5095/5095 
f 5197/5197/5197 5198/5198/5198 5199/5199/5199 
f 5198/5198/5198 5197/5197/5197 5200/5200/5200 
f 5222/5222/5222 5223/5223/5223 5224/5224/5224 
f 5224/5224/5224 5223/5223/5223 5225/5225/5225 
f 5774/5774/5774 5775/5775/5775 5776/5776/5776 
f 5775/5775/5775 5774/5774/5774 5780/5780/5780 
f 5777/5777/5777 5778/5778/5778 5779/5779/5779 
f 5778/5778/5778 5777/5777/5777 5801/5801/5801 
f 5798/5798/5798 5799/5799/5799 5800/5800/5800 
f 5799/5799/5799 5798/5798/5798 5802/5802/5802 
f 5891/5891/5891 5892/5892/5892 5893/5893/5893 
f 5892/5892/5892 5891/5891/5891 5894/5894/5894 
f 5896/5896/5896 5897/5897/5897 5898/5898/5898 
f 5898/5898/5898 5899/5899/5899 5896/5896/5896 
f 5119/5119/5119 5120/5120/5120 5121/5121/5121 
f 5119/5119/5119 5160/5160/5160 5120/5120/5120 
f 5157/5157/5157 5158/5158/5158 5159/5159/5159 
f 5157/5157/5157 5169/5169/5169 5158/5158/5158 
f 5649/5649/5649 5650/5650/5650 5651/5651/5651 
f 5650/5650/5650 5649/5649/5649 5688/5688/5688 
f 5685/5685/5685 5686/5686/5686 5687/5687/5687 
f 5686/5686/5686 5685/5685/5685 5694/5694/5694 
f 5116/5116/5116 5117/5117/5117 5118/5118/5118 
f 5116/5116/5116 5168/5168/5168 5117/5117/5117 
f 5132/5132/5132 5133/5133/5133 5134/5134/5134 
f 5132/5132/5132 5170/5170/5170 5133/5133/5133 
f 5646/5646/5646 5647/5647/5647 5648/5648/5648 
f 5647/5647/5647 5646/5646/5646 5689/5689/5689 
f 5663/5663/5663 5664/5664/5664 5665/5665/5665 
f 5664/5664/5664 5663/5663/5663 5698/5698/5698 
f 5087/5087/5087 5088/5088/5088 5089/5089/5089 
f 5770/5770/5770 5771/5771/5771 5772/5772/5772 
f 5143/5143/5143 5144/5144/5144 5145/5145/5145 
f 5143/5143/5143 5179/5179/5179 5144/5144/5144 
f 5154/5154/5154 5155/5155/5155 5156/5156/5156 
f 5154/5154/5154 5185/5185/5185 5155/5155/5155 
f 5671/5671/5671 5672/5672/5672 5673/5673/5673 
f 5672/5672/5672 5671/5671/5671 5707/5707/5707 
f 5682/5682/5682 5683/5683/5683 5684/5684/5684 
f 5683/5683/5683 5682/5682/5682 5712/5712/5712 
f 5190/5190/5190 5191/5191/5191 5192/5192/5192 
f 5190/5190/5190 5192/5192/5192 5248/5248/5248 
f 5281/5281/5281 5282/5282/5282 5283/5283/5283 
f 5281/5281/5281 5291/5291/5291 5282/5282/5282 
f 5808/5808/5808 5809/5809/5809 5810/5810/5810 
f 5809/5809/5809 5808/5808/5808 5822/5822/5822 
f 5913/5913/5913 5914/5914/5914 5915/5915/5915 
f 5914/5914/5914 5913/5913/5913 5916/5916/5916 
f 5266/5266/5266 5267/5267/5267 5268/5268/5268 
f 5267/5267/5267 5266/5266/5266 5294/5294/5294 
f 5307/5307/5307 5308/5308/5308 5309/5309/5309 
f 5310/5310/5310 5308/5308/5308 5307/5307/5307 
f 5826/5826/5826 5827/5827/5827 5828/5828/5828 
f 5827/5827/5827 5829/5829/5829 5828/5828/5828 
f 5837/5837/5837 5838/5838/5838 5839/5839/5839 
f 5838/5838/5838 5837/5837/5837 5912/5912/5912 
f 5084/5084/5084 5085/5085/5085 5086/5086/5086 
f 5767/5767/5767 5768/5768/5768 5769/5769/5769 
f 5112/5112/5112 5113/5113/5113 5114/5114/5114 
f 5112/5112/5112 5114/5114/5114 5115/5115/5115 
f 5122/5122/5122 5123/5123/5123 5124/5124/5124 
f 5122/5122/5122 5124/5124/5124 5135/5135/5135 
f 5125/5125/5125 5126/5126/5126 5127/5127/5127 
f 5125/5125/5125 5131/5131/5131 5126/5126/5126 
f 5128/5128/5128 5129/5129/5129 5130/5130/5130 
f 5128/5128/5128 5130/5130/5130 5146/5146/5146 
f 5136/5136/5136 5137/5137/5137 5138/5138/5138 
f 5136/5136/5136 5142/5142/5142 5137/5137/5137 
f 5139/5139/5139 5140/5140/5140 5141/5141/5141 
f 5139/5139/5139 5141/5141/5141 5249/5249/5249 
f 5147/5147/5147 5148/5148/5148 5149/5149/5149 
f 5147/5147/5147 5153/5153/5153 5148/5148/5148 
f 5150/5150/5150 5151/5151/5151 5152/5152/5152 
f 5150/5150/5150 5152/5152/5152 5280/5280/5280 
f 5640/5640/5640 5641/5641/5641 5642/5642/5642 
f 5641/5641/5641 5640/5640/5640 5652/5652/5652 
f 5643/5643/5643 5644/5644/5644 5645/5645/5645 
f 5644/5644/5644 5643/5643/5643 5670/5670/5670 
f 5656/5656/5656 5657/5657/5657 5658/5658/5658 
f 5657/5657/5657 5656/5656/5656 5681/5681/5681 
f 5659/5659/5659 5660/5660/5660 5661/5661/5661 
f 5660/5660/5660 5659/5659/5659 5662/5662/5662 
f 5666/5666/5666 5667/5667/5667 5668/5668/5668 
f 5667/5667/5667 5666/5666/5666 5669/5669/5669 
f 5674/5674/5674 5675/5675/5675 5676/5676/5676 
f 5675/5675/5675 5674/5674/5674 5677/5677/5677 
f 5678/5678/5678 5679/5679/5679 5680/5680/5680 
f 5679/5679/5679 5678/5678/5678 5921/5921/5921 
f 5803/5803/5803 5804/5804/5804 5805/5805/5805 
f 5804/5804/5804 5803/5803/5803 5821/5821/5821 
f 5254/5254/5254 5255/5255/5255 5256/5256/5256 
f 5255/5255/5255 5254/5254/5254 5257/5257/5257 
f 5935/5935/5935 5936/5936/5936 5937/5937/5937 
f 5936/5936/5936 5935/5935/5935 5945/5945/5945 
f 5108/5108/5108 5109/5109/5109 5110/5110/5110 
f 5791/5791/5791 5792/5792/5792 5793/5793/5793 
f 5241/5241/5241 5242/5242/5242 5243/5243/5243 
f 5928/5928/5928 5929/5929/5929 5930/5930/5930 
f 5258/5258/5258 5259/5259/5259 5260/5260/5260 
f 5259/5259/5259 5258/5258/5258 5269/5269/5269 
f 5938/5938/5938 5939/5939/5939 5940/5940/5940 
f 5939/5939/5939 5938/5938/5938 5946/5946/5946 
f 5304/5304/5304 5305/5305/5305 5306/5306/5306 
f 5311/5311/5311 5305/5305/5305 5304/5304/5304 
f 5830/5830/5830 5831/5831/5831 5832/5832/5832 
f 5832/5832/5832 5833/5833/5833 5830/5830/5830 
f 5229/5229/5229 5230/5230/5230 5231/5231/5231 
f 5230/5230/5230 5229/5229/5229 5261/5261/5261 
f 5238/5238/5238 5239/5239/5239 5240/5240/5240 
f 5244/5244/5244 5245/5245/5245 5246/5246/5246 
f 5245/5245/5245 5244/5244/5244 5247/5247/5247 
f 5262/5262/5262 5263/5263/5263 5264/5264/5264 
f 5263/5263/5263 5262/5262/5262 5265/5265/5265 
f 5270/5270/5270 5271/5271/5271 5272/5272/5272 
f 5271/5271/5271 5270/5270/5270 5316/5316/5316 
f 5273/5273/5273 5270/5270/5270 5272/5272/5272 
f 5270/5270/5270 5273/5273/5273 5315/5315/5315 
f 5301/5301/5301 5302/5302/5302 5303/5303/5303 
f 5302/5302/5302 5301/5301/5301 5334/5334/5334 
f 5312/5312/5312 5313/5313/5313 5314/5314/5314 
f 5313/5313/5313 5312/5312/5312 5344/5344/5344 
f 5317/5317/5317 5318/5318/5318 5319/5319/5319 
f 5318/5318/5318 5317/5317/5317 5320/5320/5320 
f 5321/5321/5321 5322/5322/5322 5323/5323/5323 
f 5322/5322/5322 5321/5321/5321 5324/5324/5324 
f 5321/5321/5321 5850/5850/5850 5324/5324/5324 
f 5321/5321/5321 5856/5856/5856 5850/5850/5850 
f 5325/5325/5325 5326/5326/5326 5327/5327/5327 
f 5326/5326/5326 5325/5325/5325 5332/5332/5332 
f 5328/5328/5328 5329/5329/5329 5330/5330/5330 
f 5331/5331/5331 5329/5329/5329 5328/5328/5328 
f 5854/5854/5854 5329/5329/5329 5331/5331/5331 
f 5329/5329/5329 5854/5854/5854 5855/5855/5855 
f 5834/5834/5834 5835/5835/5835 5836/5836/5836 
f 5835/5835/5835 5834/5834/5834 5849/5849/5849 
f 5846/5846/5846 5847/5847/5847 5848/5848/5848 
f 5846/5846/5846 5872/5872/5872 5847/5847/5847 
f 5851/5851/5851 5852/5852/5852 5853/5853/5853 
f 5853/5853/5853 5852/5852/5852 5866/5866/5866 
f 5857/5857/5857 5858/5858/5858 5859/5859/5859 
f 5858/5858/5858 5877/5877/5877 5859/5859/5859 
f 5859/5859/5859 5877/5877/5877 5860/5860/5860 
f 5859/5859/5859 5860/5860/5860 5861/5861/5861 
f 5862/5862/5862 5863/5863/5863 5864/5864/5864 
f 5862/5862/5862 5865/5865/5865 5863/5863/5863 
f 5901/5901/5901 5902/5902/5902 5903/5903/5903 
f 5902/5902/5902 5901/5901/5901 5947/5947/5947 
f 5925/5925/5925 5926/5926/5926 5927/5927/5927 
f 5931/5931/5931 5932/5932/5932 5933/5933/5933 
f 5932/5932/5932 5931/5931/5931 5934/5934/5934 
f 5941/5941/5941 5942/5942/5942 5943/5943/5943 
f 5942/5942/5942 5941/5941/5941 5944/5944/5944 
f 5298/5298/5298 5299/5299/5299 5300/5300/5300 
f 5333/5333/5333 5299/5299/5299 5298/5298/5298 
f 5843/5843/5843 5844/5844/5844 5845/5845/5845 
f 5845/5845/5845 5873/5873/5873 5843/5843/5843 
f 5105/5105/5105 5106/5106/5106 5107/5107/5107 
f 5105/5105/5105 5111/5111/5111 5106/5106/5106 
f 5653/5653/5653 5654/5654/5654 5655/5655/5655 
f 5654/5654/5654 5653/5653/5653 5718/5718/5718 
f 4974/4974/4974 4975/4975/4975 4976/4976/4976 
f 4974/4974/4974 4992/4992/4992 4975/4975/4975 
f 5530/5530/5530 5531/5531/5531 5532/5532/5532 
f 5531/5531/5531 5530/5530/5530 5536/5536/5536 
f 4986/4986/4986 4987/4987/4987 4988/4988/4988 
f 5529/5529/5529 4987/4987/4987 4986/4986/4986 
f 5338/5338/5338 5339/5339/5339 5340/5340/5340 
f 5339/5339/5339 5338/5338/5338 5871/5871/5871 
f 5341/5341/5341 5342/5342/5342 5343/5343/5343 
f 5342/5342/5342 5341/5341/5341 5867/5867/5867 
f 5345/5345/5345 5346/5346/5346 5347/5347/5347 
f 5346/5346/5346 5345/5345/5345 5868/5868/5868 
f 5348/5348/5348 5349/5349/5349 5350/5350/5350 
f 5349/5349/5349 5348/5348/5348 5869/5869/5869 
f 5351/5351/5351 5352/5352/5352 5353/5353/5353 
f 5352/5352/5352 5351/5351/5351 5870/5870/5870 
f 6297/6297/6297 6298/6298/6298 6299/6299/6299 
f 6298/6298/6298 6297/6297/6297 6300/6300/6300 
f 6988/6988/6988 6989/6989/6989 6990/6990/6990 
f 6989/6989/6989 6988/6988/6988 6991/6991/6991 
f 5948/5948/5948 5949/5949/5949 5950/5950/5950 
f 5951/5951/5951 5948/5948/5948 5950/5950/5950 
f 5952/5952/5952 5953/5953/5953 5954/5954/5954 
f 5955/5955/5955 5952/5952/5952 5954/5954/5954 
f 5990/5990/5990 5991/5991/5991 5992/5992/5992 
f 5993/5993/5993 5990/5990/5990 5992/5992/5992 
f 5994/5994/5994 5995/5995/5995 5996/5996/5996 
f 5997/5997/5997 5994/5994/5994 5996/5996/5996 
f 6258/6258/6258 6259/6259/6259 6260/6260/6260 
f 6261/6261/6261 6258/6258/6258 6260/6260/6260 
f 6636/6636/6636 6637/6637/6637 6638/6638/6638 
f 6644/6644/6644 6637/6637/6637 6636/6636/6636 
f 6641/6641/6641 6642/6642/6642 6643/6643/6643 
f 6651/6651/6651 6642/6642/6642 6641/6641/6641 
f 6672/6672/6672 6673/6673/6673 6674/6674/6674 
f 6680/6680/6680 6673/6673/6673 6672/6672/6672 
f 6677/6677/6677 6678/6678/6678 6679/6679/6679 
f 6687/6687/6687 6678/6678/6678 6677/6677/6677 
f 6951/6951/6951 6952/6952/6952 6953/6953/6953 
f 6957/6957/6957 6952/6952/6952 6951/6951/6951 
f 6301/6301/6301 6302/6302/6302 6303/6303/6303 
f 6302/6302/6302 6301/6301/6301 6313/6313/6313 
f 6982/6982/6982 6983/6983/6983 6984/6984/6984 
f 6985/6985/6985 6982/6982/6982 6984/6984/6984 
f 5956/5956/5956 5957/5957/5957 5958/5958/5958 
f 5958/5958/5958 5959/5959/5959 5956/5956/5956 
f 5964/5964/5964 5965/5965/5965 5966/5966/5966 
f 5966/5966/5966 5998/5998/5998 5964/5964/5964 
f 6005/6005/6005 6006/6006/6006 6007/6007/6007 
f 6007/6007/6007 6028/6028/6028 6005/6005/6005 
f 6077/6077/6077 6078/6078/6078 6079/6079/6079 
f 6079/6079/6079 6257/6257/6257 6077/6077/6077 
f 6262/6262/6262 6263/6263/6263 6264/6264/6264 
f 6264/6264/6264 6265/6265/6265 6262/6262/6262 
f 6562/6562/6562 6563/6563/6563 6564/6564/6564 
f 6640/6640/6640 6563/6563/6563 6562/6562/6562 
f 6602/6602/6602 6603/6603/6603 6604/6604/6604 
f 6671/6671/6671 6603/6603/6603 6602/6602/6602 
f 6606/6606/6606 6607/6607/6607 6608/6608/6608 
f 6858/6858/6858 6607/6607/6607 6606/6606/6606 
f 6632/6632/6632 6633/6633/6633 6634/6634/6634 
f 6635/6635/6635 6633/6633/6633 6632/6632/6632 
f 6948/6948/6948 6949/6949/6949 6950/6950/6950 
f 6958/6958/6958 6949/6949/6949 6948/6948/6948 
f 6084/6084/6084 6085/6085/6085 6086/6086/6086 
f 6085/6085/6085 6084/6084/6084 6553/6553/6553 
f 6378/6378/6378 6379/6379/6379 6380/6380/6380 
f 6378/6378/6378 6381/6381/6381 6379/6379/6379 
f 6382/6382/6382 6383/6383/6383 6384/6384/6384 
f 6382/6382/6382 6390/6390/6390 6383/6383/6383 
f 6909/6909/6909 6910/6910/6910 6911/6911/6911 
f 6910/6910/6910 6909/6909/6909 6912/6912/6912 
f 6918/6918/6918 6919/6919/6919 6920/6920/6920 
f 6919/6919/6919 6918/6918/6918 6921/6921/6921 
f 6340/6340/6340 6341/6341/6341 6342/6342/6342 
f 6340/6340/6340 6376/6376/6376 6341/6341/6341 
f 6373/6373/6373 6374/6374/6374 6375/6375/6375 
f 6373/6373/6373 6385/6385/6385 6374/6374/6374 
f 6866/6866/6866 6867/6867/6867 6868/6868/6868 
f 6867/6867/6867 6866/6866/6866 6907/6907/6907 
f 6904/6904/6904 6905/6905/6905 6906/6906/6906 
f 6905/6905/6905 6904/6904/6904 6916/6916/6916 
f 6042/6042/6042 6043/6043/6043 6044/6044/6044 
f 6043/6043/6043 6042/6042/6042 6546/6546/6546 
f 6304/6304/6304 6305/6305/6305 6306/6306/6306 
f 6305/6305/6305 6304/6304/6304 6332/6332/6332 
f 6937/6937/6937 6938/6938/6938 6939/6939/6939 
f 6977/6977/6977 6937/6937/6937 6939/6939/6939 
f 6029/6029/6029 6030/6030/6030 6031/6031/6031 
f 6031/6031/6031 6041/6041/6041 6029/6029/6029 
f 6035/6035/6035 6036/6036/6036 6037/6037/6037 
f 6037/6037/6037 6046/6046/6046 6035/6035/6035 
f 6071/6071/6071 6072/6072/6072 6073/6073/6073 
f 6073/6073/6073 6083/6083/6083 6071/6071/6071 
f 6088/6088/6088 6089/6089/6089 6090/6090/6090 
f 6090/6090/6090 6266/6266/6266 6088/6088/6088 
f 6268/6268/6268 6269/6269/6269 6270/6270/6270 
f 6270/6270/6270 6295/6295/6295 6268/6268/6268 
f 6337/6337/6337 6338/6338/6338 6339/6339/6339 
f 6337/6337/6337 6347/6347/6347 6338/6338/6338 
f 6343/6343/6343 6344/6344/6344 6345/6345/6345 
f 6343/6343/6343 6348/6348/6348 6344/6344/6344 
f 6554/6554/6554 6555/6555/6555 6556/6556/6556 
f 6557/6557/6557 6555/6555/6555 6554/6554/6554 
f 6559/6559/6559 6560/6560/6560 6561/6561/6561 
f 6587/6587/6587 6560/6560/6560 6559/6559/6559 
f 6588/6588/6588 6589/6589/6589 6590/6590/6590 
f 6601/6601/6601 6589/6589/6589 6588/6588/6588 
f 6597/6597/6597 6598/6598/6598 6599/6599/6599 
f 6940/6940/6940 6598/6598/6598 6597/6597/6597 
f 6859/6859/6859 6860/6860/6860 6861/6861/6861 
f 6860/6860/6860 6859/6859/6859 6865/6865/6865 
f 6869/6869/6869 6870/6870/6870 6871/6871/6871 
f 6870/6870/6870 6869/6869/6869 6878/6878/6878 
f 6942/6942/6942 6943/6943/6943 6944/6944/6944 
f 6986/6986/6986 6943/6943/6943 6942/6942/6942 
f 5967/5967/5967 5968/5968/5968 5969/5969/5969 
f 5970/5970/5970 5967/5967/5967 5969/5969/5969 
f 5974/5974/5974 5975/5975/5975 5976/5976/5976 
f 5975/5975/5975 5980/5980/5980 5976/5976/5976 
f 6009/6009/6009 6010/6010/6010 6011/6011/6011 
f 6012/6012/6012 6009/6009/6009 6011/6011/6011 
f 6019/6019/6019 6020/6020/6020 6021/6021/6021 
f 6020/6020/6020 6022/6022/6022 6021/6021/6021 
f 6277/6277/6277 6278/6278/6278 6279/6279/6279 
f 6284/6284/6284 6277/6277/6277 6279/6279/6279 
f 6315/6315/6315 6316/6316/6316 6317/6317/6317 
f 6316/6316/6316 6315/6315/6315 6322/6322/6322 
f 6645/6645/6645 6646/6646/6646 6647/6647/6647 
f 6652/6652/6652 6646/6646/6646 6645/6645/6645 
f 6648/6648/6648 6649/6649/6649 6650/6650/6650 
f 6668/6668/6668 6649/6649/6649 6648/6648/6648 
f 6681/6681/6681 6682/6682/6682 6683/6683/6683 
f 6688/6688/6688 6682/6682/6682 6681/6681/6681 
f 6684/6684/6684 6685/6685/6685 6686/6686/6686 
f 6704/6704/6704 6685/6685/6685 6684/6684/6684 
f 6959/6959/6959 6960/6960/6960 6961/6961/6961 
f 6975/6975/6975 6960/6960/6960 6959/6959/6959 
f 6998/6998/6998 6999/6999/6999 7000/7000/7000 
f 6999/6999/6999 6998/6998/6998 7005/7005/7005 
f 6310/6310/6310 6311/6311/6311 6312/6312/6312 
f 6311/6311/6311 6310/6310/6310 6314/6314/6314 
f 6979/6979/6979 6980/6980/6980 6981/6981/6981 
f 6980/6980/6980 6992/6992/6992 6981/6981/6981 
f 5960/5960/5960 5961/5961/5961 5962/5962/5962 
f 5962/5962/5962 5963/5963/5963 5960/5960/5960 
f 5999/5999/5999 6000/6000/6000 6001/6001/6001 
f 6001/6001/6001 6008/6008/6008 5999/5999/5999 
f 6002/6002/6002 6003/6003/6003 6004/6004/6004 
f 6004/6004/6004 6048/6048/6048 6002/6002/6002 
f 6080/6080/6080 6081/6081/6081 6082/6082/6082 
f 6082/6082/6082 6256/6256/6256 6080/6080/6080 
f 6274/6274/6274 6275/6275/6275 6276/6276/6276 
f 6276/6276/6276 6294/6294/6294 6274/6274/6274 
f 6565/6565/6565 6566/6566/6566 6567/6567/6567 
f 6639/6639/6639 6566/6566/6566 6565/6565/6565 
f 6581/6581/6581 6582/6582/6582 6583/6583/6583 
f 6670/6670/6670 6582/6582/6582 6581/6581/6581 
f 6609/6609/6609 6610/6610/6610 6611/6611/6611 
f 6675/6675/6675 6610/6610/6610 6609/6609/6609 
f 6629/6629/6629 6630/6630/6630 6631/6631/6631 
f 6676/6676/6676 6630/6630/6630 6629/6629/6629 
f 6954/6954/6954 6955/6955/6955 6956/6956/6956 
f 6976/6976/6976 6955/6955/6955 6954/6954/6954 
f 6387/6387/6387 6388/6388/6388 6389/6389/6389 
f 6387/6387/6387 6405/6405/6405 6388/6388/6388 
f 6391/6391/6391 6392/6392/6392 6393/6393/6393 
f 6391/6391/6391 6399/6399/6399 6392/6392/6392 
f 6913/6913/6913 6914/6914/6914 6915/6915/6915 
f 6914/6914/6914 6913/6913/6913 6930/6930/6930 
f 6922/6922/6922 6923/6923/6923 6924/6924/6924 
f 6923/6923/6923 6922/6922/6922 6936/6936/6936 
f 6359/6359/6359 6360/6360/6360 6361/6361/6361 
f 6359/6359/6359 6377/6377/6377 6360/6360/6360 
f 6370/6370/6370 6371/6371/6371 6372/6372/6372 
f 6370/6370/6370 6386/6386/6386 6371/6371/6371 
f 6888/6888/6888 6889/6889/6889 6890/6890/6890 
f 6889/6889/6889 6888/6888/6888 6908/6908/6908 
f 6901/6901/6901 6902/6902/6902 6903/6903/6903 
f 6902/6902/6902 6901/6901/6901 6917/6917/6917 
f 5971/5971/5971 5972/5972/5972 5973/5973/5973 
f 5972/5972/5972 5984/5984/5984 5973/5973/5973 
f 5977/5977/5977 5978/5978/5978 5979/5979/5979 
f 5978/5978/5978 5988/5988/5988 5979/5979/5979 
f 6013/6013/6013 6014/6014/6014 6015/6015/6015 
f 6014/6014/6014 6023/6023/6023 6015/6015/6015 
f 6016/6016/6016 6017/6017/6017 6018/6018/6018 
f 6017/6017/6017 6027/6027/6027 6018/6018/6018 
f 6280/6280/6280 6281/6281/6281 6282/6282/6282 
f 6283/6283/6283 6280/6280/6280 6282/6282/6282 
f 6661/6661/6661 6662/6662/6662 6663/6663/6663 
f 6667/6667/6667 6662/6662/6662 6661/6661/6661 
f 6664/6664/6664 6665/6665/6665 6666/6666/6666 
f 6669/6669/6669 6665/6665/6665 6664/6664/6664 
f 6692/6692/6692 6693/6693/6693 6694/6694/6694 
f 6702/6702/6702 6693/6693/6693 6692/6692/6692 
f 6699/6699/6699 6700/6700/6700 6701/6701/6701 
f 6703/6703/6703 6700/6700/6700 6699/6699/6699 
f 6971/6971/6971 6972/6972/6972 6973/6973/6973 
f 6974/6974/6974 6972/6972/6972 6971/6971/6971 
f 6319/6319/6319 6320/6320/6320 6321/6321/6321 
f 6320/6320/6320 6319/6319/6319 6323/6323/6323 
f 7001/7001/7001 7002/7002/7002 7003/7003/7003 
f 7002/7002/7002 7001/7001/7001 7006/7006/7006 
f 6307/6307/6307 6308/6308/6308 6309/6309/6309 
f 6308/6308/6308 6307/6307/6307 6333/6333/6333 
f 6872/6872/6872 6873/6873/6873 6874/6874/6874 
f 6978/6978/6978 6872/6872/6872 6874/6874/6874 
f 6032/6032/6032 6033/6033/6033 6034/6034/6034 
f 6034/6034/6034 6045/6045/6045 6032/6032/6032 
f 6038/6038/6038 6039/6039/6039 6040/6040/6040 
f 6040/6040/6040 6047/6047/6047 6038/6038/6038 
f 6074/6074/6074 6075/6075/6075 6076/6076/6076 
f 6076/6076/6076 6087/6087/6087 6074/6074/6074 
f 6091/6091/6091 6092/6092/6092 6093/6093/6093 
f 6093/6093/6093 6267/6267/6267 6091/6091/6091 
f 6271/6271/6271 6272/6272/6272 6273/6273/6273 
f 6273/6273/6273 6296/6296/6296 6271/6271/6271 
f 6334/6334/6334 6335/6335/6335 6336/6336/6336 
f 6334/6334/6334 6346/6346/6346 6335/6335/6335 
f 6349/6349/6349 6350/6350/6350 6351/6351/6351 
f 6349/6349/6349 6365/6365/6365 6350/6350/6350 
f 6547/6547/6547 6548/6548/6548 6549/6549/6549 
f 6558/6558/6558 6548/6548/6548 6547/6547/6547 
f 6550/6550/6550 6551/6551/6551 6552/6552/6552 
f 6600/6600/6600 6551/6551/6551 6550/6550/6550 
f 6591/6591/6591 6592/6592/6592 6593/6593/6593 
f 6605/6605/6605 6592/6592/6592 6591/6591/6591 
f 6594/6594/6594 6595/6595/6595 6596/6596/6596 
f 6941/6941/6941 6595/6595/6595 6594/6594/6594 
f 6862/6862/6862 6863/6863/6863 6864/6864/6864 
f 6863/6863/6863 6862/6862/6862 6880/6880/6880 
f 6875/6875/6875 6876/6876/6876 6877/6877/6877 
f 6876/6876/6876 6875/6875/6875 6879/6879/6879 
f 6945/6945/6945 6946/6946/6946 6947/6947/6947 
f 6987/6987/6987 6946/6946/6946 6945/6945/6945 
f 5981/5981/5981 5982/5982/5982 5983/5983/5983 
f 5983/5983/5983 6049/6049/6049 5981/5981/5981 
f 5985/5985/5985 5986/5986/5986 5987/5987/5987 
f 5987/5987/5987 5989/5989/5989 5985/5985/5985 
f 6024/6024/6024 6025/6025/6025 6026/6026/6026 
f 6026/6026/6026 6097/6097/6097 6024/6024/6024 
f 6100/6100/6100 6101/6101/6101 6102/6102/6102 
f 6102/6102/6102 6285/6285/6285 6100/6100/6100 
f 6290/6290/6290 6291/6291/6291 6292/6292/6292 
f 6292/6292/6292 6293/6293/6293 6290/6290/6290 
f 6653/6653/6653 6654/6654/6654 6655/6655/6655 
f 6656/6656/6656 6654/6654/6654 6653/6653/6653 
f 6657/6657/6657 6658/6658/6658 6659/6659/6659 
f 6660/6660/6660 6658/6658/6658 6657/6657/6657 
f 6689/6689/6689 6690/6690/6690 6691/6691/6691 
f 6695/6695/6695 6690/6690/6690 6689/6689/6689 
f 6696/6696/6696 6697/6697/6697 6698/6698/6698 
f 6963/6963/6963 6697/6697/6697 6696/6696/6696 
f 6967/6967/6967 6968/6968/6968 6969/6969/6969 
f 6970/6970/6970 6968/6968/6968 6967/6967/6967 
f 6327/6327/6327 6328/6328/6328 6329/6329/6329 
f 6328/6328/6328 6327/6327/6327 6330/6330/6330 
f 6994/6994/6994 6995/6995/6995 6996/6996/6996 
f 6995/6995/6995 6997/6997/6997 6996/6996/6996 
f 6395/6395/6395 6396/6396/6396 6397/6397/6397 
f 6395/6395/6395 6398/6398/6398 6396/6396/6396 
f 6400/6400/6400 6401/6401/6401 6402/6402/6402 
f 6400/6400/6400 6404/6404/6404 6401/6401/6401 
f 6926/6926/6926 6927/6927/6927 6928/6928/6928 
f 6927/6927/6927 6926/6926/6926 6929/6929/6929 
f 6932/6932/6932 6933/6933/6933 6934/6934/6934 
f 6933/6933/6933 6932/6932/6932 6935/6935/6935 
f 6356/6356/6356 6357/6357/6357 6358/6358/6358 
f 6356/6356/6356 6394/6394/6394 6357/6357/6357 
f 6367/6367/6367 6368/6368/6368 6369/6369/6369 
f 6367/6367/6367 6403/6403/6403 6368/6368/6368 
f 6885/6885/6885 6886/6886/6886 6887/6887/6887 
f 6886/6886/6886 6885/6885/6885 6925/6925/6925 
f 6898/6898/6898 6899/6899/6899 6900/6900/6900 
f 6899/6899/6899 6898/6898/6898 6931/6931/6931 
f 6193/6193/6193 6194/6194/6194 6195/6195/6195 
f 6194/6194/6194 6201/6201/6201 6195/6195/6195 
f 6196/6196/6196 6197/6197/6197 6198/6198/6198 
f 6197/6197/6197 6200/6200/6200 6198/6198/6198 
f 6225/6225/6225 6226/6226/6226 6227/6227/6227 
f 6226/6226/6226 6235/6235/6235 6227/6227/6227 
f 6232/6232/6232 6233/6233/6233 6234/6234/6234 
f 6233/6233/6233 6240/6240/6240 6234/6234/6234 
f 6420/6420/6420 6421/6421/6421 6422/6422/6422 
f 6424/6424/6424 6420/6420/6420 6422/6422/6422 
f 6709/6709/6709 6710/6710/6710 6711/6711/6711 
f 6719/6719/6719 6710/6710/6710 6709/6709/6709 
f 6716/6716/6716 6717/6717/6717 6718/6718/6718 
f 6726/6726/6726 6717/6717/6717 6716/6716/6716 
f 6757/6757/6757 6758/6758/6758 6759/6759/6759 
f 6764/6764/6764 6758/6758/6758 6757/6757/6757 
f 6761/6761/6761 6762/6762/6762 6763/6763/6763 
f 6770/6770/6770 6762/6762/6762 6761/6761/6761 
f 7107/7107/7107 7108/7108/7108 7109/7109/7109 
f 7110/7110/7110 7108/7108/7108 7107/7107/7107 
f 6053/6053/6053 6054/6054/6054 6055/6055/6055 
f 6055/6055/6055 6062/6062/6062 6053/6053/6053 
f 6064/6064/6064 6065/6065/6065 6066/6066/6066 
f 6066/6066/6066 6070/6070/6070 6064/6064/6064 
f 6094/6094/6094 6095/6095/6095 6096/6096/6096 
f 6096/6096/6096 6099/6099/6099 6094/6094/6094 
f 6107/6107/6107 6108/6108/6108 6109/6109/6109 
f 6109/6109/6109 6286/6286/6286 6107/6107/6107 
f 6287/6287/6287 6288/6288/6288 6289/6289/6289 
f 6289/6289/6289 6318/6318/6318 6287/6287/6287 
f 6352/6352/6352 6353/6353/6353 6354/6354/6354 
f 6352/6352/6352 6355/6355/6355 6353/6353/6353 
f 6362/6362/6362 6363/6363/6363 6364/6364/6364 
f 6362/6362/6362 6366/6366/6366 6363/6363/6363 
f 6568/6568/6568 6569/6569/6569 6570/6570/6570 
f 6580/6580/6580 6569/6569/6569 6568/6568/6568 
f 6574/6574/6574 6575/6575/6575 6576/6576/6576 
f 6585/6585/6585 6575/6575/6575 6574/6574/6574 
f 6612/6612/6612 6613/6613/6613 6614/6614/6614 
f 6624/6624/6624 6613/6613/6613 6612/6612/6612 
f 6621/6621/6621 6622/6622/6622 6623/6623/6623 
f 6962/6962/6962 6622/6622/6622 6621/6621/6621 
f 6881/6881/6881 6882/6882/6882 6883/6883/6883 
f 6882/6882/6882 6881/6881/6881 6884/6884/6884 
f 6891/6891/6891 6892/6892/6892 6893/6893/6893 
f 6892/6892/6892 6891/6891/6891 6894/6894/6894 
f 6964/6964/6964 6965/6965/6965 6966/6966/6966 
f 7004/7004/7004 6965/6965/6965 6964/6964/6964 
f 6324/6324/6324 6325/6325/6325 6326/6326/6326 
f 6325/6325/6325 6324/6324/6324 6331/6331/6331 
f 6895/6895/6895 6896/6896/6896 6897/6897/6897 
f 6993/6993/6993 6895/6895/6895 6897/6897/6897 
f 6427/6427/6427 6428/6428/6428 6429/6429/6429 
f 6428/6428/6428 6427/6427/6427 6430/6430/6430 
f 7104/7104/7104 7105/7105/7105 7106/7106/7106 
f 7105/7105/7105 7104/7104/7104 7112/7112/7112 
f 6050/6050/6050 6051/6051/6051 6052/6052/6052 
f 6052/6052/6052 6199/6199/6199 6050/6050/6050 
f 6056/6056/6056 6057/6057/6057 6058/6058/6058 
f 6058/6058/6058 6202/6202/6202 6056/6056/6056 
f 6113/6113/6113 6114/6114/6114 6115/6115/6115 
f 6115/6115/6115 6239/6239/6239 6113/6113/6113 
f 6236/6236/6236 6237/6237/6237 6238/6238/6238 
f 6238/6238/6238 6241/6241/6241 6236/6236/6236 
f 6417/6417/6417 6418/6418/6418 6419/6419/6419 
f 6419/6419/6419 6426/6426/6426 6417/6417/6417 
f 6626/6626/6626 6627/6627/6627 6628/6628/6628 
f 7078/7078/7078 6627/6627/6627 6626/6626/6626 
f 6705/6705/6705 6706/6706/6706 6707/6707/6707 
f 6708/6708/6708 6706/6706/6706 6705/6705/6705 
f 6712/6712/6712 6713/6713/6713 6714/6714/6714 
f 6715/6715/6715 6713/6713/6713 6712/6712/6712 
f 6754/6754/6754 6755/6755/6755 6756/6756/6756 
f 6760/6760/6760 6755/6755/6755 6754/6754/6754 
f 7093/7093/7093 7094/7094/7094 7095/7095/7095 
f 7111/7111/7111 7094/7094/7094 7093/7093/7093 
f 6467/6467/6467 6468/6468/6468 6469/6469/6469 
f 6467/6467/6467 6501/6501/6501 6468/6468/6468 
f 6478/6478/6478 6479/6479/6479 6480/6480/6480 
f 6478/6478/6478 6500/6500/6500 6479/6479/6479 
f 7017/7017/7017 7018/7018/7018 7019/7019/7019 
f 7018/7018/7018 7017/7017/7017 7048/7048/7048 
f 7029/7029/7029 7030/7030/7030 7031/7031/7031 
f 7030/7030/7030 7029/7029/7029 7057/7057/7057 
f 6431/6431/6431 6432/6432/6432 6433/6433/6433 
f 6432/6432/6432 6431/6431/6431 6441/6441/6441 
f 7100/7100/7100 7101/7101/7101 7102/7102/7102 
f 7101/7101/7101 7103/7103/7103 7102/7102/7102 
f 6463/6463/6463 6464/6464/6464 6465/6465/6465 
f 6463/6463/6463 6466/6466/6466 6464/6464/6464 
f 6474/6474/6474 6475/6475/6475 6476/6476/6476 
f 6474/6474/6474 6477/6477/6477 6475/6475/6475 
f 7013/7013/7013 7014/7014/7014 7015/7015/7015 
f 7014/7014/7014 7013/7013/7013 7016/7016/7016 
f 7025/7025/7025 7026/7026/7026 7027/7027/7027 
f 7026/7026/7026 7025/7025/7025 7028/7028/7028 
f 6059/6059/6059 6060/6060/6060 6061/6061/6061 
f 6061/6061/6061 6063/6063/6063 6059/6059/6059 
f 6067/6067/6067 6068/6068/6068 6069/6069/6069 
f 6069/6069/6069 6098/6098/6098 6067/6067/6067 
f 6103/6103/6103 6104/6104/6104 6105/6105/6105 
f 6105/6105/6105 6106/6106/6106 6103/6103/6103 
f 6110/6110/6110 6111/6111/6111 6112/6112/6112 
f 6112/6112/6112 6413/6413/6413 6110/6110/6110 
f 6406/6406/6406 6407/6407/6407 6408/6408/6408 
f 6406/6406/6406 6462/6462/6462 6407/6407/6407 
f 6414/6414/6414 6415/6415/6415 6416/6416/6416 
f 6416/6416/6416 6425/6425/6425 6414/6414/6414 
f 6470/6470/6470 6471/6471/6471 6472/6472/6472 
f 6470/6470/6470 6473/6473/6473 6471/6471/6471 
f 6571/6571/6571 6572/6572/6572 6573/6573/6573 
f 6584/6584/6584 6572/6572/6572 6571/6571/6571 
f 6577/6577/6577 6578/6578/6578 6579/6579/6579 
f 6586/6586/6586 6578/6578/6578 6577/6577/6577 
f 6615/6615/6615 6616/6616/6616 6617/6617/6617 
f 6625/6625/6625 6616/6616/6616 6615/6615/6615 
f 6618/6618/6618 6619/6619/6619 6620/6620/6620 
f 7077/7077/7077 6619/6619/6619 6618/6618/6618 
f 7007/7007/7007 7008/7008/7008 7009/7009/7009 
f 7009/7009/7009 7008/7008/7008 7081/7081/7081 
f 7010/7010/7010 7011/7011/7011 7012/7012/7012 
f 7011/7011/7011 7010/7010/7010 7020/7020/7020 
f 7021/7021/7021 7022/7022/7022 7023/7023/7023 
f 7022/7022/7022 7021/7021/7021 7024/7024/7024 
f 6434/6434/6434 6435/6435/6435 6436/6436/6436 
f 6435/6435/6435 6434/6434/6434 6440/6440/6440 
f 7096/7096/7096 7097/7097/7097 7098/7098/7098 
f 7097/7097/7097 7096/7096/7096 7099/7099/7099 
f 6437/6437/6437 6438/6438/6438 6439/6439/6439 
f 6438/6438/6438 6437/6437/6437 6442/6442/6442 
f 6449/6449/6449 6450/6450/6450 6451/6451/6451 
f 6450/6450/6450 6449/6449/6449 6489/6489/6489 
f 6452/6452/6452 6453/6453/6453 6454/6454/6454 
f 6453/6453/6453 6452/6452/6452 6460/6460/6460 
f 6481/6481/6481 6482/6482/6482 6483/6483/6483 
f 6484/6484/6484 6483/6483/6483 6482/6482/6482 
f 6490/6490/6490 6491/6491/6491 6492/6492/6492 
f 6496/6496/6496 6491/6491/6491 6490/6490/6490 
f 6496/6496/6496 7032/7032/7032 6491/6491/6491 
f 7032/7032/7032 7033/7033/7033 6491/6491/6491 
f 6497/6497/6497 6498/6498/6498 6499/6499/6499 
f 6512/6512/6512 6498/6498/6498 6497/6497/6497 
f 6498/6498/6498 6512/6512/6512 7035/7035/7035 
f 7035/7035/7035 7036/7036/7036 6498/6498/6498 
f 6506/6506/6506 6507/6507/6507 6508/6508/6508 
f 6507/6507/6507 6506/6506/6506 6513/6513/6513 
f 6514/6514/6514 6515/6515/6515 6516/6516/6516 
f 6515/6515/6515 6514/6514/6514 6517/6517/6517 
f 6515/6515/6515 7049/7049/7049 6516/6516/6516 
f 6515/6515/6515 7053/7053/7053 7049/7049/7049 
f 7037/7037/7037 7038/7038/7038 7039/7039/7039 
f 7037/7037/7037 7043/7043/7043 7038/7038/7038 
f 7040/7040/7040 7041/7041/7041 7042/7042/7042 
f 7040/7040/7040 7113/7113/7113 7041/7041/7041 
f 7050/7050/7050 7051/7051/7051 7052/7052/7052 
f 7050/7050/7050 7062/7062/7062 7051/7051/7051 
f 7074/7074/7074 7075/7075/7075 7076/7076/7076 
f 7124/7124/7124 7075/7075/7075 7074/7074/7074 
f 7121/7121/7121 7122/7122/7122 7123/7123/7123 
f 7121/7121/7121 7127/7127/7127 7122/7122/7122 
f 6455/6455/6455 6456/6456/6456 6457/6457/6457 
f 6459/6459/6459 6456/6456/6456 6455/6455/6455 
f 7114/7114/7114 7115/7115/7115 7116/7116/7116 
f 7115/7115/7115 7114/7114/7114 7120/7120/7120 
f 6116/6116/6116 6117/6117/6117 6118/6118/6118 
f 6128/6128/6128 6117/6117/6117 6116/6116/6116 
f 6119/6119/6119 6120/6120/6120 6121/6121/6121 
f 6127/6127/6127 6120/6120/6120 6119/6119/6119 
f 6122/6122/6122 6123/6123/6123 6124/6124/6124 
f 6123/6123/6123 6122/6122/6122 6125/6125/6125 
f 6125/6125/6125 6126/6126/6126 6123/6123/6123 
f 6126/6126/6126 6125/6125/6125 6162/6162/6162 
f 6129/6129/6129 6130/6130/6130 6131/6131/6131 
f 6130/6130/6130 6129/6129/6129 6138/6138/6138 
f 6138/6138/6138 6139/6139/6139 6130/6130/6130 
f 6139/6139/6139 6138/6138/6138 6161/6161/6161 
f 6132/6132/6132 6133/6133/6133 6134/6134/6134 
f 6133/6133/6133 6132/6132/6132 6168/6168/6168 
f 6135/6135/6135 6136/6136/6136 6137/6137/6137 
f 6136/6136/6136 6135/6135/6135 6169/6169/6169 
f 6164/6164/6164 6165/6165/6165 6166/6166/6166 
f 6164/6164/6164 6167/6167/6167 6165/6165/6165 
f 6409/6409/6409 6167/6167/6167 6164/6164/6164 
f 6409/6409/6409 6411/6411/6411 6167/6167/6167 
f 6186/6186/6186 6187/6187/6187 6188/6188/6188 
f 6189/6189/6189 6187/6187/6187 6186/6186/6186 
f 6190/6190/6190 6191/6191/6191 6192/6192/6192 
f 6203/6203/6203 6191/6191/6191 6190/6190/6190 
f 6204/6204/6204 6205/6205/6205 6206/6206/6206 
f 6205/6205/6205 6204/6204/6204 6224/6224/6224 
f 6208/6208/6208 6209/6209/6209 6210/6210/6210 
f 6209/6209/6209 6208/6208/6208 6228/6228/6228 
f 6229/6229/6229 6230/6230/6230 6231/6231/6231 
f 6229/6229/6229 6242/6242/6242 6230/6230/6230 
f 6410/6410/6410 6242/6242/6242 6229/6229/6229 
f 6410/6410/6410 6412/6412/6412 6242/6242/6242 
f 6720/6720/6720 6721/6721/6721 6722/6722/6722 
f 6727/6727/6727 6720/6720/6720 6722/6722/6722 
f 6723/6723/6723 6724/6724/6724 6725/6725/6725 
f 6728/6728/6728 6729/6729/6729 6730/6730/6730 
f 6729/6729/6729 6728/6728/6728 6765/6765/6765 
f 6743/6743/6743 6744/6744/6744 6745/6745/6745 
f 6747/6747/6747 6748/6748/6748 6749/6749/6749 
f 6748/6748/6748 6747/6747/6747 6753/6753/6753 
f 6766/6766/6766 6767/6767/6767 6768/6768/6768 
f 6767/6767/6767 6766/6766/6766 6769/6769/6769 
f 6769/6769/6769 7079/7079/7079 6767/6767/6767 
f 7079/7079/7079 6769/6769/6769 7080/7080/7080 
f 6784/6784/6784 6785/6785/6785 6786/6786/6786 
f 6785/6785/6785 6784/6784/6784 6790/6790/6790 
f 6791/6791/6791 6790/6790/6790 6784/6784/6784 
f 6790/6790/6790 6791/6791/6791 6792/6792/6792 
f 6787/6787/6787 6788/6788/6788 6789/6789/6789 
f 6788/6788/6788 6799/6799/6799 6789/6789/6789 
f 6793/6793/6793 6794/6794/6794 6795/6795/6795 
f 6794/6794/6794 6793/6793/6793 6836/6836/6836 
f 6796/6796/6796 6797/6797/6797 6798/6798/6798 
f 6800/6800/6800 6801/6801/6801 6802/6802/6802 
f 6803/6803/6803 6804/6804/6804 6805/6805/6805 
f 6804/6804/6804 6803/6803/6803 6842/6842/6842 
f 6806/6806/6806 6805/6805/6805 6804/6804/6804 
f 6805/6805/6805 6806/6806/6806 6807/6807/6807 
f 6808/6808/6808 6809/6809/6809 6810/6810/6810 
f 6809/6809/6809 6808/6808/6808 6837/6837/6837 
f 6839/6839/6839 6840/6840/6840 6841/6841/6841 
f 6840/6840/6840 6839/6839/6839 6844/6844/6844 
f 6841/6841/6841 7088/7088/7088 6839/6839/6839 
f 7088/7088/7088 6841/6841/6841 7089/7089/7089 
f 6140/6140/6140 6141/6141/6141 6142/6142/6142 
f 6141/6141/6141 6144/6144/6144 6142/6142/6142 
f 6140/6140/6140 6142/6142/6142 6143/6143/6143 
f 6141/6141/6141 6163/6163/6163 6144/6144/6144 
f 6145/6145/6145 6140/6140/6140 6143/6143/6143 
f 6163/6163/6163 6170/6170/6170 6144/6144/6144 
f 6145/6145/6145 6143/6143/6143 6170/6170/6170 
f 6163/6163/6163 6145/6145/6145 6170/6170/6170 
f 6149/6149/6149 6150/6150/6150 6151/6151/6151 
f 6149/6149/6149 6171/6171/6171 6150/6150/6150 
f 6185/6185/6185 6149/6149/6149 6151/6151/6151 
f 6171/6171/6171 6243/6243/6243 6150/6150/6150 
f 6185/6185/6185 6151/6151/6151 6207/6207/6207 
f 6243/6243/6243 6171/6171/6171 6214/6214/6214 
f 6214/6214/6214 6185/6185/6185 6207/6207/6207 
f 6214/6214/6214 6207/6207/6207 6243/6243/6243 
f 6731/6731/6731 6732/6732/6732 6733/6733/6733 
f 6733/6733/6733 6732/6732/6732 6771/6771/6771 
f 6740/6740/6740 6741/6741/6741 6742/6742/6742 
f 6741/6741/6741 6740/6740/6740 6746/6746/6746 
f 6811/6811/6811 6812/6812/6812 6813/6813/6813 
f 6838/6838/6838 6812/6812/6812 6811/6811/6811 
f 6823/6823/6823 6824/6824/6824 6825/6825/6825 
f 6825/6825/6825 6824/6824/6824 6845/6845/6845 
f 6826/6826/6826 6827/6827/6827 6828/6828/6828 
f 6827/6827/6827 6826/6826/6826 6829/6829/6829 
f 6830/6830/6830 6831/6831/6831 6832/6832/6832 
f 6843/6843/6843 6831/6831/6831 6830/6830/6830 
f 7082/7082/7082 7083/7083/7083 7084/7084/7084 
f 7091/7091/7091 7083/7083/7083 7082/7082/7082 
f 7085/7085/7085 7086/7086/7086 7087/7087/7087 
f 7090/7090/7090 7086/7086/7086 7085/7085/7085 
f 6172/6172/6172 6173/6173/6173 6174/6174/6174 
f 6173/6173/6173 6172/6172/6172 6423/6423/6423 
f 6176/6176/6176 6174/6174/6174 6173/6173/6173 
f 6174/6174/6174 6176/6176/6176 6177/6177/6177 
f 6178/6178/6178 6177/6177/6177 6176/6176/6176 
f 6177/6177/6177 6178/6178/6178 6179/6179/6179 
f 6183/6183/6183 6179/6179/6179 6178/6178/6178 
f 6179/6179/6179 6183/6183/6183 6184/6184/6184 
f 6245/6245/6245 6184/6184/6184 6183/6183/6183 
f 6184/6184/6184 6245/6245/6245 6246/6246/6246 
f 6247/6247/6247 6246/6246/6246 6245/6245/6245 
f 6246/6246/6246 6247/6247/6247 6248/6248/6248 
f 6254/6254/6254 6248/6248/6248 6247/6247/6247 
f 6248/6248/6248 6254/6254/6254 6255/6255/6255 
f 6775/6775/6775 6776/6776/6776 6777/6777/6777 
f 6775/6775/6775 6780/6780/6780 6776/6776/6776 
f 6780/6780/6780 6781/6781/6781 6776/6776/6776 
f 6780/6780/6780 6782/6782/6782 6781/6781/6781 
f 6782/6782/6782 6783/6783/6783 6781/6781/6781 
f 6782/6782/6782 6849/6849/6849 6783/6783/6783 
f 6849/6849/6849 6850/6850/6850 6783/6783/6783 
f 6849/6849/6849 6852/6852/6852 6850/6850/6850 
f 6852/6852/6852 6853/6853/6853 6850/6850/6850 
f 6852/6852/6852 6854/6854/6854 6853/6853/6853 
f 6854/6854/6854 6855/6855/6855 6853/6853/6853 
f 6854/6854/6854 6856/6856/6856 6855/6855/6855 
f 6856/6856/6856 6857/6857/6857 6855/6855/6855 
f 6856/6856/6856 7092/7092/7092 6857/6857/6857 
f 6443/6443/6443 6444/6444/6444 6445/6445/6445 
f 6444/6444/6444 6443/6443/6443 6458/6458/6458 
f 7117/7117/7117 7118/7118/7118 7119/7119/7119 
f 7118/7118/7118 7117/7117/7117 7126/7126/7126 
f 6502/6502/6502 6503/6503/6503 6504/6504/6504 
f 6503/6503/6503 6502/6502/6502 6505/6505/6505 
f 7054/7054/7054 7055/7055/7055 7056/7056/7056 
f 7061/7061/7061 7056/7056/7056 7055/7055/7055 
f 6446/6446/6446 6447/6447/6447 6448/6448/6448 
f 6461/6461/6461 6447/6447/6447 6446/6446/6446 
f 6509/6509/6509 6510/6510/6510 6511/6511/6511 
f 6518/6518/6518 6519/6519/6519 6520/6520/6520 
f 7058/7058/7058 7059/7059/7059 7060/7060/7060 
f 7059/7059/7059 7125/7125/7125 7060/7060/7060 
f 7063/7063/7063 7064/7064/7064 7065/7065/7065 
f 7063/7063/7063 7071/7071/7071 7064/7064/7064 
f 6485/6485/6485 6486/6486/6486 6487/6487/6487 
f 6485/6485/6485 6488/6488/6488 6486/6486/6486 
f 7044/7044/7044 7045/7045/7045 7046/7046/7046 
f 7045/7045/7045 7044/7044/7044 7047/7047/7047 
f 6250/6250/6250 6251/6251/6251 6252/6252/6252 
f 6251/6251/6251 6250/6250/6250 6772/6772/6772 
f 6493/6493/6493 6494/6494/6494 6495/6495/6495 
f 6494/6494/6494 6493/6493/6493 7034/7034/7034 
f 6521/6521/6521 6522/6522/6522 6523/6523/6523 
f 6522/6522/6522 6521/6521/6521 7070/7070/7070 
f 6524/6524/6524 6525/6525/6525 6526/6526/6526 
f 6525/6525/6525 6524/6524/6524 7072/7072/7072 
f 6527/6527/6527 6528/6528/6528 6529/6529/6529 
f 6528/6528/6528 6527/6527/6527 7073/7073/7073 
f 6530/6530/6530 6531/6531/6531 6532/6532/6532 
f 6530/6530/6530 7066/7066/7066 6531/6531/6531 
f 6533/6533/6533 6534/6534/6534 6535/6535/6535 
f 6533/6533/6533 7069/7069/7069 6534/6534/6534 
f 6539/6539/6539 6540/6540/6540 6541/6541/6541 
f 6539/6539/6539 7068/7068/7068 6540/6540/6540 
f 6542/6542/6542 6543/6543/6543 6544/6544/6544 
f 6542/6542/6542 7067/7067/7067 6543/6543/6543 
f 6536/6536/6536 6537/6537/6537 6538/6538/6538 
f 6536/6536/6536 6545/6545/6545 6537/6537/6537 
f 6158/6158/6158 6159/6159/6159 6160/6160/6160 
f 6159/6159/6159 6158/6158/6158 6182/6182/6182 
f 6211/6211/6211 6212/6212/6212 6213/6213/6213 
f 6211/6211/6211 6244/6244/6244 6212/6212/6212 
f 6218/6218/6218 6219/6219/6219 6220/6220/6220 
f 6218/6218/6218 6249/6249/6249 6219/6219/6219 
f 6221/6221/6221 6222/6222/6222 6223/6223/6223 
f 6221/6221/6221 6253/6253/6253 6222/6222/6222 
f 6734/6734/6734 6735/6735/6735 6736/6736/6736 
f 6735/6735/6735 6734/6734/6734 6778/6778/6778 
f 6737/6737/6737 6738/6738/6738 6739/6739/6739 
f 6738/6738/6738 6737/6737/6737 6773/6773/6773 
f 6750/6750/6750 6751/6751/6751 6752/6752/6752 
f 6751/6751/6751 6750/6750/6750 6779/6779/6779 
f 6833/6833/6833 6834/6834/6834 6835/6835/6835 
f 6834/6834/6834 6833/6833/6833 6848/6848/6848 
f 6215/6215/6215 6216/6216/6216 6217/6217/6217 
f 6215/6215/6215 6774/6774/6774 6216/6216/6216 
f 6146/6146/6146 6147/6147/6147 6148/6148/6148 
f 6146/6146/6146 6175/6175/6175 6147/6147/6147 
f 6152/6152/6152 6153/6153/6153 6154/6154/6154 
f 6152/6152/6152 6180/6180/6180 6153/6153/6153 
f 6155/6155/6155 6156/6156/6156 6157/6157/6157 
f 6156/6156/6156 6155/6155/6155 6181/6181/6181 
f 6814/6814/6814 6815/6815/6815 6816/6816/6816 
f 6815/6815/6815 6814/6814/6814 6847/6847/6847 
f 6817/6817/6817 6818/6818/6818 6819/6819/6819 
f 6818/6818/6818 6817/6817/6817 6851/6851/6851 
f 6820/6820/6820 6821/6821/6821 6822/6822/6822 
f 6821/6821/6821 6820/6820/6820 6846/6846/6846 

g Borbardillo0011

v -0.491725 3.18795 -4.46025 
v -0.491725 3.67913 -5.80001 
v -0.491725 3.18795 -5.80001 
v -0.503952 3.48729 -5.22293 
v -0.503952 3.48729 -5.32322 
v -0.462924 3.48729 -5.32322 
v -0.501269 3.52523 -5.55279 
v -0.501269 3.52523 -5.66483 
v -0.460242 3.52523 -5.66483 
v -0.501269 3.58288 -5.38199 
v -0.501269 3.58288 -5.4915 
v -0.460242 3.58288 -5.4915 
v -0.462924 3.80705 -5.32322 
v -0.462924 3.48729 -5.32322 
v -0.503952 3.48729 -5.32322 
v -0.503952 3.48729 -5.22293 
v -0.503952 3.80705 -5.32322 
v -0.503952 3.48729 -5.32322 
v -0.462924 3.48729 -5.22293 
v -0.503952 3.80705 -5.22293 
v -0.503952 3.48729 -5.22293 
v -0.505025 3.51088 -4.86625 
v -0.505025 3.79507 -4.97659 
v -0.505025 3.51088 -4.97659 
v -0.505025 3.51088 -4.86625 
v -0.505025 3.51088 -4.97659 
v -0.456487 3.51088 -4.97659 
v -0.501269 3.59006 -5.07291 
v -0.501269 3.59006 -5.18228 
v -0.460242 3.59006 -5.18228 
v -0.501269 3.52523 -5.55279 
v -0.501269 3.79662 -5.66483 
v -0.501269 3.52523 -5.66483 
v -0.501269 3.58288 -5.38199 
v -0.501269 3.80874 -5.4915 
v -0.501269 3.58288 -5.4915 
v -0.501269 3.79662 -5.55279 
v -0.501269 3.52523 -5.66483 
v -0.501269 3.79662 -5.66483 
v -0.460242 3.79662 -5.66483 
v -0.460242 3.52523 -5.55279 
v -0.501269 3.79662 -5.55279 
v -0.501269 3.52523 -5.55279 
v -0.460242 3.58288 -5.38199 
v -0.501269 3.80874 -5.38199 
v -0.501269 3.58288 -5.38199 
v -0.503952 3.80705 -5.32322 
v -0.501269 3.59006 -5.07291 
v -0.501269 3.80936 -5.18228 
v -0.501269 3.59006 -5.18228 
v -0.503952 3.80705 -5.22293 
v -0.505025 3.51088 -4.97659 
v -0.505025 3.79507 -4.97659 
v -0.456487 3.79507 -4.97659 
v -0.460242 3.59006 -5.07291 
v -0.501269 3.80936 -5.07291 
v -0.501269 3.59006 -5.07291 
v -0.462924 3.48729 -5.22293 
v -0.460242 3.52523 -5.55279 
v -0.460242 3.52523 -5.66483 
v -0.460242 3.58288 -5.38199 
v 0.491725 3.67913 -5.80001 
v -0.491725 3.18795 -5.80001 
v -0.491725 3.67913 -5.80001 
v -0.460242 3.79662 -5.66483 
v -0.460242 3.52523 -5.55279 
v -0.460242 3.52523 -5.66483 
v -0.462924 3.80705 -5.32322 
v -0.462924 3.48729 -5.22293 
v -0.462924 3.48729 -5.32322 
v -0.460242 3.59006 -5.07291 
v -0.456487 3.51088 -4.97659 
v -0.456487 3.79507 -4.97659 
v -0.456487 3.51088 -4.86625 
v -0.456487 3.51088 -4.97659 
v -0.491725 3.18795 -5.80001 
v 0.491725 3.18795 -4.46025 
v -0.491725 3.18795 -4.46025 
v -0.460242 3.80874 -5.4915 
v -0.460242 3.58288 -5.38199 
v -0.460242 3.58288 -5.4915 
v -0.460242 3.80874 -5.4915 
v -0.460242 3.58288 -5.4915 
v -0.501269 3.58288 -5.4915 
v -0.460242 3.79662 -5.55279 
v -0.460242 3.79662 -5.55279 
v -0.458214 3.73094 -5.88908 
v 0.458214 3.73094 -5.68287 
v -0.458214 3.73094 -5.68287 
v 0.499401 3.70454 -5.70714 
v -0.499401 3.70454 -4.46025 
v -0.499401 3.70454 -5.70714 
v -0.460242 3.80936 -5.18228 
v -0.460242 3.59006 -5.18228 
v -0.501269 3.59006 -5.18228 
v -0.462924 3.80705 -5.22293 
v -0.462924 3.80705 -5.22293 
v -0.460242 3.80936 -5.18228 
v -0.460242 3.59006 -5.07291 
v -0.460242 3.59006 -5.18228 
v -0.491725 3.67913 -4.46025 
v 0.491725 3.67913 -4.46025 
v -0.491725 3.67913 -5.80001 
v -0.491725 3.67913 -4.46025 
v -0.509847 3.48832 -4.468 
v -0.509847 3.80244 -4.61422 
v -0.509847 3.48832 -4.61422 
v -0.509847 3.48832 -4.468 
v -0.509847 3.48832 -4.61422 
v -0.451664 3.48832 -4.61422 
v -0.460242 3.56427 -4.78415 
v -0.460242 3.56427 -4.68104 
v -0.501269 3.56427 -4.68104 
v -0.501269 3.56427 -4.78415 
v -0.451664 3.48832 -4.468 
v -0.509847 3.80244 -4.468 
v -0.509847 3.48832 -4.468 
v -0.730275 3.10536 -2.77127 
v -0.730275 3.34208 -3.35693 
v -0.730275 3.10536 -3.35693 
v -0.730275 3.34208 -2.77127 
v -0.659096 3.10536 -3.35693 
v -0.659096 3.67749 -4.46025 
v -0.659096 3.10536 -4.46025 
v -0.659096 3.67749 -3.35693 
v -0.456487 3.51088 -4.86625 
v -0.505025 3.79507 -4.86625 
v -0.505025 3.51088 -4.86625 
v -0.501269 3.56427 -4.68104 
v -0.501269 3.80312 -4.78415 
v -0.501269 3.56427 -4.78415 
v -0.505025 3.79507 -4.86625 
v -0.501269 3.56427 -4.78415 
v -0.501269 3.80312 -4.78415 
v -0.460242 3.80312 -4.78415 
v -0.460242 3.56427 -4.78415 
v -0.501269 3.80312 -4.68104 
v -0.509847 3.80244 -4.468 
v -0.509847 3.48832 -4.61422 
v -0.509847 3.80244 -4.61422 
v -0.451664 3.80244 -4.61422 
v -0.460242 3.56427 -4.68104 
v -0.501269 3.80312 -4.68104 
v -0.501269 3.56427 -4.68104 
v -0.460242 3.80312 -4.68104 
v -0.456487 3.79507 -4.86625 
v -0.451664 3.48832 -4.468 
v -0.456487 3.51088 -4.86625 
v 0.730275 3.34208 -3.35693 
v -0.730275 3.10536 -3.35693 
v -0.730275 3.34208 -3.35693 
v -0.659096 3.10536 -4.46025 
v 0.659096 3.10536 -3.35693 
v -0.659096 3.10536 -3.35693 
v 0.659096 3.67749 -4.46025 
v -0.659096 3.10536 -4.46025 
v -0.659096 3.67749 -4.46025 
v 0.659096 3.67749 -3.35693 
v -0.659096 3.67749 -3.35693 
v -0.659096 3.10536 -3.35693 
v -0.730275 3.10536 -3.35693 
v 0.730275 3.10536 -2.77127 
v -0.730275 3.10536 -2.77127 
v -0.730275 3.34208 -2.77127 
v 0.730275 3.34208 -2.77127 
v -0.730275 3.34208 -3.35693 
v -0.730275 3.34208 -3.35693 
v 0.730275 3.34208 -2.77127 
v -0.730275 3.34208 -2.77127 
v 0.730275 3.34208 -2.77127 
v -0.730275 3.34208 -2.77127 
v -0.730275 3.10536 -2.77127 
v 0.491725 3.67913 -4.46025 
v -0.491725 3.67913 -4.46025 
v -0.491725 3.18795 -4.46025 
v -0.451664 3.48832 -4.61422 
v -0.460242 3.80312 -4.78415 
v -0.460242 3.56427 -4.68104 
v -0.460242 3.56427 -4.78415 
v -0.460242 3.80312 -4.68104 
v -0.456487 3.79507 -4.86625 
v -0.451664 3.80244 -4.61422 
v -0.451664 3.48832 -4.468 
v -0.451664 3.48832 -4.61422 
v -0.451664 3.80244 -4.468 
v -0.451664 3.80244 -4.468 
v 0.659096 3.70289 -4.46025 
v -0.659096 3.70289 -3.35693 
v -0.659096 3.70289 -4.46025 
v -0.659096 3.67749 -3.35693 
v 0.659096 3.67749 -3.35693 
v -0.659096 3.67749 -4.46025 
v -0.501269 3.80874 -5.38199 
v -0.501269 3.80874 -5.4915 
v -0.501269 3.79662 -5.66483 
v -0.501269 3.79662 -5.55279 
v -0.460242 3.79662 -5.55279 
v -0.460242 3.79662 -5.66483 
v -0.460242 3.80874 -5.38199 
v -0.460242 3.80874 -5.38199 
v -0.462924 3.80705 -5.22293 
v -0.462924 3.80705 -5.32322 
v -0.503952 3.80705 -5.32322 
v -0.501269 3.80936 -5.07291 
v -0.503952 3.80705 -5.22293 
v -0.501269 3.80936 -5.18228 
v -0.460242 3.80936 -5.07291 
v -0.501269 3.80874 -5.4915 
v -0.501269 3.80874 -5.38199 
v -0.460242 3.80874 -5.38199 
v -0.460242 3.80874 -5.4915 
v -0.499401 4.47933 -5.70714 
v -0.499401 3.70454 -5.70714 
v -0.499401 4.47933 -4.46025 
v -0.458214 3.73094 -5.68287 
v -0.458214 4.45293 -5.88908 
v -0.458214 3.73094 -5.88908 
v -0.458214 4.45293 -5.68287 
v -0.367066 3.94835 -5.2598 
v -0.367066 4.05997 -5.28155 
v -0.367066 3.94835 -5.28155 
v -0.501269 3.80936 -5.18228 
v -0.501269 3.80936 -5.07291 
v -0.460242 3.80936 -5.07291 
v -0.460242 3.80936 -5.18228 
v -0.367066 4.05997 -5.2598 
v -0.367066 4.05997 -5.2598 
v -0.235449 4.05997 -5.28155 
v -0.367066 4.05997 -5.28155 
v -0.235449 4.05997 -5.28155 
v -0.367066 3.94835 -5.28155 
v -0.367066 4.05997 -5.28155 
v -0.144447 3.94835 -5.28155 
v -0.367066 3.94835 -5.2598 
v -0.367066 3.94835 -5.28155 
v -0.144447 3.94835 -5.28155 
v -0.235449 4.05997 -5.2598 
v -0.235449 4.20382 -5.28155 
v -0.235449 4.05997 -5.28155 
v -0.144447 4.20382 -5.28155 
v -0.144447 3.94835 -5.2598 
v -0.144447 3.94835 -5.28155 
v -0.144447 4.20382 -5.28155 
v -0.144447 3.94835 -5.2598 
v -0.235449 4.05997 -5.2598 
v -0.367066 4.05997 -5.2598 
v -0.367066 3.94835 -5.2598 
v -0.235449 4.05997 -5.2598 
v -0.144447 3.94835 -5.2598 
v -0.144447 4.20382 -5.2598 
v -0.144447 4.20382 -5.2598 
v 0.458214 4.45293 -5.88908 
v -0.458214 3.73094 -5.88908 
v -0.458214 4.45293 -5.88908 
v 0.499401 4.47933 -5.70714 
v -0.499401 3.70454 -5.70714 
v -0.499401 4.47933 -5.70714 
v -0.458214 4.45293 -5.68287 
v 0.458214 4.45293 -5.88908 
v -0.458214 4.45293 -5.88908 
v 0.458214 4.45293 -5.68287 
v -0.458214 4.45293 -5.68287 
v -0.458214 3.73094 -5.68287 
v -0.235449 4.20382 -5.28155 
v -0.235449 4.20382 -5.2598 
v -0.235449 4.20382 -5.2598 
v -0.144447 4.20382 -5.28155 
v -0.235449 4.20382 -5.28155 
v -0.235449 4.20382 -5.2598 
v -0.144447 4.20382 -5.2598 
v -0.460242 3.80936 -5.07291 
v -0.505025 3.79507 -4.97659 
v -0.505025 3.79507 -4.86625 
v -0.456487 3.79507 -4.86625 
v -0.499401 3.70454 -4.46025 
v -0.501269 3.80312 -4.78415 
v -0.501269 3.80312 -4.68104 
v -0.460242 3.80312 -4.68104 
v -0.456487 3.79507 -4.97659 
v -0.460242 3.80312 -4.78415 
v -0.451664 3.80244 -4.468 
v -0.451664 3.80244 -4.61422 
v -0.509847 3.80244 -4.61422 
v -0.730275 3.34208 -2.77127 
v -0.730275 4.52022 -3.35693 
v -0.730275 3.34208 -3.35693 
v -0.730275 4.52022 -2.77127 
v -0.659096 4.50514 -3.35693 
v -0.659096 3.70289 -4.46025 
v -0.659096 3.70289 -3.35693 
v -0.509847 3.80244 -4.468 
v -0.659096 4.50514 -4.46025 
v -0.616851 4.43558 -4.07728 
v -0.616851 4.62874 -4.27142 
v -0.616851 4.43558 -4.27142 
v -0.398097 4.62874 -4.27142 
v -0.616851 4.43558 -4.27142 
v -0.616851 4.62874 -4.27142 
v -0.398097 4.43558 -4.27142 
v -0.616851 4.43558 -4.07728 
v -0.616851 4.43558 -4.27142 
v -0.616851 4.62874 -4.07728 
v -0.398097 4.62874 -4.27142 
v -0.616851 4.62874 -4.27142 
v -0.398097 4.43558 -4.07728 
v -0.755024 4.49001 -1.73816 
v -0.755024 4.05714 0.548098 
v -0.755024 5.02596 -1.63669 
v -0.755024 4.59309 0.649572 
v -0.616851 4.62874 -4.07728 
v -0.398097 4.43558 -4.07728 
v -0.616851 4.62874 -4.07728 
v -0.616851 4.43558 -4.07728 
v -0.398097 4.43558 -4.27142 
v -0.372222 4.02099 -4.94098 
v -0.2635 4.16287 -4.94098 
v -0.154777 4.02099 -4.94098 
v -0.372222 4.16287 -4.94098 
v -0.154777 4.28833 -4.94098 
v -0.2635 4.28833 -4.94098 
v -0.499401 4.47933 -4.46025 
v 0.499401 4.47933 -4.46025 
v -0.499401 4.47933 -5.70714 
v 0.499401 4.47933 -4.46025 
v -0.499401 4.47933 -4.46025 
v -0.499401 3.70454 -4.46025 
v 0.730275 4.52022 -2.77127 
v -0.730275 4.52022 -2.77127 
v -0.730275 3.34208 -2.77127 
v 0.730275 4.52022 -3.35693 
v -0.730275 3.34208 -3.35693 
v -0.730275 4.52022 -3.35693 
v 0.659096 4.50514 -4.46025 
v -0.659096 3.70289 -4.46025 
v -0.659096 4.50514 -4.46025 
v 0.659096 4.50514 -3.35693 
v -0.659096 4.50514 -3.35693 
v -0.659096 3.70289 -3.35693 
v -0.398097 4.43558 -4.27142 
v -0.398097 4.62874 -4.07728 
v -0.398097 4.43558 -4.07728 
v -0.398097 4.62874 -4.07728 
v -0.398097 4.62874 -4.07728 
v -0.398097 4.62874 -4.27142 
v -0.659096 4.50514 -3.35693 
v 0.659096 4.50514 -3.35693 
v -0.659096 4.50514 -4.46025 
v -0.730275 4.52022 -2.77127 
v 0.730275 4.52022 -3.35693 
v -0.730275 4.52022 -3.35693 
v -0.650414 5.04698 -1.74767 
v -0.107396 5.04698 -1.74767 
v -0.650414 4.49692 -1.85182 
v -0.62847 4.64791 0.927447 
v -0.116036 4.97806 -0.816316 
v -0.62847 4.97806 -0.816316 
v -0.107396 4.49692 -1.85182 
v -0.116036 4.64791 0.927447 
v 0.144447 4.20382 -5.2598 
v 0.144447 3.94835 -5.28155 
v 0.144447 3.94835 -5.2598 
v 0.491725 3.18795 -5.80001 
v 0.491725 3.18795 -5.80001 
v 0.460242 3.52523 -5.55279 
v 0.460242 3.79662 -5.66483 
v 0.460242 3.52523 -5.66483 
v 0.460242 3.52523 -5.66483 
v 0.501269 3.52523 -5.55279 
v 0.460242 3.52523 -5.55279 
v 0.460242 3.58288 -5.4915 
v 0.501269 3.58288 -5.38199 
v 0.460242 3.58288 -5.38199 
v 0.462924 3.80705 -5.32322 
v 0.503952 3.48729 -5.32322 
v 0.462924 3.48729 -5.32322 
v 0.462924 3.48729 -5.22293 
v 0.462924 3.80705 -5.32322 
v 0.462924 3.48729 -5.32322 
v 0.456487 3.51088 -4.86625 
v 0.456487 3.79507 -4.97659 
v 0.456487 3.51088 -4.97659 
v 0.456487 3.79507 -4.97659 
v 0.505025 3.51088 -4.97659 
v 0.456487 3.51088 -4.97659 
v 0.460242 3.59006 -5.18228 
v 0.501269 3.59006 -5.07291 
v 0.460242 3.59006 -5.07291 
v 0.460242 3.79662 -5.66483 
v 0.501269 3.52523 -5.66483 
v 0.460242 3.52523 -5.66483 
v 0.460242 3.58288 -5.38199 
v 0.460242 3.80874 -5.4915 
v 0.460242 3.58288 -5.4915 
v 0.460242 3.79662 -5.55279 
v 0.460242 3.79662 -5.55279 
v 0.460242 3.52523 -5.55279 
v 0.501269 3.79662 -5.55279 
v 0.460242 3.80874 -5.4915 
v 0.501269 3.58288 -5.4915 
v 0.460242 3.58288 -5.4915 
v 0.491725 3.67913 -5.80001 
v 0.460242 3.59006 -5.07291 
v 0.460242 3.80936 -5.18228 
v 0.460242 3.59006 -5.18228 
v 0.462924 3.80705 -5.22293 
v 0.460242 3.80936 -5.18228 
v 0.501269 3.59006 -5.18228 
v 0.460242 3.59006 -5.18228 
v 0.462924 3.80705 -5.22293 
v 0.462924 3.48729 -5.22293 
v 0.503952 3.80705 -5.22293 
v 0.462924 3.48729 -5.32322 
v 0.503952 3.48729 -5.22293 
v 0.462924 3.48729 -5.22293 
v 0.501269 3.52523 -5.66483 
v 0.501269 3.52523 -5.55279 
v 0.501269 3.58288 -5.4915 
v 0.503952 3.48729 -5.32322 
v 0.491725 3.67913 -5.80001 
v 0.491725 3.67913 -4.46025 
v 0.491725 3.18795 -5.80001 
v 0.503952 3.80705 -5.32322 
v 0.503952 3.48729 -5.22293 
v 0.503952 3.48729 -5.32322 
v 0.505025 3.51088 -4.86625 
v 0.456487 3.51088 -4.97659 
v 0.505025 3.51088 -4.97659 
v 0.501269 3.59006 -5.18228 
v 0.503952 3.48729 -5.22293 
v 0.505025 3.79507 -4.97659 
v 0.505025 3.51088 -4.86625 
v 0.505025 3.51088 -4.97659 
v 0.501269 3.79662 -5.66483 
v 0.501269 3.52523 -5.55279 
v 0.501269 3.52523 -5.66483 
v 0.501269 3.80874 -5.38199 
v 0.460242 3.58288 -5.38199 
v 0.501269 3.58288 -5.38199 
v 0.501269 3.79662 -5.66483 
v 0.501269 3.79662 -5.55279 
v 0.501269 3.80874 -5.4915 
v 0.501269 3.58288 -5.38199 
v 0.501269 3.58288 -5.4915 
v 0.503952 3.80705 -5.32322 
v 0.501269 3.80936 -5.07291 
v 0.460242 3.59006 -5.07291 
v 0.501269 3.59006 -5.07291 
v 0.505025 3.79507 -4.97659 
v 0.501269 3.80936 -5.18228 
v 0.501269 3.59006 -5.07291 
v 0.501269 3.59006 -5.18228 
v 0.503952 3.80705 -5.22293 
v 0.491725 3.18795 -4.46025 
v 0.659096 3.10536 -4.46025 
v 0.491725 3.18795 -4.46025 
v 0.659096 3.10536 -4.46025 
v 0.730275 3.10536 -3.35693 
v 0.451664 3.48832 -4.61422 
v 0.509847 3.48832 -4.468 
v 0.451664 3.48832 -4.468 
v 0.659096 3.10536 -3.35693 
v 0.730275 3.10536 -3.35693 
v 0.730275 3.34208 -3.35693 
v 0.730275 3.34208 -3.35693 
v 0.730275 3.10536 -2.77127 
v 0.451664 3.48832 -4.468 
v 0.451664 3.80244 -4.61422 
v 0.451664 3.48832 -4.61422 
v 0.456487 3.79507 -4.86625 
v 0.499401 3.70454 -4.46025 
v 0.460242 3.56427 -4.68104 
v 0.460242 3.80312 -4.78415 
v 0.460242 3.56427 -4.78415 
v 0.460242 3.80312 -4.68104 
v 0.451664 3.80244 -4.61422 
v 0.509847 3.48832 -4.61422 
v 0.451664 3.48832 -4.61422 
v 0.659096 3.67749 -4.46025 
v 0.659096 3.70289 -3.35693 
v 0.451664 3.80244 -4.468 
v 0.451664 3.80244 -4.468 
v 0.451664 3.48832 -4.468 
v 0.509847 3.80244 -4.468 
v 0.456487 3.79507 -4.86625 
v 0.456487 3.51088 -4.86625 
v 0.505025 3.79507 -4.86625 
v 0.456487 3.51088 -4.86625 
v 0.460242 3.56427 -4.78415 
v 0.501269 3.56427 -4.68104 
v 0.460242 3.56427 -4.68104 
v 0.501269 3.56427 -4.78415 
v 0.509847 3.48832 -4.61422 
v 0.509847 3.80244 -4.61422 
v 0.509847 3.48832 -4.468 
v 0.509847 3.48832 -4.61422 
v 0.509847 3.48832 -4.468 
v 0.659096 3.10536 -3.35693 
v 0.659096 3.10536 -4.46025 
v 0.659096 3.67749 -3.35693 
v 0.659096 3.67749 -4.46025 
v 0.730275 3.34208 -3.35693 
v 0.730275 3.34208 -2.77127 
v 0.730275 3.10536 -3.35693 
v 0.730275 3.10536 -2.77127 
v 0.505025 3.51088 -4.86625 
v 0.460242 3.80312 -4.78415 
v 0.501269 3.56427 -4.78415 
v 0.460242 3.56427 -4.78415 
v 0.501269 3.80312 -4.78415 
v 0.501269 3.80312 -4.78415 
v 0.501269 3.56427 -4.68104 
v 0.501269 3.56427 -4.78415 
v 0.505025 3.79507 -4.86625 
v 0.501269 3.80312 -4.68104 
v 0.501269 3.80312 -4.68104 
v 0.460242 3.56427 -4.68104 
v 0.501269 3.56427 -4.68104 
v 0.460242 3.80312 -4.68104 
v 0.509847 3.80244 -4.61422 
v 0.509847 3.80244 -4.468 
v 0.458214 3.73094 -5.88908 
v 0.458214 3.73094 -5.68287 
v 0.458214 3.73094 -5.88908 
v 0.499401 3.70454 -5.70714 
v 0.367066 3.94835 -5.28155 
v 0.144447 3.94835 -5.28155 
v 0.235449 4.05997 -5.28155 
v 0.144447 4.20382 -5.28155 
v 0.144447 3.94835 -5.28155 
v 0.367066 3.94835 -5.28155 
v 0.144447 3.94835 -5.2598 
v 0.367066 3.94835 -5.2598 
v 0.235449 4.05997 -5.2598 
v 0.144447 3.94835 -5.2598 
v 0.235449 4.05997 -5.2598 
v 0.367066 4.05997 -5.2598 
v 0.235449 4.05997 -5.28155 
v 0.367066 3.94835 -5.2598 
v 0.367066 4.05997 -5.28155 
v 0.144447 4.20382 -5.2598 
v 0.458214 4.45293 -5.68287 
v 0.499401 4.47933 -5.70714 
v 0.235449 4.20382 -5.28155 
v 0.235449 4.20382 -5.28155 
v 0.235449 4.05997 -5.2598 
v 0.235449 4.05997 -5.28155 
v 0.144447 4.20382 -5.28155 
v 0.144447 4.20382 -5.2598 
v 0.235449 4.20382 -5.2598 
v 0.144447 4.20382 -5.28155 
v 0.235449 4.20382 -5.28155 
v 0.235449 4.20382 -5.2598 
v 0.235449 4.20382 -5.2598 
v 0.367066 4.05997 -5.28155 
v 0.460242 3.80874 -5.38199 
v 0.460242 3.79662 -5.55279 
v 0.501269 3.79662 -5.66483 
v 0.460242 3.79662 -5.66483 
v 0.501269 3.79662 -5.55279 
v 0.501269 3.80874 -5.4915 
v 0.501269 3.80874 -5.38199 
v 0.460242 3.80874 -5.38199 
v 0.501269 3.80936 -5.18228 
v 0.462924 3.80705 -5.22293 
v 0.503952 3.80705 -5.32322 
v 0.462924 3.80705 -5.32322 
v 0.503952 3.80705 -5.22293 
v 0.501269 3.80936 -5.07291 
v 0.460242 3.80874 -5.38199 
v 0.501269 3.80874 -5.4915 
v 0.460242 3.80874 -5.4915 
v 0.458214 4.45293 -5.68287 
v 0.458214 3.73094 -5.68287 
v 0.458214 3.73094 -5.88908 
v 0.458214 4.45293 -5.88908 
v 0.501269 3.80874 -5.38199 
v 0.499401 4.47933 -5.70714 
v 0.499401 3.70454 -4.46025 
v 0.499401 3.70454 -5.70714 
v 0.367066 4.05997 -5.28155 
v 0.367066 3.94835 -5.2598 
v 0.367066 3.94835 -5.28155 
v 0.367066 4.05997 -5.2598 
v 0.367066 4.05997 -5.2598 
v 0.460242 3.80936 -5.07291 
v 0.501269 3.80936 -5.18228 
v 0.460242 3.80936 -5.18228 
v 0.501269 3.80936 -5.07291 
v 0.460242 3.80936 -5.07291 
v 0.499401 3.70454 -4.46025 
v 0.154777 4.28833 -4.94098 
v 0.2635 4.16287 -4.94098 
v 0.154777 4.02099 -4.94098 
v 0.2635 4.28833 -4.94098 
v 0.372222 4.02099 -4.94098 
v 0.372222 4.16287 -4.94098 
v 0.659096 3.70289 -4.46025 
v 0.730275 3.34208 -3.35693 
v 0.659096 3.70289 -3.35693 
v 0.730275 3.34208 -2.77127 
v 0.398097 4.62874 -4.07728 
v 0.398097 4.43558 -4.27142 
v 0.398097 4.43558 -4.07728 
v 0.398097 4.62874 -4.27142 
v 0.616851 4.43558 -4.27142 
v 0.398097 4.43558 -4.27142 
v 0.659096 4.50514 -4.46025 
v 0.398097 4.62874 -4.27142 
v 0.398097 4.62874 -4.07728 
v 0.616851 4.62874 -4.27142 
v 0.398097 4.62874 -4.27142 
v 0.616851 4.62874 -4.07728 
v 0.398097 4.62874 -4.07728 
v 0.398097 4.43558 -4.07728 
v 0.730275 4.52022 -2.77127 
v 0.107396 5.04698 -1.74767 
v 0.650414 4.49692 -1.85182 
v 0.107396 4.49692 -1.85182 
v 0.62847 4.64791 0.927447 
v 0.116036 4.97806 -0.816316 
v 0.116036 4.64791 0.927447 
v 0.62847 4.97806 -0.816316 
v 0.650414 5.04698 -1.74767 
v 0.398097 4.43558 -4.27142 
v 0.616851 4.43558 -4.07728 
v 0.398097 4.43558 -4.07728 
v 0.460242 3.80936 -5.07291 
v 0.456487 3.79507 -4.86625 
v 0.505025 3.79507 -4.97659 
v 0.456487 3.79507 -4.97659 
v 0.460242 3.80312 -4.68104 
v 0.501269 3.80312 -4.78415 
v 0.460242 3.80312 -4.78415 
v 0.505025 3.79507 -4.86625 
v 0.501269 3.80312 -4.68104 
v 0.451664 3.80244 -4.468 
v 0.509847 3.80244 -4.61422 
v 0.451664 3.80244 -4.61422 
v 0.509847 3.80244 -4.468 
v 0.659096 4.50514 -4.46025 
v 0.659096 3.70289 -3.35693 
v 0.659096 3.70289 -4.46025 
v 0.730275 3.34208 -3.35693 
v 0.730275 4.52022 -3.35693 
v 0.730275 4.52022 -2.77127 
v 0.730275 3.34208 -2.77127 
v 0.499401 4.47933 -4.46025 
v 0.616851 4.43558 -4.27142 
v 0.616851 4.62874 -4.27142 
v 0.616851 4.62874 -4.27142 
v 0.616851 4.43558 -4.07728 
v 0.616851 4.43558 -4.27142 
v 0.616851 4.62874 -4.07728 
v 0.616851 4.62874 -4.07728 
v 0.659096 4.50514 -3.35693 
v 0.616851 4.43558 -4.07728 
v 0.755024 5.02596 -1.63669 
v 0.755024 4.05714 0.548098 
v 0.755024 4.49001 -1.73816 
v 0.755024 4.59309 0.649572 

vn -1 0 0 
vn -1 0 0 
vn -1 0 0 
vn 0 -1 0 
vn 0 -1 0 
vn 0 -1 0 
vn 0 -1 0 
vn 0 -1 0 
vn 0 -1 0 
vn 0 -1 0 
vn 0 -1 0 
vn 0 -1 0 
vn 0 0 -1 
vn 0 0 -1 
vn 0 0 -1 
vn -1 0 0 
vn -1 0 0 
vn -1 0 0 
vn 0 0 1 
vn 0 0 1 
vn 0 0 1 
vn -1 0 0 
vn -1 0 0 
vn -1 0 0 
vn 0 -1 0 
vn 0 -1 0 
vn 0 -1 0 
vn 0 -1 0 
vn 0 -1 0 
vn 0 -1 0 
vn -1 0 0 
vn -1 0 0 
vn -1 0 0 
vn -1 0 0 
vn -1 0 0 
vn -1 0 0 
vn -1 0 0 
vn 0 0 -1 
vn 0 0 -1 
vn 0 0 -1 
vn 0 0 1 
vn 0 0 1 
vn 0 0 1 
vn 0 0 1 
vn 0 0 1 
vn 0 0 1 
vn 0 0 -1 
vn -1 0 0 
vn -1 0 0 
vn -1 0 0 
vn -1 0 0 
vn 0 0 -1 
vn 0 0 -1 
vn 0 0 -1 
vn 0 0 1 
vn 0 0 1 
vn 0 0 1 
vn 0 -1 0 
vn 0 -1 0 
vn 0 0 -1 
vn 0 -1 0 
vn 0 0 -1 
vn 0 0 -1 
vn 0 0 -1 
vn 1 0 0 
vn 1 0 0 
vn 1 0 0 
vn 1 0 0 
vn 1 0 0 
vn 1 0 0 
vn 0 -1 0 
vn 0 0 -1 
vn 1 0 0 
vn 1 0 0 
vn 1 0 0 
vn 0 -1 0 
vn 0 -1 0 
vn 0 -1 0 
vn 1 0 0 
vn 1 0 0 
vn 1 0 0 
vn 0 0 -1 
vn 0 0 -1 
vn 0 0 -1 
vn 0 0 1 
vn 1 0 0 
vn 0 -1 0 
vn 0 -1 0 
vn 0 -1 0 
vn 0 -1 0 
vn 0 -1 0 
vn 0 -1 0 
vn 0 0 -1 
vn 0 0 -1 
vn 0 0 -1 
vn 0 0 1 
vn 1 0 0 
vn 1 0 0 
vn 1 0 0 
vn 1 0 0 
vn 0 1 0 
vn 0 1 0 
vn 0 1 0 
vn -1 0 0 
vn -1 0 0 
vn -1 0 0 
vn -1 0 0 
vn 0 -1 0 
vn 0 -1 0 
vn 0 -1 0 
vn 0 -1 0 
vn 0 -1 0 
vn 0 -1 0 
vn 0 -1 0 
vn 0 0 1 
vn 0 0 1 
vn 0 0 1 
vn -1 0 0 
vn -1 0 0 
vn -1 0 0 
vn -1 0 0 
vn -1 0 0 
vn -1 0 0 
vn -1 0 0 
vn -1 0 0 
vn 0 0 1 
vn 0 0 1 
vn 0 0 1 
vn -1 0 0 
vn -1 0 0 
vn -1 0 0 
vn -1 0 0 
vn 0 0 -1 
vn 0 0 -1 
vn 0 0 -1 
vn 0 0 -1 
vn -1 0 0 
vn -1 0 0 
vn 0 0 -1 
vn 0 0 -1 
vn 0 0 -1 
vn 0 0 1 
vn 0 0 1 
vn 0 0 1 
vn 0 0 1 
vn 0 0 1 
vn 0 -1 0 
vn 0 -1 0 
vn 0 0 -1 
vn 0 0 -1 
vn 0 0 -1 
vn 0 -1 0 
vn 0 -1 0 
vn 0 -1 0 
vn 0 0 -1 
vn 0 0 -1 
vn 0 0 -1 
vn 0 0 1 
vn 0 0 1 
vn 0 0 1 
vn 0 -1 0 
vn 0 -1 0 
vn 0 -1 0 
vn 0 1 0 
vn 0 1 0 
vn 0 1 0 
vn 0 -1 0 
vn 0 -1 0 
vn 0 -1 0 
vn 0 0 1 
vn 0 0 1 
vn 0 0 1 
vn 0 0 1 
vn 0 0 1 
vn 0 0 1 
vn 0 0 -1 
vn 1 0 0 
vn 1 0 0 
vn 1 0 0 
vn 1 0 0 
vn 1 0 0 
vn 1 0 0 
vn 1 0 0 
vn 1 0 0 
vn 0 0 1 
vn 1 0 0 
vn 0 -1 0 
vn 0 -1 0 
vn 0 -1 0 
vn 0 1 0 
vn 0 1 0 
vn 0 1 0 
vn -1 0 0 
vn 0 0 -1 
vn 0 1 0 
vn 0 1 0 
vn 0 1 0 
vn 0 1 0 
vn 0 0 1 
vn 1 0 0 
vn 0 1 0 
vn 0 1 0 
vn 0 1 0 
vn -1 0 0 
vn 0 1 0 
vn 0 0 -1 
vn 1 0 0 
vn 0 1 0 
vn 0 1 0 
vn 0 1 0 
vn 0 1 0 
vn -1 0 0 
vn -1 0 0 
vn -1 0 0 
vn -1 0 0 
vn -1 0 0 
vn -1 0 0 
vn -1 0 0 
vn -1 0 0 
vn -1 0 0 
vn -1 0 0 
vn 0 1 0 
vn 0 1 0 
vn 0 1 0 
vn 0 1 0 
vn -1 0 0 
vn 0 1 0 
vn 0 1 0 
vn 0 1 0 
vn 0 0 -1 
vn 0 0 -1 
vn 0 0 -1 
vn 0 -1 0 
vn 0 -1 0 
vn 0 -1 0 
vn 0 0 -1 
vn -1 0 0 
vn -1 0 0 
vn -1 0 0 
vn 1 0 0 
vn 1 0 0 
vn 1 0 0 
vn 0 0 -1 
vn 0 -1 0 
vn 0 0 1 
vn 0 0 1 
vn 0 0 1 
vn 0 1 0 
vn 0 0 1 
vn 0 0 1 
vn 1 0 0 
vn 0 0 -1 
vn 0 0 -1 
vn 0 0 -1 
vn 0 0 -1 
vn 0 0 -1 
vn 0 0 -1 
vn 0 1 0 
vn 0 1 0 
vn 0 1 0 
vn 0 0 1 
vn 0 0 1 
vn 0 0 1 
vn 0 0 -1 
vn -1 0 0 
vn 0 1 0 
vn 0 1 0 
vn 0 1 0 
vn 0 0 1 
vn 0 1 0 
vn 0 0 1 
vn 0 1 0 
vn 0 1 0 
vn 0 1 0 
vn -1 0 0 
vn 0 1 0 
vn 0 1 0 
vn 0 1 0 
vn 0 1 0 
vn 0 1 0 
vn 0 1 0 
vn 0 1 0 
vn 0 1 0 
vn -1 0 0 
vn -1 0 0 
vn -1 0 0 
vn -1 0 0 
vn -1 0 0 
vn -1 0 0 
vn -1 0 0 
vn 0 1 0 
vn -1 0 0 
vn -1 0 0 
vn -1 0 0 
vn -1 0 0 
vn 0 0 -1 
vn 0 0 -1 
vn 0 0 -1 
vn 0 -1 0 
vn 0 -1 0 
vn 0 -1 0 
vn 0 1 0 
vn 0 1 0 
vn 0 1 0 
vn 0 -1 0 
vn -1 0 0 
vn -1 0 0 
vn -1 0 0 
vn -1 0 0 
vn -1 0 0 
vn 0 0 1 
vn 0 0 1 
vn 0 0 1 
vn 0 0 -1 
vn 0 0 -1 
vn 0 0 -1 
vn 0 0 -1 
vn 0 0 -1 
vn 0 0 -1 
vn 0 0 -1 
vn 0 1 0 
vn 0 1 0 
vn 0 1 0 
vn 0 0 1 
vn 0 0 1 
vn 0 0 1 
vn 0 0 1 
vn 0 0 1 
vn 0 0 1 
vn 0 0 -1 
vn 0 0 -1 
vn 0 0 -1 
vn 0 0 -1 
vn 0 0 -1 
vn 0 0 -1 
vn 0 0 1 
vn 0 0 1 
vn 0 0 1 
vn 1 0 0 
vn 1 0 0 
vn 1 0 0 
vn 0 0 1 
vn 0 1 0 
vn 1 0 0 
vn 0 1 0 
vn 0 1 0 
vn 0 1 0 
vn 0 1 0 
vn 0 1 0 
vn 0 1 0 
vn 0 0.188976 -0.984252 
vn 0 0.188976 -0.984252 
vn 0 0.188976 -0.984252 
vn 0 0.984252 0.188976 
vn 0 0.984252 0.188976 
vn 0 0.984252 0.188976 
vn 0 0.188976 -0.984252 
vn 0 0.984252 0.188976 
vn -1 0 0 
vn -1 0 0 
vn -1 0 0 
vn 0 -1 0 
vn 0 0 -1 
vn -1 0 0 
vn -1 0 0 
vn -1 0 0 
vn 0 -1 0 
vn 0 -1 0 
vn 0 -1 0 
vn 0 -1 0 
vn 0 -1 0 
vn 0 -1 0 
vn 0 0 -1 
vn 0 0 -1 
vn 0 0 -1 
vn -1 0 0 
vn -1 0 0 
vn -1 0 0 
vn -1 0 0 
vn -1 0 0 
vn -1 0 0 
vn 0 0 -1 
vn 0 0 -1 
vn 0 0 -1 
vn 0 -1 0 
vn 0 -1 0 
vn 0 -1 0 
vn 0 0 -1 
vn 0 0 -1 
vn 0 0 -1 
vn -1 0 0 
vn -1 0 0 
vn -1 0 0 
vn -1 0 0 
vn 0 0 1 
vn 0 0 1 
vn 0 0 1 
vn 0 0 -1 
vn 0 0 -1 
vn 0 0 -1 
vn 0 1 0 
vn -1 0 0 
vn -1 0 0 
vn -1 0 0 
vn -1 0 0 
vn 0 0 -1 
vn 0 0 -1 
vn 0 0 -1 
vn 0 0 1 
vn 0 0 1 
vn 0 0 1 
vn 0 -1 0 
vn 0 -1 0 
vn 0 -1 0 
vn 0 -1 0 
vn 0 0 1 
vn 0 -1 0 
vn 0 -1 0 
vn 1 0 0 
vn 1 0 0 
vn 1 0 0 
vn 1 0 0 
vn 1 0 0 
vn 1 0 0 
vn 0 -1 0 
vn 0 -1 0 
vn 0 -1 0 
vn 0 -1 0 
vn 0 0 1 
vn 1 0 0 
vn 1 0 0 
vn 1 0 0 
vn 1 0 0 
vn 1 0 0 
vn 1 0 0 
vn 0 0 1 
vn 0 0 1 
vn 0 0 1 
vn 0 0 -1 
vn 1 0 0 
vn 1 0 0 
vn 1 0 0 
vn 1 0 0 
vn 0 0 -1 
vn 0 0 1 
vn 0 0 1 
vn 0 0 1 
vn 0 0 -1 
vn 1 0 0 
vn 1 0 0 
vn 1 0 0 
vn 1 0 0 
vn 1 0 0 
vn 0 0 -1 
vn 0 0 1 
vn 0 -1 0 
vn 0 0 -1 
vn 0 -1 0 
vn 0 -1 0 
vn 0 -1 0 
vn 0 0 1 
vn 0 -1 0 
vn 0 1 0 
vn 0 -1 0 
vn 0 0 1 
vn -1 0 0 
vn -1 0 0 
vn -1 0 0 
vn -1 0 0 
vn 0 -1 0 
vn -1 0 0 
vn -1 0 0 
vn -1 0 0 
vn -1 0 0 
vn 0 0 -1 
vn 0 0 -1 
vn 0 0 -1 
vn 0 1 0 
vn 0 -1 0 
vn -1 0 0 
vn 0 0 1 
vn 0 0 1 
vn 0 0 1 
vn 0 0 1 
vn 0 0 1 
vn 0 0 1 
vn 0 -1 0 
vn 0 -1 0 
vn 0 -1 0 
vn 0 -1 0 
vn 0 -1 0 
vn 0 -1 0 
vn 1 0 0 
vn 1 0 0 
vn 1 0 0 
vn 0 0 1 
vn 1 0 0 
vn 1 0 0 
vn 1 0 0 
vn 1 0 0 
vn 1 0 0 
vn 1 0 0 
vn 1 0 0 
vn 1 0 0 
vn 0 0 1 
vn 0 0 -1 
vn 0 0 -1 
vn 0 0 -1 
vn 0 0 -1 
vn 1 0 0 
vn 1 0 0 
vn 1 0 0 
vn 1 0 0 
vn 1 0 0 
vn 0 0 1 
vn 0 0 1 
vn 0 0 1 
vn 0 0 1 
vn 0 0 -1 
vn 1 0 0 
vn 0 -1 0 
vn 0 0 1 
vn 0 0 -1 
vn 0 0 -1 
vn 0 0 -1 
vn 0 0 -1 
vn 0 0 -1 
vn 0 0 -1 
vn 0 -1 0 
vn 0 -1 0 
vn 0 -1 0 
vn 0 0 1 
vn 0 0 1 
vn 0 0 1 
vn 0 1 0 
vn 0 1 0 
vn 0 1 0 
vn 0 -1 0 
vn 0 1 0 
vn 0 0 1 
vn 0 1 0 
vn 0 1 0 
vn 0 0 -1 
vn 1 0 0 
vn 1 0 0 
vn 1 0 0 
vn -1 0 0 
vn 0 1 0 
vn 0 1 0 
vn 0 1 0 
vn 0 1 0 
vn 0 0 1 
vn 1 0 0 
vn 0 0 -1 
vn -1 0 0 
vn 0 1 0 
vn 0 1 0 
vn 0 1 0 
vn 0 1 0 
vn 0 0 -1 
vn 1 0 0 
vn 0 0 1 
vn 0 0 -1 
vn 0 1 0 
vn 0 1 0 
vn 0 1 0 
vn 0 1 0 
vn 1 0 0 
vn 0 1 0 
vn 0 1 0 
vn 0 1 0 
vn 1 0 0 
vn 1 0 0 
vn 1 0 0 
vn 1 0 0 
vn 0 1 0 
vn 1 0 0 
vn 1 0 0 
vn 1 0 0 
vn 1 0 0 
vn 1 0 0 
vn 1 0 0 
vn 0 0 1 
vn 1 0 0 
vn 0 1 0 
vn 0 1 0 
vn 0 1 0 
vn 0 1 0 
vn -1 0 0 
vn 0 0 1 
vn 0 0 -1 
vn 0 0 -1 
vn 0 0 -1 
vn 0 0 -1 
vn 0 0 -1 
vn 0 0 -1 
vn 0 0 -1 
vn 0 0 -1 
vn 0 0 1 
vn 0 0 1 
vn -1 0 0 
vn -1 0 0 
vn -1 0 0 
vn 0 0 -1 
vn 0 0 -1 
vn 0 0 -1 
vn 0 1 0 
vn -1 0 0 
vn 0 1 0 
vn 0 1 0 
vn 0 1 0 
vn 0 0 1 
vn 0 0 1 
vn 0 0 1 
vn 0 1 0 
vn 0 0.188976 -0.984252 
vn 0 0.188976 -0.984252 
vn 0 0.188976 -0.984252 
vn 0 0.984252 0.188976 
vn 0 0.984252 0.188976 
vn 0 0.984252 0.188976 
vn 0 0.984252 0.188976 
vn 0 0.188976 -0.984252 
vn 0 -1 0 
vn 0 -1 0 
vn 0 -1 0 
vn 0 0 1 
vn 0 1 0 
vn 0 1 0 
vn 0 1 0 
vn 0 1 0 
vn 0 1 0 
vn 0 1 0 
vn 0 1 0 
vn 0 1 0 
vn 0 1 0 
vn 0 1 0 
vn 0 1 0 
vn 0 1 0 
vn 1 0 0 
vn 1 0 0 
vn 1 0 0 
vn 1 0 0 
vn 1 0 0 
vn 1 0 0 
vn 1 0 0 
vn 1 0 0 
vn 0 -1 0 
vn 0 0 -1 
vn 1 0 0 
vn 1 0 0 
vn 1 0 0 
vn 1 0 0 
vn 0 1 0 
vn 1 0 0 
vn 0 0 1 
vn 1 0 0 
vn 1 0 0 
vn 1 0 0 
vn 1 0 0 

vt 0.610339 0.447041 
vt 0.673059 0.618119 
vt 0.610339 0.618119 
vt 0.86369 0.175234 
vt 0.86369 0.162427 
vt 0.858451 0.162427 
vt 0.496917 0.222351 
vt 0.496917 0.208044 
vt 0.491678 0.208044 
vt 0.872475 0.424963 
vt 0.872475 0.410979 
vt 0.867236 0.410979 
vt 0.636675 0.230697 
vt 0.636675 0.189866 
vt 0.641914 0.189866 
vt 0.153722 0.373861 
vt 0.140916 0.414692 
vt 0.140916 0.373861 
vt 0.617075 0.189866 
vt 0.622314 0.230697 
vt 0.622314 0.189866 
vt 0.434213 0.741424 
vt 0.420124 0.777712 
vt 0.420124 0.741424 
vt 0.556677 0.222133 
vt 0.556677 0.208044 
vt 0.550479 0.208044 
vt 0.73266 0.975274 
vt 0.73266 0.961308 
vt 0.727421 0.961308 
vt 0.909011 0.377561 
vt 0.894705 0.412215 
vt 0.894705 0.377561 
vt 0.959852 0.0969009 
vt 0.945869 0.125742 
vt 0.945869 0.0969009 
vt 0.909011 0.412215 
vt 0.849184 0.855078 
vt 0.849184 0.889733 
vt 0.843945 0.889733 
vt 0.843945 0.806061 
vt 0.849184 0.840716 
vt 0.849184 0.806061 
vt 0.962219 0.817282 
vt 0.967458 0.846123 
vt 0.967458 0.817282 
vt 0.641914 0.230697 
vt 0.547362 0.954313 
vt 0.533397 0.982316 
vt 0.533397 0.954313 
vt 0.153722 0.414692 
vt 0.426322 0.792074 
vt 0.426322 0.828362 
vt 0.420124 0.828362 
vt 0.974214 0.0969009 
vt 0.979453 0.124904 
vt 0.979453 0.0969009 
vt 0.858451 0.175234 
vt 0.491678 0.222351 
vt 0.843945 0.855078 
vt 0.867236 0.424963 
vt 0.928258 0.898001 
vt 0.865538 0.772421 
vt 0.928258 0.772421 
vt 0.420124 0.877378 
vt 0.43443 0.842723 
vt 0.420124 0.842723 
vt 0.140916 0.359499 
vt 0.153722 0.318668 
vt 0.140916 0.318668 
vt 0.727421 0.975274 
vt 0.420124 0.792074 
vt 0.571895 0.775679 
vt 0.585985 0.739391 
vt 0.571895 0.739391 
vt 0.30079 0.447041 
vt 0.17521 0.618119 
vt 0.30079 0.618119 
vt 0.941066 0.616835 
vt 0.95505 0.587994 
vt 0.941066 0.587994 
vt 0.962219 0.890983 
vt 0.962219 0.862142 
vt 0.967458 0.862142 
vt 0.843945 0.840716 
vt 0.43443 0.877378 
vt 0.379431 0.632481 
vt 0.405762 0.749502 
vt 0.405762 0.632481 
vt 0.00718071 0.702217 
vt 0.134721 0.861436 
vt 0.134721 0.702217 
vt 0.974214 0.168107 
vt 0.974214 0.140103 
vt 0.979453 0.140103 
vt 0.617075 0.230697 
vt 0.153722 0.359499 
vt 0.965469 0.0800439 
vt 0.979434 0.0520408 
vt 0.965469 0.0520408 
vt 0.440731 0.618119 
vt 0.315151 0.618119 
vt 0.440731 0.447041 
vt 0.673059 0.447041 
vt 0.694546 0.189866 
vt 0.675876 0.229977 
vt 0.675876 0.189866 
vt 0.38697 0.226715 
vt 0.38697 0.208044 
vt 0.379541 0.208044 
vt 0.805822 0.961308 
vt 0.805822 0.974473 
vt 0.811061 0.974473 
vt 0.811061 0.961308 
vt 0.149082 0.702217 
vt 0.156512 0.742327 
vt 0.156512 0.702217 
vt 0.29415 0.815166 
vt 0.324377 0.889951 
vt 0.29415 0.889951 
vt 0.324377 0.815166 
vt 0.853648 0.447041 
vt 0.926704 0.587926 
vt 0.853648 0.587926 
vt 0.926704 0.447041 
vt 0.149082 0.756689 
vt 0.15528 0.792977 
vt 0.15528 0.756689 
vt 0.955784 0.679465 
vt 0.942619 0.709963 
vt 0.942619 0.679465 
vt 0.434213 0.777712 
vt 0.947858 0.862142 
vt 0.947858 0.89264 
vt 0.942619 0.89264 
vt 0.942619 0.862142 
vt 0.955784 0.709963 
vt 0.694546 0.229977 
vt 0.759919 0.189866 
vt 0.759919 0.229977 
vt 0.75249 0.229977 
vt 0.942619 0.817282 
vt 0.947858 0.84778 
vt 0.947858 0.817282 
vt 0.942619 0.84778 
vt 0.149082 0.792977 
vt 0.379541 0.226715 
vt 0.550479 0.222133 
vt 0.548532 0.43268 
vt 0.518305 0.246178 
vt 0.548532 0.246178 
vt 0.562893 0.246178 
vt 0.703779 0.414502 
vt 0.703779 0.246178 
vt 0.36507 0.800804 
vt 0.292013 0.632481 
vt 0.36507 0.632481 
vt 0.791197 0.414502 
vt 0.791197 0.246178 
vt 0.71814 0.246178 
vt 0.00718071 0.318668 
vt 0.0819657 0.50517 
vt 0.0819657 0.318668 
vt 0.575545 0.00718069 
vt 0.575545 0.193683 
vt 0.50076 0.00718069 
vt 0.429158 0.246178 
vt 0.503943 0.43268 
vt 0.503943 0.246178 
vt 0.126554 0.50517 
vt 0.126554 0.318668 
vt 0.0963271 0.318668 
vt 0.928258 0.75806 
vt 0.928258 0.632481 
vt 0.865538 0.632481 
vt 0.75249 0.189866 
vt 0.568389 0.949465 
vt 0.581555 0.918967 
vt 0.568389 0.918967 
vt 0.581555 0.949465 
vt 0.585985 0.775679 
vt 0.420124 0.672591 
vt 0.438794 0.632481 
vt 0.420124 0.632481 
vt 0.149082 0.742327 
vt 0.438794 0.672591 
vt 0.00718071 0.687855 
vt 0.148066 0.519531 
vt 0.0071807 0.519531 
vt 0.730792 0.00718069 
vt 0.730792 0.175505 
vt 0.589907 0.00718069 
vt 0.959852 0.125742 
vt 0.967458 0.890983 
vt 0.146155 0.484246 
vt 0.146155 0.498552 
vt 0.140916 0.498552 
vt 0.140916 0.484246 
vt 0.962219 0.846123 
vt 0.95505 0.616835 
vt 0.878051 0.175234 
vt 0.878051 0.162427 
vt 0.88329 0.162427 
vt 0.547362 0.982316 
vt 0.88329 0.175234 
vt 0.979453 0.168107 
vt 0.979434 0.0800439 
vt 0.876026 0.602288 
vt 0.876026 0.616271 
vt 0.870787 0.616271 
vt 0.870787 0.602288 
vt 0.851176 0.7917 
vt 0.75224 0.7917 
vt 0.851176 0.632481 
vt 0.594721 0.812412 
vt 0.568389 0.904605 
vt 0.568389 0.812412 
vt 0.594721 0.904605 
vt 0.573815 0.208044 
vt 0.571038 0.222298 
vt 0.571038 0.208044 
vt 0.75226 0.961308 
vt 0.75226 0.975274 
vt 0.747021 0.975274 
vt 0.747021 0.961308 
vt 0.573815 0.222298 
vt 0.460178 0.208044 
vt 0.4574 0.224851 
vt 0.4574 0.208044 
vt 0.952686 0.461295 
vt 0.969493 0.447041 
vt 0.969493 0.461295 
vt 0.970146 0.752752 
vt 0.972923 0.724325 
vt 0.970146 0.724325 
vt 0.941066 0.447041 
vt 0.4259 0.208044 
vt 0.423123 0.226413 
vt 0.423123 0.208044 
vt 0.591496 0.662349 
vt 0.594273 0.629726 
vt 0.591496 0.629726 
vt 0.941066 0.479664 
vt 0.972923 0.752752 
vt 0.947617 0.20412 
vt 0.964424 0.20412 
vt 0.964424 0.189866 
vt 0.460178 0.224851 
vt 0.935997 0.189866 
vt 0.935997 0.222489 
vt 0.594273 0.662349 
vt 0.0993741 0.992819 
vt 0.0071807 0.875798 
vt 0.0993741 0.875798 
vt 0.274146 0.942706 
vt 0.17521 0.815166 
vt 0.274146 0.815166 
vt 0.405762 0.763863 
vt 0.379431 0.880885 
vt 0.379431 0.763863 
vt 0.986898 0.363199 
vt 0.986898 0.246178 
vt 0.894704 0.246178 
vt 0.952686 0.479664 
vt 0.4259 0.226413 
vt 0.399347 0.895246 
vt 0.39657 0.906867 
vt 0.39657 0.895246 
vt 0.947617 0.222489 
vt 0.399347 0.906867 
vt 0.974214 0.124904 
vt 0.811756 0.410979 
vt 0.811756 0.425069 
vt 0.805558 0.425069 
vt 0.75224 0.632481 
vt 0.573628 0.963827 
vt 0.573628 0.976992 
vt 0.568389 0.976992 
vt 0.805558 0.410979 
vt 0.568389 0.963827 
vt 0.401332 0.226715 
vt 0.401332 0.208044 
vt 0.408761 0.208044 
vt 0.880343 0.246178 
vt 0.805558 0.396618 
vt 0.805558 0.246178 
vt 0.880343 0.396618 
vt 0.829584 0.806061 
vt 0.727142 0.946947 
vt 0.727142 0.806061 
vt 0.408761 0.226715 
vt 0.829584 0.946947 
vt 0.253265 0.957067 
vt 0.277931 0.981858 
vt 0.253265 0.981858 
vt 0.984424 0.660414 
vt 0.959758 0.632481 
vt 0.984424 0.632481 
vt 0.455092 0.982247 
vt 0.479883 0.954313 
vt 0.455092 0.954313 
vt 0.519035 0.954313 
vt 0.494244 0.982247 
vt 0.494244 0.954313 
vt 0.479883 0.982247 
vt 0.00718068 0.304307 
vt 0.0071807 0.00718069 
vt 0.076834 0.304307 
vt 0.0768341 0.00718075 
vt 0.277931 0.957067 
vt 0.949852 0.983498 
vt 0.974518 0.955565 
vt 0.949852 0.955565 
vt 0.959758 0.660414 
vt 0.879508 0.189866 
vt 0.865624 0.207984 
vt 0.851741 0.189866 
vt 0.879508 0.207984 
vt 0.851741 0.224004 
vt 0.865624 0.224004 
vt 0.737879 0.7917 
vt 0.610339 0.7917 
vt 0.737879 0.632481 
vt 0.554028 0.939952 
vt 0.554028 0.812412 
vt 0.455092 0.812412 
vt 0.32565 0.43268 
vt 0.32565 0.246178 
vt 0.17521 0.246178 
vt 0.486399 0.193683 
vt 0.335959 0.00718069 
vt 0.486399 0.00718069 
vt 0.277652 0.800804 
vt 0.17521 0.632481 
vt 0.277652 0.632481 
vt 0.557534 0.79805 
vt 0.557534 0.629726 
vt 0.455092 0.629726 
vt 0.649366 0.986099 
vt 0.674032 0.961308 
vt 0.649366 0.961308 
vt 0.974518 0.983498 
vt 0.519035 0.982247 
vt 0.674032 0.986099 
vt 0.595977 0.447041 
vt 0.595978 0.615365 
vt 0.455092 0.447041 
vt 0.414797 0.246178 
vt 0.340012 0.43268 
vt 0.340012 0.246178 
vt 0.93549 0.983222 
vt 0.865538 0.983222 
vt 0.93549 0.912362 
vt 0.321597 0.231816 
vt 0.255585 0.00718069 
vt 0.321597 0.00718069 
vt 0.865538 0.912362 
vt 0.255585 0.231816 
vt 0.945396 0.665103 
vt 0.942619 0.63248 
vt 0.945396 0.63248 
vt 0.17521 0.447041 
vt 0.865538 0.898001 
vt 0.937679 0.377561 
vt 0.923372 0.412215 
vt 0.923372 0.377561 
vt 0.516517 0.208044 
vt 0.511278 0.222351 
vt 0.516517 0.222351 
vt 0.895626 0.602288 
vt 0.890387 0.616271 
vt 0.895626 0.616271 
vt 0.577134 0.670558 
vt 0.571895 0.629726 
vt 0.577134 0.629726 
vt 0.153722 0.429053 
vt 0.140916 0.469884 
vt 0.140916 0.429053 
vt 0.78837 0.189866 
vt 0.774281 0.226154 
vt 0.774281 0.189866 
vt 0.15528 0.843626 
vt 0.149082 0.807338 
vt 0.15528 0.807338 
vt 0.77186 0.961308 
vt 0.766621 0.975274 
vt 0.77186 0.975274 
vt 0.849184 0.938749 
vt 0.843945 0.904094 
vt 0.849184 0.904094 
vt 0.959852 0.140103 
vt 0.945869 0.168944 
vt 0.945869 0.140103 
vt 0.937679 0.412215 
vt 0.43443 0.926394 
vt 0.43443 0.891739 
vt 0.429191 0.926394 
vt 0.970708 0.0360218 
vt 0.965469 0.00718069 
vt 0.970708 0.00718069 
vt 0.315151 0.447041 
vt 0.983376 0.587994 
vt 0.969411 0.615997 
vt 0.969411 0.587994 
vt 0.153722 0.469884 
vt 0.983436 0.940366 
vt 0.978197 0.912362 
vt 0.983436 0.912362 
vt 0.661514 0.230697 
vt 0.661514 0.189866 
vt 0.656275 0.230697 
vt 0.90289 0.162427 
vt 0.897651 0.175234 
vt 0.90289 0.175234 
vt 0.511278 0.208044 
vt 0.429191 0.891739 
vt 0.890387 0.602288 
vt 0.897651 0.162427 
vt 0.75014 0.618119 
vt 0.75014 0.447041 
vt 0.68742 0.618119 
vt 0.589907 0.230697 
vt 0.602713 0.189866 
vt 0.589907 0.189866 
vt 0.826117 0.425069 
vt 0.832315 0.410979 
vt 0.826117 0.410979 
vt 0.766621 0.961308 
vt 0.656275 0.189866 
vt 0.802731 0.226154 
vt 0.816821 0.189866 
vt 0.802731 0.189866 
vt 0.29415 0.938967 
vt 0.308456 0.904312 
vt 0.29415 0.904312 
vt 0.429191 0.969597 
vt 0.43443 0.940756 
vt 0.429191 0.940756 
vt 0.843945 0.938749 
vt 0.308456 0.938967 
vt 0.949852 0.941204 
vt 0.963836 0.912362 
vt 0.949852 0.912362 
vt 0.571895 0.670558 
vt 0.843945 0.981113 
vt 0.849184 0.95311 
vt 0.843945 0.95311 
vt 0.149082 0.843626 
vt 0.970146 0.707468 
vt 0.984111 0.679465 
vt 0.970146 0.679465 
vt 0.602713 0.230697 
vt 0.68742 0.447041 
vt 0.292013 0.800804 
vt 0.865538 0.75806 
vt 0.562893 0.414502 
vt 0.518305 0.43268 
vt 0.343388 0.208044 
vt 0.335959 0.226715 
vt 0.343388 0.226715 
vt 0.71814 0.414502 
vt 0.00718071 0.50517 
vt 0.50076 0.193683 
vt 0.429158 0.43268 
vt 0.0963271 0.50517 
vt 0.590566 0.684919 
vt 0.571895 0.72503 
vt 0.571895 0.684919 
vt 0.78837 0.226154 
vt 0.00718071 0.861436 
vt 0.955784 0.724325 
vt 0.942619 0.754824 
vt 0.942619 0.724325 
vt 0.955784 0.754824 
vt 0.738128 0.229977 
vt 0.730699 0.189866 
vt 0.738128 0.189866 
vt 0.589907 0.175505 
vt 0.148066 0.687855 
vt 0.590566 0.72503 
vt 0.716337 0.229977 
vt 0.716337 0.189866 
vt 0.708908 0.229977 
vt 0.83738 0.226154 
vt 0.83738 0.189866 
vt 0.831182 0.226154 
vt 0.832315 0.425069 
vt 0.593229 0.963827 
vt 0.58799 0.976992 
vt 0.593229 0.976992 
vt 0.58799 0.963827 
vt 0.335959 0.208044 
vt 0.420124 0.727063 
vt 0.438794 0.686952 
vt 0.420124 0.686952 
vt 0.708908 0.189866 
vt 0.858451 0.00718069 
vt 0.858451 0.148066 
vt 0.931507 0.00718069 
vt 0.931507 0.148066 
vt 0.143963 0.950583 
vt 0.143963 0.875798 
vt 0.113736 0.950583 
vt 0.113736 0.875798 
vt 0.831182 0.189866 
vt 0.951108 0.0825395 
vt 0.945869 0.0520408 
vt 0.951108 0.0520408 
vt 0.945869 0.0825395 
vt 0.942619 0.80292 
vt 0.955784 0.772421 
vt 0.942619 0.772421 
vt 0.816821 0.226154 
vt 0.955784 0.80292 
vt 0.945869 0.0376794 
vt 0.951108 0.00718069 
vt 0.945869 0.00718069 
vt 0.951108 0.0376794 
vt 0.730699 0.229977 
vt 0.438794 0.727063 
vt 0.379431 0.749502 
vt 0.894704 0.363199 
vt 0.00718071 0.992819 
vt 0.17521 0.942706 
vt 0.941066 0.541009 
vt 0.969493 0.541009 
vt 0.957873 0.555263 
vt 0.969493 0.573632 
vt 0.970146 0.772421 
vt 0.970146 0.800848 
vt 0.972923 0.772421 
vt 0.941066 0.494025 
vt 0.957873 0.508279 
vt 0.969493 0.494025 
vt 0.477316 0.208044 
vt 0.477316 0.224851 
vt 0.474539 0.208044 
vt 0.972923 0.800848 
vt 0.474539 0.224851 
vt 0.969493 0.526648 
vt 0.405762 0.880885 
vt 0.610339 0.632481 
vt 0.957873 0.573632 
vt 0.440262 0.226413 
vt 0.443039 0.208044 
vt 0.440262 0.208044 
vt 0.942619 0.665103 
vt 0.382209 0.895246 
vt 0.382209 0.906867 
vt 0.379431 0.895246 
vt 0.379431 0.906867 
vt 0.957873 0.526648 
vt 0.443039 0.226413 
vt 0.941066 0.555263 
vt 0.959852 0.168944 
vt 0.536117 0.222351 
vt 0.530878 0.208044 
vt 0.536117 0.208044 
vt 0.530878 0.222351 
vt 0.965469 0.0360218 
vt 0.963836 0.941204 
vt 0.43443 0.969597 
vt 0.978197 0.940366 
vt 0.922491 0.175234 
vt 0.917252 0.162427 
vt 0.922491 0.162427 
vt 0.917252 0.175234 
vt 0.984111 0.707468 
vt 0.915226 0.616271 
vt 0.909987 0.602288 
vt 0.915226 0.602288 
vt 0.36507 0.907359 
vt 0.36507 0.815166 
vt 0.338739 0.815166 
vt 0.338739 0.907359 
vt 0.909987 0.616271 
vt 0.844089 0.1664 
vt 0.745154 0.00718069 
vt 0.745154 0.1664 
vt 0.853648 0.616541 
vt 0.856425 0.602288 
vt 0.853648 0.602288 
vt 0.941066 0.508279 
vt 0.856425 0.616541 
vt 0.791461 0.975274 
vt 0.786222 0.961308 
vt 0.791461 0.961308 
vt 0.786222 0.975274 
vt 0.983376 0.615997 
vt 0.455092 0.939952 
vt 0.921635 0.224004 
vt 0.907752 0.207984 
vt 0.921635 0.189866 
vt 0.907752 0.224004 
vt 0.893869 0.189866 
vt 0.893869 0.207984 
vt 0.17521 0.800804 
vt 0.335959 0.193683 
vt 0.455092 0.79805 
vt 0.17521 0.43268 
vt 0.713059 0.961308 
vt 0.688393 0.986099 
vt 0.688393 0.961308 
vt 0.238903 0.957067 
vt 0.214237 0.985001 
vt 0.214237 0.957067 
vt 0.455092 0.615365 
vt 0.713059 0.986099 
vt 0.318941 0.953329 
vt 0.29415 0.981262 
vt 0.29415 0.953329 
vt 0.199876 0.985001 
vt 0.199876 0.957067 
vt 0.17521 0.957067 
vt 0.414797 0.43268 
vt 0.408691 0.99258 
vt 0.338739 0.921721 
vt 0.408691 0.921721 
vt 0.17521 0.231816 
vt 0.241223 0.00718069 
vt 0.241223 0.231816 
vt 0.17521 0.00718069 
vt 0.338739 0.99258 
vt 0.95204 0.377561 
vt 0.976831 0.405494 
vt 0.976831 0.37756 
vt 0.849184 0.981113 
vt 0.852875 0.425069 
vt 0.846677 0.410979 
vt 0.852875 0.410979 
vt 0.118974 0.97811 
vt 0.113736 0.964944 
vt 0.118974 0.964944 
vt 0.846677 0.425069 
vt 0.113736 0.97811 
vt 0.365179 0.226715 
vt 0.35775 0.208044 
vt 0.365179 0.208044 
vt 0.35775 0.226715 
vt 0.712781 0.946947 
vt 0.610339 0.806061 
vt 0.610339 0.946947 
vt 0.764502 0.447041 
vt 0.764502 0.597481 
vt 0.839287 0.597481 
vt 0.839287 0.447041 
vt 0.844089 0.00718069 
vt 0.95204 0.405494 
vt 0.238903 0.985001 
vt 0.635005 0.986099 
vt 0.610339 0.961308 
vt 0.610339 0.986099 
vt 0.635005 0.961308 
vt 0.318941 0.981262 
vt 0.712781 0.806061 
vt 0.17521 0.985001 
vt 0.160849 0.304307 
vt 0.0911954 0.00718069 
vt 0.0911954 0.304307 
vt 0.160849 0.00718075 

usemtl Borbardillo0011Mtl

f 7297/7297/7297 7298/7298/7298 7299/7299/7299 
f 7297/7297/7297 7299/7299/7299 7592/7592/7592 
f 7454/7454/7454 7455/7455/7455 7456/7456/7456 
f 7454/7454/7454 7456/7456/7456 7727/7727/7727 
f 7481/7481/7481 7482/7482/7482 7483/7483/7483 
f 7485/7485/7485 7482/7482/7482 7481/7481/7481 
f 7746/7746/7746 7747/7747/7747 7748/7748/7748 
f 7747/7747/7747 7746/7746/7746 7749/7749/7749 
f 7285/7285/7285 7286/7286/7286 7287/7287/7287 
f 7285/7285/7285 7287/7287/7287 7588/7588/7588 
f 7463/7463/7463 7464/7464/7464 7465/7465/7465 
f 7463/7463/7463 7465/7465/7465 7726/7726/7726 
f 7379/7379/7379 7380/7380/7380 7381/7381/7381 
f 7380/7380/7380 7379/7379/7379 7650/7650/7650 
f 7189/7189/7189 7190/7190/7190 7191/7191/7191 
f 7190/7190/7190 7189/7189/7189 7490/7490/7490 
f 7382/7382/7382 7383/7383/7383 7384/7384/7384 
f 7383/7383/7383 7382/7382/7382 7651/7651/7651 
f 7165/7165/7165 7166/7166/7166 7167/7167/7167 
f 7167/7167/7167 7187/7187/7187 7165/7165/7165 
f 7515/7515/7515 7516/7516/7516 7517/7517/7517 
f 7566/7566/7566 7516/7516/7516 7515/7515/7515 
f 7209/7209/7209 7210/7210/7210 7211/7211/7211 
f 7211/7211/7211 7321/7321/7321 7209/7209/7209 
f 7525/7525/7525 7526/7526/7526 7527/7527/7527 
f 7526/7526/7526 7525/7525/7525 7687/7687/7687 
f 7429/7429/7429 7430/7430/7430 7431/7431/7431 
f 7470/7470/7470 7430/7430/7430 7429/7429/7429 
f 7736/7736/7736 7737/7737/7737 7738/7738/7738 
f 7781/7781/7781 7737/7737/7737 7736/7736/7736 
f 7433/7433/7433 7434/7434/7434 7435/7435/7435 
f 7436/7436/7436 7435/7435/7435 7434/7434/7434 
f 7784/7784/7784 7785/7785/7785 7786/7786/7786 
f 7785/7785/7785 7784/7784/7784 7787/7787/7787 
f 7279/7279/7279 7280/7280/7280 7281/7281/7281 
f 7279/7279/7279 7583/7583/7583 7280/7280/7280 
f 7288/7288/7288 7289/7289/7289 7290/7290/7290 
f 7288/7288/7288 7589/7589/7589 7289/7289/7289 
f 7245/7245/7245 7246/7246/7246 7247/7247/7247 
f 7246/7246/7246 7245/7245/7245 7248/7248/7248 
f 7411/7411/7411 7412/7412/7412 7413/7413/7413 
f 7412/7412/7412 7411/7411/7411 7414/7414/7414 
f 7628/7628/7628 7629/7629/7629 7630/7630/7630 
f 7631/7631/7631 7630/7630/7630 7629/7629/7629 
f 7770/7770/7770 7771/7771/7771 7772/7772/7772 
f 7772/7772/7772 7773/7773/7773 7770/7770/7770 
f 7475/7475/7475 7476/7476/7476 7477/7477/7477 
f 7476/7476/7476 7475/7475/7475 7742/7742/7742 
f 7203/7203/7203 7204/7204/7204 7205/7205/7205 
f 7203/7203/7203 7489/7489/7489 7204/7204/7204 
f 7249/7249/7249 7250/7250/7250 7251/7251/7251 
f 7250/7250/7250 7249/7249/7249 7252/7252/7252 
f 7415/7415/7415 7416/7416/7416 7417/7417/7417 
f 7419/7419/7419 7416/7416/7416 7415/7415/7415 
f 7624/7624/7624 7625/7625/7625 7626/7626/7626 
f 7627/7627/7627 7626/7626/7626 7625/7625/7625 
f 7767/7767/7767 7768/7768/7768 7769/7769/7769 
f 7767/7767/7767 7782/7782/7782 7768/7768/7768 
f 7472/7472/7472 7473/7473/7473 7474/7474/7474 
f 7473/7473/7473 7734/7734/7734 7474/7474/7474 
f 7140/7140/7140 7141/7141/7141 7142/7142/7142 
f 7142/7142/7142 7174/7174/7174 7140/7140/7140 
f 7500/7500/7500 7501/7501/7501 7502/7502/7502 
f 7571/7571/7571 7501/7501/7501 7500/7500/7500 
f 7448/7448/7448 7449/7449/7449 7450/7450/7450 
f 7449/7449/7449 7669/7669/7669 7450/7450/7450 
f 7420/7420/7420 7421/7421/7421 7422/7422/7422 
f 7421/7421/7421 7420/7420/7420 7437/7437/7437 
f 7777/7777/7777 7778/7778/7778 7779/7779/7779 
f 7777/7777/7777 7780/7780/7780 7778/7778/7778 
f 7438/7438/7438 7439/7439/7439 7440/7440/7440 
f 7439/7439/7439 7438/7438/7438 7469/7469/7469 
f 7739/7739/7739 7740/7740/7740 7741/7741/7741 
f 7739/7739/7739 7741/7741/7741 7783/7783/7783 
f 7385/7385/7385 7386/7386/7386 7387/7387/7387 
f 7386/7386/7386 7385/7385/7385 7668/7668/7668 
f 7357/7357/7357 7358/7358/7358 7359/7359/7359 
f 7358/7358/7358 7357/7357/7357 7363/7363/7363 
f 7370/7370/7370 7363/7363/7363 7357/7357/7357 
f 7370/7370/7370 7357/7357/7357 7391/7391/7391 
f 7652/7652/7652 7653/7653/7653 7654/7654/7654 
f 7654/7654/7654 7681/7681/7681 7652/7652/7652 
f 7655/7655/7655 7654/7654/7654 7653/7653/7653 
f 7654/7654/7654 7655/7655/7655 7670/7670/7670 
f 7232/7232/7232 7233/7233/7233 7234/7234/7234 
f 7233/7233/7233 7232/7232/7232 7265/7265/7265 
f 7620/7620/7620 7621/7621/7621 7622/7622/7622 
f 7647/7647/7647 7621/7621/7621 7620/7620/7620 
f 7149/7149/7149 7150/7150/7150 7151/7151/7151 
f 7150/7150/7150 7149/7149/7149 7259/7259/7259 
f 7294/7294/7294 7295/7295/7295 7296/7296/7296 
f 7294/7294/7294 7591/7591/7591 7295/7295/7295 
f 7557/7557/7557 7558/7558/7558 7559/7559/7559 
f 7640/7640/7640 7558/7558/7558 7557/7557/7557 
f 7143/7143/7143 7144/7144/7144 7145/7145/7145 
f 7144/7144/7144 7143/7143/7143 7178/7178/7178 
f 7549/7549/7549 7550/7550/7550 7551/7551/7551 
f 7579/7579/7579 7550/7550/7550 7549/7549/7549 
f 7158/7158/7158 7159/7159/7159 7160/7160/7160 
f 7159/7159/7159 7158/7158/7158 7164/7164/7164 
f 7161/7161/7161 7162/7162/7162 7163/7163/7163 
f 7162/7162/7162 7161/7161/7161 7320/7320/7320 
f 7175/7175/7175 7176/7176/7176 7177/7177/7177 
f 7176/7176/7176 7175/7175/7175 7331/7331/7331 
f 7256/7256/7256 7257/7257/7257 7258/7258/7258 
f 7257/7257/7257 7256/7256/7256 7264/7264/7264 
f 7560/7560/7560 7561/7561/7561 7562/7562/7562 
f 7567/7567/7567 7561/7561/7561 7560/7560/7560 
f 7568/7568/7568 7569/7569/7569 7570/7570/7570 
f 7688/7688/7688 7569/7569/7569 7568/7568/7568 
f 7576/7576/7576 7577/7577/7577 7578/7578/7578 
f 7695/7695/7695 7577/7577/7577 7576/7576/7576 
f 7637/7637/7637 7638/7638/7638 7639/7639/7639 
f 7641/7641/7641 7638/7638/7638 7637/7637/7637 
f 7339/7339/7339 7340/7340/7340 7341/7341/7341 
f 7341/7341/7341 7340/7340/7340 7402/7402/7402 
f 7704/7704/7704 7705/7705/7705 7706/7706/7706 
f 7704/7704/7704 7774/7774/7774 7705/7705/7705 
f 7220/7220/7220 7221/7221/7221 7222/7222/7222 
f 7222/7222/7222 7333/7333/7333 7220/7220/7220 
f 7533/7533/7533 7534/7534/7534 7535/7535/7535 
f 7690/7690/7690 7534/7534/7534 7533/7533/7533 
f 7128/7128/7128 7129/7129/7129 7130/7130/7130 
f 7129/7129/7129 7128/7128/7128 7231/7231/7231 
f 7546/7546/7546 7547/7547/7547 7548/7548/7548 
f 7580/7580/7580 7548/7548/7548 7547/7547/7547 
f 7342/7342/7342 7343/7343/7343 7344/7344/7344 
f 7343/7343/7343 7342/7342/7342 7345/7345/7345 
f 7699/7699/7699 7700/7700/7700 7701/7701/7701 
f 7701/7701/7701 7702/7702/7702 7699/7699/7699 
f 7346/7346/7346 7347/7347/7347 7348/7348/7348 
f 7347/7347/7347 7346/7346/7346 7353/7353/7353 
f 7707/7707/7707 7708/7708/7708 7709/7709/7709 
f 7711/7711/7711 7708/7708/7708 7707/7707/7707 
f 7131/7131/7131 7132/7132/7132 7133/7133/7133 
f 7133/7133/7133 7185/7185/7185 7131/7131/7131 
f 7235/7235/7235 7236/7236/7236 7237/7237/7237 
f 7237/7237/7237 7274/7274/7274 7235/7235/7235 
f 7539/7539/7539 7540/7540/7540 7541/7541/7541 
f 7540/7540/7540 7539/7539/7539 7545/7545/7545 
f 7585/7585/7585 7586/7586/7586 7587/7587/7587 
f 7586/7586/7586 7585/7585/7585 7619/7619/7619 
f 7393/7393/7393 7394/7394/7394 7395/7395/7395 
f 7393/7393/7393 7397/7397/7397 7394/7394/7394 
f 7675/7675/7675 7676/7676/7676 7677/7677/7677 
f 7678/7678/7678 7677/7677/7677 7676/7676/7676 
f 7152/7152/7152 7153/7153/7153 7154/7154/7154 
f 7154/7154/7154 7275/7275/7275 7152/7152/7152 
f 7552/7552/7552 7553/7553/7553 7554/7554/7554 
f 7553/7553/7553 7552/7552/7552 7614/7614/7614 
f 7134/7134/7134 7135/7135/7135 7136/7136/7136 
f 7136/7136/7136 7186/7186/7186 7134/7134/7134 
f 7494/7494/7494 7495/7495/7495 7496/7496/7496 
f 7542/7542/7542 7495/7495/7495 7494/7494/7494 
f 7179/7179/7179 7180/7180/7180 7181/7181/7181 
f 7181/7181/7181 7199/7199/7199 7179/7179/7179 
f 7509/7509/7509 7510/7510/7510 7511/7511/7511 
f 7510/7510/7510 7509/7509/7509 7575/7575/7575 
f 7238/7238/7238 7239/7239/7239 7240/7240/7240 
f 7240/7240/7240 7241/7241/7241 7238/7238/7238 
f 7615/7615/7615 7616/7616/7616 7617/7617/7617 
f 7618/7618/7618 7616/7616/7616 7615/7615/7615 
f 7137/7137/7137 7138/7138/7138 7139/7139/7139 
f 7139/7139/7139 7188/7188/7188 7137/7137/7137 
f 7497/7497/7497 7498/7498/7498 7499/7499/7499 
f 7498/7498/7498 7497/7497/7497 7544/7544/7544 
f 7155/7155/7155 7156/7156/7156 7157/7157/7157 
f 7157/7157/7157 7198/7198/7198 7155/7155/7155 
f 7442/7442/7442 7443/7443/7443 7444/7444/7444 
f 7443/7443/7443 7442/7442/7442 7445/7445/7445 
f 7443/7443/7443 7446/7446/7446 7444/7444/7444 
f 7446/7446/7446 7443/7443/7443 7447/7447/7447 
f 7512/7512/7512 7513/7513/7513 7514/7514/7514 
f 7555/7555/7555 7513/7513/7513 7512/7512/7512 
f 7718/7718/7718 7719/7719/7719 7720/7720/7720 
f 7719/7719/7719 7718/7718/7718 7721/7721/7721 
f 7719/7719/7719 7722/7722/7722 7720/7720/7720 
f 7722/7722/7722 7719/7719/7719 7723/7723/7723 
f 7364/7364/7364 7365/7365/7365 7366/7366/7366 
f 7365/7365/7365 7364/7364/7364 7392/7392/7392 
f 7671/7671/7671 7672/7672/7672 7673/7673/7673 
f 7680/7680/7680 7672/7672/7672 7671/7671/7671 
f 7300/7300/7300 7301/7301/7301 7302/7302/7302 
f 7300/7300/7300 7302/7302/7302 7582/7582/7582 
f 7451/7451/7451 7452/7452/7452 7453/7453/7453 
f 7451/7451/7451 7453/7453/7453 7717/7717/7717 
f 7242/7242/7242 7243/7243/7243 7244/7244/7244 
f 7243/7243/7243 7242/7242/7242 7312/7312/7312 
f 7608/7608/7608 7609/7609/7609 7610/7610/7610 
f 7610/7610/7610 7609/7609/7609 7623/7623/7623 
f 7354/7354/7354 7355/7355/7355 7356/7356/7356 
f 7355/7355/7355 7354/7354/7354 7375/7375/7375 
f 7662/7662/7662 7663/7663/7663 7664/7664/7664 
f 7666/7666/7666 7664/7664/7664 7663/7663/7663 
f 7314/7314/7314 7315/7315/7315 7316/7316/7316 
f 7315/7315/7315 7314/7314/7314 7606/7606/7606 
f 7217/7217/7217 7218/7218/7218 7219/7219/7219 
f 7218/7218/7218 7217/7217/7217 7597/7597/7597 
f 7214/7214/7214 7215/7215/7215 7216/7216/7216 
f 7214/7214/7214 7648/7648/7648 7215/7215/7215 
f 7260/7260/7260 7261/7261/7261 7262/7262/7262 
f 7262/7262/7262 7263/7263/7263 7260/7260/7260 
f 7633/7633/7633 7634/7634/7634 7635/7635/7635 
f 7636/7636/7636 7634/7634/7634 7633/7633/7633 
f 7269/7269/7269 7270/7270/7270 7271/7271/7271 
f 7270/7270/7270 7269/7269/7269 7272/7272/7272 
f 7642/7642/7642 7643/7643/7643 7644/7644/7644 
f 7645/7645/7645 7643/7643/7643 7642/7642/7642 
f 7335/7335/7335 7336/7336/7336 7337/7337/7337 
f 7337/7337/7337 7338/7338/7338 7335/7335/7335 
f 7349/7349/7349 7350/7350/7350 7351/7351/7351 
f 7351/7351/7351 7352/7352/7352 7349/7349/7349 
f 7696/7696/7696 7697/7697/7697 7698/7698/7698 
f 7697/7697/7697 7696/7696/7696 7703/7703/7703 
f 7712/7712/7712 7713/7713/7713 7714/7714/7714 
f 7715/7715/7715 7713/7713/7713 7712/7712/7712 
f 7328/7328/7328 7329/7329/7329 7330/7330/7330 
f 7330/7330/7330 7332/7332/7332 7328/7328/7328 
f 7691/7691/7691 7692/7692/7692 7693/7693/7693 
f 7692/7692/7692 7691/7691/7691 7694/7694/7694 
f 7403/7403/7403 7404/7404/7404 7405/7405/7405 
f 7405/7405/7405 7407/7407/7407 7403/7403/7403 
f 7408/7408/7408 7409/7409/7409 7410/7410/7410 
f 7410/7410/7410 7418/7418/7418 7408/7408/7408 
f 7758/7758/7758 7759/7759/7759 7760/7760/7760 
f 7762/7762/7762 7759/7759/7759 7758/7758/7758 
f 7763/7763/7763 7764/7764/7764 7765/7765/7765 
f 7764/7764/7764 7763/7763/7763 7766/7766/7766 
f 7322/7322/7322 7323/7323/7323 7324/7324/7324 
f 7324/7324/7324 7325/7325/7325 7322/7322/7322 
f 7683/7683/7683 7684/7684/7684 7685/7685/7685 
f 7686/7686/7686 7684/7684/7684 7683/7683/7683 
f 7399/7399/7399 7400/7400/7400 7401/7401/7401 
f 7401/7401/7401 7406/7406/7406 7399/7399/7399 
f 7755/7755/7755 7756/7756/7756 7757/7757/7757 
f 7756/7756/7756 7755/7755/7755 7761/7761/7761 
f 7266/7266/7266 7267/7267/7267 7268/7268/7268 
f 7268/7268/7268 7303/7303/7303 7266/7266/7266 
f 7602/7602/7602 7603/7603/7603 7604/7604/7604 
f 7646/7646/7646 7603/7603/7603 7602/7602/7602 
f 7360/7360/7360 7361/7361/7361 7362/7362/7362 
f 7361/7361/7361 7360/7360/7360 7371/7371/7371 
f 7656/7656/7656 7657/7657/7657 7658/7658/7658 
f 7665/7665/7665 7658/7658/7658 7657/7657/7657 
f 7367/7367/7367 7368/7368/7368 7369/7369/7369 
f 7378/7378/7378 7368/7368/7368 7367/7367/7367 
f 7486/7486/7486 7487/7487/7487 7488/7488/7488 
f 7674/7674/7674 7487/7487/7487 7486/7486/7486 
f 7228/7228/7228 7229/7229/7229 7230/7230/7230 
f 7229/7229/7229 7528/7528/7528 7230/7230/7230 
f 7317/7317/7317 7318/7318/7318 7319/7319/7319 
f 7318/7318/7318 7605/7605/7605 7319/7319/7319 
f 7253/7253/7253 7254/7254/7254 7255/7255/7255 
f 7254/7254/7254 7253/7253/7253 7273/7273/7273 
f 7611/7611/7611 7612/7612/7612 7613/7613/7613 
f 7613/7613/7613 7612/7612/7612 7632/7632/7632 
f 7282/7282/7282 7283/7283/7283 7284/7284/7284 
f 7283/7283/7283 7282/7282/7282 7581/7581/7581 
f 7460/7460/7460 7461/7461/7461 7462/7462/7462 
f 7461/7461/7461 7460/7460/7460 7724/7724/7724 
f 7182/7182/7182 7183/7183/7183 7184/7184/7184 
f 7183/7183/7183 7182/7182/7182 7398/7398/7398 
f 7572/7572/7572 7573/7573/7573 7574/7574/7574 
f 7754/7754/7754 7573/7573/7573 7572/7572/7572 
f 7466/7466/7466 7467/7467/7467 7468/7468/7468 
f 7467/7467/7467 7466/7466/7466 7471/7471/7471 
f 7728/7728/7728 7729/7729/7729 7730/7730/7730 
f 7728/7728/7728 7735/7735/7735 7729/7729/7729 
f 7423/7423/7423 7424/7424/7424 7425/7425/7425 
f 7424/7424/7424 7423/7423/7423 7441/7441/7441 
f 7731/7731/7731 7732/7732/7732 7733/7733/7733 
f 7731/7731/7731 7776/7776/7776 7732/7732/7732 
f 7309/7309/7309 7310/7310/7310 7311/7311/7311 
f 7313/7313/7313 7310/7310/7310 7309/7309/7309 
f 7593/7593/7593 7594/7594/7594 7595/7595/7595 
f 7594/7594/7594 7593/7593/7593 7607/7607/7607 
f 7200/7200/7200 7201/7201/7201 7202/7202/7202 
f 7308/7308/7308 7201/7201/7201 7200/7200/7200 
f 7506/7506/7506 7507/7507/7507 7508/7508/7508 
f 7507/7507/7507 7506/7506/7506 7596/7596/7596 
f 7192/7192/7192 7193/7193/7193 7194/7194/7194 
f 7213/7213/7213 7193/7193/7193 7192/7192/7192 
f 7206/7206/7206 7207/7207/7207 7208/7208/7208 
f 7327/7327/7327 7207/7207/7207 7206/7206/7206 
f 7225/7225/7225 7226/7226/7226 7227/7227/7227 
f 7334/7334/7334 7226/7226/7226 7225/7225/7225 
f 7304/7304/7304 7305/7305/7305 7306/7306/7306 
f 7307/7307/7307 7305/7305/7305 7304/7304/7304 
f 7491/7491/7491 7492/7492/7492 7493/7493/7493 
f 7492/7492/7492 7491/7491/7491 7521/7521/7521 
f 7518/7518/7518 7519/7519/7519 7520/7520/7520 
f 7519/7519/7519 7518/7518/7518 7682/7682/7682 
f 7529/7529/7529 7530/7530/7530 7531/7531/7531 
f 7530/7530/7530 7529/7529/7529 7716/7716/7716 
f 7598/7598/7598 7599/7599/7599 7600/7600/7600 
f 7599/7599/7599 7598/7598/7598 7601/7601/7601 
f 7195/7195/7195 7196/7196/7196 7197/7197/7197 
f 7224/7224/7224 7196/7196/7196 7195/7195/7195 
f 7503/7503/7503 7504/7504/7504 7505/7505/7505 
f 7504/7504/7504 7503/7503/7503 7532/7532/7532 
f 7291/7291/7291 7292/7292/7292 7293/7293/7293 
f 7590/7590/7590 7293/7293/7293 7292/7292/7292 
f 7146/7146/7146 7147/7147/7147 7148/7148/7148 
f 7147/7147/7147 7146/7146/7146 7223/7223/7223 
f 7536/7536/7536 7537/7537/7537 7538/7538/7538 
f 7538/7538/7538 7537/7537/7537 7556/7556/7556 
f 7372/7372/7372 7373/7373/7373 7374/7374/7374 
f 7374/7374/7374 7376/7376/7376 7372/7372/7372 
f 7377/7377/7377 7372/7372/7372 7376/7376/7376 
f 7372/7372/7372 7377/7377/7377 7396/7396/7396 
f 7659/7659/7659 7660/7660/7660 7661/7661/7661 
f 7660/7660/7660 7659/7659/7659 7710/7710/7710 
f 7667/7667/7667 7661/7661/7661 7660/7660/7660 
f 7667/7667/7667 7660/7660/7660 7679/7679/7679 
f 7426/7426/7426 7427/7427/7427 7428/7428/7428 
f 7427/7427/7427 7426/7426/7426 7432/7432/7432 
f 7751/7751/7751 7752/7752/7752 7753/7753/7753 
f 7775/7775/7775 7752/7752/7752 7751/7751/7751 
f 7171/7171/7171 7172/7172/7172 7173/7173/7173 
f 7172/7172/7172 7171/7171/7171 7326/7326/7326 
f 7563/7563/7563 7564/7564/7564 7565/7565/7565 
f 7689/7689/7689 7564/7564/7564 7563/7563/7563 
f 7168/7168/7168 7169/7169/7169 7170/7170/7170 
f 7169/7169/7169 7168/7168/7168 7212/7212/7212 
f 7522/7522/7522 7523/7523/7523 7524/7524/7524 
f 7524/7524/7524 7523/7523/7523 7543/7543/7543 
f 7388/7388/7388 7389/7389/7389 7390/7390/7390 
f 7388/7388/7388 7390/7390/7390 7649/7649/7649 
f 7276/7276/7276 7277/7277/7277 7278/7278/7278 
f 7277/7277/7277 7276/7276/7276 7584/7584/7584 
f 7457/7457/7457 7458/7458/7458 7459/7459/7459 
f 7458/7458/7458 7457/7457/7457 7725/7725/7725 
f 7478/7478/7478 7479/7479/7479 7480/7480/7480 
f 7479/7479/7479 7484/7484/7484 7480/7480/7480 
f 7743/7743/7743 7744/7744/7744 7745/7745/7745 
f 7750/7750/7750 7744/7744/7744 7743/7743/7743 

g Borbardillo0031

v -3.87705 3.4386 -1.70475 
v -3.87705 3.24109 -1.56787 
v -3.87705 3.24109 -1.70475 
v -3.87705 3.4386 -1.56787 
v -2.02383 3.4386 -1.70475 
v -2.02383 3.24109 -1.56787 
v -2.02383 3.24109 -1.70475 
v -2.02383 3.4386 -1.56787 
v -2.02383 3.24109 -1.56787 
v -2.02383 3.4386 -1.70475 
v -1.4193 3.99837 -1.56787 
v -1.4193 3.84122 -1.56787 
v -1.4193 3.84122 -1.70475 
v -3.49212 4.31178 -1.10643 
v -3.49212 3.52133 -0.793551 
v -3.49212 3.52133 -1.10643 
v -1.63891 4.31178 -1.10643 
v -1.63891 3.52133 -0.793551 
v -1.63891 3.52133 -1.10643 
v 0.777226 4.54367 2.26841 
v 0.777226 3.30583 2.5437 
v 0.777226 3.30583 2.26841 
v 0.777226 4.54367 3.0411 
v 0.777226 3.30583 3.33414 
v 0.777226 3.30583 3.04109 
v -3.27252 3.99837 -1.56787 
v -3.27252 3.84122 -1.56787 
v -3.27252 3.84122 -1.70475 
v -3.27252 3.99837 -1.70475 
v -3.87265 4.5985 -1.70475 
v -3.87265 4.40099 -1.56787 
v -3.87265 4.40099 -1.70475 
v -2.01944 4.5985 -1.70475 
v -2.01944 4.40099 -1.56787 
v -2.01944 4.40099 -1.70475 
v -1.4193 3.99837 -1.70475 
v -3.87265 4.5985 -1.56787 
v -3.49212 4.31178 -0.793551 
v -2.01944 4.5985 -1.56787 
v -1.63891 4.31178 -0.793551 
v 0.777226 4.54367 3.33415 
v 0.777226 4.54367 2.5437 
v 2.18098 3.4386 -1.70475 
v 2.18098 3.24109 -1.56787 
v 2.18098 3.24109 -1.70475 
v 2.78111 3.99837 -1.70475 
v 2.78111 3.84122 -1.56787 
v 2.78111 3.84122 -1.70475 
v 4.03419 3.4386 -1.70475 
v 4.03419 3.24109 -1.56787 
v 4.03419 3.24109 -1.70475 
v 4.63432 3.99837 -1.70475 
v 4.63432 3.84122 -1.56787 
v 4.63432 3.84122 -1.70475 
v 2.18098 3.24109 -1.56787 
v 2.18098 3.4386 -1.70475 
v 2.18098 3.4386 -1.56787 
v 0.817098 4.61772 1.34011 
v 0.817098 3.31638 1.66349 
v 0.817098 3.31638 1.34011 
v 2.55711 4.31178 -0.793551 
v 2.55711 3.52133 -0.793551 
v 2.55711 3.52133 -1.10643 
v 4.03419 3.24109 -1.56787 
v 4.03419 3.4386 -1.70475 
v 4.03419 3.4386 -1.56787 
v 4.41032 4.31178 -0.793551 
v 4.41032 3.52133 -0.793551 
v 4.41032 3.52133 -1.10643 
v 4.63432 3.99837 -1.56787 
v 2.17658 4.40099 -1.70475 
v 2.17658 4.5985 -1.56787 
v 2.17658 4.40099 -1.56787 
v 2.17658 4.5985 -1.70475 
v 2.78111 3.99837 -1.56787 
v 4.0298 4.5985 -1.56787 
v 4.0298 4.40099 -1.70475 
v 4.0298 4.5985 -1.70475 
v 4.0298 4.40099 -1.56787 
v 0.817098 4.61772 1.66349 
v 2.55711 4.31178 -1.10643 
v 4.41032 4.31178 -1.10643 
v -4.43681 3.99837 -1.56787 
v -4.43681 3.99837 -1.70475 
v -4.63432 3.99837 -1.70475 
v -3.47003 3.99837 -1.70475 
v -3.27252 3.99837 -1.56787 
v -3.27252 3.99837 -1.70475 
v -2.5836 3.99837 -1.56787 
v -2.5836 3.99837 -1.70475 
v -2.78111 3.99837 -1.70475 
v -1.61681 3.99837 -1.70475 
v -1.4193 3.99837 -1.56787 
v -1.4193 3.99837 -1.70475 
v -4.63432 3.99837 -1.56787 
v -3.47003 3.99837 -1.56787 
v -4.41032 4.31178 -0.793551 
v -3.49212 4.31178 -0.793551 
v -4.41032 4.31178 -1.10643 
v -2.78111 3.99837 -1.56787 
v -1.61681 3.99837 -1.56787 
v -2.55711 4.31178 -0.793551 
v -1.63891 4.31178 -0.793551 
v -2.55711 4.31178 -1.10643 
v -4.0298 4.5985 -1.56787 
v -3.87265 4.5985 -1.70475 
v -4.0298 4.5985 -1.70475 
v -3.87265 4.5985 -1.56787 
v -2.17658 4.5985 -1.56787 
v -2.01944 4.5985 -1.70475 
v -2.17658 4.5985 -1.70475 
v -2.01944 4.5985 -1.56787 
v -3.49212 4.31178 -1.10643 
v -1.63891 4.31178 -1.10643 
v -0.817098 4.61772 1.66349 
v 0.817098 4.61772 1.66349 
v -0.817098 4.61772 1.34011 
v -0.777226 4.54367 2.5437 
v 0.777226 4.54367 2.5437 
v -0.777226 4.54367 2.26841 
v -0.777226 4.54367 3.33415 
v 0.777226 4.54367 3.33415 
v -0.777226 4.54367 3.0411 
v 0.777226 4.54367 2.26841 
v 2.5836 3.99837 -1.56787 
v 2.78111 3.99837 -1.70475 
v 2.5836 3.99837 -1.70475 
v 1.4193 3.99837 -1.56787 
v 1.61681 3.99837 -1.70475 
v 1.4193 3.99837 -1.70475 
v 3.27252 3.99837 -1.56787 
v 3.47003 3.99837 -1.70475 
v 3.27252 3.99837 -1.70475 
v 4.43681 3.99837 -1.56787 
v 4.63432 3.99837 -1.70475 
v 4.43681 3.99837 -1.70475 
v 2.78111 3.99837 -1.56787 
v 1.61681 3.99837 -1.56787 
v 1.63891 4.31178 -0.793551 
v 2.55711 4.31178 -0.793551 
v 2.55711 4.31178 -1.10643 
v 3.47003 3.99837 -1.56787 
v 4.63432 3.99837 -1.56787 
v 3.49212 4.31178 -0.793551 
v 4.41032 4.31178 -0.793551 
v 4.41032 4.31178 -1.10643 
v 2.01944 4.5985 -1.56787 
v 2.17658 4.5985 -1.56787 
v 2.01944 4.5985 -1.70475 
v 2.17658 4.5985 -1.70475 
v 3.87265 4.5985 -1.56787 
v 4.0298 4.5985 -1.56787 
v 3.87265 4.5985 -1.70475 
v 4.0298 4.5985 -1.70475 
v 1.63891 4.31178 -1.10643 
v 0.777226 4.54367 3.0411 
v 0.817098 4.61772 1.34011 
v 3.49212 4.31178 -1.10643 
v -3.87705 3.24109 -1.56787 
v -4.03419 3.4386 -1.56787 
v -4.03419 3.24109 -1.56787 
v -3.87705 3.4386 -1.56787 
v -2.02383 3.24109 -1.56787 
v -2.18098 3.4386 -1.56787 
v -2.18098 3.24109 -1.56787 
v -2.02383 3.4386 -1.56787 
v -4.43681 3.84122 -1.56787 
v -4.63432 3.99837 -1.56787 
v -4.63432 3.84122 -1.56787 
v -3.47003 3.99837 -1.56787 
v -3.47003 3.84122 -1.56787 
v -3.27252 3.84122 -1.56787 
v -2.5836 3.84122 -1.56787 
v -2.78111 3.99837 -1.56787 
v -2.78111 3.84122 -1.56787 
v 0.777226 3.30583 3.33414 
v -0.777226 4.54367 3.33415 
v -0.777226 3.30583 3.33414 
v -1.61681 3.99837 -1.56787 
v -1.61681 3.84122 -1.56787 
v -1.4193 3.84122 -1.56787 
v -4.43681 3.99837 -1.56787 
v -3.27252 3.99837 -1.56787 
v -2.5836 3.99837 -1.56787 
v -1.4193 3.99837 -1.56787 
v -2.01944 4.5985 -1.56787 
v -2.17658 4.40099 -1.56787 
v -2.01944 4.40099 -1.56787 
v -3.87265 4.5985 -1.56787 
v -4.0298 4.5985 -1.56787 
v -4.0298 4.40099 -1.56787 
v -3.87265 4.40099 -1.56787 
v -2.17658 4.5985 -1.56787 
v 0.777226 4.54367 3.33415 
v 2.18098 3.4386 -1.56787 
v 2.02383 3.24109 -1.56787 
v 2.18098 3.24109 -1.56787 
v 2.02383 3.4386 -1.56787 
v 3.87705 3.24109 -1.56787 
v 4.03419 3.4386 -1.56787 
v 3.87705 3.4386 -1.56787 
v 4.03419 3.24109 -1.56787 
v 2.78111 3.99837 -1.56787 
v 2.5836 3.84122 -1.56787 
v 2.78111 3.84122 -1.56787 
v 1.61681 3.99837 -1.56787 
v 1.4193 3.84122 -1.56787 
v 1.61681 3.84122 -1.56787 
v 3.47003 3.99837 -1.56787 
v 3.27252 3.84122 -1.56787 
v 3.47003 3.84122 -1.56787 
v 4.63432 3.99837 -1.56787 
v 4.43681 3.84122 -1.56787 
v 4.63432 3.84122 -1.56787 
v 2.5836 3.99837 -1.56787 
v 1.4193 3.99837 -1.56787 
v 3.27252 3.99837 -1.56787 
v 4.43681 3.99837 -1.56787 
v 2.17658 4.40099 -1.56787 
v 2.01944 4.5985 -1.56787 
v 2.01944 4.40099 -1.56787 
v 2.17658 4.5985 -1.56787 
v 4.0298 4.40099 -1.56787 
v 3.87265 4.5985 -1.56787 
v 3.87265 4.40099 -1.56787 
v 4.0298 4.5985 -1.56787 
v -4.03419 3.24109 -1.56787 
v -4.03419 3.4386 -1.70475 
v -4.03419 3.24109 -1.70475 
v -4.63432 3.84122 -1.56787 
v -4.63432 3.99837 -1.70475 
v -4.63432 3.84122 -1.70475 
v -4.03419 3.4386 -1.56787 
v -2.18098 3.24109 -1.56787 
v -2.18098 3.4386 -1.70475 
v -2.18098 3.24109 -1.70475 
v -2.18098 3.4386 -1.70475 
v -2.18098 3.24109 -1.56787 
v -2.18098 3.4386 -1.56787 
v -4.41032 4.31178 -0.793551 
v -4.41032 3.52133 -1.10643 
v -4.41032 3.52133 -0.793551 
v -2.55711 4.31178 -0.793551 
v -2.55711 3.52133 -1.10643 
v -2.55711 3.52133 -0.793551 
v -0.817098 4.61772 1.66349 
v -0.817098 3.31638 1.34011 
v -0.817098 3.31638 1.66349 
v -0.777226 4.54367 3.33415 
v -0.777226 3.30583 3.04109 
v -0.777226 3.30583 3.33414 
v -2.78111 3.84122 -1.56787 
v -2.78111 3.99837 -1.70475 
v -2.78111 3.84122 -1.70475 
v -4.63432 3.99837 -1.56787 
v -4.0298 4.5985 -1.56787 
v -4.0298 4.5985 -1.70475 
v -4.0298 4.40099 -1.70475 
v -2.78111 3.99837 -1.56787 
v -2.17658 4.5985 -1.56787 
v -2.17658 4.5985 -1.70475 
v -2.17658 4.40099 -1.70475 
v -4.0298 4.40099 -1.56787 
v -4.41032 4.31178 -1.10643 
v -2.55711 4.31178 -1.10643 
v -2.17658 4.40099 -1.56787 
v -0.817098 4.61772 1.34011 
v -0.777226 4.54367 3.0411 
v 2.02383 3.4386 -1.70475 
v 2.02383 3.24109 -1.70475 
v 2.02383 3.24109 -1.56787 
v 2.02383 3.4386 -1.56787 
v 3.87705 3.4386 -1.70475 
v 3.87705 3.24109 -1.70475 
v 3.87705 3.24109 -1.56787 
v 3.87705 3.4386 -1.56787 
v 1.4193 3.99837 -1.56787 
v 1.4193 3.84122 -1.70475 
v 1.4193 3.84122 -1.56787 
v -0.777226 4.54367 2.5437 
v -0.777226 3.30583 2.26841 
v -0.777226 3.30583 2.5437 
v 1.63891 4.31178 -1.10643 
v 1.63891 3.52133 -1.10643 
v 1.63891 3.52133 -0.793551 
v 3.27252 3.99837 -1.56787 
v 3.27252 3.84122 -1.70475 
v 3.27252 3.84122 -1.56787 
v 3.49212 4.31178 -1.10643 
v 3.49212 3.52133 -1.10643 
v 3.49212 3.52133 -0.793551 
v 1.4193 3.99837 -1.70475 
v 2.01944 4.40099 -1.56787 
v 2.01944 4.5985 -1.70475 
v 2.01944 4.40099 -1.70475 
v 2.01944 4.5985 -1.56787 
v 3.27252 3.99837 -1.70475 
v 3.87265 4.40099 -1.56787 
v 3.87265 4.5985 -1.70475 
v 3.87265 4.40099 -1.70475 
v 3.87265 4.5985 -1.56787 
v -0.777226 4.54367 2.26841 
v 1.63891 4.31178 -0.793551 
v 3.49212 4.31178 -0.793551 
v -4.03419 3.24109 -1.70475 
v -3.87705 3.24109 -1.70475 
v -3.87705 3.24109 -1.56787 
v -4.03419 3.24109 -1.56787 
v -2.18098 3.24109 -1.70475 
v -2.02383 3.24109 -1.56787 
v -2.18098 3.24109 -1.56787 
v -2.02383 3.24109 -1.70475 
v -4.41032 3.52133 -1.10643 
v -3.49212 3.52133 -0.793551 
v -4.41032 3.52133 -0.793551 
v -0.817098 3.31638 1.34011 
v 0.817098 3.31638 1.66349 
v -0.817098 3.31638 1.66349 
v -2.55711 3.52133 -1.10643 
v -1.63891 3.52133 -0.793551 
v -2.55711 3.52133 -0.793551 
v -0.777226 3.30583 2.26841 
v 0.777226 3.30583 2.26841 
v -0.777226 3.30583 2.5437 
v -0.777226 3.30583 3.04109 
v 0.777226 3.30583 3.04109 
v -0.777226 3.30583 3.33414 
v -3.49212 3.52133 -1.10643 
v -4.63432 3.84122 -1.70475 
v -4.43681 3.84122 -1.70475 
v -4.63432 3.84122 -1.56787 
v -3.27252 3.84122 -1.70475 
v -3.47003 3.84122 -1.56787 
v -3.47003 3.84122 -1.70475 
v -2.78111 3.84122 -1.70475 
v -2.5836 3.84122 -1.70475 
v -2.78111 3.84122 -1.56787 
v -1.4193 3.84122 -1.70475 
v -1.61681 3.84122 -1.56787 
v -1.61681 3.84122 -1.70475 
v -4.43681 3.84122 -1.56787 
v -2.5836 3.84122 -1.56787 
v -3.47003 3.84122 -1.56787 
v -3.27252 3.84122 -1.70475 
v -3.27252 3.84122 -1.56787 
v -1.63891 3.52133 -1.10643 
v -1.4193 3.84122 -1.56787 
v 0.777226 3.30583 2.5437 
v 2.18098 3.24109 -1.70475 
v 2.02383 3.24109 -1.56787 
v 2.02383 3.24109 -1.70475 
v 2.18098 3.24109 -1.56787 
v 4.03419 3.24109 -1.70475 
v 3.87705 3.24109 -1.56787 
v 3.87705 3.24109 -1.70475 
v 4.03419 3.24109 -1.56787 
v 2.55711 3.52133 -1.10643 
v 1.63891 3.52133 -0.793551 
v 1.63891 3.52133 -1.10643 
v 0.777226 3.30583 3.33414 
v 0.817098 3.31638 1.34011 
v 2.55711 3.52133 -0.793551 
v 3.49212 3.52133 -0.793551 
v 4.41032 3.52133 -1.10643 
v 4.41032 3.52133 -0.793551 
v 3.49212 3.52133 -1.10643 
v 2.78111 3.84122 -1.70475 
v 2.78111 3.84122 -1.56787 
v 2.5836 3.84122 -1.70475 
v 1.4193 3.84122 -1.70475 
v 1.61681 3.84122 -1.70475 
v 1.61681 3.84122 -1.56787 
v 3.27252 3.84122 -1.70475 
v 3.47003 3.84122 -1.70475 
v 3.47003 3.84122 -1.56787 
v 4.63432 3.84122 -1.70475 
v 4.63432 3.84122 -1.56787 
v 4.43681 3.84122 -1.70475 
v 2.5836 3.84122 -1.56787 
v 1.4193 3.84122 -1.56787 
v 3.27252 3.84122 -1.70475 
v 3.47003 3.84122 -1.56787 
v 3.27252 3.84122 -1.56787 
v 4.43681 3.84122 -1.56787 
v -4.03419 3.4386 -1.70475 
v -3.87705 3.24109 -1.70475 
v -4.03419 3.24109 -1.70475 
v -3.87705 3.4386 -1.70475 
v -2.18098 3.4386 -1.70475 
v -2.02383 3.24109 -1.70475 
v -2.18098 3.24109 -1.70475 
v -2.02383 3.4386 -1.70475 
v -4.63432 3.99837 -1.70475 
v -4.43681 3.84122 -1.70475 
v -4.63432 3.84122 -1.70475 
v -3.47003 3.99837 -1.70475 
v -3.27252 3.84122 -1.70475 
v -3.47003 3.84122 -1.70475 
v -2.78111 3.99837 -1.70475 
v -2.5836 3.84122 -1.70475 
v -2.78111 3.84122 -1.70475 
v -1.61681 3.99837 -1.70475 
v -1.4193 3.84122 -1.70475 
v -1.61681 3.84122 -1.70475 
v -4.43681 3.99837 -1.70475 
v -3.27252 3.84122 -1.70475 
v -3.47003 3.99837 -1.70475 
v -3.27252 3.99837 -1.70475 
v -4.0298 4.5985 -1.70475 
v -3.87265 4.40099 -1.70475 
v -4.0298 4.40099 -1.70475 
v -2.5836 3.99837 -1.70475 
v -1.4193 3.99837 -1.70475 
v -2.17658 4.5985 -1.70475 
v -2.01944 4.40099 -1.70475 
v -2.17658 4.40099 -1.70475 
v -3.87265 4.5985 -1.70475 
v -2.01944 4.5985 -1.70475 
v 0.777226 4.54367 2.26841 
v -0.777226 3.30583 2.26841 
v -0.777226 4.54367 2.26841 
v 0.777226 3.30583 2.26841 
v 2.18098 3.4386 -1.70475 
v 2.18098 3.24109 -1.70475 
v 2.02383 3.24109 -1.70475 
v 2.02383 3.4386 -1.70475 
v 2.18098 3.4386 -1.70475 
v 2.02383 3.24109 -1.70475 
v 3.87705 3.4386 -1.70475 
v 4.03419 3.4386 -1.70475 
v 3.87705 3.24109 -1.70475 
v 4.03419 3.24109 -1.70475 
v 2.5836 3.84122 -1.70475 
v 2.78111 3.99837 -1.70475 
v 2.78111 3.84122 -1.70475 
v 1.4193 3.84122 -1.70475 
v 1.61681 3.99837 -1.70475 
v 1.61681 3.84122 -1.70475 
v 3.27252 3.84122 -1.70475 
v 3.47003 3.99837 -1.70475 
v 3.47003 3.84122 -1.70475 
v 4.43681 3.84122 -1.70475 
v 4.63432 3.99837 -1.70475 
v 4.63432 3.84122 -1.70475 
v 2.5836 3.99837 -1.70475 
v 1.4193 3.99837 -1.70475 
v 3.27252 3.99837 -1.70475 
v 4.43681 3.99837 -1.70475 
v 2.01944 4.40099 -1.70475 
v 2.17658 4.5985 -1.70475 
v 2.17658 4.40099 -1.70475 
v 2.01944 4.5985 -1.70475 
v 4.0298 4.5985 -1.70475 
v 3.87265 4.40099 -1.70475 
v 3.87265 4.5985 -1.70475 
v 4.0298 4.40099 -1.70475 

vn 1 0 0 
vn 1 0 0 
vn 1 0 0 
vn 1 0 0 
vn 1 0 0 
vn 1 0 0 
vn 1 0 0 
vn 1 0 0 
vn 1 0 0 
vn 1 0 0 
vn 1 0 0 
vn 1 0 0 
vn 1 0 0 
vn 1 0 0 
vn 1 0 0 
vn 1 0 0 
vn 1 0 0 
vn 1 0 0 
vn 1 0 0 
vn 1 0 0 
vn 1 0 0 
vn 1 0 0 
vn 1 0 0 
vn 1 0 0 
vn 1 0 0 
vn 1 0 0 
vn 1 0 0 
vn 1 0 0 
vn 1 0 0 
vn 1 0 0 
vn 1 0 0 
vn 1 0 0 
vn 1 0 0 
vn 1 0 0 
vn 1 0 0 
vn 1 0 0 
vn 1 0 0 
vn 1 0 0 
vn 1 0 0 
vn 1 0 0 
vn 1 0 0 
vn 1 0 0 
vn 1 0 0 
vn 1 0 0 
vn 1 0 0 
vn 1 0 0 
vn 1 0 0 
vn 1 0 0 
vn 1 0 0 
vn 1 0 0 
vn 1 0 0 
vn 1 0 0 
vn 1 0 0 
vn 1 0 0 
vn 1 0 0 
vn 1 0 0 
vn 1 0 0 
vn 1 0 0 
vn 1 0 0 
vn 1 0 0 
vn 1 0 0 
vn 1 0 0 
vn 1 0 0 
vn 1 0 0 
vn 1 0 0 
vn 1 0 0 
vn 1 0 0 
vn 1 0 0 
vn 1 0 0 
vn 1 0 0 
vn 1 0 0 
vn 1 0 0 
vn 1 0 0 
vn 1 0 0 
vn 1 0 0 
vn 1 0 0 
vn 1 0 0 
vn 1 0 0 
vn 1 0 0 
vn 1 0 0 
vn 1 0 0 
vn 1 0 0 
vn 0 1 0 
vn 0 1 0 
vn 0 1 0 
vn 0 1 0 
vn 0 1 0 
vn 0 1 0 
vn 0 1 0 
vn 0 1 0 
vn 0 1 0 
vn 0 1 0 
vn 0 1 0 
vn 0 1 0 
vn 0 1 0 
vn 0 1 0 
vn 0 1 0 
vn 0 1 0 
vn 0 1 0 
vn 0 1 0 
vn 0 1 0 
vn 0 1 0 
vn 0 1 0 
vn 0 1 0 
vn 0 1 0 
vn 0 1 0 
vn 0 1 0 
vn 0 1 0 
vn 0 1 0 
vn 0 1 0 
vn 0 1 0 
vn 0 1 0 
vn 0 1 0 
vn 0 1 0 
vn 0 1 0 
vn 0 1 0 
vn 0 1 0 
vn 0 1 0 
vn 0 1 0 
vn 0 1 0 
vn 0 1 0 
vn 0 1 0 
vn 0 1 0 
vn 0 1 0 
vn 0 1 0 
vn 0 1 0 
vn 0 1 0 
vn 0 1 0 
vn 0 1 0 
vn 0 1 0 
vn 0 1 0 
vn 0 1 0 
vn 0 1 0 
vn 0 1 0 
vn 0 1 0 
vn 0 1 0 
vn 0 1 0 
vn 0 1 0 
vn 0 1 0 
vn 0 1 0 
vn 0 1 0 
vn 0 1 0 
vn 0 1 0 
vn 0 1 0 
vn 0 1 0 
vn 0 1 0 
vn 0 1 0 
vn 0 1 0 
vn 0 1 0 
vn 0 1 0 
vn 0 1 0 
vn 0 1 0 
vn 0 1 0 
vn 0 1 0 
vn 0 1 0 
vn 0 1 0 
vn 0 1 0 
vn 0 1 0 
vn 0 0 1 
vn 0 0 1 
vn 0 0 1 
vn 0 0 1 
vn 0 0 1 
vn 0 0 1 
vn 0 0 1 
vn 0 0 1 
vn 0 0 1 
vn 0 0 1 
vn 0 0 1 
vn 0 0 1 
vn 0 0 1 
vn 0 0 1 
vn 0 0 1 
vn 0 0 1 
vn 0 0 1 
vn 0 0 1 
vn 0 0 1 
vn 0 0 1 
vn 0 0 1 
vn 0 0 1 
vn 0 0 1 
vn 0 0 1 
vn 0 0 1 
vn 0 0 1 
vn 0 0 1 
vn 0 0 1 
vn 0 0 1 
vn 0 0 1 
vn 0 0 1 
vn 0 0 1 
vn 0 0 1 
vn 0 0 1 
vn 0 0 1 
vn 0 0 1 
vn 0 0 1 
vn 0 0 1 
vn 0 0 1 
vn 0 0 1 
vn 0 0 1 
vn 0 0 1 
vn 0 0 1 
vn 0 0 1 
vn 0 0 1 
vn 0 0 1 
vn 0 0 1 
vn 0 0 1 
vn 0 0 1 
vn 0 0 1 
vn 0 0 1 
vn 0 0 1 
vn 0 0 1 
vn 0 0 1 
vn 0 0 1 
vn 0 0 1 
vn 0 0 1 
vn 0 0 1 
vn 0 0 1 
vn 0 0 1 
vn 0 0 1 
vn 0 0 1 
vn 0 0 1 
vn 0 0 1 
vn 0 0 1 
vn 0 0 1 
vn 0 0 1 
vn 0 0 1 
vn -1 0 0 
vn -1 0 0 
vn -1 0 0 
vn -1 0 0 
vn -1 0 0 
vn -1 0 0 
vn -1 0 0 
vn -1 0 0 
vn -1 0 0 
vn -1 0 0 
vn -1 0 0 
vn -1 0 0 
vn -1 0 0 
vn -1 0 0 
vn -1 0 0 
vn -1 0 0 
vn -1 0 0 
vn -1 0 0 
vn -1 0 0 
vn -1 0 0 
vn -1 0 0 
vn -1 0 0 
vn -1 0 0 
vn -1 0 0 
vn -1 0 0 
vn -1 0 0 
vn -1 0 0 
vn -1 0 0 
vn -1 0 0 
vn -1 0 0 
vn -1 0 0 
vn -1 0 0 
vn -1 0 0 
vn -1 0 0 
vn -1 0 0 
vn -1 0 0 
vn -1 0 0 
vn -1 0 0 
vn -1 0 0 
vn -1 0 0 
vn -1 0 0 
vn -1 0 0 
vn -1 0 0 
vn -1 0 0 
vn -1 0 0 
vn -1 0 0 
vn -1 0 0 
vn -1 0 0 
vn -1 0 0 
vn -1 0 0 
vn -1 0 0 
vn -1 0 0 
vn -1 0 0 
vn -1 0 0 
vn -1 0 0 
vn -1 0 0 
vn -1 0 0 
vn -1 0 0 
vn -1 0 0 
vn -1 0 0 
vn -1 0 0 
vn -1 0 0 
vn -1 0 0 
vn -1 0 0 
vn -1 0 0 
vn -1 0 0 
vn -1 0 0 
vn -1 0 0 
vn -1 0 0 
vn -1 0 0 
vn -1 0 0 
vn -1 0 0 
vn -1 0 0 
vn -1 0 0 
vn -1 0 0 
vn -1 0 0 
vn -1 0 0 
vn -1 0 0 
vn 0 -1 0 
vn 0 -1 0 
vn 0 -1 0 
vn 0 -1 0 
vn 0 -1 0 
vn 0 -1 0 
vn 0 -1 0 
vn 0 -1 0 
vn 0 -1 0 
vn 0 -1 0 
vn 0 -1 0 
vn 0 -1 0 
vn 0 -1 0 
vn 0 -1 0 
vn 0 -1 0 
vn 0 -1 0 
vn 0 -1 0 
vn 0 -1 0 
vn 0 -1 0 
vn 0 -1 0 
vn 0 -1 0 
vn 0 -1 0 
vn 0 -1 0 
vn 0 -1 0 
vn 0 -1 0 
vn 0 -1 0 
vn 0 -1 0 
vn 0 -1 0 
vn 0 -1 0 
vn 0 -1 0 
vn 0 -1 0 
vn 0 -1 0 
vn 0 -1 0 
vn 0 -1 0 
vn 0 -1 0 
vn 0 -1 0 
vn 0 -1 0 
vn 0 -1 0 
vn 0 -1 0 
vn 0 -1 0 
vn 0 -1 0 
vn 0 -1 0 
vn 0 -1 0 
vn 0 -1 0 
vn 0 -1 0 
vn 0 -1 0 
vn 0 -1 0 
vn 0 -1 0 
vn 0 -1 0 
vn 0 -1 0 
vn 0 -1 0 
vn 0 -1 0 
vn 0 -1 0 
vn 0 -1 0 
vn 0 -1 0 
vn 0 -1 0 
vn 0 -1 0 
vn 0 -1 0 
vn 0 -1 0 
vn 0 -1 0 
vn 0 -1 0 
vn 0 -1 0 
vn 0 -1 0 
vn 0 -1 0 
vn 0 -1 0 
vn 0 -1 0 
vn 0 -1 0 
vn 0 -1 0 
vn 0 -1 0 
vn 0 -1 0 
vn 0 -1 0 
vn 0 -1 0 
vn 0 -1 0 
vn 0 -1 0 
vn 0 -1 0 
vn 0 -1 0 
vn 0 -1 0 
vn 0 -1 0 
vn 0 -1 0 
vn 0 -1 0 
vn 0 0 -1 
vn 0 0 -1 
vn 0 0 -1 
vn 0 0 -1 
vn 0 0 -1 
vn 0 0 -1 
vn 0 0 -1 
vn 0 0 -1 
vn 0 0 -1 
vn 0 0 -1 
vn 0 0 -1 
vn 0 0 -1 
vn 0 0 -1 
vn 0 0 -1 
vn 0 0 -1 
vn 0 0 -1 
vn 0 0 -1 
vn 0 0 -1 
vn 0 0 -1 
vn 0 0 -1 
vn 0 0 -1 
vn 0 0 -1 
vn 0 0 -1 
vn 0 0 -1 
vn 0 0 -1 
vn 0 0 -1 
vn 0 0 -1 
vn 0 0 -1 
vn 0 0 -1 
vn 0 0 -1 
vn 0 0 -1 
vn 0 0 -1 
vn 0 0 -1 
vn 0 0 -1 
vn 0 0 -1 
vn 0 0 -1 
vn 0 0 -1 
vn 0 0 -1 
vn 0 0 -1 
vn 0 0 -1 
vn 0 0 -1 
vn 0 0 -1 
vn 0 0 -1 
vn 0 0 -1 
vn 0 0 -1 
vn 0 0 -1 
vn 0 0 -1 
vn 0 0 -1 
vn 0 0 -1 
vn 0 0 -1 
vn 0 0 -1 
vn 0 0 -1 
vn 0 0 -1 
vn 0 0 -1 
vn 0 0 -1 
vn 0 0 -1 
vn 0 0 -1 
vn 0 0 -1 
vn 0 0 -1 
vn 0 0 -1 
vn 0 0 -1 
vn 0 0 -1 
vn 0 0 -1 
vn 0 0 -1 
vn 0 0 -1 
vn 0 0 -1 
vn 0 0 -1 
vn 0 0 -1 
vn 0 0 -1 
vn 0 0 -1 
vn 0 0 -1 
vn 0 0 -1 

vt 20.3149 -11.0614 
vt 20.2978 -11.086 
vt 20.3149 -11.086 
vt 20.2978 -11.0614 
vt 20.3149 -11.0614 
vt 20.2978 -11.086 
vt 20.3149 -11.086 
vt 20.2978 -11.0614 
vt 20.2978 -11.086 
vt 20.3149 -11.0614 
vt 20.2978 -10.9914 
vt 20.2978 -11.011 
vt 20.3149 -11.011 
vt 20.2401 -10.9522 
vt 20.201 -11.051 
vt 20.2401 -11.051 
vt 20.2401 -10.9522 
vt 20.201 -11.051 
vt 20.2401 -11.051 
vt 19.8183 -10.9232 
vt 19.7839 -11.0779 
vt 19.8183 -11.0779 
vt 19.7217 -10.9232 
vt 19.6851 -11.0779 
vt 19.7217 -11.0779 
vt 20.2978 -10.9914 
vt 20.2978 -11.011 
vt 20.3149 -11.011 
vt 20.3149 -10.9914 
vt 20.3149 -10.9164 
vt 20.2978 -10.9411 
vt 20.3149 -10.9411 
vt 20.3149 -10.9164 
vt 20.2978 -10.9411 
vt 20.3149 -10.9411 
vt 20.3149 -10.9914 
vt 20.2978 -10.9164 
vt 20.201 -10.9522 
vt 20.2978 -10.9164 
vt 20.201 -10.9522 
vt 19.6851 -10.9232 
vt 19.7839 -10.9232 
vt 20.3149 -11.0614 
vt 20.2978 -11.086 
vt 20.3149 -11.086 
vt 20.3149 -10.9914 
vt 20.2978 -11.011 
vt 20.3149 -11.011 
vt 20.3149 -11.0614 
vt 20.2978 -11.086 
vt 20.3149 -11.086 
vt 20.3149 -10.9914 
vt 20.2978 -11.011 
vt 20.3149 -11.011 
vt 20.2978 -11.086 
vt 20.3149 -11.0614 
vt 20.2978 -11.0614 
vt 19.9343 -10.914 
vt 19.8939 -11.0766 
vt 19.9343 -11.0766 
vt 20.201 -10.9522 
vt 20.201 -11.051 
vt 20.2401 -11.051 
vt 20.2978 -11.086 
vt 20.3149 -11.0614 
vt 20.2978 -11.0614 
vt 20.201 -10.9522 
vt 20.201 -11.051 
vt 20.2401 -11.051 
vt 20.2978 -10.9914 
vt 20.3149 -10.9411 
vt 20.2978 -10.9164 
vt 20.2978 -10.9411 
vt 20.3149 -10.9164 
vt 20.2978 -10.9914 
vt 20.2978 -10.9164 
vt 20.3149 -10.9411 
vt 20.3149 -10.9164 
vt 20.2978 -10.9411 
vt 19.8939 -10.914 
vt 20.2401 -10.9522 
vt 20.2401 -10.9522 
vt 20.5546 -11.2978 
vt 20.5546 -11.3149 
vt 20.5793 -11.3149 
vt 20.4338 -11.3149 
vt 20.4091 -11.2978 
vt 20.4091 -11.3149 
vt 20.323 -11.2978 
vt 20.323 -11.3149 
vt 20.3476 -11.3149 
vt 20.2021 -11.3149 
vt 20.1774 -11.2978 
vt 20.1774 -11.3149 
vt 20.5793 -11.2978 
vt 20.4338 -11.2978 
vt 20.5513 -11.201 
vt 20.4365 -11.201 
vt 20.5513 -11.2401 
vt 20.3476 -11.2978 
vt 20.2021 -11.2978 
vt 20.3196 -11.201 
vt 20.2049 -11.201 
vt 20.3196 -11.2401 
vt 20.5037 -11.2978 
vt 20.4841 -11.3149 
vt 20.5037 -11.3149 
vt 20.4841 -11.2978 
vt 20.2721 -11.2978 
vt 20.2524 -11.3149 
vt 20.2721 -11.3149 
vt 20.2524 -11.2978 
vt 20.4365 -11.2401 
vt 20.2049 -11.2401 
vt 20.1021 -10.8939 
vt 19.8979 -10.8939 
vt 20.1021 -10.9343 
vt 20.0972 -10.7839 
vt 19.9028 -10.7839 
vt 20.0972 -10.8183 
vt 20.0972 -10.6851 
vt 19.9028 -10.6851 
vt 20.0972 -10.7217 
vt 19.9028 -10.8183 
vt 19.677 -11.2978 
vt 19.6524 -11.3149 
vt 19.677 -11.3149 
vt 19.8226 -11.2978 
vt 19.7979 -11.3149 
vt 19.8226 -11.3149 
vt 19.5909 -11.2978 
vt 19.5662 -11.3149 
vt 19.5909 -11.3149 
vt 19.4454 -11.2978 
vt 19.4207 -11.3149 
vt 19.4454 -11.3149 
vt 19.6524 -11.2978 
vt 19.7979 -11.2978 
vt 19.7951 -11.201 
vt 19.6804 -11.201 
vt 19.6804 -11.2401 
vt 19.5662 -11.2978 
vt 19.4207 -11.2978 
vt 19.5635 -11.201 
vt 19.4487 -11.201 
vt 19.4487 -11.2401 
vt 19.7476 -11.2978 
vt 19.7279 -11.2978 
vt 19.7476 -11.3149 
vt 19.7279 -11.3149 
vt 19.5159 -11.2978 
vt 19.4963 -11.2978 
vt 19.5159 -11.3149 
vt 19.4963 -11.3149 
vt 19.7951 -11.2401 
vt 19.9028 -10.7217 
vt 19.8979 -10.9343 
vt 19.5635 -11.2401 
vt 19.5154 -11.086 
vt 19.4957 -11.0614 
vt 19.4957 -11.086 
vt 19.5154 -11.0614 
vt 19.747 -11.086 
vt 19.7274 -11.0614 
vt 19.7274 -11.086 
vt 19.747 -11.0614 
vt 19.4454 -11.011 
vt 19.4207 -10.9914 
vt 19.4207 -11.011 
vt 19.5662 -10.9914 
vt 19.5662 -11.011 
vt 19.5909 -11.011 
vt 19.677 -11.011 
vt 19.6524 -10.9914 
vt 19.6524 -11.011 
vt 20.0972 -11.0779 
vt 19.9028 -10.9232 
vt 19.9028 -11.0779 
vt 19.7979 -10.9914 
vt 19.7979 -11.011 
vt 19.8226 -11.011 
vt 19.4454 -10.9914 
vt 19.5909 -10.9914 
vt 19.677 -10.9914 
vt 19.8226 -10.9914 
vt 19.7476 -10.9164 
vt 19.7279 -10.9411 
vt 19.7476 -10.9411 
vt 19.5159 -10.9164 
vt 19.4963 -10.9164 
vt 19.4963 -10.9411 
vt 19.5159 -10.9411 
vt 19.7279 -10.9164 
vt 20.0972 -10.9232 
vt 20.2726 -11.0614 
vt 20.253 -11.086 
vt 20.2726 -11.086 
vt 20.253 -11.0614 
vt 20.4846 -11.086 
vt 20.5043 -11.0614 
vt 20.4846 -11.0614 
vt 20.5043 -11.086 
vt 20.3476 -10.9914 
vt 20.323 -11.011 
vt 20.3476 -11.011 
vt 20.2021 -10.9914 
vt 20.1774 -11.011 
vt 20.2021 -11.011 
vt 20.4338 -10.9914 
vt 20.4091 -11.011 
vt 20.4338 -11.011 
vt 20.5793 -10.9914 
vt 20.5546 -11.011 
vt 20.5793 -11.011 
vt 20.323 -10.9914 
vt 20.1774 -10.9914 
vt 20.4091 -10.9914 
vt 20.5546 -10.9914 
vt 20.2721 -10.9411 
vt 20.2524 -10.9164 
vt 20.2524 -10.9411 
vt 20.2721 -10.9164 
vt 20.5037 -10.9411 
vt 20.4841 -10.9164 
vt 20.4841 -10.9411 
vt 20.5037 -10.9164 
vt 19.7022 -11.086 
vt 19.6851 -11.0614 
vt 19.6851 -11.086 
vt 19.7022 -11.011 
vt 19.6851 -10.9914 
vt 19.6851 -11.011 
vt 19.7022 -11.0614 
vt 19.7022 -11.086 
vt 19.6851 -11.0614 
vt 19.6851 -11.086 
vt 19.6851 -11.0614 
vt 19.7022 -11.086 
vt 19.7022 -11.0614 
vt 19.799 -10.9522 
vt 19.7599 -11.051 
vt 19.799 -11.051 
vt 19.799 -10.9522 
vt 19.7599 -11.051 
vt 19.799 -11.051 
vt 20.1061 -10.914 
vt 20.0657 -11.0766 
vt 20.1061 -11.0766 
vt 20.3149 -10.9232 
vt 20.2783 -11.0779 
vt 20.3149 -11.0779 
vt 19.7022 -11.011 
vt 19.6851 -10.9914 
vt 19.6851 -11.011 
vt 19.7022 -10.9914 
vt 19.7022 -10.9164 
vt 19.6851 -10.9164 
vt 19.6851 -10.9411 
vt 19.7022 -10.9914 
vt 19.7022 -10.9164 
vt 19.6851 -10.9164 
vt 19.6851 -10.9411 
vt 19.7022 -10.9411 
vt 19.7599 -10.9522 
vt 19.7599 -10.9522 
vt 19.7022 -10.9411 
vt 20.0657 -10.914 
vt 20.2783 -10.9232 
vt 19.6851 -11.0614 
vt 19.6851 -11.086 
vt 19.7022 -11.086 
vt 19.7022 -11.0614 
vt 19.6851 -11.0614 
vt 19.6851 -11.086 
vt 19.7022 -11.086 
vt 19.7022 -11.0614 
vt 19.7022 -10.9914 
vt 19.6851 -11.011 
vt 19.7022 -11.011 
vt 20.2161 -10.9232 
vt 20.1817 -11.0779 
vt 20.2161 -11.0779 
vt 19.7599 -10.9522 
vt 19.7599 -11.051 
vt 19.799 -11.051 
vt 19.7022 -10.9914 
vt 19.6851 -11.011 
vt 19.7022 -11.011 
vt 19.7599 -10.9522 
vt 19.7599 -11.051 
vt 19.799 -11.051 
vt 19.6851 -10.9914 
vt 19.7022 -10.9411 
vt 19.6851 -10.9164 
vt 19.6851 -10.9411 
vt 19.7022 -10.9164 
vt 19.6851 -10.9914 
vt 19.7022 -10.9411 
vt 19.6851 -10.9164 
vt 19.6851 -10.9411 
vt 19.7022 -10.9164 
vt 20.1817 -10.9232 
vt 19.799 -10.9522 
vt 19.799 -10.9522 
vt 19.4957 -11.3149 
vt 19.5154 -11.3149 
vt 19.5154 -11.2978 
vt 19.4957 -11.2978 
vt 19.7274 -11.3149 
vt 19.747 -11.2978 
vt 19.7274 -11.2978 
vt 19.747 -11.3149 
vt 19.4487 -11.2401 
vt 19.5635 -11.201 
vt 19.4487 -11.201 
vt 19.8979 -10.9343 
vt 20.1021 -10.8939 
vt 19.8979 -10.8939 
vt 19.6804 -11.2401 
vt 19.7951 -11.201 
vt 19.6804 -11.201 
vt 19.9028 -10.8183 
vt 20.0972 -10.8183 
vt 19.9028 -10.7839 
vt 19.9028 -10.7217 
vt 20.0972 -10.7217 
vt 19.9028 -10.6851 
vt 19.5635 -11.2401 
vt 19.4207 -11.3149 
vt 19.4454 -11.3149 
vt 19.4207 -11.2978 
vt 19.5909 -11.3149 
vt 19.5662 -11.2978 
vt 19.5662 -11.3149 
vt 19.6524 -11.3149 
vt 19.677 -11.3149 
vt 19.6524 -11.2978 
vt 19.8226 -11.3149 
vt 19.7979 -11.2978 
vt 19.7979 -11.3149 
vt 19.4454 -11.2978 
vt 19.677 -11.2978 
vt 19.5662 -11.2978 
vt 19.5909 -11.3149 
vt 19.5909 -11.2978 
vt 19.7951 -11.2401 
vt 19.8226 -11.2978 
vt 20.0972 -10.7839 
vt 20.2726 -11.3149 
vt 20.253 -11.2978 
vt 20.253 -11.3149 
vt 20.2726 -11.2978 
vt 20.5043 -11.3149 
vt 20.4846 -11.2978 
vt 20.4846 -11.3149 
vt 20.5043 -11.2978 
vt 20.3196 -11.2401 
vt 20.2049 -11.201 
vt 20.2049 -11.2401 
vt 20.0972 -10.6851 
vt 20.1021 -10.9343 
vt 20.3196 -11.201 
vt 20.4365 -11.201 
vt 20.5513 -11.2401 
vt 20.5513 -11.201 
vt 20.4365 -11.2401 
vt 20.3476 -11.3149 
vt 20.3476 -11.2978 
vt 20.323 -11.3149 
vt 20.1774 -11.3149 
vt 20.2021 -11.3149 
vt 20.2021 -11.2978 
vt 20.4091 -11.3149 
vt 20.4338 -11.3149 
vt 20.4338 -11.2978 
vt 20.5793 -11.3149 
vt 20.5793 -11.2978 
vt 20.5546 -11.3149 
vt 20.323 -11.2978 
vt 20.1774 -11.2978 
vt 20.4091 -11.3149 
vt 20.4338 -11.2978 
vt 20.4091 -11.2978 
vt 20.5546 -11.2978 
vt 20.5043 -11.0614 
vt 20.4846 -11.086 
vt 20.5043 -11.086 
vt 20.4846 -11.0614 
vt 20.2726 -11.0614 
vt 20.253 -11.086 
vt 20.2726 -11.086 
vt 20.253 -11.0614 
vt 20.5793 -10.9914 
vt 20.5546 -11.011 
vt 20.5793 -11.011 
vt 20.4338 -10.9914 
vt 20.4091 -11.011 
vt 20.4338 -11.011 
vt 20.3476 -10.9914 
vt 20.323 -11.011 
vt 20.3476 -11.011 
vt 20.2021 -10.9914 
vt 20.1774 -11.011 
vt 20.2021 -11.011 
vt 20.5546 -10.9914 
vt 20.4091 -11.011 
vt 20.4338 -10.9914 
vt 20.4091 -10.9914 
vt 20.5037 -10.9164 
vt 20.4841 -10.9411 
vt 20.5037 -10.9411 
vt 20.323 -10.9914 
vt 20.1774 -10.9914 
vt 20.2721 -10.9164 
vt 20.2524 -10.9411 
vt 20.2721 -10.9411 
vt 20.4841 -10.9164 
vt 20.2524 -10.9164 
vt 19.9028 -10.9232 
vt 20.0972 -11.0779 
vt 20.0972 -10.9232 
vt 19.9028 -11.0779 
vt 19.7274 -11.0614 
vt 19.7274 -11.086 
vt 19.747 -11.086 
vt 19.747 -11.0614 
vt 19.7274 -11.0614 
vt 19.747 -11.086 
vt 19.5154 -11.0614 
vt 19.4957 -11.0614 
vt 19.5154 -11.086 
vt 19.4957 -11.086 
vt 19.677 -11.011 
vt 19.6524 -10.9914 
vt 19.6524 -11.011 
vt 19.8226 -11.011 
vt 19.7979 -10.9914 
vt 19.7979 -11.011 
vt 19.5909 -11.011 
vt 19.5662 -10.9914 
vt 19.5662 -11.011 
vt 19.4454 -11.011 
vt 19.4207 -10.9914 
vt 19.4207 -11.011 
vt 19.677 -10.9914 
vt 19.8226 -10.9914 
vt 19.5909 -10.9914 
vt 19.4454 -10.9914 
vt 19.7476 -10.9411 
vt 19.7279 -10.9164 
vt 19.7279 -10.9411 
vt 19.7476 -10.9164 
vt 19.4963 -10.9164 
vt 19.5159 -10.9411 
vt 19.5159 -10.9164 
vt 19.4963 -10.9411 

usemtl Borbardillo0031Mtl

f 7839/7839/7839 7840/7840/7840 7841/7841/7841 
f 7839/7839/7839 7857/7857/7857 7840/7840/7840 
f 7854/7854/7854 7855/7855/7855 7856/7856/7856 
f 7856/7856/7856 7869/7869/7869 7854/7854/7854 
f 7836/7836/7836 7837/7837/7837 7838/7838/7838 
f 7851/7851/7851 7852/7852/7852 7853/7853/7853 
f 7863/7863/7863 7864/7864/7864 7865/7865/7865 
f 7864/7864/7864 7863/7863/7863 7866/7866/7866 
f 7833/7833/7833 7834/7834/7834 7835/7835/7835 
f 7833/7833/7833 7862/7862/7862 7834/7834/7834 
f 7848/7848/7848 7849/7849/7849 7850/7850/7850 
f 7850/7850/7850 7868/7868/7868 7848/7848/7848 
f 7830/7830/7830 7831/7831/7831 7832/7832/7832 
f 7842/7842/7842 7843/7843/7843 7844/7844/7844 
f 7858/7858/7858 7859/7859/7859 7860/7860/7860 
f 7859/7859/7859 7858/7858/7858 7861/7861/7861 
f 7845/7845/7845 7846/7846/7846 7847/7847/7847 
f 7846/7846/7846 7845/7845/7845 7867/7867/7867 
f 7807/7807/7807 7808/7808/7808 7809/7809/7809 
f 7829/7829/7829 7808/7808/7808 7807/7807/7807 
f 7810/7810/7810 7811/7811/7811 7812/7812/7812 
f 7828/7828/7828 7811/7811/7811 7810/7810/7810 
f 7798/7798/7798 7799/7799/7799 7800/7800/7800 
f 7823/7823/7823 7798/7798/7798 7800/7800/7800 
f 7804/7804/7804 7805/7805/7805 7806/7806/7806 
f 7827/7827/7827 7805/7805/7805 7804/7804/7804 
f 7820/7820/7820 7821/7821/7821 7822/7822/7822 
f 7820/7820/7820 7826/7826/7826 7821/7821/7821 
f 7792/7792/7792 7793/7793/7793 7794/7794/7794 
f 7795/7795/7795 7796/7796/7796 7797/7797/7797 
f 7813/7813/7813 7814/7814/7814 7815/7815/7815 
f 7816/7816/7816 7813/7813/7813 7815/7815/7815 
f 7801/7801/7801 7802/7802/7802 7803/7803/7803 
f 7825/7825/7825 7802/7802/7802 7801/7801/7801 
f 7817/7817/7817 7818/7818/7818 7819/7819/7819 
f 7817/7817/7817 7824/7824/7824 7818/7818/7818 
f 7788/7788/7788 7789/7789/7789 7790/7790/7790 
f 7791/7791/7791 7789/7789/7789 7788/7788/7788 
f 7902/7902/7902 7903/7903/7903 7904/7904/7904 
f 7944/7944/7944 7904/7904/7904 7903/7903/7903 
f 7892/7892/7892 7893/7893/7893 7894/7894/7894 
f 7893/7893/7893 7892/7892/7892 7895/7895/7895 
f 7896/7896/7896 7897/7897/7897 7898/7898/7898 
f 7899/7899/7899 7897/7897/7897 7896/7896/7896 
f 7934/7934/7934 7935/7935/7935 7936/7936/7936 
f 7935/7935/7935 7937/7937/7937 7936/7936/7936 
f 7938/7938/7938 7939/7939/7939 7940/7940/7940 
f 7939/7939/7939 7941/7941/7941 7940/7940/7940 
f 7905/7905/7905 7906/7906/7906 7907/7907/7907 
f 7911/7911/7911 7907/7907/7907 7906/7906/7906 
f 7908/7908/7908 7909/7909/7909 7910/7910/7910 
f 7943/7943/7943 7910/7910/7910 7909/7909/7909 
f 7884/7884/7884 7885/7885/7885 7886/7886/7886 
f 7900/7900/7900 7886/7886/7886 7885/7885/7885 
f 7889/7889/7889 7890/7890/7890 7891/7891/7891 
f 7901/7901/7901 7891/7891/7891 7890/7890/7890 
f 7926/7926/7926 7927/7927/7927 7928/7928/7928 
f 7926/7926/7926 7928/7928/7928 7942/7942/7942 
f 7931/7931/7931 7932/7932/7932 7933/7933/7933 
f 7931/7931/7931 7933/7933/7933 7945/7945/7945 
f 7870/7870/7870 7871/7871/7871 7872/7872/7872 
f 7882/7882/7882 7870/7870/7870 7872/7872/7872 
f 7873/7873/7873 7874/7874/7874 7875/7875/7875 
f 7874/7874/7874 7873/7873/7873 7883/7883/7883 
f 7876/7876/7876 7877/7877/7877 7878/7878/7878 
f 7887/7887/7887 7876/7876/7876 7878/7878/7878 
f 7879/7879/7879 7880/7880/7880 7881/7881/7881 
f 7880/7880/7880 7879/7879/7879 7888/7888/7888 
f 7912/7912/7912 7913/7913/7913 7914/7914/7914 
f 7924/7924/7924 7913/7913/7913 7912/7912/7912 
f 7915/7915/7915 7916/7916/7916 7917/7917/7917 
f 7915/7915/7915 7925/7925/7925 7916/7916/7916 
f 7918/7918/7918 7919/7919/7919 7920/7920/7920 
f 7918/7918/7918 7929/7929/7929 7919/7919/7919 
f 7921/7921/7921 7922/7922/7922 7923/7923/7923 
f 7930/7930/7930 7922/7922/7922 7921/7921/7921 
f 7963/7963/7963 7964/7964/7964 7965/7965/7965 
f 7964/7964/7964 7963/7963/7963 7981/7981/7981 
f 7946/7946/7946 7947/7947/7947 7948/7948/7948 
f 7947/7947/7947 7946/7946/7946 7949/7949/7949 
f 7950/7950/7950 7951/7951/7951 7952/7952/7952 
f 7951/7951/7951 7950/7950/7950 7953/7953/7953 
f 7954/7954/7954 7955/7955/7955 7956/7956/7956 
f 7955/7955/7955 7954/7954/7954 7969/7969/7969 
f 7957/7957/7957 7958/7958/7958 7959/7959/7959 
f 7970/7970/7970 7957/7957/7957 7959/7959/7959 
f 7960/7960/7960 7961/7961/7961 7962/7962/7962 
f 7961/7961/7961 7960/7960/7960 7971/7971/7971 
f 7966/7966/7966 7967/7967/7967 7968/7968/7968 
f 7972/7972/7972 7966/7966/7966 7968/7968/7968 
f 7973/7973/7973 7974/7974/7974 7975/7975/7975 
f 7973/7973/7973 7980/7980/7980 7974/7974/7974 
f 7976/7976/7976 7977/7977/7977 7978/7978/7978 
f 7976/7976/7976 7978/7978/7978 7979/7979/7979 
f 7982/7982/7982 7983/7983/7983 7984/7984/7984 
f 7983/7983/7983 7982/7982/7982 7985/7985/7985 
f 7986/7986/7986 7987/7987/7987 7988/7988/7988 
f 7987/7987/7987 7986/7986/7986 7989/7989/7989 
f 7990/7990/7990 7991/7991/7991 7992/7992/7992 
f 7990/7990/7990 8002/8002/8002 7991/7991/7991 
f 7993/7993/7993 7994/7994/7994 7995/7995/7995 
f 8003/8003/8003 7994/7994/7994 7993/7993/7993 
f 7996/7996/7996 7997/7997/7997 7998/7998/7998 
f 8004/8004/8004 7997/7997/7997 7996/7996/7996 
f 7999/7999/7999 8000/8000/8000 8001/8001/8001 
f 7999/7999/7999 8005/8005/8005 8000/8000/8000 
f 8006/8006/8006 8007/8007/8007 8008/8008/8008 
f 8007/8007/8007 8006/8006/8006 8009/8009/8009 
f 8010/8010/8010 8011/8011/8011 8012/8012/8012 
f 8011/8011/8011 8010/8010/8010 8013/8013/8013 
f 8017/8017/8017 8018/8018/8018 8019/8019/8019 
f 8018/8018/8018 8017/8017/8017 8042/8042/8042 
f 8027/8027/8027 8028/8028/8028 8029/8029/8029 
f 8028/8028/8028 8027/8027/8027 8051/8051/8051 
f 8014/8014/8014 8015/8015/8015 8016/8016/8016 
f 8015/8015/8015 8014/8014/8014 8020/8020/8020 
f 8043/8043/8043 8044/8044/8044 8045/8045/8045 
f 8043/8043/8043 8045/8045/8045 8050/8050/8050 
f 8039/8039/8039 8040/8040/8040 8041/8041/8041 
f 8040/8040/8040 8039/8039/8039 8046/8046/8046 
f 8030/8030/8030 8031/8031/8031 8032/8032/8032 
f 8031/8031/8031 8030/8030/8030 8052/8052/8052 
f 8021/8021/8021 8022/8022/8022 8023/8023/8023 
f 8024/8024/8024 8025/8025/8025 8026/8026/8026 
f 8047/8047/8047 8048/8048/8048 8049/8049/8049 
f 8047/8047/8047 8049/8049/8049 8053/8053/8053 
f 8033/8033/8033 8034/8034/8034 8035/8035/8035 
f 8054/8054/8054 8034/8034/8034 8033/8033/8033 
f 8036/8036/8036 8037/8037/8037 8038/8038/8038 
f 8055/8055/8055 8037/8037/8037 8036/8036/8036 
f 8067/8067/8067 8068/8068/8068 8069/8069/8069 
f 8089/8089/8089 8068/8068/8068 8067/8067/8067 
f 8064/8064/8064 8065/8065/8065 8066/8066/8066 
f 8079/8079/8079 8065/8065/8065 8064/8064/8064 
f 8070/8070/8070 8071/8071/8071 8072/8072/8072 
f 8072/8072/8072 8090/8090/8090 8070/8070/8070 
f 8080/8080/8080 8081/8081/8081 8082/8082/8082 
f 8081/8081/8081 8080/8080/8080 8083/8083/8083 
f 8056/8056/8056 8057/8057/8057 8058/8058/8058 
f 8059/8059/8059 8056/8056/8056 8058/8058/8058 
f 8073/8073/8073 8074/8074/8074 8075/8075/8075 
f 8084/8084/8084 8074/8074/8074 8073/8073/8073 
f 8076/8076/8076 8077/8077/8077 8078/8078/8078 
f 8078/8078/8078 8091/8091/8091 8076/8076/8076 
f 8085/8085/8085 8086/8086/8086 8087/8087/8087 
f 8086/8086/8086 8085/8085/8085 8088/8088/8088 
f 8060/8060/8060 8061/8061/8061 8062/8062/8062 
f 8063/8063/8063 8060/8060/8060 8062/8062/8062 
f 8092/8092/8092 8093/8093/8093 8094/8094/8094 
f 8092/8092/8092 8094/8094/8094 8095/8095/8095 
f 8096/8096/8096 8097/8097/8097 8098/8098/8098 
f 8096/8096/8096 8099/8099/8099 8097/8097/8097 
f 8136/8136/8136 8137/8137/8137 8138/8138/8138 
f 8137/8137/8137 8136/8136/8136 8139/8139/8139 
f 8140/8140/8140 8141/8141/8141 8142/8142/8142 
f 8141/8141/8141 8140/8140/8140 8143/8143/8143 
f 8109/8109/8109 8110/8110/8110 8111/8111/8111 
f 8135/8135/8135 8111/8111/8111 8110/8110/8110 
f 8112/8112/8112 8113/8113/8113 8114/8114/8114 
f 8147/8147/8147 8114/8114/8114 8113/8113/8113 
f 8103/8103/8103 8104/8104/8104 8105/8105/8105 
f 8104/8104/8104 8103/8103/8103 8148/8148/8148 
f 8100/8100/8100 8101/8101/8101 8102/8102/8102 
f 8100/8100/8100 8115/8115/8115 8101/8101/8101 
f 8106/8106/8106 8107/8107/8107 8108/8108/8108 
f 8106/8106/8106 8133/8133/8133 8107/8107/8107 
f 8144/8144/8144 8145/8145/8145 8146/8146/8146 
f 8145/8145/8145 8144/8144/8144 8149/8149/8149 
f 8150/8150/8150 8151/8151/8151 8152/8152/8152 
f 8151/8151/8151 8150/8150/8150 8153/8153/8153 
f 8116/8116/8116 8117/8117/8117 8118/8118/8118 
f 8117/8117/8117 8128/8128/8128 8118/8118/8118 
f 8119/8119/8119 8120/8120/8120 8121/8121/8121 
f 8122/8122/8122 8123/8123/8123 8124/8124/8124 
f 8123/8123/8123 8129/8129/8129 8124/8124/8124 
f 8125/8125/8125 8126/8126/8126 8127/8127/8127 
f 8126/8126/8126 8125/8125/8125 8134/8134/8134 
f 8130/8130/8130 8131/8131/8131 8132/8132/8132 
f 8154/8154/8154 8155/8155/8155 8156/8156/8156 
f 8156/8156/8156 8155/8155/8155 8166/8166/8166 
f 8157/8157/8157 8158/8158/8158 8159/8159/8159 
f 8157/8157/8157 8159/8159/8159 8167/8167/8167 
f 8160/8160/8160 8161/8161/8161 8162/8162/8162 
f 8163/8163/8163 8164/8164/8164 8165/8165/8165 
f 8165/8165/8165 8164/8164/8164 8171/8171/8171 
f 8168/8168/8168 8169/8169/8169 8170/8170/8170 
f 8172/8172/8172 8173/8173/8173 8174/8174/8174 
f 8175/8175/8175 8173/8173/8173 8172/8172/8172 
f 8176/8176/8176 8177/8177/8177 8178/8178/8178 
f 8179/8179/8179 8177/8177/8177 8176/8176/8176 
f 8180/8180/8180 8181/8181/8181 8182/8182/8182 
f 8181/8181/8181 8180/8180/8180 8192/8192/8192 
f 8183/8183/8183 8184/8184/8184 8185/8185/8185 
f 8186/8186/8186 8187/8187/8187 8188/8188/8188 
f 8187/8187/8187 8186/8186/8186 8199/8199/8199 
f 8189/8189/8189 8190/8190/8190 8191/8191/8191 
f 8190/8190/8190 8189/8189/8189 8200/8200/8200 
f 8193/8193/8193 8194/8194/8194 8195/8195/8195 
f 8196/8196/8196 8197/8197/8197 8198/8198/8198 
f 8196/8196/8196 8204/8204/8204 8197/8197/8197 
f 8201/8201/8201 8202/8202/8202 8203/8203/8203 
f 8201/8201/8201 8205/8205/8205 8202/8202/8202 
f 8210/8210/8210 8211/8211/8211 8212/8212/8212 
f 8213/8213/8213 8214/8214/8214 8215/8215/8215 
f 8216/8216/8216 8217/8217/8217 8218/8218/8218 
f 8217/8217/8217 8219/8219/8219 8218/8218/8218 
f 8220/8220/8220 8221/8221/8221 8222/8222/8222 
f 8221/8221/8221 8220/8220/8220 8232/8232/8232 
f 8223/8223/8223 8224/8224/8224 8225/8225/8225 
f 8224/8224/8224 8223/8223/8223 8233/8233/8233 
f 8226/8226/8226 8227/8227/8227 8228/8228/8228 
f 8227/8227/8227 8226/8226/8226 8234/8234/8234 
f 8229/8229/8229 8230/8230/8230 8231/8231/8231 
f 8230/8230/8230 8229/8229/8229 8235/8235/8235 
f 8236/8236/8236 8237/8237/8237 8238/8238/8238 
f 8237/8237/8237 8236/8236/8236 8239/8239/8239 
f 8240/8240/8240 8241/8241/8241 8242/8242/8242 
f 8241/8241/8241 8240/8240/8240 8243/8243/8243 
f 8206/8206/8206 8207/8207/8207 8208/8208/8208 
f 8207/8207/8207 8206/8206/8206 8209/8209/8209 

g Borbardillo0021

v -3.84736 4.00597 -1.54584 
v -3.84736 3.82715 -1.54584 
v -3.84736 3.82715 -1.77629 
v -1.99415 4.00597 -1.54584 
v -1.99415 3.82715 -1.54584 
v -1.99415 3.82715 -1.77629 
v -3.84736 4.00597 -1.36491 
v -3.84736 3.82715 -1.36491 
v -1.99415 4.00597 -1.36491 
v -1.99415 3.82715 -1.36491 
v -3.84736 4.00597 -1.77629 
v -1.99415 4.00597 -1.77629 
v 2.20187 4.00597 -1.77629 
v 2.20187 3.82715 -1.54584 
v 2.20187 3.82715 -1.77629 
v 4.05508 4.00597 -1.77629 
v 4.05508 3.82715 -1.54584 
v 4.05508 3.82715 -1.77629 
v 2.20187 4.00597 -1.54584 
v 2.20187 3.82715 -1.36491 
v 4.05508 4.00597 -1.54584 
v 4.05508 3.82715 -1.36491 
v 2.20187 4.00597 -1.36491 
v 4.05508 4.00597 -1.36491 
v -4.05508 4.00597 -1.36491 
v -3.84736 4.00597 -1.54584 
v -4.05508 4.00597 -1.54584 
v -2.20187 4.00597 -1.36491 
v -1.99415 4.00597 -1.54584 
v -2.20187 4.00597 -1.54584 
v -3.84736 4.00597 -1.36491 
v -1.99415 4.00597 -1.36491 
v -3.84736 4.00597 -1.77629 
v -4.05508 4.00597 -1.77629 
v -1.99415 4.00597 -1.77629 
v -2.20187 4.00597 -1.77629 
v 1.99415 4.00597 -1.54584 
v 2.20187 4.00597 -1.54584 
v 1.99415 4.00597 -1.77629 
v 2.20187 4.00597 -1.36491 
v 1.99415 4.00597 -1.36491 
v 3.84736 4.00597 -1.36491 
v 4.05508 4.00597 -1.36491 
v 3.84736 4.00597 -1.54584 
v 4.05508 4.00597 -1.54584 
v 2.20187 4.00597 -1.77629 
v 4.05508 4.00597 -1.77629 
v 3.84736 4.00597 -1.77629 
v -4.05508 3.82715 -1.54584 
v -4.05508 4.00597 -1.77629 
v -4.05508 3.82715 -1.77629 
v -2.20187 3.82715 -1.54584 
v -2.20187 4.00597 -1.77629 
v -2.20187 3.82715 -1.77629 
v -4.05508 3.82715 -1.36491 
v -4.05508 4.00597 -1.54584 
v -2.20187 3.82715 -1.36491 
v -2.20187 4.00597 -1.54584 
v -4.05508 4.00597 -1.36491 
v -2.20187 4.00597 -1.36491 
v 1.99415 4.00597 -1.54584 
v 1.99415 3.82715 -1.77629 
v 1.99415 3.82715 -1.54584 
v 3.84736 4.00597 -1.54584 
v 3.84736 3.82715 -1.77629 
v 3.84736 3.82715 -1.54584 
v 1.99415 4.00597 -1.36491 
v 1.99415 3.82715 -1.36491 
v 3.84736 4.00597 -1.36491 
v 3.84736 3.82715 -1.36491 
v 1.99415 4.00597 -1.77629 
v 3.84736 4.00597 -1.77629 
v -4.05508 3.82715 -1.54584 
v -3.84736 3.82715 -1.54584 
v -3.84736 3.82715 -1.36491 
v -2.20187 3.82715 -1.54584 
v -1.99415 3.82715 -1.54584 
v -1.99415 3.82715 -1.36491 
v -4.05508 3.82715 -1.36491 
v -2.20187 3.82715 -1.36491 
v -4.05508 3.82715 -1.77629 
v -3.84736 3.82715 -1.77629 
v -2.20187 3.82715 -1.77629 
v -1.99415 3.82715 -1.77629 
v 2.20187 3.82715 -1.77629 
v 1.99415 3.82715 -1.54584 
v 1.99415 3.82715 -1.77629 
v 2.20187 3.82715 -1.54584 
v 1.99415 3.82715 -1.36491 
v 2.20187 3.82715 -1.36491 
v 3.84736 3.82715 -1.36491 
v 4.05508 3.82715 -1.54584 
v 4.05508 3.82715 -1.36491 
v 3.84736 3.82715 -1.54584 
v 4.05508 3.82715 -1.77629 
v 3.84736 3.82715 -1.77629 
v -3.84736 3.82715 -1.36491 
v -4.33442 3.58668 -1.36491 
v -4.05508 3.82715 -1.36491 
v -4.05508 4.00597 -1.77629 
v -3.84736 3.82715 -1.77629 
v -4.05508 3.82715 -1.77629 
v -3.56803 3.58668 -1.36491 
v -2.4812 3.58668 -1.36491 
v -1.99415 3.82715 -1.36491 
v -1.71482 3.58668 -1.36491 
v -2.20187 4.00597 -1.77629 
v -1.99415 3.82715 -1.77629 
v -2.20187 3.82715 -1.77629 
v -2.20187 3.82715 -1.36491 
v -4.33442 3.58668 -1.36491 
v -4.05508 4.00597 -1.36491 
v -4.05508 3.82715 -1.36491 
v -3.84736 4.00597 -1.36491 
v -3.56803 3.58668 -1.36491 
v -3.84736 3.82715 -1.36491 
v -2.4812 3.58668 -1.36491 
v -2.20187 4.00597 -1.36491 
v -2.20187 3.82715 -1.36491 
v -1.99415 4.00597 -1.36491 
v -1.71482 3.58668 -1.36491 
v -1.99415 3.82715 -1.36491 
v -3.56803 4.24644 -1.36491 
v -4.33442 4.24644 -1.36491 
v -3.84736 4.00597 -1.77629 
v -1.99415 4.00597 -1.77629 
v -1.71482 4.24644 -1.36491 
v -2.4812 4.24644 -1.36491 
v -4.33442 4.24644 -1.36491 
v -3.84736 4.00597 -1.36491 
v -4.05508 4.00597 -1.36491 
v -3.56803 4.24644 -1.36491 
v -2.4812 4.24644 -1.36491 
v -1.99415 4.00597 -1.36491 
v -2.20187 4.00597 -1.36491 
v -1.71482 4.24644 -1.36491 
v 1.99415 4.00597 -1.36491 
v 1.71482 3.58668 -1.36491 
v 1.71482 4.24644 -1.36491 
v 1.99415 3.82715 -1.36491 
v 2.4812 3.58668 -1.36491 
v 1.71482 3.58668 -1.36491 
v 2.20187 4.00597 -1.77629 
v 2.20187 3.82715 -1.77629 
v 1.99415 3.82715 -1.77629 
v 2.20187 3.82715 -1.36491 
v 3.84736 3.82715 -1.36491 
v 4.33442 3.58668 -1.36491 
v 3.56803 3.58668 -1.36491 
v 4.05508 3.82715 -1.36491 
v 1.99415 3.82715 -1.36491 
v 2.20187 4.00597 -1.36491 
v 2.4812 3.58668 -1.36491 
v 2.20187 3.82715 -1.36491 
v 3.56803 3.58668 -1.36491 
v 3.84736 4.00597 -1.36491 
v 3.84736 3.82715 -1.36491 
v 4.05508 4.00597 -1.36491 
v 4.33442 3.58668 -1.36491 
v 4.05508 3.82715 -1.36491 
v 4.05508 4.00597 -1.77629 
v 4.05508 3.82715 -1.77629 
v 3.84736 3.82715 -1.77629 
v 2.4812 4.24644 -1.36491 
v 1.99415 4.00597 -1.77629 
v 3.56803 4.24644 -1.36491 
v 3.84736 4.00597 -1.77629 
v 4.33442 4.24644 -1.36491 
v 1.99415 4.00597 -1.36491 
v 2.4812 4.24644 -1.36491 
v 2.20187 4.00597 -1.36491 
v 1.71482 4.24644 -1.36491 
v 3.56803 4.24644 -1.36491 
v 4.33442 4.24644 -1.36491 
v 3.84736 4.00597 -1.36491 
v 4.05508 4.00597 -1.36491 

vn 1 0 0 
vn 1 0 0 
vn 1 0 0 
vn 1 0 0 
vn 1 0 0 
vn 1 0 0 
vn 1 0 0 
vn 1 0 0 
vn 1 0 0 
vn 1 0 0 
vn 1 0 0 
vn 1 0 0 
vn 1 0 0 
vn 1 0 0 
vn 1 0 0 
vn 1 0 0 
vn 1 0 0 
vn 1 0 0 
vn 1 0 0 
vn 1 0 0 
vn 1 0 0 
vn 1 0 0 
vn 1 0 0 
vn 1 0 0 
vn 0 1 0 
vn 0 1 0 
vn 0 1 0 
vn 0 1 0 
vn 0 1 0 
vn 0 1 0 
vn 0 1 0 
vn 0 1 0 
vn 0 1 0 
vn 0 1 0 
vn 0 1 0 
vn 0 1 0 
vn 0 1 0 
vn 0 1 0 
vn 0 1 0 
vn 0 1 0 
vn 0 1 0 
vn 0 1 0 
vn 0 1 0 
vn 0 1 0 
vn 0 1 0 
vn 0 1 0 
vn 0 1 0 
vn 0 1 0 
vn -1 0 0 
vn -1 0 0 
vn -1 0 0 
vn -1 0 0 
vn -1 0 0 
vn -1 0 0 
vn -1 0 0 
vn -1 0 0 
vn -1 0 0 
vn -1 0 0 
vn -1 0 0 
vn -1 0 0 
vn -1 0 0 
vn -1 0 0 
vn -1 0 0 
vn -1 0 0 
vn -1 0 0 
vn -1 0 0 
vn -1 0 0 
vn -1 0 0 
vn -1 0 0 
vn -1 0 0 
vn -1 0 0 
vn -1 0 0 
vn 0 -1 0 
vn 0 -1 0 
vn 0 -1 0 
vn 0 -1 0 
vn 0 -1 0 
vn 0 -1 0 
vn 0 -1 0 
vn 0 -1 0 
vn 0 -1 0 
vn 0 -1 0 
vn 0 -1 0 
vn 0 -1 0 
vn 0 -1 0 
vn 0 -1 0 
vn 0 -1 0 
vn 0 -1 0 
vn 0 -1 0 
vn 0 -1 0 
vn 0 -1 0 
vn 0 -1 0 
vn 0 -1 0 
vn 0 -1 0 
vn 0 -1 0 
vn 0 -1 0 
vn 0 0 -1 
vn 0 0 -1 
vn 0 0 -1 
vn 0 0 -1 
vn 0 0 -1 
vn 0 0 -1 
vn 0 0 -1 
vn 0 0 -1 
vn 0 0 -1 
vn 0 0 -1 
vn 0 0 -1 
vn 0 0 -1 
vn 0 0 -1 
vn 0 0 -1 
vn 0 0 -1 
vn 0 0 -1 
vn 0 0 -1 
vn 0 0 -1 
vn 0 0 -1 
vn 0 0 -1 
vn 0 0 -1 
vn 0 0 -1 
vn 0 0 -1 
vn 0 0 -1 
vn 0 0 -1 
vn 0 0 -1 
vn 0 0 -1 
vn 0 0 -1 
vn 0 0 -1 
vn 0 0 -1 
vn 0 0 -1 
vn 0 0 -1 
vn 0 0 -1 
vn 0 0 -1 
vn 0 0 -1 
vn 0 0 -1 
vn 0 0 -1 
vn 0 0 -1 
vn 0 0 -1 
vn 0 0 -1 
vn 0 0 -1 
vn 0 0 -1 
vn 0 0 -1 
vn 0 0 -1 
vn 0 0 -1 
vn 0 0 -1 
vn 0 0 -1 
vn 0 0 -1 
vn 0 0 -1 
vn 0 0 -1 
vn 0 0 -1 
vn 0 0 -1 
vn 0 0 -1 
vn 0 0 -1 
vn 0 0 -1 
vn 0 0 -1 
vn 0 0 -1 
vn 0 0 -1 
vn 0 0 -1 
vn 0 0 -1 
vn 0 0 -1 
vn 0 0 -1 
vn 0 0 -1 
vn 0 0 -1 
vn 0 0 -1 
vn 0 0 -1 
vn 0 0 -1 
vn 0 0 -1 
vn 0 0 -1 
vn 0 0 -1 
vn 0 0 -1 
vn 0 0 -1 
vn 0 0 -1 
vn 0 0 -1 
vn 0 0 -1 
vn 0 0 -1 
vn 0 0 -1 
vn 0 0 -1 
vn 0 0 -1 
vn 0 0 -1 

vt 11.9969 -58.9888 
vt 11.9969 -59.0112 
vt 12.0257 -59.0112 
vt 11.9969 -58.9888 
vt 11.9969 -59.0112 
vt 12.0257 -59.0112 
vt 11.9743 -58.9888 
vt 11.9743 -59.0112 
vt 11.9743 -58.9888 
vt 11.9743 -59.0112 
vt 12.0257 -58.9888 
vt 12.0257 -58.9888 
vt 12.0257 -58.9888 
vt 11.9969 -59.0112 
vt 12.0257 -59.0112 
vt 12.0257 -58.9888 
vt 11.9969 -59.0112 
vt 12.0257 -59.0112 
vt 11.9969 -58.9888 
vt 11.9743 -59.0112 
vt 11.9969 -58.9888 
vt 11.9743 -59.0112 
vt 11.9743 -58.9888 
vt 11.9743 -58.9888 
vt 12.5069 -58.9743 
vt 12.4809 -58.9969 
vt 12.5069 -58.9969 
vt 12.2752 -58.9743 
vt 12.2493 -58.9969 
vt 12.2752 -58.9969 
vt 12.4809 -58.9743 
vt 12.2493 -58.9743 
vt 12.4809 -59.0257 
vt 12.5069 -59.0257 
vt 12.2493 -59.0257 
vt 12.2752 -59.0257 
vt 11.7507 -58.9969 
vt 11.7248 -58.9969 
vt 11.7507 -59.0257 
vt 11.7248 -58.9743 
vt 11.7507 -58.9743 
vt 11.5191 -58.9743 
vt 11.4931 -58.9743 
vt 11.5191 -58.9969 
vt 11.4931 -58.9969 
vt 11.7248 -59.0257 
vt 11.4931 -59.0257 
vt 11.5191 -59.0257 
vt 12.0031 -59.0112 
vt 11.9743 -58.9888 
vt 11.9743 -59.0112 
vt 12.0031 -59.0112 
vt 11.9743 -58.9888 
vt 11.9743 -59.0112 
vt 12.0257 -59.0112 
vt 12.0031 -58.9888 
vt 12.0257 -59.0112 
vt 12.0031 -58.9888 
vt 12.0257 -58.9888 
vt 12.0257 -58.9888 
vt 12.0031 -58.9888 
vt 11.9743 -59.0112 
vt 12.0031 -59.0112 
vt 12.0031 -58.9888 
vt 11.9743 -59.0112 
vt 12.0031 -59.0112 
vt 12.0257 -58.9888 
vt 12.0257 -59.0112 
vt 12.0257 -58.9888 
vt 12.0257 -59.0112 
vt 11.9743 -58.9888 
vt 11.9743 -58.9888 
vt 11.4931 -58.9969 
vt 11.5191 -58.9969 
vt 11.5191 -58.9743 
vt 11.7248 -58.9969 
vt 11.7507 -58.9969 
vt 11.7507 -58.9743 
vt 11.4931 -58.9743 
vt 11.7248 -58.9743 
vt 11.4931 -59.0257 
vt 11.5191 -59.0257 
vt 11.7248 -59.0257 
vt 11.7507 -59.0257 
vt 12.2752 -59.0257 
vt 12.2493 -58.9969 
vt 12.2493 -59.0257 
vt 12.2752 -58.9969 
vt 12.2493 -58.9743 
vt 12.2752 -58.9743 
vt 12.4809 -58.9743 
vt 12.5069 -58.9969 
vt 12.5069 -58.9743 
vt 12.4809 -58.9969 
vt 12.5069 -59.0257 
vt 12.4809 -59.0257 
vt 12.4809 -59.0112 
vt 12.5418 -59.0412 
vt 12.5069 -59.0112 
vt 12.5069 -58.9888 
vt 12.4809 -59.0112 
vt 12.5069 -59.0112 
vt 12.446 -59.0412 
vt 12.3102 -59.0412 
vt 12.2493 -59.0112 
vt 12.2144 -59.0412 
vt 12.2752 -58.9888 
vt 12.2493 -59.0112 
vt 12.2752 -59.0112 
vt 12.2752 -59.0112 
vt 12.5418 -59.0412 
vt 12.5069 -58.9888 
vt 12.5069 -59.0112 
vt 12.4809 -58.9888 
vt 12.446 -59.0412 
vt 12.4809 -59.0112 
vt 12.3102 -59.0412 
vt 12.2752 -58.9888 
vt 12.2752 -59.0112 
vt 12.2493 -58.9888 
vt 12.2144 -59.0412 
vt 12.2493 -59.0112 
vt 12.446 -58.9588 
vt 12.5418 -58.9588 
vt 12.4809 -58.9888 
vt 12.2493 -58.9888 
vt 12.2144 -58.9588 
vt 12.3102 -58.9588 
vt 12.5418 -58.9588 
vt 12.4809 -58.9888 
vt 12.5069 -58.9888 
vt 12.446 -58.9588 
vt 12.3102 -58.9588 
vt 12.2493 -58.9888 
vt 12.2752 -58.9888 
vt 12.2144 -58.9588 
vt 11.7507 -58.9888 
vt 11.7856 -59.0412 
vt 11.7856 -58.9588 
vt 11.7507 -59.0112 
vt 11.6898 -59.0412 
vt 11.7856 -59.0412 
vt 11.7248 -58.9888 
vt 11.7248 -59.0112 
vt 11.7507 -59.0112 
vt 11.7248 -59.0112 
vt 11.5191 -59.0112 
vt 11.4582 -59.0412 
vt 11.554 -59.0412 
vt 11.4931 -59.0112 
vt 11.7507 -59.0112 
vt 11.7248 -58.9888 
vt 11.6898 -59.0412 
vt 11.7248 -59.0112 
vt 11.554 -59.0412 
vt 11.5191 -58.9888 
vt 11.5191 -59.0112 
vt 11.4931 -58.9888 
vt 11.4582 -59.0412 
vt 11.4931 -59.0112 
vt 11.4931 -58.9888 
vt 11.4931 -59.0112 
vt 11.5191 -59.0112 
vt 11.6898 -58.9588 
vt 11.7507 -58.9888 
vt 11.554 -58.9588 
vt 11.5191 -58.9888 
vt 11.4582 -58.9588 
vt 11.7507 -58.9888 
vt 11.6898 -58.9588 
vt 11.7248 -58.9888 
vt 11.7856 -58.9588 
vt 11.554 -58.9588 
vt 11.4582 -58.9588 
vt 11.5191 -58.9888 
vt 11.4931 -58.9888 

usemtl Borbardillo0021Mtl

f 8259/8259/8259 8260/8260/8260 8261/8261/8261 
f 8259/8259/8259 8264/8264/8264 8260/8260/8260 
f 8264/8264/8264 8265/8265/8265 8260/8260/8260 
f 8264/8264/8264 8267/8267/8267 8265/8265/8265 
f 8256/8256/8256 8257/8257/8257 8258/8258/8258 
f 8256/8256/8256 8262/8262/8262 8257/8257/8257 
f 8262/8262/8262 8263/8263/8263 8257/8257/8257 
f 8262/8262/8262 8266/8266/8266 8263/8263/8263 
f 8247/8247/8247 8248/8248/8248 8249/8249/8249 
f 8255/8255/8255 8247/8247/8247 8249/8249/8249 
f 8247/8247/8247 8252/8252/8252 8248/8248/8248 
f 8252/8252/8252 8253/8253/8253 8248/8248/8248 
f 8244/8244/8244 8245/8245/8245 8246/8246/8246 
f 8254/8254/8254 8244/8244/8244 8246/8246/8246 
f 8244/8244/8244 8250/8250/8250 8245/8245/8245 
f 8250/8250/8250 8251/8251/8251 8245/8245/8245 
f 8268/8268/8268 8269/8269/8269 8270/8270/8270 
f 8274/8274/8274 8269/8269/8269 8268/8268/8268 
f 8269/8269/8269 8276/8276/8276 8270/8270/8270 
f 8270/8270/8270 8276/8276/8276 8277/8277/8277 
f 8271/8271/8271 8272/8272/8272 8273/8273/8273 
f 8275/8275/8275 8272/8272/8272 8271/8271/8271 
f 8272/8272/8272 8278/8278/8278 8273/8273/8273 
f 8273/8273/8273 8278/8278/8278 8279/8279/8279 
f 8280/8280/8280 8281/8281/8281 8282/8282/8282 
f 8281/8281/8281 8289/8289/8289 8282/8282/8282 
f 8283/8283/8283 8281/8281/8281 8280/8280/8280 
f 8284/8284/8284 8283/8283/8283 8280/8280/8280 
f 8285/8285/8285 8286/8286/8286 8287/8287/8287 
f 8286/8286/8286 8288/8288/8288 8287/8287/8287 
f 8287/8287/8287 8288/8288/8288 8291/8291/8291 
f 8288/8288/8288 8290/8290/8290 8291/8291/8291 
f 8292/8292/8292 8293/8293/8293 8294/8294/8294 
f 8293/8293/8293 8292/8292/8292 8299/8299/8299 
f 8298/8298/8298 8299/8299/8299 8292/8292/8292 
f 8299/8299/8299 8298/8298/8298 8302/8302/8302 
f 8295/8295/8295 8296/8296/8296 8297/8297/8297 
f 8296/8296/8296 8295/8295/8295 8301/8301/8301 
f 8300/8300/8300 8301/8301/8301 8295/8295/8295 
f 8301/8301/8301 8300/8300/8300 8303/8303/8303 
f 8304/8304/8304 8305/8305/8305 8306/8306/8306 
f 8314/8314/8314 8305/8305/8305 8304/8304/8304 
f 8306/8306/8306 8310/8310/8310 8304/8304/8304 
f 8310/8310/8310 8306/8306/8306 8311/8311/8311 
f 8307/8307/8307 8308/8308/8308 8309/8309/8309 
f 8315/8315/8315 8308/8308/8308 8307/8307/8307 
f 8309/8309/8309 8312/8312/8312 8307/8307/8307 
f 8312/8312/8312 8309/8309/8309 8313/8313/8313 
f 8316/8316/8316 8317/8317/8317 8318/8318/8318 
f 8316/8316/8316 8318/8318/8318 8322/8322/8322 
f 8324/8324/8324 8317/8317/8317 8316/8316/8316 
f 8324/8324/8324 8325/8325/8325 8317/8317/8317 
f 8319/8319/8319 8320/8320/8320 8321/8321/8321 
f 8319/8319/8319 8321/8321/8321 8323/8323/8323 
f 8326/8326/8326 8320/8320/8320 8319/8319/8319 
f 8326/8326/8326 8327/8327/8327 8320/8320/8320 
f 8328/8328/8328 8329/8329/8329 8330/8330/8330 
f 8329/8329/8329 8328/8328/8328 8331/8331/8331 
f 8331/8331/8331 8332/8332/8332 8329/8329/8329 
f 8332/8332/8332 8331/8331/8331 8333/8333/8333 
f 8334/8334/8334 8335/8335/8335 8336/8336/8336 
f 8335/8335/8335 8334/8334/8334 8337/8337/8337 
f 8337/8337/8337 8338/8338/8338 8335/8335/8335 
f 8338/8338/8338 8337/8337/8337 8339/8339/8339 
f 8343/8343/8343 8344/8344/8344 8345/8345/8345 
f 8368/8368/8368 8344/8344/8344 8343/8343/8343 
f 8350/8350/8350 8351/8351/8351 8352/8352/8352 
f 8351/8351/8351 8350/8350/8350 8369/8369/8369 
f 8386/8386/8386 8387/8387/8387 8388/8388/8388 
f 8408/8408/8408 8386/8386/8386 8388/8388/8388 
f 8404/8404/8404 8405/8405/8405 8406/8406/8406 
f 8410/8410/8410 8404/8404/8404 8406/8406/8406 
f 8340/8340/8340 8341/8341/8341 8342/8342/8342 
f 8341/8341/8341 8340/8340/8340 8346/8346/8346 
f 8347/8347/8347 8348/8348/8348 8349/8349/8349 
f 8348/8348/8348 8347/8347/8347 8353/8353/8353 
f 8354/8354/8354 8355/8355/8355 8356/8356/8356 
f 8354/8354/8354 8367/8367/8367 8355/8355/8355 
f 8357/8357/8357 8358/8358/8358 8359/8359/8359 
f 8358/8358/8358 8357/8357/8357 8366/8366/8366 
f 8360/8360/8360 8361/8361/8361 8362/8362/8362 
f 8360/8360/8360 8371/8371/8371 8361/8361/8361 
f 8363/8363/8363 8364/8364/8364 8365/8365/8365 
f 8364/8364/8364 8363/8363/8363 8370/8370/8370 
f 8372/8372/8372 8373/8373/8373 8374/8374/8374 
f 8372/8372/8372 8375/8375/8375 8373/8373/8373 
f 8376/8376/8376 8377/8377/8377 8378/8378/8378 
f 8377/8377/8377 8376/8376/8376 8379/8379/8379 
f 8380/8380/8380 8381/8381/8381 8382/8382/8382 
f 8381/8381/8381 8380/8380/8380 8394/8394/8394 
f 8383/8383/8383 8384/8384/8384 8385/8385/8385 
f 8384/8384/8384 8383/8383/8383 8389/8389/8389 
f 8390/8390/8390 8391/8391/8391 8392/8392/8392 
f 8391/8391/8391 8390/8390/8390 8393/8393/8393 
f 8395/8395/8395 8396/8396/8396 8397/8397/8397 
f 8407/8407/8407 8396/8396/8396 8395/8395/8395 
f 8398/8398/8398 8399/8399/8399 8400/8400/8400 
f 8399/8399/8399 8398/8398/8398 8409/8409/8409 
f 8401/8401/8401 8402/8402/8402 8403/8403/8403 
f 8411/8411/8411 8402/8402/8402 8401/8401/8401 
f 8412/8412/8412 8413/8413/8413 8414/8414/8414 
f 8415/8415/8415 8413/8413/8413 8412/8412/8412 
f 8416/8416/8416 8417/8417/8417 8418/8418/8418 
f 8418/8418/8418 8417/8417/8417 8419/8419/8419 

