# This file is brought to you by Roblox Corporation
# Generated by Roblox Studio

mtllib 6.mtl

g Cylinder1

v 1.09655 6.20091 -0.80779 
v 1.09655 5.82909 -0.36917 
v 1.09655 5.82909 -0.80779 
v 1.09655 6.20091 -0.36917 
v 0.65793 8.56384 2.70117 
v 0.65793 6.6728 2.70117 
v 0.65793 6.6728 2.26255 
v 1.09655 6.20091 2.70117 
v 1.09655 5.82909 3.13979 
v 1.09655 5.82909 2.70117 
v 1.09655 6.20091 3.13979 
v 0.65793 8.56384 0.0694507 
v 0.65793 6.6728 0.0694504 
v 0.65793 6.6728 -0.36917 
v 0.65793 8.56384 -0.369169 
v 1.09655 6.6728 0.0694504 
v 1.09655 8.56384 0.0694507 
v 1.09655 8.56384 0.508071 
v 1.09655 6.6728 0.50807 
v 0.65793 8.56384 2.26255 
v 1.09655 6.6728 1.82393 
v 1.09655 8.56384 1.82393 
v 1.09655 8.56384 2.26255 
v 1.53517 6.20091 -0.36917 
v 1.53517 5.82909 0.0694503 
v 1.53517 5.82909 -0.36917 
v 1.97379 5.82909 0.0694503 
v 1.97379 6.20091 2.26255 
v 1.97379 5.82909 2.26255 
v 1.53517 6.20091 2.26255 
v 1.53517 5.82909 2.70117 
v 1.53517 5.82909 2.26255 
v 1.53517 6.20091 2.70117 
v 1.97379 6.20091 0.0694503 
v 1.53517 6.20091 0.0694503 
v 1.53517 8.56384 0.508071 
v 1.53517 6.6728 1.82393 
v 1.53517 6.6728 0.50807 
v 1.53517 8.56384 1.82393 
v 1.09655 6.6728 2.26255 
v -1.97379 6.20091 2.26255 
v -1.53517 6.20091 1.82393 
v -1.53517 6.20091 0.50807 
v -1.97379 6.20091 0.0694503 
v -1.53517 6.20091 0.0694503 
v -1.09655 6.20091 0.0694503 
v -1.53517 6.20091 -0.36917 
v -1.53517 6.20091 2.26255 
v -1.09655 6.20091 1.82393 
v -1.09655 6.20091 2.26255 
v -1.53517 6.20091 2.70117 
v -1.09655 6.20091 2.70117 
v -0.65793 6.20091 2.26255 
v -1.09655 6.20091 3.13979 
v -0.65793 6.20091 2.70117 
v 0.65793 6.20091 3.13979 
v -1.09655 6.20091 -0.36917 
v -1.09655 6.20091 0.50807 
v -0.65793 6.20091 -0.36917 
v -1.09655 6.20091 -0.80779 
v -0.65793 8.56384 0.0694507 
v -1.09655 8.56384 0.0694507 
v -1.09655 8.56384 0.508071 
v -0.65793 6.20091 0.0694503 
v 0.65793 6.20091 -0.36917 
v 0.65793 8.56384 0.0694507 
v -0.65793 8.56384 -0.369169 
v 1.09655 8.56384 0.508071 
v -1.53517 8.56384 1.82393 
v -1.53517 8.56384 0.508071 
v -1.09655 8.56384 1.82393 
v -1.09655 8.56384 2.26255 
v -0.65793 8.56384 2.26255 
v -1.09655 8.56384 1.82393 
v 1.09655 8.56384 0.508071 
v -1.09655 8.56384 0.508071 
v 0.65793 8.56384 2.70117 
v -0.65793 8.56384 2.70117 
v 0.65793 8.56384 2.26255 
v 1.09655 6.20091 -0.80779 
v 1.09655 6.20091 2.26255 
v 1.53517 6.20091 1.82393 
v 1.09655 6.20091 1.82393 
v 0.65793 6.20091 0.0694503 
v 1.09655 6.20091 0.0694503 
v 1.09655 6.20091 -0.36917 
v 1.53517 6.20091 2.26255 
v 1.97379 6.20091 2.26255 
v 1.97379 6.20091 0.0694503 
v 1.53517 6.20091 0.50807 
v 0.65793 6.20091 2.70117 
v 0.65793 6.20091 2.26255 
v 1.09655 6.20091 3.13979 
v 1.09655 6.20091 2.70117 
v 1.53517 6.20091 2.70117 
v 1.09655 6.20091 0.50807 
v 0.65793 8.56384 -0.369169 
v 1.53517 6.20091 -0.36917 
v 1.53517 6.20091 0.0694503 
v 1.09655 8.56384 0.0694507 
v 0.65793 8.56384 2.26255 
v 1.09655 8.56384 1.82393 
v 1.09655 8.56384 2.26255 
v 1.53517 8.56384 0.508071 
v 1.53517 8.56384 1.82393 
v -1.53517 5.82909 2.26255 
v -1.97379 6.20091 2.26255 
v -1.97379 5.82909 2.26255 
v -1.53517 6.20091 2.26255 
v -1.09655 5.82909 2.70117 
v -1.53517 6.20091 2.70117 
v -1.53517 5.82909 2.70117 
v -1.09655 6.20091 2.70117 
v 0.65793 6.20091 3.13979 
v -1.09655 6.20091 3.13979 
v -1.09655 5.82909 3.13979 
v -0.65793 8.56384 2.70117 
v -0.65793 6.6728 2.70117 
v 0.65793 6.6728 2.70117 
v -1.53517 8.56384 1.82393 
v -1.53517 6.6728 1.82393 
v -1.09655 6.6728 1.82393 
v -1.09655 8.56384 1.82393 
v -1.09655 8.56384 2.26255 
v -1.09655 6.6728 2.26255 
v -0.65793 6.6728 2.26255 
v -0.65793 8.56384 2.26255 
v 1.09655 5.82909 3.13979 
v 1.97379 5.82909 2.26255 
v 1.53517 6.20091 2.26255 
v 1.53517 5.82909 2.26255 
v 1.97379 6.20091 2.26255 
v 1.53517 5.82909 2.70117 
v 1.09655 6.20091 2.70117 
v 1.09655 5.82909 2.70117 
v 1.09655 6.20091 3.13979 
v 1.53517 6.20091 2.70117 
v 0.65793 8.56384 2.26255 
v 0.65793 6.6728 2.26255 
v 1.09655 6.6728 2.26255 
v 1.09655 8.56384 1.82393 
v 1.09655 6.6728 1.82393 
v 1.53517 6.6728 1.82393 
v 1.53517 8.56384 1.82393 
v 1.09655 8.56384 2.26255 
v 0.65793 8.56384 2.70117 
v -1.53517 6.20091 0.0694503 
v -1.53517 5.82909 -0.36917 
v -1.53517 5.82909 0.0694503 
v -1.09655 6.20091 -0.36917 
v -1.09655 5.82909 -0.80779 
v -1.09655 5.82909 -0.36917 
v -1.97379 5.82909 2.26255 
v -1.97379 6.20091 0.0694503 
v -1.97379 5.82909 0.0694503 
v -1.97379 6.20091 2.26255 
v -1.53517 6.20091 2.70117 
v -1.53517 5.82909 2.26255 
v -1.53517 5.82909 2.70117 
v -1.53517 6.20091 2.26255 
v -1.53517 6.20091 -0.36917 
v -1.09655 6.20091 -0.80779 
v -1.53517 8.56384 0.508071 
v -1.53517 6.6728 0.50807 
v -1.53517 6.6728 1.82393 
v -1.53517 8.56384 1.82393 
v -1.09655 6.20091 3.13979 
v -1.09655 5.82909 2.70117 
v -1.09655 5.82909 3.13979 
v -1.09655 8.56384 0.0694507 
v -1.09655 6.6728 0.0694504 
v -1.09655 6.6728 0.50807 
v -1.09655 8.56384 1.82393 
v -1.09655 6.6728 1.82393 
v -1.09655 6.6728 2.26255 
v -0.65793 8.56384 2.26255 
v -0.65793 6.6728 2.26255 
v -0.65793 6.6728 2.70117 
v -1.09655 6.20091 2.70117 
v -0.65793 8.56384 -0.369169 
v -0.65793 6.6728 -0.36917 
v -0.65793 6.6728 0.0694504 
v -1.09655 8.56384 0.508071 
v -0.65793 8.56384 0.0694507 
v -1.09655 8.56384 2.26255 
v -0.65793 8.56384 2.70117 
v -1.97379 5.82909 0.0694503 
v -1.53517 5.82909 2.26255 
v -1.97379 5.82909 2.26255 
v -1.09655 5.82909 2.70117 
v -1.53517 5.82909 0.0694503 
v -1.53517 5.82909 2.70117 
v 1.09655 5.82909 2.70117 
v -1.09655 5.82909 3.13979 
v -1.53517 5.82909 0.0694503 
v 1.53517 5.82909 2.26255 
v -1.09655 5.82909 2.70117 
v -1.53517 5.82909 -0.36917 
v -1.09655 5.82909 -0.36917 
v -1.09655 5.82909 -0.80779 
v 1.09655 5.82909 -0.80779 
v -1.09655 5.82909 -0.36917 
v 1.09655 5.82909 -0.36917 
v 1.53517 5.82909 2.26255 
v 1.53517 5.82909 0.0694503 
v 1.97379 5.82909 2.26255 
v 1.53517 5.82909 2.70117 
v 1.09655 5.82909 3.13979 
v 1.53517 5.82909 -0.36917 
v 1.97379 5.82909 0.0694503 
v -1.09655 6.20091 -0.36917 
v -1.09655 5.82909 -0.36917 
v -1.53517 5.82909 -0.36917 
v -1.09655 6.20091 -0.80779 
v 1.09655 6.20091 -0.80779 
v -1.09655 5.82909 -0.80779 
v -1.53517 6.20091 -0.36917 
v -1.97379 6.20091 0.0694503 
v -1.53517 6.20091 0.0694503 
v -1.97379 5.82909 0.0694503 
v -1.53517 5.82909 0.0694503 
v -1.09655 8.56384 0.508071 
v -1.09655 6.6728 0.50807 
v -1.53517 6.6728 0.50807 
v -0.65793 8.56384 0.0694507 
v -0.65793 6.6728 0.0694504 
v -1.09655 6.6728 0.0694504 
v -0.65793 8.56384 -0.369169 
v 0.65793 8.56384 -0.369169 
v -0.65793 6.6728 -0.36917 
v -1.09655 8.56384 0.0694507 
v -1.53517 8.56384 0.508071 
v 0.65793 6.6728 -0.36917 
v 1.09655 5.82909 -0.80779 
v 1.53517 6.20091 -0.36917 
v 1.53517 5.82909 -0.36917 
v 1.09655 5.82909 -0.36917 
v 1.09655 6.20091 -0.36917 
v 1.97379 6.20091 0.0694503 
v 1.97379 5.82909 0.0694503 
v 1.53517 5.82909 0.0694503 
v 1.53517 6.20091 0.0694503 
v 0.65793 6.6728 0.0694504 
v 0.65793 8.56384 0.0694507 
v 1.09655 8.56384 0.0694507 
v 1.09655 6.6728 0.0694504 
v 1.53517 8.56384 0.508071 
v 1.53517 6.6728 0.50807 
v 1.09655 6.6728 0.50807 
v 1.09655 8.56384 0.508071 

vn 1 0 0 
vn 1 0 0 
vn 1 0 0 
vn 1 0 0 
vn 1 0 0 
vn 1 0 0 
vn 1 0 0 
vn 1 0 0 
vn 1 0 0 
vn 1 0 0 
vn 1 0 0 
vn 1 0 0 
vn 1 0 0 
vn 1 0 0 
vn 1 0 0 
vn 1 0 0 
vn 1 0 0 
vn 1 0 0 
vn 1 0 0 
vn 1 0 0 
vn 1 0 0 
vn 1 0 0 
vn 1 0 0 
vn 1 0 0 
vn 1 0 0 
vn 1 0 0 
vn 1 0 0 
vn 1 0 0 
vn 1 0 0 
vn 1 0 0 
vn 1 0 0 
vn 1 0 0 
vn 1 0 0 
vn 1 0 0 
vn 1 0 0 
vn 1 0 0 
vn 1 0 0 
vn 1 0 0 
vn 1 0 0 
vn 1 0 0 
vn 0 1 0 
vn 0 1 0 
vn 0 1 0 
vn 0 1 0 
vn 0 1 0 
vn 0 1 0 
vn 0 1 0 
vn 0 1 0 
vn 0 1 0 
vn 0 1 0 
vn 0 1 0 
vn 0 1 0 
vn 0 1 0 
vn 0 1 0 
vn 0 1 0 
vn 0 1 0 
vn 0 1 0 
vn 0 1 0 
vn 0 1 0 
vn 0 1 0 
vn 0 1 0 
vn 0 1 0 
vn 0 1 0 
vn 0 1 0 
vn 0 1 0 
vn 0 1 0 
vn 0 1 0 
vn 0 1 0 
vn 0 1 0 
vn 0 1 0 
vn 0 1 0 
vn 0 1 0 
vn 0 1 0 
vn 0 1 0 
vn 0 1 0 
vn 0 1 0 
vn 0 1 0 
vn 0 1 0 
vn 0 1 0 
vn 0 1 0 
vn 0 1 0 
vn 0 1 0 
vn 0 1 0 
vn 0 1 0 
vn 0 1 0 
vn 0 1 0 
vn 0 1 0 
vn 0 1 0 
vn 0 1 0 
vn 0 1 0 
vn 0 1 0 
vn 0 1 0 
vn 0 1 0 
vn 0 1 0 
vn 0 1 0 
vn 0 1 0 
vn 0 1 0 
vn 0 1 0 
vn 0 1 0 
vn 0 1 0 
vn 0 1 0 
vn 0 1 0 
vn 0 1 0 
vn 0 1 0 
vn 0 1 0 
vn 0 0 1 
vn 0 0 1 
vn 0 0 1 
vn 0 0 1 
vn 0 0 1 
vn 0 0 1 
vn 0 0 1 
vn 0 0 1 
vn 0 0 1 
vn 0 0 1 
vn 0 0 1 
vn 0 0 1 
vn 0 0 1 
vn 0 0 1 
vn 0 0 1 
vn 0 0 1 
vn 0 0 1 
vn 0 0 1 
vn 0 0 1 
vn 0 0 1 
vn 0 0 1 
vn 0 0 1 
vn 0 0 1 
vn 0 0 1 
vn 0 0 1 
vn 0 0 1 
vn 0 0 1 
vn 0 0 1 
vn 0 0 1 
vn 0 0 1 
vn 0 0 1 
vn 0 0 1 
vn 0 0 1 
vn 0 0 1 
vn 0 0 1 
vn 0 0 1 
vn 0 0 1 
vn 0 0 1 
vn 0 0 1 
vn 0 0 1 
vn 0 0 1 
vn -1 0 0 
vn -1 0 0 
vn -1 0 0 
vn -1 0 0 
vn -1 0 0 
vn -1 0 0 
vn -1 0 0 
vn -1 0 0 
vn -1 0 0 
vn -1 0 0 
vn -1 0 0 
vn -1 0 0 
vn -1 0 0 
vn -1 0 0 
vn -1 0 0 
vn -1 0 0 
vn -1 0 0 
vn -1 0 0 
vn -1 0 0 
vn -1 0 0 
vn -1 0 0 
vn -1 0 0 
vn -1 0 0 
vn -1 0 0 
vn -1 0 0 
vn -1 0 0 
vn -1 0 0 
vn -1 0 0 
vn -1 0 0 
vn -1 0 0 
vn -1 0 0 
vn -1 0 0 
vn -1 0 0 
vn -1 0 0 
vn -1 0 0 
vn -1 0 0 
vn -1 0 0 
vn -1 0 0 
vn -1 0 0 
vn -1 0 0 
vn 0 -1 0 
vn 0 -1 0 
vn 0 -1 0 
vn 0 -1 0 
vn 0 -1 0 
vn 0 -1 0 
vn 0 -1 0 
vn 0 -1 0 
vn 0 -1 0 
vn 0 -1 0 
vn 0 -1 0 
vn 0 -1 0 
vn 0 -1 0 
vn 0 -1 0 
vn 0 -1 0 
vn 0 -1 0 
vn 0 -1 0 
vn 0 -1 0 
vn 0 -1 0 
vn 0 -1 0 
vn 0 -1 0 
vn 0 -1 0 
vn 0 -1 0 
vn 0 -1 0 
vn 0 0 -1 
vn 0 0 -1 
vn 0 0 -1 
vn 0 0 -1 
vn 0 0 -1 
vn 0 0 -1 
vn 0 0 -1 
vn 0 0 -1 
vn 0 0 -1 
vn 0 0 -1 
vn 0 0 -1 
vn 0 0 -1 
vn 0 0 -1 
vn 0 0 -1 
vn 0 0 -1 
vn 0 0 -1 
vn 0 0 -1 
vn 0 0 -1 
vn 0 0 -1 
vn 0 0 -1 
vn 0 0 -1 
vn 0 0 -1 
vn 0 0 -1 
vn 0 0 -1 
vn 0 0 -1 
vn 0 0 -1 
vn 0 0 -1 
vn 0 0 -1 
vn 0 0 -1 
vn 0 0 -1 
vn 0 0 -1 
vn 0 0 -1 
vn 0 0 -1 
vn 0 0 -1 
vn 0 0 -1 
vn 0 0 -1 
vn 0 0 -1 
vn 0 0 -1 
vn 0 0 -1 
vn 0 0 -1 

vt 14.2467 -17.1244 
vt 14.1919 -17.1709 
vt 14.2467 -17.1709 
vt 14.1919 -17.1244 
vt 13.8081 -16.8291 
vt 13.8081 -17.0655 
vt 13.8629 -17.0655 
vt 13.8081 -17.1244 
vt 13.7533 -17.1709 
vt 13.8081 -17.1709 
vt 13.7533 -17.1244 
vt 14.1371 -16.8291 
vt 14.1371 -17.0655 
vt 14.1919 -17.0655 
vt 14.1919 -16.8291 
vt 14.1371 -17.0655 
vt 14.1371 -16.8291 
vt 14.0822 -16.8291 
vt 14.0822 -17.0655 
vt 13.8629 -16.8291 
vt 13.9178 -17.0655 
vt 13.9178 -16.8291 
vt 13.8629 -16.8291 
vt 14.1919 -17.1244 
vt 14.1371 -17.1709 
vt 14.1919 -17.1709 
vt 14.1371 -17.1709 
vt 13.8629 -17.1244 
vt 13.8629 -17.1709 
vt 13.8629 -17.1244 
vt 13.8081 -17.1709 
vt 13.8629 -17.1709 
vt 13.8081 -17.1244 
vt 14.1371 -17.1244 
vt 14.1371 -17.1244 
vt 14.0822 -16.8291 
vt 13.9178 -17.0655 
vt 14.0822 -17.0655 
vt 13.9178 -16.8291 
vt 13.8629 -17.0655 
vt 14.2467 -16.8629 
vt 14.1919 -16.9178 
vt 14.1919 -17.0822 
vt 14.2467 -17.1371 
vt 14.1919 -17.1371 
vt 14.1371 -17.1371 
vt 14.1919 -17.1919 
vt 14.1919 -16.8629 
vt 14.1371 -16.9178 
vt 14.1371 -16.8629 
vt 14.1919 -16.8081 
vt 14.1371 -16.8081 
vt 14.0822 -16.8629 
vt 14.1371 -16.7533 
vt 14.0822 -16.8081 
vt 13.9178 -16.7533 
vt 14.1371 -17.1919 
vt 14.1371 -17.0822 
vt 14.0822 -17.1919 
vt 14.1371 -17.2467 
vt 14.0822 -17.1371 
vt 14.1371 -17.1371 
vt 14.1371 -17.0822 
vt 14.0822 -17.1371 
vt 13.9178 -17.1919 
vt 13.9178 -17.1371 
vt 14.0822 -17.1919 
vt 13.8629 -17.0822 
vt 14.1919 -16.9178 
vt 14.1919 -17.0822 
vt 14.1371 -16.9178 
vt 14.1371 -16.8629 
vt 14.0822 -16.8629 
vt 14.1371 -16.9178 
vt 13.8629 -17.0822 
vt 14.1371 -17.0822 
vt 13.9178 -16.8081 
vt 14.0822 -16.8081 
vt 13.9178 -16.8629 
vt 13.8629 -17.2467 
vt 13.8629 -16.8629 
vt 13.8081 -16.9178 
vt 13.8629 -16.9178 
vt 13.9178 -17.1371 
vt 13.8629 -17.1371 
vt 13.8629 -17.1919 
vt 13.8081 -16.8629 
vt 13.7533 -16.8629 
vt 13.7533 -17.1371 
vt 13.8081 -17.0822 
vt 13.9178 -16.8081 
vt 13.9178 -16.8629 
vt 13.8629 -16.7533 
vt 13.8629 -16.8081 
vt 13.8081 -16.8081 
vt 13.8629 -17.0822 
vt 13.9178 -17.1919 
vt 13.8081 -17.1919 
vt 13.8081 -17.1371 
vt 13.8629 -17.1371 
vt 13.9178 -16.8629 
vt 13.8629 -16.9178 
vt 13.8629 -16.8629 
vt 13.8081 -17.0822 
vt 13.8081 -16.9178 
vt 13.8081 -17.1709 
vt 13.7533 -17.1244 
vt 13.7533 -17.1709 
vt 13.8081 -17.1244 
vt 13.8629 -17.1709 
vt 13.8081 -17.1244 
vt 13.8081 -17.1709 
vt 13.8629 -17.1244 
vt 14.0822 -17.1244 
vt 13.8629 -17.1244 
vt 13.8629 -17.1709 
vt 13.9178 -16.8291 
vt 13.9178 -17.0655 
vt 14.0822 -17.0655 
vt 13.8081 -16.8291 
vt 13.8081 -17.0655 
vt 13.8629 -17.0655 
vt 13.8629 -16.8291 
vt 13.8629 -16.8291 
vt 13.8629 -17.0655 
vt 13.9178 -17.0655 
vt 13.9178 -16.8291 
vt 14.1371 -17.1709 
vt 14.2467 -17.1709 
vt 14.1919 -17.1244 
vt 14.1919 -17.1709 
vt 14.2467 -17.1244 
vt 14.1919 -17.1709 
vt 14.1371 -17.1244 
vt 14.1371 -17.1709 
vt 14.1371 -17.1244 
vt 14.1919 -17.1244 
vt 14.0822 -16.8291 
vt 14.0822 -17.0655 
vt 14.1371 -17.0655 
vt 14.1371 -16.8291 
vt 14.1371 -17.0655 
vt 14.1919 -17.0655 
vt 14.1919 -16.8291 
vt 14.1371 -16.8291 
vt 14.0822 -16.8291 
vt 13.8629 -17.1244 
vt 13.8081 -17.1709 
vt 13.8629 -17.1709 
vt 13.8081 -17.1244 
vt 13.7533 -17.1709 
vt 13.8081 -17.1709 
vt 14.1371 -17.1709 
vt 13.8629 -17.1244 
vt 13.8629 -17.1709 
vt 14.1371 -17.1244 
vt 14.1919 -17.1244 
vt 14.1371 -17.1709 
vt 14.1919 -17.1709 
vt 14.1371 -17.1244 
vt 13.8081 -17.1244 
vt 13.7533 -17.1244 
vt 13.9178 -16.8291 
vt 13.9178 -17.0655 
vt 14.0822 -17.0655 
vt 14.0822 -16.8291 
vt 14.2467 -17.1244 
vt 14.1919 -17.1709 
vt 14.2467 -17.1709 
vt 13.8629 -16.8291 
vt 13.8629 -17.0655 
vt 13.9178 -17.0655 
vt 14.0822 -16.8291 
vt 14.0822 -17.0655 
vt 14.1371 -17.0655 
vt 14.1371 -16.8291 
vt 14.1371 -17.0655 
vt 14.1919 -17.0655 
vt 14.1919 -17.1244 
vt 13.8081 -16.8291 
vt 13.8081 -17.0655 
vt 13.8629 -17.0655 
vt 13.9178 -16.8291 
vt 13.8629 -16.8291 
vt 14.1371 -16.8291 
vt 14.1919 -16.8291 
vt 13.7533 -17.1371 
vt 13.8081 -16.8629 
vt 13.7533 -16.8629 
vt 13.8629 -16.8081 
vt 13.8081 -17.1371 
vt 13.8081 -16.8081 
vt 14.1371 -16.8081 
vt 13.8629 -16.7533 
vt 13.8081 -17.1371 
vt 14.1919 -16.8629 
vt 13.8629 -16.8081 
vt 13.8081 -17.1919 
vt 13.8629 -17.1919 
vt 13.8629 -17.2467 
vt 14.1371 -17.2467 
vt 13.8629 -17.1919 
vt 14.1371 -17.1919 
vt 14.1919 -16.8629 
vt 14.1919 -17.1371 
vt 14.2467 -16.8629 
vt 14.1919 -16.8081 
vt 14.1371 -16.7533 
vt 14.1919 -17.1919 
vt 14.2467 -17.1371 
vt 14.1371 -17.1244 
vt 14.1371 -17.1709 
vt 14.1919 -17.1709 
vt 14.1371 -17.1244 
vt 13.8629 -17.1244 
vt 14.1371 -17.1709 
vt 14.1919 -17.1244 
vt 14.2467 -17.1244 
vt 14.1919 -17.1244 
vt 14.2467 -17.1709 
vt 14.1919 -17.1709 
vt 14.1371 -16.8291 
vt 14.1371 -17.0655 
vt 14.1919 -17.0655 
vt 14.0822 -16.8291 
vt 14.0822 -17.0655 
vt 14.1371 -17.0655 
vt 14.0822 -16.8291 
vt 13.9178 -16.8291 
vt 14.0822 -17.0655 
vt 14.1371 -16.8291 
vt 14.1919 -16.8291 
vt 13.9178 -17.0655 
vt 13.8629 -17.1709 
vt 13.8081 -17.1244 
vt 13.8081 -17.1709 
vt 13.8629 -17.1709 
vt 13.8629 -17.1244 
vt 13.7533 -17.1244 
vt 13.7533 -17.1709 
vt 13.8081 -17.1709 
vt 13.8081 -17.1244 
vt 13.9178 -17.0655 
vt 13.9178 -16.8291 
vt 13.8629 -16.8291 
vt 13.8629 -17.0655 
vt 13.8081 -16.8291 
vt 13.8081 -17.0655 
vt 13.8629 -17.0655 
vt 13.8629 -16.8291 

usemtl Cylinder1Mtl

f 27/27/27 28/28/28 29/29/29 
f 28/28/28 27/27/27 34/34/34 
f 24/24/24 25/25/25 26/26/26 
f 24/24/24 35/35/35 25/25/25 
f 30/30/30 31/31/31 32/32/32 
f 30/30/30 33/33/33 31/31/31 
f 36/36/36 37/37/37 38/38/38 
f 36/36/36 39/39/39 37/37/37 
f 1/1/1 2/2/2 3/3/3 
f 1/1/1 4/4/4 2/2/2 
f 8/8/8 9/9/9 10/10/10 
f 8/8/8 11/11/11 9/9/9 
f 16/16/16 17/17/17 18/18/18 
f 18/18/18 19/19/19 16/16/16 
f 21/21/21 22/22/22 23/23/23 
f 23/23/23 40/40/40 21/21/21 
f 5/5/5 6/6/6 7/7/7 
f 7/7/7 20/20/20 5/5/5 
f 12/12/12 13/13/13 14/14/14 
f 14/14/14 15/15/15 12/12/12 
f 61/61/61 62/62/62 63/63/63 
f 69/69/69 63/63/63 70/70/70 
f 71/71/71 63/63/63 69/69/69 
f 68/68/68 61/61/61 63/63/63 
f 71/71/71 72/72/72 73/73/73 
f 71/71/71 73/73/73 79/79/79 
f 73/73/73 77/77/77 79/79/79 
f 77/77/77 73/73/73 78/78/78 
f 79/79/79 102/102/102 68/68/68 
f 79/79/79 103/103/103 102/102/102 
f 102/102/102 104/104/104 68/68/68 
f 105/105/105 104/104/104 102/102/102 
f 68/68/68 66/66/66 61/61/61 
f 68/68/68 100/100/100 66/66/66 
f 66/66/66 67/67/67 61/61/61 
f 67/67/67 66/66/66 97/97/97 
f 74/74/74 75/75/75 76/76/76 
f 75/75/75 74/74/74 101/101/101 
f 41/41/41 42/42/42 43/43/43 
f 44/44/44 41/41/41 43/43/43 
f 41/41/41 48/48/48 42/42/42 
f 45/45/45 44/44/44 43/43/43 
f 48/48/48 49/49/49 42/42/42 
f 50/50/50 49/49/49 48/48/48 
f 43/43/43 46/46/46 45/45/45 
f 43/43/43 58/58/58 46/46/46 
f 45/45/45 46/46/46 47/47/47 
f 46/46/46 57/57/57 47/47/47 
f 46/46/46 59/59/59 57/57/57 
f 46/46/46 64/64/64 59/59/59 
f 59/59/59 60/60/60 57/57/57 
f 59/59/59 65/65/65 60/60/60 
f 80/80/80 60/60/60 65/65/65 
f 86/86/86 80/80/80 65/65/65 
f 85/85/85 86/86/86 65/65/65 
f 84/84/84 85/85/85 65/65/65 
f 85/85/85 98/98/98 86/86/86 
f 99/99/99 98/98/98 85/85/85 
f 90/90/90 99/99/99 85/85/85 
f 96/96/96 90/90/90 85/85/85 
f 90/90/90 89/89/89 99/99/99 
f 90/90/90 82/82/82 89/89/89 
f 88/88/88 89/89/89 82/82/82 
f 87/87/87 88/88/88 82/82/82 
f 87/87/87 82/82/82 81/81/81 
f 81/81/81 82/82/82 83/83/83 
f 81/81/81 95/95/95 87/87/87 
f 95/95/95 81/81/81 94/94/94 
f 81/81/81 91/91/91 94/94/94 
f 91/91/91 81/81/81 92/92/92 
f 93/93/93 94/94/94 91/91/91 
f 56/56/56 93/93/93 91/91/91 
f 56/56/56 91/91/91 55/55/55 
f 54/54/54 56/56/56 55/55/55 
f 52/52/52 54/54/54 55/55/55 
f 53/53/53 52/52/52 55/55/55 
f 52/52/52 53/53/53 50/50/50 
f 52/52/52 50/50/50 48/48/48 
f 51/51/51 52/52/52 48/48/48 
f 114/114/114 115/115/115 116/116/116 
f 116/116/116 128/128/128 114/114/114 
f 128/128/128 136/136/136 114/114/114 
f 110/110/110 111/111/111 112/112/112 
f 111/111/111 110/110/110 113/113/113 
f 117/117/117 118/118/118 119/119/119 
f 146/146/146 117/117/117 119/119/119 
f 133/133/133 134/134/134 135/135/135 
f 134/134/134 133/133/133 137/137/137 
f 106/106/106 107/107/107 108/108/108 
f 107/107/107 106/106/106 109/109/109 
f 124/124/124 125/125/125 126/126/126 
f 126/126/126 127/127/127 124/124/124 
f 129/129/129 130/130/130 131/131/131 
f 130/130/130 129/129/129 132/132/132 
f 138/138/138 139/139/139 140/140/140 
f 140/140/140 145/145/145 138/138/138 
f 120/120/120 121/121/121 122/122/122 
f 122/122/122 123/123/123 120/120/120 
f 141/141/141 142/142/142 143/143/143 
f 143/143/143 144/144/144 141/141/141 
f 153/153/153 154/154/154 155/155/155 
f 154/154/154 153/153/153 156/156/156 
f 147/147/147 148/148/148 149/149/149 
f 147/147/147 161/161/161 148/148/148 
f 157/157/157 158/158/158 159/159/159 
f 157/157/157 160/160/160 158/158/158 
f 163/163/163 164/164/164 165/165/165 
f 166/166/166 163/163/163 165/165/165 
f 150/150/150 151/151/151 152/152/152 
f 150/150/150 162/162/162 151/151/151 
f 167/167/167 168/168/168 169/169/169 
f 167/167/167 179/179/179 168/168/168 
f 170/170/170 171/171/171 172/172/172 
f 172/172/172 183/183/183 170/170/170 
f 173/173/173 174/174/174 175/175/175 
f 175/175/175 185/185/185 173/173/173 
f 176/176/176 177/177/177 178/178/178 
f 178/178/178 186/186/186 176/176/176 
f 180/180/180 181/181/181 182/182/182 
f 182/182/182 184/184/184 180/180/180 
f 187/187/187 188/188/188 189/189/189 
f 191/191/191 188/188/188 187/187/187 
f 190/190/190 188/188/188 191/191/191 
f 190/190/190 192/192/192 188/188/188 
f 191/191/191 198/198/198 199/199/199 
f 200/200/200 201/201/201 199/199/199 
f 203/203/203 199/199/199 201/201/201 
f 203/203/203 205/205/205 199/199/199 
f 203/203/203 209/209/209 205/205/205 
f 205/205/205 204/204/204 199/199/199 
f 205/205/205 206/206/206 204/204/204 
f 206/206/206 205/205/205 210/210/210 
f 204/204/204 193/193/193 190/190/190 
f 204/204/204 207/207/207 193/193/193 
f 190/190/190 193/193/193 194/194/194 
f 208/208/208 194/194/194 193/193/193 
f 195/195/195 196/196/196 197/197/197 
f 202/202/202 196/196/196 195/195/195 
f 214/214/214 215/215/215 216/216/216 
f 234/234/234 216/216/216 215/215/215 
f 211/211/211 212/212/212 213/213/213 
f 217/217/217 211/211/211 213/213/213 
f 228/228/228 229/229/229 230/230/230 
f 229/229/229 233/233/233 230/230/230 
f 235/235/235 236/236/236 237/237/237 
f 238/238/238 235/235/235 237/237/237 
f 218/218/218 219/219/219 220/220/220 
f 219/219/219 221/221/221 220/220/220 
f 225/225/225 226/226/226 227/227/227 
f 227/227/227 231/231/231 225/225/225 
f 239/239/239 240/240/240 241/241/241 
f 242/242/242 239/239/239 241/241/241 
f 243/243/243 244/244/244 245/245/245 
f 245/245/245 246/246/246 243/243/243 
f 222/222/222 223/223/223 224/224/224 
f 224/224/224 232/232/232 222/222/222 
f 247/247/247 248/248/248 249/249/249 
f 249/249/249 250/250/250 247/247/247 

g Cube1

v 1.5 5.865 2.666 
v 1.5 2.865 -0.334 
v 1.5 5.865 -0.334 
v 1.5 2.865 2.666 
v -1.5 5.865 -0.334 
v -1.5 5.865 2.666 
v 1.5 5.865 -0.334 
v 1.5 5.865 2.666 
v 1.5 2.865 2.666 
v -1.5 5.865 2.666 
v -1.5 2.865 2.666 
v 1.5 5.865 2.666 
v -1.5 2.865 2.666 
v -1.5 5.865 -0.334 
v -1.5 2.865 -0.334 
v -1.5 5.865 2.666 
v 1.5 2.865 2.666 
v -1.5 2.865 2.666 
v -1.5 2.865 -0.334 
v 1.5 2.865 -0.334 
v 1.5 5.865 -0.334 
v -1.5 2.865 -0.334 
v -1.5 5.865 -0.334 
v 1.5 2.865 -0.334 

vn 1 0 0 
vn 1 0 0 
vn 1 0 0 
vn 1 0 0 
vn 0 1 0 
vn 0 1 0 
vn 0 1 0 
vn 0 1 0 
vn 0 0 1 
vn 0 0 1 
vn 0 0 1 
vn 0 0 1 
vn -1 0 0 
vn -1 0 0 
vn -1 0 0 
vn -1 0 0 
vn 0 -1 0 
vn 0 -1 0 
vn 0 -1 0 
vn 0 -1 0 
vn 0 0 -1 
vn 0 0 -1 
vn 0 0 -1 
vn 0 0 -1 

vt 41.8125 -60.8125 
vt 42.1875 -61.1875 
vt 42.1875 -60.8125 
vt 41.8125 -61.1875 
vt 42.1875 -61.1875 
vt 42.1875 -60.8125 
vt 41.8125 -61.1875 
vt 41.8125 -60.8125 
vt 42.1875 -61.1875 
vt 41.8125 -60.8125 
vt 41.8125 -61.1875 
vt 42.1875 -60.8125 
vt 42.1875 -61.1875 
vt 41.8125 -60.8125 
vt 41.8125 -61.1875 
vt 42.1875 -60.8125 
vt 42.1875 -60.8125 
vt 41.8125 -60.8125 
vt 41.8125 -61.1875 
vt 42.1875 -61.1875 
vt 41.8125 -60.8125 
vt 42.1875 -61.1875 
vt 42.1875 -60.8125 
vt 41.8125 -61.1875 

usemtl Cube1Mtl

f 251/251/251 252/252/252 253/253/253 
f 252/252/252 251/251/251 254/254/254 
f 255/255/255 256/256/256 257/257/257 
f 257/257/257 256/256/256 258/258/258 
f 259/259/259 260/260/260 261/261/261 
f 260/260/260 259/259/259 262/262/262 
f 263/263/263 264/264/264 265/265/265 
f 264/264/264 263/263/263 266/266/266 
f 267/267/267 268/268/268 269/269/269 
f 267/267/267 269/269/269 270/270/270 
f 271/271/271 272/272/272 273/273/273 
f 272/272/272 271/271/271 274/274/274 

g Cube0091

v -2.60503 4.7776 1.10526 
v -2.71829 4.4862 1.22673 
v -2.71829 4.4862 1.10526 
v -2.5727 5.05367 1.10527 
v -2.73133 4.78426 1.22673 
v -2.73133 4.78426 1.10526 
v -2.52312 4.09818 1.04414 
v -2.52312 4.09818 1.28786 
v -2.63153 3.88298 1.04414 
v -2.43087 4.70584 1.06049 
v -2.43087 4.70584 1.27151 
v -2.5827 4.43254 1.06049 
v -2.53827 4.10809 1.12099 
v -2.47056 4.41331 1.12099 
v -2.47056 4.41331 1.21101 
v -2.63153 3.88298 1.28786 
v -2.60503 4.7776 1.22673 
v -2.5827 4.43254 1.27151 
v -2.53827 4.10809 1.21101 
v -2.47703 5.07559 1.0827 
v -2.67601 4.82345 1.2493 
v -2.67601 4.82345 1.0827 
v -3.67935 6.53636 1.12099 
v -2.92945 5.57022 1.21101 
v -2.92945 5.57022 1.12099 
v -3.32832 6.59163 1.23522 
v -3.13166 6.09772 1.09678 
v -3.32832 6.59163 1.09678 
v -3.14323 6.19845 1.27735 
v -2.75483 5.7011 1.05465 
v -3.14323 6.19845 1.05465 
v -2.40162 5.48682 1.01183 
v -2.61263 5.18779 1.32017 
v -2.61263 5.18779 1.01183 
v -3.67935 6.53636 1.21101 
v -2.75483 5.7011 1.27735 
v -3.13166 6.09772 1.23522 
v -2.5727 5.05367 1.22673 
v -2.47703 5.07559 1.2493 
v -2.40162 5.48682 1.32017 
v -2.01698 4.10309 0.989942 
v -2.01698 4.10309 1.34206 
v -2.04034 3.80912 0.989942 
v -2.4509 3.97751 1.0827 
v -2.33546 4.37385 1.0827 
v -2.33546 4.37385 1.2493 
v -1.74538 4.24598 0.97017 
v -1.74538 4.24598 1.36183 
v -1.63421 3.93021 0.97017 
v -1.3764 4.44696 0.951344 
v -1.61847 3.91953 1.38066 
v -1.61847 3.91953 0.951344 
v -2.4509 3.97751 1.2493 
v -2.04034 3.80912 1.34206 
v -1.86127 4.39525 1.27423 
v -1.78198 4.04913 1.27423 
v -1.78198 4.04913 1.05777 
v -1.63421 3.93021 1.36183 
v -1.3764 4.44696 1.38066 
v -1.86127 4.39526 1.05777 
v -1.84851 4.71937 1.04018 
v -1.84851 4.71937 1.29182 
v -1.78709 4.31115 1.04018 
v -1.869 4.97891 1.05144 
v -1.869 4.97891 1.28056 
v -1.85171 4.60343 1.05144 
v -1.65953 5.12056 0.963317 
v -1.83038 4.75296 1.36868 
v -1.83038 4.75296 0.963317 
v -1.65366 5.1499 0.927383 
v -1.36227 4.49093 1.40462 
v -1.36227 4.49093 0.927383 
v -1.85171 4.60343 1.28056 
v -1.78709 4.31115 1.29182 
v -1.65953 5.12056 1.36868 
v -1.65366 5.1499 1.40462 
v -3.64236 4.76357 1.12099 
v -2.47056 4.41331 1.21101 
v -2.47056 4.41331 1.12099 
v -3.91176 5.41799 1.10527 
v -2.60503 4.7776 1.22673 
v -2.60503 4.7776 1.10526 
v -3.38462 5.30394 1.06049 
v -2.43087 4.70584 1.27151 
v -2.43087 4.70584 1.06049 
v -2.95726 4.3058 1.04414 
v -2.52312 4.09818 1.28786 
v -2.52312 4.09818 1.04414 
v -3.64236 4.76357 1.21101 
v -3.38462 5.30394 1.27151 
v -3.91176 5.41799 1.22674 
v -2.33546 4.37385 1.2493 
v -3.22754 4.70418 1.0827 
v -3.22754 4.70418 1.2493 
v -2.95726 4.3058 1.28786 
v -3.75953 5.89575 1.10527 
v -2.5727 5.05367 1.22673 
v -2.5727 5.05367 1.10527 
v -3.40367 6.00275 1.27735 
v -3.14323 6.19845 1.05465 
v -3.40367 6.00275 1.05465 
v -3.58514 6.49487 1.23522 
v -3.32832 6.59163 1.09678 
v -3.58514 6.49487 1.09678 
v -3.37453 5.87752 1.0827 
v -2.47703 5.07559 1.2493 
v -2.47703 5.07559 1.0827 
v -2.83943 5.79824 1.32017 
v -2.40162 5.48682 1.01183 
v -2.83943 5.79824 1.01183 
v -3.75953 5.89575 1.22674 
v -3.32832 6.59163 1.23522 
v -3.14323 6.19845 1.27735 
v -3.37453 5.87752 1.2493 
v -2.33546 4.37385 1.0827 
v -2.64262 4.15748 0.989942 
v -2.01698 4.10309 1.34206 
v -2.01698 4.10309 0.989942 
v -2.84618 4.44443 1.05777 
v -1.86127 4.39525 1.27423 
v -1.86127 4.39526 1.05777 
v -2.17141 4.09336 1.36183 
v -1.74538 4.24598 0.97017 
v -2.17141 4.09336 0.97017 
v -1.76557 4.62816 1.38066 
v -1.3764 4.44696 0.951344 
v -1.76557 4.62816 0.951344 
v -2.84618 4.44443 1.27423 
v -2.64262 4.15748 1.34206 
v -1.74538 4.24598 1.36183 
v -1.3764 4.44696 1.38066 
v -2.9859 4.86315 1.04018 
v -1.84851 4.71937 1.29182 
v -1.84851 4.71937 1.04018 
v -1.869 4.97891 1.28056 
v -2.88559 5.21595 1.05144 
v -2.88559 5.21595 1.28056 
v -2.51646 5.57221 1.36868 
v -1.65953 5.12056 0.963317 
v -2.51646 5.57221 0.963317 
v -1.869 4.97891 1.05144 
v -2.09013 4.95689 1.40462 
v -1.65366 5.1499 0.927383 
v -2.09013 4.95689 0.927383 
v -2.9859 4.86315 1.29182 
v -2.40162 5.48682 1.32017 
v -1.65953 5.12056 1.36868 
v -1.65366 5.1499 1.40462 
v -2.47056 4.41331 1.21101 
v -3.64236 4.76357 1.21101 
v -3.36016 4.28005 1.21101 
v -2.60503 4.7776 1.22673 
v -3.70626 4.89724 1.22673 
v -2.71829 4.4862 1.22673 
v -2.5727 5.05367 1.22673 
v -3.64039 5.34873 1.22673 
v -2.73133 4.78426 1.22673 
v -2.53827 4.10809 1.21101 
v -3.91176 5.41799 1.22674 
v -2.63153 3.88298 1.28786 
v -2.95726 4.3058 1.28786 
v -3.06567 4.09061 1.28786 
v -2.43087 4.70584 1.27151 
v -3.38462 5.30394 1.27151 
v -3.25182 4.76008 1.27151 
v -2.33546 4.37385 1.2493 
v -3.22754 4.70418 1.2493 
v -3.06246 4.21619 1.2493 
v -2.5827 4.43254 1.27151 
v -2.47703 5.07559 1.2493 
v -3.3829 5.36244 1.2493 
v -2.67601 4.82345 1.2493 
v -3.75953 5.89575 1.22674 
v -2.92945 5.57022 1.21101 
v -3.67935 6.53636 1.21101 
v -3.73078 5.97889 1.21101 
v -3.32832 6.59163 1.23522 
v -3.38848 6.00096 1.23522 
v -3.13166 6.09772 1.23522 
v -3.16196 5.36122 1.21101 
v -3.58514 6.49487 1.23522 
v -3.37453 5.87752 1.2493 
v -3.01527 5.5054 1.27735 
v -3.14323 6.19845 1.27735 
v -3.40367 6.00275 1.27735 
v -2.75483 5.7011 1.27735 
v -2.40162 5.48682 1.32017 
v -2.83943 5.79824 1.32017 
v -3.05044 5.49921 1.32017 
v -2.52312 4.09818 1.28786 
v -2.01698 4.10309 1.34206 
v -2.64262 4.15748 1.34206 
v -2.66599 3.86351 1.34206 
v -2.4509 3.97751 1.2493 
v -1.86127 4.39525 1.27423 
v -2.84618 4.44443 1.27423 
v -2.54812 4.11654 1.27423 
v -1.78198 4.04913 1.27423 
v -2.04034 3.80912 1.34206 
v -1.63421 3.93021 1.36183 
v -2.17141 4.09336 1.36183 
v -2.06024 3.77759 1.36183 
v -1.74538 4.24598 1.36183 
v -2.00764 4.10074 1.38066 
v -1.3764 4.44696 1.38066 
v -1.76557 4.62816 1.38066 
v -1.61847 3.91953 1.38066 
v -1.84851 4.71937 1.29182 
v -2.66926 4.4568 1.29182 
v -1.78709 4.31115 1.29182 
v -2.9859 4.86315 1.29182 
v -2.61263 5.18779 1.32017 
v -1.869 4.97891 1.28056 
v -2.88559 5.21595 1.28056 
v -2.63699 4.81819 1.28056 
v -1.85171 4.60343 1.28056 
v -2.68731 5.20461 1.36868 
v -1.83038 4.75296 1.36868 
v -1.65953 5.12056 1.36868 
v -2.51646 5.57221 1.36868 
v -2.09013 4.95689 1.40462 
v -1.79874 4.29793 1.40462 
v -1.36227 4.49093 1.40462 
v -1.65366 5.1499 1.40462 
v -3.36016 4.28005 1.12099 
v -3.64236 4.76357 1.21101 
v -3.64236 4.76357 1.12099 
v -3.70626 4.89724 1.10527 
v -3.91176 5.41799 1.22674 
v -3.91176 5.41799 1.10527 
v -3.3829 5.36244 1.2493 
v -3.37453 5.87752 1.0827 
v -3.3829 5.36244 1.0827 
v -3.06246 4.21619 1.2493 
v -3.22754 4.70418 1.0827 
v -3.06246 4.21619 1.0827 
v -3.25182 4.76008 1.27151 
v -3.38462 5.30394 1.06049 
v -3.25182 4.76008 1.06049 
v -3.36016 4.28005 1.21101 
v -3.70626 4.89724 1.22673 
v -3.75953 5.89575 1.22674 
v -3.64039 5.34873 1.10527 
v -3.64039 5.34873 1.22673 
v -3.38462 5.30394 1.27151 
v -3.22754 4.70418 1.2493 
v -3.73078 5.97889 1.21101 
v -3.16196 5.36122 1.12099 
v -3.16196 5.36122 1.21101 
v -3.75953 5.89575 1.10527 
v -3.73078 5.97889 1.12099 
v -3.38848 6.00096 1.23522 
v -3.58514 6.49487 1.09678 
v -3.38848 6.00096 1.09678 
v -3.01527 5.5054 1.27735 
v -3.40367 6.00275 1.05465 
v -3.01527 5.5054 1.05465 
v -3.73078 5.97889 1.12099 
v -3.67935 6.53636 1.21101 
v -3.67935 6.53636 1.12099 
v -3.73078 5.97889 1.21101 
v -3.58514 6.49487 1.23522 
v -3.37453 5.87752 1.2493 
v -3.40367 6.00275 1.27735 
v -2.95726 4.3058 1.28786 
v -3.06567 4.09061 1.04414 
v -3.06567 4.09061 1.28786 
v -2.66599 3.86351 0.989942 
v -2.64262 4.15748 1.34206 
v -2.64262 4.15748 0.989942 
v -2.95726 4.3058 1.04414 
v -2.06024 3.77759 0.97017 
v -2.17141 4.09336 1.36183 
v -2.17141 4.09336 0.97017 
v -2.00764 4.10074 0.951344 
v -1.76557 4.62816 1.38066 
v -1.76557 4.62816 0.951344 
v -2.54812 4.11654 1.27423 
v -2.84618 4.44443 1.05777 
v -2.54812 4.11654 1.05777 
v -2.66599 3.86351 1.34206 
v -2.84618 4.44443 1.27423 
v -2.06024 3.77759 1.36183 
v -2.00764 4.10074 1.38066 
v -1.79874 4.29793 1.40462 
v -2.09013 4.95689 0.927383 
v -1.79874 4.29793 0.927383 
v -2.66926 4.4568 1.29182 
v -2.9859 4.86315 1.04018 
v -2.66926 4.4568 1.04018 
v -3.05044 5.49921 1.32017 
v -2.83943 5.79824 1.01183 
v -3.05044 5.49921 1.01183 
v -2.63699 4.81819 1.28056 
v -2.88559 5.21595 1.05144 
v -2.63699 4.81819 1.05144 
v -2.68731 5.20461 1.36868 
v -2.51646 5.57221 0.963317 
v -2.68731 5.20461 0.963317 
v -2.88559 5.21595 1.28056 
v -2.9859 4.86315 1.29182 
v -2.83943 5.79824 1.32017 
v -2.51646 5.57221 1.36868 
v -2.09013 4.95689 1.40462 
v -2.5827 4.43254 1.06049 
v -3.25182 4.76008 1.27151 
v -3.25182 4.76008 1.06049 
v -2.71829 4.4862 1.10526 
v -3.70626 4.89724 1.22673 
v -3.70626 4.89724 1.10527 
v -2.63153 3.88298 1.04414 
v -3.06567 4.09061 1.28786 
v -3.06567 4.09061 1.04414 
v -2.4509 3.97751 1.0827 
v -3.06246 4.21619 1.2493 
v -3.06246 4.21619 1.0827 
v -3.36016 4.28005 1.12099 
v -2.53827 4.10809 1.12099 
v -2.53827 4.10809 1.21101 
v -3.36016 4.28005 1.21101 
v -2.71829 4.4862 1.22673 
v -3.64039 5.34873 1.22673 
v -2.73133 4.78426 1.10526 
v -2.73133 4.78426 1.22673 
v -2.5827 4.43254 1.27151 
v -3.3829 5.36244 1.2493 
v -2.67601 4.82345 1.0827 
v -2.67601 4.82345 1.2493 
v -3.3829 5.36244 1.0827 
v -3.13166 6.09772 1.09678 
v -3.38848 6.00096 1.23522 
v -3.38848 6.00096 1.09678 
v -2.75483 5.7011 1.05465 
v -3.01527 5.5054 1.27735 
v -3.01527 5.5054 1.05465 
v -2.61263 5.18779 1.01183 
v -3.05044 5.49921 1.32017 
v -3.05044 5.49921 1.01183 
v -3.64039 5.34873 1.10527 
v -3.16196 5.36122 1.12099 
v -2.92945 5.57022 1.21101 
v -3.16196 5.36122 1.21101 
v -3.13166 6.09772 1.23522 
v -2.92945 5.57022 1.12099 
v -2.75483 5.7011 1.27735 
v -2.63153 3.88298 1.28786 
v -2.04034 3.80912 0.989942 
v -2.66599 3.86351 1.34206 
v -2.66599 3.86351 0.989942 
v -2.54812 4.11654 1.05777 
v -1.78198 4.04913 1.05777 
v -1.78198 4.04913 1.27423 
v -1.63421 3.93021 0.97017 
v -2.06024 3.77759 1.36183 
v -2.06024 3.77759 0.97017 
v -1.61847 3.91953 0.951344 
v -2.00764 4.10074 1.38066 
v -2.00764 4.10074 0.951344 
v -2.4509 3.97751 1.2493 
v -2.04034 3.80912 1.34206 
v -2.54812 4.11654 1.27423 
v -1.63421 3.93021 1.36183 
v -1.61847 3.91953 1.38066 
v -1.78709 4.31115 1.29182 
v -2.66926 4.4568 1.04018 
v -1.78709 4.31115 1.04018 
v -1.85171 4.60343 1.05144 
v -2.63699 4.81819 1.28056 
v -2.63699 4.81819 1.05144 
v -1.83038 4.75296 0.963317 
v -2.68731 5.20461 1.36868 
v -2.68731 5.20461 0.963317 
v -1.85171 4.60343 1.28056 
v -1.36227 4.49093 0.927383 
v -1.79874 4.29793 1.40462 
v -1.79874 4.29793 0.927383 
v -2.66926 4.4568 1.29182 
v -2.61263 5.18779 1.32017 
v -1.83038 4.75296 1.36868 
v -1.36227 4.49093 1.40462 
v -2.95726 4.3058 1.04414 
v -2.63153 3.88298 1.04414 
v -3.06567 4.09061 1.04414 
v -2.43087 4.70584 1.06049 
v -3.25182 4.76008 1.06049 
v -3.38462 5.30394 1.06049 
v -2.33546 4.37385 1.0827 
v -3.06246 4.21619 1.0827 
v -3.22754 4.70418 1.0827 
v -2.5827 4.43254 1.06049 
v -3.70626 4.89724 1.10527 
v -2.60503 4.7776 1.10526 
v -2.71829 4.4862 1.10526 
v -2.47056 4.41331 1.12099 
v -3.36016 4.28005 1.12099 
v -3.64236 4.76357 1.12099 
v -3.91176 5.41799 1.10527 
v -3.64039 5.34873 1.10527 
v -2.5727 5.05367 1.10527 
v -2.73133 4.78426 1.10526 
v -2.53827 4.10809 1.12099 
v -3.3829 5.36244 1.0827 
v -2.47703 5.07559 1.0827 
v -2.67601 4.82345 1.0827 
v -3.37453 5.87752 1.0827 
v -3.01527 5.5054 1.05465 
v -3.40367 6.00275 1.05465 
v -3.14323 6.19845 1.05465 
v -2.75483 5.7011 1.05465 
v -2.40162 5.48682 1.01183 
v -3.05044 5.49921 1.01183 
v -2.83943 5.79824 1.01183 
v -3.38848 6.00096 1.09678 
v -3.32832 6.59163 1.09678 
v -3.13166 6.09772 1.09678 
v -2.92945 5.57022 1.12099 
v -3.73078 5.97889 1.12099 
v -3.67935 6.53636 1.12099 
v -3.58514 6.49487 1.09678 
v -3.75953 5.89575 1.10527 
v -3.16196 5.36122 1.12099 
v -2.52312 4.09818 1.04414 
v -2.17141 4.09336 0.97017 
v -1.63421 3.93021 0.97017 
v -2.06024 3.77759 0.97017 
v -1.74538 4.24598 0.97017 
v -1.3764 4.44696 0.951344 
v -2.00764 4.10074 0.951344 
v -1.76557 4.62816 0.951344 
v -1.61847 3.91953 0.951344 
v -2.01698 4.10309 0.989942 
v -2.66599 3.86351 0.989942 
v -2.64262 4.15748 0.989942 
v -2.4509 3.97751 1.0827 
v -1.86127 4.39526 1.05777 
v -2.54812 4.11654 1.05777 
v -2.84618 4.44443 1.05777 
v -2.04034 3.80912 0.989942 
v -1.78198 4.04913 1.05777 
v -2.66926 4.4568 1.04018 
v -1.84851 4.71937 1.04018 
v -1.78709 4.31115 1.04018 
v -2.68731 5.20461 0.963317 
v -1.65953 5.12056 0.963317 
v -1.83038 4.75296 0.963317 
v -2.51646 5.57221 0.963317 
v -2.09013 4.95689 0.927383 
v -1.36227 4.49093 0.927383 
v -1.79874 4.29793 0.927383 
v -1.65366 5.1499 0.927383 
v -2.61263 5.18779 1.01183 
v -2.9859 4.86315 1.04018 
v -1.869 4.97891 1.05144 
v -2.63699 4.81819 1.05144 
v -2.88559 5.21595 1.05144 
v -1.85171 4.60343 1.05144 

vn 0.929134 -0.362205 0 
vn 0.929134 -0.362205 0 
vn 0.929134 -0.362205 0 
vn 0.858268 -0.503937 0 
vn 0.858268 -0.503937 0 
vn 0.858268 -0.503937 0 
vn 0.889764 -0.448819 0 
vn 0.889764 -0.448819 0 
vn 0.889764 -0.448819 0 
vn 0.874016 -0.488189 0 
vn 0.874016 -0.488189 0 
vn 0.874016 -0.488189 0 
vn 0.976378 -0.212598 0 
vn 0.976378 -0.212598 0 
vn 0.976378 -0.212598 0 
vn 0.889764 -0.448819 0 
vn 0.929134 -0.362205 0 
vn 0.874016 -0.488189 0 
vn 0.976378 -0.212598 0 
vn 0.787402 -0.622047 0 
vn 0.787402 -0.622047 0 
vn 0.787402 -0.622047 0 
vn 0.787402 0.614173 0 
vn 0.787402 0.614173 0 
vn 0.787402 0.614173 0 
vn 0.929134 0.370079 0 
vn 0.929134 0.370079 0 
vn 0.929134 0.370079 0 
vn 0.787402 0.614173 0 
vn 0.787402 0.614173 0 
vn 0.787402 0.614173 0 
vn 0.818898 -0.574803 0 
vn 0.818898 -0.574803 0 
vn 0.818898 -0.574803 0 
vn 0.787402 0.614173 0 
vn 0.787402 0.614173 0 
vn 0.929134 0.370079 0 
vn 0.858268 -0.503937 0 
vn 0.787402 -0.622047 0 
vn 0.818898 -0.574803 0 
vn 1 -0.0787402 0 
vn 1 -0.0787402 0 
vn 1 -0.0787402 0 
vn 0.96063 -0.283465 0 
vn 0.96063 -0.283465 0 
vn 0.96063 -0.283465 0 
vn 0.944882 0.330709 0 
vn 0.944882 0.330709 0 
vn 0.944882 0.330709 0 
vn 0.905512 -0.417323 0 
vn 0.905512 -0.417323 0 
vn 0.905512 -0.417323 0 
vn 0.96063 -0.283465 0 
vn 1 -0.0787402 0 
vn 0.976378 0.220472 0 
vn 0.976378 0.220472 0 
vn 0.976378 0.220472 0 
vn 0.944882 0.330709 0 
vn 0.905512 -0.417323 0 
vn 0.976378 0.220472 0 
vn 0.992126 0.149606 0 
vn 0.992126 0.149606 0 
vn 0.992126 0.149606 0 
vn 1 0.0472441 0 
vn 1 0.0472441 0 
vn 1 0.0472441 0 
vn 0.905512 -0.425197 0 
vn 0.905512 -0.425197 0 
vn 0.905512 -0.425197 0 
vn 0.913386 0.401575 0 
vn 0.913386 0.401575 0 
vn 0.913386 0.401575 0 
vn 1 0.0472441 0 
vn 0.992126 0.149606 0 
vn 0.905512 -0.425197 0 
vn 0.913386 0.401575 0 
vn 0.283465 0.96063 0 
vn 0.283465 0.96063 0 
vn 0.283465 0.96063 0 
vn 0.440945 0.897638 0 
vn 0.440945 0.897638 0 
vn 0.440945 0.897638 0 
vn 0.527559 0.850394 0 
vn 0.527559 0.850394 0 
vn 0.527559 0.850394 0 
vn 0.433071 0.905512 0 
vn 0.433071 0.905512 0 
vn 0.433071 0.905512 0 
vn 0.283465 0.96063 0 
vn 0.527559 0.850394 0 
vn 0.440945 0.897638 0 
vn 0.346457 0.937008 0 
vn 0.346457 0.937008 0 
vn 0.346457 0.937008 0 
vn 0.433071 0.905512 0 
vn 0.582677 0.818898 0 
vn 0.582677 0.818898 0 
vn 0.582677 0.818898 0 
vn -0.598425 0.80315 0 
vn -0.598425 0.80315 0 
vn -0.598425 0.80315 0 
vn -0.354331 0.937008 0 
vn -0.354331 0.937008 0 
vn -0.354331 0.937008 0 
vn 0.669291 0.748031 0 
vn 0.669291 0.748031 0 
vn 0.669291 0.748031 0 
vn 0.582677 0.811024 0 
vn 0.582677 0.811024 0 
vn 0.582677 0.811024 0 
vn 0.582677 0.818898 0 
vn -0.354331 0.937008 0 
vn -0.598425 0.80315 0 
vn 0.669291 0.748031 0 
vn 0.346457 0.937008 0 
vn 0.0866142 1 0 
vn 0.0866142 1 0 
vn 0.0866142 1 0 
vn 0.0472441 1 0 
vn 0.0472441 1 0 
vn 0.0472441 1 0 
vn -0.338583 0.944882 0 
vn -0.338583 0.944882 0 
vn -0.338583 0.944882 0 
vn 0.425197 0.905512 0 
vn 0.425197 0.905512 0 
vn 0.425197 0.905512 0 
vn 0.0472441 1 0 
vn 0.0866142 1 0 
vn -0.338583 0.944882 0 
vn 0.425197 0.905512 0 
vn 0.125984 0.992126 0 
vn 0.125984 0.992126 0 
vn 0.125984 0.992126 0 
vn 0.228346 0.976378 0 
vn 0.228346 0.976378 0 
vn 0.228346 0.976378 0 
vn 0.464567 0.88189 0 
vn 0.464567 0.88189 0 
vn 0.464567 0.88189 0 
vn 0.228346 0.976378 0 
vn -0.401575 0.913386 0 
vn -0.401575 0.913386 0 
vn -0.401575 0.913386 0 
vn 0.125984 0.992126 0 
vn 0.582677 0.811024 0 
vn 0.464567 0.88189 0 
vn -0.401575 0.913386 0 
vn 0 0 1 
vn 0 0 1 
vn 0 0 1 
vn 0 0 1 
vn 0 0 1 
vn 0 0 1 
vn 0 0 1 
vn 0 0 1 
vn 0 0 1 
vn 0 0 1 
vn 0 0 1 
vn 0 0 1 
vn 0 0 1 
vn 0 0 1 
vn 0 0 1 
vn 0 0 1 
vn 0 0 1 
vn 0 0 1 
vn 0 0 1 
vn 0 0 1 
vn 0 0 1 
vn 0 0 1 
vn 0 0 1 
vn 0 0 1 
vn 0 0 1 
vn 0 0 1 
vn 0 0 1 
vn 0 0 1 
vn 0 0 1 
vn 0 0 1 
vn 0 0 1 
vn 0 0 1 
vn 0 0 1 
vn 0 0 1 
vn 0 0 1 
vn 0 0 1 
vn 0 0 1 
vn 0 0 1 
vn 0 0 1 
vn 0 0 1 
vn 0 0 1 
vn 0 0 1 
vn 0 0 1 
vn 0 0 1 
vn 0 0 1 
vn 0 0 1 
vn 0 0 1 
vn 0 0 1 
vn 0 0 1 
vn 0 0 1 
vn 0 0 1 
vn 0 0 1 
vn 0 0 1 
vn 0 0 1 
vn 0 0 1 
vn 0 0 1 
vn 0 0 1 
vn 0 0 1 
vn 0 0 1 
vn 0 0 1 
vn 0 0 1 
vn 0 0 1 
vn 0 0 1 
vn 0 0 1 
vn 0 0 1 
vn 0 0 1 
vn 0 0 1 
vn 0 0 1 
vn 0 0 1 
vn 0 0 1 
vn 0 0 1 
vn 0 0 1 
vn 0 0 1 
vn 0 0 1 
vn 0 0 1 
vn 0 0 1 
vn -0.866142 -0.503937 0 
vn -0.866142 -0.503937 0 
vn -0.866142 -0.503937 0 
vn -0.929134 -0.370079 0 
vn -0.929134 -0.370079 0 
vn -0.929134 -0.370079 0 
vn -1 0.015748 0 
vn -1 0.015748 0 
vn -1 0.015748 0 
vn -0.944882 -0.322835 0 
vn -0.944882 -0.322835 0 
vn -0.944882 -0.322835 0 
vn -0.968504 -0.23622 0 
vn -0.968504 -0.23622 0 
vn -0.968504 -0.23622 0 
vn -0.866142 -0.503937 0 
vn -0.929134 -0.370079 0 
vn -0.976378 -0.212598 0 
vn -0.976378 -0.212598 0 
vn -0.976378 -0.212598 0 
vn -0.968504 -0.23622 0 
vn -0.944882 -0.322835 0 
vn -0.732283 -0.677165 0 
vn -0.732283 -0.677165 0 
vn -0.732283 -0.677165 0 
vn -0.976378 -0.212598 0 
vn -0.732283 -0.677165 0 
vn -0.929134 -0.370079 0 
vn -0.929134 -0.370079 0 
vn -0.929134 -0.370079 0 
vn -0.787402 -0.614173 0 
vn -0.787402 -0.614173 0 
vn -0.787402 -0.614173 0 
vn -0.992126 0.0944882 0 
vn -0.992126 0.0944882 0 
vn -0.992126 0.0944882 0 
vn -0.992126 0.0944882 0 
vn -0.929134 -0.370079 0 
vn -1 0.015748 0 
vn -0.787402 -0.614173 0 
vn -0.889764 0.448819 0 
vn -0.889764 0.448819 0 
vn -0.889764 0.448819 0 
vn -1 0.0787402 0 
vn -1 0.0787402 0 
vn -1 0.0787402 0 
vn -0.889764 0.448819 0 
vn -0.944882 -0.330709 0 
vn -0.944882 -0.330709 0 
vn -0.944882 -0.330709 0 
vn -0.905512 0.417323 0 
vn -0.905512 0.417323 0 
vn -0.905512 0.417323 0 
vn -0.740157 -0.669291 0 
vn -0.740157 -0.669291 0 
vn -0.740157 -0.669291 0 
vn -1 0.0787402 0 
vn -0.740157 -0.669291 0 
vn -0.944882 -0.330709 0 
vn -0.905512 0.417323 0 
vn -0.913386 -0.401575 0 
vn -0.913386 -0.401575 0 
vn -0.913386 -0.401575 0 
vn -0.787402 -0.614173 0 
vn -0.787402 -0.614173 0 
vn -0.787402 -0.614173 0 
vn -0.818898 0.574803 0 
vn -0.818898 0.574803 0 
vn -0.818898 0.574803 0 
vn -0.850394 -0.527559 0 
vn -0.850394 -0.527559 0 
vn -0.850394 -0.527559 0 
vn -0.905512 0.425197 0 
vn -0.905512 0.425197 0 
vn -0.905512 0.425197 0 
vn -0.850394 -0.527559 0 
vn -0.787402 -0.614173 0 
vn -0.818898 0.574803 0 
vn -0.905512 0.425197 0 
vn -0.913386 -0.401575 0 
vn -0.440945 -0.897638 0 
vn -0.440945 -0.897638 0 
vn -0.440945 -0.897638 0 
vn -0.385827 -0.92126 0 
vn -0.385827 -0.92126 0 
vn -0.385827 -0.92126 0 
vn -0.433071 -0.905512 0 
vn -0.433071 -0.905512 0 
vn -0.433071 -0.905512 0 
vn -0.362205 -0.929134 0 
vn -0.362205 -0.929134 0 
vn -0.362205 -0.929134 0 
vn -0.204724 -0.976378 0 
vn -0.204724 -0.976378 0 
vn -0.204724 -0.976378 0 
vn -0.204724 -0.976378 0 
vn -0.385827 -0.92126 0 
vn -0.527559 -0.850394 0 
vn -0.527559 -0.850394 0 
vn -0.527559 -0.850394 0 
vn -0.440945 -0.897638 0 
vn -0.606299 -0.795276 0 
vn -0.606299 -0.795276 0 
vn -0.606299 -0.795276 0 
vn -0.606299 -0.795276 0 
vn 0.354331 -0.937008 0 
vn 0.354331 -0.937008 0 
vn 0.354331 -0.937008 0 
vn 0.598425 -0.80315 0 
vn 0.598425 -0.80315 0 
vn 0.598425 -0.80315 0 
vn -0.582677 -0.811024 0 
vn -0.582677 -0.811024 0 
vn -0.582677 -0.811024 0 
vn -0.527559 -0.850394 0 
vn 0.669291 -0.740157 0 
vn 0.669291 -0.740157 0 
vn 0.669291 -0.740157 0 
vn 0.354331 -0.937008 0 
vn 0.669291 -0.740157 0 
vn 0.598425 -0.80315 0 
vn -0.433071 -0.905512 0 
vn -0.0866142 -1 0 
vn -0.0866142 -1 0 
vn -0.0866142 -1 0 
vn -0.0866142 -1 0 
vn -0.0866142 -1 0 
vn -0.0866142 -1 0 
vn 0.338583 -0.944882 0 
vn 0.338583 -0.944882 0 
vn 0.338583 -0.944882 0 
vn -0.425197 -0.905512 0 
vn -0.425197 -0.905512 0 
vn -0.425197 -0.905512 0 
vn -0.362205 -0.929134 0 
vn -0.0866142 -1 0 
vn -0.0866142 -1 0 
vn 0.338583 -0.944882 0 
vn -0.425197 -0.905512 0 
vn -0.165354 -0.984252 0 
vn -0.165354 -0.984252 0 
vn -0.165354 -0.984252 0 
vn -0.267717 -0.96063 0 
vn -0.267717 -0.96063 0 
vn -0.267717 -0.96063 0 
vn -0.464567 -0.88189 0 
vn -0.464567 -0.88189 0 
vn -0.464567 -0.88189 0 
vn -0.267717 -0.96063 0 
vn 0.401575 -0.913386 0 
vn 0.401575 -0.913386 0 
vn 0.401575 -0.913386 0 
vn -0.165354 -0.984252 0 
vn -0.582677 -0.811024 0 
vn -0.464567 -0.88189 0 
vn 0.401575 -0.913386 0 
vn 0 0 -1 
vn 0 0 -1 
vn 0 0 -1 
vn 0 0 -1 
vn 0 0 -1 
vn 0 0 -1 
vn 0 0 -1 
vn 0 0 -1 
vn 0 0 -1 
vn 0 0 -1 
vn 0 0 -1 
vn 0 0 -1 
vn 0 0 -1 
vn 0 0 -1 
vn 0 0 -1 
vn 0 0 -1 
vn 0 0 -1 
vn 0 0 -1 
vn 0 0 -1 
vn 0 0 -1 
vn 0 0 -1 
vn 0 0 -1 
vn 0 0 -1 
vn 0 0 -1 
vn 0 0 -1 
vn 0 0 -1 
vn 0 0 -1 
vn 0 0 -1 
vn 0 0 -1 
vn 0 0 -1 
vn 0 0 -1 
vn 0 0 -1 
vn 0 0 -1 
vn 0 0 -1 
vn 0 0 -1 
vn 0 0 -1 
vn 0 0 -1 
vn 0 0 -1 
vn 0 0 -1 
vn 0 0 -1 
vn 0 0 -1 
vn 0 0 -1 
vn 0 0 -1 
vn 0 0 -1 
vn 0 0 -1 
vn 0 0 -1 
vn 0 0 -1 
vn 0 0 -1 
vn 0 0 -1 
vn 0 0 -1 
vn 0 0 -1 
vn 0 0 -1 
vn 0 0 -1 
vn 0 0 -1 
vn 0 0 -1 
vn 0 0 -1 
vn 0 0 -1 
vn 0 0 -1 
vn 0 0 -1 
vn 0 0 -1 
vn 0 0 -1 
vn 0 0 -1 
vn 0 0 -1 
vn 0 0 -1 
vn 0 0 -1 
vn 0 0 -1 
vn 0 0 -1 
vn 0 0 -1 
vn 0 0 -1 
vn 0 0 -1 
vn 0 0 -1 
vn 0 0 -1 
vn 0 0 -1 
vn 0 0 -1 
vn 0 0 -1 
vn 0 0 -1 

vt 58.0076 -7.05088 
vt 57.9924 -7.0873 
vt 58.0076 -7.0873 
vt 58.0076 -7.01637 
vt 57.9924 -7.05004 
vt 58.0076 -7.05004 
vt 58.0152 -7.1358 
vt 57.9848 -7.1358 
vt 58.0152 -7.1627 
vt 58.0132 -7.05985 
vt 57.9868 -7.05985 
vt 58.0132 -7.09401 
vt 58.0056 -7.13457 
vt 58.0056 -7.09641 
vt 57.9944 -7.09641 
vt 57.9848 -7.1627 
vt 57.9924 -7.05088 
vt 57.9868 -7.09401 
vt 57.9944 -7.13457 
vt 58.0104 -7.01363 
vt 57.9896 -7.04515 
vt 58.0104 -7.04515 
vt 58.0056 -6.83103 
vt 57.9944 -6.9518 
vt 58.0056 -6.9518 
vt 57.9913 -6.82412 
vt 58.0087 -6.88586 
vt 58.0087 -6.82412 
vt 57.9861 -6.87327 
vt 58.0139 -6.93544 
vt 58.0139 -6.87327 
vt 58.0193 -6.96222 
vt 57.9807 -6.9996 
vt 58.0193 -6.9996 
vt 57.9944 -6.83103 
vt 57.9861 -6.93544 
vt 57.9913 -6.88586 
vt 57.9924 -7.01637 
vt 57.9896 -7.01363 
vt 57.9807 -6.96222 
vt 58.022 -7.13519 
vt 57.978 -7.13519 
vt 58.022 -7.17194 
vt 58.0104 -7.15089 
vt 58.0104 -7.10135 
vt 57.9896 -7.10135 
vt 58.0245 -7.11733 
vt 57.9755 -7.11733 
vt 58.0245 -7.1568 
vt 58.0268 -7.09221 
vt 57.9732 -7.15813 
vt 58.0268 -7.15813 
vt 57.9896 -7.15089 
vt 57.978 -7.17194 
vt 57.9865 -7.09867 
vt 57.9865 -7.14194 
vt 58.0135 -7.14194 
vt 57.9755 -7.1568 
vt 57.9732 -7.09221 
vt 58.0135 -7.09867 
vt 58.0157 -7.05816 
vt 57.9843 -7.05816 
vt 58.0157 -7.10918 
vt 58.0143 -7.02571 
vt 57.9857 -7.02571 
vt 58.0143 -7.07265 
vt 58.0253 -7.00801 
vt 57.9747 -7.05396 
vt 58.0253 -7.05396 
vt 58.0298 -7.00434 
vt 57.9702 -7.08671 
vt 58.0298 -7.08671 
vt 57.9857 -7.07265 
vt 57.9843 -7.10918 
vt 57.9747 -7.00801 
vt 57.9702 -7.00434 
vt 58.1257 -7.00563 
vt 57.9792 -6.99437 
vt 57.9792 -7.00563 
vt 58.1593 -7.00759 
vt 57.996 -6.99241 
vt 57.996 -7.00759 
vt 58.0934 -7.01319 
vt 57.9742 -6.98681 
vt 57.9742 -7.01319 
vt 58.04 -7.01523 
vt 57.9858 -6.98477 
vt 57.9858 -7.01523 
vt 58.1257 -6.99437 
vt 58.0934 -6.98681 
vt 58.1593 -6.99241 
vt 57.9623 -6.98959 
vt 58.0738 -7.01041 
vt 58.0738 -6.98959 
vt 58.04 -6.98477 
vt 58.1403 -7.00759 
vt 57.992 -6.99241 
vt 57.992 -7.00759 
vt 58.0958 -6.98608 
vt 58.0633 -7.01392 
vt 58.0958 -7.01392 
vt 58.1185 -6.99135 
vt 58.0864 -7.00865 
vt 58.1185 -7.00865 
vt 58.0922 -7.01041 
vt 57.98 -6.98959 
vt 57.98 -7.01041 
vt 58.0253 -6.98073 
vt 57.9706 -7.01927 
vt 58.0253 -7.01927 
vt 58.1403 -6.99241 
vt 58.0864 -6.99135 
vt 58.0633 -6.98608 
vt 58.0922 -6.98959 
vt 57.9623 -7.01041 
vt 58.0007 -7.02201 
vt 57.9225 -6.97799 
vt 57.9225 -7.02201 
vt 58.0261 -7.01353 
vt 57.903 -6.98647 
vt 57.903 -7.01353 
vt 57.9418 -6.97552 
vt 57.8885 -7.02448 
vt 57.9418 -7.02448 
vt 57.8911 -6.97317 
vt 57.8424 -7.02683 
vt 57.8911 -7.02683 
vt 58.0261 -6.98647 
vt 58.0007 -6.97799 
vt 57.8885 -6.97552 
vt 57.8424 -6.97317 
vt 58.0436 -7.01573 
vt 57.9014 -6.98427 
vt 57.9014 -7.01573 
vt 57.904 -6.98568 
vt 58.0311 -7.01432 
vt 58.0311 -6.98568 
vt 57.9849 -6.97466 
vt 57.8778 -7.02534 
vt 57.9849 -7.02534 
vt 57.904 -7.01432 
vt 57.9316 -6.97017 
vt 57.8771 -7.02983 
vt 57.9316 -7.02983 
vt 58.0436 -6.98427 
vt 57.9706 -6.98073 
vt 57.8778 -6.97466 
vt 57.8771 -6.97017 
vt 58.0208 -7.09641 
vt 57.8743 -7.05263 
vt 57.9096 -7.11307 
vt 58.004 -7.05088 
vt 57.8663 -7.03592 
vt 57.9898 -7.0873 
vt 58.008 -7.01637 
vt 57.8746 -6.97948 
vt 57.9882 -7.05004 
vt 58.0123 -7.13457 
vt 57.8407 -6.97083 
vt 58.0007 -7.1627 
vt 57.96 -7.10985 
vt 57.9464 -7.13675 
vt 58.0258 -7.05985 
vt 57.9066 -6.98508 
vt 57.9231 -7.05307 
vt 58.0377 -7.10135 
vt 57.9262 -7.06005 
vt 57.9468 -7.12105 
vt 58.0068 -7.09401 
vt 58.02 -7.01363 
vt 57.9068 -6.97777 
vt 57.9951 -7.04515 
vt 57.8597 -6.91111 
vt 57.9634 -6.9518 
vt 57.8697 -6.83103 
vt 57.8633 -6.90072 
vt 57.9136 -6.82412 
vt 57.9061 -6.89796 
vt 57.9382 -6.88586 
vt 57.9344 -6.97792 
vt 57.8815 -6.83622 
vt 57.9078 -6.91339 
vt 57.9527 -6.9599 
vt 57.9367 -6.87327 
vt 57.9042 -6.89773 
vt 57.9853 -6.93544 
vt 58.0294 -6.96222 
vt 57.9747 -6.9233 
vt 57.9483 -6.96068 
vt 58.0142 -7.1358 
vt 58.0775 -7.13519 
vt 57.9993 -7.12839 
vt 57.9964 -7.16514 
vt 58.0233 -7.15089 
vt 58.097 -7.09867 
vt 57.9739 -7.09252 
vt 58.0111 -7.13351 
vt 58.1069 -7.14194 
vt 58.0746 -7.17194 
vt 58.1254 -7.1568 
vt 58.0582 -7.13641 
vt 58.0721 -7.17588 
vt 58.1115 -7.11733 
vt 58.0787 -7.13548 
vt 58.1576 -7.09221 
vt 58.1089 -7.06956 
vt 58.1273 -7.15813 
vt 58.0986 -7.05816 
vt 57.996 -7.09098 
vt 58.1062 -7.10918 
vt 57.9564 -7.04018 
vt 58.003 -6.9996 
vt 58.096 -7.02571 
vt 57.9689 -6.99608 
vt 58 -7.0458 
vt 58.0982 -7.07265 
vt 57.9937 -6.9975 
vt 58.1008 -7.05396 
vt 58.1222 -7.00801 
vt 58.0151 -6.95155 
vt 58.0684 -7.02846 
vt 58.1048 -7.11084 
vt 58.1593 -7.08671 
vt 58.1229 -7.00434 
vt 57.9944 -7.11307 
vt 58.0056 -7.05263 
vt 57.9944 -7.05263 
vt 57.9924 -7.03592 
vt 58.0076 -6.97083 
vt 57.9924 -6.97083 
vt 58.0104 -6.97777 
vt 57.9896 -6.91339 
vt 57.9896 -6.97777 
vt 58.0104 -7.12105 
vt 57.9896 -7.06005 
vt 57.9896 -7.12105 
vt 58.0132 -7.05307 
vt 57.9868 -6.98508 
vt 57.9868 -7.05307 
vt 58.0056 -7.11307 
vt 58.0076 -7.03592 
vt 58.0076 -6.91111 
vt 57.9924 -6.97948 
vt 58.0076 -6.97948 
vt 58.0132 -6.98508 
vt 58.0104 -7.06005 
vt 58.0056 -6.90072 
vt 57.9944 -6.97792 
vt 58.0056 -6.97792 
vt 57.9924 -6.91111 
vt 57.9944 -6.90072 
vt 58.0087 -6.89796 
vt 57.9913 -6.83622 
vt 57.9913 -6.89796 
vt 58.0139 -6.9599 
vt 57.9861 -6.89773 
vt 57.9861 -6.9599 
vt 57.9944 -6.90072 
vt 58.0056 -6.83103 
vt 57.9944 -6.83103 
vt 58.0056 -6.90072 
vt 58.0087 -6.83622 
vt 58.0104 -6.91339 
vt 58.0139 -6.89773 
vt 58.0152 -7.10985 
vt 57.9848 -7.13675 
vt 58.0152 -7.13675 
vt 57.978 -7.16514 
vt 58.022 -7.12839 
vt 57.978 -7.12839 
vt 57.9848 -7.10985 
vt 57.9755 -7.17588 
vt 58.0245 -7.13641 
vt 57.9755 -7.13641 
vt 57.9732 -7.13548 
vt 58.0268 -7.06956 
vt 57.9732 -7.06956 
vt 58.0135 -7.13351 
vt 57.9865 -7.09252 
vt 57.9865 -7.13351 
vt 58.022 -7.16514 
vt 58.0135 -7.09252 
vt 58.0245 -7.17588 
vt 58.0268 -7.13548 
vt 58.0298 -7.11084 
vt 57.9702 -7.02846 
vt 57.9702 -7.11084 
vt 58.0157 -7.09098 
vt 57.9843 -7.04018 
vt 57.9843 -7.09098 
vt 58.0193 -6.96068 
vt 57.9807 -6.9233 
vt 57.9807 -6.96068 
vt 58.0143 -7.0458 
vt 57.9857 -6.99608 
vt 57.9857 -7.0458 
vt 58.0253 -6.9975 
vt 57.9747 -6.95155 
vt 57.9747 -6.9975 
vt 58.0143 -6.99608 
vt 58.0157 -7.04018 
vt 58.0193 -6.9233 
vt 58.0253 -6.95155 
vt 58.0298 -7.02846 
vt 58.0068 -7.01319 
vt 57.9231 -6.98681 
vt 57.9231 -7.01319 
vt 57.9898 -7.00759 
vt 57.8663 -6.99241 
vt 57.8663 -7.00759 
vt 58.0007 -7.01523 
vt 57.9464 -6.98477 
vt 57.9464 -7.01523 
vt 58.0233 -7.01041 
vt 57.9468 -6.98959 
vt 57.9468 -7.01041 
vt 57.9096 -7.00563 
vt 58.0123 -7.00563 
vt 58.0123 -6.99437 
vt 57.9096 -6.99437 
vt 57.9898 -6.99241 
vt 57.8746 -6.99241 
vt 57.9882 -7.00759 
vt 57.9882 -6.99241 
vt 58.0068 -6.98681 
vt 57.9068 -6.98959 
vt 57.9951 -7.01041 
vt 57.9951 -6.98959 
vt 57.9068 -7.01041 
vt 57.9382 -7.00865 
vt 57.9061 -6.99135 
vt 57.9061 -7.00865 
vt 57.9853 -7.01392 
vt 57.9527 -6.98608 
vt 57.9527 -7.01392 
vt 58.003 -7.01927 
vt 57.9483 -6.98073 
vt 57.9483 -7.01927 
vt 57.8746 -7.00759 
vt 57.9344 -7.00563 
vt 57.9634 -6.99437 
vt 57.9344 -6.99437 
vt 57.9382 -6.99135 
vt 57.9634 -7.00563 
vt 57.9853 -6.98608 
vt 58.0007 -6.98477 
vt 58.0746 -7.02201 
vt 57.9964 -6.97799 
vt 57.9964 -7.02201 
vt 58.0111 -7.01353 
vt 58.1069 -7.01353 
vt 58.1069 -6.98647 
vt 58.1254 -7.02448 
vt 58.0721 -6.97552 
vt 58.0721 -7.02448 
vt 58.1273 -7.02683 
vt 58.0787 -6.97317 
vt 58.0787 -7.02683 
vt 58.0233 -6.98959 
vt 58.0746 -6.97799 
vt 58.0111 -6.98647 
vt 58.1254 -6.97552 
vt 58.1273 -6.97317 
vt 58.1062 -6.98427 
vt 57.996 -7.01573 
vt 58.1062 -7.01573 
vt 58.0982 -7.01432 
vt 58 -6.98568 
vt 58 -7.01432 
vt 58.1008 -7.02534 
vt 57.9937 -6.97466 
vt 57.9937 -7.02534 
vt 58.0982 -6.98568 
vt 58.1593 -7.02983 
vt 58.1048 -6.97017 
vt 58.1048 -7.02983 
vt 57.996 -6.98427 
vt 58.003 -6.98073 
vt 58.1008 -6.97466 
vt 58.1593 -6.97017 
vt 58.04 -7.10985 
vt 57.9993 -7.1627 
vt 58.0536 -7.13675 
vt 57.9742 -7.05985 
vt 58.0769 -7.05307 
vt 58.0934 -6.98508 
vt 57.9623 -7.10135 
vt 58.0532 -7.12105 
vt 58.0738 -7.06005 
vt 57.9932 -7.09401 
vt 58.1337 -7.03592 
vt 57.996 -7.05088 
vt 58.0102 -7.0873 
vt 57.9792 -7.09641 
vt 58.0904 -7.11307 
vt 58.1257 -7.05263 
vt 58.1593 -6.97083 
vt 58.1254 -6.97948 
vt 57.992 -7.01637 
vt 58.0118 -7.05004 
vt 57.9877 -7.13457 
vt 58.0932 -6.97777 
vt 57.98 -7.01363 
vt 58.0049 -7.04515 
vt 58.0922 -6.91339 
vt 58.0473 -6.9599 
vt 58.0958 -6.89773 
vt 58.0633 -6.87327 
vt 58.0147 -6.93544 
vt 57.9706 -6.96222 
vt 58.0517 -6.96068 
vt 58.0253 -6.9233 
vt 58.0939 -6.89796 
vt 58.0864 -6.82412 
vt 58.0618 -6.88586 
vt 58.0366 -6.9518 
vt 58.1367 -6.90072 
vt 58.1303 -6.83103 
vt 58.1185 -6.83622 
vt 58.1403 -6.91111 
vt 58.0656 -6.97792 
vt 57.9858 -7.1358 
vt 57.9418 -7.13641 
vt 57.8746 -7.1568 
vt 57.9279 -7.17588 
vt 57.8885 -7.11733 
vt 57.8424 -7.09221 
vt 57.9213 -7.13548 
vt 57.8911 -7.06956 
vt 57.8727 -7.15813 
vt 57.9225 -7.13519 
vt 58.0036 -7.16514 
vt 58.0007 -7.12839 
vt 57.9767 -7.15089 
vt 57.903 -7.09867 
vt 57.9889 -7.13351 
vt 58.0261 -7.09252 
vt 57.9254 -7.17194 
vt 57.8931 -7.14194 
vt 58.004 -7.09098 
vt 57.9014 -7.05816 
vt 57.8938 -7.10918 
vt 58.0063 -6.9975 
vt 57.8778 -7.00801 
vt 57.8992 -7.05396 
vt 57.9849 -6.95155 
vt 57.9316 -7.02846 
vt 57.8407 -7.08671 
vt 57.8952 -7.11084 
vt 57.8771 -7.00434 
vt 57.997 -6.9996 
vt 58.0436 -7.04018 
vt 57.904 -7.02571 
vt 58 -7.0458 
vt 58.0311 -6.99608 
vt 57.9018 -7.07265 

usemtl Cube0091Mtl

f 324/324/324 325/325/325 326/326/326 
f 325/325/325 324/324/324 333/333/333 
f 344/344/344 345/345/345 346/346/346 
f 345/345/345 344/344/344 350/350/350 
f 338/338/338 339/339/339 340/340/340 
f 339/339/339 347/347/347 340/340/340 
f 335/335/335 336/336/336 337/337/337 
f 336/336/336 348/348/348 337/337/337 
f 341/341/341 342/342/342 343/343/343 
f 342/342/342 341/341/341 349/349/349 
f 321/321/321 322/322/322 323/323/323 
f 322/322/322 332/332/332 323/323/323 
f 329/329/329 330/330/330 331/331/331 
f 334/334/334 329/329/329 331/331/331 
f 315/315/315 316/316/316 317/317/317 
f 316/316/316 328/328/328 317/317/317 
f 303/303/303 304/304/304 305/305/305 
f 304/304/304 303/303/303 310/310/310 
f 281/281/281 282/282/282 283/283/283 
f 282/282/282 290/290/290 283/283/283 
f 318/318/318 319/319/319 320/320/320 
f 320/320/320 327/327/327 318/318/318 
f 297/297/297 298/298/298 299/299/299 
f 298/298/298 297/297/297 309/309/309 
f 284/284/284 285/285/285 286/286/286 
f 285/285/285 292/292/292 286/286/286 
f 287/287/287 288/288/288 289/289/289 
f 289/289/289 293/293/293 287/287/287 
f 300/300/300 301/301/301 302/302/302 
f 301/301/301 300/300/300 311/311/311 
f 275/275/275 276/276/276 277/277/277 
f 276/276/276 275/275/275 291/291/291 
f 294/294/294 295/295/295 296/296/296 
f 295/295/295 294/294/294 313/313/313 
f 278/278/278 279/279/279 280/280/280 
f 279/279/279 278/278/278 312/312/312 
f 306/306/306 307/307/307 308/308/308 
f 307/307/307 306/306/306 314/314/314 
f 376/376/376 377/377/377 378/378/378 
f 376/376/376 386/386/386 377/377/377 
f 373/373/373 374/374/374 375/375/375 
f 387/387/387 374/374/374 373/373/373 
f 412/412/412 413/413/413 414/414/414 
f 412/412/412 421/421/421 413/413/413 
f 382/382/382 383/383/383 384/384/384 
f 382/382/382 420/420/420 383/383/383 
f 379/379/379 380/380/380 381/381/381 
f 380/380/380 379/379/379 388/388/388 
f 409/409/409 410/410/410 411/411/411 
f 410/410/410 409/409/409 415/415/415 
f 370/370/370 371/371/371 372/372/372 
f 371/371/371 370/370/370 385/385/385 
f 399/399/399 400/400/400 401/401/401 
f 405/405/405 400/400/400 399/399/399 
f 357/357/357 358/358/358 359/359/359 
f 358/358/358 357/357/357 364/364/364 
f 406/406/406 407/407/407 408/408/408 
f 407/407/407 406/406/406 419/419/419 
f 354/354/354 355/355/355 356/356/356 
f 355/355/355 354/354/354 365/365/365 
f 416/416/416 417/417/417 418/418/418 
f 422/422/422 417/417/417 416/416/416 
f 366/366/366 367/367/367 368/368/368 
f 367/367/367 366/366/366 389/389/389 
f 351/351/351 352/352/352 353/353/353 
f 352/352/352 351/351/351 363/363/363 
f 393/393/393 394/394/394 395/395/395 
f 394/394/394 393/393/393 402/402/402 
f 360/360/360 361/361/361 362/362/362 
f 361/361/361 360/360/360 369/369/369 
f 390/390/390 391/391/391 392/392/392 
f 391/391/391 390/390/390 403/403/403 
f 396/396/396 397/397/397 398/398/398 
f 404/404/404 397/397/397 396/396/396 
f 495/495/495 496/496/496 497/497/497 
f 495/495/495 497/497/497 498/498/498 
f 478/478/478 479/479/479 480/480/480 
f 479/479/479 478/478/478 481/481/481 
f 491/491/491 492/492/492 493/493/493 
f 493/493/493 494/494/494 491/491/491 
f 474/474/474 475/475/475 476/476/476 
f 475/475/475 474/474/474 477/477/477 
f 465/465/465 466/466/466 467/467/467 
f 465/465/465 467/467/467 473/473/473 
f 461/461/461 462/462/462 463/463/463 
f 463/463/463 486/486/486 461/461/461 
f 482/482/482 483/483/483 484/484/484 
f 482/482/482 485/485/485 483/483/483 
f 434/434/434 435/435/435 436/436/436 
f 435/435/435 434/434/434 464/464/464 
f 487/487/487 488/488/488 489/489/489 
f 487/487/487 489/489/489 490/490/490 
f 457/457/457 458/458/458 459/459/459 
f 458/458/458 457/457/457 460/460/460 
f 469/469/469 470/470/470 471/471/471 
f 471/471/471 472/472/472 469/469/469 
f 437/437/437 438/438/438 439/439/439 
f 437/437/437 439/439/439 443/443/443 
f 440/440/440 441/441/441 442/442/442 
f 440/440/440 442/442/442 468/468/468 
f 444/444/444 445/445/445 446/446/446 
f 444/444/444 456/456/456 445/445/445 
f 451/451/451 452/452/452 453/453/453 
f 452/452/452 451/451/451 455/455/455 
f 426/426/426 427/427/427 428/428/428 
f 426/426/426 433/433/433 427/427/427 
f 429/429/429 430/430/430 431/431/431 
f 429/429/429 447/447/447 430/430/430 
f 423/423/423 424/424/424 425/425/425 
f 423/423/423 425/425/425 432/432/432 
f 448/448/448 449/449/449 450/450/450 
f 448/448/448 450/450/450 454/454/454 
f 532/532/532 533/533/533 534/534/534 
f 533/533/533 532/532/532 535/535/535 
f 502/502/502 503/503/503 504/504/504 
f 503/503/503 502/502/502 515/515/515 
f 499/499/499 500/500/500 501/501/501 
f 500/500/500 499/499/499 514/514/514 
f 516/516/516 517/517/517 518/518/518 
f 517/517/517 516/516/516 524/524/524 
f 505/505/505 506/506/506 507/507/507 
f 506/506/506 505/505/505 537/537/537 
f 508/508/508 509/509/509 510/510/510 
f 509/509/509 508/508/508 520/520/520 
f 565/565/565 566/566/566 567/567/567 
f 566/566/566 565/565/565 576/576/576 
f 511/511/511 512/512/512 513/513/513 
f 512/512/512 511/511/511 519/519/519 
f 552/552/552 553/553/553 554/554/554 
f 553/553/553 552/552/552 556/556/556 
f 562/562/562 563/563/563 564/564/564 
f 563/563/563 562/562/562 575/575/575 
f 526/526/526 527/527/527 528/528/528 
f 527/527/527 526/526/526 536/536/536 
f 521/521/521 522/522/522 523/523/523 
f 522/522/522 521/521/521 525/525/525 
f 568/568/568 569/569/569 570/570/570 
f 569/569/569 568/568/568 574/574/574 
f 571/571/571 572/572/572 573/573/573 
f 572/572/572 571/571/571 577/577/577 
f 529/529/529 530/530/530 531/531/531 
f 530/530/530 529/529/529 538/538/538 
f 539/539/539 540/540/540 541/541/541 
f 540/540/540 539/539/539 545/545/545 
f 542/542/542 543/543/543 544/544/544 
f 543/543/543 542/542/542 555/555/555 
f 546/546/546 547/547/547 548/548/548 
f 547/547/547 546/546/546 557/557/557 
f 559/559/559 560/560/560 561/561/561 
f 560/560/560 559/559/559 578/578/578 
f 549/549/549 550/550/550 551/551/551 
f 550/550/550 549/549/549 558/558/558 
f 627/627/627 628/628/628 629/629/629 
f 628/628/628 627/627/627 636/636/636 
f 621/621/621 622/622/622 623/623/623 
f 622/622/622 621/621/621 634/634/634 
f 585/585/585 586/586/586 587/587/587 
f 586/586/586 585/585/585 620/620/620 
f 648/648/648 649/649/649 650/650/650 
f 649/649/649 648/648/648 654/654/654 
f 588/588/588 589/589/589 590/590/590 
f 589/589/589 588/588/588 633/633/633 
f 624/624/624 625/625/625 626/626/626 
f 624/624/624 626/626/626 635/635/635 
f 591/591/591 592/592/592 593/593/593 
f 591/591/591 593/593/593 594/594/594 
f 630/630/630 631/631/631 632/632/632 
f 631/631/631 630/630/630 637/637/637 
f 638/638/638 639/639/639 640/640/640 
f 639/639/639 638/638/638 651/651/651 
f 582/582/582 583/583/583 584/584/584 
f 583/583/583 582/582/582 595/595/595 
f 579/579/579 580/580/580 581/581/581 
f 580/580/580 579/579/579 599/599/599 
f 596/596/596 597/597/597 598/598/598 
f 597/597/597 596/596/596 613/613/613 
f 600/600/600 601/601/601 602/602/602 
f 601/601/601 600/600/600 603/603/603 
f 641/641/641 642/642/642 643/643/643 
f 642/642/642 641/641/641 647/647/647 
f 610/610/610 611/611/611 612/612/612 
f 611/611/611 610/610/610 652/652/652 
f 644/644/644 645/645/645 646/646/646 
f 645/645/645 644/644/644 653/653/653 
f 614/614/614 615/615/615 616/616/616 
f 614/614/614 618/618/618 615/615/615 
f 607/607/607 608/608/608 609/609/609 
f 608/608/608 607/607/607 619/619/619 
f 604/604/604 605/605/605 606/606/606 
f 605/605/605 604/604/604 617/617/617 
f 721/721/721 722/722/722 723/723/723 
f 722/722/722 721/721/721 724/724/724 
f 701/701/701 702/702/702 703/703/703 
f 701/701/701 704/704/704 702/702/702 
f 717/717/717 718/718/718 719/719/719 
f 718/718/718 717/717/717 720/720/720 
f 697/697/697 698/698/698 699/699/699 
f 697/697/697 700/700/700 698/698/698 
f 705/705/705 706/706/706 707/707/707 
f 706/706/706 705/705/705 712/712/712 
f 684/684/684 685/685/685 686/686/686 
f 685/685/685 684/684/684 725/725/725 
f 714/714/714 715/715/715 716/716/716 
f 715/715/715 714/714/714 726/726/726 
f 655/655/655 656/656/656 657/657/657 
f 656/656/656 655/655/655 696/696/696 
f 727/727/727 728/728/728 729/729/729 
f 728/728/728 727/727/727 730/730/730 
f 680/680/680 681/681/681 682/682/682 
f 680/680/680 682/682/682 683/683/683 
f 709/709/709 710/710/710 711/711/711 
f 710/710/710 709/709/709 713/713/713 
f 658/658/658 659/659/659 660/660/660 
f 659/659/659 658/658/658 664/664/664 
f 661/661/661 662/662/662 663/663/663 
f 662/662/662 661/661/661 708/708/708 
f 676/676/676 677/677/677 678/678/678 
f 677/677/677 676/676/676 679/679/679 
f 687/687/687 688/688/688 689/689/689 
f 688/688/688 687/687/687 693/693/693 
f 665/665/665 666/666/666 667/667/667 
f 666/666/666 665/665/665 671/671/671 
f 672/672/672 673/673/673 674/674/674 
f 673/673/673 672/672/672 694/694/694 
f 668/668/668 669/669/669 670/670/670 
f 669/669/669 668/668/668 675/675/675 
f 690/690/690 691/691/691 692/692/692 
f 691/691/691 690/690/690 695/695/695 

g Cube0011

v 2.17141 4.09336 1.36183 
v 2.06024 3.77759 0.97017 
v 2.17141 4.09336 0.97017 
v 1.76557 4.62816 1.38066 
v 2.00764 4.10074 0.951344 
v 1.76557 4.62816 0.951344 
v 2.84618 4.44443 1.05777 
v 2.54812 4.11654 1.27423 
v 2.54812 4.11654 1.05777 
v 2.64262 4.15748 1.34206 
v 2.66599 3.86351 0.989942 
v 2.64262 4.15748 0.989942 
v 2.95726 4.3058 1.28786 
v 3.06567 4.09061 1.04414 
v 2.95726 4.3058 1.04414 
v 2.84618 4.44443 1.27423 
v 2.06024 3.77759 1.36183 
v 2.00764 4.10074 1.38066 
v 2.66599 3.86351 1.34206 
v 3.06567 4.09061 1.28786 
v 2.09013 4.95689 0.927383 
v 1.79874 4.29793 1.40462 
v 1.79874 4.29793 0.927383 
v 2.88559 5.21595 1.05144 
v 2.63699 4.81819 1.28056 
v 2.63699 4.81819 1.05144 
v 2.51646 5.57221 0.963317 
v 2.68731 5.20461 1.36868 
v 2.68731 5.20461 0.963317 
v 2.9859 4.86315 1.04018 
v 2.66926 4.4568 1.29182 
v 2.66926 4.4568 1.04018 
v 2.83943 5.79824 1.01183 
v 3.05044 5.49921 1.32017 
v 3.05044 5.49921 1.01183 
v 2.88559 5.21595 1.28056 
v 2.09013 4.95689 1.40462 
v 2.51646 5.57221 1.36868 
v 2.9859 4.86315 1.29182 
v 2.83943 5.79824 1.32017 
v 3.22754 4.70418 1.0827 
v 3.06246 4.21619 1.2493 
v 3.06246 4.21619 1.0827 
v 3.38462 5.30394 1.06049 
v 3.25182 4.76008 1.27151 
v 3.25182 4.76008 1.06049 
v 3.37453 5.87752 1.0827 
v 3.3829 5.36244 1.2493 
v 3.3829 5.36244 1.0827 
v 3.64236 4.76357 1.21101 
v 3.36016 4.28005 1.12099 
v 3.64236 4.76357 1.12099 
v 3.91176 5.41799 1.22674 
v 3.70626 4.89724 1.10527 
v 3.91176 5.41799 1.10527 
v 3.36016 4.28005 1.21101 
v 3.22754 4.70418 1.2493 
v 3.38462 5.30394 1.27151 
v 3.64039 5.34873 1.10527 
v 3.75953 5.89575 1.22674 
v 3.64039 5.34873 1.22673 
v 3.70626 4.89724 1.22673 
v 3.16196 5.36122 1.12099 
v 3.73078 5.97889 1.21101 
v 3.16196 5.36122 1.21101 
v 3.40367 6.00275 1.05465 
v 3.01527 5.5054 1.27735 
v 3.01527 5.5054 1.05465 
v 3.58514 6.49487 1.09678 
v 3.38848 6.00096 1.23522 
v 3.38848 6.00096 1.09678 
v 3.73078 5.97889 1.12099 
v 3.75953 5.89575 1.10527 
v 3.67935 6.53636 1.21101 
v 3.73078 5.97889 1.12099 
v 3.67935 6.53636 1.12099 
v 3.37453 5.87752 1.2493 
v 3.40367 6.00275 1.27735 
v 3.58514 6.49487 1.23522 
v 3.73078 5.97889 1.21101 
v 2.17141 4.09336 1.36183 
v 2.17141 4.09336 0.97017 
v 1.74538 4.24598 0.97017 
v 1.76557 4.62816 1.38066 
v 1.76557 4.62816 0.951344 
v 1.3764 4.44696 0.951344 
v 1.86127 4.39525 1.27423 
v 2.84618 4.44443 1.05777 
v 1.86127 4.39526 1.05777 
v 2.01698 4.10309 1.34206 
v 2.64262 4.15748 0.989942 
v 2.01698 4.10309 0.989942 
v 2.33546 4.37385 1.2493 
v 3.22754 4.70418 1.0827 
v 2.33546 4.37385 1.0827 
v 1.74538 4.24598 1.36183 
v 1.3764 4.44696 1.38066 
v 2.64262 4.15748 1.34206 
v 2.84618 4.44443 1.27423 
v 1.84851 4.71937 1.29182 
v 2.9859 4.86315 1.04018 
v 1.84851 4.71937 1.04018 
v 2.09013 4.95689 1.40462 
v 2.09013 4.95689 0.927383 
v 1.65366 5.1499 0.927383 
v 1.869 4.97891 1.28056 
v 2.88559 5.21595 1.05144 
v 1.869 4.97891 1.05144 
v 1.65953 5.12056 0.963317 
v 2.51646 5.57221 1.36868 
v 2.51646 5.57221 0.963317 
v 2.88559 5.21595 1.28056 
v 2.9859 4.86315 1.29182 
v 1.65366 5.1499 1.40462 
v 1.65953 5.12056 1.36868 
v 2.83943 5.79824 1.32017 
v 2.40162 5.48682 1.01183 
v 2.40162 5.48682 1.32017 
v 2.52312 4.09818 1.28786 
v 2.95726 4.3058 1.04414 
v 2.52312 4.09818 1.04414 
v 2.47056 4.41331 1.21101 
v 3.64236 4.76357 1.12099 
v 2.47056 4.41331 1.12099 
v 2.43087 4.70584 1.27151 
v 3.38462 5.30394 1.06049 
v 2.43087 4.70584 1.06049 
v 2.60503 4.7776 1.22673 
v 3.91176 5.41799 1.10527 
v 2.60503 4.7776 1.10526 
v 3.64236 4.76357 1.21101 
v 3.91176 5.41799 1.22674 
v 2.95726 4.3058 1.28786 
v 3.22754 4.70418 1.2493 
v 3.38462 5.30394 1.27151 
v 2.5727 5.05367 1.22673 
v 3.75953 5.89575 1.10527 
v 2.5727 5.05367 1.10527 
v 2.47703 5.07559 1.2493 
v 3.37453 5.87752 1.0827 
v 2.47703 5.07559 1.0827 
v 2.83943 5.79824 1.01183 
v 3.40367 6.00275 1.27735 
v 3.40367 6.00275 1.05465 
v 3.14323 6.19845 1.05465 
v 3.58514 6.49487 1.09678 
v 3.32832 6.59163 1.09678 
v 3.58514 6.49487 1.23522 
v 3.75953 5.89575 1.22674 
v 3.37453 5.87752 1.2493 
v 3.14323 6.19845 1.27735 
v 3.32832 6.59163 1.23522 
v 2.54812 4.11654 1.27423 
v 1.86127 4.39525 1.27423 
v 1.78198 4.04913 1.27423 
v 2.84618 4.44443 1.27423 
v 3.06246 4.21619 1.2493 
v 2.33546 4.37385 1.2493 
v 2.4509 3.97751 1.2493 
v 2.63153 3.88298 1.28786 
v 2.95726 4.3058 1.28786 
v 2.52312 4.09818 1.28786 
v 2.01698 4.10309 1.34206 
v 2.66599 3.86351 1.34206 
v 2.64262 4.15748 1.34206 
v 1.63421 3.93021 1.36183 
v 2.17141 4.09336 1.36183 
v 1.74538 4.24598 1.36183 
v 2.00764 4.10074 1.38066 
v 1.3764 4.44696 1.38066 
v 1.61847 3.91953 1.38066 
v 2.06024 3.77759 1.36183 
v 2.04034 3.80912 1.34206 
v 1.76557 4.62816 1.38066 
v 2.66926 4.4568 1.29182 
v 1.84851 4.71937 1.29182 
v 1.78709 4.31115 1.29182 
v 2.63699 4.81819 1.28056 
v 1.869 4.97891 1.28056 
v 1.85171 4.60343 1.28056 
v 2.88559 5.21595 1.28056 
v 2.9859 4.86315 1.29182 
v 3.05044 5.49921 1.32017 
v 2.40162 5.48682 1.32017 
v 2.61263 5.18779 1.32017 
v 2.09013 4.95689 1.40462 
v 1.36227 4.49093 1.40462 
v 1.79874 4.29793 1.40462 
v 1.65366 5.1499 1.40462 
v 1.83038 4.75296 1.36868 
v 2.68731 5.20461 1.36868 
v 1.65953 5.12056 1.36868 
v 2.51646 5.57221 1.36868 
v 2.5827 4.43254 1.27151 
v 3.25182 4.76008 1.27151 
v 2.43087 4.70584 1.27151 
v 3.36016 4.28005 1.21101 
v 2.47056 4.41331 1.21101 
v 2.53827 4.10809 1.21101 
v 2.73133 4.78426 1.22673 
v 3.64039 5.34873 1.22673 
v 2.5727 5.05367 1.22673 
v 2.71829 4.4862 1.22673 
v 3.70626 4.89724 1.22673 
v 2.60503 4.7776 1.22673 
v 3.64236 4.76357 1.21101 
v 3.91176 5.41799 1.22674 
v 3.22754 4.70418 1.2493 
v 2.67601 4.82345 1.2493 
v 3.3829 5.36244 1.2493 
v 2.47703 5.07559 1.2493 
v 3.06567 4.09061 1.28786 
v 3.38462 5.30394 1.27151 
v 3.75953 5.89575 1.22674 
v 3.16196 5.36122 1.21101 
v 3.73078 5.97889 1.21101 
v 2.92945 5.57022 1.21101 
v 3.38848 6.00096 1.23522 
v 3.32832 6.59163 1.23522 
v 3.13166 6.09772 1.23522 
v 3.58514 6.49487 1.23522 
v 3.67935 6.53636 1.21101 
v 3.37453 5.87752 1.2493 
v 2.83943 5.79824 1.32017 
v 3.01527 5.5054 1.27735 
v 3.14323 6.19845 1.27735 
v 2.75483 5.7011 1.27735 
v 3.40367 6.00275 1.27735 
v 1.61847 3.91953 1.38066 
v 1.3764 4.44696 0.951344 
v 1.61847 3.91953 0.951344 
v 1.74538 4.24598 0.97017 
v 1.63421 3.93021 0.97017 
v 1.74538 4.24598 1.36183 
v 2.01698 4.10309 0.989942 
v 2.04034 3.80912 0.989942 
v 2.01698 4.10309 1.34206 
v 2.33546 4.37385 1.0827 
v 2.4509 3.97751 1.0827 
v 2.33546 4.37385 1.2493 
v 2.4509 3.97751 1.2493 
v 1.63421 3.93021 1.36183 
v 1.3764 4.44696 1.38066 
v 1.86127 4.39525 1.27423 
v 1.78198 4.04913 1.05777 
v 1.78198 4.04913 1.27423 
v 2.04034 3.80912 1.34206 
v 1.86127 4.39526 1.05777 
v 1.36227 4.49093 1.40462 
v 1.65366 5.1499 0.927383 
v 1.36227 4.49093 0.927383 
v 1.83038 4.75296 1.36868 
v 1.65953 5.12056 0.963317 
v 1.83038 4.75296 0.963317 
v 1.84851 4.71937 1.04018 
v 1.78709 4.31115 1.04018 
v 1.84851 4.71937 1.29182 
v 1.869 4.97891 1.05144 
v 1.85171 4.60343 1.05144 
v 1.869 4.97891 1.28056 
v 1.85171 4.60343 1.28056 
v 1.65366 5.1499 1.40462 
v 1.65953 5.12056 1.36868 
v 1.78709 4.31115 1.29182 
v 2.40162 5.48682 1.01183 
v 2.61263 5.18779 1.32017 
v 2.40162 5.48682 1.32017 
v 2.43087 4.70584 1.06049 
v 2.5827 4.43254 1.06049 
v 2.43087 4.70584 1.27151 
v 2.52312 4.09818 1.04414 
v 2.63153 3.88298 1.04414 
v 2.52312 4.09818 1.28786 
v 2.67601 4.82345 1.2493 
v 2.47703 5.07559 1.0827 
v 2.67601 4.82345 1.0827 
v 2.73133 4.78426 1.22673 
v 2.5727 5.05367 1.10527 
v 2.73133 4.78426 1.10526 
v 2.71829 4.4862 1.22673 
v 2.60503 4.7776 1.10526 
v 2.71829 4.4862 1.10526 
v 2.47056 4.41331 1.12099 
v 2.53827 4.10809 1.12099 
v 2.47056 4.41331 1.21101 
v 2.53827 4.10809 1.21101 
v 2.5827 4.43254 1.27151 
v 2.63153 3.88298 1.28786 
v 2.60503 4.7776 1.22673 
v 2.5727 5.05367 1.22673 
v 2.61263 5.18779 1.01183 
v 3.14323 6.19845 1.05465 
v 2.75483 5.7011 1.05465 
v 3.14323 6.19845 1.27735 
v 2.92945 5.57022 1.21101 
v 3.67935 6.53636 1.12099 
v 2.92945 5.57022 1.12099 
v 3.32832 6.59163 1.09678 
v 3.13166 6.09772 1.09678 
v 3.32832 6.59163 1.23522 
v 3.67935 6.53636 1.21101 
v 2.47703 5.07559 1.2493 
v 2.75483 5.7011 1.27735 
v 3.13166 6.09772 1.23522 
v 2.06024 3.77759 1.36183 
v 1.63421 3.93021 0.97017 
v 2.06024 3.77759 0.97017 
v 2.00764 4.10074 1.38066 
v 1.61847 3.91953 0.951344 
v 2.00764 4.10074 0.951344 
v 1.78198 4.04913 1.05777 
v 2.54812 4.11654 1.05777 
v 1.78198 4.04913 1.27423 
v 2.66599 3.86351 1.34206 
v 2.04034 3.80912 0.989942 
v 2.66599 3.86351 0.989942 
v 2.4509 3.97751 1.0827 
v 3.06246 4.21619 1.2493 
v 2.4509 3.97751 1.2493 
v 1.63421 3.93021 1.36183 
v 1.61847 3.91953 1.38066 
v 2.04034 3.80912 1.34206 
v 2.63153 3.88298 1.04414 
v 3.06567 4.09061 1.28786 
v 2.63153 3.88298 1.28786 
v 2.54812 4.11654 1.27423 
v 1.78709 4.31115 1.04018 
v 2.66926 4.4568 1.04018 
v 1.78709 4.31115 1.29182 
v 1.79874 4.29793 1.40462 
v 1.36227 4.49093 0.927383 
v 1.79874 4.29793 0.927383 
v 2.63699 4.81819 1.28056 
v 1.85171 4.60343 1.05144 
v 2.63699 4.81819 1.05144 
v 2.68731 5.20461 1.36868 
v 1.83038 4.75296 0.963317 
v 2.68731 5.20461 0.963317 
v 1.85171 4.60343 1.28056 
v 1.36227 4.49093 1.40462 
v 1.83038 4.75296 1.36868 
v 2.66926 4.4568 1.29182 
v 2.61263 5.18779 1.01183 
v 3.05044 5.49921 1.32017 
v 2.61263 5.18779 1.32017 
v 2.5827 4.43254 1.06049 
v 3.25182 4.76008 1.27151 
v 2.5827 4.43254 1.27151 
v 3.06567 4.09061 1.04414 
v 3.06246 4.21619 1.0827 
v 3.25182 4.76008 1.06049 
v 3.70626 4.89724 1.22673 
v 2.71829 4.4862 1.10526 
v 3.70626 4.89724 1.10527 
v 2.53827 4.10809 1.12099 
v 3.36016 4.28005 1.12099 
v 2.53827 4.10809 1.21101 
v 2.73133 4.78426 1.10526 
v 3.64039 5.34873 1.22673 
v 2.73133 4.78426 1.22673 
v 2.67601 4.82345 1.0827 
v 3.3829 5.36244 1.2493 
v 2.67601 4.82345 1.2493 
v 2.71829 4.4862 1.22673 
v 3.36016 4.28005 1.21101 
v 3.64039 5.34873 1.10527 
v 3.05044 5.49921 1.01183 
v 3.01527 5.5054 1.27735 
v 2.75483 5.7011 1.05465 
v 3.01527 5.5054 1.05465 
v 3.3829 5.36244 1.0827 
v 3.38848 6.00096 1.23522 
v 3.13166 6.09772 1.09678 
v 3.38848 6.00096 1.09678 
v 3.16196 5.36122 1.12099 
v 2.92945 5.57022 1.21101 
v 2.92945 5.57022 1.12099 
v 2.75483 5.7011 1.27735 
v 3.16196 5.36122 1.21101 
v 3.13166 6.09772 1.23522 
v 2.17141 4.09336 0.97017 
v 1.63421 3.93021 0.97017 
v 1.74538 4.24598 0.97017 
v 1.3764 4.44696 0.951344 
v 2.00764 4.10074 0.951344 
v 1.61847 3.91953 0.951344 
v 2.06024 3.77759 0.97017 
v 2.66599 3.86351 0.989942 
v 2.01698 4.10309 0.989942 
v 2.64262 4.15748 0.989942 
v 2.04034 3.80912 0.989942 
v 1.86127 4.39526 1.05777 
v 2.54812 4.11654 1.05777 
v 1.78198 4.04913 1.05777 
v 2.84618 4.44443 1.05777 
v 2.33546 4.37385 1.0827 
v 3.06246 4.21619 1.0827 
v 2.4509 3.97751 1.0827 
v 2.52312 4.09818 1.04414 
v 2.95726 4.3058 1.04414 
v 2.63153 3.88298 1.04414 
v 1.76557 4.62816 0.951344 
v 1.36227 4.49093 0.927383 
v 2.09013 4.95689 0.927383 
v 1.79874 4.29793 0.927383 
v 1.65366 5.1499 0.927383 
v 1.65953 5.12056 0.963317 
v 2.68731 5.20461 0.963317 
v 1.83038 4.75296 0.963317 
v 2.51646 5.57221 0.963317 
v 2.40162 5.48682 1.01183 
v 3.05044 5.49921 1.01183 
v 2.61263 5.18779 1.01183 
v 1.84851 4.71937 1.04018 
v 2.66926 4.4568 1.04018 
v 1.78709 4.31115 1.04018 
v 1.869 4.97891 1.05144 
v 2.63699 4.81819 1.05144 
v 1.85171 4.60343 1.05144 
v 2.88559 5.21595 1.05144 
v 2.9859 4.86315 1.04018 
v 2.43087 4.70584 1.06049 
v 3.25182 4.76008 1.06049 
v 2.5827 4.43254 1.06049 
v 3.22754 4.70418 1.0827 
v 2.47703 5.07559 1.0827 
v 3.3829 5.36244 1.0827 
v 2.67601 4.82345 1.0827 
v 3.06567 4.09061 1.04414 
v 3.38462 5.30394 1.06049 
v 2.60503 4.7776 1.10526 
v 3.70626 4.89724 1.10527 
v 2.71829 4.4862 1.10526 
v 2.47056 4.41331 1.12099 
v 3.36016 4.28005 1.12099 
v 2.53827 4.10809 1.12099 
v 2.5727 5.05367 1.10527 
v 3.64039 5.34873 1.10527 
v 2.73133 4.78426 1.10526 
v 3.64236 4.76357 1.12099 
v 3.91176 5.41799 1.10527 
v 3.75953 5.89575 1.10527 
v 2.83943 5.79824 1.01183 
v 2.75483 5.7011 1.05465 
v 3.14323 6.19845 1.05465 
v 3.01527 5.5054 1.05465 
v 3.37453 5.87752 1.0827 
v 3.40367 6.00275 1.05465 
v 3.38848 6.00096 1.09678 
v 3.13166 6.09772 1.09678 
v 3.32832 6.59163 1.09678 
v 2.92945 5.57022 1.12099 
v 3.73078 5.97889 1.12099 
v 3.16196 5.36122 1.12099 
v 3.58514 6.49487 1.09678 
v 3.67935 6.53636 1.12099 

vn 0.944882 -0.330709 0 
vn 0.944882 -0.330709 0 
vn 0.944882 -0.330709 0 
vn 0.905512 0.417323 0 
vn 0.905512 0.417323 0 
vn 0.905512 0.417323 0 
vn 0.740157 -0.669291 0 
vn 0.740157 -0.669291 0 
vn 0.740157 -0.669291 0 
vn 1 0.0787402 0 
vn 1 0.0787402 0 
vn 1 0.0787402 0 
vn 0.889764 0.448819 0 
vn 0.889764 0.448819 0 
vn 0.889764 0.448819 0 
vn 0.740157 -0.669291 0 
vn 0.944882 -0.330709 0 
vn 0.905512 0.417323 0 
vn 1 0.0787402 0 
vn 0.889764 0.448819 0 
vn 0.913386 -0.401575 0 
vn 0.913386 -0.401575 0 
vn 0.913386 -0.401575 0 
vn 0.850394 -0.527559 0 
vn 0.850394 -0.527559 0 
vn 0.850394 -0.527559 0 
vn 0.905512 0.425197 0 
vn 0.905512 0.425197 0 
vn 0.905512 0.425197 0 
vn 0.787402 -0.614173 0 
vn 0.787402 -0.614173 0 
vn 0.787402 -0.614173 0 
vn 0.818898 0.574803 0 
vn 0.818898 0.574803 0 
vn 0.818898 0.574803 0 
vn 0.850394 -0.527559 0 
vn 0.913386 -0.401575 0 
vn 0.905512 0.425197 0 
vn 0.787402 -0.614173 0 
vn 0.818898 0.574803 0 
vn 0.944882 -0.322835 0 
vn 0.944882 -0.322835 0 
vn 0.944882 -0.322835 0 
vn 0.968504 -0.23622 0 
vn 0.968504 -0.23622 0 
vn 0.968504 -0.23622 0 
vn 1 0.015748 0 
vn 1 0.015748 0 
vn 1 0.015748 0 
vn 0.866142 -0.503937 0 
vn 0.866142 -0.503937 0 
vn 0.866142 -0.503937 0 
vn 0.929134 -0.370079 0 
vn 0.929134 -0.370079 0 
vn 0.929134 -0.370079 0 
vn 0.866142 -0.503937 0 
vn 0.944882 -0.322835 0 
vn 0.968504 -0.23622 0 
vn 0.976378 -0.212598 0 
vn 0.976378 -0.212598 0 
vn 0.976378 -0.212598 0 
vn 0.929134 -0.370079 0 
vn 0.732283 -0.677165 0 
vn 0.732283 -0.677165 0 
vn 0.732283 -0.677165 0 
vn 0.787402 -0.614173 0 
vn 0.787402 -0.614173 0 
vn 0.787402 -0.614173 0 
vn 0.929134 -0.370079 0 
vn 0.929134 -0.370079 0 
vn 0.929134 -0.370079 0 
vn 0.732283 -0.677165 0 
vn 0.976378 -0.212598 0 
vn 0.992126 0.0944882 0 
vn 0.992126 0.0944882 0 
vn 0.992126 0.0944882 0 
vn 1 0.015748 0 
vn 0.787402 -0.614173 0 
vn 0.929134 -0.370079 0 
vn 0.992126 0.0944882 0 
vn 0.338583 0.944882 0 
vn 0.338583 0.944882 0 
vn 0.338583 0.944882 0 
vn -0.425197 0.905512 0 
vn -0.425197 0.905512 0 
vn -0.425197 0.905512 0 
vn -0.0472441 1 0 
vn -0.0472441 1 0 
vn -0.0472441 1 0 
vn -0.0866142 1 0 
vn -0.0866142 1 0 
vn -0.0866142 1 0 
vn -0.346457 0.937008 0 
vn -0.346457 0.937008 0 
vn -0.346457 0.937008 0 
vn 0.338583 0.944882 0 
vn -0.425197 0.905512 0 
vn -0.0866142 1 0 
vn -0.0472441 1 0 
vn -0.125984 0.992126 0 
vn -0.125984 0.992126 0 
vn -0.125984 0.992126 0 
vn 0.401575 0.913386 0 
vn 0.401575 0.913386 0 
vn 0.401575 0.913386 0 
vn -0.228346 0.976378 0 
vn -0.228346 0.976378 0 
vn -0.228346 0.976378 0 
vn -0.464567 0.88189 0 
vn -0.464567 0.88189 0 
vn -0.464567 0.88189 0 
vn -0.228346 0.976378 0 
vn -0.125984 0.992126 0 
vn 0.401575 0.913386 0 
vn -0.464567 0.88189 0 
vn -0.582677 0.811024 0 
vn -0.582677 0.811024 0 
vn -0.582677 0.811024 0 
vn -0.433071 0.905512 0 
vn -0.433071 0.905512 0 
vn -0.433071 0.905512 0 
vn -0.283465 0.96063 0 
vn -0.283465 0.96063 0 
vn -0.283465 0.96063 0 
vn -0.527559 0.850394 0 
vn -0.527559 0.850394 0 
vn -0.527559 0.850394 0 
vn -0.440945 0.897638 0 
vn -0.440945 0.897638 0 
vn -0.440945 0.897638 0 
vn -0.283465 0.96063 0 
vn -0.440945 0.897638 0 
vn -0.433071 0.905512 0 
vn -0.346457 0.937008 0 
vn -0.527559 0.850394 0 
vn -0.582677 0.818898 0 
vn -0.582677 0.818898 0 
vn -0.582677 0.818898 0 
vn -0.669291 0.748031 0 
vn -0.669291 0.748031 0 
vn -0.669291 0.748031 0 
vn -0.582677 0.811024 0 
vn 0.598425 0.80315 0 
vn 0.598425 0.80315 0 
vn 0.598425 0.80315 0 
vn 0.354331 0.937008 0 
vn 0.354331 0.937008 0 
vn 0.354331 0.937008 0 
vn -0.582677 0.818898 0 
vn -0.669291 0.748031 0 
vn 0.598425 0.80315 0 
vn 0.354331 0.937008 0 
vn 0 0 1 
vn 0 0 1 
vn 0 0 1 
vn 0 0 1 
vn 0 0 1 
vn 0 0 1 
vn 0 0 1 
vn 0 0 1 
vn 0 0 1 
vn 0 0 1 
vn 0 0 1 
vn 0 0 1 
vn 0 0 1 
vn 0 0 1 
vn 0 0 1 
vn 0 0 1 
vn 0 0 1 
vn 0 0 1 
vn 0 0 1 
vn 0 0 1 
vn 0 0 1 
vn 0 0 1 
vn 0 0 1 
vn 0 0 1 
vn 0 0 1 
vn 0 0 1 
vn 0 0 1 
vn 0 0 1 
vn 0 0 1 
vn 0 0 1 
vn 0 0 1 
vn 0 0 1 
vn 0 0 1 
vn 0 0 1 
vn 0 0 1 
vn 0 0 1 
vn 0 0 1 
vn 0 0 1 
vn 0 0 1 
vn 0 0 1 
vn 0 0 1 
vn 0 0 1 
vn 0 0 1 
vn 0 0 1 
vn 0 0 1 
vn 0 0 1 
vn 0 0 1 
vn 0 0 1 
vn 0 0 1 
vn 0 0 1 
vn 0 0 1 
vn 0 0 1 
vn 0 0 1 
vn 0 0 1 
vn 0 0 1 
vn 0 0 1 
vn 0 0 1 
vn 0 0 1 
vn 0 0 1 
vn 0 0 1 
vn 0 0 1 
vn 0 0 1 
vn 0 0 1 
vn 0 0 1 
vn 0 0 1 
vn 0 0 1 
vn 0 0 1 
vn 0 0 1 
vn 0 0 1 
vn 0 0 1 
vn 0 0 1 
vn 0 0 1 
vn 0 0 1 
vn 0 0 1 
vn 0 0 1 
vn 0 0 1 
vn -0.905512 -0.417323 0 
vn -0.905512 -0.417323 0 
vn -0.905512 -0.417323 0 
vn -0.944882 0.330709 0 
vn -0.944882 0.330709 0 
vn -0.944882 0.330709 0 
vn -1 -0.0787402 0 
vn -1 -0.0787402 0 
vn -1 -0.0787402 0 
vn -0.96063 -0.283465 0 
vn -0.96063 -0.283465 0 
vn -0.96063 -0.283465 0 
vn -0.96063 -0.283465 0 
vn -0.944882 0.330709 0 
vn -0.905512 -0.417323 0 
vn -0.976378 0.220472 0 
vn -0.976378 0.220472 0 
vn -0.976378 0.220472 0 
vn -1 -0.0787402 0 
vn -0.976378 0.220472 0 
vn -0.913386 0.401575 0 
vn -0.913386 0.401575 0 
vn -0.913386 0.401575 0 
vn -0.905512 -0.425197 0 
vn -0.905512 -0.425197 0 
vn -0.905512 -0.425197 0 
vn -0.992126 0.149606 0 
vn -0.992126 0.149606 0 
vn -0.992126 0.149606 0 
vn -1 0.0472441 0 
vn -1 0.0472441 0 
vn -1 0.0472441 0 
vn -1 0.0472441 0 
vn -0.913386 0.401575 0 
vn -0.905512 -0.425197 0 
vn -0.992126 0.149606 0 
vn -0.818898 -0.574803 0 
vn -0.818898 -0.574803 0 
vn -0.818898 -0.574803 0 
vn -0.874016 -0.488189 0 
vn -0.874016 -0.488189 0 
vn -0.874016 -0.488189 0 
vn -0.889764 -0.448819 0 
vn -0.889764 -0.448819 0 
vn -0.889764 -0.448819 0 
vn -0.787402 -0.622047 0 
vn -0.787402 -0.622047 0 
vn -0.787402 -0.622047 0 
vn -0.858268 -0.503937 0 
vn -0.858268 -0.503937 0 
vn -0.858268 -0.503937 0 
vn -0.929134 -0.362205 0 
vn -0.929134 -0.362205 0 
vn -0.929134 -0.362205 0 
vn -0.976378 -0.212598 0 
vn -0.976378 -0.212598 0 
vn -0.976378 -0.212598 0 
vn -0.976378 -0.212598 0 
vn -0.874016 -0.488189 0 
vn -0.889764 -0.448819 0 
vn -0.929134 -0.362205 0 
vn -0.858268 -0.503937 0 
vn -0.818898 -0.574803 0 
vn -0.787402 0.614173 0 
vn -0.787402 0.614173 0 
vn -0.787402 0.614173 0 
vn -0.787402 0.614173 0 
vn -0.787402 0.614173 0 
vn -0.787402 0.614173 0 
vn -0.929134 0.370079 0 
vn -0.929134 0.370079 0 
vn -0.929134 0.370079 0 
vn -0.787402 0.614173 0 
vn -0.787402 -0.622047 0 
vn -0.787402 0.614173 0 
vn -0.929134 0.370079 0 
vn -0.338583 -0.944882 0 
vn -0.338583 -0.944882 0 
vn -0.338583 -0.944882 0 
vn 0.425197 -0.905512 0 
vn 0.425197 -0.905512 0 
vn 0.425197 -0.905512 0 
vn 0.0866142 -1 0 
vn 0.0866142 -1 0 
vn 0.0866142 -1 0 
vn 0.0866142 -1 0 
vn 0.0866142 -1 0 
vn 0.0866142 -1 0 
vn 0.362205 -0.929134 0 
vn 0.362205 -0.929134 0 
vn 0.362205 -0.929134 0 
vn -0.338583 -0.944882 0 
vn 0.425197 -0.905512 0 
vn 0.0866142 -1 0 
vn 0.433071 -0.905512 0 
vn 0.433071 -0.905512 0 
vn 0.433071 -0.905512 0 
vn 0.0866142 -1 0 
vn 0.165354 -0.984252 0 
vn 0.165354 -0.984252 0 
vn 0.165354 -0.984252 0 
vn -0.401575 -0.913386 0 
vn -0.401575 -0.913386 0 
vn -0.401575 -0.913386 0 
vn 0.259843 -0.968504 0 
vn 0.259843 -0.968504 0 
vn 0.259843 -0.968504 0 
vn 0.464567 -0.88189 0 
vn 0.464567 -0.88189 0 
vn 0.464567 -0.88189 0 
vn 0.259843 -0.968504 0 
vn -0.401575 -0.913386 0 
vn 0.464567 -0.88189 0 
vn 0.165354 -0.984252 0 
vn 0.582677 -0.811024 0 
vn 0.582677 -0.811024 0 
vn 0.582677 -0.811024 0 
vn 0.440945 -0.897638 0 
vn 0.440945 -0.897638 0 
vn 0.440945 -0.897638 0 
vn 0.433071 -0.905512 0 
vn 0.362205 -0.929134 0 
vn 0.440945 -0.897638 0 
vn 0.385827 -0.92126 0 
vn 0.385827 -0.92126 0 
vn 0.385827 -0.92126 0 
vn 0.204724 -0.976378 0 
vn 0.204724 -0.976378 0 
vn 0.204724 -0.976378 0 
vn 0.527559 -0.850394 0 
vn 0.527559 -0.850394 0 
vn 0.527559 -0.850394 0 
vn 0.606299 -0.795276 0 
vn 0.606299 -0.795276 0 
vn 0.606299 -0.795276 0 
vn 0.385827 -0.92126 0 
vn 0.204724 -0.976378 0 
vn 0.527559 -0.850394 0 
vn 0.582677 -0.811024 0 
vn -0.598425 -0.80315 0 
vn -0.598425 -0.80315 0 
vn -0.598425 -0.80315 0 
vn 0.606299 -0.795276 0 
vn -0.354331 -0.937008 0 
vn -0.354331 -0.937008 0 
vn -0.354331 -0.937008 0 
vn -0.669291 -0.740157 0 
vn -0.669291 -0.740157 0 
vn -0.669291 -0.740157 0 
vn -0.598425 -0.80315 0 
vn -0.669291 -0.740157 0 
vn -0.354331 -0.937008 0 
vn 0 0 -1 
vn 0 0 -1 
vn 0 0 -1 
vn 0 0 -1 
vn 0 0 -1 
vn 0 0 -1 
vn 0 0 -1 
vn 0 0 -1 
vn 0 0 -1 
vn 0 0 -1 
vn 0 0 -1 
vn 0 0 -1 
vn 0 0 -1 
vn 0 0 -1 
vn 0 0 -1 
vn 0 0 -1 
vn 0 0 -1 
vn 0 0 -1 
vn 0 0 -1 
vn 0 0 -1 
vn 0 0 -1 
vn 0 0 -1 
vn 0 0 -1 
vn 0 0 -1 
vn 0 0 -1 
vn 0 0 -1 
vn 0 0 -1 
vn 0 0 -1 
vn 0 0 -1 
vn 0 0 -1 
vn 0 0 -1 
vn 0 0 -1 
vn 0 0 -1 
vn 0 0 -1 
vn 0 0 -1 
vn 0 0 -1 
vn 0 0 -1 
vn 0 0 -1 
vn 0 0 -1 
vn 0 0 -1 
vn 0 0 -1 
vn 0 0 -1 
vn 0 0 -1 
vn 0 0 -1 
vn 0 0 -1 
vn 0 0 -1 
vn 0 0 -1 
vn 0 0 -1 
vn 0 0 -1 
vn 0 0 -1 
vn 0 0 -1 
vn 0 0 -1 
vn 0 0 -1 
vn 0 0 -1 
vn 0 0 -1 
vn 0 0 -1 
vn 0 0 -1 
vn 0 0 -1 
vn 0 0 -1 
vn 0 0 -1 
vn 0 0 -1 
vn 0 0 -1 
vn 0 0 -1 
vn 0 0 -1 
vn 0 0 -1 
vn 0 0 -1 
vn 0 0 -1 
vn 0 0 -1 
vn 0 0 -1 
vn 0 0 -1 
vn 0 0 -1 
vn 0 0 -1 
vn 0 0 -1 
vn 0 0 -1 
vn 0 0 -1 
vn 0 0 -1 

vt 49.9755 -55.1364 
vt 50.0245 -55.1759 
vt 50.0245 -55.1364 
vt 49.9732 -55.0696 
vt 50.0268 -55.1355 
vt 50.0268 -55.0696 
vt 50.0135 -55.0925 
vt 49.9865 -55.1335 
vt 50.0135 -55.1335 
vt 49.978 -55.1284 
vt 50.022 -55.1651 
vt 50.022 -55.1284 
vt 49.9848 -55.1099 
vt 50.0152 -55.1367 
vt 50.0152 -55.1099 
vt 49.9865 -55.0925 
vt 49.9755 -55.1759 
vt 49.9732 -55.1355 
vt 49.978 -55.1651 
vt 49.9848 -55.1367 
vt 50.0298 -55.0285 
vt 49.9702 -55.1108 
vt 50.0298 -55.1108 
vt 50.0143 -54.9961 
vt 49.9857 -55.0458 
vt 50.0143 -55.0458 
vt 50.0253 -54.9515 
vt 49.9747 -54.9975 
vt 50.0253 -54.9975 
vt 50.0157 -55.0402 
vt 49.9843 -55.091 
vt 50.0157 -55.091 
vt 50.0193 -54.9233 
vt 49.9807 -54.9607 
vt 50.0193 -54.9607 
vt 49.9857 -54.9961 
vt 49.9702 -55.0285 
vt 49.9747 -54.9515 
vt 49.9843 -55.0402 
vt 49.9807 -54.9233 
vt 50.0104 -55.0601 
vt 49.9896 -55.1211 
vt 50.0104 -55.1211 
vt 50.0132 -54.9851 
vt 49.9868 -55.0531 
vt 50.0132 -55.0531 
vt 50.0104 -54.9134 
vt 49.9896 -54.9778 
vt 50.0104 -54.9778 
vt 49.9944 -55.0526 
vt 50.0056 -55.1131 
vt 50.0056 -55.0526 
vt 49.9924 -54.9708 
vt 50.0076 -55.0359 
vt 50.0076 -54.9708 
vt 49.9944 -55.1131 
vt 49.9896 -55.0601 
vt 49.9868 -54.9851 
vt 50.0076 -54.9795 
vt 49.9924 -54.9111 
vt 49.9924 -54.9795 
vt 49.9924 -55.0359 
vt 50.0056 -54.9779 
vt 49.9944 -54.9007 
vt 49.9944 -54.9779 
vt 50.0139 -54.8977 
vt 49.9861 -54.9599 
vt 50.0139 -54.9599 
vt 50.0087 -54.8362 
vt 49.9913 -54.898 
vt 50.0087 -54.898 
vt 50.0056 -54.9007 
vt 50.0076 -54.9111 
vt 49.9944 -54.831 
vt 50.0056 -54.9007 
vt 50.0056 -54.831 
vt 49.9896 -54.9134 
vt 49.9861 -54.8977 
vt 49.9913 -54.8362 
vt 49.9944 -54.9007 
vt 50.0582 -54.9755 
vt 50.0582 -55.0245 
vt 50.1115 -55.0245 
vt 50.1089 -54.9732 
vt 50.1089 -55.0268 
vt 50.1576 -55.0268 
vt 50.097 -54.9865 
vt 49.9739 -55.0135 
vt 50.097 -55.0135 
vt 50.0775 -54.978 
vt 49.9993 -55.022 
vt 50.0775 -55.022 
vt 50.0377 -54.9896 
vt 49.9262 -55.0104 
vt 50.0377 -55.0104 
vt 50.1115 -54.9755 
vt 50.1576 -54.9732 
vt 49.9993 -54.978 
vt 49.9739 -54.9865 
vt 50.0986 -54.9843 
vt 49.9564 -55.0157 
vt 50.0986 -55.0157 
vt 50.0684 -54.9702 
vt 50.0684 -55.0298 
vt 50.1229 -55.0298 
vt 50.096 -54.9857 
vt 49.9689 -55.0143 
vt 50.096 -55.0143 
vt 50.1222 -55.0253 
vt 50.0151 -54.9747 
vt 50.0151 -55.0253 
vt 49.9689 -54.9857 
vt 49.9564 -54.9843 
vt 50.1229 -54.9702 
vt 50.1222 -54.9747 
vt 49.9747 -54.9807 
vt 50.0294 -55.0193 
vt 50.0294 -54.9807 
vt 50.0142 -54.9848 
vt 49.96 -55.0152 
vt 50.0142 -55.0152 
vt 50.0208 -54.9944 
vt 49.8743 -55.0056 
vt 50.0208 -55.0056 
vt 50.0258 -54.9868 
vt 49.9066 -55.0132 
vt 50.0258 -55.0132 
vt 50.004 -54.9924 
vt 49.8407 -55.0076 
vt 50.004 -55.0076 
vt 49.8743 -54.9944 
vt 49.8407 -54.9924 
vt 49.96 -54.9848 
vt 49.9262 -54.9896 
vt 49.9066 -54.9868 
vt 50.008 -54.9924 
vt 49.8597 -55.0076 
vt 50.008 -55.0076 
vt 50.02 -54.9896 
vt 49.9078 -55.0104 
vt 50.02 -55.0104 
vt 49.9747 -55.0193 
vt 49.9042 -54.9861 
vt 49.9042 -55.0139 
vt 49.9367 -55.0139 
vt 49.8815 -55.0087 
vt 49.9136 -55.0087 
vt 49.8815 -54.9913 
vt 49.8597 -54.9924 
vt 49.9078 -54.9896 
vt 49.9367 -54.9861 
vt 49.9136 -54.9913 
vt 49.9889 -55.1335 
vt 49.903 -55.0987 
vt 49.8931 -55.1419 
vt 50.0261 -55.0925 
vt 50.0532 -55.1211 
vt 49.9623 -55.1013 
vt 49.9767 -55.1509 
vt 49.9993 -55.1627 
vt 50.04 -55.1099 
vt 49.9858 -55.1358 
vt 49.9225 -55.1352 
vt 50.0036 -55.1651 
vt 50.0007 -55.1284 
vt 49.8746 -55.1568 
vt 49.9418 -55.1364 
vt 49.8885 -55.1173 
vt 49.9213 -55.1355 
vt 49.8424 -55.0922 
vt 49.8727 -55.1581 
vt 49.9279 -55.1759 
vt 49.9254 -55.1719 
vt 49.8911 -55.0696 
vt 50.004 -55.091 
vt 49.9014 -55.0582 
vt 49.8938 -55.1092 
vt 50 -55.0458 
vt 49.904 -55.0257 
vt 49.9018 -55.0726 
vt 50.0311 -54.9961 
vt 50.0436 -55.0402 
vt 50.0517 -54.9607 
vt 49.9706 -54.9622 
vt 49.997 -54.9996 
vt 49.9316 -55.0285 
vt 49.8407 -55.0867 
vt 49.8952 -55.1108 
vt 49.8771 -55.0043 
vt 49.8992 -55.054 
vt 50.0063 -54.9975 
vt 49.8778 -55.008 
vt 49.9849 -54.9515 
vt 49.9932 -55.094 
vt 50.0769 -55.0531 
vt 49.9742 -55.0598 
vt 50.0904 -55.1131 
vt 49.9792 -55.0964 
vt 49.9877 -55.1346 
vt 50.0118 -55.05 
vt 50.1254 -54.9795 
vt 49.992 -55.0164 
vt 50.0102 -55.0873 
vt 50.1337 -55.0359 
vt 49.996 -55.0509 
vt 50.1257 -55.0526 
vt 50.1593 -54.9708 
vt 50.0738 -55.0601 
vt 50.0049 -55.0451 
vt 50.0932 -54.9778 
vt 49.98 -55.0136 
vt 50.0536 -55.1367 
vt 50.0934 -54.9851 
vt 50.1403 -54.9111 
vt 50.0656 -54.9779 
vt 50.1367 -54.9007 
vt 50.0366 -54.9518 
vt 50.0939 -54.898 
vt 50.0864 -54.8241 
vt 50.0618 -54.8859 
vt 50.1185 -54.8362 
vt 50.1303 -54.831 
vt 50.0922 -54.9134 
vt 50.0253 -54.9233 
vt 50.0473 -54.9599 
vt 50.0633 -54.8733 
vt 50.0147 -54.9354 
vt 50.0958 -54.8977 
vt 50.0268 -55.1581 
vt 49.9732 -55.0922 
vt 49.9732 -55.1581 
vt 49.9755 -55.1173 
vt 49.9755 -55.1568 
vt 50.0245 -55.1173 
vt 49.978 -55.1352 
vt 49.978 -55.1719 
vt 50.022 -55.1352 
vt 49.9896 -55.1013 
vt 49.9896 -55.1509 
vt 50.0104 -55.1013 
vt 50.0104 -55.1509 
vt 50.0245 -55.1568 
vt 50.0268 -55.0922 
vt 50.0135 -55.0987 
vt 49.9865 -55.1419 
vt 50.0135 -55.1419 
vt 50.022 -55.1719 
vt 49.9865 -55.0987 
vt 50.0298 -55.0867 
vt 49.9702 -55.0043 
vt 49.9702 -55.0867 
vt 50.0253 -55.054 
vt 49.9747 -55.008 
vt 49.9747 -55.054 
vt 49.9843 -55.0582 
vt 49.9843 -55.1092 
vt 50.0157 -55.0582 
vt 49.9857 -55.0257 
vt 49.9857 -55.0726 
vt 50.0143 -55.0257 
vt 50.0143 -55.0726 
vt 50.0298 -55.0043 
vt 50.0253 -55.008 
vt 50.0157 -55.1092 
vt 49.9807 -54.9622 
vt 50.0193 -54.9996 
vt 50.0193 -54.9622 
vt 49.9868 -55.0598 
vt 49.9868 -55.094 
vt 50.0132 -55.0598 
vt 49.9848 -55.1358 
vt 49.9848 -55.1627 
vt 50.0152 -55.1358 
vt 50.0104 -55.0451 
vt 49.9896 -55.0136 
vt 49.9896 -55.0451 
vt 50.0076 -55.05 
vt 49.9924 -55.0164 
vt 49.9924 -55.05 
vt 50.0076 -55.0873 
vt 49.9924 -55.0509 
vt 49.9924 -55.0873 
vt 49.9944 -55.0964 
vt 49.9944 -55.1346 
vt 50.0056 -55.0964 
vt 50.0056 -55.1346 
vt 50.0132 -55.094 
vt 50.0152 -55.1627 
vt 50.0076 -55.0509 
vt 50.0076 -55.0164 
vt 49.9807 -54.9996 
vt 49.9861 -54.8733 
vt 49.9861 -54.9354 
vt 50.0139 -54.8733 
vt 50.0056 -54.9518 
vt 49.9944 -54.831 
vt 49.9944 -54.9518 
vt 49.9913 -54.8241 
vt 49.9913 -54.8859 
vt 50.0087 -54.8241 
vt 50.0056 -54.831 
vt 50.0104 -55.0136 
vt 50.0139 -54.9354 
vt 50.0087 -54.8859 
vt 49.9279 -54.9755 
vt 49.8746 -55.0245 
vt 49.9279 -55.0245 
vt 49.9213 -54.9732 
vt 49.8727 -55.0268 
vt 49.9213 -55.0268 
vt 49.8931 -55.0135 
vt 49.9889 -55.0135 
vt 49.8931 -54.9865 
vt 50.0036 -54.978 
vt 49.9254 -55.022 
vt 50.0036 -55.022 
vt 49.9767 -55.0104 
vt 50.0532 -54.9896 
vt 49.9767 -54.9896 
vt 49.8746 -54.9755 
vt 49.8727 -54.9732 
vt 49.9254 -54.978 
vt 49.9993 -55.0152 
vt 50.0536 -54.9848 
vt 49.9993 -54.9848 
vt 49.9889 -54.9865 
vt 49.8938 -55.0157 
vt 50.004 -55.0157 
vt 49.8938 -54.9843 
vt 49.8952 -54.9702 
vt 49.8407 -55.0298 
vt 49.8952 -55.0298 
vt 50 -54.9857 
vt 49.9018 -55.0143 
vt 50 -55.0143 
vt 50.0063 -54.9747 
vt 49.8992 -55.0253 
vt 50.0063 -55.0253 
vt 49.9018 -54.9857 
vt 49.8407 -54.9702 
vt 49.8992 -54.9747 
vt 50.004 -54.9843 
vt 49.997 -55.0193 
vt 50.0517 -54.9807 
vt 49.997 -54.9807 
vt 49.9932 -55.0132 
vt 50.0769 -54.9868 
vt 49.9932 -54.9868 
vt 50.0536 -55.0152 
vt 50.0532 -55.0104 
vt 50.0769 -55.0132 
vt 50.1337 -54.9924 
vt 50.0102 -55.0076 
vt 50.1337 -55.0076 
vt 49.9877 -55.0056 
vt 50.0904 -55.0056 
vt 49.9877 -54.9944 
vt 50.0118 -55.0076 
vt 50.1254 -54.9924 
vt 50.0118 -54.9924 
vt 50.0049 -55.0104 
vt 50.0932 -54.9896 
vt 50.0049 -54.9896 
vt 50.0102 -54.9924 
vt 50.0904 -54.9944 
vt 50.1254 -55.0076 
vt 50.0517 -55.0193 
vt 50.0473 -54.9861 
vt 50.0147 -55.0139 
vt 50.0473 -55.0139 
vt 50.0932 -55.0104 
vt 50.0939 -54.9913 
vt 50.0618 -55.0087 
vt 50.0939 -55.0087 
vt 50.0656 -55.0056 
vt 50.0366 -54.9944 
vt 50.0366 -55.0056 
vt 50.0147 -54.9861 
vt 50.0656 -54.9944 
vt 50.0618 -54.9913 
vt 50.0582 -55.1364 
vt 50.1254 -55.1568 
vt 50.1115 -55.1173 
vt 50.1576 -55.0922 
vt 50.0787 -55.1355 
vt 50.1273 -55.1581 
vt 50.0721 -55.1759 
vt 49.9964 -55.1651 
vt 50.0775 -55.1352 
vt 49.9993 -55.1284 
vt 50.0746 -55.1719 
vt 50.097 -55.0987 
vt 50.0111 -55.1335 
vt 50.1069 -55.1419 
vt 49.9739 -55.0925 
vt 50.0377 -55.1013 
vt 49.9468 -55.1211 
vt 50.0233 -55.1509 
vt 50.0142 -55.1358 
vt 49.96 -55.1099 
vt 50.0007 -55.1627 
vt 50.1089 -55.0696 
vt 50.1593 -55.0867 
vt 50.0684 -55.0285 
vt 50.1048 -55.1108 
vt 50.1229 -55.0043 
vt 50.1222 -55.008 
vt 49.9937 -54.9975 
vt 50.1008 -55.054 
vt 50.0151 -54.9515 
vt 50.0294 -54.9622 
vt 49.9483 -54.9607 
vt 50.003 -54.9996 
vt 50.0986 -55.0582 
vt 49.996 -55.091 
vt 50.1062 -55.1092 
vt 50.096 -55.0257 
vt 50 -55.0458 
vt 50.0982 -55.0726 
vt 49.9689 -54.9961 
vt 49.9564 -55.0402 
vt 50.0258 -55.0598 
vt 49.9231 -55.0531 
vt 50.0068 -55.094 
vt 49.9262 -55.0601 
vt 50.02 -55.0136 
vt 49.9068 -54.9778 
vt 49.9951 -55.0451 
vt 49.9464 -55.1367 
vt 49.9066 -54.9851 
vt 50.004 -55.0509 
vt 49.8663 -55.0359 
vt 49.9898 -55.0873 
vt 50.0208 -55.0964 
vt 49.9096 -55.1131 
vt 50.0123 -55.1346 
vt 50.008 -55.0164 
vt 49.8746 -54.9795 
vt 49.9882 -55.05 
vt 49.8743 -55.0526 
vt 49.8407 -54.9708 
vt 49.8597 -54.9111 
vt 49.9747 -54.9233 
vt 49.9853 -54.9354 
vt 49.9367 -54.8733 
vt 49.9527 -54.9599 
vt 49.9078 -54.9134 
vt 49.9042 -54.8977 
vt 49.9061 -54.898 
vt 49.9382 -54.8859 
vt 49.9136 -54.8241 
vt 49.9634 -54.9518 
vt 49.8633 -54.9007 
vt 49.9344 -54.9779 
vt 49.8815 -54.8362 
vt 49.8697 -54.831 

usemtl Cube0091Mtl

f 804/804/804 805/805/805 806/806/806 
f 805/805/805 804/804/804 810/810/810 
f 783/783/783 784/784/784 785/785/785 
f 784/784/784 783/783/783 792/792/792 
f 780/780/780 781/781/781 782/782/782 
f 781/781/781 780/780/780 786/786/786 
f 789/789/789 790/790/790 791/791/791 
f 790/790/790 789/789/789 803/803/803 
f 777/777/777 778/778/778 779/779/779 
f 807/807/807 778/778/778 777/777/777 
f 771/771/771 772/772/772 773/773/773 
f 787/787/787 772/772/772 771/771/771 
f 763/763/763 764/764/764 765/765/765 
f 763/763/763 770/770/770 764/764/764 
f 774/774/774 775/775/775 776/776/776 
f 788/788/788 775/775/775 774/774/774 
f 737/737/737 738/738/738 739/739/739 
f 737/737/737 746/746/746 738/738/738 
f 760/760/760 761/761/761 762/762/762 
f 760/760/760 769/769/769 761/761/761 
f 799/799/799 800/800/800 801/801/801 
f 809/809/809 800/800/800 799/799/799 
f 793/793/793 794/794/794 795/795/795 
f 794/794/794 793/793/793 802/802/802 
f 754/754/754 755/755/755 756/756/756 
f 766/766/766 755/755/755 754/754/754 
f 757/757/757 758/758/758 759/759/759 
f 757/757/757 768/768/768 758/758/758 
f 796/796/796 797/797/797 798/798/798 
f 808/808/808 797/797/797 796/796/796 
f 743/743/743 744/744/744 745/745/745 
f 744/744/744 743/743/743 750/750/750 
f 740/740/740 741/741/741 742/742/742 
f 741/741/741 740/740/740 749/749/749 
f 731/731/731 732/732/732 733/733/733 
f 732/732/732 731/731/731 747/747/747 
f 751/751/751 752/752/752 753/753/753 
f 751/751/751 767/767/767 752/752/752 
f 734/734/734 735/735/735 736/736/736 
f 735/735/735 734/734/734 748/748/748 
f 876/876/876 877/877/877 878/878/878 
f 882/882/882 878/878/878 877/877/877 
f 873/873/873 874/874/874 875/875/875 
f 881/881/881 873/873/873 875/875/875 
f 839/839/839 840/840/840 841/841/841 
f 840/840/840 839/839/839 845/845/845 
f 846/846/846 847/847/847 848/848/848 
f 847/847/847 846/846/846 872/872/872 
f 869/869/869 870/870/870 871/871/871 
f 870/870/870 869/869/869 880/880/880 
f 836/836/836 837/837/837 838/838/838 
f 837/837/837 836/836/836 842/842/842 
f 866/866/866 867/867/867 868/868/868 
f 867/867/867 866/866/866 879/879/879 
f 814/814/814 815/815/815 816/816/816 
f 827/827/827 814/814/814 816/816/816 
f 855/855/855 856/856/856 857/857/857 
f 856/856/856 855/855/855 865/865/865 
f 830/830/830 831/831/831 832/832/832 
f 831/831/831 830/830/830 843/843/843 
f 858/858/858 859/859/859 860/860/860 
f 859/859/859 858/858/858 862/862/862 
f 833/833/833 834/834/834 835/835/835 
f 844/844/844 833/833/833 835/835/835 
f 823/823/823 824/824/824 825/825/825 
f 824/824/824 823/823/823 864/864/864 
f 852/852/852 853/853/853 854/854/854 
f 853/853/853 852/852/852 861/861/861 
f 817/817/817 818/818/818 819/819/819 
f 818/818/818 817/817/817 829/829/829 
f 849/849/849 850/850/850 851/851/851 
f 850/850/850 849/849/849 863/863/863 
f 820/820/820 821/821/821 822/822/822 
f 821/821/821 820/820/820 828/828/828 
f 811/811/811 812/812/812 813/813/813 
f 826/826/826 811/811/811 813/813/813 
f 916/916/916 917/917/917 918/918/918 
f 917/917/917 916/916/916 919/919/919 
f 899/899/899 900/900/900 901/901/901 
f 900/900/900 899/899/899 904/904/904 
f 920/920/920 921/921/921 922/922/922 
f 922/922/922 921/921/921 923/923/923 
f 896/896/896 897/897/897 898/898/898 
f 897/897/897 896/896/896 902/902/902 
f 893/893/893 894/894/894 895/895/895 
f 894/894/894 893/893/893 903/903/903 
f 913/913/913 914/914/914 915/915/915 
f 914/914/914 913/913/913 954/954/954 
f 905/905/905 906/906/906 907/907/907 
f 912/912/912 906/906/906 905/905/905 
f 890/890/890 891/891/891 892/892/892 
f 891/891/891 890/890/890 942/942/942 
f 908/908/908 909/909/909 910/910/910 
f 911/911/911 909/909/909 908/908/908 
f 955/955/955 956/956/956 957/957/957 
f 956/956/956 955/955/955 958/958/958 
f 883/883/883 884/884/884 885/885/885 
f 886/886/886 884/884/884 883/883/883 
f 924/924/924 925/925/925 926/926/926 
f 926/926/926 925/925/925 943/943/943 
f 887/887/887 888/888/888 889/889/889 
f 888/888/888 887/887/887 938/938/938 
f 939/939/939 940/940/940 941/941/941 
f 940/940/940 953/953/953 941/941/941 
f 948/948/948 949/949/949 950/950/950 
f 949/949/949 948/948/948 951/951/951 
f 930/930/930 931/931/931 932/932/932 
f 931/931/931 944/944/944 932/932/932 
f 933/933/933 934/934/934 935/935/935 
f 937/937/937 935/935/935 934/934/934 
f 927/927/927 928/928/928 929/929/929 
f 936/936/936 928/928/928 927/927/927 
f 945/945/945 946/946/946 947/947/947 
f 952/952/952 947/947/947 946/946/946 
f 959/959/959 960/960/960 961/961/961 
f 960/960/960 959/959/959 973/973/973 
f 979/979/979 980/980/980 981/981/981 
f 980/980/980 979/979/979 992/992/992 
f 988/988/988 989/989/989 990/990/990 
f 990/990/990 989/989/989 991/991/991 
f 985/985/985 986/986/986 987/987/987 
f 987/987/987 986/986/986 994/994/994 
f 982/982/982 983/983/983 984/984/984 
f 983/983/983 982/982/982 993/993/993 
f 962/962/962 963/963/963 964/964/964 
f 964/964/964 963/963/963 972/972/972 
f 974/974/974 975/975/975 976/976/976 
f 978/978/978 975/975/975 974/974/974 
f 965/965/965 966/966/966 967/967/967 
f 967/967/967 966/966/966 977/977/977 
f 1022/1022/1022 1023/1023/1023 1024/1024/1024 
f 1024/1024/1024 1023/1023/1023 1033/1033/1033 
f 1001/1001/1001 1002/1002/1002 1003/1003/1003 
f 1003/1003/1003 1002/1002/1002 1018/1018/1018 
f 968/968/968 969/969/969 970/970/970 
f 970/970/970 969/969/969 971/971/971 
f 1025/1025/1025 1026/1026/1026 1027/1027/1027 
f 1026/1026/1026 1025/1025/1025 1031/1031/1031 
f 998/998/998 999/999/999 1000/1000/1000 
f 1000/1000/1000 999/999/999 1017/1017/1017 
f 1013/1013/1013 1014/1014/1014 1015/1015/1015 
f 1015/1015/1015 1014/1014/1014 1016/1016/1016 
f 1028/1028/1028 1029/1029/1029 1030/1030/1030 
f 1030/1030/1030 1029/1029/1029 1034/1034/1034 
f 1010/1010/1010 1011/1011/1011 1012/1012/1012 
f 1011/1011/1011 1010/1010/1010 1019/1019/1019 
f 1004/1004/1004 1005/1005/1005 1006/1006/1006 
f 1005/1005/1005 1004/1004/1004 1032/1032/1032 
f 1007/1007/1007 1008/1008/1008 1009/1009/1009 
f 1008/1008/1008 1007/1007/1007 1020/1020/1020 
f 995/995/995 996/996/996 997/997/997 
f 996/996/996 995/995/995 1021/1021/1021 
f 1035/1035/1035 1036/1036/1036 1037/1037/1037 
f 1036/1036/1036 1035/1035/1035 1050/1050/1050 
f 1044/1044/1044 1045/1045/1045 1046/1046/1046 
f 1045/1045/1045 1044/1044/1044 1052/1052/1052 
f 1053/1053/1053 1054/1054/1054 1055/1055/1055 
f 1054/1054/1054 1053/1053/1053 1079/1079/1079 
f 1060/1060/1060 1061/1061/1061 1062/1062/1062 
f 1061/1061/1061 1060/1060/1060 1070/1070/1070 
f 1047/1047/1047 1048/1048/1048 1049/1049/1049 
f 1048/1048/1048 1047/1047/1047 1080/1080/1080 
f 1041/1041/1041 1042/1042/1042 1043/1043/1043 
f 1056/1056/1056 1043/1043/1043 1042/1042/1042 
f 1085/1085/1085 1086/1086/1086 1087/1087/1087 
f 1095/1095/1095 1087/1087/1087 1086/1086/1086 
f 1038/1038/1038 1039/1039/1039 1040/1040/1040 
f 1039/1039/1039 1038/1038/1038 1051/1051/1051 
f 1057/1057/1057 1058/1058/1058 1059/1059/1059 
f 1072/1072/1072 1059/1059/1059 1058/1058/1058 
f 1082/1082/1082 1083/1083/1083 1084/1084/1084 
f 1083/1083/1083 1082/1082/1082 1094/1094/1094 
f 1076/1076/1076 1077/1077/1077 1078/1078/1078 
f 1077/1077/1077 1076/1076/1076 1081/1081/1081 
f 1088/1088/1088 1089/1089/1089 1090/1090/1090 
f 1089/1089/1089 1088/1088/1088 1096/1096/1096 
f 1091/1091/1091 1092/1092/1092 1093/1093/1093 
f 1092/1092/1092 1091/1091/1091 1101/1101/1101 
f 1063/1063/1063 1064/1064/1064 1065/1065/1065 
f 1064/1064/1064 1063/1063/1063 1069/1069/1069 
f 1073/1073/1073 1074/1074/1074 1075/1075/1075 
f 1074/1074/1074 1073/1073/1073 1097/1097/1097 
f 1066/1066/1066 1067/1067/1067 1068/1068/1068 
f 1067/1067/1067 1066/1066/1066 1071/1071/1071 
f 1105/1105/1105 1106/1106/1106 1107/1107/1107 
f 1106/1106/1106 1105/1105/1105 1109/1109/1109 
f 1098/1098/1098 1099/1099/1099 1100/1100/1100 
f 1099/1099/1099 1098/1098/1098 1108/1108/1108 
f 1102/1102/1102 1103/1103/1103 1104/1104/1104 
f 1103/1103/1103 1102/1102/1102 1110/1110/1110 
f 1133/1133/1133 1134/1134/1134 1135/1135/1135 
f 1134/1134/1134 1133/1133/1133 1136/1136/1136 
f 1114/1114/1114 1115/1115/1115 1116/1116/1116 
f 1115/1115/1115 1114/1114/1114 1132/1132/1132 
f 1137/1137/1137 1138/1138/1138 1139/1139/1139 
f 1138/1138/1138 1137/1137/1137 1140/1140/1140 
f 1111/1111/1111 1112/1112/1112 1113/1113/1113 
f 1117/1117/1117 1112/1112/1112 1111/1111/1111 
f 1118/1118/1118 1119/1119/1119 1120/1120/1120 
f 1119/1119/1119 1118/1118/1118 1121/1121/1121 
f 1141/1141/1141 1142/1142/1142 1143/1143/1143 
f 1142/1142/1142 1141/1141/1141 1173/1173/1173 
f 1144/1144/1144 1145/1145/1145 1146/1146/1146 
f 1145/1145/1145 1144/1144/1144 1151/1151/1151 
f 1129/1129/1129 1130/1130/1130 1131/1131/1131 
f 1131/1131/1131 1130/1130/1130 1159/1159/1159 
f 1147/1147/1147 1148/1148/1148 1149/1149/1149 
f 1148/1148/1148 1147/1147/1147 1150/1150/1150 
f 1174/1174/1174 1175/1175/1175 1176/1176/1176 
f 1178/1178/1178 1176/1176/1176 1175/1175/1175 
f 1122/1122/1122 1123/1123/1123 1124/1124/1124 
f 1123/1123/1123 1122/1122/1122 1125/1125/1125 
f 1152/1152/1152 1153/1153/1153 1154/1154/1154 
f 1153/1153/1153 1152/1152/1152 1160/1160/1160 
f 1126/1126/1126 1127/1127/1127 1128/1128/1128 
f 1127/1127/1127 1126/1126/1126 1155/1155/1155 
f 1156/1156/1156 1157/1157/1157 1158/1158/1158 
f 1157/1157/1157 1156/1156/1156 1177/1177/1177 
f 1179/1179/1179 1180/1180/1180 1181/1181/1181 
f 1185/1185/1185 1179/1179/1179 1181/1181/1181 
f 1161/1161/1161 1162/1162/1162 1163/1163/1163 
f 1162/1162/1162 1161/1161/1161 1171/1171/1171 
f 1167/1167/1167 1168/1168/1168 1169/1169/1169 
f 1168/1168/1168 1167/1167/1167 1172/1172/1172 
f 1164/1164/1164 1165/1165/1165 1166/1166/1166 
f 1165/1165/1165 1164/1164/1164 1170/1170/1170 
f 1182/1182/1182 1183/1183/1183 1184/1184/1184 
f 1183/1183/1183 1182/1182/1182 1186/1186/1186 

g Cube0141

v -0.937771 2.82706 0.111993 
v -0.937771 2.82706 -0.100758 
v -0.937771 2.9672 0.111993 
v 0.271973 2.98876 -0.0339438 
v 0.271973 2.80551 0.319179 
v 0.271973 2.80551 -0.0339438 
v -1.05401 2.9672 0.228229 
v -1.05401 2.82706 0.228229 
v -1.05401 2.82706 0.111993 
v -0.325564 2.96266 1.41126 
v -0.325564 2.8316 1.80446 
v -0.325564 2.8316 1.41126 
v -0.937771 2.9672 -0.100758 
v -1.05401 2.9672 0.111993 
v 0.271973 2.98876 0.319179 
v 0.854043 2.96266 0.886988 
v 0.854043 2.8316 1.01806 
v 0.854043 2.8316 0.886988 
v 0.98511 2.96266 1.01806 
v 0.98511 2.8316 1.93553 
v 0.98511 2.8316 1.01806 
v 0.329773 2.96266 0.493786 
v 0.329773 2.8316 0.886988 
v 0.329773 2.8316 0.493786 
v 0.329773 2.96266 0.886988 
v 0.854043 2.96266 1.01806 
v 0.98511 2.96266 1.93553 
v -1.05401 2.82706 2.22001 
v -1.05401 2.82706 2.10377 
v -1.05401 2.9672 2.22001 
v -0.937772 2.9672 2.22001 
v -0.937772 2.82706 2.43276 
v -0.937772 2.82706 2.22001 
v -0.325564 2.96266 1.80446 
v -1.05401 2.9672 2.10377 
v -0.937772 2.9672 2.43276 
v 0.722975 2.96266 2.06659 
v 0.722975 2.8316 2.19766 
v 0.722975 2.8316 2.06659 
v 0.854042 2.96266 1.93553 
v 0.854042 2.8316 2.06659 
v 0.854042 2.8316 1.93553 
v 1.26676 2.82706 2.43276 
v 1.26676 2.82706 2.10377 
v 1.26676 2.9672 2.10377 
v 0.722975 2.96266 2.19766 
v 0.854042 2.96266 2.06659 
v 1.26676 2.9672 2.43276 
v -0.93777 3.31099 -0.371941 
v -0.93777 3.09824 -0.231799 
v -0.93777 3.09824 -0.371941 
v -1.05401 3.31099 -0.231799 
v -1.05401 3.31099 -0.371941 
v -1.05401 3.42723 -0.371941 
v 0.0634294 4.47919 -0.236336 
v 0.0634294 4.34812 -0.367403 
v 0.0634294 4.47919 -0.367403 
v -0.329773 5.00346 -0.367404 
v -0.329773 4.47919 -0.236336 
v -0.329773 4.47919 -0.367404 
v -1.05401 5.41901 -0.371941 
v -1.05401 5.30277 -0.231799 
v -1.05401 5.30277 -0.371941 
v -0.93777 5.41901 -0.231799 
v -0.93777 5.41901 -0.371941 
v -0.93777 5.63176 -0.371941 
v 0.194497 4.34812 -0.236336 
v 0.194497 4.21706 -0.367403 
v 0.194497 4.34812 -0.367403 
v 0.271974 3.51818 -0.393495 
v 0.271974 3.16506 -0.210244 
v 0.271974 3.16506 -0.393495 
v 0.325564 4.21706 -0.367403 
v 0.325564 3.69279 -0.236336 
v 0.325564 3.69279 -0.367403 
v 0.980901 5.13453 -0.236336 
v 0.980901 4.61026 -0.367403 
v 0.980901 5.13453 -0.367403 
v 0.718766 5.39666 -0.236336 
v 0.718766 5.26559 -0.367403 
v 0.718766 5.39666 -0.367403 
v 0.849834 5.26559 -0.236336 
v 0.849834 5.13453 -0.367403 
v 0.849834 5.26559 -0.367403 
v -0.329773 5.00346 -0.236336 
v -0.93777 3.31099 -0.231799 
v -1.05401 3.42723 -0.231799 
v 0.0634294 4.34812 -0.236336 
v -1.05401 5.41901 -0.231799 
v -0.93777 5.63176 -0.231799 
v 0.194497 4.21706 -0.236336 
v 0.325564 4.21706 -0.236336 
v 0.271974 3.51818 -0.210244 
v 0.980901 4.61026 -0.236336 
v 0.718766 5.26559 -0.236336 
v 0.849834 5.13453 -0.236336 
v 1.26676 2.9672 -0.100758 
v 1.26676 2.82706 0.228229 
v 1.26676 2.82706 -0.100758 
v 1.26676 3.42723 -0.37194 
v 1.26676 3.09824 -0.231798 
v 1.26676 3.09824 -0.37194 
v 1.26676 2.9672 0.228229 
v 1.26676 3.42723 -0.231798 
v 1.5334 4.21706 0.18089 
v 1.5334 5.13453 0.311957 
v 1.5334 4.21706 0.311957 
v 1.5334 4.08599 0.836227 
v 1.5334 4.47919 0.836227 
v 1.5334 4.34812 1.22943 
v 1.53794 3.09824 0.228229 
v 1.53794 3.09824 -0.100758 
v 1.53794 3.31099 0.111993 
v 1.53794 3.31099 0.228229 
v 1.53794 3.42723 -0.100758 
v 1.53794 3.42723 0.111993 
v 1.5334 4.08599 0.311957 
v 1.5334 3.69279 1.49156 
v 1.5334 3.69279 0.836227 
v 1.5334 4.21706 1.3605 
v 1.5334 4.21706 1.49156 
v 1.5334 4.47919 1.22943 
v 1.5334 4.34812 1.3605 
v 1.53794 3.09824 2.10377 
v 1.53794 3.31099 2.22001 
v 1.53794 3.09824 2.43276 
v 1.53794 3.31099 2.10377 
v 1.53794 3.42723 2.43276 
v 1.5595 3.51818 0.894027 
v 1.5595 3.16506 1.43797 
v 1.5595 3.16506 0.894027 
v 1.5595 3.51818 1.43797 
v 1.53794 3.42723 2.22001 
v 1.5334 5.00346 0.836227 
v 1.5334 5.26559 0.443025 
v 1.5334 5.39666 0.443025 
v 1.5334 5.26559 0.311957 
v 1.26676 5.63176 -0.37194 
v 1.26676 5.30277 -0.231798 
v 1.26676 5.30277 -0.37194 
v 1.26676 5.63176 -0.231798 
v 1.53794 5.30277 0.111993 
v 1.53794 5.30277 -0.100758 
v 1.53794 5.41901 0.111993 
v 1.5334 5.13453 0.18089 
v 1.53794 5.63176 -0.100758 
v 1.53794 5.63176 0.228229 
v 1.53794 5.41901 0.228229 
v 1.5334 5.39666 1.88477 
v 1.5334 5.00346 1.49156 
v 1.5334 5.13453 2.01583 
v 1.5334 4.61026 1.49156 
v 1.5334 4.61026 2.1469 
v 1.5334 5.26559 1.88477 
v 1.5334 5.26559 2.01583 
v 1.5334 5.13453 2.1469 
v 1.53794 5.41901 2.22001 
v 1.53794 5.30277 2.43276 
v 1.53794 5.30277 2.22001 
v 1.53794 5.63176 2.43276 
v 1.53794 5.41901 2.10377 
v 1.53794 5.63176 2.10377 
v -1.53794 3.31099 0.228228 
v -1.3978 3.31099 0.111992 
v -1.53794 3.31099 0.111992 
v -1.3978 3.31099 0.228228 
v -1.53794 3.42723 0.111992 
v -1.3978 3.42723 -0.100759 
v -1.53794 3.42723 -0.100759 
v -1.3978 3.42723 0.111992 
v -1.5334 4.21706 0.840436 
v -1.40234 4.21706 0.971503 
v -1.40234 4.21706 0.840436 
v -1.05401 3.42723 -0.231799 
v -1.26676 3.42723 -0.371941 
v -1.26676 3.42723 -0.231799 
v -1.05401 3.31099 -0.371941 
v -0.93777 3.31099 -0.231799 
v -0.93777 3.31099 -0.371941 
v -1.05401 3.31099 -0.231799 
v -1.05401 3.42723 -0.371941 
v -0.271972 3.51818 -0.210245 
v 0.271974 3.51818 -0.393495 
v -0.271972 3.51818 -0.393495 
v 0.271974 3.51818 -0.210244 
v -1.5334 4.21706 0.971503 
v -1.53794 3.31099 2.22001 
v -1.3978 3.31099 2.10377 
v -1.53794 3.31099 2.10377 
v -1.53794 3.42723 2.43276 
v -1.3978 3.42723 2.43276 
v -1.53794 3.42723 2.22001 
v -1.5595 3.51818 1.43797 
v -1.37624 3.51818 0.894027 
v -1.55949 3.51818 0.894027 
v -1.5334 4.34812 1.10257 
v -1.40234 4.34812 0.971503 
v -1.5334 4.34812 0.971503 
v -1.5334 4.47919 1.49577 
v -1.40234 4.47919 1.10257 
v -1.5334 4.47919 1.10257 
v -1.40234 4.34812 1.10257 
v -1.3978 3.31099 2.22001 
v -1.3978 3.42723 2.22001 
v -1.37624 3.51818 1.43797 
v -1.40234 4.47919 1.49577 
v -0.329773 4.47919 -0.236336 
v 0.0634294 4.47919 -0.367403 
v -0.329773 4.47919 -0.367404 
v -1.3978 5.63176 0.228228 
v -1.53794 5.63176 -0.100759 
v -1.53794 5.63176 0.228228 
v -1.5334 5.13453 0.316166 
v -1.40234 5.13453 0.185099 
v -1.5334 5.13453 0.185099 
v -1.3978 5.63176 -0.100759 
v -1.26676 5.63176 -0.371941 
v -0.93777 5.63176 -0.231799 
v -0.93777 5.63176 -0.371941 
v -1.26676 5.63176 -0.231799 
v -0.854042 5.13453 -0.236336 
v -0.98511 5.13453 -0.367404 
v -0.98511 5.13453 -0.236336 
v -0.854042 5.13453 -0.367404 
v 0.0634294 4.47919 -0.236336 
v -0.854042 5.26559 -0.236336 
v -0.722975 5.26559 -0.367404 
v -0.854042 5.26559 -0.367404 
v -0.722975 5.26559 -0.236336 
v -0.722975 5.39666 -0.236336 
v 0.718766 5.39666 -0.236336 
v -0.722975 5.39666 -0.367404 
v -1.40234 5.13453 0.316166 
v -1.40234 5.26559 2.02004 
v -1.5334 5.26559 1.88898 
v -1.5334 5.26559 2.02004 
v -1.5334 5.13453 2.15111 
v -1.40234 5.13453 2.02004 
v -1.5334 5.13453 2.02004 
v -1.40234 5.26559 0.447234 
v -1.5334 5.26559 0.316166 
v -1.5334 5.26559 0.447234 
v -1.5334 5.39666 1.88898 
v -1.40234 5.39666 0.447234 
v -1.5334 5.39666 0.447234 
v -1.53794 5.63176 2.10377 
v -1.53794 5.63176 2.43276 
v -1.3978 5.63176 2.43276 
v -1.40234 5.26559 1.88898 
v -1.40234 5.26559 0.316166 
v -1.40234 5.13453 2.15111 
v -1.40234 5.39666 1.88898 
v -1.3978 5.63176 2.10377 
v 0.0634294 4.34812 -0.236336 
v 0.194497 4.34812 -0.367403 
v 0.0634294 4.34812 -0.367403 
v 1.05401 3.31099 -0.231798 
v 1.05401 3.31099 -0.37194 
v 0.937772 3.31099 -0.37194 
v 0.937772 3.31099 -0.231798 
v 0.194497 4.21706 -0.236336 
v 0.325564 4.21706 -0.367403 
v 0.194497 4.21706 -0.367403 
v 0.194497 4.34812 -0.236336 
v 0.325564 4.21706 -0.236336 
v 1.05401 3.42723 -0.231798 
v 1.26676 3.42723 -0.231798 
v 1.05401 3.42723 -0.37194 
v 1.3978 3.31099 0.228229 
v 1.53794 3.31099 0.111993 
v 1.3978 3.31099 0.111993 
v 1.53794 3.31099 0.228229 
v 1.26676 3.42723 -0.37194 
v 1.3978 3.42723 -0.100758 
v 1.53794 3.42723 0.111993 
v 1.53794 3.42723 -0.100758 
v 1.3978 3.42723 0.111993 
v 1.40234 4.47919 1.22943 
v 1.5334 4.47919 0.836227 
v 1.40234 4.47919 0.836227 
v 1.3978 3.31099 2.22001 
v 1.53794 3.31099 2.10377 
v 1.3978 3.31099 2.10377 
v 1.3978 3.42723 2.43276 
v 1.53794 3.42723 2.22001 
v 1.3978 3.42723 2.22001 
v 1.5595 3.51818 1.43797 
v 1.37624 3.51818 0.894027 
v 1.37624 3.51818 1.43797 
v 1.40234 4.34812 1.3605 
v 1.5334 4.34812 1.22943 
v 1.40234 4.34812 1.22943 
v 1.40234 4.21706 1.49156 
v 1.5334 4.21706 1.3605 
v 1.40234 4.21706 1.3605 
v 1.5334 4.34812 1.3605 
v 1.53794 3.31099 2.22001 
v 1.53794 3.42723 2.43276 
v 1.5595 3.51818 0.894027 
v 1.5334 4.21706 1.49156 
v 1.5334 4.47919 1.22943 
v 0.849834 5.13453 -0.367403 
v 0.980901 5.13453 -0.236336 
v 0.980901 5.13453 -0.367403 
v 0.849834 5.13453 -0.236336 
v 0.718766 5.26559 -0.236336 
v 0.849834 5.26559 -0.367403 
v 0.718766 5.26559 -0.367403 
v 0.718766 5.39666 -0.367403 
v 0.849834 5.26559 -0.236336 
v 1.26676 5.63176 -0.231798 
v 0.937772 5.63176 -0.37194 
v 0.937772 5.63176 -0.231798 
v 1.26676 5.63176 -0.37194 
v 1.40234 5.13453 0.311957 
v 1.5334 5.13453 0.18089 
v 1.40234 5.13453 0.18089 
v 1.53794 5.63176 0.228229 
v 1.3978 5.63176 -0.100758 
v 1.3978 5.63176 0.228229 
v 1.53794 5.63176 -0.100758 
v 1.5334 5.13453 0.311957 
v 1.40234 5.26559 2.01583 
v 1.5334 5.26559 1.88477 
v 1.40234 5.26559 1.88477 
v 1.40234 5.13453 2.1469 
v 1.5334 5.13453 2.01583 
v 1.40234 5.13453 2.01583 
v 1.40234 5.26559 0.443025 
v 1.5334 5.26559 0.311957 
v 1.40234 5.26559 0.311957 
v 1.40234 5.39666 1.88477 
v 1.5334 5.39666 0.443025 
v 1.40234 5.39666 0.443025 
v 1.3978 5.63176 2.10377 
v 1.3978 5.63176 2.43276 
v 1.53794 5.63176 2.43276 
v 1.5334 5.39666 1.88477 
v 1.5334 5.26559 2.01583 
v 1.5334 5.13453 2.1469 
v 1.5334 5.26559 0.443025 
v 1.53794 5.63176 2.10377 
v -1.05401 2.9672 0.111993 
v -1.05401 2.82706 0.111993 
v -0.937771 2.82706 0.111993 
v -1.26676 2.9672 0.228229 
v -1.26676 2.82706 0.228229 
v -1.05401 2.82706 0.228229 
v -1.05401 2.9672 0.228229 
v -1.3978 3.09824 0.228228 
v -1.53794 3.31099 0.228228 
v -1.53794 3.09824 0.228228 
v -1.3978 3.31099 0.228228 
v -0.937771 2.9672 0.111993 
v -0.194497 2.8316 1.01806 
v -0.325564 2.96266 1.01806 
v -0.325564 2.8316 1.01806 
v -0.194497 2.96266 1.14912 
v -0.0634292 2.8316 1.14912 
v -0.0634292 2.96266 1.14912 
v -0.194497 2.96266 1.01806 
v 0.271973 2.98876 0.319179 
v -0.271973 2.98876 0.319179 
v -0.271973 2.80551 0.319179 
v -0.194497 2.8316 1.14912 
v -0.937772 2.9672 2.43276 
v -1.26676 2.9672 2.43276 
v -1.26676 2.82706 2.43276 
v -0.937772 2.82706 2.43276 
v -1.3978 3.09824 2.43276 
v -1.53794 3.42723 2.43276 
v -1.53794 3.09824 2.43276 
v -1.37624 3.16506 1.43797 
v -1.5595 3.51818 1.43797 
v -1.5595 3.16506 1.43797 
v -1.3978 3.42723 2.43276 
v -0.849834 2.8316 1.93553 
v -0.980901 2.96266 1.93553 
v -0.980901 2.8316 1.93553 
v -0.718766 2.8316 2.06659 
v -0.849834 2.96266 2.06659 
v -0.849834 2.8316 2.06659 
v -0.718766 2.8316 2.19766 
v 0.722975 2.8316 2.19766 
v -0.718766 2.96266 2.19766 
v -0.849834 2.96266 1.93553 
v -0.718766 2.96266 2.06659 
v -1.3978 3.31099 0.111992 
v -1.53794 3.42723 0.111992 
v -1.53794 3.31099 0.111992 
v -1.40234 3.69279 1.49577 
v -1.5334 4.08599 1.49577 
v -1.5334 3.69279 1.49577 
v -1.40234 4.08599 1.49577 
v -1.40234 4.61026 0.840436 
v -1.5334 5.00346 0.840436 
v -1.5334 4.61026 0.840436 
v -1.3978 5.30277 0.111992 
v -1.53794 5.41901 0.111992 
v -1.53794 5.30277 0.111992 
v -1.3978 5.41901 0.228228 
v -1.53794 5.63176 0.228228 
v -1.53794 5.41901 0.228228 
v -1.40234 5.00346 0.840436 
v -1.3978 3.42723 0.111992 
v -1.37624 3.51818 1.43797 
v -1.3978 5.41901 0.111992 
v -1.3978 5.63176 0.228228 
v -1.40234 5.39666 1.88898 
v -1.5334 5.26559 1.88898 
v -1.40234 5.26559 1.88898 
v -1.5334 4.08599 2.02004 
v -1.40234 4.21706 2.02004 
v -1.5334 4.21706 2.02004 
v -1.5334 5.13453 2.02004 
v -1.40234 5.26559 2.02004 
v -1.5334 5.26559 2.02004 
v -1.5334 5.39666 1.88898 
v -1.53794 5.63176 2.43276 
v -1.53794 5.30277 2.43276 
v -1.3978 5.30277 2.43276 
v -1.40234 4.21706 2.15111 
v -1.5334 5.13453 2.15111 
v -1.5334 4.21706 2.15111 
v -1.40234 4.08599 2.02004 
v -1.40234 5.13453 2.15111 
v -1.40234 5.13453 2.02004 
v -1.3978 5.63176 2.43276 
v 0.329773 2.8316 1.28019 
v -0.0634292 2.96266 1.28019 
v -0.0634292 2.8316 1.28019 
v 1.05401 2.82706 0.111993 
v 0.937771 2.9672 0.111993 
v 0.937771 2.82706 0.111993 
v 0.271973 2.80551 0.319179 
v 0.329773 2.96266 1.28019 
v 1.05401 2.9672 0.111993 
v 1.05401 2.9672 0.228229 
v 1.05401 2.82706 0.228229 
v 1.26676 2.9672 0.228229 
v 1.26676 2.82706 0.228229 
v 1.3978 3.31099 0.228229 
v 1.3978 3.09824 0.228229 
v 1.53794 3.09824 0.228229 
v 1.53794 3.31099 0.228229 
v 1.53794 3.31099 0.111993 
v 1.3978 3.42723 0.111993 
v 1.3978 3.31099 0.111993 
v 1.53794 3.42723 0.111993 
v 1.5595 3.16506 1.43797 
v 1.37624 3.51818 1.43797 
v 1.37624 3.16506 1.43797 
v 0.98511 2.8316 1.93553 
v 0.854042 2.96266 1.93553 
v 0.854042 2.8316 1.93553 
v 0.854042 2.8316 2.06659 
v 0.722975 2.96266 2.06659 
v 0.722975 2.8316 2.06659 
v 0.854042 2.96266 2.06659 
v 0.722975 2.96266 2.19766 
v 0.98511 2.96266 1.93553 
v 1.26676 2.9672 2.43276 
v 0.93777 2.82706 2.43276 
v 1.26676 2.82706 2.43276 
v 0.93777 2.9672 2.43276 
v 1.53794 3.09824 2.43276 
v 1.3978 3.42723 2.43276 
v 1.3978 3.09824 2.43276 
v 1.53794 3.42723 2.43276 
v 1.5595 3.51818 1.43797 
v 1.5334 4.34812 1.22943 
v 1.40234 4.47919 1.22943 
v 1.40234 4.34812 1.22943 
v 1.40234 4.21706 1.3605 
v 1.5334 4.34812 1.3605 
v 1.40234 4.34812 1.3605 
v 1.5334 4.47919 0.836227 
v 1.40234 5.00346 0.836227 
v 1.40234 4.47919 0.836227 
v 1.53794 5.30277 0.111993 
v 1.3978 5.41901 0.111993 
v 1.3978 5.30277 0.111993 
v 1.53794 5.41901 0.228229 
v 1.3978 5.63176 0.228229 
v 1.3978 5.41901 0.228229 
v 1.5334 5.00346 0.836227 
v 1.5334 4.47919 1.22943 
v 1.5334 4.21706 1.3605 
v 1.53794 5.41901 0.111993 
v 1.53794 5.63176 0.228229 
v 1.5334 4.21706 1.49156 
v 1.40234 3.69279 1.49156 
v 1.5334 3.69279 1.49156 
v 1.5334 5.13453 2.01583 
v 1.40234 5.26559 2.01583 
v 1.40234 5.13453 2.01583 
v 1.5334 4.61026 2.1469 
v 1.40234 5.13453 2.1469 
v 1.40234 4.61026 2.1469 
v 1.40234 5.26559 1.88477 
v 1.5334 5.39666 1.88477 
v 1.40234 5.39666 1.88477 
v 1.3978 5.63176 2.43276 
v 1.3978 5.30277 2.43276 
v 1.53794 5.30277 2.43276 
v 1.40234 4.21706 1.49156 
v 1.5334 5.26559 2.01583 
v 1.5334 5.13453 2.1469 
v 1.5334 5.26559 1.88477 
v 1.53794 5.63176 2.43276 
v -1.53794 3.31099 0.111992 
v -1.53794 3.42723 -0.100759 
v -1.53794 3.09824 -0.100759 
v -1.53794 3.09824 0.228228 
v -1.53794 3.31099 0.228228 
v -1.5595 3.16506 1.43797 
v -1.55949 3.51818 0.894027 
v -1.5595 3.16506 0.894027 
v -1.53794 3.42723 0.111992 
v -1.5334 3.69279 0.840436 
v -1.5334 4.21706 0.971503 
v -1.5334 4.21706 0.840436 
v -1.5334 4.34812 1.10257 
v -1.5334 4.34812 0.971503 
v -1.26676 2.82706 -0.100758 
v -1.26676 2.9672 0.228229 
v -1.26676 2.9672 -0.100758 
v -1.26676 2.82706 0.228229 
v -1.26676 3.42723 -0.231799 
v -1.26676 3.09824 -0.371941 
v -1.26676 3.09824 -0.231799 
v -1.26676 3.42723 -0.371941 
v -1.5334 4.08599 1.49577 
v -1.53794 3.31099 2.22001 
v -1.53794 3.31099 2.10377 
v -1.53794 3.09824 2.10377 
v -1.53794 3.09824 2.43276 
v -1.53794 3.42723 2.43276 
v -1.5595 3.51818 1.43797 
v -1.53794 3.42723 2.22001 
v -1.5334 4.21706 2.02004 
v -1.5334 4.47919 1.49577 
v -1.26676 2.9672 2.43276 
v -1.26676 2.9672 2.10377 
v -1.26676 2.82706 2.10377 
v -1.26676 2.82706 2.43276 
v -1.5334 3.69279 1.49577 
v -1.5334 4.08599 2.02004 
v -1.5334 4.47919 1.10257 
v -1.53794 5.41901 0.111992 
v -1.53794 5.30277 -0.100759 
v -1.53794 5.30277 0.111992 
v -1.5334 5.00346 1.49577 
v -1.5334 5.39666 0.447234 
v -1.5334 5.00346 0.840436 
v -1.53794 5.63176 -0.100759 
v -1.53794 5.63176 0.228228 
v -1.53794 5.41901 0.228228 
v -1.5334 4.61026 0.185099 
v -1.5334 5.13453 0.316166 
v -1.5334 5.13453 0.185099 
v -1.5334 4.61026 0.840436 
v -1.5334 5.26559 0.447234 
v -1.5334 5.26559 0.316166 
v -1.5334 5.39666 1.88898 
v -1.5334 5.26559 1.88898 
v -1.53794 5.30277 2.43276 
v -1.53794 5.41901 2.22001 
v -1.53794 5.30277 2.22001 
v -1.53794 5.63176 2.43276 
v -1.53794 5.63176 2.10377 
v -1.53794 5.41901 2.10377 
v -1.5334 5.13453 2.02004 
v -1.5334 5.26559 2.02004 
v -1.5334 4.21706 2.15111 
v -1.5334 5.13453 2.15111 
v -1.26676 5.63176 -0.231799 
v -1.26676 5.30277 -0.371941 
v -1.26676 5.30277 -0.231799 
v -0.271973 2.98876 0.319179 
v -0.271973 2.80551 -0.0339439 
v -0.271973 2.80551 0.319179 
v -0.194497 2.96266 1.14912 
v -0.194497 2.8316 1.01806 
v -0.194497 2.8316 1.14912 
v -0.325564 2.96266 1.01806 
v -0.325564 2.8316 0.493786 
v -0.325564 2.8316 1.01806 
v -0.325564 2.96266 0.493786 
v -0.194497 2.96266 1.01806 
v -0.0634292 2.96266 1.28019 
v -0.0634292 2.8316 1.14912 
v -0.0634292 2.8316 1.28019 
v 0.937771 2.82706 0.111993 
v 0.937771 2.9672 0.111993 
v 0.937771 2.82706 -0.100758 
v 1.05401 2.82706 0.228229 
v 1.05401 2.9672 0.111993 
v 1.05401 2.82706 0.111993 
v -0.0634292 2.96266 1.14912 
v 0.937771 2.9672 -0.100758 
v 1.05401 2.9672 0.228229 
v 0.329773 2.8316 1.28019 
v 0.329773 2.96266 1.80446 
v 0.329773 2.96266 1.28019 
v -0.980901 2.96266 1.93553 
v -0.980901 2.8316 1.41126 
v -0.980901 2.8316 1.93553 
v -0.849834 2.96266 2.06659 
v -0.849834 2.8316 1.93553 
v -0.849834 2.8316 2.06659 
v -0.980901 2.96266 1.41126 
v -0.849834 2.96266 1.93553 
v -0.718766 2.8316 2.06659 
v -0.718766 2.96266 2.19766 
v -0.718766 2.96266 2.06659 
v -0.718766 2.8316 2.19766 
v 1.05401 2.82706 2.22001 
v 1.05401 2.9672 2.10377 
v 1.05401 2.82706 2.10377 
v 0.93777 2.82706 2.43276 
v 0.93777 2.9672 2.22001 
v 0.93777 2.82706 2.22001 
v 0.329773 2.8316 1.80446 
v 1.05401 2.9672 2.22001 
v 0.93777 2.9672 2.43276 
v -0.271973 2.98876 -0.0339439 
v -0.98511 4.21706 -0.236337 
v -0.98511 5.13453 -0.367404 
v -0.98511 4.21706 -0.367404 
v -0.854042 4.08599 -0.367404 
v -0.854042 4.21706 -0.236336 
v -0.854042 4.21706 -0.367404 
v -0.854042 5.13453 -0.236336 
v -0.854042 5.26559 -0.367404 
v -0.854042 5.13453 -0.367404 
v -1.26676 5.63176 -0.371941 
v -0.722975 5.26559 -0.236336 
v -0.722975 5.39666 -0.367404 
v -0.722975 5.26559 -0.367404 
v -0.329773 3.69279 -0.236336 
v -0.329773 4.08599 -0.367404 
v -0.329773 3.69279 -0.367404 
v -0.271972 3.16506 -0.210245 
v -0.271972 3.51818 -0.393495 
v -0.271972 3.16506 -0.393496 
v 0.937772 3.09824 -0.231798 
v 0.937772 3.31099 -0.37194 
v 0.937772 3.09824 -0.37194 
v 1.05401 3.31099 -0.37194 
v 1.05401 3.42723 -0.231798 
v 1.05401 3.42723 -0.37194 
v 1.05401 5.41901 -0.231798 
v 1.05401 5.41901 -0.37194 
v 1.05401 5.30277 -0.37194 
v 0.937772 5.41901 -0.231798 
v 0.937772 5.63176 -0.37194 
v 0.937772 5.41901 -0.37194 
v 0.325564 4.61026 -0.236336 
v 0.325564 5.00346 -0.367403 
v 0.325564 4.61026 -0.367403 
v -0.854042 4.08599 -0.236336 
v -0.329773 4.08599 -0.236336 
v -0.98511 5.13453 -0.236336 
v -0.854042 5.26559 -0.236336 
v -0.722975 5.39666 -0.236336 
v -0.271972 3.51818 -0.210245 
v 0.937772 3.31099 -0.231798 
v 1.05401 3.31099 -0.231798 
v 0.325564 5.00346 -0.236336 
v 1.05401 5.30277 -0.231798 
v 0.937772 5.63176 -0.231798 
v -0.937771 2.82706 -0.100758 
v -1.05401 2.82706 0.111993 
v -1.26676 2.82706 -0.100758 
v -1.26676 2.82706 0.228229 
v -1.05401 2.82706 0.228229 
v -1.3978 3.09824 -0.100759 
v -1.53794 3.09824 0.228228 
v -1.53794 3.09824 -0.100759 
v -0.93777 3.09824 -0.231799 
v -1.26676 3.09824 -0.231799 
v -1.26676 3.09824 -0.371941 
v -1.3978 3.09824 0.228228 
v -1.37624 3.16506 0.894027 
v -1.5595 3.16506 1.43797 
v -1.5595 3.16506 0.894027 
v -0.93777 3.09824 -0.371941 
v -0.937771 2.82706 0.111993 
v 0.271973 2.80551 -0.0339438 
v -0.271973 2.80551 0.319179 
v -0.271973 2.80551 -0.0339439 
v -0.325564 2.8316 0.493786 
v -0.194497 2.8316 1.01806 
v -0.325564 2.8316 1.01806 
v -0.0634292 2.8316 1.14912 
v -0.194497 2.8316 1.14912 
v 0.329773 2.8316 0.886988 
v -1.37624 3.16506 1.43797 
v -1.05401 2.82706 2.22001 
v -1.26676 2.82706 2.10377 
v -1.05401 2.82706 2.10377 
v -1.26676 2.82706 2.43276 
v -0.937772 2.82706 2.43276 
v -0.937772 2.82706 2.22001 
v -1.53794 3.09824 2.43276 
v -1.53794 3.09824 2.10377 
v -1.3978 3.09824 2.10377 
v -1.3978 3.09824 2.43276 
v -0.980901 2.8316 1.41126 
v -0.849834 2.8316 1.93553 
v -0.980901 2.8316 1.93553 
v -0.325564 2.8316 1.41126 
v -0.325564 2.8316 1.80446 
v -0.718766 2.8316 2.06659 
v -0.718766 2.8316 2.19766 
v 0.329773 2.8316 1.80446 
v -0.849834 2.8316 2.06659 
v 0.271974 3.16506 -0.393495 
v -0.271972 3.16506 -0.210245 
v -0.271972 3.16506 -0.393496 
v -1.26676 5.30277 -0.371941 
v -1.05401 5.30277 -0.231799 
v -1.26676 5.30277 -0.231799 
v -1.3978 5.30277 -0.100759 
v -1.53794 5.30277 0.111992 
v -1.53794 5.30277 -0.100759 
v -1.3978 5.30277 0.111992 
v -1.05401 5.30277 -0.231799 
v -1.26676 5.30277 -0.371941 
v -1.05401 5.30277 -0.371941 
v -1.05401 5.41901 -0.371941 
v -0.93777 5.41901 -0.231799 
v -1.05401 5.41901 -0.231799 
v -1.3978 5.41901 0.228228 
v -1.53794 5.41901 0.111992 
v -1.3978 5.41901 0.111992 
v -1.53794 5.41901 0.228228 
v -0.93777 5.41901 -0.371941 
v -0.329773 4.08599 -0.236336 
v -0.854042 4.08599 -0.367404 
v -0.329773 4.08599 -0.367404 
v 0.325564 3.69279 -0.367403 
v -0.329773 3.69279 -0.236336 
v -0.329773 3.69279 -0.367404 
v -0.854042 4.08599 -0.236336 
v -0.98511 4.21706 -0.367404 
v -0.854042 4.21706 -0.236336 
v -0.98511 4.21706 -0.236337 
v -0.854042 4.21706 -0.367404 
v 0.325564 5.00346 -0.367403 
v -0.329773 5.00346 -0.236336 
v -0.329773 5.00346 -0.367404 
v -1.40234 4.61026 0.840436 
v -1.5334 4.61026 0.185099 
v -1.40234 4.61026 0.185099 
v -1.40234 3.69279 0.840436 
v -1.5334 3.69279 1.49577 
v -1.5334 3.69279 0.840436 
v -1.5334 4.08599 1.49577 
v -1.40234 4.08599 2.02004 
v -1.5334 4.08599 2.02004 
v -1.40234 4.21706 2.15111 
v -1.5334 4.21706 2.15111 
v -1.5334 4.21706 2.02004 
v -1.5334 4.61026 0.840436 
v -1.53794 5.41901 2.22001 
v -1.53794 5.41901 2.10377 
v -1.3978 5.41901 2.22001 
v -1.53794 5.30277 2.43276 
v -1.53794 5.30277 2.22001 
v -1.3978 5.30277 2.43276 
v -1.40234 5.00346 0.840436 
v -1.5334 5.00346 1.49577 
v -1.5334 5.00346 0.840436 
v -1.5334 3.69279 1.49577 
v -1.40234 3.69279 0.840436 
v -1.40234 3.69279 1.49577 
v -1.40234 4.08599 1.49577 
v -1.40234 4.21706 2.02004 
v -1.40234 5.00346 1.49577 
v -1.3978 5.41901 2.10377 
v -1.3978 5.30277 2.22001 
v 0.329773 2.8316 1.28019 
v -0.0634292 2.8316 1.28019 
v 1.05401 2.82706 0.111993 
v 0.937771 2.82706 0.111993 
v 0.937771 2.82706 -0.100758 
v 0.271973 2.80551 0.319179 
v 0.854043 2.8316 1.01806 
v 0.854043 2.8316 0.886988 
v 0.271974 3.16506 -0.210244 
v 0.329773 2.8316 0.493786 
v 0.937772 3.09824 -0.37194 
v 1.26676 3.09824 -0.231798 
v 0.937772 3.09824 -0.231798 
v 1.26676 2.82706 -0.100758 
v 1.26676 2.82706 0.228229 
v 1.05401 2.82706 0.228229 
v 1.26676 3.09824 -0.37194 
v 1.53794 3.09824 -0.100758 
v 1.3978 3.09824 0.228229 
v 1.3978 3.09824 -0.100758 
v 1.53794 3.09824 0.228229 
v 0.98511 2.8316 1.93553 
v 0.98511 2.8316 1.01806 
v 0.854042 2.8316 1.93553 
v 0.722975 2.8316 2.06659 
v 0.854042 2.8316 2.06659 
v 0.722975 2.8316 2.19766 
v 1.05401 2.82706 2.22001 
v 1.05401 2.82706 2.10377 
v 1.26676 2.82706 2.10377 
v 0.93777 2.82706 2.43276 
v 0.93777 2.82706 2.22001 
v 1.26676 2.82706 2.43276 
v 1.3978 3.09824 2.43276 
v 1.3978 3.09824 2.10377 
v 1.53794 3.09824 2.10377 
v 1.53794 3.09824 2.43276 
v 1.5595 3.16506 0.894027 
v 1.5595 3.16506 1.43797 
v 1.37624 3.16506 1.43797 
v 0.980901 4.61026 -0.236336 
v 0.325564 4.61026 -0.367403 
v 0.980901 4.61026 -0.367403 
v 0.325564 3.69279 -0.236336 
v 0.325564 4.61026 -0.236336 
v 0.325564 5.00346 -0.236336 
v 1.05401 5.41901 -0.231798 
v 0.937772 5.41901 -0.37194 
v 1.05401 5.41901 -0.37194 
v 0.937772 5.41901 -0.231798 
v 1.05401 5.30277 -0.37194 
v 1.26676 5.30277 -0.231798 
v 1.05401 5.30277 -0.231798 
v 1.26676 5.30277 -0.37194 
v 1.53794 5.30277 0.111993 
v 1.3978 5.30277 0.111993 
v 1.3978 5.30277 -0.100758 
v 1.5334 4.21706 0.311957 
v 1.40234 4.21706 0.18089 
v 1.5334 4.21706 0.18089 
v 1.53794 5.30277 -0.100758 
v 1.53794 5.41901 0.228229 
v 1.3978 5.41901 0.111993 
v 1.53794 5.41901 0.111993 
v 1.3978 5.41901 0.228229 
v 1.40234 4.21706 0.311957 
v 1.40234 3.69279 1.49156 
v 1.40234 3.69279 0.836227 
v 1.5334 3.69279 0.836227 
v 1.37624 3.16506 0.894027 
v 1.40234 4.61026 2.1469 
v 1.40234 4.61026 1.49156 
v 1.5334 4.61026 1.49156 
v 1.40234 5.00346 1.49156 
v 1.40234 5.00346 0.836227 
v 1.5334 5.00346 0.836227 
v 1.3978 5.41901 2.22001 
v 1.3978 5.41901 2.10377 
v 1.53794 5.41901 2.22001 
v 1.3978 5.30277 2.43276 
v 1.3978 5.30277 2.22001 
v 1.53794 5.30277 2.22001 
v 1.40234 4.08599 0.836227 
v 1.40234 4.08599 0.311957 
v 1.5334 4.08599 0.311957 
v 1.5334 4.08599 0.836227 
v 1.5334 3.69279 1.49156 
v 1.5334 4.61026 2.1469 
v 1.5334 5.00346 1.49156 
v 1.53794 5.41901 2.10377 
v 1.53794 5.30277 2.43276 
v -0.93777 3.09824 -0.371941 
v -1.26676 3.09824 -0.371941 
v -1.05401 3.31099 -0.371941 
v -1.53794 3.42723 -0.100759 
v -1.3978 3.09824 -0.100759 
v -1.53794 3.09824 -0.100759 
v -0.937771 2.82706 -0.100758 
v -1.26676 2.82706 -0.100758 
v -1.26676 2.9672 -0.100758 
v -1.26676 3.42723 -0.371941 
v -1.05401 3.31099 -0.371941 
v -1.26676 3.09824 -0.371941 
v -1.05401 3.42723 -0.371941 
v -1.3978 3.42723 -0.100759 
v -1.5334 3.69279 0.840436 
v -1.5334 4.21706 0.840436 
v -1.40234 4.21706 0.840436 
v -0.937771 2.9672 -0.100758 
v -0.93777 3.31099 -0.371941 
v -0.93777 3.09824 -0.371941 
v 0.271973 2.80551 -0.0339438 
v -0.271973 2.80551 -0.0339439 
v -0.271973 2.98876 -0.0339439 
v 0.329773 2.8316 0.493786 
v -0.325564 2.8316 0.493786 
v -0.325564 2.96266 0.493786 
v -0.271972 3.51818 -0.393495 
v 0.271974 3.16506 -0.393495 
v -0.271972 3.16506 -0.393496 
v -0.854042 4.21706 -0.367404 
v -0.329773 4.08599 -0.367404 
v -0.854042 4.08599 -0.367404 
v -0.329773 4.47919 -0.367404 
v 0.325564 3.69279 -0.367403 
v -0.329773 3.69279 -0.367404 
v -1.40234 4.21706 0.840436 
v -1.40234 3.69279 0.840436 
v -1.5334 3.69279 0.840436 
v -1.55949 3.51818 0.894027 
v -1.37624 3.16506 0.894027 
v -1.5595 3.16506 0.894027 
v -1.53794 3.31099 2.10377 
v -1.3978 3.09824 2.10377 
v -1.53794 3.09824 2.10377 
v -1.3978 3.31099 2.10377 
v -1.53794 3.31099 2.22001 
v -1.53794 3.42723 2.22001 
v -1.3978 3.31099 2.22001 
v -1.37624 3.51818 0.894027 
v -1.40234 4.21706 0.971503 
v -1.5334 4.21706 0.971503 
v -1.40234 4.34812 0.971503 
v -1.3978 3.42723 2.22001 
v -1.05401 2.82706 2.10377 
v -1.26676 2.82706 2.10377 
v -1.26676 2.9672 2.10377 
v -0.325564 2.8316 1.41126 
v -0.980901 2.8316 1.41126 
v -0.980901 2.96266 1.41126 
v 0.329773 2.8316 1.80446 
v -0.325564 2.8316 1.80446 
v -0.325564 2.96266 1.80446 
v -0.937772 2.82706 2.22001 
v -1.05401 2.82706 2.22001 
v -0.937772 2.9672 2.22001 
v -0.325564 2.96266 1.41126 
v -1.05401 2.9672 2.10377 
v -1.05401 2.9672 2.22001 
v -1.5334 4.34812 0.971503 
v -1.26676 5.30277 -0.371941 
v -1.05401 5.41901 -0.371941 
v -1.05401 5.30277 -0.371941 
v -0.98511 4.21706 -0.367404 
v -0.854042 5.13453 -0.367404 
v -0.98511 5.13453 -0.367404 
v -1.53794 5.63176 -0.100759 
v -1.3978 5.30277 -0.100759 
v -1.53794 5.30277 -0.100759 
v -1.26676 5.63176 -0.371941 
v -0.93777 5.63176 -0.371941 
v -0.93777 5.41901 -0.371941 
v -0.722975 5.26559 -0.367404 
v -0.854042 5.26559 -0.367404 
v -0.329773 5.00346 -0.367404 
v 0.0634294 4.34812 -0.367403 
v -0.722975 5.39666 -0.367404 
v 0.718766 5.39666 -0.367403 
v -1.3978 5.63176 -0.100759 
v -1.5334 5.13453 0.185099 
v -1.40234 4.61026 0.185099 
v -1.5334 4.61026 0.185099 
v -1.5334 4.47919 1.10257 
v -1.40234 4.34812 1.10257 
v -1.5334 4.34812 1.10257 
v -1.5334 5.00346 1.49577 
v -1.40234 4.47919 1.49577 
v -1.5334 4.47919 1.49577 
v -1.5334 5.26559 0.316166 
v -1.40234 5.13453 0.316166 
v -1.5334 5.13453 0.316166 
v -1.5334 5.26559 0.447234 
v -1.5334 5.39666 0.447234 
v -1.40234 5.39666 0.447234 
v -1.53794 5.41901 2.10377 
v -1.53794 5.63176 2.10377 
v -1.3978 5.41901 2.10377 
v -1.3978 5.30277 2.22001 
v -1.53794 5.30277 2.22001 
v -1.53794 5.41901 2.22001 
v -1.40234 4.47919 1.10257 
v -1.40234 5.13453 0.185099 
v -1.40234 5.26559 0.316166 
v -1.40234 5.00346 1.49577 
v -1.40234 5.26559 0.447234 
v -1.3978 5.63176 2.10377 
v -1.3978 5.41901 2.22001 
v 0.0634294 4.47919 -0.367403 
v 1.26676 2.82706 -0.100758 
v 0.937771 2.82706 -0.100758 
v 0.937771 2.9672 -0.100758 
v 0.271973 2.80551 -0.0339438 
v -0.271973 2.98876 -0.0339439 
v 0.271973 2.98876 -0.0339438 
v 0.329773 2.96266 0.493786 
v 0.937772 3.09824 -0.37194 
v 1.05401 3.31099 -0.37194 
v 1.26676 3.09824 -0.37194 
v 0.271974 3.51818 -0.393495 
v 0.937772 3.31099 -0.37194 
v 0.194497 4.21706 -0.367403 
v 1.05401 3.42723 -0.37194 
v 1.26676 3.42723 -0.37194 
v 1.26676 2.9672 -0.100758 
v 1.3978 3.42723 -0.100758 
v 1.53794 3.09824 -0.100758 
v 1.3978 3.09824 -0.100758 
v 1.53794 3.42723 -0.100758 
v 1.40234 4.08599 0.836227 
v 1.5334 3.69279 0.836227 
v 1.40234 3.69279 0.836227 
v 1.5334 3.69279 0.836227 
v 1.40234 4.08599 0.836227 
v 1.5334 4.08599 0.836227 
v 0.854043 2.8316 0.886988 
v 0.329773 2.8316 0.886988 
v 0.329773 2.96266 0.886988 
v 0.854043 2.96266 0.886988 
v 0.98511 2.8316 1.01806 
v 0.854043 2.8316 1.01806 
v 0.98511 2.96266 1.01806 
v 0.93777 2.82706 2.22001 
v 1.05401 2.9672 2.22001 
v 1.05401 2.82706 2.22001 
v 0.854043 2.96266 1.01806 
v 0.329773 2.96266 1.80446 
v 1.26676 2.9672 2.10377 
v 1.05401 2.82706 2.10377 
v 1.05401 2.9672 2.10377 
v 0.93777 2.9672 2.22001 
v 1.26676 2.82706 2.10377 
v 1.37624 3.51818 0.894027 
v 1.5595 3.16506 0.894027 
v 1.37624 3.16506 0.894027 
v 1.53794 3.09824 2.10377 
v 1.3978 3.09824 2.10377 
v 1.3978 3.31099 2.10377 
v 1.53794 3.31099 2.10377 
v 1.3978 3.31099 2.22001 
v 1.3978 3.42723 2.22001 
v 1.53794 3.31099 2.22001 
v 1.5595 3.51818 0.894027 
v 1.53794 3.42723 2.22001 
v 0.325564 4.21706 -0.367403 
v 0.194497 4.34812 -0.367403 
v 0.849834 5.13453 -0.367403 
v 0.980901 4.61026 -0.367403 
v 0.325564 4.61026 -0.367403 
v 0.325564 5.00346 -0.367403 
v 0.718766 5.26559 -0.367403 
v 0.849834 5.26559 -0.367403 
v 1.05401 5.41901 -0.37194 
v 1.26676 5.30277 -0.37194 
v 1.05401 5.30277 -0.37194 
v 1.26676 5.63176 -0.37194 
v 0.980901 5.13453 -0.367403 
v 0.937772 5.41901 -0.37194 
v 0.937772 5.63176 -0.37194 
v 0.937772 5.63176 -0.37194 
v 1.26676 5.63176 -0.37194 
v 1.05401 5.41901 -0.37194 
v 1.53794 5.30277 -0.100758 
v 1.3978 5.63176 -0.100758 
v 1.53794 5.63176 -0.100758 
v 1.3978 5.30277 -0.100758 
v 1.40234 5.13453 0.18089 
v 1.5334 4.21706 0.18089 
v 1.40234 4.21706 0.18089 
v 1.40234 4.08599 0.311957 
v 1.40234 4.21706 0.311957 
v 1.5334 4.21706 0.311957 
v 1.40234 5.00346 1.49156 
v 1.5334 4.61026 1.49156 
v 1.40234 4.61026 1.49156 
v 1.40234 5.13453 0.311957 
v 1.40234 5.26559 0.311957 
v 1.5334 5.26559 0.311957 
v 1.40234 5.26559 0.443025 
v 1.40234 5.39666 0.443025 
v 1.5334 5.39666 0.443025 
v 1.3978 5.63176 2.10377 
v 1.53794 5.41901 2.10377 
v 1.3978 5.41901 2.10377 
v 1.53794 5.30277 2.22001 
v 1.3978 5.30277 2.22001 
v 1.3978 5.41901 2.22001 
v 1.5334 5.26559 0.443025 
v 1.5334 5.13453 0.18089 
v 1.5334 4.08599 0.311957 
v 1.5334 5.00346 1.49156 
v 1.5334 5.13453 0.311957 
v 1.53794 5.63176 2.10377 
v 1.53794 5.41901 2.22001 

vn 1 0 0 
vn 1 0 0 
vn 1 0 0 
vn 1 0 0 
vn 1 0 0 
vn 1 0 0 
vn 1 0 0 
vn 1 0 0 
vn 1 0 0 
vn 1 0 0 
vn 1 0 0 
vn 1 0 0 
vn 1 0 0 
vn 1 0 0 
vn 1 0 0 
vn 1 0 0 
vn 1 0 0 
vn 1 0 0 
vn 1 0 0 
vn 1 0 0 
vn 1 0 0 
vn 1 0 0 
vn 1 0 0 
vn 1 0 0 
vn 1 0 0 
vn 1 0 0 
vn 1 0 0 
vn 1 0 0 
vn 1 0 0 
vn 1 0 0 
vn 1 0 0 
vn 1 0 0 
vn 1 0 0 
vn 1 0 0 
vn 1 0 0 
vn 1 0 0 
vn 1 0 0 
vn 1 0 0 
vn 1 0 0 
vn 1 0 0 
vn 1 0 0 
vn 1 0 0 
vn 1 0 0 
vn 1 0 0 
vn 1 0 0 
vn 1 0 0 
vn 1 0 0 
vn 1 0 0 
vn 1 0 0 
vn 1 0 0 
vn 1 0 0 
vn 1 0 0 
vn 1 0 0 
vn 1 0 0 
vn 1 0 0 
vn 1 0 0 
vn 1 0 0 
vn 1 0 0 
vn 1 0 0 
vn 1 0 0 
vn 1 0 0 
vn 1 0 0 
vn 1 0 0 
vn 1 0 0 
vn 1 0 0 
vn 1 0 0 
vn 1 0 0 
vn 1 0 0 
vn 1 0 0 
vn 1 0 0 
vn 1 0 0 
vn 1 0 0 
vn 1 0 0 
vn 1 0 0 
vn 1 0 0 
vn 1 0 0 
vn 1 0 0 
vn 1 0 0 
vn 1 0 0 
vn 1 0 0 
vn 1 0 0 
vn 1 0 0 
vn 1 0 0 
vn 1 0 0 
vn 1 0 0 
vn 1 0 0 
vn 1 0 0 
vn 1 0 0 
vn 1 0 0 
vn 1 0 0 
vn 1 0 0 
vn 1 0 0 
vn 1 0 0 
vn 1 0 0 
vn 1 0 0 
vn 1 0 0 
vn 1 0 0 
vn 1 0 0 
vn 1 0 0 
vn 1 0 0 
vn 1 0 0 
vn 1 0 0 
vn 1 0 0 
vn 1 0 0 
vn 1 0 0 
vn 1 0 0 
vn 1 0 0 
vn 1 0 0 
vn 1 0 0 
vn 1 0 0 
vn 1 0 0 
vn 1 0 0 
vn 1 0 0 
vn 1 0 0 
vn 1 0 0 
vn 1 0 0 
vn 1 0 0 
vn 1 0 0 
vn 1 0 0 
vn 1 0 0 
vn 1 0 0 
vn 1 0 0 
vn 1 0 0 
vn 1 0 0 
vn 1 0 0 
vn 1 0 0 
vn 1 0 0 
vn 1 0 0 
vn 1 0 0 
vn 1 0 0 
vn 1 0 0 
vn 1 0 0 
vn 1 0 0 
vn 1 0 0 
vn 1 0 0 
vn 1 0 0 
vn 1 0 0 
vn 1 0 0 
vn 1 0 0 
vn 1 0 0 
vn 1 0 0 
vn 1 0 0 
vn 1 0 0 
vn 1 0 0 
vn 1 0 0 
vn 1 0 0 
vn 1 0 0 
vn 1 0 0 
vn 1 0 0 
vn 1 0 0 
vn 1 0 0 
vn 1 0 0 
vn 1 0 0 
vn 1 0 0 
vn 1 0 0 
vn 1 0 0 
vn 1 0 0 
vn 1 0 0 
vn 1 0 0 
vn 1 0 0 
vn 1 0 0 
vn 1 0 0 
vn 0 1 0 
vn 0 1 0 
vn 0 1 0 
vn 0 1 0 
vn 0 1 0 
vn 0 1 0 
vn 0 1 0 
vn 0 1 0 
vn 0 1 0 
vn 0 1 0 
vn 0 1 0 
vn 0 1 0 
vn 0 1 0 
vn 0 1 0 
vn 0 1 0 
vn 0 1 0 
vn 0 1 0 
vn 0 1 0 
vn 0 1 0 
vn 0 1 0 
vn 0 1 0 
vn 0 1 0 
vn 0 1 0 
vn 0 1 0 
vn 0 1 0 
vn 0 1 0 
vn 0 1 0 
vn 0 1 0 
vn 0 1 0 
vn 0 1 0 
vn 0 1 0 
vn 0 1 0 
vn 0 1 0 
vn 0 1 0 
vn 0 1 0 
vn 0 1 0 
vn 0 1 0 
vn 0 1 0 
vn 0 1 0 
vn 0 1 0 
vn 0 1 0 
vn 0 1 0 
vn 0 1 0 
vn 0 1 0 
vn 0 1 0 
vn 0 1 0 
vn 0 1 0 
vn 0 1 0 
vn 0 1 0 
vn 0 1 0 
vn 0 1 0 
vn 0 1 0 
vn 0 1 0 
vn 0 1 0 
vn 0 1 0 
vn 0 1 0 
vn 0 1 0 
vn 0 1 0 
vn 0 1 0 
vn 0 1 0 
vn 0 1 0 
vn 0 1 0 
vn 0 1 0 
vn 0 1 0 
vn 0 1 0 
vn 0 1 0 
vn 0 1 0 
vn 0 1 0 
vn 0 1 0 
vn 0 1 0 
vn 0 1 0 
vn 0 1 0 
vn 0 1 0 
vn 0 1 0 
vn 0 1 0 
vn 0 1 0 
vn 0 1 0 
vn 0 1 0 
vn 0 1 0 
vn 0 1 0 
vn 0 1 0 
vn 0 1 0 
vn 0 1 0 
vn 0 1 0 
vn 0 1 0 
vn 0 1 0 
vn 0 1 0 
vn 0 1 0 
vn 0 1 0 
vn 0 1 0 
vn 0 1 0 
vn 0 1 0 
vn 0 1 0 
vn 0 1 0 
vn 0 1 0 
vn 0 1 0 
vn 0 1 0 
vn 0 1 0 
vn 0 1 0 
vn 0 1 0 
vn 0 1 0 
vn 0 1 0 
vn 0 1 0 
vn 0 1 0 
vn 0 1 0 
vn 0 1 0 
vn 0 1 0 
vn 0 1 0 
vn 0 1 0 
vn 0 1 0 
vn 0 1 0 
vn 0 1 0 
vn 0 1 0 
vn 0 1 0 
vn 0 1 0 
vn 0 1 0 
vn 0 1 0 
vn 0 1 0 
vn 0 1 0 
vn 0 1 0 
vn 0 1 0 
vn 0 1 0 
vn 0 1 0 
vn 0 1 0 
vn 0 1 0 
vn 0 1 0 
vn 0 1 0 
vn 0 1 0 
vn 0 1 0 
vn 0 1 0 
vn 0 1 0 
vn 0 1 0 
vn 0 1 0 
vn 0 1 0 
vn 0 1 0 
vn 0 1 0 
vn 0 1 0 
vn 0 1 0 
vn 0 1 0 
vn 0 1 0 
vn 0 1 0 
vn 0 1 0 
vn 0 1 0 
vn 0 1 0 
vn 0 1 0 
vn 0 1 0 
vn 0 1 0 
vn 0 1 0 
vn 0 1 0 
vn 0 1 0 
vn 0 1 0 
vn 0 1 0 
vn 0 1 0 
vn 0 1 0 
vn 0 1 0 
vn 0 1 0 
vn 0 1 0 
vn 0 1 0 
vn 0 1 0 
vn 0 1 0 
vn 0 1 0 
vn 0 1 0 
vn 0 1 0 
vn 0 1 0 
vn 0 1 0 
vn 0 1 0 
vn 0 1 0 
vn 0 1 0 
vn 0 1 0 
vn 0 1 0 
vn 0 1 0 
vn 0 1 0 
vn 0 1 0 
vn 0 1 0 
vn 0 1 0 
vn 0 1 0 
vn 0 1 0 
vn 0 1 0 
vn 0 1 0 
vn 0 1 0 
vn 0 0 1 
vn 0 0 1 
vn 0 0 1 
vn 0 0 1 
vn 0 0 1 
vn 0 0 1 
vn 0 0 1 
vn 0 0 1 
vn 0 0 1 
vn 0 0 1 
vn 0 0 1 
vn 0 0 1 
vn 0 0 1 
vn 0 0 1 
vn 0 0 1 
vn 0 0 1 
vn 0 0 1 
vn 0 0 1 
vn 0 0 1 
vn 0 0 1 
vn 0 0 1 
vn 0 0 1 
vn 0 0 1 
vn 0 0 1 
vn 0 0 1 
vn 0 0 1 
vn 0 0 1 
vn 0 0 1 
vn 0 0 1 
vn 0 0 1 
vn 0 0 1 
vn 0 0 1 
vn 0 0 1 
vn 0 0 1 
vn 0 0 1 
vn 0 0 1 
vn 0 0 1 
vn 0 0 1 
vn 0 0 1 
vn 0 0 1 
vn 0 0 1 
vn 0 0 1 
vn 0 0 1 
vn 0 0 1 
vn 0 0 1 
vn 0 0 1 
vn 0 0 1 
vn 0 0 1 
vn 0 0 1 
vn 0 0 1 
vn 0 0 1 
vn 0 0 1 
vn 0 0 1 
vn 0 0 1 
vn 0 0 1 
vn 0 0 1 
vn 0 0 1 
vn 0 0 1 
vn 0 0 1 
vn 0 0 1 
vn 0 0 1 
vn 0 0 1 
vn 0 0 1 
vn 0 0 1 
vn 0 0 1 
vn 0 0 1 
vn 0 0 1 
vn 0 0 1 
vn 0 0 1 
vn 0 0 1 
vn 0 0 1 
vn 0 0 1 
vn 0 0 1 
vn 0 0 1 
vn 0 0 1 
vn 0 0 1 
vn 0 0 1 
vn 0 0 1 
vn 0 0 1 
vn 0 0 1 
vn 0 0 1 
vn 0 0 1 
vn 0 0 1 
vn 0 0 1 
vn 0 0 1 
vn 0 0 1 
vn 0 0 1 
vn 0 0 1 
vn 0 0 1 
vn 0 0 1 
vn 0 0 1 
vn 0 0 1 
vn 0 0 1 
vn 0 0 1 
vn 0 0 1 
vn 0 0 1 
vn 0 0 1 
vn 0 0 1 
vn 0 0 1 
vn 0 0 1 
vn 0 0 1 
vn 0 0 1 
vn 0 0 1 
vn 0 0 1 
vn 0 0 1 
vn 0 0 1 
vn 0 0 1 
vn 0 0 1 
vn 0 0 1 
vn 0 0 1 
vn 0 0 1 
vn 0 0 1 
vn 0 0 1 
vn 0 0 1 
vn 0 0 1 
vn 0 0 1 
vn 0 0 1 
vn 0 0 1 
vn 0 0 1 
vn 0 0 1 
vn 0 0 1 
vn 0 0 1 
vn 0 0 1 
vn 0 0 1 
vn 0 0 1 
vn 0 0 1 
vn 0 0 1 
vn 0 0 1 
vn 0 0 1 
vn 0 0 1 
vn 0 0 1 
vn 0 0 1 
vn 0 0 1 
vn 0 0 1 
vn 0 0 1 
vn 0 0 1 
vn 0 0 1 
vn 0 0 1 
vn 0 0 1 
vn 0 0 1 
vn 0 0 1 
vn 0 0 1 
vn 0 0 1 
vn 0 0 1 
vn 0 0 1 
vn 0 0 1 
vn 0 0 1 
vn 0 0 1 
vn 0 0 1 
vn 0 0 1 
vn 0 0 1 
vn 0 0 1 
vn 0 0 1 
vn 0 0 1 
vn 0 0 1 
vn 0 0 1 
vn 0 0 1 
vn 0 0 1 
vn 0 0 1 
vn 0 0 1 
vn 0 0 1 
vn 0 0 1 
vn 0 0 1 
vn 0 0 1 
vn 0 0 1 
vn 0 0 1 
vn 0 0 1 
vn 0 0 1 
vn -1 0 0 
vn -1 0 0 
vn -1 0 0 
vn -1 0 0 
vn -1 0 0 
vn -1 0 0 
vn -1 0 0 
vn -1 0 0 
vn -1 0 0 
vn -1 0 0 
vn -1 0 0 
vn -1 0 0 
vn -1 0 0 
vn -1 0 0 
vn -1 0 0 
vn -1 0 0 
vn -1 0 0 
vn -1 0 0 
vn -1 0 0 
vn -1 0 0 
vn -1 0 0 
vn -1 0 0 
vn -1 0 0 
vn -1 0 0 
vn -1 0 0 
vn -1 0 0 
vn -1 0 0 
vn -1 0 0 
vn -1 0 0 
vn -1 0 0 
vn -1 0 0 
vn -1 0 0 
vn -1 0 0 
vn -1 0 0 
vn -1 0 0 
vn -1 0 0 
vn -1 0 0 
vn -1 0 0 
vn -1 0 0 
vn -1 0 0 
vn -1 0 0 
vn -1 0 0 
vn -1 0 0 
vn -1 0 0 
vn -1 0 0 
vn -1 0 0 
vn -1 0 0 
vn -1 0 0 
vn -1 0 0 
vn -1 0 0 
vn -1 0 0 
vn -1 0 0 
vn -1 0 0 
vn -1 0 0 
vn -1 0 0 
vn -1 0 0 
vn -1 0 0 
vn -1 0 0 
vn -1 0 0 
vn -1 0 0 
vn -1 0 0 
vn -1 0 0 
vn -1 0 0 
vn -1 0 0 
vn -1 0 0 
vn -1 0 0 
vn -1 0 0 
vn -1 0 0 
vn -1 0 0 
vn -1 0 0 
vn -1 0 0 
vn -1 0 0 
vn -1 0 0 
vn -1 0 0 
vn -1 0 0 
vn -1 0 0 
vn -1 0 0 
vn -1 0 0 
vn -1 0 0 
vn -1 0 0 
vn -1 0 0 
vn -1 0 0 
vn -1 0 0 
vn -1 0 0 
vn -1 0 0 
vn -1 0 0 
vn -1 0 0 
vn -1 0 0 
vn -1 0 0 
vn -1 0 0 
vn -1 0 0 
vn -1 0 0 
vn -1 0 0 
vn -1 0 0 
vn -1 0 0 
vn -1 0 0 
vn -1 0 0 
vn -1 0 0 
vn -1 0 0 
vn -1 0 0 
vn -1 0 0 
vn -1 0 0 
vn -1 0 0 
vn -1 0 0 
vn -1 0 0 
vn -1 0 0 
vn -1 0 0 
vn -1 0 0 
vn -1 0 0 
vn -1 0 0 
vn -1 0 0 
vn -1 0 0 
vn -1 0 0 
vn -1 0 0 
vn -1 0 0 
vn -1 0 0 
vn -1 0 0 
vn -1 0 0 
vn -1 0 0 
vn -1 0 0 
vn -1 0 0 
vn -1 0 0 
vn -1 0 0 
vn -1 0 0 
vn -1 0 0 
vn -1 0 0 
vn -1 0 0 
vn -1 0 0 
vn -1 0 0 
vn -1 0 0 
vn -1 0 0 
vn -1 0 0 
vn -1 0 0 
vn -1 0 0 
vn -1 0 0 
vn -1 0 0 
vn -1 0 0 
vn -1 0 0 
vn -1 0 0 
vn -1 0 0 
vn -1 0 0 
vn -1 0 0 
vn -1 0 0 
vn -1 0 0 
vn -1 0 0 
vn -1 0 0 
vn -1 0 0 
vn -1 0 0 
vn -1 0 0 
vn -1 0 0 
vn -1 0 0 
vn -1 0 0 
vn -1 0 0 
vn -1 0 0 
vn -1 0 0 
vn -1 0 0 
vn -1 0 0 
vn -1 0 0 
vn -1 0 0 
vn -1 0 0 
vn -1 0 0 
vn -1 0 0 
vn 0 -1 0 
vn 0 -1 0 
vn 0 -1 0 
vn 0 -1 0 
vn 0 -1 0 
vn 0 -1 0 
vn 0 -1 0 
vn 0 -1 0 
vn 0 -1 0 
vn 0 -1 0 
vn 0 -1 0 
vn 0 -1 0 
vn 0 -1 0 
vn 0 -1 0 
vn 0 -1 0 
vn 0 -1 0 
vn 0 -1 0 
vn 0 -1 0 
vn 0 -1 0 
vn 0 -1 0 
vn 0 -1 0 
vn 0 -1 0 
vn 0 -1 0 
vn 0 -1 0 
vn 0 -1 0 
vn 0 -1 0 
vn 0 -1 0 
vn 0 -1 0 
vn 0 -1 0 
vn 0 -1 0 
vn 0 -1 0 
vn 0 -1 0 
vn 0 -1 0 
vn 0 -1 0 
vn 0 -1 0 
vn 0 -1 0 
vn 0 -1 0 
vn 0 -1 0 
vn 0 -1 0 
vn 0 -1 0 
vn 0 -1 0 
vn 0 -1 0 
vn 0 -1 0 
vn 0 -1 0 
vn 0 -1 0 
vn 0 -1 0 
vn 0 -1 0 
vn 0 -1 0 
vn 0 -1 0 
vn 0 -1 0 
vn 0 -1 0 
vn 0 -1 0 
vn 0 -1 0 
vn 0 -1 0 
vn 0 -1 0 
vn 0 -1 0 
vn 0 -1 0 
vn 0 -1 0 
vn 0 -1 0 
vn 0 -1 0 
vn 0 -1 0 
vn 0 -1 0 
vn 0 -1 0 
vn 0 -1 0 
vn 0 -1 0 
vn 0 -1 0 
vn 0 -1 0 
vn 0 -1 0 
vn 0 -1 0 
vn 0 -1 0 
vn 0 -1 0 
vn 0 -1 0 
vn 0 -1 0 
vn 0 -1 0 
vn 0 -1 0 
vn 0 -1 0 
vn 0 -1 0 
vn 0 -1 0 
vn 0 -1 0 
vn 0 -1 0 
vn 0 -1 0 
vn 0 -1 0 
vn 0 -1 0 
vn 0 -1 0 
vn 0 -1 0 
vn 0 -1 0 
vn 0 -1 0 
vn 0 -1 0 
vn 0 -1 0 
vn 0 -1 0 
vn 0 -1 0 
vn 0 -1 0 
vn 0 -1 0 
vn 0 -1 0 
vn 0 -1 0 
vn 0 -1 0 
vn 0 -1 0 
vn 0 -1 0 
vn 0 -1 0 
vn 0 -1 0 
vn 0 -1 0 
vn 0 -1 0 
vn 0 -1 0 
vn 0 -1 0 
vn 0 -1 0 
vn 0 -1 0 
vn 0 -1 0 
vn 0 -1 0 
vn 0 -1 0 
vn 0 -1 0 
vn 0 -1 0 
vn 0 -1 0 
vn 0 -1 0 
vn 0 -1 0 
vn 0 -1 0 
vn 0 -1 0 
vn 0 -1 0 
vn 0 -1 0 
vn 0 -1 0 
vn 0 -1 0 
vn 0 -1 0 
vn 0 -1 0 
vn 0 -1 0 
vn 0 -1 0 
vn 0 -1 0 
vn 0 -1 0 
vn 0 -1 0 
vn 0 -1 0 
vn 0 -1 0 
vn 0 -1 0 
vn 0 -1 0 
vn 0 -1 0 
vn 0 -1 0 
vn 0 -1 0 
vn 0 -1 0 
vn 0 -1 0 
vn 0 -1 0 
vn 0 -1 0 
vn 0 -1 0 
vn 0 -1 0 
vn 0 -1 0 
vn 0 -1 0 
vn 0 -1 0 
vn 0 -1 0 
vn 0 -1 0 
vn 0 -1 0 
vn 0 -1 0 
vn 0 -1 0 
vn 0 -1 0 
vn 0 -1 0 
vn 0 -1 0 
vn 0 -1 0 
vn 0 -1 0 
vn 0 -1 0 
vn 0 -1 0 
vn 0 -1 0 
vn 0 -1 0 
vn 0 -1 0 
vn 0 -1 0 
vn 0 -1 0 
vn 0 -1 0 
vn 0 -1 0 
vn 0 -1 0 
vn 0 -1 0 
vn 0 -1 0 
vn 0 -1 0 
vn 0 -1 0 
vn 0 -1 0 
vn 0 -1 0 
vn 0 -1 0 
vn 0 -1 0 
vn 0 -1 0 
vn 0 -1 0 
vn 0 -1 0 
vn 0 -1 0 
vn 0 -1 0 
vn 0 -1 0 
vn 0 -1 0 
vn 0 -1 0 
vn 0 -1 0 
vn 0 -1 0 
vn 0 -1 0 
vn 0 -1 0 
vn 0 -1 0 
vn 0 -1 0 
vn 0 -1 0 
vn 0 -1 0 
vn 0 -1 0 
vn 0 -1 0 
vn 0 -1 0 
vn 0 -1 0 
vn 0 -1 0 
vn 0 -1 0 
vn 0 -1 0 
vn 0 -1 0 
vn 0 -1 0 
vn 0 -1 0 
vn 0 -1 0 
vn 0 -1 0 
vn 0 -1 0 
vn 0 -1 0 
vn 0 -1 0 
vn 0 0 -1 
vn 0 0 -1 
vn 0 0 -1 
vn 0 0 -1 
vn 0 0 -1 
vn 0 0 -1 
vn 0 0 -1 
vn 0 0 -1 
vn 0 0 -1 
vn 0 0 -1 
vn 0 0 -1 
vn 0 0 -1 
vn 0 0 -1 
vn 0 0 -1 
vn 0 0 -1 
vn 0 0 -1 
vn 0 0 -1 
vn 0 0 -1 
vn 0 0 -1 
vn 0 0 -1 
vn 0 0 -1 
vn 0 0 -1 
vn 0 0 -1 
vn 0 0 -1 
vn 0 0 -1 
vn 0 0 -1 
vn 0 0 -1 
vn 0 0 -1 
vn 0 0 -1 
vn 0 0 -1 
vn 0 0 -1 
vn 0 0 -1 
vn 0 0 -1 
vn 0 0 -1 
vn 0 0 -1 
vn 0 0 -1 
vn 0 0 -1 
vn 0 0 -1 
vn 0 0 -1 
vn 0 0 -1 
vn 0 0 -1 
vn 0 0 -1 
vn 0 0 -1 
vn 0 0 -1 
vn 0 0 -1 
vn 0 0 -1 
vn 0 0 -1 
vn 0 0 -1 
vn 0 0 -1 
vn 0 0 -1 
vn 0 0 -1 
vn 0 0 -1 
vn 0 0 -1 
vn 0 0 -1 
vn 0 0 -1 
vn 0 0 -1 
vn 0 0 -1 
vn 0 0 -1 
vn 0 0 -1 
vn 0 0 -1 
vn 0 0 -1 
vn 0 0 -1 
vn 0 0 -1 
vn 0 0 -1 
vn 0 0 -1 
vn 0 0 -1 
vn 0 0 -1 
vn 0 0 -1 
vn 0 0 -1 
vn 0 0 -1 
vn 0 0 -1 
vn 0 0 -1 
vn 0 0 -1 
vn 0 0 -1 
vn 0 0 -1 
vn 0 0 -1 
vn 0 0 -1 
vn 0 0 -1 
vn 0 0 -1 
vn 0 0 -1 
vn 0 0 -1 
vn 0 0 -1 
vn 0 0 -1 
vn 0 0 -1 
vn 0 0 -1 
vn 0 0 -1 
vn 0 0 -1 
vn 0 0 -1 
vn 0 0 -1 
vn 0 0 -1 
vn 0 0 -1 
vn 0 0 -1 
vn 0 0 -1 
vn 0 0 -1 
vn 0 0 -1 
vn 0 0 -1 
vn 0 0 -1 
vn 0 0 -1 
vn 0 0 -1 
vn 0 0 -1 
vn 0 0 -1 
vn 0 0 -1 
vn 0 0 -1 
vn 0 0 -1 
vn 0 0 -1 
vn 0 0 -1 
vn 0 0 -1 
vn 0 0 -1 
vn 0 0 -1 
vn 0 0 -1 
vn 0 0 -1 
vn 0 0 -1 
vn 0 0 -1 
vn 0 0 -1 
vn 0 0 -1 
vn 0 0 -1 
vn 0 0 -1 
vn 0 0 -1 
vn 0 0 -1 
vn 0 0 -1 
vn 0 0 -1 
vn 0 0 -1 
vn 0 0 -1 
vn 0 0 -1 
vn 0 0 -1 
vn 0 0 -1 
vn 0 0 -1 
vn 0 0 -1 
vn 0 0 -1 
vn 0 0 -1 
vn 0 0 -1 
vn 0 0 -1 
vn 0 0 -1 
vn 0 0 -1 
vn 0 0 -1 
vn 0 0 -1 
vn 0 0 -1 
vn 0 0 -1 
vn 0 0 -1 
vn 0 0 -1 
vn 0 0 -1 
vn 0 0 -1 
vn 0 0 -1 
vn 0 0 -1 
vn 0 0 -1 
vn 0 0 -1 
vn 0 0 -1 
vn 0 0 -1 
vn 0 0 -1 
vn 0 0 -1 
vn 0 0 -1 
vn 0 0 -1 
vn 0 0 -1 
vn 0 0 -1 
vn 0 0 -1 
vn 0 0 -1 
vn 0 0 -1 
vn 0 0 -1 
vn 0 0 -1 
vn 0 0 -1 
vn 0 0 -1 
vn 0 0 -1 
vn 0 0 -1 
vn 0 0 -1 
vn 0 0 -1 
vn 0 0 -1 
vn 0 0 -1 
vn 0 0 -1 
vn 0 0 -1 
vn 0 0 -1 
vn 0 0 -1 
vn 0 0 -1 
vn 0 0 -1 
vn 0 0 -1 
vn 0 0 -1 
vn 0 0 -1 
vn 0 0 -1 
vn 0 0 -1 
vn 0 0 -1 
vn 0 0 -1 
vn 0 0 -1 
vn 0 0 -1 
vn 0 0 -1 
vn 0 0 -1 
vn 0 0 -1 
vn 0 0 -1 
vn 0 0 -1 
vn 0 0 -1 
vn 0 0 -1 
vn 0 0 -1 
vn 0 0 -1 
vn 0 0 -1 
vn 0 0 -1 
vn 0 0 -1 
vn 0 0 -1 
vn 0 0 -1 
vn 0 0 -1 
vn 0 0 -1 
vn 0 0 -1 
vn 0 0 -1 
vn 0 0 -1 
vn 0 0 -1 
vn 0 0 -1 
vn 0 0 -1 
vn 0 0 -1 
vn 0 0 -1 
vn 0 0 -1 
vn 0 0 -1 
vn 0 0 -1 
vn 0 0 -1 
vn 0 0 -1 
vn 0 0 -1 
vn 0 0 -1 
vn 0 0 -1 
vn 0 0 -1 
vn 0 0 -1 
vn 0 0 -1 
vn 0 0 -1 
vn 0 0 -1 
vn 0 0 -1 
vn 0 0 -1 
vn 0 0 -1 

vt -2.76201 -1.78409 
vt -2.73541 -1.78409 
vt -2.76201 -1.76657 
vt -2.74377 -1.76388 
vt -2.78791 -1.78678 
vt -2.74377 -1.78678 
vt -2.77654 -1.76657 
vt -2.77654 -1.78409 
vt -2.76201 -1.78409 
vt -2.92442 -1.76714 
vt -2.97357 -1.78352 
vt -2.92442 -1.78352 
vt -2.73541 -1.76657 
vt -2.76201 -1.76657 
vt -2.78791 -1.76388 
vt -2.85888 -1.76714 
vt -2.87527 -1.78352 
vt -2.85888 -1.78352 
vt -2.87527 -1.76714 
vt -2.98995 -1.78352 
vt -2.87527 -1.78352 
vt -2.80973 -1.76714 
vt -2.85888 -1.78352 
vt -2.80973 -1.78352 
vt -2.85888 -1.76714 
vt -2.87527 -1.76714 
vt -2.98995 -1.76714 
vt -3.02551 -1.78409 
vt -3.01098 -1.78409 
vt -3.02551 -1.76657 
vt -3.02551 -1.76657 
vt -3.0521 -1.78409 
vt -3.02551 -1.78409 
vt -2.97357 -1.76714 
vt -3.01098 -1.76657 
vt -3.0521 -1.76657 
vt -3.00633 -1.76714 
vt -3.02272 -1.78352 
vt -3.00633 -1.78352 
vt -2.98995 -1.76714 
vt -3.00633 -1.78352 
vt -2.98995 -1.78352 
vt -3.0521 -1.78409 
vt -3.01098 -1.78409 
vt -3.01098 -1.76657 
vt -3.02272 -1.76714 
vt -3.00633 -1.76714 
vt -3.0521 -1.76657 
vt -2.70152 -1.7236 
vt -2.71903 -1.75019 
vt -2.70152 -1.75019 
vt -2.71903 -1.7236 
vt -2.70152 -1.7236 
vt -2.70152 -1.70907 
vt -2.71847 -1.57757 
vt -2.70208 -1.59396 
vt -2.70208 -1.57757 
vt -2.70208 -1.51204 
vt -2.71847 -1.57757 
vt -2.70208 -1.57757 
vt -2.70152 -1.4601 
vt -2.71903 -1.47463 
vt -2.70152 -1.47463 
vt -2.71903 -1.4601 
vt -2.70152 -1.4601 
vt -2.70152 -1.4335 
vt -2.71847 -1.59396 
vt -2.70208 -1.61034 
vt -2.70208 -1.59396 
vt -2.69882 -1.6977 
vt -2.72173 -1.74184 
vt -2.69882 -1.74184 
vt -2.70208 -1.61034 
vt -2.71847 -1.67587 
vt -2.70208 -1.67587 
vt -2.71847 -1.49566 
vt -2.70208 -1.56119 
vt -2.70208 -1.49566 
vt -2.71847 -1.46289 
vt -2.70208 -1.47927 
vt -2.70208 -1.46289 
vt -2.71847 -1.47927 
vt -2.70208 -1.49566 
vt -2.70208 -1.47927 
vt -2.71847 -1.51204 
vt -2.71903 -1.7236 
vt -2.71903 -1.70907 
vt -2.71847 -1.59396 
vt -2.71903 -1.4601 
vt -2.71903 -1.4335 
vt -2.71847 -1.61034 
vt -2.71847 -1.61034 
vt -2.72173 -1.6977 
vt -2.71847 -1.56119 
vt -2.71847 -1.47927 
vt -2.71847 -1.49566 
vt -2.73541 -1.76657 
vt -2.77654 -1.78409 
vt -2.73541 -1.78409 
vt -2.70152 -1.70907 
vt -2.71903 -1.75019 
vt -2.70152 -1.75019 
vt -2.77654 -1.76657 
vt -2.71903 -1.70907 
vt -2.77062 -1.61034 
vt -2.787 -1.49566 
vt -2.787 -1.61034 
vt -2.85254 -1.62672 
vt -2.85254 -1.57757 
vt -2.90169 -1.59396 
vt -2.77654 -1.75019 
vt -2.73541 -1.75019 
vt -2.76201 -1.7236 
vt -2.77654 -1.7236 
vt -2.73541 -1.70907 
vt -2.76201 -1.70907 
vt -2.787 -1.62672 
vt -2.93445 -1.67587 
vt -2.85254 -1.67587 
vt -2.91807 -1.61034 
vt -2.93445 -1.61034 
vt -2.90169 -1.57757 
vt -2.91807 -1.59396 
vt -3.01098 -1.75019 
vt -3.02551 -1.7236 
vt -3.0521 -1.75019 
vt -3.01098 -1.7236 
vt -3.0521 -1.70907 
vt -2.85976 -1.6977 
vt -2.92776 -1.74184 
vt -2.85976 -1.74184 
vt -2.92776 -1.6977 
vt -3.02551 -1.70907 
vt -2.85254 -1.51204 
vt -2.80339 -1.47927 
vt -2.80339 -1.46289 
vt -2.787 -1.47927 
vt -2.70152 -1.4335 
vt -2.71903 -1.47463 
vt -2.70152 -1.47463 
vt -2.71903 -1.4335 
vt -2.76201 -1.47463 
vt -2.73541 -1.47463 
vt -2.76201 -1.4601 
vt -2.77062 -1.49566 
vt -2.73541 -1.4335 
vt -2.77654 -1.4335 
vt -2.77654 -1.4601 
vt -2.98361 -1.46289 
vt -2.93445 -1.51204 
vt -2.99999 -1.49566 
vt -2.93445 -1.56119 
vt -3.01637 -1.56119 
vt -2.98361 -1.47927 
vt -2.99999 -1.47927 
vt -3.01637 -1.49566 
vt -3.02551 -1.4601 
vt -3.0521 -1.47463 
vt -3.02551 -1.47463 
vt -3.0521 -1.4335 
vt -3.01098 -1.4601 
vt -3.01098 -1.4335 
vt -2.68322 -1.70907 
vt -2.70074 -1.7236 
vt -2.68322 -1.7236 
vt -2.70074 -1.70907 
vt -2.68322 -1.7236 
vt -2.70074 -1.75019 
vt -2.68322 -1.75019 
vt -2.70074 -1.7236 
vt -2.68379 -1.63254 
vt -2.70017 -1.61616 
vt -2.70017 -1.63254 
vt -2.74371 -1.76657 
vt -2.71712 -1.78409 
vt -2.71712 -1.76657 
vt -2.74371 -1.78409 
vt -2.75824 -1.76657 
vt -2.75824 -1.78409 
vt -2.74371 -1.76657 
vt -2.74371 -1.78409 
vt -2.84147 -1.76388 
vt -2.90946 -1.78678 
vt -2.84147 -1.78678 
vt -2.90946 -1.76388 
vt -2.68379 -1.61616 
vt -2.68322 -1.4601 
vt -2.70074 -1.47463 
vt -2.68322 -1.47463 
vt -2.68322 -1.4335 
vt -2.70074 -1.4335 
vt -2.68322 -1.4601 
vt -2.68053 -1.55785 
vt -2.70343 -1.62584 
vt -2.68053 -1.62584 
vt -2.68379 -1.59978 
vt -2.70017 -1.61616 
vt -2.68379 -1.61616 
vt -2.68379 -1.55063 
vt -2.70017 -1.59978 
vt -2.68379 -1.59978 
vt -2.70017 -1.59978 
vt -2.70074 -1.4601 
vt -2.70074 -1.4601 
vt -2.70343 -1.55785 
vt -2.70017 -1.55063 
vt -2.83424 -1.76714 
vt -2.88339 -1.78352 
vt -2.83424 -1.78352 
vt -2.70074 -1.70907 
vt -2.68322 -1.75019 
vt -2.68322 -1.70907 
vt -2.68379 -1.69808 
vt -2.70017 -1.71446 
vt -2.68379 -1.71446 
vt -2.70074 -1.75019 
vt -2.71712 -1.78409 
vt -2.75824 -1.76657 
vt -2.75824 -1.78409 
vt -2.71712 -1.76657 
vt -2.76871 -1.76714 
vt -2.75232 -1.78352 
vt -2.75232 -1.76714 
vt -2.76871 -1.78352 
vt -2.88339 -1.76714 
vt -2.76871 -1.76714 
vt -2.78509 -1.78352 
vt -2.76871 -1.78352 
vt -2.78509 -1.76714 
vt -2.78509 -1.76714 
vt -2.96531 -1.76714 
vt -2.78509 -1.78352 
vt -2.70017 -1.69808 
vt -2.70017 -1.48509 
vt -2.68379 -1.50148 
vt -2.68379 -1.48509 
vt -2.68379 -1.46871 
vt -2.70017 -1.48509 
vt -2.68379 -1.48509 
vt -2.70017 -1.68169 
vt -2.68379 -1.69808 
vt -2.68379 -1.68169 
vt -2.68379 -1.50148 
vt -2.70017 -1.68169 
vt -2.68379 -1.68169 
vt -2.68322 -1.47463 
vt -2.68322 -1.4335 
vt -2.70074 -1.4335 
vt -2.70017 -1.50148 
vt -2.70017 -1.69808 
vt -2.70017 -1.46871 
vt -2.70017 -1.50148 
vt -2.70074 -1.47463 
vt -2.88339 -1.76714 
vt -2.89978 -1.78352 
vt -2.88339 -1.78352 
vt -3.00721 -1.76657 
vt -3.00721 -1.78409 
vt -2.99268 -1.78409 
vt -2.99268 -1.76657 
vt -2.89978 -1.76714 
vt -2.91616 -1.78352 
vt -2.89978 -1.78352 
vt -2.89978 -1.76714 
vt -2.91616 -1.76714 
vt -3.00721 -1.76657 
vt -3.03381 -1.76657 
vt -3.00721 -1.78409 
vt -3.05019 -1.70907 
vt -3.06771 -1.7236 
vt -3.05019 -1.7236 
vt -3.06771 -1.70907 
vt -3.03381 -1.78409 
vt -3.05019 -1.75019 
vt -3.06771 -1.7236 
vt -3.06771 -1.75019 
vt -3.05019 -1.7236 
vt -3.05076 -1.58392 
vt -3.06714 -1.63307 
vt -3.05076 -1.63307 
vt -3.05019 -1.4601 
vt -3.06771 -1.47463 
vt -3.05019 -1.47463 
vt -3.05019 -1.4335 
vt -3.06771 -1.4601 
vt -3.05019 -1.4601 
vt -3.0704 -1.55785 
vt -3.04749 -1.62584 
vt -3.04749 -1.55785 
vt -3.05076 -1.56754 
vt -3.06714 -1.58392 
vt -3.05076 -1.58392 
vt -3.05076 -1.55115 
vt -3.06714 -1.56754 
vt -3.05076 -1.56754 
vt -3.06714 -1.56754 
vt -3.06771 -1.4601 
vt -3.06771 -1.4335 
vt -3.0704 -1.62584 
vt -3.06714 -1.55115 
vt -3.06714 -1.58392 
vt -2.98169 -1.78352 
vt -2.99808 -1.76714 
vt -2.99808 -1.78352 
vt -2.98169 -1.76714 
vt -2.96531 -1.76714 
vt -2.98169 -1.78352 
vt -2.96531 -1.78352 
vt -2.96531 -1.78352 
vt -2.98169 -1.76714 
vt -3.03381 -1.76657 
vt -2.99268 -1.78409 
vt -2.99268 -1.76657 
vt -3.03381 -1.78409 
vt -3.05076 -1.6986 
vt -3.06714 -1.71499 
vt -3.05076 -1.71499 
vt -3.06771 -1.70907 
vt -3.05019 -1.75019 
vt -3.05019 -1.70907 
vt -3.06771 -1.75019 
vt -3.06714 -1.6986 
vt -3.05076 -1.48562 
vt -3.06714 -1.502 
vt -3.05076 -1.502 
vt -3.05076 -1.46923 
vt -3.06714 -1.48562 
vt -3.05076 -1.48562 
vt -3.05076 -1.68222 
vt -3.06714 -1.6986 
vt -3.05076 -1.6986 
vt -3.05076 -1.502 
vt -3.06714 -1.68222 
vt -3.05076 -1.68222 
vt -3.05019 -1.47463 
vt -3.05019 -1.4335 
vt -3.06771 -1.4335 
vt -3.06714 -1.502 
vt -3.06714 -1.48562 
vt -3.06714 -1.46923 
vt -3.06714 -1.68222 
vt -3.06771 -1.47463 
vt -3.00721 -1.76657 
vt -3.00721 -1.78409 
vt -2.99268 -1.78409 
vt -3.03381 -1.76657 
vt -3.03381 -1.78409 
vt -3.00721 -1.78409 
vt -3.00721 -1.76657 
vt -3.05019 -1.75019 
vt -3.06771 -1.7236 
vt -3.06771 -1.75019 
vt -3.05019 -1.7236 
vt -2.99268 -1.76657 
vt -2.89978 -1.78352 
vt -2.91616 -1.76714 
vt -2.91616 -1.78352 
vt -2.89978 -1.76714 
vt -2.88339 -1.78352 
vt -2.88339 -1.76714 
vt -2.89978 -1.76714 
vt -2.84147 -1.76388 
vt -2.90946 -1.76388 
vt -2.90946 -1.78678 
vt -2.89978 -1.78352 
vt -2.99268 -1.76657 
vt -3.03381 -1.76657 
vt -3.03381 -1.78409 
vt -2.99269 -1.78409 
vt -3.05019 -1.75019 
vt -3.06771 -1.70907 
vt -3.06771 -1.75019 
vt -3.04749 -1.74184 
vt -3.0704 -1.6977 
vt -3.0704 -1.74184 
vt -3.05019 -1.70907 
vt -2.98169 -1.78352 
vt -2.99808 -1.76714 
vt -2.99808 -1.78352 
vt -2.96531 -1.78352 
vt -2.98169 -1.76714 
vt -2.98169 -1.78352 
vt -2.96531 -1.78352 
vt -2.78509 -1.78352 
vt -2.96531 -1.76714 
vt -2.98169 -1.76714 
vt -2.96531 -1.76714 
vt -3.05019 -1.7236 
vt -3.06771 -1.70907 
vt -3.06771 -1.7236 
vt -3.05076 -1.67587 
vt -3.06714 -1.62672 
vt -3.06714 -1.67587 
vt -3.05076 -1.62672 
vt -3.05076 -1.56119 
vt -3.06714 -1.51204 
vt -3.06714 -1.56119 
vt -3.05019 -1.47463 
vt -3.06771 -1.4601 
vt -3.06771 -1.47463 
vt -3.05019 -1.4601 
vt -3.06771 -1.4335 
vt -3.06771 -1.4601 
vt -3.05076 -1.51204 
vt -3.05019 -1.70907 
vt -3.04749 -1.6977 
vt -3.05019 -1.4601 
vt -3.05019 -1.4335 
vt -3.05076 -1.46289 
vt -3.06714 -1.47927 
vt -3.05076 -1.47927 
vt -3.06714 -1.62672 
vt -3.05076 -1.61034 
vt -3.06714 -1.61034 
vt -3.06714 -1.49566 
vt -3.05076 -1.47927 
vt -3.06714 -1.47927 
vt -3.06714 -1.46289 
vt -3.06771 -1.4335 
vt -3.06771 -1.47463 
vt -3.05019 -1.47463 
vt -3.05076 -1.61034 
vt -3.06714 -1.49566 
vt -3.06714 -1.61034 
vt -3.05076 -1.62672 
vt -3.05076 -1.49566 
vt -3.05076 -1.49566 
vt -3.05019 -1.4335 
vt -2.83424 -1.78352 
vt -2.88339 -1.76714 
vt -2.88339 -1.78352 
vt -2.74371 -1.78409 
vt -2.75824 -1.76657 
vt -2.75824 -1.78409 
vt -2.84147 -1.78678 
vt -2.83424 -1.76714 
vt -2.74371 -1.76657 
vt -2.74371 -1.76657 
vt -2.74371 -1.78409 
vt -2.71712 -1.76657 
vt -2.71712 -1.78409 
vt -2.70074 -1.7236 
vt -2.70074 -1.75019 
vt -2.68322 -1.75019 
vt -2.68322 -1.7236 
vt -2.68322 -1.7236 
vt -2.70074 -1.70907 
vt -2.70074 -1.7236 
vt -2.68322 -1.70907 
vt -2.68053 -1.74184 
vt -2.70343 -1.6977 
vt -2.70343 -1.74184 
vt -2.75232 -1.78352 
vt -2.76871 -1.76714 
vt -2.76871 -1.78352 
vt -2.76871 -1.78352 
vt -2.78509 -1.76714 
vt -2.78509 -1.78352 
vt -2.76871 -1.76714 
vt -2.78509 -1.76714 
vt -2.75232 -1.76714 
vt -2.71712 -1.76657 
vt -2.75824 -1.78409 
vt -2.71712 -1.78409 
vt -2.75824 -1.76657 
vt -2.68322 -1.75019 
vt -2.70074 -1.70907 
vt -2.70074 -1.75019 
vt -2.68322 -1.70907 
vt -2.68053 -1.6977 
vt -2.68379 -1.59396 
vt -2.70017 -1.57757 
vt -2.70017 -1.59396 
vt -2.70017 -1.61034 
vt -2.68379 -1.59396 
vt -2.70017 -1.59396 
vt -2.68379 -1.57757 
vt -2.70017 -1.51204 
vt -2.70017 -1.57757 
vt -2.68322 -1.47463 
vt -2.70074 -1.4601 
vt -2.70074 -1.47463 
vt -2.68322 -1.4601 
vt -2.70074 -1.4335 
vt -2.70074 -1.4601 
vt -2.68379 -1.51204 
vt -2.68379 -1.57757 
vt -2.68379 -1.61034 
vt -2.68322 -1.4601 
vt -2.68322 -1.4335 
vt -2.68379 -1.61034 
vt -2.70017 -1.67587 
vt -2.68379 -1.67587 
vt -2.68379 -1.49566 
vt -2.70017 -1.47927 
vt -2.70017 -1.49566 
vt -2.68379 -1.56119 
vt -2.70017 -1.49566 
vt -2.70017 -1.56119 
vt -2.70017 -1.47927 
vt -2.68379 -1.46289 
vt -2.70017 -1.46289 
vt -2.70074 -1.4335 
vt -2.70074 -1.47463 
vt -2.68322 -1.47463 
vt -2.70017 -1.61034 
vt -2.68379 -1.47927 
vt -2.68379 -1.49566 
vt -2.68379 -1.47927 
vt -2.68322 -1.4335 
vt -2.98892 -1.7236 
vt -3.01551 -1.70907 
vt -3.01551 -1.75019 
vt -2.97439 -1.75019 
vt -2.97439 -1.7236 
vt -2.82317 -1.74184 
vt -2.89116 -1.6977 
vt -2.89116 -1.74184 
vt -2.98892 -1.70907 
vt -2.89786 -1.67587 
vt -2.88148 -1.61034 
vt -2.89786 -1.61034 
vt -2.8651 -1.59396 
vt -2.88148 -1.59396 
vt -3.01551 -1.78409 
vt -2.97439 -1.76657 
vt -3.01551 -1.76657 
vt -2.97439 -1.78409 
vt -3.03189 -1.70907 
vt -3.04941 -1.75019 
vt -3.03189 -1.75019 
vt -3.04941 -1.70907 
vt -2.81595 -1.62672 
vt -2.72542 -1.7236 
vt -2.73995 -1.7236 
vt -2.73995 -1.75019 
vt -2.69882 -1.75019 
vt -2.69882 -1.70907 
vt -2.82317 -1.6977 
vt -2.72542 -1.70907 
vt -2.75041 -1.61034 
vt -2.81595 -1.57757 
vt -2.69882 -1.76657 
vt -2.73995 -1.76657 
vt -2.73995 -1.78409 
vt -2.69882 -1.78409 
vt -2.81595 -1.67587 
vt -2.75041 -1.62672 
vt -2.8651 -1.57757 
vt -2.98892 -1.4601 
vt -3.01551 -1.47463 
vt -2.98892 -1.47463 
vt -2.81595 -1.51204 
vt -2.94701 -1.46289 
vt -2.89786 -1.51204 
vt -3.01551 -1.4335 
vt -2.97439 -1.4335 
vt -2.97439 -1.4601 
vt -2.97978 -1.56119 
vt -2.9634 -1.49566 
vt -2.97978 -1.49566 
vt -2.89786 -1.56119 
vt -2.94701 -1.47927 
vt -2.9634 -1.47927 
vt -2.7668 -1.46289 
vt -2.7668 -1.47927 
vt -2.69882 -1.47463 
vt -2.72542 -1.4601 
vt -2.72542 -1.47463 
vt -2.69882 -1.4335 
vt -2.73995 -1.4335 
vt -2.73995 -1.4601 
vt -2.75041 -1.49566 
vt -2.75041 -1.47927 
vt -2.73403 -1.61034 
vt -2.73403 -1.49566 
vt -3.03189 -1.4335 
vt -3.04941 -1.47463 
vt -3.03189 -1.47463 
vt -2.96302 -1.76388 
vt -3.00716 -1.78678 
vt -2.96302 -1.78678 
vt -2.85928 -1.76714 
vt -2.87566 -1.78352 
vt -2.85928 -1.78352 
vt -2.87566 -1.76714 
vt -2.94119 -1.78352 
vt -2.87566 -1.78352 
vt -2.94119 -1.76714 
vt -2.87566 -1.76714 
vt -2.84289 -1.76714 
vt -2.85928 -1.78352 
vt -2.84289 -1.78352 
vt -2.98892 -1.78409 
vt -2.98892 -1.76657 
vt -3.01551 -1.78409 
vt -2.97439 -1.78409 
vt -2.98892 -1.76657 
vt -2.98892 -1.78409 
vt -2.85928 -1.76714 
vt -3.01551 -1.76657 
vt -2.97439 -1.76657 
vt -2.84289 -1.78352 
vt -2.77736 -1.76714 
vt -2.84289 -1.76714 
vt -2.76098 -1.76714 
vt -2.82651 -1.78352 
vt -2.76098 -1.78352 
vt -2.74459 -1.76714 
vt -2.76098 -1.78352 
vt -2.74459 -1.78352 
vt -2.82651 -1.76714 
vt -2.76098 -1.76714 
vt -2.74459 -1.78352 
vt -2.72821 -1.76714 
vt -2.74459 -1.76714 
vt -2.72821 -1.78352 
vt -2.72542 -1.78409 
vt -2.73995 -1.76657 
vt -2.73995 -1.78409 
vt -2.69882 -1.78409 
vt -2.72542 -1.76657 
vt -2.72542 -1.78409 
vt -2.77736 -1.78352 
vt -2.72542 -1.76657 
vt -2.69882 -1.76657 
vt -3.00716 -1.76388 
vt -3.03246 -1.61034 
vt -3.04884 -1.49566 
vt -3.04884 -1.61034 
vt -3.04884 -1.62672 
vt -3.03246 -1.61034 
vt -3.04884 -1.61034 
vt -3.03246 -1.49566 
vt -3.04884 -1.47927 
vt -3.04884 -1.49566 
vt -3.04941 -1.4335 
vt -3.03246 -1.47927 
vt -3.04884 -1.46289 
vt -3.04884 -1.47927 
vt -3.03246 -1.67587 
vt -3.04884 -1.62672 
vt -3.04884 -1.67587 
vt -3.0292 -1.74184 
vt -3.0521 -1.6977 
vt -3.0521 -1.74184 
vt -3.03189 -1.75019 
vt -3.04941 -1.7236 
vt -3.04941 -1.75019 
vt -3.04941 -1.7236 
vt -3.03189 -1.70907 
vt -3.04941 -1.70907 
vt -3.03189 -1.4601 
vt -3.04941 -1.4601 
vt -3.04941 -1.47463 
vt -3.03189 -1.4601 
vt -3.04941 -1.4335 
vt -3.04941 -1.4601 
vt -3.03246 -1.56119 
vt -3.04884 -1.51204 
vt -3.04884 -1.56119 
vt -3.03246 -1.62672 
vt -3.03246 -1.62672 
vt -3.03246 -1.49566 
vt -3.03246 -1.47927 
vt -3.03246 -1.46289 
vt -3.0292 -1.6977 
vt -3.03189 -1.7236 
vt -3.03189 -1.7236 
vt -3.03246 -1.51204 
vt -3.03189 -1.47463 
vt -3.03189 -1.4335 
vt -2.99268 -1.75019 
vt -3.00721 -1.7236 
vt -3.03381 -1.75019 
vt -3.03381 -1.70907 
vt -3.00721 -1.70907 
vt -3.05019 -1.75019 
vt -3.06771 -1.70907 
vt -3.06771 -1.75019 
vt -2.99268 -1.76657 
vt -3.03381 -1.76657 
vt -3.03381 -1.78409 
vt -3.05019 -1.70907 
vt -3.04749 -1.62584 
vt -3.0704 -1.55785 
vt -3.0704 -1.62584 
vt -2.99268 -1.78409 
vt -2.99268 -1.7236 
vt -2.84147 -1.74184 
vt -2.90946 -1.6977 
vt -2.90946 -1.74184 
vt -2.91616 -1.67587 
vt -2.89978 -1.61034 
vt -2.91616 -1.61034 
vt -2.88339 -1.59396 
vt -2.89978 -1.59396 
vt -2.83424 -1.62672 
vt -3.04749 -1.55785 
vt -3.00721 -1.4601 
vt -3.03381 -1.47463 
vt -3.00721 -1.47463 
vt -3.03381 -1.4335 
vt -2.99269 -1.4335 
vt -2.99268 -1.4601 
vt -3.06771 -1.4335 
vt -3.06771 -1.47463 
vt -3.05019 -1.47463 
vt -3.05019 -1.4335 
vt -2.99808 -1.56119 
vt -2.98169 -1.49566 
vt -2.99808 -1.49566 
vt -2.91616 -1.56119 
vt -2.91616 -1.51204 
vt -2.96531 -1.47927 
vt -2.96531 -1.46289 
vt -2.83424 -1.51204 
vt -2.98169 -1.47927 
vt -2.84147 -1.78678 
vt -2.90946 -1.76388 
vt -2.90946 -1.78678 
vt -3.03381 -1.78409 
vt -3.00721 -1.76657 
vt -3.03381 -1.76657 
vt -3.05019 -1.75019 
vt -3.06771 -1.7236 
vt -3.06771 -1.75019 
vt -3.05019 -1.7236 
vt -3.00721 -1.76657 
vt -3.03381 -1.78409 
vt -3.00721 -1.78409 
vt -3.00721 -1.78409 
vt -2.99268 -1.76657 
vt -3.00721 -1.76657 
vt -3.05019 -1.70907 
vt -3.06771 -1.7236 
vt -3.05019 -1.7236 
vt -3.06771 -1.70907 
vt -2.99268 -1.78409 
vt -2.91669 -1.76714 
vt -2.98222 -1.78352 
vt -2.91669 -1.78352 
vt -2.83477 -1.78352 
vt -2.91669 -1.76714 
vt -2.91669 -1.78352 
vt -2.98222 -1.76714 
vt -2.9986 -1.78352 
vt -2.98222 -1.76714 
vt -2.9986 -1.76714 
vt -2.98222 -1.78352 
vt -2.83477 -1.78352 
vt -2.91669 -1.76714 
vt -2.91669 -1.78352 
vt -3.05076 -1.63254 
vt -3.06714 -1.71446 
vt -3.05076 -1.71446 
vt -3.05076 -1.63254 
vt -3.06714 -1.55063 
vt -3.06714 -1.63254 
vt -3.06714 -1.55063 
vt -3.05076 -1.48509 
vt -3.06714 -1.48509 
vt -3.05076 -1.46871 
vt -3.06714 -1.46871 
vt -3.06714 -1.48509 
vt -3.06714 -1.63254 
vt -3.06771 -1.4601 
vt -3.06771 -1.47463 
vt -3.05019 -1.4601 
vt -3.06771 -1.4335 
vt -3.06771 -1.4601 
vt -3.05019 -1.4335 
vt -3.05076 -1.63254 
vt -3.06714 -1.55063 
vt -3.06714 -1.63254 
vt -3.06714 -1.55063 
vt -3.05076 -1.63254 
vt -3.05076 -1.55063 
vt -3.05076 -1.55063 
vt -3.05076 -1.48509 
vt -3.05076 -1.55063 
vt -3.05019 -1.47463 
vt -3.05019 -1.4601 
vt -2.83424 -1.57757 
vt -2.88339 -1.57757 
vt -2.74371 -1.7236 
vt -2.75824 -1.7236 
vt -2.75824 -1.75019 
vt -2.84147 -1.6977 
vt -2.76871 -1.61034 
vt -2.76871 -1.62672 
vt -2.84147 -1.76388 
vt -2.83424 -1.67587 
vt -2.75824 -1.78409 
vt -2.71712 -1.76657 
vt -2.75824 -1.76657 
vt -2.71712 -1.75019 
vt -2.71712 -1.70907 
vt -2.74371 -1.70907 
vt -2.71712 -1.78409 
vt -2.68322 -1.75019 
vt -2.70074 -1.70907 
vt -2.70074 -1.75019 
vt -2.68322 -1.70907 
vt -2.75232 -1.49566 
vt -2.75232 -1.61034 
vt -2.76871 -1.49566 
vt -2.78509 -1.47927 
vt -2.76871 -1.47927 
vt -2.78509 -1.46289 
vt -2.74371 -1.4601 
vt -2.74371 -1.47463 
vt -2.71712 -1.47463 
vt -2.75824 -1.4335 
vt -2.75824 -1.4601 
vt -2.71712 -1.4335 
vt -2.70074 -1.4335 
vt -2.70074 -1.47463 
vt -2.68322 -1.47463 
vt -2.68322 -1.4335 
vt -2.68053 -1.62584 
vt -2.68053 -1.55785 
vt -2.70343 -1.55785 
vt -2.75285 -1.76714 
vt -2.83477 -1.78352 
vt -2.75285 -1.78352 
vt -2.83477 -1.76714 
vt -2.83477 -1.76714 
vt -2.83477 -1.76714 
vt -2.74371 -1.76657 
vt -2.75824 -1.78409 
vt -2.74371 -1.78409 
vt -2.75824 -1.76657 
vt -2.74371 -1.78409 
vt -2.71712 -1.76657 
vt -2.74371 -1.76657 
vt -2.71712 -1.78409 
vt -2.68322 -1.7236 
vt -2.70074 -1.7236 
vt -2.70074 -1.75019 
vt -2.68379 -1.6986 
vt -2.70017 -1.71499 
vt -2.68379 -1.71499 
vt -2.68322 -1.75019 
vt -2.68322 -1.70907 
vt -2.70074 -1.7236 
vt -2.68322 -1.7236 
vt -2.70074 -1.70907 
vt -2.70017 -1.6986 
vt -2.70017 -1.55115 
vt -2.70017 -1.63307 
vt -2.68379 -1.63307 
vt -2.70343 -1.62584 
vt -2.70017 -1.46923 
vt -2.70017 -1.55115 
vt -2.68379 -1.55115 
vt -2.70017 -1.55115 
vt -2.70017 -1.63307 
vt -2.68379 -1.63307 
vt -2.70074 -1.4601 
vt -2.70074 -1.47463 
vt -2.68322 -1.4601 
vt -2.70074 -1.4335 
vt -2.70074 -1.4601 
vt -2.68322 -1.4601 
vt -2.70017 -1.63307 
vt -2.70017 -1.6986 
vt -2.68379 -1.6986 
vt -2.68379 -1.63307 
vt -2.68379 -1.55115 
vt -2.68379 -1.46923 
vt -2.68379 -1.55115 
vt -2.68322 -1.47463 
vt -2.68322 -1.4335 
vt -2.75824 -1.75019 
vt -2.71712 -1.75019 
vt -2.74371 -1.7236 
vt -2.68322 -1.70907 
vt -2.70074 -1.75019 
vt -2.68322 -1.75019 
vt -2.75824 -1.78409 
vt -2.71712 -1.78409 
vt -2.71712 -1.76657 
vt -2.71712 -1.70907 
vt -2.74371 -1.7236 
vt -2.71712 -1.75019 
vt -2.74371 -1.70907 
vt -2.70074 -1.70907 
vt -2.68379 -1.67587 
vt -2.68379 -1.61034 
vt -2.70017 -1.61034 
vt -2.75824 -1.76657 
vt -2.75824 -1.7236 
vt -2.75824 -1.75019 
vt -2.90946 -1.78678 
vt -2.84147 -1.78678 
vt -2.84147 -1.76388 
vt -2.91669 -1.78352 
vt -2.83477 -1.78352 
vt -2.83477 -1.76714 
vt -2.84147 -1.6977 
vt -2.90946 -1.74184 
vt -2.84147 -1.74184 
vt -2.76871 -1.61034 
vt -2.83424 -1.62672 
vt -2.76871 -1.62672 
vt -2.83424 -1.57757 
vt -2.91616 -1.67587 
vt -2.83424 -1.67587 
vt -2.70017 -1.61034 
vt -2.70017 -1.67587 
vt -2.68379 -1.67587 
vt -2.68053 -1.6977 
vt -2.70343 -1.74184 
vt -2.68053 -1.74184 
vt -2.68322 -1.7236 
vt -2.70074 -1.75019 
vt -2.68322 -1.75019 
vt -2.70074 -1.7236 
vt -2.68322 -1.7236 
vt -2.68322 -1.70907 
vt -2.70074 -1.7236 
vt -2.70343 -1.6977 
vt -2.70017 -1.61034 
vt -2.68379 -1.61034 
vt -2.70017 -1.59396 
vt -2.70074 -1.70907 
vt -2.74371 -1.78409 
vt -2.71712 -1.78409 
vt -2.71712 -1.76657 
vt -2.83477 -1.78352 
vt -2.75285 -1.78352 
vt -2.75285 -1.76714 
vt -2.91669 -1.78352 
vt -2.83477 -1.78352 
vt -2.83477 -1.76714 
vt -2.75824 -1.78409 
vt -2.74371 -1.78409 
vt -2.75824 -1.76657 
vt -2.83477 -1.76714 
vt -2.74371 -1.76657 
vt -2.74371 -1.76657 
vt -2.68379 -1.59396 
vt -2.71712 -1.47463 
vt -2.74371 -1.4601 
vt -2.74371 -1.47463 
vt -2.75232 -1.61034 
vt -2.76871 -1.49566 
vt -2.75232 -1.49566 
vt -2.68322 -1.4335 
vt -2.70074 -1.47463 
vt -2.68322 -1.47463 
vt -2.71712 -1.4335 
vt -2.75824 -1.4335 
vt -2.75824 -1.4601 
vt -2.78509 -1.47927 
vt -2.76871 -1.47927 
vt -2.83424 -1.51204 
vt -2.88339 -1.59396 
vt -2.78509 -1.46289 
vt -2.96531 -1.46289 
vt -2.70074 -1.4335 
vt -2.68379 -1.49566 
vt -2.70017 -1.56119 
vt -2.68379 -1.56119 
vt -2.68379 -1.57757 
vt -2.70017 -1.59396 
vt -2.68379 -1.59396 
vt -2.68379 -1.51204 
vt -2.70017 -1.57757 
vt -2.68379 -1.57757 
vt -2.68379 -1.47927 
vt -2.70017 -1.49566 
vt -2.68379 -1.49566 
vt -2.68379 -1.47927 
vt -2.68379 -1.46289 
vt -2.70017 -1.46289 
vt -2.68322 -1.4601 
vt -2.68322 -1.4335 
vt -2.70074 -1.4601 
vt -2.70074 -1.47463 
vt -2.68322 -1.47463 
vt -2.68322 -1.4601 
vt -2.70017 -1.57757 
vt -2.70017 -1.49566 
vt -2.70017 -1.47927 
vt -2.70017 -1.51204 
vt -2.70017 -1.47927 
vt -2.70074 -1.4335 
vt -2.70074 -1.4601 
vt -2.88339 -1.57757 
vt -3.03381 -1.78409 
vt -2.99268 -1.78409 
vt -2.99268 -1.76657 
vt -2.90946 -1.78678 
vt -2.84147 -1.76388 
vt -2.90946 -1.76388 
vt -2.91669 -1.76714 
vt -2.99268 -1.75019 
vt -3.00721 -1.7236 
vt -3.03381 -1.75019 
vt -2.90946 -1.6977 
vt -2.99268 -1.7236 
vt -2.89978 -1.61034 
vt -3.00721 -1.70907 
vt -3.03381 -1.70907 
vt -3.03381 -1.76657 
vt -3.05019 -1.70907 
vt -3.06771 -1.75019 
vt -3.05019 -1.75019 
vt -3.06771 -1.70907 
vt -3.05076 -1.62672 
vt -3.06714 -1.67587 
vt -3.05076 -1.67587 
vt -3.06714 -1.67587 
vt -3.05076 -1.62672 
vt -3.06714 -1.62672 
vt -2.98222 -1.78352 
vt -2.91669 -1.78352 
vt -2.91669 -1.76714 
vt -2.98222 -1.76714 
vt -2.9986 -1.78352 
vt -2.98222 -1.78352 
vt -2.9986 -1.76714 
vt -2.99268 -1.78409 
vt -3.00721 -1.76657 
vt -3.00721 -1.78409 
vt -2.98222 -1.76714 
vt -2.91669 -1.76714 
vt -3.03381 -1.76657 
vt -3.00721 -1.78409 
vt -3.00721 -1.76657 
vt -2.99268 -1.76657 
vt -3.03381 -1.78409 
vt -3.04749 -1.6977 
vt -3.0704 -1.74184 
vt -3.04749 -1.74184 
vt -3.06771 -1.75019 
vt -3.05019 -1.75019 
vt -3.05019 -1.7236 
vt -3.06771 -1.7236 
vt -3.05019 -1.7236 
vt -3.05019 -1.70907 
vt -3.06771 -1.7236 
vt -3.0704 -1.6977 
vt -3.06771 -1.70907 
vt -2.91616 -1.61034 
vt -2.89978 -1.59396 
vt -2.98169 -1.49566 
vt -2.99808 -1.56119 
vt -2.91616 -1.56119 
vt -2.91616 -1.51204 
vt -2.96531 -1.47927 
vt -2.98169 -1.47927 
vt -3.00721 -1.4601 
vt -3.03381 -1.47463 
vt -3.00721 -1.47463 
vt -3.03381 -1.4335 
vt -2.99808 -1.49566 
vt -2.99268 -1.4601 
vt -2.99268 -1.4335 
vt -2.99268 -1.4335 
vt -3.03381 -1.4335 
vt -3.00721 -1.4601 
vt -3.06771 -1.47463 
vt -3.05019 -1.4335 
vt -3.06771 -1.4335 
vt -3.05019 -1.47463 
vt -3.05076 -1.49566 
vt -3.06714 -1.61034 
vt -3.05076 -1.61034 
vt -3.05076 -1.62672 
vt -3.05076 -1.61034 
vt -3.06714 -1.61034 
vt -3.05076 -1.51204 
vt -3.06714 -1.56119 
vt -3.05076 -1.56119 
vt -3.05076 -1.49566 
vt -3.05076 -1.47927 
vt -3.06714 -1.47927 
vt -3.05076 -1.47927 
vt -3.05076 -1.46289 
vt -3.06714 -1.46289 
vt -3.05019 -1.4335 
vt -3.06771 -1.4601 
vt -3.05019 -1.4601 
vt -3.06771 -1.47463 
vt -3.05019 -1.47463 
vt -3.05019 -1.4601 
vt -3.06714 -1.47927 
vt -3.06714 -1.49566 
vt -3.06714 -1.62672 
vt -3.06714 -1.51204 
vt -3.06714 -1.49566 
vt -3.06771 -1.4335 
vt -3.06771 -1.4601 

usemtl Cube0141Mtl

f 1315/1315/1315 1316/1316/1316 1317/1317/1317 
f 1316/1316/1316 1315/1315/1315 1318/1318/1318 
f 1297/1297/1297 1298/1298/1298 1299/1299/1299 
f 1299/1299/1299 1300/1300/1300 1297/1297/1297 
f 1301/1301/1301 1299/1299/1299 1298/1298/1298 
f 1299/1299/1299 1301/1301/1301 1302/1302/1302 
f 1310/1310/1310 1311/1311/1311 1312/1312/1312 
f 1311/1311/1311 1310/1310/1310 1313/1313/1313 
f 1314/1314/1314 1312/1312/1312 1311/1311/1311 
f 1314/1314/1314 1311/1311/1311 1319/1319/1319 
f 1328/1328/1328 1329/1329/1329 1330/1330/1330 
f 1330/1330/1330 1329/1329/1329 1332/1332/1332 
f 1333/1333/1333 1330/1330/1330 1332/1332/1332 
f 1330/1330/1330 1333/1333/1333 1334/1334/1334 
f 1343/1343/1343 1344/1344/1344 1345/1345/1345 
f 1344/1344/1344 1343/1343/1343 1346/1346/1346 
f 1348/1348/1348 1346/1346/1346 1343/1343/1343 
f 1343/1343/1343 1347/1347/1347 1348/1348/1348 
f 1291/1291/1291 1292/1292/1292 1293/1293/1293 
f 1292/1292/1292 1291/1291/1291 1331/1331/1331 
f 1295/1295/1295 1293/1293/1293 1292/1292/1292 
f 1294/1294/1294 1293/1293/1293 1295/1295/1295 
f 1293/1293/1293 1294/1294/1294 1303/1303/1303 
f 1295/1295/1295 1296/1296/1296 1294/1294/1294 
f 1296/1296/1296 1295/1295/1295 1308/1308/1308 
f 1306/1306/1306 1294/1294/1294 1296/1296/1296 
f 1306/1306/1306 1296/1296/1296 1309/1309/1309 
f 1304/1304/1304 1294/1294/1294 1306/1306/1306 
f 1294/1294/1294 1304/1304/1304 1305/1305/1305 
f 1304/1304/1304 1306/1306/1306 1307/1307/1307 
f 1292/1292/1292 1320/1320/1320 1295/1295/1295 
f 1320/1320/1320 1292/1292/1292 1321/1321/1321 
f 1321/1321/1321 1292/1292/1292 1323/1323/1323 
f 1322/1322/1322 1320/1320/1320 1321/1321/1321 
f 1335/1335/1335 1320/1320/1320 1322/1322/1322 
f 1320/1320/1320 1335/1335/1335 1336/1336/1336 
f 1336/1336/1336 1335/1335/1335 1340/1340/1340 
f 1337/1337/1337 1336/1336/1336 1340/1340/1340 
f 1337/1337/1337 1340/1340/1340 1341/1341/1341 
f 1336/1336/1336 1337/1337/1337 1338/1338/1338 
f 1337/1337/1337 1339/1339/1339 1338/1338/1338 
f 1339/1339/1339 1337/1337/1337 1342/1342/1342 
f 1229/1229/1229 1230/1230/1230 1231/1231/1231 
f 1231/1231/1231 1234/1234/1234 1229/1229/1229 
f 1283/1283/1283 1284/1284/1284 1285/1285/1285 
f 1284/1284/1284 1283/1283/1283 1289/1289/1289 
f 1286/1286/1286 1287/1287/1287 1288/1288/1288 
f 1287/1287/1287 1286/1286/1286 1290/1290/1290 
f 1324/1324/1324 1325/1325/1325 1326/1326/1326 
f 1325/1325/1325 1324/1324/1324 1327/1327/1327 
f 1205/1205/1205 1206/1206/1206 1207/1207/1207 
f 1206/1206/1206 1205/1205/1205 1213/1213/1213 
f 1262/1262/1262 1263/1263/1263 1264/1264/1264 
f 1262/1262/1262 1280/1280/1280 1263/1263/1263 
f 1202/1202/1202 1203/1203/1203 1204/1204/1204 
f 1203/1203/1203 1202/1202/1202 1212/1212/1212 
f 1226/1226/1226 1227/1227/1227 1228/1228/1228 
f 1227/1227/1227 1226/1226/1226 1233/1233/1233 
f 1268/1268/1268 1269/1269/1269 1270/1270/1270 
f 1268/1268/1268 1282/1282/1282 1269/1269/1269 
f 1223/1223/1223 1224/1224/1224 1225/1225/1225 
f 1224/1224/1224 1223/1223/1223 1232/1232/1232 
f 1265/1265/1265 1266/1266/1266 1267/1267/1267 
f 1265/1265/1265 1281/1281/1281 1266/1266/1266 
f 1208/1208/1208 1209/1209/1209 1210/1210/1210 
f 1209/1209/1209 1208/1208/1208 1211/1211/1211 
f 1259/1259/1259 1260/1260/1260 1261/1261/1261 
f 1260/1260/1260 1259/1259/1259 1278/1278/1278 
f 1190/1190/1190 1191/1191/1191 1192/1192/1192 
f 1191/1191/1191 1190/1190/1190 1201/1201/1201 
f 1256/1256/1256 1257/1257/1257 1258/1258/1258 
f 1257/1257/1257 1256/1256/1256 1279/1279/1279 
f 1253/1253/1253 1254/1254/1254 1255/1255/1255 
f 1253/1253/1253 1277/1277/1277 1254/1254/1254 
f 1241/1241/1241 1242/1242/1242 1243/1243/1243 
f 1241/1241/1241 1274/1274/1274 1242/1242/1242 
f 1196/1196/1196 1197/1197/1197 1198/1198/1198 
f 1197/1197/1197 1196/1196/1196 1220/1220/1220 
f 1244/1244/1244 1245/1245/1245 1246/1246/1246 
f 1245/1245/1245 1244/1244/1244 1271/1271/1271 
f 1187/1187/1187 1188/1188/1188 1189/1189/1189 
f 1189/1189/1189 1188/1188/1188 1199/1199/1199 
f 1217/1217/1217 1218/1218/1218 1219/1219/1219 
f 1218/1218/1218 1217/1217/1217 1222/1222/1222 
f 1235/1235/1235 1236/1236/1236 1237/1237/1237 
f 1236/1236/1236 1235/1235/1235 1272/1272/1272 
f 1250/1250/1250 1251/1251/1251 1252/1252/1252 
f 1276/1276/1276 1250/1250/1250 1252/1252/1252 
f 1193/1193/1193 1194/1194/1194 1195/1195/1195 
f 1193/1193/1193 1195/1195/1195 1200/1200/1200 
f 1214/1214/1214 1215/1215/1215 1216/1216/1216 
f 1216/1216/1216 1215/1215/1215 1221/1221/1221 
f 1238/1238/1238 1239/1239/1239 1240/1240/1240 
f 1273/1273/1273 1238/1238/1238 1240/1240/1240 
f 1247/1247/1247 1248/1248/1248 1249/1249/1249 
f 1248/1248/1248 1247/1247/1247 1275/1275/1275 
f 1396/1396/1396 1397/1397/1397 1398/1398/1398 
f 1397/1397/1397 1396/1396/1396 1402/1402/1402 
f 1403/1403/1403 1404/1404/1404 1405/1405/1405 
f 1404/1404/1404 1403/1403/1403 1406/1406/1406 
f 1432/1432/1432 1433/1433/1433 1434/1434/1434 
f 1434/1434/1434 1439/1439/1439 1432/1432/1432 
f 1497/1497/1497 1498/1498/1498 1499/1499/1499 
f 1498/1498/1498 1497/1497/1497 1500/1500/1500 
f 1504/1504/1504 1505/1505/1505 1506/1506/1506 
f 1505/1505/1505 1504/1504/1504 1507/1507/1507 
f 1521/1521/1521 1522/1522/1522 1523/1523/1523 
f 1523/1523/1523 1528/1528/1528 1521/1521/1521 
f 1416/1416/1416 1417/1417/1417 1418/1418/1418 
f 1495/1495/1495 1418/1418/1418 1417/1417/1417 
f 1429/1429/1429 1430/1430/1430 1431/1431/1431 
f 1438/1438/1438 1430/1430/1430 1429/1429/1429 
f 1518/1518/1518 1519/1519/1519 1520/1520/1520 
f 1519/1519/1519 1518/1518/1518 1524/1524/1524 
f 1412/1412/1412 1413/1413/1413 1414/1414/1414 
f 1413/1413/1413 1412/1412/1412 1415/1415/1415 
f 1420/1420/1420 1421/1421/1421 1422/1422/1422 
f 1421/1421/1421 1420/1420/1420 1435/1435/1435 
f 1426/1426/1426 1427/1427/1427 1428/1428/1428 
f 1427/1427/1427 1426/1426/1426 1436/1436/1436 
f 1492/1492/1492 1493/1493/1493 1494/1494/1494 
f 1493/1493/1493 1492/1492/1492 1496/1496/1496 
f 1509/1509/1509 1510/1510/1510 1511/1511/1511 
f 1509/1509/1509 1525/1525/1525 1510/1510/1510 
f 1515/1515/1515 1516/1516/1516 1517/1517/1517 
f 1515/1515/1515 1527/1527/1527 1516/1516/1516 
f 1399/1399/1399 1400/1400/1400 1401/1401/1401 
f 1419/1419/1419 1400/1400/1400 1399/1399/1399 
f 1407/1407/1407 1408/1408/1408 1409/1409/1409 
f 1408/1408/1408 1407/1407/1407 1410/1410/1410 
f 1423/1423/1423 1424/1424/1424 1425/1425/1425 
f 1437/1437/1437 1424/1424/1424 1423/1423/1423 
f 1488/1488/1488 1489/1489/1489 1490/1490/1490 
f 1489/1489/1489 1488/1488/1488 1491/1491/1491 
f 1501/1501/1501 1502/1502/1502 1503/1503/1503 
f 1501/1501/1501 1508/1508/1508 1502/1502/1502 
f 1512/1512/1512 1513/1513/1513 1514/1514/1514 
f 1512/1512/1512 1526/1526/1526 1513/1513/1513 
f 1385/1385/1385 1386/1386/1386 1387/1387/1387 
f 1392/1392/1392 1386/1386/1386 1385/1385/1385 
f 1393/1393/1393 1394/1394/1394 1395/1395/1395 
f 1394/1394/1394 1393/1393/1393 1411/1411/1411 
f 1464/1464/1464 1465/1465/1465 1466/1466/1466 
f 1487/1487/1487 1465/1465/1465 1464/1464/1464 
f 1382/1382/1382 1383/1383/1383 1384/1384/1384 
f 1388/1388/1388 1383/1383/1383 1382/1382/1382 
f 1440/1440/1440 1441/1441/1441 1442/1442/1442 
f 1441/1441/1441 1440/1440/1440 1450/1450/1450 
f 1476/1476/1476 1477/1477/1477 1478/1478/1478 
f 1476/1476/1476 1482/1482/1482 1477/1477/1477 
f 1357/1357/1357 1358/1358/1358 1359/1359/1359 
f 1358/1358/1358 1357/1357/1357 1372/1372/1372 
f 1447/1447/1447 1448/1448/1448 1449/1449/1449 
f 1448/1448/1448 1447/1447/1447 1451/1451/1451 
f 1479/1479/1479 1480/1480/1480 1481/1481/1481 
f 1479/1479/1479 1486/1486/1486 1480/1480/1480 
f 1368/1368/1368 1369/1369/1369 1370/1370/1370 
f 1368/1368/1368 1371/1371/1371 1369/1369/1369 
f 1379/1379/1379 1380/1380/1380 1381/1381/1381 
f 1380/1380/1380 1379/1379/1379 1391/1391/1391 
f 1473/1473/1473 1474/1474/1474 1475/1475/1475 
f 1474/1474/1474 1473/1473/1473 1485/1485/1485 
f 1353/1353/1353 1354/1354/1354 1355/1355/1355 
f 1353/1353/1353 1356/1356/1356 1354/1354/1354 
f 1360/1360/1360 1361/1361/1361 1362/1362/1362 
f 1361/1361/1361 1360/1360/1360 1367/1367/1367 
f 1376/1376/1376 1377/1377/1377 1378/1378/1378 
f 1377/1377/1377 1390/1390/1390 1378/1378/1378 
f 1452/1452/1452 1453/1453/1453 1454/1454/1454 
f 1453/1453/1453 1459/1459/1459 1454/1454/1454 
f 1460/1460/1460 1461/1461/1461 1462/1462/1462 
f 1461/1461/1461 1460/1460/1460 1463/1463/1463 
f 1470/1470/1470 1471/1471/1471 1472/1472/1472 
f 1484/1484/1484 1471/1471/1471 1470/1470/1470 
f 1349/1349/1349 1350/1350/1350 1351/1351/1351 
f 1349/1349/1349 1352/1352/1352 1350/1350/1350 
f 1363/1363/1363 1364/1364/1364 1365/1365/1365 
f 1364/1364/1364 1363/1363/1363 1366/1366/1366 
f 1373/1373/1373 1374/1374/1374 1375/1375/1375 
f 1389/1389/1389 1374/1374/1374 1373/1373/1373 
f 1443/1443/1443 1444/1444/1444 1445/1445/1445 
f 1446/1446/1446 1443/1443/1443 1445/1445/1445 
f 1455/1455/1455 1456/1456/1456 1457/1457/1457 
f 1455/1455/1455 1458/1458/1458 1456/1456/1456 
f 1467/1467/1467 1468/1468/1468 1469/1469/1469 
f 1483/1483/1483 1468/1468/1468 1467/1467/1467 
f 1552/1552/1552 1553/1553/1553 1554/1554/1554 
f 1552/1552/1552 1554/1554/1554 1555/1555/1555 
f 1556/1556/1556 1557/1557/1557 1558/1558/1558 
f 1557/1557/1557 1556/1556/1556 1562/1562/1562 
f 1605/1605/1605 1606/1606/1606 1607/1607/1607 
f 1607/1607/1607 1614/1614/1614 1605/1605/1605 
f 1648/1648/1648 1649/1649/1649 1650/1650/1650 
f 1648/1648/1648 1651/1651/1651 1649/1649/1649 
f 1652/1652/1652 1653/1653/1653 1654/1654/1654 
f 1653/1653/1653 1652/1652/1652 1655/1655/1655 
f 1689/1689/1689 1690/1690/1690 1691/1691/1691 
f 1691/1691/1691 1696/1696/1696 1689/1689/1689 
f 1569/1569/1569 1570/1570/1570 1571/1571/1571 
f 1646/1646/1646 1571/1571/1571 1570/1570/1570 
f 1608/1608/1608 1609/1609/1609 1610/1610/1610 
f 1609/1609/1609 1608/1608/1608 1612/1612/1612 
f 1683/1683/1683 1684/1684/1684 1685/1685/1685 
f 1684/1684/1684 1683/1683/1683 1694/1694/1694 
f 1566/1566/1566 1567/1567/1567 1568/1568/1568 
f 1567/1567/1567 1566/1566/1566 1573/1573/1573 
f 1642/1642/1642 1643/1643/1643 1644/1644/1644 
f 1643/1643/1643 1642/1642/1642 1645/1645/1645 
f 1598/1598/1598 1599/1599/1599 1600/1600/1600 
f 1599/1599/1599 1598/1598/1598 1611/1611/1611 
f 1601/1601/1601 1602/1602/1602 1603/1603/1603 
f 1602/1602/1602 1601/1601/1601 1613/1613/1613 
f 1680/1680/1680 1681/1681/1681 1682/1682/1682 
f 1681/1681/1681 1680/1680/1680 1693/1693/1693 
f 1563/1563/1563 1564/1564/1564 1565/1565/1565 
f 1564/1564/1564 1563/1563/1563 1572/1572/1572 
f 1639/1639/1639 1640/1640/1640 1641/1641/1641 
f 1640/1640/1640 1639/1639/1639 1647/1647/1647 
f 1595/1595/1595 1596/1596/1596 1597/1597/1597 
f 1596/1596/1596 1595/1595/1595 1604/1604/1604 
f 1686/1686/1686 1687/1687/1687 1688/1688/1688 
f 1687/1687/1687 1686/1686/1686 1695/1695/1695 
f 1577/1577/1577 1578/1578/1578 1579/1579/1579 
f 1578/1578/1578 1577/1577/1577 1580/1580/1580 
f 1677/1677/1677 1678/1678/1678 1679/1679/1679 
f 1678/1678/1678 1677/1677/1677 1692/1692/1692 
f 1559/1559/1559 1560/1560/1560 1561/1561/1561 
f 1560/1560/1560 1559/1559/1559 1592/1592/1592 
f 1636/1636/1636 1637/1637/1637 1638/1638/1638 
f 1637/1637/1637 1636/1636/1636 1656/1656/1656 
f 1660/1660/1660 1661/1661/1661 1662/1662/1662 
f 1661/1661/1661 1660/1660/1660 1674/1674/1674 
f 1615/1615/1615 1616/1616/1616 1617/1617/1617 
f 1616/1616/1616 1615/1615/1615 1622/1622/1622 
f 1657/1657/1657 1658/1658/1658 1659/1659/1659 
f 1658/1658/1658 1657/1657/1657 1673/1673/1673 
f 1544/1544/1544 1545/1545/1545 1546/1546/1546 
f 1545/1545/1545 1544/1544/1544 1551/1551/1551 
f 1541/1541/1541 1542/1542/1542 1543/1543/1543 
f 1542/1542/1542 1541/1541/1541 1547/1547/1547 
f 1581/1581/1581 1582/1582/1582 1583/1583/1583 
f 1582/1582/1582 1581/1581/1581 1590/1590/1590 
f 1663/1663/1663 1664/1664/1664 1665/1665/1665 
f 1664/1664/1664 1663/1663/1663 1672/1672/1672 
f 1548/1548/1548 1549/1549/1549 1550/1550/1550 
f 1548/1548/1548 1550/1550/1550 1621/1621/1621 
f 1532/1532/1532 1533/1533/1533 1534/1534/1534 
f 1535/1535/1535 1532/1532/1532 1534/1534/1534 
f 1536/1536/1536 1537/1537/1537 1538/1538/1538 
f 1537/1537/1537 1536/1536/1536 1539/1539/1539 
f 1587/1587/1587 1588/1588/1588 1589/1589/1589 
f 1588/1588/1588 1587/1587/1587 1594/1594/1594 
f 1624/1624/1624 1625/1625/1625 1626/1626/1626 
f 1626/1626/1626 1625/1625/1625 1627/1627/1627 
f 1628/1628/1628 1629/1629/1629 1630/1630/1630 
f 1631/1631/1631 1628/1628/1628 1630/1630/1630 
f 1669/1669/1669 1670/1670/1670 1671/1671/1671 
f 1670/1670/1670 1669/1669/1669 1676/1676/1676 
f 1529/1529/1529 1530/1530/1530 1531/1531/1531 
f 1540/1540/1540 1529/1529/1529 1531/1531/1531 
f 1574/1574/1574 1575/1575/1575 1576/1576/1576 
f 1575/1575/1575 1574/1574/1574 1591/1591/1591 
f 1584/1584/1584 1585/1585/1585 1586/1586/1586 
f 1585/1585/1585 1584/1584/1584 1593/1593/1593 
f 1618/1618/1618 1619/1619/1619 1620/1620/1620 
f 1619/1619/1619 1618/1618/1618 1623/1623/1623 
f 1632/1632/1632 1633/1633/1633 1634/1634/1634 
f 1633/1633/1633 1632/1632/1632 1635/1635/1635 
f 1666/1666/1666 1667/1667/1667 1668/1668/1668 
f 1667/1667/1667 1666/1666/1666 1675/1675/1675 
f 1702/1702/1702 1703/1703/1703 1704/1704/1704 
f 1725/1725/1725 1703/1703/1703 1702/1702/1702 
f 1697/1697/1697 1698/1698/1698 1699/1699/1699 
f 1705/1705/1705 1698/1698/1698 1697/1697/1697 
f 1700/1700/1700 1697/1697/1697 1699/1699/1699 
f 1697/1697/1697 1700/1700/1700 1701/1701/1701 
f 1720/1720/1720 1721/1721/1721 1722/1722/1722 
f 1722/1722/1722 1723/1723/1723 1720/1720/1720 
f 1724/1724/1724 1720/1720/1720 1723/1723/1723 
f 1720/1720/1720 1724/1724/1724 1726/1726/1726 
f 1736/1736/1736 1737/1737/1737 1738/1738/1738 
f 1737/1737/1737 1736/1736/1736 1742/1742/1742 
f 1743/1743/1743 1742/1742/1742 1736/1736/1736 
f 1736/1736/1736 1744/1744/1744 1743/1743/1743 
f 1753/1753/1753 1754/1754/1754 1755/1755/1755 
f 1753/1753/1753 1756/1756/1756 1754/1754/1754 
f 1757/1757/1757 1754/1754/1754 1756/1756/1756 
f 1754/1754/1754 1757/1757/1757 1758/1758/1758 
f 1706/1706/1706 1707/1707/1707 1708/1708/1708 
f 1706/1706/1706 1719/1719/1719 1707/1707/1707 
f 1719/1719/1719 1706/1706/1706 1733/1733/1733 
f 1707/1707/1707 1719/1719/1719 1709/1709/1709 
f 1707/1707/1707 1709/1709/1709 1710/1710/1710 
f 1709/1709/1709 1719/1719/1719 1728/1728/1728 
f 1709/1709/1709 1728/1728/1728 1735/1735/1735 
f 1719/1719/1719 1727/1727/1727 1728/1728/1728 
f 1727/1727/1727 1719/1719/1719 1734/1734/1734 
f 1759/1759/1759 1728/1728/1728 1727/1727/1727 
f 1727/1727/1727 1762/1762/1762 1759/1759/1759 
f 1761/1761/1761 1762/1762/1762 1727/1727/1727 
f 1728/1728/1728 1759/1759/1759 1739/1739/1739 
f 1739/1739/1739 1759/1759/1759 1752/1752/1752 
f 1752/1752/1752 1759/1759/1759 1760/1760/1760 
f 1751/1751/1751 1739/1739/1739 1752/1752/1752 
f 1740/1740/1740 1739/1739/1739 1751/1751/1751 
f 1739/1739/1739 1740/1740/1740 1741/1741/1741 
f 1741/1741/1741 1740/1740/1740 1749/1749/1749 
f 1746/1746/1746 1741/1741/1741 1749/1749/1749 
f 1746/1746/1746 1749/1749/1749 1750/1750/1750 
f 1741/1741/1741 1746/1746/1746 1748/1748/1748 
f 1746/1746/1746 1745/1745/1745 1748/1748/1748 
f 1745/1745/1745 1746/1746/1746 1747/1747/1747 
f 1711/1711/1711 1712/1712/1712 1713/1713/1713 
f 1712/1712/1712 1711/1711/1711 1714/1714/1714 
f 1715/1715/1715 1716/1716/1716 1717/1717/1717 
f 1716/1716/1716 1715/1715/1715 1718/1718/1718 
f 1729/1729/1729 1730/1730/1730 1731/1731/1731 
f 1731/1731/1731 1732/1732/1732 1729/1729/1729 
f 1763/1763/1763 1764/1764/1764 1765/1765/1765 
f 1764/1764/1764 1763/1763/1763 1823/1823/1823 
f 1814/1814/1814 1815/1815/1815 1816/1816/1816 
f 1814/1814/1814 1850/1850/1850 1815/1815/1815 
f 1792/1792/1792 1793/1793/1793 1794/1794/1794 
f 1793/1793/1793 1792/1792/1792 1798/1798/1798 
f 1817/1817/1817 1818/1818/1818 1819/1819/1819 
f 1818/1818/1818 1817/1817/1817 1848/1848/1848 
f 1820/1820/1820 1821/1821/1821 1822/1822/1822 
f 1851/1851/1851 1821/1821/1821 1820/1820/1820 
f 1795/1795/1795 1796/1796/1796 1797/1797/1797 
f 1796/1796/1796 1795/1795/1795 1799/1799/1799 
f 1824/1824/1824 1825/1825/1825 1826/1826/1826 
f 1852/1852/1852 1825/1825/1825 1824/1824/1824 
f 1800/1800/1800 1801/1801/1801 1802/1802/1802 
f 1801/1801/1801 1800/1800/1800 1803/1803/1803 
f 1827/1827/1827 1828/1828/1828 1829/1829/1829 
f 1827/1827/1827 1849/1849/1849 1828/1828/1828 
f 1772/1772/1772 1773/1773/1773 1774/1774/1774 
f 1773/1773/1773 1772/1772/1772 1775/1775/1775 
f 1766/1766/1766 1767/1767/1767 1768/1768/1768 
f 1767/1767/1767 1766/1766/1766 1813/1813/1813 
f 1830/1830/1830 1831/1831/1831 1832/1832/1832 
f 1831/1831/1831 1830/1830/1830 1853/1853/1853 
f 1769/1769/1769 1770/1770/1770 1771/1771/1771 
f 1770/1770/1770 1769/1769/1769 1776/1776/1776 
f 1777/1777/1777 1778/1778/1778 1779/1779/1779 
f 1778/1778/1778 1777/1777/1777 1786/1786/1786 
f 1845/1845/1845 1846/1846/1846 1847/1847/1847 
f 1845/1845/1845 1856/1856/1856 1846/1846/1846 
f 1789/1789/1789 1790/1790/1790 1791/1791/1791 
f 1790/1790/1790 1789/1789/1789 1810/1810/1810 
f 1780/1780/1780 1781/1781/1781 1782/1782/1782 
f 1781/1781/1781 1787/1787/1787 1782/1782/1782 
f 1807/1807/1807 1808/1808/1808 1809/1809/1809 
f 1807/1807/1807 1812/1812/1812 1808/1808/1808 
f 1833/1833/1833 1834/1834/1834 1835/1835/1835 
f 1834/1834/1834 1833/1833/1833 1854/1854/1854 
f 1842/1842/1842 1843/1843/1843 1844/1844/1844 
f 1843/1843/1843 1842/1842/1842 1858/1858/1858 
f 1783/1783/1783 1784/1784/1784 1785/1785/1785 
f 1783/1783/1783 1788/1788/1788 1784/1784/1784 
f 1804/1804/1804 1805/1805/1805 1806/1806/1806 
f 1811/1811/1811 1805/1805/1805 1804/1804/1804 
f 1836/1836/1836 1837/1837/1837 1838/1838/1838 
f 1837/1837/1837 1836/1836/1836 1855/1855/1855 
f 1839/1839/1839 1840/1840/1840 1841/1841/1841 
f 1857/1857/1857 1839/1839/1839 1841/1841/1841 
f 1876/1876/1876 1877/1877/1877 1878/1878/1878 
f 1877/1877/1877 1876/1876/1876 1975/1975/1975 
f 1859/1859/1859 1860/1860/1860 1861/1861/1861 
f 1860/1860/1860 1859/1859/1859 1875/1875/1875 
f 1862/1862/1862 1861/1861/1861 1860/1860/1860 
f 1862/1862/1862 1860/1860/1860 1863/1863/1863 
f 1886/1886/1886 1887/1887/1887 1888/1888/1888 
f 1887/1887/1887 1886/1886/1886 1889/1889/1889 
f 1890/1890/1890 1889/1889/1889 1886/1886/1886 
f 1886/1886/1886 1891/1891/1891 1890/1890/1890 
f 1972/1972/1972 1973/1973/1973 1974/1974/1974 
f 1974/1974/1974 1983/1983/1983 1972/1972/1972 
f 1984/1984/1984 1972/1972/1972 1983/1983/1983 
f 1972/1972/1972 1984/1984/1984 1985/1985/1985 
f 1997/1997/1997 1998/1998/1998 1999/1999/1999 
f 2002/2002/2002 1997/1997/1997 1999/1999/1999 
f 2000/2000/2000 1997/1997/1997 2002/2002/2002 
f 1997/1997/1997 2000/2000/2000 2001/2001/2001 
f 1879/1879/1879 1880/1880/1880 1881/1881/1881 
f 1879/1879/1879 1884/1884/1884 1880/1880/1880 
f 1884/1884/1884 1879/1879/1879 1979/1979/1979 
f 1880/1880/1880 1884/1884/1884 1882/1882/1882 
f 1880/1880/1880 1882/1882/1882 1883/1883/1883 
f 1970/1970/1970 1882/1882/1882 1884/1884/1884 
f 1882/1882/1882 1970/1970/1970 1971/1971/1971 
f 1884/1884/1884 1976/1976/1976 1970/1970/1970 
f 1976/1976/1976 1884/1884/1884 1977/1977/1977 
f 1993/1993/1993 1970/1970/1970 1976/1976/1976 
f 1976/1976/1976 1991/1991/1991 1993/1993/1993 
f 1991/1991/1991 1976/1976/1976 1992/1992/1992 
f 1970/1970/1970 1993/1993/1993 1903/1903/1903 
f 1903/1903/1903 1993/1993/1993 1994/1994/1994 
f 1994/1994/1994 1993/1993/1993 1995/1995/1995 
f 1996/1996/1996 1903/1903/1903 1994/1994/1994 
f 1902/1902/1902 1903/1903/1903 1996/1996/1996 
f 1903/1903/1903 1902/1902/1902 1900/1900/1900 
f 1900/1900/1900 1902/1902/1902 1901/1901/1901 
f 1897/1897/1897 1900/1900/1900 1901/1901/1901 
f 1897/1897/1897 1901/1901/1901 1904/1904/1904 
f 1900/1900/1900 1897/1897/1897 1899/1899/1899 
f 1897/1897/1897 1896/1896/1896 1899/1899/1899 
f 1896/1896/1896 1897/1897/1897 1898/1898/1898 
f 1864/1864/1864 1865/1865/1865 1866/1866/1866 
f 1865/1865/1865 1864/1864/1864 1870/1870/1870 
f 1867/1867/1867 1868/1868/1868 1869/1869/1869 
f 1867/1867/1867 1869/1869/1869 1874/1874/1874 
f 1892/1892/1892 1893/1893/1893 1894/1894/1894 
f 1894/1894/1894 1895/1895/1895 1892/1892/1892 
f 1980/1980/1980 1981/1981/1981 1982/1982/1982 
f 1981/1981/1981 1980/1980/1980 1986/1986/1986 
f 1987/1987/1987 1988/1988/1988 1989/1989/1989 
f 1988/1988/1988 1987/1987/1987 1990/1990/1990 
f 2003/2003/2003 2004/2004/2004 2005/2005/2005 
f 2005/2005/2005 2006/2006/2006 2003/2003/2003 
f 1871/1871/1871 1872/1872/1872 1873/1873/1873 
f 1872/1872/1872 1871/1871/1871 1885/1885/1885 
f 1905/1905/1905 1906/1906/1906 1907/1907/1907 
f 1906/1906/1906 1905/1905/1905 1978/1978/1978 
f 2007/2007/2007 2008/2008/2008 2009/2009/2009 
f 2009/2009/2009 2039/2039/2039 2007/2007/2007 
f 1929/1929/1929 1930/1930/1930 1931/1931/1931 
f 1930/1930/1930 1929/1929/1929 2013/2013/2013 
f 1943/1943/1943 1944/1944/1944 1945/1945/1945 
f 1962/1962/1962 1963/1963/1963 1964/1964/1964 
f 2036/2036/2036 2037/2037/2037 2038/2038/2038 
f 2038/2038/2038 2056/2056/2056 2036/2036/2036 
f 1926/1926/1926 1927/1927/1927 1928/1928/1928 
f 1927/1927/1927 1926/1926/1926 1932/1932/1932 
f 1946/1946/1946 1947/1947/1947 1948/1948/1948 
f 1947/1947/1947 1946/1946/1946 1965/1965/1965 
f 2052/2052/2052 2053/2053/2053 2054/2054/2054 
f 2054/2054/2054 2055/2055/2055 2052/2052/2052 
f 1933/1933/1933 1934/1934/1934 1935/1935/1935 
f 1934/1934/1934 1933/1933/1933 1936/1936/1936 
f 1949/1949/1949 1950/1950/1950 1951/1951/1951 
f 1949/1949/1949 1951/1951/1951 1966/1966/1966 
f 2027/2027/2027 2028/2028/2028 2029/2029/2029 
f 2035/2035/2035 2028/2028/2028 2027/2027/2027 
f 1940/1940/1940 1941/1941/1941 1942/1942/1942 
f 1941/1941/1941 1940/1940/1940 1952/1952/1952 
f 2010/2010/2010 2011/2011/2011 2012/2012/2012 
f 2011/2011/2011 2010/2010/2010 2014/2014/2014 
f 2040/2040/2040 2041/2041/2041 2042/2042/2042 
f 2042/2042/2042 2057/2057/2057 2040/2040/2040 
f 1937/1937/1937 1938/1938/1938 1939/1939/1939 
f 1938/1938/1938 1937/1937/1937 2015/2015/2015 
f 1959/1959/1959 1960/1960/1960 1961/1961/1961 
f 1960/1960/1960 1959/1959/1959 1967/1967/1967 
f 2043/2043/2043 2044/2044/2044 2045/2045/2045 
f 2045/2045/2045 2058/2058/2058 2043/2043/2043 
f 1908/1908/1908 1909/1909/1909 1910/1910/1910 
f 1911/1911/1911 1912/1912/1912 1913/1913/1913 
f 1912/1912/1912 1911/1911/1911 1914/1914/1914 
f 1915/1915/1915 1916/1916/1916 1917/1917/1917 
f 1956/1956/1956 1957/1957/1957 1958/1958/1958 
f 1958/1958/1958 1957/1957/1957 1969/1969/1969 
f 2020/2020/2020 2021/2021/2021 2022/2022/2022 
f 2021/2021/2021 2020/2020/2020 2023/2023/2023 
f 2024/2024/2024 2025/2025/2025 2026/2026/2026 
f 2024/2024/2024 2026/2026/2026 2030/2030/2030 
f 2049/2049/2049 2050/2050/2050 2051/2051/2051 
f 2060/2060/2060 2049/2049/2049 2051/2051/2051 
f 1918/1918/1918 1919/1919/1919 1920/1920/1920 
f 1919/1919/1919 1918/1918/1918 1925/1925/1925 
f 1921/1921/1921 1922/1922/1922 1923/1923/1923 
f 1921/1921/1921 1924/1924/1924 1922/1922/1922 
f 1953/1953/1953 1954/1954/1954 1955/1955/1955 
f 1955/1955/1955 1954/1954/1954 1968/1968/1968 
f 2016/2016/2016 2017/2017/2017 2018/2018/2018 
f 2017/2017/2017 2016/2016/2016 2019/2019/2019 
f 2031/2031/2031 2032/2032/2032 2033/2033/2033 
f 2031/2031/2031 2034/2034/2034 2032/2032/2032 
f 2046/2046/2046 2047/2047/2047 2048/2048/2048 
f 2048/2048/2048 2047/2047/2047 2059/2059/2059 
f 2087/2087/2087 2088/2088/2088 2089/2089/2089 
f 2088/2088/2088 2087/2087/2087 2188/2188/2188 
f 2061/2061/2061 2062/2062/2062 2063/2063/2063 
f 2070/2070/2070 2071/2071/2071 2072/2072/2072 
f 2071/2071/2071 2070/2070/2070 2073/2073/2073 
f 2071/2071/2071 2079/2079/2079 2080/2080/2080 
f 2130/2130/2130 2131/2131/2131 2132/2132/2132 
f 2130/2130/2130 2139/2139/2139 2131/2131/2131 
f 2140/2140/2140 2131/2131/2131 2139/2139/2139 
f 2131/2131/2131 2140/2140/2140 2141/2141/2141 
f 2185/2185/2185 2186/2186/2186 2187/2187/2187 
f 2186/2186/2186 2185/2185/2185 2189/2189/2189 
f 2187/2187/2187 2186/2186/2186 2192/2192/2192 
f 2186/2186/2186 2191/2191/2191 2192/2192/2192 
f 2241/2241/2241 2242/2242/2242 2243/2243/2243 
f 2242/2242/2242 2241/2241/2241 2244/2244/2244 
f 2241/2241/2241 2246/2246/2246 2247/2247/2247 
f 2248/2248/2248 2249/2249/2249 2250/2250/2250 
f 2090/2090/2090 2091/2091/2091 2092/2092/2092 
f 2091/2091/2091 2094/2094/2094 2095/2095/2095 
f 2094/2094/2094 2091/2091/2091 2190/2190/2190 
f 2094/2094/2094 2190/2190/2190 2233/2233/2233 
f 2190/2190/2190 2091/2091/2091 2145/2145/2145 
f 2190/2190/2190 2145/2145/2145 2234/2234/2234 
f 2145/2145/2145 2091/2091/2091 2093/2093/2093 
f 2091/2091/2091 2090/2090/2090 2093/2093/2093 
f 2145/2145/2145 2093/2093/2093 2177/2177/2177 
f 2134/2134/2134 2093/2093/2093 2090/2090/2090 
f 2133/2133/2133 2134/2134/2134 2090/2090/2090 
f 2134/2134/2134 2133/2133/2133 2135/2135/2135 
f 2093/2093/2093 2134/2134/2134 2144/2144/2144 
f 2144/2144/2144 2134/2134/2134 2142/2142/2142 
f 2142/2142/2142 2134/2134/2134 2143/2143/2143 
f 2146/2146/2146 2144/2144/2144 2142/2142/2142 
f 2147/2147/2147 2144/2144/2144 2146/2146/2146 
f 2144/2144/2144 2147/2147/2147 2238/2238/2238 
f 2238/2238/2238 2147/2147/2147 2239/2239/2239 
f 2235/2235/2235 2238/2238/2238 2239/2239/2239 
f 2235/2235/2235 2239/2239/2239 2240/2240/2240 
f 2238/2238/2238 2235/2235/2235 2237/2237/2237 
f 2235/2235/2235 2236/2236/2236 2237/2237/2237 
f 2236/2236/2236 2235/2235/2235 2245/2245/2245 
f 2064/2064/2064 2065/2065/2065 2066/2066/2066 
f 2065/2065/2065 2064/2064/2064 2074/2074/2074 
f 2067/2067/2067 2068/2068/2068 2069/2069/2069 
f 2067/2067/2067 2069/2069/2069 2078/2078/2078 
f 2136/2136/2136 2137/2137/2137 2138/2138/2138 
f 2137/2137/2137 2136/2136/2136 2148/2148/2148 
f 2178/2178/2178 2179/2179/2179 2180/2180/2180 
f 2178/2178/2178 2180/2180/2180 2193/2193/2193 
f 2194/2194/2194 2195/2195/2195 2196/2196/2196 
f 2195/2195/2195 2194/2194/2194 2197/2197/2197 
f 2251/2251/2251 2252/2252/2252 2253/2253/2253 
f 2252/2252/2252 2251/2251/2251 2254/2254/2254 
f 2081/2081/2081 2082/2082/2082 2083/2083/2083 
f 2181/2181/2181 2182/2182/2182 2183/2183/2183 
f 2255/2255/2255 2256/2256/2256 2257/2257/2257 
f 2256/2256/2256 2255/2255/2255 2277/2277/2277 
f 2149/2149/2149 2150/2150/2150 2151/2151/2151 
f 2150/2150/2150 2149/2149/2149 2171/2171/2171 
f 2258/2258/2258 2259/2259/2259 2260/2260/2260 
f 2278/2278/2278 2258/2258/2258 2260/2260/2260 
f 2264/2264/2264 2265/2265/2265 2266/2266/2266 
f 2280/2280/2280 2264/2264/2264 2266/2266/2266 
f 2158/2158/2158 2159/2159/2159 2160/2160/2160 
f 2159/2159/2159 2158/2158/2158 2172/2172/2172 
f 2267/2267/2267 2268/2268/2268 2269/2269/2269 
f 2276/2276/2276 2267/2267/2267 2269/2269/2269 
f 2161/2161/2161 2162/2162/2162 2163/2163/2163 
f 2174/2174/2174 2161/2161/2161 2163/2163/2163 
f 2084/2084/2084 2085/2085/2085 2086/2086/2086 
f 2084/2084/2084 2086/2086/2086 2184/2184/2184 
f 2198/2198/2198 2199/2199/2199 2200/2200/2200 
f 2201/2201/2201 2202/2202/2202 2203/2203/2203 
f 2075/2075/2075 2076/2076/2076 2077/2077/2077 
f 2096/2096/2096 2097/2097/2097 2098/2098/2098 
f 2204/2204/2204 2205/2205/2205 2206/2206/2206 
f 2204/2204/2204 2206/2206/2206 2207/2207/2207 
f 2099/2099/2099 2100/2100/2100 2101/2101/2101 
f 2100/2100/2100 2099/2099/2099 2109/2109/2109 
f 2221/2221/2221 2222/2222/2222 2223/2223/2223 
f 2222/2222/2222 2221/2221/2221 2231/2231/2231 
f 2110/2110/2110 2111/2111/2111 2112/2112/2112 
f 2111/2111/2111 2129/2129/2129 2112/2112/2112 
f 2208/2208/2208 2209/2209/2209 2210/2210/2210 
f 2209/2209/2209 2214/2214/2214 2210/2210/2210 
f 2152/2152/2152 2153/2153/2153 2154/2154/2154 
f 2153/2153/2153 2152/2152/2152 2170/2170/2170 
f 2117/2117/2117 2118/2118/2118 2119/2119/2119 
f 2117/2117/2117 2119/2119/2119 2126/2126/2126 
f 2261/2261/2261 2262/2262/2262 2263/2263/2263 
f 2262/2262/2262 2261/2261/2261 2279/2279/2279 
f 2155/2155/2155 2156/2156/2156 2157/2157/2157 
f 2156/2156/2156 2155/2155/2155 2173/2173/2173 
f 2120/2120/2120 2121/2121/2121 2122/2122/2122 
f 2120/2120/2120 2122/2122/2122 2215/2215/2215 
f 2102/2102/2102 2103/2103/2103 2104/2104/2104 
f 2103/2103/2103 2102/2102/2102 2105/2105/2105 
f 2114/2114/2114 2115/2115/2115 2116/2116/2116 
f 2114/2114/2114 2116/2116/2116 2127/2127/2127 
f 2164/2164/2164 2165/2165/2165 2166/2166/2166 
f 2166/2166/2166 2165/2165/2165 2175/2175/2175 
f 2216/2216/2216 2217/2217/2217 2218/2218/2218 
f 2217/2217/2217 2216/2216/2216 2220/2220/2220 
f 2224/2224/2224 2225/2225/2225 2226/2226/2226 
f 2224/2224/2224 2226/2226/2226 2227/2227/2227 
f 2270/2270/2270 2271/2271/2271 2272/2272/2272 
f 2271/2271/2271 2270/2270/2270 2281/2281/2281 
f 2106/2106/2106 2107/2107/2107 2108/2108/2108 
f 2108/2108/2108 2107/2107/2107 2113/2113/2113 
f 2123/2123/2123 2124/2124/2124 2125/2125/2125 
f 2124/2124/2124 2128/2128/2128 2125/2125/2125 
f 2167/2167/2167 2168/2168/2168 2169/2169/2169 
f 2167/2167/2167 2169/2169/2169 2176/2176/2176 
f 2211/2211/2211 2212/2212/2212 2213/2213/2213 
f 2212/2212/2212 2211/2211/2211 2219/2219/2219 
f 2228/2228/2228 2229/2229/2229 2230/2230/2230 
f 2230/2230/2230 2229/2229/2229 2232/2232/2232 
f 2273/2273/2273 2274/2274/2274 2275/2275/2275 
f 2273/2273/2273 2275/2275/2275 2282/2282/2282 

g Cube0031

v -0.45961 3.76164 2.63702 
v -0.45961 3.58055 2.69498 
v -0.45961 3.58055 2.63702 
v -0.637979 3.97745 2.63702 
v -0.637979 3.76164 2.69498 
v -0.637979 3.76164 2.63702 
v -0.630966 4.57043 2.72176 
v -0.630966 4.4365 2.65225 
v -0.630966 4.57043 2.65225 
v -0.105051 3.58055 2.63702 
v -0.105051 3.40789 2.69498 
v -0.105051 3.40789 2.63702 
v 0.105051 3.77191 2.63702 
v 0.105051 4.06736 2.69498 
v 0.105051 3.77191 2.69498 
v 0.105051 4.06736 2.63702 
v -0.105051 3.58055 2.69498 
v -0.637979 3.97745 2.69498 
v -0.630966 4.4365 2.72176 
v -0.609043 4.63666 2.66215 
v -0.609043 4.78579 2.71186 
v -0.609043 4.63666 2.71186 
v -0.45961 3.76164 2.69498 
v -0.143291 4.29718 2.6313 
v -0.143291 5.48197 2.7007 
v -0.143291 4.29718 2.7007 
v -0.609043 4.78579 2.66215 
v -0.410199 4.8355 2.71186 
v -0.410199 4.78579 2.66215 
v -0.410199 4.8355 2.66215 
v -0.857598 5.13377 2.71186 
v -0.857598 4.98463 2.66215 
v -0.857598 5.13377 2.66215 
v -0.410199 5.23319 2.71186 
v -0.410199 5.18348 2.66215 
v -0.410199 5.23319 2.66215 
v -0.360488 5.18348 2.71186 
v -0.360488 4.8355 2.66215 
v -0.360488 5.18348 2.66215 
v -0.143291 5.48197 2.6313 
v -0.45991 5.2829 2.71186 
v -0.45991 5.23319 2.66215 
v -0.45991 5.2829 2.66215 
v -0.857598 4.98463 2.71186 
v -0.45991 5.23319 2.71186 
v -0.410199 4.78579 2.71186 
v -0.360488 4.8355 2.71186 
v -0.410199 5.18348 2.71186 
v 0.267408 3.77191 2.69498 
v 0.267408 3.58055 2.69498 
v 0.267408 3.77191 2.63702 
v 0.637979 3.58055 2.63702 
v 0.637979 3.40789 2.69498 
v 0.637979 3.40789 2.63702 
v 0.267408 3.58055 2.63702 
v 0.815091 3.76164 2.63702 
v 0.815091 3.58055 2.69498 
v 0.815091 3.58055 2.63702 
v 0.815091 3.97745 2.63702 
v 0.815091 3.76164 2.69498 
v 0.840535 4.57043 2.72176 
v 0.840535 4.4365 2.65225 
v 0.840535 4.57043 2.65225 
v 0.637979 3.58055 2.69498 
v 0.815091 3.97745 2.69498 
v 0.840535 4.4365 2.72176 
v 0.862457 4.63666 2.66215 
v 0.862457 4.78579 2.71186 
v 0.862457 4.63666 2.71186 
v 1.32821 4.29718 2.6313 
v 1.32821 5.48197 2.7007 
v 1.32821 4.29718 2.7007 
v 0.862457 4.78579 2.66215 
v 1.0613 4.8355 2.71186 
v 1.0613 4.78579 2.66215 
v 1.0613 4.8355 2.66215 
v 1.01159 5.2829 2.71186 
v 1.01159 5.23319 2.66215 
v 1.01159 5.2829 2.66215 
v 1.0613 5.23319 2.71186 
v 1.0613 5.18348 2.66215 
v 1.0613 5.23319 2.66215 
v 1.11101 5.18348 2.71186 
v 1.11101 4.8355 2.66215 
v 1.11101 5.18348 2.66215 
v 1.32821 5.48197 2.6313 
v 0.613902 5.13377 2.71186 
v 0.613902 4.98463 2.66215 
v 0.613902 5.13377 2.66215 
v 0.613902 4.98463 2.71186 
v 1.01159 5.23319 2.71186 
v 1.0613 4.78579 2.71186 
v 1.11101 4.8355 2.71186 
v 1.0613 5.18348 2.71186 
v -0.637979 3.76164 2.63702 
v -0.45961 3.76164 2.69498 
v -0.45961 3.76164 2.63702 
v -0.81509 3.97745 2.63702 
v -0.637979 3.97745 2.69498 
v -0.637979 3.97745 2.63702 
v -0.630966 4.57043 2.65225 
v -0.837273 4.57043 2.65225 
v -0.837273 4.57043 2.72176 
v -0.267408 3.58055 2.69498 
v -0.45961 3.58055 2.63702 
v -0.45961 3.58055 2.69498 
v -0.267408 3.58055 2.63702 
v -0.267408 3.77191 2.63702 
v -0.105051 3.77191 2.69498 
v -0.105051 3.77191 2.63702 
v 0.105051 4.06736 2.63702 
v -0.105051 4.06736 2.63702 
v -0.105051 4.06736 2.69498 
v -0.267408 3.77191 2.69498 
v -0.807887 4.8355 2.71186 
v -0.857598 4.8355 2.66215 
v -0.857598 4.8355 2.71186 
v -0.807887 4.8355 2.66215 
v -0.758176 4.88521 2.71186 
v -0.807887 4.88521 2.66215 
v -0.807887 4.88521 2.71186 
v -0.81509 3.97745 2.69498 
v -0.637979 3.76164 2.69498 
v -0.630966 4.57043 2.72176 
v -0.758176 4.88521 2.66215 
v -1.10615 5.18348 2.66215 
v -1.05644 5.18348 2.71186 
v -1.05644 5.18348 2.66215 
v -0.45991 5.2829 2.66215 
v -1.00673 5.2829 2.66215 
v -1.00673 5.2829 2.71186 
v -0.143291 5.48197 2.6313 
v -1.32808 5.48197 2.6313 
v -1.32808 5.48197 2.7007 
v -0.609043 4.93492 2.66215 
v -0.758176 4.93492 2.66215 
v -0.609043 4.93492 2.71186 
v -0.410199 5.18348 2.66215 
v -0.360488 5.18348 2.71186 
v -0.360488 5.18348 2.66215 
v -0.45991 5.23319 2.66215 
v -0.410199 5.23319 2.71186 
v -0.410199 5.23319 2.66215 
v -0.143291 5.48197 2.7007 
v -1.05644 5.23319 2.66215 
v -1.00673 5.23319 2.71186 
v -1.00673 5.23319 2.66215 
v -0.758176 4.93492 2.71186 
v -1.10615 5.18348 2.71186 
v -1.05644 5.23319 2.71186 
v -0.45991 5.2829 2.71186 
v -0.410199 5.18348 2.71186 
v -0.45991 5.23319 2.71186 
v 0.105051 4.06736 2.69498 
v 0.267408 3.58055 2.69498 
v 0.45961 3.58055 2.69498 
v 0.267408 3.58055 2.63702 
v 0.45961 3.58055 2.63702 
v 0.267408 3.77191 2.63702 
v 0.105051 3.77191 2.63702 
v 0.267408 3.77191 2.69498 
v 0.45961 3.76164 2.69498 
v 0.637979 3.76164 2.69498 
v 0.45961 3.76164 2.63702 
v 0.637979 3.76164 2.63702 
v 0.815091 3.97745 2.63702 
v 0.637979 3.97745 2.63702 
v 0.815091 3.97745 2.69498 
v 0.634227 4.57043 2.72176 
v 0.840535 4.57043 2.65225 
v 0.634227 4.57043 2.65225 
v 0.637979 3.97745 2.69498 
v 0.105051 3.77191 2.69498 
v 0.663613 4.8355 2.71186 
v 0.613902 4.8355 2.66215 
v 0.613902 4.8355 2.71186 
v 0.663613 4.8355 2.66215 
v 0.713324 4.88521 2.71186 
v 0.663613 4.88521 2.66215 
v 0.663613 4.88521 2.71186 
v 0.840535 4.57043 2.72176 
v 0.713324 4.88521 2.66215 
v 0.862457 4.93492 2.66215 
v 0.713324 4.93492 2.66215 
v 0.862457 4.93492 2.71186 
v 0.365346 5.18348 2.66215 
v 0.415058 5.18348 2.71186 
v 0.415058 5.18348 2.66215 
v 1.01159 5.2829 2.66215 
v 0.464769 5.2829 2.66215 
v 0.464769 5.2829 2.71186 
v 1.32821 5.48197 2.6313 
v 0.14342 5.48197 2.6313 
v 0.14342 5.48197 2.7007 
v 1.32821 5.48197 2.7007 
v 1.0613 5.18348 2.66215 
v 1.11101 5.18348 2.71186 
v 1.11101 5.18348 2.66215 
v 1.01159 5.23319 2.66215 
v 1.0613 5.23319 2.71186 
v 1.0613 5.23319 2.66215 
v 0.415058 5.23319 2.66215 
v 0.464769 5.23319 2.71186 
v 0.464769 5.23319 2.66215 
v 0.713324 4.93492 2.71186 
v 0.365346 5.18348 2.71186 
v 0.415058 5.23319 2.71186 
v 1.01159 5.2829 2.71186 
v 1.0613 5.18348 2.71186 
v 1.01159 5.23319 2.71186 
v -0.45961 3.40789 2.69498 
v -0.637979 3.58055 2.69498 
v -0.637979 3.40789 2.69498 
v -0.45961 3.58055 2.69498 
v -0.81509 3.76164 2.69498 
v -0.81509 3.58055 2.69498 
v -0.637979 3.76164 2.69498 
v -0.45961 3.76164 2.69498 
v -0.637979 3.97745 2.69498 
v -0.267408 3.40789 2.69498 
v -0.267408 3.58055 2.69498 
v -0.105051 3.58055 2.69498 
v -0.267408 3.77191 2.69498 
v -0.105051 3.77191 2.69498 
v 0.105051 3.77191 2.69498 
v -0.81509 3.97745 2.69498 
v -1.32808 4.29718 2.7007 
v -0.239476 4.39337 2.7007 
v -1.2319 4.39337 2.7007 
v -0.630966 4.4365 2.72176 
v -0.837273 4.57043 2.72176 
v -0.837273 4.4365 2.72176 
v -1.32808 5.48197 2.7007 
v -0.857598 4.63666 2.71186 
v -0.609043 4.78579 2.71186 
v -0.807887 4.8355 2.71186 
v -0.857598 4.8355 2.71186 
v -0.630966 4.57043 2.72176 
v -0.105051 3.40789 2.69498 
v -0.105051 4.06736 2.69498 
v -0.143291 4.29718 2.7007 
v -0.239476 5.38579 2.7007 
v -0.609043 4.63666 2.71186 
v -0.410199 4.78579 2.71186 
v -0.410199 4.8355 2.71186 
v -0.758176 4.88521 2.71186 
v -0.807887 4.88521 2.71186 
v -0.609043 4.93492 2.71186 
v -0.758176 4.93492 2.71186 
v -1.10615 4.98463 2.71186 
v -0.857598 4.98463 2.71186 
v -1.05644 5.18348 2.71186 
v -1.2319 5.38579 2.7007 
v -0.143291 5.48197 2.7007 
v -0.360488 5.18348 2.71186 
v -0.360488 4.8355 2.71186 
v -0.410199 5.18348 2.71186 
v -0.857598 5.13377 2.71186 
v -1.10615 5.18348 2.71186 
v -1.00673 5.23319 2.71186 
v -1.05644 5.23319 2.71186 
v -1.00673 5.2829 2.71186 
v -0.45991 5.2829 2.71186 
v -0.609043 5.13377 2.71186 
v -0.45991 5.23319 2.71186 
v -0.410199 5.23319 2.71186 
v 0.105051 4.06736 2.69498 
v 0.267408 3.58055 2.69498 
v 0.267408 3.40789 2.69498 
v 0.45961 3.40789 2.69498 
v 0.45961 3.58055 2.69498 
v 0.637979 3.40789 2.69498 
v 0.105051 3.40789 2.69498 
v 0.105051 3.58055 2.69498 
v 0.637979 3.76164 2.69498 
v 0.45961 3.76164 2.69498 
v 0.637979 3.58055 2.69498 
v 0.815091 3.58055 2.69498 
v 0.815091 3.76164 2.69498 
v 0.815091 3.97745 2.69498 
v 0.637979 3.97745 2.69498 
v 0.267408 3.77191 2.69498 
v 0.14342 4.29718 2.7007 
v 1.23202 4.39337 2.7007 
v 0.239605 4.39337 2.7007 
v 0.14342 5.48197 2.7007 
v 0.613902 4.63666 2.71186 
v 0.663613 4.8355 2.71186 
v 0.613902 4.8355 2.71186 
v 0.840535 4.4365 2.72176 
v 0.634227 4.57043 2.72176 
v 0.634227 4.4365 2.72176 
v 1.32821 4.29718 2.7007 
v 0.840535 4.57043 2.72176 
v 1.23202 5.38579 2.7007 
v 0.862457 4.63666 2.71186 
v 0.862457 4.78579 2.71186 
v 1.0613 4.8355 2.71186 
v 1.0613 4.78579 2.71186 
v 0.862457 4.93492 2.71186 
v 0.713324 4.88521 2.71186 
v 0.239605 5.38579 2.7007 
v 1.32821 5.48197 2.7007 
v 0.862457 5.13377 2.71186 
v 1.0613 5.18348 2.71186 
v 1.01159 5.23319 2.71186 
v 1.11101 5.18348 2.71186 
v 1.11101 4.8355 2.71186 
v 1.0613 5.23319 2.71186 
v 0.365346 4.98463 2.71186 
v 0.613902 4.98463 2.71186 
v 0.415058 5.18348 2.71186 
v 0.365346 5.18348 2.71186 
v 0.613902 5.13377 2.71186 
v 0.464769 5.23319 2.71186 
v 0.415058 5.23319 2.71186 
v 0.464769 5.2829 2.71186 
v 0.663613 4.88521 2.71186 
v 0.713324 4.93492 2.71186 
v 1.01159 5.2829 2.71186 
v -0.81509 3.76164 2.63702 
v -0.81509 3.58055 2.63702 
v -0.81509 3.76164 2.69498 
v -0.837273 4.4365 2.72176 
v -0.837273 4.57043 2.65225 
v -0.837273 4.4365 2.65225 
v -1.32808 4.29718 2.7007 
v -1.32808 5.48197 2.6313 
v -1.32808 4.29718 2.6313 
v -0.81509 3.97745 2.63702 
v -0.81509 3.97745 2.69498 
v -0.637979 3.40789 2.63702 
v -0.637979 3.58055 2.69498 
v -0.637979 3.58055 2.63702 
v -0.267408 3.77191 2.63702 
v -0.267408 3.58055 2.63702 
v -0.267408 3.77191 2.69498 
v -0.637979 3.40789 2.69498 
v -0.837273 4.57043 2.72176 
v -0.857598 4.63666 2.71186 
v -0.857598 4.8355 2.66215 
v -0.857598 4.63666 2.66215 
v -0.857598 4.8355 2.71186 
v -0.81509 3.58055 2.69498 
v -0.267408 3.58055 2.69498 
v -0.807887 4.8355 2.71186 
v -0.807887 4.88521 2.66215 
v -0.807887 4.8355 2.66215 
v -1.10615 4.98463 2.71186 
v -1.10615 5.18348 2.66215 
v -1.10615 4.98463 2.66215 
v -1.32808 5.48197 2.7007 
v -1.05644 5.18348 2.71186 
v -1.05644 5.23319 2.66215 
v -1.05644 5.18348 2.66215 
v -1.00673 5.23319 2.71186 
v -1.00673 5.2829 2.66215 
v -1.00673 5.23319 2.66215 
v -0.758176 4.88521 2.71186 
v -0.758176 4.93492 2.66215 
v -0.758176 4.88521 2.66215 
v -0.609043 4.93492 2.71186 
v -0.609043 5.13377 2.66215 
v -0.609043 4.93492 2.66215 
v -0.807887 4.88521 2.71186 
v -1.10615 5.18348 2.71186 
v -1.05644 5.23319 2.71186 
v -1.00673 5.2829 2.71186 
v -0.758176 4.93492 2.71186 
v -0.609043 5.13377 2.71186 
v -0.105051 3.77191 2.69498 
v -0.105051 4.06736 2.63702 
v -0.105051 3.77191 2.63702 
v 0.105051 3.40789 2.63702 
v 0.105051 3.58055 2.69498 
v 0.105051 3.58055 2.63702 
v 0.45961 3.76164 2.63702 
v 0.45961 3.58055 2.63702 
v 0.45961 3.76164 2.69498 
v 0.14342 4.29718 2.7007 
v 0.14342 5.48197 2.6313 
v 0.14342 4.29718 2.6313 
v 0.634227 4.4365 2.72176 
v 0.634227 4.57043 2.65225 
v 0.634227 4.4365 2.65225 
v 0.637979 3.97745 2.69498 
v 0.637979 3.76164 2.63702 
v 0.637979 3.76164 2.69498 
v 0.637979 3.97745 2.63702 
v 0.45961 3.58055 2.69498 
v 0.105051 3.40789 2.69498 
v -0.105051 4.06736 2.69498 
v 0.613902 4.63666 2.71186 
v 0.613902 4.8355 2.66215 
v 0.613902 4.63666 2.66215 
v 0.634227 4.57043 2.72176 
v 0.613902 4.8355 2.71186 
v 0.663613 4.8355 2.71186 
v 0.663613 4.88521 2.66215 
v 0.663613 4.8355 2.66215 
v 0.365346 4.98463 2.71186 
v 0.365346 5.18348 2.66215 
v 0.365346 4.98463 2.66215 
v 0.14342 5.48197 2.7007 
v 0.415058 5.18348 2.71186 
v 0.415058 5.23319 2.66215 
v 0.415058 5.18348 2.66215 
v 0.464769 5.23319 2.71186 
v 0.464769 5.2829 2.66215 
v 0.464769 5.23319 2.66215 
v 0.713324 4.88521 2.71186 
v 0.713324 4.93492 2.66215 
v 0.713324 4.88521 2.66215 
v 0.862457 4.93492 2.71186 
v 0.862457 5.13377 2.66215 
v 0.862457 4.93492 2.66215 
v 0.663613 4.88521 2.71186 
v 0.365346 5.18348 2.71186 
v 0.415058 5.23319 2.71186 
v 0.464769 5.2829 2.71186 
v 0.713324 4.93492 2.71186 
v 0.862457 5.13377 2.71186 
v -0.45961 3.40789 2.63702 
v -0.637979 3.40789 2.69498 
v -0.637979 3.40789 2.63702 
v -0.637979 3.58055 2.63702 
v -0.81509 3.58055 2.69498 
v -0.81509 3.58055 2.63702 
v -0.143291 4.29718 2.7007 
v -1.32808 4.29718 2.6313 
v -0.143291 4.29718 2.6313 
v -0.267408 3.40789 2.63702 
v -0.45961 3.40789 2.69498 
v -0.105051 3.40789 2.63702 
v -0.267408 3.40789 2.69498 
v -0.105051 3.40789 2.69498 
v -0.637979 3.58055 2.69498 
v -1.32808 4.29718 2.7007 
v 0.105051 3.58055 2.69498 
v -0.105051 3.58055 2.69498 
v -0.105051 3.58055 2.63702 
v -0.630966 4.4365 2.72176 
v -0.837273 4.4365 2.72176 
v -0.837273 4.4365 2.65225 
v -0.857598 4.63666 2.66215 
v -0.609043 4.63666 2.66215 
v -0.857598 4.63666 2.71186 
v -0.857598 4.98463 2.66215 
v -1.10615 4.98463 2.71186 
v -1.10615 4.98463 2.66215 
v -0.630966 4.4365 2.65225 
v -0.410199 4.78579 2.71186 
v -0.609043 4.78579 2.66215 
v -0.410199 4.78579 2.66215 
v -0.410199 4.8355 2.71186 
v -0.410199 4.8355 2.66215 
v -0.360488 4.8355 2.66215 
v -0.609043 5.13377 2.71186 
v -0.857598 5.13377 2.66215 
v -0.609043 5.13377 2.66215 
v -0.857598 4.98463 2.71186 
v -0.857598 5.13377 2.71186 
v -0.609043 4.63666 2.71186 
v -0.609043 4.78579 2.71186 
v -0.360488 4.8355 2.71186 
v 0.105051 3.58055 2.63702 
v 0.105051 3.40789 2.63702 
v 0.267408 3.40789 2.63702 
v 0.105051 3.40789 2.69498 
v 0.45961 3.40789 2.63702 
v 0.267408 3.40789 2.69498 
v 0.637979 3.40789 2.63702 
v 0.45961 3.40789 2.69498 
v 0.637979 3.58055 2.63702 
v 0.815091 3.58055 2.63702 
v 0.637979 3.58055 2.69498 
v 1.32821 4.29718 2.7007 
v 0.14342 4.29718 2.6313 
v 1.32821 4.29718 2.6313 
v 0.14342 4.29718 2.7007 
v 0.637979 3.40789 2.69498 
v 0.815091 3.58055 2.69498 
v 0.840535 4.4365 2.72176 
v 0.634227 4.4365 2.72176 
v 0.634227 4.4365 2.65225 
v 0.840535 4.4365 2.65225 
v 0.862457 4.63666 2.71186 
v 0.613902 4.63666 2.66215 
v 0.862457 4.63666 2.66215 
v 0.613902 4.98463 2.71186 
v 0.365346 4.98463 2.66215 
v 0.613902 4.98463 2.66215 
v 0.862457 5.13377 2.71186 
v 0.613902 5.13377 2.66215 
v 0.862457 5.13377 2.66215 
v 1.0613 4.78579 2.71186 
v 0.862457 4.78579 2.66215 
v 1.0613 4.78579 2.66215 
v 1.0613 4.8355 2.71186 
v 1.0613 4.8355 2.66215 
v 1.11101 4.8355 2.66215 
v 0.862457 4.78579 2.71186 
v 0.613902 4.63666 2.71186 
v 0.365346 4.98463 2.71186 
v 0.613902 5.13377 2.71186 
v 1.11101 4.8355 2.71186 
v -0.45961 3.58055 2.63702 
v -0.45961 3.40789 2.63702 
v -0.637979 3.40789 2.63702 
v -0.267408 3.58055 2.63702 
v -0.267408 3.40789 2.63702 
v -0.105051 3.40789 2.63702 
v -0.105051 3.58055 2.63702 
v -0.637979 3.58055 2.63702 
v -0.637979 3.76164 2.63702 
v -0.81509 3.58055 2.63702 
v -0.105051 3.77191 2.63702 
v 0.105051 3.58055 2.63702 
v -1.32808 4.29718 2.6313 
v -0.143291 5.48197 2.6313 
v -0.143291 4.29718 2.6313 
v -1.32808 5.48197 2.6313 
v -0.267408 3.77191 2.63702 
v 0.105051 4.06736 2.63702 
v -0.105051 4.06736 2.63702 
v -0.45961 3.76164 2.63702 
v -0.81509 3.76164 2.63702 
v -0.81509 3.97745 2.63702 
v -0.637979 3.97745 2.63702 
v 0.105051 3.77191 2.63702 
v 0.267408 3.40789 2.63702 
v 0.45961 3.58055 2.63702 
v 0.45961 3.40789 2.63702 
v 0.637979 3.58055 2.63702 
v 0.637979 3.40789 2.63702 
v 0.815091 3.76164 2.63702 
v 0.815091 3.58055 2.63702 
v 0.45961 3.76164 2.63702 
v 0.105051 3.40789 2.63702 
v 0.267408 3.58055 2.63702 
v 0.267408 3.77191 2.63702 
v 0.637979 3.76164 2.63702 
v 1.32821 5.48197 2.6313 
v 0.14342 4.29718 2.6313 
v 0.14342 5.48197 2.6313 
v 1.32821 4.29718 2.6313 
v 0.637979 3.97745 2.63702 
v 0.815091 3.97745 2.63702 

vn 1 0 0 
vn 1 0 0 
vn 1 0 0 
vn 1 0 0 
vn 1 0 0 
vn 1 0 0 
vn 1 0 0 
vn 1 0 0 
vn 1 0 0 
vn 1 0 0 
vn 1 0 0 
vn 1 0 0 
vn 1 0 0 
vn 1 0 0 
vn 1 0 0 
vn 1 0 0 
vn 1 0 0 
vn 1 0 0 
vn 1 0 0 
vn 1 0 0 
vn 1 0 0 
vn 1 0 0 
vn 1 0 0 
vn 1 0 0 
vn 1 0 0 
vn 1 0 0 
vn 1 0 0 
vn 1 0 0 
vn 1 0 0 
vn 1 0 0 
vn 1 0 0 
vn 1 0 0 
vn 1 0 0 
vn 1 0 0 
vn 1 0 0 
vn 1 0 0 
vn 1 0 0 
vn 1 0 0 
vn 1 0 0 
vn 1 0 0 
vn 1 0 0 
vn 1 0 0 
vn 1 0 0 
vn 1 0 0 
vn 1 0 0 
vn 1 0 0 
vn 1 0 0 
vn 1 0 0 
vn 1 0 0 
vn 1 0 0 
vn 1 0 0 
vn 1 0 0 
vn 1 0 0 
vn 1 0 0 
vn 1 0 0 
vn 1 0 0 
vn 1 0 0 
vn 1 0 0 
vn 1 0 0 
vn 1 0 0 
vn 1 0 0 
vn 1 0 0 
vn 1 0 0 
vn 1 0 0 
vn 1 0 0 
vn 1 0 0 
vn 1 0 0 
vn 1 0 0 
vn 1 0 0 
vn 1 0 0 
vn 1 0 0 
vn 1 0 0 
vn 1 0 0 
vn 1 0 0 
vn 1 0 0 
vn 1 0 0 
vn 1 0 0 
vn 1 0 0 
vn 1 0 0 
vn 1 0 0 
vn 1 0 0 
vn 1 0 0 
vn 1 0 0 
vn 1 0 0 
vn 1 0 0 
vn 1 0 0 
vn 1 0 0 
vn 1 0 0 
vn 1 0 0 
vn 1 0 0 
vn 1 0 0 
vn 1 0 0 
vn 1 0 0 
vn 1 0 0 
vn 0 1 0 
vn 0 1 0 
vn 0 1 0 
vn 0 1 0 
vn 0 1 0 
vn 0 1 0 
vn 0 1 0 
vn 0 1 0 
vn 0 1 0 
vn 0 1 0 
vn 0 1 0 
vn 0 1 0 
vn 0 1 0 
vn 0 1 0 
vn 0 1 0 
vn 0 1 0 
vn 0 1 0 
vn 0 1 0 
vn 0 1 0 
vn 0 1 0 
vn 0 1 0 
vn 0 1 0 
vn 0 1 0 
vn 0 1 0 
vn 0 1 0 
vn 0 1 0 
vn 0 1 0 
vn 0 1 0 
vn 0 1 0 
vn 0 1 0 
vn 0 1 0 
vn 0 1 0 
vn 0 1 0 
vn 0 1 0 
vn 0 1 0 
vn 0 1 0 
vn 0 1 0 
vn 0 1 0 
vn 0 1 0 
vn 0 1 0 
vn 0 1 0 
vn 0 1 0 
vn 0 1 0 
vn 0 1 0 
vn 0 1 0 
vn 0 1 0 
vn 0 1 0 
vn 0 1 0 
vn 0 1 0 
vn 0 1 0 
vn 0 1 0 
vn 0 1 0 
vn 0 1 0 
vn 0 1 0 
vn 0 1 0 
vn 0 1 0 
vn 0 1 0 
vn 0 1 0 
vn 0 1 0 
vn 0 1 0 
vn 0 1 0 
vn 0 1 0 
vn 0 1 0 
vn 0 1 0 
vn 0 1 0 
vn 0 1 0 
vn 0 1 0 
vn 0 1 0 
vn 0 1 0 
vn 0 1 0 
vn 0 1 0 
vn 0 1 0 
vn 0 1 0 
vn 0 1 0 
vn 0 1 0 
vn 0 1 0 
vn 0 1 0 
vn 0 1 0 
vn 0 1 0 
vn 0 1 0 
vn 0 1 0 
vn 0 1 0 
vn 0 1 0 
vn 0 1 0 
vn 0 1 0 
vn 0 1 0 
vn 0 1 0 
vn 0 1 0 
vn 0 1 0 
vn 0 1 0 
vn 0 1 0 
vn 0 1 0 
vn 0 1 0 
vn 0 1 0 
vn 0 1 0 
vn 0 1 0 
vn 0 1 0 
vn 0 1 0 
vn 0 1 0 
vn 0 1 0 
vn 0 1 0 
vn 0 1 0 
vn 0 1 0 
vn 0 1 0 
vn 0 1 0 
vn 0 1 0 
vn 0 1 0 
vn 0 1 0 
vn 0 1 0 
vn 0 1 0 
vn 0 1 0 
vn 0 1 0 
vn 0 1 0 
vn 0 1 0 
vn 0 1 0 
vn 0 1 0 
vn 0 0 1 
vn 0 0 1 
vn 0 0 1 
vn 0 0 1 
vn 0 0 1 
vn 0 0 1 
vn 0 0 1 
vn 0 0 1 
vn 0 0 1 
vn 0 0 1 
vn 0 0 1 
vn 0 0 1 
vn 0 0 1 
vn 0 0 1 
vn 0 0 1 
vn 0 0 1 
vn 0 0 1 
vn 0 0 1 
vn 0 0 1 
vn 0 0 1 
vn 0 0 1 
vn 0 0 1 
vn 0 0 1 
vn 0 0 1 
vn 0 0 1 
vn 0 0 1 
vn 0 0 1 
vn 0 0 1 
vn 0 0 1 
vn 0 0 1 
vn 0 0 1 
vn 0 0 1 
vn 0 0 1 
vn 0 0 1 
vn 0 0 1 
vn 0 0 1 
vn 0 0 1 
vn 0 0 1 
vn 0 0 1 
vn 0 0 1 
vn 0 0 1 
vn 0 0 1 
vn 0 0 1 
vn 0 0 1 
vn 0 0 1 
vn 0 0 1 
vn 0 0 1 
vn 0 0 1 
vn 0 0 1 
vn 0 0 1 
vn 0 0 1 
vn 0 0 1 
vn 0 0 1 
vn 0 0 1 
vn 0 0 1 
vn 0 0 1 
vn 0 0 1 
vn 0 0 1 
vn 0 0 1 
vn 0 0 1 
vn 0 0 1 
vn 0 0 1 
vn 0 0 1 
vn 0 0 1 
vn 0 0 1 
vn 0 0 1 
vn 0 0 1 
vn 0 0 1 
vn 0 0 1 
vn 0 0 1 
vn 0 0 1 
vn 0 0 1 
vn 0 0 1 
vn 0 0 1 
vn 0 0 1 
vn 0 0 1 
vn 0 0 1 
vn 0 0 1 
vn 0 0 1 
vn 0 0 1 
vn 0 0 1 
vn 0 0 1 
vn 0 0 1 
vn 0 0 1 
vn 0 0 1 
vn 0 0 1 
vn 0 0 1 
vn 0 0 1 
vn 0 0 1 
vn 0 0 1 
vn 0 0 1 
vn 0 0 1 
vn 0 0 1 
vn 0 0 1 
vn 0 0 1 
vn 0 0 1 
vn 0 0 1 
vn 0 0 1 
vn 0 0 1 
vn 0 0 1 
vn 0 0 1 
vn 0 0 1 
vn 0 0 1 
vn 0 0 1 
vn 0 0 1 
vn 0 0 1 
vn 0 0 1 
vn 0 0 1 
vn 0 0 1 
vn 0 0 1 
vn -1 0 0 
vn -1 0 0 
vn -1 0 0 
vn -1 0 0 
vn -1 0 0 
vn -1 0 0 
vn -1 0 0 
vn -1 0 0 
vn -1 0 0 
vn -1 0 0 
vn -1 0 0 
vn -1 0 0 
vn -1 0 0 
vn -1 0 0 
vn -1 0 0 
vn -1 0 0 
vn -1 0 0 
vn -1 0 0 
vn -1 0 0 
vn -1 0 0 
vn -1 0 0 
vn -1 0 0 
vn -1 0 0 
vn -1 0 0 
vn -1 0 0 
vn -1 0 0 
vn -1 0 0 
vn -1 0 0 
vn -1 0 0 
vn -1 0 0 
vn -1 0 0 
vn -1 0 0 
vn -1 0 0 
vn -1 0 0 
vn -1 0 0 
vn -1 0 0 
vn -1 0 0 
vn -1 0 0 
vn -1 0 0 
vn -1 0 0 
vn -1 0 0 
vn -1 0 0 
vn -1 0 0 
vn -1 0 0 
vn -1 0 0 
vn -1 0 0 
vn -1 0 0 
vn -1 0 0 
vn -1 0 0 
vn -1 0 0 
vn -1 0 0 
vn -1 0 0 
vn -1 0 0 
vn -1 0 0 
vn -1 0 0 
vn -1 0 0 
vn -1 0 0 
vn -1 0 0 
vn -1 0 0 
vn -1 0 0 
vn -1 0 0 
vn -1 0 0 
vn -1 0 0 
vn -1 0 0 
vn -1 0 0 
vn -1 0 0 
vn -1 0 0 
vn -1 0 0 
vn -1 0 0 
vn -1 0 0 
vn -1 0 0 
vn -1 0 0 
vn -1 0 0 
vn -1 0 0 
vn -1 0 0 
vn -1 0 0 
vn -1 0 0 
vn -1 0 0 
vn -1 0 0 
vn -1 0 0 
vn -1 0 0 
vn -1 0 0 
vn -1 0 0 
vn -1 0 0 
vn -1 0 0 
vn -1 0 0 
vn -1 0 0 
vn -1 0 0 
vn -1 0 0 
vn -1 0 0 
vn -1 0 0 
vn -1 0 0 
vn -1 0 0 
vn -1 0 0 
vn -1 0 0 
vn -1 0 0 
vn -1 0 0 
vn -1 0 0 
vn -1 0 0 
vn -1 0 0 
vn -1 0 0 
vn -1 0 0 
vn 0 -1 0 
vn 0 -1 0 
vn 0 -1 0 
vn 0 -1 0 
vn 0 -1 0 
vn 0 -1 0 
vn 0 -1 0 
vn 0 -1 0 
vn 0 -1 0 
vn 0 -1 0 
vn 0 -1 0 
vn 0 -1 0 
vn 0 -1 0 
vn 0 -1 0 
vn 0 -1 0 
vn 0 -1 0 
vn 0 -1 0 
vn 0 -1 0 
vn 0 -1 0 
vn 0 -1 0 
vn 0 -1 0 
vn 0 -1 0 
vn 0 -1 0 
vn 0 -1 0 
vn 0 -1 0 
vn 0 -1 0 
vn 0 -1 0 
vn 0 -1 0 
vn 0 -1 0 
vn 0 -1 0 
vn 0 -1 0 
vn 0 -1 0 
vn 0 -1 0 
vn 0 -1 0 
vn 0 -1 0 
vn 0 -1 0 
vn 0 -1 0 
vn 0 -1 0 
vn 0 -1 0 
vn 0 -1 0 
vn 0 -1 0 
vn 0 -1 0 
vn 0 -1 0 
vn 0 -1 0 
vn 0 -1 0 
vn 0 -1 0 
vn 0 -1 0 
vn 0 -1 0 
vn 0 -1 0 
vn 0 -1 0 
vn 0 -1 0 
vn 0 -1 0 
vn 0 -1 0 
vn 0 -1 0 
vn 0 -1 0 
vn 0 -1 0 
vn 0 -1 0 
vn 0 -1 0 
vn 0 -1 0 
vn 0 -1 0 
vn 0 -1 0 
vn 0 -1 0 
vn 0 -1 0 
vn 0 -1 0 
vn 0 -1 0 
vn 0 -1 0 
vn 0 -1 0 
vn 0 -1 0 
vn 0 -1 0 
vn 0 -1 0 
vn 0 -1 0 
vn 0 -1 0 
vn 0 -1 0 
vn 0 -1 0 
vn 0 -1 0 
vn 0 -1 0 
vn 0 -1 0 
vn 0 -1 0 
vn 0 -1 0 
vn 0 -1 0 
vn 0 -1 0 
vn 0 -1 0 
vn 0 -1 0 
vn 0 -1 0 
vn 0 0 -1 
vn 0 0 -1 
vn 0 0 -1 
vn 0 0 -1 
vn 0 0 -1 
vn 0 0 -1 
vn 0 0 -1 
vn 0 0 -1 
vn 0 0 -1 
vn 0 0 -1 
vn 0 0 -1 
vn 0 0 -1 
vn 0 0 -1 
vn 0 0 -1 
vn 0 0 -1 
vn 0 0 -1 
vn 0 0 -1 
vn 0 0 -1 
vn 0 0 -1 
vn 0 0 -1 
vn 0 0 -1 
vn 0 0 -1 
vn 0 0 -1 
vn 0 0 -1 
vn 0 0 -1 
vn 0 0 -1 
vn 0 0 -1 
vn 0 0 -1 
vn 0 0 -1 
vn 0 0 -1 
vn 0 0 -1 
vn 0 0 -1 
vn 0 0 -1 
vn 0 0 -1 
vn 0 0 -1 
vn 0 0 -1 
vn 0 0 -1 
vn 0 0 -1 
vn 0 0 -1 
vn 0 0 -1 
vn 0 0 -1 
vn 0 0 -1 

vt 42.0049 -43.0854 
vt 41.9977 -43.108 
vt 42.0049 -43.108 
vt 42.0049 -43.0584 
vt 41.9977 -43.0854 
vt 42.0049 -43.0854 
vt 41.9943 -42.9843 
vt 42.003 -43.0011 
vt 42.003 -42.9843 
vt 42.0049 -43.108 
vt 41.9977 -43.1296 
vt 42.0049 -43.1296 
vt 42.0049 -43.0841 
vt 41.9977 -43.0472 
vt 41.9977 -43.0841 
vt 42.0049 -43.0472 
vt 41.9977 -43.108 
vt 41.9977 -43.0584 
vt 41.9943 -43.0011 
vt 42.0018 -42.976 
vt 41.9956 -42.9574 
vt 41.9956 -42.976 
vt 41.9977 -43.0854 
vt 42.0057 -43.0185 
vt 41.997 -42.8704 
vt 41.997 -43.0185 
vt 42.0018 -42.9574 
vt 41.9956 -42.9512 
vt 42.0018 -42.9574 
vt 42.0018 -42.9512 
vt 41.9956 -42.9139 
vt 42.0018 -42.9325 
vt 42.0018 -42.9139 
vt 41.9956 -42.9015 
vt 42.0018 -42.9077 
vt 42.0018 -42.9015 
vt 41.9956 -42.9077 
vt 42.0018 -42.9512 
vt 42.0018 -42.9077 
vt 42.0057 -42.8704 
vt 41.9956 -42.8953 
vt 42.0018 -42.9015 
vt 42.0018 -42.8953 
vt 41.9956 -42.9325 
vt 41.9956 -42.9015 
vt 41.9956 -42.9574 
vt 41.9956 -42.9512 
vt 41.9956 -42.9077 
vt 41.9977 -43.0841 
vt 41.9977 -43.108 
vt 42.0049 -43.0841 
vt 42.0049 -43.108 
vt 41.9977 -43.1296 
vt 42.0049 -43.1296 
vt 42.0049 -43.108 
vt 42.0049 -43.0854 
vt 41.9977 -43.108 
vt 42.0049 -43.108 
vt 42.0049 -43.0584 
vt 41.9977 -43.0854 
vt 41.9943 -42.9843 
vt 42.003 -43.0011 
vt 42.003 -42.9843 
vt 41.9977 -43.108 
vt 41.9977 -43.0584 
vt 41.9943 -43.0011 
vt 42.0018 -42.976 
vt 41.9956 -42.9574 
vt 41.9956 -42.976 
vt 42.0057 -43.0185 
vt 41.997 -42.8704 
vt 41.997 -43.0185 
vt 42.0018 -42.9574 
vt 41.9956 -42.9512 
vt 42.0018 -42.9574 
vt 42.0018 -42.9512 
vt 41.9956 -42.8953 
vt 42.0018 -42.9015 
vt 42.0018 -42.8953 
vt 41.9956 -42.9015 
vt 42.0018 -42.9077 
vt 42.0018 -42.9015 
vt 41.9956 -42.9077 
vt 42.0018 -42.9512 
vt 42.0018 -42.9077 
vt 42.0057 -42.8704 
vt 41.9956 -42.9139 
vt 42.0018 -42.9325 
vt 42.0018 -42.9139 
vt 41.9956 -42.9325 
vt 41.9956 -42.9015 
vt 41.9956 -42.9574 
vt 41.9956 -42.9512 
vt 41.9956 -42.9077 
vt 42.0798 -43.0049 
vt 42.0575 -42.9977 
vt 42.0575 -43.0049 
vt 42.1019 -43.0049 
vt 42.0798 -42.9977 
vt 42.0798 -43.0049 
vt 42.0789 -43.003 
vt 42.1047 -43.003 
vt 42.1047 -42.9943 
vt 42.0334 -42.9977 
vt 42.0575 -43.0049 
vt 42.0575 -42.9977 
vt 42.0334 -43.0049 
vt 42.0334 -43.0049 
vt 42.0131 -42.9977 
vt 42.0131 -43.0049 
vt 41.9869 -43.0049 
vt 42.0131 -43.0049 
vt 42.0131 -42.9977 
vt 42.0334 -42.9977 
vt 42.101 -42.9956 
vt 42.1072 -43.0018 
vt 42.1072 -42.9956 
vt 42.101 -43.0018 
vt 42.0948 -42.9956 
vt 42.101 -43.0018 
vt 42.101 -42.9956 
vt 42.1019 -42.9977 
vt 42.0798 -42.9977 
vt 42.0789 -42.9943 
vt 42.0948 -43.0018 
vt 42.1383 -43.0018 
vt 42.1321 -42.9956 
vt 42.1321 -43.0018 
vt 42.0575 -43.0018 
vt 42.1259 -43.0018 
vt 42.1259 -42.9956 
vt 42.0179 -43.0057 
vt 42.166 -43.0057 
vt 42.166 -42.997 
vt 42.0761 -43.0018 
vt 42.0948 -43.0018 
vt 42.0761 -42.9956 
vt 42.0513 -43.0018 
vt 42.0451 -42.9956 
vt 42.0451 -43.0018 
vt 42.0575 -43.0018 
vt 42.0513 -42.9956 
vt 42.0513 -43.0018 
vt 42.0179 -42.997 
vt 42.1321 -43.0018 
vt 42.1259 -42.9956 
vt 42.1259 -43.0018 
vt 42.0948 -42.9956 
vt 42.1383 -42.9956 
vt 42.1321 -42.9956 
vt 42.0575 -42.9956 
vt 42.0513 -42.9956 
vt 42.0575 -42.9956 
vt 41.9869 -42.9977 
vt 41.9666 -42.9977 
vt 41.9426 -42.9977 
vt 41.9666 -43.0049 
vt 41.9426 -43.0049 
vt 41.9666 -43.0049 
vt 41.9869 -43.0049 
vt 41.9666 -42.9977 
vt 41.9426 -42.9977 
vt 41.9203 -42.9977 
vt 41.9426 -43.0049 
vt 41.9203 -43.0049 
vt 41.8981 -43.0049 
vt 41.9203 -43.0049 
vt 41.8981 -42.9977 
vt 41.9207 -42.9943 
vt 41.8949 -43.003 
vt 41.9207 -43.003 
vt 41.9203 -42.9977 
vt 41.9869 -42.9977 
vt 41.9171 -42.9956 
vt 41.9233 -43.0018 
vt 41.9233 -42.9956 
vt 41.9171 -43.0018 
vt 41.9108 -42.9956 
vt 41.9171 -43.0018 
vt 41.9171 -42.9956 
vt 41.8949 -42.9943 
vt 41.9108 -43.0018 
vt 41.8922 -43.0018 
vt 41.9108 -43.0018 
vt 41.8922 -42.9956 
vt 41.9543 -43.0018 
vt 41.9481 -42.9956 
vt 41.9481 -43.0018 
vt 41.8736 -43.0018 
vt 41.9419 -43.0018 
vt 41.9419 -42.9956 
vt 41.834 -43.0057 
vt 41.9821 -43.0057 
vt 41.9821 -42.997 
vt 41.834 -42.997 
vt 41.8673 -43.0018 
vt 41.8611 -42.9956 
vt 41.8611 -43.0018 
vt 41.8736 -43.0018 
vt 41.8673 -42.9956 
vt 41.8673 -43.0018 
vt 41.9481 -43.0018 
vt 41.9419 -42.9956 
vt 41.9419 -43.0018 
vt 41.9108 -42.9956 
vt 41.9543 -42.9956 
vt 41.9481 -42.9956 
vt 41.8736 -42.9956 
vt 41.8673 -42.9956 
vt 41.8736 -42.9956 
vt 41.9425 -43.1296 
vt 41.9202 -43.108 
vt 41.9202 -43.1296 
vt 41.9425 -43.108 
vt 41.8981 -43.0854 
vt 41.8981 -43.108 
vt 41.9202 -43.0854 
vt 41.9425 -43.0854 
vt 41.9202 -43.0584 
vt 41.9666 -43.1296 
vt 41.9666 -43.108 
vt 41.9869 -43.108 
vt 41.9666 -43.0841 
vt 41.9869 -43.0841 
vt 42.0131 -43.0841 
vt 41.8981 -43.0584 
vt 41.834 -43.0185 
vt 41.9701 -43.0064 
vt 41.846 -43.0064 
vt 41.9211 -43.0011 
vt 41.8953 -42.9843 
vt 41.8953 -43.0011 
vt 41.834 -42.8704 
vt 41.8928 -42.976 
vt 41.9239 -42.9574 
vt 41.899 -42.9512 
vt 41.8928 -42.9512 
vt 41.9211 -42.9843 
vt 41.9869 -43.1296 
vt 41.9869 -43.0472 
vt 41.9821 -43.0185 
vt 41.9701 -42.8824 
vt 41.9239 -42.976 
vt 41.9487 -42.9574 
vt 41.9487 -42.9512 
vt 41.9052 -42.945 
vt 41.899 -42.945 
vt 41.9239 -42.9388 
vt 41.9052 -42.9388 
vt 41.8617 -42.9325 
vt 41.8928 -42.9325 
vt 41.8679 -42.9077 
vt 41.846 -42.8824 
vt 41.9821 -42.8704 
vt 41.9549 -42.9077 
vt 41.9549 -42.9512 
vt 41.9487 -42.9077 
vt 41.8928 -42.9139 
vt 41.8617 -42.9077 
vt 41.8741 -42.9015 
vt 41.8679 -42.9015 
vt 41.8741 -42.8953 
vt 41.9425 -42.8953 
vt 41.9239 -42.9139 
vt 41.9425 -42.9015 
vt 41.9487 -42.9015 
vt 42.0131 -43.0472 
vt 42.0334 -43.108 
vt 42.0334 -43.1296 
vt 42.0574 -43.1296 
vt 42.0574 -43.108 
vt 42.0797 -43.1296 
vt 42.0131 -43.1296 
vt 42.0131 -43.108 
vt 42.0797 -43.0854 
vt 42.0574 -43.0854 
vt 42.0797 -43.108 
vt 42.1019 -43.108 
vt 42.1019 -43.0854 
vt 42.1019 -43.0584 
vt 42.0797 -43.0584 
vt 42.0334 -43.0841 
vt 42.0179 -43.0185 
vt 42.154 -43.0064 
vt 42.0299 -43.0064 
vt 42.0179 -42.8704 
vt 42.0767 -42.976 
vt 42.0829 -42.9512 
vt 42.0767 -42.9512 
vt 42.1051 -43.0011 
vt 42.0793 -42.9843 
vt 42.0793 -43.0011 
vt 42.166 -43.0185 
vt 42.1051 -42.9843 
vt 42.154 -42.8824 
vt 42.1078 -42.976 
vt 42.1078 -42.9574 
vt 42.1327 -42.9512 
vt 42.1327 -42.9574 
vt 42.1078 -42.9388 
vt 42.0892 -42.945 
vt 42.0299 -42.8824 
vt 42.166 -42.8704 
vt 42.1078 -42.9139 
vt 42.1327 -42.9077 
vt 42.1264 -42.9015 
vt 42.1389 -42.9077 
vt 42.1389 -42.9512 
vt 42.1327 -42.9015 
vt 42.0457 -42.9325 
vt 42.0767 -42.9325 
vt 42.0519 -42.9077 
vt 42.0457 -42.9077 
vt 42.0767 -42.9139 
vt 42.0581 -42.9015 
vt 42.0519 -42.9015 
vt 42.0581 -42.8953 
vt 42.0829 -42.945 
vt 42.0892 -42.9388 
vt 42.1264 -42.8953 
vt 41.9951 -43.0854 
vt 41.9951 -43.108 
vt 42.0023 -43.0854 
vt 42.0057 -43.0011 
vt 41.997 -42.9843 
vt 41.997 -43.0011 
vt 42.003 -43.0185 
vt 41.9943 -42.8704 
vt 41.9943 -43.0185 
vt 41.9951 -43.0584 
vt 42.0023 -43.0584 
vt 41.9951 -43.1296 
vt 42.0023 -43.108 
vt 41.9951 -43.108 
vt 41.9951 -43.0841 
vt 41.9951 -43.108 
vt 42.0023 -43.0841 
vt 42.0023 -43.1296 
vt 42.0057 -42.9843 
vt 42.0044 -42.976 
vt 41.9982 -42.9512 
vt 41.9982 -42.976 
vt 42.0044 -42.9512 
vt 42.0023 -43.108 
vt 42.0023 -43.108 
vt 42.0044 -42.9512 
vt 41.9982 -42.945 
vt 41.9982 -42.9512 
vt 42.0044 -42.9325 
vt 41.9982 -42.9077 
vt 41.9982 -42.9325 
vt 42.003 -42.8704 
vt 42.0044 -42.9077 
vt 41.9982 -42.9015 
vt 41.9982 -42.9077 
vt 42.0044 -42.9015 
vt 41.9982 -42.8953 
vt 41.9982 -42.9015 
vt 42.0044 -42.945 
vt 41.9982 -42.9388 
vt 41.9982 -42.945 
vt 42.0044 -42.9388 
vt 41.9982 -42.9139 
vt 41.9982 -42.9388 
vt 42.0044 -42.945 
vt 42.0044 -42.9077 
vt 42.0044 -42.9015 
vt 42.0044 -42.8953 
vt 42.0044 -42.9388 
vt 42.0044 -42.9139 
vt 42.0023 -43.0841 
vt 41.9951 -43.0472 
vt 41.9951 -43.0841 
vt 41.9951 -43.1296 
vt 42.0023 -43.108 
vt 41.9951 -43.108 
vt 41.9951 -43.0854 
vt 41.9951 -43.108 
vt 42.0023 -43.0854 
vt 42.003 -43.0185 
vt 41.9943 -42.8704 
vt 41.9943 -43.0185 
vt 42.0057 -43.0011 
vt 41.997 -42.9843 
vt 41.997 -43.0011 
vt 42.0023 -43.0584 
vt 41.9951 -43.0854 
vt 42.0023 -43.0854 
vt 41.9951 -43.0584 
vt 42.0023 -43.108 
vt 42.0023 -43.1296 
vt 42.0023 -43.0472 
vt 42.0044 -42.976 
vt 41.9982 -42.9512 
vt 41.9982 -42.976 
vt 42.0057 -42.9843 
vt 42.0044 -42.9512 
vt 42.0044 -42.9512 
vt 41.9982 -42.945 
vt 41.9982 -42.9512 
vt 42.0044 -42.9325 
vt 41.9982 -42.9077 
vt 41.9982 -42.9325 
vt 42.003 -42.8704 
vt 42.0044 -42.9077 
vt 41.9982 -42.9015 
vt 41.9982 -42.9077 
vt 42.0044 -42.9015 
vt 41.9982 -42.8953 
vt 41.9982 -42.9015 
vt 42.0044 -42.945 
vt 41.9982 -42.9388 
vt 41.9982 -42.945 
vt 42.0044 -42.9388 
vt 41.9982 -42.9139 
vt 41.9982 -42.9388 
vt 42.0044 -42.945 
vt 42.0044 -42.9077 
vt 42.0044 -42.9015 
vt 42.0044 -42.8953 
vt 42.0044 -42.9388 
vt 42.0044 -42.9139 
vt 41.9425 -43.0049 
vt 41.9202 -42.9977 
vt 41.9202 -43.0049 
vt 41.9202 -43.0049 
vt 41.8981 -42.9977 
vt 41.8981 -43.0049 
vt 41.9821 -42.997 
vt 41.834 -43.0057 
vt 41.9821 -43.0057 
vt 41.9666 -43.0049 
vt 41.9425 -42.9977 
vt 41.9869 -43.0049 
vt 41.9666 -42.9977 
vt 41.9869 -42.9977 
vt 41.9202 -42.9977 
vt 41.834 -42.997 
vt 42.0131 -42.9977 
vt 41.9869 -42.9977 
vt 41.9869 -43.0049 
vt 41.9211 -42.9943 
vt 41.8953 -42.9943 
vt 41.8953 -43.003 
vt 41.8928 -43.0018 
vt 41.9239 -43.0018 
vt 41.8928 -42.9956 
vt 41.8928 -43.0018 
vt 41.8617 -42.9956 
vt 41.8617 -43.0018 
vt 41.9211 -43.003 
vt 41.9487 -42.9956 
vt 41.9239 -43.0018 
vt 41.9487 -43.0018 
vt 41.9487 -42.9956 
vt 41.9487 -43.0018 
vt 41.9549 -43.0018 
vt 41.9239 -42.9956 
vt 41.8928 -43.0018 
vt 41.9239 -43.0018 
vt 41.8928 -42.9956 
vt 41.8928 -42.9956 
vt 41.9239 -42.9956 
vt 41.9239 -42.9956 
vt 41.9549 -42.9956 
vt 42.0131 -43.0049 
vt 42.0131 -43.0049 
vt 42.0334 -43.0049 
vt 42.0131 -42.9977 
vt 42.0574 -43.0049 
vt 42.0334 -42.9977 
vt 42.0797 -43.0049 
vt 42.0574 -42.9977 
vt 42.0797 -43.0049 
vt 42.1019 -43.0049 
vt 42.0797 -42.9977 
vt 42.166 -42.997 
vt 42.0179 -43.0057 
vt 42.166 -43.0057 
vt 42.0179 -42.997 
vt 42.0797 -42.9977 
vt 42.1019 -42.9977 
vt 42.1051 -42.9943 
vt 42.0793 -42.9943 
vt 42.0793 -43.003 
vt 42.1051 -43.003 
vt 42.1078 -42.9956 
vt 42.0767 -43.0018 
vt 42.1078 -43.0018 
vt 42.0767 -42.9956 
vt 42.0457 -43.0018 
vt 42.0767 -43.0018 
vt 42.1078 -42.9956 
vt 42.0767 -43.0018 
vt 42.1078 -43.0018 
vt 42.1327 -42.9956 
vt 42.1078 -43.0018 
vt 42.1327 -43.0018 
vt 42.1327 -42.9956 
vt 42.1327 -43.0018 
vt 42.1389 -43.0018 
vt 42.1078 -42.9956 
vt 42.0767 -42.9956 
vt 42.0457 -42.9956 
vt 42.0767 -42.9956 
vt 42.1389 -42.9956 
vt 42.0575 -43.108 
vt 42.0575 -43.1296 
vt 42.0798 -43.1296 
vt 42.0334 -43.108 
vt 42.0334 -43.1296 
vt 42.0131 -43.1296 
vt 42.0131 -43.108 
vt 42.0798 -43.108 
vt 42.0798 -43.0854 
vt 42.1019 -43.108 
vt 42.0131 -43.0841 
vt 41.9869 -43.108 
vt 42.166 -43.0185 
vt 42.0179 -42.8704 
vt 42.0179 -43.0185 
vt 42.166 -42.8704 
vt 42.0334 -43.0841 
vt 41.9869 -43.0472 
vt 42.0131 -43.0472 
vt 42.0575 -43.0854 
vt 42.1019 -43.0854 
vt 42.1019 -43.0584 
vt 42.0798 -43.0584 
vt 41.9869 -43.0841 
vt 41.9666 -43.1296 
vt 41.9426 -43.108 
vt 41.9426 -43.1296 
vt 41.9203 -43.108 
vt 41.9203 -43.1296 
vt 41.8981 -43.0854 
vt 41.8981 -43.108 
vt 41.9426 -43.0854 
vt 41.9869 -43.1296 
vt 41.9666 -43.108 
vt 41.9666 -43.0841 
vt 41.9203 -43.0854 
vt 41.834 -42.8704 
vt 41.9821 -43.0185 
vt 41.9821 -42.8704 
vt 41.834 -43.0185 
vt 41.9203 -43.0584 
vt 41.8981 -43.0584 

usemtl Cylinder1Mtl

f 2352/2352/2352 2353/2353/2353 2354/2354/2354 
f 2353/2353/2353 2352/2352/2352 2368/2368/2368 
f 2365/2365/2365 2366/2366/2366 2367/2367/2367 
f 2366/2366/2366 2365/2365/2365 2375/2375/2375 
f 2356/2356/2356 2357/2357/2357 2358/2358/2358 
f 2357/2357/2357 2356/2356/2356 2374/2374/2374 
f 2362/2362/2362 2363/2363/2363 2364/2364/2364 
f 2363/2363/2363 2362/2362/2362 2376/2376/2376 
f 2359/2359/2359 2360/2360/2360 2361/2361/2361 
f 2360/2360/2360 2359/2359/2359 2373/2373/2373 
f 2349/2349/2349 2350/2350/2350 2351/2351/2351 
f 2350/2350/2350 2349/2349/2349 2355/2355/2355 
f 2343/2343/2343 2344/2344/2344 2345/2345/2345 
f 2344/2344/2344 2343/2343/2343 2348/2348/2348 
f 2338/2338/2338 2339/2339/2339 2340/2340/2340 
f 2342/2342/2342 2339/2339/2339 2338/2338/2338 
f 2341/2341/2341 2342/2342/2342 2338/2338/2338 
f 2347/2347/2347 2342/2342/2342 2341/2341/2341 
f 2334/2334/2334 2335/2335/2335 2336/2336/2336 
f 2346/2346/2346 2335/2335/2335 2334/2334/2334 
f 2369/2369/2369 2370/2370/2370 2371/2371/2371 
f 2370/2370/2370 2369/2369/2369 2372/2372/2372 
f 2331/2331/2331 2332/2332/2332 2333/2333/2333 
f 2333/2333/2333 2332/2332/2332 2337/2337/2337 
f 2295/2295/2295 2296/2296/2296 2297/2297/2297 
f 2296/2296/2296 2295/2295/2295 2298/2298/2298 
f 2292/2292/2292 2293/2293/2293 2294/2294/2294 
f 2299/2299/2299 2293/2293/2293 2292/2292/2292 
f 2306/2306/2306 2307/2307/2307 2308/2308/2308 
f 2307/2307/2307 2306/2306/2306 2322/2322/2322 
f 2319/2319/2319 2320/2320/2320 2321/2321/2321 
f 2320/2320/2320 2319/2319/2319 2329/2329/2329 
f 2310/2310/2310 2311/2311/2311 2312/2312/2312 
f 2311/2311/2311 2310/2310/2310 2328/2328/2328 
f 2316/2316/2316 2317/2317/2317 2318/2318/2318 
f 2317/2317/2317 2316/2316/2316 2330/2330/2330 
f 2283/2283/2283 2284/2284/2284 2285/2285/2285 
f 2305/2305/2305 2284/2284/2284 2283/2283/2283 
f 2323/2323/2323 2324/2324/2324 2325/2325/2325 
f 2324/2324/2324 2323/2323/2323 2327/2327/2327 
f 2302/2302/2302 2303/2303/2303 2304/2304/2304 
f 2303/2303/2303 2302/2302/2302 2309/2309/2309 
f 2289/2289/2289 2290/2290/2290 2291/2291/2291 
f 2290/2290/2290 2289/2289/2289 2301/2301/2301 
f 2286/2286/2286 2287/2287/2287 2288/2288/2288 
f 2300/2300/2300 2287/2287/2287 2286/2286/2286 
f 2313/2313/2313 2314/2314/2314 2315/2315/2315 
f 2314/2314/2314 2313/2313/2313 2326/2326/2326 
f 2414/2414/2414 2415/2415/2415 2416/2416/2416 
f 2414/2414/2414 2416/2416/2416 2426/2426/2426 
f 2474/2474/2474 2475/2475/2475 2476/2476/2476 
f 2474/2474/2474 2476/2476/2476 2477/2477/2477 
f 2411/2411/2411 2412/2412/2412 2413/2413/2413 
f 2411/2411/2411 2413/2413/2413 2433/2433/2433 
f 2471/2471/2471 2472/2472/2472 2473/2473/2473 
f 2471/2471/2471 2473/2473/2473 2490/2490/2490 
f 2423/2423/2423 2424/2424/2424 2425/2425/2425 
f 2424/2424/2424 2423/2423/2423 2435/2435/2435 
f 2427/2427/2427 2428/2428/2428 2429/2429/2429 
f 2428/2428/2428 2427/2427/2427 2432/2432/2432 
f 2481/2481/2481 2482/2482/2482 2483/2483/2483 
f 2482/2482/2482 2481/2481/2481 2492/2492/2492 
f 2484/2484/2484 2485/2485/2485 2486/2486/2486 
f 2485/2485/2485 2484/2484/2484 2489/2489/2489 
f 2408/2408/2408 2409/2409/2409 2410/2410/2410 
f 2409/2409/2409 2408/2408/2408 2431/2431/2431 
f 2420/2420/2420 2421/2421/2421 2422/2422/2422 
f 2421/2421/2421 2420/2420/2420 2434/2434/2434 
f 2468/2468/2468 2469/2469/2469 2470/2470/2470 
f 2469/2469/2469 2468/2468/2468 2488/2488/2488 
f 2478/2478/2478 2479/2479/2479 2480/2480/2480 
f 2479/2479/2479 2478/2478/2478 2491/2491/2491 
f 2417/2417/2417 2418/2418/2418 2419/2419/2419 
f 2430/2430/2430 2419/2419/2419 2418/2418/2418 
f 2465/2465/2465 2466/2466/2466 2467/2467/2467 
f 2487/2487/2487 2467/2467/2467 2466/2466/2466 
f 2401/2401/2401 2402/2402/2402 2403/2403/2403 
f 2402/2402/2402 2401/2401/2401 2407/2407/2407 
f 2460/2460/2460 2461/2461/2461 2462/2462/2462 
f 2461/2461/2461 2460/2460/2460 2464/2464/2464 
f 2397/2397/2397 2398/2398/2398 2399/2399/2399 
f 2398/2398/2398 2397/2397/2397 2400/2400/2400 
f 2456/2456/2456 2457/2457/2457 2458/2458/2458 
f 2457/2457/2457 2456/2456/2456 2459/2459/2459 
f 2383/2383/2383 2384/2384/2384 2385/2385/2385 
f 2383/2383/2383 2385/2385/2385 2406/2406/2406 
f 2451/2451/2451 2452/2452/2452 2453/2453/2453 
f 2452/2452/2452 2451/2451/2451 2463/2463/2463 
f 2393/2393/2393 2394/2394/2394 2395/2395/2395 
f 2393/2393/2393 2395/2395/2395 2436/2436/2436 
f 2380/2380/2380 2381/2381/2381 2382/2382/2382 
f 2381/2381/2381 2380/2380/2380 2404/2404/2404 
f 2448/2448/2448 2449/2449/2449 2450/2450/2450 
f 2454/2454/2454 2450/2450/2450 2449/2449/2449 
f 2390/2390/2390 2391/2391/2391 2392/2392/2392 
f 2391/2391/2391 2390/2390/2390 2396/2396/2396 
f 2441/2441/2441 2442/2442/2442 2443/2443/2443 
f 2455/2455/2455 2443/2443/2443 2442/2442/2442 
f 2377/2377/2377 2378/2378/2378 2379/2379/2379 
f 2378/2378/2378 2377/2377/2377 2405/2405/2405 
f 2444/2444/2444 2445/2445/2445 2446/2446/2446 
f 2447/2447/2447 2446/2446/2446 2445/2445/2445 
f 2386/2386/2386 2387/2387/2387 2388/2388/2388 
f 2387/2387/2387 2386/2386/2386 2389/2389/2389 
f 2437/2437/2437 2438/2438/2438 2439/2439/2439 
f 2440/2440/2440 2439/2439/2439 2438/2438/2438 
f 2512/2512/2512 2513/2513/2513 2514/2514/2514 
f 2513/2513/2513 2512/2512/2512 2520/2520/2520 
f 2572/2572/2572 2573/2573/2573 2574/2574/2574 
f 2573/2573/2573 2572/2572/2572 2576/2576/2576 
f 2516/2516/2516 2517/2517/2517 2518/2518/2518 
f 2519/2519/2519 2516/2516/2516 2518/2518/2518 
f 2517/2517/2517 2516/2516/2516 2525/2525/2525 
f 2518/2518/2518 2517/2517/2517 2528/2528/2528 
f 2529/2529/2529 2518/2518/2518 2528/2528/2528 
f 2530/2530/2530 2528/2528/2528 2517/2517/2517 
f 2530/2530/2530 2531/2531/2531 2528/2528/2528 
f 2517/2517/2517 2527/2527/2527 2530/2530/2530 
f 2517/2517/2517 2526/2526/2526 2527/2527/2527 
f 2527/2527/2527 2539/2539/2539 2530/2530/2530 
f 2539/2539/2539 2527/2527/2527 2537/2537/2537 
f 2537/2537/2537 2527/2527/2527 2538/2538/2538 
f 2539/2539/2539 2546/2546/2546 2530/2530/2530 
f 2546/2546/2546 2539/2539/2539 2547/2547/2547 
f 2548/2548/2548 2547/2547/2547 2539/2539/2539 
f 2545/2545/2545 2546/2546/2546 2547/2547/2547 
f 2546/2546/2546 2545/2545/2545 2540/2540/2540 
f 2540/2540/2540 2545/2545/2545 2544/2544/2544 
f 2540/2540/2540 2544/2544/2544 2542/2542/2542 
f 2534/2534/2534 2540/2540/2540 2542/2542/2542 
f 2543/2543/2543 2534/2534/2534 2542/2542/2542 
f 2540/2540/2540 2534/2534/2534 2533/2533/2533 
f 2532/2532/2532 2533/2533/2533 2534/2534/2534 
f 2532/2532/2532 2534/2534/2534 2541/2541/2541 
f 2569/2569/2569 2570/2570/2570 2571/2571/2571 
f 2578/2578/2578 2570/2570/2570 2569/2569/2569 
f 2570/2570/2570 2578/2578/2578 2579/2579/2579 
f 2579/2579/2579 2583/2583/2583 2570/2570/2570 
f 2600/2600/2600 2570/2570/2570 2583/2583/2583 
f 2582/2582/2582 2583/2583/2583 2579/2579/2579 
f 2583/2583/2583 2582/2582/2582 2601/2601/2601 
f 2579/2579/2579 2580/2580/2580 2582/2582/2582 
f 2580/2580/2580 2579/2579/2579 2581/2581/2581 
f 2580/2580/2580 2587/2587/2587 2582/2582/2582 
f 2587/2587/2587 2580/2580/2580 2589/2589/2589 
f 2589/2589/2589 2580/2580/2580 2590/2590/2590 
f 2587/2587/2587 2586/2586/2586 2582/2582/2582 
f 2586/2586/2586 2587/2587/2587 2588/2588/2588 
f 2591/2591/2591 2588/2588/2588 2587/2587/2587 
f 2602/2602/2602 2586/2586/2586 2588/2588/2588 
f 2599/2599/2599 2586/2586/2586 2602/2602/2602 
f 2586/2586/2586 2599/2599/2599 2596/2596/2596 
f 2596/2596/2596 2599/2599/2599 2597/2597/2597 
f 2594/2594/2594 2596/2596/2596 2597/2597/2597 
f 2598/2598/2598 2594/2594/2594 2597/2597/2597 
f 2596/2596/2596 2594/2594/2594 2593/2593/2593 
f 2592/2592/2592 2593/2593/2593 2594/2594/2594 
f 2592/2592/2592 2594/2594/2594 2595/2595/2595 
f 2509/2509/2509 2510/2510/2510 2511/2511/2511 
f 2509/2509/2509 2523/2523/2523 2510/2510/2510 
f 2515/2515/2515 2509/2509/2509 2511/2511/2511 
f 2523/2523/2523 2524/2524/2524 2510/2510/2510 
f 2515/2515/2515 2511/2511/2511 2535/2535/2535 
f 2523/2523/2523 2536/2536/2536 2524/2524/2524 
f 2536/2536/2536 2515/2515/2515 2535/2535/2535 
f 2536/2536/2536 2535/2535/2535 2524/2524/2524 
f 2565/2565/2565 2566/2566/2566 2567/2567/2567 
f 2565/2565/2565 2575/2575/2575 2566/2566/2566 
f 2568/2568/2568 2565/2565/2565 2567/2567/2567 
f 2575/2575/2575 2577/2577/2577 2566/2566/2566 
f 2568/2568/2568 2567/2567/2567 2584/2584/2584 
f 2575/2575/2575 2585/2585/2585 2577/2577/2577 
f 2585/2585/2585 2568/2568/2568 2584/2584/2584 
f 2585/2585/2585 2584/2584/2584 2577/2577/2577 
f 2493/2493/2493 2494/2494/2494 2495/2495/2495 
f 2494/2494/2494 2493/2493/2493 2496/2496/2496 
f 2502/2502/2502 2496/2496/2496 2493/2493/2493 
f 2500/2500/2500 2494/2494/2494 2496/2496/2496 
f 2496/2496/2496 2502/2502/2502 2503/2503/2503 
f 2500/2500/2500 2499/2499/2499 2494/2494/2494 
f 2497/2497/2497 2494/2494/2494 2499/2499/2499 
f 2494/2494/2494 2497/2497/2497 2498/2498/2498 
f 2501/2501/2501 2497/2497/2497 2499/2499/2499 
f 2501/2501/2501 2508/2508/2508 2497/2497/2497 
f 2502/2502/2502 2504/2504/2504 2503/2503/2503 
f 2504/2504/2504 2502/2502/2502 2521/2521/2521 
f 2504/2504/2504 2505/2505/2505 2503/2503/2503 
f 2505/2505/2505 2504/2504/2504 2506/2506/2506 
f 2506/2506/2506 2504/2504/2504 2507/2507/2507 
f 2507/2507/2507 2522/2522/2522 2506/2506/2506 
f 2522/2522/2522 2507/2507/2507 2549/2549/2549 
f 2507/2507/2507 2504/2504/2504 2556/2556/2556 
f 2507/2507/2507 2556/2556/2556 2550/2550/2550 
f 2564/2564/2564 2507/2507/2507 2550/2550/2550 
f 2556/2556/2556 2555/2555/2555 2550/2550/2550 
f 2550/2550/2550 2555/2555/2555 2551/2551/2551 
f 2550/2550/2550 2551/2551/2551 2552/2552/2552 
f 2553/2553/2553 2550/2550/2550 2552/2552/2552 
f 2553/2553/2553 2552/2552/2552 2554/2554/2554 
f 2559/2559/2559 2553/2553/2553 2554/2554/2554 
f 2557/2557/2557 2553/2553/2553 2559/2559/2559 
f 2557/2557/2557 2558/2558/2558 2553/2553/2553 
f 2557/2557/2557 2559/2559/2559 2560/2560/2560 
f 2561/2561/2561 2557/2557/2557 2560/2560/2560 
f 2562/2562/2562 2557/2557/2557 2561/2561/2561 
f 2562/2562/2562 2563/2563/2563 2557/2557/2557 
f 2609/2609/2609 2610/2610/2610 2611/2611/2611 
f 2610/2610/2610 2609/2609/2609 2634/2634/2634 
f 2631/2631/2631 2632/2632/2632 2633/2633/2633 
f 2632/2632/2632 2631/2631/2631 2648/2648/2648 
f 2635/2635/2635 2636/2636/2636 2637/2637/2637 
f 2636/2636/2636 2635/2635/2635 2649/2649/2649 
f 2638/2638/2638 2639/2639/2639 2640/2640/2640 
f 2639/2639/2639 2638/2638/2638 2650/2650/2650 
f 2622/2622/2622 2623/2623/2623 2624/2624/2624 
f 2623/2623/2623 2622/2622/2622 2625/2625/2625 
f 2606/2606/2606 2607/2607/2607 2608/2608/2608 
f 2607/2607/2607 2606/2606/2606 2621/2621/2621 
f 2603/2603/2603 2604/2604/2604 2605/2605/2605 
f 2605/2605/2605 2604/2604/2604 2626/2626/2626 
f 2613/2613/2613 2603/2603/2603 2605/2605/2605 
f 2612/2612/2612 2603/2603/2603 2613/2613/2613 
f 2628/2628/2628 2629/2629/2629 2630/2630/2630 
f 2629/2629/2629 2628/2628/2628 2647/2647/2647 
f 2641/2641/2641 2642/2642/2642 2643/2643/2643 
f 2642/2642/2642 2641/2641/2641 2651/2651/2651 
f 2614/2614/2614 2615/2615/2615 2616/2616/2616 
f 2615/2615/2615 2614/2614/2614 2620/2620/2620 
f 2644/2644/2644 2645/2645/2645 2646/2646/2646 
f 2645/2645/2645 2644/2644/2644 2652/2652/2652 
f 2617/2617/2617 2618/2618/2618 2619/2619/2619 
f 2619/2619/2619 2618/2618/2618 2627/2627/2627 
f 2653/2653/2653 2654/2654/2654 2655/2655/2655 
f 2654/2654/2654 2653/2653/2653 2674/2674/2674 
f 2656/2656/2656 2657/2657/2657 2658/2658/2658 
f 2657/2657/2657 2656/2656/2656 2673/2673/2673 
f 2662/2662/2662 2663/2663/2663 2664/2664/2664 
f 2663/2663/2663 2662/2662/2662 2686/2686/2686 
f 2683/2683/2683 2684/2684/2684 2685/2685/2685 
f 2684/2684/2684 2683/2683/2683 2700/2700/2700 
f 2687/2687/2687 2688/2688/2688 2689/2689/2689 
f 2688/2688/2688 2687/2687/2687 2701/2701/2701 
f 2659/2659/2659 2660/2660/2660 2661/2661/2661 
f 2661/2661/2661 2660/2660/2660 2672/2672/2672 
f 2690/2690/2690 2691/2691/2691 2692/2692/2692 
f 2691/2691/2691 2690/2690/2690 2702/2702/2702 
f 2675/2675/2675 2676/2676/2676 2677/2677/2677 
f 2676/2676/2676 2675/2675/2675 2679/2679/2679 
f 2665/2665/2665 2666/2666/2666 2667/2667/2667 
f 2666/2666/2666 2665/2665/2665 2678/2678/2678 
f 2668/2668/2668 2669/2669/2669 2670/2670/2670 
f 2671/2671/2671 2669/2669/2669 2668/2668/2668 
f 2680/2680/2680 2681/2681/2681 2682/2682/2682 
f 2681/2681/2681 2680/2680/2680 2699/2699/2699 
f 2693/2693/2693 2694/2694/2694 2695/2695/2695 
f 2694/2694/2694 2693/2693/2693 2703/2703/2703 
f 2696/2696/2696 2697/2697/2697 2698/2698/2698 
f 2697/2697/2697 2696/2696/2696 2704/2704/2704 
f 2705/2705/2705 2706/2706/2706 2707/2707/2707 
f 2706/2706/2706 2705/2705/2705 2715/2715/2715 
f 2714/2714/2714 2715/2715/2715 2705/2705/2705 
f 2715/2715/2715 2714/2714/2714 2717/2717/2717 
f 2716/2716/2716 2717/2717/2717 2714/2714/2714 
f 2717/2717/2717 2716/2716/2716 2718/2718/2718 
f 2749/2749/2749 2750/2750/2750 2751/2751/2751 
f 2753/2753/2753 2751/2751/2751 2750/2750/2750 
f 2750/2750/2750 2752/2752/2752 2753/2753/2753 
f 2755/2755/2755 2753/2753/2753 2752/2752/2752 
f 2752/2752/2752 2754/2754/2754 2755/2755/2755 
f 2763/2763/2763 2755/2755/2755 2754/2754/2754 
f 2708/2708/2708 2709/2709/2709 2710/2710/2710 
f 2709/2709/2709 2708/2708/2708 2719/2719/2719 
f 2721/2721/2721 2722/2722/2722 2723/2723/2723 
f 2721/2721/2721 2723/2723/2723 2748/2748/2748 
f 2756/2756/2756 2757/2757/2757 2758/2758/2758 
f 2764/2764/2764 2758/2758/2758 2757/2757/2757 
f 2711/2711/2711 2712/2712/2712 2713/2713/2713 
f 2711/2711/2711 2720/2720/2720 2712/2712/2712 
f 2759/2759/2759 2760/2760/2760 2761/2761/2761 
f 2759/2759/2759 2762/2762/2762 2760/2760/2760 
f 2724/2724/2724 2725/2725/2725 2726/2726/2726 
f 2724/2724/2724 2726/2726/2726 2733/2733/2733 
f 2765/2765/2765 2766/2766/2766 2767/2767/2767 
f 2765/2765/2765 2767/2767/2767 2768/2768/2768 
f 2727/2727/2727 2728/2728/2728 2729/2729/2729 
f 2745/2745/2745 2729/2729/2729 2728/2728/2728 
f 2769/2769/2769 2770/2770/2770 2771/2771/2771 
f 2769/2769/2769 2785/2785/2785 2770/2770/2770 
f 2734/2734/2734 2735/2735/2735 2736/2736/2736 
f 2734/2734/2734 2746/2746/2746 2735/2735/2735 
f 2778/2778/2778 2779/2779/2779 2780/2780/2780 
f 2778/2778/2778 2784/2784/2784 2779/2779/2779 
f 2737/2737/2737 2738/2738/2738 2739/2739/2739 
f 2747/2747/2747 2737/2737/2737 2739/2739/2739 
f 2781/2781/2781 2782/2782/2782 2783/2783/2783 
f 2788/2788/2788 2781/2781/2781 2783/2783/2783 
f 2730/2730/2730 2731/2731/2731 2732/2732/2732 
f 2731/2731/2731 2730/2730/2730 2743/2743/2743 
f 2772/2772/2772 2773/2773/2773 2774/2774/2774 
f 2772/2772/2772 2786/2786/2786 2773/2773/2773 
f 2740/2740/2740 2741/2741/2741 2742/2742/2742 
f 2740/2740/2740 2744/2744/2744 2741/2741/2741 
f 2775/2775/2775 2776/2776/2776 2777/2777/2777 
f 2775/2775/2775 2787/2787/2787 2776/2776/2776 
f 2801/2801/2801 2802/2802/2802 2803/2803/2803 
f 2802/2802/2802 2801/2801/2801 2804/2804/2804 
f 2825/2825/2825 2826/2826/2826 2827/2827/2827 
f 2826/2826/2826 2825/2825/2825 2828/2828/2828 
f 2789/2789/2789 2790/2790/2790 2791/2791/2791 
f 2796/2796/2796 2789/2789/2789 2791/2791/2791 
f 2789/2789/2789 2792/2792/2792 2790/2790/2790 
f 2792/2792/2792 2793/2793/2793 2790/2790/2790 
f 2792/2792/2792 2794/2794/2794 2793/2793/2793 
f 2794/2794/2794 2792/2792/2792 2795/2795/2795 
f 2799/2799/2799 2795/2795/2795 2792/2792/2792 
f 2805/2805/2805 2799/2799/2799 2792/2792/2792 
f 2797/2797/2797 2789/2789/2789 2796/2796/2796 
f 2797/2797/2797 2808/2808/2808 2789/2789/2789 
f 2797/2797/2797 2796/2796/2796 2798/2798/2798 
f 2809/2809/2809 2797/2797/2797 2798/2798/2798 
f 2810/2810/2810 2797/2797/2797 2809/2809/2809 
f 2810/2810/2810 2811/2811/2811 2797/2797/2797 
f 2806/2806/2806 2799/2799/2799 2807/2807/2807 
f 2799/2799/2799 2806/2806/2806 2812/2812/2812 
f 2799/2799/2799 2800/2800/2800 2795/2795/2795 
f 2812/2812/2812 2800/2800/2800 2799/2799/2799 
f 2823/2823/2823 2800/2800/2800 2812/2812/2812 
f 2800/2800/2800 2823/2823/2823 2822/2822/2822 
f 2822/2822/2822 2813/2813/2813 2800/2800/2800 
f 2800/2800/2800 2813/2813/2813 2821/2821/2821 
f 2814/2814/2814 2813/2813/2813 2822/2822/2822 
f 2813/2813/2813 2814/2814/2814 2815/2815/2815 
f 2816/2816/2816 2815/2815/2815 2814/2814/2814 
f 2815/2815/2815 2816/2816/2816 2817/2817/2817 
f 2820/2820/2820 2816/2816/2816 2814/2814/2814 
f 2820/2820/2820 2824/2824/2824 2816/2816/2816 
f 2818/2818/2818 2816/2816/2816 2824/2824/2824 
f 2816/2816/2816 2818/2818/2818 2819/2819/2819 
f 2829/2829/2829 2818/2818/2818 2824/2824/2824 
f 2829/2829/2829 2830/2830/2830 2818/2818/2818 

g Cube0021

v -0.239476 4.39337 2.7007 
v -1.2319 5.38579 2.7007 
v -1.2319 4.39337 2.7007 
v -0.239476 5.38579 2.7007 
v -1.2319 5.28856 2.58852 
v -0.239476 5.38579 2.7007 
v -0.239476 5.28856 2.58852 
v -1.2319 5.38579 2.7007 
v 1.23202 5.38579 2.7007 
v 0.239605 5.28856 2.58852 
v 0.239605 5.38579 2.7007 
v 1.23202 4.39337 2.7007 
v 0.239605 5.38579 2.7007 
v 0.239605 4.39337 2.7007 
v 1.23202 5.38579 2.7007 
v 1.23202 5.28856 2.58852 

vn 0 0 1 
vn 0 0 1 
vn 0 0 1 
vn 0 0 1 
vn 0 0.755906 -0.653543 
vn 0 0.755906 -0.653543 
vn 0 0.755906 -0.653543 
vn 0 0.755906 -0.653543 
vn 0 0.755906 -0.653543 
vn 0 0.755906 -0.653543 
vn 0 0.755906 -0.653543 
vn 0 0 1 
vn 0 0 1 
vn 0 0 1 
vn 0 0 1 
vn 0 0.755906 -0.653543 

vt 0.889188 0.0703981 
vt 0.884291 0.110724 
vt 0.884291 0.0703981 
vt 0.889188 0.110724 
vt 0.884291 0.110724 
vt 0.889188 0.110724 
vt 0.889188 0.110724 
vt 0.884291 0.110724 
vt 0.896448 0.110724 
vt 0.891552 0.110724 
vt 0.891552 0.110724 
vt 0.896448 0.0703981 
vt 0.891552 0.110724 
vt 0.891552 0.0703981 
vt 0.896448 0.110724 
vt 0.896448 0.110724 

usemtl Cube0021Mtl

f 2835/2835/2835 2836/2836/2836 2837/2837/2837 
f 2836/2836/2836 2835/2835/2835 2838/2838/2838 
f 2839/2839/2839 2840/2840/2840 2841/2841/2841 
f 2840/2840/2840 2839/2839/2839 2846/2846/2846 
f 2831/2831/2831 2832/2832/2832 2833/2833/2833 
f 2832/2832/2832 2831/2831/2831 2834/2834/2834 
f 2842/2842/2842 2843/2843/2843 2844/2844/2844 
f 2843/2843/2843 2842/2842/2842 2845/2845/2845 

g Cylinder0011

v 0.65793 6.6728 0.0694504 
v 0.65793 6.20091 0.0694503 
v 0.65793 6.20091 -0.36917 
v 0.65793 6.6728 2.70117 
v 0.65793 6.20091 2.70117 
v 0.65793 6.20091 2.26255 
v 1.09655 6.6728 0.50807 
v 1.09655 6.20091 0.50807 
v 1.09655 6.20091 0.0694503 
v 0.65793 6.6728 -0.36917 
v 0.65793 6.6728 2.26255 
v 1.09655 6.6728 0.0694504 
v 1.53517 6.6728 0.50807 
v 1.53517 6.20091 1.82393 
v 1.53517 6.20091 0.50807 
v 1.09655 6.6728 2.26255 
v 1.09655 6.20091 2.26255 
v 1.09655 6.20091 1.82393 
v 1.09655 6.6728 1.82393 
v 1.53517 6.6728 1.82393 
v -1.53517 6.6728 1.82393 
v -1.53517 6.20091 1.82393 
v -1.09655 6.20091 1.82393 
v -1.09655 6.6728 2.26255 
v -1.09655 6.20091 2.26255 
v -0.65793 6.20091 2.26255 
v -0.65793 6.20091 2.70117 
v 0.65793 6.20091 2.70117 
v -0.65793 6.6728 2.70117 
v -1.09655 6.6728 1.82393 
v -0.65793 6.6728 2.26255 
v 0.65793 6.6728 2.70117 
v 1.09655 6.6728 1.82393 
v 1.09655 6.20091 1.82393 
v 1.53517 6.20091 1.82393 
v 0.65793 6.6728 2.26255 
v 0.65793 6.20091 2.26255 
v 1.09655 6.20091 2.26255 
v 1.09655 6.6728 2.26255 
v 1.53517 6.6728 1.82393 
v -1.53517 6.6728 1.82393 
v -1.53517 6.20091 0.50807 
v -1.53517 6.20091 1.82393 
v -1.09655 6.6728 1.82393 
v -1.09655 6.20091 1.82393 
v -1.09655 6.20091 2.26255 
v -1.09655 6.6728 0.0694504 
v -1.09655 6.20091 0.0694503 
v -1.09655 6.20091 0.50807 
v -1.09655 6.6728 0.50807 
v -1.53517 6.6728 0.50807 
v -1.09655 6.6728 2.26255 
v -0.65793 6.6728 -0.36917 
v -0.65793 6.20091 -0.36917 
v -0.65793 6.20091 0.0694503 
v -0.65793 6.6728 2.26255 
v -0.65793 6.20091 2.26255 
v -0.65793 6.20091 2.70117 
v -0.65793 6.6728 2.70117 
v -0.65793 6.6728 0.0694504 
v -0.65793 6.6728 0.0694504 
v -0.65793 6.20091 0.0694503 
v -1.09655 6.20091 0.0694503 
v -1.09655 6.6728 0.50807 
v -1.09655 6.20091 0.50807 
v -1.53517 6.20091 0.50807 
v -1.53517 6.6728 0.50807 
v -0.65793 6.6728 -0.36917 
v 0.65793 6.6728 -0.36917 
v -0.65793 6.20091 -0.36917 
v -1.09655 6.6728 0.0694504 
v 0.65793 6.20091 -0.36917 
v 1.09655 6.6728 0.0694504 
v 1.09655 6.20091 0.0694503 
v 0.65793 6.20091 0.0694503 
v 1.53517 6.6728 0.50807 
v 1.53517 6.20091 0.50807 
v 1.09655 6.20091 0.50807 
v 0.65793 6.6728 0.0694504 
v 1.09655 6.6728 0.50807 

vn 1 0 0 
vn 1 0 0 
vn 1 0 0 
vn 1 0 0 
vn 1 0 0 
vn 1 0 0 
vn 1 0 0 
vn 1 0 0 
vn 1 0 0 
vn 1 0 0 
vn 1 0 0 
vn 1 0 0 
vn 1 0 0 
vn 1 0 0 
vn 1 0 0 
vn 1 0 0 
vn 1 0 0 
vn 1 0 0 
vn 1 0 0 
vn 1 0 0 
vn 0 0 1 
vn 0 0 1 
vn 0 0 1 
vn 0 0 1 
vn 0 0 1 
vn 0 0 1 
vn 0 0 1 
vn 0 0 1 
vn 0 0 1 
vn 0 0 1 
vn 0 0 1 
vn 0 0 1 
vn 0 0 1 
vn 0 0 1 
vn 0 0 1 
vn 0 0 1 
vn 0 0 1 
vn 0 0 1 
vn 0 0 1 
vn 0 0 1 
vn -1 0 0 
vn -1 0 0 
vn -1 0 0 
vn -1 0 0 
vn -1 0 0 
vn -1 0 0 
vn -1 0 0 
vn -1 0 0 
vn -1 0 0 
vn -1 0 0 
vn -1 0 0 
vn -1 0 0 
vn -1 0 0 
vn -1 0 0 
vn -1 0 0 
vn -1 0 0 
vn -1 0 0 
vn -1 0 0 
vn -1 0 0 
vn -1 0 0 
vn 0 0 -1 
vn 0 0 -1 
vn 0 0 -1 
vn 0 0 -1 
vn 0 0 -1 
vn 0 0 -1 
vn 0 0 -1 
vn 0 0 -1 
vn 0 0 -1 
vn 0 0 -1 
vn 0 0 -1 
vn 0 0 -1 
vn 0 0 -1 
vn 0 0 -1 
vn 0 0 -1 
vn 0 0 -1 
vn 0 0 -1 
vn 0 0 -1 
vn 0 0 -1 
vn 0 0 -1 

vt 14.1371 -32.9705 
vt 14.1371 -33.0295 
vt 14.1919 -33.0295 
vt 13.8081 -32.9705 
vt 13.8081 -33.0295 
vt 13.8629 -33.0295 
vt 14.0822 -32.9705 
vt 14.0822 -33.0295 
vt 14.1371 -33.0295 
vt 14.1919 -32.9705 
vt 13.8629 -32.9705 
vt 14.1371 -32.9705 
vt 14.0822 -32.9705 
vt 13.9178 -33.0295 
vt 14.0822 -33.0295 
vt 13.8629 -32.9705 
vt 13.8629 -33.0295 
vt 13.9178 -33.0295 
vt 13.9178 -32.9705 
vt 13.9178 -32.9705 
vt 13.8081 -32.9705 
vt 13.8081 -33.0295 
vt 13.8629 -33.0295 
vt 13.8629 -32.9705 
vt 13.8629 -33.0295 
vt 13.9178 -33.0295 
vt 13.9178 -33.0295 
vt 14.0822 -33.0295 
vt 13.9178 -32.9705 
vt 13.8629 -32.9705 
vt 13.9178 -32.9705 
vt 14.0822 -32.9705 
vt 14.1371 -32.9705 
vt 14.1371 -33.0295 
vt 14.1919 -33.0295 
vt 14.0822 -32.9705 
vt 14.0822 -33.0295 
vt 14.1371 -33.0295 
vt 14.1371 -32.9705 
vt 14.1919 -32.9705 
vt 14.0822 -32.9705 
vt 13.9178 -33.0295 
vt 14.0822 -33.0295 
vt 14.0822 -32.9705 
vt 14.0822 -33.0295 
vt 14.1371 -33.0295 
vt 13.8629 -32.9705 
vt 13.8629 -33.0295 
vt 13.9178 -33.0295 
vt 13.9178 -32.9705 
vt 13.9178 -32.9705 
vt 14.1371 -32.9705 
vt 13.8081 -32.9705 
vt 13.8081 -33.0295 
vt 13.8629 -33.0295 
vt 14.1371 -32.9705 
vt 14.1371 -33.0295 
vt 14.1919 -33.0295 
vt 14.1919 -32.9705 
vt 13.8629 -32.9705 
vt 14.0822 -32.9705 
vt 14.0822 -33.0295 
vt 14.1371 -33.0295 
vt 14.1371 -32.9705 
vt 14.1371 -33.0295 
vt 14.1919 -33.0295 
vt 14.1919 -32.9705 
vt 14.0822 -32.9705 
vt 13.9178 -32.9705 
vt 14.0822 -33.0295 
vt 14.1371 -32.9705 
vt 13.9178 -33.0295 
vt 13.8629 -32.9705 
vt 13.8629 -33.0295 
vt 13.9178 -33.0295 
vt 13.8081 -32.9705 
vt 13.8081 -33.0295 
vt 13.8629 -33.0295 
vt 13.9178 -32.9705 
vt 13.8629 -32.9705 

usemtl Cylinder0011Mtl

f 2859/2859/2859 2860/2860/2860 2861/2861/2861 
f 2859/2859/2859 2866/2866/2866 2860/2860/2860 
f 2853/2853/2853 2854/2854/2854 2855/2855/2855 
f 2858/2858/2858 2853/2853/2853 2855/2855/2855 
f 2862/2862/2862 2863/2863/2863 2864/2864/2864 
f 2865/2865/2865 2862/2862/2862 2864/2864/2864 
f 2847/2847/2847 2848/2848/2848 2849/2849/2849 
f 2856/2856/2856 2847/2847/2847 2849/2849/2849 
f 2850/2850/2850 2851/2851/2851 2852/2852/2852 
f 2857/2857/2857 2850/2850/2850 2852/2852/2852 
f 2873/2873/2873 2874/2874/2874 2875/2875/2875 
f 2878/2878/2878 2875/2875/2875 2874/2874/2874 
f 2870/2870/2870 2871/2871/2871 2872/2872/2872 
f 2877/2877/2877 2870/2870/2870 2872/2872/2872 
f 2882/2882/2882 2883/2883/2883 2884/2884/2884 
f 2885/2885/2885 2882/2882/2882 2884/2884/2884 
f 2867/2867/2867 2868/2868/2868 2869/2869/2869 
f 2876/2876/2876 2867/2867/2867 2869/2869/2869 
f 2879/2879/2879 2880/2880/2880 2881/2881/2881 
f 2886/2886/2886 2879/2879/2879 2881/2881/2881 
f 2887/2887/2887 2888/2888/2888 2889/2889/2889 
f 2887/2887/2887 2897/2897/2897 2888/2888/2888 
f 2890/2890/2890 2891/2891/2891 2892/2892/2892 
f 2898/2898/2898 2890/2890/2890 2892/2892/2892 
f 2893/2893/2893 2894/2894/2894 2895/2895/2895 
f 2896/2896/2896 2893/2893/2893 2895/2895/2895 
f 2899/2899/2899 2900/2900/2900 2901/2901/2901 
f 2906/2906/2906 2899/2899/2899 2901/2901/2901 
f 2902/2902/2902 2903/2903/2903 2904/2904/2904 
f 2905/2905/2905 2902/2902/2902 2904/2904/2904 
f 2914/2914/2914 2915/2915/2915 2916/2916/2916 
f 2918/2918/2918 2916/2916/2916 2915/2915/2915 
f 2907/2907/2907 2908/2908/2908 2909/2909/2909 
f 2917/2917/2917 2907/2907/2907 2909/2909/2909 
f 2919/2919/2919 2920/2920/2920 2921/2921/2921 
f 2925/2925/2925 2919/2919/2919 2921/2921/2921 
f 2910/2910/2910 2911/2911/2911 2912/2912/2912 
f 2913/2913/2913 2910/2910/2910 2912/2912/2912 
f 2922/2922/2922 2923/2923/2923 2924/2924/2924 
f 2926/2926/2926 2922/2922/2922 2924/2924/2924 

