# This file is brought to you by Roblox Corporation
# Generated by Roblox Studio

mtllib 8.mtl

g Plane0021

v -1.17055 8.6954 -2.9638 
v -1.17055 8.5418 -1.21666 
v -1.17055 8.5418 -2.9638 
v 0.979826 9.15619 -2.96197 
v 0.979826 9.0026 -1.21666 
v 0.979826 9.0026 -2.9638 
v -1.17055 8.6954 -1.21666 
v 0.979826 9.15619 -1.21666 
v 1.16724 9.46712 -1.06405 
v 1.16724 9.27782 -1.25336 
v 1.16724 9.46712 -1.25336 
v 1.16724 9.27782 -1.06405 
v 1.28702 9.0026 -2.9638 
v 1.28702 8.849 -1.21666 
v 1.28702 8.849 -2.9638 
v 1.28702 9.0026 -1.21666 
v 1.38284 8.8992 1.71248 
v 1.38284 9.46712 1.71248 
v 1.38284 9.08851 1.84003 
v 1.38284 9.08851 -1.25336 
v 1.38284 9.27782 -1.06405 
v 1.38284 9.08851 -1.06405 
v 1.38284 9.27782 -1.25336 
v 1.38284 9.65643 -0.874742 
v 1.38284 9.27782 -0.874742 
v 1.38284 8.8992 2.05189 
v 0.9112 8.8992 2.33448 
v 0.9112 8.52059 2.14517 
v 0.9112 8.8992 2.14517 
v 0.9112 8.52059 2.33448 
v 0.257752 8.8992 2.14517 
v 0.257752 9.08851 2.33448 
v 0.257752 8.8992 2.33448 
v 0.520438 9.46712 1.84003 
v 0.520438 9.65643 2.14517 
v 0.520438 9.46712 2.14517 
v 0.257752 9.08851 2.14517 
v 0.951637 9.46712 2.14517 
v 0.951637 9.27782 1.84003 
v 0.951637 9.46712 1.84003 
v 1.38284 9.08851 2.14517 
v 1.38284 8.52059 2.14517 
v 1.16724 9.08851 1.84003 
v 1.16724 9.27782 2.14517 
v 1.16724 9.08851 2.14517 
v 1.16724 9.27782 1.84003 
v 0.951637 9.27782 2.14517 
v 1.38284 9.65643 -1.06405 
v 0.951637 10.035 -0.685435 
v 0.951637 9.84574 -0.874742 
v 0.951637 10.035 -0.874742 
v 0.951637 9.84574 -0.685435 
v 0.951637 10.2243 -0.306822 
v 0.951637 10.035 0.450405 
v 0.951637 10.035 -0.306822 
v 0.187786 10.4415 0.261098 
v 0.187786 10.2243 0.450405 
v 0.187786 10.2243 0.261098 
v 0.951637 10.2243 1.01832 
v 1.16724 9.84574 -0.874742 
v 1.16724 9.65643 -1.06405 
v 1.16724 9.84574 -1.06405 
v 1.16724 9.65643 -0.874742 
v 1.38284 9.84574 -0.685435 
v 1.38284 9.65643 -0.685435 
v 1.38284 9.84574 -0.874742 
v 1.16724 10.035 -0.496128 
v 1.16724 9.84574 -0.685435 
v 1.16724 10.035 -0.685435 
v 1.16724 9.84574 -0.496128 
v 0.187786 10.4415 0.639712 
v 0.736038 10.035 1.58625 
v 0.736038 9.84574 1.39694 
v 0.736038 10.035 1.39694 
v 0.520438 9.65643 1.84003 
v 0.736038 10.035 1.01832 
v 0.736038 10.2243 1.20763 
v 0.736038 10.035 1.20763 
v 0.187786 10.2243 0.639712 
v 0.736038 10.2243 1.01832 
v 0.736038 9.84574 1.58625 
v 0.951637 9.84574 1.84003 
v 0.951637 9.65643 1.58625 
v 0.951637 9.84574 1.58625 
v 0.951637 9.65643 1.84003 
v 1.16724 9.84574 1.01832 
v 1.16724 10.035 1.39694 
v 1.16724 9.84574 1.39694 
v 0.951637 10.035 1.01832 
v 1.16724 10.035 1.01832 
v 1.38284 8.52059 2.05189 
v 1.44062 8.6954 -2.48731 
v 1.44062 8.5418 -2.48731 
v 1.44062 8.5418 -2.9638 
v 1.59422 8.6954 -2.48731 
v 1.59422 8.5418 -1.21666 
v 1.59422 8.5418 -2.48731 
v 1.59422 8.6954 -1.21666 
v 1.44062 8.849 -2.9638 
v 1.44062 8.849 -1.21666 
v 1.44062 8.6954 -1.21666 
v 1.59844 9.08851 -1.06405 
v 1.59844 8.8992 -1.25336 
v 1.59844 9.08851 -1.25336 
v 1.90475 8.8992 -1.25336 
v 1.90475 8.8992 -0.874742 
v 1.90475 8.52059 -1.25336 
v 1.59844 8.8992 -0.874742 
v 1.59844 9.27782 -0.874742 
v 1.59844 9.27782 -1.06405 
v 1.90475 9.27782 -0.874742 
v 1.90475 9.27782 -0.496128 
v 1.90475 8.52059 1.6192 
v 1.59844 8.52059 1.6192 
v 1.59844 9.08851 1.6192 
v 1.59844 8.8992 1.71248 
v 1.59844 8.52059 2.05189 
v 1.59844 9.46712 1.71248 
v 1.59844 9.08851 1.20763 
v 1.59844 9.27782 1.20763 
v 1.59844 9.46712 1.39694 
v 1.59844 8.8992 2.05189 
v 1.90475 9.08851 1.20763 
v 1.90475 9.08851 1.6192 
v 1.90475 9.27782 1.01832 
v 1.90475 9.27782 1.20763 
v 1.90475 9.46712 1.01832 
v 1.59844 9.65643 -0.685435 
v 1.59844 9.65643 -0.874742 
v 1.59844 9.46712 -0.496128 
v 1.38284 9.84574 1.01832 
v 1.38284 9.84574 -0.496128 
v 1.38284 10.035 0.639711 
v 1.38284 10.035 -0.496128 
v 1.38284 10.035 1.01832 
v 1.59844 9.27782 -0.496128 
v 1.90475 9.46712 -0.496128 
v 1.59844 9.46712 1.01832 
v 1.59844 9.65643 1.01832 
v 1.59844 9.84574 -0.685435 
v 1.59844 9.84574 1.01832 
v 1.59844 9.27782 1.01832 
v 1.38284 9.65643 1.39694 
v 1.38284 9.65643 1.58625 
v 1.38284 9.46712 1.39694 
v 1.38284 9.84574 1.01832 
v 1.38284 9.65643 1.01832 
v 1.38284 9.84574 1.58625 
v 1.38284 9.65643 1.84003 
v 1.59844 9.65643 1.39694 
v -1.47774 8.6954 -1.21666 
v -1.63134 8.6954 -2.48731 
v -1.63134 8.6954 -1.21666 
v -1.47774 8.6954 -2.48731 
v -1.63556 9.08851 -1.06405 
v -1.41996 9.08851 -1.25336 
v -1.63556 9.08851 -1.25336 
v -1.63556 8.8992 -0.874742 
v -1.94188 8.8992 -1.25335 
v -1.94188 8.8992 -0.874742 
v -1.63556 8.8992 -1.25336 
v -1.41996 9.08851 -1.06405 
v -1.63556 9.27782 -0.874742 
v -1.41996 9.27782 -1.06405 
v -1.63556 9.27782 -1.06405 
v -1.41996 9.27782 -0.874742 
v -1.63556 9.65643 -0.685435 
v -1.41996 9.65643 -0.874742 
v -1.63556 9.65643 -0.874742 
v -1.94188 9.27782 -0.874742 
v -1.63556 9.27782 -0.496128 
v -1.41996 9.65643 -0.685435 
v -1.32415 8.849 -1.21666 
v -1.32415 8.849 -2.9638 
v -1.47774 8.849 -2.9638 
v -1.32415 9.0026 -1.21666 
v -1.01695 9.0026 -2.9638 
v -1.32415 9.0026 -2.9638 
v -1.01695 9.15619 -1.21666 
v 0.979826 9.15619 -2.96197 
v -1.01695 9.15619 -2.96197 
v -1.47774 8.849 -1.21666 
v -1.01695 9.0026 -1.21666 
v -1.20436 9.27782 -1.25336 
v -1.41996 9.27782 -1.25336 
v -1.20436 9.27782 -1.06405 
v 1.16724 9.46712 -1.06405 
v -1.20436 9.46712 -1.25336 
v -1.20436 9.46712 -1.06405 
v -1.20436 9.65643 -1.06405 
v -1.41996 9.65643 -1.06405 
v -1.20436 9.65643 -0.874742 
v -1.94188 9.27782 -0.496128 
v -1.94188 9.27782 1.20763 
v -1.63556 9.27782 1.01833 
v -1.94188 9.27782 1.01833 
v -1.63556 9.27782 1.20763 
v -1.94188 9.08851 1.6192 
v -1.63556 9.08851 1.20763 
v -1.94188 9.08851 1.20763 
v -1.63556 9.08851 1.6192 
v -1.63556 8.8992 2.05189 
v -1.41996 8.8992 1.71248 
v -1.63556 8.8992 1.71248 
v -1.94188 9.46712 -0.496128 
v -1.94188 9.46712 1.01833 
v -1.63556 9.46712 -0.496128 
v -1.63556 9.46712 1.01833 
v -1.41996 9.65643 1.39694 
v -1.41996 9.65643 1.01833 
v -1.63556 9.65643 1.01833 
v -1.63556 9.46712 1.71248 
v -1.41996 9.46712 1.39694 
v -1.63556 9.46712 1.39694 
v -1.41996 9.46712 1.71248 
v -1.41996 8.8992 2.05189 
v -1.41996 9.08851 2.14517 
v -1.20436 9.08851 1.84003 
v -1.41996 9.08851 1.84003 
v -1.20436 9.08851 2.14517 
v -0.948323 8.8992 2.33448 
v -0.294875 8.8992 2.14517 
v -0.948323 8.8992 2.14517 
v -0.294875 8.8992 2.33448 
v 0.257752 9.08851 2.33448 
v -0.294875 9.08851 2.14517 
v -0.294875 9.08851 2.33448 
v -1.20436 9.27782 2.14517 
v -0.988761 9.27782 1.84003 
v -1.20436 9.27782 1.84003 
v -1.41996 9.65643 1.84003 
v -0.988761 9.65643 1.58625 
v -1.41996 9.65643 1.58625 
v -0.988761 9.46712 2.14517 
v -0.557561 9.46712 1.84003 
v -0.988761 9.46712 1.84003 
v -0.988761 9.27782 2.14517 
v -0.557561 9.46712 2.14517 
v -1.63556 9.65643 1.39694 
v -1.63556 9.84574 -0.685435 
v -1.41996 9.84574 -0.496128 
v -1.41996 9.84574 -0.685435 
v -1.20436 9.84574 -0.874742 
v -1.41996 9.84574 -0.874742 
v -1.20436 9.84574 -0.496128 
v -1.63556 9.84574 1.01833 
v -1.41996 9.84574 1.01833 
v -1.20436 9.84574 -0.685435 
v -1.20436 10.035 -0.685435 
v -1.20436 10.035 -0.496128 
v -0.988761 10.035 -0.685435 
v -1.41996 10.035 -0.496128 
v -0.988761 10.035 -0.306822 
v -1.41996 10.035 1.01833 
v -0.988761 9.84574 -0.685435 
v -0.988761 9.84574 -0.874742 
v -1.20436 9.84574 -1.06405 
v 1.16724 9.84574 -1.06405 
v 0.951637 10.035 -0.685435 
v -0.988761 10.035 -0.874742 
v 0.187786 10.2243 0.261098 
v -0.988761 10.2243 -0.306822 
v -0.224909 10.2243 0.261098 
v 0.951637 10.2243 -0.306822 
v -0.988761 10.2243 1.01833 
v -0.224909 10.4415 0.639712 
v 0.187786 10.4415 0.261098 
v -0.224909 10.4415 0.261098 
v -1.20436 10.035 1.01833 
v -0.988761 10.035 1.01833 
v -1.20436 9.84574 1.39694 
v -1.41996 9.84574 1.01833 
v -1.41996 9.84574 1.58625 
v -1.20436 9.84574 1.01833 
v -0.988761 9.84574 1.58625 
v -0.773161 9.84574 1.39694 
v -0.988761 9.65643 1.84003 
v -0.988761 9.84574 1.84003 
v -0.773161 9.84574 1.58625 
v -1.20436 10.035 1.39694 
v -0.773161 10.035 1.20763 
v -0.773161 10.035 1.39694 
v -0.773161 10.035 1.01832 
v 0.736038 10.035 1.20763 
v 0.736038 10.035 1.58625 
v -0.773161 10.035 1.58625 
v 0.736038 9.84574 1.58625 
v 0.520438 9.65643 2.14517 
v -0.557561 9.65643 1.84003 
v -0.557561 9.65643 2.14517 
v -0.773161 10.2243 1.01832 
v -0.224909 10.2243 0.639712 
v 0.0892383 10.2243 1.20763 
v 0.187786 10.2243 0.639712 
v -0.773161 10.2243 1.20763 
v 0.187786 10.4415 0.639712 
v 0.979826 9.0026 -1.21666 
v 1.28702 9.0026 -2.9638 
v 0.979826 9.0026 -2.9638 
v 1.44062 8.849 -1.21666 
v 1.44062 8.849 -2.9638 
v 1.28702 8.849 -2.9638 
v 1.28702 8.849 -1.21666 
v 0.979826 9.15619 -1.21666 
v 1.28702 9.0026 -1.21666 
v 1.38284 9.27782 -1.06405 
v 1.16724 9.27782 -1.25336 
v 1.16724 9.27782 -1.06405 
v 1.16724 9.46712 -1.25336 
v 1.38284 9.27782 -1.25336 
v 1.38284 9.65643 -1.06405 
v 1.16724 9.65643 -1.06405 
v 1.38284 9.65643 -0.874742 
v 1.16724 9.65643 -0.874742 
v 1.59844 9.08851 -1.06405 
v 1.38284 9.08851 -1.25336 
v 1.38284 9.08851 -1.06405 
v 1.59422 8.6954 -1.21666 
v 1.44062 8.6954 -2.48731 
v 1.44062 8.6954 -1.21666 
v 1.59422 8.6954 -2.48731 
v 1.59844 9.08851 -1.25336 
v 1.90475 8.8992 -1.25336 
v 1.59844 8.8992 -1.25336 
v 1.59844 8.8992 -0.874742 
v 1.90475 8.8992 -0.874742 
v 1.59844 9.27782 -0.874742 
v 1.38284 9.27782 -0.874742 
v 1.59844 9.27782 -1.06405 
v 1.59844 9.65643 -0.874742 
v 1.59844 9.65643 -0.685435 
v 1.90475 9.27782 -0.874742 
v 1.90475 9.27782 -0.496128 
v 1.38284 9.65643 -0.685435 
v 1.59844 9.27782 -0.496128 
v 1.38284 9.08851 2.14517 
v 1.16724 9.08851 1.84003 
v 1.16724 9.08851 2.14517 
v 1.38284 9.08851 1.84003 
v 0.257752 8.8992 2.14517 
v 0.9112 8.8992 2.33448 
v 0.9112 8.8992 2.14517 
v 0.257752 9.08851 2.14517 
v 0.257752 8.8992 2.33448 
v 1.16724 9.27782 2.14517 
v 0.951637 9.27782 1.84003 
v 0.951637 9.27782 2.14517 
v 0.520438 9.46712 1.84003 
v 0.951637 9.46712 2.14517 
v 0.951637 9.46712 1.84003 
v 1.16724 9.27782 1.84003 
v 0.520438 9.65643 1.84003 
v 0.520438 9.46712 2.14517 
v 1.59844 9.65643 1.39694 
v 1.38284 9.65643 1.01832 
v 1.38284 9.65643 1.39694 
v 1.90475 9.27782 1.20763 
v 1.59844 9.27782 1.01832 
v 1.59844 9.27782 1.20763 
v 1.90475 9.08851 1.20763 
v 1.59844 9.08851 1.20763 
v 1.90475 9.08851 1.6192 
v 1.59844 9.08851 1.6192 
v 1.59844 8.8992 2.05189 
v 1.38284 8.8992 1.71248 
v 1.38284 8.8992 2.05189 
v 1.59844 8.8992 1.71248 
v 1.90475 9.27782 1.01832 
v 1.59844 9.46712 -0.496128 
v 1.59844 9.46712 1.01832 
v 1.90475 9.46712 -0.496128 
v 1.90475 9.46712 1.01832 
v 1.59844 9.46712 1.39694 
v 1.38284 9.46712 1.39694 
v 1.59844 9.46712 1.71248 
v 1.38284 9.46712 1.71248 
v 1.59844 9.65643 1.01832 
v 0.951637 9.84574 -0.874742 
v 1.16724 9.84574 -0.874742 
v 1.16724 9.84574 -0.685435 
v 0.951637 10.035 -0.874742 
v 0.951637 9.84574 -0.685435 
v 0.951637 10.035 -0.306822 
v 1.16724 10.035 -0.496128 
v 1.16724 10.035 -0.685435 
v 0.951637 10.2243 1.01832 
v 0.187786 10.2243 0.450405 
v 0.951637 10.035 0.450405 
v 1.38284 10.035 -0.496128 
v 1.38284 9.84574 -0.874742 
v 1.38284 9.84574 -0.685435 
v 1.38284 9.84574 -0.496128 
v 1.16724 9.84574 -0.496128 
v 1.59844 9.84574 -0.685435 
v 1.59844 9.84574 1.01832 
v 1.38284 9.84574 1.01832 
v 1.38284 10.035 0.639711 
v 1.16724 10.035 1.01832 
v 0.304838 10.2243 1.20763 
v 0.187786 10.2243 0.450405 
v 0.187786 10.2243 0.639712 
v 0.736038 10.035 1.39694 
v 0.951637 10.035 1.01832 
v 0.736038 10.035 1.01832 
v 0.951637 9.84574 1.84003 
v 0.951637 9.84574 1.58625 
v 0.736038 9.84574 1.39694 
v 1.16724 10.035 1.39694 
v 0.304838 10.2243 1.20763 
v 0.736038 10.2243 1.01832 
v 0.0892383 10.2243 1.20763 
v 0.736038 10.2243 1.20763 
v 1.16724 9.84574 1.39694 
v 1.16724 9.84574 1.01832 
v 1.38284 9.84574 1.01832 
v 1.38284 9.84574 1.58625 
v 1.38284 9.65643 1.84003 
v 0.951637 9.65643 1.58625 
v 0.951637 9.65643 1.84003 
v 1.38284 9.65643 1.58625 
v 1.38284 10.035 1.01832 
v -1.47774 8.6954 -1.21666 
v -1.63134 8.6954 -1.21666 
v -1.63134 8.5418 -1.21666 
v -1.32415 8.849 -1.21666 
v -1.47774 8.849 -1.21666 
v -1.63556 8.52059 1.6192 
v -1.94188 9.08851 1.6192 
v -1.94188 8.52059 1.6192 
v -1.63556 9.08851 1.6192 
v -1.63556 9.08851 1.20763 
v -1.94188 9.27782 1.20763 
v -1.94188 9.08851 1.20763 
v -1.63556 9.27782 1.20763 
v -1.41996 8.8992 1.71248 
v -1.63556 9.46712 1.71248 
v -1.63556 8.8992 1.71248 
v -1.17055 8.5418 -1.21666 
v 1.13342 8.6954 -1.21666 
v -1.01695 9.0026 -1.21666 
v -1.17055 8.6954 -1.21666 
v 0.979826 9.0026 -1.21666 
v -1.01695 9.15619 -1.21666 
v -1.32415 9.0026 -1.21666 
v -1.41996 9.46712 1.71248 
v -1.41996 8.52059 2.05189 
v -1.63556 8.8992 2.05189 
v -1.63556 8.52059 2.05189 
v -1.41996 8.8992 2.05189 
v -0.948323 8.52059 2.14517 
v -0.948323 8.8992 2.14517 
v -1.41996 8.52059 2.14517 
v -1.20436 9.08851 2.14517 
v -1.20436 9.27782 1.84003 
v -1.41996 9.08851 1.84003 
v -1.20436 9.08851 1.84003 
v -1.41996 9.08851 2.14517 
v -0.988761 9.27782 2.14517 
v -1.20436 9.27782 2.14517 
v -0.294875 9.08851 2.14517 
v -0.294875 8.8992 2.14517 
v -0.294875 8.8992 2.33448 
v -0.948323 8.8992 2.33448 
v -0.948323 8.52059 2.33448 
v 0.257752 8.8992 2.33448 
v -0.294875 9.08851 2.33448 
v -0.557561 9.46712 2.14517 
v -1.63556 9.27782 1.01833 
v -1.94188 9.46712 1.01833 
v -1.94188 9.27782 1.01833 
v -1.63556 9.46712 1.01833 
v -1.41996 9.46712 1.39694 
v -1.63556 9.65643 1.39694 
v -1.63556 9.46712 1.39694 
v -1.41996 9.65643 1.39694 
v -1.41996 9.65643 1.01833 
v -1.63556 9.84574 1.01833 
v -1.63556 9.65643 1.01833 
v -1.41996 9.84574 1.01833 
v -1.20436 9.84574 1.01833 
v -1.41996 10.035 1.01833 
v -1.20436 10.035 1.01833 
v -0.773161 9.84574 1.39694 
v -1.20436 10.035 1.39694 
v -1.20436 9.84574 1.39694 
v -0.773161 10.035 1.01832 
v -0.988761 10.2243 1.01833 
v -0.988761 10.035 1.01833 
v 0.736038 10.035 1.20763 
v 0.0892383 10.2243 1.20763 
v -0.773161 10.035 1.20763 
v -0.773161 10.035 1.39694 
v -0.773161 10.2243 1.01832 
v 0.187786 10.2243 0.639712 
v -0.224909 10.4415 0.639712 
v -0.224909 10.2243 0.639712 
v -0.773161 10.2243 1.20763 
v -0.988761 9.84574 1.58625 
v -1.41996 9.84574 1.58625 
v -1.41996 9.65643 1.58625 
v -0.988761 9.27782 1.84003 
v -0.988761 9.46712 1.84003 
v -1.41996 9.65643 1.84003 
v -0.988761 9.65643 1.84003 
v -0.557561 9.46712 1.84003 
v -0.988761 9.65643 1.58625 
v -0.557561 9.65643 1.84003 
v -0.988761 9.84574 1.84003 
v 0.520438 9.46712 2.14517 
v -0.988761 9.46712 2.14517 
v -0.557561 9.65643 2.14517 
v 0.736038 10.035 1.58625 
v -0.773161 10.035 1.58625 
v -0.773161 9.84574 1.58625 
v 0.520438 9.65643 1.84003 
v 0.187786 10.4415 0.639712 
v 1.13342 8.5418 -1.21666 
v 1.44062 8.6954 -1.21666 
v 1.28702 8.849 -1.21666 
v 1.44062 8.849 -1.21666 
v 1.28702 9.0026 -1.21666 
v 0.979826 9.15619 -1.21666 
v 1.59422 8.5418 -1.21666 
v 1.59422 8.6954 -1.21666 
v 1.90475 9.08851 1.6192 
v 1.59844 8.52059 1.6192 
v 1.90475 8.52059 1.6192 
v 1.59844 9.08851 1.6192 
v 1.59844 9.46712 1.71248 
v 1.38284 8.8992 1.71248 
v 1.59844 8.8992 1.71248 
v 1.90475 9.27782 1.20763 
v 1.59844 9.08851 1.20763 
v 1.90475 9.08851 1.20763 
v 1.59844 9.27782 1.20763 
v 1.16724 9.27782 1.84003 
v 1.16724 9.08851 1.84003 
v 1.38284 9.08851 1.84003 
v 0.9112 8.8992 2.14517 
v 0.257752 9.08851 2.14517 
v 0.257752 8.8992 2.14517 
v 0.9112 8.52059 2.33448 
v 0.9112 8.8992 2.33448 
v 0.257752 9.08851 2.33448 
v 0.951637 9.27782 2.14517 
v 1.59844 8.8992 2.05189 
v 1.38284 8.52059 2.05189 
v 1.59844 8.52059 2.05189 
v 1.38284 8.8992 2.05189 
v 1.38284 8.52059 2.14517 
v 0.9112 8.52059 2.14517 
v 1.16724 9.08851 2.14517 
v 1.38284 9.08851 2.14517 
v 1.16724 9.27782 2.14517 
v 1.38284 10.035 1.01832 
v 1.16724 10.035 1.01832 
v 1.16724 9.84574 1.01832 
v 1.16724 10.035 1.39694 
v 0.736038 9.84574 1.39694 
v 1.16724 9.84574 1.39694 
v 0.736038 10.035 1.39694 
v 0.951637 10.2243 1.01832 
v 0.736038 10.035 1.01832 
v 0.951637 10.035 1.01832 
v 0.736038 10.2243 1.01832 
v 0.304838 10.2243 1.20763 
v 0.736038 10.2243 1.20763 
v 1.38284 9.84574 1.01832 
v 1.90475 9.46712 1.01832 
v 1.59844 9.27782 1.01832 
v 1.90475 9.27782 1.01832 
v 1.59844 9.46712 1.01832 
v 1.59844 9.65643 1.39694 
v 1.38284 9.46712 1.39694 
v 1.59844 9.46712 1.39694 
v 1.38284 9.65643 1.39694 
v 1.59844 9.84574 1.01832 
v 1.38284 9.65643 1.01832 
v 1.59844 9.65643 1.01832 
v 1.38284 9.65643 1.58625 
v 0.951637 9.84574 1.58625 
v 0.951637 9.65643 1.58625 
v 0.951637 9.46712 1.84003 
v 0.951637 9.65643 1.84003 
v 0.520438 9.46712 1.84003 
v 0.520438 9.65643 2.14517 
v 0.951637 9.84574 1.84003 
v 0.736038 9.84574 1.58625 
v 0.951637 9.46712 2.14517 
v 1.38284 9.46712 1.71248 
v 0.951637 9.27782 1.84003 
v 1.38284 9.65643 1.84003 
v 1.38284 9.84574 1.58625 
v -1.94188 8.8992 -0.874742 
v -1.94188 8.8992 -1.25335 
v -1.94188 8.52059 -1.25335 
v -1.63556 9.08851 -1.06405 
v -1.63556 8.8992 -1.25336 
v -1.63556 8.8992 -0.874742 
v -1.63556 9.08851 -1.25336 
v -1.63556 9.27782 -0.874742 
v -1.94188 9.27782 -0.874742 
v -1.94188 9.27782 -0.496128 
v -1.63134 8.5418 -2.48731 
v -1.63134 8.5418 -1.21666 
v -1.63134 8.6954 -2.48731 
v -1.47774 8.6954 -2.48731 
v -1.47774 8.5418 -2.9638 
v -1.47774 8.5418 -2.48731 
v -1.63134 8.6954 -1.21666 
v -1.47774 8.849 -2.9638 
v -1.47774 8.849 -1.21666 
v -1.47774 8.6954 -1.21666 
v -1.94188 8.52059 1.6192 
v -1.94188 9.08851 1.20763 
v -1.63556 9.08851 1.6192 
v -1.63556 8.52059 1.6192 
v -1.63556 8.8992 1.71248 
v -1.94188 9.08851 1.6192 
v -1.63556 9.27782 1.20763 
v -1.63556 9.08851 1.20763 
v -1.63556 9.46712 1.71248 
v -1.63556 8.52059 2.05189 
v -1.41996 8.8992 2.05189 
v -1.41996 8.52059 2.05189 
v -1.41996 8.52059 2.14517 
v -1.63556 8.8992 2.05189 
v -1.41996 9.08851 1.84003 
v -1.41996 9.08851 2.14517 
v -1.41996 9.27782 -1.06405 
v -1.41996 9.08851 -1.25336 
v -1.41996 9.08851 -1.06405 
v -1.63556 9.27782 -1.06405 
v -1.63556 9.46712 -0.496128 
v -1.63556 9.27782 -0.874742 
v -1.63556 9.27782 -0.496128 
v -1.63556 9.65643 -0.685435 
v -1.63556 9.65643 -0.874742 
v -1.63556 9.84574 -0.685435 
v -1.63556 9.84574 1.01833 
v -1.41996 9.27782 -1.25336 
v -1.41996 9.65643 -0.874742 
v -1.41996 9.27782 -0.874742 
v -1.41996 9.65643 -1.06405 
v -1.41996 9.84574 -0.685435 
v -1.41996 9.84574 -0.874742 
v -1.41996 9.65643 -0.685435 
v -1.94188 9.27782 1.01833 
v -1.94188 9.46712 -0.496128 
v -1.94188 9.27782 1.20763 
v -1.94188 9.46712 1.01833 
v -1.63556 9.46712 1.01833 
v -1.63556 9.65643 1.01833 
v -1.63556 9.27782 1.01833 
v -1.63556 9.46712 1.39694 
v -1.63556 9.65643 1.39694 
v -1.41996 8.8992 1.71248 
v -1.32415 9.0026 -1.21666 
v -1.32415 9.0026 -2.9638 
v -1.32415 8.849 -2.9638 
v -1.32415 8.849 -1.21666 
v -1.41996 9.46712 1.39694 
v -1.41996 9.46712 1.71248 
v -1.41996 9.65643 1.58625 
v -1.41996 9.65643 1.39694 
v -1.41996 9.65643 1.84003 
v -1.20436 9.46712 -1.06405 
v -1.20436 9.46712 -1.25336 
v -1.20436 9.27782 -1.25336 
v 1.13342 8.6954 -1.21666 
v 1.13342 8.6954 -2.9638 
v 1.13342 8.5418 -2.9638 
v 1.13342 8.5418 -1.21666 
v -1.01695 9.0026 -1.21666 
v -1.01695 9.15619 -2.96197 
v -1.01695 9.0026 -2.9638 
v -1.01695 9.15619 -1.21666 
v -1.20436 9.27782 -1.06405 
v -1.20436 9.27782 2.14517 
v -1.20436 9.27782 1.84003 
v -1.20436 9.08851 1.84003 
v -1.20436 9.08851 2.14517 
v -0.988761 9.46712 2.14517 
v -0.988761 9.27782 1.84003 
v -0.988761 9.27782 2.14517 
v -0.988761 9.46712 1.84003 
v -0.948323 8.8992 2.14517 
v -0.948323 8.52059 2.14517 
v -0.948323 8.8992 2.33448 
v -0.948323 8.52059 2.33448 
v -0.294875 9.08851 2.33448 
v -0.294875 8.8992 2.14517 
v -0.294875 8.8992 2.33448 
v -0.294875 9.08851 2.14517 
v -0.557561 9.65643 2.14517 
v -0.557561 9.65643 1.84003 
v -0.557561 9.46712 1.84003 
v -0.557561 9.46712 2.14517 
v -1.41996 9.84574 1.01833 
v -1.41996 9.65643 1.01833 
v -1.20436 9.84574 -0.874742 
v -1.20436 9.84574 -1.06405 
v -1.20436 9.65643 -1.06405 
v -1.20436 9.65643 -0.874742 
v -1.41996 9.84574 1.01833 
v -1.41996 10.035 -0.496128 
v -1.41996 9.84574 -0.496128 
v -1.20436 10.035 -0.496128 
v -1.20436 10.035 -0.685435 
v -1.20436 9.84574 -0.685435 
v -1.41996 10.035 1.01833 
v -1.20436 9.84574 -0.496128 
v -0.988761 10.035 -0.685435 
v -0.988761 10.035 -0.874742 
v -0.988761 9.84574 -0.874742 
v -0.988761 9.84574 -0.685435 
v -0.988761 10.035 1.01833 
v -0.988761 10.2243 -0.306822 
v -0.988761 10.035 -0.306822 
v -0.224909 10.4415 0.639712 
v -0.224909 10.4415 0.261098 
v -0.224909 10.2243 0.261098 
v -0.224909 10.2243 0.639712 
v -0.988761 10.2243 1.01833 
v -1.41996 9.84574 1.58625 
v -0.988761 9.84574 1.84003 
v -0.988761 9.84574 1.58625 
v -0.988761 9.65643 1.58625 
v -1.20436 10.035 1.39694 
v -1.20436 10.035 1.01833 
v -1.20436 9.84574 1.01833 
v -1.20436 9.84574 1.39694 
v -0.988761 9.65643 1.84003 
v -0.773161 10.035 1.58625 
v -0.773161 10.035 1.39694 
v -0.773161 9.84574 1.39694 
v -0.773161 9.84574 1.58625 
v -0.773161 10.2243 1.20763 
v -0.773161 10.035 1.01832 
v -0.773161 10.035 1.20763 
v -0.773161 10.2243 1.01832 
v -1.94188 8.52059 -1.25335 
v -1.63556 8.52059 1.6192 
v -1.94188 8.52059 1.6192 
v -1.41996 8.52059 2.05189 
v -1.63556 8.52059 2.05189 
v 1.90475 8.52059 -1.25336 
v -0.948323 8.52059 2.14517 
v -1.41996 8.52059 2.14517 
v 0.9112 8.52059 2.14517 
v -0.948323 8.52059 2.33448 
v 1.59844 8.52059 1.6192 
v -1.47774 8.5418 -2.48731 
v -1.47774 8.5418 -2.9638 
v -1.17055 8.5418 -2.9638 
v -1.17055 8.6954 -2.9638 
v 1.13342 8.6954 -2.9638 
v -1.17055 8.6954 -1.21666 
v -1.17055 8.5418 -1.21666 
v -1.63134 8.5418 -1.21666 
v -1.63134 8.5418 -2.48731 
v 0.9112 8.52059 2.33448 
v 1.59844 8.52059 2.05189 
v 1.38284 8.52059 2.05189 
v 1.38284 8.52059 2.14517 
v 1.90475 8.52059 1.6192 
v 1.13342 8.5418 -2.9638 
v 1.44062 8.5418 -2.48731 
v 1.13342 8.5418 -1.21666 
v 1.44062 8.5418 -2.9638 
v 1.59422 8.5418 -1.21666 
v 1.59422 8.5418 -2.48731 
v 1.13342 8.6954 -1.21666 
v -1.47774 8.5418 -2.9638 
v -1.17055 8.6954 -2.9638 
v -1.17055 8.5418 -2.9638 
v -1.63134 8.6954 -2.48731 
v -1.47774 8.5418 -2.48731 
v -1.63134 8.5418 -2.48731 
v -1.47774 8.6954 -2.48731 
v -1.32415 8.849 -2.9638 
v -1.47774 8.849 -2.9638 
v -1.32415 9.0026 -2.9638 
v -1.01695 9.0026 -2.9638 
v -1.41996 9.08851 -1.25336 
v 1.90475 8.52059 -1.25336 
v -1.94188 8.52059 -1.25335 
v 0.979826 9.0026 -2.9638 
v 0.979826 9.15619 -2.96197 
v -1.01695 9.15619 -2.96197 
v -1.63556 8.8992 -1.25336 
v -1.63556 9.08851 -1.25336 
v -1.94188 8.8992 -1.25335 
v -1.94188 8.8992 -0.874742 
v -1.63556 9.27782 -0.874742 
v -1.63556 8.8992 -0.874742 
v -1.94188 9.27782 -0.874742 
v -1.41996 9.27782 -1.06405 
v -1.63556 9.08851 -1.06405 
v -1.63556 9.27782 -1.06405 
v -1.41996 9.27782 -1.25336 
v -1.20436 9.27782 -1.25336 
v -1.41996 9.08851 -1.06405 
v 1.16724 9.27782 -1.25336 
v -1.20436 9.46712 -1.06405 
v -1.20436 9.27782 -1.06405 
v -1.20436 9.46712 -1.25336 
v -1.41996 9.65643 -1.06405 
v -1.41996 9.65643 -0.874742 
v -1.41996 9.27782 -0.874742 
v -1.63556 9.65643 -0.874742 
v -1.20436 9.84574 -0.874742 
v -1.41996 9.84574 -0.874742 
v -1.20436 9.65643 -1.06405 
v 1.16724 9.46712 -1.06405 
v -1.20436 9.65643 -0.874742 
v 1.16724 9.84574 -1.06405 
v -1.20436 9.84574 -1.06405 
v -0.988761 10.035 -0.874742 
v 0.951637 9.84574 -0.874742 
v -0.988761 9.84574 -0.874742 
v -1.63556 9.65643 -0.685435 
v -1.41996 9.84574 -0.685435 
v -1.41996 9.65643 -0.685435 
v -1.94188 9.27782 -0.496128 
v -1.63556 9.46712 -0.496128 
v -1.63556 9.27782 -0.496128 
v -1.94188 9.46712 -0.496128 
v -1.63556 9.84574 -0.685435 
v -1.20436 10.035 -0.496128 
v -1.41996 9.84574 -0.496128 
v -1.41996 10.035 -0.496128 
v -1.20436 9.84574 -0.496128 
v -1.20436 9.84574 -0.685435 
v -0.988761 10.035 -0.685435 
v -0.988761 9.84574 -0.685435 
v -1.20436 10.035 -0.685435 
v -0.988761 10.2243 -0.306822 
v 0.951637 10.035 -0.306822 
v -0.988761 10.035 -0.306822 
v -0.224909 10.4415 0.261098 
v 0.187786 10.2243 0.261098 
v -0.224909 10.2243 0.261098 
v 0.187786 10.4415 0.261098 
v 1.13342 8.6954 -2.9638 
v 1.28702 8.849 -2.9638 
v 1.28702 9.0026 -2.9638 
v 1.44062 8.5418 -2.9638 
v 1.13342 8.5418 -2.9638 
v 1.44062 8.5418 -2.48731 
v 1.59422 8.6954 -2.48731 
v 1.59422 8.5418 -2.48731 
v 1.44062 8.6954 -2.48731 
v 1.44062 8.849 -2.9638 
v 1.38284 9.08851 -1.25336 
v 1.59844 8.8992 -1.25336 
v 1.38284 9.27782 -1.06405 
v 1.59844 9.08851 -1.06405 
v 1.38284 9.08851 -1.06405 
v 1.38284 9.27782 -1.25336 
v 1.59844 9.08851 -1.25336 
v 1.90475 8.8992 -1.25336 
v 1.59844 9.27782 -0.874742 
v 1.90475 8.8992 -0.874742 
v 1.59844 8.8992 -0.874742 
v 1.90475 9.27782 -0.874742 
v 1.59844 9.27782 -1.06405 
v 1.16724 9.27782 -1.06405 
v 1.16724 9.46712 -1.25336 
v 1.16724 9.65643 -1.06405 
v 1.38284 9.65643 -1.06405 
v 1.16724 9.84574 -0.874742 
v 1.38284 9.65643 -0.874742 
v 1.16724 9.65643 -0.874742 
v 1.38284 9.27782 -0.874742 
v 1.59844 9.65643 -0.874742 
v 1.38284 9.84574 -0.874742 
v 0.951637 10.035 -0.874742 
v 0.951637 10.035 -0.685435 
v 1.16724 9.84574 -0.685435 
v 0.951637 9.84574 -0.685435 
v 1.16724 10.035 -0.496128 
v 1.38284 9.84574 -0.496128 
v 1.16724 9.84574 -0.496128 
v 1.16724 10.035 -0.685435 
v 0.951637 10.2243 -0.306822 
v 1.38284 10.035 -0.496128 
v 1.59844 9.46712 -0.496128 
v 1.90475 9.27782 -0.496128 
v 1.59844 9.27782 -0.496128 
v 1.90475 9.46712 -0.496128 
v 1.38284 9.84574 -0.685435 
v 1.59844 9.65643 -0.685435 
v 1.38284 9.65643 -0.685435 
v 1.59844 9.84574 -0.685435 

vn 1 0 0 
vn 1 0 0 
vn 1 0 0 
vn 1 0 0 
vn 1 0 0 
vn 1 0 0 
vn 1 0 0 
vn 1 0 0 
vn 1 0 0 
vn 1 0 0 
vn 1 0 0 
vn 1 0 0 
vn 1 0 0 
vn 1 0 0 
vn 1 0 0 
vn 1 0 0 
vn 1 0 0 
vn 1 0 0 
vn 1 0 0 
vn 1 0 0 
vn 1 0 0 
vn 1 0 0 
vn 1 0 0 
vn 1 0 0 
vn 1 0 0 
vn 1 0 0 
vn 1 0 0 
vn 1 0 0 
vn 1 0 0 
vn 1 0 0 
vn 1 0 0 
vn 1 0 0 
vn 1 0 0 
vn 1 0 0 
vn 1 0 0 
vn 1 0 0 
vn 1 0 0 
vn 1 0 0 
vn 1 0 0 
vn 1 0 0 
vn 1 0 0 
vn 1 0 0 
vn 1 0 0 
vn 1 0 0 
vn 1 0 0 
vn 1 0 0 
vn 1 0 0 
vn 1 0 0 
vn 1 0 0 
vn 1 0 0 
vn 1 0 0 
vn 1 0 0 
vn 1 0 0 
vn 1 0 0 
vn 1 0 0 
vn 1 0 0 
vn 1 0 0 
vn 1 0 0 
vn 1 0 0 
vn 1 0 0 
vn 1 0 0 
vn 1 0 0 
vn 1 0 0 
vn 1 0 0 
vn 1 0 0 
vn 1 0 0 
vn 1 0 0 
vn 1 0 0 
vn 1 0 0 
vn 1 0 0 
vn 1 0 0 
vn 1 0 0 
vn 1 0 0 
vn 1 0 0 
vn 1 0 0 
vn 1 0 0 
vn 1 0 0 
vn 1 0 0 
vn 1 0 0 
vn 1 0 0 
vn 1 0 0 
vn 1 0 0 
vn 1 0 0 
vn 1 0 0 
vn 1 0 0 
vn 1 0 0 
vn 1 0 0 
vn 1 0 0 
vn 1 0 0 
vn 1 0 0 
vn 1 0 0 
vn 1 0 0 
vn 1 0 0 
vn 1 0 0 
vn 1 0 0 
vn 1 0 0 
vn 1 0 0 
vn 1 0 0 
vn 1 0 0 
vn 1 0 0 
vn 1 0 0 
vn 1 0 0 
vn 1 0 0 
vn 1 0 0 
vn 1 0 0 
vn 1 0 0 
vn 1 0 0 
vn 1 0 0 
vn 1 0 0 
vn 1 0 0 
vn 1 0 0 
vn 1 0 0 
vn 1 0 0 
vn 1 0 0 
vn 1 0 0 
vn 1 0 0 
vn 1 0 0 
vn 1 0 0 
vn 1 0 0 
vn 1 0 0 
vn 1 0 0 
vn 1 0 0 
vn 1 0 0 
vn 1 0 0 
vn 1 0 0 
vn 1 0 0 
vn 1 0 0 
vn 1 0 0 
vn 1 0 0 
vn 1 0 0 
vn 1 0 0 
vn 1 0 0 
vn 1 0 0 
vn 1 0 0 
vn 1 0 0 
vn 1 0 0 
vn 1 0 0 
vn 1 0 0 
vn 1 0 0 
vn 1 0 0 
vn 1 0 0 
vn 1 0 0 
vn 1 0 0 
vn 1 0 0 
vn 1 0 0 
vn 1 0 0 
vn 1 0 0 
vn 1 0 0 
vn 1 0 0 
vn 1 0 0 
vn 0 1 0 
vn 0 1 0 
vn 0 1 0 
vn 0 1 0 
vn 0 1 0 
vn 0 1 0 
vn 0 1 0 
vn 0 1 0 
vn 0 1 0 
vn 0 1 0 
vn 0 1 0 
vn 0 1 0 
vn 0 1 0 
vn 0 1 0 
vn 0 1 0 
vn 0 1 0 
vn 0 1 0 
vn 0 1 0 
vn 0 1 0 
vn 0 1 0 
vn 0 1 0 
vn 0 1 0 
vn 0 1 0 
vn 0 1 0 
vn 0 1 0 
vn 0 1 0 
vn 0 1 0 
vn 0 1 0 
vn 0 1 0 
vn 0 1 0 
vn 0 1 0 
vn 0 1 0 
vn 0 1 0 
vn 0 1 0 
vn 0 1 0 
vn 0 1 0 
vn 0 1 0 
vn 0 1 0 
vn 0 1 0 
vn 0 1 0 
vn 0 1 0 
vn 0 1 0 
vn 0 1 0 
vn 0 1 0 
vn 0 1 0 
vn 0 1 0 
vn 0 1 0 
vn 0 1 0 
vn 0 1 0 
vn 0 1 0 
vn 0 1 0 
vn 0 1 0 
vn 0 1 0 
vn 0 1 0 
vn 0 1 0 
vn 0 1 0 
vn 0 1 0 
vn 0 1 0 
vn 0 1 0 
vn 0 1 0 
vn 0 1 0 
vn 0 1 0 
vn 0 1 0 
vn 0 1 0 
vn 0 1 0 
vn 0 1 0 
vn 0 1 0 
vn 0 1 0 
vn 0 1 0 
vn 0 1 0 
vn 0 1 0 
vn 0 1 0 
vn 0 1 0 
vn 0 1 0 
vn 0 1 0 
vn 0 1 0 
vn 0 1 0 
vn 0 1 0 
vn 0 1 0 
vn 0 1 0 
vn 0 1 0 
vn 0 1 0 
vn 0 1 0 
vn 0 1 0 
vn 0 1 0 
vn 0 1 0 
vn 0 1 0 
vn 0 1 0 
vn 0 1 0 
vn 0 1 0 
vn 0 1 0 
vn 0 1 0 
vn 0 1 0 
vn 0 1 0 
vn 0 1 0 
vn 0 1 0 
vn 0 1 0 
vn 0 1 0 
vn 0 1 0 
vn 0 1 0 
vn 0 1 0 
vn 0 1 0 
vn 0 1 0 
vn 0 1 0 
vn 0 1 0 
vn 0 1 0 
vn 0 1 0 
vn 0 1 0 
vn 0 1 0 
vn 0 1 0 
vn 0 1 0 
vn 0 1 0 
vn 0 1 0 
vn 0 1 0 
vn 0 1 0 
vn 0 1 0 
vn 0 1 0 
vn 0 1 0 
vn 0 1 0 
vn 0 1 0 
vn 0 1 0 
vn 0 1 0 
vn 0 1 0 
vn 0 1 0 
vn 0 1 0 
vn 0 1 0 
vn 0 1 0 
vn 0 1 0 
vn 0 1 0 
vn 0 1 0 
vn 0 1 0 
vn 0 1 0 
vn 0 1 0 
vn 0 1 0 
vn 0 1 0 
vn 0 1 0 
vn 0 1 0 
vn 0 1 0 
vn 0 1 0 
vn 0 1 0 
vn 0 1 0 
vn 0 1 0 
vn 0 1 0 
vn 0 1 0 
vn 0 1 0 
vn 0 1 0 
vn 0 1 0 
vn 0 1 0 
vn 0 1 0 
vn 0 1 0 
vn 0 1 0 
vn 0 1 0 
vn 0 1 0 
vn 0 1 0 
vn 0 1 0 
vn 0 1 0 
vn 0 1 0 
vn 0 1 0 
vn 0 1 0 
vn 0 1 0 
vn 0 1 0 
vn 0 1 0 
vn 0 1 0 
vn 0 1 0 
vn 0 1 0 
vn 0 1 0 
vn 0 1 0 
vn 0 1 0 
vn 0 1 0 
vn 0 1 0 
vn 0 1 0 
vn 0 1 0 
vn 0 1 0 
vn 0 1 0 
vn 0 1 0 
vn 0 1 0 
vn 0 1 0 
vn 0 1 0 
vn 0 1 0 
vn 0 1 0 
vn 0 1 0 
vn 0 1 0 
vn 0 1 0 
vn 0 1 0 
vn 0 1 0 
vn 0 1 0 
vn 0 1 0 
vn 0 1 0 
vn 0 1 0 
vn 0 1 0 
vn 0 1 0 
vn 0 1 0 
vn 0 1 0 
vn 0 1 0 
vn 0 1 0 
vn 0 1 0 
vn 0 1 0 
vn 0 1 0 
vn 0 1 0 
vn 0 1 0 
vn 0 1 0 
vn 0 1 0 
vn 0 1 0 
vn 0 1 0 
vn 0 1 0 
vn 0 1 0 
vn 0 1 0 
vn 0 1 0 
vn 0 1 0 
vn 0 1 0 
vn 0 1 0 
vn 0 1 0 
vn 0 1 0 
vn 0 1 0 
vn 0 1 0 
vn 0 1 0 
vn 0 1 0 
vn 0 1 0 
vn 0 1 0 
vn 0 1 0 
vn 0 1 0 
vn 0 1 0 
vn 0 1 0 
vn 0 1 0 
vn 0 1 0 
vn 0 1 0 
vn 0 1 0 
vn 0 1 0 
vn 0 1 0 
vn 0 1 0 
vn 0 1 0 
vn 0 1 0 
vn 0 1 0 
vn 0 1 0 
vn 0 1 0 
vn 0 1 0 
vn 0 1 0 
vn 0 1 0 
vn 0 1 0 
vn 0 1 0 
vn 0 1 0 
vn 0 1 0 
vn 0 1 0 
vn 0 1 0 
vn 0 1 0 
vn 0 1 0 
vn 0 1 0 
vn 0 1 0 
vn 0 1 0 
vn 0 1 0 
vn 0 1 0 
vn 0 1 0 
vn 0 1 0 
vn 0 1 0 
vn 0 1 0 
vn 0 1 0 
vn 0 1 0 
vn 0 1 0 
vn 0 1 0 
vn 0 1 0 
vn 0 1 0 
vn 0 1 0 
vn 0 1 0 
vn 0 1 0 
vn 0 1 0 
vn 0 1 0 
vn 0 1 0 
vn 0 1 0 
vn 0 1 0 
vn 0 1 0 
vn 0 1 0 
vn 0 0 1 
vn 0 0 1 
vn 0 0 1 
vn 0 0 1 
vn 0 0 1 
vn 0 0 1 
vn 0 0 1 
vn 0 0 1 
vn 0 0 1 
vn 0 0 1 
vn 0 0 1 
vn 0 0 1 
vn 0 0 1 
vn 0 0 1 
vn 0 0 1 
vn 0 0 1 
vn 0 0 1 
vn 0 0 1 
vn 0 0 1 
vn 0 0 1 
vn 0 0 1 
vn 0 0 1 
vn 0 0 1 
vn 0 0 1 
vn 0 0 1 
vn 0 0 1 
vn 0 0 1 
vn 0 0 1 
vn 0 0 1 
vn 0 0 1 
vn 0 0 1 
vn 0 0 1 
vn 0 0 1 
vn 0 0 1 
vn 0 0 1 
vn 0 0 1 
vn 0 0 1 
vn 0 0 1 
vn 0 0 1 
vn 0 0 1 
vn 0 0 1 
vn 0 0 1 
vn 0 0 1 
vn 0 0 1 
vn 0 0 1 
vn 0 0 1 
vn 0 0 1 
vn 0 0 1 
vn 0 0 1 
vn 0 0 1 
vn 0 0 1 
vn 0 0 1 
vn 0 0 1 
vn 0 0 1 
vn 0 0 1 
vn 0 0 1 
vn 0 0 1 
vn 0 0 1 
vn 0 0 1 
vn 0 0 1 
vn 0 0 1 
vn 0 0 1 
vn 0 0 1 
vn 0 0 1 
vn 0 0 1 
vn 0 0 1 
vn 0 0 1 
vn 0 0 1 
vn 0 0 1 
vn 0 0 1 
vn 0 0 1 
vn 0 0 1 
vn 0 0 1 
vn 0 0 1 
vn 0 0 1 
vn 0 0 1 
vn 0 0 1 
vn 0 0 1 
vn 0 0 1 
vn 0 0 1 
vn 0 0 1 
vn 0 0 1 
vn 0 0 1 
vn 0 0 1 
vn 0 0 1 
vn 0 0 1 
vn 0 0 1 
vn 0 0 1 
vn 0 0 1 
vn 0 0 1 
vn 0 0 1 
vn 0 0 1 
vn 0 0 1 
vn 0 0 1 
vn 0 0 1 
vn 0 0 1 
vn 0 0 1 
vn 0 0 1 
vn 0 0 1 
vn 0 0 1 
vn 0 0 1 
vn 0 0 1 
vn 0 0 1 
vn 0 0 1 
vn 0 0 1 
vn 0 0 1 
vn 0 0 1 
vn 0 0 1 
vn 0 0 1 
vn 0 0 1 
vn 0 0 1 
vn 0 0 1 
vn 0 0 1 
vn 0 0 1 
vn 0 0 1 
vn 0 0 1 
vn 0 0 1 
vn 0 0 1 
vn 0 0 1 
vn 0 0 1 
vn 0 0 1 
vn 0 0 1 
vn 0 0 1 
vn 0 0 1 
vn 0 0 1 
vn 0 0 1 
vn 0 0 1 
vn 0 0 1 
vn 0 0 1 
vn 0 0 1 
vn 0 0 1 
vn 0 0 1 
vn 0 0 1 
vn 0 0 1 
vn 0 0 1 
vn 0 0 1 
vn 0 0 1 
vn 0 0 1 
vn 0 0 1 
vn 0 0 1 
vn 0 0 1 
vn 0 0 1 
vn 0 0 1 
vn 0 0 1 
vn 0 0 1 
vn 0 0 1 
vn 0 0 1 
vn 0 0 1 
vn 0 0 1 
vn 0 0 1 
vn 0 0 1 
vn 0 0 1 
vn 0 0 1 
vn 0 0 1 
vn 0 0 1 
vn 0 0 1 
vn 0 0 1 
vn 0 0 1 
vn 0 0 1 
vn 0 0 1 
vn 0 0 1 
vn 0 0 1 
vn 0 0 1 
vn 0 0 1 
vn 0 0 1 
vn 0 0 1 
vn 0 0 1 
vn 0 0 1 
vn 0 0 1 
vn 0 0 1 
vn 0 0 1 
vn 0 0 1 
vn -1 0 0 
vn -1 0 0 
vn -1 0 0 
vn -1 0 0 
vn -1 0 0 
vn -1 0 0 
vn -1 0 0 
vn -1 0 0 
vn -1 0 0 
vn -1 0 0 
vn -1 0 0 
vn -1 0 0 
vn -1 0 0 
vn -1 0 0 
vn -1 0 0 
vn -1 0 0 
vn -1 0 0 
vn -1 0 0 
vn -1 0 0 
vn -1 0 0 
vn -1 0 0 
vn -1 0 0 
vn -1 0 0 
vn -1 0 0 
vn -1 0 0 
vn -1 0 0 
vn -1 0 0 
vn -1 0 0 
vn -1 0 0 
vn -1 0 0 
vn -1 0 0 
vn -1 0 0 
vn -1 0 0 
vn -1 0 0 
vn -1 0 0 
vn -1 0 0 
vn -1 0 0 
vn -1 0 0 
vn -1 0 0 
vn -1 0 0 
vn -1 0 0 
vn -1 0 0 
vn -1 0 0 
vn -1 0 0 
vn -1 0 0 
vn -1 0 0 
vn -1 0 0 
vn -1 0 0 
vn -1 0 0 
vn -1 0 0 
vn -1 0 0 
vn -1 0 0 
vn -1 0 0 
vn -1 0 0 
vn -1 0 0 
vn -1 0 0 
vn -1 0 0 
vn -1 0 0 
vn -1 0 0 
vn -1 0 0 
vn -1 0 0 
vn -1 0 0 
vn -1 0 0 
vn -1 0 0 
vn -1 0 0 
vn -1 0 0 
vn -1 0 0 
vn -1 0 0 
vn -1 0 0 
vn -1 0 0 
vn -1 0 0 
vn -1 0 0 
vn -1 0 0 
vn -1 0 0 
vn -1 0 0 
vn -1 0 0 
vn -1 0 0 
vn -1 0 0 
vn -1 0 0 
vn -1 0 0 
vn -1 0 0 
vn -1 0 0 
vn -1 0 0 
vn -1 0 0 
vn -1 0 0 
vn -1 0 0 
vn -1 0 0 
vn -1 0 0 
vn -1 0 0 
vn -1 0 0 
vn -1 0 0 
vn -1 0 0 
vn -1 0 0 
vn -1 0 0 
vn -1 0 0 
vn -1 0 0 
vn -1 0 0 
vn -1 0 0 
vn -1 0 0 
vn -1 0 0 
vn -1 0 0 
vn -1 0 0 
vn -1 0 0 
vn -1 0 0 
vn -1 0 0 
vn -1 0 0 
vn -1 0 0 
vn -1 0 0 
vn -1 0 0 
vn -1 0 0 
vn -1 0 0 
vn -1 0 0 
vn -1 0 0 
vn -1 0 0 
vn -1 0 0 
vn -1 0 0 
vn -1 0 0 
vn -1 0 0 
vn -1 0 0 
vn -1 0 0 
vn -1 0 0 
vn -1 0 0 
vn -1 0 0 
vn -1 0 0 
vn -1 0 0 
vn -1 0 0 
vn -1 0 0 
vn -1 0 0 
vn -1 0 0 
vn -1 0 0 
vn -1 0 0 
vn -1 0 0 
vn -1 0 0 
vn -1 0 0 
vn -1 0 0 
vn -1 0 0 
vn -1 0 0 
vn -1 0 0 
vn -1 0 0 
vn -1 0 0 
vn -1 0 0 
vn -1 0 0 
vn -1 0 0 
vn -1 0 0 
vn -1 0 0 
vn -1 0 0 
vn -1 0 0 
vn -1 0 0 
vn 0 -1 0 
vn 0 -1 0 
vn 0 -1 0 
vn 0 -1 0 
vn 0 -1 0 
vn 0 -1 0 
vn 0 -1 0 
vn 0 -1 0 
vn 0 -1 0 
vn 0 -1 0 
vn 0 -1 0 
vn 0 -1 0 
vn 0 -1 0 
vn 0 -1 0 
vn 0 -1 0 
vn 0 -1 0 
vn 0 -1 0 
vn 0 -1 0 
vn 0 -1 0 
vn 0 -1 0 
vn 0 -1 0 
vn 0 -1 0 
vn 0 -1 0 
vn 0 -1 0 
vn 0 -1 0 
vn 0 -1 0 
vn 0 -1 0 
vn 0 -1 0 
vn 0 -1 0 
vn 0 -1 0 
vn 0 -1 0 
vn 0 -1 0 
vn 0 0 -1 
vn 0 0 -1 
vn 0 0 -1 
vn 0 0 -1 
vn 0 0 -1 
vn 0 0 -1 
vn 0 0 -1 
vn 0 0 -1 
vn 0 0 -1 
vn 0 0 -1 
vn 0 0 -1 
vn 0 0 -1 
vn 0 0 -1 
vn 0 0 -1 
vn 0 0 -1 
vn 0 0 -1 
vn 0 0 -1 
vn 0 0 -1 
vn 0 0 -1 
vn 0 0 -1 
vn 0 0 -1 
vn 0 0 -1 
vn 0 0 -1 
vn 0 0 -1 
vn 0 0 -1 
vn 0 0 -1 
vn 0 0 -1 
vn 0 0 -1 
vn 0 0 -1 
vn 0 0 -1 
vn 0 0 -1 
vn 0 0 -1 
vn 0 0 -1 
vn 0 0 -1 
vn 0 0 -1 
vn 0 0 -1 
vn 0 0 -1 
vn 0 0 -1 
vn 0 0 -1 
vn 0 0 -1 
vn 0 0 -1 
vn 0 0 -1 
vn 0 0 -1 
vn 0 0 -1 
vn 0 0 -1 
vn 0 0 -1 
vn 0 0 -1 
vn 0 0 -1 
vn 0 0 -1 
vn 0 0 -1 
vn 0 0 -1 
vn 0 0 -1 
vn 0 0 -1 
vn 0 0 -1 
vn 0 0 -1 
vn 0 0 -1 
vn 0 0 -1 
vn 0 0 -1 
vn 0 0 -1 
vn 0 0 -1 
vn 0 0 -1 
vn 0 0 -1 
vn 0 0 -1 
vn 0 0 -1 
vn 0 0 -1 
vn 0 0 -1 
vn 0 0 -1 
vn 0 0 -1 
vn 0 0 -1 
vn 0 0 -1 
vn 0 0 -1 
vn 0 0 -1 
vn 0 0 -1 
vn 0 0 -1 
vn 0 0 -1 
vn 0 0 -1 
vn 0 0 -1 
vn 0 0 -1 
vn 0 0 -1 
vn 0 0 -1 
vn 0 0 -1 
vn 0 0 -1 
vn 0 0 -1 
vn 0 0 -1 
vn 0 0 -1 
vn 0 0 -1 
vn 0 0 -1 
vn 0 0 -1 
vn 0 0 -1 
vn 0 0 -1 
vn 0 0 -1 
vn 0 0 -1 
vn 0 0 -1 
vn 0 0 -1 
vn 0 0 -1 
vn 0 0 -1 
vn 0 0 -1 
vn 0 0 -1 
vn 0 0 -1 
vn 0 0 -1 
vn 0 0 -1 
vn 0 0 -1 
vn 0 0 -1 
vn 0 0 -1 
vn 0 0 -1 
vn 0 0 -1 
vn 0 0 -1 
vn 0 0 -1 
vn 0 0 -1 
vn 0 0 -1 
vn 0 0 -1 
vn 0 0 -1 
vn 0 0 -1 
vn 0 0 -1 
vn 0 0 -1 
vn 0 0 -1 
vn 0 0 -1 
vn 0 0 -1 
vn 0 0 -1 
vn 0 0 -1 
vn 0 0 -1 
vn 0 0 -1 

vt 48.3311 -3.0982 
vt 48.1128 -3.1174 
vt 48.3311 -3.1174 
vt 48.3309 -3.0406 
vt 48.1128 -3.0598 
vt 48.3311 -3.0598 
vt 48.1128 -3.0982 
vt 48.1128 -3.0406 
vt 48.0937 -3.00174 
vt 48.1173 -3.0254 
vt 48.1173 -3.00174 
vt 48.0937 -3.0254 
vt 48.3311 -3.0598 
vt 48.1128 -3.079 
vt 48.3311 -3.079 
vt 48.1128 -3.0598 
vt 47.7466 -3.07273 
vt 47.7466 -3.00174 
vt 47.7307 -3.04907 
vt 48.1173 -3.04907 
vt 48.0937 -3.0254 
vt 48.0937 -3.04907 
vt 48.1173 -3.0254 
vt 48.07 -2.97808 
vt 48.07 -3.0254 
vt 47.7042 -3.07273 
vt 47.6689 -3.07273 
vt 47.6925 -3.12006 
vt 47.6925 -3.07273 
vt 47.6689 -3.12006 
vt 47.6925 -3.07273 
vt 47.6689 -3.04907 
vt 47.6689 -3.07273 
vt 47.7307 -3.00174 
vt 47.6925 -2.97808 
vt 47.6925 -3.00174 
vt 47.6925 -3.04907 
vt 47.6925 -3.00174 
vt 47.7307 -3.0254 
vt 47.7307 -3.00174 
vt 47.6925 -3.04907 
vt 47.6925 -3.12006 
vt 47.7307 -3.04907 
vt 47.6925 -3.0254 
vt 47.6925 -3.04907 
vt 47.7307 -3.0254 
vt 47.6925 -3.0254 
vt 48.0937 -2.97808 
vt 48.0463 -2.93075 
vt 48.07 -2.95441 
vt 48.07 -2.93075 
vt 48.0463 -2.95441 
vt 47.999 -2.90708 
vt 47.9044 -2.93075 
vt 47.999 -2.93075 
vt 47.928 -2.87994 
vt 47.9044 -2.90708 
vt 47.928 -2.90708 
vt 47.8334 -2.90708 
vt 48.07 -2.95441 
vt 48.0937 -2.97808 
vt 48.0937 -2.95441 
vt 48.07 -2.97808 
vt 48.0463 -2.95441 
vt 48.0463 -2.97808 
vt 48.07 -2.95441 
vt 48.0227 -2.93075 
vt 48.0463 -2.95441 
vt 48.0463 -2.93075 
vt 48.0227 -2.95441 
vt 47.8807 -2.87994 
vt 47.7624 -2.93075 
vt 47.786 -2.95441 
vt 47.786 -2.93075 
vt 47.7307 -2.97808 
vt 47.8334 -2.93075 
vt 47.8097 -2.90708 
vt 47.8097 -2.93075 
vt 47.8807 -2.90708 
vt 47.8334 -2.90708 
vt 47.7624 -2.95441 
vt 47.7307 -2.95441 
vt 47.7624 -2.97808 
vt 47.7624 -2.95441 
vt 47.7307 -2.97808 
vt 47.8334 -2.95441 
vt 47.786 -2.93075 
vt 47.786 -2.95441 
vt 47.8334 -2.93075 
vt 47.8334 -2.93075 
vt 47.7042 -3.12006 
vt 48.2716 -3.0982 
vt 48.2716 -3.1174 
vt 48.3311 -3.1174 
vt 48.2716 -3.0982 
vt 48.1128 -3.1174 
vt 48.2716 -3.1174 
vt 48.1128 -3.0982 
vt 48.3311 -3.079 
vt 48.1128 -3.079 
vt 48.1128 -3.0982 
vt 48.0937 -3.04907 
vt 48.1173 -3.07273 
vt 48.1173 -3.04907 
vt 48.1173 -3.07273 
vt 48.07 -3.07273 
vt 48.1173 -3.12006 
vt 48.07 -3.07273 
vt 48.07 -3.0254 
vt 48.0937 -3.0254 
vt 48.07 -3.0254 
vt 48.0227 -3.0254 
vt 47.7583 -3.12006 
vt 47.7583 -3.12006 
vt 47.7583 -3.04907 
vt 47.7466 -3.07273 
vt 47.7042 -3.12006 
vt 47.7466 -3.00174 
vt 47.8097 -3.04907 
vt 47.8097 -3.0254 
vt 47.786 -3.00174 
vt 47.7042 -3.07273 
vt 47.8097 -3.04907 
vt 47.7583 -3.04907 
vt 47.8334 -3.0254 
vt 47.8097 -3.0254 
vt 47.8334 -3.00174 
vt 48.0463 -2.97808 
vt 48.07 -2.97808 
vt 48.0227 -3.00174 
vt 47.8334 -2.95441 
vt 48.0227 -2.95441 
vt 47.8807 -2.93075 
vt 48.0227 -2.93075 
vt 47.8334 -2.93075 
vt 48.0227 -3.0254 
vt 48.0227 -3.00174 
vt 47.8334 -3.00174 
vt 47.8334 -2.97808 
vt 48.0463 -2.95441 
vt 47.8334 -2.95441 
vt 47.8334 -3.0254 
vt 47.786 -2.97808 
vt 47.7624 -2.97808 
vt 47.786 -3.00174 
vt 47.8334 -2.95441 
vt 47.8334 -2.97808 
vt 47.7624 -2.95441 
vt 47.7307 -2.97808 
vt 47.786 -2.97808 
vt 48.1824 -3.11275 
vt 48.2016 -3.27158 
vt 48.2016 -3.11275 
vt 48.1824 -3.27158 
vt 48.2021 -3.09367 
vt 48.1752 -3.11734 
vt 48.2021 -3.11734 
vt 48.2021 -3.07001 
vt 48.2404 -3.11734 
vt 48.2404 -3.07001 
vt 48.2021 -3.11734 
vt 48.1752 -3.09367 
vt 48.2021 -3.07001 
vt 48.1752 -3.09367 
vt 48.2021 -3.09367 
vt 48.1752 -3.07001 
vt 48.2021 -3.04635 
vt 48.1752 -3.07001 
vt 48.2021 -3.07001 
vt 48.2404 -3.07001 
vt 48.2021 -3.02268 
vt 48.1752 -3.04635 
vt 48.1632 -3.11275 
vt 48.1632 -3.33114 
vt 48.1824 -3.33114 
vt 48.1632 -3.11275 
vt 48.1248 -3.33114 
vt 48.1632 -3.33114 
vt 48.1248 -3.11275 
vt 47.8752 -3.33091 
vt 48.1248 -3.33091 
vt 48.1824 -3.11275 
vt 48.1248 -3.11275 
vt 48.1482 -3.11734 
vt 48.1752 -3.11734 
vt 48.1482 -3.09367 
vt 47.8518 -3.09367 
vt 48.1482 -3.11734 
vt 48.1482 -3.09367 
vt 48.1482 -3.09367 
vt 48.1752 -3.09367 
vt 48.1482 -3.07001 
vt 48.2404 -3.02268 
vt 48.2404 -2.80971 
vt 48.2021 -2.83338 
vt 48.2404 -2.83338 
vt 48.2021 -2.80971 
vt 48.2404 -2.75827 
vt 48.2021 -2.80971 
vt 48.2404 -2.80971 
vt 48.2021 -2.75827 
vt 48.2021 -2.70418 
vt 48.1752 -2.74661 
vt 48.2021 -2.74661 
vt 48.2404 -3.02268 
vt 48.2404 -2.83338 
vt 48.2021 -3.02268 
vt 48.2021 -2.83338 
vt 48.1752 -2.78605 
vt 48.1752 -2.83338 
vt 48.2021 -2.83338 
vt 48.2021 -2.74661 
vt 48.1752 -2.78605 
vt 48.2021 -2.78605 
vt 48.1752 -2.74661 
vt 48.1752 -2.70418 
vt 48.1752 -2.69252 
vt 48.1482 -2.73066 
vt 48.1752 -2.73066 
vt 48.1482 -2.69252 
vt 48.1162 -2.66886 
vt 48.0345 -2.69252 
vt 48.1162 -2.69252 
vt 48.0345 -2.66886 
vt 47.9655 -2.66886 
vt 48.0345 -2.69252 
vt 48.0345 -2.66886 
vt 48.1482 -2.69252 
vt 48.1213 -2.73066 
vt 48.1482 -2.73066 
vt 48.1752 -2.73066 
vt 48.1213 -2.76239 
vt 48.1752 -2.76239 
vt 48.1213 -2.69252 
vt 48.0674 -2.73066 
vt 48.1213 -2.73066 
vt 48.1213 -2.69252 
vt 48.0674 -2.69252 
vt 48.2021 -2.78605 
vt 48.2021 -3.04635 
vt 48.1752 -3.02268 
vt 48.1752 -3.04635 
vt 48.1482 -3.07001 
vt 48.1752 -3.07001 
vt 48.1482 -3.02268 
vt 48.2021 -2.83338 
vt 48.1752 -2.83338 
vt 48.1482 -3.04635 
vt 48.1482 -3.04635 
vt 48.1482 -3.02268 
vt 48.1213 -3.04635 
vt 48.1752 -3.02268 
vt 48.1213 -2.99902 
vt 48.1752 -2.83338 
vt 48.1213 -3.04635 
vt 48.1213 -3.07001 
vt 48.1482 -3.09367 
vt 47.8518 -3.09367 
vt 47.8787 -3.04635 
vt 48.1213 -3.07001 
vt 47.9742 -2.92803 
vt 48.1213 -2.99902 
vt 48.0258 -2.92803 
vt 47.8787 -2.99902 
vt 48.1213 -2.83338 
vt 48.0258 -2.8807 
vt 47.9742 -2.92803 
vt 48.0258 -2.92803 
vt 48.1482 -2.83338 
vt 48.1213 -2.83338 
vt 48.1482 -2.78605 
vt 48.1752 -2.83338 
vt 48.1752 -2.76239 
vt 48.1482 -2.83338 
vt 48.1213 -2.76239 
vt 48.0943 -2.78605 
vt 48.1213 -2.73066 
vt 48.1213 -2.73066 
vt 48.0943 -2.76239 
vt 48.1482 -2.78605 
vt 48.0943 -2.80971 
vt 48.0943 -2.78605 
vt 48.0943 -2.83338 
vt 47.9057 -2.80971 
vt 47.9057 -2.76239 
vt 48.0943 -2.76239 
vt 47.9057 -2.76239 
vt 47.9326 -2.69252 
vt 48.0674 -2.73066 
vt 48.0674 -2.69252 
vt 48.0943 -2.83338 
vt 48.0258 -2.8807 
vt 47.9865 -2.80971 
vt 47.9742 -2.8807 
vt 48.0943 -2.80971 
vt 47.9742 -2.8807 
vt 47.8752 -3.11275 
vt 47.8368 -3.33114 
vt 47.8752 -3.33114 
vt 47.8176 -3.11275 
vt 47.8176 -3.33114 
vt 47.8368 -3.33114 
vt 47.8368 -3.11275 
vt 47.8752 -3.11275 
vt 47.8368 -3.11275 
vt 47.8248 -3.09367 
vt 47.8518 -3.11734 
vt 47.8518 -3.09367 
vt 47.8518 -3.11734 
vt 47.8248 -3.11734 
vt 47.8248 -3.09367 
vt 47.8518 -3.09367 
vt 47.8248 -3.07001 
vt 47.8518 -3.07001 
vt 47.7979 -3.09367 
vt 47.8248 -3.11734 
vt 47.8248 -3.09367 
vt 47.7984 -3.11275 
vt 47.8176 -3.27158 
vt 47.8176 -3.11275 
vt 47.7984 -3.27158 
vt 47.7979 -3.11734 
vt 47.7596 -3.11734 
vt 47.7979 -3.11734 
vt 47.7979 -3.07001 
vt 47.7596 -3.07001 
vt 47.7979 -3.07001 
vt 47.8248 -3.07001 
vt 47.7979 -3.09367 
vt 47.7979 -3.07001 
vt 47.7979 -3.04635 
vt 47.7596 -3.07001 
vt 47.7596 -3.02268 
vt 47.8248 -3.04635 
vt 47.7979 -3.02268 
vt 47.8248 -2.69252 
vt 47.8518 -2.73066 
vt 47.8518 -2.69252 
vt 47.8248 -2.73066 
vt 47.9655 -2.69252 
vt 47.8838 -2.66886 
vt 47.8838 -2.69252 
vt 47.9655 -2.69252 
vt 47.9655 -2.66886 
vt 47.8518 -2.69252 
vt 47.8787 -2.73066 
vt 47.8787 -2.69252 
vt 47.9326 -2.73066 
vt 47.8787 -2.69252 
vt 47.8787 -2.73066 
vt 47.8518 -2.73066 
vt 47.9326 -2.73066 
vt 47.9326 -2.69252 
vt 47.7979 -2.78605 
vt 47.8248 -2.83338 
vt 47.8248 -2.78605 
vt 47.7596 -2.80971 
vt 47.7979 -2.83338 
vt 47.7979 -2.80971 
vt 47.7596 -2.80971 
vt 47.7979 -2.80971 
vt 47.7596 -2.75827 
vt 47.7979 -2.75827 
vt 47.7979 -2.70418 
vt 47.8248 -2.74661 
vt 47.8248 -2.70418 
vt 47.7979 -2.74661 
vt 47.7596 -2.83338 
vt 47.7979 -3.02268 
vt 47.7979 -2.83338 
vt 47.7596 -3.02268 
vt 47.7596 -2.83338 
vt 47.7979 -2.78605 
vt 47.8248 -2.78605 
vt 47.7979 -2.74661 
vt 47.8248 -2.74661 
vt 47.7979 -2.83338 
vt 47.8787 -3.07001 
vt 47.8518 -3.07001 
vt 47.8518 -3.04635 
vt 47.8787 -3.07001 
vt 47.8787 -3.04635 
vt 47.8787 -2.99902 
vt 47.8518 -3.02268 
vt 47.8518 -3.04635 
vt 47.8787 -2.83338 
vt 47.9742 -2.90437 
vt 47.8787 -2.90437 
vt 47.8248 -3.02268 
vt 47.8248 -3.07001 
vt 47.8248 -3.04635 
vt 47.8248 -3.02268 
vt 47.8518 -3.02268 
vt 47.7979 -3.04635 
vt 47.7979 -2.83338 
vt 47.8248 -2.83338 
vt 47.8248 -2.8807 
vt 47.8518 -2.83338 
vt 47.9596 -2.80971 
vt 47.9742 -2.90437 
vt 47.9742 -2.8807 
vt 47.9057 -2.78605 
vt 47.8787 -2.83338 
vt 47.9057 -2.83338 
vt 47.8787 -2.73066 
vt 47.8787 -2.76239 
vt 47.9057 -2.78605 
vt 47.8518 -2.78605 
vt 47.9596 -2.80971 
vt 47.9057 -2.83338 
vt 47.9865 -2.80971 
vt 47.9057 -2.80971 
vt 47.8518 -2.78605 
vt 47.8518 -2.83338 
vt 47.8248 -2.83338 
vt 47.8248 -2.76239 
vt 47.8248 -2.73066 
vt 47.8787 -2.76239 
vt 47.8787 -2.73066 
vt 47.8248 -2.76239 
vt 47.8248 -2.83338 
vt 47.8176 -3.0982 
vt 47.7984 -3.0982 
vt 47.7984 -3.1174 
vt 47.8368 -3.079 
vt 47.8176 -3.079 
vt 47.7979 -3.12006 
vt 47.7596 -3.04907 
vt 47.7596 -3.12006 
vt 47.7979 -3.04907 
vt 47.7979 -3.04907 
vt 47.7596 -3.0254 
vt 47.7596 -3.04907 
vt 47.7979 -3.0254 
vt 47.8248 -3.07273 
vt 47.7979 -3.00174 
vt 47.7979 -3.07273 
vt 47.856 -3.1174 
vt 48.144 -3.0982 
vt 47.8752 -3.0598 
vt 47.856 -3.0982 
vt 48.1248 -3.0598 
vt 47.8752 -3.0406 
vt 47.8368 -3.0598 
vt 47.8248 -3.00174 
vt 47.8248 -3.12006 
vt 47.7979 -3.07273 
vt 47.7979 -3.12006 
vt 47.8248 -3.07273 
vt 47.8838 -3.12006 
vt 47.8838 -3.07273 
vt 47.8248 -3.12006 
vt 47.8518 -3.04907 
vt 47.8518 -3.0254 
vt 47.8248 -3.04907 
vt 47.8518 -3.04907 
vt 47.8248 -3.04907 
vt 47.8787 -3.0254 
vt 47.8518 -3.0254 
vt 47.9655 -3.04907 
vt 47.9655 -3.07273 
vt 47.9655 -3.07273 
vt 47.8838 -3.07273 
vt 47.8838 -3.12006 
vt 48.0345 -3.07273 
vt 47.9655 -3.04907 
vt 47.9326 -3.00174 
vt 47.7979 -3.0254 
vt 47.7596 -3.00174 
vt 47.7596 -3.0254 
vt 47.7979 -3.00174 
vt 47.8248 -3.00174 
vt 47.7979 -2.97808 
vt 47.7979 -3.00174 
vt 47.8248 -2.97808 
vt 47.8248 -2.97808 
vt 47.7979 -2.95441 
vt 47.7979 -2.97808 
vt 47.8248 -2.95441 
vt 47.8518 -2.95441 
vt 47.8248 -2.93075 
vt 47.8518 -2.93075 
vt 47.9057 -2.95441 
vt 47.8518 -2.93075 
vt 47.8518 -2.95441 
vt 47.9057 -2.93075 
vt 47.8787 -2.90708 
vt 47.8787 -2.93075 
vt 48.0943 -2.93075 
vt 48.0135 -2.90708 
vt 47.9057 -2.93075 
vt 47.9057 -2.93075 
vt 47.9057 -2.90708 
vt 48.0258 -2.90708 
vt 47.9742 -2.87994 
vt 47.9742 -2.90708 
vt 47.9057 -2.90708 
vt 47.8787 -2.95441 
vt 47.8248 -2.95441 
vt 47.8248 -2.97808 
vt 47.8787 -3.0254 
vt 47.8787 -3.00174 
vt 47.8248 -2.97808 
vt 47.8787 -2.97808 
vt 47.9326 -3.00174 
vt 47.8787 -2.97808 
vt 47.9326 -2.97808 
vt 47.8787 -2.95441 
vt 48.0674 -3.00174 
vt 47.8787 -3.00174 
vt 47.9326 -2.97808 
vt 48.0943 -2.93075 
vt 47.9057 -2.93075 
vt 47.9057 -2.95441 
vt 48.0674 -2.97808 
vt 48.0258 -2.87994 
vt 48.144 -3.1174 
vt 48.1824 -3.0982 
vt 48.1632 -3.079 
vt 48.1824 -3.079 
vt 48.1632 -3.0598 
vt 48.1248 -3.0406 
vt 48.2016 -3.1174 
vt 48.2016 -3.0982 
vt 48.2404 -3.04907 
vt 48.2021 -3.12006 
vt 48.2404 -3.12006 
vt 48.2021 -3.04907 
vt 48.2021 -3.00174 
vt 48.1752 -3.07273 
vt 48.2021 -3.07273 
vt 48.2404 -3.0254 
vt 48.2021 -3.04907 
vt 48.2404 -3.04907 
vt 48.2021 -3.0254 
vt 48.1482 -3.0254 
vt 48.1482 -3.04907 
vt 48.1752 -3.04907 
vt 48.1162 -3.07273 
vt 48.0345 -3.04907 
vt 48.0345 -3.07273 
vt 48.1162 -3.12006 
vt 48.1162 -3.07273 
vt 48.0345 -3.04907 
vt 48.1213 -3.0254 
vt 48.2021 -3.07273 
vt 48.1752 -3.12006 
vt 48.2021 -3.12006 
vt 48.1752 -3.07273 
vt 48.1752 -3.12006 
vt 48.1162 -3.12006 
vt 48.1482 -3.04907 
vt 48.1752 -3.04907 
vt 48.1482 -3.0254 
vt 48.1752 -2.93075 
vt 48.1482 -2.93075 
vt 48.1482 -2.95441 
vt 48.1482 -2.93075 
vt 48.0943 -2.95441 
vt 48.1482 -2.95441 
vt 48.0943 -2.93075 
vt 48.1213 -2.90708 
vt 48.0943 -2.93075 
vt 48.1213 -2.93075 
vt 48.0943 -2.90708 
vt 48.0404 -2.90708 
vt 48.0943 -2.90708 
vt 48.1752 -2.95441 
vt 48.2404 -3.00174 
vt 48.2021 -3.0254 
vt 48.2404 -3.0254 
vt 48.2021 -3.00174 
vt 48.2021 -2.97808 
vt 48.1752 -3.00174 
vt 48.2021 -3.00174 
vt 48.1752 -2.97808 
vt 48.2021 -2.95441 
vt 48.1752 -2.97808 
vt 48.2021 -2.97808 
vt 48.1752 -2.97808 
vt 48.1213 -2.95441 
vt 48.1213 -2.97808 
vt 48.1213 -3.00174 
vt 48.1213 -2.97808 
vt 48.0674 -3.00174 
vt 48.0674 -2.97808 
vt 48.1213 -2.95441 
vt 48.0943 -2.95441 
vt 48.1213 -3.00174 
vt 48.1752 -3.00174 
vt 48.1213 -3.0254 
vt 48.1752 -2.97808 
vt 48.1752 -2.95441 
vt 47.93 -3.07273 
vt 47.8827 -3.07273 
vt 47.8827 -3.12006 
vt 47.9063 -3.04907 
vt 47.8827 -3.07273 
vt 47.93 -3.07273 
vt 47.8827 -3.04907 
vt 47.93 -3.0254 
vt 47.93 -3.0254 
vt 47.9773 -3.0254 
vt 47.7284 -3.1174 
vt 47.8872 -3.1174 
vt 47.7284 -3.0982 
vt 47.7284 -3.0982 
vt 47.6689 -3.1174 
vt 47.7284 -3.1174 
vt 47.8872 -3.0982 
vt 47.6689 -3.079 
vt 47.8872 -3.079 
vt 47.8872 -3.0982 
vt 48.2417 -3.12006 
vt 48.1903 -3.04907 
vt 48.2417 -3.04907 
vt 48.2417 -3.12006 
vt 48.2534 -3.07273 
vt 48.2417 -3.04907 
vt 48.1903 -3.0254 
vt 48.1903 -3.04907 
vt 48.2534 -3.00174 
vt 48.2958 -3.12006 
vt 48.2958 -3.07273 
vt 48.2958 -3.12006 
vt 48.3075 -3.12006 
vt 48.2958 -3.07273 
vt 48.2693 -3.04907 
vt 48.3075 -3.04907 
vt 47.9063 -3.0254 
vt 47.8827 -3.04907 
vt 47.9063 -3.04907 
vt 47.9063 -3.0254 
vt 47.9773 -3.00174 
vt 47.93 -3.0254 
vt 47.9773 -3.0254 
vt 47.9537 -2.97808 
vt 47.93 -2.97808 
vt 47.9537 -2.95441 
vt 48.1666 -2.95441 
vt 47.8827 -3.0254 
vt 47.93 -2.97808 
vt 47.93 -3.0254 
vt 47.9063 -2.97808 
vt 47.9537 -2.95441 
vt 47.93 -2.95441 
vt 47.9537 -2.97808 
vt 48.1666 -3.0254 
vt 47.9773 -3.00174 
vt 48.1903 -3.0254 
vt 48.1666 -3.00174 
vt 48.1666 -3.00174 
vt 48.1666 -2.97808 
vt 48.1666 -3.0254 
vt 48.214 -3.00174 
vt 48.214 -2.97808 
vt 48.2534 -3.07273 
vt 47.8872 -3.0598 
vt 47.6689 -3.0598 
vt 47.6689 -3.079 
vt 47.8872 -3.079 
vt 48.214 -3.00174 
vt 48.2534 -3.00174 
vt 48.2376 -2.97808 
vt 48.214 -2.97808 
vt 48.2693 -2.97808 
vt 47.9063 -3.00174 
vt 47.8827 -3.00174 
vt 47.8827 -3.0254 
vt 47.8872 -3.0982 
vt 47.6689 -3.0982 
vt 47.6689 -3.1174 
vt 47.8872 -3.1174 
vt 47.8872 -3.0598 
vt 47.6691 -3.0406 
vt 47.6689 -3.0598 
vt 47.8872 -3.0406 
vt 47.9063 -3.0254 
vt 48.3075 -3.0254 
vt 48.2693 -3.0254 
vt 48.2693 -3.04907 
vt 48.3075 -3.04907 
vt 48.3075 -3.00174 
vt 48.2693 -3.0254 
vt 48.3075 -3.0254 
vt 48.2693 -3.00174 
vt 48.3075 -3.07273 
vt 48.3075 -3.12006 
vt 48.3311 -3.07273 
vt 48.3311 -3.12006 
vt 48.3311 -3.04907 
vt 48.3075 -3.07273 
vt 48.3311 -3.07273 
vt 48.3075 -3.04907 
vt 48.3075 -2.97808 
vt 48.2693 -2.97808 
vt 48.2693 -3.00174 
vt 48.3075 -3.00174 
vt 48.1666 -2.95441 
vt 48.1666 -2.97808 
vt 47.93 -2.95441 
vt 47.9063 -2.95441 
vt 47.9063 -2.97808 
vt 47.93 -2.97808 
vt 48.1666 -2.95441 
vt 47.9773 -2.93075 
vt 47.9773 -2.95441 
vt 47.9773 -2.93075 
vt 47.9537 -2.93075 
vt 47.9537 -2.95441 
vt 48.1666 -2.93075 
vt 47.9773 -2.95441 
vt 47.9537 -2.93075 
vt 47.93 -2.93075 
vt 47.93 -2.95441 
vt 47.9537 -2.95441 
vt 48.1666 -2.93075 
vt 48.001 -2.90708 
vt 48.001 -2.93075 
vt 48.1193 -2.87994 
vt 48.072 -2.87994 
vt 48.072 -2.90708 
vt 48.1193 -2.90708 
vt 48.1666 -2.90708 
vt 48.2376 -2.95441 
vt 48.2693 -2.95441 
vt 48.2376 -2.95441 
vt 48.2376 -2.97808 
vt 48.214 -2.93075 
vt 48.1666 -2.93075 
vt 48.1666 -2.95441 
vt 48.214 -2.95441 
vt 48.2693 -2.97808 
vt 48.2376 -2.93075 
vt 48.214 -2.93075 
vt 48.214 -2.95441 
vt 48.2376 -2.95441 
vt 48.1903 -2.90708 
vt 48.1666 -2.93075 
vt 48.1903 -2.93075 
vt 48.1666 -2.90708 
vt 47.7596 -3.11734 
vt 47.7979 -2.75827 
vt 47.7596 -2.75827 
vt 47.8248 -2.70418 
vt 47.7979 -2.70418 
vt 48.2404 -3.11734 
vt 47.8838 -2.69252 
vt 47.8248 -2.69252 
vt 48.1162 -2.69252 
vt 47.8838 -2.66886 
vt 48.2021 -2.75827 
vt 47.8176 -3.27158 
vt 47.8176 -3.33114 
vt 47.856 -3.33114 
vt 47.856 -3.33114 
vt 48.144 -3.33114 
vt 47.856 -3.11275 
vt 47.856 -3.11275 
vt 47.7984 -3.11275 
vt 47.7984 -3.27158 
vt 48.1162 -2.66886 
vt 48.2021 -2.70418 
vt 48.1752 -2.70418 
vt 48.1752 -2.69252 
vt 48.2404 -2.75827 
vt 48.144 -3.33114 
vt 48.1824 -3.27158 
vt 48.144 -3.11275 
vt 48.1824 -3.33114 
vt 48.2016 -3.11275 
vt 48.2016 -3.27158 
vt 48.144 -3.11275 
vt 48.1824 -3.1174 
vt 48.144 -3.0982 
vt 48.144 -3.1174 
vt 48.2016 -3.0982 
vt 48.1824 -3.1174 
vt 48.2016 -3.1174 
vt 48.1824 -3.0982 
vt 48.1632 -3.079 
vt 48.1824 -3.079 
vt 48.1632 -3.0598 
vt 48.1248 -3.0598 
vt 48.1752 -3.04907 
vt 47.7596 -3.12006 
vt 48.2404 -3.12006 
vt 47.8752 -3.0598 
vt 47.8752 -3.0406 
vt 48.1248 -3.0406 
vt 48.2021 -3.07273 
vt 48.2021 -3.04907 
vt 48.2404 -3.07273 
vt 48.2404 -3.07273 
vt 48.2021 -3.0254 
vt 48.2021 -3.07273 
vt 48.2404 -3.0254 
vt 48.1752 -3.0254 
vt 48.2021 -3.04907 
vt 48.2021 -3.0254 
vt 48.1752 -3.0254 
vt 48.1482 -3.0254 
vt 48.1752 -3.04907 
vt 47.8518 -3.0254 
vt 48.1482 -3.00174 
vt 48.1482 -3.0254 
vt 48.1482 -3.00174 
vt 48.1752 -2.97808 
vt 48.1752 -2.97808 
vt 48.1752 -3.0254 
vt 48.2021 -2.97808 
vt 48.1482 -2.95441 
vt 48.1752 -2.95441 
vt 48.1482 -2.97808 
vt 47.8518 -3.00174 
vt 48.1482 -2.97808 
vt 47.8518 -2.95441 
vt 48.1482 -2.95441 
vt 48.1213 -2.93075 
vt 47.8787 -2.95441 
vt 48.1213 -2.95441 
vt 48.2021 -2.97808 
vt 48.1752 -2.95441 
vt 48.1752 -2.97808 
vt 48.2404 -3.0254 
vt 48.2021 -3.00174 
vt 48.2021 -3.0254 
vt 48.2404 -3.00174 
vt 48.2021 -2.95441 
vt 48.1482 -2.93075 
vt 48.1752 -2.95441 
vt 48.1752 -2.93075 
vt 48.1482 -2.95441 
vt 48.1482 -2.95441 
vt 48.1213 -2.93075 
vt 48.1213 -2.95441 
vt 48.1482 -2.93075 
vt 48.1213 -2.90708 
vt 47.8787 -2.93075 
vt 48.1213 -2.93075 
vt 48.0258 -2.87994 
vt 47.9742 -2.90708 
vt 48.0258 -2.90708 
vt 47.9742 -2.87994 
vt 47.856 -3.0982 
vt 47.8368 -3.079 
vt 47.8368 -3.0598 
vt 47.8176 -3.1174 
vt 47.856 -3.1174 
vt 47.8176 -3.1174 
vt 47.7984 -3.0982 
vt 47.7984 -3.1174 
vt 47.8176 -3.0982 
vt 47.8176 -3.079 
vt 47.8248 -3.04907 
vt 47.7979 -3.07273 
vt 47.8248 -3.0254 
vt 47.7979 -3.04907 
vt 47.8248 -3.04907 
vt 47.8248 -3.0254 
vt 47.7979 -3.04907 
vt 47.7596 -3.07273 
vt 47.7979 -3.0254 
vt 47.7596 -3.07273 
vt 47.7979 -3.07273 
vt 47.7596 -3.0254 
vt 47.7979 -3.0254 
vt 47.8518 -3.0254 
vt 47.8518 -3.00174 
vt 47.8518 -2.97808 
vt 47.8248 -2.97808 
vt 47.8518 -2.95441 
vt 47.8248 -2.97808 
vt 47.8518 -2.97808 
vt 47.8248 -3.0254 
vt 47.7979 -2.97808 
vt 47.8248 -2.95441 
vt 47.8787 -2.93075 
vt 47.8787 -2.93075 
vt 47.8518 -2.95441 
vt 47.8787 -2.95441 
vt 47.8518 -2.93075 
vt 47.8248 -2.95441 
vt 47.8518 -2.95441 
vt 47.8518 -2.93075 
vt 47.8787 -2.90708 
vt 47.8248 -2.93075 
vt 47.7979 -3.00174 
vt 47.7596 -3.0254 
vt 47.7979 -3.0254 
vt 47.7596 -3.00174 
vt 47.8248 -2.95441 
vt 47.7979 -2.97808 
vt 47.8248 -2.97808 
vt 47.7979 -2.95441 

usemtl Plane0021Mtl

f 105/105/105 106/106/106 107/107/107 
f 113/113/113 107/107/107 106/106/106 
f 106/106/106 123/123/123 113/113/113 
f 123/123/123 124/124/124 113/113/113 
f 123/123/123 106/106/106 112/112/112 
f 106/106/106 111/111/111 112/112/112 
f 123/123/123 112/112/112 125/125/125 
f 125/125/125 126/126/126 123/123/123 
f 112/112/112 127/127/127 125/125/125 
f 137/137/137 127/127/127 112/112/112 
f 102/102/102 103/103/103 104/104/104 
f 103/103/103 102/102/102 108/108/108 
f 102/102/102 109/109/109 108/108/108 
f 109/109/109 102/102/102 110/110/110 
f 128/128/128 109/109/109 129/129/129 
f 109/109/109 128/128/128 130/130/130 
f 109/109/109 130/130/130 136/136/136 
f 140/140/140 130/130/130 128/128/128 
f 141/141/141 130/130/130 140/140/140 
f 130/130/130 141/141/141 139/139/139 
f 138/138/138 130/130/130 139/139/139 
f 121/121/121 138/138/138 139/139/139 
f 121/121/121 139/139/139 150/150/150 
f 138/138/138 121/121/121 120/120/120 
f 120/120/120 142/142/142 138/138/138 
f 115/115/115 120/120/120 121/121/121 
f 115/115/115 119/119/119 120/120/120 
f 121/121/121 118/118/118 115/115/115 
f 118/118/118 116/116/116 115/115/115 
f 114/114/114 115/115/115 116/116/116 
f 114/114/114 116/116/116 117/117/117 
f 122/122/122 117/117/117 116/116/116 
f 95/95/95 96/96/96 97/97/97 
f 96/96/96 95/95/95 98/98/98 
f 92/92/92 93/93/93 94/94/94 
f 94/94/94 99/99/99 92/92/92 
f 99/99/99 100/100/100 92/92/92 
f 92/92/92 100/100/100 101/101/101 
f 17/17/17 18/18/18 19/19/19 
f 26/26/26 17/17/17 19/19/19 
f 149/149/149 19/19/19 18/18/18 
f 19/19/19 41/41/41 26/26/26 
f 42/42/42 26/26/26 41/41/41 
f 26/26/26 42/42/42 91/91/91 
f 144/144/144 149/149/149 18/18/18 
f 18/18/18 145/145/145 144/144/144 
f 143/143/143 144/144/144 145/145/145 
f 143/143/143 148/148/148 144/144/144 
f 148/148/148 143/143/143 146/146/146 
f 146/146/146 143/143/143 147/147/147 
f 20/20/20 21/21/21 22/22/22 
f 21/21/21 20/20/20 23/23/23 
f 24/24/24 21/21/21 48/48/48 
f 21/21/21 24/24/24 25/25/25 
f 24/24/24 64/64/64 65/65/65 
f 64/64/64 24/24/24 66/66/66 
f 131/131/131 132/132/132 133/133/133 
f 134/134/134 133/133/133 132/132/132 
f 133/133/133 135/135/135 131/131/131 
f 13/13/13 14/14/14 15/15/15 
f 13/13/13 16/16/16 14/14/14 
f 9/9/9 10/10/10 11/11/11 
f 10/10/10 9/9/9 12/12/12 
f 43/43/43 44/44/44 45/45/45 
f 44/44/44 43/43/43 46/46/46 
f 60/60/60 61/61/61 62/62/62 
f 61/61/61 60/60/60 63/63/63 
f 67/67/67 68/68/68 69/69/69 
f 68/68/68 67/67/67 70/70/70 
f 86/86/86 87/87/87 88/88/88 
f 87/87/87 86/86/86 90/90/90 
f 4/4/4 5/5/5 6/6/6 
f 5/5/5 4/4/4 8/8/8 
f 38/38/38 39/39/39 40/40/40 
f 39/39/39 38/38/38 47/47/47 
f 49/49/49 50/50/50 51/51/51 
f 50/50/50 49/49/49 52/52/52 
f 53/53/53 54/54/54 55/55/55 
f 53/53/53 59/59/59 54/54/54 
f 89/89/89 54/54/54 59/59/59 
f 82/82/82 83/83/83 84/84/84 
f 83/83/83 82/82/82 85/85/85 
f 27/27/27 28/28/28 29/29/29 
f 28/28/28 27/27/27 30/30/30 
f 72/72/72 73/73/73 74/74/74 
f 73/73/73 72/72/72 81/81/81 
f 76/76/76 77/77/77 78/78/78 
f 77/77/77 76/76/76 80/80/80 
f 34/34/34 35/35/35 36/36/36 
f 35/35/35 34/34/34 75/75/75 
f 31/31/31 32/32/32 33/33/33 
f 32/32/32 31/31/31 37/37/37 
f 56/56/56 57/57/57 58/58/58 
f 57/57/57 56/56/56 71/71/71 
f 71/71/71 79/79/79 57/57/57 
f 1/1/1 2/2/2 3/3/3 
f 1/1/1 7/7/7 2/2/2 
f 266/266/266 267/267/267 268/268/268 
f 267/267/267 266/266/266 296/296/296 
f 261/261/261 262/262/262 263/263/263 
f 265/265/265 263/263/263 262/262/262 
f 264/264/264 262/262/262 261/261/261 
f 263/263/263 265/265/265 291/291/291 
f 386/386/386 264/264/264 261/261/261 
f 387/387/387 386/386/386 261/261/261 
f 387/387/387 410/410/410 386/386/386 
f 387/387/387 409/409/409 410/410/410 
f 410/410/410 409/409/409 412/412/412 
f 263/263/263 291/291/291 292/292/292 
f 293/293/293 292/292/292 291/291/291 
f 292/292/292 293/293/293 294/294/294 
f 293/293/293 291/291/291 295/295/295 
f 399/399/399 400/400/400 401/401/401 
f 399/399/399 401/401/401 411/411/411 
f 249/249/249 250/250/250 251/251/251 
f 251/251/251 250/250/250 253/253/253 
f 252/252/252 253/253/253 250/250/250 
f 253/253/253 252/252/252 254/254/254 
f 253/253/253 254/254/254 269/269/269 
f 253/253/253 269/269/269 270/270/270 
f 280/280/280 270/270/270 269/269/269 
f 270/270/270 280/280/280 281/281/281 
f 281/281/281 283/283/283 270/270/270 
f 281/281/281 280/280/280 282/282/282 
f 253/253/253 259/259/259 251/251/251 
f 251/251/251 259/259/259 260/260/260 
f 260/260/260 259/259/259 381/381/381 
f 253/253/253 383/383/383 259/259/259 
f 384/384/384 259/259/259 383/383/383 
f 385/385/385 259/259/259 384/384/384 
f 383/383/383 389/389/389 384/384/384 
f 388/388/388 389/389/389 383/383/383 
f 389/389/389 388/388/388 397/397/397 
f 388/388/388 398/398/398 397/397/397 
f 397/397/397 398/398/398 421/421/421 
f 398/398/398 388/388/388 403/403/403 
f 403/403/403 408/408/408 398/398/398 
f 284/284/284 408/408/408 403/403/403 
f 403/403/403 404/404/404 284/284/284 
f 408/408/408 284/284/284 402/402/402 
f 284/284/284 282/282/282 402/402/402 
f 282/282/282 284/284/284 281/281/281 
f 402/402/402 282/282/282 285/285/285 
f 285/285/285 282/282/282 286/286/286 
f 240/240/240 241/241/241 242/242/242 
f 241/241/241 240/240/240 246/246/246 
f 246/246/246 247/247/247 241/241/241 
f 245/245/245 242/242/242 241/241/241 
f 242/242/242 245/245/245 248/248/248 
f 243/243/243 242/242/242 248/248/248 
f 242/242/242 243/243/243 244/244/244 
f 248/248/248 255/255/255 243/243/243 
f 256/256/256 243/243/243 255/255/255 
f 243/243/243 256/256/256 257/257/257 
f 258/258/258 257/257/257 256/256/256 
f 258/258/258 256/256/256 378/378/378 
f 379/379/379 258/258/258 378/378/378 
f 378/378/378 380/380/380 379/379/379 
f 382/382/382 380/380/380 378/378/378 
f 380/380/380 390/390/390 379/379/379 
f 390/390/390 380/380/380 391/391/391 
f 380/380/380 392/392/392 391/391/391 
f 392/392/392 380/380/380 393/393/393 
f 392/392/392 394/394/394 391/391/391 
f 392/392/392 395/395/395 394/394/394 
f 395/395/395 392/392/392 396/396/396 
f 271/271/271 272/272/272 273/273/273 
f 274/274/274 272/272/272 271/271/271 
f 273/273/273 275/275/275 271/271/271 
f 275/275/275 276/276/276 271/271/271 
f 276/276/276 275/275/275 279/279/279 
f 278/278/278 279/279/279 275/275/275 
f 287/287/287 279/279/279 278/278/278 
f 278/278/278 405/405/405 287/287/287 
f 406/406/406 287/287/287 405/405/405 
f 287/287/287 406/406/406 407/407/407 
f 413/413/413 407/407/407 406/406/406 
f 406/406/406 416/416/416 413/413/413 
f 416/416/416 415/415/415 413/413/413 
f 414/414/414 413/413/413 415/415/415 
f 167/167/167 168/168/168 169/169/169 
f 168/168/168 167/167/167 172/172/172 
f 190/190/190 168/168/168 192/192/192 
f 168/168/168 190/190/190 191/191/191 
f 209/209/209 210/210/210 211/211/211 
f 209/209/209 211/211/211 239/239/239 
f 231/231/231 232/232/232 233/233/233 
f 232/232/232 231/231/231 277/277/277 
f 288/288/288 289/289/289 290/290/290 
f 352/352/352 289/289/289 288/288/288 
f 311/311/311 312/312/312 313/313/313 
f 313/313/313 312/312/312 314/314/314 
f 331/331/331 313/313/313 334/334/334 
f 330/330/330 313/313/313 331/331/331 
f 354/354/354 355/355/355 356/356/356 
f 354/354/354 377/377/377 355/355/355 
f 417/417/417 418/418/418 419/419/419 
f 418/418/418 417/417/417 420/420/420 
f 187/187/187 188/188/188 189/189/189 
f 309/309/309 188/188/188 187/187/187 
f 205/205/205 206/206/206 207/207/207 
f 208/208/208 207/207/207 206/206/206 
f 212/212/212 213/213/213 214/214/214 
f 213/213/213 212/212/212 215/215/215 
f 234/234/234 235/235/235 236/236/236 
f 235/235/235 234/234/234 238/238/238 
f 348/348/348 349/349/349 350/350/350 
f 349/349/349 348/348/348 353/353/353 
f 369/369/369 370/370/370 371/371/371 
f 372/372/372 371/371/371 370/370/370 
f 373/373/373 374/374/374 375/375/375 
f 375/375/375 374/374/374 376/376/376 
f 163/163/163 164/164/164 165/165/165 
f 164/164/164 163/163/163 166/166/166 
f 163/163/163 170/170/170 171/171/171 
f 171/171/171 170/170/170 193/193/193 
f 184/184/184 164/164/164 186/186/186 
f 164/164/164 184/184/184 185/185/185 
f 194/194/194 195/195/195 196/196/196 
f 195/195/195 194/194/194 197/197/197 
f 228/228/228 229/229/229 230/230/230 
f 229/229/229 228/228/228 237/237/237 
f 306/306/306 307/307/307 308/308/308 
f 310/310/310 307/307/307 306/306/306 
f 329/329/329 306/306/306 327/327/327 
f 327/327/327 306/306/306 328/328/328 
f 332/332/332 327/327/327 333/333/333 
f 333/333/333 327/327/327 335/335/335 
f 345/345/345 346/346/346 347/347/347 
f 351/351/351 346/346/346 345/345/345 
f 357/357/357 358/358/358 359/359/359 
f 358/358/358 357/357/357 368/368/368 
f 179/179/179 180/180/180 181/181/181 
f 180/180/180 179/179/179 304/304/304 
f 155/155/155 156/156/156 157/157/157 
f 156/156/156 155/155/155 162/162/162 
f 198/198/198 199/199/199 200/200/200 
f 199/199/199 198/198/198 201/201/201 
f 217/217/217 218/218/218 219/219/219 
f 218/218/218 217/217/217 220/220/220 
f 225/225/225 226/226/226 227/227/227 
f 343/343/343 226/226/226 225/225/225 
f 315/315/315 316/316/316 317/317/317 
f 322/322/322 316/316/316 315/315/315 
f 336/336/336 337/337/337 338/338/338 
f 339/339/339 337/337/337 336/336/336 
f 360/360/360 361/361/361 362/362/362 
f 362/362/362 361/361/361 363/363/363 
f 176/176/176 177/177/177 178/178/178 
f 177/177/177 176/176/176 183/183/183 
f 297/297/297 298/298/298 299/299/299 
f 298/298/298 297/297/297 305/305/305 
f 158/158/158 159/159/159 160/160/160 
f 159/159/159 158/158/158 161/161/161 
f 202/202/202 203/203/203 204/204/204 
f 203/203/203 202/202/202 216/216/216 
f 221/221/221 222/222/222 223/223/223 
f 222/222/222 221/221/221 224/224/224 
f 323/323/323 324/324/324 325/325/325 
f 326/326/326 323/323/323 325/325/325 
f 340/340/340 341/341/341 342/342/342 
f 341/341/341 340/340/340 344/344/344 
f 364/364/364 365/365/365 366/366/366 
f 367/367/367 365/365/365 364/364/364 
f 173/173/173 174/174/174 175/175/175 
f 173/173/173 175/175/175 182/182/182 
f 300/300/300 301/301/301 302/302/302 
f 300/300/300 302/302/302 303/303/303 
f 151/151/151 152/152/152 153/153/153 
f 151/151/151 154/154/154 152/152/152 
f 318/318/318 319/319/319 320/320/320 
f 318/318/318 321/321/321 319/319/319 
f 462/462/462 463/463/463 464/464/464 
f 464/464/464 465/465/465 462/462/462 
f 465/465/465 466/466/466 462/462/462 
f 465/465/465 544/544/544 466/466/466 
f 465/465/465 464/464/464 542/542/542 
f 542/542/542 543/543/543 465/465/465 
f 450/450/450 451/451/451 452/452/452 
f 452/452/452 453/453/453 457/457/457 
f 453/453/453 452/452/452 451/451/451 
f 458/458/458 453/453/453 451/451/451 
f 453/453/453 458/458/458 459/459/459 
f 467/467/467 458/458/458 451/451/451 
f 458/458/458 467/467/467 510/510/510 
f 451/451/451 460/460/460 467/467/467 
f 460/460/460 451/451/451 461/461/461 
f 460/460/460 509/509/509 467/467/467 
f 467/467/467 509/509/509 511/511/511 
f 511/511/511 509/509/509 586/586/586 
f 509/509/509 460/460/460 540/540/540 
f 540/540/540 539/539/539 509/509/509 
f 539/539/539 540/540/540 541/541/541 
f 509/509/509 539/539/539 545/545/545 
f 589/589/589 509/509/509 545/545/545 
f 552/552/552 545/545/545 539/539/539 
f 545/545/545 552/552/552 554/554/554 
f 539/539/539 550/550/550 552/552/552 
f 550/550/550 553/553/553 552/552/552 
f 550/550/550 539/539/539 551/551/551 
f 446/446/446 447/447/447 448/448/448 
f 447/447/447 446/446/446 449/449/449 
f 546/546/546 547/547/547 548/548/548 
f 549/549/549 547/547/547 546/546/546 
f 454/454/454 455/455/455 456/456/456 
f 455/455/455 454/454/454 503/503/503 
f 502/502/502 503/503/503 454/454/454 
f 454/454/454 501/501/501 502/502/502 
f 503/503/503 502/502/502 504/504/504 
f 504/504/504 502/502/502 505/505/505 
f 507/507/507 504/504/504 505/505/505 
f 504/504/504 507/507/507 508/508/508 
f 515/515/515 508/508/508 507/507/507 
f 508/508/508 515/515/515 587/587/587 
f 515/515/515 584/584/584 587/587/587 
f 584/584/584 515/515/515 585/585/585 
f 583/583/583 584/584/584 585/585/585 
f 584/584/584 583/583/583 592/592/592 
f 592/592/592 583/583/583 536/536/536 
f 583/583/583 591/591/591 536/536/536 
f 592/592/592 536/536/536 538/538/538 
f 536/536/536 537/537/537 538/538/538 
f 435/435/435 436/436/436 437/437/437 
f 436/436/436 435/435/435 445/445/445 
f 529/529/529 530/530/530 531/531/531 
f 590/590/590 530/530/530 529/529/529 
f 427/427/427 428/428/428 429/429/429 
f 428/428/428 427/427/427 430/430/430 
f 525/525/525 526/526/526 527/527/527 
f 528/528/528 526/526/526 525/525/525 
f 498/498/498 499/499/499 500/500/500 
f 498/498/498 500/500/500 506/506/506 
f 512/512/512 513/513/513 514/514/514 
f 512/512/512 514/514/514 588/588/588 
f 580/580/580 581/581/581 582/582/582 
f 581/581/581 580/580/580 593/593/593 
f 472/472/472 473/473/473 474/474/474 
f 473/473/473 472/472/472 475/475/475 
f 483/483/483 484/484/484 485/485/485 
f 484/484/484 483/483/483 492/492/492 
f 558/558/558 559/559/559 560/560/560 
f 558/558/558 561/561/561 559/559/559 
f 573/573/573 574/574/574 575/575/575 
f 573/573/573 576/576/576 574/574/574 
f 431/431/431 432/432/432 433/433/433 
f 432/432/432 431/431/431 434/434/434 
f 489/489/489 490/490/490 491/491/491 
f 497/497/497 491/491/491 490/490/490 
f 490/490/490 489/489/489 566/566/566 
f 566/566/566 489/489/489 567/567/567 
f 532/532/532 533/533/533 534/534/534 
f 532/532/532 535/535/535 533/533/533 
f 468/468/468 469/469/469 470/470/470 
f 469/469/469 468/468/468 471/471/471 
f 476/476/476 477/477/477 478/478/478 
f 477/477/477 476/476/476 479/479/479 
f 480/480/480 481/481/481 479/479/479 
f 481/481/481 480/480/480 482/482/482 
f 486/486/486 487/487/487 488/488/488 
f 487/487/487 486/486/486 493/493/493 
f 555/555/555 556/556/556 557/557/557 
f 555/555/555 557/557/557 568/568/568 
f 577/577/577 568/568/568 578/578/578 
f 577/577/577 578/578/578 579/579/579 
f 562/562/562 563/563/563 564/564/564 
f 562/562/562 565/565/565 563/563/563 
f 569/569/569 570/570/570 571/571/571 
f 569/569/569 572/572/572 570/570/570 
f 494/494/494 495/495/495 496/496/496 
f 495/495/495 494/494/494 516/516/516 
f 422/422/422 423/423/423 424/424/424 
f 424/424/424 438/438/438 422/422/422 
f 441/441/441 422/422/422 438/438/438 
f 422/422/422 441/441/441 425/425/425 
f 422/422/422 425/425/425 426/426/426 
f 440/440/440 425/425/425 441/441/441 
f 425/425/425 440/440/440 444/444/444 
f 439/439/439 440/440/440 441/441/441 
f 440/440/440 439/439/439 442/442/442 
f 442/442/442 443/443/443 440/440/440 
f 443/443/443 442/442/442 522/522/522 
f 519/519/519 442/442/442 439/439/439 
f 442/442/442 519/519/519 521/521/521 
f 518/518/518 519/519/519 439/439/439 
f 519/519/519 518/518/518 520/520/520 
f 517/517/517 518/518/518 439/439/439 
f 518/518/518 517/517/517 523/523/523 
f 518/518/518 523/523/523 524/524/524 
f 594/594/594 595/595/595 596/596/596 
f 614/614/614 594/594/594 596/596/596 
f 615/615/615 594/594/594 614/614/614 
f 614/614/614 619/619/619 615/615/615 
f 615/615/615 603/603/603 594/594/594 
f 602/602/602 594/594/594 603/603/603 
f 603/603/603 615/615/615 648/648/648 
f 615/615/615 650/650/650 648/648/648 
f 648/648/648 649/649/649 603/603/603 
f 651/651/651 649/649/649 648/648/648 
f 597/597/597 598/598/598 599/599/599 
f 598/598/598 597/597/597 600/600/600 
f 601/601/601 597/597/597 599/599/599 
f 597/597/597 601/601/601 633/633/633 
f 616/616/616 617/617/617 618/618/618 
f 623/623/623 618/618/618 617/617/617 
f 618/618/618 623/623/623 627/627/627 
f 618/618/618 622/622/622 616/616/616 
f 655/655/655 616/616/616 622/622/622 
f 616/616/616 655/655/655 620/620/620 
f 620/620/620 621/621/621 616/616/616 
f 655/655/655 652/652/652 620/620/620 
f 654/654/654 620/620/620 652/652/652 
f 652/652/652 655/655/655 653/653/653 
f 655/655/655 656/656/656 653/653/653 
f 634/634/634 652/652/652 653/653/653 
f 634/634/634 653/653/653 640/640/640 
f 640/640/640 639/639/639 634/634/634 
f 637/637/637 634/634/634 639/639/639 
f 635/635/635 634/634/634 637/637/637 
f 634/634/634 635/635/635 636/636/636 
f 637/637/637 638/638/638 635/635/635 
f 604/604/604 605/605/605 606/606/606 
f 610/610/610 606/606/606 605/605/605 
f 607/607/607 608/608/608 609/609/609 
f 608/608/608 607/607/607 611/611/611 
f 612/612/612 611/611/611 607/607/607 
f 607/607/607 613/613/613 612/612/612 
f 624/624/624 625/625/625 626/626/626 
f 626/626/626 629/629/629 624/624/624 
f 628/628/628 624/624/624 629/629/629 
f 624/624/624 628/628/628 657/657/657 
f 663/663/663 657/657/657 628/628/628 
f 628/628/628 666/666/666 663/663/663 
f 666/666/666 664/664/664 663/663/663 
f 662/662/662 663/663/663 664/664/664 
f 662/662/662 664/664/664 665/665/665 
f 725/725/725 665/665/665 664/664/664 
f 665/665/665 725/725/725 699/699/699 
f 665/665/665 699/699/699 700/700/700 
f 630/630/630 631/631/631 632/632/632 
f 630/630/630 641/641/641 631/631/631 
f 644/644/644 630/630/630 642/642/642 
f 642/642/642 630/630/630 643/643/643 
f 645/645/645 646/646/646 642/642/642 
f 645/645/645 642/642/642 647/647/647 
f 705/705/705 706/706/706 707/707/707 
f 706/706/706 705/705/705 711/711/711 
f 658/658/658 659/659/659 660/660/660 
f 658/658/658 660/660/660 661/661/661 
f 667/667/667 668/668/668 669/669/669 
f 667/667/667 669/669/669 678/678/678 
f 679/679/679 680/680/680 681/681/681 
f 679/679/679 681/681/681 682/682/682 
f 701/701/701 702/702/702 703/703/703 
f 701/701/701 703/703/703 704/704/704 
f 708/708/708 709/709/709 710/710/710 
f 708/708/708 710/710/710 712/712/712 
f 729/729/729 730/730/730 731/731/731 
f 729/729/729 731/731/731 732/732/732 
f 674/674/674 675/675/675 676/676/676 
f 675/675/675 674/674/674 677/677/677 
f 683/683/683 684/684/684 685/685/685 
f 683/683/683 686/686/686 684/684/684 
f 713/713/713 714/714/714 715/715/715 
f 713/713/713 715/715/715 716/716/716 
f 717/717/717 718/718/718 719/719/719 
f 718/718/718 717/717/717 724/724/724 
f 726/726/726 727/727/727 728/728/728 
f 726/726/726 728/728/728 733/733/733 
f 687/687/687 688/688/688 689/689/689 
f 689/689/689 688/688/688 690/690/690 
f 734/734/734 735/735/735 736/736/736 
f 734/734/734 736/736/736 737/737/737 
f 738/738/738 739/739/739 740/740/740 
f 738/738/738 741/741/741 739/739/739 
f 695/695/695 696/696/696 697/697/697 
f 695/695/695 697/697/697 698/698/698 
f 691/691/691 692/692/692 693/693/693 
f 691/691/691 694/694/694 692/692/692 
f 720/720/720 721/721/721 722/722/722 
f 720/720/720 722/722/722 723/723/723 
f 670/670/670 671/671/671 672/672/672 
f 670/670/670 672/672/672 673/673/673 
f 742/742/742 743/743/743 744/744/744 
f 743/743/743 742/742/742 747/747/747 
f 752/752/752 743/743/743 747/747/747 
f 747/747/747 766/766/766 752/752/752 
f 743/743/743 745/745/745 746/746/746 
f 743/743/743 748/748/748 745/745/745 
f 743/743/743 752/752/752 748/748/748 
f 748/748/748 749/749/749 745/745/745 
f 748/748/748 752/752/752 750/750/750 
f 750/750/750 751/751/751 748/748/748 
f 751/751/751 750/750/750 762/762/762 
f 750/750/750 752/752/752 764/764/764 
f 752/752/752 763/763/763 764/764/764 
f 764/764/764 765/765/765 750/750/750 
f 753/753/753 754/754/754 755/755/755 
f 755/755/755 759/759/759 753/753/753 
f 760/760/760 753/753/753 759/759/759 
f 753/753/753 760/760/760 761/761/761 
f 767/767/767 768/768/768 769/769/769 
f 768/768/768 767/767/767 770/770/770 
f 771/771/771 769/769/769 768/768/768 
f 771/771/771 768/768/768 772/772/772 
f 756/756/756 757/757/757 758/758/758 
f 758/758/758 757/757/757 773/773/773 
f 774/774/774 775/775/775 776/776/776 
f 775/775/775 774/774/774 781/781/781 
f 781/781/781 774/774/774 782/782/782 
f 781/781/781 784/784/784 775/775/775 
f 783/783/783 784/784/784 781/781/781 
f 788/788/788 775/775/775 784/784/784 
f 788/788/788 784/784/784 789/789/789 
f 789/789/789 784/784/784 790/790/790 
f 775/775/775 788/788/788 845/845/845 
f 788/788/788 846/846/846 845/845/845 
f 847/847/847 846/846/846 788/788/788 
f 848/848/848 845/845/845 846/846/846 
f 845/845/845 848/848/848 849/849/849 
f 854/854/854 848/848/848 846/846/846 
f 777/777/777 778/778/778 779/779/779 
f 777/777/777 780/780/780 778/778/778 
f 850/850/850 851/851/851 852/852/852 
f 851/851/851 850/850/850 853/853/853 
f 785/785/785 786/786/786 787/787/787 
f 787/787/787 793/793/793 791/791/791 
f 785/785/785 787/787/787 791/791/791 
f 791/791/791 792/792/792 785/785/785 
f 785/785/785 801/801/801 802/802/802 
f 804/804/804 785/785/785 802/802/802 
f 807/807/807 804/804/804 802/802/802 
f 807/807/807 869/869/869 804/804/804 
f 855/855/855 785/785/785 804/804/804 
f 785/785/785 855/855/855 786/786/786 
f 804/804/804 860/860/860 855/855/855 
f 786/786/786 855/855/855 856/856/856 
f 855/855/855 861/861/861 856/856/856 
f 856/856/856 862/862/862 786/786/786 
f 798/798/798 799/799/799 800/800/800 
f 799/799/799 798/798/798 803/803/803 
f 805/805/805 806/806/806 798/798/798 
f 808/808/808 805/805/805 798/798/798 
f 805/805/805 808/808/808 814/814/814 
f 815/815/815 805/805/805 814/814/814 
f 817/817/817 814/814/814 818/818/818 
f 870/870/870 814/814/814 817/817/817 
f 814/814/814 870/870/870 815/815/815 
f 871/871/871 815/815/815 870/870/870 
f 815/815/815 871/871/871 857/857/857 
f 815/815/815 857/857/857 868/868/868 
f 857/857/857 858/858/858 859/859/859 
f 857/857/857 867/867/867 858/858/858 
f 794/794/794 795/795/795 796/796/796 
f 795/795/795 794/794/794 797/797/797 
f 809/809/809 795/795/795 811/811/811 
f 795/795/795 809/809/809 810/810/810 
f 812/812/812 809/809/809 813/813/813 
f 809/809/809 812/812/812 816/816/816 
f 819/819/819 820/820/820 821/821/821 
f 819/819/819 878/878/878 820/820/820 
f 863/863/863 864/864/864 865/865/865 
f 863/863/863 866/866/866 864/864/864 
f 876/876/876 863/863/863 873/873/873 
f 873/873/873 863/863/863 875/875/875 
f 872/872/872 873/873/873 874/874/874 
f 872/872/872 877/877/877 873/873/873 
f 822/822/822 823/823/823 824/824/824 
f 823/823/823 822/822/822 829/829/829 
f 834/834/834 835/835/835 836/836/836 
f 835/835/835 834/834/834 837/837/837 
f 879/879/879 880/880/880 881/881/881 
f 879/879/879 885/885/885 880/880/880 
f 892/892/892 893/893/893 894/894/894 
f 892/892/892 895/895/895 893/893/893 
f 825/825/825 826/826/826 827/827/827 
f 826/826/826 825/825/825 828/828/828 
f 830/830/830 831/831/831 832/832/832 
f 831/831/831 830/830/830 833/833/833 
f 882/882/882 883/883/883 884/884/884 
f 882/882/882 887/887/887 883/883/883 
f 888/888/888 889/889/889 890/890/890 
f 888/888/888 891/891/891 889/889/889 
f 838/838/838 839/839/839 840/840/840 
f 838/838/838 886/886/886 839/839/839 
f 841/841/841 842/842/842 843/843/843 
f 841/841/841 844/844/844 842/842/842 

g Cube0011

v 0.675416 6.62267 -2.7902 
v 0.675416 6.87876 -1.98003 
v 0.675416 6.62267 -1.98003 
v 0.675416 6.87876 -2.7902 
v 0.675416 6.62267 -1.98003 
v -0.71254 6.87876 -1.98003 
v -0.71254 6.62267 -1.98003 
v 0.675416 6.87876 -1.98003 
v -0.71254 6.62267 -1.98003 
v -0.71254 6.87876 -2.7902 
v -0.71254 6.62267 -2.7902 
v -0.71254 6.87876 -1.98003 
v -0.71254 6.62267 -1.98003 
v -0.71254 6.62267 -2.7902 
v 0.675416 6.62267 -2.7902 
v 0.675416 6.62267 -1.98003 
v 0.675416 6.87876 -2.7902 
v -0.71254 6.62267 -2.7902 
v -0.71254 6.87876 -2.7902 
v 0.675416 6.62267 -2.7902 

vn 1 0 0 
vn 1 0 0 
vn 1 0 0 
vn 1 0 0 
vn 0 0 1 
vn 0 0 1 
vn 0 0 1 
vn 0 0 1 
vn -1 0 0 
vn -1 0 0 
vn -1 0 0 
vn -1 0 0 
vn 0 -1 0 
vn 0 -1 0 
vn 0 -1 0 
vn 0 -1 0 
vn 0 0 -1 
vn 0 0 -1 
vn 0 0 -1 
vn 0 0 -1 

vt 26.0506 -9.01601 
vt 25.9494 -8.98399 
vt 25.9494 -9.01601 
vt 26.0506 -8.98399 
vt 26.0867 -9.01601 
vt 25.9133 -8.98399 
vt 25.9133 -9.01601 
vt 26.0867 -8.98399 
vt 26.0506 -9.01601 
vt 25.9494 -8.98399 
vt 25.9494 -9.01601 
vt 26.0506 -8.98399 
vt 25.9133 -8.94936 
vt 25.9133 -9.05064 
vt 26.0867 -9.05064 
vt 26.0867 -8.94936 
vt 25.9133 -8.98399 
vt 26.0867 -9.01601 
vt 26.0867 -8.98399 
vt 25.9133 -9.01601 

usemtl Cube0011Mtl

f 896/896/896 897/897/897 898/898/898 
f 897/897/897 896/896/896 899/899/899 
f 900/900/900 901/901/901 902/902/902 
f 901/901/901 900/900/900 903/903/903 
f 904/904/904 905/905/905 906/906/906 
f 905/905/905 904/904/904 907/907/907 
f 908/908/908 909/909/909 910/910/910 
f 908/908/908 910/910/910 911/911/911 
f 912/912/912 913/913/913 914/914/914 
f 913/913/913 912/912/912 915/915/915 

g Cube0021

v 0.281967 7.19282 -3.13454 
v 0.281967 6.5731 -3.13454 
v 0.281967 6.5731 -3.23704 
v 0.281967 7.19282 -3.23704 
v 0.281967 7.26203 -3.13454 
v 0.344124 6.5731 -3.13454 
v 0.344124 7.19282 -3.13454 
v 0.344124 7.19282 -2.83232 
v 0.344124 7.19282 -2.83232 
v 0.344124 7.19282 -3.13454 
v 0.344124 7.26203 -2.83232 
v 0.344124 7.19282 -2.62995 
v 0.344124 7.32985 -2.35881 
v 0.344124 7.19282 -2.35881 
v 0.344124 6.5731 -1.91375 
v 0.344124 7.19282 -2.35881 
v 0.344124 7.19282 -1.91375 
v 0.281967 7.26203 -3.23704 
v 0.344124 7.26203 -3.13454 
v 0.344124 7.44509 -2.83232 
v 0.344124 7.32985 -2.62995 
v 0.344124 7.44509 -2.62995 
v 0.344124 7.7583 -2.35881 
v 0.344124 7.60391 -1.91375 
v 0.344124 7.60391 -2.35881 
v 0.344124 7.46688 -1.91375 
v 0.344124 7.32985 -1.91375 
v 0.344381 6.57285 -2.83232 
v 0.344381 6.57285 -2.83232 
v 0.344124 7.19282 -2.83232 
v 0.344124 7.19282 -2.62995 
v 0.351756 6.56547 -2.62995 
v 0.344124 7.19282 -2.62995 
v 0.350445 6.56678 -2.35881 
v 0.351756 6.56547 -2.62995 
v 0.571267 7.26229 -1.99365 
v 0.571267 6.82697 -2.68223 
v 0.571267 7.26229 -2.68223 
v 0.344124 7.19282 -2.35881 
v 0.350445 6.56678 -2.35881 
v 0.571267 6.82697 -1.99365 
v 0.344124 7.19282 -1.91375 
v 0.344124 7.60391 -2.62995 
v 0.344124 7.45334 -2.35881 
v 0.344124 7.7583 -1.91375 
v -0.381248 7.26203 -2.83232 
v -0.319092 7.26203 -3.13454 
v -0.381248 7.26203 -3.13454 
v -0.319092 7.26203 -3.13454 
v -0.381248 7.26203 -2.83232 
v -0.319092 7.26203 -2.83232 
v 0.281967 7.26203 -3.23704 
v -0.319092 7.26203 -3.23704 
v 0.281967 7.26203 -2.83232 
v -0.381248 7.44509 -2.62995 
v -0.319092 7.44509 -2.83232 
v -0.381248 7.44509 -2.83232 
v -0.319092 7.44509 -2.62995 
v 0.571267 7.26229 -1.99365 
v -0.608391 7.26229 -2.68223 
v -0.608391 7.26229 -1.99365 
v 0.281967 7.44509 -2.62995 
v -0.319092 7.60391 -2.35881 
v -0.381248 7.60391 -2.62995 
v -0.381248 7.60391 -2.35881 
v -0.319092 7.60391 -2.62995 
v 0.281967 7.60391 -2.35881 
v -0.319092 7.7583 -1.91375 
v -0.319092 7.7583 -2.35881 
v -0.381248 7.7583 -2.35881 
v -0.381248 7.7583 -1.91375 
v 0.281967 7.7583 -1.91375 
v 0.281967 7.26203 -3.13454 
v 0.281967 7.26203 -3.13454 
v 0.344124 7.26203 -3.13454 
v 0.344124 7.26203 -3.13454 
v 0.281967 7.26203 -2.83232 
v 0.344124 7.26203 -2.83232 
v 0.281967 7.44509 -2.83232 
v 0.571267 7.26229 -2.68223 
v 0.344124 7.44509 -2.83232 
v 0.344124 7.44509 -2.62995 
v 0.281967 7.60391 -2.62995 
v 0.344124 7.60391 -2.35881 
v 0.344124 7.60391 -2.62995 
v 0.281967 7.7583 -2.35881 
v 0.344124 7.7583 -1.91375 
v 0.344124 7.7583 -2.35881 
v -0.319092 6.5731 -1.91375 
v -0.381248 7.19282 -1.91375 
v -0.381248 6.5731 -1.91375 
v -0.319092 7.19282 -1.91375 
v 0.571267 6.82697 -1.99365 
v -0.608391 7.26229 -1.99365 
v -0.608391 6.82697 -1.99365 
v 0.281967 6.5731 -1.91375 
v -0.381248 7.32985 -1.91375 
v -0.319092 7.32985 -1.91375 
v -0.381248 7.46688 -1.91375 
v 0.281967 7.19282 -1.91375 
v 0.281967 7.32985 -1.91375 
v -0.319092 7.46688 -1.91375 
v -0.381248 7.60391 -1.91375 
v 0.281967 7.46688 -1.91375 
v -0.319092 7.60391 -1.91375 
v -0.381248 7.7583 -1.91375 
v -0.319092 7.7583 -1.91375 
v 0.281967 7.7583 -1.91375 
v 0.571267 7.26229 -1.99365 
v 0.344124 6.5731 -1.91375 
v 0.344124 7.19282 -1.91375 
v 0.344124 7.32985 -1.91375 
v 0.281967 7.60391 -1.91375 
v 0.344124 7.46688 -1.91375 
v 0.344124 7.60391 -1.91375 
v 0.344124 7.7583 -1.91375 
v -0.381248 6.5731 -2.83232 
v -0.381248 7.19282 -3.13454 
v -0.381248 6.5731 -3.13454 
v -0.381248 6.5731 -2.62995 
v -0.381248 7.19282 -2.83232 
v -0.381248 7.19282 -2.62995 
v -0.381248 6.5731 -2.35881 
v -0.608391 6.82697 -1.99365 
v -0.608391 7.26229 -2.68223 
v -0.608391 6.82697 -2.68223 
v -0.381248 7.19282 -2.35881 
v -0.381248 6.5731 -1.91375 
v -0.381248 7.19282 -1.91375 
v -0.381248 7.26203 -3.13454 
v -0.381248 7.26203 -2.83232 
v -0.381248 7.32985 -2.62995 
v -0.381248 7.44509 -2.83232 
v -0.608391 7.26229 -1.99365 
v -0.381248 7.44509 -2.62995 
v -0.381248 7.32985 -2.35881 
v -0.319092 6.5731 -3.13454 
v -0.319092 7.19282 -3.23704 
v -0.319092 6.5731 -3.23704 
v -0.319092 7.19282 -3.13454 
v -0.319092 7.26203 -3.23704 
v -0.319092 7.26203 -3.13454 
v -0.381248 7.32985 -1.91375 
v -0.381248 7.45334 -2.35881 
v -0.381248 7.60391 -2.62995 
v -0.381248 7.60391 -2.35881 
v -0.381248 7.46688 -1.91375 
v -0.381248 7.7583 -1.91375 
v -0.381248 7.7583 -2.35881 
v -0.381248 7.60391 -1.91375 
v -0.381248 6.5731 -3.13454 
v -0.319092 6.5731 -2.83232 
v -0.381248 6.5731 -2.83232 
v -0.319092 6.5731 -3.13454 
v -0.319092 6.5731 -2.83232 
v 0.282141 6.57293 -2.83232 
v -0.319092 6.5731 -2.62995 
v -0.319092 6.5731 -2.62995 
v -0.381248 6.5731 -2.62995 
v -0.381248 6.5731 -2.35881 
v -0.381248 6.5731 -1.91375 
v -0.319092 6.5731 -2.35881 
v -0.319092 6.5731 -2.62995 
v 0.287769 6.5673 -2.35881 
v -0.319092 6.5731 -2.35881 
v -0.608391 6.82697 -1.99365 
v -0.608391 6.82697 -2.68223 
v 0.571267 6.82697 -2.68223 
v -0.319092 6.5731 -3.23704 
v 0.281967 6.5731 -3.13454 
v -0.319092 6.5731 -3.13454 
v 0.281967 6.5731 -3.13454 
v -0.319092 6.5731 -2.83232 
v -0.319092 6.5731 -1.91375 
v -0.319092 6.5731 -2.35881 
v 0.281967 6.5731 -1.91375 
v -0.319092 6.5731 -1.91375 
v 0.281967 6.5731 -3.23704 
v 0.344381 6.57285 -2.83232 
v 0.289009 6.56606 -2.62995 
v 0.282141 6.57293 -2.83232 
v 0.351756 6.56547 -2.62995 
v 0.350445 6.56678 -2.35881 
v 0.289009 6.56606 -2.62995 
v 0.351756 6.56547 -2.62995 
v 0.289009 6.56606 -2.62995 
v 0.287769 6.5673 -2.35881 
v 0.344124 6.5731 -1.91375 
v 0.287769 6.5673 -2.35881 
v 0.350445 6.56678 -2.35881 
v 0.289009 6.56606 -2.62995 
v 0.282141 6.57293 -2.83232 
v 0.344124 6.5731 -3.13454 
v 0.282141 6.57293 -2.83232 
v 0.281967 6.5731 -3.13454 
v 0.344381 6.57285 -2.83232 
v 0.571267 6.82697 -1.99365 
v 0.287769 6.5673 -2.35881 
v 0.281967 6.5731 -1.91375 
v -0.381248 6.5731 -3.13454 
v -0.319092 7.19282 -3.13454 
v -0.319092 6.5731 -3.13454 
v -0.381248 7.19282 -3.13454 
v -0.319092 7.19282 -3.23704 
v 0.281967 7.19282 -3.23704 
v -0.319092 6.5731 -3.23704 
v -0.319092 7.26203 -3.23704 
v 0.281967 7.26203 -3.23704 
v -0.319092 7.26203 -3.13454 
v -0.381248 7.26203 -3.13454 
v -0.381248 7.26203 -2.83232 
v -0.319092 7.44509 -2.83232 
v -0.319092 7.26203 -2.83232 
v 0.571267 7.26229 -2.68223 
v -0.608391 6.82697 -2.68223 
v -0.608391 7.26229 -2.68223 
v -0.381248 7.44509 -2.83232 
v -0.319092 7.60391 -2.62995 
v -0.381248 7.44509 -2.62995 
v -0.381248 7.60391 -2.62995 
v -0.319092 7.44509 -2.62995 
v 0.281967 7.44509 -2.83232 
v 0.281967 7.60391 -2.62995 
v -0.381248 7.7583 -2.35881 
v -0.319092 7.60391 -2.35881 
v -0.381248 7.60391 -2.35881 
v -0.319092 7.7583 -2.35881 
v 0.281967 7.60391 -2.35881 
v 0.281967 6.5731 -3.23704 
v 0.344124 7.19282 -3.13454 
v 0.281967 6.5731 -3.13454 
v 0.281967 7.19282 -3.13454 
v 0.344124 6.5731 -3.13454 
v 0.344124 7.26203 -3.13454 
v 0.281967 7.26203 -2.83232 
v 0.571267 6.82697 -2.68223 
v 0.281967 7.26203 -3.13454 
v 0.344124 7.44509 -2.83232 
v 0.344124 7.26203 -2.83232 
v 0.281967 7.44509 -2.62995 
v 0.344124 7.60391 -2.62995 
v 0.344124 7.44509 -2.62995 
v 0.281967 7.7583 -2.35881 
v 0.344124 7.60391 -2.35881 
v 0.344124 7.7583 -2.35881 

vn 1 0 0 
vn 1 0 0 
vn 1 0 0 
vn 1 0 0 
vn 1 0 0 
vn 1 0 0 
vn 1 0 0 
vn 1 0 0 
vn 1 0 0 
vn 1 0 0 
vn 1 0 0 
vn 1 0 0 
vn 1 0 0 
vn 1 0 0 
vn 1 0.00787402 0.00787402 
vn 1 0.00787402 0.00787402 
vn 1 0.00787402 0.00787402 
vn 1 0 0 
vn 1 0 0 
vn 1 0 0 
vn 1 0 0 
vn 1 0 0 
vn 1 0 0 
vn 1 0 0 
vn 1 0 0 
vn 1 0 0 
vn 1 0 0 
vn 1 0 0 
vn 1 0.00787402 -0.015748 
vn 1 0.00787402 -0.015748 
vn 1 0.00787402 -0.015748 
vn 1 0.00787402 -0.015748 
vn 1 0.00787402 0 
vn 1 0.00787402 0 
vn 1 0.00787402 0 
vn 1 0 0 
vn 1 0 0 
vn 1 0 0 
vn 1 0.00787402 0 
vn 1 0.00787402 0.00787402 
vn 1 0 0 
vn 1 0 0 
vn 1 0 0 
vn 1 0 0 
vn 1 0 0 
vn 0 1 0 
vn 0 1 0 
vn 0 1 0 
vn 0 1 0 
vn 0 1 0 
vn 0 1 0 
vn 0 1 0 
vn 0 1 0 
vn 0 1 0 
vn 0 1 0 
vn 0 1 0 
vn 0 1 0 
vn 0 1 0 
vn 0 1 0 
vn 0 1 0 
vn 0 1 0 
vn 0 1 0 
vn 0 1 0 
vn 0 1 0 
vn 0 1 0 
vn 0 1 0 
vn 0 1 0 
vn 0 1 0 
vn 0 1 0 
vn 0 1 0 
vn 0 1 0 
vn 0 1 0 
vn 0 1 0 
vn 0 1 0 
vn 0 1 0 
vn 0 1 0 
vn 0 1 0 
vn 0 1 0 
vn 0 1 0 
vn 0 1 0 
vn 0 1 0 
vn 0 1 0 
vn 0 1 0 
vn 0 1 0 
vn 0 1 0 
vn 0 1 0 
vn 0 1 0 
vn 0 1 0 
vn 0 0 1 
vn 0 0 1 
vn 0 0 1 
vn 0 0 1 
vn 0 0 1 
vn 0 0 1 
vn 0 0 1 
vn 0 0 1 
vn 0 0 1 
vn 0 0 1 
vn 0 0 1 
vn 0 0 1 
vn 0 0 1 
vn 0 0 1 
vn 0 0 1 
vn 0 0 1 
vn 0 0 1 
vn 0 0 1 
vn 0 0 1 
vn 0 0 1 
vn 0 0 1 
vn 0 0 1 
vn 0 0 1 
vn 0 0 1 
vn 0 0 1 
vn 0 0 1 
vn 0 0 1 
vn 0 0 1 
vn -1 0 0 
vn -1 0 0 
vn -1 0 0 
vn -1 0 0 
vn -1 0 0 
vn -1 0 0 
vn -1 0 0 
vn -1 0 0 
vn -1 0 0 
vn -1 0 0 
vn -1 0 0 
vn -1 0 0 
vn -1 0 0 
vn -1 0 0 
vn -1 0 0 
vn -1 0 0 
vn -1 0 0 
vn -1 0 0 
vn -1 0 0 
vn -1 0 0 
vn -1 0 0 
vn -1 0 0 
vn -1 0 0 
vn -1 0 0 
vn -1 0 0 
vn -1 0 0 
vn -1 0 0 
vn -1 0 0 
vn -1 0 0 
vn -1 0 0 
vn -1 0 0 
vn -1 0 0 
vn -1 0 0 
vn -1 0 0 
vn 0 -1 0 
vn 0 -1 0 
vn 0 -1 0 
vn 0 -1 0 
vn -0.00787402 -1 -0.015748 
vn -0.00787402 -1 -0.015748 
vn -0.00787402 -1 -0.015748 
vn 0 -1 0 
vn 0 -1 0 
vn 0 -1 0 
vn 0 -1 0 
vn 0 -1 0 
vn -0.00787402 -1 0 
vn -0.00787402 -1 0 
vn -0.00787402 -1 0 
vn 0 -1 0 
vn 0 -1 0 
vn 0 -1 0 
vn 0 -1 0 
vn 0 -1 0 
vn 0 -1 0 
vn 0 -1 0 
vn 0 -1 0 
vn 0 -1 0 
vn -0.00787402 -1 0.00787402 
vn -0.00787402 -1 0.00787402 
vn -0.00787402 -1 0.00787402 
vn 0 -1 0 
vn -0.00787402 -1 -0.0314961 
vn -0.00787402 -1 -0.0314961 
vn -0.00787402 -1 -0.0314961 
vn -0.00787402 -1 -0.0314961 
vn -0.00787402 -1 0.00787402 
vn -0.00787402 -1 0.00787402 
vn -0.00787402 -1 0.00787402 
vn -0.00787402 -1 0 
vn -0.00787402 -1 0.00787402 
vn -0.00787402 -1 0.015748 
vn -0.00787402 -1 0.015748 
vn -0.00787402 -1 0.015748 
vn -0.00787402 -1 -0.015748 
vn 0 -1 0 
vn 0 -1 0 
vn 0 -1 0 
vn 0 -1 0 
vn 0 -1 0 
vn 0 -1 0 
vn -0.00787402 -1 0.00787402 
vn -0.00787402 -1 0.015748 
vn 0 0 -1 
vn 0 0 -1 
vn 0 0 -1 
vn 0 0 -1 
vn 0 0 -1 
vn 0 0 -1 
vn 0 0 -1 
vn 0 0 -1 
vn 0 0 -1 
vn 0 0 -1 
vn 0 0 -1 
vn 0 0 -1 
vn 0 0 -1 
vn 0 0 -1 
vn 0 0 -1 
vn 0 0 -1 
vn 0 0 -1 
vn 0 0 -1 
vn 0 0 -1 
vn 0 0 -1 
vn 0 0 -1 
vn 0 0 -1 
vn 0 0 -1 
vn 0 0 -1 
vn 0 0 -1 
vn 0 0 -1 
vn 0 0 -1 
vn 0 0 -1 
vn 0 0 -1 
vn 0 0 -1 
vn 0 0 -1 
vn 0 0 -1 
vn 0 0 -1 
vn 0 0 -1 
vn 0 0 -1 
vn 0 0 -1 
vn 0 0 -1 
vn 0 0 -1 
vn 0 0 -1 
vn 0 0 -1 
vn 0 0 -1 
vn 0 0 -1 
vn 0 0 -1 
vn 0 0 -1 
vn 0 0 -1 
vn 0 0 -1 

vt 54.0699 -46.9961 
vt 54.0699 -47.0736 
vt 54.0827 -47.0736 
vt 54.0827 -46.9961 
vt 54.0699 -46.9875 
vt 54.0699 -47.0736 
vt 54.0699 -46.9961 
vt 54.0321 -46.9961 
vt 54.0321 -46.9961 
vt 54.0699 -46.9961 
vt 54.0321 -46.9875 
vt 54.0068 -46.9961 
vt 53.9729 -46.979 
vt 53.9729 -46.9961 
vt 53.9173 -47.0736 
vt 53.9729 -46.9961 
vt 53.9173 -46.9961 
vt 54.0827 -46.9875 
vt 54.0699 -46.9875 
vt 54.0321 -46.9646 
vt 54.0068 -46.979 
vt 54.0068 -46.9646 
vt 53.9729 -46.9254 
vt 53.9173 -46.9447 
vt 53.9729 -46.9447 
vt 53.9173 -46.9619 
vt 53.9173 -46.979 
vt 54.0321 -47.0736 
vt 54.0321 -47.0736 
vt 54.0321 -46.9961 
vt 54.0068 -46.9961 
vt 54.0068 -47.0746 
vt 54.0068 -46.9961 
vt 53.9729 -47.0744 
vt 54.0068 -47.0746 
vt 53.9273 -46.9874 
vt 54.0134 -47.0419 
vt 54.0134 -46.9874 
vt 53.9729 -46.9961 
vt 53.9729 -47.0744 
vt 53.9273 -47.0419 
vt 53.9173 -46.9961 
vt 54.0068 -46.9447 
vt 53.9729 -46.9636 
vt 53.9173 -46.9254 
vt 54.0453 -47.0321 
vt 54.0376 -47.0699 
vt 54.0453 -47.0699 
vt 54.0376 -47.0699 
vt 54.0453 -47.0321 
vt 54.0376 -47.0321 
vt 53.9624 -47.0827 
vt 54.0376 -47.0827 
vt 53.9624 -47.0321 
vt 54.0453 -47.0068 
vt 54.0376 -47.0321 
vt 54.0453 -47.0321 
vt 54.0376 -47.0068 
vt 53.9263 -46.9273 
vt 54.0737 -47.0134 
vt 54.0737 -46.9273 
vt 53.9624 -47.0068 
vt 54.0376 -46.9729 
vt 54.0453 -47.0068 
vt 54.0453 -46.9729 
vt 54.0376 -47.0068 
vt 53.9624 -46.9729 
vt 54.0376 -46.9173 
vt 54.0376 -46.9729 
vt 54.0453 -46.9729 
vt 54.0453 -46.9173 
vt 53.9624 -46.9173 
vt 53.9624 -47.0699 
vt 53.9624 -47.0699 
vt 53.9547 -47.0699 
vt 53.9547 -47.0699 
vt 53.9624 -47.0321 
vt 53.9547 -47.0321 
vt 53.9624 -47.0321 
vt 53.9263 -47.0134 
vt 53.9547 -47.0321 
vt 53.9547 -47.0068 
vt 53.9624 -47.0068 
vt 53.9547 -46.9729 
vt 53.9547 -47.0068 
vt 53.9624 -46.9729 
vt 53.9547 -46.9173 
vt 53.9547 -46.9729 
vt 53.9624 -47.0736 
vt 53.9547 -46.9961 
vt 53.9547 -47.0736 
vt 53.9624 -46.9961 
vt 54.0737 -47.0419 
vt 53.9263 -46.9874 
vt 53.9263 -47.0419 
vt 54.0376 -47.0736 
vt 53.9547 -46.979 
vt 53.9624 -46.979 
vt 53.9547 -46.9619 
vt 54.0376 -46.9961 
vt 54.0376 -46.979 
vt 53.9624 -46.9619 
vt 53.9547 -46.9447 
vt 54.0376 -46.9619 
vt 53.9624 -46.9447 
vt 53.9547 -46.9254 
vt 53.9624 -46.9254 
vt 54.0376 -46.9254 
vt 54.0737 -46.9874 
vt 54.0453 -47.0736 
vt 54.0453 -46.9961 
vt 54.0453 -46.979 
vt 54.0376 -46.9447 
vt 54.0453 -46.9619 
vt 54.0453 -46.9447 
vt 54.0453 -46.9254 
vt 53.9679 -47.0736 
vt 53.9301 -46.9961 
vt 53.9301 -47.0736 
vt 53.9932 -47.0736 
vt 53.9679 -46.9961 
vt 53.9932 -46.9961 
vt 54.0271 -47.0736 
vt 54.0727 -47.0419 
vt 53.9866 -46.9874 
vt 53.9866 -47.0419 
vt 54.0271 -46.9961 
vt 54.0827 -47.0736 
vt 54.0827 -46.9961 
vt 53.9301 -46.9875 
vt 53.9679 -46.9875 
vt 53.9932 -46.979 
vt 53.9679 -46.9646 
vt 54.0727 -46.9874 
vt 53.9932 -46.9646 
vt 54.0271 -46.979 
vt 53.9301 -47.0736 
vt 53.9173 -46.9961 
vt 53.9173 -47.0736 
vt 53.9301 -46.9961 
vt 53.9173 -46.9875 
vt 53.9301 -46.9875 
vt 54.0827 -46.979 
vt 54.0271 -46.9636 
vt 53.9932 -46.9447 
vt 54.0271 -46.9447 
vt 54.0827 -46.9619 
vt 54.0827 -46.9254 
vt 54.0271 -46.9254 
vt 54.0827 -46.9447 
vt 53.9547 -47.0699 
vt 53.9624 -47.0321 
vt 53.9547 -47.0321 
vt 53.9624 -47.0699 
vt 53.9624 -47.0321 
vt 54.0376 -47.0321 
vt 53.9624 -47.0068 
vt 53.9624 -47.0068 
vt 53.9547 -47.0068 
vt 53.9547 -46.9729 
vt 53.9547 -46.9173 
vt 53.9624 -46.9729 
vt 53.9624 -47.0068 
vt 54.0383 -46.9729 
vt 53.9624 -46.9729 
vt 53.9263 -46.9273 
vt 53.9263 -47.0134 
vt 54.0737 -47.0134 
vt 53.9624 -47.0827 
vt 54.0376 -47.0699 
vt 53.9624 -47.0699 
vt 54.0376 -47.0699 
vt 53.9624 -47.0321 
vt 53.9624 -46.9173 
vt 53.9624 -46.9729 
vt 54.0376 -46.9173 
vt 53.9624 -46.9173 
vt 54.0376 -47.0827 
vt 54.0454 -47.0321 
vt 54.0384 -47.0068 
vt 54.0376 -47.0321 
vt 54.0463 -47.0068 
vt 54.0461 -46.9729 
vt 54.0384 -47.0068 
vt 54.0463 -47.0068 
vt 54.0384 -47.0068 
vt 54.0383 -46.9729 
vt 54.0453 -46.9173 
vt 54.0383 -46.9729 
vt 54.0461 -46.9729 
vt 54.0384 -47.0068 
vt 54.0376 -47.0321 
vt 54.0453 -47.0699 
vt 54.0376 -47.0321 
vt 54.0376 -47.0699 
vt 54.0454 -47.0321 
vt 54.0737 -46.9273 
vt 54.0383 -46.9729 
vt 54.0376 -46.9173 
vt 54.0453 -47.0736 
vt 54.0376 -46.9961 
vt 54.0376 -47.0736 
vt 54.0453 -46.9961 
vt 54.0376 -46.9961 
vt 53.9624 -46.9961 
vt 54.0376 -47.0736 
vt 54.0376 -46.9875 
vt 53.9624 -46.9875 
vt 54.0376 -46.9875 
vt 54.0453 -46.9875 
vt 54.0453 -46.9875 
vt 54.0376 -46.9646 
vt 54.0376 -46.9875 
vt 53.9263 -46.9874 
vt 54.0737 -47.0419 
vt 54.0737 -46.9874 
vt 54.0453 -46.9646 
vt 54.0376 -46.9447 
vt 54.0453 -46.9646 
vt 54.0453 -46.9447 
vt 54.0376 -46.9646 
vt 53.9624 -46.9646 
vt 53.9624 -46.9447 
vt 54.0453 -46.9254 
vt 54.0376 -46.9447 
vt 54.0453 -46.9447 
vt 54.0376 -46.9254 
vt 53.9624 -46.9447 
vt 53.9624 -47.0736 
vt 53.9547 -46.9961 
vt 53.9624 -47.0736 
vt 53.9624 -46.9961 
vt 53.9547 -47.0736 
vt 53.9547 -46.9875 
vt 53.9624 -46.9875 
vt 53.9263 -47.0419 
vt 53.9624 -46.9875 
vt 53.9547 -46.9646 
vt 53.9547 -46.9875 
vt 53.9624 -46.9646 
vt 53.9547 -46.9447 
vt 53.9547 -46.9646 
vt 53.9624 -46.9254 
vt 53.9547 -46.9447 
vt 53.9547 -46.9254 

usemtl Cube0021Mtl

f 951/951/951 952/952/952 953/953/953 
f 952/952/952 951/951/951 956/956/956 
f 930/930/930 931/931/931 932/932/932 
f 931/931/931 930/930/930 955/955/955 
f 944/944/944 945/945/945 946/946/946 
f 946/946/946 947/947/947 944/944/944 
f 921/921/921 922/922/922 923/923/923 
f 923/923/923 943/943/943 921/921/921 
f 924/924/924 925/925/925 926/926/926 
f 934/934/934 926/926/926 925/925/925 
f 926/926/926 927/927/927 924/924/924 
f 927/927/927 926/926/926 936/936/936 
f 935/935/935 936/936/936 926/926/926 
f 936/936/936 935/935/935 937/937/937 
f 928/928/928 927/927/927 936/936/936 
f 937/937/937 928/928/928 936/936/936 
f 927/927/927 928/928/928 929/929/929 
f 942/942/942 929/929/929 928/928/928 
f 929/929/929 942/942/942 957/957/957 
f 928/928/928 937/937/937 959/959/959 
f 959/959/959 942/942/942 928/928/928 
f 958/958/958 959/959/959 937/937/937 
f 942/942/942 959/959/959 941/941/941 
f 959/959/959 958/958/958 940/940/940 
f 940/940/940 941/941/941 959/959/959 
f 941/941/941 940/940/940 939/939/939 
f 938/938/938 939/939/939 940/940/940 
f 938/938/938 960/960/960 939/939/939 
f 948/948/948 949/949/949 950/950/950 
f 949/949/949 948/948/948 954/954/954 
f 916/916/916 917/917/917 918/918/918 
f 918/918/918 919/919/919 916/916/916 
f 920/920/920 916/916/916 919/919/919 
f 933/933/933 920/920/920 919/919/919 
f 983/983/983 984/984/984 985/985/985 
f 983/983/983 985/985/985 986/986/986 
f 987/987/987 984/984/984 983/983/983 
f 987/987/987 1001/1001/1001 984/984/984 
f 1002/1002/1002 1001/1001/1001 987/987/987 
f 1002/1002/1002 1003/1003/1003 1001/1001/1001 
f 978/978/978 979/979/979 980/980/980 
f 978/978/978 981/981/981 979/979/979 
f 982/982/982 981/981/981 978/978/978 
f 998/998/998 981/981/981 982/982/982 
f 999/999/999 998/998/998 982/982/982 
f 998/998/998 999/999/999 1000/1000/1000 
f 970/970/970 971/971/971 972/972/972 
f 971/971/971 970/970/970 973/973/973 
f 977/977/977 971/971/971 973/973/973 
f 994/994/994 971/971/971 977/977/977 
f 977/977/977 996/996/996 994/994/994 
f 996/996/996 977/977/977 997/997/997 
f 974/974/974 975/975/975 976/976/976 
f 995/995/995 975/975/975 974/974/974 
f 961/961/961 962/962/962 963/963/963 
f 967/967/967 962/962/962 988/988/988 
f 962/962/962 967/967/967 968/968/968 
f 964/964/964 965/965/965 966/966/966 
f 969/969/969 964/964/964 966/966/966 
f 964/964/964 969/969/969 989/989/989 
f 969/969/969 990/990/990 989/989/989 
f 991/991/991 992/992/992 993/993/993 
f 1004/1004/1004 1005/1005/1005 1006/1006/1006 
f 1005/1005/1005 1004/1004/1004 1007/1007/1007 
f 1007/1007/1007 1004/1004/1004 1011/1011/1011 
f 1007/1007/1007 1012/1012/1012 1005/1005/1005 
f 1015/1015/1015 1007/1007/1007 1011/1011/1011 
f 1025/1025/1025 1015/1015/1015 1011/1011/1011 
f 1015/1015/1015 1025/1025/1025 1026/1026/1026 
f 1012/1012/1012 1007/1007/1007 1013/1013/1013 
f 1007/1007/1007 1015/1015/1015 1013/1013/1013 
f 1013/1013/1013 1014/1014/1014 1012/1012/1012 
f 1026/1026/1026 1016/1016/1016 1015/1015/1015 
f 1016/1016/1016 1013/1013/1013 1015/1015/1015 
f 1016/1016/1016 1026/1026/1026 1027/1027/1027 
f 1014/1014/1014 1013/1013/1013 1017/1017/1017 
f 1013/1013/1013 1016/1016/1016 1017/1017/1017 
f 1017/1017/1017 1018/1018/1018 1014/1014/1014 
f 1027/1027/1027 1019/1019/1019 1016/1016/1016 
f 1019/1019/1019 1017/1017/1017 1016/1016/1016 
f 1019/1019/1019 1027/1027/1027 1029/1029/1029 
f 1018/1018/1018 1017/1017/1017 1020/1020/1020 
f 1017/1017/1017 1019/1019/1019 1020/1020/1020 
f 1022/1022/1022 1018/1018/1018 1020/1020/1020 
f 1021/1021/1021 1018/1018/1018 1022/1022/1022 
f 1023/1023/1023 1022/1022/1022 1020/1020/1020 
f 1029/1029/1029 1028/1028/1028 1019/1019/1019 
f 1028/1028/1028 1020/1020/1020 1019/1019/1019 
f 1023/1023/1023 1020/1020/1020 1028/1028/1028 
f 1028/1028/1028 1029/1029/1029 1030/1030/1030 
f 1023/1023/1023 1028/1028/1028 1031/1031/1031 
f 1031/1031/1031 1028/1028/1028 1030/1030/1030 
f 1008/1008/1008 1009/1009/1009 1010/1010/1010 
f 1009/1009/1009 1008/1008/1008 1024/1024/1024 
f 1039/1039/1039 1040/1040/1040 1041/1041/1041 
f 1040/1040/1040 1039/1039/1039 1049/1049/1049 
f 1032/1032/1032 1033/1033/1033 1034/1034/1034 
f 1033/1033/1033 1032/1032/1032 1036/1036/1036 
f 1036/1036/1036 1045/1045/1045 1033/1033/1033 
f 1035/1035/1035 1036/1036/1036 1032/1032/1032 
f 1045/1045/1045 1036/1036/1036 1046/1046/1046 
f 1036/1036/1036 1035/1035/1035 1037/1037/1037 
f 1037/1037/1037 1046/1046/1046 1036/1036/1036 
f 1038/1038/1038 1037/1037/1037 1035/1035/1035 
f 1046/1046/1046 1037/1037/1037 1047/1047/1047 
f 1047/1047/1047 1048/1048/1048 1046/1046/1046 
f 1037/1037/1037 1038/1038/1038 1042/1042/1042 
f 1042/1042/1042 1047/1047/1047 1037/1037/1037 
f 1043/1043/1043 1042/1042/1042 1038/1038/1038 
f 1048/1048/1048 1047/1047/1047 1050/1050/1050 
f 1042/1042/1042 1043/1043/1043 1044/1044/1044 
f 1047/1047/1047 1042/1042/1042 1051/1051/1051 
f 1044/1044/1044 1051/1051/1051 1042/1042/1042 
f 1051/1051/1051 1050/1050/1050 1047/1047/1047 
f 1051/1051/1051 1044/1044/1044 1058/1058/1058 
f 1050/1050/1050 1051/1051/1051 1059/1059/1059 
f 1058/1058/1058 1059/1059/1059 1051/1051/1051 
f 1059/1059/1059 1060/1060/1060 1050/1050/1050 
f 1059/1059/1059 1058/1058/1058 1062/1062/1062 
f 1060/1060/1060 1059/1059/1059 1061/1061/1061 
f 1062/1062/1062 1061/1061/1061 1059/1059/1059 
f 1061/1061/1061 1062/1062/1062 1065/1065/1065 
f 1063/1063/1063 1061/1061/1061 1065/1065/1065 
f 1063/1063/1063 1064/1064/1064 1061/1061/1061 
f 1052/1052/1052 1053/1053/1053 1054/1054/1054 
f 1053/1053/1053 1052/1052/1052 1055/1055/1055 
f 1055/1055/1055 1056/1056/1056 1053/1053/1053 
f 1056/1056/1056 1055/1055/1055 1057/1057/1057 
f 1103/1103/1103 1104/1104/1104 1105/1105/1105 
f 1104/1104/1104 1103/1103/1103 1114/1114/1114 
f 1094/1094/1094 1095/1095/1095 1096/1096/1096 
f 1095/1095/1095 1094/1094/1094 1097/1097/1097 
f 1098/1098/1098 1099/1099/1099 1100/1100/1100 
f 1099/1099/1099 1098/1098/1098 1102/1102/1102 
f 1090/1090/1090 1091/1091/1091 1092/1092/1092 
f 1091/1091/1091 1090/1090/1090 1113/1113/1113 
f 1070/1070/1070 1071/1071/1071 1072/1072/1072 
f 1072/1072/1072 1071/1071/1071 1106/1106/1106 
f 1078/1078/1078 1079/1079/1079 1080/1080/1080 
f 1079/1079/1079 1078/1078/1078 1101/1101/1101 
f 1086/1086/1086 1087/1087/1087 1088/1088/1088 
f 1088/1088/1088 1087/1087/1087 1107/1107/1107 
f 1108/1108/1108 1109/1109/1109 1110/1110/1110 
f 1109/1109/1109 1108/1108/1108 1111/1111/1111 
f 1066/1066/1066 1067/1067/1067 1068/1068/1068 
f 1067/1067/1067 1066/1066/1066 1069/1069/1069 
f 1073/1073/1073 1068/1068/1068 1067/1067/1067 
f 1068/1068/1068 1073/1073/1073 1074/1074/1074 
f 1075/1075/1075 1074/1074/1074 1073/1073/1073 
f 1075/1075/1075 1073/1073/1073 1077/1077/1077 
f 1076/1076/1076 1075/1075/1075 1077/1077/1077 
f 1076/1076/1076 1077/1077/1077 1089/1089/1089 
f 1084/1084/1084 1085/1085/1085 1069/1069/1069 
f 1085/1085/1085 1084/1084/1084 1093/1093/1093 
f 1081/1081/1081 1082/1082/1082 1083/1083/1083 
f 1081/1081/1081 1083/1083/1083 1112/1112/1112 
f 1119/1119/1119 1120/1120/1120 1121/1121/1121 
f 1120/1120/1120 1144/1144/1144 1121/1121/1121 
f 1120/1120/1120 1119/1119/1119 1123/1123/1123 
f 1122/1122/1122 1123/1123/1123 1119/1119/1119 
f 1115/1115/1115 1116/1116/1116 1117/1117/1117 
f 1116/1116/1116 1115/1115/1115 1118/1118/1118 
f 1118/1118/1118 1124/1124/1124 1116/1116/1116 
f 1124/1124/1124 1118/1118/1118 1125/1125/1125 
f 1145/1145/1145 1146/1146/1146 1147/1147/1147 
f 1146/1146/1146 1145/1145/1145 1148/1148/1148 
f 1147/1147/1147 1149/1149/1149 1145/1145/1145 
f 1149/1149/1149 1147/1147/1147 1152/1152/1152 
f 1126/1126/1126 1127/1127/1127 1128/1128/1128 
f 1127/1127/1127 1126/1126/1126 1132/1132/1132 
f 1127/1127/1127 1137/1137/1137 1128/1128/1128 
f 1150/1150/1150 1128/1128/1128 1137/1137/1137 
f 1153/1153/1153 1150/1150/1150 1137/1137/1137 
f 1150/1150/1150 1153/1153/1153 1154/1154/1154 
f 1129/1129/1129 1130/1130/1130 1131/1131/1131 
f 1130/1130/1130 1129/1129/1129 1151/1151/1151 
f 1133/1133/1133 1134/1134/1134 1135/1135/1135 
f 1134/1134/1134 1133/1133/1133 1136/1136/1136 
f 1133/1133/1133 1138/1138/1138 1136/1136/1136 
f 1155/1155/1155 1136/1136/1136 1138/1138/1138 
f 1156/1156/1156 1155/1155/1155 1138/1138/1138 
f 1155/1155/1155 1156/1156/1156 1157/1157/1157 
f 1139/1139/1139 1140/1140/1140 1141/1141/1141 
f 1142/1142/1142 1140/1140/1140 1139/1139/1139 
f 1142/1142/1142 1143/1143/1143 1140/1140/1140 
f 1142/1142/1142 1158/1158/1158 1143/1143/1143 
f 1158/1158/1158 1159/1159/1159 1143/1143/1143 
f 1160/1160/1160 1159/1159/1159 1158/1158/1158 

g Plane0031

v 0.56041 7.73719 -2.25528 
v 0.56041 7.65622 -1.85058 
v 0.56041 7.65622 -2.25528 
v -0.553718 7.62748 -1.88209 
v -0.553718 7.40104 -2.12541 
v -0.553718 7.62748 -2.12541 
v 0.56041 7.73719 -1.85058 
v 0.728656 7.81816 -2.25528 
v 0.728656 7.73719 -1.85058 
v 0.728656 7.73719 -2.25528 
v -0.429288 7.93575 -2.25528 
v -0.429288 7.85477 -1.85058 
v -0.429288 7.85477 -2.25528 
v -0.345165 8.01672 -2.1521 
v -0.345165 7.93575 -1.85058 
v -0.345165 7.93575 -2.25528 
v -0.429288 7.93575 -1.85058 
v 0.728656 7.81816 -1.85058 
v 0.896903 7.98011 -2.25528 
v 0.896903 7.89913 -2.20369 
v 0.896903 7.89913 -2.25528 
v 0.81278 7.89913 -2.25528 
v 0.81278 7.81816 -1.85058 
v 0.81278 7.81816 -2.25528 
v 0.81278 7.89913 -1.85058 
v 0.896903 7.98011 -2.1521 
v 0.896903 7.89913 -1.85058 
v 0.896903 7.89913 -2.1521 
v 0.896903 7.98011 -2.20369 
v 0.981026 7.98011 -2.20369 
v 0.981026 7.89913 -2.1521 
v 0.981026 7.89913 -2.20369 
v 0.981026 7.98011 -2.1521 
v -0.553718 7.40104 -1.88209 
v 0.494435 4.7814 -0.821179 
v 0.494435 4.43941 -0.479182 
v 0.494435 4.43941 -0.821179 
v 0.494435 4.78759 -0.479182 
v 0.494435 4.43941 0.54681 
v 0.494435 4.7814 0.888807 
v 0.494435 4.43941 0.888807 
v 0.494435 4.78759 0.54681 
v -0.345165 8.01672 -1.85058 
v 0.494435 6.49139 2.2568 
v 0.494435 6.14939 2.59879 
v 0.494435 6.14939 2.2568 
v 0.494435 6.49139 2.59879 
v 0.494435 7.85938 2.2568 
v 0.494435 7.51738 2.59879 
v 0.494435 7.51738 2.2568 
v 0.836432 4.7814 -0.479182 
v 0.836432 4.7814 0.54681 
v 0.836432 4.43941 -0.479182 
v 0.836432 4.43941 0.54681 
v 0.836432 7.51738 2.59879 
v 0.836432 6.49139 2.59879 
v 0.836432 6.49139 2.2568 
v 0.836432 7.51738 2.2568 
v 0.896903 7.98011 -1.85058 
v 0.494435 7.85938 2.59879 
v -0.345165 8.01672 -2.20369 
v -0.429288 8.09769 -2.20369 
v -0.429288 8.01672 -2.25528 
v -0.429288 8.17867 -2.25528 
v -1.60701 8.17867 -2.25528 
v -1.60701 8.09769 -2.20369 
v -1.60701 8.09769 -2.25528 
v -1.52289 8.17867 -2.20369 
v -1.52289 8.09769 -2.1521 
v -1.52289 8.09769 -2.20369 
v -1.60701 8.17867 -2.20369 
v -1.01815 8.42158 -2.25528 
v -1.01815 8.34061 -2.20369 
v -1.01815 8.34061 -2.25528 
v -1.01815 8.42158 -2.20369 
v -0.934027 8.42158 -2.20369 
v -0.934027 8.34061 -2.1521 
v -0.934027 8.34061 -2.20369 
v -0.429288 8.01672 -2.20369 
v -0.345165 8.01672 -2.25528 
v 1.06515 8.06108 -2.25528 
v 1.06515 7.98011 -2.20369 
v 1.06515 7.98011 -2.25528 
v 1.06515 8.06108 -2.20369 
v -0.345165 8.09769 -2.20369 
v -0.429288 8.09769 -2.1521 
v -0.345165 8.09769 -2.1521 
v -1.52289 8.17867 -2.1521 
v -1.43877 8.25964 -2.25528 
v -1.43877 8.17867 -1.85058 
v -1.43877 8.17867 -2.25528 
v -1.60701 8.17867 -2.1521 
v -1.60701 8.09769 -1.85058 
v -1.60701 8.09769 -2.1521 
v -1.60701 8.17867 -1.85058 
v -1.43877 8.25964 -1.85058 
v -0.934027 8.42158 -2.1521 
v -1.01815 8.42158 -2.1521 
v -1.01815 8.34061 -1.85058 
v -1.01815 8.34061 -2.1521 
v -1.01815 8.42158 -1.85058 
v -0.765781 8.34061 -2.25528 
v -0.765781 8.25964 -1.85058 
v -0.765781 8.25964 -2.25528 
v -0.429288 8.17867 -1.85058 
v -0.429288 8.01672 -1.85058 
v -0.429288 8.01672 -2.1521 
v -0.597535 8.25964 -2.25528 
v -0.597535 8.17867 -1.85058 
v -0.597535 8.17867 -2.25528 
v -0.597535 8.25964 -1.85058 
v -0.765781 8.34061 -1.85058 
v 1.06515 8.06108 -2.1521 
v 1.06515 7.98011 -1.85058 
v 1.06515 7.98011 -2.1521 
v 1.52043 6.14939 -1.50517 
v 1.52043 5.4654 -1.50517 
v 1.52043 5.4654 -1.84717 
v 1.52043 5.1234 -0.821179 
v 1.52043 5.1234 -1.50517 
v 1.52043 5.4654 -0.821179 
v 1.52043 6.14939 -1.84717 
v 1.14927 8.06108 -2.20369 
v 1.14927 7.98011 -2.1521 
v 1.14927 7.98011 -2.20369 
v 1.49653 7.62748 -1.88209 
v 1.49653 7.40104 -2.12541 
v 1.49653 7.62748 -2.12541 
v 1.49653 7.40104 -1.88209 
v 1.65401 7.98011 -2.25528 
v 1.65401 7.89913 -1.85058 
v 1.65401 7.89913 -2.25528 
v 1.86242 6.14939 -1.16318 
v 1.86242 5.4654 -1.50517 
v 1.86242 6.14939 -1.50517 
v 1.86242 5.8074 -0.821179 
v 1.86242 5.4654 -0.821179 
v 2.54642 6.49139 -0.479182 
v 2.54642 6.49139 -0.821179 
v 2.54642 7.51738 -0.821179 
v 1.65401 7.98011 -1.85058 
v 2.54642 7.51738 -0.479182 
v 2.54642 6.49139 0.54681 
v 2.54642 6.14939 -0.479182 
v 1.86242 5.8074 0.888807 
v 1.86242 5.4654 1.5728 
v 1.86242 5.4654 0.888807 
v 1.52043 5.4654 0.888807 
v 1.52043 5.1234 1.5728 
v 1.52043 5.1234 0.888807 
v 1.52043 5.4654 1.5728 
v 1.52043 6.14939 1.9148 
v 1.52043 5.4654 1.9148 
v 1.86242 6.14939 1.2308 
v 1.86242 6.14939 1.5728 
v 1.52043 6.14939 1.5728 
v 2.54642 7.51738 0.54681 
v 2.54642 6.14939 0.54681 
v 2.54642 7.51738 0.888807 
v 2.54642 6.49139 0.888807 
v 2.54642 7.85938 -0.479182 
v 2.54642 7.85938 0.54681 
v 1.56989 8.06108 -2.1521 
v 1.56989 7.98011 -2.1521 
v 1.56989 7.98011 -2.20369 
v 1.48576 8.14205 -2.25528 
v 1.48576 8.06108 -2.20369 
v 1.48576 8.06108 -2.25528 
v 1.48576 8.14205 -2.20369 
v 1.14927 8.06108 -2.1521 
v 1.40164 8.22302 -2.25528 
v 1.40164 8.14205 -2.20369 
v 1.40164 8.14205 -2.25528 
v 1.40164 8.22302 -2.20369 
v 1.48576 8.22302 -2.20369 
v 1.48576 8.14205 -2.1521 
v 1.48576 8.22302 -2.1521 
v 1.48576 8.06108 -1.85058 
v 1.48576 8.06108 -2.1521 
v 1.56989 8.06108 -2.25528 
v 1.56989 7.98011 -2.25528 
v 1.56989 8.06108 -2.20369 
v 1.56989 7.98011 -1.85058 
v 1.56989 8.14205 -2.20369 
v 1.56989 8.14205 -2.1521 
v 1.40164 8.22302 -2.1521 
v 1.40164 8.14205 -1.85058 
v 1.40164 8.14205 -2.1521 
v 1.06515 8.06108 -1.85058 
v 1.52043 8.54337 -1.84717 
v 1.52043 7.85938 -1.50517 
v 1.52043 7.85938 -1.84717 
v 1.52043 8.54337 1.5728 
v 1.52043 7.85938 1.9148 
v 1.52043 7.85938 1.5728 
v 1.48576 8.14205 -1.85058 
v 1.40164 8.22302 -1.85058 
v 1.52043 8.54337 -1.50517 
v 1.52043 8.54337 1.9148 
v 1.56989 8.06108 -1.85058 
v 1.86242 8.54337 -1.50517 
v 1.86242 7.85938 -1.16318 
v 1.86242 7.85938 -1.50517 
v 1.86242 8.20138 -0.821179 
v 1.86242 8.54337 1.5728 
v 1.86242 7.85938 1.5728 
v 1.86242 7.85938 1.2308 
v 1.86242 8.20138 0.888807 
v 1.86242 8.54337 -0.821179 
v 1.86242 8.54337 0.888807 
v -1.60701 8.17867 -2.25528 
v -1.69114 8.17867 -2.25528 
v -1.60701 8.17867 -2.20369 
v -1.60701 8.17867 -2.1521 
v -1.69114 8.17867 -1.85058 
v -1.60701 8.25964 -2.20369 
v -1.52289 8.25964 -2.25528 
v -1.60701 8.25964 -2.25528 
v -1.52289 8.25964 -2.20369 
v -1.43877 8.34061 -2.25528 
v -1.52289 8.34061 -2.20369 
v -1.43877 8.34061 -2.20369 
v -1.60701 8.25964 -1.85058 
v -1.52289 8.25964 -2.1521 
v -1.60701 8.25964 -2.1521 
v -0.765781 8.25964 -1.85058 
v -0.597535 8.25964 -2.25528 
v -0.765781 8.25964 -2.25528 
v -0.429288 8.01672 -2.20369 
v -0.345165 8.01672 -2.25528 
v -0.429288 8.01672 -2.25528 
v -0.345165 8.01672 -2.20369 
v -0.429288 8.01672 -1.85058 
v -0.345165 8.01672 -2.1521 
v -0.429288 8.01672 -2.1521 
v -0.429288 8.09769 -2.1521 
v -0.345165 8.09769 -2.20369 
v -0.429288 8.09769 -2.20369 
v -0.345165 8.09769 -2.1521 
v -0.597535 8.17867 -1.85058 
v -0.429288 8.17867 -2.25528 
v -0.597535 8.17867 -2.25528 
v -0.429288 8.17867 -1.85058 
v -2.24154 7.51738 -0.821179 
v -2.58354 7.51738 -0.821179 
v -2.24154 7.51738 -0.479182 
v -2.58354 7.51738 -0.479182 
v -2.24154 7.51738 0.888807 
v -2.58354 7.51738 0.54681 
v -2.58354 7.51738 0.888807 
v -2.24154 7.51738 0.54681 
v -2.24154 7.85938 0.54681 
v -2.24154 7.85938 -0.479182 
v -2.58354 7.85938 -0.479182 
v -2.58354 7.85938 0.54681 
v -1.60701 8.17867 -1.85058 
v -0.873556 7.51738 2.2568 
v -0.531559 7.51738 2.59879 
v -0.531559 7.51738 2.2568 
v -0.873556 7.51738 2.59879 
v 0.494435 7.85938 2.59879 
v -0.531559 7.85938 2.2568 
v -0.531559 7.85938 2.59879 
v -0.345165 8.01672 -1.85058 
v -0.597535 8.25964 -1.85058 
v -1.52289 8.25964 -1.85058 
v -0.765781 8.34061 -2.25528 
v -0.934027 8.34061 -2.1521 
v -0.765781 8.34061 -1.85058 
v -1.52289 8.34061 -2.25528 
v -1.60701 8.34061 -2.1521 
v -1.60701 8.34061 -2.20369 
v -1.52289 8.34061 -2.1521 
v -1.43877 8.42158 -2.20369 
v -1.52289 8.42158 -2.20369 
v -1.52289 8.42158 -2.1521 
v -1.01815 8.42158 -2.20369 
v -1.43877 8.42158 -2.25528 
v -1.43877 8.42158 -2.1521 
v -1.01815 8.42158 -2.1521 
v -1.01815 8.42158 -2.25528 
v -1.01815 8.34061 -2.25528 
v -0.934027 8.34061 -2.20369 
v -1.01815 8.34061 -2.20369 
v -0.934027 8.42158 -2.1521 
v -0.934027 8.42158 -2.20369 
v -1.52289 8.34061 -1.85058 
v -1.43877 8.34061 -2.1521 
v -1.43877 8.34061 -1.85058 
v -1.55755 8.54337 -0.821179 
v -1.89955 8.54337 -1.50517 
v -1.89955 8.54337 -0.821179 
v -1.55755 8.54337 1.5728 
v -1.89955 8.54337 0.888807 
v -1.89955 8.54337 1.5728 
v -1.55755 8.54337 -1.50517 
v -0.873556 8.54337 -1.84717 
v -1.55755 8.54337 -1.84717 
v -1.55755 8.54337 0.888807 
v -0.873556 8.54337 1.9148 
v -1.55755 8.54337 1.9148 
v -1.01815 8.34061 -1.85058 
v -1.01815 8.34061 -2.1521 
v -1.43877 8.42158 -1.85058 
v -1.01815 8.42158 -1.85058 
v -0.873556 8.54337 -1.50517 
v -0.873556 8.54337 1.5728 
v 0.494435 7.85938 2.2568 
v 0.308041 7.81816 -2.20369 
v 0.392164 7.81816 -2.25528 
v 0.308041 7.81816 -2.25528 
v 0.392164 7.81816 -2.20369 
v 0.308041 7.81816 -1.85058 
v 0.392164 7.81816 -2.1521 
v 0.308041 7.81816 -2.1521 
v 0.308041 7.89913 -2.1521 
v 0.392164 7.89913 -2.20369 
v 0.308041 7.89913 -2.20369 
v 0.392164 7.89913 -2.1521 
v 0.392164 7.98011 -1.85058 
v 0.56041 7.98011 -2.25528 
v 0.392164 7.98011 -2.25528 
v 0.56041 8.06108 -1.85058 
v 0.728656 8.06108 -2.25528 
v 0.56041 8.06108 -2.25528 
v 0.896903 8.14205 -2.1521 
v 0.728656 8.14205 -2.25528 
v 0.728656 8.14205 -1.85058 
v 1.65401 7.98011 -2.25528 
v 1.56989 7.98011 -2.25528 
v 1.56989 7.98011 -2.20369 
v 1.56989 7.98011 -2.1521 
v 1.65401 7.98011 -1.85058 
v 1.48576 8.06108 -2.20369 
v 1.56989 8.06108 -2.25528 
v 1.48576 8.06108 -2.25528 
v 1.56989 8.06108 -2.20369 
v 0.896903 8.14205 -2.20369 
v 1.48576 8.06108 -1.85058 
v 1.56989 8.06108 -2.1521 
v 1.48576 8.06108 -2.1521 
v 0.392164 7.81816 -1.85058 
v 0.494435 7.51738 2.59879 
v 0.836432 7.51738 2.2568 
v 0.494435 7.51738 2.2568 
v 0.836432 7.51738 2.59879 
v 0.56041 7.98011 -1.85058 
v 0.728656 8.06108 -1.85058 
v 1.56989 8.06108 -1.85058 
v 1.56989 7.98011 -1.85058 
v 2.20442 7.51738 -0.479182 
v 2.54642 7.51738 -0.821179 
v 2.20442 7.51738 -0.821179 
v 2.54642 7.51738 -0.479182 
v 2.20442 7.51738 0.888807 
v 2.54642 7.51738 0.54681 
v 2.20442 7.51738 0.54681 
v 2.54642 7.51738 0.888807 
v 2.54642 7.85938 0.54681 
v 2.54642 7.85938 -0.479182 
v 2.20442 7.85938 -0.479182 
v 2.20442 7.85938 0.54681 
v 0.981026 8.14205 -1.85058 
v 0.981026 8.14205 -2.25528 
v 0.981026 8.14205 -2.20369 
v 0.981026 8.22302 -2.20369 
v 0.896903 8.22302 -2.20369 
v 0.896903 8.22302 -2.1521 
v 0.981026 8.22302 -2.1521 
v 0.981026 8.22302 -2.25528 
v 1.40164 8.22302 -2.20369 
v 1.40164 8.22302 -2.25528 
v 1.40164 8.22302 -2.1521 
v 1.40164 8.14205 -2.20369 
v 1.48576 8.14205 -2.25528 
v 1.40164 8.14205 -2.25528 
v 1.48576 8.14205 -2.20369 
v 1.48576 8.14205 -2.1521 
v 1.56989 8.14205 -2.20369 
v 1.56989 8.14205 -2.1521 
v 1.48576 8.22302 -2.1521 
v 1.48576 8.22302 -2.20369 
v 0.981026 8.14205 -2.1521 
v 0.981026 8.22302 -1.85058 
v 1.40164 8.22302 -1.85058 
v 0.836432 8.54337 -1.50517 
v 1.52043 8.54337 -1.84717 
v 0.836432 8.54337 -1.84717 
v 1.52043 8.54337 -1.50517 
v 0.836432 8.54337 1.9148 
v 1.52043 8.54337 1.5728 
v 0.836432 8.54337 1.5728 
v 1.52043 8.54337 1.9148 
v 1.40164 8.14205 -1.85058 
v 1.40164 8.14205 -2.1521 
v 1.48576 8.14205 -1.85058 
v 1.52043 8.54337 -0.821179 
v 1.86242 8.54337 -1.50517 
v 1.86242 8.54337 0.888807 
v 1.52043 8.54337 0.888807 
v 1.86242 8.54337 -0.821179 
v 1.86242 8.54337 1.5728 
v -0.531559 4.43941 0.54681 
v -0.873556 4.7814 0.54681 
v -0.873556 4.43941 0.54681 
v -0.531559 4.78759 0.54681 
v -2.24154 6.49139 0.54681 
v -2.58354 6.14939 0.54681 
v -2.24154 6.14939 0.54681 
v -2.58354 6.49139 0.54681 
v -2.24154 7.85938 0.54681 
v -2.58354 7.51738 0.54681 
v -2.24154 7.51738 0.54681 
v -0.765781 8.01672 -1.85058 
v -0.765781 7.93575 -1.85058 
v -0.597535 7.93575 -1.85058 
v -0.849904 8.09769 -1.85058 
v -0.849904 8.01672 -1.85058 
v -0.597535 8.17867 -1.85058 
v -0.597535 7.85477 -1.85058 
v -0.429288 7.85477 -1.85058 
v -0.429288 7.93575 -1.85058 
v -0.429288 8.01672 -1.85058 
v -0.345165 8.01672 -1.85058 
v -0.345165 7.93575 -1.85058 
v -0.345165 8.01672 -2.1521 
v -0.429288 8.09769 -2.1521 
v -0.429288 8.01672 -2.1521 
v -0.345165 8.09769 -2.1521 
v -0.429288 8.17867 -1.85058 
v -2.58354 7.85938 0.54681 
v -1.55755 6.14939 1.5728 
v -1.89955 5.4654 1.5728 
v -1.55755 5.4654 1.5728 
v -0.873556 5.4654 1.5728 
v -1.55755 5.1234 1.5728 
v -1.89955 6.14939 1.5728 
v -1.55755 6.14939 1.9148 
v -1.55755 5.4654 1.9148 
v -1.21555 6.14939 1.9148 
v -2.24154 6.49139 0.888807 
v -2.58354 7.51738 0.888807 
v -2.58354 6.49139 0.888807 
v -2.24154 7.51738 0.888807 
v -1.55755 8.54337 1.5728 
v -1.89955 7.85938 1.5728 
v -1.55755 7.85938 1.5728 
v -1.21555 7.85938 1.9148 
v -1.55755 8.54337 1.9148 
v -1.55755 7.85938 1.9148 
v -0.873556 5.8074 1.9148 
v -0.873556 5.1234 1.5728 
v 0.494435 4.7814 0.888807 
v -0.531559 4.7814 0.888807 
v -0.531559 4.43941 0.888807 
v -0.873556 5.4654 1.9148 
v 0.494435 6.14939 2.59879 
v -0.531559 6.49139 2.59879 
v -0.531559 6.14939 2.59879 
v -0.531559 7.51738 2.59879 
v -0.873556 6.49139 2.59879 
v 0.494435 6.49139 2.59879 
v -0.873556 7.51738 2.59879 
v 0.494435 7.85938 2.59879 
v -0.531559 7.85938 2.59879 
v -1.52289 8.09769 -2.1521 
v -1.60701 8.17867 -2.1521 
v -1.60701 8.09769 -2.1521 
v -1.60701 8.09769 -1.85058 
v -1.69114 8.17867 -1.85058 
v -1.69114 8.09769 -1.85058 
v -1.52289 8.17867 -2.1521 
v -1.60701 8.17867 -1.85058 
v -1.43877 8.17867 -1.85058 
v -1.52289 8.25964 -1.85058 
v -1.60701 8.17867 -1.85058 
v -1.52289 8.25964 -2.1521 
v -1.60701 8.34061 -2.1521 
v -1.60701 8.25964 -2.1521 
v -1.52289 8.34061 -2.1521 
v -1.43877 8.34061 -2.1521 
v -1.52289 8.42158 -2.1521 
v -1.43877 8.42158 -2.1521 
v -1.10227 8.17867 -2.1521 
v -1.1864 8.25964 -2.1521 
v -1.1864 8.17867 -2.1521 
v -0.934027 8.09769 -2.1521 
v -1.01815 8.17867 -2.1521 
v -1.01815 8.09769 -2.1521 
v -0.934027 8.17867 -2.1521 
v -0.765781 8.25964 -1.85058 
v -0.934027 8.17867 -1.85058 
v -1.10227 8.25964 -1.85058 
v -1.10227 8.17867 -1.85058 
v -1.10227 8.25964 -2.1521 
v -0.934027 8.34061 -2.1521 
v -1.01815 8.42158 -2.1521 
v -1.01815 8.34061 -2.1521 
v -0.934027 8.42158 -2.1521 
v -1.60701 8.25964 -1.85058 
v -1.43877 8.25964 -1.85058 
v -1.43877 8.34061 -1.85058 
v -0.873556 8.20138 1.9148 
v -1.52289 8.34061 -1.85058 
v -1.43877 8.42158 -1.85058 
v -1.89955 8.54337 1.5728 
v -1.01815 8.42158 -1.85058 
v -0.934027 8.09769 -1.85058 
v -0.597535 8.25964 -1.85058 
v -1.01815 8.34061 -1.85058 
v -0.765781 8.34061 -1.85058 
v -0.873556 8.54337 1.9148 
v 0.494435 4.43941 0.888807 
v 0.392164 7.81816 -1.85058 
v 0.308041 7.73719 -1.85058 
v 0.392164 7.73719 -1.85058 
v 0.392164 7.65622 -1.85058 
v 0.56041 7.65622 -1.85058 
v 0.56041 7.73719 -1.85058 
v 0.308041 7.81816 -1.85058 
v 0.56041 7.98011 -1.85058 
v 0.392164 7.81816 -2.1521 
v 0.308041 7.89913 -2.1521 
v 0.308041 7.81816 -2.1521 
v 0.392164 7.89913 -2.1521 
v 0.392164 7.98011 -1.85058 
v 0.728656 7.81816 -1.85058 
v 0.728656 7.73719 -1.85058 
v 2.54642 6.14939 0.54681 
v 2.20442 6.49139 0.54681 
v 2.20442 6.14939 0.54681 
v 2.54642 6.49139 0.54681 
v 2.20442 7.85938 0.54681 
v 2.54642 7.51738 0.54681 
v 2.54642 7.85938 0.54681 
v 0.81278 7.81816 -1.85058 
v 0.81278 7.89913 -1.85058 
v 0.896903 7.98011 -1.85058 
v 0.896903 7.89913 -1.85058 
v 1.65401 7.89913 -1.85058 
v 1.56989 7.98011 -1.85058 
v 1.56989 7.89913 -1.85058 
v 2.20442 7.51738 0.54681 
v 0.494435 4.43941 0.54681 
v 0.836432 4.7814 0.54681 
v 0.494435 4.78759 0.54681 
v 0.836432 4.43941 0.54681 
v 1.52043 5.4654 1.9148 
v 0.836432 5.8074 1.9148 
v 0.836432 5.4654 1.9148 
v 0.836432 7.51738 2.59879 
v 0.836432 6.49139 2.59879 
v 0.494435 7.51738 2.59879 
v 1.52043 5.1234 1.5728 
v 0.836432 5.4654 1.5728 
v 0.836432 5.1234 1.5728 
v 1.86242 5.4654 1.5728 
v 1.52043 6.14939 1.5728 
v 1.52043 5.4654 1.5728 
v 1.17843 6.14939 1.9148 
v 1.52043 6.14939 1.9148 
v 2.54642 6.49139 0.888807 
v 2.20442 7.51738 0.888807 
v 2.20442 6.49139 0.888807 
v 2.54642 7.51738 0.888807 
v 1.86242 6.14939 1.5728 
v 1.56989 7.89913 -2.1521 
v 1.48576 7.98011 -2.1521 
v 1.48576 7.89913 -2.1521 
v 0.981026 7.89913 -2.1521 
v 0.896903 7.98011 -2.1521 
v 0.896903 7.89913 -2.1521 
v 0.981026 7.98011 -2.1521 
v 0.728656 8.06108 -1.85058 
v 0.981026 8.14205 -2.1521 
v 0.896903 8.22302 -2.1521 
v 0.896903 8.14205 -2.1521 
v 0.981026 8.22302 -2.1521 
v 1.06515 8.06108 -1.85058 
v 1.06515 7.98011 -1.85058 
v 1.14927 7.98011 -2.1521 
v 1.06515 8.06108 -2.1521 
v 1.06515 7.98011 -2.1521 
v 1.14927 8.06108 -2.1521 
v 1.56989 7.98011 -2.1521 
v 1.65401 7.98011 -1.85058 
v 1.48576 8.06108 -1.85058 
v 1.40164 7.98011 -1.85058 
v 1.56989 7.98011 -1.85058 
v 1.56989 8.06108 -2.1521 
v 1.48576 8.14205 -2.1521 
v 1.48576 8.06108 -2.1521 
v 1.56989 8.14205 -2.1521 
v 1.40164 8.22302 -2.1521 
v 1.40164 8.14205 -2.1521 
v 1.48576 8.22302 -2.1521 
v 0.56041 8.06108 -1.85058 
v 0.728656 8.14205 -1.85058 
v 0.981026 8.14205 -1.85058 
v 0.981026 8.22302 -1.85058 
v 1.40164 8.22302 -1.85058 
v 1.40164 8.14205 -1.85058 
v 1.17843 7.85938 1.9148 
v 1.52043 8.54337 1.9148 
v 0.836432 8.20138 1.9148 
v 0.836432 8.54337 1.9148 
v 1.40164 8.06108 -1.85058 
v 1.56989 8.06108 -1.85058 
v 1.52043 7.85938 1.9148 
v 1.86242 7.85938 1.5728 
v 1.52043 8.54337 1.5728 
v 1.52043 7.85938 1.5728 
v 1.48576 8.14205 -1.85058 
v 1.86242 8.54337 1.5728 
v -1.89955 6.14939 -1.50517 
v -1.89955 5.4654 -1.50517 
v -1.89955 6.14939 -1.16318 
v -1.89955 5.8074 -0.821179 
v -1.89955 5.4654 -0.821179 
v -2.58354 6.14939 0.54681 
v -2.58354 6.49139 -0.479182 
v -2.58354 6.14939 -0.479182 
v -2.58354 6.49139 -0.821179 
v -2.58354 7.51738 -0.479182 
v -2.58354 7.51738 -0.821179 
v -2.58354 7.51738 0.54681 
v -1.89955 8.54337 -1.50517 
v -1.89955 7.85938 -1.50517 
v -1.89955 7.85938 -1.16318 
v -1.55755 6.14939 -1.84717 
v -1.55755 5.4654 -1.84717 
v -1.55755 5.4654 -1.50517 
v -1.55755 5.1234 -1.50517 
v -1.55755 5.1234 -0.821179 
v -1.55755 5.4654 -0.821179 
v -1.55755 6.14939 -1.50517 
v -1.53191 7.12556 -2.12541 
v -1.53216 7.6257 -1.83773 
v -1.53191 7.62748 -2.12541 
v -1.53216 7.12378 -1.83773 
v -2.58354 7.85938 -0.479182 
v -2.58354 6.49139 0.54681 
v -1.89955 5.4654 1.5728 
v -1.89955 5.8074 0.888807 
v -1.89955 5.4654 0.888807 
v -1.89955 6.14939 1.2308 
v -2.58354 7.85938 0.54681 
v -2.58354 6.49139 0.888807 
v -2.58354 7.51738 0.888807 
v -1.89955 6.14939 1.5728 
v -1.55755 5.4654 1.5728 
v -1.55755 5.4654 0.888807 
v -1.55755 5.1234 0.888807 
v -1.55755 5.1234 1.5728 
v -1.55755 6.14939 1.5728 
v -1.55755 5.4654 1.9148 
v -1.55755 6.14939 1.9148 
v -1.89955 8.54337 1.5728 
v -1.89955 7.85938 1.2308 
v -1.89955 7.85938 1.5728 
v -1.55755 8.54337 1.5728 
v -1.55755 7.85938 1.5728 
v -1.55755 7.85938 1.9148 
v -1.55755 8.54337 -1.84717 
v -1.55755 7.85938 -1.84717 
v -1.55755 7.85938 -1.50517 
v -1.60701 8.17867 -2.20369 
v -1.60701 8.25964 -2.25528 
v -1.60701 8.17867 -2.25528 
v -1.60701 8.25964 -2.20369 
v -1.60701 8.25964 -2.1521 
v -1.60701 8.17867 -2.1521 
v -1.52289 8.34061 -2.20369 
v -1.52289 8.34061 -2.25528 
v -1.52289 8.25964 -2.25528 
v -1.60701 8.34061 -2.20369 
v -1.60701 8.34061 -2.1521 
v -1.52289 8.25964 -2.20369 
v -1.10227 8.25964 -2.20369 
v -1.10227 8.17867 -2.25528 
v -1.10227 8.17867 -2.20369 
v -1.1864 8.25964 -2.1521 
v -1.1864 8.25964 -2.20369 
v -1.1864 8.17867 -2.20369 
v -1.52289 8.42158 -2.1521 
v -1.52289 8.34061 -2.1521 
v -1.43877 8.42158 -2.20369 
v -1.43877 8.34061 -2.25528 
v -1.43877 8.34061 -2.20369 
v -1.43877 8.42158 -2.25528 
v -1.52289 8.42158 -2.20369 
v -1.1864 8.17867 -2.1521 
v -1.69114 8.17867 -1.85058 
v -1.69114 8.17867 -2.25528 
v -1.69114 8.09769 -2.25528 
v -1.69114 8.09769 -1.85058 
v -1.89955 8.20138 -0.821179 
v -1.89955 8.20138 0.888807 
v -1.60701 8.25964 -1.85058 
v -1.89955 8.54337 -0.821179 
v -1.89955 8.54337 0.888807 
v -1.60701 8.17867 -1.85058 
v -1.52289 8.34061 -1.85058 
v -1.52289 8.25964 -2.1521 
v -1.52289 8.25964 -1.85058 
v -1.55755 8.54337 -1.50517 
v -1.55755 8.54337 1.9148 
v -1.43877 8.42158 -1.85058 
v -1.43877 8.42158 -2.1521 
v -1.43877 8.34061 -2.1521 
v -1.43877 8.34061 -1.85058 
v -1.10227 8.25964 -2.25528 
v 0.308041 7.81816 -2.20369 
v 0.308041 7.81816 -2.25528 
v 0.308041 7.73719 -2.25528 
v 0.308041 7.81816 -2.1521 
v 0.308041 7.73719 -1.85058 
v 0.308041 7.89913 -2.20369 
v 0.308041 7.89913 -2.1521 
v -0.597535 7.93575 -1.85058 
v -0.597535 7.93575 -2.25528 
v -0.597535 7.85477 -2.25528 
v -0.597535 7.85477 -1.85058 
v 0.392164 7.81816 -2.25528 
v 0.392164 7.89913 -2.20369 
v 0.392164 7.98011 -2.25528 
v 0.392164 7.81816 -2.20369 
v 0.392164 7.73719 -1.85058 
v 0.392164 7.73719 -2.25528 
v 0.392164 7.65622 -2.25528 
v 0.392164 7.65622 -1.85058 
v 0.392164 7.81816 -2.1521 
v 0.392164 7.81816 -1.85058 
v 0.392164 7.89913 -2.1521 
v 1.48576 7.98011 -2.1521 
v 1.48576 7.89913 -2.20369 
v 1.48576 7.89913 -2.1521 
v 0.308041 7.81816 -1.85058 
v -0.531559 4.7814 -0.821179 
v -0.531559 4.43941 -0.821179 
v -0.531559 4.43941 -0.479182 
v -0.873556 4.43941 0.54681 
v -0.873556 4.7814 -0.479182 
v -0.873556 4.43941 -0.479182 
v -0.873556 4.7814 0.54681 
v -0.531559 4.78759 -0.479182 
v -0.531559 4.43941 0.54681 
v -0.531559 4.7814 0.888807 
v -0.531559 4.78759 0.54681 
v -0.873556 7.51738 2.2568 
v -0.873556 6.49139 2.2568 
v -0.873556 6.49139 2.59879 
v -0.873556 7.51738 2.59879 
v -0.531559 4.43941 0.888807 
v -0.531559 6.49139 2.2568 
v -0.531559 6.14939 2.2568 
v -0.531559 6.14939 2.59879 
v -0.531559 7.85938 2.2568 
v -0.531559 7.51738 2.2568 
v -0.531559 7.51738 2.59879 
v -0.531559 6.49139 2.59879 
v -0.531559 7.85938 2.59879 
v 0.392164 7.98011 -1.85058 
v 1.56989 7.98011 -1.85058 
v 1.56989 7.89913 -2.1521 
v 1.56989 7.89913 -1.85058 
v 1.56989 7.98011 -2.20369 
v 1.56989 7.89913 -2.25528 
v 1.56989 7.89913 -2.20369 
v -0.765781 8.01672 -1.85058 
v -0.765781 8.01672 -2.25528 
v -0.765781 7.93575 -2.25528 
v 0.56041 8.06108 -1.85058 
v 0.56041 8.06108 -2.25528 
v 0.56041 7.98011 -2.25528 
v -0.849904 8.09769 -1.85058 
v -0.849904 8.09769 -2.25528 
v -0.849904 8.01672 -2.25528 
v -1.01815 8.17867 -2.1521 
v -1.01815 8.09769 -2.20369 
v -1.01815 8.09769 -2.1521 
v -0.934027 8.17867 -2.20369 
v -0.934027 8.17867 -2.25528 
v -0.934027 8.09769 -2.25528 
v -0.934027 8.09769 -2.20369 
v -1.01815 8.17867 -2.20369 
v 0.728656 8.14205 -1.85058 
v 0.728656 8.14205 -2.25528 
v 0.728656 8.06108 -2.25528 
v 1.56989 7.98011 -2.25528 
v 1.48576 7.98011 -2.20369 
v 0.896903 8.22302 -2.1521 
v 0.896903 8.14205 -2.20369 
v 0.896903 8.14205 -2.1521 
v 0.981026 8.22302 -2.20369 
v 0.981026 8.14205 -2.25528 
v 0.981026 8.14205 -2.20369 
v 0.981026 8.22302 -2.25528 
v 0.896903 8.22302 -2.20369 
v 1.40164 8.06108 -1.85058 
v 1.40164 8.06108 -2.25528 
v 1.40164 7.98011 -2.25528 
v -0.765781 7.93575 -1.85058 
v -0.849904 8.01672 -1.85058 
v -0.934027 8.17867 -1.85058 
v -0.934027 8.09769 -2.1521 
v -0.934027 8.09769 -1.85058 
v -0.934027 8.17867 -2.1521 
v -1.10227 8.25964 -1.85058 
v -1.10227 8.25964 -2.1521 
v -1.10227 8.17867 -2.1521 
v -1.10227 8.17867 -1.85058 
v 1.56989 7.98011 -2.1521 
v 0.56041 7.98011 -1.85058 
v 1.40164 7.98011 -1.85058 
v 0.728656 8.06108 -1.85058 
v 0.981026 8.22302 -1.85058 
v 0.981026 8.22302 -2.1521 
v 0.981026 8.14205 -2.1521 
v 0.981026 8.14205 -1.85058 
v -1.89955 5.4654 -0.821179 
v -1.89955 5.4654 -1.50517 
v -1.55755 5.4654 -1.50517 
v -1.55755 5.1234 -1.50517 
v -0.873556 5.1234 -1.16318 
v -1.21555 5.1234 -0.821179 
v -1.55755 5.1234 -0.821179 
v -1.55755 5.4654 -0.821179 
v -1.55755 5.4654 -1.84717 
v -0.873556 5.4654 -1.50517 
v -0.873556 5.4654 -1.84717 
v -2.58354 6.49139 -0.479182 
v -2.58354 6.49139 -0.821179 
v -2.24154 6.49139 -0.821179 
v -2.24154 6.49139 -0.479182 
v -0.873556 5.1234 -1.50517 
v -0.597535 7.85477 -1.85058 
v -0.597535 7.85477 -2.25528 
v -0.429288 7.85477 -1.85058 
v -0.429288 7.85477 -2.25528 
v -0.765781 7.93575 -1.85058 
v -0.765781 7.93575 -2.25528 
v -0.597535 7.93575 -1.85058 
v 0.494435 4.43941 -0.821179 
v -0.531559 4.43941 -0.479182 
v -0.531559 4.43941 -0.821179 
v -0.597535 7.93575 -2.25528 
v -0.429288 7.93575 -1.85058 
v -0.429288 7.93575 -2.25528 
v -0.345165 7.93575 -2.25528 
v -0.345165 7.93575 -1.85058 
v -0.849904 8.01672 -1.85058 
v -0.765781 8.01672 -2.25528 
v -0.765781 8.01672 -1.85058 
v -0.531559 4.43941 0.54681 
v -0.873556 4.43941 -0.479182 
v -1.89955 5.4654 1.5728 
v -1.89955 5.4654 0.888807 
v -1.55755 5.4654 0.888807 
v -1.21555 5.1234 0.888807 
v -1.55755 5.1234 1.5728 
v -1.55755 5.1234 0.888807 
v -1.55755 5.4654 1.5728 
v -0.873556 5.4654 1.5728 
v -1.55755 5.4654 1.9148 
v -2.58354 6.14939 -0.479182 
v -2.24154 6.14939 0.54681 
v -2.58354 6.14939 0.54681 
v -2.24154 6.14939 -0.479182 
v -2.58354 6.49139 0.888807 
v -2.58354 6.49139 0.54681 
v -2.24154 6.49139 0.54681 
v -2.24154 6.49139 0.888807 
v -0.873556 5.1234 1.2308 
v -0.873556 4.43941 0.54681 
v 0.494435 4.43941 0.54681 
v -0.531559 4.43941 0.888807 
v -0.873556 5.1234 1.5728 
v -0.873556 5.4654 1.9148 
v -0.531559 6.14939 2.2568 
v 0.494435 6.14939 2.2568 
v -0.531559 6.14939 2.59879 
v -0.873556 6.49139 2.59879 
v -0.873556 6.49139 2.2568 
v -0.531559 6.49139 2.2568 
v -0.531559 6.49139 2.59879 
v -0.849904 8.01672 -2.25528 
v -1.60701 8.09769 -2.20369 
v -1.69114 8.09769 -2.25528 
v -1.60701 8.09769 -2.25528 
v -1.60701 8.17867 -2.25528 
v -1.52289 8.17867 -2.20369 
v -1.60701 8.17867 -2.20369 
v -1.60701 8.09769 -2.1521 
v -1.52289 8.09769 -2.20369 
v -1.43877 8.17867 -2.25528 
v -1.10227 8.25964 -2.25528 
v -1.1864 8.25964 -2.20369 
v -1.43877 8.25964 -2.25528 
v -1.52289 8.17867 -2.1521 
v -1.1864 8.25964 -2.1521 
v -1.10227 8.25964 -2.20369 
v -0.934027 8.09769 -2.20369 
v -0.934027 8.09769 -2.25528 
v -0.849904 8.09769 -2.25528 
v -0.934027 8.09769 -2.1521 
v -1.01815 8.09769 -2.20369 
v -1.10227 8.17867 -2.1521 
v -1.1864 8.17867 -2.20369 
v -1.10227 8.17867 -2.20369 
v -1.01815 8.17867 -2.20369 
v -0.934027 8.17867 -2.25528 
v -1.10227 8.17867 -2.25528 
v -0.934027 8.17867 -2.20369 
v -1.01815 8.17867 -2.1521 
v -1.69114 8.09769 -1.85058 
v -1.52289 8.09769 -2.1521 
v -1.60701 8.17867 -1.85058 
v -1.60701 8.17867 -2.1521 
v -1.60701 8.09769 -1.85058 
v -1.43877 8.17867 -1.85058 
v -1.43877 8.25964 -1.85058 
v -1.10227 8.25964 -1.85058 
v -1.1864 8.17867 -2.1521 
v -1.01815 8.09769 -2.1521 
v -0.849904 8.09769 -1.85058 
v -0.934027 8.09769 -1.85058 
v -1.10227 8.17867 -1.85058 
v -0.934027 8.17867 -2.1521 
v -0.934027 8.17867 -1.85058 
v -1.10227 8.25964 -2.1521 
v 0.494435 4.43941 -0.479182 
v 0.56041 7.65622 -1.85058 
v 0.392164 7.65622 -2.25528 
v 0.56041 7.65622 -2.25528 
v 0.728656 7.73719 -1.85058 
v 0.56041 7.73719 -2.25528 
v 0.728656 7.73719 -2.25528 
v 0.392164 7.65622 -1.85058 
v 0.836432 4.43941 -0.479182 
v 0.56041 7.73719 -1.85058 
v 0.308041 7.73719 -1.85058 
v 0.308041 7.73719 -2.25528 
v 0.392164 7.73719 -2.25528 
v 0.728656 7.81816 -1.85058 
v 0.728656 7.81816 -2.25528 
v 0.81278 7.81816 -2.25528 
v 0.392164 7.73719 -1.85058 
v 0.836432 5.4654 -1.84717 
v 1.52043 5.4654 -1.84717 
v 0.836432 5.4654 -1.50517 
v 1.52043 5.1234 -1.50517 
v 0.836432 5.1234 -1.16318 
v 0.836432 5.1234 -1.50517 
v 1.52043 5.4654 -1.50517 
v 1.17843 5.1234 -0.821179 
v 1.52043 5.1234 -0.821179 
v 1.52043 5.4654 -0.821179 
v 1.86242 5.4654 -0.821179 
v 1.86242 5.4654 -1.50517 
v 2.20442 6.49139 -0.821179 
v 2.54642 6.49139 -0.821179 
v 2.54642 6.49139 -0.479182 
v 2.20442 6.49139 -0.479182 
v 2.54642 6.14939 0.54681 
v 2.20442 6.14939 -0.479182 
v 2.54642 6.14939 -0.479182 
v 0.836432 4.43941 0.54681 
v 0.494435 4.43941 0.888807 
v 0.836432 5.1234 1.2308 
v 1.52043 5.1234 1.5728 
v 0.836432 5.1234 1.5728 
v 1.52043 5.4654 1.9148 
v 0.836432 5.4654 1.9148 
v 0.836432 5.4654 1.5728 
v 0.494435 6.49139 2.2568 
v 0.836432 6.49139 2.2568 
v 0.836432 6.49139 2.59879 
v 0.494435 6.14939 2.59879 
v 0.494435 6.49139 2.59879 
v 1.17843 5.1234 0.888807 
v 1.52043 5.1234 0.888807 
v 1.52043 5.4654 1.5728 
v 1.52043 5.4654 0.888807 
v 1.86242 5.4654 0.888807 
v 1.86242 5.4654 1.5728 
v 2.20442 6.14939 0.54681 
v 2.20442 6.49139 0.54681 
v 2.54642 6.49139 0.54681 
v 2.54642 6.49139 0.888807 
v 2.20442 6.49139 0.888807 
v 0.81278 7.81816 -1.85058 
v 0.896903 7.89913 -2.20369 
v 0.81278 7.89913 -2.25528 
v 0.896903 7.89913 -2.25528 
v 0.896903 7.98011 -2.25528 
v 0.981026 7.98011 -2.20369 
v 0.896903 7.98011 -2.20369 
v 0.896903 7.89913 -2.1521 
v 0.981026 7.89913 -2.20369 
v 1.06515 7.98011 -2.25528 
v 1.06515 7.98011 -2.20369 
v 1.06515 8.06108 -2.25528 
v 1.14927 8.06108 -2.20369 
v 1.06515 8.06108 -2.20369 
v 0.981026 7.98011 -2.1521 
v 1.14927 7.98011 -2.1521 
v 1.14927 7.98011 -2.20369 
v 1.56989 7.89913 -2.20369 
v 1.56989 7.89913 -2.25528 
v 1.65401 7.89913 -2.25528 
v 1.56989 7.89913 -2.1521 
v 1.48576 7.98011 -2.1521 
v 1.40164 7.98011 -2.25528 
v 1.48576 7.98011 -2.20369 
v 1.48576 7.89913 -2.20369 
v 1.56989 7.98011 -2.25528 
v 1.40164 8.06108 -2.25528 
v 1.56989 7.98011 -2.20369 
v 1.14927 8.06108 -2.1521 
v 1.48576 7.89913 -2.1521 
v 0.81278 7.89913 -1.85058 
v 0.981026 7.89913 -2.1521 
v 0.896903 7.98011 -1.85058 
v 0.896903 7.98011 -2.1521 
v 0.896903 7.89913 -1.85058 
v 1.06515 7.98011 -1.85058 
v 1.06515 7.98011 -2.1521 
v 1.06515 8.06108 -1.85058 
v 1.06515 8.06108 -2.1521 
v 1.65401 7.89913 -1.85058 
v 1.40164 7.98011 -1.85058 
v 1.56989 7.89913 -1.85058 
v 1.56989 7.98011 -1.85058 
v 1.40164 8.06108 -1.85058 
v 1.56989 7.98011 -2.1521 
v -1.53191 7.12556 -2.12541 
v -1.32781 7.48656 -2.12541 
v -1.30391 7.15427 -2.12541 
v -1.09982 7.48656 -2.12541 
v -0.784327 7.15427 -2.12541 
v -0.784327 7.40104 -2.12541 
v -1.53191 7.62748 -2.12541 
v -1.09982 7.66913 -2.12541 
v -0.670352 7.69356 -2.12541 
v -1.41791 7.628 -2.12541 
v -1.32781 7.66913 -2.12541 
v -0.597535 7.93575 -2.25528 
v -0.765781 7.93575 -2.25528 
v -0.765781 8.01672 -2.25528 
v -1.09982 7.71505 -2.12541 
v -1.41791 7.69426 -2.12541 
v -1.09982 7.71505 -2.12541 
v -1.32781 7.66913 -2.12541 
v -0.553718 7.62748 -2.12541 
v -0.429288 7.93575 -2.25528 
v -0.597535 7.85477 -2.25528 
v -0.429288 7.85477 -2.25528 
v -0.429288 8.01672 -2.25528 
v -0.553718 7.40104 -2.12541 
v -0.345165 7.93575 -2.25528 
v -0.345165 8.01672 -2.25528 
v -0.597535 8.17867 -2.25528 
v -0.429288 8.01672 -2.20369 
v -0.345165 8.09769 -2.20369 
v -0.345165 8.01672 -2.20369 
v -1.89955 6.14939 -1.50517 
v -1.55755 5.4654 -1.50517 
v -1.89955 5.4654 -1.50517 
v -1.21555 6.14939 -1.84717 
v -1.55755 5.4654 -1.84717 
v -1.55755 6.14939 -1.84717 
v -1.55755 6.14939 -1.50517 
v -2.58354 6.49139 -0.479182 
v -2.24154 6.14939 -0.479182 
v -2.58354 6.14939 -0.479182 
v -2.24154 6.49139 -0.479182 
v -2.24154 7.51738 -0.821179 
v -2.58354 6.49139 -0.821179 
v -2.58354 7.51738 -0.821179 
v -2.24154 6.49139 -0.821179 
v -2.58354 7.85938 -0.479182 
v -2.24154 7.51738 -0.479182 
v -2.58354 7.51738 -0.479182 
v -2.24154 7.85938 -0.479182 
v -0.873556 5.1234 -1.50517 
v -1.55755 5.1234 -1.50517 
v -0.531559 4.7814 -0.821179 
v 0.494435 4.43941 -0.821179 
v -0.531559 4.43941 -0.821179 
v -0.873556 4.7814 -0.479182 
v -0.531559 4.43941 -0.479182 
v -0.873556 4.43941 -0.479182 
v -0.531559 4.78759 -0.479182 
v -0.873556 5.4654 -1.50517 
v -1.41791 7.628 -2.12541 
v -1.09982 7.66913 -2.12541 
v -0.873556 5.8074 -1.84717 
v -0.873556 5.4654 -1.84717 
v -0.849904 8.09769 -2.25528 
v -0.849904 8.01672 -2.25528 
v -1.60701 8.17867 -2.25528 
v -1.69114 8.09769 -2.25528 
v -1.69114 8.17867 -2.25528 
v -1.60701 8.09769 -2.25528 
v -1.60701 8.17867 -2.25528 
v -1.52289 8.25964 -2.25528 
v -1.43877 8.17867 -2.25528 
v -1.60701 8.25964 -2.25528 
v -1.52289 8.34061 -2.25528 
v -1.43877 8.25964 -2.25528 
v -1.43877 8.34061 -2.25528 
v -1.10227 8.25964 -2.25528 
v -1.43877 8.42158 -2.25528 
v -1.01815 8.42158 -2.25528 
v -1.01815 8.34061 -2.25528 
v -0.934027 8.09769 -2.25528 
v -0.934027 8.17867 -2.25528 
v -0.429288 8.17867 -2.25528 
v -0.765781 8.25964 -2.25528 
v -1.10227 8.17867 -2.25528 
v -0.765781 8.34061 -2.25528 
v -0.597535 8.25964 -2.25528 
v -1.60701 8.09769 -2.20369 
v -1.52289 8.17867 -2.20369 
v -1.52289 8.09769 -2.20369 
v -1.60701 8.17867 -2.20369 
v -1.89955 7.85938 -1.50517 
v -1.55755 8.54337 -1.50517 
v -1.55755 7.85938 -1.50517 
v -1.60701 8.25964 -2.20369 
v -1.52289 8.34061 -2.20369 
v -1.52289 8.25964 -2.20369 
v -1.60701 8.34061 -2.20369 
v -1.43877 8.42158 -2.20369 
v -1.43877 8.34061 -2.20369 
v -1.52289 8.42158 -2.20369 
v -1.89955 8.54337 -1.50517 
v -1.55755 8.54337 -1.84717 
v -1.21555 7.85938 -1.84717 
v -1.55755 7.85938 -1.84717 
v -1.01815 8.09769 -2.20369 
v -0.934027 8.17867 -2.20369 
v -0.934027 8.09769 -2.20369 
v -0.429288 8.09769 -2.20369 
v -1.01815 8.17867 -2.20369 
v -0.873556 8.20138 -1.84717 
v -1.1864 8.17867 -2.20369 
v -1.10227 8.25964 -2.20369 
v -1.10227 8.17867 -2.20369 
v -1.1864 8.25964 -2.20369 
v -1.01815 8.34061 -2.20369 
v -0.934027 8.42158 -2.20369 
v -0.934027 8.34061 -2.20369 
v -1.01815 8.42158 -2.20369 
v -0.873556 8.54337 -1.84717 
v 0.494435 4.7814 -0.821179 
v 0.56041 7.73719 -2.25528 
v 0.392164 7.65622 -2.25528 
v 0.392164 7.73719 -2.25528 
v 0.56041 7.65622 -2.25528 
v 0.518333 7.28656 -2.12541 
v 0.722433 7.48656 -2.12541 
v 0.746331 7.15427 -2.12541 
v 0.518333 7.62748 -2.12541 
v 0.308041 7.73719 -2.25528 
v 0.308041 7.81816 -2.25528 
v 0.392164 7.81816 -2.25528 
v 0.56041 7.98011 -2.25528 
v 0.728656 7.81816 -2.25528 
v 0.632332 7.69426 -2.12541 
v 0.722433 7.66913 -2.12541 
v 0.632332 7.628 -2.12541 
v 0.950431 7.48656 -2.12541 
v 1.26592 7.15427 -2.12541 
v 1.26592 7.40104 -2.12541 
v 1.49653 7.62748 -2.12541 
v 1.49653 7.40104 -2.12541 
v 0.950431 7.71505 -2.12541 
v 0.950431 7.66913 -2.12541 
v 0.728656 7.73719 -2.25528 
v 0.81278 7.89913 -2.25528 
v 0.81278 7.81816 -2.25528 
v 0.950431 7.71505 -2.12541 
v 1.37989 7.69356 -2.12541 
v 0.950431 7.66913 -2.12541 
v 0.836432 5.4654 -1.50517 
v 1.52043 5.1234 -1.50517 
v 0.836432 5.1234 -1.50517 
v 1.52043 5.4654 -1.50517 
v 0.836432 4.7814 -0.479182 
v 0.836432 4.43941 -0.479182 
v 0.494435 4.43941 -0.479182 
v 0.494435 4.78759 -0.479182 
v 0.836432 5.8074 -1.84717 
v 1.52043 5.4654 -1.84717 
v 0.836432 5.4654 -1.84717 
v 0.632332 7.628 -2.12541 
v 0.722433 7.66913 -2.12541 
v 1.17843 6.14939 -1.84717 
v 1.52043 6.14939 -1.84717 
v 1.86242 6.14939 -1.50517 
v 1.86242 5.4654 -1.50517 
v 1.52043 6.14939 -1.50517 
v 2.20442 6.14939 -0.479182 
v 2.54642 6.49139 -0.479182 
v 2.54642 6.14939 -0.479182 
v 2.20442 6.49139 -0.479182 
v 2.54642 7.51738 -0.821179 
v 2.20442 6.49139 -0.821179 
v 2.20442 7.51738 -0.821179 
v 2.54642 6.49139 -0.821179 
v 2.20442 7.51738 -0.479182 
v 2.54642 7.85938 -0.479182 
v 2.54642 7.51738 -0.479182 
v 2.20442 7.85938 -0.479182 
v 0.308041 7.81816 -2.20369 
v 0.392164 7.89913 -2.20369 
v 0.392164 7.81816 -2.20369 
v 0.392164 7.98011 -2.25528 
v 0.896903 7.98011 -2.25528 
v 0.896903 7.89913 -2.25528 
v 0.728656 8.06108 -2.25528 
v 0.56041 8.06108 -2.25528 
v 0.728656 8.14205 -2.25528 
v 0.981026 8.14205 -2.25528 
v 1.06515 8.06108 -2.25528 
v 1.06515 7.98011 -2.25528 
v 1.65401 7.98011 -2.25528 
v 1.56989 7.89913 -2.25528 
v 1.56989 7.98011 -2.25528 
v 1.65401 7.89913 -2.25528 
v 1.48576 8.06108 -2.25528 
v 1.40164 7.98011 -2.25528 
v 1.40164 8.06108 -2.25528 
v 1.56989 8.06108 -2.25528 
v 1.40164 8.14205 -2.25528 
v 1.48576 8.14205 -2.25528 
v 0.981026 8.22302 -2.25528 
v 1.40164 8.22302 -2.25528 
v 0.308041 7.89913 -2.20369 
v 0.896903 7.89913 -2.20369 
v 0.981026 7.98011 -2.20369 
v 0.981026 7.89913 -2.20369 
v 0.896903 7.98011 -2.20369 
v 1.06515 7.98011 -2.20369 
v 1.14927 8.06108 -2.20369 
v 1.14927 7.98011 -2.20369 
v 1.06515 8.06108 -2.20369 
v 0.896903 8.14205 -2.20369 
v 0.981026 8.22302 -2.20369 
v 0.981026 8.14205 -2.20369 
v 0.896903 8.22302 -2.20369 
v 1.52043 8.54337 -1.84717 
v 0.836432 8.20138 -1.84717 
v 0.836432 8.54337 -1.84717 
v 1.17843 7.85938 -1.84717 
v 1.56989 7.98011 -2.20369 
v 1.48576 7.89913 -2.20369 
v 1.48576 7.98011 -2.20369 
v 1.56989 7.89913 -2.20369 
v 1.52043 7.85938 -1.84717 
v 1.52043 7.85938 -1.50517 
v 1.86242 8.54337 -1.50517 
v 1.86242 7.85938 -1.50517 
v 1.48576 8.06108 -2.20369 
v 1.56989 8.14205 -2.20369 
v 1.56989 8.06108 -2.20369 
v 1.40164 8.14205 -2.20369 
v 1.48576 8.22302 -2.20369 
v 1.48576 8.14205 -2.20369 
v 1.40164 8.22302 -2.20369 
v 1.52043 8.54337 -1.50517 

vn 1 0 0 
vn 1 0 0 
vn 1 0 0 
vn 1 0 0 
vn 1 0 0 
vn 1 0 0 
vn 1 0 0 
vn 1 0 0 
vn 1 0 0 
vn 1 0 0 
vn 1 0 0 
vn 1 0 0 
vn 1 0 0 
vn 1 0 0 
vn 1 0 0 
vn 1 0 0 
vn 1 0 0 
vn 1 0 0 
vn 1 0 0 
vn 1 0 0 
vn 1 0 0 
vn 1 0 0 
vn 1 0 0 
vn 1 0 0 
vn 1 0 0 
vn 1 0 0 
vn 1 0 0 
vn 1 0 0 
vn 1 0 0 
vn 1 0 0 
vn 1 0 0 
vn 1 0 0 
vn 1 0 0 
vn 1 0 0 
vn 1 0 0 
vn 1 0 0 
vn 1 0 0 
vn 1 0 0 
vn 1 0 0 
vn 1 0 0 
vn 1 0 0 
vn 1 0 0 
vn 1 0 0 
vn 1 0 0 
vn 1 0 0 
vn 1 0 0 
vn 1 0 0 
vn 1 0 0 
vn 1 0 0 
vn 1 0 0 
vn 1 0 0 
vn 1 0 0 
vn 1 0 0 
vn 1 0 0 
vn 1 0 0 
vn 1 0 0 
vn 1 0 0 
vn 1 0 0 
vn 1 0 0 
vn 1 0 0 
vn 1 0 0 
vn 1 0 0 
vn 1 0 0 
vn 1 0 0 
vn 1 0 0 
vn 1 0 0 
vn 1 0 0 
vn 1 0 0 
vn 1 0 0 
vn 1 0 0 
vn 1 0 0 
vn 1 0 0 
vn 1 0 0 
vn 1 0 0 
vn 1 0 0 
vn 1 0 0 
vn 1 0 0 
vn 1 0 0 
vn 1 0 0 
vn 1 0 0 
vn 1 0 0 
vn 1 0 0 
vn 1 0 0 
vn 1 0 0 
vn 1 0 0 
vn 1 0 0 
vn 1 0 0 
vn 1 0 0 
vn 1 0 0 
vn 1 0 0 
vn 1 0 0 
vn 1 0 0 
vn 1 0 0 
vn 1 0 0 
vn 1 0 0 
vn 1 0 0 
vn 1 0 0 
vn 1 0 0 
vn 1 0 0 
vn 1 0 0 
vn 1 0 0 
vn 1 0 0 
vn 1 0 0 
vn 1 0 0 
vn 1 0 0 
vn 1 0 0 
vn 1 0 0 
vn 1 0 0 
vn 1 0 0 
vn 1 0 0 
vn 1 0 0 
vn 1 0 0 
vn 1 0 0 
vn 1 0 0 
vn 1 0 0 
vn 1 0 0 
vn 1 0 0 
vn 1 0 0 
vn 1 0 0 
vn 1 0 0 
vn 1 0 0 
vn 1 0 0 
vn 1 0 0 
vn 1 0 0 
vn 1 0 0 
vn 1 0 0 
vn 1 0 0 
vn 1 0 0 
vn 1 0 0 
vn 1 0 0 
vn 1 0 0 
vn 1 0 0 
vn 1 0 0 
vn 1 0 0 
vn 1 0 0 
vn 1 0 0 
vn 1 0 0 
vn 1 0 0 
vn 1 0 0 
vn 1 0 0 
vn 1 0 0 
vn 1 0 0 
vn 1 0 0 
vn 1 0 0 
vn 1 0 0 
vn 1 0 0 
vn 1 0 0 
vn 1 0 0 
vn 1 0 0 
vn 1 0 0 
vn 1 0 0 
vn 1 0 0 
vn 1 0 0 
vn 1 0 0 
vn 1 0 0 
vn 1 0 0 
vn 1 0 0 
vn 1 0 0 
vn 1 0 0 
vn 1 0 0 
vn 1 0 0 
vn 1 0 0 
vn 1 0 0 
vn 1 0 0 
vn 1 0 0 
vn 1 0 0 
vn 1 0 0 
vn 1 0 0 
vn 1 0 0 
vn 1 0 0 
vn 1 0 0 
vn 1 0 0 
vn 1 0 0 
vn 1 0 0 
vn 1 0 0 
vn 1 0 0 
vn 1 0 0 
vn 1 0 0 
vn 1 0 0 
vn 1 0 0 
vn 1 0 0 
vn 1 0 0 
vn 1 0 0 
vn 1 0 0 
vn 1 0 0 
vn 1 0 0 
vn 1 0 0 
vn 1 0 0 
vn 1 0 0 
vn 1 0 0 
vn 1 0 0 
vn 1 0 0 
vn 1 0 0 
vn 1 0 0 
vn 1 0 0 
vn 1 0 0 
vn 1 0 0 
vn 1 0 0 
vn 1 0 0 
vn 1 0 0 
vn 1 0 0 
vn 1 0 0 
vn 1 0 0 
vn 1 0 0 
vn 1 0 0 
vn 1 0 0 
vn 1 0 0 
vn 1 0 0 
vn 1 0 0 
vn 1 0 0 
vn 0 1 0 
vn 0 1 0 
vn 0 1 0 
vn 0 1 0 
vn 0 1 0 
vn 0 1 0 
vn 0 1 0 
vn 0 1 0 
vn 0 1 0 
vn 0 1 0 
vn 0 1 0 
vn 0 1 0 
vn 0 1 0 
vn 0 1 0 
vn 0 1 0 
vn 0 1 0 
vn 0 1 0 
vn 0 1 0 
vn 0 1 0 
vn 0 1 0 
vn 0 1 0 
vn 0 1 0 
vn 0 1 0 
vn 0 1 0 
vn 0 1 0 
vn 0 1 0 
vn 0 1 0 
vn 0 1 0 
vn 0 1 0 
vn 0 1 0 
vn 0 1 0 
vn 0 1 0 
vn 0 1 0 
vn 0 1 0 
vn 0 1 0 
vn 0 1 0 
vn 0 1 0 
vn 0 1 0 
vn 0 1 0 
vn 0 1 0 
vn 0 1 0 
vn 0 1 0 
vn 0 1 0 
vn 0 1 0 
vn 0 1 0 
vn 0 1 0 
vn 0 1 0 
vn 0 1 0 
vn 0 1 0 
vn 0 1 0 
vn 0 1 0 
vn 0 1 0 
vn 0 1 0 
vn 0 1 0 
vn 0 1 0 
vn 0 1 0 
vn 0 1 0 
vn 0 1 0 
vn 0 1 0 
vn 0 1 0 
vn 0 1 0 
vn 0 1 0 
vn 0 1 0 
vn 0 1 0 
vn 0 1 0 
vn 0 1 0 
vn 0 1 0 
vn 0 1 0 
vn 0 1 0 
vn 0 1 0 
vn 0 1 0 
vn 0 1 0 
vn 0 1 0 
vn 0 1 0 
vn 0 1 0 
vn 0 1 0 
vn 0 1 0 
vn 0 1 0 
vn 0 1 0 
vn 0 1 0 
vn 0 1 0 
vn 0 1 0 
vn 0 1 0 
vn 0 1 0 
vn 0 1 0 
vn 0 1 0 
vn 0 1 0 
vn 0 1 0 
vn 0 1 0 
vn 0 1 0 
vn 0 1 0 
vn 0 1 0 
vn 0 1 0 
vn 0 1 0 
vn 0 1 0 
vn 0 1 0 
vn 0 1 0 
vn 0 1 0 
vn 0 1 0 
vn 0 1 0 
vn 0 1 0 
vn 0 1 0 
vn 0 1 0 
vn 0 1 0 
vn 0 1 0 
vn 0 1 0 
vn 0 1 0 
vn 0 1 0 
vn 0 1 0 
vn 0 1 0 
vn 0 1 0 
vn 0 1 0 
vn 0 1 0 
vn 0 1 0 
vn 0 1 0 
vn 0 1 0 
vn 0 1 0 
vn 0 1 0 
vn 0 1 0 
vn 0 1 0 
vn 0 1 0 
vn 0 1 0 
vn 0 1 0 
vn 0 1 0 
vn 0 1 0 
vn 0 1 0 
vn 0 1 0 
vn 0 1 0 
vn 0 1 0 
vn 0 1 0 
vn 0 1 0 
vn 0 1 0 
vn 0 1 0 
vn 0 1 0 
vn 0 1 0 
vn 0 1 0 
vn 0 1 0 
vn 0 1 0 
vn 0 1 0 
vn 0 1 0 
vn 0 1 0 
vn 0 1 0 
vn 0 1 0 
vn 0 1 0 
vn 0 1 0 
vn 0 1 0 
vn 0 1 0 
vn 0 1 0 
vn 0 1 0 
vn 0 1 0 
vn 0 1 0 
vn 0 1 0 
vn 0 1 0 
vn 0 1 0 
vn 0 1 0 
vn 0 1 0 
vn 0 1 0 
vn 0 1 0 
vn 0 1 0 
vn 0 1 0 
vn 0 1 0 
vn 0 1 0 
vn 0 1 0 
vn 0 1 0 
vn 0 1 0 
vn 0 1 0 
vn 0 1 0 
vn 0 1 0 
vn 0 1 0 
vn 0 1 0 
vn 0 1 0 
vn 0 1 0 
vn 0 1 0 
vn 0 1 0 
vn 0 1 0 
vn 0 1 0 
vn 0 1 0 
vn 0 1 0 
vn 0 1 0 
vn 0 1 0 
vn 0 1 0 
vn 0 1 0 
vn 0 1 0 
vn 0 1 0 
vn 0 1 0 
vn 0 1 0 
vn 0 1 0 
vn 0 1 0 
vn 0 1 0 
vn 0 1 0 
vn 0 1 0 
vn 0 1 0 
vn 0 0 1 
vn 0 0 1 
vn 0 0 1 
vn 0 0 1 
vn 0 0 1 
vn 0 0 1 
vn 0 0 1 
vn 0 0 1 
vn 0 0 1 
vn 0 0 1 
vn 0 0 1 
vn 0 0 1 
vn 0 0 1 
vn 0 0 1 
vn 0 0 1 
vn 0 0 1 
vn 0 0 1 
vn 0 0 1 
vn 0 0 1 
vn 0 0 1 
vn 0 0 1 
vn 0 0 1 
vn 0 0 1 
vn 0 0 1 
vn 0 0 1 
vn 0 0 1 
vn 0 0 1 
vn 0 0 1 
vn 0 0 1 
vn 0 0 1 
vn 0 0 1 
vn 0 0 1 
vn 0 0 1 
vn 0 0 1 
vn 0 0 1 
vn 0 0 1 
vn 0 0 1 
vn 0 0 1 
vn 0 0 1 
vn 0 0 1 
vn 0 0 1 
vn 0 0 1 
vn 0 0 1 
vn 0 0 1 
vn 0 0 1 
vn 0 0 1 
vn 0 0 1 
vn 0 0 1 
vn 0 0 1 
vn 0 0 1 
vn 0 0 1 
vn 0 0 1 
vn 0 0 1 
vn 0 0 1 
vn 0 0 1 
vn 0 0 1 
vn 0 0 1 
vn 0 0 1 
vn 0 0 1 
vn 0 0 1 
vn 0 0 1 
vn 0 0 1 
vn 0 0 1 
vn 0 0 1 
vn 0 0 1 
vn 0 0 1 
vn 0 0 1 
vn 0 0 1 
vn 0 0 1 
vn 0 0 1 
vn 0 0 1 
vn 0 0 1 
vn 0 0 1 
vn 0 0 1 
vn 0 0 1 
vn 0 0 1 
vn 0 0 1 
vn 0 0 1 
vn 0 0 1 
vn 0 0 1 
vn 0 0 1 
vn 0 0 1 
vn 0 0 1 
vn 0 0 1 
vn 0 0 1 
vn 0 0 1 
vn 0 0 1 
vn 0 0 1 
vn 0 0 1 
vn 0 0 1 
vn 0 0 1 
vn 0 0 1 
vn 0 0 1 
vn 0 0 1 
vn 0 0 1 
vn 0 0 1 
vn 0 0 1 
vn 0 0 1 
vn 0 0 1 
vn 0 0 1 
vn 0 0 1 
vn 0 0 1 
vn 0 0 1 
vn 0 0 1 
vn 0 0 1 
vn 0 0 1 
vn 0 0 1 
vn 0 0 1 
vn 0 0 1 
vn 0 0 1 
vn 0 0 1 
vn 0 0 1 
vn 0 0 1 
vn 0 0 1 
vn 0 0 1 
vn 0 0 1 
vn 0 0 1 
vn 0 0 1 
vn 0 0 1 
vn 0 0 1 
vn 0 0 1 
vn 0 0 1 
vn 0 0 1 
vn 0 0 1 
vn 0 0 1 
vn 0 0 1 
vn 0 0 1 
vn 0 0 1 
vn 0 0 1 
vn 0 0 1 
vn 0 0 1 
vn 0 0 1 
vn 0 0 1 
vn 0 0 1 
vn 0 0 1 
vn 0 0 1 
vn 0 0 1 
vn 0 0 1 
vn 0 0 1 
vn 0 0 1 
vn 0 0 1 
vn 0 0 1 
vn 0 0 1 
vn 0 0 1 
vn 0 0 1 
vn 0 0 1 
vn 0 0 1 
vn 0 0 1 
vn 0 0 1 
vn 0 0 1 
vn 0 0 1 
vn 0 0 1 
vn 0 0 1 
vn 0 0 1 
vn 0 0 1 
vn 0 0 1 
vn 0 0 1 
vn 0 0 1 
vn 0 0 1 
vn 0 0 1 
vn 0 0 1 
vn 0 0 1 
vn 0 0 1 
vn 0 0 1 
vn 0 0 1 
vn 0 0 1 
vn 0 0 1 
vn 0 0 1 
vn 0 0 1 
vn 0 0 1 
vn 0 0 1 
vn 0 0 1 
vn 0 0 1 
vn 0 0 1 
vn 0 0 1 
vn 0 0 1 
vn 0 0 1 
vn 0 0 1 
vn 0 0 1 
vn 0 0 1 
vn 0 0 1 
vn 0 0 1 
vn 0 0 1 
vn 0 0 1 
vn 0 0 1 
vn 0 0 1 
vn 0 0 1 
vn 0 0 1 
vn 0 0 1 
vn 0 0 1 
vn 0 0 1 
vn 0 0 1 
vn 0 0 1 
vn 0 0 1 
vn 0 0 1 
vn 0 0 1 
vn 0 0 1 
vn 0 0 1 
vn 0 0 1 
vn 0 0 1 
vn 0 0 1 
vn 0 0 1 
vn 0 0 1 
vn 0 0 1 
vn 0 0 1 
vn 0 0 1 
vn 0 0 1 
vn 0 0 1 
vn 0 0 1 
vn 0 0 1 
vn 0 0 1 
vn 0 0 1 
vn -1 0 0 
vn -1 0 0 
vn -1 0 0 
vn -1 0 0 
vn -1 0 0 
vn -1 0 0 
vn -1 0 0 
vn -1 0 0 
vn -1 0 0 
vn -1 0 0 
vn -1 0 0 
vn -1 0 0 
vn -1 0 0 
vn -1 0 0 
vn -1 0 0 
vn -1 0 0 
vn -1 0 0 
vn -1 0 0 
vn -1 0 0 
vn -1 0 0 
vn -1 0 0 
vn -1 0 0 
vn -1 0 0 
vn -1 0 0 
vn -1 0 0 
vn -1 0 0 
vn -1 0 0 
vn -1 0 0 
vn -1 0 0 
vn -1 0 0 
vn -1 0 0 
vn -1 0 0 
vn -1 0 0 
vn -1 0 0 
vn -1 0 0 
vn -1 0 0 
vn -1 0 0 
vn -1 0 0 
vn -1 0 0 
vn -1 0 0 
vn -1 0 0 
vn -1 0 0 
vn -1 0 0 
vn -1 0 0 
vn -1 0 0 
vn -1 0 0 
vn -1 0 0 
vn -1 0 0 
vn -1 0 0 
vn -1 0 0 
vn -1 0 0 
vn -1 0 0 
vn -1 0 0 
vn -1 0 0 
vn -1 0 0 
vn -1 0 0 
vn -1 0 0 
vn -1 0 0 
vn -1 0 0 
vn -1 0 0 
vn -1 0 0 
vn -1 0 0 
vn -1 0 0 
vn -1 0 0 
vn -1 0 0 
vn -1 0 0 
vn -1 0 0 
vn -1 0 0 
vn -1 0 0 
vn -1 0 0 
vn -1 0 0 
vn -1 0 0 
vn -1 0 0 
vn -1 0 0 
vn -1 0 0 
vn -1 0 0 
vn -1 0 0 
vn -1 0 0 
vn -1 0 0 
vn -1 0 0 
vn -1 0 0 
vn -1 0 0 
vn -1 0 0 
vn -1 0 0 
vn -1 0 0 
vn -1 0 0 
vn -1 0 0 
vn -1 0 0 
vn -1 0 0 
vn -1 0 0 
vn -1 0 0 
vn -1 0 0 
vn -1 0 0 
vn -1 0 0 
vn -1 0 0 
vn -1 0 0 
vn -1 0 0 
vn -1 0 0 
vn -1 0 0 
vn -1 0 0 
vn -1 0 0 
vn -1 0 0 
vn -1 0 0 
vn -1 0 0 
vn -1 0 0 
vn -1 0 0 
vn -1 0 0 
vn -1 0 0 
vn -1 0 0 
vn -1 0 0 
vn -1 0 0 
vn -1 0 0 
vn -1 0 0 
vn -1 0 0 
vn -1 0 0 
vn -1 0 0 
vn -1 0 0 
vn -1 0 0 
vn -1 0 0 
vn -1 0 0 
vn -1 0 0 
vn -1 0 0 
vn -1 0 0 
vn -1 0 0 
vn -1 0 0 
vn -1 0 0 
vn -1 0 0 
vn -1 0 0 
vn -1 0 0 
vn -1 0 0 
vn -1 0 0 
vn -1 0 0 
vn -1 0 0 
vn -1 0 0 
vn -1 0 0 
vn -1 0 0 
vn -1 0 0 
vn -1 0 0 
vn -1 0 0 
vn -1 0 0 
vn -1 0 0 
vn -1 0 0 
vn -1 0 0 
vn -1 0 0 
vn -1 0 0 
vn -1 0 0 
vn -1 0 0 
vn -1 0 0 
vn -1 0 0 
vn -1 0 0 
vn -1 0 0 
vn -1 0 0 
vn -1 0 0 
vn -1 0 0 
vn -1 0 0 
vn -1 0 0 
vn -1 0 0 
vn -1 0 0 
vn -1 0 0 
vn -1 0 0 
vn -1 0 0 
vn -1 0 0 
vn -1 0 0 
vn -1 0 0 
vn -1 0 0 
vn -1 0 0 
vn -1 0 0 
vn -1 0 0 
vn -1 0 0 
vn -1 0 0 
vn -1 0 0 
vn -1 0 0 
vn -1 0 0 
vn -1 0 0 
vn -1 0 0 
vn -1 0 0 
vn -1 0 0 
vn -1 0 0 
vn -1 0 0 
vn -1 0 0 
vn -1 0 0 
vn -1 0 0 
vn -1 0 0 
vn -1 0 0 
vn -1 0 0 
vn -1 0 0 
vn -1 0 0 
vn -1 0 0 
vn -1 0 0 
vn -1 0 0 
vn -1 0 0 
vn -1 0 0 
vn -1 0 0 
vn -1 0 0 
vn -1 0 0 
vn -1 0 0 
vn -1 0 0 
vn -1 0 0 
vn -1 0 0 
vn -1 0 0 
vn -1 0 0 
vn -1 0 0 
vn -1 0 0 
vn -1 0 0 
vn -1 0 0 
vn -1 0 0 
vn 0 -1 0 
vn 0 -1 0 
vn 0 -1 0 
vn 0 -1 0 
vn 0 -1 0 
vn 0 -1 0 
vn 0 -1 0 
vn 0 -1 0 
vn 0 -1 0 
vn 0 -1 0 
vn 0 -1 0 
vn 0 -1 0 
vn 0 -1 0 
vn 0 -1 0 
vn 0 -1 0 
vn 0 -1 0 
vn 0 -1 0 
vn 0 -1 0 
vn 0 -1 0 
vn 0 -1 0 
vn 0 -1 0 
vn 0 -1 0 
vn 0 -1 0 
vn 0 -1 0 
vn 0 -1 0 
vn 0 -1 0 
vn 0 -1 0 
vn 0 -1 0 
vn 0 -1 0 
vn 0 -1 0 
vn 0 -1 0 
vn 0 -1 0 
vn 0 -1 0 
vn 0 -1 0 
vn 0 -1 0 
vn 0 -1 0 
vn 0 -1 0 
vn 0 -1 0 
vn 0 -1 0 
vn 0 -1 0 
vn 0 -1 0 
vn 0 -1 0 
vn 0 -1 0 
vn 0 -1 0 
vn 0 -1 0 
vn 0 -1 0 
vn 0 -1 0 
vn 0 -1 0 
vn 0 -1 0 
vn 0 -1 0 
vn 0 -1 0 
vn 0 -1 0 
vn 0 -1 0 
vn 0 -1 0 
vn 0 -1 0 
vn 0 -1 0 
vn 0 -1 0 
vn 0 -1 0 
vn 0 -1 0 
vn 0 -1 0 
vn 0 -1 0 
vn 0 -1 0 
vn 0 -1 0 
vn 0 -1 0 
vn 0 -1 0 
vn 0 -1 0 
vn 0 -1 0 
vn 0 -1 0 
vn 0 -1 0 
vn 0 -1 0 
vn 0 -1 0 
vn 0 -1 0 
vn 0 -1 0 
vn 0 -1 0 
vn 0 -1 0 
vn 0 -1 0 
vn 0 -1 0 
vn 0 -1 0 
vn 0 -1 0 
vn 0 -1 0 
vn 0 -1 0 
vn 0 -1 0 
vn 0 -1 0 
vn 0 -1 0 
vn 0 -1 0 
vn 0 -1 0 
vn 0 -1 0 
vn 0 -1 0 
vn 0 -1 0 
vn 0 -1 0 
vn 0 -1 0 
vn 0 -1 0 
vn 0 -1 0 
vn 0 -1 0 
vn 0 -1 0 
vn 0 -1 0 
vn 0 -1 0 
vn 0 -1 0 
vn 0 -1 0 
vn 0 -1 0 
vn 0 -1 0 
vn 0 -1 0 
vn 0 -1 0 
vn 0 -1 0 
vn 0 -1 0 
vn 0 -1 0 
vn 0 -1 0 
vn 0 -1 0 
vn 0 -1 0 
vn 0 -1 0 
vn 0 -1 0 
vn 0 -1 0 
vn 0 -1 0 
vn 0 -1 0 
vn 0 -1 0 
vn 0 -1 0 
vn 0 -1 0 
vn 0 -1 0 
vn 0 -1 0 
vn 0 -1 0 
vn 0 -1 0 
vn 0 -1 0 
vn 0 -1 0 
vn 0 -1 0 
vn 0 -1 0 
vn 0 -1 0 
vn 0 -1 0 
vn 0 -1 0 
vn 0 -1 0 
vn 0 -1 0 
vn 0 -1 0 
vn 0 -1 0 
vn 0 -1 0 
vn 0 -1 0 
vn 0 -1 0 
vn 0 -1 0 
vn 0 -1 0 
vn 0 -1 0 
vn 0 -1 0 
vn 0 -1 0 
vn 0 -1 0 
vn 0 -1 0 
vn 0 -1 0 
vn 0 -1 0 
vn 0 -1 0 
vn 0 -1 0 
vn 0 -1 0 
vn 0 -1 0 
vn 0 -1 0 
vn 0 -1 0 
vn 0 -1 0 
vn 0 -1 0 
vn 0 -1 0 
vn 0 -1 0 
vn 0 -1 0 
vn 0 -1 0 
vn 0 -1 0 
vn 0 -1 0 
vn 0 -1 0 
vn 0 -1 0 
vn 0 -1 0 
vn 0 -1 0 
vn 0 -1 0 
vn 0 -1 0 
vn 0 -1 0 
vn 0 -1 0 
vn 0 -1 0 
vn 0 -1 0 
vn 0 -1 0 
vn 0 -1 0 
vn 0 -1 0 
vn 0 -1 0 
vn 0 -1 0 
vn 0 -1 0 
vn 0 -1 0 
vn 0 -1 0 
vn 0 -1 0 
vn 0 -1 0 
vn 0 -1 0 
vn 0 -1 0 
vn 0 -1 0 
vn 0 -1 0 
vn 0 -1 0 
vn 0 -1 0 
vn 0 -1 0 
vn 0 -1 0 
vn 0 -1 0 
vn 0 -1 0 
vn 0 -1 0 
vn 0 -1 0 
vn 0 -1 0 
vn 0 -1 0 
vn 0 -1 0 
vn 0 -1 0 
vn 0 -1 0 
vn 0 -1 0 
vn 0 -1 0 
vn 0 -1 0 
vn 0 -1 0 
vn 0 -1 0 
vn 0 -1 0 
vn 0 -1 0 
vn 0 -1 0 
vn 0 -1 0 
vn 0 -1 0 
vn 0 -1 0 
vn 0 -1 0 
vn 0 -1 0 
vn 0 -1 0 
vn 0 -1 0 
vn 0 -1 0 
vn 0 -1 0 
vn 0 -1 0 
vn 0 -1 0 
vn 0 -1 0 
vn 0 -1 0 
vn 0 0 -1 
vn 0 0 -1 
vn 0 0 -1 
vn 0 0 -1 
vn 0 0 -1 
vn 0 0 -1 
vn 0 0 -1 
vn 0 0 -1 
vn 0 0 -1 
vn 0 0 -1 
vn 0 0 -1 
vn 0 0 -1 
vn 0 0 -1 
vn 0 0 -1 
vn 0 0 -1 
vn 0 0 -1 
vn 0 0 -1 
vn 0 0 -1 
vn 0 0 -1 
vn 0 0 -1 
vn 0 0 -1 
vn 0 0 -1 
vn 0 0 -1 
vn 0 0 -1 
vn 0 0 -1 
vn 0 0 -1 
vn 0 0 -1 
vn 0 0 -1 
vn 0 0 -1 
vn 0 0 -1 
vn 0 0 -1 
vn 0 0 -1 
vn 0 0 -1 
vn 0 0 -1 
vn 0 0 -1 
vn 0 0 -1 
vn 0 0 -1 
vn 0 0 -1 
vn 0 0 -1 
vn 0 0 -1 
vn 0 0 -1 
vn 0 0 -1 
vn 0 0 -1 
vn 0 0 -1 
vn 0 0 -1 
vn 0 0 -1 
vn 0 0 -1 
vn 0 0 -1 
vn 0 0 -1 
vn 0 0 -1 
vn 0 0 -1 
vn 0 0 -1 
vn 0 0 -1 
vn 0 0 -1 
vn 0 0 -1 
vn 0 0 -1 
vn 0 0 -1 
vn 0 0 -1 
vn 0 0 -1 
vn 0 0 -1 
vn 0 0 -1 
vn 0 0 -1 
vn 0 0 -1 
vn 0 0 -1 
vn 0 0 -1 
vn 0 0 -1 
vn 0 0 -1 
vn 0 0 -1 
vn 0 0 -1 
vn 0 0 -1 
vn 0 0 -1 
vn 0 0 -1 
vn 0 0 -1 
vn 0 0 -1 
vn 0 0 -1 
vn 0 0 -1 
vn 0 0 -1 
vn 0 0 -1 
vn 0 0 -1 
vn 0 0 -1 
vn 0 0 -1 
vn 0 0 -1 
vn 0 0 -1 
vn 0 0 -1 
vn 0 0 -1 
vn 0 0 -1 
vn 0 0 -1 
vn 0 0 -1 
vn 0 0 -1 
vn 0 0 -1 
vn 0 0 -1 
vn 0 0 -1 
vn 0 0 -1 
vn 0 0 -1 
vn 0 0 -1 
vn 0 0 -1 
vn 0 0 -1 
vn 0 0 -1 
vn 0 0 -1 
vn 0 0 -1 
vn 0 0 -1 
vn 0 0 -1 
vn 0 0 -1 
vn 0 0 -1 
vn 0 0 -1 
vn 0 0 -1 
vn 0 0 -1 
vn 0 0 -1 
vn 0 0 -1 
vn 0 0 -1 
vn 0 0 -1 
vn 0 0 -1 
vn 0 0 -1 
vn 0 0 -1 
vn 0 0 -1 
vn 0 0 -1 
vn 0 0 -1 
vn 0 0 -1 
vn 0 0 -1 
vn 0 0 -1 
vn 0 0 -1 
vn 0 0 -1 
vn 0 0 -1 
vn 0 0 -1 
vn 0 0 -1 
vn 0 0 -1 
vn 0 0 -1 
vn 0 0 -1 
vn 0 0 -1 
vn 0 0 -1 
vn 0 0 -1 
vn 0 0 -1 
vn 0 0 -1 
vn 0 0 -1 
vn 0 0 -1 
vn 0 0 -1 
vn 0 0 -1 
vn 0 0 -1 
vn 0 0 -1 
vn 0 0 -1 
vn 0 0 -1 
vn 0 0 -1 
vn 0 0 -1 
vn 0 0 -1 
vn 0 0 -1 
vn 0 0 -1 
vn 0 0 -1 
vn 0 0 -1 
vn 0 0 -1 
vn 0 0 -1 
vn 0 0 -1 
vn 0 0 -1 
vn 0 0 -1 
vn 0 0 -1 
vn 0 0 -1 
vn 0 0 -1 
vn 0 0 -1 
vn 0 0 -1 
vn 0 0 -1 
vn 0 0 -1 
vn 0 0 -1 
vn 0 0 -1 
vn 0 0 -1 
vn 0 0 -1 
vn 0 0 -1 
vn 0 0 -1 
vn 0 0 -1 
vn 0 0 -1 
vn 0 0 -1 
vn 0 0 -1 
vn 0 0 -1 
vn 0 0 -1 
vn 0 0 -1 
vn 0 0 -1 
vn 0 0 -1 
vn 0 0 -1 
vn 0 0 -1 
vn 0 0 -1 
vn 0 0 -1 
vn 0 0 -1 
vn 0 0 -1 
vn 0 0 -1 
vn 0 0 -1 
vn 0 0 -1 
vn 0 0 -1 
vn 0 0 -1 
vn 0 0 -1 
vn 0 0 -1 
vn 0 0 -1 
vn 0 0 -1 
vn 0 0 -1 
vn 0 0 -1 
vn 0 0 -1 
vn 0 0 -1 
vn 0 0 -1 
vn 0 0 -1 
vn 0 0 -1 
vn 0 0 -1 
vn 0 0 -1 
vn 0 0 -1 
vn 0 0 -1 
vn 0 0 -1 
vn 0 0 -1 
vn 0 0 -1 
vn 0 0 -1 
vn 0 0 -1 
vn 0 0 -1 
vn 0 0 -1 
vn 0 0 -1 
vn 0 0 -1 
vn 0 0 -1 
vn 0 0 -1 
vn 0 0 -1 
vn 0 0 -1 
vn 0 0 -1 
vn 0 0 -1 
vn 0 0 -1 
vn 0 0 -1 
vn 0 0 -1 
vn 0 0 -1 
vn 0 0 -1 
vn 0 0 -1 
vn 0 0 -1 
vn 0 0 -1 
vn 0 0 -1 
vn 0 0 -1 
vn 0 0 -1 
vn 0 0 -1 
vn 0 0 -1 
vn 0 0 -1 
vn 0 0 -1 
vn 0 0 -1 
vn 0 0 -1 
vn 0 0 -1 
vn 0 0 -1 
vn 0 0 -1 
vn 0 0 -1 

vt 58.3034 -24.8443 
vt 58.2528 -24.8544 
vt 58.3034 -24.8544 
vt 58.2567 -24.858 
vt 58.2871 -24.8863 
vt 58.2871 -24.858 
vt 58.2528 -24.8443 
vt 58.3034 -24.8342 
vt 58.2528 -24.8443 
vt 58.3034 -24.8443 
vt 58.3034 -24.8195 
vt 58.2528 -24.8296 
vt 58.3034 -24.8296 
vt 58.2905 -24.8093 
vt 58.2528 -24.8195 
vt 58.3034 -24.8195 
vt 58.2528 -24.8195 
vt 58.2528 -24.8342 
vt 58.3034 -24.8139 
vt 58.2969 -24.824 
vt 58.3034 -24.824 
vt 58.3034 -24.824 
vt 58.2528 -24.8342 
vt 58.3034 -24.8342 
vt 58.2528 -24.824 
vt 58.2905 -24.8139 
vt 58.2528 -24.824 
vt 58.2905 -24.824 
vt 58.2969 -24.8139 
vt 58.2969 -24.8139 
vt 58.2905 -24.824 
vt 58.2969 -24.824 
vt 58.2905 -24.8139 
vt 58.2567 -24.8863 
vt 58.1241 -25.2137 
vt 58.0814 -25.2565 
vt 58.1241 -25.2565 
vt 58.0814 -25.213 
vt 57.9531 -25.2565 
vt 57.9104 -25.2137 
vt 57.9104 -25.2565 
vt 57.9531 -25.213 
vt 58.2528 -24.8093 
vt 57.7394 -25 
vt 57.6966 -25.0427 
vt 57.7394 -25.0427 
vt 57.6966 -25 
vt 57.7394 -24.829 
vt 57.6966 -24.8718 
vt 57.7394 -24.8718 
vt 58.0814 -25.2137 
vt 57.9531 -25.2137 
vt 58.0814 -25.2565 
vt 57.9531 -25.2565 
vt 57.6966 -24.8718 
vt 57.6966 -25 
vt 57.7394 -25 
vt 57.7394 -24.8718 
vt 58.2528 -24.8139 
vt 57.6966 -24.829 
vt 58.2969 -24.8093 
vt 58.2969 -24.7992 
vt 58.3034 -24.8093 
vt 58.3034 -24.7891 
vt 58.3034 -24.7891 
vt 58.2969 -24.7992 
vt 58.3034 -24.7992 
vt 58.2969 -24.7891 
vt 58.2905 -24.7992 
vt 58.2969 -24.7992 
vt 58.2969 -24.7891 
vt 58.3034 -24.7587 
vt 58.2969 -24.7688 
vt 58.3034 -24.7688 
vt 58.2969 -24.7587 
vt 58.2969 -24.7587 
vt 58.2905 -24.7688 
vt 58.2969 -24.7688 
vt 58.2969 -24.8093 
vt 58.3034 -24.8093 
vt 58.3034 -24.8038 
vt 58.2969 -24.8139 
vt 58.3034 -24.8139 
vt 58.2969 -24.8038 
vt 58.2969 -24.7992 
vt 58.2905 -24.7992 
vt 58.2905 -24.7992 
vt 58.2905 -24.7891 
vt 58.3034 -24.779 
vt 58.2528 -24.7891 
vt 58.3034 -24.7891 
vt 58.2905 -24.7891 
vt 58.2528 -24.7992 
vt 58.2905 -24.7992 
vt 58.2528 -24.7891 
vt 58.2528 -24.779 
vt 58.2905 -24.7587 
vt 58.2905 -24.7587 
vt 58.2528 -24.7688 
vt 58.2905 -24.7688 
vt 58.2528 -24.7587 
vt 58.3034 -24.7688 
vt 58.2528 -24.779 
vt 58.3034 -24.779 
vt 58.2528 -24.7891 
vt 58.2528 -24.8093 
vt 58.2905 -24.8093 
vt 58.3034 -24.779 
vt 58.2528 -24.7891 
vt 58.3034 -24.7891 
vt 58.2528 -24.779 
vt 58.2528 -24.7688 
vt 58.2905 -24.8038 
vt 58.2528 -24.8139 
vt 58.2905 -24.8139 
vt 58.2096 -25.0427 
vt 58.2096 -25.1282 
vt 58.2524 -25.1282 
vt 58.1241 -25.171 
vt 58.2096 -25.171 
vt 58.1241 -25.1282 
vt 58.2524 -25.0427 
vt 58.2969 -24.8038 
vt 58.2905 -24.8139 
vt 58.2969 -24.8139 
vt 58.2567 -24.858 
vt 58.2871 -24.8863 
vt 58.2871 -24.858 
vt 58.2567 -24.8863 
vt 58.3034 -24.8139 
vt 58.2528 -24.824 
vt 58.3034 -24.824 
vt 58.1669 -25.0427 
vt 58.2096 -25.1282 
vt 58.2096 -25.0427 
vt 58.1241 -25.0855 
vt 58.1241 -25.1282 
vt 58.0814 -25 
vt 58.1241 -25 
vt 58.1241 -24.8718 
vt 58.2528 -24.8139 
vt 58.0814 -24.8718 
vt 57.9531 -25 
vt 58.0814 -25.0427 
vt 57.9104 -25.0855 
vt 57.8249 -25.1282 
vt 57.9104 -25.1282 
vt 57.9104 -25.1282 
vt 57.8249 -25.171 
vt 57.9104 -25.171 
vt 57.8249 -25.1282 
vt 57.7821 -25.0427 
vt 57.7821 -25.1282 
vt 57.8676 -25.0427 
vt 57.8249 -25.0427 
vt 57.8249 -25.0427 
vt 57.9531 -24.8718 
vt 57.9531 -25.0427 
vt 57.9104 -24.8718 
vt 57.9104 -25 
vt 58.0814 -24.829 
vt 57.9531 -24.829 
vt 58.2905 -24.8038 
vt 58.2905 -24.8139 
vt 58.2969 -24.8139 
vt 58.3034 -24.7937 
vt 58.2969 -24.8038 
vt 58.3034 -24.8038 
vt 58.2969 -24.7937 
vt 58.2905 -24.8038 
vt 58.3034 -24.7835 
vt 58.2969 -24.7937 
vt 58.3034 -24.7937 
vt 58.2969 -24.7835 
vt 58.2969 -24.7835 
vt 58.2905 -24.7937 
vt 58.2905 -24.7835 
vt 58.2528 -24.8038 
vt 58.2905 -24.8038 
vt 58.3034 -24.8038 
vt 58.3034 -24.8139 
vt 58.2969 -24.8038 
vt 58.2528 -24.8139 
vt 58.2969 -24.7937 
vt 58.2905 -24.7937 
vt 58.2905 -24.7835 
vt 58.2528 -24.7937 
vt 58.2905 -24.7937 
vt 58.2528 -24.8038 
vt 58.2524 -24.7435 
vt 58.2096 -24.829 
vt 58.2524 -24.829 
vt 57.8249 -24.7435 
vt 57.7821 -24.829 
vt 57.8249 -24.829 
vt 58.2528 -24.7937 
vt 58.2528 -24.7835 
vt 58.2096 -24.7435 
vt 57.7821 -24.7435 
vt 58.2528 -24.8038 
vt 58.2096 -24.7435 
vt 58.1669 -24.829 
vt 58.2096 -24.829 
vt 58.1241 -24.7863 
vt 57.8249 -24.7435 
vt 57.8249 -24.829 
vt 57.8676 -24.829 
vt 57.9104 -24.7863 
vt 58.1241 -24.7435 
vt 57.9104 -24.7435 
vt 58.1986 -25.3034 
vt 58.2091 -25.3034 
vt 58.1986 -25.2969 
vt 58.1986 -25.2905 
vt 58.2091 -25.2528 
vt 58.1986 -25.2969 
vt 58.188 -25.3034 
vt 58.1986 -25.3034 
vt 58.188 -25.2969 
vt 58.1775 -25.3034 
vt 58.188 -25.2969 
vt 58.1775 -25.2969 
vt 58.1986 -25.2528 
vt 58.188 -25.2905 
vt 58.1986 -25.2905 
vt 58.0934 -25.2528 
vt 58.0724 -25.3034 
vt 58.0934 -25.3034 
vt 58.0513 -25.2969 
vt 58.0408 -25.3034 
vt 58.0513 -25.3034 
vt 58.0408 -25.2969 
vt 58.0513 -25.2528 
vt 58.0408 -25.2905 
vt 58.0513 -25.2905 
vt 58.0513 -25.2905 
vt 58.0408 -25.2969 
vt 58.0513 -25.2969 
vt 58.0408 -25.2905 
vt 58.0724 -25.2528 
vt 58.0513 -25.3034 
vt 58.0724 -25.3034 
vt 58.0513 -25.2528 
vt 58.2779 -25.1241 
vt 58.3206 -25.1241 
vt 58.2779 -25.0814 
vt 58.3206 -25.0814 
vt 58.2779 -24.9104 
vt 58.3206 -24.9531 
vt 58.3206 -24.9104 
vt 58.2779 -24.9531 
vt 58.2779 -24.9531 
vt 58.2779 -25.0814 
vt 58.3206 -25.0814 
vt 58.3206 -24.9531 
vt 58.1986 -25.2528 
vt 58.1069 -24.7394 
vt 58.0641 -24.6966 
vt 58.0641 -24.7394 
vt 58.1069 -24.6966 
vt 57.9359 -24.6966 
vt 58.0641 -24.7394 
vt 58.0641 -24.6966 
vt 58.0408 -25.2528 
vt 58.0724 -25.2528 
vt 58.188 -25.2528 
vt 58.0934 -25.3034 
vt 58.1144 -25.2905 
vt 58.0934 -25.2528 
vt 58.188 -25.3034 
vt 58.1986 -25.2905 
vt 58.1986 -25.2969 
vt 58.188 -25.2905 
vt 58.1775 -25.2969 
vt 58.188 -25.2969 
vt 58.188 -25.2905 
vt 58.125 -25.2969 
vt 58.1775 -25.3034 
vt 58.1775 -25.2905 
vt 58.125 -25.2905 
vt 58.125 -25.3034 
vt 58.125 -25.3034 
vt 58.1144 -25.2969 
vt 58.125 -25.2969 
vt 58.1144 -25.2905 
vt 58.1144 -25.2969 
vt 58.188 -25.2528 
vt 58.1775 -25.2905 
vt 58.1775 -25.2528 
vt 58.1924 -25.1241 
vt 58.2351 -25.2096 
vt 58.2351 -25.1241 
vt 58.1924 -24.8249 
vt 58.2351 -24.9104 
vt 58.2351 -24.8249 
vt 58.1924 -25.2096 
vt 58.1069 -25.2524 
vt 58.1924 -25.2524 
vt 58.1924 -24.9104 
vt 58.1069 -24.7821 
vt 58.1924 -24.7821 
vt 58.125 -25.2528 
vt 58.125 -25.2905 
vt 58.1775 -25.2528 
vt 58.125 -25.2528 
vt 58.1069 -25.2096 
vt 58.1069 -24.8249 
vt 57.9359 -24.7394 
vt 57.9592 -25.2969 
vt 57.9487 -25.3034 
vt 57.9592 -25.3034 
vt 57.9487 -25.2969 
vt 57.9592 -25.2528 
vt 57.9487 -25.2905 
vt 57.9592 -25.2905 
vt 57.9592 -25.2905 
vt 57.9487 -25.2969 
vt 57.9592 -25.2969 
vt 57.9487 -25.2905 
vt 57.9487 -25.2528 
vt 57.9276 -25.3034 
vt 57.9487 -25.3034 
vt 57.9276 -25.2528 
vt 57.9066 -25.3034 
vt 57.9276 -25.3034 
vt 57.8856 -25.2905 
vt 57.9066 -25.3034 
vt 57.9066 -25.2528 
vt 57.7909 -25.3034 
vt 57.8014 -25.3034 
vt 57.8014 -25.2969 
vt 57.8014 -25.2905 
vt 57.7909 -25.2528 
vt 57.812 -25.2969 
vt 57.8014 -25.3034 
vt 57.812 -25.3034 
vt 57.8014 -25.2969 
vt 57.8856 -25.2969 
vt 57.812 -25.2528 
vt 57.8014 -25.2905 
vt 57.812 -25.2905 
vt 57.9487 -25.2528 
vt 57.9359 -24.6966 
vt 57.8931 -24.7394 
vt 57.9359 -24.7394 
vt 57.8931 -24.6966 
vt 57.9276 -25.2528 
vt 57.9066 -25.2528 
vt 57.8014 -25.2528 
vt 57.8014 -25.2528 
vt 57.7221 -25.0814 
vt 57.6794 -25.1241 
vt 57.7221 -25.1241 
vt 57.6794 -25.0814 
vt 57.7221 -24.9104 
vt 57.6794 -24.9531 
vt 57.7221 -24.9531 
vt 57.6794 -24.9104 
vt 57.6794 -24.9531 
vt 57.6794 -25.0814 
vt 57.7221 -25.0814 
vt 57.7221 -24.9531 
vt 57.8751 -25.2528 
vt 57.8751 -25.3034 
vt 57.8751 -25.2969 
vt 57.8751 -25.2969 
vt 57.8856 -25.2969 
vt 57.8856 -25.2905 
vt 57.8751 -25.2905 
vt 57.8751 -25.3034 
vt 57.8225 -25.2969 
vt 57.8225 -25.3034 
vt 57.8225 -25.2905 
vt 57.8225 -25.2969 
vt 57.812 -25.3034 
vt 57.8225 -25.3034 
vt 57.812 -25.2969 
vt 57.812 -25.2905 
vt 57.8014 -25.2969 
vt 57.8014 -25.2905 
vt 57.812 -25.2905 
vt 57.812 -25.2969 
vt 57.8751 -25.2905 
vt 57.8751 -25.2528 
vt 57.8225 -25.2528 
vt 57.8931 -25.2096 
vt 57.8076 -25.2524 
vt 57.8931 -25.2524 
vt 57.8076 -25.2096 
vt 57.8931 -24.7821 
vt 57.8076 -24.8249 
vt 57.8931 -24.8249 
vt 57.8076 -24.7821 
vt 57.8225 -25.2528 
vt 57.8225 -25.2905 
vt 57.812 -25.2528 
vt 57.8076 -25.1241 
vt 57.7649 -25.2096 
vt 57.7649 -24.9104 
vt 57.8076 -24.9104 
vt 57.7649 -25.1241 
vt 57.7649 -24.8249 
vt 57.9359 -25.2565 
vt 57.8931 -25.2137 
vt 57.8931 -25.2565 
vt 57.9359 -25.213 
vt 57.7221 -25 
vt 57.6794 -25.0427 
vt 57.7221 -25.0427 
vt 57.6794 -25 
vt 57.7221 -24.829 
vt 57.6794 -24.8718 
vt 57.7221 -24.8718 
vt 57.9066 -24.8093 
vt 57.9066 -24.8195 
vt 57.9276 -24.8195 
vt 57.8961 -24.7992 
vt 57.8961 -24.8093 
vt 57.9276 -24.7891 
vt 57.9276 -24.8296 
vt 57.9487 -24.8296 
vt 57.9487 -24.8195 
vt 57.9487 -24.8093 
vt 57.9592 -24.8093 
vt 57.9592 -24.8195 
vt 57.9592 -24.8093 
vt 57.9487 -24.7992 
vt 57.9487 -24.8093 
vt 57.9592 -24.7992 
vt 57.9487 -24.7891 
vt 57.6794 -24.829 
vt 57.8076 -25.0427 
vt 57.7649 -25.1282 
vt 57.8076 -25.1282 
vt 57.8931 -25.1282 
vt 57.8076 -25.171 
vt 57.7649 -25.0427 
vt 57.8076 -25.0427 
vt 57.8076 -25.1282 
vt 57.8504 -25.0427 
vt 57.7221 -25 
vt 57.6794 -24.8718 
vt 57.6794 -25 
vt 57.7221 -24.8718 
vt 57.8076 -24.7435 
vt 57.7649 -24.829 
vt 57.8076 -24.829 
vt 57.8504 -24.829 
vt 57.8076 -24.7435 
vt 57.8076 -24.829 
vt 57.8931 -25.0855 
vt 57.8931 -25.171 
vt 58.0641 -25.2137 
vt 57.9359 -25.2137 
vt 57.9359 -25.2565 
vt 57.8931 -25.1282 
vt 58.0641 -25.0427 
vt 57.9359 -25 
vt 57.9359 -25.0427 
vt 57.9359 -24.8718 
vt 57.8931 -25 
vt 58.0641 -25 
vt 57.8931 -24.8718 
vt 58.0641 -24.829 
vt 57.9359 -24.829 
vt 57.812 -24.7992 
vt 57.8014 -24.7891 
vt 57.8014 -24.7992 
vt 57.8014 -24.7992 
vt 57.7909 -24.7891 
vt 57.7909 -24.7992 
vt 57.812 -24.7891 
vt 57.8014 -24.7891 
vt 57.8225 -24.7891 
vt 57.812 -24.779 
vt 57.8014 -24.7891 
vt 57.812 -24.779 
vt 57.8014 -24.7688 
vt 57.8014 -24.779 
vt 57.812 -24.7688 
vt 57.8225 -24.7688 
vt 57.812 -24.7587 
vt 57.8225 -24.7587 
vt 57.8645 -24.7891 
vt 57.854 -24.779 
vt 57.854 -24.7891 
vt 57.8856 -24.7992 
vt 57.875 -24.7891 
vt 57.875 -24.7992 
vt 57.8856 -24.7891 
vt 57.9066 -24.779 
vt 57.8856 -24.7891 
vt 57.8645 -24.779 
vt 57.8645 -24.7891 
vt 57.8645 -24.779 
vt 57.8856 -24.7688 
vt 57.875 -24.7587 
vt 57.875 -24.7688 
vt 57.8856 -24.7587 
vt 57.8014 -24.779 
vt 57.8225 -24.779 
vt 57.8225 -24.7688 
vt 57.8931 -24.7863 
vt 57.812 -24.7688 
vt 57.8225 -24.7587 
vt 57.7649 -24.7435 
vt 57.875 -24.7587 
vt 57.8856 -24.7992 
vt 57.9276 -24.779 
vt 57.875 -24.7688 
vt 57.9066 -24.7688 
vt 57.8931 -24.7435 
vt 58.0641 -25.2565 
vt 58.0513 -24.8342 
vt 58.0408 -24.8443 
vt 58.0513 -24.8443 
vt 58.0513 -24.8544 
vt 58.0724 -24.8544 
vt 58.0724 -24.8443 
vt 58.0408 -24.8342 
vt 58.0724 -24.8139 
vt 58.0513 -24.8342 
vt 58.0408 -24.824 
vt 58.0408 -24.8342 
vt 58.0513 -24.824 
vt 58.0513 -24.8139 
vt 58.0934 -24.8342 
vt 58.0934 -24.8443 
vt 58.3206 -25.0427 
vt 58.2779 -25 
vt 58.2779 -25.0427 
vt 58.3206 -25 
vt 58.2779 -24.829 
vt 58.3206 -24.8718 
vt 58.3206 -24.829 
vt 58.1039 -24.8342 
vt 58.1039 -24.824 
vt 58.1144 -24.8139 
vt 58.1144 -24.824 
vt 58.2091 -24.824 
vt 58.1986 -24.8139 
vt 58.1986 -24.824 
vt 58.2779 -24.8718 
vt 58.0641 -25.2565 
vt 58.1069 -25.2137 
vt 58.0641 -25.213 
vt 58.1069 -25.2565 
vt 58.1924 -25.1282 
vt 58.1069 -25.0855 
vt 58.1069 -25.1282 
vt 58.1069 -24.8718 
vt 58.1069 -25 
vt 58.0641 -24.8718 
vt 58.1924 -25.171 
vt 58.1069 -25.1282 
vt 58.1069 -25.171 
vt 58.2351 -25.1282 
vt 58.1924 -25.0427 
vt 58.1924 -25.1282 
vt 58.1496 -25.0427 
vt 58.1924 -25.0427 
vt 58.3206 -25 
vt 58.2779 -24.8718 
vt 58.2779 -25 
vt 58.3206 -24.8718 
vt 58.2351 -25.0427 
vt 58.1986 -24.824 
vt 58.188 -24.8139 
vt 58.188 -24.824 
vt 58.1249 -24.824 
vt 58.1144 -24.8139 
vt 58.1144 -24.824 
vt 58.1249 -24.8139 
vt 58.0934 -24.8038 
vt 58.1249 -24.7937 
vt 58.1144 -24.7835 
vt 58.1144 -24.7937 
vt 58.1249 -24.7835 
vt 58.1355 -24.8038 
vt 58.1355 -24.8139 
vt 58.146 -24.8139 
vt 58.1355 -24.8038 
vt 58.1355 -24.8139 
vt 58.146 -24.8038 
vt 58.1986 -24.8139 
vt 58.2091 -24.8139 
vt 58.188 -24.8038 
vt 58.1775 -24.8139 
vt 58.1986 -24.8139 
vt 58.1986 -24.8038 
vt 58.188 -24.7937 
vt 58.188 -24.8038 
vt 58.1986 -24.7937 
vt 58.1775 -24.7835 
vt 58.1775 -24.7937 
vt 58.188 -24.7835 
vt 58.0724 -24.8038 
vt 58.0934 -24.7937 
vt 58.1249 -24.7937 
vt 58.1249 -24.7835 
vt 58.1775 -24.7835 
vt 58.1775 -24.7937 
vt 58.1496 -24.829 
vt 58.1924 -24.7435 
vt 58.1069 -24.7863 
vt 58.1069 -24.7435 
vt 58.1775 -24.8038 
vt 58.1986 -24.8038 
vt 58.1924 -24.829 
vt 58.2351 -24.829 
vt 58.1924 -24.7435 
vt 58.1924 -24.829 
vt 58.188 -24.7937 
vt 58.2351 -24.7435 
vt 57.7904 -25.0427 
vt 57.7904 -25.1282 
vt 57.8331 -25.0427 
vt 57.8759 -25.0855 
vt 57.8759 -25.1282 
vt 58.0469 -25.0427 
vt 57.9186 -25 
vt 57.9186 -25.0427 
vt 57.8759 -25 
vt 57.9186 -24.8718 
vt 57.8759 -24.8718 
vt 58.0469 -24.8718 
vt 57.7904 -24.7435 
vt 57.7904 -24.829 
vt 57.8331 -24.829 
vt 57.7476 -25.0427 
vt 57.7476 -25.1282 
vt 57.7904 -25.1282 
vt 57.7904 -25.171 
vt 57.8759 -25.171 
vt 57.8759 -25.1282 
vt 57.7904 -25.0427 
vt 57.7129 -24.9207 
vt 57.7488 -24.8582 
vt 57.7129 -24.858 
vt 57.7488 -24.921 
vt 57.9186 -24.829 
vt 58.0469 -25 
vt 58.1751 -25.1282 
vt 58.0896 -25.0855 
vt 58.0896 -25.1282 
vt 58.1324 -25.0427 
vt 58.0469 -24.829 
vt 58.0896 -25 
vt 58.0896 -24.8718 
vt 58.1751 -25.0427 
vt 58.1751 -25.1282 
vt 58.0896 -25.1282 
vt 58.0896 -25.171 
vt 58.1751 -25.171 
vt 58.1751 -25.0427 
vt 58.2179 -25.1282 
vt 58.2179 -25.0427 
vt 58.1751 -24.7435 
vt 58.1324 -24.829 
vt 58.1751 -24.829 
vt 58.1751 -24.7435 
vt 58.1751 -24.829 
vt 58.2179 -24.829 
vt 57.7476 -24.7435 
vt 57.7476 -24.829 
vt 57.7904 -24.829 
vt 57.7031 -24.7891 
vt 57.6966 -24.779 
vt 57.6966 -24.7891 
vt 57.7031 -24.779 
vt 57.7095 -24.779 
vt 57.7095 -24.7891 
vt 57.7031 -24.7688 
vt 57.6966 -24.7688 
vt 57.6966 -24.779 
vt 57.7031 -24.7688 
vt 57.7095 -24.7688 
vt 57.7031 -24.779 
vt 57.7031 -24.779 
vt 57.6966 -24.7891 
vt 57.7031 -24.7891 
vt 57.7095 -24.779 
vt 57.7031 -24.779 
vt 57.7031 -24.7891 
vt 57.7095 -24.7587 
vt 57.7095 -24.7688 
vt 57.7031 -24.7587 
vt 57.6966 -24.7688 
vt 57.7031 -24.7688 
vt 57.6966 -24.7587 
vt 57.7031 -24.7587 
vt 57.7095 -24.7891 
vt 57.7472 -24.7891 
vt 57.6966 -24.7891 
vt 57.6966 -24.7992 
vt 57.7472 -24.7992 
vt 57.8759 -24.7863 
vt 58.0896 -24.7863 
vt 57.7472 -24.779 
vt 57.8759 -24.7435 
vt 58.0896 -24.7435 
vt 57.7472 -24.7891 
vt 57.7472 -24.7688 
vt 57.7095 -24.779 
vt 57.7472 -24.779 
vt 57.7904 -24.7435 
vt 58.2179 -24.7435 
vt 57.7472 -24.7587 
vt 57.7095 -24.7587 
vt 57.7095 -24.7688 
vt 57.7472 -24.7688 
vt 57.6966 -24.779 
vt 57.7031 -24.8342 
vt 57.6966 -24.8342 
vt 57.6966 -24.8443 
vt 57.7095 -24.8342 
vt 57.7472 -24.8443 
vt 57.7031 -24.824 
vt 57.7095 -24.824 
vt 57.7472 -24.8195 
vt 57.6966 -24.8195 
vt 57.6966 -24.8296 
vt 57.7472 -24.8296 
vt 57.6966 -24.8342 
vt 57.7031 -24.824 
vt 57.6966 -24.8139 
vt 57.7031 -24.8342 
vt 57.7472 -24.8443 
vt 57.6966 -24.8443 
vt 57.6966 -24.8544 
vt 57.7472 -24.8544 
vt 57.7095 -24.8342 
vt 57.7472 -24.8342 
vt 57.7095 -24.824 
vt 57.7095 -24.8139 
vt 57.7031 -24.824 
vt 57.7095 -24.824 
vt 57.7472 -24.8342 
vt 57.8759 -25.2137 
vt 57.8759 -25.2565 
vt 57.9186 -25.2565 
vt 58.0469 -25.2565 
vt 57.9186 -25.2137 
vt 57.9186 -25.2565 
vt 58.0469 -25.2137 
vt 57.9186 -25.213 
vt 58.0469 -25.2565 
vt 58.0896 -25.2137 
vt 58.0469 -25.213 
vt 58.2606 -24.8718 
vt 58.2606 -25 
vt 58.3034 -25 
vt 58.3034 -24.8718 
vt 58.0896 -25.2565 
vt 58.2606 -25 
vt 58.2606 -25.0427 
vt 58.3034 -25.0427 
vt 58.2606 -24.829 
vt 58.2606 -24.8718 
vt 58.3034 -24.8718 
vt 58.3034 -25 
vt 58.3034 -24.829 
vt 57.7472 -24.8139 
vt 57.7472 -24.8139 
vt 57.7095 -24.824 
vt 57.7472 -24.824 
vt 57.7031 -24.8139 
vt 57.6966 -24.824 
vt 57.7031 -24.824 
vt 57.7472 -24.8093 
vt 57.6966 -24.8093 
vt 57.6966 -24.8195 
vt 57.7472 -24.8038 
vt 57.6966 -24.8038 
vt 57.6966 -24.8139 
vt 57.7472 -24.7992 
vt 57.6966 -24.7992 
vt 57.6966 -24.8093 
vt 57.7095 -24.7891 
vt 57.7031 -24.7992 
vt 57.7095 -24.7992 
vt 57.7031 -24.7891 
vt 57.6966 -24.7891 
vt 57.6966 -24.7992 
vt 57.7031 -24.7992 
vt 57.7031 -24.7891 
vt 57.7472 -24.7937 
vt 57.6966 -24.7937 
vt 57.6966 -24.8038 
vt 57.6966 -24.8139 
vt 57.7031 -24.8139 
vt 57.7095 -24.7835 
vt 57.7031 -24.7937 
vt 57.7095 -24.7937 
vt 57.7031 -24.7835 
vt 57.6966 -24.7937 
vt 57.7031 -24.7937 
vt 57.6966 -24.7835 
vt 57.7031 -24.7835 
vt 57.7472 -24.8038 
vt 57.6966 -24.8038 
vt 57.6966 -24.8139 
vt 57.7472 -24.8195 
vt 57.7472 -24.8093 
vt 57.7472 -24.7891 
vt 57.7095 -24.7992 
vt 57.7472 -24.7992 
vt 57.7095 -24.7891 
vt 57.7472 -24.779 
vt 57.7095 -24.779 
vt 57.7095 -24.7891 
vt 57.7472 -24.7891 
vt 57.7095 -24.8139 
vt 57.7472 -24.8139 
vt 57.7472 -24.8139 
vt 57.7472 -24.8038 
vt 57.7472 -24.7835 
vt 57.7095 -24.7835 
vt 57.7095 -24.7937 
vt 57.7472 -24.7937 
vt 57.7649 -25.1241 
vt 57.7649 -25.2096 
vt 57.8076 -25.2096 
vt 57.8076 -25.2096 
vt 57.8931 -25.1669 
vt 57.8504 -25.1241 
vt 57.8076 -25.1241 
vt 57.8076 -25.1241 
vt 57.8076 -25.2524 
vt 57.8931 -25.2096 
vt 57.8931 -25.2524 
vt 57.6794 -25.0814 
vt 57.6794 -25.1241 
vt 57.7221 -25.1241 
vt 57.7221 -25.0814 
vt 57.8931 -25.2096 
vt 57.9276 -25.2528 
vt 57.9276 -25.3034 
vt 57.9487 -25.2528 
vt 57.9487 -25.3034 
vt 57.9066 -25.2528 
vt 57.9066 -25.3034 
vt 57.9276 -25.2528 
vt 58.0641 -25.1241 
vt 57.9359 -25.0814 
vt 57.9359 -25.1241 
vt 57.9276 -25.3034 
vt 57.9487 -25.2528 
vt 57.9487 -25.3034 
vt 57.9592 -25.3034 
vt 57.9592 -25.2528 
vt 57.8961 -25.2528 
vt 57.9066 -25.3034 
vt 57.9066 -25.2528 
vt 57.9359 -24.9531 
vt 57.8931 -25.0814 
vt 57.7649 -24.8249 
vt 57.7649 -24.9104 
vt 57.8076 -24.9104 
vt 57.8504 -24.9104 
vt 57.8076 -24.8249 
vt 57.8076 -24.9104 
vt 57.8076 -24.8249 
vt 57.8931 -24.8249 
vt 57.8076 -24.7821 
vt 57.6794 -25.0814 
vt 57.7221 -24.9531 
vt 57.6794 -24.9531 
vt 57.7221 -25.0814 
vt 57.6794 -24.9104 
vt 57.6794 -24.9531 
vt 57.7221 -24.9531 
vt 57.7221 -24.9104 
vt 57.8931 -24.8676 
vt 57.8931 -24.9531 
vt 58.0641 -24.9531 
vt 57.9359 -24.9104 
vt 57.8931 -24.8249 
vt 57.8931 -24.7821 
vt 57.9359 -24.7394 
vt 58.0641 -24.7394 
vt 57.9359 -24.6966 
vt 57.8931 -24.6966 
vt 57.8931 -24.7394 
vt 57.9359 -24.7394 
vt 57.9359 -24.6966 
vt 57.8961 -25.3034 
vt 57.8014 -25.2969 
vt 57.7909 -25.3034 
vt 57.8014 -25.3034 
vt 57.8014 -25.3034 
vt 57.812 -25.2969 
vt 57.8014 -25.2969 
vt 57.8014 -25.2905 
vt 57.812 -25.2969 
vt 57.8225 -25.3034 
vt 57.8645 -25.3034 
vt 57.854 -25.2969 
vt 57.8225 -25.3034 
vt 57.812 -25.2905 
vt 57.854 -25.2905 
vt 57.8645 -25.2969 
vt 57.8856 -25.2969 
vt 57.8856 -25.3034 
vt 57.8961 -25.3034 
vt 57.8856 -25.2905 
vt 57.875 -25.2969 
vt 57.8645 -25.2905 
vt 57.854 -25.2969 
vt 57.8645 -25.2969 
vt 57.875 -25.2969 
vt 57.8856 -25.3034 
vt 57.8645 -25.3034 
vt 57.8856 -25.2969 
vt 57.875 -25.2905 
vt 57.7909 -25.2528 
vt 57.812 -25.2905 
vt 57.8014 -25.2528 
vt 57.8014 -25.2905 
vt 57.8014 -25.2528 
vt 57.8225 -25.2528 
vt 57.8225 -25.2528 
vt 57.8645 -25.2528 
vt 57.854 -25.2905 
vt 57.875 -25.2905 
vt 57.8961 -25.2528 
vt 57.8856 -25.2528 
vt 57.8645 -25.2528 
vt 57.8856 -25.2905 
vt 57.8856 -25.2528 
vt 57.8645 -25.2905 
vt 58.0641 -25.0814 
vt 58.0724 -25.2528 
vt 58.0513 -25.3034 
vt 58.0724 -25.3034 
vt 58.0934 -25.2528 
vt 58.0724 -25.3034 
vt 58.0934 -25.3034 
vt 58.0513 -25.2528 
vt 58.1069 -25.0814 
vt 58.0724 -25.2528 
vt 58.0408 -25.2528 
vt 58.0408 -25.3034 
vt 58.0513 -25.3034 
vt 58.0934 -25.2528 
vt 58.0934 -25.3034 
vt 58.1039 -25.3034 
vt 58.0513 -25.2528 
vt 58.1069 -25.2524 
vt 58.1924 -25.2524 
vt 58.1069 -25.2096 
vt 58.1924 -25.2096 
vt 58.1069 -25.1669 
vt 58.1069 -25.2096 
vt 58.1924 -25.2096 
vt 58.1496 -25.1241 
vt 58.1924 -25.1241 
vt 58.1924 -25.1241 
vt 58.2351 -25.1241 
vt 58.2351 -25.2096 
vt 58.2779 -25.1241 
vt 58.3206 -25.1241 
vt 58.3206 -25.0814 
vt 58.2779 -25.0814 
vt 58.3206 -24.9531 
vt 58.2779 -25.0814 
vt 58.3206 -25.0814 
vt 58.1069 -24.9531 
vt 58.0641 -24.9104 
vt 58.1069 -24.8676 
vt 58.1924 -24.8249 
vt 58.1069 -24.8249 
vt 58.1924 -24.7821 
vt 58.1069 -24.7821 
vt 58.1069 -24.8249 
vt 58.0641 -24.7394 
vt 58.1069 -24.7394 
vt 58.1069 -24.6966 
vt 58.0641 -24.6966 
vt 58.0641 -24.6966 
vt 58.1496 -24.9104 
vt 58.1924 -24.9104 
vt 58.1924 -24.8249 
vt 58.1924 -24.9104 
vt 58.2351 -24.9104 
vt 58.2351 -24.8249 
vt 58.2779 -24.9531 
vt 58.2779 -24.9531 
vt 58.3206 -24.9531 
vt 58.3206 -24.9104 
vt 58.2779 -24.9104 
vt 58.1039 -25.2528 
vt 58.1144 -25.2969 
vt 58.1039 -25.3034 
vt 58.1144 -25.3034 
vt 58.1144 -25.3034 
vt 58.1249 -25.2969 
vt 58.1144 -25.2969 
vt 58.1144 -25.2905 
vt 58.1249 -25.2969 
vt 58.1355 -25.3034 
vt 58.1355 -25.2969 
vt 58.1355 -25.3034 
vt 58.146 -25.2969 
vt 58.1355 -25.2969 
vt 58.1249 -25.2905 
vt 58.146 -25.2905 
vt 58.146 -25.2969 
vt 58.1986 -25.2969 
vt 58.1986 -25.3034 
vt 58.2091 -25.3034 
vt 58.1986 -25.2905 
vt 58.188 -25.2905 
vt 58.1775 -25.3034 
vt 58.188 -25.2969 
vt 58.188 -25.2969 
vt 58.1986 -25.3034 
vt 58.1775 -25.3034 
vt 58.1986 -25.2969 
vt 58.146 -25.2905 
vt 58.188 -25.2905 
vt 58.1039 -25.2528 
vt 58.1249 -25.2905 
vt 58.1144 -25.2528 
vt 58.1144 -25.2905 
vt 58.1144 -25.2528 
vt 58.1355 -25.2528 
vt 58.1355 -25.2905 
vt 58.1355 -25.2528 
vt 58.1355 -25.2905 
vt 58.2091 -25.2528 
vt 58.1775 -25.2528 
vt 58.1986 -25.2528 
vt 58.1986 -25.2528 
vt 58.1775 -25.2528 
vt 58.1986 -25.2905 
vt 58.1892 -24.9207 
vt 58.1637 -24.8756 
vt 58.1607 -24.9171 
vt 58.1352 -24.8756 
vt 58.0957 -24.9171 
vt 58.0957 -24.8863 
vt 58.1892 -24.858 
vt 58.1352 -24.8528 
vt 58.0815 -24.8497 
vt 58.1749 -24.8579 
vt 58.1637 -24.8528 
vt 58.0724 -24.8195 
vt 58.0934 -24.8195 
vt 58.0934 -24.8093 
vt 58.1352 -24.847 
vt 58.1749 -24.8496 
vt 58.1352 -24.847 
vt 58.1637 -24.8528 
vt 58.0669 -24.858 
vt 58.0513 -24.8195 
vt 58.0724 -24.8296 
vt 58.0513 -24.8296 
vt 58.0513 -24.8093 
vt 58.0669 -24.8863 
vt 58.0408 -24.8195 
vt 58.0408 -24.8093 
vt 58.0724 -24.7891 
vt 58.0513 -24.8093 
vt 58.0408 -24.7992 
vt 58.0408 -24.8093 
vt 58.2351 -25.0427 
vt 58.1924 -25.1282 
vt 58.2351 -25.1282 
vt 58.1496 -25.0427 
vt 58.1924 -25.1282 
vt 58.1924 -25.0427 
vt 58.1924 -25.0427 
vt 58.3206 -25 
vt 58.2779 -25.0427 
vt 58.3206 -25.0427 
vt 58.2779 -25 
vt 58.2779 -24.8718 
vt 58.3206 -25 
vt 58.3206 -24.8718 
vt 58.2779 -25 
vt 58.3206 -24.829 
vt 58.2779 -24.8718 
vt 58.3206 -24.8718 
vt 58.2779 -24.829 
vt 58.1069 -25.171 
vt 58.1924 -25.171 
vt 58.0641 -25.2137 
vt 57.9359 -25.2565 
vt 58.0641 -25.2565 
vt 58.1069 -25.2137 
vt 58.0641 -25.2565 
vt 58.1069 -25.2565 
vt 58.0641 -25.213 
vt 58.1069 -25.1282 
vt 58.1749 -24.8579 
vt 58.1352 -24.8528 
vt 58.1069 -25.0855 
vt 58.1069 -25.1282 
vt 58.1039 -24.7992 
vt 58.1039 -24.8093 
vt 58.1986 -24.7891 
vt 58.2091 -24.7992 
vt 58.2091 -24.7891 
vt 58.1986 -24.7992 
vt 58.1986 -24.7891 
vt 58.188 -24.779 
vt 58.1775 -24.7891 
vt 58.1986 -24.779 
vt 58.188 -24.7688 
vt 58.1775 -24.779 
vt 58.1775 -24.7688 
vt 58.1355 -24.779 
vt 58.1775 -24.7587 
vt 58.125 -24.7587 
vt 58.125 -24.7688 
vt 58.1144 -24.7992 
vt 58.1144 -24.7891 
vt 58.0513 -24.7891 
vt 58.0934 -24.779 
vt 58.1355 -24.7891 
vt 58.0934 -24.7688 
vt 58.0724 -24.779 
vt 58.1986 -24.7992 
vt 58.188 -24.7891 
vt 58.188 -24.7992 
vt 58.1986 -24.7891 
vt 58.2351 -24.829 
vt 58.1924 -24.7435 
vt 58.1924 -24.829 
vt 58.1986 -24.779 
vt 58.188 -24.7688 
vt 58.188 -24.779 
vt 58.1986 -24.7688 
vt 58.1775 -24.7587 
vt 58.1775 -24.7688 
vt 58.188 -24.7587 
vt 58.2351 -24.7435 
vt 58.1924 -24.7435 
vt 58.1496 -24.829 
vt 58.1924 -24.829 
vt 58.125 -24.7992 
vt 58.1144 -24.7891 
vt 58.1144 -24.7992 
vt 58.0513 -24.7992 
vt 58.125 -24.7891 
vt 58.1069 -24.7863 
vt 58.146 -24.7891 
vt 58.1355 -24.779 
vt 58.1355 -24.7891 
vt 58.146 -24.779 
vt 58.125 -24.7688 
vt 58.1144 -24.7587 
vt 58.1144 -24.7688 
vt 58.125 -24.7587 
vt 58.1069 -24.7435 
vt 57.9359 -25.2137 
vt 57.9276 -24.8443 
vt 57.9487 -24.8544 
vt 57.9487 -24.8443 
vt 57.9276 -24.8544 
vt 57.9329 -24.9006 
vt 57.9074 -24.8756 
vt 57.9044 -24.9171 
vt 57.9329 -24.858 
vt 57.9592 -24.8443 
vt 57.9592 -24.8342 
vt 57.9487 -24.8342 
vt 57.9276 -24.8139 
vt 57.9066 -24.8342 
vt 57.9186 -24.8496 
vt 57.9074 -24.8528 
vt 57.9186 -24.8579 
vt 57.8789 -24.8756 
vt 57.8394 -24.9171 
vt 57.8394 -24.8863 
vt 57.8106 -24.858 
vt 57.8106 -24.8863 
vt 57.8789 -24.847 
vt 57.8789 -24.8528 
vt 57.9066 -24.8443 
vt 57.8961 -24.824 
vt 57.8961 -24.8342 
vt 57.8789 -24.847 
vt 57.8252 -24.8497 
vt 57.8789 -24.8528 
vt 57.8931 -25.1282 
vt 57.8076 -25.171 
vt 57.8931 -25.171 
vt 57.8076 -25.1282 
vt 57.8931 -25.2137 
vt 57.8931 -25.2565 
vt 57.9359 -25.2565 
vt 57.9359 -25.213 
vt 57.8931 -25.0855 
vt 57.8076 -25.1282 
vt 57.8931 -25.1282 
vt 57.9186 -24.8579 
vt 57.9074 -24.8528 
vt 57.8504 -25.0427 
vt 57.8076 -25.0427 
vt 57.7649 -25.0427 
vt 57.7649 -25.1282 
vt 57.8076 -25.0427 
vt 57.7221 -25.0427 
vt 57.6794 -25 
vt 57.6794 -25.0427 
vt 57.7221 -25 
vt 57.6794 -24.8718 
vt 57.7221 -25 
vt 57.7221 -24.8718 
vt 57.6794 -25 
vt 57.7221 -24.8718 
vt 57.6794 -24.829 
vt 57.6794 -24.8718 
vt 57.7221 -24.829 
vt 57.9592 -24.8342 
vt 57.9487 -24.824 
vt 57.9487 -24.8342 
vt 57.9487 -24.8139 
vt 57.8856 -24.8139 
vt 57.8856 -24.824 
vt 57.9066 -24.8038 
vt 57.9276 -24.8038 
vt 57.9066 -24.7937 
vt 57.8751 -24.7937 
vt 57.8645 -24.8038 
vt 57.8645 -24.8139 
vt 57.7909 -24.8139 
vt 57.8014 -24.824 
vt 57.8014 -24.8139 
vt 57.7909 -24.824 
vt 57.812 -24.8038 
vt 57.8225 -24.8139 
vt 57.8225 -24.8038 
vt 57.8014 -24.8038 
vt 57.8225 -24.7937 
vt 57.812 -24.7937 
vt 57.8751 -24.7835 
vt 57.8225 -24.7835 
vt 57.9592 -24.824 
vt 57.8856 -24.824 
vt 57.8751 -24.8139 
vt 57.8751 -24.824 
vt 57.8856 -24.8139 
vt 57.8645 -24.8139 
vt 57.854 -24.8038 
vt 57.854 -24.8139 
vt 57.8645 -24.8038 
vt 57.8856 -24.7937 
vt 57.8751 -24.7835 
vt 57.8751 -24.7937 
vt 57.8856 -24.7835 
vt 57.8076 -24.7435 
vt 57.8931 -24.7863 
vt 57.8931 -24.7435 
vt 57.8504 -24.829 
vt 57.8014 -24.8139 
vt 57.812 -24.824 
vt 57.812 -24.8139 
vt 57.8014 -24.824 
vt 57.8076 -24.829 
vt 57.8076 -24.829 
vt 57.7649 -24.7435 
vt 57.7649 -24.829 
vt 57.812 -24.8038 
vt 57.8014 -24.7937 
vt 57.8014 -24.8038 
vt 57.8225 -24.7937 
vt 57.812 -24.7835 
vt 57.812 -24.7937 
vt 57.8225 -24.7835 
vt 57.8076 -24.7435 

usemtl Plane0031Mtl

f 1298/1298/1298 1299/1299/1299 1300/1300/1300 
f 1298/1298/1298 1300/1300/1300 1302/1302/1302 
f 1302/1302/1302 1317/1317/1317 1298/1298/1298 
f 1317/1317/1317 1302/1302/1302 1321/1321/1321 
f 1321/1321/1321 1322/1322/1322 1317/1317/1317 
f 1298/1298/1298 1317/1317/1317 1303/1303/1303 
f 1319/1319/1319 1303/1303/1303 1317/1317/1317 
f 1303/1303/1303 1319/1319/1319 1320/1320/1320 
f 1303/1303/1303 1304/1304/1304 1298/1298/1298 
f 1304/1304/1304 1303/1303/1303 1318/1318/1318 
f 1293/1293/1293 1294/1294/1294 1295/1295/1295 
f 1294/1294/1294 1293/1293/1293 1296/1296/1296 
f 1294/1294/1294 1296/1296/1296 1297/1297/1297 
f 1305/1305/1305 1306/1306/1306 1307/1307/1307 
f 1314/1314/1314 1306/1306/1306 1305/1305/1305 
f 1306/1306/1306 1314/1314/1314 1315/1315/1315 
f 1361/1361/1361 1362/1362/1362 1363/1363/1363 
f 1362/1362/1362 1361/1361/1361 1364/1364/1364 
f 1361/1361/1361 1369/1369/1369 1364/1364/1364 
f 1365/1365/1365 1366/1366/1366 1367/1367/1367 
f 1367/1367/1367 1368/1368/1368 1365/1365/1365 
f 1370/1370/1370 1365/1365/1365 1368/1368/1368 
f 1290/1290/1290 1291/1291/1291 1292/1292/1292 
f 1290/1290/1290 1301/1301/1301 1291/1291/1291 
f 1323/1323/1323 1324/1324/1324 1325/1325/1325 
f 1323/1323/1323 1343/1343/1343 1324/1324/1324 
f 1343/1343/1343 1323/1323/1323 1360/1360/1360 
f 1323/1323/1323 1325/1325/1325 1342/1342/1342 
f 1325/1325/1325 1340/1340/1340 1342/1342/1342 
f 1340/1340/1340 1325/1325/1325 1341/1341/1341 
f 1344/1344/1344 1323/1323/1323 1342/1342/1342 
f 1345/1345/1345 1323/1323/1323 1344/1344/1344 
f 1276/1276/1276 1277/1277/1277 1278/1278/1278 
f 1278/1278/1278 1282/1282/1282 1276/1276/1276 
f 1277/1277/1277 1281/1281/1281 1279/1279/1279 
f 1277/1277/1277 1279/1279/1279 1280/1280/1280 
f 1308/1308/1308 1309/1309/1309 1310/1310/1310 
f 1308/1308/1308 1311/1311/1311 1309/1309/1309 
f 1311/1311/1311 1316/1316/1316 1312/1312/1312 
f 1312/1312/1312 1313/1313/1313 1311/1311/1311 
f 1350/1350/1350 1351/1351/1351 1352/1352/1352 
f 1351/1351/1351 1350/1350/1350 1358/1358/1358 
f 1353/1353/1353 1354/1354/1354 1355/1355/1355 
f 1354/1354/1354 1353/1353/1353 1359/1359/1359 
f 1286/1286/1286 1287/1287/1287 1288/1288/1288 
f 1287/1287/1287 1286/1286/1286 1289/1289/1289 
f 1326/1326/1326 1327/1327/1327 1328/1328/1328 
f 1329/1329/1329 1327/1327/1327 1326/1326/1326 
f 1335/1335/1335 1336/1336/1336 1329/1329/1329 
f 1336/1336/1336 1335/1335/1335 1337/1337/1337 
f 1338/1338/1338 1336/1336/1336 1356/1356/1356 
f 1336/1336/1336 1338/1338/1338 1339/1339/1339 
f 1331/1331/1331 1332/1332/1332 1333/1333/1333 
f 1332/1332/1332 1331/1331/1331 1334/1334/1334 
f 1346/1346/1346 1347/1347/1347 1348/1348/1348 
f 1346/1346/1346 1357/1357/1357 1347/1347/1347 
f 1283/1283/1283 1284/1284/1284 1285/1285/1285 
f 1330/1330/1330 1284/1284/1284 1283/1283/1283 
f 1241/1241/1241 1242/1242/1242 1243/1243/1243 
f 1244/1244/1244 1242/1242/1242 1241/1241/1241 
f 1273/1273/1273 1274/1274/1274 1275/1275/1275 
f 1274/1274/1274 1273/1273/1273 1349/1349/1349 
f 1190/1190/1190 1191/1191/1191 1192/1192/1192 
f 1191/1191/1191 1190/1190/1190 1193/1193/1193 
f 1179/1179/1179 1180/1180/1180 1181/1181/1181 
f 1180/1180/1180 1179/1179/1179 1189/1189/1189 
f 1186/1186/1186 1187/1187/1187 1188/1188/1188 
f 1186/1186/1186 1219/1219/1219 1187/1187/1187 
f 1211/1211/1211 1212/1212/1212 1213/1213/1213 
f 1214/1214/1214 1213/1213/1213 1212/1212/1212 
f 1215/1215/1215 1216/1216/1216 1217/1217/1217 
f 1217/1217/1217 1218/1218/1218 1215/1215/1215 
f 1182/1182/1182 1183/1183/1183 1184/1184/1184 
f 1182/1182/1182 1185/1185/1185 1183/1183/1183 
f 1168/1168/1168 1169/1169/1169 1170/1170/1170 
f 1168/1168/1168 1178/1178/1178 1169/1169/1169 
f 1161/1161/1161 1162/1162/1162 1163/1163/1163 
f 1161/1161/1161 1167/1167/1167 1162/1162/1162 
f 1195/1195/1195 1196/1196/1196 1197/1197/1197 
f 1198/1198/1198 1196/1196/1196 1195/1195/1195 
f 1199/1199/1199 1200/1200/1200 1201/1201/1201 
f 1200/1200/1200 1199/1199/1199 1202/1202/1202 
f 1204/1204/1204 1205/1205/1205 1206/1206/1206 
f 1205/1205/1205 1204/1204/1204 1207/1207/1207 
f 1208/1208/1208 1209/1209/1209 1210/1210/1210 
f 1209/1209/1209 1208/1208/1208 1220/1220/1220 
f 1174/1174/1174 1175/1175/1175 1176/1176/1176 
f 1174/1174/1174 1203/1203/1203 1175/1175/1175 
f 1176/1176/1176 1221/1221/1221 1174/1174/1174 
f 1176/1176/1176 1240/1240/1240 1221/1221/1221 
f 1245/1245/1245 1174/1174/1174 1221/1221/1221 
f 1247/1247/1247 1174/1174/1174 1245/1245/1245 
f 1171/1171/1171 1172/1172/1172 1173/1173/1173 
f 1171/1171/1171 1177/1177/1177 1172/1172/1172 
f 1222/1222/1222 1223/1223/1223 1224/1224/1224 
f 1223/1223/1223 1222/1222/1222 1239/1239/1239 
f 1224/1224/1224 1246/1246/1246 1222/1222/1222 
f 1246/1246/1246 1224/1224/1224 1265/1265/1265 
f 1266/1266/1266 1246/1246/1246 1265/1265/1265 
f 1246/1246/1246 1266/1266/1266 1267/1267/1267 
f 1164/1164/1164 1165/1165/1165 1166/1166/1166 
f 1165/1165/1165 1164/1164/1164 1194/1194/1194 
f 1268/1268/1268 1269/1269/1269 1270/1270/1270 
f 1268/1268/1268 1271/1271/1271 1269/1269/1269 
f 1262/1262/1262 1263/1263/1263 1264/1264/1264 
f 1262/1262/1262 1272/1272/1272 1263/1263/1263 
f 1236/1236/1236 1237/1237/1237 1238/1238/1238 
f 1257/1257/1257 1237/1237/1237 1236/1236/1236 
f 1232/1232/1232 1233/1233/1233 1234/1234/1234 
f 1235/1235/1235 1233/1233/1233 1232/1232/1232 
f 1258/1258/1258 1259/1259/1259 1260/1260/1260 
f 1258/1258/1258 1261/1261/1261 1259/1259/1259 
f 1249/1249/1249 1250/1250/1250 1251/1251/1251 
f 1249/1249/1249 1256/1256/1256 1250/1250/1250 
f 1228/1228/1228 1229/1229/1229 1230/1230/1230 
f 1229/1229/1229 1228/1228/1228 1248/1248/1248 
f 1225/1225/1225 1226/1226/1226 1227/1227/1227 
f 1226/1226/1226 1225/1225/1225 1231/1231/1231 
f 1252/1252/1252 1253/1253/1253 1254/1254/1254 
f 1252/1252/1252 1255/1255/1255 1253/1253/1253 
f 1450/1450/1450 1451/1451/1451 1452/1452/1452 
f 1450/1450/1450 1456/1456/1456 1451/1451/1451 
f 1456/1456/1456 1466/1466/1466 1457/1457/1457 
f 1457/1457/1457 1458/1458/1458 1456/1456/1456 
f 1453/1453/1453 1454/1454/1454 1455/1455/1455 
f 1454/1454/1454 1453/1453/1453 1459/1459/1459 
f 1467/1467/1467 1453/1453/1453 1460/1460/1460 
f 1460/1460/1460 1453/1453/1453 1461/1461/1461 
f 1546/1546/1546 1547/1547/1547 1548/1548/1548 
f 1547/1547/1547 1546/1546/1546 1549/1549/1549 
f 1549/1549/1549 1557/1557/1557 1558/1558/1558 
f 1561/1561/1561 1558/1558/1558 1557/1557/1557 
f 1550/1550/1550 1551/1551/1551 1552/1552/1552 
f 1551/1551/1551 1550/1550/1550 1553/1553/1553 
f 1559/1559/1559 1551/1551/1551 1562/1562/1562 
f 1551/1551/1551 1559/1559/1559 1560/1560/1560 
f 1434/1434/1434 1435/1435/1435 1436/1436/1436 
f 1434/1434/1434 1436/1436/1436 1439/1439/1439 
f 1439/1439/1439 1440/1440/1440 1434/1434/1434 
f 1440/1440/1440 1439/1439/1439 1464/1464/1464 
f 1440/1440/1440 1464/1464/1464 1465/1465/1465 
f 1437/1437/1437 1434/1434/1434 1440/1440/1440 
f 1434/1434/1434 1437/1437/1437 1438/1438/1438 
f 1438/1438/1438 1437/1437/1437 1441/1441/1441 
f 1437/1437/1437 1440/1440/1440 1445/1445/1445 
f 1445/1445/1445 1446/1446/1446 1437/1437/1437 
f 1380/1380/1380 1381/1381/1381 1382/1382/1382 
f 1381/1381/1381 1380/1380/1380 1430/1430/1430 
f 1431/1431/1431 1381/1381/1381 1432/1432/1432 
f 1381/1381/1381 1431/1431/1431 1433/1433/1433 
f 1447/1447/1447 1448/1448/1448 1433/1433/1433 
f 1448/1448/1448 1447/1447/1447 1449/1449/1449 
f 1427/1427/1427 1428/1428/1428 1429/1429/1429 
f 1462/1462/1462 1429/1429/1429 1428/1428/1428 
f 1462/1462/1462 1428/1428/1428 1463/1463/1463 
f 1428/1428/1428 1427/1427/1427 1443/1443/1443 
f 1427/1427/1427 1442/1442/1442 1443/1443/1443 
f 1444/1444/1444 1443/1443/1443 1442/1442/1442 
f 1376/1376/1376 1377/1377/1377 1378/1378/1378 
f 1377/1377/1377 1376/1376/1376 1379/1379/1379 
f 1383/1383/1383 1384/1384/1384 1385/1385/1385 
f 1384/1384/1384 1383/1383/1383 1426/1426/1426 
f 1386/1386/1386 1387/1387/1387 1388/1388/1388 
f 1387/1387/1387 1386/1386/1386 1425/1425/1425 
f 1526/1526/1526 1527/1527/1527 1528/1528/1528 
f 1526/1526/1526 1528/1528/1528 1529/1529/1529 
f 1529/1529/1529 1533/1533/1533 1526/1526/1526 
f 1533/1533/1533 1529/1529/1529 1544/1544/1544 
f 1533/1533/1533 1544/1544/1544 1545/1545/1545 
f 1531/1531/1531 1526/1526/1526 1533/1533/1533 
f 1526/1526/1526 1531/1531/1531 1530/1530/1530 
f 1530/1530/1530 1531/1531/1531 1532/1532/1532 
f 1531/1531/1531 1533/1533/1533 1541/1541/1541 
f 1541/1541/1541 1542/1542/1542 1531/1531/1531 
f 1371/1371/1371 1372/1372/1372 1373/1373/1373 
f 1373/1373/1373 1372/1372/1372 1374/1374/1374 
f 1375/1375/1375 1374/1374/1374 1372/1372/1372 
f 1374/1374/1374 1375/1375/1375 1416/1416/1416 
f 1400/1400/1400 1401/1401/1401 1402/1402/1402 
f 1401/1401/1401 1400/1400/1400 1403/1403/1403 
f 1486/1486/1486 1487/1487/1487 1488/1488/1488 
f 1523/1523/1523 1486/1486/1486 1488/1488/1488 
f 1486/1486/1486 1523/1523/1523 1543/1543/1543 
f 1487/1487/1487 1486/1486/1486 1498/1498/1498 
f 1524/1524/1524 1487/1487/1487 1498/1498/1498 
f 1524/1524/1524 1498/1498/1498 1525/1525/1525 
f 1534/1534/1534 1535/1535/1535 1536/1536/1536 
f 1535/1535/1535 1534/1534/1534 1537/1537/1537 
f 1538/1538/1538 1539/1539/1539 1537/1537/1537 
f 1539/1539/1539 1538/1538/1538 1540/1540/1540 
f 1538/1538/1538 1554/1554/1554 1556/1556/1556 
f 1554/1554/1554 1538/1538/1538 1555/1555/1555 
f 1396/1396/1396 1397/1397/1397 1398/1398/1398 
f 1397/1397/1397 1396/1396/1396 1399/1399/1399 
f 1483/1483/1483 1484/1484/1484 1485/1485/1485 
f 1484/1484/1484 1483/1483/1483 1508/1508/1508 
f 1494/1494/1494 1495/1495/1495 1496/1496/1496 
f 1495/1495/1495 1494/1494/1494 1497/1497/1497 
f 1499/1499/1499 1500/1500/1500 1501/1501/1501 
f 1500/1500/1500 1499/1499/1499 1509/1509/1509 
f 1389/1389/1389 1390/1390/1390 1391/1391/1391 
f 1390/1390/1390 1389/1389/1389 1392/1392/1392 
f 1393/1393/1393 1394/1394/1394 1395/1395/1395 
f 1394/1394/1394 1393/1393/1393 1424/1424/1424 
f 1480/1480/1480 1481/1481/1481 1482/1482/1482 
f 1481/1481/1481 1480/1480/1480 1507/1507/1507 
f 1489/1489/1489 1490/1490/1490 1491/1491/1491 
f 1492/1492/1492 1489/1489/1489 1491/1491/1491 
f 1489/1489/1489 1492/1492/1492 1493/1493/1493 
f 1510/1510/1510 1493/1493/1493 1492/1492/1492 
f 1476/1476/1476 1477/1477/1477 1478/1478/1478 
f 1477/1477/1477 1476/1476/1476 1479/1479/1479 
f 1412/1412/1412 1413/1413/1413 1414/1414/1414 
f 1412/1412/1412 1414/1414/1414 1415/1415/1415 
f 1421/1421/1421 1422/1422/1422 1423/1423/1423 
f 1468/1468/1468 1422/1422/1422 1421/1421/1421 
f 1519/1519/1519 1520/1520/1520 1521/1521/1521 
f 1519/1519/1519 1521/1521/1521 1522/1522/1522 
f 1469/1469/1469 1470/1470/1470 1471/1471/1471 
f 1470/1470/1470 1469/1469/1469 1472/1472/1472 
f 1473/1473/1473 1474/1474/1474 1475/1475/1475 
f 1474/1474/1474 1473/1473/1473 1502/1502/1502 
f 1404/1404/1404 1405/1405/1405 1406/1406/1406 
f 1406/1406/1406 1405/1405/1405 1407/1407/1407 
f 1408/1408/1408 1409/1409/1409 1410/1410/1410 
f 1411/1411/1411 1409/1409/1409 1408/1408/1408 
f 1417/1417/1417 1418/1418/1418 1419/1419/1419 
f 1418/1418/1418 1417/1417/1417 1420/1420/1420 
f 1503/1503/1503 1504/1504/1504 1505/1505/1505 
f 1504/1504/1504 1503/1503/1503 1506/1506/1506 
f 1511/1511/1511 1512/1512/1512 1513/1513/1513 
f 1512/1512/1512 1511/1511/1511 1514/1514/1514 
f 1515/1515/1515 1516/1516/1516 1517/1517/1517 
f 1516/1516/1516 1515/1515/1515 1518/1518/1518 
f 1617/1617/1617 1618/1618/1618 1619/1619/1619 
f 1618/1618/1618 1617/1617/1617 1622/1622/1622 
f 1711/1711/1711 1622/1622/1622 1712/1712/1712 
f 1713/1713/1713 1622/1622/1622 1711/1711/1711 
f 1622/1622/1622 1620/1620/1620 1618/1618/1618 
f 1622/1622/1622 1713/1713/1713 1620/1620/1620 
f 1618/1618/1618 1620/1620/1620 1621/1621/1621 
f 1620/1620/1620 1623/1623/1623 1621/1621/1621 
f 1624/1624/1624 1620/1620/1620 1713/1713/1713 
f 1624/1624/1624 1625/1625/1625 1620/1620/1620 
f 1598/1598/1598 1599/1599/1599 1600/1600/1600 
f 1599/1599/1599 1611/1611/1611 1600/1600/1600 
f 1611/1611/1611 1599/1599/1599 1616/1616/1616 
f 1608/1608/1608 1609/1609/1609 1610/1610/1610 
f 1663/1663/1663 1609/1609/1609 1608/1608/1608 
f 1609/1609/1609 1663/1663/1663 1672/1672/1672 
f 1708/1708/1708 1709/1709/1709 1710/1710/1710 
f 1708/1708/1708 1720/1720/1720 1709/1709/1709 
f 1720/1720/1720 1708/1708/1708 1721/1721/1721 
f 1763/1763/1763 1764/1764/1764 1765/1765/1765 
f 1765/1765/1765 1764/1764/1764 1766/1766/1766 
f 1764/1764/1764 1763/1763/1763 1769/1769/1769 
f 1592/1592/1592 1593/1593/1593 1594/1594/1594 
f 1597/1597/1597 1593/1593/1593 1592/1592/1592 
f 1595/1595/1595 1594/1594/1594 1596/1596/1596 
f 1595/1595/1595 1596/1596/1596 1612/1612/1612 
f 1605/1605/1605 1606/1606/1606 1607/1607/1607 
f 1606/1606/1606 1605/1605/1605 1666/1666/1666 
f 1714/1714/1714 1715/1715/1715 1716/1716/1716 
f 1715/1715/1715 1714/1714/1714 1719/1719/1719 
f 1717/1717/1717 1718/1718/1718 1719/1719/1719 
f 1718/1718/1718 1717/1717/1717 1726/1726/1726 
f 1770/1770/1770 1771/1771/1771 1772/1772/1772 
f 1771/1771/1771 1770/1770/1770 1774/1774/1774 
f 1601/1601/1601 1602/1602/1602 1603/1603/1603 
f 1602/1602/1602 1601/1601/1601 1604/1604/1604 
f 1613/1613/1613 1614/1614/1614 1615/1615/1615 
f 1613/1613/1613 1615/1615/1615 1673/1673/1673 
f 1722/1722/1722 1723/1723/1723 1724/1724/1724 
f 1723/1723/1723 1722/1722/1722 1725/1725/1725 
f 1563/1563/1563 1564/1564/1564 1565/1565/1565 
f 1564/1564/1564 1563/1563/1563 1566/1566/1566 
f 1567/1567/1567 1568/1568/1568 1569/1569/1569 
f 1567/1567/1567 1570/1570/1570 1568/1568/1568 
f 1571/1571/1571 1572/1572/1572 1573/1573/1573 
f 1571/1571/1571 1591/1591/1591 1572/1572/1572 
f 1689/1689/1689 1690/1690/1690 1691/1691/1691 
f 1690/1690/1690 1689/1689/1689 1692/1692/1692 
f 1693/1693/1693 1694/1694/1694 1695/1695/1695 
f 1694/1694/1694 1693/1693/1693 1703/1703/1703 
f 1704/1704/1704 1705/1705/1705 1706/1706/1706 
f 1705/1705/1705 1704/1704/1704 1707/1707/1707 
f 1574/1574/1574 1575/1575/1575 1576/1576/1576 
f 1574/1574/1574 1577/1577/1577 1578/1578/1578 
f 1576/1576/1576 1580/1580/1580 1581/1581/1581 
f 1576/1576/1576 1581/1581/1581 1582/1582/1582 
f 1584/1584/1584 1582/1582/1582 1585/1585/1585 
f 1582/1582/1582 1584/1584/1584 1583/1583/1583 
f 1583/1583/1583 1576/1576/1576 1582/1582/1582 
f 1579/1579/1579 1576/1576/1576 1583/1583/1583 
f 1576/1576/1576 1579/1579/1579 1574/1574/1574 
f 1579/1579/1579 1583/1583/1583 1590/1590/1590 
f 1651/1651/1651 1574/1574/1574 1579/1579/1579 
f 1574/1574/1574 1651/1651/1651 1577/1577/1577 
f 1651/1651/1651 1579/1579/1579 1669/1669/1669 
f 1651/1651/1651 1652/1652/1652 1577/1577/1577 
f 1668/1668/1668 1577/1577/1577 1652/1652/1652 
f 1671/1671/1671 1652/1652/1652 1651/1651/1651 
f 1652/1652/1652 1671/1671/1671 1670/1670/1670 
f 1653/1653/1653 1652/1652/1652 1670/1670/1670 
f 1652/1652/1652 1653/1653/1653 1654/1654/1654 
f 1667/1667/1667 1653/1653/1653 1670/1670/1670 
f 1665/1665/1665 1653/1653/1653 1667/1667/1667 
f 1653/1653/1653 1665/1665/1665 1662/1662/1662 
f 1661/1661/1661 1653/1653/1653 1662/1662/1662 
f 1662/1662/1662 1635/1635/1635 1661/1661/1661 
f 1662/1662/1662 1664/1664/1664 1635/1635/1635 
f 1635/1635/1635 1634/1634/1634 1661/1661/1661 
f 1634/1634/1634 1635/1635/1635 1636/1636/1636 
f 1636/1636/1636 1635/1635/1635 1660/1660/1660 
f 1629/1629/1629 1630/1630/1630 1631/1631/1631 
f 1630/1630/1630 1629/1629/1629 1633/1633/1633 
f 1674/1674/1674 1675/1675/1675 1676/1676/1676 
f 1675/1675/1675 1674/1674/1674 1680/1680/1680 
f 1676/1676/1676 1677/1677/1677 1678/1678/1678 
f 1679/1679/1679 1676/1676/1676 1678/1678/1678 
f 1676/1676/1676 1679/1679/1679 1674/1674/1674 
f 1681/1681/1681 1674/1674/1674 1679/1679/1679 
f 1681/1681/1681 1686/1686/1686 1674/1674/1674 
f 1679/1679/1679 1687/1687/1687 1681/1681/1681 
f 1687/1687/1687 1679/1679/1679 1688/1688/1688 
f 1687/1687/1687 1734/1734/1734 1681/1681/1681 
f 1681/1681/1681 1734/1734/1734 1757/1757/1757 
f 1734/1734/1734 1687/1687/1687 1697/1697/1697 
f 1687/1687/1687 1696/1696/1696 1697/1697/1697 
f 1697/1697/1697 1698/1698/1698 1734/1734/1734 
f 1698/1698/1698 1697/1697/1697 1699/1699/1699 
f 1698/1698/1698 1758/1758/1758 1734/1734/1734 
f 1758/1758/1758 1698/1698/1698 1759/1759/1759 
f 1698/1698/1698 1739/1739/1739 1759/1759/1759 
f 1739/1739/1739 1698/1698/1698 1740/1740/1740 
f 1739/1739/1739 1760/1760/1760 1759/1759/1759 
f 1739/1739/1739 1761/1761/1761 1760/1760/1760 
f 1761/1761/1761 1739/1739/1739 1762/1762/1762 
f 1739/1739/1739 1767/1767/1767 1762/1762/1762 
f 1767/1767/1767 1773/1773/1773 1762/1762/1762 
f 1773/1773/1773 1767/1767/1767 1747/1747/1747 
f 1748/1748/1748 1747/1747/1747 1767/1767/1767 
f 1747/1747/1747 1748/1748/1748 1749/1749/1749 
f 1747/1747/1747 1749/1749/1749 1768/1768/1768 
f 1700/1700/1700 1701/1701/1701 1702/1702/1702 
f 1701/1701/1701 1700/1700/1700 1746/1746/1746 
f 1586/1586/1586 1587/1587/1587 1588/1588/1588 
f 1587/1587/1587 1586/1586/1586 1589/1589/1589 
f 1626/1626/1626 1627/1627/1627 1628/1628/1628 
f 1627/1627/1627 1626/1626/1626 1632/1632/1632 
f 1637/1637/1637 1638/1638/1638 1639/1639/1639 
f 1638/1638/1638 1637/1637/1637 1640/1640/1640 
f 1641/1641/1641 1642/1642/1642 1640/1640/1640 
f 1642/1642/1642 1641/1641/1641 1643/1643/1643 
f 1644/1644/1644 1645/1645/1645 1646/1646/1646 
f 1645/1645/1645 1644/1644/1644 1655/1655/1655 
f 1647/1647/1647 1648/1648/1648 1649/1649/1649 
f 1648/1648/1648 1647/1647/1647 1650/1650/1650 
f 1656/1656/1656 1657/1657/1657 1658/1658/1658 
f 1657/1657/1657 1656/1656/1656 1659/1659/1659 
f 1682/1682/1682 1683/1683/1683 1684/1684/1684 
f 1683/1683/1683 1682/1682/1682 1685/1685/1685 
f 1727/1727/1727 1728/1728/1728 1729/1729/1729 
f 1728/1728/1728 1727/1727/1727 1745/1745/1745 
f 1730/1730/1730 1731/1731/1731 1732/1732/1732 
f 1731/1731/1731 1730/1730/1730 1733/1733/1733 
f 1735/1735/1735 1736/1736/1736 1737/1737/1737 
f 1736/1736/1736 1735/1735/1735 1738/1738/1738 
f 1741/1741/1741 1742/1742/1742 1743/1743/1743 
f 1742/1742/1742 1741/1741/1741 1744/1744/1744 
f 1750/1750/1750 1751/1751/1751 1752/1752/1752 
f 1751/1751/1751 1750/1750/1750 1753/1753/1753 
f 1754/1754/1754 1751/1751/1751 1756/1756/1756 
f 1751/1751/1751 1754/1754/1754 1755/1755/1755 
f 1780/1780/1780 1781/1781/1781 1782/1782/1782 
f 1781/1781/1781 1780/1780/1780 1802/1802/1802 
f 1786/1786/1786 1781/1781/1781 1802/1802/1802 
f 1786/1786/1786 1802/1802/1802 1808/1808/1808 
f 1808/1808/1808 1809/1809/1809 1786/1786/1786 
f 1781/1781/1781 1786/1786/1786 1784/1784/1784 
f 1784/1784/1784 1783/1783/1783 1781/1781/1781 
f 1783/1783/1783 1784/1784/1784 1785/1785/1785 
f 1786/1786/1786 1801/1801/1801 1784/1784/1784 
f 1807/1807/1807 1801/1801/1801 1786/1786/1786 
f 1775/1775/1775 1776/1776/1776 1777/1777/1777 
f 1776/1776/1776 1778/1778/1778 1777/1777/1777 
f 1778/1778/1778 1776/1776/1776 1779/1779/1779 
f 1787/1787/1787 1788/1788/1788 1789/1789/1789 
f 1789/1789/1789 1857/1857/1857 1787/1787/1787 
f 1860/1860/1860 1787/1787/1787 1857/1857/1857 
f 1803/1803/1803 1804/1804/1804 1805/1805/1805 
f 1804/1804/1804 1803/1803/1803 1806/1806/1806 
f 1806/1806/1806 1803/1803/1803 1810/1810/1810 
f 1818/1818/1818 1819/1819/1819 1820/1820/1820 
f 1819/1819/1819 1818/1818/1818 1858/1858/1858 
f 1818/1818/1818 1861/1861/1861 1858/1858/1858 
f 1853/1853/1853 1854/1854/1854 1855/1855/1855 
f 1853/1853/1853 1855/1855/1855 1856/1856/1856 
f 1827/1827/1827 1828/1828/1828 1829/1829/1829 
f 1828/1828/1828 1827/1827/1827 1830/1830/1830 
f 1827/1827/1827 1831/1831/1831 1830/1830/1830 
f 1831/1831/1831 1836/1836/1836 1830/1830/1830 
f 1836/1836/1836 1831/1831/1831 1837/1837/1837 
f 1831/1831/1831 1827/1827/1827 1832/1832/1832 
f 1832/1832/1832 1859/1859/1859 1831/1831/1831 
f 1859/1859/1859 1832/1832/1832 1862/1862/1862 
f 1790/1790/1790 1791/1791/1791 1792/1792/1792 
f 1792/1792/1792 1796/1796/1796 1790/1790/1790 
f 1795/1795/1795 1792/1792/1792 1794/1794/1794 
f 1793/1793/1793 1794/1794/1794 1792/1792/1792 
f 1811/1811/1811 1812/1812/1812 1813/1813/1813 
f 1811/1811/1811 1813/1813/1813 1814/1814/1814 
f 1815/1815/1815 1811/1811/1811 1816/1816/1816 
f 1816/1816/1816 1817/1817/1817 1815/1815/1815 
f 1821/1821/1821 1822/1822/1822 1823/1823/1823 
f 1823/1823/1823 1867/1867/1867 1821/1821/1821 
f 1824/1824/1824 1825/1825/1825 1826/1826/1826 
f 1826/1826/1826 1866/1866/1866 1824/1824/1824 
f 1797/1797/1797 1798/1798/1798 1799/1799/1799 
f 1798/1798/1798 1797/1797/1797 1800/1800/1800 
f 1833/1833/1833 1834/1834/1834 1835/1835/1835 
f 1833/1833/1833 1835/1835/1835 1838/1838/1838 
f 1845/1845/1845 1851/1851/1851 1833/1833/1833 
f 1845/1845/1845 1833/1833/1833 1846/1846/1846 
f 1863/1863/1863 1846/1846/1846 1864/1864/1864 
f 1863/1863/1863 1864/1864/1864 1865/1865/1865 
f 1847/1847/1847 1848/1848/1848 1849/1849/1849 
f 1847/1847/1847 1850/1850/1850 1848/1848/1848 
f 1868/1868/1868 1869/1869/1869 1870/1870/1870 
f 1868/1868/1868 1870/1870/1870 1871/1871/1871 
f 1842/1842/1842 1843/1843/1843 1844/1844/1844 
f 1842/1842/1842 1844/1844/1844 1852/1852/1852 
f 1839/1839/1839 1840/1840/1840 1841/1841/1841 
f 1839/1839/1839 1872/1872/1872 1840/1840/1840 
f 1969/1969/1969 1970/1970/1970 1971/1971/1971 
f 1969/1969/1969 1971/1971/1971 1972/1972/1972 
f 1939/1939/1939 1940/1940/1940 1941/1941/1941 
f 1939/1939/1939 1946/1946/1946 1940/1940/1940 
f 1942/1942/1942 1943/1943/1943 1944/1944/1944 
f 1942/1942/1942 1944/1944/1944 1945/1945/1945 
f 1965/1965/1965 1966/1966/1966 1967/1967/1967 
f 1965/1965/1965 1968/1968/1968 1966/1966/1966 
f 1902/1902/1902 1903/1903/1903 1904/1904/1904 
f 1903/1903/1903 1902/1902/1902 1905/1905/1905 
f 1910/1910/1910 1911/1911/1911 1912/1912/1912 
f 1912/1912/1912 1913/1913/1913 1910/1910/1910 
f 1936/1936/1936 1937/1937/1937 1938/1938/1938 
f 1936/1936/1936 1938/1938/1938 1964/1964/1964 
f 1930/1930/1930 1931/1931/1931 1932/1932/1932 
f 1930/1930/1930 1932/1932/1932 1963/1963/1963 
f 1880/1880/1880 1881/1881/1881 1882/1882/1882 
f 1880/1880/1880 1882/1882/1882 1883/1883/1883 
f 1899/1899/1899 1900/1900/1900 1901/1901/1901 
f 1906/1906/1906 1899/1899/1899 1901/1901/1901 
f 1907/1907/1907 1908/1908/1908 1909/1909/1909 
f 1908/1908/1908 1907/1907/1907 1914/1914/1914 
f 1915/1915/1915 1916/1916/1916 1917/1917/1917 
f 1921/1921/1921 1915/1915/1915 1917/1917/1917 
f 1918/1918/1918 1919/1919/1919 1920/1920/1920 
f 1922/1922/1922 1918/1918/1918 1920/1920/1920 
f 1873/1873/1873 1874/1874/1874 1875/1875/1875 
f 1875/1875/1875 1876/1876/1876 1873/1873/1873 
f 1876/1876/1876 1878/1878/1878 1873/1873/1873 
f 1876/1876/1876 1879/1879/1879 1878/1878/1878 
f 1875/1875/1875 1877/1877/1877 1876/1876/1876 
f 1898/1898/1898 1876/1876/1876 1877/1877/1877 
f 1884/1884/1884 1885/1885/1885 1886/1886/1886 
f 1885/1885/1885 1884/1884/1884 1887/1887/1887 
f 1894/1894/1894 1886/1886/1886 1885/1885/1885 
f 1923/1923/1923 1886/1886/1886 1894/1894/1894 
f 1923/1923/1923 1894/1894/1894 1893/1893/1893 
f 1892/1892/1892 1893/1893/1893 1894/1894/1894 
f 1888/1888/1888 1889/1889/1889 1890/1890/1890 
f 1888/1888/1888 1890/1890/1890 1891/1891/1891 
f 1933/1933/1933 1934/1934/1934 1935/1935/1935 
f 1933/1933/1933 1935/1935/1935 1974/1974/1974 
f 1947/1947/1947 1948/1948/1948 1949/1949/1949 
f 1947/1947/1947 1949/1949/1949 1976/1976/1976 
f 1952/1952/1952 1953/1953/1953 1954/1954/1954 
f 1952/1952/1952 1959/1959/1959 1953/1953/1953 
f 1955/1955/1955 1956/1956/1956 1957/1957/1957 
f 1955/1955/1955 1958/1958/1958 1956/1956/1956 
f 1977/1977/1977 1978/1978/1978 1979/1979/1979 
f 1977/1977/1977 1979/1979/1979 1980/1980/1980 
f 1960/1960/1960 1961/1961/1961 1962/1962/1962 
f 1960/1960/1960 1962/1962/1962 1975/1975/1975 
f 1895/1895/1895 1896/1896/1896 1897/1897/1897 
f 1895/1895/1895 1951/1951/1951 1896/1896/1896 
f 1924/1924/1924 1925/1925/1925 1926/1926/1926 
f 1924/1924/1924 1973/1973/1973 1925/1925/1925 
f 1927/1927/1927 1928/1928/1928 1929/1929/1929 
f 1927/1927/1927 1950/1950/1950 1928/1928/1928 
f 2004/2004/2004 2005/2005/2005 2006/2006/2006 
f 2005/2005/2005 2004/2004/2004 2092/2092/2092 
f 2036/2036/2036 2005/2005/2005 2092/2092/2092 
f 2100/2100/2100 2036/2036/2036 2092/2092/2092 
f 2036/2036/2036 2100/2100/2100 2128/2128/2128 
f 2005/2005/2005 2036/2036/2036 2015/2015/2015 
f 2015/2015/2015 2016/2016/2016 2005/2005/2005 
f 2016/2016/2016 2015/2015/2015 2035/2035/2035 
f 2036/2036/2036 2037/2037/2037 2015/2015/2015 
f 2036/2036/2036 2129/2129/2129 2037/2037/2037 
f 1984/1984/1984 1985/1985/1985 1986/1986/1986 
f 1985/1985/1985 1984/1984/1984 1996/1996/1996 
f 1984/1984/1984 1986/1986/1986 1987/1987/1987 
f 2020/2020/2020 2021/2021/2021 2022/2022/2022 
f 2034/2034/2034 2021/2021/2021 2020/2020/2020 
f 2021/2021/2021 2034/2034/2034 2038/2038/2038 
f 2112/2112/2112 2113/2113/2113 2114/2114/2114 
f 2113/2113/2113 2112/2112/2112 2116/2116/2116 
f 2116/2116/2116 2112/2112/2112 2117/2117/2117 
f 2130/2130/2130 2131/2131/2131 2132/2132/2132 
f 2141/2141/2141 2131/2131/2131 2130/2130/2130 
f 2131/2131/2131 2141/2141/2141 2142/2142/2142 
f 1981/1981/1981 1982/1982/1982 1983/1983/1983 
f 1981/1981/1981 1983/1983/1983 1988/1988/1988 
f 1989/1989/1989 1990/1990/1990 1983/1983/1983 
f 1990/1990/1990 1989/1989/1989 1991/1991/1991 
f 2017/2017/2017 2018/2018/2018 2019/2019/2019 
f 2017/2017/2017 2019/2019/2019 2023/2023/2023 
f 2023/2023/2023 2024/2024/2024 2025/2025/2025 
f 2025/2025/2025 2024/2024/2024 2039/2039/2039 
f 2109/2109/2109 2110/2110/2110 2111/2111/2111 
f 2111/2111/2111 2110/2110/2110 2115/2115/2115 
f 2120/2120/2120 2119/2119/2119 2115/2115/2115 
f 2118/2118/2118 2115/2115/2115 2119/2119/2119 
f 2133/2133/2133 2134/2134/2134 2135/2135/2135 
f 2135/2135/2135 2143/2143/2143 2133/2133/2133 
f 2143/2143/2143 2144/2144/2144 2145/2145/2145 
f 2143/2143/2143 2145/2145/2145 2146/2146/2146 
f 2026/2026/2026 2027/2027/2027 2028/2028/2028 
f 2027/2027/2027 2026/2026/2026 2029/2029/2029 
f 2040/2040/2040 2041/2041/2041 2042/2042/2042 
f 2042/2042/2042 2041/2041/2041 2139/2139/2139 
f 2125/2125/2125 2126/2126/2126 2127/2127/2127 
f 2126/2126/2126 2125/2125/2125 2147/2147/2147 
f 1992/1992/1992 1993/1993/1993 1994/1994/1994 
f 1992/1992/1992 1994/1994/1994 1995/1995/1995 
f 2030/2030/2030 2031/2031/2031 2032/2032/2032 
f 2030/2030/2030 2032/2032/2032 2033/2033/2033 
f 2043/2043/2043 2044/2044/2044 2045/2045/2045 
f 2043/2043/2043 2045/2045/2045 2046/2046/2046 
f 2121/2121/2121 2122/2122/2122 2123/2123/2123 
f 2124/2124/2124 2121/2121/2121 2123/2123/2123 
f 2136/2136/2136 2137/2137/2137 2138/2138/2138 
f 2140/2140/2140 2136/2136/2136 2138/2138/2138 
f 2148/2148/2148 2149/2149/2149 2150/2150/2150 
f 2151/2151/2151 2148/2148/2148 2150/2150/2150 
f 2093/2093/2093 2094/2094/2094 2095/2095/2095 
f 2094/2094/2094 2093/2093/2093 2099/2099/2099 
f 2096/2096/2096 2097/2097/2097 2098/2098/2098 
f 2097/2097/2097 2096/2096/2096 2101/2101/2101 
f 2102/2102/2102 2103/2103/2103 2104/2104/2104 
f 2102/2102/2102 2104/2104/2104 2108/2108/2108 
f 2105/2105/2105 2106/2106/2106 2107/2107/2107 
f 2105/2105/2105 2107/2107/2107 2152/2152/2152 
f 1997/1997/1997 1998/1998/1998 1999/1999/1999 
f 2000/2000/2000 1999/1999/1999 1998/1998/1998 
f 2153/2153/2153 2154/2154/2154 2155/2155/2155 
f 2159/2159/2159 2154/2154/2154 2153/2153/2153 
f 2182/2182/2182 2154/2154/2154 2159/2159/2159 
f 2182/2182/2182 2159/2159/2159 2186/2186/2186 
f 2153/2153/2153 2160/2160/2160 2159/2159/2159 
f 2183/2183/2183 2159/2159/2159 2160/2160/2160 
f 2169/2169/2169 2170/2170/2170 2171/2171/2171 
f 2171/2171/2171 2172/2172/2172 2169/2169/2169 
f 2172/2172/2172 2176/2176/2176 2169/2169/2169 
f 2172/2172/2172 2181/2181/2181 2176/2176/2176 
f 2171/2171/2171 2191/2191/2191 2172/2172/2172 
f 2193/2193/2193 2172/2172/2172 2191/2191/2191 
f 2001/2001/2001 2002/2002/2002 2003/2003/2003 
f 2007/2007/2007 2003/2003/2003 2002/2002/2002 
f 2008/2008/2008 2009/2009/2009 2010/2010/2010 
f 2008/2008/2008 2010/2010/2010 2011/2011/2011 
f 2156/2156/2156 2157/2157/2157 2158/2158/2158 
f 2157/2157/2157 2156/2156/2156 2161/2161/2161 
f 2162/2162/2162 2157/2157/2157 2161/2161/2161 
f 2157/2157/2157 2162/2162/2162 2166/2166/2166 
f 2167/2167/2167 2162/2162/2162 2168/2168/2168 
f 2162/2162/2162 2167/2167/2167 2188/2188/2188 
f 2166/2166/2166 2162/2162/2162 2188/2188/2188 
f 2188/2188/2188 2187/2187/2187 2166/2166/2166 
f 2184/2184/2184 2166/2166/2166 2187/2187/2187 
f 2166/2166/2166 2184/2184/2184 2185/2185/2185 
f 2173/2173/2173 2174/2174/2174 2175/2175/2175 
f 2174/2174/2174 2177/2177/2177 2175/2175/2175 
f 2179/2179/2179 2175/2175/2175 2177/2177/2177 
f 2192/2192/2192 2174/2174/2174 2173/2173/2173 
f 2192/2192/2192 2173/2173/2173 2194/2194/2194 
f 2196/2196/2196 2194/2194/2194 2173/2173/2173 
f 2012/2012/2012 2013/2013/2013 2014/2014/2014 
f 2012/2012/2012 2047/2047/2047 2013/2013/2013 
f 2163/2163/2163 2164/2164/2164 2165/2165/2165 
f 2163/2163/2163 2178/2178/2178 2164/2164/2164 
f 2180/2180/2180 2164/2164/2164 2178/2178/2178 
f 2180/2180/2180 2178/2178/2178 2195/2195/2195 
f 2189/2189/2189 2180/2180/2180 2195/2195/2195 
f 2180/2180/2180 2189/2189/2189 2190/2190/2190 
f 2048/2048/2048 2049/2049/2049 2050/2050/2050 
f 2054/2054/2054 2049/2049/2049 2048/2048/2048 
f 2076/2076/2076 2049/2049/2049 2054/2054/2054 
f 2076/2076/2076 2054/2054/2054 2080/2080/2080 
f 2048/2048/2048 2055/2055/2055 2054/2054/2054 
f 2077/2077/2077 2054/2054/2054 2055/2055/2055 
f 2063/2063/2063 2064/2064/2064 2065/2065/2065 
f 2065/2065/2065 2066/2066/2066 2063/2063/2063 
f 2066/2066/2066 2067/2067/2067 2063/2063/2063 
f 2066/2066/2066 2085/2085/2085 2067/2067/2067 
f 2065/2065/2065 2086/2086/2086 2066/2066/2066 
f 2087/2087/2087 2066/2066/2066 2086/2086/2086 
f 2051/2051/2051 2052/2052/2052 2053/2053/2053 
f 2051/2051/2051 2056/2056/2056 2052/2052/2052 
f 2056/2056/2056 2060/2060/2060 2052/2052/2052 
f 2060/2060/2060 2056/2056/2056 2081/2081/2081 
f 2078/2078/2078 2060/2060/2060 2081/2081/2081 
f 2060/2060/2060 2078/2078/2078 2079/2079/2079 
f 2068/2068/2068 2069/2069/2069 2070/2070/2070 
f 2068/2068/2068 2084/2084/2084 2069/2069/2069 
f 2070/2070/2070 2071/2071/2071 2068/2068/2068 
f 2071/2071/2071 2070/2070/2070 2073/2073/2073 
f 2072/2072/2072 2071/2071/2071 2073/2073/2073 
f 2071/2071/2071 2072/2072/2072 2074/2074/2074 
f 2068/2068/2068 2071/2071/2071 2075/2075/2075 
f 2075/2075/2075 2088/2088/2088 2068/2068/2068 
f 2088/2088/2088 2075/2075/2075 2090/2090/2090 
f 2089/2089/2089 2090/2090/2090 2075/2075/2075 
f 2057/2057/2057 2058/2058/2058 2059/2059/2059 
f 2058/2058/2058 2057/2057/2057 2062/2062/2062 
f 2058/2058/2058 2061/2061/2061 2059/2059/2059 
f 2061/2061/2061 2082/2082/2082 2059/2059/2059 
f 2082/2082/2082 2061/2061/2061 2083/2083/2083 
f 2091/2091/2091 2083/2083/2083 2061/2061/2061 
f 2208/2208/2208 2209/2209/2209 2210/2210/2210 
f 2260/2260/2260 2210/2210/2210 2261/2261/2261 
f 2208/2208/2208 2210/2210/2210 2223/2223/2223 
f 2280/2280/2280 2210/2210/2210 2260/2260/2260 
f 2210/2210/2210 2280/2280/2280 2223/2223/2223 
f 2280/2280/2280 2283/2283/2283 2223/2223/2223 
f 2219/2219/2219 2208/2208/2208 2223/2223/2223 
f 2219/2219/2219 2223/2223/2223 2279/2279/2279 
f 2208/2208/2208 2219/2219/2219 2216/2216/2216 
f 2222/2222/2222 2216/2216/2216 2219/2219/2219 
f 2221/2221/2221 2216/2216/2216 2222/2222/2222 
f 2216/2216/2216 2217/2217/2217 2208/2208/2208 
f 2217/2217/2217 2216/2216/2216 2218/2218/2218 
f 2278/2278/2278 2280/2280/2280 2260/2260/2260 
f 2260/2260/2260 2277/2277/2277 2278/2278/2278 
f 2280/2280/2280 2278/2278/2278 2282/2282/2282 
f 2282/2282/2282 2278/2278/2278 2276/2276/2276 
f 2278/2278/2278 2273/2273/2273 2276/2276/2276 
f 2273/2273/2273 2278/2278/2278 2281/2281/2281 
f 2273/2273/2273 2275/2275/2275 2276/2276/2276 
f 2273/2273/2273 2274/2274/2274 2275/2275/2275 
f 2274/2274/2274 2273/2273/2273 2272/2272/2272 
f 2272/2272/2272 2273/2273/2273 2271/2271/2271 
f 2271/2271/2271 2270/2270/2270 2272/2272/2272 
f 2270/2270/2270 2271/2271/2271 2267/2267/2267 
f 2271/2271/2271 2268/2268/2268 2267/2267/2267 
f 2266/2266/2266 2267/2267/2267 2268/2268/2268 
f 2267/2267/2267 2266/2266/2266 2269/2269/2269 
f 2262/2262/2262 2263/2263/2263 2264/2264/2264 
f 2263/2263/2263 2262/2262/2262 2265/2265/2265 
f 2318/2318/2318 2319/2319/2319 2320/2320/2320 
f 2319/2319/2319 2318/2318/2318 2321/2321/2321 
f 2320/2320/2320 2326/2326/2326 2327/2327/2327 
f 2328/2328/2328 2320/2320/2320 2327/2327/2327 
f 2320/2320/2320 2328/2328/2328 2318/2318/2318 
f 2328/2328/2328 2329/2329/2329 2318/2318/2318 
f 2329/2329/2329 2328/2328/2328 2380/2380/2380 
f 2318/2318/2318 2329/2329/2329 2330/2330/2330 
f 2330/2330/2330 2341/2341/2341 2318/2318/2318 
f 2383/2383/2383 2330/2330/2330 2329/2329/2329 
f 2329/2329/2329 2384/2384/2384 2383/2383/2383 
f 2330/2330/2330 2383/2383/2383 2342/2342/2342 
f 2342/2342/2342 2343/2343/2343 2330/2330/2330 
f 2381/2381/2381 2342/2342/2342 2383/2383/2383 
f 2342/2342/2342 2381/2381/2381 2382/2382/2382 
f 2385/2385/2385 2381/2381/2381 2383/2383/2383 
f 2386/2386/2386 2381/2381/2381 2385/2385/2385 
f 2381/2381/2381 2386/2386/2386 2387/2387/2387 
f 2388/2388/2388 2381/2381/2381 2387/2387/2387 
f 2399/2399/2399 2387/2387/2387 2386/2386/2386 
f 2400/2400/2400 2387/2387/2387 2399/2399/2399 
f 2387/2387/2387 2400/2400/2400 2397/2397/2397 
f 2395/2395/2395 2387/2387/2387 2397/2397/2397 
f 2398/2398/2398 2395/2395/2395 2397/2397/2397 
f 2393/2393/2393 2395/2395/2395 2398/2398/2398 
f 2395/2395/2395 2393/2393/2393 2394/2394/2394 
f 2393/2393/2393 2391/2391/2391 2394/2394/2394 
f 2391/2391/2391 2393/2393/2393 2396/2396/2396 
f 2389/2389/2389 2390/2390/2390 2391/2391/2391 
f 2390/2390/2390 2389/2389/2389 2392/2392/2392 
f 2224/2224/2224 2225/2225/2225 2226/2226/2226 
f 2225/2225/2225 2224/2224/2224 2305/2305/2305 
f 2284/2284/2284 2285/2285/2285 2286/2286/2286 
f 2285/2285/2285 2284/2284/2284 2287/2287/2287 
f 2291/2291/2291 2292/2292/2292 2293/2293/2293 
f 2292/2292/2292 2291/2291/2291 2294/2294/2294 
f 2295/2295/2295 2292/2292/2292 2297/2297/2297 
f 2292/2292/2292 2295/2295/2295 2296/2296/2296 
f 2302/2302/2302 2303/2303/2303 2304/2304/2304 
f 2303/2303/2303 2302/2302/2302 2306/2306/2306 
f 2308/2308/2308 2309/2309/2309 2310/2310/2310 
f 2309/2309/2309 2308/2308/2308 2311/2311/2311 
f 2312/2312/2312 2313/2313/2313 2314/2314/2314 
f 2313/2313/2313 2312/2312/2312 2315/2315/2315 
f 2377/2377/2377 2378/2378/2378 2379/2379/2379 
f 2378/2378/2378 2377/2377/2377 2401/2401/2401 
f 2402/2402/2402 2403/2403/2403 2404/2404/2404 
f 2403/2403/2403 2402/2402/2402 2405/2405/2405 
f 2406/2406/2406 2407/2407/2407 2408/2408/2408 
f 2407/2407/2407 2406/2406/2406 2409/2409/2409 
f 2410/2410/2410 2411/2411/2411 2412/2412/2412 
f 2411/2411/2411 2410/2410/2410 2413/2413/2413 
f 2418/2418/2418 2419/2419/2419 2420/2420/2420 
f 2419/2419/2419 2418/2418/2418 2421/2421/2421 
f 2426/2426/2426 2427/2427/2427 2428/2428/2428 
f 2427/2427/2427 2426/2426/2426 2431/2431/2431 
f 2429/2429/2429 2430/2430/2430 2431/2431/2431 
f 2430/2430/2430 2429/2429/2429 2432/2432/2432 
f 2197/2197/2197 2198/2198/2198 2199/2199/2199 
f 2203/2203/2203 2198/2198/2198 2197/2197/2197 
f 2198/2198/2198 2203/2203/2203 2206/2206/2206 
f 2206/2206/2206 2207/2207/2207 2198/2198/2198 
f 2200/2200/2200 2199/2199/2199 2198/2198/2198 
f 2199/2199/2199 2200/2200/2200 2201/2201/2201 
f 2201/2201/2201 2200/2200/2200 2202/2202/2202 
f 2204/2204/2204 2202/2202/2202 2200/2200/2200 
f 2202/2202/2202 2204/2204/2204 2205/2205/2205 
f 2211/2211/2211 2205/2205/2205 2204/2204/2204 
f 2215/2215/2215 2202/2202/2202 2205/2205/2205 
f 2202/2202/2202 2215/2215/2215 2220/2220/2220 
f 2212/2212/2212 2213/2213/2213 2214/2214/2214 
f 2214/2214/2214 2213/2213/2213 2257/2257/2257 
f 2212/2212/2212 2214/2214/2214 2256/2256/2256 
f 2322/2322/2322 2323/2323/2323 2324/2324/2324 
f 2325/2325/2325 2323/2323/2323 2322/2322/2322 
f 2323/2323/2323 2325/2325/2325 2358/2358/2358 
f 2358/2358/2358 2359/2359/2359 2323/2323/2323 
f 2334/2334/2334 2324/2324/2324 2323/2323/2323 
f 2324/2324/2324 2334/2334/2334 2335/2335/2335 
f 2335/2335/2335 2334/2334/2334 2336/2336/2336 
f 2346/2346/2346 2336/2336/2336 2334/2334/2334 
f 2336/2336/2336 2346/2346/2346 2345/2345/2345 
f 2344/2344/2344 2345/2345/2345 2346/2346/2346 
f 2337/2337/2337 2336/2336/2336 2345/2345/2345 
f 2336/2336/2336 2337/2337/2337 2338/2338/2338 
f 2331/2331/2331 2332/2332/2332 2333/2333/2333 
f 2331/2331/2331 2339/2339/2339 2332/2332/2332 
f 2332/2332/2332 2339/2339/2339 2340/2340/2340 
f 2230/2230/2230 2231/2231/2231 2232/2232/2232 
f 2231/2231/2231 2230/2230/2230 2258/2258/2258 
f 2231/2231/2231 2258/2258/2258 2259/2259/2259 
f 2299/2299/2299 2300/2300/2300 2301/2301/2301 
f 2300/2300/2300 2299/2299/2299 2307/2307/2307 
f 2307/2307/2307 2299/2299/2299 2316/2316/2316 
f 2355/2355/2355 2356/2356/2356 2357/2357/2357 
f 2360/2360/2360 2356/2356/2356 2355/2355/2355 
f 2356/2356/2356 2360/2360/2360 2361/2361/2361 
f 2414/2414/2414 2415/2415/2415 2416/2416/2416 
f 2415/2415/2415 2414/2414/2414 2417/2417/2417 
f 2417/2417/2417 2414/2414/2414 2422/2422/2422 
f 2227/2227/2227 2228/2228/2228 2229/2229/2229 
f 2233/2233/2233 2228/2228/2228 2227/2227/2227 
f 2228/2228/2228 2255/2255/2255 2246/2246/2246 
f 2228/2228/2228 2246/2246/2246 2247/2247/2247 
f 2288/2288/2288 2289/2289/2289 2290/2290/2290 
f 2289/2289/2289 2288/2288/2288 2298/2298/2298 
f 2347/2347/2347 2348/2348/2348 2349/2349/2349 
f 2347/2347/2347 2350/2350/2350 2348/2348/2348 
f 2362/2362/2362 2350/2350/2350 2364/2364/2364 
f 2350/2350/2350 2362/2362/2362 2363/2363/2363 
f 2423/2423/2423 2424/2424/2424 2425/2425/2425 
f 2424/2424/2424 2423/2423/2423 2433/2433/2433 
f 2238/2238/2238 2239/2239/2239 2240/2240/2240 
f 2239/2239/2239 2238/2238/2238 2241/2241/2241 
f 2248/2248/2248 2249/2249/2249 2250/2250/2250 
f 2248/2248/2248 2317/2317/2317 2249/2249/2249 
f 2369/2369/2369 2370/2370/2370 2371/2371/2371 
f 2370/2370/2370 2369/2369/2369 2372/2372/2372 
f 2234/2234/2234 2235/2235/2235 2236/2236/2236 
f 2234/2234/2234 2237/2237/2237 2235/2235/2235 
f 2242/2242/2242 2243/2243/2243 2244/2244/2244 
f 2242/2242/2242 2245/2245/2245 2243/2243/2243 
f 2251/2251/2251 2252/2252/2252 2253/2253/2253 
f 2254/2254/2254 2252/2252/2252 2251/2251/2251 
f 2351/2351/2351 2352/2352/2352 2353/2353/2353 
f 2354/2354/2354 2351/2351/2351 2353/2353/2353 
f 2365/2365/2365 2366/2366/2366 2367/2367/2367 
f 2366/2366/2366 2365/2365/2365 2368/2368/2368 
f 2373/2373/2373 2374/2374/2374 2375/2375/2375 
f 2374/2374/2374 2373/2373/2373 2376/2376/2376 

g Sphere0051

v -1.21685 6.68743 -2.24724 
v -1.21685 7.06724 -2.24724 
v -1.21685 7.06724 -2.18917 
v -1.21685 6.68743 -2.18917 
v -0.558068 7.62628 -2.22465 
v -0.534294 7.65398 -2.16609 
v -0.558068 7.62628 -2.16609 
v -1.41965 7.28643 -2.12541 
v -1.41965 7.1583 -2.18917 
v -1.41965 7.29046 -2.18917 
v -1.55706 6.68743 -2.18917 
v -1.55644 7.06758 -1.84717 
v -1.55706 6.68743 -1.84717 
v -1.55644 7.06777 -2.18917 
v -1.41965 7.15427 -2.12541 
v -0.534294 7.65398 -2.22465 
v -1.41776 7.69235 -2.16609 
v -1.41776 7.62628 -2.22465 
v -1.41776 7.69235 -2.22465 
v -1.41776 7.62628 -2.16609 
v -0.534294 7.74198 -2.16609 
v -0.534294 7.65398 -2.22465 
v -0.534294 7.74198 -2.22465 
v -0.534294 7.65398 -2.16609 
v -1.41965 7.69356 -2.12541 
v -1.41965 7.63152 -2.18917 
v -1.41965 7.69759 -2.18917 
v -1.41965 7.62748 -2.12541 
v 0.518333 7.62748 -2.12541 
v 0.518333 7.29046 -2.18917 
v 0.518333 7.63152 -2.18917 
v 0.528875 6.20639 -2.21834 
v 0.528875 6.01764 -2.13606 
v 0.528875 6.01764 -2.21834 
v 0.528876 6.20639 -2.13606 
v 0.746331 7.28643 -2.12541 
v 0.746331 7.1583 -2.18917 
v 0.746331 7.29046 -2.18917 
v 0.746331 7.15427 -2.12541 
v 1.57708 7.06768 -1.84717 
v 1.56081 6.6875 -2.23021 
v 1.5602 7.06783 -2.2302 
v 1.57771 6.68752 -1.84717 
v 0.518333 7.28643 -2.12541 
v 0.632333 7.69356 -2.12541 
v 0.632333 7.63152 -2.18917 
v 0.632333 7.69759 -2.18917 
v 0.634349 7.69235 -2.22465 
v 0.634349 7.62628 -2.16609 
v 0.634349 7.62628 -2.22465 
v 0.634349 7.69235 -2.16609 
v 0.632333 7.62748 -2.12541 
v 1.5459 7.74196 -1.82348 
v 1.54584 7.62628 -2.22465 
v 1.5459 7.74198 -2.22465 
v 1.5459 7.61484 -1.82348 
v -1.51494 7.06757 -2.18917 
v -1.44366 7.06724 -2.24724 
v -1.51494 7.06757 -2.24724 
v -1.51494 7.06757 -2.24724 
v -1.59732 7.06783 -2.2302 
v -1.55644 7.06777 -2.18917 
v -1.44366 7.06724 -2.18917 
v -1.33025 7.06724 -2.24724 
v -1.44366 7.06724 -2.24724 
v -1.33025 7.06724 -2.18917 
v -1.21685 7.06724 -2.24724 
v -1.21685 7.06724 -2.18917 
v -1.51494 7.06757 -2.18917 
v -1.55644 7.06777 -2.18917 
v -1.61421 7.06768 -1.84717 
v -1.55644 7.06758 -1.84717 
v -1.44366 7.06724 -2.18917 
v 0.528876 6.20639 -2.13606 
v -0.565923 6.20639 -2.21834 
v -0.565923 6.20639 -2.13606 
v -1.59732 7.06783 -2.2302 
v -1.41965 7.15427 -2.12541 
v -0.783455 7.1583 -2.18917 
v -1.41965 7.1583 -2.18917 
v -1.41965 7.29046 -2.18917 
v -1.55687 7.29046 -2.18917 
v -1.41965 7.28643 -2.12541 
v -0.783455 7.15427 -2.12541 
v -0.783455 7.29046 -2.18917 
v -0.555457 7.28643 -2.12541 
v -0.555457 7.29046 -2.18917 
v -1.58302 7.74198 -2.22465 
v -0.534294 7.74198 -2.16609 
v -0.534294 7.74198 -2.22465 
v -0.783455 7.28643 -2.12541 
v -1.55691 7.28756 -1.88964 
v -1.52476 7.74197 -1.82347 
v -1.58302 7.74196 -1.82348 
v -1.4959 7.28756 -1.88964 
v 0.528875 6.20639 -2.21834 
v 1.17972 7.06724 -2.18917 
v 1.29313 7.06724 -2.24724 
v 1.17972 7.06724 -2.24724 
v 1.29313 7.06724 -2.18917 
v 1.40653 7.06724 -2.24724 
v 1.40653 7.06724 -2.18917 
v 1.47782 7.06757 -2.24724 
v 1.40653 7.06724 -2.24724 
v 1.47782 7.06757 -2.24724 
v 1.51932 7.06777 -2.18917 
v 1.5602 7.06783 -2.2302 
v 1.40653 7.06724 -2.18917 
v 1.47782 7.06757 -2.18917 
v 1.47782 7.06757 -2.18917 
v 1.57708 7.06768 -1.84717 
v 1.51932 7.06777 -2.18917 
v 1.51932 7.06758 -1.84717 
v 1.5602 7.06783 -2.2302 
v 0.746331 7.15427 -2.12541 
v 1.38253 7.15427 -2.12541 
v 1.38253 7.1583 -2.18917 
v 0.746331 7.29046 -2.18917 
v 0.518333 7.29046 -2.18917 
v 0.746331 7.28643 -2.12541 
v 1.5459 7.74198 -2.22465 
v 0.497171 7.74198 -2.22465 
v 0.497171 7.74198 -2.16609 
v 0.746331 7.1583 -2.18917 
v 1.38253 7.28643 -2.12541 
v 1.51975 7.29046 -2.18917 
v 1.38253 7.29046 -2.18917 
v 0.518333 7.28643 -2.12541 
v 1.51979 7.28756 -1.88964 
v 1.45877 7.28756 -1.88964 
v 1.48764 7.74197 -1.82347 
v 1.5459 7.74196 -1.82348 
v -1.55706 6.68743 -2.18917 
v -1.33025 7.06724 -2.18917 
v -1.44366 7.06724 -2.18917 
v -1.21685 6.68743 -2.18917 
v -1.21685 7.06724 -2.18917 
v -1.55644 7.06758 -1.84717 
v -1.61483 6.68752 -1.84717 
v -1.55706 6.68743 -1.84717 
v -1.51494 7.06757 -2.18917 
v -1.61421 7.06768 -1.84717 
v -1.55644 7.06777 -2.18917 
v -1.58302 7.74196 -1.82348 
v -1.58302 7.61484 -1.82348 
v -1.52476 7.61485 -1.82347 
v -1.52476 7.74197 -1.82347 
v 1.17972 7.06724 -2.18917 
v 1.17972 6.68743 -2.18917 
v 1.29313 7.06724 -2.18917 
v 1.51994 6.68743 -2.18917 
v 1.40653 7.06724 -2.18917 
v 1.47782 7.06757 -2.18917 
v 1.51932 7.06758 -1.84717 
v 1.51994 6.68743 -1.84717 
v 1.57771 6.68752 -1.84717 
v 1.51932 7.06777 -2.18917 
v 1.57708 7.06768 -1.84717 
v 1.5459 7.74196 -1.82348 
v 1.48764 7.61485 -1.82347 
v 1.5459 7.61484 -1.82348 
v 1.48764 7.74197 -1.82347 
v -0.783455 7.29046 -2.18917 
v -0.783455 7.1583 -2.18917 
v -0.783455 7.28643 -2.12541 
v -0.565923 6.20639 -2.21834 
v -0.565923 6.01764 -2.21834 
v -0.565923 6.01764 -2.13606 
v -0.565923 6.20639 -2.13606 
v -0.783455 7.15427 -2.12541 
v -1.61421 7.06768 -1.84717 
v -1.59793 6.6875 -2.23021 
v -1.61483 6.68752 -1.84717 
v -1.59732 7.06783 -2.2302 
v -0.555457 7.29046 -2.18917 
v -0.555457 7.62748 -2.12541 
v -0.555457 7.63152 -2.18917 
v -0.671473 7.69235 -2.22465 
v -0.671473 7.62628 -2.22465 
v -0.671473 7.62628 -2.16609 
v -0.671473 7.69235 -2.16609 
v -0.669456 7.69356 -2.12541 
v -0.669456 7.69759 -2.18917 
v -0.669456 7.63152 -2.18917 
v -0.669456 7.62748 -2.12541 
v -1.58297 7.62628 -2.22465 
v -1.58302 7.74196 -1.82348 
v -1.58302 7.74198 -2.22465 
v -1.58302 7.61484 -1.82348 
v -0.555457 7.28643 -2.12541 
v 0.497171 7.65398 -2.16609 
v 0.497171 7.65398 -2.22465 
v 0.520944 7.62628 -2.22465 
v 1.17972 6.68743 -2.18917 
v 1.17972 7.06724 -2.24724 
v 1.17972 6.68743 -2.24724 
v 1.17972 7.06724 -2.18917 
v 0.520944 7.62628 -2.16609 
v 1.51994 6.68743 -2.18917 
v 1.51932 7.06758 -1.84717 
v 1.51932 7.06777 -2.18917 
v 1.51994 6.68743 -1.84717 
v 1.38064 7.69235 -2.16609 
v 1.38064 7.62628 -2.22465 
v 1.38064 7.62628 -2.16609 
v 0.497171 7.74198 -2.16609 
v 0.497171 7.74198 -2.22465 
v 0.497171 7.65398 -2.22465 
v 1.38064 7.69235 -2.22465 
v 0.497171 7.65398 -2.16609 
v 1.38253 7.63152 -2.18917 
v 1.38253 7.69356 -2.12541 
v 1.38253 7.69759 -2.18917 
v 1.38253 7.62748 -2.12541 
v -1.21685 6.68743 -2.24724 
v -1.55706 6.68743 -2.18917 
v -1.59793 6.6875 -2.23021 
v -1.41776 7.62628 -2.16609 
v -1.58297 7.62628 -2.22465 
v -1.41776 7.62628 -2.22465 
v -1.21685 6.68743 -2.18917 
v 0.528875 6.01764 -2.13606 
v -0.565923 6.01764 -2.13606 
v -0.565923 6.01764 -2.21834 
v -1.61483 6.68752 -1.84717 
v -1.59793 6.6875 -2.23021 
v -1.55706 6.68743 -2.18917 
v -1.55706 6.68743 -1.84717 
v -1.58302 7.61484 -1.82348 
v -1.52476 7.61485 -1.82347 
v -1.55691 7.62184 -1.88964 
v -1.41965 7.62748 -2.12541 
v -1.4959 7.62194 -1.88964 
v -0.558068 7.62628 -2.16609 
v -0.671473 7.62628 -2.16609 
v -0.671473 7.62628 -2.22465 
v -1.55687 7.63152 -2.18917 
v -1.41965 7.63152 -2.18917 
v -1.41776 7.69235 -2.22465 
v -0.671473 7.69235 -2.22465 
v -1.41776 7.69235 -2.16609 
v -0.671473 7.69235 -2.16609 
v -0.558068 7.62628 -2.22465 
v -0.669456 7.63152 -2.18917 
v -0.555457 7.63152 -2.18917 
v -0.669456 7.62748 -2.12541 
v -1.41965 7.69759 -2.18917 
v -0.669456 7.69356 -2.12541 
v -1.41965 7.69356 -2.12541 
v -0.669456 7.69759 -2.18917 
v -0.555457 7.62748 -2.12541 
v 0.528875 6.01764 -2.21834 
v 0.520944 7.62628 -2.22465 
v 0.634349 7.62628 -2.22465 
v 0.520944 7.62628 -2.16609 
v 0.634349 7.62628 -2.16609 
v 1.17972 6.68743 -2.24724 
v 1.51994 6.68743 -2.18917 
v 1.17972 6.68743 -2.18917 
v 1.56081 6.6875 -2.23021 
v 1.57771 6.68752 -1.84717 
v 1.51994 6.68743 -2.18917 
v 1.56081 6.6875 -2.23021 
v 1.38064 7.62628 -2.16609 
v 1.5459 7.61484 -1.82348 
v 1.48764 7.61485 -1.82347 
v 1.38253 7.62748 -2.12541 
v 1.51979 7.62184 -1.88964 
v 1.45877 7.62194 -1.88964 
v 1.54584 7.62628 -2.22465 
v 1.51994 6.68743 -1.84717 
v 1.38064 7.62628 -2.22465 
v 0.518333 7.63152 -2.18917 
v 0.632333 7.63152 -2.18917 
v 0.632333 7.62748 -2.12541 
v 1.38064 7.69235 -2.16609 
v 0.634349 7.69235 -2.16609 
v 0.634349 7.69235 -2.22465 
v 1.38064 7.69235 -2.22465 
v 1.38253 7.63152 -2.18917 
v 1.51975 7.63152 -2.18917 
v 0.632333 7.69759 -2.18917 
v 1.38253 7.69759 -2.18917 
v 1.38253 7.69356 -2.12541 
v 0.518333 7.62748 -2.12541 
v 0.632333 7.69356 -2.12541 
v -1.44366 7.06724 -2.24724 
v -1.21685 6.68743 -2.24724 
v -1.59793 6.6875 -2.23021 
v -1.33025 7.06724 -2.24724 
v -1.21685 7.06724 -2.24724 
v -1.51494 7.06757 -2.24724 
v -1.59732 7.06783 -2.2302 
v -1.55691 7.62184 -1.88964 
v -1.4959 7.28756 -1.88964 
v -1.55691 7.28756 -1.88964 
v -0.565923 6.20639 -2.21834 
v 0.528875 6.20639 -2.21834 
v -0.565923 6.01764 -2.21834 
v -1.4959 7.62194 -1.88964 
v -1.41776 7.62628 -2.22465 
v -1.58297 7.62628 -2.22465 
v -1.41776 7.69235 -2.22465 
v -0.671473 7.69235 -2.22465 
v -0.558068 7.62628 -2.22465 
v -0.671473 7.62628 -2.22465 
v -0.534294 7.65398 -2.22465 
v -1.58302 7.74198 -2.22465 
v -0.534294 7.74198 -2.22465 
v 0.528875 6.01764 -2.21834 
v 1.17972 6.68743 -2.24724 
v 1.17972 7.06724 -2.24724 
v 1.29313 7.06724 -2.24724 
v 1.40653 7.06724 -2.24724 
v 1.56081 6.6875 -2.23021 
v 1.47782 7.06757 -2.24724 
v 1.51979 7.62184 -1.88964 
v 1.45877 7.28756 -1.88964 
v 1.45877 7.62194 -1.88964 
v 1.51979 7.28756 -1.88964 
v 1.5602 7.06783 -2.2302 
v 0.634349 7.62628 -2.22465 
v 0.520944 7.62628 -2.22465 
v 0.634349 7.69235 -2.22465 
v 0.497171 7.65398 -2.22465 
v 1.38064 7.69235 -2.22465 
v 1.54584 7.62628 -2.22465 
v 1.38064 7.62628 -2.22465 
v 1.5459 7.74198 -2.22465 
v 0.497171 7.74198 -2.22465 

vn 1 0 0 
vn 1 0 0 
vn 1 0 0 
vn 1 0 0 
vn 0.755906 -0.653543 0 
vn 0.755906 -0.653543 0 
vn 0.755906 -0.653543 0 
vn 1 0 0 
vn 1 0 0 
vn 1 0 0 
vn 1 0 0 
vn 1 0 0 
vn 1 0 0 
vn 1 0 0 
vn 1 0 0 
vn 0.755906 -0.653543 0 
vn 1 0 0 
vn 1 0 0 
vn 1 0 0 
vn 1 0 0 
vn 1 0 0 
vn 1 0 0 
vn 1 0 0 
vn 1 0 0 
vn 1 0 0 
vn 1 0 0 
vn 1 0 0 
vn 1 0 0 
vn 1 0 0 
vn 1 0 0 
vn 1 0 0 
vn 1 0 0 
vn 1 0 0 
vn 1 0 0 
vn 1 0 0 
vn 1 0 0 
vn 1 0 0 
vn 1 0 0 
vn 1 0 0 
vn 1 0 -0.0472441 
vn 1 0 -0.0472441 
vn 1 0 -0.0472441 
vn 1 0 -0.0472441 
vn 1 0 0 
vn 1 0 0 
vn 1 0 0 
vn 1 0 0 
vn 1 0 0 
vn 1 0 0 
vn 1 0 0 
vn 1 0 0 
vn 1 0 0 
vn 1 0 0 
vn 1 0 0 
vn 1 0 0 
vn 1 0 0 
vn 0.00787402 1 0 
vn 0.00787402 1 0 
vn 0.00787402 1 0 
vn 0 1 0 
vn 0 1 0 
vn 0 1 0 
vn 0 1 0 
vn 0 1 0 
vn 0 1 0 
vn 0 1 0 
vn 0 1 0 
vn 0 1 0 
vn 0 1 0 
vn 0 1 0 
vn 0 1 0 
vn 0 1 0 
vn 0.00787402 1 0 
vn 0 1 0 
vn 0 1 0 
vn 0 1 0 
vn 0 1 0 
vn 0 1 0.0629921 
vn 0 1 0.0629921 
vn 0 1 0.0629921 
vn 0.015748 1 0.015748 
vn 0.015748 1 0.015748 
vn 0.015748 1 0.015748 
vn 0 1 0.0629921 
vn 0 1 0.0629921 
vn 0 1 0.0629921 
vn 0 1 0.0629921 
vn 0 1 0 
vn 0 1 0 
vn 0 1 0 
vn 0 1 0.0629921 
vn 0.015748 1 0.015748 
vn 0 1 0 
vn 0 1 0 
vn 0.015748 1 0.015748 
vn 0 1 0 
vn 0 1 0 
vn 0 1 0 
vn 0 1 0 
vn 0 1 0 
vn 0 1 0 
vn -0.00787402 1 0 
vn -0.00787402 1 0 
vn -0.00787402 1 0 
vn 0 1 0 
vn 0 1 0 
vn 0 1 0 
vn 0 1 0 
vn -0.00787402 1 0 
vn 0 1 0 
vn 0 1 0 
vn 0 1 0 
vn 0 1 0 
vn 0 1 0 
vn 0 1 0.0629921 
vn 0 1 0.0629921 
vn 0 1 0.0629921 
vn 0 1 0.0629921 
vn 0 1 0.0629921 
vn 0 1 0.0629921 
vn 0 1 0 
vn 0 1 0 
vn 0 1 0 
vn 0 1 0.0629921 
vn -0.015748 1 0.015748 
vn -0.015748 1 0.015748 
vn -0.015748 1 0.015748 
vn 0 1 0.0629921 
vn -0.015748 1 0.015748 
vn -0.015748 1 0.015748 
vn 0 1 0 
vn 0 1 0 
vn 0 0 1 
vn 0 0 1 
vn 0 0 1 
vn 0 0 1 
vn 0 0 1 
vn 0 0 1 
vn 0 0 1 
vn 0 0 1 
vn 0 0 1 
vn 0 0 1 
vn 0 0 1 
vn 0 0 1 
vn 0 0 1 
vn 0 0 1 
vn 0 0 1 
vn 0 0 1 
vn 0 0 1 
vn 0 0 1 
vn 0 0 1 
vn 0 0 1 
vn 0 0 1 
vn 0 0 1 
vn 0 0 1 
vn 0 0 1 
vn 0 0 1 
vn 0 0 1 
vn 0 0 1 
vn 0 0 1 
vn 0 0 1 
vn 0 0 1 
vn -1 0 0 
vn -1 0 0 
vn -1 0 0 
vn -1 0 0 
vn -1 0 0 
vn -1 0 0 
vn -1 0 0 
vn -1 0 0 
vn -1 0 -0.0472441 
vn -1 0 -0.0472441 
vn -1 0 -0.0472441 
vn -1 0 -0.0472441 
vn -1 0 0 
vn -1 0 0 
vn -1 0 0 
vn -1 0 0 
vn -1 0 0 
vn -1 0 0 
vn -1 0 0 
vn -1 0 0 
vn -1 0 0 
vn -1 0 0 
vn -1 0 0 
vn -1 0 0 
vn -1 0 0 
vn -1 0 0 
vn -1 0 0 
vn -1 0 0 
vn -0.755906 -0.653543 0 
vn -0.755906 -0.653543 0 
vn -0.755906 -0.653543 0 
vn -1 0 0 
vn -1 0 0 
vn -1 0 0 
vn -1 0 0 
vn -0.755906 -0.653543 0 
vn -1 0 0 
vn -1 0 0 
vn -1 0 0 
vn -1 0 0 
vn -1 0 0 
vn -1 0 0 
vn -1 0 0 
vn -1 0 0 
vn -1 0 0 
vn -1 0 0 
vn -1 0 0 
vn -1 0 0 
vn -1 0 0 
vn -1 0 0 
vn -1 0 0 
vn -1 0 0 
vn 0 -1 0 
vn 0 -1 0 
vn 0 -1 0 
vn 0.00787402 -1 -0.023622 
vn 0.00787402 -1 -0.023622 
vn 0.00787402 -1 -0.023622 
vn 0 -1 0 
vn 0 -1 0 
vn 0 -1 0 
vn 0 -1 0 
vn 0 -1 0 
vn 0 -1 0 
vn 0 -1 0 
vn 0 -1 0 
vn 0.00787402 -1 -0.023622 
vn 0.00787402 -1 -0.023622 
vn -0.00787402 -1 -0.0314961 
vn -0.00787402 -1 -0.0314961 
vn -0.00787402 -1 -0.0314961 
vn 0 -1 0 
vn 0 -1 0 
vn 0 -1 0 
vn -0.00787402 -1 -0.0314961 
vn -0.00787402 -1 -0.0314961 
vn 0 -1 0 
vn 0 -1 0 
vn 0 -1 0 
vn 0 -1 0 
vn 0 -1 0 
vn 0 -1 -0.0629921 
vn 0 -1 -0.0629921 
vn 0 -1 -0.0629921 
vn 0 -1 -0.0629921 
vn 0 -1 -0.0629921 
vn 0 -1 -0.0629921 
vn 0 -1 -0.0629921 
vn 0 -1 -0.0629921 
vn 0 -1 0 
vn 0 -1 0 
vn 0 -1 0 
vn 0 -1 0 
vn 0 -1 0 
vn 0 -1 0 
vn 0 -1 0 
vn 0 -1 0 
vn 0 -1 0 
vn 0 -1 0 
vn 0 -1 0 
vn 0 -1 0 
vn -0.00787402 -1 -0.023622 
vn -0.00787402 -1 -0.023622 
vn -0.00787402 -1 -0.023622 
vn 0.00787402 -1 -0.0314961 
vn 0.00787402 -1 -0.0314961 
vn 0.00787402 -1 -0.0314961 
vn -0.00787402 -1 -0.023622 
vn 0 -1 0 
vn -0.00787402 -1 -0.023622 
vn 0 -1 -0.0629921 
vn 0 -1 -0.0629921 
vn 0 -1 -0.0629921 
vn 0 -1 0 
vn 0 -1 0 
vn 0 -1 0 
vn 0 -1 0 
vn 0.00787402 -1 -0.0314961 
vn 0.00787402 -1 -0.0314961 
vn 0 -1 -0.0629921 
vn 0 -1 -0.0629921 
vn 0 -1 -0.0629921 
vn 0 -1 -0.0629921 
vn 0 -1 -0.0629921 
vn -0.0472441 -0.015748 -1 
vn -0.0472441 -0.015748 -1 
vn -0.0472441 -0.015748 -1 
vn -0.0472441 -0.015748 -1 
vn -0.0472441 -0.015748 -1 
vn -0.0472441 -0.015748 -1 
vn -0.0472441 -0.015748 -1 
vn 0 0 -1 
vn 0 0 -1 
vn 0 0 -1 
vn 0 0 -1 
vn 0 0 -1 
vn 0 0 -1 
vn 0 0 -1 
vn 0 0 -1 
vn 0 0 -1 
vn 0 0 -1 
vn 0 0 -1 
vn 0 0 -1 
vn 0 0 -1 
vn 0 0 -1 
vn 0 0 -1 
vn 0 0 -1 
vn 0 0 -1 
vn 0.0472441 -0.015748 -1 
vn 0.0472441 -0.015748 -1 
vn 0.0472441 -0.015748 -1 
vn 0.0472441 -0.015748 -1 
vn 0.0472441 -0.015748 -1 
vn 0.0472441 -0.015748 -1 
vn 0 0 -1 
vn 0 0 -1 
vn 0 0 -1 
vn 0 0 -1 
vn 0.0472441 -0.015748 -1 
vn 0 0 -1 
vn 0 0 -1 
vn 0 0 -1 
vn 0 0 -1 
vn 0 0 -1 
vn 0 0 -1 
vn 0 0 -1 
vn 0 0 -1 
vn 0 0 -1 

vt 14.0265 -19.024 
vt 14.0265 -18.9766 
vt 14.0192 -18.9766 
vt 14.0192 -19.024 
vt 14.0237 -18.9067 
vt 14.0163 -18.9032 
vt 14.0163 -18.9067 
vt 14.0113 -18.9492 
vt 14.0192 -18.9652 
vt 14.0192 -18.9487 
vt 14.0192 -19.024 
vt 13.9765 -18.9765 
vt 13.9765 -19.024 
vt 14.0192 -18.9765 
vt 14.0113 -18.9657 
vt 14.0237 -18.9032 
vt 14.0163 -18.8984 
vt 14.0237 -18.9067 
vt 14.0237 -18.8984 
vt 14.0163 -18.9067 
vt 14.0163 -18.8922 
vt 14.0237 -18.9032 
vt 14.0237 -18.8922 
vt 14.0163 -18.9032 
vt 14.0113 -18.8983 
vt 14.0192 -18.906 
vt 14.0192 -18.8978 
vt 14.0113 -18.9065 
vt 14.0113 -18.9065 
vt 14.0192 -18.9487 
vt 14.0192 -18.906 
vt 14.0229 -19.0842 
vt 14.0126 -19.1078 
vt 14.0229 -19.1078 
vt 14.0126 -19.0842 
vt 14.0113 -18.9492 
vt 14.0192 -18.9652 
vt 14.0192 -18.9487 
vt 14.0113 -18.9657 
vt 13.9765 -18.9765 
vt 14.0244 -19.024 
vt 14.0244 -18.9765 
vt 13.9765 -19.024 
vt 14.0113 -18.9492 
vt 14.0113 -18.8983 
vt 14.0192 -18.906 
vt 14.0192 -18.8978 
vt 14.0237 -18.8984 
vt 14.0163 -18.9067 
vt 14.0237 -18.9067 
vt 14.0163 -18.8984 
vt 14.0113 -18.9065 
vt 13.9735 -18.8922 
vt 14.0237 -18.9067 
vt 14.0237 -18.8922 
vt 13.9735 -18.9081 
vt 14.187 -19.0192 
vt 14.1781 -19.0265 
vt 14.187 -19.0265 
vt 14.187 -19.0265 
vt 14.1973 -19.0244 
vt 14.1922 -19.0192 
vt 14.1781 -19.0192 
vt 14.164 -19.0265 
vt 14.1781 -19.0265 
vt 14.164 -19.0192 
vt 14.1498 -19.0265 
vt 14.1498 -19.0192 
vt 14.187 -19.0192 
vt 14.1922 -19.0192 
vt 14.1995 -18.9765 
vt 14.1922 -18.9765 
vt 14.1781 -19.0192 
vt 13.9316 -19.0126 
vt 14.0684 -19.0229 
vt 14.0684 -19.0126 
vt 14.1973 -19.0244 
vt 14.1751 -19.0113 
vt 14.0956 -19.0192 
vt 14.1751 -19.0192 
vt 14.1751 -19.0192 
vt 14.1923 -19.0192 
vt 14.1751 -19.0113 
vt 14.0956 -19.0113 
vt 14.0956 -19.0192 
vt 14.0671 -19.0113 
vt 14.0671 -19.0192 
vt 14.1956 -19.0237 
vt 14.0645 -19.0163 
vt 14.0645 -19.0237 
vt 14.0956 -19.0113 
vt 14.1923 -18.9818 
vt 14.1883 -18.9735 
vt 14.1956 -18.9735 
vt 14.1847 -18.9818 
vt 13.9316 -19.0229 
vt 13.8502 -19.0192 
vt 13.836 -19.0265 
vt 13.8502 -19.0265 
vt 13.836 -19.0192 
vt 13.8219 -19.0265 
vt 13.8219 -19.0192 
vt 13.813 -19.0265 
vt 13.8219 -19.0265 
vt 13.813 -19.0265 
vt 13.8078 -19.0192 
vt 13.8027 -19.0244 
vt 13.8219 -19.0192 
vt 13.813 -19.0192 
vt 13.813 -19.0192 
vt 13.8005 -18.9765 
vt 13.8078 -19.0192 
vt 13.8078 -18.9765 
vt 13.8027 -19.0244 
vt 13.9044 -19.0113 
vt 13.8249 -19.0113 
vt 13.8249 -19.0192 
vt 13.9044 -19.0192 
vt 13.9329 -19.0192 
vt 13.9044 -19.0113 
vt 13.8044 -19.0237 
vt 13.9355 -19.0237 
vt 13.9355 -19.0163 
vt 13.9044 -19.0192 
vt 13.8249 -19.0113 
vt 13.8077 -19.0192 
vt 13.8249 -19.0192 
vt 13.9329 -19.0113 
vt 13.8077 -18.9818 
vt 13.8153 -18.9818 
vt 13.8117 -18.9735 
vt 13.8044 -18.9735 
vt 13.8077 -19.024 
vt 13.836 -18.9766 
vt 13.8219 -18.9766 
vt 13.8502 -19.024 
vt 13.8502 -18.9766 
vt 13.8078 -18.9765 
vt 13.8005 -19.024 
vt 13.8077 -19.024 
vt 13.813 -18.9765 
vt 13.8005 -18.9765 
vt 13.8078 -18.9765 
vt 13.8044 -18.8922 
vt 13.8044 -18.9081 
vt 13.8117 -18.9081 
vt 13.8117 -18.8922 
vt 14.1498 -18.9766 
vt 14.1498 -19.024 
vt 14.164 -18.9766 
vt 14.1923 -19.024 
vt 14.1781 -18.9766 
vt 14.187 -18.9765 
vt 14.1922 -18.9765 
vt 14.1923 -19.024 
vt 14.1995 -19.024 
vt 14.1922 -18.9765 
vt 14.1995 -18.9765 
vt 14.1956 -18.8922 
vt 14.1883 -18.9081 
vt 14.1956 -18.9081 
vt 14.1883 -18.8922 
vt 13.9808 -18.9487 
vt 13.9808 -18.9652 
vt 13.9887 -18.9492 
vt 13.9771 -19.0842 
vt 13.9771 -19.1078 
vt 13.9874 -19.1078 
vt 13.9874 -19.0842 
vt 13.9887 -18.9657 
vt 14.0235 -18.9765 
vt 13.9756 -19.024 
vt 14.0235 -19.024 
vt 13.9756 -18.9765 
vt 13.9808 -18.9487 
vt 13.9887 -18.9065 
vt 13.9808 -18.906 
vt 13.9763 -18.8984 
vt 13.9763 -18.9067 
vt 13.9837 -18.9067 
vt 13.9837 -18.8984 
vt 13.9887 -18.8983 
vt 13.9808 -18.8978 
vt 13.9808 -18.906 
vt 13.9887 -18.9065 
vt 13.9763 -18.9067 
vt 14.0265 -18.8922 
vt 13.9763 -18.8922 
vt 14.0265 -18.9081 
vt 13.9887 -18.9492 
vt 13.9837 -18.9032 
vt 13.9763 -18.9032 
vt 13.9763 -18.9067 
vt 13.9808 -19.024 
vt 13.9735 -18.9766 
vt 13.9735 -19.024 
vt 13.9808 -18.9766 
vt 13.9837 -18.9067 
vt 13.9808 -19.024 
vt 14.0235 -18.9765 
vt 13.9808 -18.9765 
vt 14.0235 -19.024 
vt 13.9837 -18.8984 
vt 13.9763 -18.9067 
vt 13.9837 -18.9067 
vt 13.9837 -18.8922 
vt 13.9763 -18.8922 
vt 13.9763 -18.9032 
vt 13.9763 -18.8984 
vt 13.9837 -18.9032 
vt 13.9808 -18.906 
vt 13.9887 -18.8983 
vt 13.9808 -18.8978 
vt 13.9887 -18.9065 
vt 13.8502 -19.0265 
vt 13.8077 -19.0192 
vt 13.8026 -19.0244 
vt 13.8251 -19.0163 
vt 13.8044 -19.0237 
vt 13.8251 -19.0237 
vt 13.8502 -19.0192 
vt 14.0684 -19.0126 
vt 13.9316 -19.0126 
vt 13.9316 -19.0229 
vt 13.8005 -18.9765 
vt 13.8026 -19.0244 
vt 13.8077 -19.0192 
vt 13.8077 -18.9765 
vt 13.8044 -18.9735 
vt 13.8117 -18.9735 
vt 13.8077 -18.9818 
vt 13.8249 -19.0113 
vt 13.8153 -18.9818 
vt 13.9326 -19.0163 
vt 13.9184 -19.0163 
vt 13.9184 -19.0237 
vt 13.8077 -19.0192 
vt 13.8249 -19.0192 
vt 13.8251 -19.0237 
vt 13.9184 -19.0237 
vt 13.8251 -19.0163 
vt 13.9184 -19.0163 
vt 13.9326 -19.0237 
vt 13.9186 -19.0192 
vt 13.9329 -19.0192 
vt 13.9186 -19.0113 
vt 13.8249 -19.0192 
vt 13.9186 -19.0113 
vt 13.8249 -19.0113 
vt 13.9186 -19.0192 
vt 13.9329 -19.0113 
vt 14.0684 -19.0229 
vt 14.0674 -19.0237 
vt 14.0816 -19.0237 
vt 14.0674 -19.0163 
vt 14.0816 -19.0163 
vt 14.1498 -19.0265 
vt 14.1923 -19.0192 
vt 14.1498 -19.0192 
vt 14.1974 -19.0244 
vt 14.1995 -18.9765 
vt 14.1923 -19.0192 
vt 14.1974 -19.0244 
vt 14.1749 -19.0163 
vt 14.1956 -18.9735 
vt 14.1883 -18.9735 
vt 14.1751 -19.0113 
vt 14.1923 -18.9818 
vt 14.1847 -18.9818 
vt 14.1956 -19.0237 
vt 14.1923 -18.9765 
vt 14.1749 -19.0237 
vt 14.0671 -19.0192 
vt 14.0814 -19.0192 
vt 14.0814 -19.0113 
vt 14.1749 -19.0163 
vt 14.0816 -19.0163 
vt 14.0816 -19.0237 
vt 14.1749 -19.0237 
vt 14.1751 -19.0192 
vt 14.1923 -19.0192 
vt 14.0814 -19.0192 
vt 14.1751 -19.0192 
vt 14.1751 -19.0113 
vt 14.0671 -19.0113 
vt 14.0814 -19.0113 
vt 14.1781 -18.9766 
vt 14.1498 -19.024 
vt 14.1974 -19.024 
vt 14.164 -18.9766 
vt 14.1498 -18.9766 
vt 14.187 -18.9765 
vt 14.1973 -18.9765 
vt 14.1923 -18.9072 
vt 14.1847 -18.949 
vt 14.1923 -18.949 
vt 14.0684 -19.0842 
vt 13.9316 -19.0842 
vt 14.0684 -19.1078 
vt 14.1847 -18.9072 
vt 14.1749 -18.9067 
vt 14.1956 -18.9067 
vt 14.1749 -18.8984 
vt 14.0816 -18.8984 
vt 14.0674 -18.9067 
vt 14.0816 -18.9067 
vt 14.0645 -18.9032 
vt 14.1956 -18.8922 
vt 14.0645 -18.8922 
vt 13.9316 -19.1078 
vt 13.8502 -19.024 
vt 13.8502 -18.9766 
vt 13.836 -18.9766 
vt 13.8219 -18.9766 
vt 13.8026 -19.024 
vt 13.813 -18.9765 
vt 13.8077 -18.9072 
vt 13.8153 -18.949 
vt 13.8153 -18.9072 
vt 13.8077 -18.949 
vt 13.8027 -18.9765 
vt 13.9184 -18.9067 
vt 13.9326 -18.9067 
vt 13.9184 -18.8984 
vt 13.9355 -18.9032 
vt 13.8251 -18.8984 
vt 13.8044 -18.9067 
vt 13.8251 -18.9067 
vt 13.8044 -18.8922 
vt 13.9355 -18.8922 

usemtl Sphere0051Mtl

f 2473/2473/2473 2474/2474/2474 2475/2475/2475 
f 2474/2474/2474 2473/2473/2473 2476/2476/2476 
f 2486/2486/2486 2487/2487/2487 2488/2488/2488 
f 2487/2487/2487 2486/2486/2486 2489/2489/2489 
f 2469/2469/2469 2470/2470/2470 2471/2471/2471 
f 2470/2470/2470 2469/2469/2469 2472/2472/2472 
f 2481/2481/2481 2482/2482/2482 2483/2483/2483 
f 2482/2482/2482 2481/2481/2481 2484/2484/2484 
f 2478/2478/2478 2479/2479/2479 2480/2480/2480 
f 2479/2479/2479 2478/2478/2478 2485/2485/2485 
f 2465/2465/2465 2466/2466/2466 2467/2467/2467 
f 2468/2468/2468 2466/2466/2466 2465/2465/2465 
f 2462/2462/2462 2463/2463/2463 2464/2464/2464 
f 2463/2463/2463 2462/2462/2462 2477/2477/2477 
f 2454/2454/2454 2455/2455/2455 2456/2456/2456 
f 2455/2455/2455 2454/2454/2454 2457/2457/2457 
f 2438/2438/2438 2439/2439/2439 2440/2440/2440 
f 2439/2439/2439 2438/2438/2438 2449/2449/2449 
f 2434/2434/2434 2435/2435/2435 2436/2436/2436 
f 2436/2436/2436 2437/2437/2437 2434/2434/2434 
f 2450/2450/2450 2451/2451/2451 2452/2452/2452 
f 2451/2451/2451 2450/2450/2450 2453/2453/2453 
f 2441/2441/2441 2442/2442/2442 2443/2443/2443 
f 2442/2442/2442 2441/2441/2441 2448/2448/2448 
f 2458/2458/2458 2459/2459/2459 2460/2460/2460 
f 2459/2459/2459 2458/2458/2458 2461/2461/2461 
f 2444/2444/2444 2445/2445/2445 2446/2446/2446 
f 2445/2445/2445 2444/2444/2444 2447/2447/2447 
f 2521/2521/2521 2522/2522/2522 2523/2523/2523 
f 2522/2522/2522 2521/2521/2521 2526/2526/2526 
f 2526/2526/2526 2521/2521/2521 2527/2527/2527 
f 2554/2554/2554 2555/2555/2555 2556/2556/2556 
f 2556/2556/2556 2564/2564/2564 2554/2554/2554 
f 2565/2565/2565 2554/2554/2554 2564/2564/2564 
f 2518/2518/2518 2519/2519/2519 2520/2520/2520 
f 2519/2519/2519 2518/2518/2518 2524/2524/2524 
f 2551/2551/2551 2552/2552/2552 2553/2553/2553 
f 2553/2553/2553 2552/2552/2552 2561/2561/2561 
f 2514/2514/2514 2515/2515/2515 2516/2516/2516 
f 2525/2525/2525 2516/2516/2516 2515/2515/2515 
f 2516/2516/2516 2525/2525/2525 2528/2528/2528 
f 2558/2558/2558 2559/2559/2559 2560/2560/2560 
f 2558/2558/2558 2562/2562/2562 2559/2559/2559 
f 2562/2562/2562 2558/2558/2558 2563/2563/2563 
f 2511/2511/2511 2512/2512/2512 2513/2513/2513 
f 2512/2512/2512 2511/2511/2511 2517/2517/2517 
f 2548/2548/2548 2549/2549/2549 2550/2550/2550 
f 2550/2550/2550 2557/2557/2557 2548/2548/2548 
f 2496/2496/2496 2497/2497/2497 2498/2498/2498 
f 2497/2497/2497 2496/2496/2496 2499/2499/2499 
f 2499/2499/2499 2500/2500/2500 2497/2497/2497 
f 2500/2500/2500 2499/2499/2499 2501/2501/2501 
f 2530/2530/2530 2531/2531/2531 2532/2532/2532 
f 2531/2531/2531 2530/2530/2530 2533/2533/2533 
f 2533/2533/2533 2534/2534/2534 2531/2531/2531 
f 2534/2534/2534 2533/2533/2533 2541/2541/2541 
f 2503/2503/2503 2504/2504/2504 2505/2505/2505 
f 2504/2504/2504 2503/2503/2503 2510/2510/2510 
f 2544/2544/2544 2545/2545/2545 2546/2546/2546 
f 2544/2544/2544 2547/2547/2547 2545/2545/2545 
f 2493/2493/2493 2494/2494/2494 2495/2495/2495 
f 2493/2493/2493 2495/2495/2495 2502/2502/2502 
f 2538/2538/2538 2539/2539/2539 2540/2540/2540 
f 2539/2539/2539 2538/2538/2538 2543/2543/2543 
f 2490/2490/2490 2491/2491/2491 2492/2492/2492 
f 2491/2491/2491 2490/2490/2490 2506/2506/2506 
f 2535/2535/2535 2536/2536/2536 2537/2537/2537 
f 2536/2536/2536 2535/2535/2535 2542/2542/2542 
f 2507/2507/2507 2508/2508/2508 2509/2509/2509 
f 2508/2508/2508 2507/2507/2507 2529/2529/2529 
f 2577/2577/2577 2578/2578/2578 2579/2579/2579 
f 2579/2579/2579 2580/2580/2580 2577/2577/2577 
f 2592/2592/2592 2593/2593/2593 2594/2594/2594 
f 2595/2595/2595 2593/2593/2593 2592/2592/2592 
f 2571/2571/2571 2572/2572/2572 2573/2573/2573 
f 2572/2572/2572 2571/2571/2571 2575/2575/2575 
f 2587/2587/2587 2588/2588/2588 2589/2589/2589 
f 2589/2589/2589 2591/2591/2591 2587/2587/2587 
f 2566/2566/2566 2567/2567/2567 2568/2568/2568 
f 2566/2566/2566 2568/2568/2568 2574/2574/2574 
f 2566/2566/2566 2574/2574/2574 2576/2576/2576 
f 2567/2567/2567 2566/2566/2566 2569/2569/2569 
f 2569/2569/2569 2570/2570/2570 2567/2567/2567 
f 2581/2581/2581 2582/2582/2582 2583/2583/2583 
f 2583/2583/2583 2582/2582/2582 2584/2584/2584 
f 2583/2583/2583 2584/2584/2584 2585/2585/2585 
f 2584/2584/2584 2586/2586/2586 2585/2585/2585 
f 2584/2584/2584 2590/2590/2590 2586/2586/2586 
f 2604/2604/2604 2605/2605/2605 2606/2606/2606 
f 2605/2605/2605 2604/2604/2604 2607/2607/2607 
f 2619/2619/2619 2620/2620/2620 2621/2621/2621 
f 2620/2620/2620 2619/2619/2619 2622/2622/2622 
f 2596/2596/2596 2597/2597/2597 2598/2598/2598 
f 2598/2598/2598 2597/2597/2597 2603/2603/2603 
f 2611/2611/2611 2612/2612/2612 2613/2613/2613 
f 2614/2614/2614 2611/2611/2611 2613/2613/2613 
f 2615/2615/2615 2616/2616/2616 2617/2617/2617 
f 2615/2615/2615 2617/2617/2617 2618/2618/2618 
f 2599/2599/2599 2600/2600/2600 2601/2601/2601 
f 2601/2601/2601 2602/2602/2602 2599/2599/2599 
f 2608/2608/2608 2609/2609/2609 2610/2610/2610 
f 2609/2609/2609 2608/2608/2608 2623/2623/2623 
f 2639/2639/2639 2640/2640/2640 2641/2641/2641 
f 2639/2639/2639 2641/2641/2641 2643/2643/2643 
f 2624/2624/2624 2625/2625/2625 2626/2626/2626 
f 2624/2624/2624 2626/2626/2626 2631/2631/2631 
f 2627/2627/2627 2628/2628/2628 2629/2629/2629 
f 2628/2628/2628 2627/2627/2627 2630/2630/2630 
f 2636/2636/2636 2637/2637/2637 2638/2638/2638 
f 2636/2636/2636 2642/2642/2642 2637/2637/2637 
f 2644/2644/2644 2645/2645/2645 2646/2646/2646 
f 2645/2645/2645 2644/2644/2644 2647/2647/2647 
f 2632/2632/2632 2633/2633/2633 2634/2634/2634 
f 2633/2633/2633 2632/2632/2632 2635/2635/2635 
f 2655/2655/2655 2656/2656/2656 2657/2657/2657 
f 2657/2657/2657 2685/2685/2685 2655/2655/2655 
f 2658/2658/2658 2659/2659/2659 2660/2660/2660 
f 2658/2658/2658 2660/2660/2660 2661/2661/2661 
f 2694/2694/2694 2695/2695/2695 2696/2696/2696 
f 2695/2695/2695 2694/2694/2694 2704/2704/2704 
f 2648/2648/2648 2649/2649/2649 2650/2650/2650 
f 2649/2649/2649 2648/2648/2648 2654/2654/2654 
f 2690/2690/2690 2691/2691/2691 2692/2692/2692 
f 2690/2690/2690 2693/2693/2693 2691/2691/2691 
f 2664/2664/2664 2665/2665/2665 2666/2666/2666 
f 2664/2664/2664 2670/2670/2670 2665/2665/2665 
f 2665/2665/2665 2670/2670/2670 2671/2671/2671 
f 2700/2700/2700 2701/2701/2701 2702/2702/2702 
f 2701/2701/2701 2700/2700/2700 2714/2714/2714 
f 2713/2713/2713 2714/2714/2714 2700/2700/2700 
f 2667/2667/2667 2668/2668/2668 2669/2669/2669 
f 2669/2669/2669 2676/2676/2676 2667/2667/2667 
f 2686/2686/2686 2687/2687/2687 2688/2688/2688 
f 2688/2688/2688 2687/2687/2687 2689/2689/2689 
f 2677/2677/2677 2678/2678/2678 2679/2679/2679 
f 2679/2679/2679 2678/2678/2678 2684/2684/2684 
f 2706/2706/2706 2707/2707/2707 2708/2708/2708 
f 2708/2708/2708 2718/2718/2718 2706/2706/2706 
f 2651/2651/2651 2652/2652/2652 2653/2653/2653 
f 2662/2662/2662 2652/2652/2652 2651/2651/2651 
f 2662/2662/2662 2651/2651/2651 2663/2663/2663 
f 2697/2697/2697 2698/2698/2698 2699/2699/2699 
f 2698/2698/2698 2697/2697/2697 2703/2703/2703 
f 2705/2705/2705 2703/2703/2703 2697/2697/2697 
f 2672/2672/2672 2673/2673/2673 2674/2674/2674 
f 2674/2674/2674 2673/2673/2673 2675/2675/2675 
f 2680/2680/2680 2681/2681/2681 2682/2682/2682 
f 2681/2681/2681 2680/2680/2680 2683/2683/2683 
f 2709/2709/2709 2710/2710/2710 2711/2711/2711 
f 2711/2711/2711 2712/2712/2712 2709/2709/2709 
f 2715/2715/2715 2716/2716/2716 2717/2717/2717 
f 2717/2717/2717 2719/2719/2719 2715/2715/2715 
f 2720/2720/2720 2721/2721/2721 2722/2722/2722 
f 2721/2721/2721 2720/2720/2720 2723/2723/2723 
f 2724/2724/2724 2721/2721/2721 2723/2723/2723 
f 2722/2722/2722 2725/2725/2725 2720/2720/2720 
f 2722/2722/2722 2726/2726/2726 2725/2725/2725 
f 2744/2744/2744 2745/2745/2745 2746/2746/2746 
f 2744/2744/2744 2746/2746/2746 2747/2747/2747 
f 2747/2747/2747 2748/2748/2748 2744/2744/2744 
f 2748/2748/2748 2747/2747/2747 2749/2749/2749 
f 2748/2748/2748 2749/2749/2749 2754/2754/2754 
f 2734/2734/2734 2735/2735/2735 2736/2736/2736 
f 2741/2741/2741 2736/2736/2736 2735/2735/2735 
f 2742/2742/2742 2736/2736/2736 2741/2741/2741 
f 2736/2736/2736 2742/2742/2742 2737/2737/2737 
f 2737/2737/2737 2742/2742/2742 2740/2740/2740 
f 2738/2738/2738 2737/2737/2737 2740/2740/2740 
f 2737/2737/2737 2738/2738/2738 2739/2739/2739 
f 2755/2755/2755 2756/2756/2756 2757/2757/2757 
f 2758/2758/2758 2757/2757/2757 2756/2756/2756 
f 2763/2763/2763 2757/2757/2757 2758/2758/2758 
f 2763/2763/2763 2759/2759/2759 2757/2757/2757 
f 2759/2759/2759 2763/2763/2763 2762/2762/2762 
f 2760/2760/2760 2759/2759/2759 2762/2762/2762 
f 2759/2759/2759 2760/2760/2760 2761/2761/2761 
f 2730/2730/2730 2731/2731/2731 2732/2732/2732 
f 2743/2743/2743 2732/2732/2732 2731/2731/2731 
f 2727/2727/2727 2728/2728/2728 2729/2729/2729 
f 2728/2728/2728 2727/2727/2727 2733/2733/2733 
f 2750/2750/2750 2751/2751/2751 2752/2752/2752 
f 2751/2751/2751 2750/2750/2750 2753/2753/2753 

g Sphere0061

v 0.711303 6.3299 -2.28993 
v 0.711303 6.18473 -2.13686 
v 0.711303 6.18473 -2.28993 
v -0.748427 6.32808 -2.27144 
v -0.748427 6.25 -2.11837 
v -0.748427 6.25 -2.27144 
v -0.748427 6.32808 -2.11837 
v -0.748427 6.50643 -2.27144 
v -0.930893 6.68478 -2.27144 
v -0.930893 6.50643 -2.11837 
v -0.930893 6.50643 -2.27144 
v -0.748427 6.50643 -2.11837 
v -0.930893 6.68478 -2.11837 
v 0.711303 6.3299 -2.13686 
v 0.893769 6.42835 -2.27144 
v 0.893769 6.25 -2.11837 
v 0.893769 6.25 -2.27144 
v 1.07624 6.6067 -2.27144 
v 1.07624 6.42835 -2.11837 
v 1.07624 6.42835 -2.27144 
v 0.893769 6.42835 -2.11837 
v 1.07624 6.6067 -2.11837 
v 1.2587 6.68478 -2.27144 
v 1.2587 6.6067 -2.11837 
v 1.2587 6.6067 -2.27144 
v 1.2587 6.68478 -2.11837 
v 0.711303 6.3299 -2.13686 
v -0.748427 6.3299 -2.28993 
v -0.748427 6.3299 -2.13686 
v -0.748427 6.50643 -2.11837 
v -0.930893 6.50643 -2.27144 
v -0.930893 6.50643 -2.11837 
v -0.748427 6.50643 -2.27144 
v -0.930893 6.68478 -2.27144 
v -1.29582 6.68478 -2.27144 
v -0.930893 6.68478 -2.11837 
v -1.29582 6.68478 -2.11837 
v 0.711303 6.3299 -2.28993 
v 0.893769 6.50643 -2.11837 
v 0.893769 6.50643 -2.27144 
v 0.711303 6.50643 -2.27144 
v 0.711303 6.50643 -2.11837 
v 1.2587 6.68478 -2.11837 
v 0.893769 6.68478 -2.27144 
v 0.893769 6.68478 -2.11837 
v 1.2587 6.68478 -2.27144 
v -0.748427 6.3299 -2.13686 
v -0.748427 6.3299 -2.28993 
v -0.748427 6.18473 -2.28993 
v -0.930893 6.42835 -2.11837 
v -0.930893 6.42835 -2.27144 
v -0.930893 6.25 -2.27144 
v -0.930893 6.25 -2.11837 
v -1.11336 6.6067 -2.11837 
v -1.11336 6.42835 -2.27144 
v -1.11336 6.42835 -2.11837 
v -1.11336 6.6067 -2.27144 
v -1.29582 6.68478 -2.11837 
v -1.29582 6.68478 -2.27144 
v -1.29582 6.6067 -2.27144 
v -1.29582 6.6067 -2.11837 
v -0.748427 6.18473 -2.13686 
v 0.711303 6.32808 -2.11837 
v 0.711303 6.32808 -2.27144 
v 0.711303 6.25 -2.27144 
v 0.711303 6.25 -2.11837 
v 0.711303 6.50643 -2.11837 
v 0.711303 6.50643 -2.27144 
v 0.893769 6.68478 -2.11837 
v 0.893769 6.68478 -2.27144 
v 0.893769 6.50643 -2.27144 
v 0.893769 6.50643 -2.11837 
v -0.748427 6.18473 -2.28993 
v 0.711303 6.18473 -2.28993 
v -0.748427 6.18473 -2.13686 
v -0.930893 6.25 -2.11837 
v -0.930893 6.25 -2.27144 
v -0.748427 6.25 -2.27144 
v -0.748427 6.25 -2.11837 
v -1.11336 6.42835 -2.11837 
v -1.11336 6.42835 -2.27144 
v -0.930893 6.42835 -2.27144 
v -1.29582 6.6067 -2.11837 
v -1.29582 6.6067 -2.27144 
v -1.11336 6.6067 -2.27144 
v -0.930893 6.42835 -2.11837 
v -1.11336 6.6067 -2.11837 
v 0.711303 6.18473 -2.13686 
v 0.711303 6.25 -2.11837 
v 0.711303 6.25 -2.27144 
v 0.893769 6.25 -2.27144 
v 0.893769 6.42835 -2.11837 
v 0.893769 6.42835 -2.27144 
v 1.07624 6.42835 -2.27144 
v 0.893769 6.25 -2.11837 
v 1.07624 6.42835 -2.11837 
v 1.07624 6.6067 -2.11837 
v 1.07624 6.6067 -2.27144 
v 1.2587 6.6067 -2.27144 
v 1.2587 6.6067 -2.11837 
v -0.930893 6.25 -2.27144 
v -0.748427 6.32808 -2.27144 
v -0.748427 6.25 -2.27144 
v -0.748427 6.3299 -2.28993 
v 0.711303 6.18473 -2.28993 
v -0.748427 6.18473 -2.28993 
v -0.930893 6.42835 -2.27144 
v -1.11336 6.42835 -2.27144 
v -0.930893 6.50643 -2.27144 
v -0.748427 6.50643 -2.27144 
v -1.11336 6.6067 -2.27144 
v -0.930893 6.68478 -2.27144 
v -1.29582 6.68478 -2.27144 
v -1.29582 6.6067 -2.27144 
v 0.711303 6.3299 -2.28993 
v 0.711303 6.32808 -2.27144 
v 0.893769 6.25 -2.27144 
v 0.711303 6.25 -2.27144 
v 0.893769 6.42835 -2.27144 
v 0.711303 6.50643 -2.27144 
v 0.893769 6.50643 -2.27144 
v 1.07624 6.42835 -2.27144 
v 0.893769 6.68478 -2.27144 
v 1.07624 6.6067 -2.27144 
v 1.2587 6.68478 -2.27144 
v 1.2587 6.6067 -2.27144 

vn 1 0 0 
vn 1 0 0 
vn 1 0 0 
vn 1 0 0 
vn 1 0 0 
vn 1 0 0 
vn 1 0 0 
vn 1 0 0 
vn 1 0 0 
vn 1 0 0 
vn 1 0 0 
vn 1 0 0 
vn 1 0 0 
vn 1 0 0 
vn 1 0 0 
vn 1 0 0 
vn 1 0 0 
vn 1 0 0 
vn 1 0 0 
vn 1 0 0 
vn 1 0 0 
vn 1 0 0 
vn 1 0 0 
vn 1 0 0 
vn 1 0 0 
vn 1 0 0 
vn 0 1 0 
vn 0 1 0 
vn 0 1 0 
vn 0 1 0 
vn 0 1 0 
vn 0 1 0 
vn 0 1 0 
vn 0 1 0 
vn 0 1 0 
vn 0 1 0 
vn 0 1 0 
vn 0 1 0 
vn 0 1 0 
vn 0 1 0 
vn 0 1 0 
vn 0 1 0 
vn 0 1 0 
vn 0 1 0 
vn 0 1 0 
vn 0 1 0 
vn -1 0 0 
vn -1 0 0 
vn -1 0 0 
vn -1 0 0 
vn -1 0 0 
vn -1 0 0 
vn -1 0 0 
vn -1 0 0 
vn -1 0 0 
vn -1 0 0 
vn -1 0 0 
vn -1 0 0 
vn -1 0 0 
vn -1 0 0 
vn -1 0 0 
vn -1 0 0 
vn -1 0 0 
vn -1 0 0 
vn -1 0 0 
vn -1 0 0 
vn -1 0 0 
vn -1 0 0 
vn -1 0 0 
vn -1 0 0 
vn -1 0 0 
vn -1 0 0 
vn 0 -1 0 
vn 0 -1 0 
vn 0 -1 0 
vn 0 -1 0 
vn 0 -1 0 
vn 0 -1 0 
vn 0 -1 0 
vn 0 -1 0 
vn 0 -1 0 
vn 0 -1 0 
vn 0 -1 0 
vn 0 -1 0 
vn 0 -1 0 
vn 0 -1 0 
vn 0 -1 0 
vn 0 -1 0 
vn 0 -1 0 
vn 0 -1 0 
vn 0 -1 0 
vn 0 -1 0 
vn 0 -1 0 
vn 0 -1 0 
vn 0 -1 0 
vn 0 -1 0 
vn 0 -1 0 
vn 0 -1 0 
vn 0 -1 0 
vn 0 -1 0 
vn 0 0 -1 
vn 0 0 -1 
vn 0 0 -1 
vn 0 0 -1 
vn 0 0 -1 
vn 0 0 -1 
vn 0 0 -1 
vn 0 0 -1 
vn 0 0 -1 
vn 0 0 -1 
vn 0 0 -1 
vn 0 0 -1 
vn 0 0 -1 
vn 0 0 -1 
vn 0 0 -1 
vn 0 0 -1 
vn 0 0 -1 
vn 0 0 -1 
vn 0 0 -1 
vn 0 0 -1 
vn 0 0 -1 
vn 0 0 -1 
vn 0 0 -1 
vn 0 0 -1 
vn 0 0 -1 
vn 0 0 -1 

vt 40.0107 -13.0131 
vt 39.9916 -13.0313 
vt 40.0107 -13.0313 
vt 40.0084 -13.0133 
vt 39.9893 -13.0231 
vt 40.0084 -13.0231 
vt 39.9893 -13.0133 
vt 40.0084 -12.991 
vt 40.0084 -12.9687 
vt 39.9893 -12.991 
vt 40.0084 -12.991 
vt 39.9893 -12.991 
vt 39.9893 -12.9687 
vt 39.9916 -13.0131 
vt 40.0084 -13.0008 
vt 39.9893 -13.0231 
vt 40.0084 -13.0231 
vt 40.0084 -12.9785 
vt 39.9893 -13.0008 
vt 40.0084 -13.0008 
vt 39.9893 -13.0008 
vt 39.9893 -12.9785 
vt 40.0084 -12.9687 
vt 39.9893 -12.9785 
vt 40.0084 -12.9785 
vt 39.9893 -12.9687 
vt 39.9088 -12.9916 
vt 40.0912 -13.0107 
vt 40.0912 -12.9916 
vt 40.0912 -12.9893 
vt 40.114 -13.0084 
vt 40.114 -12.9893 
vt 40.0912 -13.0084 
vt 40.114 -13.0084 
vt 40.1597 -13.0084 
vt 40.114 -12.9893 
vt 40.1597 -12.9893 
vt 39.9088 -13.0107 
vt 39.886 -12.9893 
vt 39.886 -13.0084 
vt 39.9088 -13.0084 
vt 39.9088 -12.9893 
vt 39.8403 -12.9893 
vt 39.886 -13.0084 
vt 39.886 -12.9893 
vt 39.8403 -13.0084 
vt 40.0084 -13.0131 
vt 39.9893 -13.0131 
vt 39.9893 -13.0313 
vt 40.0107 -13.0008 
vt 39.9916 -13.0008 
vt 39.9916 -13.0231 
vt 40.0107 -13.0231 
vt 40.0107 -12.9785 
vt 39.9916 -13.0008 
vt 40.0107 -13.0008 
vt 39.9916 -12.9785 
vt 40.0107 -12.9687 
vt 39.9916 -12.9687 
vt 39.9916 -12.9785 
vt 40.0107 -12.9785 
vt 40.0084 -13.0313 
vt 40.0107 -13.0133 
vt 39.9916 -13.0133 
vt 39.9916 -13.0231 
vt 40.0107 -13.0231 
vt 40.0107 -12.991 
vt 39.9916 -12.991 
vt 40.0107 -12.9687 
vt 39.9916 -12.9687 
vt 39.9916 -12.991 
vt 40.0107 -12.991 
vt 39.9088 -13.0107 
vt 40.0912 -13.0107 
vt 39.9088 -12.9916 
vt 39.886 -12.9893 
vt 39.886 -13.0084 
vt 39.9088 -13.0084 
vt 39.9088 -12.9893 
vt 39.8632 -12.9893 
vt 39.8632 -13.0084 
vt 39.886 -13.0084 
vt 39.8403 -12.9893 
vt 39.8403 -13.0084 
vt 39.8632 -13.0084 
vt 39.886 -12.9893 
vt 39.8632 -12.9893 
vt 40.0912 -12.9916 
vt 40.0912 -12.9893 
vt 40.0912 -13.0084 
vt 40.114 -13.0084 
vt 40.114 -12.9893 
vt 40.114 -13.0084 
vt 40.1368 -13.0084 
vt 40.114 -12.9893 
vt 40.1368 -12.9893 
vt 40.1368 -12.9893 
vt 40.1368 -13.0084 
vt 40.1597 -13.0084 
vt 40.1597 -12.9893 
vt 40.114 -13.0231 
vt 40.0912 -13.0133 
vt 40.0912 -13.0231 
vt 40.0912 -13.0131 
vt 39.9088 -13.0313 
vt 40.0912 -13.0313 
vt 40.114 -13.0008 
vt 40.1368 -13.0008 
vt 40.114 -12.991 
vt 40.0912 -12.991 
vt 40.1368 -12.9785 
vt 40.114 -12.9687 
vt 40.1597 -12.9687 
vt 40.1597 -12.9785 
vt 39.9088 -13.0131 
vt 39.9088 -13.0133 
vt 39.886 -13.0231 
vt 39.9088 -13.0231 
vt 39.886 -13.0008 
vt 39.9088 -12.991 
vt 39.886 -12.991 
vt 39.8632 -13.0008 
vt 39.886 -12.9687 
vt 39.8632 -12.9785 
vt 39.8403 -12.9687 
vt 39.8403 -12.9785 

usemtl Sphere0061Mtl

f 2786/2786/2786 2787/2787/2787 2788/2788/2788 
f 2787/2787/2787 2786/2786/2786 2789/2789/2789 
f 2781/2781/2781 2782/2782/2782 2783/2783/2783 
f 2782/2782/2782 2781/2781/2781 2785/2785/2785 
f 2778/2778/2778 2779/2779/2779 2780/2780/2780 
f 2784/2784/2784 2779/2779/2779 2778/2778/2778 
f 2764/2764/2764 2765/2765/2765 2766/2766/2766 
f 2777/2777/2777 2765/2765/2765 2764/2764/2764 
f 2767/2767/2767 2768/2768/2768 2769/2769/2769 
f 2767/2767/2767 2770/2770/2770 2768/2768/2768 
f 2771/2771/2771 2770/2770/2770 2767/2767/2767 
f 2770/2770/2770 2771/2771/2771 2775/2775/2775 
f 2772/2772/2772 2773/2773/2773 2774/2774/2774 
f 2773/2773/2773 2772/2772/2772 2776/2776/2776 
f 2797/2797/2797 2798/2798/2798 2799/2799/2799 
f 2799/2799/2799 2798/2798/2798 2800/2800/2800 
f 2806/2806/2806 2807/2807/2807 2808/2808/2808 
f 2809/2809/2809 2807/2807/2807 2806/2806/2806 
f 2793/2793/2793 2794/2794/2794 2795/2795/2795 
f 2793/2793/2793 2796/2796/2796 2794/2794/2794 
f 2802/2802/2802 2803/2803/2803 2804/2804/2804 
f 2802/2802/2802 2804/2804/2804 2805/2805/2805 
f 2790/2790/2790 2791/2791/2791 2792/2792/2792 
f 2801/2801/2801 2791/2791/2791 2790/2790/2790 
f 2821/2821/2821 2822/2822/2822 2823/2823/2823 
f 2821/2821/2821 2823/2823/2823 2824/2824/2824 
f 2817/2817/2817 2818/2818/2818 2819/2819/2819 
f 2817/2817/2817 2820/2820/2820 2818/2818/2818 
f 2813/2813/2813 2814/2814/2814 2815/2815/2815 
f 2813/2813/2813 2815/2815/2815 2816/2816/2816 
f 2810/2810/2810 2811/2811/2811 2812/2812/2812 
f 2810/2810/2810 2812/2812/2812 2825/2825/2825 
f 2826/2826/2826 2827/2827/2827 2828/2828/2828 
f 2826/2826/2826 2828/2828/2828 2829/2829/2829 
f 2830/2830/2830 2827/2827/2827 2826/2826/2826 
f 2830/2830/2830 2831/2831/2831 2827/2827/2827 
f 2832/2832/2832 2833/2833/2833 2834/2834/2834 
f 2832/2832/2832 2834/2834/2834 2835/2835/2835 
f 2836/2836/2836 2837/2837/2837 2838/2838/2838 
f 2838/2838/2838 2837/2837/2837 2851/2851/2851 
f 2839/2839/2839 2840/2840/2840 2841/2841/2841 
f 2839/2839/2839 2841/2841/2841 2842/2842/2842 
f 2852/2852/2852 2853/2853/2853 2854/2854/2854 
f 2852/2852/2852 2854/2854/2854 2858/2858/2858 
f 2843/2843/2843 2844/2844/2844 2845/2845/2845 
f 2843/2843/2843 2845/2845/2845 2849/2849/2849 
f 2855/2855/2855 2856/2856/2856 2857/2857/2857 
f 2855/2855/2855 2857/2857/2857 2859/2859/2859 
f 2846/2846/2846 2847/2847/2847 2848/2848/2848 
f 2846/2846/2846 2848/2848/2848 2850/2850/2850 
f 2860/2860/2860 2861/2861/2861 2862/2862/2862 
f 2860/2860/2860 2862/2862/2862 2863/2863/2863 
f 2867/2867/2867 2868/2868/2868 2869/2869/2869 
f 2867/2867/2867 2878/2878/2878 2868/2868/2868 
f 2864/2864/2864 2865/2865/2865 2866/2866/2866 
f 2865/2865/2865 2864/2864/2864 2870/2870/2870 
f 2870/2870/2870 2873/2873/2873 2865/2865/2865 
f 2873/2873/2873 2870/2870/2870 2872/2872/2872 
f 2870/2870/2870 2871/2871/2871 2872/2872/2872 
f 2874/2874/2874 2872/2872/2872 2871/2871/2871 
f 2872/2872/2872 2874/2874/2874 2875/2875/2875 
f 2874/2874/2874 2876/2876/2876 2875/2875/2875 
f 2876/2876/2876 2874/2874/2874 2877/2877/2877 
f 2879/2879/2879 2880/2880/2880 2881/2881/2881 
f 2880/2880/2880 2879/2879/2879 2882/2882/2882 
f 2883/2883/2883 2882/2882/2882 2879/2879/2879 
f 2882/2882/2882 2883/2883/2883 2884/2884/2884 
f 2884/2884/2884 2885/2885/2885 2882/2882/2882 
f 2887/2887/2887 2885/2885/2885 2884/2884/2884 
f 2884/2884/2884 2886/2886/2886 2887/2887/2887 
f 2888/2888/2888 2887/2887/2887 2886/2886/2886 
f 2887/2887/2887 2888/2888/2888 2889/2889/2889 

g Cube0041

v -0.893897 3.37563 -1.4922 
v -0.893897 3.24097 -1.35753 
v -0.893898 3.24097 -1.4922 
v -0.759231 2.83697 -1.4922 
v -0.759231 3.24097 -1.4922 
v -0.75923 3.24097 -1.35753 
v -0.75923 3.37563 -0.414866 
v -0.75923 2.83697 0.527803 
v -0.893897 3.37563 0.527803 
v -0.893897 3.24097 0.66247 
v -0.893897 3.24097 0.527803 
v -0.75923 3.24097 0.527803 
v -0.893897 3.37563 -1.35753 
v -0.893897 3.5103 -1.22287 
v -0.893897 3.37563 -0.6842 
v -0.893897 3.37563 -1.22287 
v -0.893897 3.5103 -0.6842 
v -0.75923 3.37563 -1.35753 
v -0.75923 3.77963 0.527803 
v -0.75923 3.77963 -0.414866 
v -0.893897 3.37563 0.66247 
v 1.66478 3.37563 -1.4922 
v 1.66478 3.24097 -1.35753 
v 1.66478 3.24097 -1.4922 
v 1.79944 2.83697 -1.4922 
v 1.79944 3.24097 -1.4922 
v 1.79944 3.24097 -1.35753 
v 1.79944 3.37563 -0.953534 
v 1.79944 3.37563 -0.414866 
v 1.79944 2.83697 0.527803 
v 1.66478 3.37563 0.527803 
v 1.66478 3.24097 0.66247 
v 1.66478 3.24097 0.527803 
v 1.79944 3.77963 0.527803 
v 1.66478 3.37563 -1.35753 
v 1.66478 3.5103 -1.22287 
v 1.66478 3.37563 -0.953534 
v 1.66478 3.37563 -1.22287 
v 1.66478 3.5103 -0.6842 
v 1.79944 3.37563 -1.35753 
v 1.66478 3.37563 -0.6842 
v 1.66478 3.37563 0.66247 
v 1.79944 3.77963 -0.414866 
v -1.83657 3.24097 -1.35753 
v -1.7019 3.24097 -1.4922 
v -1.83657 3.24097 -1.4922 
v -1.7019 3.24097 -1.35753 
v -0.893897 3.37563 -1.4922 
v -1.7019 3.37563 -1.4922 
v -0.893897 3.37563 -1.35753 
v -0.893897 3.24097 -1.35753 
v -0.759231 3.24097 -1.4922 
v -0.893898 3.24097 -1.4922 
v 0.722106 3.24097 -1.35753 
v 0.856773 3.24097 -1.4922 
v 0.722106 3.24097 -1.4922 
v -0.75923 3.24097 -1.35753 
v -0.75923 3.37563 -1.35753 
v -0.893897 3.37563 -1.35753 
v -0.893897 3.37563 -1.22287 
v -1.7019 3.37563 -1.22287 
v -0.893897 3.37563 -1.22287 
v -0.893897 3.37563 0.527803 
v -1.7019 3.37563 0.66247 
v -0.893897 3.37563 0.66247 
v -1.7019 3.37563 -0.6842 
v -0.75923 3.37563 -0.414866 
v -0.893897 3.37563 -0.6842 
v -1.83657 3.37563 -0.414866 
v -1.83657 3.37563 -0.818867 
v -1.83657 3.37563 -1.35753 
v -1.7019 3.37563 -1.35753 
v -1.7019 3.37563 -0.818867 
v -0.893897 3.5103 -1.22287 
v -1.7019 3.5103 -1.22287 
v -1.7019 3.5103 -0.6842 
v -0.893897 3.5103 -0.6842 
v -1.83657 3.37563 -0.818867 
v -1.7019 3.37563 -0.818867 
v -0.75923 3.77963 0.527803 
v -1.83657 3.77963 -0.414866 
v -1.83657 3.77963 0.527803 
v -1.7019 3.37563 0.527803 
v -0.75923 3.77963 -0.414866 
v 0.856773 3.37563 -0.6842 
v 0.722106 3.37563 -0.818867 
v 0.722106 3.37563 -0.414866 
v 0.856773 3.24097 -1.35753 
v 0.856773 3.37563 -1.4922 
v 1.66478 3.37563 -1.35753 
v 1.66478 3.37563 -1.4922 
v 0.856773 3.37563 -1.35753 
v 1.66478 3.37563 -1.22287 
v 1.66478 3.24097 -1.35753 
v 1.79944 3.24097 -1.4922 
v 1.66478 3.24097 -1.4922 
v 1.79944 3.24097 -1.35753 
v 1.79944 3.37563 -1.35753 
v 1.79944 3.37563 -0.953534 
v 1.66478 3.37563 0.527803 
v 0.856774 3.37563 0.66247 
v 1.66478 3.37563 0.66247 
v 1.66478 3.37563 -0.6842 
v 1.79944 3.37563 -0.414866 
v 1.66478 3.37563 -0.953534 
v 1.79944 3.37563 -0.953534 
v 1.66478 3.37563 -0.953534 
v 0.722106 3.37563 -0.818867 
v 0.856773 3.37563 -1.22287 
v 0.722106 3.37563 -1.35753 
v 0.856773 3.37563 -0.818867 
v 0.856773 3.5103 -0.6842 
v 1.66478 3.5103 -1.22287 
v 0.856773 3.5103 -1.22287 
v 1.66478 3.5103 -0.6842 
v 0.856773 3.37563 -0.818867 
v 0.722107 3.77963 0.527803 
v 1.79944 3.77963 -0.414866 
v 0.722106 3.77963 -0.414866 
v 0.856774 3.37563 0.527803 
v 1.79944 3.77963 0.527803 
v -0.75923 2.83697 0.527803 
v -1.7019 3.24097 0.527803 
v -1.83657 2.83697 0.527803 
v -0.75923 3.24097 0.527803 
v -0.893897 3.37563 0.527803 
v -0.893897 3.24097 0.527803 
v -1.83657 3.5103 0.527803 
v -1.7019 3.24097 0.66247 
v -0.893897 3.24097 0.66247 
v -1.7019 3.37563 0.66247 
v -0.893897 3.37563 0.66247 
v -1.7019 3.37563 0.527803 
v -1.7019 3.37563 -0.6842 
v -0.893897 3.5103 -0.6842 
v -1.7019 3.5103 -0.6842 
v -0.893897 3.37563 -0.6842 
v -0.75923 3.77963 0.527803 
v -1.83657 3.77963 0.527803 
v 0.856774 3.24097 0.527803 
v 0.722107 3.37563 0.527803 
v 0.722106 2.83697 0.527803 
v 1.53011 2.83697 0.527803 
v 1.12611 3.24097 0.527803 
v 1.53011 2.83697 0.527803 
v 1.66478 3.24097 0.527803 
v 1.12611 3.24097 0.527803 
v 1.79944 2.83697 0.527803 
v 0.856774 3.24097 0.66247 
v 1.66478 3.24097 0.66247 
v 0.856774 3.37563 0.66247 
v 1.66478 3.37563 0.66247 
v 1.79944 3.77963 0.527803 
v 0.856774 3.37563 0.527803 
v 0.856773 3.37563 -0.6842 
v 1.66478 3.5103 -0.6842 
v 0.856773 3.5103 -0.6842 
v 1.66478 3.37563 -0.6842 
v 1.66478 3.37563 0.527803 
v 0.722107 3.77963 0.527803 
v 0.856774 3.37563 0.527803 
v 0.722107 3.37563 0.527803 
v -1.83657 3.24097 -1.4922 
v -1.83657 2.83697 -1.4922 
v -1.83657 3.24097 -1.35753 
v -1.83657 3.37563 -0.818867 
v -1.7019 3.37563 -1.35753 
v -1.7019 3.24097 -1.4922 
v -1.7019 3.24097 -1.35753 
v -1.83657 3.37563 -0.414866 
v -1.83657 2.83697 0.527803 
v -1.83657 3.5103 0.527803 
v -1.7019 3.37563 0.66247 
v -1.7019 3.24097 0.527803 
v -1.7019 3.24097 0.66247 
v -1.83657 3.37563 -1.35753 
v -1.7019 3.37563 -1.4922 
v -1.7019 3.37563 -0.818867 
v -1.7019 3.5103 -1.22287 
v -1.7019 3.37563 -1.22287 
v -1.7019 3.5103 -0.6842 
v -1.7019 3.37563 -0.6842 
v -1.83657 3.77963 -0.414866 
v -1.83657 3.77963 0.527803 
v -1.7019 3.37563 0.527803 
v 0.722106 3.24097 -1.35753 
v 0.722106 3.24097 -1.4922 
v 0.722106 2.83697 -1.4922 
v 0.722106 3.37563 -0.818867 
v 0.722106 3.37563 -1.35753 
v 0.856773 3.37563 -1.35753 
v 0.856773 3.24097 -1.4922 
v 0.856773 3.24097 -1.35753 
v 0.722106 3.37563 -0.414866 
v 0.722106 2.83697 0.527803 
v 0.722107 3.37563 0.527803 
v 0.856774 3.37563 0.66247 
v 0.856774 3.24097 0.527803 
v 0.856774 3.24097 0.66247 
v 0.856773 3.37563 -1.4922 
v 0.856773 3.37563 -0.818867 
v 0.856773 3.5103 -1.22287 
v 0.856773 3.37563 -1.22287 
v 0.856773 3.5103 -0.6842 
v 0.856773 3.37563 -0.6842 
v 0.722107 3.77963 0.527803 
v 0.722106 3.77963 -0.414866 
v 0.856774 3.37563 0.527803 
v -0.75923 2.83697 0.527803 
v -1.83657 2.83697 -1.4922 
v -0.759231 2.83697 -1.4922 
v -1.83657 2.83697 0.527803 
v 1.12611 3.24097 0.527803 
v 0.856774 3.24097 0.66247 
v 0.856774 3.24097 0.527803 
v -1.7019 3.24097 0.527803 
v -0.893897 3.24097 0.527803 
v -0.893897 3.24097 0.66247 
v -1.7019 3.24097 0.66247 
v 0.722106 2.83697 -1.4922 
v 1.53011 2.83697 0.527803 
v 0.722106 2.83697 0.527803 
v 1.79944 2.83697 -1.4922 
v 1.79944 2.83697 0.527803 
v 1.66478 3.24097 0.527803 
v 1.66478 3.24097 0.66247 
v -1.7019 3.24097 -1.4922 
v -0.759231 2.83697 -1.4922 
v -1.83657 2.83697 -1.4922 
v -0.893898 3.24097 -1.4922 
v -0.759231 3.24097 -1.4922 
v -1.83657 3.24097 -1.4922 
v -1.83657 3.24097 -1.35753 
v -1.7019 3.37563 -1.35753 
v -1.7019 3.24097 -1.35753 
v -0.893897 3.37563 -1.4922 
v -0.893897 3.24097 -1.35753 
v -0.75923 3.37563 -1.35753 
v -0.75923 3.24097 -1.35753 
v -0.893897 3.37563 -1.35753 
v -1.83657 3.37563 -1.35753 
v -1.7019 3.37563 -1.4922 
v -1.7019 3.37563 -1.22287 
v -0.893897 3.5103 -1.22287 
v -0.893897 3.37563 -1.22287 
v -1.7019 3.5103 -1.22287 
v -1.83657 3.77963 -0.414866 
v -0.75923 3.37563 -0.414866 
v -1.83657 3.37563 -0.414866 
v -0.75923 3.77963 -0.414866 
v 0.722106 2.83697 -1.4922 
v 0.722106 3.24097 -1.4922 
v 0.856773 3.24097 -1.4922 
v 1.79944 2.83697 -1.4922 
v 1.66478 3.24097 -1.4922 
v 1.79944 3.24097 -1.4922 
v 0.856773 3.37563 -1.4922 
v 0.722106 3.24097 -1.35753 
v 0.856773 3.37563 -1.35753 
v 0.856773 3.24097 -1.35753 
v 1.66478 3.24097 -1.35753 
v 1.79944 3.37563 -1.35753 
v 1.79944 3.24097 -1.35753 
v 1.66478 3.37563 -1.35753 
v 0.722106 3.37563 -1.35753 
v 1.66478 3.37563 -1.4922 
v 1.66478 3.37563 -1.22287 
v 0.856773 3.37563 -1.22287 
v 1.66478 3.5103 -1.22287 
v 0.856773 3.5103 -1.22287 
v 0.722106 3.77963 -0.414866 
v 1.79944 3.77963 -0.414866 
v 0.722106 3.37563 -0.414866 
v 1.79944 3.37563 -0.414866 

vn 1 0 0 
vn 1 0 0 
vn 1 0 0 
vn 1 0 0 
vn 1 0 0 
vn 1 0 0 
vn 1 0 0 
vn 1 0 0 
vn 1 0 0 
vn 1 0 0 
vn 1 0 0 
vn 1 0 0 
vn 1 0 0 
vn 1 0 0 
vn 1 0 0 
vn 1 0 0 
vn 1 0 0 
vn 1 0 0 
vn 1 0 0 
vn 1 0 0 
vn 1 0 0 
vn 1 0 0 
vn 1 0 0 
vn 1 0 0 
vn 1 0 0 
vn 1 0 0 
vn 1 0 0 
vn 1 0 0 
vn 1 0 0 
vn 1 0 0 
vn 1 0 0 
vn 1 0 0 
vn 1 0 0 
vn 1 0 0 
vn 1 0 0 
vn 1 0 0 
vn 1 0 0 
vn 1 0 0 
vn 1 0 0 
vn 1 0 0 
vn 1 0 0 
vn 1 0 0 
vn 1 0 0 
vn 0 1 0 
vn 0 1 0 
vn 0 1 0 
vn 0 1 0 
vn 0 1 0 
vn 0 1 0 
vn 0 1 0 
vn 0 1 0 
vn 0 1 0 
vn 0 1 0 
vn 0 1 0 
vn 0 1 0 
vn 0 1 0 
vn 0 1 0 
vn 0 1 0 
vn 0 1 0 
vn 0 1 0 
vn 0 1 0 
vn 0 1 0 
vn 0 1 0 
vn 0 1 0 
vn 0 1 0 
vn 0 1 0 
vn 0 1 0 
vn 0 1 0 
vn 0 1 0 
vn 0 1 0 
vn 0 1 0 
vn 0 1 0 
vn 0 1 0 
vn 0 1 0 
vn 0 1 0 
vn 0 1 0 
vn 0 1 0 
vn 0 1 0 
vn 0 1 0 
vn 0 1 0 
vn 0 1 0 
vn 0 1 0 
vn 0 1 0 
vn 0 1 0 
vn 0 1 0 
vn 0 1 0 
vn 0 1 0 
vn 0 1 0 
vn 0 1 0 
vn 0 1 0 
vn 0 1 0 
vn 0 1 0 
vn 0 1 0 
vn 0 1 0 
vn 0 1 0 
vn 0 1 0 
vn 0 1 0 
vn 0 1 0 
vn 0 1 0 
vn 0 1 0 
vn 0 1 0 
vn 0 1 0 
vn 0 1 0 
vn 0 1 0 
vn 0 1 0 
vn 0 1 0 
vn 0 1 0 
vn 0 1 0 
vn 0 1 0 
vn 0 1 0 
vn 0 1 0 
vn 0 1 0 
vn 0 1 0 
vn 0 1 0 
vn 0 1 0 
vn 0 1 0 
vn 0 1 0 
vn 0 1 0 
vn 0 1 0 
vn 0 1 0 
vn 0 1 0 
vn 0 0 1 
vn 0 0 1 
vn 0 0 1 
vn 0 0 1 
vn 0 0 1 
vn 0 0 1 
vn 0 0 1 
vn 0 0 1 
vn 0 0 1 
vn 0 0 1 
vn 0 0 1 
vn 0 0 1 
vn 0 0 1 
vn 0 0 1 
vn 0 0 1 
vn 0 0 1 
vn 0 0 1 
vn 0 0 1 
vn 0 0 1 
vn 0 0 1 
vn 0 0 1 
vn 0 0 1 
vn 0 0 1 
vn 0 0 1 
vn 0 0 1 
vn 0 0 1 
vn 0 0 1 
vn 0 0 1 
vn 0 0 1 
vn 0 0 1 
vn 0 0 1 
vn 0 0 1 
vn 0 0 1 
vn 0 0 1 
vn 0 0 1 
vn 0 0 1 
vn 0 0 1 
vn 0 0 1 
vn 0 0 1 
vn 0 0 1 
vn 0 0 1 
vn -1 0 0 
vn -1 0 0 
vn -1 0 0 
vn -1 0 0 
vn -1 0 0 
vn -1 0 0 
vn -1 0 0 
vn -1 0 0 
vn -1 0 0 
vn -1 0 0 
vn -1 0 0 
vn -1 0 0 
vn -1 0 0 
vn -1 0 0 
vn -1 0 0 
vn -1 0 0 
vn -1 0 0 
vn -1 0 0 
vn -1 0 0 
vn -1 0 0 
vn -1 0 0 
vn -1 0 0 
vn -1 0 0 
vn -1 0 0 
vn -1 0 0 
vn -1 0 0 
vn -1 0 0 
vn -1 0 0 
vn -1 0 0 
vn -1 0 0 
vn -1 0 0 
vn -1 0 0 
vn -1 0 0 
vn -1 0 0 
vn -1 0 0 
vn -1 0 0 
vn -1 0 0 
vn -1 0 0 
vn -1 0 0 
vn -1 0 0 
vn -1 0 0 
vn -1 0 0 
vn -1 0 0 
vn -1 0 0 
vn -1 0 0 
vn -1 0 0 
vn 0 -1 0 
vn 0 -1 0 
vn 0 -1 0 
vn 0 -1 0 
vn 0 -1 0 
vn 0 -1 0 
vn 0 -1 0 
vn 0 -1 0 
vn 0 -1 0 
vn 0 -1 0 
vn 0 -1 0 
vn 0 -1 0 
vn 0 -1 0 
vn 0 -1 0 
vn 0 -1 0 
vn 0 -1 0 
vn 0 -1 0 
vn 0 -1 0 
vn 0 0 -1 
vn 0 0 -1 
vn 0 0 -1 
vn 0 0 -1 
vn 0 0 -1 
vn 0 0 -1 
vn 0 0 -1 
vn 0 0 -1 
vn 0 0 -1 
vn 0 0 -1 
vn 0 0 -1 
vn 0 0 -1 
vn 0 0 -1 
vn 0 0 -1 
vn 0 0 -1 
vn 0 0 -1 
vn 0 0 -1 
vn 0 0 -1 
vn 0 0 -1 
vn 0 0 -1 
vn 0 0 -1 
vn 0 0 -1 
vn 0 0 -1 
vn 0 0 -1 
vn 0 0 -1 
vn 0 0 -1 
vn 0 0 -1 
vn 0 0 -1 
vn 0 0 -1 
vn 0 0 -1 
vn 0 0 -1 
vn 0 0 -1 
vn 0 0 -1 
vn 0 0 -1 
vn 0 0 -1 
vn 0 0 -1 
vn 0 0 -1 
vn 0 0 -1 
vn 0 0 -1 
vn 0 0 -1 
vn 0 0 -1 
vn 0 0 -1 
vn 0 0 -1 
vn 0 0 -1 
vn 0 0 -1 
vn 0 0 -1 
vn 0 0 -1 
vn 0 0 -1 

vt 6.13467 -60.9916 
vt 6.11783 -61.0084 
vt 6.13467 -61.0084 
vt 6.13467 -61.0589 
vt 6.13467 -61.0084 
vt 6.11783 -61.0084 
vt 6 -60.9916 
vt 5.88217 -61.0589 
vt 5.88217 -60.9916 
vt 5.86533 -61.0084 
vt 5.88217 -61.0084 
vt 5.88217 -61.0084 
vt 6.11783 -60.9916 
vt 6.101 -60.9748 
vt 6.03367 -60.9916 
vt 6.101 -60.9916 
vt 6.03367 -60.9748 
vt 6.11783 -60.9916 
vt 5.88217 -60.9411 
vt 6 -60.9411 
vt 5.86533 -60.9916 
vt 6.13467 -60.9916 
vt 6.11783 -61.0084 
vt 6.13467 -61.0084 
vt 6.13467 -61.0589 
vt 6.13467 -61.0084 
vt 6.11783 -61.0084 
vt 6.06733 -60.9916 
vt 6 -60.9916 
vt 5.88217 -61.0589 
vt 5.88217 -60.9916 
vt 5.86533 -61.0084 
vt 5.88217 -61.0084 
vt 5.88217 -60.9411 
vt 6.11783 -60.9916 
vt 6.101 -60.9748 
vt 6.06733 -60.9916 
vt 6.101 -60.9916 
vt 6.03367 -60.9748 
vt 6.11783 -60.9916 
vt 6.03367 -60.9916 
vt 5.86533 -60.9916 
vt 6 -60.9411 
vt 6.22725 -61.1178 
vt 6.21042 -61.1347 
vt 6.22725 -61.1347 
vt 6.21042 -61.1178 
vt 6.10942 -61.1347 
vt 6.21042 -61.1347 
vt 6.10942 -61.1178 
vt 6.10942 -61.1178 
vt 6.09258 -61.1347 
vt 6.10942 -61.1347 
vt 5.90742 -61.1178 
vt 5.89058 -61.1347 
vt 5.90742 -61.1347 
vt 6.09258 -61.1178 
vt 6.09258 -61.1178 
vt 6.10942 -61.1178 
vt 6.10942 -61.101 
vt 6.21042 -61.101 
vt 6.10942 -61.101 
vt 6.10942 -60.8822 
vt 6.21042 -60.8653 
vt 6.10942 -60.8653 
vt 6.21042 -61.0337 
vt 6.09258 -61 
vt 6.10942 -61.0337 
vt 6.22725 -61 
vt 6.22725 -61.0505 
vt 6.22725 -61.1178 
vt 6.21042 -61.1178 
vt 6.21042 -61.0505 
vt 6.10942 -61.101 
vt 6.21042 -61.101 
vt 6.21042 -61.0337 
vt 6.10942 -61.0337 
vt 6.22725 -61.0505 
vt 6.21042 -61.0505 
vt 6.09258 -60.8822 
vt 6.22725 -61 
vt 6.22725 -60.8822 
vt 6.21042 -60.8822 
vt 6.09258 -61 
vt 5.89058 -61.0337 
vt 5.90742 -61.0505 
vt 5.90742 -61 
vt 5.89058 -61.1178 
vt 5.89058 -61.1347 
vt 5.78958 -61.1178 
vt 5.78958 -61.1347 
vt 5.89058 -61.1178 
vt 5.78958 -61.101 
vt 5.78958 -61.1178 
vt 5.77275 -61.1347 
vt 5.78958 -61.1347 
vt 5.77275 -61.1178 
vt 5.77275 -61.1178 
vt 5.77275 -61.0673 
vt 5.78958 -60.8822 
vt 5.89058 -60.8653 
vt 5.78958 -60.8653 
vt 5.78958 -61.0337 
vt 5.77275 -61 
vt 5.78958 -61.0673 
vt 5.77275 -61.0673 
vt 5.78958 -61.0673 
vt 5.90742 -61.0505 
vt 5.89058 -61.101 
vt 5.90742 -61.1178 
vt 5.89058 -61.0505 
vt 5.89058 -61.0337 
vt 5.78958 -61.101 
vt 5.89058 -61.101 
vt 5.78958 -61.0337 
vt 5.89058 -61.0505 
vt 5.90742 -60.8822 
vt 5.77275 -61 
vt 5.90742 -61 
vt 5.89058 -60.8822 
vt 5.77275 -60.8822 
vt 5.90742 -61.0589 
vt 5.78958 -61.0084 
vt 5.77275 -61.0589 
vt 5.90742 -61.0084 
vt 5.89058 -60.9916 
vt 5.89058 -61.0084 
vt 5.77275 -60.9748 
vt 5.78958 -61.0084 
vt 5.89058 -61.0084 
vt 5.78958 -60.9916 
vt 5.89058 -60.9916 
vt 5.78958 -60.9916 
vt 5.78958 -60.9916 
vt 5.89058 -60.9748 
vt 5.78958 -60.9748 
vt 5.89058 -60.9916 
vt 5.90742 -60.9411 
vt 5.77275 -60.9411 
vt 6.10942 -61.0084 
vt 6.09258 -60.9916 
vt 6.09258 -61.0589 
vt 6.19358 -61.0589 
vt 6.14308 -61.0084 
vt 6.19358 -61.0589 
vt 6.21042 -61.0084 
vt 6.14308 -61.0084 
vt 6.22725 -61.0589 
vt 6.10942 -61.0084 
vt 6.21042 -61.0084 
vt 6.10942 -60.9916 
vt 6.21042 -60.9916 
vt 6.22725 -60.9411 
vt 6.10942 -60.9916 
vt 6.10942 -60.9916 
vt 6.21042 -60.9748 
vt 6.10942 -60.9748 
vt 6.21042 -60.9916 
vt 6.21042 -60.9916 
vt 6.09258 -60.9411 
vt 6.10942 -60.9916 
vt 6.09258 -60.9916 
vt 5.86533 -61.0084 
vt 5.86533 -61.0589 
vt 5.88217 -61.0084 
vt 5.9495 -60.9916 
vt 5.88217 -60.9916 
vt 5.86533 -61.0084 
vt 5.88217 -61.0084 
vt 6 -60.9916 
vt 6.11783 -61.0589 
vt 6.11783 -60.9748 
vt 6.13467 -60.9916 
vt 6.11783 -61.0084 
vt 6.13467 -61.0084 
vt 5.88217 -60.9916 
vt 5.86533 -60.9916 
vt 5.9495 -60.9916 
vt 5.899 -60.9748 
vt 5.899 -60.9916 
vt 5.96633 -60.9748 
vt 5.96633 -60.9916 
vt 6 -60.9411 
vt 6.11783 -60.9411 
vt 6.11783 -60.9916 
vt 5.88217 -61.0084 
vt 5.86533 -61.0084 
vt 5.86533 -61.0589 
vt 5.9495 -60.9916 
vt 5.88217 -60.9916 
vt 5.88217 -60.9916 
vt 5.86533 -61.0084 
vt 5.88217 -61.0084 
vt 6 -60.9916 
vt 6.11783 -61.0589 
vt 6.11783 -60.9916 
vt 6.13467 -60.9916 
vt 6.11783 -61.0084 
vt 6.13467 -61.0084 
vt 5.86533 -60.9916 
vt 5.9495 -60.9916 
vt 5.899 -60.9748 
vt 5.899 -60.9916 
vt 5.96633 -60.9748 
vt 5.96633 -60.9916 
vt 6.11783 -60.9411 
vt 6 -60.9411 
vt 6.11783 -60.9916 
vt 5.90742 -60.8822 
vt 5.77275 -61.1347 
vt 5.90742 -61.1347 
vt 5.77275 -60.8822 
vt 6.14308 -60.8822 
vt 6.10942 -60.8653 
vt 6.10942 -60.8822 
vt 5.78958 -60.8822 
vt 5.89058 -60.8822 
vt 5.89058 -60.8653 
vt 5.78958 -60.8653 
vt 6.09258 -61.1347 
vt 6.19358 -60.8822 
vt 6.09258 -60.8822 
vt 6.22725 -61.1347 
vt 6.22725 -60.8822 
vt 6.21042 -60.8822 
vt 6.21042 -60.8653 
vt 6.21042 -61.0084 
vt 6.09258 -61.0589 
vt 6.22725 -61.0589 
vt 6.10942 -61.0084 
vt 6.09258 -61.0084 
vt 6.22725 -61.0084 
vt 6.22725 -61.0084 
vt 6.21042 -60.9916 
vt 6.21042 -61.0084 
vt 6.10942 -60.9916 
vt 6.10942 -61.0084 
vt 6.09258 -60.9916 
vt 6.09258 -61.0084 
vt 6.10942 -60.9916 
vt 6.22725 -60.9916 
vt 6.21042 -60.9916 
vt 6.21042 -60.9916 
vt 6.10942 -60.9748 
vt 6.10942 -60.9916 
vt 6.21042 -60.9748 
vt 6.22725 -60.9411 
vt 6.09258 -60.9916 
vt 6.22725 -60.9916 
vt 6.09258 -60.9411 
vt 5.90742 -61.0589 
vt 5.90742 -61.0084 
vt 5.89058 -61.0084 
vt 5.77275 -61.0589 
vt 5.78958 -61.0084 
vt 5.77275 -61.0084 
vt 5.89058 -60.9916 
vt 5.90742 -61.0084 
vt 5.89058 -60.9916 
vt 5.89058 -61.0084 
vt 5.78958 -61.0084 
vt 5.77275 -60.9916 
vt 5.77275 -61.0084 
vt 5.78958 -60.9916 
vt 5.90742 -60.9916 
vt 5.78958 -60.9916 
vt 5.78958 -60.9916 
vt 5.89058 -60.9916 
vt 5.78958 -60.9748 
vt 5.89058 -60.9748 
vt 5.90742 -60.9411 
vt 5.77275 -60.9411 
vt 5.90742 -60.9916 
vt 5.77275 -60.9916 

usemtl Cube0041Mtl

f 2914/2914/2914 2915/2915/2915 2916/2916/2916 
f 2917/2917/2917 2914/2914/2914 2916/2916/2916 
f 2916/2916/2916 2929/2929/2929 2917/2917/2917 
f 2918/2918/2918 2914/2914/2914 2917/2917/2917 
f 2914/2914/2914 2918/2918/2918 2919/2919/2919 
f 2918/2918/2918 2923/2923/2923 2919/2919/2919 
f 2923/2923/2923 2918/2918/2918 2932/2932/2932 
f 2911/2911/2911 2912/2912/2912 2913/2913/2913 
f 2912/2912/2912 2911/2911/2911 2924/2924/2924 
f 2920/2920/2920 2921/2921/2921 2922/2922/2922 
f 2921/2921/2921 2920/2920/2920 2931/2931/2931 
f 2925/2925/2925 2926/2926/2926 2927/2927/2927 
f 2925/2925/2925 2928/2928/2928 2926/2926/2926 
f 2930/2930/2930 2926/2926/2926 2928/2928/2928 
f 2893/2893/2893 2894/2894/2894 2895/2895/2895 
f 2896/2896/2896 2893/2893/2893 2895/2895/2895 
f 2907/2907/2907 2896/2896/2896 2895/2895/2895 
f 2897/2897/2897 2893/2893/2893 2896/2896/2896 
f 2896/2896/2896 2901/2901/2901 2897/2897/2897 
f 2901/2901/2901 2896/2896/2896 2908/2908/2908 
f 2908/2908/2908 2896/2896/2896 2909/2909/2909 
f 2890/2890/2890 2891/2891/2891 2892/2892/2892 
f 2891/2891/2891 2890/2890/2890 2902/2902/2902 
f 2898/2898/2898 2899/2899/2899 2900/2900/2900 
f 2899/2899/2899 2898/2898/2898 2910/2910/2910 
f 2903/2903/2903 2904/2904/2904 2905/2905/2905 
f 2903/2903/2903 2906/2906/2906 2904/2904/2904 
f 2969/2969/2969 2970/2970/2970 2971/2971/2971 
f 2969/2969/2969 2973/2973/2973 2970/2970/2970 
f 3006/3006/3006 3007/3007/3007 3008/3008/3008 
f 3007/3007/3007 3006/3006/3006 3010/3010/3010 
f 2963/2963/2963 2964/2964/2964 2965/2965/2965 
f 2966/2966/2966 2963/2963/2963 2965/2965/2965 
f 3001/3001/3001 3002/3002/3002 3003/3003/3003 
f 3002/3002/3002 3001/3001/3001 3004/3004/3004 
f 2937/2937/2937 2938/2938/2938 2939/2939/2939 
f 2939/2939/2939 2938/2938/2938 2961/2961/2961 
f 2950/2950/2950 2939/2939/2939 2961/2961/2961 
f 2939/2939/2939 2950/2950/2950 2951/2951/2951 
f 2961/2961/2961 2960/2960/2960 2950/2950/2950 
f 2959/2959/2959 2950/2950/2950 2960/2960/2960 
f 2950/2950/2950 2959/2959/2959 2962/2962/2962 
f 2947/2947/2947 2948/2948/2948 2949/2949/2949 
f 2957/2957/2957 2947/2947/2947 2949/2949/2949 
f 2956/2956/2956 2947/2947/2947 2957/2957/2957 
f 2955/2955/2955 2956/2956/2956 2957/2957/2957 
f 2958/2958/2958 2956/2956/2956 2955/2955/2955 
f 2955/2955/2955 2967/2967/2967 2958/2958/2958 
f 2967/2967/2967 2955/2955/2955 2968/2968/2968 
f 2952/2952/2952 2953/2953/2953 2954/2954/2954 
f 2953/2953/2953 2952/2952/2952 2972/2972/2972 
f 2974/2974/2974 2975/2975/2975 2976/2976/2976 
f 3005/3005/3005 2975/2975/2975 2974/2974/2974 
f 2976/2976/2976 2993/2993/2993 2974/2974/2974 
f 2992/2992/2992 2974/2974/2974 2993/2993/2993 
f 2995/2995/2995 2992/2992/2992 2993/2993/2993 
f 2992/2992/2992 2995/2995/2995 2996/2996/2996 
f 2978/2978/2978 2979/2979/2979 2980/2980/2980 
f 2981/2981/2981 2979/2979/2979 2978/2978/2978 
f 2979/2979/2979 2981/2981/2981 2982/2982/2982 
f 2982/2982/2982 2987/2987/2987 2979/2979/2979 
f 2987/2987/2987 2982/2982/2982 2988/2988/2988 
f 2988/2988/2988 2982/2982/2982 2994/2994/2994 
f 2998/2998/2998 2982/2982/2982 2981/2981/2981 
f 2981/2981/2981 2999/2999/2999 2998/2998/2998 
f 2997/2997/2997 2998/2998/2998 2999/2999/2999 
f 2998/2998/2998 2997/2997/2997 3000/3000/3000 
f 2989/2989/2989 2990/2990/2990 2991/2991/2991 
f 2990/2990/2990 2989/2989/2989 3009/3009/3009 
f 2933/2933/2933 2934/2934/2934 2935/2935/2935 
f 2934/2934/2934 2933/2933/2933 2936/2936/2936 
f 2940/2940/2940 2941/2941/2941 2942/2942/2942 
f 2941/2941/2941 2940/2940/2940 2946/2946/2946 
f 2943/2943/2943 2944/2944/2944 2945/2945/2945 
f 2944/2944/2944 2943/2943/2943 2977/2977/2977 
f 2983/2983/2983 2984/2984/2984 2985/2985/2985 
f 2984/2984/2984 2983/2983/2983 2986/2986/2986 
f 3018/3018/3018 3019/3019/3019 3020/3020/3020 
f 3021/3021/3021 3020/3020/3020 3019/3019/3019 
f 3038/3038/3038 3039/3039/3039 3040/3040/3040 
f 3041/3041/3041 3040/3040/3040 3039/3039/3039 
f 3011/3011/3011 3012/3012/3012 3013/3013/3013 
f 3012/3012/3012 3017/3017/3017 3013/3013/3013 
f 3012/3012/3012 3011/3011/3011 3016/3016/3016 
f 3017/3017/3017 3012/3012/3012 3022/3022/3022 
f 3011/3011/3011 3014/3014/3014 3016/3016/3016 
f 3022/3022/3022 3028/3028/3028 3017/3017/3017 
f 3014/3014/3014 3015/3015/3015 3016/3016/3016 
f 3028/3028/3028 3022/3022/3022 3027/3027/3027 
f 3015/3015/3015 3014/3014/3014 3027/3027/3027 
f 3027/3027/3027 3022/3022/3022 3015/3015/3015 
f 3029/3029/3029 3030/3030/3030 3031/3031/3031 
f 3030/3030/3030 3029/3029/3029 3043/3043/3043 
f 3031/3031/3031 3033/3033/3033 3029/3029/3029 
f 3031/3031/3031 3032/3032/3032 3033/3033/3033 
f 3034/3034/3034 3035/3035/3035 3036/3036/3036 
f 3035/3035/3035 3034/3034/3034 3037/3037/3037 
f 3037/3037/3037 3042/3042/3042 3035/3035/3035 
f 3035/3035/3035 3042/3042/3042 3048/3048/3048 
f 3049/3049/3049 3048/3048/3048 3042/3042/3042 
f 3048/3048/3048 3049/3049/3049 3050/3050/3050 
f 3049/3049/3049 3051/3051/3051 3050/3050/3050 
f 3023/3023/3023 3024/3024/3024 3025/3025/3025 
f 3024/3024/3024 3023/3023/3023 3026/3026/3026 
f 3044/3044/3044 3045/3045/3045 3046/3046/3046 
f 3045/3045/3045 3044/3044/3044 3047/3047/3047 
f 3052/3052/3052 3053/3053/3053 3054/3054/3054 
f 3053/3053/3053 3055/3055/3055 3054/3054/3054 
f 3055/3055/3055 3065/3065/3065 3054/3054/3054 
f 3055/3055/3055 3053/3053/3053 3059/3059/3059 
f 3059/3059/3059 3053/3053/3053 3060/3060/3060 
f 3061/3061/3061 3059/3059/3059 3060/3060/3060 
f 3059/3059/3059 3061/3061/3061 3072/3072/3072 
f 3072/3072/3072 3061/3061/3061 3073/3073/3073 
f 3056/3056/3056 3057/3057/3057 3058/3058/3058 
f 3056/3056/3056 3066/3066/3066 3057/3057/3057 
f 3062/3062/3062 3063/3063/3063 3064/3064/3064 
f 3062/3062/3062 3074/3074/3074 3063/3063/3063 
f 3067/3067/3067 3068/3068/3068 3069/3069/3069 
f 3070/3070/3070 3068/3068/3068 3067/3067/3067 
f 3070/3070/3070 3067/3067/3067 3071/3071/3071 
f 3075/3075/3075 3076/3076/3076 3077/3077/3077 
f 3077/3077/3077 3078/3078/3078 3075/3075/3075 
f 3078/3078/3078 3079/3079/3079 3075/3075/3075 
f 3077/3077/3077 3083/3083/3083 3078/3078/3078 
f 3077/3077/3077 3084/3084/3084 3083/3083/3083 
f 3085/3085/3085 3083/3083/3083 3084/3084/3084 
f 3095/3095/3095 3083/3083/3083 3085/3085/3085 
f 3083/3083/3083 3095/3095/3095 3096/3096/3096 
f 3080/3080/3080 3081/3081/3081 3082/3082/3082 
f 3080/3080/3080 3089/3089/3089 3081/3081/3081 
f 3086/3086/3086 3087/3087/3087 3088/3088/3088 
f 3086/3086/3086 3097/3097/3097 3087/3087/3087 
f 3090/3090/3090 3091/3091/3091 3092/3092/3092 
f 3093/3093/3093 3091/3091/3091 3090/3090/3090 
f 3093/3093/3093 3090/3090/3090 3094/3094/3094 
f 3098/3098/3098 3099/3099/3099 3100/3100/3100 
f 3099/3099/3099 3098/3098/3098 3101/3101/3101 
f 3109/3109/3109 3110/3110/3110 3111/3111/3111 
f 3110/3110/3110 3109/3109/3109 3112/3112/3112 
f 3110/3110/3110 3112/3112/3112 3113/3113/3113 
f 3102/3102/3102 3103/3103/3103 3104/3104/3104 
f 3115/3115/3115 3103/3103/3103 3102/3102/3102 
f 3102/3102/3102 3114/3114/3114 3115/3115/3115 
f 3105/3105/3105 3106/3106/3106 3107/3107/3107 
f 3107/3107/3107 3108/3108/3108 3105/3105/3105 
f 3116/3116/3116 3117/3117/3117 3118/3118/3118 
f 3118/3118/3118 3121/3121/3121 3116/3116/3116 
f 3117/3117/3117 3116/3116/3116 3119/3119/3119 
f 3120/3120/3120 3117/3117/3117 3119/3119/3119 
f 3116/3116/3116 3125/3125/3125 3119/3119/3119 
f 3131/3131/3131 3125/3125/3125 3116/3116/3116 
f 3140/3140/3140 3141/3141/3141 3142/3142/3142 
f 3142/3142/3142 3143/3143/3143 3140/3140/3140 
f 3142/3142/3142 3144/3144/3144 3143/3143/3143 
f 3145/3145/3145 3143/3143/3143 3144/3144/3144 
f 3146/3146/3146 3144/3144/3144 3142/3142/3142 
f 3146/3146/3146 3155/3155/3155 3144/3144/3144 
f 3122/3122/3122 3123/3123/3123 3124/3124/3124 
f 3123/3123/3123 3122/3122/3122 3130/3130/3130 
f 3126/3126/3126 3127/3127/3127 3128/3128/3128 
f 3127/3127/3127 3126/3126/3126 3129/3129/3129 
f 3147/3147/3147 3148/3148/3148 3149/3149/3149 
f 3148/3148/3148 3147/3147/3147 3154/3154/3154 
f 3150/3150/3150 3151/3151/3151 3152/3152/3152 
f 3151/3151/3151 3150/3150/3150 3153/3153/3153 
f 3132/3132/3132 3133/3133/3133 3134/3134/3134 
f 3133/3133/3133 3132/3132/3132 3135/3135/3135 
f 3156/3156/3156 3157/3157/3157 3158/3158/3158 
f 3159/3159/3159 3158/3158/3158 3157/3157/3157 
f 3136/3136/3136 3137/3137/3137 3138/3138/3138 
f 3136/3136/3136 3139/3139/3139 3137/3137/3137 
f 3160/3160/3160 3161/3161/3161 3162/3162/3162 
f 3163/3163/3163 3162/3162/3162 3161/3161/3161 

g Cube0051

v -0.725512 2.93016 -1.5468 
v -0.725512 2.67297 0.581585 
v -0.725512 2.67297 -1.5468 
v -0.725512 2.93016 0.581585 
v 1.83861 2.93016 -1.5468 
v 1.83861 2.67297 0.581585 
v 1.83861 2.67297 -1.5468 
v 1.83861 2.93016 0.581585 
v -0.725512 2.93016 0.581585 
v -0.725512 2.93016 -1.5468 
v -1.87574 2.93016 -1.5468 
v -1.87574 2.93016 0.581585 
v 1.83861 2.93016 0.581585 
v 0.688388 2.93016 -1.5468 
v 0.688388 2.93016 0.581585 
v 1.83861 2.93016 -1.5468 
v -0.725512 2.93016 0.581585 
v -1.87574 2.67297 0.581585 
v -0.725512 2.67297 0.581585 
v -1.87574 2.93016 0.581585 
v 1.83861 2.93016 0.581585 
v 0.688388 2.93016 0.581585 
v 0.688388 2.67297 0.581585 
v 1.83861 2.67297 0.581585 
v -1.87574 2.93016 0.581585 
v -1.87574 2.67297 -1.5468 
v -1.87574 2.67297 0.581585 
v -1.87574 2.93016 -1.5468 
v 0.688388 2.93016 0.581585 
v 0.688388 2.93016 -1.5468 
v 0.688388 2.67297 -1.5468 
v 0.688388 2.67297 0.581585 
v -0.725512 2.67297 -1.5468 
v -0.725512 2.67297 0.581585 
v -1.87574 2.67297 -1.5468 
v -1.87574 2.67297 0.581585 
v 0.688388 2.67297 0.581585 
v 0.688388 2.67297 -1.5468 
v 1.83861 2.67297 -1.5468 
v 1.83861 2.67297 0.581585 
v -1.87574 2.93016 -1.5468 
v -0.725512 2.67297 -1.5468 
v -1.87574 2.67297 -1.5468 
v -0.725512 2.93016 -1.5468 
v 0.688388 2.93016 -1.5468 
v 1.83861 2.67297 -1.5468 
v 0.688388 2.67297 -1.5468 
v 1.83861 2.93016 -1.5468 

vn 1 0 0 
vn 1 0 0 
vn 1 0 0 
vn 1 0 0 
vn 1 0 0 
vn 1 0 0 
vn 1 0 0 
vn 1 0 0 
vn 0 1 0 
vn 0 1 0 
vn 0 1 0 
vn 0 1 0 
vn 0 1 0 
vn 0 1 0 
vn 0 1 0 
vn 0 1 0 
vn 0 0 1 
vn 0 0 1 
vn 0 0 1 
vn 0 0 1 
vn 0 0 1 
vn 0 0 1 
vn 0 0 1 
vn 0 0 1 
vn -1 0 0 
vn -1 0 0 
vn -1 0 0 
vn -1 0 0 
vn -1 0 0 
vn -1 0 0 
vn -1 0 0 
vn -1 0 0 
vn 0 -1 0 
vn 0 -1 0 
vn 0 -1 0 
vn 0 -1 0 
vn 0 -1 0 
vn 0 -1 0 
vn 0 -1 0 
vn 0 -1 0 
vn 0 0 -1 
vn 0 0 -1 
vn 0 0 -1 
vn 0 0 -1 
vn 0 0 -1 
vn 0 0 -1 
vn 0 0 -1 
vn 0 0 -1 

vt 16.133 -38.9839 
vt 15.867 -39.0161 
vt 16.133 -39.0161 
vt 15.867 -38.9839 
vt 16.133 -38.9839 
vt 15.867 -39.0161 
vt 16.133 -39.0161 
vt 15.867 -38.9839 
vt 16.0884 -38.867 
vt 16.0884 -39.133 
vt 16.2321 -39.133 
vt 16.2321 -38.867 
vt 15.7679 -38.867 
vt 15.9116 -39.133 
vt 15.9116 -38.867 
vt 15.7679 -39.133 
vt 15.9116 -38.9839 
vt 15.7679 -39.0161 
vt 15.9116 -39.0161 
vt 15.7679 -38.9839 
vt 16.2321 -38.9839 
vt 16.0884 -38.9839 
vt 16.0884 -39.0161 
vt 16.2321 -39.0161 
vt 16.133 -38.9839 
vt 15.867 -39.0161 
vt 16.133 -39.0161 
vt 15.867 -38.9839 
vt 16.133 -38.9839 
vt 15.867 -38.9839 
vt 15.867 -39.0161 
vt 16.133 -39.0161 
vt 15.9116 -39.133 
vt 15.9116 -38.867 
vt 15.7679 -39.133 
vt 15.7679 -38.867 
vt 16.0884 -38.867 
vt 16.0884 -39.133 
vt 16.2321 -39.133 
vt 16.2321 -38.867 
vt 16.2321 -38.9839 
vt 16.0884 -39.0161 
vt 16.2321 -39.0161 
vt 16.0884 -38.9839 
vt 15.9116 -38.9839 
vt 15.7679 -39.0161 
vt 15.9116 -39.0161 
vt 15.7679 -38.9839 

usemtl Cube0051Mtl

f 3168/3168/3168 3169/3169/3169 3170/3170/3170 
f 3169/3169/3169 3168/3168/3168 3171/3171/3171 
f 3164/3164/3164 3165/3165/3165 3166/3166/3166 
f 3165/3165/3165 3164/3164/3164 3167/3167/3167 
f 3172/3172/3172 3173/3173/3173 3174/3174/3174 
f 3172/3172/3172 3174/3174/3174 3175/3175/3175 
f 3176/3176/3176 3177/3177/3177 3178/3178/3178 
f 3176/3176/3176 3179/3179/3179 3177/3177/3177 
f 3184/3184/3184 3185/3185/3185 3186/3186/3186 
f 3184/3184/3184 3186/3186/3186 3187/3187/3187 
f 3180/3180/3180 3181/3181/3181 3182/3182/3182 
f 3181/3181/3181 3180/3180/3180 3183/3183/3183 
f 3188/3188/3188 3189/3189/3189 3190/3190/3190 
f 3188/3188/3188 3191/3191/3191 3189/3189/3189 
f 3192/3192/3192 3193/3193/3193 3194/3194/3194 
f 3192/3192/3192 3194/3194/3194 3195/3195/3195 
f 3196/3196/3196 3197/3197/3197 3198/3198/3198 
f 3199/3199/3199 3198/3198/3198 3197/3197/3197 
f 3200/3200/3200 3201/3201/3201 3202/3202/3202 
f 3200/3200/3200 3202/3202/3202 3203/3203/3203 
f 3204/3204/3204 3205/3205/3205 3206/3206/3206 
f 3204/3204/3204 3207/3207/3207 3205/3205/3205 
f 3208/3208/3208 3209/3209/3209 3210/3210/3210 
f 3208/3208/3208 3211/3211/3211 3209/3209/3209 

g Cube0061

v -1.6358 5.23786 -0.240733 
v -1.6358 3.67051 -0.240733 
v -1.6358 3.67051 0.429611 
v -1.6358 5.23786 -0.240733 
v -0.965452 3.67051 -0.240733 
v -1.6358 3.67051 -0.240733 
v -0.965452 5.23786 -0.240733 
v -0.965452 3.67051 0.429611 
v -1.6358 3.67051 -0.240733 
v -0.965452 3.67051 -0.240733 
v -0.965452 5.23786 -0.240733 
v -0.965452 3.67051 0.429611 
v -0.965452 3.67051 -0.240733 
v -0.886964 4.67934 0.495324 
v -1.71428 4.67934 -0.331996 
v -0.886964 4.67934 -0.331996 
v -0.965452 5.23786 0.429611 
v -1.71428 4.67934 0.495324 
v -1.6358 5.23786 0.429611 
v -1.6358 3.67051 0.429611 
v -0.965452 5.23786 0.429611 
v -1.6358 3.67051 0.429611 
v -0.965452 3.67051 0.429611 
v -1.6358 5.23786 0.429611 
v -1.71428 5.81737 0.495324 
v -1.71428 4.67934 -0.331996 
v -1.71428 4.67934 0.495324 
v -1.71428 5.81737 -0.331996 
v -0.886964 4.67934 -0.331996 
v -1.71428 4.67934 -0.331996 
v -1.71428 5.81737 -0.331996 
v -0.886964 5.81737 -0.331996 
v -1.71428 5.81737 -0.331996 
v -1.71428 5.81737 0.495324 
v -0.886964 5.81737 -0.331996 
v -0.886964 5.81737 0.495324 
v -0.886964 4.67934 -0.331996 
v -0.886964 5.81737 -0.331996 
v -1.6358 5.23786 -0.240733 
v -0.965452 5.23786 0.429611 
v -0.965452 5.23786 -0.240733 
v -1.71428 5.81737 0.495324 
v -1.71428 4.67934 0.495324 
v -0.886964 4.67934 0.495324 
v -1.6358 5.23786 0.429611 
v -0.886964 5.81737 0.495324 
v -0.886964 4.67934 0.495324 
v -0.886964 5.81737 0.495324 
v 0.849841 5.81737 0.495324 
v 0.849841 4.67934 -0.331996 
v 0.849841 4.67934 0.495324 
v 0.928329 5.23786 -0.240733 
v 0.928329 3.67051 -0.240733 
v 0.928329 3.67051 0.429611 
v 0.928329 5.23786 -0.240733 
v 1.59867 3.67051 -0.240733 
v 0.928329 3.67051 -0.240733 
v 1.59867 3.67051 -0.240733 
v 0.928329 3.67051 0.429611 
v 0.928329 3.67051 -0.240733 
v 1.67716 4.67934 0.495324 
v 0.849841 4.67934 -0.331996 
v 1.67716 4.67934 -0.331996 
v 1.59867 5.23786 -0.240733 
v 1.59867 3.67051 -0.240733 
v 1.59867 5.23786 0.429611 
v 1.59867 3.67051 0.429611 
v 0.849841 4.67934 0.495324 
v 0.928329 5.23786 0.429611 
v 1.59867 3.67051 0.429611 
v 0.928329 5.23786 0.429611 
v 0.928329 3.67051 0.429611 
v 1.59867 3.67051 0.429611 
v 1.59867 5.23786 0.429611 
v 1.59867 5.23786 -0.240733 
v 0.849841 5.81737 -0.331996 
v 1.67716 5.81737 -0.331996 
v 0.849841 4.67934 -0.331996 
v 0.849841 5.81737 -0.331996 
v 1.67716 4.67934 -0.331996 
v 1.67716 5.81737 -0.331996 
v 1.67716 4.67934 0.495324 
v 1.67716 4.67934 -0.331996 
v 1.67716 5.81737 -0.331996 
v 0.849841 5.81737 -0.331996 
v 1.67716 5.81737 0.495324 
v 1.59867 5.23786 -0.240733 
v 0.928329 5.23786 -0.240733 
v 0.928329 5.23786 0.429611 
v 0.849841 5.81737 0.495324 
v 0.849841 4.67934 0.495324 
v 1.67716 5.81737 0.495324 
v 0.849841 5.81737 0.495324 
v 1.59867 5.23786 0.429611 
v 1.67716 4.67934 0.495324 
v 1.67716 5.81737 0.495324 

vn -1 0 0 
vn -1 0 0 
vn -1 0 0 
vn 0 0 -1 
vn 0 0 -1 
vn 0 0 -1 
vn 0 0 -1 
vn 0 -1 0 
vn 0 -1 0 
vn 0 -1 0 
vn 1 0 0 
vn 1 0 0 
vn 1 0 0 
vn 0 -1 0 
vn 0 -1 0 
vn 0 -1 0 
vn 1 0 0 
vn 0 -1 0 
vn -1 0 0 
vn 0 -1 0 
vn 0 0 1 
vn 0 0 1 
vn 0 0 1 
vn 0 0 1 
vn -1 0 0 
vn -1 0 0 
vn -1 0 0 
vn 0 0 -1 
vn 0 0 -1 
vn 0 0 -1 
vn -1 0 0 
vn 0 1 0 
vn 0 1 0 
vn 0 1 0 
vn 0 0 -1 
vn 1 0 0 
vn 1 0 0 
vn 1 0 0 
vn 0 1 0 
vn 0 1 0 
vn 0 1 0 
vn 0 0 1 
vn 0 0 1 
vn 0 0 1 
vn 0 1 0 
vn 0 1 0 
vn 1 0 0 
vn 0 0 1 
vn -1 0 0 
vn -1 0 0 
vn -1 0 0 
vn -1 0 0 
vn -1 0 0 
vn -1 0 0 
vn 0 0 -1 
vn 0 0 -1 
vn 0 0 -1 
vn 0 -1 0 
vn 0 -1 0 
vn 0 -1 0 
vn 0 -1 0 
vn 0 -1 0 
vn 0 -1 0 
vn 0 0 -1 
vn 1 0 0 
vn 1 0 0 
vn 1 0 0 
vn 0 -1 0 
vn -1 0 0 
vn 0 0 1 
vn 0 0 1 
vn 0 0 1 
vn 0 -1 0 
vn 0 0 1 
vn 1 0 0 
vn -1 0 0 
vn 0 0 -1 
vn 0 0 -1 
vn 0 0 -1 
vn 0 0 -1 
vn 1 0 0 
vn 1 0 0 
vn 1 0 0 
vn 0 1 0 
vn 0 1 0 
vn 0 1 0 
vn 0 1 0 
vn 0 1 0 
vn 0 1 0 
vn 0 0 1 
vn 0 0 1 
vn 0 0 1 
vn 0 1 0 
vn 0 1 0 
vn 0 0 1 
vn 1 0 0 

vt 0.00428883 0.625268 
vt 0.00428883 0.319067 
vt 0.135249 0.319067 
vt 0.143826 0.625268 
vt 0.274786 0.319067 
vt 0.143826 0.319067 
vt 0.274786 0.625268 
vt 0.414324 0.864751 
vt 0.283364 0.995711 
vt 0.414324 0.995711 
vt 0.143826 0.31049 
vt 0.274786 0.00428885 
vt 0.143826 0.00428885 
vt 0.894271 0.4661 
vt 0.732644 0.627727 
vt 0.894271 0.627727 
vt 0.274786 0.31049 
vt 0.732644 0.4661 
vt 0.135249 0.625268 
vt 0.283364 0.864751 
vt 0.135249 0.31049 
vt 0.00428885 0.00428885 
vt 0.135249 0.00428885 
vt 0.00428885 0.31049 
vt 0.165916 0.856174 
vt 0.00428886 0.633846 
vt 0.165916 0.633846 
vt 0.562439 0.457522 
vt 0.724066 0.235194 
vt 0.562439 0.235194 
vt 0.00428886 0.856174 
vt 0.894271 0.797931 
vt 0.732644 0.797931 
vt 0.732644 0.636304 
vt 0.724066 0.457522 
vt 0.506325 0.856174 
vt 0.344698 0.633846 
vt 0.344698 0.856174 
vt 0.422901 0.995711 
vt 0.553861 0.864751 
vt 0.553861 0.995711 
vt 0.562439 0.688427 
vt 0.562439 0.4661 
vt 0.724066 0.4661 
vt 0.422901 0.864751 
vt 0.894271 0.636304 
vt 0.506325 0.633846 
vt 0.724066 0.688427 
vt 0.336121 0.856174 
vt 0.174494 0.633846 
vt 0.336121 0.633846 
vt 0.283364 0.31049 
vt 0.283364 0.00428885 
vt 0.414324 0.00428885 
vt 0.283364 0.625268 
vt 0.414324 0.319067 
vt 0.283364 0.319067 
vt 0.135249 0.995711 
vt 0.00428883 0.864751 
vt 0.00428883 0.995711 
vt 0.894271 0.806509 
vt 0.732644 0.968136 
vt 0.894271 0.968136 
vt 0.414324 0.625268 
vt 0.422902 0.00428885 
vt 0.553861 0.31049 
vt 0.553861 0.00428885 
vt 0.732644 0.806509 
vt 0.414324 0.31049 
vt 0.553861 0.319067 
vt 0.422902 0.625268 
vt 0.422902 0.319067 
vt 0.135249 0.864751 
vt 0.553861 0.625268 
vt 0.422902 0.31049 
vt 0.174494 0.856174 
vt 0.894271 0.226617 
vt 0.732644 0.00428885 
vt 0.732644 0.226617 
vt 0.894271 0.00428885 
vt 0.562439 0.226617 
vt 0.724066 0.00428885 
vt 0.562439 0.00428885 
vt 0.562439 0.697005 
vt 0.724066 0.697005 
vt 0.562439 0.858632 
vt 0.274786 0.995711 
vt 0.143826 0.995711 
vt 0.143826 0.864751 
vt 0.732644 0.457522 
vt 0.732644 0.235194 
vt 0.894271 0.457522 
vt 0.724066 0.858632 
vt 0.274786 0.864751 
vt 0.894271 0.235194 
vt 0.724066 0.226617 

usemtl Cube0061Mtl

f 3236/3236/3236 3237/3237/3237 3238/3238/3238 
f 3237/3237/3237 3236/3236/3236 3242/3242/3242 
f 3292/3292/3292 3293/3293/3293 3294/3294/3294 
f 3293/3293/3293 3292/3292/3292 3307/3307/3307 
f 3212/3212/3212 3213/3213/3213 3214/3214/3214 
f 3214/3214/3214 3230/3230/3230 3212/3212/3212 
f 3276/3276/3276 3277/3277/3277 3278/3278/3278 
f 3277/3277/3277 3276/3276/3276 3286/3286/3286 
f 3219/3219/3219 3220/3220/3220 3221/3221/3221 
f 3220/3220/3220 3219/3219/3219 3231/3231/3231 
f 3269/3269/3269 3270/3270/3270 3271/3271/3271 
f 3270/3270/3270 3269/3269/3269 3284/3284/3284 
f 3243/3243/3243 3244/3244/3244 3245/3245/3245 
f 3257/3257/3257 3243/3243/3243 3245/3245/3245 
f 3295/3295/3295 3296/3296/3296 3297/3297/3297 
f 3297/3297/3297 3296/3296/3296 3304/3304/3304 
f 3239/3239/3239 3240/3240/3240 3241/3241/3241 
f 3239/3239/3239 3246/3246/3246 3240/3240/3240 
f 3288/3288/3288 3289/3289/3289 3290/3290/3290 
f 3289/3289/3289 3288/3288/3288 3291/3291/3291 
f 3253/3253/3253 3254/3254/3254 3255/3255/3255 
f 3259/3259/3259 3253/3253/3253 3255/3255/3255 
f 3301/3301/3301 3302/3302/3302 3303/3303/3303 
f 3303/3303/3303 3302/3302/3302 3306/3306/3306 
f 3250/3250/3250 3251/3251/3251 3252/3252/3252 
f 3251/3251/3251 3250/3250/3250 3256/3256/3256 
f 3298/3298/3298 3299/3299/3299 3300/3300/3300 
f 3305/3305/3305 3298/3298/3298 3300/3300/3300 
f 3232/3232/3232 3233/3233/3233 3234/3234/3234 
f 3235/3235/3235 3233/3233/3233 3232/3232/3232 
f 3281/3281/3281 3282/3282/3282 3283/3283/3283 
f 3282/3282/3282 3281/3281/3281 3285/3285/3285 
f 3215/3215/3215 3216/3216/3216 3217/3217/3217 
f 3218/3218/3218 3216/3216/3216 3215/3215/3215 
f 3266/3266/3266 3267/3267/3267 3268/3268/3268 
f 3275/3275/3275 3267/3267/3267 3266/3266/3266 
f 3225/3225/3225 3226/3226/3226 3227/3227/3227 
f 3226/3226/3226 3225/3225/3225 3229/3229/3229 
f 3272/3272/3272 3273/3273/3273 3274/3274/3274 
f 3273/3273/3273 3272/3272/3272 3279/3279/3279 
f 3247/3247/3247 3248/3248/3248 3249/3249/3249 
f 3248/3248/3248 3247/3247/3247 3258/3258/3258 
f 3260/3260/3260 3261/3261/3261 3262/3262/3262 
f 3260/3260/3260 3287/3287/3287 3261/3261/3261 
f 3222/3222/3222 3223/3223/3223 3224/3224/3224 
f 3228/3228/3228 3223/3223/3223 3222/3222/3222 
f 3263/3263/3263 3264/3264/3264 3265/3265/3265 
f 3265/3265/3265 3280/3280/3280 3263/3263/3263 

g Cube0071

v 0.675416 6.87876 -2.7902 
v 0.675416 7.13486 -1.98003 
v 0.675416 6.87876 -1.98003 
v 0.675416 7.13486 -2.7902 
v 0.675416 7.13486 -1.98003 
v -0.71254 7.13486 -2.7902 
v -0.71254 7.13486 -1.98003 
v 0.675416 7.13486 -2.7902 
v 0.675416 6.87876 -1.98003 
v -0.71254 7.13486 -1.98003 
v -0.71254 6.87876 -1.98003 
v 0.675416 7.13486 -1.98003 
v -0.71254 6.87876 -1.98003 
v -0.71254 7.13486 -2.7902 
v -0.71254 6.87876 -2.7902 
v -0.71254 7.13486 -1.98003 
v 0.675416 7.13486 -2.7902 
v -0.71254 6.87876 -2.7902 
v -0.71254 7.13486 -2.7902 
v 0.675416 6.87876 -2.7902 

vn 1 0 0 
vn 1 0 0 
vn 1 0 0 
vn 1 0 0 
vn 0 1 0 
vn 0 1 0 
vn 0 1 0 
vn 0 1 0 
vn 0 0 1 
vn 0 0 1 
vn 0 0 1 
vn 0 0 1 
vn -1 0 0 
vn -1 0 0 
vn -1 0 0 
vn -1 0 0 
vn 0 0 -1 
vn 0 0 -1 
vn 0 0 -1 
vn 0 0 -1 

vt 42.0506 -41.016 
vt 41.9494 -40.984 
vt 41.9494 -41.016 
vt 42.0506 -40.984 
vt 41.9133 -40.9494 
vt 42.0867 -41.0506 
vt 42.0867 -40.9494 
vt 41.9133 -41.0506 
vt 42.0867 -41.016 
vt 41.9133 -40.984 
vt 41.9133 -41.016 
vt 42.0867 -40.984 
vt 42.0506 -41.016 
vt 41.9494 -40.984 
vt 41.9494 -41.016 
vt 42.0506 -40.984 
vt 41.9133 -40.984 
vt 42.0867 -41.016 
vt 42.0867 -40.984 
vt 41.9133 -41.016 

usemtl Cube0071Mtl

f 3308/3308/3308 3309/3309/3309 3310/3310/3310 
f 3309/3309/3309 3308/3308/3308 3311/3311/3311 
f 3312/3312/3312 3313/3313/3313 3314/3314/3314 
f 3313/3313/3313 3312/3312/3312 3315/3315/3315 
f 3316/3316/3316 3317/3317/3317 3318/3318/3318 
f 3317/3317/3317 3316/3316/3316 3319/3319/3319 
f 3320/3320/3320 3321/3321/3321 3322/3322/3322 
f 3321/3321/3321 3320/3320/3320 3323/3323/3323 
f 3324/3324/3324 3325/3325/3325 3326/3326/3326 
f 3325/3325/3325 3324/3324/3324 3327/3327/3327 

g Sphere0041

v 0.836432 5.4654 -1.84717 
v 0.836432 5.1234 -1.50517 
v 0.836432 5.1234 -1.84717 
v 0.836432 4.7814 -1.16318 
v 0.836432 4.7814 -1.50517 
v 0.836432 5.8074 -2.18917 
v 0.836432 5.4654 -2.18917 
v 0.836432 5.8074 -1.84717 
v 0.836432 5.4654 -1.50517 
v 0.836432 5.1234 -1.16318 
v 1.17843 5.1234 -1.16318 
v 1.17843 4.7814 -0.821179 
v 1.17843 4.7814 -1.16318 
v 1.17843 6.14939 -2.18917 
v 1.17843 5.8074 -1.84717 
v 1.17843 5.8074 -2.18917 
v 1.17843 6.14939 -1.84717 
v 1.17843 5.1234 -0.821179 
v 0.836432 5.1234 1.2308 
v 0.836432 4.7814 1.5728 
v 0.836432 4.7814 1.2308 
v 0.836432 5.1234 1.5728 
v 0.836432 5.4654 1.5728 
v 0.836432 5.1234 1.9148 
v 0.836432 5.4654 1.9148 
v 0.836432 5.8074 1.9148 
v 0.836432 5.4654 2.2568 
v 1.17843 5.1234 0.888807 
v 1.17843 4.7814 1.2308 
v 1.17843 4.7814 0.888807 
v 1.17843 5.1234 1.2308 
v 0.836432 5.8074 2.2568 
v 1.17843 6.14939 1.9148 
v 1.17843 5.8074 2.2568 
v 1.17843 5.8074 1.9148 
v 1.17843 6.14939 2.2568 
v -0.553718 7.40104 -1.88209 
v -0.553718 7.28656 -2.12541 
v -0.553718 7.40104 -2.12541 
v -0.553718 7.28656 -1.88209 
v 1.37462 8.20138 -2.18917 
v 1.37462 7.85938 -1.84717 
v 1.37462 7.85066 -2.18917 
v 1.16955 8.75272 -2.18917 
v 1.16955 8.20138 -1.84717 
v 1.16955 8.20138 -2.18917 
v 1.49653 7.40104 -1.88209 
v 1.49653 7.28656 -2.12541 
v 1.49653 7.40104 -2.12541 
v 1.51979 7.28756 -1.88964 
v 1.5198 7.07301 -2.18917 
v 1.51974 7.29046 -2.18917 
v 1.5198 7.07282 -1.84717 
v 1.49653 7.28656 -1.88209 
v 1.52043 7.85938 -1.84717 
v 1.5198 7.69738 -2.18917 
v 1.52043 7.85938 -2.18917 
v 1.52043 6.69267 -1.84717 
v 1.52043 6.14939 -1.84717 
v 1.52043 6.14939 -2.18917 
v 1.17843 8.20138 1.9148 
v 1.17843 7.85938 2.2568 
v 1.17843 7.85938 1.9148 
v 0.836432 8.54337 1.9148 
v 0.836432 8.20138 2.2568 
v 0.836432 8.20138 1.9148 
v 0.836432 8.54337 2.2568 
v 1.16955 8.75272 -1.84717 
v 1.17843 8.20138 2.2568 
v 1.5198 7.62008 -1.84717 
v 1.51979 7.62184 -1.88964 
v 1.5198 7.68838 -1.84717 
v 1.37462 8.20138 -1.84717 
v 1.52043 5.1234 -0.821179 
v 1.52043 4.7814 0.888807 
v 1.52043 4.7814 -0.821179 
v 2.20442 6.14939 -1.16318 
v 2.20442 6.14939 -1.50517 
v 2.20442 6.32039 -1.50517 
v 2.20442 5.8074 -1.16318 
v 2.20442 5.8074 -0.821179 
v 1.52043 6.69267 -2.18917 
v 1.86242 7.85938 -1.84717 
v 1.86242 6.14939 -1.50517 
v 1.86242 6.14939 -1.84717 
v 2.20442 6.32039 -0.479182 
v 2.20442 5.4654 -0.821179 
v 2.20442 6.32039 -1.50517 
v 2.20442 6.49139 -0.479182 
v 2.20442 6.32039 -0.479182 
v 2.20442 7.2892 -0.821179 
v 1.86242 5.4654 -0.821179 
v 1.86242 5.4654 0.888807 
v 1.86242 5.1234 -0.821179 
v 1.52043 5.1234 0.888807 
v 1.86242 5.1234 0.888807 
v 2.20442 5.4654 0.888807 
v 1.52043 7.85938 1.9148 
v 1.52043 6.14939 2.2568 
v 1.52043 6.14939 1.9148 
v 2.20442 6.49139 0.54681 
v 2.20442 5.8074 0.888807 
v 2.20442 5.8074 1.2308 
v 2.20442 6.14939 1.2308 
v 2.20442 7.85938 1.2308 
v 2.20442 6.14939 1.5728 
v 1.86242 7.85938 1.9148 
v 1.86242 6.14939 1.9148 
v 1.86242 6.14939 1.5728 
v 1.86242 7.85938 -1.50517 
v 2.20442 7.2892 -1.50517 
v 2.20442 7.85938 -1.16318 
v 2.20442 7.2892 -0.821179 
v 2.20442 7.2892 -1.50517 
v 2.20442 7.85938 -1.50517 
v 2.20442 8.20138 -0.821179 
v 2.20442 8.20138 -1.16318 
v 2.20442 7.51738 -0.479182 
v 2.20442 8.20138 0.888807 
v 2.20442 8.54337 0.888807 
v 2.20442 8.54337 -0.821179 
v 1.86242 7.85938 1.5728 
v 1.52043 7.85938 2.2568 
v 2.20442 7.51738 0.54681 
v 2.20442 7.85938 1.5728 
v 2.20442 8.20138 1.2308 
v -1.89955 7.85938 -1.16318 
v -2.24154 7.85938 -1.50517 
v -2.24154 7.85938 -1.16318 
v -1.89955 7.85938 -1.50517 
v -1.55755 7.85938 -1.50517 
v -1.89955 7.85938 -1.84717 
v -1.55755 7.85938 -1.84717 
v -1.41175 7.85938 -1.84717 
v -1.41175 7.85066 -2.18917 
v -1.55755 7.85938 -2.18917 
v -1.55755 7.85938 -1.84717 
v -1.89955 7.85938 1.2308 
v -2.24154 7.85938 1.2308 
v -1.89955 7.85938 1.5728 
v -2.24154 7.85938 1.5728 
v -1.55755 7.85938 1.9148 
v -1.89955 7.85938 1.9148 
v -1.55755 7.85938 1.5728 
v -1.21555 7.85938 2.2568 
v -1.55755 7.85938 2.2568 
v -1.21555 7.85938 1.9148 
v -1.89955 8.20138 -0.821179 
v -2.24154 8.20138 -1.16318 
v -2.24154 8.20138 -0.821179 
v -1.89955 8.20138 -1.16318 
v -2.24154 8.54337 0.888807 
v -1.89955 8.54337 -0.821179 
v -2.24154 8.54337 -0.821179 
v -1.89955 8.54337 0.888807 
v -1.19948 8.54337 -0.821179 
v -1.20667 8.20138 -1.84717 
v -1.41175 8.20138 -2.18917 
v -1.41175 8.20138 -1.84717 
v -1.20667 8.20138 -2.18917 
v -1.19948 8.54337 0.888807 
v -1.89955 8.20138 1.2308 
v -2.24154 8.20138 0.888807 
v -2.24154 8.20138 1.2308 
v -1.89955 8.20138 0.888807 
v -0.873556 8.20138 2.2568 
v -1.21555 8.20138 1.9148 
v -1.21555 8.20138 2.2568 
v -0.873556 8.20138 1.9148 
v -0.189561 8.54337 2.2568 
v -0.873556 8.54337 1.9148 
v -0.873555 8.54337 2.2568 
v 0.836432 8.54337 1.9148 
v 1.37462 7.85938 -1.84717 
v 1.52043 7.85938 -2.18917 
v 1.37462 7.85066 -2.18917 
v 1.52043 7.85938 -1.84717 
v 1.52043 7.85938 -1.50517 
v 1.86242 7.85938 -1.84717 
v 1.52043 7.85938 -1.84717 
v 1.86242 7.85938 -1.50517 
v 1.86242 7.85938 -1.16318 
v 2.20442 7.85938 -1.50517 
v 2.20442 7.85938 -1.16318 
v 1.86242 7.85938 1.5728 
v 2.20442 7.85938 1.2308 
v 1.86242 7.85938 1.2308 
v 1.17843 7.85938 2.2568 
v 1.52043 7.85938 1.9148 
v 1.17843 7.85938 1.9148 
v 1.52043 7.85938 2.2568 
v 1.52043 7.85938 1.5728 
v 1.86242 7.85938 1.9148 
v 2.20442 7.85938 1.5728 
v 0.836432 8.20138 2.2568 
v 1.17843 8.20138 1.9148 
v 0.836432 8.20138 1.9148 
v 1.16955 8.20138 -1.84717 
v 1.37462 8.20138 -2.18917 
v 1.16955 8.20138 -2.18917 
v 1.37462 8.20138 -1.84717 
v 1.86242 8.54337 0.888807 
v 1.86242 8.54337 -0.821179 
v 1.16236 8.54337 -0.821179 
v 1.86242 8.20138 -0.821179 
v 2.20442 8.20138 -1.16318 
v 1.86242 8.20138 -1.16318 
v 2.20442 8.20138 -0.821179 
v 2.20442 8.54337 -0.821179 
v 2.20442 8.54337 0.888807 
v 1.17843 8.20138 2.2568 
v 0.836432 8.54337 2.2568 
v 1.16236 8.54337 0.888807 
v 1.86242 8.20138 1.2308 
v 2.20442 8.20138 0.888807 
v 1.86242 8.20138 0.888807 
v 2.20442 8.20138 1.2308 
v -1.55755 5.4654 0.888807 
v -1.89955 5.1234 0.888807 
v -1.55755 5.1234 0.888807 
v -1.89955 5.4654 0.888807 
v -1.89955 5.8074 0.888807 
v -2.24154 5.4654 0.888807 
v -2.24154 5.8074 0.888807 
v -1.21555 5.1234 0.888807 
v -1.55755 4.7814 0.888807 
v -1.21555 4.7814 0.888807 
v -0.873556 5.1234 1.2308 
v -1.21555 4.7814 1.2308 
v -0.873556 4.7814 1.2308 
v -1.21555 5.1234 1.2308 
v -1.89955 6.14939 1.2308 
v -2.24154 5.8074 1.2308 
v -1.89955 5.8074 1.2308 
v -2.24154 6.14939 1.2308 
v -0.873556 5.8074 2.2568 
v -1.21555 6.14939 2.2568 
v -1.21555 5.8074 2.2568 
v -1.55755 7.51738 2.2568 
v -1.55755 6.14939 2.2568 
v -1.89955 7.85938 1.5728 
v -2.24154 6.14939 1.5728 
v -1.89955 6.14939 1.5728 
v -0.531559 6.49139 2.2568 
v -0.873556 4.7814 1.5728 
v 0.836432 4.7814 1.5728 
v -0.873556 5.1234 1.5728 
v -0.873556 5.1234 1.9148 
v 0.836432 5.1234 1.9148 
v -0.873556 5.4654 1.9148 
v 0.836432 5.4654 2.2568 
v -0.873556 5.4654 2.2568 
v -1.55755 7.85938 1.9148 
v -1.89955 6.14939 1.9148 
v -1.55755 6.14939 1.9148 
v -1.89955 8.20138 1.2308 
v -2.24154 8.20138 1.2308 
v -2.24154 7.85938 1.2308 
v -2.24154 7.85938 1.5728 
v -1.89955 8.54337 0.888807 
v -2.24154 8.20138 0.888807 
v -1.89955 8.20138 0.888807 
v -2.24154 8.54337 0.888807 
v -1.89955 7.85938 1.2308 
v -0.873556 7.51738 2.2568 
v -1.89955 7.85938 1.9148 
v -1.21555 7.85938 2.2568 
v -1.55755 7.51738 2.2568 
v -0.873556 7.51738 2.2568 
v -1.55755 7.85938 2.2568 
v -0.873556 8.20138 2.2568 
v -1.21555 8.20138 2.2568 
v -0.531559 7.51738 2.2568 
v -0.189561 7.85938 2.2568 
v -0.189561 8.54337 2.2568 
v -0.873555 8.54337 2.2568 
v 0.836432 5.8074 2.2568 
v 1.52043 4.7814 0.888807 
v 1.17843 5.1234 0.888807 
v 1.17843 4.7814 0.888807 
v 1.17843 4.7814 1.2308 
v 0.836432 5.1234 1.2308 
v 0.836432 4.7814 1.2308 
v 1.17843 5.1234 1.2308 
v 1.52043 5.1234 0.888807 
v 1.86242 5.1234 0.888807 
v 1.52043 5.4654 0.888807 
v 1.86242 5.4654 0.888807 
v 2.20442 5.4654 0.888807 
v 1.86242 5.8074 0.888807 
v 2.20442 5.8074 0.888807 
v 2.20442 5.8074 1.2308 
v 1.86242 6.14939 1.2308 
v 1.86242 5.8074 1.2308 
v 0.836432 5.1234 1.5728 
v 0.836432 5.4654 1.9148 
v 0.494435 6.49139 2.2568 
v 1.17843 6.14939 2.2568 
v 1.17843 5.8074 2.2568 
v 2.20442 6.14939 1.2308 
v 1.52043 7.85938 2.2568 
v 1.52043 6.14939 2.2568 
v 1.86242 6.14939 1.9148 
v 1.52043 7.85938 1.9148 
v 1.52043 6.14939 1.9148 
v 1.86242 7.85938 1.9148 
v 2.20442 7.85938 1.2308 
v 1.86242 8.20138 1.2308 
v 1.86242 7.85938 1.2308 
v 2.20442 8.20138 0.888807 
v 1.86242 8.54337 0.888807 
v 1.86242 8.20138 0.888807 
v 2.20442 6.14939 1.5728 
v 1.86242 7.85938 1.5728 
v 1.86242 6.14939 1.5728 
v 2.20442 7.85938 1.5728 
v 2.20442 8.20138 1.2308 
v 2.20442 8.54337 0.888807 
v 1.17843 7.85938 2.2568 
v 0.836432 8.20138 2.2568 
v -0.189561 7.85938 2.2568 
v 0.494435 7.51738 2.2568 
v -0.189561 8.54337 2.2568 
v 0.836432 8.54337 2.2568 
v 1.17843 8.20138 2.2568 
v -2.24154 6.14939 -1.50517 
v -2.24154 6.14939 -1.16318 
v -2.24154 6.32039 -1.50517 
v -2.24154 5.8074 -1.16318 
v -2.24154 5.8074 -0.821179 
v -2.24154 6.32039 -0.479182 
v -2.24154 6.32039 -1.50517 
v -2.24154 6.49139 -0.479182 
v -2.24154 7.2892 -0.821179 
v -1.55755 6.69267 -1.84717 
v -1.55755 6.14939 -2.18917 
v -1.55755 6.14939 -1.84717 
v -2.24154 5.4654 -0.821179 
v -2.24154 6.32039 -0.479182 
v -1.55755 6.69267 -2.18917 
v -1.55755 4.7814 -0.821179 
v -1.55755 4.7814 0.888807 
v -1.55755 5.1234 -0.821179 
v -2.24154 5.4654 0.888807 
v -2.24154 5.8074 0.888807 
v -2.24154 6.14939 1.2308 
v -2.24154 6.49139 0.54681 
v -2.24154 5.8074 1.2308 
v -1.89955 5.1234 0.888807 
v -1.89955 5.4654 -0.821179 
v -1.89955 5.1234 -0.821179 
v -1.55755 5.1234 0.888807 
v -1.89955 5.4654 0.888807 
v -2.24154 7.85938 1.5728 
v -2.24154 6.14939 1.5728 
v -1.89955 7.85938 -1.50517 
v -1.89955 6.14939 -1.84717 
v -1.89955 6.14939 -1.50517 
v -2.24154 7.2892 -1.50517 
v -2.24154 7.2892 -1.50517 
v -2.24154 7.2892 -0.821179 
v -2.24154 7.85938 -1.16318 
v -2.24154 7.85938 -1.50517 
v -2.24154 8.20138 -0.821179 
v -2.24154 8.20138 -1.16318 
v -2.24154 7.51738 -0.479182 
v -1.89955 7.85938 -1.84717 
v -2.24154 8.20138 0.888807 
v -2.24154 8.54337 -0.821179 
v -2.24154 8.54337 0.888807 
v -2.24154 7.85938 1.2308 
v -2.24154 7.51738 0.54681 
v -2.24154 8.20138 1.2308 
v -1.89955 7.85938 1.5728 
v -1.89955 6.14939 1.5728 
v -1.89955 6.14939 1.9148 
v -1.89955 7.85938 1.9148 
v -1.55755 7.51738 2.2568 
v -1.55755 6.14939 1.9148 
v -1.55755 6.14939 2.2568 
v -0.873556 5.8074 -2.18917 
v -0.873556 5.4654 -2.18917 
v -0.873556 5.4654 -1.84717 
v -1.21555 5.1234 -1.16318 
v -1.21555 4.7814 -1.16318 
v -1.21555 4.7814 -0.821179 
v -1.21555 6.14939 -2.18917 
v -1.21555 5.8074 -2.18917 
v -1.21555 5.8074 -1.84717 
v -1.21555 6.14939 -1.84717 
v -0.873556 5.8074 -1.84717 
v -0.873556 5.1234 -1.50517 
v -0.873556 4.7814 -1.50517 
v -0.873556 4.7814 -1.16318 
v -0.873556 5.1234 -1.16318 
v -0.873556 5.1234 -1.84717 
v -0.873556 5.4654 -1.50517 
v -1.21555 5.1234 -0.821179 
v -1.21555 5.1234 0.888807 
v -1.21555 4.7814 0.888807 
v -1.21555 4.7814 1.2308 
v -0.873556 5.1234 1.2308 
v -0.873556 4.7814 1.2308 
v -0.873556 4.7814 1.5728 
v -1.21555 5.1234 1.2308 
v -1.21555 6.14939 1.9148 
v -1.21555 5.8074 1.9148 
v -1.21555 5.8074 2.2568 
v -0.873556 5.1234 1.5728 
v -0.873556 5.4654 1.5728 
v -0.873556 5.1234 1.9148 
v -0.873556 5.4654 1.9148 
v -0.873556 5.8074 1.9148 
v -0.873556 5.4654 2.2568 
v -0.873556 5.8074 2.2568 
v -1.21555 6.14939 2.2568 
v -1.55692 7.07301 -2.18917 
v -1.55691 7.28756 -1.88964 
v -1.55687 7.29046 -2.18917 
v -1.55692 7.07282 -1.84717 
v -1.55755 7.85938 -1.84717 
v -1.55692 7.69738 -2.18917 
v -1.55692 7.68838 -1.84717 
v -1.55755 7.85938 -2.18917 
v -1.41175 8.20138 -2.18917 
v -1.41175 7.85066 -2.18917 
v -1.41175 7.85938 -1.84717 
v 1.38253 7.15831 -2.18917 
v 1.38253 7.28643 -2.12541 
v 1.38253 7.29046 -2.18917 
v 1.38253 7.15427 -2.12541 
v -1.41175 8.20138 -1.84717 
v -1.20667 8.75272 -2.18917 
v -1.20667 8.20138 -2.18917 
v -1.20667 8.20138 -1.84717 
v -1.20667 8.75272 -1.84717 
v -1.55692 7.62008 -1.84717 
v -1.55755 7.85938 1.9148 
v -1.55691 7.62184 -1.88964 
v -1.55755 7.85938 2.2568 
v -1.21555 8.20138 1.9148 
v -1.21555 7.85938 1.9148 
v -1.21555 7.85938 2.2568 
v -1.21555 8.20138 2.2568 
v -0.873556 8.54337 1.9148 
v -0.873556 8.20138 1.9148 
v -0.873556 8.20138 2.2568 
v -0.873555 8.54337 2.2568 
v -0.873556 4.7814 -1.16318 
v -1.21555 4.7814 -0.821179 
v -1.21555 4.7814 -1.16318 
v -0.873556 4.7814 0.54681 
v -1.55755 4.7814 -0.821179 
v -0.702557 4.7845 -0.479182 
v -1.55755 5.1234 0.888807 
v -1.89955 5.1234 -0.821179 
v -1.55755 5.1234 -0.821179 
v -1.89955 5.4654 0.888807 
v -2.24154 5.4654 -0.821179 
v -1.89955 5.4654 -0.821179 
v -0.702557 4.7814 -1.50517 
v -0.873556 4.7814 -1.50517 
v -0.702557 4.7814 -1.50517 
v -0.531559 4.78759 -0.479182 
v -0.702557 4.7845 -0.479182 
v 0.836432 5.1234 -1.84717 
v -0.873556 5.1234 -1.50517 
v -0.873556 5.1234 -1.84717 
v -0.873556 5.4654 -1.84717 
v -0.873556 5.4654 -2.18917 
v -0.702557 5.4654 -2.18917 
v -1.55755 4.7814 0.888807 
v -1.21555 4.7814 0.888807 
v -1.21555 4.7814 0.888807 
v -0.873556 4.7814 1.2308 
v -1.21555 4.7814 1.2308 
v -1.89955 5.1234 0.888807 
v -2.24154 5.4654 0.888807 
v -0.873556 4.7814 0.54681 
v -0.531559 4.78759 0.54681 
v 0.836432 4.7814 1.2308 
v -0.873556 4.7814 1.5728 
v 0.836432 5.1234 1.9148 
v -0.873556 5.1234 1.9148 
v -0.873556 5.1234 1.5728 
v -0.873556 5.4654 1.9148 
v 0.836432 5.4654 1.9148 
v -0.873556 5.4654 2.2568 
v -2.24154 5.8074 1.2308 
v -2.24154 5.8074 0.888807 
v -1.89955 5.8074 0.888807 
v -2.24154 6.14939 -1.16318 
v -2.24154 6.14939 -1.50517 
v -1.89955 6.14939 -1.50517 
v -2.24154 5.8074 -0.821179 
v -2.24154 5.8074 -1.16318 
v -1.89955 5.8074 -1.16318 
v -1.89955 6.14939 -1.16318 
v -1.89955 6.14939 -1.84717 
v -1.55755 6.14939 -1.84717 
v -1.55755 6.14939 -1.50517 
v -1.55755 6.14939 -2.18917 
v -1.21555 6.14939 -2.18917 
v -1.04455 5.8074 -2.18917 
v -1.21555 5.8074 -1.84717 
v -1.21555 5.8074 -2.18917 
v -0.873556 5.8074 -1.84717 
v -0.873556 5.8074 -2.18917 
v -1.21555 6.14939 -1.84717 
v -1.89955 5.8074 -0.821179 
v -1.89955 5.8074 1.2308 
v -2.24154 6.14939 1.5728 
v -2.24154 6.14939 1.2308 
v -1.89955 6.14939 1.2308 
v -1.89955 6.14939 1.5728 
v -1.89955 6.14939 1.9148 
v -1.55755 6.14939 1.5728 
v -1.55755 6.14939 1.9148 
v -1.21555 5.8074 2.2568 
v -1.21555 5.8074 1.9148 
v -0.873556 5.8074 1.9148 
v -0.873556 5.8074 2.2568 
v -1.55755 6.14939 2.2568 
v -1.21555 6.14939 1.9148 
v -1.21555 6.14939 2.2568 
v 0.836432 5.4654 -1.84717 
v 0.836432 4.7814 -1.16318 
v 0.836432 4.7814 -1.50517 
v 0.494435 4.78759 -0.479182 
v 1.17843 4.7814 -0.821179 
v 0.836432 5.1234 -1.50517 
v 1.17843 4.7814 0.888807 
v 1.17843 4.7814 -1.16318 
v 1.52043 4.7814 0.888807 
v 1.52043 4.7814 -0.821179 
v 1.86242 5.1234 0.888807 
v 1.52043 5.1234 -0.821179 
v 1.86242 5.1234 -0.821179 
v 1.86242 5.4654 0.888807 
v 1.86242 5.4654 -0.821179 
v 2.20442 5.4654 -0.821179 
v 0.836432 4.7814 1.5728 
v 0.494435 4.78759 0.54681 
v 0.836432 5.1234 1.5728 
v 0.836432 5.4654 2.2568 
v 1.17843 4.7814 1.2308 
v 1.52043 5.1234 0.888807 
v 2.20442 5.4654 0.888807 
v 0.836432 5.4654 -2.18917 
v 0.836432 5.8074 -2.18917 
v 1.17843 5.8074 -2.18917 
v 1.17843 5.8074 -1.84717 
v 0.836432 5.8074 -1.84717 
v 1.17843 6.14939 -1.84717 
v 1.17843 6.14939 -2.18917 
v 1.52043 6.14939 -1.84717 
v 1.52043 6.14939 -2.18917 
v 1.52043 6.14939 -1.50517 
v 1.86242 6.14939 -1.50517 
v 1.86242 6.14939 -1.84717 
v 1.86242 5.8074 -1.16318 
v 2.20442 5.8074 -1.16318 
v 2.20442 5.8074 -0.821179 
v 1.86242 5.8074 -0.821179 
v 1.86242 6.14939 -1.16318 
v 2.20442 6.14939 -1.16318 
v 2.20442 6.14939 -1.50517 
v 1.86242 5.8074 0.888807 
v 2.20442 5.8074 0.888807 
v 2.20442 5.8074 1.2308 
v 0.836432 5.8074 1.9148 
v 1.17843 5.8074 1.9148 
v 1.17843 5.8074 2.2568 
v 0.836432 5.8074 2.2568 
v 1.17843 6.14939 2.2568 
v 1.17843 6.14939 1.9148 
v 1.52043 6.14939 2.2568 
v 1.52043 6.14939 1.9148 
v 1.52043 6.14939 1.5728 
v 1.86242 6.14939 1.9148 
v 1.86242 5.8074 1.2308 
v 1.86242 6.14939 1.5728 
v 1.86242 6.14939 1.2308 
v 2.20442 6.14939 1.5728 
v 2.20442 6.14939 1.2308 
v -1.21555 5.8074 -2.18917 
v -1.21555 6.14939 -2.18917 
v -1.04455 5.8074 -2.18917 
v -1.55755 6.14939 -2.18917 
v -1.55755 6.69267 -2.18917 
v -1.89955 6.14939 -1.84717 
v -1.55755 6.69267 -1.84717 
v -1.55755 6.14939 -1.84717 
v -1.55692 7.07282 -1.84717 
v -0.783455 7.15831 -2.18917 
v -1.41965 7.15831 -2.18917 
v -1.55692 7.07301 -2.18917 
v -0.873556 5.8074 -2.18917 
v -0.702557 5.4654 -2.18917 
v -0.873556 5.4654 -2.18917 
v -0.170617 6.37267 -2.18917 
v -1.04455 5.8074 -2.18917 
v 0.836432 5.4654 -1.84717 
v -0.873556 5.1234 -1.84717 
v -0.873556 5.4654 -1.84717 
v -0.170617 6.37267 -2.18917 
v -0.555457 7.29046 -2.18917 
v -1.89955 7.85938 -1.84717 
v -1.89955 5.4654 -0.821179 
v -1.55755 5.1234 -0.821179 
v -1.89955 5.1234 -0.821179 
v -2.24154 5.8074 -0.821179 
v -2.24154 5.4654 -0.821179 
v -1.89955 5.8074 -0.821179 
v -2.24154 6.14939 -1.16318 
v -1.89955 5.8074 -1.16318 
v -2.24154 5.8074 -1.16318 
v -2.24154 6.32039 -1.50517 
v -1.89955 6.14939 -1.50517 
v -2.24154 6.14939 -1.50517 
v -2.24154 7.2892 -1.50517 
v -1.89955 6.14939 -1.16318 
v -1.55755 5.4654 -0.821179 
v -0.873556 5.1234 -1.50517 
v -0.702557 4.7814 -1.50517 
v -0.873556 4.7814 -1.50517 
v -1.21555 5.1234 -1.16318 
v -0.873556 4.7814 -1.16318 
v -1.21555 4.7814 -1.16318 
v -1.21555 4.7814 -0.821179 
v -1.55755 4.7814 -0.821179 
v -1.21555 5.1234 -0.821179 
v 0.836432 5.1234 -1.50517 
v -0.873556 5.1234 -1.16318 
v -1.89955 7.85938 -1.50517 
v -1.55687 7.29046 -2.18917 
v -1.41965 7.29046 -2.18917 
v -1.55755 7.85938 -2.18917 
v -1.50629 7.70985 -2.18917 
v -1.55692 7.69738 -2.18917 
v -1.44355 7.7253 -2.18917 
v -1.41175 7.85066 -2.18917 
v -1.32955 7.7253 -2.18917 
v -1.41175 8.20138 -2.18917 
v -1.20667 8.20138 -2.18917 
v -1.10155 7.7253 -2.18917 
v -0.783455 7.29046 -2.18917 
v -0.987555 7.7253 -2.18917 
v -0.759557 7.7253 -2.18917 
v -0.645558 7.7253 -2.18917 
v -1.20667 8.75272 -2.18917 
v 0.518333 7.63152 -2.18917 
v -0.555457 7.63152 -2.18917 
v -1.55692 7.68838 -1.84717 
v -1.55692 7.62008 -1.84717 
v -1.55755 7.85938 -1.84717 
v -2.24154 7.85938 -1.50517 
v -2.24154 8.20138 -1.16318 
v -1.89955 7.85938 -1.16318 
v -2.24154 7.85938 -1.16318 
v -1.89955 8.20138 -1.16318 
v -2.24154 8.54337 -0.821179 
v -1.89955 8.20138 -0.821179 
v -2.24154 8.20138 -0.821179 
v -1.89955 8.54337 -0.821179 
v -0.784327 7.40104 -2.12541 
v -0.670352 7.15427 -2.12541 
v -0.784327 7.15427 -2.12541 
v -0.553718 7.28656 -2.12541 
v -0.553718 7.40104 -2.12541 
v -1.32781 7.48656 -2.12541 
v -1.09982 7.66913 -2.12541 
v -1.09982 7.48656 -2.12541 
v 1.16955 8.75272 -2.18917 
v -1.32781 7.66913 -2.12541 
v -0.702557 5.4654 -2.18917 
v 0.836432 5.4654 -2.18917 
v 0.836432 5.8074 -2.18917 
v 1.17843 6.14939 -2.18917 
v 1.17843 5.8074 -2.18917 
v 0.746331 7.15831 -2.18917 
v 0.518333 7.29046 -2.18917 
v 1.52043 6.69267 -2.18917 
v 1.52043 6.14939 -2.18917 
v 1.86242 6.14939 -1.84717 
v 1.52043 6.14939 -1.84717 
v 1.52043 6.69267 -1.84717 
v 1.5198 7.07282 -1.84717 
v 1.38253 7.15831 -2.18917 
v 1.5198 7.07301 -2.18917 
v 1.86242 7.85938 -1.84717 
v 0.836432 5.1234 -1.84717 
v 0.836432 4.7814 -1.50517 
v 0.836432 4.7814 -1.16318 
v 1.17843 5.1234 -1.16318 
v 1.17843 4.7814 -1.16318 
v 1.17843 4.7814 -0.821179 
v 1.52043 5.1234 -0.821179 
v 1.52043 4.7814 -0.821179 
v 0.836432 5.1234 -1.16318 
v 1.17843 5.1234 -0.821179 
v 1.86242 5.4654 -0.821179 
v 1.86242 5.1234 -0.821179 
v 1.52043 5.4654 -0.821179 
v 2.20442 7.2892 -1.50517 
v 1.86242 6.14939 -1.50517 
v 1.86242 7.85938 -1.50517 
v 1.86242 5.8074 -1.16318 
v 2.20442 6.14939 -1.16318 
v 2.20442 5.8074 -1.16318 
v 2.20442 5.8074 -0.821179 
v 2.20442 5.4654 -0.821179 
v 1.86242 5.8074 -0.821179 
v 1.86242 6.14939 -1.16318 
v 2.20442 6.32039 -1.50517 
v 2.20442 6.14939 -1.50517 
v 1.51974 7.29046 -2.18917 
v 0.746331 7.29046 -2.18917 
v 0.608434 7.7253 -2.18917 
v 1.16955 8.20138 -2.18917 
v 0.722433 7.7253 -2.18917 
v 0.950431 7.7253 -2.18917 
v 1.06443 7.7253 -2.18917 
v 1.38253 7.29046 -2.18917 
v 1.46917 7.70985 -2.18917 
v 1.52043 7.85938 -2.18917 
v 1.5198 7.69738 -2.18917 
v 1.37462 7.85066 -2.18917 
v 1.29243 7.7253 -2.18917 
v 1.40643 7.7253 -2.18917 
v 1.37462 8.20138 -2.18917 
v 1.26592 7.40104 -2.12541 
v 1.37989 7.15427 -2.12541 
v 1.26592 7.15427 -2.12541 
v 1.49653 7.28656 -2.12541 
v 1.49653 7.40104 -2.12541 
v 1.5198 7.62008 -1.84717 
v 0.722433 7.48656 -2.12541 
v 0.950431 7.66913 -2.12541 
v 0.950431 7.48656 -2.12541 
v 0.722433 7.66913 -2.12541 
v 1.5198 7.68838 -1.84717 
v 1.52043 7.85938 -1.84717 
v 2.20442 7.85938 -1.50517 
v 1.86242 7.85938 -1.16318 
v 2.20442 8.20138 -1.16318 
v 2.20442 7.85938 -1.16318 
v 1.86242 8.20138 -1.16318 
v 1.86242 8.20138 -0.821179 
v 2.20442 8.54337 -0.821179 
v 2.20442 8.20138 -0.821179 
v 1.86242 8.54337 -0.821179 

vn 1 0 0 
vn 1 0 0 
vn 1 0 0 
vn 1 0 0 
vn 1 0 0 
vn 1 0 0 
vn 1 0 0 
vn 1 0 0 
vn 1 0 0 
vn 1 0 0 
vn 1 0 0 
vn 1 0 0 
vn 1 0 0 
vn 1 0 0 
vn 1 0 0 
vn 1 0 0 
vn 1 0 0 
vn 1 0 0 
vn 1 0 0 
vn 1 0 0 
vn 1 0 0 
vn 1 0 0 
vn 1 0 0 
vn 1 0 0 
vn 1 0 0 
vn 1 0 0 
vn 1 0 0 
vn 1 0 0 
vn 1 0 0 
vn 1 0 0 
vn 1 0 0 
vn 1 0 0 
vn 1 0 0 
vn 1 0 0 
vn 1 0 0 
vn 1 0 0 
vn 1 0 0 
vn 1 0 0 
vn 1 0 0 
vn 1 0 0 
vn 1 0 0 
vn 1 0 0 
vn 1 0 0 
vn 1 0 0 
vn 1 0 0 
vn 1 0 0 
vn 1 0 0 
vn 1 0 0 
vn 1 0 0 
vn 1 0 0 
vn 1 0 0 
vn 1 0 0 
vn 1 0 0 
vn 1 0 0 
vn 1 0 0 
vn 1 0 0 
vn 1 0 0 
vn 1 0 0 
vn 1 0 0 
vn 1 0 0 
vn 1 0 0 
vn 1 0 0 
vn 1 0 0 
vn 1 0 0 
vn 1 0 0 
vn 1 0 0 
vn 1 0 0 
vn 1 0 0 
vn 1 0 0 
vn 1 0 0 
vn 1 0 0 
vn 1 0 0 
vn 1 0 0 
vn 1 0 0 
vn 1 0 0 
vn 1 0 0 
vn 1 0 0 
vn 1 0 0 
vn 1 0 0 
vn 1 0 0 
vn 1 0 0 
vn 1 0 0 
vn 1 0 0 
vn 1 0 0 
vn 1 0 0 
vn 1 0 0 
vn 1 0 0 
vn 1 0 0 
vn 1 0 0 
vn 1 0 0 
vn 1 0 0 
vn 1 0 0 
vn 1 0 0 
vn 1 0 0 
vn 1 0 0 
vn 1 0 0 
vn 1 0 0 
vn 1 0 0 
vn 1 0 0 
vn 1 0 0 
vn 1 0 0 
vn 1 0 0 
vn 1 0 0 
vn 1 0 0 
vn 1 0 0 
vn 1 0 0 
vn 1 0 0 
vn 1 0 0 
vn 1 0 0 
vn 1 0 0 
vn 1 0 0 
vn 1 0 0 
vn 1 0 0 
vn 1 0 0 
vn 1 0 0 
vn 1 0 0 
vn 1 0 0 
vn 1 0 0 
vn 1 0 0 
vn 1 0 0 
vn 1 0 0 
vn 1 0 0 
vn 1 0 0 
vn 1 0 0 
vn 1 0 0 
vn 1 0 0 
vn 0 1 0 
vn 0 1 0 
vn 0 1 0 
vn 0 1 0 
vn 0 1 0 
vn 0 1 0 
vn 0 1 0 
vn 0.0314961 1 -0.015748 
vn 0.0314961 1 -0.015748 
vn 0.0314961 1 -0.015748 
vn 0.0314961 1 -0.015748 
vn 0 1 0 
vn 0 1 0 
vn 0 1 0 
vn 0 1 0 
vn 0 1 0 
vn 0 1 0 
vn 0 1 0 
vn 0 1 0 
vn 0 1 0 
vn 0 1 0 
vn 0 1 0 
vn 0 1 0 
vn 0 1 0 
vn 0 1 0 
vn 0 1 0 
vn 0 1 0 
vn 0 1 0 
vn 0 1 0 
vn 0 1 0 
vn 0 1 0 
vn 0 1 0 
vn 0 1 0 
vn 0 1 0 
vn 0 1 0 
vn 0 1 0 
vn 0 1 0 
vn 0 1 0 
vn 0 1 0 
vn 0 1 0 
vn 0 1 0 
vn 0 1 0 
vn 0 1 0 
vn 0 1 0 
vn 0 1 0 
vn 0 1 0 
vn 0 1 0 
vn -0.0314961 1 -0.015748 
vn -0.0314961 1 -0.015748 
vn -0.0314961 1 -0.015748 
vn -0.0314961 1 -0.015748 
vn 0 1 0 
vn 0 1 0 
vn 0 1 0 
vn 0 1 0 
vn 0 1 0 
vn 0 1 0 
vn 0 1 0 
vn 0 1 0 
vn 0 1 0 
vn 0 1 0 
vn 0 1 0 
vn 0 1 0 
vn 0 1 0 
vn 0 1 0 
vn 0 1 0 
vn 0 1 0 
vn 0 1 0 
vn 0 1 0 
vn 0 1 0 
vn 0 1 0 
vn 0 1 0 
vn 0 1 0 
vn 0 1 0 
vn 0 1 0 
vn 0 1 0 
vn 0 1 0 
vn 0 1 0 
vn 0 1 0 
vn 0 1 0 
vn 0 1 0 
vn 0 1 0 
vn 0 1 0 
vn 0 1 0 
vn 0 1 0 
vn 0 1 0 
vn 0 1 0 
vn 0 1 0 
vn 0 1 0 
vn 0 1 0 
vn 0 1 0 
vn 0 0 1 
vn 0 0 1 
vn 0 0 1 
vn 0 0 1 
vn 0 0 1 
vn 0 0 1 
vn 0 0 1 
vn 0 0 1 
vn 0 0 1 
vn 0 0 1 
vn 0 0 1 
vn 0 0 1 
vn 0 0 1 
vn 0 0 1 
vn 0 0 1 
vn 0 0 1 
vn 0 0 1 
vn 0 0 1 
vn 0 0 1 
vn 0 0 1 
vn 0 0 1 
vn 0 0 1 
vn 0 0 1 
vn 0 0 1 
vn 0 0 1 
vn 0 0 1 
vn 0 0 1 
vn 0 0 1 
vn 0 0 1 
vn 0 0 1 
vn 0 0 1 
vn 0 0 1 
vn 0 0 1 
vn 0 0 1 
vn 0 0 1 
vn 0 0 1 
vn 0 0 1 
vn 0 0 1 
vn 0 0 1 
vn 0 0 1 
vn 0 0 1 
vn 0 0 1 
vn 0 0 1 
vn 0 0 1 
vn 0 0 1 
vn 0 0 1 
vn 0 0 1 
vn 0 0 1 
vn 0 0 1 
vn 0 0 1 
vn 0 0 1 
vn 0 0 1 
vn 0 0 1 
vn 0 0 1 
vn 0 0 1 
vn 0 0 1 
vn 0 0 1 
vn 0 0 1 
vn 0 0 1 
vn 0 0 1 
vn 0 0 1 
vn 0 0 1 
vn 0 0 1 
vn 0 0 1 
vn 0 0 1 
vn 0 0 1 
vn 0 0 1 
vn 0 0 1 
vn 0 0 1 
vn 0 0 1 
vn 0 0 1 
vn 0 0 1 
vn 0 0 1 
vn 0 0 1 
vn 0 0 1 
vn 0 0 1 
vn 0 0 1 
vn 0 0 1 
vn 0 0 1 
vn 0 0 1 
vn 0 0 1 
vn 0 0 1 
vn 0 0 1 
vn 0 0 1 
vn 0 0 1 
vn 0 0 1 
vn 0 0 1 
vn 0 0 1 
vn 0 0 1 
vn 0 0 1 
vn 0 0 1 
vn 0 0 1 
vn 0 0 1 
vn 0 0 1 
vn 0 0 1 
vn 0 0 1 
vn 0 0 1 
vn 0 0 1 
vn 0 0 1 
vn 0 0 1 
vn 0 0 1 
vn 0 0 1 
vn 0 0 1 
vn 0 0 1 
vn 0 0 1 
vn 0 0 1 
vn 0 0 1 
vn 0 0 1 
vn -1 0 0 
vn -1 0 0 
vn -1 0 0 
vn -1 0 0 
vn -1 0 0 
vn -1 0 0 
vn -1 0 0 
vn -1 0 0 
vn -1 0 0 
vn -1 0 0 
vn -1 0 0 
vn -1 0 0 
vn -1 0 0 
vn -1 0 0 
vn -1 0 0 
vn -1 0 0 
vn -1 0 0 
vn -1 0 0 
vn -1 0 0 
vn -1 0 0 
vn -1 0 0 
vn -1 0 0 
vn -1 0 0 
vn -1 0 0 
vn -1 0 0 
vn -1 0 0 
vn -1 0 0 
vn -1 0 0 
vn -1 0 0 
vn -1 0 0 
vn -1 0 0 
vn -1 0 0 
vn -1 0 0 
vn -1 0 0 
vn -1 0 0 
vn -1 0 0 
vn -1 0 0 
vn -1 0 0 
vn -1 0 0 
vn -1 0 0 
vn -1 0 0 
vn -1 0 0 
vn -1 0 0 
vn -1 0 0 
vn -1 0 0 
vn -1 0 0 
vn -1 0 0 
vn -1 0 0 
vn -1 0 0 
vn -1 0 0 
vn -1 0 0 
vn -1 0 0 
vn -1 0 0 
vn -1 0 0 
vn -1 0 0 
vn -1 0 0 
vn -1 0 0 
vn -1 0 0 
vn -1 0 0 
vn -1 0 0 
vn -1 0 0 
vn -1 0 0 
vn -1 0 0 
vn -1 0 0 
vn -1 0 0 
vn -1 0 0 
vn -1 0 0 
vn -1 0 0 
vn -1 0 0 
vn -1 0 0 
vn -1 0 0 
vn -1 0 0 
vn -1 0 0 
vn -1 0 0 
vn -1 0 0 
vn -1 0 0 
vn -1 0 0 
vn -1 0 0 
vn -1 0 0 
vn -1 0 0 
vn -1 0 0 
vn -1 0 0 
vn -1 0 0 
vn -1 0 0 
vn -1 0 0 
vn -1 0 0 
vn -1 0 0 
vn -1 0 0 
vn -1 0 0 
vn -1 0 0 
vn -1 0 0 
vn -1 0 0 
vn -1 0 0 
vn -1 0 0 
vn -1 0 0 
vn -1 0 0 
vn -1 0 0 
vn -1 0 0 
vn -1 0 0 
vn -1 0 0 
vn -1 0 0 
vn -1 0 0 
vn -1 0 0 
vn -1 0 0 
vn -1 0 0 
vn -1 0 0 
vn -1 0 0 
vn -1 0 0 
vn -1 0 0 
vn -1 0 0 
vn -1 0 0 
vn -1 0 0 
vn -1 0 0 
vn -1 0 0 
vn -1 0 0 
vn -1 0 0 
vn -1 0 0 
vn -1 0 0 
vn -1 0 0 
vn -1 0 0 
vn -1 0 0 
vn -1 0 0 
vn -1 0 0 
vn 0 -1 0 
vn 0 -1 0 
vn 0 -1 0 
vn 0 -1 0 
vn 0 -1 0 
vn 0 -1 0 
vn 0 -1 0 
vn 0 -1 0 
vn 0 -1 0 
vn 0 -1 0 
vn 0 -1 0 
vn 0 -1 0 
vn 0 -1 0 
vn 0 -1 0 
vn 0 -1 0 
vn 0 -1 0 
vn 0 -1 0 
vn 0 -1 0 
vn 0 -1 0 
vn 0 -1 0 
vn 0 -1 0 
vn 0 -1 0 
vn 0 -1 0 
vn 0 -1 0 
vn 0 -1 0 
vn 0 -1 0 
vn 0 -1 0 
vn 0 -1 0 
vn 0 -1 0 
vn 0 -1 0 
vn 0 -1 0 
vn 0 -1 0 
vn 0 -1 0 
vn 0 -1 0 
vn 0 -1 0 
vn 0 -1 0 
vn 0 -1 0 
vn 0 -1 0 
vn 0 -1 0 
vn 0 -1 0 
vn 0 -1 0 
vn 0 -1 0 
vn 0 -1 0 
vn 0 -1 0 
vn 0 -1 0 
vn 0 -1 0 
vn 0 -1 0 
vn 0 -1 0 
vn 0 -1 0 
vn 0 -1 0 
vn 0 -1 0 
vn 0 -1 0 
vn 0 -1 0 
vn 0 -1 0 
vn 0 -1 0 
vn 0 -1 0 
vn 0 -1 0 
vn 0 -1 0 
vn 0 -1 0 
vn 0 -1 0 
vn 0 -1 0 
vn 0 -1 0 
vn 0 -1 0 
vn 0 -1 0 
vn 0 -1 0 
vn 0 -1 0 
vn 0 -1 0 
vn 0 -1 0 
vn 0 -1 0 
vn 0 -1 0 
vn 0 -1 0 
vn 0 -1 0 
vn 0 -1 0 
vn 0 -1 0 
vn 0 -1 0 
vn 0 -1 0 
vn 0 -1 0 
vn 0 -1 0 
vn 0 -1 0 
vn 0 -1 0 
vn 0 -1 0 
vn 0 -1 0 
vn 0 -1 0 
vn 0 -1 0 
vn 0 -1 0 
vn 0 -1 0 
vn 0 -1 0 
vn 0 -1 0 
vn 0 -1 0 
vn 0 -1 0 
vn 0 -1 0 
vn 0 -1 0 
vn 0 -1 0 
vn 0 -1 0 
vn 0 -1 0 
vn 0 -1 0 
vn 0 -1 0 
vn 0 -1 0 
vn 0 -1 0 
vn 0 -1 0 
vn 0 -1 0 
vn 0 -1 0 
vn 0 -1 0 
vn 0 -1 0 
vn 0 -1 0 
vn 0 -1 0 
vn 0 -1 0 
vn 0 -1 0 
vn 0 -1 0 
vn 0 -1 0 
vn 0 -1 0 
vn 0 -1 0 
vn 0 -1 0 
vn 0 -1 0 
vn 0 -1 0 
vn 0 -1 0 
vn 0 -1 0 
vn 0 -1 0 
vn 0 -1 0 
vn 0 -1 0 
vn 0 -1 0 
vn 0 -1 0 
vn 0 -1 0 
vn 0 -1 0 
vn 0 -1 0 
vn 0 -1 0 
vn 0 -1 0 
vn 0 -1 0 
vn 0 -1 0 
vn 0 -1 0 
vn 0 -1 0 
vn 0 -1 0 
vn 0 -1 0 
vn 0 -1 0 
vn 0 -1 0 
vn 0 -1 0 
vn 0 -1 0 
vn 0 0 -1 
vn 0 0 -1 
vn 0 0 -1 
vn 0 0 -1 
vn 0 0 -1 
vn 0 0 -1 
vn 0 0 -1 
vn 0 0 -1 
vn 0 0 -1 
vn 0 0 -1 
vn 0 0 -1 
vn 0 0 -1 
vn 0 0 -1 
vn 0 0 -1 
vn 0 0 -1 
vn 0 0 -1 
vn 0 0 -1 
vn 0 0 -1 
vn 0 0 -1 
vn 0 0 -1 
vn 0 0 -1 
vn 0 0 -1 
vn 0 0 -1 
vn 0 0 -1 
vn 0 0 -1 
vn 0 0 -1 
vn 0 0 -1 
vn 0 0 -1 
vn 0 0 -1 
vn 0 0 -1 
vn 0 0 -1 
vn 0 0 -1 
vn 0 0 -1 
vn 0 0 -1 
vn 0 0 -1 
vn 0 0 -1 
vn 0 0 -1 
vn 0 0 -1 
vn 0 0 -1 
vn 0 0 -1 
vn 0 0 -1 
vn 0 0 -1 
vn 0 0 -1 
vn 0 0 -1 
vn 0 0 -1 
vn 0 0 -1 
vn 0 0 -1 
vn 0 0 -1 
vn 0 0 -1 
vn 0 0 -1 
vn 0 0 -1 
vn 0 0 -1 
vn 0 0 -1 
vn 0 0 -1 
vn 0 0 -1 
vn 0 0 -1 
vn 0 0 -1 
vn 0 0 -1 
vn 0 0 -1 
vn 0 0 -1 
vn 0 0 -1 
vn 0 0 -1 
vn 0 0 -1 
vn 0 0 -1 
vn 0 0 -1 
vn 0 0 -1 
vn 0 0 -1 
vn 0 0 -1 
vn 0 0 -1 
vn 0 0 -1 
vn 0 0 -1 
vn 0 0 -1 
vn 0 0 -1 
vn 0 0 -1 
vn 0 0 -1 
vn 0 0 -1 
vn 0 0 -1 
vn 0 0 -1 
vn 0 0 -1 
vn 0 0 -1 
vn 0 0 -1 
vn 0 0 -1 
vn 0 0 -1 
vn 0 0 -1 
vn 0 0 -1 
vn 0 0 -1 
vn 0 0 -1 
vn 0 0 -1 
vn 0 0 -1 
vn 0 0 -1 
vn 0 0 -1 
vn 0 0 -1 
vn 0 0 -1 
vn 0 0 -1 
vn 0 0 -1 
vn 0 0 -1 
vn 0 0 -1 
vn 0 0 -1 
vn 0 0 -1 
vn 0 0 -1 
vn 0 0 -1 
vn 0 0 -1 
vn 0 0 -1 
vn 0 0 -1 
vn 0 0 -1 
vn 0 0 -1 
vn 0 0 -1 
vn 0 0 -1 
vn 0 0 -1 
vn 0 0 -1 
vn 0 0 -1 
vn 0 0 -1 
vn 0 0 -1 
vn 0 0 -1 
vn 0 0 -1 
vn 0 0 -1 
vn 0 0 -1 
vn 0 0 -1 
vn 0 0 -1 
vn 0 0 -1 
vn 0 0 -1 
vn 0 0 -1 
vn 0 0 -1 
vn 0 0 -1 
vn 0 0 -1 
vn 0 0 -1 
vn 0 0 -1 
vn 0 0 -1 
vn 0 0 -1 
vn 0 0 -1 
vn 0 0 -1 
vn 0 0 -1 
vn 0 0 -1 
vn 0 0 -1 
vn 0 0 -1 
vn 0 0 -1 
vn 0 0 -1 
vn 0 0 -1 
vn 0 0 -1 
vn 0 0 -1 
vn 0 0 -1 
vn 0 0 -1 
vn 0 0 -1 
vn 0 0 -1 
vn 0 0 -1 
vn 0 0 -1 
vn 0 0 -1 
vn 0 0 -1 
vn 0 0 -1 
vn 0 0 -1 
vn 0 0 -1 
vn 0 0 -1 
vn 0 0 -1 
vn 0 0 -1 
vn 0 0 -1 
vn 0 0 -1 
vn 0 0 -1 
vn 0 0 -1 
vn 0 0 -1 
vn 0 0 -1 
vn 0 0 -1 
vn 0 0 -1 
vn 0 0 -1 
vn 0 0 -1 
vn 0 0 -1 
vn 0 0 -1 
vn 0 0 -1 

vt 22.2351 -59.1627 
vt 22.1924 -59.2055 
vt 22.2351 -59.2055 
vt 22.1496 -59.2482 
vt 22.1924 -59.2482 
vt 22.2779 -59.12 
vt 22.2779 -59.1627 
vt 22.2351 -59.12 
vt 22.1924 -59.1627 
vt 22.1496 -59.2055 
vt 22.1496 -59.2055 
vt 22.1069 -59.2482 
vt 22.1496 -59.2482 
vt 22.2779 -59.0772 
vt 22.2351 -59.12 
vt 22.2779 -59.12 
vt 22.2351 -59.0772 
vt 22.1069 -59.2055 
vt 21.8504 -59.2055 
vt 21.8076 -59.2482 
vt 21.8504 -59.2482 
vt 21.8076 -59.2055 
vt 21.8076 -59.1627 
vt 21.7649 -59.2055 
vt 21.7649 -59.1627 
vt 21.7649 -59.12 
vt 21.7221 -59.1627 
vt 21.8931 -59.2055 
vt 21.8504 -59.2482 
vt 21.8931 -59.2482 
vt 21.8504 -59.2055 
vt 21.7221 -59.12 
vt 21.7649 -59.0772 
vt 21.7221 -59.12 
vt 21.7649 -59.12 
vt 21.7221 -59.0772 
vt 22.2395 -58.9208 
vt 22.2699 -58.9351 
vt 22.2699 -58.9208 
vt 22.2395 -58.9351 
vt 22.2779 -58.8207 
vt 22.2351 -58.8635 
vt 22.2779 -58.8646 
vt 22.2779 -58.7518 
vt 22.2351 -58.8207 
vt 22.2779 -58.8207 
vt 22.2395 -58.9208 
vt 22.2699 -58.9351 
vt 22.2699 -58.9208 
vt 22.2404 -58.9349 
vt 22.2779 -58.9618 
vt 22.2779 -58.9346 
vt 22.2351 -58.9618 
vt 22.2395 -58.9351 
vt 22.2351 -58.8635 
vt 22.2779 -58.8837 
vt 22.2779 -58.8635 
vt 22.2351 -59.0093 
vt 22.2351 -59.0772 
vt 22.2779 -59.0772 
vt 21.7649 -58.8207 
vt 21.7221 -58.8635 
vt 21.7649 -58.8635 
vt 21.7649 -58.778 
vt 21.7221 -58.8207 
vt 21.7649 -58.8207 
vt 21.7221 -58.778 
vt 22.2351 -58.7518 
vt 21.7221 -58.8207 
vt 22.2351 -58.8934 
vt 22.2404 -58.8932 
vt 22.2351 -58.8848 
vt 22.2351 -58.8207 
vt 22.1069 -59.2055 
vt 21.8931 -59.2482 
vt 22.1069 -59.2482 
vt 22.1496 -59.0772 
vt 22.1924 -59.0772 
vt 22.1924 -59.0558 
vt 22.1496 -59.12 
vt 22.1069 -59.12 
vt 22.2779 -59.0093 
vt 22.2351 -58.8635 
vt 22.1924 -59.0772 
vt 22.2351 -59.0772 
vt 22.0641 -59.0558 
vt 22.1069 -59.1627 
vt 22.1924 -59.0558 
vt 22.0641 -59.0345 
vt 22.0641 -59.0558 
vt 22.1069 -58.9347 
vt 22.1069 -59.1627 
vt 21.8931 -59.1627 
vt 22.1069 -59.2055 
vt 21.8931 -59.2055 
vt 21.8931 -59.2055 
vt 21.8931 -59.1627 
vt 21.7649 -58.8635 
vt 21.7221 -59.0772 
vt 21.7649 -59.0772 
vt 21.9359 -59.0345 
vt 21.8931 -59.12 
vt 21.8504 -59.12 
vt 21.8504 -59.0772 
vt 21.8504 -58.8635 
vt 21.8076 -59.0772 
vt 21.7649 -58.8635 
vt 21.7649 -59.0772 
vt 21.8076 -59.0772 
vt 22.1924 -58.8635 
vt 22.1924 -58.9347 
vt 22.1496 -58.8635 
vt 22.1069 -58.9347 
vt 22.1924 -58.9347 
vt 22.1924 -58.8635 
vt 22.1069 -58.8207 
vt 22.1496 -58.8207 
vt 22.0641 -58.9062 
vt 21.8931 -58.8207 
vt 21.8931 -58.778 
vt 22.1069 -58.778 
vt 21.8076 -58.8635 
vt 21.7221 -58.8635 
vt 21.9359 -58.9062 
vt 21.8076 -58.8635 
vt 21.8504 -58.8207 
vt 22.2351 -59.1496 
vt 22.2779 -59.1924 
vt 22.2779 -59.1496 
vt 22.2351 -59.1924 
vt 22.1924 -59.1924 
vt 22.2351 -59.2351 
vt 22.1924 -59.2351 
vt 22.1741 -59.2351 
vt 22.1741 -59.2779 
vt 22.1924 -59.2779 
vt 22.1924 -59.2351 
vt 22.2351 -58.8504 
vt 22.2779 -58.8504 
vt 22.2351 -58.8076 
vt 22.2779 -58.8076 
vt 22.1924 -58.7649 
vt 22.2351 -58.7649 
vt 22.1924 -58.8076 
vt 22.1496 -58.7221 
vt 22.1924 -58.7221 
vt 22.1496 -58.7649 
vt 22.2351 -59.1069 
vt 22.2779 -59.1496 
vt 22.2779 -59.1069 
vt 22.2351 -59.1496 
vt 22.2779 -58.8931 
vt 22.2351 -59.1069 
vt 22.2779 -59.1069 
vt 22.2351 -58.8931 
vt 22.1476 -59.1069 
vt 22.1485 -59.2351 
vt 22.1741 -59.2779 
vt 22.1741 -59.2351 
vt 22.1485 -59.2779 
vt 22.1476 -58.8931 
vt 22.2351 -58.8504 
vt 22.2779 -58.8931 
vt 22.2779 -58.8504 
vt 22.2351 -58.8931 
vt 22.1069 -58.7221 
vt 22.1496 -58.7649 
vt 22.1496 -58.7221 
vt 22.1069 -58.7649 
vt 22.0214 -58.7221 
vt 22.1069 -58.7649 
vt 22.1069 -58.7221 
vt 21.8931 -58.7649 
vt 21.8259 -59.2351 
vt 21.8076 -59.2779 
vt 21.8259 -59.2779 
vt 21.8076 -59.2351 
vt 21.8076 -59.1924 
vt 21.7649 -59.2351 
vt 21.8076 -59.2351 
vt 21.7649 -59.1924 
vt 21.7649 -59.1496 
vt 21.7221 -59.1924 
vt 21.7221 -59.1496 
vt 21.7649 -58.8076 
vt 21.7221 -58.8504 
vt 21.7649 -58.8504 
vt 21.8504 -58.7221 
vt 21.8076 -58.7649 
vt 21.8504 -58.7649 
vt 21.8076 -58.7221 
vt 21.8076 -58.8076 
vt 21.7649 -58.7649 
vt 21.7221 -58.8076 
vt 21.8931 -58.7221 
vt 21.8504 -58.7649 
vt 21.8931 -58.7649 
vt 21.8515 -59.2351 
vt 21.8259 -59.2779 
vt 21.8515 -59.2779 
vt 21.8259 -59.2351 
vt 21.7649 -58.8931 
vt 21.7649 -59.1069 
vt 21.8524 -59.1069 
vt 21.7649 -59.1069 
vt 21.7221 -59.1496 
vt 21.7649 -59.1496 
vt 21.7221 -59.1069 
vt 21.7221 -59.1069 
vt 21.7221 -58.8931 
vt 21.8504 -58.7221 
vt 21.8931 -58.7221 
vt 21.8524 -58.8931 
vt 21.7649 -58.8504 
vt 21.7221 -58.8931 
vt 21.7649 -58.8931 
vt 21.7221 -58.8504 
vt 21.8076 -59.1627 
vt 21.7649 -59.2055 
vt 21.8076 -59.2055 
vt 21.7649 -59.1627 
vt 21.7649 -59.12 
vt 21.7221 -59.1627 
vt 21.7221 -59.12 
vt 21.8504 -59.2055 
vt 21.8076 -59.2482 
vt 21.8504 -59.2482 
vt 21.8931 -59.2055 
vt 21.8504 -59.2482 
vt 21.8931 -59.2482 
vt 21.8504 -59.2055 
vt 21.7649 -59.0772 
vt 21.7221 -59.12 
vt 21.7649 -59.12 
vt 21.7221 -59.0772 
vt 21.8931 -59.12 
vt 21.8504 -59.0772 
vt 21.8504 -59.12 
vt 21.8076 -58.9062 
vt 21.8076 -59.0772 
vt 21.7649 -58.8635 
vt 21.7221 -59.0772 
vt 21.7649 -59.0772 
vt 21.9359 -59.0345 
vt 21.8931 -59.2482 
vt 22.1069 -59.2482 
vt 21.8931 -59.2055 
vt 21.8931 -59.2055 
vt 22.1069 -59.2055 
vt 21.8931 -59.1627 
vt 22.1069 -59.1627 
vt 21.8931 -59.1627 
vt 21.8076 -58.8635 
vt 21.7649 -59.0772 
vt 21.8076 -59.0772 
vt 21.7649 -58.8207 
vt 21.7221 -58.8207 
vt 21.7221 -58.8635 
vt 21.7221 -58.8635 
vt 21.7649 -58.778 
vt 21.7221 -58.8207 
vt 21.7649 -58.8207 
vt 21.7221 -58.778 
vt 21.7649 -58.8635 
vt 21.8931 -58.9062 
vt 21.7649 -58.8635 
vt 21.8504 -58.8635 
vt 21.8076 -58.9062 
vt 21.8931 -58.9062 
vt 21.8076 -58.8635 
vt 21.8931 -58.8207 
vt 21.8504 -58.8207 
vt 21.9359 -58.9062 
vt 21.9786 -58.8635 
vt 21.9786 -58.778 
vt 21.8931 -58.778 
vt 22.1069 -59.12 
vt 22.1924 -59.2482 
vt 22.1496 -59.2055 
vt 22.1496 -59.2482 
vt 22.1496 -59.2482 
vt 22.1069 -59.2055 
vt 22.1069 -59.2482 
vt 22.1496 -59.2055 
vt 22.1924 -59.2055 
vt 22.2351 -59.2055 
vt 22.1924 -59.1627 
vt 22.2351 -59.1627 
vt 22.2779 -59.1627 
vt 22.2351 -59.12 
vt 22.2779 -59.12 
vt 22.2779 -59.12 
vt 22.2351 -59.0772 
vt 22.2351 -59.12 
vt 22.1069 -59.2055 
vt 22.1069 -59.1627 
vt 22.0641 -59.0345 
vt 22.1496 -59.0772 
vt 22.1496 -59.12 
vt 22.2779 -59.0772 
vt 22.1924 -58.8635 
vt 22.1924 -59.0772 
vt 22.2351 -59.0772 
vt 22.1924 -58.8635 
vt 22.1924 -59.0772 
vt 22.2351 -58.8635 
vt 22.2779 -58.8635 
vt 22.2351 -58.8207 
vt 22.2351 -58.8635 
vt 22.2779 -58.8207 
vt 22.2351 -58.778 
vt 22.2351 -58.8207 
vt 22.2779 -59.0772 
vt 22.2351 -58.8635 
vt 22.2351 -59.0772 
vt 22.2779 -58.8635 
vt 22.2779 -58.8207 
vt 22.2779 -58.778 
vt 22.1496 -58.8635 
vt 22.1069 -58.8207 
vt 21.9786 -58.8635 
vt 22.0641 -58.9062 
vt 21.9786 -58.778 
vt 22.1069 -58.778 
vt 22.1496 -58.8207 
vt 21.8076 -59.0772 
vt 21.8504 -59.0772 
vt 21.8076 -59.0558 
vt 21.8504 -59.12 
vt 21.8931 -59.12 
vt 21.9359 -59.0558 
vt 21.8076 -59.0558 
vt 21.9359 -59.0345 
vt 21.8931 -58.9347 
vt 21.7649 -59.0093 
vt 21.7221 -59.0772 
vt 21.7649 -59.0772 
vt 21.8931 -59.1627 
vt 21.9359 -59.0558 
vt 21.7221 -59.0093 
vt 21.8931 -59.2482 
vt 22.1069 -59.2482 
vt 21.8931 -59.2055 
vt 22.1069 -59.1627 
vt 22.1069 -59.12 
vt 22.1496 -59.0772 
vt 22.0641 -59.0345 
vt 22.1496 -59.12 
vt 22.1069 -59.2055 
vt 21.8931 -59.1627 
vt 21.8931 -59.2055 
vt 22.1069 -59.2055 
vt 22.1069 -59.1627 
vt 22.1924 -58.8635 
vt 22.1924 -59.0772 
vt 21.8076 -58.8635 
vt 21.7649 -59.0772 
vt 21.8076 -59.0772 
vt 21.8076 -58.9347 
vt 21.8076 -58.9347 
vt 21.8931 -58.9347 
vt 21.8504 -58.8635 
vt 21.8076 -58.8635 
vt 21.8931 -58.8207 
vt 21.8504 -58.8207 
vt 21.9359 -58.9062 
vt 21.7649 -58.8635 
vt 22.1069 -58.8207 
vt 21.8931 -58.778 
vt 22.1069 -58.778 
vt 22.1496 -58.8635 
vt 22.0641 -58.9062 
vt 22.1496 -58.8207 
vt 22.1924 -58.8635 
vt 22.1924 -59.0772 
vt 22.2351 -59.0772 
vt 22.2351 -58.8635 
vt 22.2779 -58.9062 
vt 22.2351 -59.0772 
vt 22.2779 -59.0772 
vt 21.7221 -59.12 
vt 21.7221 -59.1627 
vt 21.7649 -59.1627 
vt 21.8504 -59.2055 
vt 21.8504 -59.2482 
vt 21.8931 -59.2482 
vt 21.7221 -59.0772 
vt 21.7221 -59.12 
vt 21.7649 -59.12 
vt 21.7649 -59.0772 
vt 21.7649 -59.12 
vt 21.8076 -59.2055 
vt 21.8076 -59.2482 
vt 21.8504 -59.2482 
vt 21.8504 -59.2055 
vt 21.7649 -59.2055 
vt 21.8076 -59.1627 
vt 21.8931 -59.2055 
vt 22.1069 -59.2055 
vt 22.1069 -59.2482 
vt 22.1496 -59.2482 
vt 22.1496 -59.2055 
vt 22.1496 -59.2482 
vt 22.1924 -59.2482 
vt 22.1496 -59.2055 
vt 22.2351 -59.0772 
vt 22.2351 -59.12 
vt 22.2779 -59.12 
vt 22.1924 -59.2055 
vt 22.1924 -59.1627 
vt 22.2351 -59.2055 
vt 22.2351 -59.1627 
vt 22.2351 -59.12 
vt 22.2779 -59.1627 
vt 22.2779 -59.12 
vt 22.2779 -59.0772 
vt 21.7221 -58.9618 
vt 21.7596 -58.9349 
vt 21.7221 -58.9346 
vt 21.7649 -58.9618 
vt 21.7649 -58.8635 
vt 21.7221 -58.8837 
vt 21.7649 -58.8848 
vt 21.7221 -58.8635 
vt 21.7221 -58.8207 
vt 21.7221 -58.8646 
vt 21.7649 -58.8635 
vt 21.7221 -58.9511 
vt 21.7301 -58.9351 
vt 21.7221 -58.9346 
vt 21.7301 -58.9516 
vt 21.7649 -58.8207 
vt 21.7221 -58.7518 
vt 21.7221 -58.8207 
vt 21.7649 -58.8207 
vt 21.7649 -58.7518 
vt 21.7649 -58.8934 
vt 22.2351 -58.8635 
vt 21.7596 -58.8932 
vt 22.2779 -58.8635 
vt 22.2351 -58.8207 
vt 22.2351 -58.8635 
vt 22.2779 -58.8635 
vt 22.2779 -58.8207 
vt 22.2351 -58.778 
vt 22.2351 -58.8207 
vt 22.2779 -58.8207 
vt 22.2779 -58.778 
vt 21.8931 -59.1496 
vt 21.8504 -59.1069 
vt 21.8504 -59.1496 
vt 21.8931 -58.9359 
vt 21.8076 -59.1069 
vt 21.9145 -59.0641 
vt 21.8076 -58.8931 
vt 21.7649 -59.1069 
vt 21.8076 -59.1069 
vt 21.7649 -58.8931 
vt 21.7221 -59.1069 
vt 21.7649 -59.1069 
vt 21.9145 -59.1924 
vt 21.8931 -59.1924 
vt 21.9145 -59.1924 
vt 21.9359 -59.0641 
vt 21.9145 -59.0641 
vt 22.1069 -59.2351 
vt 21.8931 -59.1924 
vt 21.8931 -59.2351 
vt 21.8931 -59.2351 
vt 21.8931 -59.2779 
vt 21.9145 -59.2779 
vt 21.8076 -58.8931 
vt 21.8504 -58.8931 
vt 21.8504 -58.8931 
vt 21.8931 -58.8504 
vt 21.8504 -58.8504 
vt 21.7649 -58.8931 
vt 21.7221 -58.8931 
vt 21.8931 -58.9359 
vt 21.9359 -58.9359 
vt 22.1069 -58.8504 
vt 21.8931 -58.8076 
vt 22.1069 -58.7649 
vt 21.8931 -58.7649 
vt 21.8931 -58.8076 
vt 21.8931 -58.7649 
vt 22.1069 -58.7649 
vt 21.8931 -58.7221 
vt 21.7221 -58.8504 
vt 21.7221 -58.8931 
vt 21.7649 -58.8931 
vt 21.7221 -59.1496 
vt 21.7221 -59.1924 
vt 21.7649 -59.1924 
vt 21.7221 -59.1069 
vt 21.7221 -59.1496 
vt 21.7649 -59.1496 
vt 21.7649 -59.1496 
vt 21.7649 -59.2351 
vt 21.8076 -59.2351 
vt 21.8076 -59.1924 
vt 21.8076 -59.2779 
vt 21.8504 -59.2779 
vt 21.8718 -59.2779 
vt 21.8504 -59.2351 
vt 21.8504 -59.2779 
vt 21.8931 -59.2351 
vt 21.8931 -59.2779 
vt 21.8504 -59.2351 
vt 21.7649 -59.1069 
vt 21.7649 -58.8504 
vt 21.7221 -58.8076 
vt 21.7221 -58.8504 
vt 21.7649 -58.8504 
vt 21.7649 -58.8076 
vt 21.7649 -58.7649 
vt 21.8076 -58.8076 
vt 21.8076 -58.7649 
vt 21.8504 -58.7221 
vt 21.8504 -58.7649 
vt 21.8931 -58.7649 
vt 21.8931 -58.7221 
vt 21.8076 -58.7221 
vt 21.8504 -58.7649 
vt 21.8504 -58.7221 
vt 22.1069 -59.2351 
vt 22.1069 -59.1496 
vt 22.1069 -59.1924 
vt 22.0641 -59.0641 
vt 22.1496 -59.1069 
vt 22.1069 -59.1924 
vt 22.1496 -58.8931 
vt 22.1496 -59.1496 
vt 22.1924 -58.8931 
vt 22.1924 -59.1069 
vt 22.2351 -58.8931 
vt 22.1924 -59.1069 
vt 22.2351 -59.1069 
vt 22.2351 -58.8931 
vt 22.2351 -59.1069 
vt 22.2779 -59.1069 
vt 22.1069 -58.8076 
vt 22.0641 -58.9359 
vt 22.1069 -58.8076 
vt 22.1069 -58.7221 
vt 22.1496 -58.8504 
vt 22.1924 -58.8931 
vt 22.2779 -58.8931 
vt 22.1069 -59.2779 
vt 22.1069 -59.2779 
vt 22.1496 -59.2779 
vt 22.1496 -59.2351 
vt 22.1069 -59.2351 
vt 22.1496 -59.2351 
vt 22.1496 -59.2779 
vt 22.1924 -59.2351 
vt 22.1924 -59.2779 
vt 22.1924 -59.1924 
vt 22.2351 -59.1924 
vt 22.2351 -59.2351 
vt 22.2351 -59.1496 
vt 22.2779 -59.1496 
vt 22.2779 -59.1069 
vt 22.2351 -59.1069 
vt 22.2351 -59.1496 
vt 22.2779 -59.1496 
vt 22.2779 -59.1924 
vt 22.2351 -58.8931 
vt 22.2779 -58.8931 
vt 22.2779 -58.8504 
vt 22.1069 -58.7649 
vt 22.1496 -58.7649 
vt 22.1496 -58.7221 
vt 22.1069 -58.7221 
vt 22.1496 -58.7221 
vt 22.1496 -58.7649 
vt 22.1924 -58.7221 
vt 22.1924 -58.7649 
vt 22.1924 -58.8076 
vt 22.2351 -58.7649 
vt 22.2351 -58.8504 
vt 22.2351 -58.8076 
vt 22.2351 -58.8504 
vt 22.2779 -58.8076 
vt 22.2779 -58.8504 
vt 22.1496 -59.12 
vt 22.1496 -59.0772 
vt 22.1282 -59.12 
vt 22.1924 -59.0772 
vt 22.1924 -59.0093 
vt 22.2351 -59.0772 
vt 22.1924 -59.0093 
vt 22.1924 -59.0772 
vt 22.1923 -58.9618 
vt 22.0956 -58.9511 
vt 22.1751 -58.9511 
vt 22.1923 -58.9618 
vt 22.1069 -59.12 
vt 22.0855 -59.1627 
vt 22.1069 -59.1627 
vt 22.019 -59.0493 
vt 22.1282 -59.12 
vt 21.8931 -59.1627 
vt 22.1069 -59.2055 
vt 22.1069 -59.1627 
vt 22.019 -59.0493 
vt 22.0671 -58.9346 
vt 22.2351 -58.8635 
vt 22.2351 -59.1627 
vt 22.1924 -59.2055 
vt 22.2351 -59.2055 
vt 22.2779 -59.12 
vt 22.2779 -59.1627 
vt 22.2351 -59.12 
vt 22.2779 -59.0772 
vt 22.2351 -59.12 
vt 22.2779 -59.12 
vt 22.2779 -59.0558 
vt 22.2351 -59.0772 
vt 22.2779 -59.0772 
vt 22.2779 -58.9347 
vt 22.2351 -59.0772 
vt 22.1924 -59.1627 
vt 22.1069 -59.2055 
vt 22.0855 -59.2482 
vt 22.1069 -59.2482 
vt 22.1496 -59.2055 
vt 22.1069 -59.2482 
vt 22.1496 -59.2482 
vt 22.1496 -59.2482 
vt 22.1924 -59.2482 
vt 22.1496 -59.2055 
vt 21.8931 -59.2055 
vt 22.1069 -59.2055 
vt 22.2351 -58.8635 
vt 22.1923 -58.9346 
vt 22.1751 -58.9346 
vt 22.1924 -58.8635 
vt 22.186 -58.8822 
vt 22.1923 -58.8837 
vt 22.1781 -58.8802 
vt 22.1741 -58.8646 
vt 22.1639 -58.8802 
vt 22.1741 -58.8207 
vt 22.1485 -58.8207 
vt 22.1354 -58.8802 
vt 22.0956 -58.9346 
vt 22.1211 -58.8802 
vt 22.0926 -58.8802 
vt 22.0784 -58.8802 
vt 22.1485 -58.7518 
vt 21.9329 -58.8919 
vt 22.0671 -58.8919 
vt 22.1923 -58.8848 
vt 22.1923 -58.8934 
vt 22.1924 -58.8635 
vt 22.2779 -58.8635 
vt 22.2779 -58.8207 
vt 22.2351 -58.8635 
vt 22.2779 -58.8635 
vt 22.2351 -58.8207 
vt 22.2779 -58.778 
vt 22.2351 -58.8207 
vt 22.2779 -58.8207 
vt 22.2351 -58.778 
vt 22.0957 -58.9208 
vt 22.0815 -58.9516 
vt 22.0957 -58.9516 
vt 22.0669 -58.9351 
vt 22.0669 -58.9208 
vt 22.1637 -58.9101 
vt 22.1352 -58.8872 
vt 22.1352 -58.9101 
vt 21.8515 -58.7518 
vt 22.1637 -58.8872 
vt 22.0855 -59.1627 
vt 21.8931 -59.1627 
vt 21.8931 -59.12 
vt 21.8504 -59.0772 
vt 21.8504 -59.12 
vt 21.9044 -58.9511 
vt 21.9329 -58.9346 
vt 21.8076 -59.0093 
vt 21.8076 -59.0772 
vt 21.7649 -59.0772 
vt 21.8076 -59.0772 
vt 21.8076 -59.0093 
vt 21.8077 -58.9618 
vt 21.8249 -58.9511 
vt 21.8077 -58.9618 
vt 21.7649 -58.8635 
vt 21.8931 -59.2055 
vt 21.8931 -59.2482 
vt 21.8931 -59.2482 
vt 21.8504 -59.2055 
vt 21.8504 -59.2482 
vt 21.8504 -59.2482 
vt 21.8076 -59.2055 
vt 21.8076 -59.2482 
vt 21.8931 -59.2055 
vt 21.8504 -59.2055 
vt 21.7649 -59.1627 
vt 21.7649 -59.2055 
vt 21.8076 -59.1627 
vt 21.7221 -58.9347 
vt 21.7649 -59.0772 
vt 21.7649 -58.8635 
vt 21.7649 -59.12 
vt 21.7221 -59.0772 
vt 21.7221 -59.12 
vt 21.7221 -59.12 
vt 21.7221 -59.1627 
vt 21.7649 -59.12 
vt 21.7649 -59.0772 
vt 21.7221 -59.0558 
vt 21.7221 -59.0772 
vt 21.8077 -58.9346 
vt 21.9044 -58.9346 
vt 21.9216 -58.8802 
vt 21.8515 -58.8207 
vt 21.9074 -58.8802 
vt 21.8789 -58.8802 
vt 21.8646 -58.8802 
vt 21.8249 -58.9346 
vt 21.814 -58.8822 
vt 21.8076 -58.8635 
vt 21.8077 -58.8837 
vt 21.8259 -58.8646 
vt 21.8361 -58.8802 
vt 21.8219 -58.8802 
vt 21.8259 -58.8207 
vt 21.8394 -58.9208 
vt 21.8252 -58.9516 
vt 21.8394 -58.9516 
vt 21.8106 -58.9351 
vt 21.8106 -58.9208 
vt 21.8077 -58.8934 
vt 21.9074 -58.9101 
vt 21.8789 -58.8872 
vt 21.8789 -58.9101 
vt 21.9074 -58.8872 
vt 21.8077 -58.8848 
vt 21.8076 -58.8635 
vt 21.7221 -58.8635 
vt 21.7649 -58.8635 
vt 21.7221 -58.8207 
vt 21.7221 -58.8635 
vt 21.7649 -58.8207 
vt 21.7649 -58.8207 
vt 21.7221 -58.778 
vt 21.7221 -58.8207 
vt 21.7649 -58.778 

usemtl Sphere0041Mtl

f 3404/3404/3404 3405/3405/3405 3406/3406/3406 
f 3406/3406/3406 3413/3413/3413 3404/3404/3404 
f 3407/3407/3407 3404/3404/3404 3408/3408/3408 
f 3404/3404/3404 3413/3413/3413 3408/3408/3408 
f 3413/3413/3413 3414/3414/3414 3408/3408/3408 
f 3413/3413/3413 3424/3424/3424 3414/3414/3414 
f 3424/3424/3424 3413/3413/3413 3429/3429/3429 
f 3428/3428/3428 3429/3429/3429 3413/3413/3413 
f 3429/3429/3429 3428/3428/3428 3431/3431/3431 
f 3430/3430/3430 3429/3429/3429 3431/3431/3431 
f 3428/3428/3428 3432/3432/3432 3431/3431/3431 
f 3431/3431/3431 3432/3432/3432 3433/3433/3433 
f 3433/3433/3433 3432/3432/3432 3452/3452/3452 
f 3451/3451/3451 3432/3432/3432 3428/3428/3428 
f 3432/3432/3432 3451/3451/3451 3446/3446/3446 
f 3453/3453/3453 3432/3432/3432 3446/3446/3446 
f 3445/3445/3445 3446/3446/3446 3451/3451/3451 
f 3443/3443/3443 3446/3446/3446 3445/3445/3445 
f 3446/3446/3446 3443/3443/3443 3447/3447/3447 
f 3447/3447/3447 3443/3443/3443 3448/3448/3448 
f 3439/3439/3439 3443/3443/3443 3445/3445/3445 
f 3443/3443/3443 3439/3439/3439 3444/3444/3444 
f 3440/3440/3440 3439/3439/3439 3445/3445/3445 
f 3439/3439/3439 3440/3440/3440 3441/3441/3441 
f 3439/3439/3439 3441/3441/3441 3442/3442/3442 
f 3415/3415/3415 3416/3416/3416 3417/3417/3417 
f 3415/3415/3415 3418/3418/3418 3416/3416/3416 
f 3418/3418/3418 3415/3415/3415 3438/3438/3438 
f 3410/3410/3410 3411/3411/3411 3412/3412/3412 
f 3437/3437/3437 3411/3411/3411 3410/3410/3410 
f 3419/3419/3419 3420/3420/3420 3421/3421/3421 
f 3423/3423/3423 3421/3421/3421 3420/3420/3420 
f 3434/3434/3434 3435/3435/3435 3436/3436/3436 
f 3436/3436/3436 3449/3449/3449 3434/3434/3434 
f 3377/3377/3377 3378/3378/3378 3379/3379/3379 
f 3378/3378/3378 3377/3377/3377 3380/3380/3380 
f 3397/3397/3397 3380/3380/3380 3377/3377/3377 
f 3397/3397/3397 3377/3377/3377 3398/3398/3398 
f 3385/3385/3385 3386/3386/3386 3387/3387/3387 
f 3409/3409/3409 3385/3385/3385 3387/3387/3387 
f 3401/3401/3401 3402/3402/3402 3403/3403/3403 
f 3402/3402/3402 3401/3401/3401 3422/3422/3422 
f 3425/3425/3425 3426/3426/3426 3427/3427/3427 
f 3450/3450/3450 3426/3426/3426 3425/3425/3425 
f 3382/3382/3382 3383/3383/3383 3384/3384/3384 
f 3383/3383/3383 3382/3382/3382 3399/3399/3399 
f 3374/3374/3374 3375/3375/3375 3376/3376/3376 
f 3375/3375/3375 3374/3374/3374 3381/3381/3381 
f 3368/3368/3368 3369/3369/3369 3370/3370/3370 
f 3369/3369/3369 3368/3368/3368 3400/3400/3400 
f 3338/3338/3338 3339/3339/3339 3340/3340/3340 
f 3345/3345/3345 3339/3339/3339 3338/3338/3338 
f 3341/3341/3341 3342/3342/3342 3343/3343/3343 
f 3344/3344/3344 3342/3342/3342 3341/3341/3341 
f 3355/3355/3355 3356/3356/3356 3357/3357/3357 
f 3358/3358/3358 3356/3356/3356 3355/3355/3355 
f 3360/3360/3360 3361/3361/3361 3362/3362/3362 
f 3363/3363/3363 3361/3361/3361 3360/3360/3360 
f 3388/3388/3388 3389/3389/3389 3390/3390/3390 
f 3396/3396/3396 3389/3389/3389 3388/3388/3388 
f 3371/3371/3371 3372/3372/3372 3373/3373/3373 
f 3395/3395/3395 3372/3372/3372 3371/3371/3371 
f 3328/3328/3328 3329/3329/3329 3330/3330/3330 
f 3336/3336/3336 3329/3329/3329 3328/3328/3328 
f 3337/3337/3337 3331/3331/3331 3329/3329/3329 
f 3329/3329/3329 3331/3331/3331 3332/3332/3332 
f 3335/3335/3335 3328/3328/3328 3333/3333/3333 
f 3333/3333/3333 3328/3328/3328 3334/3334/3334 
f 3346/3346/3346 3347/3347/3347 3348/3348/3348 
f 3349/3349/3349 3347/3347/3347 3346/3346/3346 
f 3350/3350/3350 3351/3351/3351 3349/3349/3349 
f 3351/3351/3351 3350/3350/3350 3352/3352/3352 
f 3353/3353/3353 3354/3354/3354 3352/3352/3352 
f 3359/3359/3359 3354/3354/3354 3353/3353/3353 
f 3391/3391/3391 3392/3392/3392 3393/3393/3393 
f 3394/3394/3394 3392/3392/3392 3391/3391/3391 
f 3364/3364/3364 3365/3365/3365 3366/3366/3366 
f 3365/3365/3365 3364/3364/3364 3367/3367/3367 
f 3479/3479/3479 3480/3480/3480 3481/3481/3481 
f 3482/3482/3482 3480/3480/3480 3479/3479/3479 
f 3480/3480/3480 3482/3482/3482 3483/3483/3483 
f 3483/3483/3483 3482/3482/3482 3488/3488/3488 
f 3497/3497/3497 3498/3498/3498 3499/3499/3499 
f 3500/3500/3500 3498/3498/3498 3497/3497/3497 
f 3500/3500/3500 3497/3497/3497 3539/3539/3539 
f 3529/3529/3529 3530/3530/3530 3531/3531/3531 
f 3529/3529/3529 3531/3531/3531 3540/3540/3540 
f 3530/3530/3530 3529/3529/3529 3536/3536/3536 
f 3536/3536/3536 3529/3529/3529 3537/3537/3537 
f 3475/3475/3475 3476/3476/3476 3477/3477/3477 
f 3476/3476/3476 3475/3475/3475 3478/3478/3478 
f 3484/3484/3484 3485/3485/3485 3486/3486/3486 
f 3487/3487/3487 3485/3485/3485 3484/3484/3484 
f 3489/3489/3489 3490/3490/3490 3491/3491/3491 
f 3492/3492/3492 3490/3490/3490 3489/3489/3489 
f 3493/3493/3493 3494/3494/3494 3495/3495/3495 
f 3494/3494/3494 3493/3493/3493 3496/3496/3496 
f 3522/3522/3522 3523/3523/3523 3524/3524/3524 
f 3523/3523/3523 3522/3522/3522 3538/3538/3538 
f 3525/3525/3525 3526/3526/3526 3527/3527/3527 
f 3526/3526/3526 3525/3525/3525 3528/3528/3528 
f 3532/3532/3532 3533/3533/3533 3534/3534/3534 
f 3533/3533/3533 3532/3532/3532 3535/3535/3535 
f 3541/3541/3541 3542/3542/3542 3543/3543/3543 
f 3542/3542/3542 3541/3541/3541 3544/3544/3544 
f 3454/3454/3454 3455/3455/3455 3456/3456/3456 
f 3457/3457/3457 3455/3455/3455 3454/3454/3454 
f 3458/3458/3458 3459/3459/3459 3457/3457/3457 
f 3459/3459/3459 3458/3458/3458 3460/3460/3460 
f 3465/3465/3465 3466/3466/3466 3467/3467/3467 
f 3467/3467/3467 3466/3466/3466 3468/3468/3468 
f 3471/3471/3471 3467/3467/3467 3469/3469/3469 
f 3469/3469/3469 3467/3467/3467 3470/3470/3470 
f 3472/3472/3472 3469/3469/3469 3473/3473/3473 
f 3469/3469/3469 3472/3472/3472 3474/3474/3474 
f 3505/3505/3505 3506/3506/3506 3507/3507/3507 
f 3506/3506/3506 3505/3505/3505 3508/3508/3508 
f 3509/3509/3509 3510/3510/3510 3508/3508/3508 
f 3510/3510/3510 3509/3509/3509 3511/3511/3511 
f 3512/3512/3512 3513/3513/3513 3514/3514/3514 
f 3513/3513/3513 3512/3512/3512 3521/3521/3521 
f 3512/3512/3512 3516/3516/3516 3520/3520/3520 
f 3516/3516/3516 3512/3512/3512 3519/3519/3519 
f 3515/3515/3515 3516/3516/3516 3517/3517/3517 
f 3516/3516/3516 3515/3515/3515 3518/3518/3518 
f 3461/3461/3461 3462/3462/3462 3463/3463/3463 
f 3461/3461/3461 3463/3463/3463 3464/3464/3464 
f 3501/3501/3501 3502/3502/3502 3503/3503/3503 
f 3502/3502/3502 3501/3501/3501 3504/3504/3504 
f 3563/3563/3563 3564/3564/3564 3565/3565/3565 
f 3564/3564/3564 3566/3566/3566 3567/3567/3567 
f 3564/3564/3564 3592/3592/3592 3566/3566/3566 
f 3592/3592/3592 3564/3564/3564 3571/3571/3571 
f 3564/3564/3564 3563/3563/3563 3571/3571/3571 
f 3578/3578/3578 3563/3563/3563 3579/3579/3579 
f 3604/3604/3604 3563/3563/3563 3578/3578/3578 
f 3563/3563/3563 3604/3604/3604 3571/3571/3571 
f 3571/3571/3571 3604/3604/3604 3624/3624/3624 
f 3625/3625/3625 3624/3624/3624 3604/3604/3604 
f 3625/3625/3625 3604/3604/3604 3626/3626/3626 
f 3646/3646/3646 3624/3624/3624 3625/3625/3625 
f 3624/3624/3624 3646/3646/3646 3649/3649/3649 
f 3646/3646/3646 3625/3625/3625 3628/3628/3628 
f 3628/3628/3628 3625/3625/3625 3629/3629/3629 
f 3646/3646/3646 3647/3647/3647 3649/3649/3649 
f 3647/3647/3647 3646/3646/3646 3652/3652/3652 
f 3647/3647/3647 3648/3648/3648 3649/3649/3649 
f 3648/3648/3648 3647/3647/3647 3650/3650/3650 
f 3650/3650/3650 3647/3647/3647 3651/3651/3651 
f 3594/3594/3594 3595/3595/3595 3596/3596/3596 
f 3595/3595/3595 3594/3594/3594 3597/3597/3597 
f 3598/3598/3598 3594/3594/3594 3596/3596/3596 
f 3594/3594/3594 3598/3598/3598 3599/3599/3599 
f 3598/3598/3598 3596/3596/3596 3600/3600/3600 
f 3600/3600/3600 3601/3601/3601 3598/3598/3598 
f 3602/3602/3602 3598/3598/3598 3601/3601/3601 
f 3598/3598/3598 3602/3602/3602 3603/3603/3603 
f 3575/3575/3575 3576/3576/3576 3577/3577/3577 
f 3623/3623/3623 3577/3577/3577 3576/3576/3576 
f 3580/3580/3580 3581/3581/3581 3582/3582/3582 
f 3593/3593/3593 3581/3581/3581 3580/3580/3580 
f 3630/3630/3630 3631/3631/3631 3632/3632/3632 
f 3631/3631/3631 3630/3630/3630 3633/3633/3633 
f 3568/3568/3568 3569/3569/3569 3570/3570/3570 
f 3586/3586/3586 3569/3569/3569 3568/3568/3568 
f 3572/3572/3572 3573/3573/3573 3574/3574/3574 
f 3622/3622/3622 3574/3574/3574 3573/3573/3573 
f 3640/3640/3640 3641/3641/3641 3642/3642/3642 
f 3641/3641/3641 3640/3640/3640 3643/3643/3643 
f 3555/3555/3555 3556/3556/3556 3557/3557/3557 
f 3555/3555/3555 3558/3558/3558 3556/3556/3556 
f 3559/3559/3559 3560/3560/3560 3561/3561/3561 
f 3559/3559/3559 3562/3562/3562 3560/3560/3560 
f 3583/3583/3583 3584/3584/3584 3585/3585/3585 
f 3583/3583/3583 3585/3585/3585 3591/3591/3591 
f 3608/3608/3608 3609/3609/3609 3610/3610/3610 
f 3609/3609/3609 3608/3608/3608 3611/3611/3611 
f 3619/3619/3619 3620/3620/3620 3621/3621/3621 
f 3620/3620/3620 3619/3619/3619 3627/3627/3627 
f 3634/3634/3634 3635/3635/3635 3636/3636/3636 
f 3635/3635/3635 3634/3634/3634 3644/3644/3644 
f 3545/3545/3545 3546/3546/3546 3547/3547/3547 
f 3545/3545/3545 3548/3548/3548 3546/3546/3546 
f 3552/3552/3552 3547/3547/3547 3553/3553/3553 
f 3552/3552/3552 3553/3553/3553 3554/3554/3554 
f 3549/3549/3549 3550/3550/3550 3548/3548/3548 
f 3549/3549/3549 3551/3551/3551 3550/3550/3550 
f 3587/3587/3587 3588/3588/3588 3589/3589/3589 
f 3587/3587/3587 3590/3590/3590 3588/3588/3588 
f 3605/3605/3605 3606/3606/3606 3607/3607/3607 
f 3606/3606/3606 3605/3605/3605 3612/3612/3612 
f 3613/3613/3613 3614/3614/3614 3612/3612/3612 
f 3614/3614/3614 3613/3613/3613 3615/3615/3615 
f 3616/3616/3616 3617/3617/3617 3615/3615/3615 
f 3617/3617/3617 3616/3616/3616 3618/3618/3618 
f 3637/3637/3637 3638/3638/3638 3639/3639/3639 
f 3638/3638/3638 3637/3637/3637 3645/3645/3645 
f 3653/3653/3653 3654/3654/3654 3655/3655/3655 
f 3658/3658/3658 3655/3655/3655 3654/3654/3654 
f 3654/3654/3654 3656/3656/3656 3657/3657/3657 
f 3657/3657/3657 3658/3658/3658 3654/3654/3654 
f 3665/3665/3665 3658/3658/3658 3657/3657/3657 
f 3671/3671/3671 3658/3658/3658 3665/3665/3665 
f 3672/3672/3672 3658/3658/3658 3671/3671/3671 
f 3658/3658/3658 3672/3672/3672 3674/3674/3674 
f 3673/3673/3673 3674/3674/3674 3672/3672/3672 
f 3672/3672/3672 3675/3675/3675 3673/3673/3673 
f 3698/3698/3698 3674/3674/3674 3673/3673/3673 
f 3674/3674/3674 3698/3698/3698 3699/3699/3699 
f 3698/3698/3698 3673/3673/3673 3681/3681/3681 
f 3681/3681/3681 3673/3673/3673 3682/3682/3682 
f 3695/3695/3695 3699/3699/3699 3698/3698/3698 
f 3698/3698/3698 3700/3700/3700 3695/3695/3695 
f 3695/3695/3695 3693/3693/3693 3699/3699/3699 
f 3696/3696/3696 3695/3695/3695 3697/3697/3697 
f 3691/3691/3691 3695/3695/3695 3696/3696/3696 
f 3695/3695/3695 3691/3691/3691 3693/3693/3693 
f 3689/3689/3689 3693/3693/3693 3691/3691/3691 
f 3691/3691/3691 3692/3692/3692 3689/3689/3689 
f 3689/3689/3689 3688/3688/3688 3693/3693/3693 
f 3687/3687/3687 3688/3688/3688 3689/3689/3689 
f 3689/3689/3689 3690/3690/3690 3687/3687/3687 
f 3659/3659/3659 3660/3660/3660 3661/3661/3661 
f 3660/3660/3660 3659/3659/3659 3666/3666/3666 
f 3661/3661/3661 3686/3686/3686 3659/3659/3659 
f 3676/3676/3676 3677/3677/3677 3678/3678/3678 
f 3677/3677/3677 3676/3676/3676 3680/3680/3680 
f 3683/3683/3683 3684/3684/3684 3685/3685/3685 
f 3694/3694/3694 3684/3684/3684 3683/3683/3683 
f 3701/3701/3701 3702/3702/3702 3703/3703/3703 
f 3703/3703/3703 3704/3704/3704 3701/3701/3701 
f 3662/3662/3662 3663/3663/3663 3664/3664/3664 
f 3662/3662/3662 3667/3667/3667 3663/3663/3663 
f 3668/3668/3668 3669/3669/3669 3670/3670/3670 
f 3679/3679/3679 3670/3670/3670 3669/3669/3669 
f 3705/3705/3705 3706/3706/3706 3707/3707/3707 
f 3706/3706/3706 3705/3705/3705 3765/3765/3765 
f 3767/3767/3767 3765/3765/3765 3705/3705/3705 
f 3744/3744/3744 3745/3745/3745 3746/3746/3746 
f 3745/3745/3745 3744/3744/3744 3747/3747/3747 
f 3747/3747/3747 3764/3764/3764 3745/3745/3745 
f 3745/3745/3745 3764/3764/3764 3766/3766/3766 
f 3748/3748/3748 3749/3749/3749 3750/3750/3750 
f 3749/3749/3749 3748/3748/3748 3751/3751/3751 
f 3752/3752/3752 3753/3753/3753 3754/3754/3754 
f 3759/3759/3759 3752/3752/3752 3754/3754/3754 
f 3711/3711/3711 3712/3712/3712 3713/3713/3713 
f 3725/3725/3725 3711/3711/3711 3713/3713/3713 
f 3714/3714/3714 3715/3715/3715 3716/3716/3716 
f 3717/3717/3717 3714/3714/3714 3716/3716/3716 
f 3726/3726/3726 3727/3727/3727 3728/3728/3728 
f 3732/3732/3732 3726/3726/3726 3728/3728/3728 
f 3733/3733/3733 3734/3734/3734 3735/3735/3735 
f 3743/3743/3743 3733/3733/3733 3735/3735/3735 
f 3768/3768/3768 3769/3769/3769 3770/3770/3770 
f 3771/3771/3771 3768/3768/3768 3770/3770/3770 
f 3760/3760/3760 3761/3761/3761 3762/3762/3762 
f 3763/3763/3763 3760/3760/3760 3762/3762/3762 
f 3708/3708/3708 3709/3709/3709 3710/3710/3710 
f 3718/3718/3718 3708/3708/3708 3710/3710/3710 
f 3724/3724/3724 3710/3710/3710 3719/3719/3719 
f 3710/3710/3710 3723/3723/3723 3719/3719/3719 
f 3719/3719/3719 3720/3720/3720 3721/3721/3721 
f 3722/3722/3722 3719/3719/3719 3721/3721/3721 
f 3729/3729/3729 3730/3730/3730 3731/3731/3731 
f 3736/3736/3736 3729/3729/3729 3731/3731/3731 
f 3737/3737/3737 3736/3736/3736 3738/3738/3738 
f 3739/3739/3739 3737/3737/3737 3738/3738/3738 
f 3740/3740/3740 3739/3739/3739 3741/3741/3741 
f 3742/3742/3742 3740/3740/3740 3741/3741/3741 
f 3772/3772/3772 3773/3773/3773 3774/3774/3774 
f 3775/3775/3775 3772/3772/3772 3774/3774/3774 
f 3755/3755/3755 3756/3756/3756 3757/3757/3757 
f 3756/3756/3756 3755/3755/3755 3758/3758/3758 
f 3776/3776/3776 3777/3777/3777 3778/3778/3778 
f 3788/3788/3788 3776/3776/3776 3789/3789/3789 
f 3776/3776/3776 3788/3788/3788 3781/3781/3781 
f 3777/3777/3777 3776/3776/3776 3781/3781/3781 
f 3779/3779/3779 3777/3777/3777 3781/3781/3781 
f 3779/3779/3779 3780/3780/3780 3777/3777/3777 
f 3780/3780/3780 3779/3779/3779 3799/3799/3799 
f 3799/3799/3799 3779/3779/3779 3800/3800/3800 
f 3790/3790/3790 3791/3791/3791 3792/3792/3792 
f 3791/3791/3791 3790/3790/3790 3856/3856/3856 
f 3856/3856/3856 3790/3790/3790 3854/3854/3854 
f 3854/3854/3854 3790/3790/3790 3855/3855/3855 
f 3857/3857/3857 3856/3856/3856 3854/3854/3854 
f 3860/3860/3860 3857/3857/3857 3854/3854/3854 
f 3859/3859/3859 3856/3856/3856 3857/3857/3857 
f 3856/3856/3856 3859/3859/3859 3870/3870/3870 
f 3859/3859/3859 3857/3857/3857 3861/3861/3861 
f 3861/3861/3861 3857/3857/3857 3862/3862/3862 
f 3808/3808/3808 3870/3870/3870 3859/3859/3859 
f 3873/3873/3873 3808/3808/3808 3859/3859/3859 
f 3870/3870/3870 3808/3808/3808 3807/3807/3807 
f 3809/3809/3809 3808/3808/3808 3869/3869/3869 
f 3808/3808/3808 3809/3809/3809 3802/3802/3802 
f 3802/3802/3802 3807/3807/3807 3808/3808/3808 
f 3807/3807/3807 3802/3802/3802 3806/3806/3806 
f 3802/3802/3802 3801/3801/3801 3806/3806/3806 
f 3801/3801/3801 3802/3802/3802 3803/3803/3803 
f 3782/3782/3782 3783/3783/3783 3784/3784/3784 
f 3783/3783/3783 3782/3782/3782 3804/3804/3804 
f 3793/3793/3793 3794/3794/3794 3795/3795/3795 
f 3794/3794/3794 3793/3793/3793 3858/3858/3858 
f 3810/3810/3810 3811/3811/3811 3812/3812/3812 
f 3812/3812/3812 3871/3871/3871 3810/3810/3810 
f 3863/3863/3863 3864/3864/3864 3865/3865/3865 
f 3864/3864/3864 3863/3863/3863 3874/3874/3874 
f 3785/3785/3785 3786/3786/3786 3787/3787/3787 
f 3786/3786/3786 3785/3785/3785 3805/3805/3805 
f 3796/3796/3796 3797/3797/3797 3798/3798/3798 
f 3853/3853/3853 3796/3796/3796 3798/3798/3798 
f 3798/3798/3798 3876/3876/3876 3853/3853/3853 
f 3813/3813/3813 3814/3814/3814 3815/3815/3815 
f 3815/3815/3815 3814/3814/3814 3872/3872/3872 
f 3866/3866/3866 3867/3867/3867 3868/3868/3868 
f 3866/3866/3866 3868/3868/3868 3875/3875/3875 
f 3816/3816/3816 3817/3817/3817 3818/3818/3818 
f 3816/3816/3816 3818/3818/3818 3838/3838/3838 
f 3822/3822/3822 3823/3823/3823 3824/3824/3824 
f 3822/3822/3822 3824/3824/3824 3837/3837/3837 
f 3831/3831/3831 3832/3832/3832 3833/3833/3833 
f 3831/3831/3831 3834/3834/3834 3832/3832/3832 
f 3834/3834/3834 3831/3831/3831 3835/3835/3835 
f 3846/3846/3846 3847/3847/3847 3848/3848/3848 
f 3846/3846/3846 3848/3848/3848 3849/3849/3849 
f 3877/3877/3877 3878/3878/3878 3879/3879/3879 
f 3880/3880/3880 3877/3877/3877 3879/3879/3879 
f 3888/3888/3888 3889/3889/3889 3890/3890/3890 
f 3891/3891/3891 3888/3888/3888 3890/3890/3890 
f 3895/3895/3895 3896/3896/3896 3897/3897/3897 
f 3908/3908/3908 3895/3895/3895 3897/3897/3897 
f 3898/3898/3898 3899/3899/3899 3900/3900/3900 
f 3901/3901/3901 3898/3898/3898 3900/3900/3900 
f 3819/3819/3819 3820/3820/3820 3821/3821/3821 
f 3819/3819/3819 3821/3821/3821 3825/3825/3825 
f 3821/3821/3821 3827/3827/3827 3828/3828/3828 
f 3821/3821/3821 3826/3826/3826 3827/3827/3827 
f 3827/3827/3827 3829/3829/3829 3830/3830/3830 
f 3827/3827/3827 3830/3830/3830 3836/3836/3836 
f 3839/3839/3839 3840/3840/3840 3841/3841/3841 
f 3839/3839/3839 3841/3841/3841 3842/3842/3842 
f 3843/3843/3843 3842/3842/3842 3844/3844/3844 
f 3843/3843/3843 3844/3844/3844 3845/3845/3845 
f 3850/3850/3850 3845/3845/3845 3851/3851/3851 
f 3850/3850/3850 3851/3851/3851 3852/3852/3852 
f 3881/3881/3881 3882/3882/3882 3883/3883/3883 
f 3882/3882/3882 3884/3884/3884 3883/3883/3883 
f 3883/3883/3883 3887/3887/3887 3886/3886/3886 
f 3885/3885/3885 3883/3883/3883 3886/3886/3886 
f 3892/3892/3892 3886/3886/3886 3893/3893/3893 
f 3886/3886/3886 3894/3894/3894 3893/3893/3893 
f 3902/3902/3902 3903/3903/3903 3904/3904/3904 
f 3903/3903/3903 3905/3905/3905 3904/3904/3904 
f 3905/3905/3905 3906/3906/3906 3907/3907/3907 
f 3906/3906/3906 3909/3909/3909 3907/3907/3907 
f 3909/3909/3909 3910/3910/3910 3911/3911/3911 
f 3910/3910/3910 3912/3912/3912 3911/3911/3911 
f 3913/3913/3913 3914/3914/3914 3915/3915/3915 
f 3914/3914/3914 3933/3933/3933 3915/3915/3915 
f 3914/3914/3914 3916/3916/3916 3917/3917/3917 
f 3917/3917/3917 3922/3922/3922 3914/3914/3914 
f 3933/3933/3933 3914/3914/3914 3922/3922/3922 
f 3917/3917/3917 3923/3923/3923 3922/3922/3922 
f 3923/3923/3923 3917/3917/3917 3924/3924/3924 
f 3963/3963/3963 3923/3923/3923 3924/3924/3924 
f 3923/3923/3923 3963/3963/3963 3964/3964/3964 
f 4003/4003/4003 3933/3933/3933 4004/4004/4004 
f 4004/4004/4004 3933/3933/3933 4005/4005/4005 
f 3922/3922/3922 3974/3974/3974 3934/3934/3934 
f 3934/3934/3934 3933/3933/3933 3922/3922/3922 
f 3934/3934/3934 4009/4009/4009 3933/3933/3933 
f 4009/4009/4009 3934/3934/3934 3979/3979/3979 
f 3979/3979/3979 3934/3934/3934 3980/3980/3980 
f 3979/3979/3979 3980/3980/3980 3977/3977/3977 
f 3977/3977/3977 4046/4046/4046 3979/3979/3979 
f 4046/4046/4046 3977/3977/3977 4001/4001/4001 
f 4001/4001/4001 3977/3977/3977 3978/3978/3978 
f 4047/4047/4047 4046/4046/4046 4001/4001/4001 
f 3978/3978/3978 3977/3977/3977 3972/3972/3972 
f 4046/4046/4046 4047/4047/4047 4048/4048/4048 
f 4047/4047/4047 4049/4049/4049 4048/4048/4048 
f 4047/4047/4047 4050/4050/4050 4049/4049/4049 
f 3977/3977/3977 3976/3976/3976 3972/3972/3972 
f 3972/3972/3972 3976/3976/3976 3975/3975/3975 
f 3972/3972/3972 3975/3975/3975 3973/3973/3973 
f 4055/4055/4055 4050/4050/4050 4047/4047/4047 
f 4047/4047/4047 4058/4058/4058 4055/4055/4055 
f 4050/4050/4050 4055/4055/4055 4056/4056/4056 
f 4056/4056/4056 4055/4055/4055 4057/4057/4057 
f 4053/4053/4053 4057/4057/4057 4055/4055/4055 
f 4057/4057/4057 4053/4053/4053 4052/4052/4052 
f 4052/4052/4052 4053/4053/4053 4054/4054/4054 
f 3973/3973/3973 3969/3969/3969 3972/3972/3972 
f 3969/3969/3969 3971/3971/3971 3972/3972/3972 
f 3969/3969/3969 3973/3973/3973 3970/3970/3970 
f 3968/3968/3968 3969/3969/3969 3970/3970/3970 
f 3969/3969/3969 3968/3968/3968 3965/3965/3965 
f 3965/3965/3965 3968/3968/3968 3966/3966/3966 
f 3965/3965/3965 3966/3966/3966 3967/3967/3967 
f 3925/3925/3925 3926/3926/3926 3927/3927/3927 
f 3926/3926/3926 3925/3925/3925 3928/3928/3928 
f 3929/3929/3929 3928/3928/3928 3925/3925/3925 
f 4005/4005/4005 4006/4006/4006 4007/4007/4007 
f 4006/4006/4006 4005/4005/4005 3933/3933/3933 
f 3933/3933/3933 4008/4008/4008 4006/4006/4006 
f 4008/4008/4008 3933/3933/3933 4009/4009/4009 
f 4009/4009/4009 4045/4045/4045 4008/4008/4008 
f 4008/4008/4008 4010/4010/4010 4006/4006/4006 
f 4006/4006/4006 4010/4010/4010 4011/4011/4011 
f 4010/4010/4010 4008/4008/4008 4016/4016/4016 
f 4010/4010/4010 4016/4016/4016 4017/4017/4017 
f 4017/4017/4017 4016/4016/4016 4044/4044/4044 
f 4051/4051/4051 4044/4044/4044 4016/4016/4016 
f 3993/3993/3993 3994/3994/3994 3995/3995/3995 
f 3994/3994/3994 3993/3993/3993 3996/3996/3996 
f 3996/3996/3996 3993/3993/3993 3997/3997/3997 
f 3998/3998/3998 3999/3999/3999 4000/4000/4000 
f 3999/3999/3999 3998/3998/3998 4002/4002/4002 
f 4059/4059/4059 4060/4060/4060 4061/4061/4061 
f 4060/4060/4060 4059/4059/4059 4062/4062/4062 
f 4062/4062/4062 4059/4059/4059 4063/4063/4063 
f 4065/4065/4065 4066/4066/4066 4067/4067/4067 
f 4066/4066/4066 4065/4065/4065 4068/4068/4068 
f 3918/3918/3918 3919/3919/3919 3920/3920/3920 
f 3918/3918/3918 3921/3921/3921 3919/3919/3919 
f 3918/3918/3918 3935/3935/3935 3921/3921/3921 
f 3921/3921/3921 3935/3935/3935 3982/3982/3982 
f 3935/3935/3935 3981/3981/3981 3982/3982/3982 
f 3981/3981/3981 3935/3935/3935 3983/3983/3983 
f 3930/3930/3930 3931/3931/3931 3932/3932/3932 
f 3931/3931/3931 3930/3930/3930 4019/4019/4019 
f 4012/4012/4012 4013/4013/4013 4014/4014/4014 
f 4015/4015/4015 4012/4012/4012 4014/4014/4014 
f 4012/4012/4012 4015/4015/4015 4018/4018/4018 
f 4018/4018/4018 4015/4015/4015 4064/4064/4064 
f 4018/4018/4018 4064/4064/4064 4069/4069/4069 
f 4018/4018/4018 4069/4069/4069 4070/4070/4070 
f 3945/3945/3945 3946/3946/3946 3947/3947/3947 
f 3948/3948/3948 3946/3946/3946 3945/3945/3945 
f 3946/3946/3946 3948/3948/3948 3962/3962/3962 
f 3962/3962/3962 3948/3948/3948 3984/3984/3984 
f 3951/3951/3951 3952/3952/3952 3953/3953/3953 
f 3960/3960/3960 3952/3952/3952 3951/3951/3951 
f 3952/3952/3952 3960/3960/3960 4020/4020/4020 
f 4032/4032/4032 4033/4033/4033 4034/4034/4034 
f 4034/4034/4034 4071/4071/4071 4032/4032/4032 
f 4042/4042/4042 4033/4033/4033 4032/4032/4032 
f 4033/4033/4033 4042/4042/4042 4043/4043/4043 
f 3942/3942/3942 3943/3943/3943 3944/3944/3944 
f 3942/3942/3942 3949/3949/3949 3943/3943/3943 
f 3954/3954/3954 3955/3955/3955 3956/3956/3956 
f 3954/3954/3954 3961/3961/3961 3955/3955/3955 
f 3985/3985/3985 3986/3986/3986 3987/3987/3987 
f 3985/3985/3985 3988/3988/3988 3986/3986/3986 
f 4021/4021/4021 4022/4022/4022 4023/4023/4023 
f 4022/4022/4022 4021/4021/4021 4027/4027/4027 
f 4035/4035/4035 4036/4036/4036 4037/4037/4037 
f 4036/4036/4036 4035/4035/4035 4041/4041/4041 
f 4072/4072/4072 4073/4073/4073 4074/4074/4074 
f 4073/4073/4073 4072/4072/4072 4075/4075/4075 
f 3936/3936/3936 3937/3937/3937 3938/3938/3938 
f 3936/3936/3936 3950/3950/3950 3937/3937/3937 
f 3937/3937/3937 3959/3959/3959 3957/3957/3957 
f 3937/3937/3937 3957/3957/3957 3958/3958/3958 
f 3939/3939/3939 3941/3941/3941 3936/3936/3936 
f 3939/3939/3939 3936/3936/3936 3940/3940/3940 
f 3989/3989/3989 3990/3990/3990 3991/3991/3991 
f 3989/3989/3989 3992/3992/3992 3990/3990/3990 
f 4024/4024/4024 4025/4025/4025 4026/4026/4026 
f 4025/4025/4025 4024/4024/4024 4028/4028/4028 
f 4029/4029/4029 4025/4025/4025 4031/4031/4031 
f 4025/4025/4025 4029/4029/4029 4030/4030/4030 
f 4029/4029/4029 4038/4038/4038 4039/4039/4039 
f 4038/4038/4038 4029/4029/4029 4040/4040/4040 
f 4076/4076/4076 4077/4077/4077 4078/4078/4078 
f 4077/4077/4077 4076/4076/4076 4079/4079/4079 

